<?xml version="1.0" encoding="utf-8"?>
<COLLADA xmlns="http://www.collada.org/2005/11/COLLADASchema" version="1.4.1" xmlns:xsi="http://www.w3.org/2001/XMLSchema-instance">
  <asset>
    <contributor>
      <author>Blender User</author>
      <authoring_tool>Blender 3.0.1 commit date:2022-01-25, commit time:17:19, hash:dc2d18018171</authoring_tool>
    </contributor>
    <created>2025-07-24T17:44:58</created>
    <modified>2025-07-24T17:44:58</modified>
    <unit name="meter" meter="1"/>
    <up_axis>Z_UP</up_axis>
  </asset>
  <library_effects>
    <effect id="carf-effect">
      <profile_COMMON>
        <technique sid="common">
          <lambert>
            <emission>
              <color sid="emission">0 0 0 1</color>
            </emission>
            <diffuse>
              <color sid="diffuse">0.8 0.8 0.8 1</color>
            </diffuse>
            <reflectivity>
              <float sid="specular">0.5</float>
            </reflectivity>
          </lambert>
        </technique>
      </profile_COMMON>
    </effect>
  </library_effects>
  <library_images/>
  <library_materials>
    <material id="carf-material" name="carf">
      <instance_effect url="#carf-effect"/>
    </material>
  </library_materials>
  <library_geometries>
    <geometry id="caravel-rkc_Mesh-mesh" name="caravel-rkc_Mesh">
      <mesh>
        <source id="caravel-rkc_Mesh-mesh-positions">
          <float_array id="caravel-rkc_Mesh-mesh-positions-array" count="3546">-0.1887652 -77.16894 40.92276 1.962257 -76.06314 42.44546 2.224872 -78.0894 39.7002 -2.099547 -43.44698 16.10193 -2.099547 -43.44698 16.10193 -2.099547 -43.44698 16.10193 0.05145066 -42.34115 17.62462 0.05145066 -42.34115 17.62462 0.3140469 -44.36746 14.87935 0.3140469 -44.36746 14.87935 0.3140469 -44.36746 14.87935 -26.47084 -75.31202 37.32877 -26.46257 -77.62694 39.00545 -26.45913 -77.57578 35.58363 28.51264 -75.07271 37.38703 28.51264 -75.07271 37.38703 28.51264 -75.07271 37.38703 28.52094 -77.38762 39.06372 28.52094 -77.38762 39.06372 28.52094 -77.38762 39.06372 28.52434 -77.33647 35.6419 28.52434 -77.33647 35.6419 3.66671 -37.35942 90.64212 3.66671 -37.35942 90.64212 1.575844 -45.43671 87.43978 1.575844 -45.43671 87.43978 1.636974 -39.27752 87.52648 1.636974 -39.27752 87.52648 1.636974 -39.27752 87.52648 1.636974 -39.27752 87.52648 1.636974 -39.27752 87.52648 -0.08014154 -30.12949 91.59 -0.08014154 -30.12949 91.59 -0.08014154 -30.12949 91.59 -0.08014154 -30.12949 91.59 -0.3148964 -38.32736 83.78968 -0.3148964 -38.32736 83.78968 -1.06833 -30.5479 84.12629 -1.06833 -30.5479 84.12629 -1.06833 -30.5479 84.12629 18.00063 8.704053 88.76263 18.00063 8.704053 88.76263 18.00063 8.704053 88.76263 18.00063 8.704053 88.76263 18.00063 8.704053 88.76263 -15.03573 7.31387 47.21443 -18.15825 5.97819 37.29314 -18.15825 5.97819 37.29314 33.23148 33.99399 37.45385 -13.93543 0.5399919 24.59976 -13.93543 0.5399919 24.59976 29.27616 16.79698 22.44861 29.27616 16.79698 22.44861 2.558589 -11.21437 18.39043 2.558589 -11.21437 18.39043 18.00066 8.704053 88.76263 18.00066 8.704053 88.76263 18.00066 8.704053 88.76263 18.00066 8.704053 88.76263 18.00066 8.704053 88.76263 -15.03573 7.31387 47.21443 -18.15824 5.978188 37.29314 -18.15824 5.978188 37.29314 33.23149 33.99399 37.45385 -13.93542 0.5399919 24.59976 -13.93542 0.5399919 24.59976 29.27617 16.79698 22.44861 29.27617 16.79698 22.44861 2.558589 -11.21437 18.39043 2.558589 -11.21437 18.39043 0.05878418 -26.37842 4.493723 0.05878418 -26.37842 4.493723 0.05878418 -26.37842 4.493723 -1.358707 -26.42026 4.543096 -3.393961 -27.73956 4.58954 -3.393961 -27.73956 4.58954 -3.393961 -27.73956 4.58954 -4.011678 -29.017 4.586603 -2.594192 -28.9751 4.537228 -2.594192 -28.9751 4.537228 -2.594192 -28.9751 4.537228 -0.5589922 -27.65583 4.490789 3.167675 -28.0839 92.28179 3.167675 -28.0839 92.28179 3.167675 -28.0839 92.28179 1.750175 -28.12577 92.33117 1.750175 -28.12577 92.33117 1.750175 -28.12577 92.33117 -0.2850468 -29.44507 92.37764 -0.2850468 -29.44507 92.37764 -0.2850468 -29.44507 92.37764 -0.9027858 -30.72247 92.37468 -0.9027858 -30.72247 92.37468 -0.9027858 -30.72247 92.37468 0.5146891 -30.6806 92.32528 0.5146891 -30.6806 92.32528 0.5146891 -30.6806 92.32528 2.549892 -29.36131 92.27883 2.549892 -29.36131 92.27883 -33.26333 -31.70758 75.32896 -33.02421 -32.00476 78.01488 -33.64874 -32.47127 76.9636 34.10375 -31.84742 76.22344 34.34288 -32.14462 78.90937 34.34288 -32.14462 78.90937 34.34288 -32.14462 78.90937 33.71835 -32.61113 77.85807 33.71835 -32.61113 77.85807 0.2184739 10.09644 6.297339 0.2184739 10.09644 6.297339 0.2184739 10.09644 6.297339 -0.6562137 10.04323 6.295682 -1.887316 9.189558 6.281689 -1.887316 9.189558 6.281689 -1.887316 9.189558 6.281689 -2.243683 8.389057 6.269361 -1.368955 8.442243 6.271028 -1.368955 8.442243 6.271028 -1.368955 8.442243 6.271028 -0.1378844 9.295927 6.285023 0.1562197 9.160386 68.89053 -0.7184996 9.107192 68.88887 -0.7184996 9.107192 68.88887 -0.7184996 9.107192 68.88887 -1.94957 8.253506 68.87487 -1.94957 8.253506 68.87487 -1.94957 8.253506 68.87487 -2.305937 7.453001 68.86254 -2.305937 7.453001 68.86254 -2.305937 7.453001 68.86254 -1.431214 7.506193 68.8642 -1.431214 7.506193 68.8642 -1.431214 7.506193 68.8642 -0.200137 8.359889 68.8782 -0.200137 8.359889 68.8782 -0.200137 8.359889 68.8782 -20.5825 4.129407 37.53316 -20.5825 4.129407 37.53316 -20.5825 4.129407 37.53316 -20.5825 4.129407 37.53316 -21.59705 4.067366 38.87645 -21.59705 4.067366 38.87645 -21.51264 3.695506 38.06874 19.60125 8.777322 89.29097 19.60125 8.777322 89.29097 19.60125 8.777322 89.29097 19.60125 8.777322 89.29097 18.58672 8.715274 90.6343 18.58672 8.715274 90.6343 18.67108 8.343416 89.82657 18.67108 8.343416 89.82657 18.67108 8.343416 89.82657 18.67108 8.343416 89.82657 -10.45765 -50.77581 13.30799 -10.45765 -50.77581 13.30799 -10.45765 -50.77581 13.30799 -10.45765 -50.77581 13.30799 -10.45765 -50.77581 13.30799 -10.45765 -50.77581 13.30799 -21.00666 -25.09173 16.4971 -21.00666 -25.09173 16.4971 -21.00666 -25.09173 16.4971 -21.00666 -25.09173 16.4971 -21.00666 -25.09173 16.4971 -21.00666 -25.09173 16.4971 -20.9311 66.16106 17.8618 -20.9311 66.16106 17.8618 19.55653 66.33728 17.9047 19.55653 66.33728 17.9047 19.55653 66.33728 17.9047 20.42931 -24.91137 16.54099 20.42931 -24.91137 16.54099 20.42931 -24.91137 16.54099 10.11027 -50.50662 13.33246 10.11027 -50.50662 13.33246 10.11027 -50.50662 13.33246 10.11027 -50.50662 13.33246 10.11027 -50.50662 13.33246 10.11027 -50.50662 13.33246 10.11027 -50.50662 13.33246 -0.1186171 -63.95377 16.05273 -0.1186171 -63.95377 16.05273 -0.1186171 -63.95377 16.05273 -0.1186171 -63.95377 16.05273 -0.1186171 -63.95377 16.05273 -0.1186171 -63.95377 16.05273 -10.73917 -50.31105 0.01169168 -10.73917 -50.31105 0.01169168 -10.73917 -50.31105 0.01169168 -21.35446 -24.99815 4.828577 -21.35446 -24.99815 4.828577 -21.35446 -24.99815 4.828577 -21.22763 54.8105 6.022207 -21.22763 54.8105 6.022207 -0.646241 60.75791 1.682711 -0.646241 60.75791 1.682711 -0.646241 60.75791 1.682711 19.97695 54.98984 6.065865 19.97695 54.98984 6.065865 20.80105 -24.81465 4.873249 10.41677 -50.21896 0.03410875 10.41677 -50.21896 0.03410875 10.41677 -50.21896 0.03410875 -0.1207264 -59.53209 -0.1156473 -0.1207264 -59.53209 -0.1156473 -0.1207264 -59.53209 -0.1156473 -6.940377 -44.31875 -7.299658 -6.940377 -44.31875 -7.299658 -16.66994 -23.76927 -7.002034 -16.66994 -23.76927 -7.002034 -0.574709 63.33834 3.326159 -0.644946 63.67456 -11.49757 -0.5747088 63.33832 3.326159 16.13111 -23.62649 -6.967275 16.13111 -23.62649 -6.967275 16.13111 -23.62649 -6.967275 6.581426 -44.25989 -7.28533 6.581426 -44.25989 -7.28533 6.581426 -44.25989 -7.28533 -0.1536107 -50.21237 -7.38105 -0.1536107 -50.21237 -7.38105 -0.1536107 -50.21237 -7.38105 -0.1536107 -50.21237 -7.38105 -0.1536107 -50.21237 -7.38105 -0.2487974 -27.29002 -11.71236 -0.2487974 -27.29002 -11.71236 -0.2487974 -27.29002 -11.71236 -0.2487974 -27.29002 -11.71236 -0.2487974 -27.29002 -11.71236 -0.2487974 -27.29002 -11.71236 -0.2487974 -27.29002 -11.71236 -0.2487974 -27.29002 -11.71236 -0.2487974 -27.29002 -11.71236 -3.366033 -20.7062 -11.617 -3.366033 -20.7062 -11.617 -3.366033 -20.7062 -11.617 -3.366033 -20.7062 -11.617 -3.227482 41.50478 -10.68653 -3.227482 41.50478 -10.68653 -3.227482 41.50478 -10.68653 -3.227482 41.50478 -10.68653 -0.552662 42.26923 -10.67245 -0.552662 42.26923 -10.67245 -0.552662 42.26923 -10.67245 2.128745 41.52812 -10.68085 2.128745 41.52812 -10.68085 2.128745 41.52812 -10.68085 2.128745 41.52812 -10.68085 2.128745 41.52812 -10.68085 2.81082 -20.67932 -11.61046 2.81082 -20.67932 -11.61046 2.81082 -20.67932 -11.61046 2.81082 -20.67932 -11.61046 2.81082 -20.67932 -11.61046 -17.63566 -32.8525 4.714819 -17.63566 -32.8525 4.714819 -17.63566 -32.8525 4.714819 -21.22146 -24.97547 5.320769 -21.22146 -24.97547 5.320769 -21.22146 -24.97547 5.320769 -21.22146 -24.97547 5.320769 -21.01555 -11.71009 16.6972 -21.01555 -11.71009 16.6972 -21.01555 -11.71009 16.6972 -21.01555 -11.71009 16.6972 20.31813 -11.134 16.74691 20.31813 -11.134 16.74691 20.31813 -11.134 16.74691 20.67387 -24.79083 5.114222 20.67387 -24.79083 5.114222 20.67387 -24.79083 5.114222 20.67387 -24.79083 5.114222 20.67387 -24.79083 5.114222 17.31072 -32.29899 0.3089478 17.31072 -32.29899 0.3089478 -7.726602 -44.94345 -5.308721 -7.726602 -44.94345 -5.308721 -7.726602 -44.94345 -5.308721 -7.726602 -44.94345 -5.308721 -7.726602 -44.94345 -5.308721 7.338975 -44.85427 -5.368328 7.338975 -44.85427 -5.368328 7.338975 -44.85427 -5.368328 7.338975 -44.85427 -5.368328 7.338975 -44.85427 -5.368328 7.338975 -44.85427 -5.368328 2.36487 -47.98651 -7.345264 2.36487 -47.98651 -7.345264 -2.636521 -48.05624 -7.351268 -2.636521 -48.05624 -7.351268 -0.1604701 -48.55833 -7.693592 -0.1604701 -48.55833 -7.693592 -0.1604701 -48.55833 -7.693592 -0.1604701 -48.55833 -7.693592 -20.87574 47.28646 17.57959 -20.87574 47.28646 17.57959 -20.87574 47.28646 17.57959 -20.87574 47.28646 17.57959 -20.87574 47.28646 17.57959 -20.87574 47.28646 17.57959 -21.21622 37.63809 5.765414 -21.21622 37.63809 5.765414 -21.21622 37.63809 5.765414 20.12862 36.20309 5.785071 20.12862 36.20309 5.785071 20.12862 36.20309 5.785071 20.12862 36.20309 5.785071 -16.52625 30.64955 -6.188079 -16.52625 30.64955 -6.188079 -16.52625 30.64955 -6.188079 -16.52625 30.64955 -6.188079 15.50981 32.17103 -6.217145 15.50981 32.17103 -6.217145 15.50981 32.17103 -6.217145 15.50981 32.17103 -6.217145 -3.217769 26.88567 -10.90515 -3.217769 26.88567 -10.90515 -3.217769 26.88567 -10.90515 -3.217769 26.88567 -10.90515 -3.217769 26.88567 -10.90515 -3.217769 26.88567 -10.90515 2.248454 26.69595 -10.90254 2.248454 26.69595 -10.90254 2.248454 26.69595 -10.90254 2.248454 26.69595 -10.90254 2.248454 26.69595 -10.90254 2.248454 26.69595 -10.90254 19.67473 46.68927 17.54306 19.67473 46.68927 17.54306 19.67473 46.68927 17.54306 19.67473 46.68927 17.54306 19.67473 46.68927 17.54306 19.67473 46.68927 17.54306 -17.63794 -32.88695 7.017128 -17.63794 -32.88695 7.017128 -17.63794 -32.88695 7.017128 -10.74147 -50.34547 2.313994 -10.74147 -50.34547 2.313994 -10.74147 -50.34547 2.313994 -0.1230376 -59.56651 2.186659 -0.1230376 -59.56651 2.186659 -0.1230376 -59.56651 2.186659 10.41446 -50.25341 2.336411 10.41446 -50.25341 2.336411 17.30847 -32.33343 2.61125 17.30847 -32.33343 2.61125 17.30847 -32.33343 2.61125 17.30847 -32.33343 2.61125 20.79874 -24.84909 7.175563 20.79874 -24.84909 7.175563 20.79874 -24.84909 7.175563 20.1263 36.16867 8.087375 20.1263 36.16867 8.087375 20.1263 36.16867 8.087375 19.97468 54.95542 8.368162 -0.6485162 60.72346 3.985012 -21.22992 54.77606 8.324511 -21.21849 37.60367 8.067717 -21.21849 37.60367 8.067717 -21.21849 37.60367 8.067717 -21.35676 -25.03258 7.130888 -21.35676 -25.03258 7.130888 -21.35676 -25.03258 7.130888 -21.35676 -25.03258 7.130888 16.25987 40.56768 17.44811 16.83671 -7.728815 16.79437 16.83671 -7.728815 16.79437 16.83671 -7.728815 16.79437 16.83671 -7.728815 16.79437 -17.56406 -8.208247 16.753 -17.56406 -8.208247 16.753 -17.56406 -8.208247 16.753 -17.56406 -8.208247 16.753 -17.56406 -8.208247 16.753 -17.40644 40.70053 17.48455 -17.40644 40.70053 17.48455 16.26192 42.43956 8.510915 16.26192 42.43956 8.510915 16.84568 -7.593745 7.763266 -17.5551 -8.073206 7.721893 -17.5551 -8.073206 7.721893 -17.40954 43.60823 8.494914 -20.88126 47.20374 23.11215 -20.88126 47.20374 23.11215 -20.88126 47.20374 23.11215 -20.88126 47.20374 23.11215 -20.88126 47.20374 23.11215 -20.88126 47.20374 23.11215 -20.95776 70.09928 26.84987 -20.95776 70.09928 26.84987 -20.95776 70.09928 26.84987 -20.95776 70.09928 26.84987 -0.7314725 74.1968 26.93127 -0.7314725 74.1968 26.93127 -0.7314725 74.1968 26.93127 -0.7314725 74.1968 26.93127 -0.7314725 74.1968 26.93127 -0.7314725 74.1968 26.93127 -0.7314725 74.1968 26.93127 19.52988 70.27555 26.89277 19.52988 70.27555 26.89277 19.6692 46.60654 23.07561 19.6692 46.60654 23.07561 19.6692 46.60654 23.07561 19.6692 46.60654 23.07561 19.6692 46.60654 23.07561 19.6692 46.60654 23.07561 16.25436 40.48492 22.98066 16.25436 40.48492 22.98066 16.25436 40.48492 22.98066 16.25436 40.48492 22.98066 16.25436 40.48492 22.98066 16.25436 40.48492 22.98066 16.25436 40.48492 22.98066 -17.41191 40.61781 23.0171 -17.41191 40.61781 23.0171 -17.41191 40.61781 23.0171 -17.41191 40.61781 23.0171 -17.41191 40.61781 23.0171 -20.96349 70.01322 32.60565 -20.93183 46.52077 28.8312 -20.93183 46.52077 28.8312 -20.93183 46.52077 28.8312 -17.41763 40.53172 28.77288 -17.41763 40.53172 28.77288 -17.41763 40.53172 28.77288 -17.41763 40.53172 28.77288 16.24864 40.39886 28.73643 16.24864 40.39886 28.73643 19.66346 46.52046 28.83139 19.66346 46.52046 28.83139 19.66346 46.52046 28.83139 19.52411 70.18947 32.64855 19.52411 70.18947 32.64855 -0.7372097 74.11074 32.68704 -0.7372097 74.11074 32.68704 -0.7372097 74.11074 32.68704 -17.64906 36.70556 8.391444 16.02236 35.53688 8.407454 16.02236 35.53688 8.407454 16.01565 34.71003 17.34453 16.01565 34.71003 17.34453 16.01565 34.71003 17.34453 16.01015 34.6273 22.87709 16.01015 34.6273 22.87709 16.00443 34.54123 28.63286 16.00443 34.54123 28.63286 -17.65957 34.1788 28.67764 -17.65385 34.26489 22.92187 -17.65385 34.26489 22.92187 -17.65385 34.26489 22.92187 -17.65385 34.26489 22.92187 -17.64835 34.34761 17.38931 -17.64835 34.34761 17.38931 -17.64835 34.34761 17.38931 -19.80503 68.46483 29.1294 -19.80503 68.46483 29.1294 -19.73427 47.46286 25.42834 -19.73427 47.46286 25.42834 -19.73427 47.46286 25.42834 -19.73427 47.46286 25.42834 -16.9137 42.66693 25.35108 15.79665 42.59851 25.31464 15.79665 42.59851 25.31464 18.50991 47.46243 25.39008 18.50991 47.46243 25.39008 18.38654 68.63107 29.16987 18.38654 68.63107 29.16987 18.38654 68.63107 29.16987 -0.7241678 71.96405 29.2007 -17.62832 -3.604142 16.82178 16.77243 -3.124697 16.86316 16.77243 -3.124697 16.86316 16.78144 -2.989629 7.832062 -17.61933 -3.469084 7.790683 -17.61933 -3.469084 7.790683 -21.01328 -25.19164 23.17865 -10.45851 -53.4267 25.03743 -10.45851 -53.4267 25.03743 -10.45851 -53.4267 25.03743 -0.1195322 -66.60466 27.78217 -0.1195322 -66.60466 27.78217 -0.1195322 -66.60466 27.78217 10.11017 -53.33714 25.05923 10.11017 -53.33714 25.05923 10.11017 -53.33714 25.05923 20.42268 -25.0113 23.22256 20.42268 -25.0113 23.22256 -21.00663 -25.09173 16.49653 -21.00663 -25.09173 16.49653 -21.00663 -25.09173 16.49653 -10.45763 -50.7758 13.30743 -0.1186276 -63.95376 16.05218 -0.1186276 -63.95376 16.05218 -0.1186276 -63.95376 16.05218 10.11107 -50.68622 13.32922 20.42931 -24.91135 16.54043 20.42931 -24.91135 16.54043 20.42931 -24.91135 16.54043 20.42931 -24.91135 16.54043 20.31813 -11.13399 16.74636 -21.01553 -11.71008 16.69664 -21.01553 -11.71008 16.69664 20.26263 55.80504 89.56512 20.26263 55.80504 89.56512 20.26263 55.80504 89.56512 20.26263 55.80504 89.56512 20.26263 55.80504 89.56512 -12.78448 54.25469 58.72882 -15.90694 52.919 48.80752 -15.90694 52.919 48.80752 30.40374 77.27041 38.19406 -11.68413 47.48082 36.11415 -11.68413 47.48082 36.11415 31.52752 63.73778 33.96301 31.52752 63.73778 33.96301 4.809886 35.72645 29.90484 4.809886 35.72645 29.90484 20.26262 55.80504 89.5651 20.26262 55.80504 89.5651 20.26262 55.80504 89.5651 20.26262 55.80504 89.5651 20.26262 55.80504 89.5651 -12.78446 54.25469 58.72879 -15.90694 52.919 48.80751 -15.90694 52.919 48.80751 30.40375 77.27042 38.19404 -11.68413 47.48082 36.11413 -11.68413 47.48082 36.11413 31.5275 63.73778 33.963 31.5275 63.73778 33.963 4.809886 35.72645 29.90482 4.809886 35.72645 29.90482 2.471254 57.0588 20.00138 2.471254 57.0588 20.00138 2.471254 57.0588 20.00138 1.596553 57.00562 19.99972 0.3654414 56.15193 19.98573 0.3654414 56.15193 19.98573 0.3654414 56.15193 19.98573 0.009095549 55.35142 19.97341 0.8838313 55.4046 19.97507 0.8838313 55.4046 19.97507 0.8838313 55.4046 19.97507 2.114892 56.2583 19.98907 2.418222 56.26139 73.32546 1.543513 56.20818 73.32379 1.543513 56.20818 73.32379 1.543513 56.20818 73.32379 0.3124316 55.35449 73.30981 0.3124316 55.35449 73.30981 0.3124316 55.35449 73.30981 -0.04396671 54.55398 73.29748 -0.04396671 54.55398 73.29748 -0.04396671 54.55398 73.29748 0.8307659 54.60718 73.29914 0.8307659 54.60718 73.29914 0.8307659 54.60718 73.29914 2.061845 55.46087 73.31314 2.061845 55.46087 73.31314 2.061845 55.46087 73.31314 -18.33119 51.07022 49.04755 -18.33119 51.07022 49.04755 -18.33119 51.07022 49.04755 -18.33119 51.07022 49.04755 -19.34576 51.00818 50.39085 -19.34576 51.00818 50.39085 -19.26135 50.63632 49.58314 21.86322 55.87831 90.09341 21.86322 55.87831 90.09341 21.86322 55.87831 90.09341 21.86322 55.87831 90.09341 20.84863 55.81627 91.43675 20.84863 55.81627 91.43675 20.93305 55.4444 90.62905 20.93305 55.4444 90.62905 20.93305 55.4444 90.62905 20.93305 55.4444 90.62905 -30.67546 -38.39888 26.6978 -30.67546 -38.39888 26.6978 -13.09695 -39.93346 30.41541 -13.09695 -39.93346 30.41541 -13.09695 -39.93346 30.41541 23.01663 -44.31358 30.38581 23.01663 -44.31358 30.38581 23.01663 -44.31358 30.38581 30.85429 -36.06561 26.17293 -29.28568 -43.75265 55.31062 -29.28568 -43.75265 55.31062 -29.28568 -43.75265 55.31062 -14.65977 -43.58577 48.42108 -14.65977 -43.58577 48.42108 -14.65977 -43.58577 48.42108 -14.65977 -43.58577 48.42108 -14.65977 -43.58577 48.42108 -14.65977 -43.58577 48.42108 18.9524 -43.43947 48.45669 18.9524 -43.43947 48.45669 18.9524 -43.43947 48.45669 18.9524 -43.43947 48.45669 18.9524 -43.43947 48.45669 18.9524 -43.43947 48.45669 30.42182 -33.78147 48.61251 30.42182 -33.78147 48.61251 30.42182 -33.78147 48.61251 -30.50586 -31.86683 76.82725 -16.62098 -37.6408 77.85469 -16.62098 -37.6408 77.85469 -16.62098 -37.6408 77.85469 16.99231 -37.47757 76.75761 16.99231 -37.47757 76.75761 16.99231 -37.47757 76.75761 31.42447 -32.84655 78.41779 31.42447 -32.84655 78.41779 -30.67546 -38.39888 26.6978 -30.67546 -38.39888 26.6978 -13.09694 -39.93346 30.41541 -13.09694 -39.93346 30.41541 -13.09694 -39.93346 30.41541 23.01663 -44.31358 30.38581 23.01663 -44.31358 30.38581 23.01663 -44.31358 30.38581 30.8543 -36.06562 26.17293 -29.28568 -43.75265 55.31061 -29.28568 -43.75265 55.31061 -29.28568 -43.75265 55.31061 -14.65977 -43.58577 48.42108 -14.65977 -43.58577 48.42108 -14.65977 -43.58577 48.42108 -14.65977 -43.58577 48.42108 -14.65977 -43.58577 48.42108 -14.65977 -43.58577 48.42108 18.9524 -43.43947 48.45669 18.9524 -43.43947 48.45669 18.9524 -43.43947 48.45669 18.9524 -43.43947 48.45669 18.9524 -43.43947 48.45669 18.9524 -43.43947 48.45669 30.42183 -33.78147 48.61253 30.42183 -33.78147 48.61253 30.42183 -33.78147 48.61253 -30.5059 -31.86681 76.82725 -16.62098 -37.6408 77.85469 -16.62098 -37.6408 77.85469 -16.62098 -37.6408 77.85469 16.99233 -37.47755 76.75761 16.99233 -37.47755 76.75761 16.99233 -37.47755 76.75761 31.42447 -32.84655 78.41779 31.42447 -32.84655 78.41779 -25.23305 -88.89238 8.367814 -25.23305 -88.89238 8.367814 -10.70804 -89.96647 8.366198 -10.70804 -89.96647 8.366198 -10.70804 -89.96647 8.366198 3.812027 -89.90329 8.381581 3.812027 -89.90329 8.381581 3.812027 -89.90329 8.381581 24.8442 -82.21055 5.098795 -25.25121 -87.90847 21.45824 -25.25121 -87.90847 21.45824 -25.25121 -87.90847 21.45824 -10.73117 -87.84526 21.47362 -10.73117 -87.84526 21.47362 -10.73117 -87.84526 21.47362 -10.73117 -87.84526 21.47362 -10.73117 -87.84526 21.47362 -10.73117 -87.84526 21.47362 3.78887 -87.7821 21.48899 3.78887 -87.7821 21.48899 3.78887 -87.7821 21.48899 3.78887 -87.7821 21.48899 3.78887 -87.7821 21.48899 3.78887 -87.7821 21.48899 22.23165 -80.67655 21.6136 22.23165 -80.67655 21.6136 22.23165 -80.67655 21.6136 -25.31556 -76.65696 35.93376 -10.78862 -76.48994 29.00552 -10.78862 -76.48994 29.00552 -10.78862 -76.48994 29.00552 3.729675 -76.45381 30.83276 3.729675 -76.45381 30.83276 3.729675 -76.45381 30.83276 24.34483 -75.1392 34.94167 24.34483 -75.1392 34.94167 -25.23305 -88.89238 8.367792 -25.23305 -88.89238 8.367792 -10.70804 -89.96647 8.366171 -10.70804 -89.96647 8.366171 -10.70804 -89.96647 8.366171 3.812028 -89.90329 8.38155 3.812028 -89.90329 8.38155 3.812028 -89.90329 8.38155 24.8442 -82.21055 5.098779 -25.25121 -87.90848 21.45822 -25.25121 -87.90848 21.45822 -25.25121 -87.90848 21.45822 -10.73118 -87.84529 21.47359 -10.73118 -87.84529 21.47359 -10.73118 -87.84529 21.47359 -10.73118 -87.84529 21.47359 -10.73118 -87.84529 21.47359 -10.73118 -87.84529 21.47359 3.788872 -87.78211 21.48895 3.788872 -87.78211 21.48895 3.788872 -87.78211 21.48895 3.788872 -87.78211 21.48895 3.788872 -87.78211 21.48895 3.788872 -87.78211 21.48895 22.23165 -80.67655 21.61357 22.23165 -80.67655 21.61357 22.23165 -80.67655 21.61357 -25.31557 -76.65698 35.93375 -10.78859 -76.48996 29.0055 -10.78859 -76.48996 29.0055 -10.78859 -76.48996 29.0055 3.729642 -76.45384 30.83274 3.729642 -76.45384 30.83274 3.729642 -76.45384 30.83274 24.34483 -75.13922 34.94166 24.34483 -75.13922 34.94166 -0.1887652 -77.16894 40.92276 -0.1887652 -77.16894 40.92276 -0.1887652 -77.16894 40.92276 1.962257 -76.06314 42.44546 1.962257 -76.06314 42.44546 1.962257 -76.06314 42.44546 0.05145066 -42.34115 17.62462 2.224872 -78.0894 39.7002 2.224872 -78.0894 39.7002 2.224872 -78.0894 39.7002 0.05145066 -42.34115 17.62462 -2.099547 -43.44698 16.10193 0.3140469 -44.36746 14.87935 -26.47084 -75.31202 37.32877 -26.47084 -75.31202 37.32877 -26.47084 -75.31202 37.32877 -26.46257 -77.62694 39.00545 -26.46257 -77.62694 39.00545 -26.46257 -77.62694 39.00545 -26.45913 -77.57578 35.58363 -26.45913 -77.57578 35.58363 -26.45913 -77.57578 35.58363 28.52434 -77.33647 35.6419 28.52094 -77.38762 39.06372 28.51264 -75.07271 37.38703 28.52434 -77.33647 35.6419 -0.3148964 -38.32736 83.78968 -0.3148964 -38.32736 83.78968 -0.3148964 -38.32736 83.78968 3.66671 -37.35942 90.64212 3.66671 -37.35942 90.64212 1.575844 -45.43671 87.43978 -1.358707 -26.42026 4.543096 -1.358707 -26.42026 4.543096 -1.358707 -26.42026 4.543096 0.05878418 -26.37842 4.493723 0.05878418 -26.37842 4.493723 0.05878418 -26.37842 4.493723 -3.393961 -27.73956 4.58954 -3.393961 -27.73956 4.58954 -3.393961 -27.73956 4.58954 -4.011678 -29.017 4.586603 -4.011678 -29.017 4.586603 -4.011678 -29.017 4.586603 -2.594192 -28.9751 4.537228 -2.594192 -28.9751 4.537228 -2.594192 -28.9751 4.537228 -0.5589922 -27.65583 4.490789 -0.5589922 -27.65583 4.490789 -0.5589922 -27.65583 4.490789 2.549892 -29.36131 92.27883 -0.2850468 -29.44507 92.37764 -0.2850468 -29.44507 92.37764 -0.2850468 -29.44507 92.37764 1.750175 -28.12577 92.33117 3.167675 -28.0839 92.28179 3.167675 -28.0839 92.28179 3.167675 -28.0839 92.28179 0.5146891 -30.6806 92.32528 0.5146891 -30.6806 92.32528 0.5146891 -30.6806 92.32528 -0.9027858 -30.72247 92.37468 2.549892 -29.36131 92.27883 -33.02421 -32.00476 78.01488 -33.02421 -32.00476 78.01488 -33.02421 -32.00476 78.01488 -33.26333 -31.70758 75.32896 -33.26333 -31.70758 75.32896 -33.64874 -32.47127 76.9636 34.10375 -31.84742 76.22344 34.10375 -31.84742 76.22344 -33.26333 -31.70758 75.32896 -33.64874 -32.47127 76.9636 -33.64874 -32.47127 76.9636 33.71835 -32.61113 77.85807 34.34288 -32.14462 78.90937 34.10375 -31.84742 76.22344 33.71835 -32.61113 77.85807 -0.6562137 10.04323 6.295682 -0.6562137 10.04323 6.295682 -0.6562137 10.04323 6.295682 0.2184739 10.09644 6.297339 0.2184739 10.09644 6.297339 -1.887316 9.189558 6.281689 -1.887316 9.189558 6.281689 -1.887316 9.189558 6.281689 -2.243683 8.389057 6.269361 -2.243683 8.389057 6.269361 -2.243683 8.389057 6.269361 -1.368955 8.442243 6.271028 -1.368955 8.442243 6.271028 -1.368955 8.442243 6.271028 -0.1378844 9.295927 6.285023 -0.1378844 9.295927 6.285023 -0.1378844 9.295927 6.285023 0.1562197 9.160386 68.89053 0.1562197 9.160386 68.89053 0.2184739 10.09644 6.297339 -1.94957 8.253506 68.87487 -1.94957 8.253506 68.87487 -1.94957 8.253506 68.87487 -0.7184996 9.107192 68.88887 0.1562197 9.160386 68.89053 0.1562197 9.160386 68.89053 0.1562197 9.160386 68.89053 -1.431214 7.506193 68.8642 -1.431214 7.506193 68.8642 -1.431214 7.506193 68.8642 -2.305937 7.453001 68.86254 -0.200137 8.359889 68.8782 -21.51264 3.695506 38.06874 -21.51264 3.695506 38.06874 -21.51264 3.695506 38.06874 -21.59705 4.067366 38.87645 -21.59705 4.067366 38.87645 18.58672 8.715274 90.6343 18.58672 8.715274 90.6343 -0.6485162 60.72346 3.985012 -0.574709 63.33834 3.326159 -0.6485162 60.72346 3.985012 -0.6485162 60.72346 3.985012 -0.644946 63.67456 -11.49757 -0.644946 63.67456 -11.49757 -0.5747088 63.33832 3.326159 -0.5747088 63.33832 3.326159 -0.5747088 63.33832 3.326159 -0.5747088 63.33832 3.326159 -0.5747088 63.33832 3.326159 19.97468 54.95542 8.368162 -16.66994 -23.76927 -7.002034 -16.66994 -23.76927 -7.002034 -16.66994 -23.76927 -7.002034 -16.66994 -23.76927 -7.002034 -16.52625 30.64955 -6.188079 -16.52625 30.64955 -6.188079 -0.644946 63.67456 -11.49757 -0.644946 63.67456 -11.49757 -0.574709 63.33834 3.326159 -0.574709 63.33834 3.326159 -0.574709 63.33834 3.326159 -0.574709 63.33834 3.326159 -3.227482 41.50478 -10.68653 -3.227482 41.50478 -10.68653 -0.5747088 63.33832 3.326159 -0.552662 42.26923 -10.67245 15.50981 32.17103 -6.217145 15.50981 32.17103 -6.217145 15.50981 32.17103 -6.217145 2.128745 41.52812 -10.68085 6.581426 -44.25989 -7.28533 6.581426 -44.25989 -7.28533 6.581426 -44.25989 -7.28533 16.13111 -23.62649 -6.967275 16.13111 -23.62649 -6.967275 2.36487 -47.98651 -7.345264 2.36487 -47.98651 -7.345264 2.36487 -47.98651 -7.345264 -2.636521 -48.05624 -7.351268 -2.636521 -48.05624 -7.351268 -2.636521 -48.05624 -7.351268 -0.1536107 -50.21237 -7.38105 -0.1536107 -50.21237 -7.38105 17.31072 -32.29899 0.3089478 20.67387 -24.79083 5.114222 -6.940377 -44.31875 -7.299658 -6.940377 -44.31875 -7.299658 -6.940377 -44.31875 -7.299658 -6.940377 -44.31875 -7.299658 -21.22992 54.77606 8.324511 -17.63566 -32.8525 4.714819 -17.63566 -32.8525 4.714819 -17.63566 -32.8525 4.714819 -10.73917 -50.31105 0.01169168 -10.74147 -50.34547 2.313994 -10.74147 -50.34547 2.313994 -17.63794 -32.88695 7.017128 -17.63794 -32.88695 7.017128 -17.63794 -32.88695 7.017128 -10.73917 -50.31105 0.01169168 -10.73917 -50.31105 0.01169168 -0.1207264 -59.53209 -0.1156473 -0.1230376 -59.56651 2.186659 -0.1230376 -59.56651 2.186659 -10.74147 -50.34547 2.313994 -0.1207264 -59.53209 -0.1156473 -0.1207264 -59.53209 -0.1156473 10.41677 -50.21896 0.03410875 10.41446 -50.25341 2.336411 10.41446 -50.25341 2.336411 -0.1230376 -59.56651 2.186659 10.41677 -50.21896 0.03410875 10.41677 -50.21896 0.03410875 17.31072 -32.29899 0.3089478 17.31072 -32.29899 0.3089478 17.31072 -32.29899 0.3089478 17.30847 -32.33343 2.61125 17.30847 -32.33343 2.61125 17.30847 -32.33343 2.61125 10.41446 -50.25341 2.336411 20.80105 -24.81465 4.873249 20.80105 -24.81465 4.873249 20.80105 -24.81465 4.873249 20.79874 -24.84909 7.175563 20.79874 -24.84909 7.175563 20.79874 -24.84909 7.175563 20.12862 36.20309 5.785071 20.12862 36.20309 5.785071 20.12862 36.20309 5.785071 20.1263 36.16867 8.087375 20.1263 36.16867 8.087375 20.1263 36.16867 8.087375 19.97695 54.98984 6.065865 19.97468 54.95542 8.368162 19.97468 54.95542 8.368162 19.97695 54.98984 6.065865 19.97695 54.98984 6.065865 -0.6485162 60.72346 3.985012 -0.6485162 60.72346 3.985012 -0.6485162 60.72346 3.985012 19.97468 54.95542 8.368162 -21.22763 54.8105 6.022207 -21.22992 54.77606 8.324511 -21.22992 54.77606 8.324511 -21.22763 54.8105 6.022207 -21.22763 54.8105 6.022207 -21.21622 37.63809 5.765414 -21.21622 37.63809 5.765414 -21.21622 37.63809 5.765414 -21.21849 37.60367 8.067717 -21.21849 37.60367 8.067717 -21.21849 37.60367 8.067717 -21.22992 54.77606 8.324511 -21.35446 -24.99815 4.828577 -21.35446 -24.99815 4.828577 -21.35446 -24.99815 4.828577 -21.35676 -25.03258 7.130888 -21.35676 -25.03258 7.130888 -21.35676 -25.03258 7.130888 19.67473 46.68927 17.54306 19.67473 46.68927 17.54306 20.31813 -11.134 16.74691 20.31813 -11.134 16.74691 20.31813 -11.134 16.74691 -21.01555 -11.71009 16.6972 -21.01555 -11.71009 16.6972 -21.01555 -11.71009 16.6972 -20.87574 47.28646 17.57959 16.25987 40.56768 17.44811 16.25987 40.56768 17.44811 16.83671 -7.728815 16.79437 16.84568 -7.593745 7.763266 16.84568 -7.593745 7.763266 16.26192 42.43956 8.510915 -17.56406 -8.208247 16.753 -17.56406 -8.208247 16.753 -17.40644 40.70053 17.48455 -17.40954 43.60823 8.494914 -17.40954 43.60823 8.494914 -17.5551 -8.073206 7.721893 16.25987 40.56768 17.44811 16.25987 40.56768 17.44811 16.25987 40.56768 17.44811 16.25987 40.56768 17.44811 -17.40644 40.70053 17.48455 -17.40644 40.70053 17.48455 -17.40644 40.70053 17.48455 -17.40644 40.70053 17.48455 -17.40644 40.70053 17.48455 19.52988 70.27555 26.89277 19.52988 70.27555 26.89277 19.52988 70.27555 26.89277 19.52411 70.18947 32.64855 -20.96349 70.01322 32.60565 -20.96349 70.01322 32.60565 -20.95776 70.09928 26.84987 -20.95776 70.09928 26.84987 -17.40954 43.60823 8.494914 -17.40954 43.60823 8.494914 -17.40954 43.60823 8.494914 -17.64906 36.70556 8.391444 -17.64906 36.70556 8.391444 -17.64906 36.70556 8.391444 16.02236 35.53688 8.407454 16.02236 35.53688 8.407454 16.02236 35.53688 8.407454 16.26192 42.43956 8.510915 16.26192 42.43956 8.510915 16.26192 42.43956 8.510915 16.01565 34.71003 17.34453 16.01565 34.71003 17.34453 16.01565 34.71003 17.34453 16.01015 34.6273 22.87709 16.01015 34.6273 22.87709 16.01015 34.6273 22.87709 16.00443 34.54123 28.63286 16.00443 34.54123 28.63286 16.24864 40.39886 28.73643 16.24864 40.39886 28.73643 16.00443 34.54123 28.63286 -17.65957 34.1788 28.67764 -17.65957 34.1788 28.67764 -17.41763 40.53172 28.77288 -17.65957 34.1788 28.67764 -17.65385 34.26489 22.92187 -17.65385 34.26489 22.92187 -17.65385 34.26489 22.92187 -17.64835 34.34761 17.38931 -17.64835 34.34761 17.38931 -17.64835 34.34761 17.38931 -20.96349 70.01322 32.60565 -20.96349 70.01322 32.60565 -19.80503 68.46483 29.1294 -19.73427 47.46286 25.42834 -19.73427 47.46286 25.42834 -19.73427 47.46286 25.42834 -20.93183 46.52077 28.8312 -20.93183 46.52077 28.8312 -20.93183 46.52077 28.8312 -16.9137 42.66693 25.35108 -16.9137 42.66693 25.35108 -17.41763 40.53172 28.77288 -17.41763 40.53172 28.77288 -17.41763 40.53172 28.77288 -16.9137 42.66693 25.35108 15.79665 42.59851 25.31464 15.79665 42.59851 25.31464 16.24864 40.39886 28.73643 16.24864 40.39886 28.73643 16.24864 40.39886 28.73643 15.79665 42.59851 25.31464 18.50991 47.46243 25.39008 18.50991 47.46243 25.39008 18.50991 47.46243 25.39008 19.66346 46.52046 28.83139 19.66346 46.52046 28.83139 19.66346 46.52046 28.83139 18.38654 68.63107 29.16987 18.38654 68.63107 29.16987 19.52411 70.18947 32.64855 19.52411 70.18947 32.64855 19.52411 70.18947 32.64855 18.38654 68.63107 29.16987 -0.7241678 71.96405 29.2007 -0.7241678 71.96405 29.2007 -0.7241678 71.96405 29.2007 -0.7372097 74.11074 32.68704 -0.7372097 74.11074 32.68704 -0.7372097 74.11074 32.68704 -19.80503 68.46483 29.1294 -19.80503 68.46483 29.1294 -20.96349 70.01322 32.60565 -17.62832 -3.604142 16.82178 16.77243 -3.124697 16.86316 16.77243 -3.124697 16.86316 16.83671 -7.728815 16.79437 16.83671 -7.728815 16.79437 16.77243 -3.124697 16.86316 16.78144 -2.989629 7.832062 16.78144 -2.989629 7.832062 16.78144 -2.989629 7.832062 16.84568 -7.593745 7.763266 16.84568 -7.593745 7.763266 16.84568 -7.593745 7.763266 -17.61933 -3.469084 7.790683 -17.61933 -3.469084 7.790683 -17.61933 -3.469084 7.790683 -17.5551 -8.073206 7.721893 -17.5551 -8.073206 7.721893 -17.5551 -8.073206 7.721893 -17.62832 -3.604142 16.82178 -17.62832 -3.604142 16.82178 -17.56406 -8.208247 16.753 -0.646241 60.75791 1.682711 -0.646241 60.75791 1.682711 -0.646241 60.75791 1.682711 -0.646241 60.75791 1.682711 19.97695 54.98984 6.065865 19.55653 66.33728 17.9047 19.55653 66.33728 17.9047 19.55653 66.33728 17.9047 -20.9311 66.16106 17.8618 -20.9311 66.16106 17.8618 -20.9311 66.16106 17.8618 -21.22763 54.8105 6.022207 -21.01328 -25.19164 23.17865 -21.01328 -25.19164 23.17865 -21.01328 -25.19164 23.17865 -21.00663 -25.09173 16.49653 -21.00663 -25.09173 16.49653 -10.45763 -50.7758 13.30743 -10.45763 -50.7758 13.30743 -10.45763 -50.7758 13.30743 -10.45851 -53.4267 25.03743 -10.45851 -53.4267 25.03743 -10.45851 -53.4267 25.03743 -0.1186276 -63.95376 16.05218 -0.1186276 -63.95376 16.05218 -0.1186276 -63.95376 16.05218 -0.1195322 -66.60466 27.78217 -0.1195322 -66.60466 27.78217 -0.1195322 -66.60466 27.78217 10.11107 -50.68622 13.32922 10.11107 -50.68622 13.32922 10.11107 -50.68622 13.32922 10.11017 -53.33714 25.05923 10.11017 -53.33714 25.05923 10.11017 -53.33714 25.05923 20.42931 -24.91135 16.54043 20.42931 -24.91135 16.54043 20.42268 -25.0113 23.22256 -21.00666 -25.09173 16.4971 -21.01555 -11.71009 16.6972 -21.01555 -11.71009 16.6972 -21.01555 -11.71009 16.6972 20.31813 -11.134 16.74691 -21.01553 -11.71008 16.69664 -21.01553 -11.71008 16.69664 -21.00663 -25.09173 16.49653 -21.00663 -25.09173 16.49653 -21.00666 -25.09173 16.4971 20.80105 -24.81465 4.873249 1.596553 57.00562 19.99972 1.596553 57.00562 19.99972 1.596553 57.00562 19.99972 2.471254 57.0588 20.00138 2.471254 57.0588 20.00138 0.3654414 56.15193 19.98573 0.3654414 56.15193 19.98573 0.3654414 56.15193 19.98573 0.009095549 55.35142 19.97341 0.009095549 55.35142 19.97341 0.009095549 55.35142 19.97341 0.8838313 55.4046 19.97507 0.8838313 55.4046 19.97507 0.8838313 55.4046 19.97507 2.114892 56.2583 19.98907 2.114892 56.2583 19.98907 2.114892 56.2583 19.98907 2.418222 56.26139 73.32546 2.418222 56.26139 73.32546 2.471254 57.0588 20.00138 0.3124316 55.35449 73.30981 0.3124316 55.35449 73.30981 0.3124316 55.35449 73.30981 1.543513 56.20818 73.32379 2.418222 56.26139 73.32546 2.418222 56.26139 73.32546 2.418222 56.26139 73.32546 0.8307659 54.60718 73.29914 0.8307659 54.60718 73.29914 0.8307659 54.60718 73.29914 -0.04396671 54.55398 73.29748 2.061845 55.46087 73.31314 -19.26135 50.63632 49.58314 -19.26135 50.63632 49.58314 -19.26135 50.63632 49.58314 -19.34576 51.00818 50.39085 -19.34576 51.00818 50.39085 20.84863 55.81627 91.43675 20.84863 55.81627 91.43675</float_array>
          <technique_common>
            <accessor source="#caravel-rkc_Mesh-mesh-positions-array" count="1182" stride="3">
              <param name="X" type="float"/>
              <param name="Y" type="float"/>
              <param name="Z" type="float"/>
            </accessor>
          </technique_common>
        </source>
        <source id="caravel-rkc_Mesh-mesh-normals">
          <float_array id="caravel-rkc_Mesh-mesh-normals-array" count="2856">-0.5685454 -0.6437335 -0.5122143 -0.5686029 -0.6437144 -0.5121743 -0.5686458 -0.6436916 -0.5121552 -0.4304739 -0.6202557 -0.655725 -0.4304694 -0.6202848 -0.6557004 -0.4304817 -0.6202064 -0.6557664 -0.4304813 -0.6202484 -0.6557269 -0.4304845 -0.6202278 -0.6557443 -0.4304741 -0.620297 -0.6556857 -0.9960219 -0.08204251 -0.03477638 -0.996022 -0.08204251 -0.03477644 -0.9960219 -0.08204251 -0.03477644 -0.9960214 -0.08204704 -0.03478157 -0.9960215 -0.08204704 -0.03478157 -0.9960214 -0.08204704 -0.03478157 -0.5354243 -0.5201229 -0.665427 -0.5354127 -0.5201265 -0.6654335 -0.5685586 -0.6437129 -0.5122256 -0.568656 -0.6436699 -0.5121715 -0.5686041 -0.6436924 -0.5122007 -0.99999 -0.004351377 -0.001070022 0.003363728 -0.5865933 -0.8098748 0.003084659 -0.5866449 -0.8098385 0.003364682 -0.5865932 -0.8098748 0.003364861 -0.5865893 -0.8098775 0.003364384 -0.5865894 -0.8098775 0.003364861 -0.5865895 -0.8098776 0.004367828 -0.9998789 -0.01494169 0.004367709 -0.9998788 -0.01495206 -0.5709006 -0.522749 -0.6330925 -0.5709235 -0.5227326 -0.6330853 -0.5709411 -0.5227244 -0.6330762 -0.570973 -0.5227038 -0.6330645 -0.5708819 -0.5227586 -0.6331014 -0.5709334 -0.5227281 -0.6330801 -0.9999898 -0.00438416 -0.001093804 -0.9999898 -0.00438416 -0.001093804 -0.9999899 -0.00438416 -0.001093804 -0.005435347 -0.9991708 0.04034984 0.7752359 -0.1880978 0.6030164 -0.8380627 6.38513e-4 0.5455737 0.1695461 -0.7360898 0.6553061 -0.04579025 0.8813779 0.4701876 -0.8921765 -0.1054106 0.4392151 -0.9598556 -0.2426609 0.1406875 -0.277804 -0.2779313 -0.9195538 0.2047826 -0.7417271 0.6386746 -0.03008127 0.8855686 0.4635336 0.2439122 -0.7347499 0.6329689 -0.2759976 -0.2756661 -0.9207788 -0.2412239 -0.2593686 -0.9351679 -0.6267466 -0.4115554 0.6616728 0.6891604 -0.2061738 0.6946584 -0.01528882 0.8916389 0.452489 -0.2542444 -0.2692724 -0.9288985 0.7406052 -0.1723868 0.6494511 -0.0637499 0.8761624 0.477782 0.7911311 -0.1882498 0.5819568 -0.005404412 -0.9991719 0.04032677 -0.05925017 0.8780093 0.4749621 -0.005434453 -0.9991718 0.04032725 -0.8861272 0.002271711 0.4634367 0.9393128 -0.3211975 0.1205148 0.8533244 -0.4959822 0.1607456 0.2865598 -0.9300457 0.229997 -0.2021988 -0.9601587 0.1929017 0.3611939 -0.8964197 0.2568479 -0.3275299 -0.9030403 0.2779253 0.4192186 -0.8699999 0.2595307 -0.4604719 -0.8225031 0.3338477 0.0379492 -0.940675 0.3371801 0.7203466 -0.6925749 0.0379607 0.22482 -0.9280589 0.2969222 0.2021988 0.9601587 -0.1929017 -0.2865601 0.9300466 -0.2299931 0.3275294 0.9030405 -0.2779252 -0.361194 0.896425 -0.2568291 -0.03794991 0.9406715 -0.3371899 0.4604721 0.822503 -0.3338479 -0.4192118 0.8700219 -0.2594675 -0.7203463 0.6925751 -0.03796046 -0.2248017 0.9280807 -0.2968678 -0.939313 0.3211968 -0.1205146 -0.8533253 0.4959844 -0.1607345 -0.03537821 0.01940423 -0.9991857 -0.03537404 0.01939815 -0.9991859 -0.03537845 0.01940459 -0.9991857 -0.03537642 0.01940381 -0.9991857 -0.06825792 -0.9913093 -0.1124583 -0.06826138 -0.9913095 -0.1124547 -0.06825381 -0.9913091 -0.1124626 -0.06834483 -0.9912924 -0.112555 -0.06834721 -0.9912925 -0.1125525 -0.06834459 -0.9912924 -0.1125552 -0.4748759 -0.6786906 -0.5602428 -0.4748919 -0.6787022 -0.5602152 -0.4748975 -0.6787062 -0.5602056 -0.4749017 -0.6787156 -0.5601907 -0.4748903 -0.6787074 -0.5602102 -0.4749109 -0.6787222 -0.560175 -0.7151032 -0.4541512 -0.5313888 -0.7151258 -0.4542054 -0.5313121 -0.7151299 -0.4542146 -0.5312989 -0.7150836 -0.4541696 -0.5313996 -0.7150933 -0.4541925 -0.531367 -0.7150806 -0.4541624 -0.5314098 -0.06843024 -0.991275 -0.1126555 -0.06844294 -0.9912756 -0.1126422 -0.06843507 -0.9912753 -0.1126505 -0.06834948 -0.9912927 -0.1125496 -0.06835132 -0.9912927 -0.1125476 -0.06835269 -0.9912927 -0.1125462 -0.4748721 -0.6787495 -0.5601748 -0.4748309 -0.6787199 -0.5602456 -0.4748249 -0.6787157 -0.5602557 -0.4748466 -0.6787343 -0.5602149 -0.4748723 -0.6787528 -0.5601706 -0.4748415 -0.6787307 -0.5602234 -0.7151223 -0.4542193 -0.531305 -0.7151066 -0.454182 -0.531358 -0.715098 -0.4541614 -0.5313873 -0.7151125 -0.4541918 -0.5313417 -0.7150964 -0.4541534 -0.5313962 -0.7151112 -0.4541887 -0.531346 -0.03542226 0.01936191 -0.9991849 -0.03565591 0.01919859 -0.9991797 -0.03565233 0.01919674 -0.99918 -0.03543514 0.01939791 -0.9991837 -0.03543663 0.0193963 -0.9991838 -0.03543317 0.01939994 -0.9991838 -0.03543239 0.01939594 -0.9991839 -0.03543156 0.01939678 -0.9991839 -0.03543186 0.01939642 -0.9991838 -0.03566199 0.0192188 -0.9991791 -0.03566098 0.01921868 -0.9991791 -0.03566437 0.01921993 -0.999179 -0.5534731 -0.5971087 -0.580628 -0.5534491 -0.5970736 -0.5806869 -0.5534752 -0.5971148 -0.5806198 -9.63701e-4 -0.9939051 -0.1102353 -8.55715e-4 -0.9939157 -0.1101406 -8.55744e-4 -0.9939157 -0.1101406 -6.39894e-4 -0.993936 -0.1099594 -6.39186e-4 -0.993936 -0.1099588 -6.39363e-4 -0.993936 -0.109959 -0.5213656 -0.7433116 -0.4191251 -0.521375 -0.7433089 -0.4191181 -0.5213914 -0.7433037 -0.4191071 -0.5213671 -0.7433024 -0.4191395 -0.5213366 -0.7433134 -0.419158 -0.5212958 -0.7433255 -0.4191873 0.003729224 -0.9063302 -0.4225537 0.003728985 -0.9063257 -0.4225635 -0.5534324 -0.5971327 -0.5806421 -0.5534364 -0.597139 -0.5806319 -0.5534084 -0.597097 -0.5807015 -0.1243746 -0.1123719 -0.9858518 -0.124375 -0.1123716 -0.9858517 -0.1243852 -0.1123615 -0.9858515 -0.124383 -0.1123621 -0.9858518 -0.1243898 -0.1123552 -0.9858517 -0.1243912 -0.1123538 -0.9858517 -0.1243584 -0.1123293 -0.9858586 -0.1243451 -0.1123424 -0.9858587 -0.1225891 -0.1140505 -0.9858825 -0.1243335 -0.1123536 -0.985859 -0.1243342 -0.1123529 -0.985859 -0.1243323 -0.1123548 -0.985859 -0.1655747 -0.9607984 -0.222377 -0.1655959 -0.9608001 -0.2223542 -0.1655951 -0.9608 -0.2223551 -0.1655872 -0.9607957 -0.2223794 -0.1656009 -0.9607968 -0.2223647 -0.1655897 -0.9607959 -0.2223767 -0.4979764 -0.6580125 -0.5648355 -0.4979665 -0.6580052 -0.5648528 -0.4979988 -0.6580286 -0.564797 -0.4979841 -0.6580355 -0.5648018 -0.4979516 -0.6580121 -0.5648579 -0.4979764 -0.65803 -0.5648152 -0.7410074 -0.4242382 -0.5205094 -0.7409902 -0.4241985 -0.5205662 -0.7410005 -0.4242222 -0.5205323 -0.7410063 -0.4242377 -0.5205112 -0.7409995 -0.424222 -0.5205339 -0.7409798 -0.4241771 -0.5205984 -0.1655285 -0.9608204 -0.2223163 -0.1655395 -0.9608212 -0.2223044 -0.1655498 -0.960822 -0.2222934 -0.1655263 -0.9608218 -0.2223116 -0.1655234 -0.9608216 -0.2223147 -0.1655234 -0.9608216 -0.2223148 -0.4979798 -0.6579742 -0.5648771 -0.4979677 -0.6579653 -0.5648983 -0.4979604 -0.6579601 -0.5649107 -0.4979771 -0.6579758 -0.5648776 -0.4980091 -0.6579988 -0.5648226 -0.4979472 -0.6579543 -0.564929 -0.7410042 -0.4242538 -0.5205013 -0.7409766 -0.4241907 -0.520592 -0.7409946 -0.4242321 -0.5205326 -0.7409983 -0.4242313 -0.5205281 -0.7409968 -0.424228 -0.5205328 -0.7409769 -0.4241822 -0.5205985 -0.1245298 -0.1124638 -0.9858216 -0.1245197 -0.1124808 -0.985821 -0.1245262 -0.1124789 -0.9858204 -0.1243217 -0.1122909 -0.9858676 -0.1243103 -0.1123006 -0.9858679 -0.1243114 -0.1123028 -0.9858675 -0.1243215 -0.1122874 -0.985868 -0.1243022 -0.1122976 -0.9858694 -0.1243176 -0.1122867 -0.9858686 -0.1244934 -0.1125286 -0.9858188 -0.1227554 -0.1142141 -0.985843 -0.1245066 -0.1125298 -0.985817 -0.6235354 -0.4936572 -0.6062229 -0.6235571 -0.4936627 -0.6061961 -0.6235761 -0.4936662 -0.6061739 -0.25672 -0.9193754 -0.2980668 -0.2567242 -0.9193757 -0.2980623 -0.2567173 -0.9193753 -0.2980697 -0.2567477 -0.9193775 -0.2980363 -0.2567303 -0.9193764 -0.2980548 -0.2567188 -0.9193757 -0.298067 -0.5431695 -0.8296045 -0.1293185 -0.5432105 -0.8295803 -0.1293021 -0.5431978 -0.8295878 -0.1293072 -0.5432111 -0.8295804 -0.1292986 -0.5431929 -0.8295912 -0.1293061 -0.5431683 -0.8296058 -0.1293161 -0.2612558 -0.8313302 -0.4905462 -0.2612441 -0.831323 -0.4905647 -0.2612481 -0.8313252 -0.4905587 -0.2612483 -0.8313243 -0.4905601 -0.2612522 -0.8313272 -0.4905531 -0.2612557 -0.8313295 -0.4905475 -0.6235637 -0.4936278 -0.6062178 -0.6234828 -0.4936224 -0.6063054 -0.6234877 -0.4936153 -0.6063061 -0.9096732 -0.415116 0.01316499 -0.9323423 -0.3603821 -0.02937304 -0.9247251 -0.3805839 0.006275892 -0.9838744 -0.1347509 -0.1176154 -0.9838744 -0.1347514 -0.1176149 -0.9838744 -0.1347562 -0.1176103 -0.9994638 -0.007627129 -0.03184336 -0.9994638 -0.007627129 -0.03184336 -0.9995258 -0.005490005 -0.03029924 -0.9995258 -0.005490005 -0.03029924 -0.9995258 -0.005490005 -0.03029924 -0.7726641 -0.3903583 -0.5006102 -0.7726594 -0.3903464 -0.5006268 0.933158 -0.3592038 0.01373726 -0.740655 -0.431445 -0.5150587 0.9203569 -0.3894532 -0.03563064 -0.740679 -0.43151 -0.5149697 -0.7642199 -0.3976058 -0.5078166 -0.7642283 -0.3976253 -0.5077885 -0.7642183 -0.397603 -0.5078212 -0.4806953 -0.65222 -0.586124 -0.4806842 -0.6522036 -0.5861511 -0.4806902 -0.6522126 -0.5861363 -0.6371773 -0.5185333 -0.5702003 -0.637185 -0.5185433 -0.5701826 -0.6371946 -0.5185558 -0.5701605 -0.6557112 -0.7549083 -0.01250445 -0.7572694 -0.629995 -0.1721904 -0.851145 -0.2061729 -0.4827473 -0.9493365 0.007205903 -0.3141788 -0.9488556 0.006815433 -0.3156368 -0.9707168 -0.1600821 -0.179116 -0.970717 -0.1600857 -0.1791123 -0.9707167 -0.1600756 -0.1791228 -0.1338977 -0.2386036 -0.961842 -0.1338974 -0.2386032 -0.961842 0.1352536 -0.2456968 -0.9598644 0.1352536 -0.2456968 -0.9598644 -0.9707052 -0.1601088 -0.1791552 -0.9707054 -0.1601188 -0.179145 -0.9707053 -0.1601154 -0.1791484 0.7640655 0.5137805 -0.3901713 -0.7778599 -0.6244727 -0.07048356 -0.777861 -0.6244714 -0.0704838 -0.3506137 -0.4400967 -0.8266711 -0.3506397 -0.4400646 -0.826677 0.4757745 0.1230058 -0.8709238 0.818122 -0.3718894 -0.4386055 -0.5799749 -0.5761029 -0.575964 -0.579972 -0.5761361 -0.5759337 0.8181214 -0.3718871 -0.4386086 -0.5799739 -0.5761258 -0.5759422 -0.5799754 -0.5760987 -0.5759677 0.9177918 -0.2310975 -0.3228812 -0.7002817 -0.5122135 -0.4972353 -0.7002806 -0.5122283 -0.4972217 -0.3704385 -0.6841732 -0.6282375 -0.3704333 -0.6841505 -0.6282653 -0.3704319 -0.6841322 -0.628286 -0.2693629 -0.67455 -0.6873325 -0.269362 -0.6745862 -0.6872974 -0.269361 -0.6746231 -0.6872615 -0.3279793 -0.6696605 -0.6663217 -0.3279787 -0.6696324 -0.6663502 -0.3279787 -0.6696419 -0.6663406 -0.5903725 -0.6737082 -0.4444972 -0.5331506 -0.6057912 -0.5905655 -0.5566207 -0.5579293 -0.6155391 -0.2986726 -0.1277135 -0.9457716 -0.2986723 -0.1277145 -0.9457716 -0.3308026 0.01514405 -0.9435786 -0.3302705 0.01498818 -0.9437674 0.01624608 -0.03844404 -0.9991287 -0.9087955 -0.2616306 -0.3250235 -0.908796 -0.2616347 -0.3250189 -0.9087981 -0.2616545 -0.324997 -0.5660939 -0.5445078 -0.6189096 -0.5661479 -0.5444696 -0.6188938 -0.5660908 -0.5445099 -0.6189106 -0.9994637 -0.02704012 -0.01847225 -0.9994637 -0.02704042 -0.01847195 -0.9994637 -0.02704149 -0.01847088 -0.3920925 -0.4868168 -0.7805593 -0.3920822 -0.4868305 -0.780556 -0.3921068 -0.4867979 -0.780564 -0.6470031 -0.6340227 -0.423559 -0.6470797 -0.6339414 -0.4235637 -0.6470375 -0.6339862 -0.4235611 -0.2759365 -0.4687053 -0.839151 -0.2758973 -0.4687649 -0.8391306 -0.2759209 -0.4687291 -0.8391429 -0.2759771 -0.4687172 -0.839131 -0.2759599 -0.4687435 -0.839122 -0.2759725 -0.4687243 -0.8391285 -0.01120406 -0.3051232 -0.952247 -0.01119339 -0.3051388 -0.9522422 -0.01120018 -0.3051288 -0.9522453 -0.01115417 -0.3051166 -0.9522497 -0.01115208 -0.3051198 -0.9522487 -0.0111522 -0.3051196 -0.9522488 -0.1710615 -0.1836167 -0.9679994 -0.1243897 -0.1123611 -0.9858511 -0.1243855 -0.1123652 -0.9858511 -0.1243833 -0.1123673 -0.9858511 -0.1243597 -0.1123257 -0.9858589 -0.1243525 -0.1123327 -0.9858589 -0.124343 -0.1123421 -0.985859 -0.1243578 -0.1123278 -0.9858588 -0.1243503 -0.1123351 -0.985859 -0.1243482 -0.1123372 -0.985859 9.82789e-4 -0.1757705 0.9844307 -9.94458e-4 -0.01494878 0.9998878 -2.88111e-4 -0.1735514 0.9848248 -0.8725035 -0.4167974 0.2549855 -0.9997324 -0.007986068 -0.02171349 -0.9997324 -0.007986068 -0.02171349 -0.9997324 -0.007986068 -0.02171343 -0.6938369 -0.3606762 -0.6233001 0.731684 -0.5756709 0.3650227 -0.6938406 -0.360687 -0.6232898 -0.8579487 -0.4015722 -0.320412 -0.8623753 -0.2731524 -0.4262591 -0.8579488 -0.4015732 -0.3204108 -0.5675047 -0.5808086 -0.5836095 0.7960432 -0.2981685 -0.5266982 -0.5675101 -0.5807759 -0.5836367 -0.3704323 -0.684126 -0.6282927 -0.3704256 -0.6840975 -0.6283276 -0.3704386 -0.6841599 -0.628252 -0.5903682 -0.6736934 -0.4445253 -0.01115149 -0.305121 -0.9522483 -0.01115483 -0.3051161 -0.9522499 -0.01115214 -0.30512 -0.9522486 -0.1710633 -0.1836193 -0.9679986 -0.1710636 -0.1836192 -0.9679986 0.01852536 -0.1903259 0.9815462 0.6255751 -0.3380317 0.703129 0.0474115 -0.04484331 0.9978684 -9.94295e-4 -0.01495319 0.9998877 -0.1244139 -0.1124038 -0.9858432 -9.94203e-4 -0.01495313 0.9998877 -0.1244254 -0.1123927 -0.9858429 -0.1244122 -0.1124057 -0.9858432 -0.001007318 -0.01197463 0.9999279 -0.1122319 -0.1026201 -0.988369 -0.01979178 -0.1905171 0.9814844 -0.6356379 -0.6031914 -0.4817932 -0.6240949 -0.3434701 0.7018077 -0.2407933 0.01435208 -0.9704703 -0.731442 -0.2500943 -0.6343859 -0.7314674 -0.2501008 -0.634354 -0.7254958 0.4936143 -0.479584 -0.7993938 -0.477391 -0.3647844 -0.7993866 -0.4774186 -0.364764 -0.7993876 -0.4774147 -0.3647667 -0.8002578 -0.476636 -0.3638758 0.9503158 0.01511913 -0.3109202 -0.8002403 -0.476704 -0.3638254 -0.6859984 -0.2052647 -0.6980491 -0.6860027 -0.2052646 -0.698045 -0.6860101 -0.2052645 -0.6980378 -0.3305517 0.01389241 -0.9436857 -0.3944443 -0.4894667 -0.7777121 -0.3944534 -0.4894548 -0.7777152 -0.3944641 -0.4894402 -0.7777187 -0.3925806 -0.4866663 -0.7804079 -0.3926055 -0.4866334 -0.7804159 -0.3925769 -0.486671 -0.7804068 -0.1242744 -0.1122925 -0.9858734 -0.1242846 -0.1122826 -0.9858732 -0.12429 -0.1122773 -0.9858732 -0.1243934 -0.112357 -0.9858511 -0.1243903 -0.1123601 -0.9858511 -0.1243827 -0.1123675 -0.9858512 -0.1243778 -0.1123724 -0.9858512 -0.1243816 -0.1123687 -0.9858512 -0.1243907 -0.1123597 -0.9858511 -9.94199e-4 -0.01495295 0.9998878 -9.941e-4 -0.01495289 0.9998878 -0.9783101 -0.158903 -0.1328883 -0.9783393 -0.1579488 -0.1338079 -0.9783104 -0.1588921 -0.1328989 -0.9754422 -0.1676991 -0.1427921 -0.9754415 -0.167725 -0.1427668 -0.9754418 -0.1677139 -0.1427776 -0.9306249 -0.3659178 -0.006441831 -0.9305443 -0.3661162 -0.006814837 -0.9305114 -0.3662065 -0.006430089 -0.9306161 -0.3659408 -0.0064013 -0.9306294 -0.3659062 -0.006444275 -0.9306246 -0.3659186 -0.006439328 -0.6557151 -0.7549133 -0.01199299 -0.6557151 -0.7549132 -0.01199394 -0.6557151 -0.7549133 -0.0119937 -0.6557154 -0.754913 -0.01198995 -0.6557153 -0.754913 -0.01198947 -0.6557154 -0.754913 -0.01198947 -0.5480865 -0.6065431 -0.5759398 -0.5480584 -0.6065181 -0.575993 -0.5481047 -0.6065602 -0.5759046 -0.5480914 -0.606558 -0.5759196 -0.5480965 -0.6065576 -0.575915 -0.5481121 -0.6065737 -0.5758833 0.9333288 -0.3589944 -0.004505932 0.9333132 -0.3590358 -0.004464805 -0.7670603 -0.4005553 -0.5011724 -0.7670577 -0.4005827 -0.5011547 -0.767057 -0.4005783 -0.5011596 0.9333183 -0.3590186 -0.004765629 -0.7337681 -0.4307565 -0.5253887 -0.7337592 -0.4307379 -0.5254164 0.9075107 -0.4199944 -0.005385339 0.9075187 -0.4199771 -0.005408048 0.9075391 -0.4199323 -0.00544238 -0.7337693 -0.4307627 -0.5253819 0.9999387 0.01102244 0.001127779 -0.9999388 -0.01100206 -0.001170992 -0.9999388 -0.01100236 -0.001167714 0.9999387 0.01102262 0.001124441 -0.9999669 -0.008055925 -0.001105427 -0.999967 -0.008053243 -0.001126885 0.9999662 0.008197009 8.23747e-4 -0.2664268 -0.9637433 -0.01468485 -0.2664282 -0.9637432 -0.01467001 -0.3446383 -0.8206317 -0.455838 -0.3446267 -0.8206279 -0.4558535 -0.3446419 -0.8206326 -0.4558336 -0.3446159 -0.8206145 -0.4558857 -0.3446241 -0.8206188 -0.4558718 -0.3445783 -0.8206045 -0.4559322 -0.9999993 -6.29696e-4 -0.001039922 -0.9999993 -6.8313e-4 -0.001030147 -0.9999993 -6.83463e-4 -0.001030504 -0.9999992 -6.84392e-4 -0.001036763 -0.9999992 -6.84391e-4 -0.001036763 -0.9999994 -6.30776e-4 -0.001047015 -0.9987802 -0.03334712 -0.03641647 -0.9987802 -0.03334975 -0.03641378 -0.9987802 -0.03334867 -0.03641486 -0.9987735 -0.03345018 -0.0365054 -0.9999971 0.002241194 -9.97079e-4 -0.9987736 -0.03344917 -0.03650647 -0.9038275 -0.4278343 -0.007344722 -0.903809 -0.4278737 -0.007306993 -0.9038201 -0.4278497 -0.007340073 -0.9038199 -0.4278501 -0.007340669 -0.9038199 -0.4278504 -0.007341146 -0.9038271 -0.4278348 -0.007345438 1.66124e-4 -0.01376545 0.9999052 -0.1160095 -0.1038574 -0.9878033 -0.1160112 -0.1038558 -0.9878034 -0.1262934 -0.117665 -0.9849898 -0.003467023 -0.01357597 0.9999019 -9.9413e-4 -0.01495099 0.9998878 -0.1243133 -0.1123062 -0.9858669 -0.1243082 -0.1123113 -0.985867 -0.1243087 -0.1123103 -0.985867 -9.94211e-4 -0.01495146 0.9998878 -9.94393e-4 -0.0149526 0.9998877 -0.1243194 -0.1122984 -0.985867 -0.1243059 -0.1123117 -0.9858673 -0.1243392 -0.1122808 -0.9858666 -9.92375e-4 -0.01495265 0.9998878 0.001000106 -0.01606589 0.9998705 0.001081466 -0.01547253 0.9998797 -0.001473367 -0.01496005 0.999887 2.1004e-4 -0.0194199 0.9998114 -0.004876613 -0.01901245 0.9998074 -0.004886388 -0.01916068 0.9998045 -0.001412749 -0.02103501 0.9997777 -0.001412987 -0.02101093 0.9997783 -0.01395207 0.9997911 0.01493781 -0.01395237 0.999791 0.01493883 -0.001418828 -0.02096903 0.9997791 -0.001419126 -0.02105599 0.9997773 -0.001418828 -0.020976 0.999779 -0.001440644 -0.02108019 0.9997768 -0.001440346 -0.02098882 0.9997788 -0.001440644 -0.02109467 0.9997765 0.01059693 -0.9956923 -0.09211212 -0.01860165 -0.9763804 -0.2152565 -0.03343558 -0.9667961 -0.2533528 -0.01859885 -0.9763802 -0.2152575 -0.9999943 -0.002907156 -0.001692354 -0.9999945 -0.003170907 -0.001043677 0.9999815 0.005995631 0.001089036 -0.9999812 -0.006029307 -0.001122891 -0.9999812 -0.006029307 -0.001122891 -0.9999815 -0.006055355 -6.53437e-4 -0.9999815 -0.006055414 -6.53428e-4 0.9999831 0.005819022 4.15266e-4 0.8733342 -0.4870793 -0.006417512 -0.004913151 -0.01902878 0.999807 -0.6975162 -0.4636716 -0.5463332 -0.6975172 -0.4636888 -0.5463172 0.9999641 0.008351325 0.001527309 0.8733364 -0.4870756 -0.006410479 0.01074415 -0.9998308 -0.0149371 0.01074361 -0.9998307 -0.01494097 -0.9999889 -0.004478275 -0.001499772 -0.8847703 -0.4659615 -0.007847309 -0.001356542 -0.02105206 0.9997774 -0.003830671 -0.01644527 0.9998575 -0.8847677 -0.4659663 -0.007842123 -0.9999889 -0.004484534 -0.001461684 -0.9999989 -0.001184701 -0.001013457 -0.9999573 -0.001861095 -0.009065151 -0.999988 -0.00397104 -0.002896487 -0.9999972 -0.001674294 -0.001733064 -0.8607867 -0.504423 -0.0678507 -0.9999976 -0.001695752 -0.001407384 -0.9999889 -0.004487693 -0.001503407 -0.9999889 -0.004485547 -0.001430034 -0.8847675 -0.4659666 -0.007848858 0.01074439 -0.9998306 -0.01494514 0.01074361 -0.9998307 -0.01493954 0.8733369 -0.4870746 -0.006414949 0.8733366 -0.4870752 -0.006413638 0.999964 0.00835216 0.001500785 0.9999831 0.005712985 0.001081824 0.9965527 -0.0829637 -2.22348e-4 0.9999831 0.005710244 0.001087784 -0.9999829 -0.00574392 -0.00112164 0.1900149 0.9816687 0.01486951 0.9999667 0.008033394 0.001495659 -0.1900422 -0.9816628 -0.01490771 -0.1900434 -0.9816626 -0.01490402 -0.1900434 -0.9816626 -0.01490402 0.190014 0.9816688 0.01486694 -0.999998 -0.001673638 -0.001040339 0.1829075 0.9829368 0.01949429 -0.2977649 -0.8665463 -0.4005419 -0.2977354 -0.8665406 -0.4005759 -0.2977333 -0.8665401 -0.4005786 -0.9999977 -0.001669049 -0.001357734 0.0148521 -0.9914769 -0.1294338 -0.0438252 -0.9337168 -0.3553202 -0.001016438 -0.01528841 0.9998827 -9.97321e-4 -0.01500004 0.999887 -9.97323e-4 -0.01500004 0.999887 0.01480019 -0.9914779 -0.1294326 0.01522004 -0.9915888 -0.1285303 0.0152198 -0.9916032 -0.128419 -0.001435875 -0.02097028 0.9997791 -0.001470208 -0.02098494 0.9997787 -0.004846036 -0.01910203 0.9998059 0.01526373 -0.9915903 -0.1285142 0.0151003 -0.9996667 -0.02094328 0.01523721 -0.9915937 -0.12849 -0.004911124 -0.01914912 0.9998046 -0.004731059 -0.01480114 0.9998794 0.9991317 -0.04166144 3.71542e-4 0.01510214 -0.999666 -0.02097189 0.01510167 -0.9996662 -0.02096486 0.01510167 -0.9996665 -0.02095061 0.9991318 -0.04166179 3.70978e-4 0.9991317 -0.04166257 3.70017e-4 0.01510083 -0.9996665 -0.02095115 0.01511687 -0.9996638 -0.02107012 0.01512104 -0.9996637 -0.02107012 0.8250103 -0.5650789 -0.006631255 0.8249627 -0.5651435 -0.007036685 -0.8121357 -0.5759143 -0.09358656 0.01513898 -0.9996632 -0.02108103 0.01515722 -0.999664 -0.02103209 0.01515722 -0.9996643 -0.02101635 -0.9804204 -0.1946328 -0.02989655 -0.9804202 -0.1946319 -0.02990901 -0.9821966 -0.1878179 -0.003784418 0.0151574 -0.999666 -0.0209307 0.0152235 -0.9915945 -0.1284859 0.01515781 -0.9996644 -0.02101141 -0.9821966 -0.1878166 -0.003858923 -0.9821957 -0.1878215 -0.003839552 -0.001411974 -0.02102422 0.999778 0.01522719 -0.9916025 -0.1284233 -0.04456841 -0.9410601 -0.3352904 0.01519358 -0.9915989 -0.1284561 -0.001384556 -0.02106004 0.9997773 -0.001399397 -0.02101296 0.9997783 -0.001399159 -0.02100861 0.9997784 -0.04474633 -0.94106 -0.335267 0.0109809 -0.2377353 0.971268 0.008357882 -0.2163109 0.9762888 -0.9999976 -0.001652538 -0.001459181 -0.9999976 -0.001649439 -0.001481115 -0.9999976 -0.001662015 -0.001483142 0.01023411 -0.2377343 0.9712763 0.001619875 -0.02170884 0.999763 0.007452368 -0.2332113 0.9723976 -0.9999977 -0.001661479 -0.001409113 -0.9999976 -0.001653492 -0.001451492 -0.7908472 -0.4601302 -0.4035356 0.001598775 -0.02172118 0.9997628 0.001419305 -0.02241957 0.9997476 0.001521408 -0.02160471 0.9997655 -0.7265089 -0.6672371 -0.1642548 -0.727679 -0.6656327 -0.1655791 0.7655237 -0.6384211 -0.07994991 0.001392304 -0.02242493 0.9997476 -0.005842506 -0.2354806 0.9718616 0.00132519 -0.02254128 0.9997451 0.8061295 -0.4436235 -0.3916038 0.8061312 -0.4436228 -0.3916013 0.8061313 -0.4436227 -0.3916013 -0.005822539 -0.2354469 0.9718698 -0.007427155 -0.2182762 0.9758588 -0.008362114 -0.2398139 0.9707829 0.9358294 -0.32359 -0.1396891 0.9293947 -0.3389096 -0.1461708 0.9999669 0.008013069 0.001483678 -0.008360266 -0.2181412 0.9758815 -0.001423597 -0.02111613 0.999776 -0.003380894 -0.2374234 0.9714004 0.9999665 0.008041799 0.001580715 0.9999667 0.008013606 0.001583933 0.2516337 0.9670948 -0.03752505 -0.001413822 -0.02117663 0.9997748 0.004386782 -0.2386727 0.9710902 -0.00136137 -0.02118057 0.9997748 0.2347602 0.9719353 -0.01514899 0.2284552 0.9734269 -0.01575714 -0.9999977 -0.001664519 -0.001348376 0.003970324 -0.2352508 0.9719267 -0.01958435 0.9995874 0.02101713 -0.0196622 0.9995858 0.02101725 -9.94021e-4 -0.01495248 0.9998877 -9.94211e-4 -0.014952 0.9998878 -0.01960939 0.9995869 0.02101677 -0.0195716 0.9995874 0.02102237 -0.01957166 0.9995865 0.02106589 2.15343e-4 -0.01938241 0.9998121 2.17315e-4 -0.01931637 0.9998134 -0.001341164 -0.02099853 0.9997786 -0.01956444 0.9995886 0.02097684 -0.01959133 0.9995882 0.02097123 -0.01961344 0.9995877 0.02097123 -9.97477e-4 -0.01500213 0.999887 -9.97281e-4 -0.01500076 0.999887 -9.97282e-4 -0.01500076 0.999887 -0.01954358 0.9995892 0.02096992 -0.01960891 0.9995856 0.02107602 -0.01960861 0.9995868 0.02101778 -0.001389741 -0.02107614 0.999777 -0.001470983 -0.01495778 0.9998871 -0.001387357 -0.02094954 0.9997796 -0.0196169 0.9995856 0.02106475 -0.6040753 -0.6637766 -0.4410145 -0.6041004 -0.6637582 -0.4410078 -0.6041157 -0.6637471 -0.4410036 -0.6033365 -0.4697444 -0.6444574 -0.603295 -0.4697541 -0.6444892 -0.6033468 -0.4697417 -0.6444497 -0.5298575 -0.6857824 -0.4989524 -0.5298615 -0.6857808 -0.4989503 -0.5299085 -0.6857734 -0.4989107 -0.5464674 -0.6658797 -0.507915 -0.5464265 -0.6658896 -0.507946 -0.54648 -0.6658766 -0.5079056 -0.5459203 -0.7427877 -0.387605 -0.5458878 -0.7428022 -0.3876231 -0.5459421 -0.742778 -0.3875929 -0.5236843 -0.7917603 -0.3144366 -0.523692 -0.7917571 -0.3144319 -0.5236976 -0.7917548 -0.3144288 -0.9365417 -0.350502 -0.006168723 -0.9253839 -0.3696923 -0.08362007 -0.7641522 -0.629156 -0.1422475 -0.7641503 -0.6291576 -0.1422508 0.7698997 -0.6224789 -0.1406223 -0.7734393 -0.6182558 -0.1398269 -0.5795378 -0.5756044 -0.5769017 -0.5791772 -0.5758792 -0.5769895 -0.5791712 -0.5758676 -0.5770071 0.7722504 -0.6175843 -0.1490613 0.9346362 -0.3456801 -0.08342987 -0.747208 -0.4371229 -0.5006036 -0.7591338 -0.4077419 -0.5074076 -0.7591499 -0.4077827 -0.5073507 0.9276544 -0.3734109 -0.004663825 -0.9093539 -0.391094 0.141849 -0.9252757 -0.3792374 -0.006631612 -0.9252756 -0.3792376 -0.00663203 -0.9319404 -0.3536694 -0.08003205 -0.9319412 -0.3536829 -0.07996356 -0.8594419 -0.3841753 0.3372968 -2.7357e-4 -0.1840257 0.9829215 -0.7544633 -0.5045046 0.4198338 -0.7641822 -0.629126 -0.1422191 -0.7643563 -0.6289461 -0.1420787 -0.7639365 -0.6294059 -0.1422999 -3.22953e-4 -0.1839703 0.9829317 0.7579497 -0.4979024 0.421433 -9.75577e-4 -0.1839767 0.9829301 -0.7734679 -0.618237 -0.1397515 -0.773469 -0.6182277 -0.1397867 0.7698701 -0.6225146 -0.1406264 0.7579373 -0.4979192 0.421435 0.04536914 -0.04374533 0.9980121 0.8576787 -0.3857159 0.340016 0.9287244 -0.3616659 -0.08166342 0.9395523 -0.3423798 -0.004205703 0.9395559 -0.3423697 -0.004221379 0.04553484 -0.04385733 0.9979996 -0.9751261 -0.166602 -0.146195 -0.9751264 -0.1665869 -0.1462098 -0.9751266 -0.1665835 -0.1462131 -0.9757894 -0.1643437 -0.1443132 -0.9757898 -0.1643246 -0.1443318 -0.9757895 -0.1643385 -0.1443183 -0.8867734 -0.4385284 -0.1460344 -0.8867689 -0.4385402 -0.1460257 -0.8867635 -0.4385539 -0.1460174 -0.3575134 -0.9338234 -0.01257461 -0.3574759 -0.9338367 -0.01265311 -0.3574821 -0.9338338 -0.01268875 -0.06532293 -0.9942066 -0.08536028 -0.06533598 -0.9942042 -0.08537757 -0.06529146 -0.9942103 -0.08534073 -0.999302 1.77227e-5 -0.03735846 -0.9993033 2.17491e-4 -0.03732186 -0.9992849 -2.95508e-4 -0.03781211 -0.998713 1.25892e-4 -0.05071836 -0.9987094 1.28043e-4 -0.05078995 -0.9987163 1.04141e-4 -0.05065482 -0.99952 -0.01075613 -0.02905511 -0.99952 -0.01075613 -0.02905511 -0.99952 -0.01075613 -0.02905517 -0.9997541 -0.008747398 -0.02037745 -0.9997541 -0.008747398 -0.02037745 -0.9997541 -0.008747398 -0.02037745 -0.8844753 -0.002818584 -0.4665786 -0.8843904 -0.003211915 -0.466737 -0.884419 -0.003079712 -0.4666837 0.9794048 0.01846867 0.2010604 0.6171289 -0.7301332 0.2933556 0.1204042 -0.9675828 0.2220057 -0.1092053 -0.9800086 0.1663054 0.2651345 -0.9115234 0.3143706 -0.268077 -0.9146198 0.3026639 0.3549628 -0.8755437 0.3277569 -0.4344006 -0.8136528 0.3863489 -0.0216037 -0.9192374 0.3931108 0.7194224 -0.6929886 0.04688519 0.2363613 -0.911756 0.3359082 0.1092062 0.9800083 -0.1663067 -0.1203975 0.9675778 -0.2220311 0.268077 0.9146198 -0.3026638 -0.2651338 0.9115129 -0.3144016 0.02160412 0.9192402 -0.393104 0.4344006 0.8136528 -0.386349 -0.3549684 0.8755214 -0.3278107 -0.7194225 0.6929886 -0.04688519 -0.2363524 0.9117669 -0.335885 -0.9794048 -0.01846778 -0.2010604 -0.6171239 0.7301296 -0.2933753 -0.1243479 -0.1123411 -0.9858586 -0.1243468 -0.1123424 -0.9858586 -0.1243547 -0.1123346 -0.9858585 -0.1243391 -0.1123358 -0.9858603 -0.1243556 -0.1123201 -0.98586 -0.124349 -0.1123273 -0.98586 -0.1243911 -0.1123644 -0.9858505 -0.1243782 -0.1123773 -0.9858507 -0.1226222 -0.1140847 -0.9858745 -0.124357 -0.1123906 -0.9858518 -0.1243578 -0.1123892 -0.9858518 -0.1243569 -0.1123909 -0.9858518 -0.1655133 -0.9608327 -0.2222746 -0.1655249 -0.9608336 -0.222262 -0.165514 -0.9608328 -0.2222738 -0.1655748 -0.9607988 -0.2223755 -0.1655834 -0.9607995 -0.2223662 -0.1655654 -0.960798 -0.2223855 -0.4979922 -0.6580284 -0.564803 -0.4979634 -0.6580077 -0.5648525 -0.497968 -0.658011 -0.5648446 -0.4979356 -0.6579991 -0.5648871 -0.4979569 -0.6580144 -0.5648505 -0.4979547 -0.6580129 -0.5648542 -0.7410197 -0.4242056 -0.5205184 -0.74101 -0.4241833 -0.5205503 -0.7410278 -0.4242241 -0.5204919 -0.7409759 -0.4242158 -0.5205725 -0.7409834 -0.4242328 -0.520548 -0.7409737 -0.4242109 -0.5205797 -0.165522 -0.9608329 -0.2222674 -0.1655172 -0.9608325 -0.2222726 -0.1655132 -0.9608322 -0.2222769 -0.1655333 -0.9608223 -0.2223048 -0.1655239 -0.9608216 -0.2223147 -0.1655125 -0.9608207 -0.2223271 -0.4979942 -0.657996 -0.5648391 -0.4979587 -0.6579704 -0.5649001 -0.4979979 -0.657999 -0.5648323 -0.4979794 -0.6579747 -0.5648769 -0.4980114 -0.6579978 -0.5648218 -0.4979997 -0.6579898 -0.5648413 -0.7410069 -0.4242421 -0.5205071 -0.7409808 -0.4241836 -0.5205917 -0.7410043 -0.4242362 -0.5205155 -0.7410014 -0.4242234 -0.5205301 -0.7410005 -0.4242215 -0.5205328 -0.7409882 -0.4241932 -0.5205733 -0.1243086 -0.1123189 -0.9858661 -0.1243187 -0.1123142 -0.9858653 -0.1243277 -0.112309 -0.9858648 -0.1244264 -0.1123881 -0.9858433 -0.1244134 -0.1124002 -0.9858436 -0.1244122 -0.112403 -0.9858435 -0.1244172 -0.1123979 -0.9858434 -0.1244121 -0.112401 -0.9858437 -0.1244069 -0.112407 -0.9858437 -0.1243445 -0.1122934 -0.9858644 -0.1225778 -0.1140021 -0.9858896 -0.1242595 -0.112205 -0.9858852 -0.6235507 -0.4936221 -0.6062357 -0.6235716 -0.4936227 -0.6062138 -0.623592 -0.4936336 -0.606184 -0.2662338 -0.9136572 -0.3071648 -0.2662228 -0.9136555 -0.3071794 -0.2662323 -0.9136552 -0.3071722 -0.2662159 -0.9136536 -0.3071909 -0.2662149 -0.9136543 -0.3071897 -0.2662404 -0.9136562 -0.3071618 -0.5325662 -0.8163189 -0.2235996 -0.532594 -0.8163043 -0.2235868 -0.5325992 -0.8163017 -0.2235838 -0.5325996 -0.8162873 -0.2236351 -0.5325754 -0.8163006 -0.2236447 -0.5325653 -0.8163046 -0.2236537 -0.2227138 -0.8469905 -0.4827065 -0.2227056 -0.8469848 -0.4827204 -0.2227136 -0.8469916 -0.4827048 -0.2227602 -0.8469794 -0.4827048 -0.2227507 -0.8469713 -0.4827234 -0.22276 -0.8469819 -0.4827005 -0.6235914 -0.4935631 -0.606242 -0.6234716 -0.4936685 -0.6062794 -0.6236023 -0.4935648 -0.6062294 0.07358086 0.9809169 0.1799665 0.06709265 0.9915683 -0.1108649 5.84872e-4 0.999427 0.03384339 -6.01076e-5 0.9994261 0.03387558 0.04265904 0.9784215 0.2021676 -0.00447607 0.9801073 0.1984186 -8.02024e-4 0.999418 0.03410464 -0.2282776 0.9735537 -0.009092688 -0.1873356 0.9776741 -0.09517741 -0.263959 0.9616315 -0.07476979 0.09301716 0.99212 0.08393883 -0.6323313 0.7538115 -0.1786772 -0.7430332 0.6642205 -0.08193141 0.08777183 0.9806362 -0.175068 0.3733284 0.8208385 -0.4322615 -0.1070532 0.9731646 -0.2036921 -0.001481473 0.9995621 0.02955561 -0.04567521 0.9813331 -0.1868132 -8.25962e-4 0.9995744 0.02916526 -0.01124387 0.9799983 -0.1986882 -0.004040002 0.9784587 -0.2064034 -7.51302e-4 0.9995726 0.0292254 -0.2756414 0.9365874 -0.2163932 -0.6440979 0.7649396 -0.002326905 -5.83783e-4 -0.999427 -0.03384375 -0.06709587 -0.991568 0.1108649 -0.07358074 -0.9809169 -0.1799664 -0.04265922 -0.9784215 -0.2021672 7.16336e-5 -0.999426 -0.03387808 0.2282859 -0.9735519 0.009083569 8.01244e-4 -0.999418 -0.03410488 0.00447607 -0.9801072 -0.1984188 -0.09302133 -0.9921196 -0.08393949 0.26396 -0.9616317 0.07476544 0.1873432 -0.9776757 0.095146 0.6323313 -0.7538117 0.1786767 0.7430327 -0.6642211 0.08193194 -0.3733289 -0.8208384 0.4322616 -0.08777803 -0.9806367 0.175062 0.04567331 -0.9813323 0.186818 0.001476168 -0.9995622 -0.02955341 0.1070527 -0.9731646 0.2036921 0.01124447 -0.9799982 0.1986886 8.23721e-4 -0.9995744 -0.02916473 7.46951e-4 -0.9995726 -0.02922487 0.004040002 -0.9784587 0.2064039 0.2756401 -0.9365875 0.2163938 0.6440981 -0.7649395 0.002326965 -0.004261493 0.9971777 -0.07495778 0.072788 0.9845585 -0.159206 -0.004125118 0.9871473 -0.1597599 -0.004125952 0.9871476 -0.1597586 -0.3545661 0.9229235 -0.1499843 -0.3595438 0.9221778 -0.1425358 -0.28924 0.7551717 -0.5882653 -0.001523137 0.5527467 -0.833348 0.1029265 0.5501778 -0.8286801 -0.001951336 0.6362925 -0.7714455 0.1123868 0.6326175 -0.7662664 -0.3394222 0.8865019 -0.314495 0.00426054 -0.9971777 0.07495594 -0.07278794 -0.9845588 0.1592044 0.004125654 -0.9871476 0.1597579 0.004126012 -0.9871476 0.1597578 0.3545667 -0.9229235 0.1499822 0.3595439 -0.9221778 0.1425358 0.2892392 -0.7551729 0.5882641 0.001523554 -0.5527464 0.8333482 -0.1029271 -0.5501777 0.82868 0.001952171 -0.6362926 0.7714454 -0.1123868 -0.6326186 0.7662656 0.339423 -0.8865021 0.3144936</float_array>
          <technique_common>
            <accessor source="#caravel-rkc_Mesh-mesh-normals-array" count="952" stride="3">
              <param name="X" type="float"/>
              <param name="Y" type="float"/>
              <param name="Z" type="float"/>
            </accessor>
          </technique_common>
        </source>
        <source id="caravel-rkc_Mesh-mesh-map-0">
          <float_array id="caravel-rkc_Mesh-mesh-map-0-array" count="2364">0.03064405 0.9659777 0.0410735 0.9663086 0.03658306 0.974174 0.02065408 0.8309971 0.03067731 0.8306366 0.03064405 0.9659777 0.03064405 0.9659777 0.02070194 0.9650422 0.02065408 0.8309971 0.03948956 0.8318124 0.05026566 0.8318315 0.05144876 0.9657321 0.05144876 0.9657321 0.0410735 0.9663086 0.03948956 0.8318124 0.03067731 0.8306366 0.03948956 0.8318124 0.0410735 0.9663086 0.0410735 0.9663086 0.03064405 0.9659777 0.03067731 0.8306366 0.03486418 0.820107 0.03948956 0.8318124 0.03067731 0.8306366 0.2164528 0.9795313 0.2229613 0.9707327 0.2255938 0.9794865 0.2060663 0.9430391 0.2069739 0.934409 0.4587708 0.9346533 0.4587708 0.9346533 0.4578667 0.9439753 0.2060663 0.9430391 0.2055236 0.9549245 0.2060663 0.9430391 0.4578667 0.9439753 0.4578667 0.9439753 0.4592123 0.9544177 0.2055236 0.9549245 0.2069739 0.934409 0.2069487 0.9242879 0.458453 0.9240252 0.458453 0.9240252 0.4587708 0.9346533 0.2069739 0.934409 0.3063006 0.9848851 0.304981 0.9760566 0.3141191 0.9762851 0.8714739 0.558227 0.9178218 0.5336703 0.9143736 0.5543079 0.960451 0.580468 0.916336 0.5803524 0.9143736 0.5543079 0.9143736 0.5543079 0.9611011 0.5320491 0.960451 0.580468 0.9160747 0.5799087 0.960451 0.580468 0.9611011 0.5320491 0.9611011 0.5320491 0.9143736 0.5543079 0.9178218 0.5336703 0.9160747 0.5799087 0.9611011 0.5320491 0.9186552 0.5335052 0.9160747 0.5799087 0.9186552 0.5335052 0.8712436 0.5577287 0.916336 0.5803524 0.8714739 0.558227 0.9143736 0.5543079 0.5488391 0.5381686 0.5708889 0.535571 0.4026387 0.7877355 0.4026387 0.7877355 0.2223961 0.5333356 0.2826398 0.534592 0.4026387 0.7877355 0.2826398 0.534592 0.362697 0.5346974 0.4026387 0.7877355 0.362697 0.5346974 0.4435079 0.5357332 0.5488391 0.5381686 0.4026387 0.7877355 0.4435079 0.5357332 0.2826398 0.534592 0.2223961 0.5333356 0.4026387 0.7877355 0.362697 0.5346974 0.2826398 0.534592 0.4026387 0.7877355 0.4435079 0.5357332 0.362697 0.5346974 0.4026387 0.7877355 0.5488391 0.5381686 0.4435079 0.5357332 0.4026387 0.7877355 0.5708889 0.535571 0.5488391 0.5381686 0.4026387 0.7877355 0.08701211 0.5508291 0.08131855 0.5480193 0.086443 0.5442642 0.086443 0.5442642 0.09726101 0.5433194 0.1029543 0.5461294 0.08701211 0.5508291 0.086443 0.5442642 0.1029543 0.5461294 0.09782999 0.5498843 0.08701211 0.5508291 0.1029543 0.5461294 0.07701212 0.5615998 0.08397924 0.5615346 0.08181184 0.9552609 0.08181184 0.9552609 0.07552069 0.9551436 0.07701212 0.5615998 0.08397924 0.5615346 0.09301197 0.5616025 0.09061986 0.9551926 0.09061986 0.9551926 0.08181184 0.9552609 0.08397924 0.5615346 0.09301197 0.5616025 0.09922325 0.5620566 0.09716492 0.9553759 0.09716492 0.9553759 0.09061986 0.9551926 0.09301197 0.5616025 0.09922325 0.5620566 0.1055131 0.5623182 0.1040131 0.955603 0.1040131 0.955603 0.09716492 0.9553759 0.09922325 0.5620566 0.1055131 0.5623182 0.1146264 0.5624676 0.1131264 0.9557524 0.1131264 0.9557524 0.1040131 0.955603 0.1055131 0.5623182 0.07004243 0.5616512 0.07701212 0.5615998 0.07552069 0.9551436 0.07552069 0.9551436 0.06922703 0.9550124 0.07004243 0.5616512 0.08027946 0.9693074 0.08554875 0.9657653 0.09639632 0.9652634 0.09639632 0.9652634 0.1019746 0.9683035 0.09670531 0.9718456 0.08027946 0.9693074 0.09639632 0.9652634 0.09670531 0.9718456 0.08585768 0.9723476 0.08027946 0.9693074 0.09670531 0.9718456 0.2675946 0.9804702 0.2701736 0.9771739 0.270021 0.9858483 0.2055236 0.9549245 0.2060663 0.9430391 0.4578667 0.9439753 0.4578667 0.9439753 0.4592123 0.9544177 0.2055236 0.9549245 0.2060663 0.9430391 0.2069739 0.934409 0.4587708 0.9346533 0.4587708 0.9346533 0.4578667 0.9439753 0.2060663 0.9430391 0.458453 0.9240252 0.4587708 0.9346533 0.2069739 0.934409 0.2069739 0.934409 0.2069487 0.9242879 0.458453 0.9240252 0.2675946 0.9736993 0.270031 0.9683259 0.2701675 0.9770005 0.1924446 0.5130195 0.1973054 0.5164844 0.1919894 0.5191978 0.1919894 0.5191978 0.1818119 0.5184467 0.1769512 0.5149821 0.1924446 0.5130195 0.1919894 0.5191978 0.1769512 0.5149821 0.1822672 0.5122684 0.1924446 0.5130195 0.1769512 0.5149821 0.1486965 0.5302312 0.1546544 0.53022 0.1554169 0.9550892 0.1554169 0.9550892 0.1492912 0.9548492 0.1486965 0.5302312 0.1546544 0.53022 0.1633672 0.5300131 0.1637426 0.9553914 0.1637426 0.9553914 0.1554169 0.9550892 0.1546544 0.53022 0.1633672 0.5300131 0.1698228 0.529766 0.1694176 0.955546 0.1694176 0.955546 0.1637426 0.9553914 0.1633672 0.5300131 0.1698228 0.529766 0.1787114 0.5296686 0.1753937 0.9566632 0.1753937 0.9566632 0.1694176 0.955546 0.1698228 0.529766 0.1787114 0.5296686 0.1787114 0.5296686 0.1833139 0.956881 0.1833139 0.956881 0.1753937 0.9566632 0.1787114 0.5296686 0.1787114 0.5296686 0.1901424 0.5293681 0.1888172 0.9571713 0.1888172 0.9571713 0.1833139 0.956881 0.1787114 0.5296686 0.1927704 0.9831458 0.1873435 0.9856327 0.1772074 0.9844533 0.1772074 0.9844533 0.1724975 0.9807865 0.177924 0.9782993 0.1927704 0.9831458 0.1772074 0.9844533 0.177924 0.9782993 0.1880608 0.979479 0.1927704 0.9831458 0.177924 0.9782993 0.205487 0.8893316 0.2105042 0.8855444 0.2112267 0.8923869 0.2112267 0.8923869 0.2105042 0.8855444 0.4835462 0.8856148 0.4835462 0.8856148 0.4840623 0.8930957 0.2112267 0.8923869 0.2092153 0.9067495 0.2092298 0.8990474 0.4836277 0.8988105 0.4836277 0.8988105 0.4823401 0.9067916 0.2092153 0.9067495 0.2092298 0.8990474 0.2112267 0.8923869 0.4840623 0.8930957 0.4840623 0.8930957 0.4836277 0.8988105 0.2092298 0.8990474 0.4836277 0.8988105 0.4840623 0.8930957 0.4864489 0.9002683 0.1514241 0.4643772 0.1513209 0.4276477 0.1175379 0.4111743 0.1514241 0.4643772 0.1175379 0.4111743 0.07059502 0.4121052 0.1514241 0.4643772 0.07059502 0.4121052 0.06916189 0.4548563 0.1514241 0.4643772 0.1948562 0.4645012 0.1513209 0.4276477 0.3837377 0.4649754 0.3516935 0.4276911 0.4065269 0.4277867 0.4065269 0.4277867 0.4432771 0.4652059 0.3837377 0.4649754 0.06916189 0.4548563 0.07059502 0.4121052 0.1175379 0.4111743 0.06916189 0.4548563 0.1175379 0.4111743 0.1513209 0.4276477 0.06916189 0.4548563 0.1513209 0.4276477 0.1514241 0.4643772 0.02777707 0.4647162 0.02320343 0.4124353 0.07059502 0.4121052 0.07059502 0.4121052 0.06916189 0.4548563 0.02777707 0.4647162 0.06916189 0.4548563 0.07059502 0.4121052 0.02320343 0.4124353 0.02320343 0.4124353 0.02777707 0.4647162 0.06916189 0.4548563 0.06319427 0.1787024 0.1203379 0.1655623 0.08549499 0.2009125 0.3297864 0.2057823 0.1540901 0.2083774 0.1606926 0.1696683 0.1606926 0.1696683 0.3500172 0.1602008 0.3297864 0.2057823 0.03560167 0.1308345 0.08597487 0.132608 0.03895986 0.1387776 0.09931981 0.02286589 0.02781701 0.02214539 0.09597653 0.01519721 0.0967096 0.03097295 0.02840662 0.0259909 0.09931981 0.02302485 0.3210703 0.2303094 0.3203342 0.2772621 0.3045861 0.2292249 0.3500172 0.1602008 0.3297864 0.2057823 0.4738216 0.1926219 0.4738216 0.1926219 0.4123207 0.1601579 0.3500172 0.1602008 0.1203379 0.1655623 0.08549499 0.2009125 0.08590197 0.207712 0.1203379 0.1655623 0.08590197 0.207712 0.1540901 0.2083774 0.1203379 0.1655623 0.1540901 0.2083774 0.1606926 0.1696683 0.04775846 0.2174745 0.05793261 0.2161382 0.08549499 0.2009125 0.08549499 0.2009125 0.06319427 0.1787024 0.02271282 0.18334 0.04775846 0.2174745 0.08549499 0.2009125 0.02271282 0.18334 0.08549499 0.2009125 0.05793261 0.2161382 0.04775846 0.2174745 0.04775846 0.2174745 0.02271282 0.18334 0.06319427 0.1787024 0.08549499 0.2009125 0.04775846 0.2174745 0.06319427 0.1787024 0.2878653 0.142012 0.2780695 0.09946578 0.2991247 0.08949679 0.2991247 0.08949679 0.3535829 0.1108966 0.2878653 0.142012 0.1258698 0.09899169 0.2780695 0.09946578 0.2878653 0.142012 0.2878653 0.142012 0.1138328 0.1415524 0.1258698 0.09899169 0.008218169 0.09076374 0.07667279 0.09046864 0.07911759 0.09902274 0.3954121 0.2384978 0.4738216 0.1926219 0.4539455 0.251179 0.009293496 0.09053909 0.07904297 0.08189344 0.07667279 0.09046864 0.3887357 0.274797 0.3203342 0.2772621 0.3210703 0.2303094 0.108967 0.03910052 0.1264765 0.0815106 0.07904297 0.08189344 0.3954121 0.2384978 0.4738216 0.1926219 0.3297864 0.2057823 0.3533947 0.06765359 0.2991247 0.08949679 0.2779836 0.07971215 0.2779836 0.07971215 0.2874087 0.03711354 0.3533947 0.06765359 0.2991247 0.08949679 0.3533947 0.06765359 0.3653125 0.08113825 0.3653125 0.08113825 0.3671411 0.08921432 0.2991247 0.08949679 0.3724308 0.08919239 0.3655354 0.0971328 0.3671411 0.08921432 0.2780695 0.09946578 0.1258698 0.09899169 0.1264765 0.0815106 0.1264765 0.0815106 0.2779836 0.07971215 0.2991247 0.08949679 0.2780695 0.09946578 0.1264765 0.0815106 0.2991247 0.08949679 0.9659028 0.1000301 0.8435972 0.1000314 0.8439918 0.03233385 0.8439918 0.03233385 0.9051082 0.02167493 0.9661291 0.03286558 0.9659028 0.1000301 0.8439918 0.03233385 0.9661291 0.03286558 0.1175379 0.4111743 0.1513209 0.4276477 0.1513209 0.4276477 0.1513209 0.4276477 0.1948562 0.4645012 0.1514241 0.4643772 0 0 0 0 0 0 0.1606926 0.1696683 0.1540901 0.2083774 0.08590197 0.207712 0.08590197 0.207712 0.08549499 0.2009125 0.1203379 0.1655623 0.1606926 0.1696683 0.08590197 0.207712 0.1203379 0.1655623 0.08549499 0.2009125 0.1203379 0.1655623 0.06319427 0.1787024 0.08549499 0.2009125 0.05793261 0.2161382 0.08590197 0.207712 0.05793261 0.2161382 0.08549499 0.2009125 0.08590197 0.207712 0.3671411 0.08921432 0.3653125 0.08113825 0.3724308 0.08919239 0.2991247 0.08949679 0.3671411 0.08921432 0.3655354 0.0971328 0.3655354 0.0971328 0.3535829 0.1108966 0.2991247 0.08949679 0.9005882 0.01607096 0.9367167 0.05525791 0.9680418 0.1396175 0.9680418 0.1396175 0.9687098 0.1842309 0.836512 0.1846957 0.9680418 0.1396175 0.836512 0.1846957 0.8357449 0.1417841 0.9005882 0.01607096 0.9680418 0.1396175 0.8357449 0.1417841 0.9005882 0.01607096 0.8357449 0.1417841 0.8652123 0.05729532 0.3500172 0.1602008 0.4123207 0.1601579 0.4738216 0.1926219 0.4738216 0.1926219 0.3297864 0.2057823 0.3500172 0.1602008 0.1606926 0.1696683 0.1540901 0.2083774 0.3297864 0.2057823 0.3297864 0.2057823 0.3500172 0.1602008 0.1606926 0.1696683 0.3297864 0.2057823 0.4738216 0.1926219 0.3954121 0.2384978 0.07911759 0.09902274 0.1258698 0.09899169 0.1138328 0.1415524 0.108967 0.03910052 0.2874087 0.03711354 0.2779836 0.07971215 0.2779836 0.07971215 0.1264765 0.0815106 0.108967 0.03910052 0.07911759 0.09902274 0.07667279 0.09046864 0.07904297 0.08189344 0.07904297 0.08189344 0.1264765 0.0815106 0.1258698 0.09899169 0.07911759 0.09902274 0.07904297 0.08189344 0.1258698 0.09899169 0.8471623 0.02926486 0.9571766 0.03079813 0.9553096 0.1908056 0.9553096 0.1908056 0.8476276 0.1945431 0.8471623 0.02926486 0.3837377 0.4649754 0.4432771 0.4652059 0.4065269 0.4277867 0.4065269 0.4277867 0.3516935 0.4276911 0.3837377 0.4649754 0.02985507 0.3165867 0.02988284 0.3092233 0.08588027 0.3236383 0.08588027 0.3236383 0.08585262 0.3310018 0.02985507 0.3165867 0.2324597 0.2606384 0.2322693 0.2679994 0.2772311 0.269162 0.2772311 0.269162 0.2774215 0.2618009 0.2324597 0.2606384 0.1866289 0.2585588 0.1862936 0.2659146 0.2312238 0.2679629 0.2312238 0.2679629 0.2315592 0.260607 0.1866289 0.2585588 0.3083692 0.3459248 0.3087406 0.3385706 0.3659839 0.3414386 0.3659839 0.3414386 0.3656127 0.3487927 0.3083692 0.3459248 0.2835315 0.3589261 0.2839028 0.3515719 0.3087406 0.3385706 0.3087406 0.3385706 0.3083692 0.3459248 0.2835315 0.3589261 0.08862209 0.3490843 0.08899331 0.3417302 0.2839028 0.3515719 0.2839028 0.3515719 0.2835315 0.3589261 0.08862209 0.3490843 0.02861142 0.3460543 0.02898263 0.3387002 0.08899331 0.3417302 0.08899331 0.3417302 0.08862209 0.3490843 0.02861142 0.3460543 0 0 0 0 0 0 0 0 0 0 0 0 0 0 0 0 0 0 0 0 0 0 0 0 0.3113064 0.3318399 0.3113341 0.3244765 0.3662575 0.3246834 0.3662575 0.3246834 0.3662298 0.3320468 0.3113064 0.3318399 0.1109734 0.3310847 0.1110012 0.3237212 0.3113341 0.3244765 0.3113341 0.3244765 0.3113064 0.3318399 0.1109734 0.3310847 0.08585262 0.3310018 0.08588027 0.3236383 0.1110012 0.3237212 0.1110012 0.3237212 0.1109734 0.3310847 0.08585262 0.3310018 0.9576937 0.01497334 0.9688275 0.004083335 0.9667698 0.1890033 0.9667698 0.1890033 0.9558491 0.1694263 0.9576937 0.01497334 0.8476795 0.01344001 0.8366417 0.002240955 0.9688275 0.004083335 0.9688275 0.004083335 0.9576937 0.01497334 0.8476795 0.01344001 0.8481835 0.1698511 0.8370886 0.1909132 0.8366417 0.002240955 0.8366417 0.002240955 0.8476795 0.01344001 0.8481835 0.1698511 0.8522742 0.1155865 0.8435972 0.1000314 0.9659028 0.1000301 0.9659028 0.1000301 0.9568827 0.1153676 0.8522742 0.1155865 0.7921711 0.3529236 0.7931858 0.3241087 0.9539443 0.3220138 0.9539443 0.3220138 0.9513952 0.3529641 0.7921711 0.3529236 0.7832899 0.3848181 0.7833188 0.4136993 0.6733043 0.4138316 0.6733043 0.4138316 0.6732757 0.3849504 0.7832899 0.3848181 0.7921711 0.3529236 0.7931858 0.3241087 0.9539443 0.3220138 0.9539443 0.3220138 0.9513952 0.3529641 0.7921711 0.3529236 0.782054 0.384889 0.7820326 0.4134696 0.6743745 0.4136127 0.6743745 0.4136127 0.6743722 0.3848379 0.782054 0.384889 0.4562188 0.4937949 0.4432771 0.4652059 0.3837377 0.4649754 0.3837377 0.4649754 0.3835436 0.4825188 0.4562188 0.4937949 0.3835436 0.4825188 0.3837377 0.4649754 0.4432771 0.4652059 0.4432771 0.4652059 0.4562188 0.4937949 0.3835436 0.4825188 0.3635249 0.4821743 0.3622391 0.4647398 0.3837377 0.4649754 0.3837377 0.4649754 0.3835436 0.4825188 0.3635249 0.4821743 0.6743569 0.4313057 0.6743745 0.4136127 0.7820326 0.4134696 0.7820326 0.4134696 0.782015 0.4311625 0.6743569 0.4313057 0.3835436 0.4825188 0.3837377 0.4649754 0.3622391 0.4647398 0.3622391 0.4647398 0.3635249 0.4821743 0.3835436 0.4825188 0.3806134 0.5009787 0.4561665 0.5122038 0.4562188 0.4937949 0.4562188 0.4937949 0.3835436 0.4825188 0.3806134 0.5009787 0.3619926 0.500692 0.3806134 0.5009787 0.3835436 0.4825188 0.3835436 0.4825188 0.3635249 0.4821743 0.3619926 0.500692 0.7819967 0.4495694 0.6743386 0.4497125 0.6743569 0.4313057 0.6743569 0.4313057 0.782015 0.4311625 0.7819967 0.4495694 0.3806134 0.5009787 0.3619926 0.500692 0.3635249 0.4821743 0.3635249 0.4821743 0.3835436 0.4825188 0.3806134 0.5009787 0.4561665 0.5122038 0.3806134 0.5009787 0.3835436 0.4825188 0.3835436 0.4825188 0.4562188 0.4937949 0.4561665 0.5122038 0.8761752 0.4772371 0.8113827 0.4765486 0.8115249 0.4581423 0.8115249 0.4581423 0.8763176 0.458831 0.8761752 0.4772371 0.9408591 0.4775413 0.8761752 0.4772371 0.8763176 0.458831 0.8763176 0.458831 0.9410014 0.4591351 0.9408591 0.4775413 0 0 0 0 0 0 0 0 0 0 0 0 0.3418223 0.4647836 0 0 0 0 0 0 0.3622391 0.4647398 0.3418223 0.4647836 0.3417721 0.4824784 0.3418223 0.4647836 0.3622391 0.4647398 0.3622391 0.4647398 0.3635249 0.4821743 0.3417721 0.4824784 0.3417197 0.5008872 0.3417721 0.4824784 0.3635249 0.4821743 0.3635249 0.4821743 0.3619926 0.500692 0.3417197 0.5008872 0.9039856 0.3487297 0.7963272 0.3475707 0.7955462 0.3288379 0.7955462 0.3288379 0.9032117 0.328413 0.9039856 0.3487297 0.3417721 0.4824784 0.3417197 0.5008872 0.3619926 0.500692 0.3619926 0.500692 0.3635249 0.4821743 0.3417721 0.4824784 0.3418223 0.4647836 0.3417721 0.4824784 0.3635249 0.4821743 0.3635249 0.4821743 0.3622391 0.4647398 0.3418223 0.4647836 0 0 0.3418223 0.4647836 0.3622391 0.4647398 0.3622391 0.4647398 0 0 0 0 0.9009854 0.3227748 0.7932595 0.3246881 0.7916877 0.352474 0.7916877 0.352474 0.8994621 0.3536012 0.9009854 0.3227748 0.953857 0.322333 0.9009854 0.3227748 0.8994621 0.3536012 0.8994621 0.3536012 0.9505198 0.352472 0.953857 0.322333 0.9526296 0.3523935 0.7939179 0.352256 0.7923253 0.3235968 0.7923253 0.3235968 0.9525188 0.3225792 0.9526296 0.3523935 0.9009854 0.3227748 0.953857 0.322333 0.9505198 0.352472 0.9505198 0.352472 0.8994621 0.3536012 0.9009854 0.3227748 0.7932595 0.3246881 0.9009854 0.3227748 0.8994621 0.3536012 0.8994621 0.3536012 0.7916877 0.352474 0.7932595 0.3246881 0.899133 0.322483 0.9525772 0.3223544 0.9520496 0.3513423 0.9520496 0.3513423 0.8999659 0.3523383 0.899133 0.322483 0.7914986 0.321931 0.899133 0.322483 0.8999659 0.3523383 0.8999659 0.3523383 0.7921231 0.354045 0.7914986 0.321931 0.9574882 0.02969729 0.847474 0.02816402 0.8476795 0.01344001 0.8476795 0.01344001 0.9576937 0.01497334 0.9574882 0.02969729 0 0 0 0 0 0 0 0 0 0 0 0 0 0 0 0 0 0 0 0 0 0 0 0 0 0 0 0 0 0 0 0 0 0 0 0 0.8117005 0.4297156 0.8130745 0.3781391 0.8766743 0.3783451 0.8766743 0.3783451 0.9415981 0.3785601 0.9414662 0.4309689 0.9414662 0.4309689 0.9410014 0.4591351 0.8763176 0.458831 0.8766743 0.3783451 0.9414662 0.4309689 0.8763176 0.458831 0.8117005 0.4297156 0.8766743 0.3783451 0.8763176 0.458831 0.8117005 0.4297156 0.8763176 0.458831 0.8115249 0.4581423 0.06183975 0.4927726 0.1513633 0.4857471 0.1514241 0.4643772 0.1514241 0.4643772 0.06916189 0.4548563 0.06183975 0.4927726 0.02001571 0.502276 0.06183975 0.4927726 0.06916189 0.4548563 0.06916189 0.4548563 0.02777707 0.4647162 0.02001571 0.502276 0.06183975 0.4927726 0.02001571 0.502276 0.02777707 0.4647162 0.02777707 0.4647162 0.06916189 0.4548563 0.06183975 0.4927726 0.1513633 0.4857471 0.06183975 0.4927726 0.06916189 0.4548563 0.06916189 0.4548563 0.1514241 0.4643772 0.1513633 0.4857471 0.9006218 0.3228781 0.7934491 0.3237369 0.792967 0.3525588 0.792967 0.3525588 0.900304 0.3532961 0.9006218 0.3228781 0.9538254 0.3227395 0.9006218 0.3228781 0.900304 0.3532961 0.900304 0.3532961 0.9503995 0.3519141 0.9538254 0.3227395 0.9006218 0.3228781 0.9538254 0.3227395 0.9503995 0.3519141 0.9503995 0.3519141 0.900304 0.3532961 0.9006218 0.3228781 0.7934491 0.3237369 0.9006218 0.3228781 0.900304 0.3532961 0.900304 0.3532961 0.792967 0.3525588 0.7934491 0.3237369 0.1948562 0.4645012 0.3837377 0.4649754 0.3516935 0.4276911 0.1948562 0.4645012 0.3516935 0.4276911 0.1513209 0.4276477 0.1948562 0.4645012 0.1513209 0.4276477 0.1513209 0.4276477 0.7934491 0.3237369 0.792967 0.3525588 0.7934491 0.3237369 0 0 0 0 0 0 0 0 0 0 0 0 0 0 0 0 0 0 0.3516935 0.4276911 0.3837377 0.4649754 0.1948562 0.4645012 0.3516935 0.4276911 0.1948562 0.4645012 0.1513209 0.4276477 0.3516935 0.4276911 0.1513209 0.4276477 0.1513209 0.4276477 0.5488391 0.5381686 0.5708889 0.535571 0.4026387 0.7877355 0.4026387 0.7877355 0.2223961 0.5333356 0.2826398 0.534592 0.4026387 0.7877355 0.2826398 0.534592 0.3633078 0.5333372 0.4026387 0.7877355 0.3633078 0.5333372 0.4435079 0.5357332 0.5488391 0.5381686 0.4026387 0.7877355 0.4435079 0.5357332 0.2826398 0.534592 0.2223961 0.5333356 0.4026387 0.7877355 0.3633078 0.5333372 0.2826398 0.534592 0.4026387 0.7877355 0.4435079 0.5357332 0.3633078 0.5333372 0.4026387 0.7877355 0.5488391 0.5381686 0.4435079 0.5357332 0.4026387 0.7877355 0.5708889 0.535571 0.5488391 0.5381686 0.4026387 0.7877355 0.1566451 0.5133058 0.1621611 0.515588 0.1575917 0.5194282 0.1575917 0.5194282 0.1475059 0.5209857 0.1419906 0.5187033 0.1566451 0.5133058 0.1575917 0.5194282 0.1419906 0.5187033 0.14656 0.5148631 0.1566451 0.5133058 0.1419906 0.5187033 0.1486965 0.5302312 0.1546544 0.53022 0.1554169 0.9550892 0.1554169 0.9550892 0.1492912 0.9548492 0.1486965 0.5302312 0.1546544 0.53022 0.1633672 0.5300131 0.1637426 0.9553914 0.1637426 0.9553914 0.1554169 0.9550892 0.1546544 0.53022 0.1633672 0.5300131 0.1698228 0.529766 0.1694176 0.955546 0.1694176 0.955546 0.1637426 0.9553914 0.1633672 0.5300131 0.1698228 0.529766 0.1787114 0.5296686 0.1753937 0.9566632 0.1753937 0.9566632 0.1694176 0.955546 0.1698228 0.529766 0.1787114 0.5296686 0.1787114 0.5296686 0.1833139 0.956881 0.1833139 0.956881 0.1753937 0.9566632 0.1787114 0.5296686 0.1787114 0.5296686 0.1901424 0.5293681 0.1888172 0.9571713 0.1888172 0.9571713 0.1833139 0.956881 0.1787114 0.5296686 0.1640622 0.9690939 0.1589793 0.9722237 0.1487745 0.9722882 0.1487745 0.9722882 0.1436524 0.9692231 0.1487358 0.9660931 0.1640622 0.9690939 0.1487745 0.9722882 0.1487358 0.9660931 0.1589402 0.9660286 0.1640622 0.9690939 0.1487358 0.9660931 0.484925 0.9036472 0.4823401 0.9067916 0.4836277 0.8988105 0.4836277 0.8988105 0.4823401 0.9067916 0.2092153 0.9067495 0.2092153 0.9067495 0.2092298 0.8990474 0.4836277 0.8988105 0.4835462 0.8856148 0.4840623 0.8930957 0.2112267 0.8923869 0.2112267 0.8923869 0.2105042 0.8855444 0.4835462 0.8856148 0.4840623 0.8930957 0.4836277 0.8988105 0.2092298 0.8990474 0.2092298 0.8990474 0.2112267 0.8923869 0.4840623 0.8930957 0.2112267 0.8923869 0.2092298 0.8990474 0.2083668 0.8880119 0.9651882 0.9697511 0.9744497 0.8418902 0.8581388 0.8421309 0.8581388 0.8421309 0.857215 0.9718939 0.9651882 0.9697511 0.857215 0.9718939 0.8581388 0.8421309 0.6430009 0.8418774 0.6430009 0.8418774 0.6414162 0.9694645 0.857215 0.9718939 0.6414162 0.9694645 0.6430009 0.8418774 0.5337021 0.840453 0.5337021 0.840453 0.534197 0.9707038 0.6414162 0.9694645 0.9744497 0.8418902 0.9762076 0.6350217 0.8585864 0.6361213 0.8585864 0.6361213 0.8581388 0.8421309 0.9744497 0.8418902 0.8581388 0.8421309 0.8585864 0.6361213 0.6555468 0.6371987 0.6555468 0.6371987 0.6430009 0.8418774 0.8581388 0.8421309 0.6430009 0.8418774 0.6555468 0.6371987 0.5404757 0.6371608 0.5404757 0.6371608 0.5337021 0.840453 0.6430009 0.8418774 0.8581388 0.8421309 0.9744497 0.8418902 0.9651882 0.9697511 0.9651882 0.9697511 0.857215 0.9718939 0.8581388 0.8421309 0.6430009 0.8418774 0.8581388 0.8421309 0.857215 0.9718939 0.857215 0.9718939 0.6414162 0.9694645 0.6430009 0.8418774 0.5337021 0.840453 0.6430009 0.8418774 0.6414162 0.9694645 0.6414162 0.9694645 0.534197 0.9707038 0.5337021 0.840453 0.8585864 0.6361213 0.9762076 0.6350217 0.9744497 0.8418902 0.9744497 0.8418902 0.8581388 0.8421309 0.8585864 0.6361213 0.6555468 0.6371987 0.8585864 0.6361213 0.8581388 0.8421309 0.8581388 0.8421309 0.6430009 0.8418774 0.6555468 0.6371987 0.5404757 0.6371608 0.6555468 0.6371987 0.6430009 0.8418774 0.6430009 0.8418774 0.5337021 0.840453 0.5404757 0.6371608 0.9570399 0.9662563 0.9659345 0.8317968 0.8475775 0.8395382 0.8475775 0.8395382 0.8562034 0.97064 0.9570399 0.9662563 0.8562034 0.97064 0.8475775 0.8395382 0.6386858 0.8360269 0.6386858 0.8360269 0.6472115 0.9705307 0.8562034 0.97064 0.6472115 0.9705307 0.6386858 0.8360269 0.5332489 0.8414282 0.5332489 0.8414282 0.5302956 0.9742072 0.6472115 0.9705307 0.9659345 0.8317968 0.9685217 0.6431441 0.8545037 0.631144 0.8545037 0.631144 0.8475775 0.8395382 0.9659345 0.8317968 0.8475775 0.8395382 0.8545037 0.631144 0.6552271 0.6443917 0.6552271 0.6443917 0.6386858 0.8360269 0.8475775 0.8395382 0.6386858 0.8360269 0.6552271 0.6443917 0.5426149 0.6287411 0.5426149 0.6287411 0.5332489 0.8414282 0.6386858 0.8360269 0.8475775 0.8395382 0.9659345 0.8317968 0.9570399 0.9662563 0.9570399 0.9662563 0.8562034 0.97064 0.8475775 0.8395382 0.6386858 0.8360269 0.8475775 0.8395382 0.8562034 0.97064 0.8562034 0.97064 0.6472115 0.9705307 0.6386858 0.8360269 0.5332489 0.8414282 0.6386858 0.8360269 0.6472115 0.9705307 0.6472115 0.9705307 0.5302956 0.9742072 0.5332489 0.8414282 0.8545037 0.631144 0.9685217 0.6431441 0.9659345 0.8317968 0.9659345 0.8317968 0.8475775 0.8395382 0.8545037 0.631144 0.6552271 0.6443917 0.8545037 0.631144 0.8475775 0.8395382 0.8475775 0.8395382 0.6386858 0.8360269 0.6552271 0.6443917 0.5426149 0.6287411 0.6552271 0.6443917 0.6386858 0.8360269 0.6386858 0.8360269 0.5332489 0.8414282 0.5426149 0.6287411</float_array>
          <technique_common>
            <accessor source="#caravel-rkc_Mesh-mesh-map-0-array" count="1182" stride="2">
              <param name="S" type="float"/>
              <param name="T" type="float"/>
            </accessor>
          </technique_common>
        </source>
        <vertices id="caravel-rkc_Mesh-mesh-vertices">
          <input semantic="POSITION" source="#caravel-rkc_Mesh-mesh-positions"/>
        </vertices>
        <triangles material="carf-material" count="394">
          <input semantic="VERTEX" source="#caravel-rkc_Mesh-mesh-vertices" offset="0"/>
          <input semantic="NORMAL" source="#caravel-rkc_Mesh-mesh-normals" offset="1"/>
          <input semantic="TEXCOORD" source="#caravel-rkc_Mesh-mesh-map-0" offset="2" set="0"/>
          <p>2 0 0 1 1 1 0 2 2 7 3 3 5 4 4 723 5 5 724 6 6 725 7 7 6 8 8 8 9 9 728 10 10 726 11 11 727 12 12 729 13 13 9 14 14 3 15 15 10 15 16 730 15 17 731 16 18 722 16 19 4 16 20 734 17 21 733 18 22 732 19 23 13 20 24 12 20 25 11 20 26 17 21 27 16 22 28 736 23 29 737 24 30 738 25 31 18 26 32 21 27 33 19 27 34 740 27 35 739 28 36 741 28 37 20 28 38 15 29 39 744 30 40 743 31 41 742 32 42 735 33 43 14 34 44 747 35 45 746 36 46 745 37 47 24 38 48 23 39 49 29 40 50 37 41 51 36 42 52 27 43 53 26 44 54 31 45 55 38 46 56 749 47 57 39 48 58 32 49 59 34 50 60 30 51 61 22 52 62 750 53 63 33 54 64 751 55 65 748 56 66 752 57 67 753 58 68 35 59 69 25 60 70 28 61 71 52 62 72 48 62 73 44 63 74 40 64 75 45 65 76 47 65 77 41 66 78 46 67 79 50 67 80 42 68 81 49 69 82 53 70 83 51 71 84 43 71 85 54 72 86 61 73 87 60 73 88 59 74 89 64 75 90 62 75 91 58 76 92 69 77 93 65 78 94 57 79 95 67 80 96 68 81 97 56 80 98 63 82 99 66 82 100 55 83 101 78 84 102 77 84 103 74 84 104 76 85 105 73 85 106 72 85 107 79 86 108 75 86 109 70 86 110 81 87 111 80 87 112 71 87 113 759 88 114 756 89 115 87 90 116 86 91 117 84 92 118 758 93 119 755 94 120 762 95 121 90 96 122 89 97 123 85 98 124 754 99 125 760 100 126 763 101 127 91 102 128 92 103 129 88 104 130 761 105 131 764 106 132 768 107 133 95 108 134 96 109 135 93 110 136 765 111 137 766 112 138 769 113 139 98 114 140 97 115 141 94 116 142 767 117 143 770 118 144 757 119 145 83 120 146 82 121 147 772 122 148 771 123 149 779 124 150 776 125 151 775 126 152 773 127 153 783 128 154 780 129 155 778 130 156 774 131 157 782 132 158 784 133 159 777 134 160 781 135 161 101 136 162 100 137 163 99 138 164 788 139 165 787 140 166 105 141 167 104 142 168 102 143 169 789 144 170 785 145 171 790 146 172 106 147 173 107 148 174 103 149 175 786 150 176 795 151 177 793 151 178 792 151 179 791 152 180 796 152 181 794 152 182 799 153 183 798 154 184 797 155 185 116 156 186 115 157 187 112 158 188 113 159 189 111 160 190 108 161 191 117 162 192 114 163 193 110 164 194 119 165 195 118 166 196 109 167 197 804 168 198 802 169 199 122 170 200 123 171 201 120 172 202 803 173 203 801 174 204 807 175 205 125 176 206 126 177 207 121 178 208 800 179 209 805 180 210 808 181 211 128 182 212 127 183 213 124 184 214 806 185 215 809 186 216 813 187 217 131 188 218 132 189 219 129 190 220 810 191 221 811 192 222 816 193 223 135 194 224 134 195 225 130 196 226 812 197 227 814 198 228 819 199 229 818 200 230 817 201 231 133 202 232 815 203 233 824 204 234 823 205 235 820 206 236 821 207 237 830 208 238 829 209 239 825 210 240 822 211 241 828 212 242 831 213 243 826 214 244 827 215 245 142 216 246 140 217 247 136 218 248 138 219 249 141 220 250 148 221 251 147 222 252 146 223 253 139 224 254 835 225 255 832 226 256 151 227 257 150 228 258 837 229 259 836 230 260 834 231 261 137 232 262 145 233 263 144 234 264 152 235 265 833 236 266 149 237 267 143 238 268 838 239 269 164 240 270 258 240 271 255 240 272 161 241 273 254 241 274 186 241 275 163 242 276 187 242 277 154 242 278 159 243 279 261 244 280 257 245 281 330 246 282 305 247 283 198 247 284 197 248 285 169 249 286 328 250 287 173 251 288 200 252 289 274 253 290 177 254 291 273 255 292 272 256 293 174 257 294 271 258 295 171 259 296 185 260 297 205 261 298 202 262 299 201 263 300 178 264 301 182 265 302 158 266 303 188 266 304 204 266 305 203 267 306 181 267 307 157 267 308 336 268 309 335 268 310 276 268 311 307 269 312 208 269 313 360 269 314 361 270 315 357 270 316 308 270 317 355 271 318 211 272 319 210 273 320 840 274 321 356 275 322 839 275 323 841 276 324 354 277 325 212 277 326 846 278 327 844 279 328 842 280 329 352 281 330 313 282 331 847 283 332 849 284 333 850 285 334 351 286 335 346 287 336 280 288 337 217 289 338 345 290 339 216 291 340 215 292 341 347 293 342 214 294 343 350 295 344 222 296 345 286 297 346 282 298 347 285 299 348 343 300 349 341 301 350 223 302 351 284 303 352 340 304 353 277 305 354 288 305 355 219 305 356 221 306 357 339 306 358 338 306 359 279 307 360 220 307 361 337 307 362 854 308 363 234 308 364 225 308 365 224 309 366 206 309 367 853 309 368 315 310 369 233 310 370 851 310 371 852 311 372 856 311 373 317 311 374 857 312 375 243 312 376 240 312 377 863 313 378 859 314 379 858 315 380 865 316 381 244 317 382 241 318 383 866 319 384 843 320 385 845 321 386 869 322 387 322 323 388 245 324 389 870 325 390 848 326 391 314 327 392 872 328 393 226 329 394 252 330 395 251 331 396 875 332 397 871 333 398 231 334 399 873 335 400 876 336 401 877 337 402 292 338 403 232 339 404 882 340 405 880 340 406 291 340 407 235 341 408 319 342 409 324 343 410 325 344 411 253 345 412 230 346 413 236 347 414 326 348 415 229 349 416 458 350 417 464 350 418 468 350 419 466 351 420 469 351 421 455 351 422 457 352 423 467 352 424 456 352 425 256 353 426 260 353 427 191 353 428 269 354 429 266 355 430 170 356 431 885 357 432 884 358 433 199 359 434 363 360 435 209 360 436 888 360 437 886 361 438 275 361 439 333 361 440 362 362 441 887 362 442 334 362 443 281 363 444 344 364 445 342 365 446 283 366 447 287 367 448 218 368 449 289 369 450 278 369 451 889 369 452 293 370 453 878 371 454 883 372 455 227 373 456 290 373 457 879 373 458 881 374 459 207 374 460 228 374 461 494 375 462 495 376 463 499 377 464 498 378 465 500 378 466 502 379 467 497 380 468 501 381 469 489 382 470 493 383 471 496 383 472 490 384 473 492 385 474 488 386 475 491 387 476 359 388 477 890 388 478 862 388 479 860 389 480 309 390 481 358 391 482 349 392 483 213 393 484 312 394 485 311 395 486 353 396 487 348 397 488 310 398 489 861 399 490 864 400 491 237 401 492 316 401 493 855 401 494 867 402 495 874 403 496 249 404 497 250 405 498 321 406 499 868 407 500 239 408 501 242 409 502 248 410 503 246 411 504 323 412 505 320 413 506 238 414 507 247 415 508 318 416 509 380 417 510 378 417 511 377 417 512 376 418 513 381 418 514 379 418 515 296 419 516 166 420 517 192 421 518 193 422 519 301 423 520 297 424 521 895 425 522 894 426 523 891 427 524 892 428 525 897 429 526 896 430 527 904 431 528 902 432 529 901 433 530 900 434 531 905 435 532 903 436 533 910 437 534 908 438 535 906 439 536 907 440 537 911 441 538 909 442 539 919 443 540 916 444 541 912 445 542 913 446 543 920 447 544 918 448 545 926 449 546 923 450 547 914 451 548 915 452 549 917 453 550 925 454 551 931 455 552 929 456 553 921 456 554 922 457 555 924 457 556 930 458 557 935 459 558 933 459 559 928 459 560 927 460 561 932 461 562 934 460 563 940 462 564 196 462 565 937 462 566 936 463 567 941 463 568 939 463 569 943 464 570 942 465 571 194 466 572 195 467 573 938 468 574 944 469 575 951 470 576 947 471 577 946 472 578 945 473 579 953 474 580 950 475 581 957 476 582 954 477 583 948 478 584 949 479 585 952 480 586 958 481 587 898 482 588 893 483 589 955 484 590 956 485 591 959 486 592 899 487 593 368 488 594 964 489 595 961 490 596 960 491 597 364 492 598 365 492 599 372 493 600 966 494 601 963 495 602 962 496 603 367 497 604 370 497 605 374 498 606 968 499 607 967 500 608 965 501 609 373 502 610 375 502 611 462 503 612 465 503 613 459 503 614 460 504 615 461 504 616 463 504 617 972 505 618 971 506 619 970 507 620 969 508 621 974 509 622 973 510 623 475 511 624 470 511 625 472 511 626 471 512 627 473 512 628 474 512 629 979 513 630 977 514 631 976 515 632 975 516 633 980 517 634 978 518 635 439 519 636 440 519 637 453 519 638 452 520 639 437 521 640 438 522 641 390 523 642 165 523 643 295 523 644 294 524 645 382 524 646 389 524 647 403 525 648 327 526 649 168 527 650 167 528 651 400 529 652 404 530 653 407 531 654 981 532 655 332 533 656 331 534 657 402 535 658 408 536 659 450 537 660 454 537 661 442 537 662 441 538 663 443 538 664 448 538 665 384 539 666 299 540 667 989 541 668 985 542 669 418 543 670 385 544 671 420 545 672 419 545 673 388 545 674 391 546 675 387 547 676 422 548 677 426 549 678 421 550 679 386 551 680 383 552 681 417 553 682 425 553 683 446 554 684 447 554 685 451 554 686 449 555 687 444 555 688 445 555 689 430 556 690 427 556 691 410 556 692 409 557 693 401 558 694 429 557 695 432 559 696 431 560 697 405 559 698 406 561 699 399 562 700 433 561 701 436 563 702 993 564 703 991 565 704 992 566 705 398 567 706 435 568 707 995 569 708 434 570 709 396 571 710 397 572 711 997 573 712 994 574 713 1005 575 714 1003 576 715 999 577 716 1000 578 717 1009 579 718 1004 580 719 1010 581 720 1006 582 721 1008 583 722 1007 584 723 983 585 724 1012 586 725 1013 587 726 1011 588 727 982 589 728 984 590 729 413 591 730 1015 592 731 1017 593 732 1014 594 733 412 595 734 411 596 735 428 596 736 1016 597 737 1021 598 738 1020 599 739 1019 600 740 1018 601 741 1023 602 742 1022 603 743 1025 604 744 1024 605 745 423 606 746 424 607 747 415 608 748 1026 609 749 1029 610 750 1027 611 751 414 612 752 416 613 753 986 614 754 1030 615 755 1002 616 756 1028 617 757 988 618 758 987 619 759 998 620 760 1001 621 761 1036 622 762 1033 623 763 1031 624 764 1032 625 765 1039 626 766 1035 627 767 1041 628 768 1034 629 769 1037 630 770 1038 631 771 1042 632 772 1040 633 773 1047 634 774 1045 635 775 1044 636 776 1043 637 777 1048 638 778 1046 639 779 1053 640 780 1051 641 781 1049 642 782 1050 643 783 1055 644 784 1054 645 785 1059 646 786 1052 647 787 1057 648 788 1056 649 789 1060 650 790 1058 651 791 1064 652 792 1063 653 793 1061 654 794 1062 655 795 1069 656 796 1065 657 797 1071 658 798 1066 659 799 1068 660 800 1067 661 801 1072 662 802 1070 663 803 1075 664 804 1073 665 805 371 666 806 369 667 807 366 667 808 1074 668 809 1080 669 810 1078 670 811 1076 671 812 1077 672 813 1082 673 814 1081 674 815 1086 675 816 1079 676 817 1083 677 818 1084 678 819 1090 679 820 1087 680 821 1092 681 822 1085 682 823 1089 683 824 1088 684 825 1093 685 826 1091 686 827 1099 687 828 1098 688 829 1094 689 830 1095 690 831 1105 691 832 1102 692 833 1104 693 834 996 694 835 394 695 836 1096 696 837 1103 697 838 392 698 839 1100 699 840 1097 700 841 393 701 842 1101 702 843 395 703 844 990 704 845 477 705 846 476 705 847 160 705 848 162 706 849 153 706 850 478 706 851 481 707 852 479 707 853 155 707 854 156 708 855 180 708 856 482 708 857 483 709 858 480 710 859 183 711 860 184 712 861 179 713 862 484 714 863 487 715 864 485 715 865 176 716 866 175 717 867 172 718 868 486 719 869 1111 720 870 1109 721 871 1107 722 872 1106 723 873 1114 724 874 1112 725 875 1119 726 876 1113 727 877 1116 728 878 1115 729 879 1122 730 880 1118 731 881 1124 732 882 1117 733 883 1121 734 884 1120 735 885 1126 736 886 1123 737 887 1129 738 888 1125 739 889 1127 740 890 1128 741 891 1131 742 892 1130 743 893 263 744 894 298 745 895 302 746 896 262 747 897 300 748 898 189 749 899 264 750 900 190 751 901 259 752 902 1132 753 903 1108 754 904 1110 755 905 1138 756 906 1136 757 907 1135 758 908 1139 759 909 1137 760 910 1133 761 911 1141 762 912 1140 763 913 1134 764 914 304 765 915 329 766 916 267 767 917 303 768 918 265 769 919 268 770 920 306 771 921 270 772 922 1142 773 923 515 774 924 511 774 925 506 775 926 503 776 927 508 777 928 510 777 929 504 778 930 509 779 931 513 779 932 505 780 933 512 781 934 516 782 935 514 783 936 507 783 937 517 784 938 524 785 939 523 785 940 522 786 941 527 787 942 525 787 943 521 788 944 532 789 945 528 790 946 520 791 947 530 792 948 531 793 949 518 792 950 526 794 951 529 794 952 519 795 953 543 796 954 540 797 955 538 798 956 539 799 957 536 800 958 533 801 959 541 802 960 537 803 961 535 804 962 544 805 963 542 806 964 534 807 965 1147 808 966 1145 809 967 548 810 968 547 811 969 545 812 970 1146 813 971 1143 814 972 1150 815 973 550 816 974 551 817 975 546 818 976 1144 819 977 1148 820 978 1151 821 979 552 822 980 553 823 981 549 824 982 1149 825 983 1152 826 984 1156 827 985 557 828 986 556 829 987 554 830 988 1153 831 989 1155 832 990 1159 833 991 559 834 992 560 835 993 555 836 994 1154 837 995 1157 838 996 1162 839 997 1160 840 998 1161 841 999 558 842 1000 1158 843 1001 1168 844 1002 1166 845 1003 1165 846 1004 1163 847 1005 1173 848 1006 1170 849 1007 1167 850 1008 1164 851 1009 1171 852 1010 1174 853 1011 1169 854 1012 1172 855 1013 567 856 1014 565 857 1015 561 858 1016 563 859 1017 566 860 1018 572 861 1019 573 862 1020 569 863 1021 562 864 1022 1178 865 1023 1175 866 1024 576 867 1025 575 868 1026 1180 869 1027 1179 870 1028 1177 871 1029 564 872 1030 571 873 1031 570 874 1032 577 875 1033 1176 876 1034 574 877 1035 568 878 1036 1181 879 1037 579 880 1038 588 881 1039 595 882 1040 594 883 1041 581 884 1042 578 884 1043 580 885 1044 592 886 1045 599 887 1046 600 888 1047 585 889 1048 582 890 1049 584 891 1050 597 891 1051 604 891 1052 602 892 1053 586 892 1054 583 892 1055 589 893 1056 605 894 1057 608 894 1058 606 895 1059 590 896 1060 587 897 1061 591 898 1062 607 899 1063 610 899 1064 611 900 1065 601 900 1066 593 901 1067 598 902 1068 609 902 1069 613 902 1070 612 903 1071 603 903 1072 596 903 1073 626 904 1074 624 905 1075 614 906 1076 615 907 1077 617 907 1078 627 908 1079 634 909 1080 629 910 1081 618 911 1082 616 912 1083 619 913 1084 633 914 1085 638 915 1086 636 915 1087 620 915 1088 621 916 1089 622 916 1090 640 916 1091 642 917 1092 641 917 1093 623 918 1094 625 919 1095 631 920 1096 644 921 1097 646 922 1098 643 922 1099 630 923 1100 628 924 1101 632 925 1102 645 925 1103 648 926 1104 647 926 1105 635 926 1106 637 927 1107 639 927 1108 649 927 1109 650 928 1110 660 928 1111 662 928 1112 666 929 1113 654 929 1114 651 929 1115 653 930 1116 663 930 1117 671 930 1118 670 931 1119 657 931 1120 652 931 1121 656 932 1122 668 932 1123 675 932 1124 674 933 1125 658 933 1126 655 933 1127 659 934 1128 677 934 1129 678 934 1130 679 935 1131 665 935 1132 661 935 1133 667 936 1134 680 936 1135 682 936 1136 681 937 1137 672 937 1138 664 937 1139 673 938 1140 683 938 1141 685 938 1142 684 939 1143 676 939 1144 669 939 1145 703 940 1146 696 940 1147 687 940 1148 686 941 1149 688 941 1150 699 941 1151 706 942 1152 702 942 1153 689 942 1154 690 943 1155 691 943 1156 707 943 1157 711 944 1158 709 944 1159 692 944 1160 693 945 1161 694 945 1162 712 945 1163 716 946 1164 713 946 1165 697 946 1166 695 947 1167 700 947 1168 715 947 1169 718 948 1170 714 948 1171 698 948 1172 701 949 1173 705 949 1174 719 949 1175 720 950 1176 717 950 1177 704 950 1178 708 951 1179 710 951 1180 721 951 1181</p>
        </triangles>
      </mesh>
    </geometry>
  </library_geometries>
  <library_controllers>
    <controller id="caravel-rkc_Skin_caravel-rkc-skin" name="caravel-rkc_Skin">
      <skin source="#caravel-rkc_Mesh-mesh">
        <bind_shape_matrix>1 0 0 0 0 1 0 0 0 0 1 0 0 0 0 1</bind_shape_matrix>
        <source id="caravel-rkc_Skin_caravel-rkc-skin-joints">
          <Name_array id="caravel-rkc_Skin_caravel-rkc-skin-joints-array" count="3">caravel-root ammo_node_0 smoke_node_0</Name_array>
          <technique_common>
            <accessor source="#caravel-rkc_Skin_caravel-rkc-skin-joints-array" count="3" stride="1">
              <param name="JOINT" type="name"/>
            </accessor>
          </technique_common>
        </source>
        <source id="caravel-rkc_Skin_caravel-rkc-skin-bind_poses">
          <float_array id="caravel-rkc_Skin_caravel-rkc-skin-bind_poses-array" count="48">1 0 1.50996e-7 -0.08557116 0 -1 0 5.20549 1.50996e-7 0 -1 5.155847 0 0 0 1 -1 0 0 -0.1441038 0 0 1 -14.27067 0 1 0 9.988329 0 0 0 1 -1 0 0 -0.6502415 0 0 1 -29.51244 0 1 0 10.15329 0 0 0 1</float_array>
          <technique_common>
            <accessor source="#caravel-rkc_Skin_caravel-rkc-skin-bind_poses-array" count="3" stride="16">
              <param name="TRANSFORM" type="float4x4"/>
            </accessor>
          </technique_common>
        </source>
        <source id="caravel-rkc_Skin_caravel-rkc-skin-weights">
          <float_array id="caravel-rkc_Skin_caravel-rkc-skin-weights-array" count="1182">1 1 1 1 1 1 1 1 1 1 1 1 1 1 1 1 1 1 1 1 1 1 1 1 1 1 1 1 1 1 1 1 1 1 1 1 1 1 1 1 1 1 1 1 1 1 1 1 1 1 1 1 1 1 1 1 1 1 1 1 1 1 1 1 1 1 1 1 1 1 1 1 1 1 1 1 1 1 1 1 1 1 1 1 1 1 1 1 1 1 1 1 1 1 1 1 1 1 1 1 1 1 1 1 1 1 1 1 1 1 1 1 1 1 1 1 1 1 1 1 1 1 1 1 1 1 1 1 1 1 1 1 1 1 1 1 1 1 1 1 1 1 1 1 1 1 1 1 1 1 1 1 1 1 1 1 1 1 1 1 1 1 1 1 1 1 1 1 1 1 1 1 1 1 1 1 1 1 1 1 1 1 1 1 1 1 1 1 1 1 1 1 1 1 1 1 1 1 1 1 1 1 1 1 1 1 1 1 1 1 1 1 1 1 1 1 1 1 1 1 1 1 1 1 1 1 1 1 1 1 1 1 1 1 1 1 1 1 1 1 1 1 1 1 1 1 1 1 1 1 1 1 1 1 1 1 1 1 1 1 1 1 1 1 1 1 1 1 1 1 1 1 1 1 1 1 1 1 1 1 1 1 1 1 1 1 1 1 1 1 1 1 1 1 1 1 1 1 1 1 1 1 1 1 1 1 1 1 1 1 1 1 1 1 1 1 1 1 1 1 1 1 1 1 1 1 1 1 1 1 1 1 1 1 1 1 1 1 1 1 1 1 1 1 1 1 1 1 1 1 1 1 1 1 1 1 1 1 1 1 1 1 1 1 1 1 1 1 1 1 1 1 1 1 1 1 1 1 1 1 1 1 1 1 1 1 1 1 1 1 1 1 1 1 1 1 1 1 1 1 1 1 1 1 1 1 1 1 1 1 1 1 1 1 1 1 1 1 1 1 1 1 1 1 1 1 1 1 1 1 1 1 1 1 1 1 1 1 1 1 1 1 1 1 1 1 1 1 1 1 1 1 1 1 1 1 1 1 1 1 1 1 1 1 1 1 1 1 1 1 1 1 1 1 1 1 1 1 1 1 1 1 1 1 1 1 1 1 1 1 1 1 1 1 1 1 1 1 1 1 1 1 1 1 1 1 1 1 1 1 1 1 1 1 1 1 1 1 1 1 1 1 1 1 1 1 1 1 1 1 1 1 1 1 1 1 1 1 1 1 1 1 1 1 1 1 1 1 1 1 1 1 1 1 1 1 1 1 1 1 1 1 1 1 1 1 1 1 1 1 1 1 1 1 1 1 1 1 1 1 1 1 1 1 1 1 1 1 1 1 1 1 1 1 1 1 1 1 1 1 1 1 1 1 1 1 1 1 1 1 1 1 1 1 1 1 1 1 1 1 1 1 1 1 1 1 1 1 1 1 1 1 1 1 1 1 1 1 1 1 1 1 1 1 1 1 1 1 1 1 1 1 1 1 1 1 1 1 1 1 1 1 1 1 1 1 1 1 1 1 1 1 1 1 1 1 1 1 1 1 1 1 1 1 1 1 1 1 1 1 1 1 1 1 1 1 1 1 1 1 1 1 1 1 1 1 1 1 1 1 1 1 1 1 1 1 1 1 1 1 1 1 1 1 1 1 1 1 1 1 1 1 1 1 1 1 1 1 1 1 1 1 1 1 1 1 1 1 1 1 1 1 1 1 1 1 1 1 1 1 1 1 1 1 1 1 1 1 1 1 1 1 1 1 1 1 1 1 1 1 1 1 1 1 1 1 1 1 1 1 1 1 1 1 1 1 1 1 1 1 1 1 1 1 1 1 1 1 1 1 1 1 1 1 1 1 1 1 1 1 1 1 1 1 1 1 1 1 1 1 1 1 1 1 1 1 1 1 1 1 1 1 1 1 1 1 1 1 1 1 1 1 1 1 1 1 1 1 1 1 1 1 1 1 1 1 1 1 1 1 1 1 1 1 1 1 1 1 1 1 1 1 1 1 1 1 1 1 1 1 1 1 1 1 1 1 1 1 1 1 1 1 1 1 1 1 1 1 1 1 1 1 1 1 1 1 1 1 1 1 1 1 1 1 1 1 1 1 1 1 1 1 1 1 1 1 1 1 1 1 1 1 1 1 1 1 1 1 1 1 1 1 1 1 1 1 1 1 1 1 1 1 1 1 1 1 1 1 1 1 1 1 1 1 1 1 1 1 1 1 1 1 1 1 1 1 1 1 1 1 1 1 1 1 1 1 1 1 1 1 1 1 1 1 1 1 1 1 1 1 1 1 1 1 1 1 1 1 1 1 1 1 1 1 1 1 1 1 1 1 1 1 1 1 1 1 1 1 1 1 1 1 1 1 1 1 1 1 1 1 1 1 1 1 1 1 1 1 1 1 1 1 1 1 1 1 1 1 1 1 1 1 1 1 1 1 1 1 1 1 1 1 1 1 1 1 1 1 1 1 1 1 1 1 1 1 1 1 1 1 1 1 1 1 1 1 1 1 1 1 1 1 1 1 1 1 1 1 1 1 1 1 1 1 1 1 1 1 1 1 1 1 1 1 1 1 1 1 1 1 1 1 1 1 1 1 1 1 1 1 1 1 1 1 1 1 1 1 1 1 1 1 1 1 1 1 1 1 1 1 1 1 1 1 1 1 1 1 1 1 1 1</float_array>
          <technique_common>
            <accessor source="#caravel-rkc_Skin_caravel-rkc-skin-weights-array" count="1182" stride="1">
              <param name="WEIGHT" type="float"/>
            </accessor>
          </technique_common>
        </source>
        <joints>
          <input semantic="JOINT" source="#caravel-rkc_Skin_caravel-rkc-skin-joints"/>
          <input semantic="INV_BIND_MATRIX" source="#caravel-rkc_Skin_caravel-rkc-skin-bind_poses"/>
        </joints>
        <vertex_weights count="1182">
          <input semantic="JOINT" source="#caravel-rkc_Skin_caravel-rkc-skin-joints" offset="0"/>
          <input semantic="WEIGHT" source="#caravel-rkc_Skin_caravel-rkc-skin-weights" offset="1"/>
          <vcount>1 1 1 1 1 1 1 1 1 1 1 1 1 1 1 1 1 1 1 1 1 1 1 1 1 1 1 1 1 1 1 1 1 1 1 1 1 1 1 1 1 1 1 1 1 1 1 1 1 1 1 1 1 1 1 1 1 1 1 1 1 1 1 1 1 1 1 1 1 1 1 1 1 1 1 1 1 1 1 1 1 1 1 1 1 1 1 1 1 1 1 1 1 1 1 1 1 1 1 1 1 1 1 1 1 1 1 1 1 1 1 1 1 1 1 1 1 1 1 1 1 1 1 1 1 1 1 1 1 1 1 1 1 1 1 1 1 1 1 1 1 1 1 1 1 1 1 1 1 1 1 1 1 1 1 1 1 1 1 1 1 1 1 1 1 1 1 1 1 1 1 1 1 1 1 1 1 1 1 1 1 1 1 1 1 1 1 1 1 1 1 1 1 1 1 1 1 1 1 1 1 1 1 1 1 1 1 1 1 1 1 1 1 1 1 1 1 1 1 1 1 1 1 1 1 1 1 1 1 1 1 1 1 1 1 1 1 1 1 1 1 1 1 1 1 1 1 1 1 1 1 1 1 1 1 1 1 1 1 1 1 1 1 1 1 1 1 1 1 1 1 1 1 1 1 1 1 1 1 1 1 1 1 1 1 1 1 1 1 1 1 1 1 1 1 1 1 1 1 1 1 1 1 1 1 1 1 1 1 1 1 1 1 1 1 1 1 1 1 1 1 1 1 1 1 1 1 1 1 1 1 1 1 1 1 1 1 1 1 1 1 1 1 1 1 1 1 1 1 1 1 1 1 1 1 1 1 1 1 1 1 1 1 1 1 1 1 1 1 1 1 1 1 1 1 1 1 1 1 1 1 1 1 1 1 1 1 1 1 1 1 1 1 1 1 1 1 1 1 1 1 1 1 1 1 1 1 1 1 1 1 1 1 1 1 1 1 1 1 1 1 1 1 1 1 1 1 1 1 1 1 1 1 1 1 1 1 1 1 1 1 1 1 1 1 1 1 1 1 1 1 1 1 1 1 1 1 1 1 1 1 1 1 1 1 1 1 1 1 1 1 1 1 1 1 1 1 1 1 1 1 1 1 1 1 1 1 1 1 1 1 1 1 1 1 1 1 1 1 1 1 1 1 1 1 1 1 1 1 1 1 1 1 1 1 1 1 1 1 1 1 1 1 1 1 1 1 1 1 1 1 1 1 1 1 1 1 1 1 1 1 1 1 1 1 1 1 1 1 1 1 1 1 1 1 1 1 1 1 1 1 1 1 1 1 1 1 1 1 1 1 1 1 1 1 1 1 1 1 1 1 1 1 1 1 1 1 1 1 1 1 1 1 1 1 1 1 1 1 1 1 1 1 1 1 1 1 1 1 1 1 1 1 1 1 1 1 1 1 1 1 1 1 1 1 1 1 1 1 1 1 1 1 1 1 1 1 1 1 1 1 1 1 1 1 1 1 1 1 1 1 1 1 1 1 1 1 1 1 1 1 1 1 1 1 1 1 1 1 1 1 1 1 1 1 1 1 1 1 1 1 1 1 1 1 1 1 1 1 1 1 1 1 1 1 1 1 1 1 1 1 1 1 1 1 1 1 1 1 1 1 1 1 1 1 1 1 1 1 1 1 1 1 1 1 1 1 1 1 1 1 1 1 1 1 1 1 1 1 1 1 1 1 1 1 1 1 1 1 1 1 1 1 1 1 1 1 1 1 1 1 1 1 1 1 1 1 1 1 1 1 1 1 1 1 1 1 1 1 1 1 1 1 1 1 1 1 1 1 1 1 1 1 1 1 1 1 1 1 1 1 1 1 1 1 1 1 1 1 1 1 1 1 1 1 1 1 1 1 1 1 1 1 1 1 1 1 1 1 1 1 1 1 1 1 1 1 1 1 1 1 1 1 1 1 1 1 1 1 1 1 1 1 1 1 1 1 1 1 1 1 1 1 1 1 1 1 1 1 1 1 1 1 1 1 1 1 1 1 1 1 1 1 1 1 1 1 1 1 1 1 1 1 1 1 1 1 1 1 1 1 1 1 1 1 1 1 1 1 1 1 1 1 1 1 1 1 1 1 1 1 1 1 1 1 1 1 1 1 1 1 1 1 1 1 1 1 1 1 1 1 1 1 1 1 1 1 1 1 1 1 1 1 1 1 1 1 1 1 1 1 1 1 1 1 1 1 1 1 1 1 1 1 1 1 1 1 1 1 1 1 1 1 1 1 1 1 1 1 1 1 1 1 1 1 1 1 1 1 1 1 1 1 1 1 1 1 1 1 1 1 1 1 1 1 1 1 1 1 1 1 1 1 1 1 1 1 1 1 1 1 1 1 1 1 1 1 1 1 1 1 1 1 1 1 1 1 1 1 1 1 1 1 1 1 1 1 1 1 1 1 1 1 1 1 1 1 1 1 1 1 1 1 1 1 1 1 1 1 1 1 1 1 1 1 1 1 1 1 1 1 1 1 1 1 1 1 1 1 1 1 1 1 1 1 1 1 1 1 1 1 1 1 1 1 1 1 1 1 1 1 1 1 1 1 1 1 1 1 1 1 1 1 1 1 1 1 1 1 1 1 1 1 1 1 1 1 1 1 1 1 1 1 1 1 1 1 1 1 1 1 1 1 1 1 1 1 1 1 1 1 1 1 1 1 1 1 1 1 1 1 1 </vcount>
          <v>1 0 1 1 1 2 1 3 1 4 1 5 1 6 1 7 1 8 1 9 1 10 1 11 1 12 1 13 1 14 1 15 1 16 1 17 1 18 1 19 1 20 1 21 1 22 1 23 1 24 1 25 1 26 1 27 1 28 1 29 1 30 1 31 1 32 1 33 1 34 1 35 1 36 1 37 1 38 1 39 1 40 1 41 1 42 1 43 1 44 1 45 1 46 1 47 1 48 1 49 1 50 1 51 1 52 1 53 1 54 1 55 1 56 1 57 1 58 1 59 1 60 1 61 1 62 1 63 1 64 1 65 1 66 1 67 1 68 1 69 1 70 1 71 1 72 1 73 1 74 1 75 1 76 1 77 1 78 1 79 1 80 1 81 1 82 1 83 1 84 1 85 1 86 1 87 1 88 1 89 1 90 1 91 1 92 1 93 1 94 1 95 1 96 1 97 1 98 1 99 1 100 1 101 1 102 1 103 1 104 1 105 1 106 1 107 1 108 1 109 1 110 1 111 1 112 1 113 1 114 1 115 1 116 1 117 1 118 1 119 1 120 1 121 1 122 1 123 1 124 1 125 1 126 1 127 1 128 1 129 1 130 1 131 1 132 1 133 1 134 1 135 1 136 1 137 1 138 1 139 1 140 1 141 1 142 1 143 1 144 1 145 1 146 1 147 1 148 1 149 1 150 1 151 1 152 1 153 1 154 1 155 1 156 1 157 1 158 1 159 1 160 1 161 1 162 1 163 1 164 1 165 1 166 1 167 1 168 1 169 1 170 1 171 1 172 1 173 1 174 1 175 1 176 1 177 1 178 1 179 1 180 1 181 1 182 1 183 1 184 1 185 1 186 1 187 1 188 1 189 1 190 1 191 1 192 1 193 1 194 1 195 1 196 1 197 1 198 1 199 1 200 1 201 1 202 1 203 1 204 1 205 1 206 1 207 1 208 1 209 1 210 1 211 1 212 1 213 1 214 1 215 1 216 1 217 1 218 1 219 1 220 1 221 1 222 1 223 1 224 1 225 1 226 1 227 1 228 1 229 1 230 1 231 1 232 1 233 1 234 1 235 1 236 1 237 1 238 1 239 1 240 1 241 1 242 1 243 1 244 1 245 1 246 1 247 1 248 1 249 1 250 1 251 1 252 1 253 1 254 1 255 1 256 1 257 1 258 1 259 1 260 1 261 1 262 1 263 1 264 1 265 1 266 1 267 1 268 1 269 1 270 1 271 1 272 1 273 1 274 1 275 1 276 1 277 1 278 1 279 1 280 1 281 1 282 1 283 1 284 1 285 1 286 1 287 1 288 1 289 1 290 1 291 1 292 1 293 1 294 1 295 1 296 1 297 1 298 1 299 1 300 1 301 1 302 1 303 1 304 1 305 1 306 1 307 1 308 1 309 1 310 1 311 1 312 1 313 1 314 1 315 1 316 1 317 1 318 1 319 1 320 1 321 1 322 1 323 1 324 1 325 1 326 1 327 1 328 1 329 1 330 1 331 1 332 1 333 1 334 1 335 1 336 1 337 1 338 1 339 1 340 1 341 1 342 1 343 1 344 1 345 1 346 1 347 1 348 1 349 1 350 1 351 1 352 1 353 1 354 1 355 1 356 1 357 1 358 1 359 1 360 1 361 1 362 1 363 1 364 1 365 1 366 1 367 1 368 1 369 1 370 1 371 1 372 1 373 1 374 1 375 1 376 1 377 1 378 1 379 1 380 1 381 1 382 1 383 1 384 1 385 1 386 1 387 1 388 1 389 1 390 1 391 1 392 1 393 1 394 1 395 1 396 1 397 1 398 1 399 1 400 1 401 1 402 1 403 1 404 1 405 1 406 1 407 1 408 1 409 1 410 1 411 1 412 1 413 1 414 1 415 1 416 1 417 1 418 1 419 1 420 1 421 1 422 1 423 1 424 1 425 1 426 1 427 1 428 1 429 1 430 1 431 1 432 1 433 1 434 1 435 1 436 1 437 1 438 1 439 1 440 1 441 1 442 1 443 1 444 1 445 1 446 1 447 1 448 1 449 1 450 1 451 1 452 1 453 1 454 1 455 1 456 1 457 1 458 1 459 1 460 1 461 1 462 1 463 1 464 1 465 1 466 1 467 1 468 1 469 1 470 1 471 1 472 1 473 1 474 1 475 1 476 1 477 1 478 1 479 1 480 1 481 1 482 1 483 1 484 1 485 1 486 1 487 1 488 1 489 1 490 1 491 1 492 1 493 1 494 1 495 1 496 1 497 1 498 1 499 1 500 1 501 1 502 1 503 1 504 1 505 1 506 1 507 1 508 1 509 1 510 1 511 1 512 1 513 1 514 1 515 1 516 1 517 1 518 1 519 1 520 1 521 1 522 1 523 1 524 1 525 1 526 1 527 1 528 1 529 1 530 1 531 1 532 1 533 1 534 1 535 1 536 1 537 1 538 1 539 1 540 1 541 1 542 1 543 1 544 1 545 1 546 1 547 1 548 1 549 1 550 1 551 1 552 1 553 1 554 1 555 1 556 1 557 1 558 1 559 1 560 1 561 1 562 1 563 1 564 1 565 1 566 1 567 1 568 1 569 1 570 1 571 1 572 1 573 1 574 1 575 1 576 1 577 1 578 1 579 1 580 1 581 1 582 1 583 1 584 1 585 1 586 1 587 1 588 1 589 1 590 1 591 1 592 1 593 1 594 1 595 1 596 1 597 1 598 1 599 1 600 1 601 1 602 1 603 1 604 1 605 1 606 1 607 1 608 1 609 1 610 1 611 1 612 1 613 1 614 1 615 1 616 1 617 1 618 1 619 1 620 1 621 1 622 1 623 1 624 1 625 1 626 1 627 1 628 1 629 1 630 1 631 1 632 1 633 1 634 1 635 1 636 1 637 1 638 1 639 1 640 1 641 1 642 1 643 1 644 1 645 1 646 1 647 1 648 1 649 1 650 1 651 1 652 1 653 1 654 1 655 1 656 1 657 1 658 1 659 1 660 1 661 1 662 1 663 1 664 1 665 1 666 1 667 1 668 1 669 1 670 1 671 1 672 1 673 1 674 1 675 1 676 1 677 1 678 1 679 1 680 1 681 1 682 1 683 1 684 1 685 1 686 1 687 1 688 1 689 1 690 1 691 1 692 1 693 1 694 1 695 1 696 1 697 1 698 1 699 1 700 1 701 1 702 1 703 1 704 1 705 1 706 1 707 1 708 1 709 1 710 1 711 1 712 1 713 1 714 1 715 1 716 1 717 1 718 1 719 1 720 1 721 1 722 1 723 1 724 1 725 1 726 1 727 1 728 1 729 1 730 1 731 1 732 1 733 1 734 1 735 1 736 1 737 1 738 1 739 1 740 1 741 1 742 1 743 1 744 1 745 1 746 1 747 1 748 1 749 1 750 1 751 1 752 1 753 1 754 1 755 1 756 1 757 1 758 1 759 1 760 1 761 1 762 1 763 1 764 1 765 1 766 1 767 1 768 1 769 1 770 1 771 1 772 1 773 1 774 1 775 1 776 1 777 1 778 1 779 1 780 1 781 1 782 1 783 1 784 1 785 1 786 1 787 1 788 1 789 1 790 1 791 1 792 1 793 1 794 1 795 1 796 1 797 1 798 1 799 1 800 1 801 1 802 1 803 1 804 1 805 1 806 1 807 1 808 1 809 1 810 1 811 1 812 1 813 1 814 1 815 1 816 1 817 1 818 1 819 1 820 1 821 1 822 1 823 1 824 1 825 1 826 1 827 1 828 1 829 1 830 1 831 1 832 1 833 1 834 1 835 1 836 1 837 1 838 1 839 1 840 1 841 1 842 1 843 1 844 1 845 1 846 1 847 1 848 1 849 1 850 1 851 1 852 1 853 1 854 1 855 1 856 1 857 1 858 1 859 1 860 1 861 1 862 1 863 1 864 1 865 1 866 1 867 1 868 1 869 1 870 1 871 1 872 1 873 1 874 1 875 1 876 1 877 1 878 1 879 1 880 1 881 1 882 1 883 1 884 1 885 1 886 1 887 1 888 1 889 1 890 1 891 1 892 1 893 1 894 1 895 1 896 1 897 1 898 1 899 1 900 1 901 1 902 1 903 1 904 1 905 1 906 1 907 1 908 1 909 1 910 1 911 1 912 1 913 1 914 1 915 1 916 1 917 1 918 1 919 1 920 1 921 1 922 1 923 1 924 1 925 1 926 1 927 1 928 1 929 1 930 1 931 1 932 1 933 1 934 1 935 1 936 1 937 1 938 1 939 1 940 1 941 1 942 1 943 1 944 1 945 1 946 1 947 1 948 1 949 1 950 1 951 1 952 1 953 1 954 1 955 1 956 1 957 1 958 1 959 1 960 1 961 1 962 1 963 1 964 1 965 1 966 1 967 1 968 1 969 1 970 1 971 1 972 1 973 1 974 1 975 1 976 1 977 1 978 1 979 1 980 1 981 1 982 1 983 1 984 1 985 1 986 1 987 1 988 1 989 1 990 1 991 1 992 1 993 1 994 1 995 1 996 1 997 1 998 1 999 1 1000 1 1001 1 1002 1 1003 1 1004 1 1005 1 1006 1 1007 1 1008 1 1009 1 1010 1 1011 1 1012 1 1013 1 1014 1 1015 1 1016 1 1017 1 1018 1 1019 1 1020 1 1021 1 1022 1 1023 1 1024 1 1025 1 1026 1 1027 1 1028 1 1029 1 1030 1 1031 1 1032 1 1033 1 1034 1 1035 1 1036 1 1037 1 1038 1 1039 1 1040 1 1041 1 1042 1 1043 1 1044 1 1045 1 1046 1 1047 1 1048 1 1049 1 1050 1 1051 1 1052 1 1053 1 1054 1 1055 1 1056 1 1057 1 1058 1 1059 1 1060 1 1061 1 1062 1 1063 1 1064 1 1065 1 1066 1 1067 1 1068 1 1069 1 1070 1 1071 1 1072 1 1073 1 1074 1 1075 1 1076 1 1077 1 1078 1 1079 1 1080 1 1081 1 1082 1 1083 1 1084 1 1085 1 1086 1 1087 1 1088 1 1089 1 1090 1 1091 1 1092 1 1093 1 1094 1 1095 1 1096 1 1097 1 1098 1 1099 1 1100 1 1101 1 1102 1 1103 1 1104 1 1105 1 1106 1 1107 1 1108 1 1109 1 1110 1 1111 1 1112 1 1113 1 1114 1 1115 1 1116 1 1117 1 1118 1 1119 1 1120 1 1121 1 1122 1 1123 1 1124 1 1125 1 1126 1 1127 1 1128 1 1129 1 1130 1 1131 1 1132 1 1133 1 1134 1 1135 1 1136 1 1137 1 1138 1 1139 1 1140 1 1141 1 1142 1 1143 1 1144 1 1145 1 1146 1 1147 1 1148 1 1149 1 1150 1 1151 1 1152 1 1153 1 1154 1 1155 1 1156 1 1157 1 1158 1 1159 1 1160 1 1161 1 1162 1 1163 1 1164 1 1165 1 1166 1 1167 1 1168 1 1169 1 1170 1 1171 1 1172 1 1173 1 1174 1 1175 1 1176 1 1177 1 1178 1 1179 1 1180 1 1181</v>
        </vertex_weights>
      </skin>
    </controller>
  </library_controllers>
  <library_visual_scenes>
    <visual_scene id="Scene" name="Scene">
      <node id="caravel-rkc_Skin" name="caravel-rkc_Skin" type="NODE">
        <matrix sid="transform">1 0 0 0 0 1 0 0 0 0 1 0 0 0 0 1</matrix>
        <node id="caravel-rkc_Skin_caravel-root" name="caravel-root" sid="caravel-root" type="JOINT">
          <matrix sid="transform">1 0 1.50996e-7 0.08557043 0 -1 0 5.20549 1.50996e-7 0 -1 5.155847 0 0 0 1</matrix>
          <node id="caravel-rkc_Skin_ammo_node_0" name="ammo node 0" sid="ammo_node_0" type="JOINT">
            <matrix sid="transform">-1 1.51444e-7 -4.48139e-10 -0.2296729 4.48139e-10 0 -1 15.19382 -1.51444e-7 -1 -2.30031e-14 -9.114827 0 0 0 1</matrix>
            <node id="caravel-rkc_Skin_smoke_node_0" name="smoke node 0" sid="smoke_node_0" type="JOINT">
              <matrix sid="transform">1 0 8.69746e-8 0.5061368 0 1 0 15.24177 -8.69746e-8 0 1 -0.1649599 0 0 0 1</matrix>
              <extra>
                <technique profile="blender">
                  <layer sid="layer" type="string">0</layer>
                  <roll sid="roll" type="float">3.141593</roll>
                  <tip_x sid="tip_x" type="float">0</tip_x>
                  <tip_y sid="tip_y" type="float">0</tip_y>
                  <tip_z sid="tip_z" type="float">15.25105</tip_z>
                </technique>
              </extra>
            </node>
            <extra>
              <technique profile="blender">
                <layer sid="layer" type="string">0</layer>
                <roll sid="roll" type="float">3.141593</roll>
                <tip_x sid="tip_x" type="float">0</tip_x>
                <tip_y sid="tip_y" type="float">0</tip_y>
                <tip_z sid="tip_z" type="float">15.25105</tip_z>
              </technique>
            </extra>
          </node>
          <extra>
            <technique profile="blender">
              <layer sid="layer" type="string">0</layer>
              <roll sid="roll" type="float">3.141593</roll>
              <tip_x sid="tip_x" type="float">0</tip_x>
              <tip_y sid="tip_y" type="float">-17.71961</tip_y>
              <tip_z sid="tip_z" type="float">0</tip_z>
            </technique>
          </extra>
        </node>
        <node id="caravel-rkc" name="caravel-rkc" type="NODE">
          <matrix sid="transform">1 0 0 0 0 1 0 0 0 0 1 0 0 0 0 1</matrix>
          <instance_controller url="#caravel-rkc_Skin_caravel-rkc-skin">
            <skeleton>#caravel-rkc_Skin_caravel-root</skeleton>
            <bind_material>
              <technique_common>
                <instance_material symbol="carf-material" target="#carf-material">
                  <bind_vertex_input semantic="UVMap" input_semantic="TEXCOORD" input_set="0"/>
                </instance_material>
              </technique_common>
            </bind_material>
          </instance_controller>
        </node>
      </node>
    </visual_scene>
  </library_visual_scenes>
  <scene>
    <instance_visual_scene url="#Scene"/>
  </scene>
</COLLADA>