<?xml version="1.0" encoding="utf-8"?>
<COLLADA xmlns="http://www.collada.org/2005/11/COLLADASchema" version="1.4.1" xmlns:xsi="http://www.w3.org/2001/XMLSchema-instance">
  <asset>
    <contributor>
      <author>Blender User</author>
      <authoring_tool>Blender 3.0.1 commit date:2022-01-25, commit time:17:19, hash:dc2d18018171</authoring_tool>
    </contributor>
    <created>2025-07-24T17:44:33</created>
    <modified>2025-07-24T17:44:33</modified>
    <unit name="meter" meter="1"/>
    <up_axis>Z_UP</up_axis>
  </asset>
  <library_effects>
    <effect id="carf-effect">
      <profile_COMMON>
        <technique sid="common">
          <lambert>
            <emission>
              <color sid="emission">0 0 0 1</color>
            </emission>
            <diffuse>
              <color sid="diffuse">0.8 0.8 0.8 1</color>
            </diffuse>
            <reflectivity>
              <float sid="specular">0.5</float>
            </reflectivity>
          </lambert>
        </technique>
      </profile_COMMON>
    </effect>
  </library_effects>
  <library_images/>
  <library_materials>
    <material id="carf-material" name="carf">
      <instance_effect url="#carf-effect"/>
    </material>
  </library_materials>
  <library_geometries>
    <geometry id="cheirosiphon_Mesh-mesh" name="cheirosiphon_Mesh">
      <mesh>
        <source id="cheirosiphon_Mesh-mesh-positions">
          <float_array id="cheirosiphon_Mesh-mesh-positions-array" count="3492">51.41602 25.0644 -0.1206893 51.41602 25.0644 -0.1206893 64.75401 27.61048 -5.259092 65.4911 23.7493 -5.259096 65.4911 23.7493 -5.259096 65.4911 23.7493 -5.259096 65.4911 23.7493 -5.259096 52.15309 21.20322 -0.1206955 51.9875 22.07065 -0.1206927 51.9875 22.07065 -0.1206927 51.9875 22.07065 -0.1206927 51.9875 22.07065 -0.1206927 11.97068 14.84397 15.26646 11.73929 16.05607 15.26645 11.73929 16.05607 15.26645 51.59807 24.11066 -0.1206878 51.59807 24.11066 -0.1206878 51.59807 24.11066 -0.1206878 51.41605 -14.49843 -0.120675 51.41605 -14.49843 -0.120675 64.75402 -11.95235 -5.259078 65.49111 -15.81356 -5.259078 65.49111 -15.81356 -5.259078 65.49111 -15.81356 -5.259078 65.49111 -15.81356 -5.259078 52.15311 -18.35958 -0.1206649 51.98753 -17.49217 -0.1206717 51.98753 -17.49217 -0.1206717 51.98753 -17.49217 -0.1206717 51.98753 -17.49217 -0.1206717 11.9707 -24.71889 15.26647 11.73932 -23.50683 15.26648 11.73932 -23.50683 15.26648 51.59809 -15.45215 -0.1206768 51.59809 -15.45215 -0.1206768 51.59809 -15.45215 -0.1206768 51.41601 3.937578 -0.1206827 51.41601 3.937578 -0.1206827 64.75405 6.483641 -5.259097 65.4911 2.622465 -5.259083 65.4911 2.622465 -5.259083 65.4911 2.622465 -5.259083 65.4911 2.622465 -5.259083 52.15308 0.07637065 -0.1206911 51.9875 0.9438478 -0.1206926 51.9875 0.9438478 -0.1206926 51.9875 0.9438478 -0.1206926 51.9875 0.9438478 -0.1206926 11.97068 -6.282924 15.26646 11.73931 -5.070781 15.26646 11.73931 -5.070781 15.26646 51.5981 2.98378 -0.12069 51.5981 2.98378 -0.12069 51.5981 2.98378 -0.12069 52.51279 36.46073 2.858803 52.51279 36.46073 2.858803 65.85078 39.00684 -2.279583 66.58783 35.14566 -2.279592 66.58783 35.14566 -2.279592 66.58783 35.14566 -2.279592 66.58783 35.14566 -2.279592 53.24983 32.59955 2.858814 53.08424 33.46705 2.858813 53.08424 33.46705 2.858813 53.08424 33.46705 2.858813 53.08424 33.46705 2.858813 13.06743 26.24031 18.24596 12.83605 27.45234 18.24596 12.83605 27.45234 18.24596 52.69483 35.50699 2.858813 52.69483 35.50699 2.858813 52.69483 35.50699 2.858813 51.41606 47.73761 -0.1207234 51.41606 47.73761 -0.1207234 64.75408 50.2837 -5.259103 65.49112 46.42246 -5.259115 65.49112 46.42246 -5.259115 65.49112 46.42246 -5.259115 65.49112 46.42246 -5.259115 52.15309 43.87641 -0.1207162 51.98751 44.7439 -0.1207078 51.98751 44.7439 -0.1207078 51.98751 44.7439 -0.1207078 51.98751 44.7439 -0.1207078 11.97073 37.51713 15.26646 11.73933 38.72926 15.26645 11.73933 38.72926 15.26645 51.59811 46.78385 -0.120708 51.59811 46.78385 -0.120708 51.59811 46.78385 -0.120708 52.51277 -4.944611 2.858841 52.51277 -4.944611 2.858841 65.85079 -2.39853 -2.279548 66.58783 -6.259664 -2.279556 66.58783 -6.259664 -2.279556 66.58783 -6.259664 -2.279556 66.58783 -6.259664 -2.279556 53.24981 -8.805757 2.858846 53.08421 -7.93831 2.858846 53.08421 -7.93831 2.858846 53.08421 -7.93831 2.858846 53.08421 -7.93831 2.858846 13.06742 -15.165 18.246 12.83602 -13.95292 18.246 12.83602 -13.95292 18.246 52.69483 -5.898345 2.858844 52.69483 -5.898345 2.858844 52.69483 -5.898345 2.858844 52.51274 14.43914 2.858821 52.51274 14.43914 2.858821 65.85078 16.98526 -2.279585 66.58783 13.12409 -2.27958 66.58783 13.12409 -2.27958 66.58783 13.12409 -2.27958 66.58783 13.12409 -2.27958 53.24979 10.57797 2.858806 53.08422 11.44542 2.858821 53.08422 11.44542 2.858821 53.08422 11.44542 2.858821 53.08422 11.44542 2.858821 13.06739 4.218712 18.24597 12.83604 5.430795 18.24598 12.83604 5.430795 18.24598 52.6948 13.48543 2.858821 52.6948 13.48543 2.858821 52.6948 13.48543 2.858821 -71.98702 25.18388 -0.3273435 -71.98702 25.18388 -0.3273435 -85.43739 27.04722 -5.465749 -84.89799 30.94089 -5.465757 -84.89799 30.94089 -5.465757 -84.89799 30.94089 -5.465757 -84.89799 30.94089 -5.465757 -71.44762 29.07758 -0.3273698 -71.56879 28.20283 -0.3273582 -71.56879 28.20283 -0.3273582 -71.56879 28.20283 -0.3273582 -71.56879 28.20283 -0.3273582 -31.3469 22.22203 15.0598 -31.5162 20.99974 15.0598 -31.5162 20.99974 15.0598 -71.85379 26.14563 -0.3273732 -71.85379 26.14563 -0.3273732 -71.85379 26.14563 -0.3273732 -71.98703 -20.61174 -0.3273297 -71.98703 -20.61174 -0.3273297 -85.43739 -18.74839 -5.465733 -84.89798 -14.85469 -5.465761 -84.89798 -14.85469 -5.465761 -84.89798 -14.85469 -5.465761 -84.89798 -14.85469 -5.465761 -71.44762 -16.71806 -0.3273517 -71.5688 -17.59276 -0.3273473 -71.5688 -17.59276 -0.3273473 -71.5688 -17.59276 -0.3273473 -71.5688 -17.59276 -0.3273473 -31.34689 -23.57354 15.05981 -31.5162 -24.79582 15.0598 -31.5162 -24.79582 15.0598 -71.85377 -19.64999 -0.3273613 -71.85377 -19.64999 -0.3273613 -71.85377 -19.64999 -0.3273613 -71.98704 2.881423 -0.3273587 -71.98704 2.881423 -0.3273587 -85.43743 4.744798 -5.465752 -84.898 8.638487 -5.465751 -84.898 8.638487 -5.465751 -84.898 8.638487 -5.465751 -84.898 8.638487 -5.465751 -71.44762 6.77515 -0.3273587 -71.5688 5.900386 -0.3273736 -71.5688 5.900386 -0.3273736 -71.5688 5.900386 -0.3273736 -71.5688 5.900386 -0.3273736 -31.34689 -0.08033221 15.05979 -31.51624 -1.302685 15.05979 -31.51624 -1.302685 15.05979 -71.85381 3.843265 -0.3273488 -71.85381 3.843265 -0.3273488 -71.85381 3.843265 -0.3273488 -70.89029 32.61606 2.65214 -70.89029 32.61606 2.65214 -84.34066 34.47938 -2.486248 -83.80124 38.37311 -2.48626 -83.80124 38.37311 -2.48626 -83.80124 38.37311 -2.48626 -83.80124 38.37311 -2.48626 -70.35086 36.50978 2.652161 -70.47206 35.63496 2.652163 -70.47206 35.63496 2.652163 -70.47206 35.63496 2.652163 -70.47206 35.63496 2.652163 -30.25017 29.65422 18.03929 -30.41948 28.43196 18.03929 -30.41948 28.43196 18.03929 -70.75704 33.57783 2.652152 -70.75704 33.57783 2.652152 -70.75704 33.57783 2.652152 -71.98699 42.52176 -0.3273725 -71.98699 42.52176 -0.3273725 -85.43737 44.38512 -5.46579 -84.89793 48.27888 -5.465768 -84.89793 48.27888 -5.465768 -84.89793 48.27888 -5.465768 -84.89793 48.27888 -5.465768 -71.44755 46.41547 -0.3273826 -71.56875 45.54071 -0.3273739 -71.56875 45.54071 -0.3273739 -71.56875 45.54071 -0.3273739 -71.56875 45.54071 -0.3273739 -31.34686 39.56004 15.05979 -31.51618 38.33769 15.05979 -31.51618 38.33769 15.05979 -71.85375 43.48356 -0.3273593 -71.85375 43.48356 -0.3273593 -71.85375 43.48356 -0.3273593 -70.89028 -9.282642 2.652165 -70.89028 -9.282642 2.652165 -84.34067 -7.419281 -2.486214 -83.80126 -3.525623 -2.486229 -83.80126 -3.525623 -2.486229 -83.80126 -3.525623 -2.486229 -83.80126 -3.525623 -2.486229 -70.35086 -5.38895 2.652159 -70.47203 -6.263689 2.652167 -70.47203 -6.263689 2.652167 -70.47203 -6.263689 2.652167 -70.47203 -6.263689 2.652167 -30.25015 -12.24447 18.03933 -30.41948 -13.46678 18.03932 -30.41948 -13.46678 18.03932 -70.75705 -8.320862 2.652172 -70.75705 -8.320862 2.652172 -70.75705 -8.320862 2.652172 -70.89029 15.61277 2.652144 -70.89029 15.61277 2.652144 -84.3407 17.47611 -2.486263 -83.80129 21.36979 -2.486245 -83.80129 21.36979 -2.486245 -83.80129 21.36979 -2.486245 -83.80129 21.36979 -2.486245 -70.35088 19.50647 2.652124 -70.47208 18.63172 2.652149 -70.47208 18.63172 2.652149 -70.47208 18.63172 2.652149 -70.47208 18.63172 2.652149 -30.25016 12.65093 18.0393 -30.41951 11.42866 18.0393 -30.41951 11.42866 18.0393 -70.75707 16.57452 2.65214 -70.75707 16.57452 2.65214 -70.75707 16.57452 2.65214 -9.619392 -83.88562 25.87952 -9.619392 -83.88562 25.87952 -9.619392 -83.88562 25.87952 -16.66608 -83.90431 25.87953 -12.80127 -97.31253 23.95084 -12.80127 -97.31253 23.95084 -12.80127 -97.31253 23.95084 -10.25233 -99.66856 24.11856 -7.703326 -97.31254 23.95085 -7.703326 -97.31254 23.95085 -7.703326 -97.31254 23.95085 -2.257813 -83.88565 25.87952 -12.80128 -103.7912 19.36719 -18.18754 -96.43875 16.26456 -0.3074045 -96.43875 16.26458 -0.3074045 -96.43875 16.26458 -7.703326 -103.7912 19.36719 -10.25238 -106.1472 19.53491 -29.906 67.60324 35.05687 -31.03683 -31.41942 21.17234 -31.03683 -31.41942 21.17234 -9.619107 99.75942 37.26342 11.7193 -31.00946 21.17234 20.8545 88.34768 18.47104 20.8545 88.34768 18.47104 -9.843103 -93.11733 21.97783 -9.843103 -93.11733 21.97783 -37.86481 86.9235 37.26343 -37.86481 86.9235 37.26343 23.38604 -58.21094 16.26455 23.38604 -58.21094 16.26455 14.15129 71.14585 35.05687 4.873676 -56.47701 36.60315 4.873676 -56.47701 36.60315 4.873676 -56.47701 36.60315 4.873683 -41.78244 28.71446 -15.95941 -66.73076 36.60315 -42.36788 -58.44974 16.16996 -42.36788 -58.44974 16.16996 -42.36788 -58.44974 16.16996 8.66897 -62.68538 25.87952 8.66897 -62.68538 25.87952 8.66897 -62.68538 25.87952 -9.942556 65.29631 -8.718396 -9.942556 65.29631 -8.718396 -9.942556 65.29631 -8.718396 -9.942556 65.29631 -8.718396 -9.942556 65.29631 -8.718396 -41.98081 40.80925 16.26449 -41.98081 40.80925 16.26449 -23.79787 -41.7984 28.69292 -23.79787 -41.7984 28.69292 11.06337 38.04698 21.17229 11.06337 38.04698 21.17229 -30.75305 39.68782 21.17228 -6.395238 -53.27997 -8.697179 -6.395238 -53.27997 -8.697179 -6.395238 -53.27997 -8.697179 -6.395238 -53.27997 -8.697179 -6.395238 -53.27997 -8.697179 -6.395238 -53.27997 -8.697179 -9.619206 101.71 18.47104 -9.619206 101.71 18.47104 -9.619206 101.71 18.47104 11.80074 -36.97121 25.87953 11.80074 -36.97121 25.87953 11.80074 -36.97121 25.87953 18.62614 86.92356 37.26345 18.62614 86.92356 37.26345 18.62614 86.92356 37.26345 -35.31008 -41.47744 27.11021 -35.31008 -41.47744 27.11021 -35.31008 -41.47744 27.11021 -35.31008 -41.47744 27.11021 -20.01682 -53.28001 -8.719497 -20.01682 -53.28001 -8.719497 -20.01682 -53.28001 -8.719497 -30.29329 -36.98874 25.87952 16.06949 -40.98498 27.11022 16.06949 -40.98498 27.11022 4.873677 -56.477 42.27938 4.873677 -56.477 42.27938 -15.9594 -66.73075 42.27938 -15.9594 -66.73075 42.27938 -30.87463 39.67967 31.71957 -30.87463 39.67967 31.71957 10.97157 38.04473 31.71958 11.30679 66.71066 27.11016 11.30679 66.71066 27.11016 -2.96511 -66.71507 42.27938 -2.96511 -66.71507 42.27938 3.022038 30.31998 -2.593854 -30.53942 66.19592 27.11015 -30.53942 66.19592 27.11015 -29.53096 31.87611 5.619459 -23.79787 -56.4931 42.27938 -23.79787 -56.4931 42.27938 -18.02315 -82.52677 -3.582494 -18.02315 -82.52677 -3.582494 -31.02543 -31.42015 27.11021 11.71425 -31.00933 27.11022 -30.0051 -56.92886 -4.823056 -30.0051 -56.92886 -4.823056 -30.0051 -56.92886 -4.823056 -30.0051 -56.92886 -4.823056 -1.729393 -68.14521 32.71012 -1.729393 -68.14521 32.71012 0.4756661 -82.41758 -4.544087 -9.619256 102.2867 8.610774 -9.619256 102.2867 8.610774 -16.66539 -68.16263 32.71012 -23.79787 -41.79838 34.39068 -23.79787 -41.79838 34.39068 -28.11924 -62.7032 25.87952 -28.11924 -62.7032 25.87952 -0.496233 -83.23398 15.17628 16.42246 -58.17617 21.38205 16.42246 -58.17617 21.38205 16.42246 -58.17617 21.38205 15.58454 70.5404 27.11015 15.58454 70.5404 27.11015 15.58454 70.5404 27.11015 15.58454 70.5404 27.11015 4.873681 -41.78244 34.39069 -34.81596 70.65924 27.11014 -34.81596 70.65924 27.11014 -34.81596 70.65924 27.11014 -34.81596 70.65924 27.11014 -19.22269 -83.26188 15.2937 11.3068 66.71067 31.71956 11.3068 66.71067 31.71956 6.304681 -56.96193 32.71012 6.304681 -56.96193 32.71012 -23.79788 -56.49311 36.60315 -23.79788 -56.49311 36.60315 -23.79788 -56.49311 36.60315 -30.53943 66.19593 31.71955 -2.965121 -66.71507 36.60315 -2.965121 -66.71507 36.60315 10.01815 -56.92888 -4.823021 10.01815 -56.92888 -4.823021 10.01815 -56.92888 -4.823021 -25.22887 -56.97801 32.71012 -40.09318 88.3477 18.47103 22.7505 38.80168 16.26449 22.7505 38.80168 16.26449 -9.919596 -61.48118 -10.06587 -9.919596 -61.48118 -10.06587 -9.919596 -61.48118 -10.06587 -9.919596 -61.48118 -10.06587 -9.919596 -61.48118 -10.06587 -9.919596 -61.48118 -10.06587 -9.919596 -61.48118 -10.06587 -34.81594 70.65924 31.71956 -34.81594 70.65924 31.71956 15.58455 70.54041 31.71956 13.96125 83.94204 9.080686 13.96125 83.94204 9.080686 -35.65279 -58.17428 22.28033 -35.65279 -58.17428 22.28033 20.32426 88.00885 40.66918 20.32426 88.00885 40.66918 -39.56293 88.00879 40.66917 -39.56293 88.00879 40.66917 -39.56293 88.00879 40.66917 -9.617339 101.2171 40.59233 -9.617339 101.2171 40.59233 -9.617339 101.2171 40.59233 -9.617339 101.2171 40.59233 -33.19993 83.94203 9.080677 -33.19993 83.94203 9.080677 -25.22888 -40.36819 32.7101 -25.22888 -40.36819 32.7101 -33.38282 71.23194 35.05685 -33.38282 71.23194 35.05685 6.304683 -40.35065 32.71011 6.304683 -40.35065 32.71011 10.75239 68.16446 35.05687 10.75239 68.16446 35.05687 -25.22887 -56.97801 42.27937 6.304685 -56.96191 42.27938 6.304685 -56.96191 42.27938 -1.729392 -68.14521 42.27938 -16.66539 -68.16262 42.27938 -25.22887 -40.36819 34.39068 6.304681 -40.35065 34.39069 20.85449 88.34768 18.48868 -40.09318 88.3477 18.5088 -40.09318 88.3477 18.5088 -40.09318 88.3477 18.5088 -40.09318 88.3477 18.5088 -9.619142 101.71 16.20055 -9.619142 101.71 16.20055 -9.619142 101.71 16.20055 -9.619142 101.71 16.20055 -9.619142 101.71 16.20055 20.32425 88.00885 29.31673 20.32425 88.00885 29.31673 20.32425 88.00885 29.31673 -39.56295 88.0088 29.31671 -39.56295 88.0088 29.31671 -39.56295 88.0088 29.31671 -27.51644 -73.3977 24.00404 -27.51644 -73.3977 24.00404 -27.51644 -73.3977 24.00404 1.745008 -79.85637 -4.512723 1.745008 -79.85637 -4.512723 -9.311348 -84.96263 -2.382397 -9.311348 -84.96263 -2.382397 -8.586701 -129.7545 18.65443 -9.432405 -91.53866 16.20919 -10.58706 -130.1343 16.54882 -10.58706 -130.1343 16.54882 -14.60174 -91.53867 19.89991 -14.60174 -91.53867 19.89991 -12.31168 -129.6769 19.11912 -6.985033 -91.53866 19.89241 -6.985033 -91.53866 19.89241 -8.137181 -69.0823 26.25528 -8.137181 -69.0823 26.25528 -8.939187 -91.6191 34.24262 -8.939187 -91.6191 34.24262 -8.939187 -91.6191 34.24262 -7.790162 -69.61885 25.18047 -7.790162 -69.61885 25.18047 -7.790162 -69.61885 25.18047 -9.412609 -91.08254 35.31744 -8.676804 -68.86083 26.69888 -8.522427 -69.71257 24.99274 -8.522427 -69.71257 24.99274 -9.938214 -91.7128 34.05488 -10.41164 -91.17625 35.12971 -10.41164 -91.17625 35.12971 -10.41164 -91.17625 35.12971 -10.14884 -90.86113 35.76099 -10.14884 -90.86113 35.76099 -7.982815 -69.93406 24.54909 -8.86945 -69.176 26.06756 -8.86945 -69.176 26.06756 -8.86945 -69.176 26.06756 -9.202013 -91.93426 33.61129 -9.202013 -91.93426 33.61129 -9.202013 -91.93426 33.61129 -8.209047 -0.049555 212.0874 -12.37304 -3.927512 154.3571 -12.37304 -3.927512 154.3571 -12.37293 -3.666705 211.5144 -8.210382 -0.3104575 154.93 -8.210382 -0.3104575 154.93 -9.029805 -4.418971 211.3953 -9.029805 -4.418971 211.3953 -9.029805 -4.418971 211.3953 -9.030859 -4.679858 154.238 -9.030859 -4.679858 154.238 -9.030859 -4.679858 154.238 -6.459275 -2.444354 154.592 -11.86571 -0.9662804 211.9422 -11.86571 -0.9662804 211.9422 -6.459364 -2.183527 211.7494 -6.459364 -2.183527 211.7494 -11.86517 -1.227084 154.7848 -32.10654 38.65639 213.3573 27.24875 -85.10597 40.96842 27.24875 -85.10597 40.96842 -32.70865 37.93099 210.9277 -32.70865 37.93099 210.9277 25.77596 -83.32985 39.1654 25.77596 -83.32985 39.1654 25.77596 -83.32985 39.1654 -34.18157 39.70714 209.1247 27.85097 -84.38066 43.398 27.85097 -84.38066 43.398 -6.797906 3.193324 24.31468 -6.797906 3.193324 24.31468 -8.917967 0.003402054 166.212 -8.917967 0.003402054 166.212 -8.917967 0.003402054 166.212 -5.880163 0.00328952 24.31469 -5.880163 0.00328952 24.31469 -5.880163 0.00328952 24.31469 -10.17862 3.19342 166.212 -8.22507 4.509745 24.31468 -8.22507 4.509745 24.31468 -7.816818 -0.5538548 24.3147 -7.816818 -0.5538548 24.3147 -11.56195 -0.5537384 166.212 -12.81407 2.636307 166.212 -12.81407 2.636307 166.212 -12.81407 2.636307 166.212 -12.11892 4.509865 166.212 -12.11892 4.509865 166.212 -6.389655 -1.870261 24.31469 -6.389655 -1.870261 24.31469 -8.734564 2.636179 24.31468 -8.734564 2.636179 24.31468 -8.734564 2.636179 24.31468 -9.607962 -1.87013 166.212 -9.607962 -1.87013 166.212 -9.607962 -1.87013 166.212 -34.25434 41.05049 209.5578 27.27549 -84.55934 41.19064 -3.595864 92.11933 49.08366 -3.595864 92.11933 49.08366 -31.56236 37.8923 206.9046 -34.25434 41.05049 209.5578 27.27549 -84.55934 41.19064 -3.595865 92.11933 49.08366 -3.595865 92.11933 49.08366 -31.56247 37.89229 206.9046 -7.703326 -97.31254 23.95085 -7.703326 -97.31254 23.95085 -2.257813 -83.88565 25.87952 -10.25233 -99.66856 24.11856 -7.703326 -97.31254 23.95085 -7.703326 -103.7912 19.36719 -7.703326 -103.7912 19.36719 -10.25233 -99.66856 24.11856 -12.80127 -97.31253 23.95084 -12.80127 -97.31253 23.95084 -10.25233 -99.66856 24.11856 -10.25238 -106.1472 19.53491 -10.25238 -106.1472 19.53491 -16.66608 -83.90431 25.87953 -12.80127 -97.31253 23.95084 -12.80128 -103.7912 19.36719 -12.80128 -103.7912 19.36719 -16.66608 -83.90431 25.87953 -30.0051 -56.92886 -4.823056 -30.0051 -56.92886 -4.823056 -29.53096 31.87611 5.619459 20.32425 88.00885 29.31673 20.32425 88.00885 29.31673 20.85449 88.34768 18.48868 20.85449 88.34768 18.48868 20.85449 88.34768 18.48868 20.85449 88.34768 18.48868 -16.66608 -83.90431 25.87953 -16.66608 -83.90431 25.87953 3.022038 30.31998 -2.593854 3.022038 30.31998 -2.593854 -39.56295 88.0088 29.31671 -39.56295 88.0088 29.31671 8.66897 -62.68538 25.87952 8.66897 -62.68538 25.87952 -2.257813 -83.88565 25.87952 -2.257813 -83.88565 25.87952 -28.11924 -62.7032 25.87952 -30.29329 -36.98874 25.87952 11.06337 38.04698 21.17229 11.06337 38.04698 21.17229 -30.75305 39.68782 21.17228 -0.3074045 -96.43875 16.26458 -0.3074045 -96.43875 16.26458 -0.3074045 -96.43875 16.26458 -40.09318 88.3477 18.5088 -40.09318 88.3477 18.5088 11.80074 -36.97121 25.87953 11.80074 -36.97121 25.87953 6.304683 -40.35065 32.71011 11.80074 -36.97121 25.87953 -2.257813 -83.88565 25.87952 -2.257813 -83.88565 25.87952 -2.257813 -83.88565 25.87952 -35.31008 -41.47744 27.11021 -31.02543 -31.42015 27.11021 -31.02543 -31.42015 27.11021 0.4756661 -82.41758 -4.544087 0.4756661 -82.41758 -4.544087 0.4756661 -82.41758 -4.544087 -18.18754 -96.43875 16.26456 -30.29329 -36.98874 25.87952 -30.29329 -36.98874 25.87952 -25.22888 -40.36819 32.7101 -25.22887 -56.97801 32.71012 -0.3074045 -96.43875 16.26458 15.58454 70.5404 27.11015 15.58454 70.5404 27.11015 16.06949 -40.98498 27.11022 16.06949 -40.98498 27.11022 11.71425 -31.00933 27.11022 11.71425 -31.00933 27.11022 4.873676 -56.47701 36.60315 4.873683 -41.78244 28.71446 4.873683 -41.78244 28.71446 -2.257813 -83.88565 25.87952 -2.257813 -83.88565 25.87952 -1.729393 -68.14521 32.71012 6.304681 -56.96193 32.71012 -28.11924 -62.7032 25.87952 -28.11924 -62.7032 25.87952 -25.22887 -56.97801 32.71012 -16.66539 -68.16263 32.71012 -16.66539 -68.16263 32.71012 -30.87463 39.67967 31.71957 -30.87463 39.67967 31.71957 -30.87463 39.67967 31.71957 -30.87463 39.67967 31.71957 -30.53942 66.19592 27.11015 -30.53942 66.19592 27.11015 -30.53943 66.19593 31.71955 10.97157 38.04473 31.71958 10.97157 38.04473 31.71958 10.97157 38.04473 31.71958 11.3068 66.71067 31.71956 11.06337 38.04698 21.17229 11.7193 -31.00946 21.17234 11.7193 -31.00946 21.17234 11.06337 38.04698 21.17229 11.30679 66.71066 27.11016 11.30679 66.71066 27.11016 4.873676 -56.47701 36.60315 4.873676 -56.47701 36.60315 4.873677 -56.477 42.27938 -2.96511 -66.71507 42.27938 23.38604 -58.21094 16.26455 3.022038 30.31998 -2.593854 3.022038 30.31998 -2.593854 3.022038 30.31998 -2.593854 -30.75305 39.68782 21.17228 -31.02543 -31.42015 27.11021 -31.02543 -31.42015 27.11021 -30.53942 66.19592 27.11015 -30.75305 39.68782 21.17228 -30.75305 39.68782 21.17228 -29.53096 31.87611 5.619459 -29.53096 31.87611 5.619459 -29.53096 31.87611 5.619459 -42.36788 -58.44974 16.16996 -15.95941 -66.73076 36.60315 -15.95941 -66.73076 36.60315 -15.9594 -66.73075 42.27938 -23.79788 -56.49311 36.60315 -23.79788 -56.49311 36.60315 -23.79787 -56.4931 42.27938 -18.02315 -82.52677 -3.582494 -18.02315 -82.52677 -3.582494 -18.02315 -82.52677 -3.582494 -18.02315 -82.52677 -3.582494 -31.03683 -31.41942 21.17234 11.71425 -31.00933 27.11022 11.71425 -31.00933 27.11022 -31.02543 -31.42015 27.11021 -31.03683 -31.41942 21.17234 -31.03683 -31.41942 21.17234 11.7193 -31.00946 21.17234 11.71425 -31.00933 27.11022 -18.18754 -96.43875 16.26456 -19.22269 -83.26188 15.2937 -18.02315 -82.52677 -3.582494 -1.729393 -68.14521 32.71012 -1.729393 -68.14521 32.71012 -1.729392 -68.14521 42.27938 -1.729392 -68.14521 42.27938 -1.729393 -68.14521 32.71012 -16.66539 -68.16263 32.71012 -16.66539 -68.16263 32.71012 0.4756661 -82.41758 -4.544087 -0.3074045 -96.43875 16.26458 20.8545 88.34768 18.47104 -9.619256 102.2867 8.610774 -9.619256 102.2867 8.610774 -16.66539 -68.16262 42.27938 -16.66539 -68.16262 42.27938 -16.66539 -68.16263 32.71012 -25.22887 -56.97801 32.71012 -25.22887 -56.97801 32.71012 -23.79787 -41.7984 28.69292 -25.22888 -40.36819 32.7101 -28.11924 -62.7032 25.87952 -16.66608 -83.90431 25.87953 -2.257813 -83.88565 25.87952 -16.66608 -83.90431 25.87953 0.4756661 -82.41758 -4.544087 -9.843103 -93.11733 21.97783 -0.496233 -83.23398 15.17628 8.66897 -62.68538 25.87952 -2.257813 -83.88565 25.87952 15.58455 70.54041 31.71956 15.58455 70.54041 31.71956 15.58454 70.5404 27.11015 11.30679 66.71066 27.11016 11.30679 66.71066 27.11016 11.30679 66.71066 27.11016 6.304683 -40.35065 32.71011 6.304681 -56.96193 32.71012 -28.11924 -62.7032 25.87952 -28.11924 -62.7032 25.87952 8.66897 -62.68538 25.87952 8.66897 -62.68538 25.87952 8.66897 -62.68538 25.87952 -16.66608 -83.90431 25.87953 -28.11924 -62.7032 25.87952 -28.11924 -62.7032 25.87952 -30.53943 66.19593 31.71955 -30.53943 66.19593 31.71955 -30.53942 66.19592 27.11015 -34.81596 70.65924 27.11014 -34.81596 70.65924 27.11014 -34.81596 70.65924 27.11014 11.3068 66.71067 31.71956 -30.53943 66.19593 31.71955 -30.53943 66.19593 31.71955 11.3068 66.71067 31.71956 6.304681 -56.96193 32.71012 6.304685 -56.96191 42.27938 6.304681 -40.35065 34.39069 6.304681 -56.96193 32.71012 -23.79788 -56.49311 36.60315 -2.965121 -66.71507 36.60315 -2.965121 -66.71507 36.60315 -15.95941 -66.73076 36.60315 -34.81594 70.65924 31.71956 -2.965121 -66.71507 36.60315 10.01815 -56.92888 -4.823021 10.01815 -56.92888 -4.823021 1.745008 -79.85637 -4.512723 1.745008 -79.85637 -4.512723 -25.22887 -56.97801 42.27937 -25.22887 -56.97801 42.27937 -25.22887 -56.97801 32.71012 -25.22888 -40.36819 32.7101 -33.19993 83.94203 9.080677 -40.09318 88.3477 18.47103 -41.98081 40.80925 16.26449 16.06949 -40.98498 27.11022 22.7505 38.80168 16.26449 -29.906 67.60324 35.05687 -29.906 67.60324 35.05687 -30.53943 66.19593 31.71955 -34.81594 70.65924 31.71956 -34.81594 70.65924 31.71956 -33.38282 71.23194 35.05685 15.58455 70.54041 31.71956 14.15129 71.14585 35.05687 18.62614 86.92356 37.26345 14.15129 71.14585 35.05687 14.15129 71.14585 35.05687 15.58455 70.54041 31.71956 11.3068 66.71067 31.71956 11.3068 66.71067 31.71956 13.96125 83.94204 9.080686 13.96125 83.94204 9.080686 -9.619256 102.2867 8.610774 -35.31008 -41.47744 27.11021 -35.31008 -41.47744 27.11021 -28.11924 -62.7032 25.87952 20.32426 88.00885 40.66918 20.32426 88.00885 40.66918 18.62614 86.92356 37.26345 -9.619107 99.75942 37.26342 -9.619107 99.75942 37.26342 -9.619107 99.75942 37.26342 18.62614 86.92356 37.26345 20.32426 88.00885 40.66918 15.58455 70.54041 31.71956 -37.86481 86.9235 37.26343 -37.86481 86.9235 37.26343 -39.56293 88.00879 40.66917 -9.617339 101.2171 40.59233 -9.617339 101.2171 40.59233 -9.617339 101.2171 40.59233 -39.56293 88.00879 40.66917 -37.86481 86.9235 37.26343 -33.38282 71.23194 35.05685 -9.942556 65.29631 -8.718396 -9.619256 102.2867 8.610774 -29.53096 31.87611 5.619459 -33.19993 83.94203 9.080677 -33.19993 83.94203 9.080677 -23.79787 -41.7984 28.69292 -23.79787 -41.7984 28.69292 -25.22888 -40.36819 32.7101 6.304683 -40.35065 32.71011 6.304683 -40.35065 32.71011 -23.79787 -41.7984 28.69292 -23.79787 -41.79838 34.39068 -23.79787 -41.79838 34.39068 -25.22888 -40.36819 32.7101 -25.22888 -40.36819 32.7101 -33.38282 71.23194 35.05685 10.75239 68.16446 35.05687 10.75239 68.16446 35.05687 -29.906 67.60324 35.05687 -33.38282 71.23194 35.05685 -33.38282 71.23194 35.05685 4.873683 -41.78244 28.71446 6.304683 -40.35065 32.71011 6.304681 -40.35065 34.39069 6.304681 -40.35065 34.39069 4.873683 -41.78244 28.71446 4.873683 -41.78244 28.71446 10.75239 68.16446 35.05687 14.15129 71.14585 35.05687 -25.22887 -56.97801 42.27937 -25.22887 -56.97801 42.27937 -25.22887 -56.97801 42.27937 -23.79787 -56.4931 42.27938 -23.79787 -56.4931 42.27938 -23.79787 -56.4931 42.27938 -15.9594 -66.73075 42.27938 -15.9594 -66.73075 42.27938 -15.9594 -66.73075 42.27938 -25.22887 -40.36819 34.39068 -25.22887 -40.36819 34.39068 6.304685 -56.96191 42.27938 6.304685 -56.96191 42.27938 6.304685 -56.96191 42.27938 4.873677 -56.477 42.27938 4.873677 -56.477 42.27938 4.873677 -56.477 42.27938 4.873681 -41.78244 34.39069 4.873681 -41.78244 34.39069 -1.729392 -68.14521 42.27938 -1.729392 -68.14521 42.27938 -1.729392 -68.14521 42.27938 -2.96511 -66.71507 42.27938 -2.96511 -66.71507 42.27938 -2.96511 -66.71507 42.27938 -16.66539 -68.16262 42.27938 -16.66539 -68.16262 42.27938 -16.66539 -68.16262 42.27938 -25.22887 -40.36819 34.39068 -23.79787 -41.79838 34.39068 4.873681 -41.78244 34.39069 6.304681 -40.35065 34.39069 -9.619206 101.71 18.47104 20.8545 88.34768 18.47104 20.85449 88.34768 18.48868 -41.98081 40.80925 16.26449 -40.09318 88.3477 18.47103 -40.09318 88.3477 18.5088 -40.09318 88.3477 18.47103 -40.09318 88.3477 18.47103 -9.619206 101.71 18.47104 -9.619206 101.71 18.47104 -9.619142 101.71 16.20055 -9.619142 101.71 16.20055 20.85449 88.34768 18.48868 20.32426 88.00885 40.66918 -39.56293 88.00879 40.66917 -35.65279 -58.17428 22.28033 -35.65279 -58.17428 22.28033 0.4756661 -82.41758 -4.544087 -9.311348 -84.96263 -2.382397 -9.843103 -93.11733 21.97783 -9.311348 -84.96263 -2.382397 -2.257813 -83.88565 25.87952 -9.619392 -83.88562 25.87952 -16.66608 -83.90431 25.87953 -7.703326 -97.31254 23.95085 -7.703326 -97.31254 23.95085 -2.257813 -83.88565 25.87952 -16.66608 -83.90431 25.87953 -16.66608 -83.90431 25.87953 -16.66608 -83.90431 25.87953 -10.25233 -99.66856 24.11856 -10.25233 -99.66856 24.11856 -12.80127 -97.31253 23.95084 -12.80128 -103.7912 19.36719 -12.80128 -103.7912 19.36719 -10.25238 -106.1472 19.53491 -7.703326 -103.7912 19.36719 -7.703326 -103.7912 19.36719 -16.66608 -83.90431 25.87953 -18.18754 -96.43875 16.26456 -12.80128 -103.7912 19.36719 -12.80127 -97.31253 23.95084 -16.66608 -83.90431 25.87953 -12.80128 -103.7912 19.36719 -12.80127 -97.31253 23.95084 -10.25233 -99.66856 24.11856 -12.80127 -97.31253 23.95084 -7.703326 -103.7912 19.36719 -7.703326 -97.31254 23.95085 -10.25233 -99.66856 24.11856 -7.703326 -103.7912 19.36719 -2.257813 -83.88565 25.87952 -2.257813 -83.88565 25.87952 -7.703326 -97.31254 23.95085 -7.703326 -103.7912 19.36719 -7.703326 -103.7912 19.36719 -0.3074045 -96.43875 16.26458 20.8545 88.34768 18.47104 22.7505 38.80168 16.26449 23.38604 -58.21094 16.26455 20.8545 88.34768 18.47104 23.38604 -58.21094 16.26455 23.38604 -58.21094 16.26455 16.42246 -58.17617 21.38205 16.42246 -58.17617 21.38205 20.8545 88.34768 18.47104 16.42246 -58.17617 21.38205 16.42246 -58.17617 21.38205 16.06949 -40.98498 27.11022 16.06949 -40.98498 27.11022 -42.36788 -58.44974 16.16996 -35.31008 -41.47744 27.11021 -35.31008 -41.47744 27.11021 -42.36788 -58.44974 16.16996 -42.36788 -58.44974 16.16996 -41.98081 40.80925 16.26449 -2.257813 -83.88565 25.87952 -16.66608 -83.90431 25.87953 -28.11924 -62.7032 25.87952 -2.257813 -83.88565 25.87952 -16.66608 -83.90431 25.87953 -16.66608 -83.90431 25.87953 -0.3074045 -96.43875 16.26458 -0.3074045 -96.43875 16.26458 -42.36788 -58.44974 16.16996 -42.36788 -58.44974 16.16996 -27.51644 -73.3977 24.00404 -16.66608 -83.90431 25.87953 -18.18754 -96.43875 16.26456 -42.36788 -58.44974 16.16996 -16.66608 -83.90431 25.87953 -18.18754 -96.43875 16.26456 -9.843103 -93.11733 21.97783 -19.22269 -83.26188 15.2937 -18.18754 -96.43875 16.26456 -0.496233 -83.23398 15.17628 -9.843103 -93.11733 21.97783 -18.18754 -96.43875 16.26456 -0.496233 -83.23398 15.17628 -18.18754 -96.43875 16.26456 -0.3074045 -96.43875 16.26458 -0.3074045 -96.43875 16.26458 -9.942556 65.29631 -8.718396 3.022038 30.31998 -2.593854 -9.619256 102.2867 8.610774 -8.586701 -129.7545 18.65443 -8.586701 -129.7545 18.65443 -14.60174 -91.53867 19.89991 -12.31168 -129.6769 19.11912 -6.985033 -91.53866 19.89241 -12.31168 -129.6769 19.11912 -8.586701 -129.7545 18.65443 -10.58706 -130.1343 16.54882 -10.58706 -130.1343 16.54882 -9.432405 -91.53866 16.20919 -12.31168 -129.6769 19.11912 -9.432405 -91.53866 16.20919 -6.985033 -91.53866 19.89241 -14.60174 -91.53867 19.89991 -9.432405 -91.53866 16.20919 -8.137181 -69.0823 26.25528 -9.412609 -91.08254 35.31744 -8.86945 -69.176 26.06756 -8.86945 -69.176 26.06756 -8.522427 -69.71257 24.99274 -8.522427 -69.71257 24.99274 -8.137181 -69.0823 26.25528 -8.137181 -69.0823 26.25528 -8.137181 -69.0823 26.25528 -8.137181 -69.0823 26.25528 -8.522427 -69.71257 24.99274 -9.938214 -91.7128 34.05488 -7.982815 -69.93406 24.54909 -7.982815 -69.93406 24.54909 -9.412609 -91.08254 35.31744 -9.412609 -91.08254 35.31744 -9.412609 -91.08254 35.31744 -8.939187 -91.6191 34.24262 -9.202013 -91.93426 33.61129 -9.202013 -91.93426 33.61129 -10.41164 -91.17625 35.12971 -10.41164 -91.17625 35.12971 -10.41164 -91.17625 35.12971 -10.14884 -90.86113 35.76099 -10.14884 -90.86113 35.76099 -8.676804 -68.86083 26.69888 -9.412609 -91.08254 35.31744 -7.982815 -69.93406 24.54909 -7.790162 -69.61885 25.18047 -8.676804 -68.86083 26.69888 -8.676804 -68.86083 26.69888 -9.938214 -91.7128 34.05488 -9.202013 -91.93426 33.61129 -7.982815 -69.93406 24.54909 -9.938214 -91.7128 34.05488 -11.86571 -0.9662804 211.9422 -11.86571 -0.9662804 211.9422 -8.209047 -0.049555 212.0874 -8.209047 -0.049555 212.0874 -9.029805 -4.418971 211.3953 -9.029805 -4.418971 211.3953 -9.029805 -4.418971 211.3953 -9.030859 -4.679858 154.238 -9.030859 -4.679858 154.238 -9.030859 -4.679858 154.238 -8.210382 -0.3104575 154.93 -8.210382 -0.3104575 154.93 -11.86517 -1.227084 154.7848 -11.86517 -1.227084 154.7848 -8.209047 -0.049555 212.0874 -8.209047 -0.049555 212.0874 -8.210382 -0.3104575 154.93 -6.459275 -2.444354 154.592 -6.459275 -2.444354 154.592 -6.459275 -2.444354 154.592 -12.37293 -3.666705 211.5144 -11.86517 -1.227084 154.7848 -11.86517 -1.227084 154.7848 -11.86571 -0.9662804 211.9422 -12.37293 -3.666705 211.5144 -12.37293 -3.666705 211.5144 -6.459364 -2.183527 211.7494 -6.459364 -2.183527 211.7494 -12.37304 -3.927512 154.3571 -12.37304 -3.927512 154.3571 -32.10654 38.65639 213.3573 -32.10654 38.65639 213.3573 25.77596 -83.32985 39.1654 -34.18157 39.70714 209.1247 -34.18157 39.70714 209.1247 -34.18157 39.70714 209.1247 27.85097 -84.38066 43.398 27.85097 -84.38066 43.398 -32.10654 38.65639 213.3573 -32.70865 37.93099 210.9277 -32.70865 37.93099 210.9277 27.24875 -85.10597 40.96842 27.24875 -85.10597 40.96842 -6.797906 3.193324 24.31468 -10.17862 3.19342 166.212 -10.17862 3.19342 166.212 -8.734564 2.636179 24.31468 -8.734564 2.636179 24.31468 -7.816818 -0.5538548 24.3147 -7.816818 -0.5538548 24.3147 -6.797906 3.193324 24.31468 -6.797906 3.193324 24.31468 -6.797906 3.193324 24.31468 -6.797906 3.193324 24.31468 -7.816818 -0.5538548 24.3147 -11.56195 -0.5537384 166.212 -11.56195 -0.5537384 166.212 -6.389655 -1.870261 24.31469 -6.389655 -1.870261 24.31469 -10.17862 3.19342 166.212 -10.17862 3.19342 166.212 -10.17862 3.19342 166.212 -8.917967 0.003402054 166.212 -9.607962 -1.87013 166.212 -9.607962 -1.87013 166.212 -12.81407 2.636307 166.212 -12.81407 2.636307 166.212 -12.81407 2.636307 166.212 -12.11892 4.509865 166.212 -12.11892 4.509865 166.212 -6.389655 -1.870261 24.31469 -5.880163 0.00328952 24.31469 -8.22507 4.509745 24.31468 -8.22507 4.509745 24.31468 -11.56195 -0.5537384 166.212 -9.607962 -1.87013 166.212 -34.25434 41.05049 209.5578 -31.56236 37.8923 206.9046 -31.56236 37.8923 206.9046 -31.56236 37.8923 206.9046 -31.56236 37.8923 206.9046 -31.56236 37.8923 206.9046 -34.25434 41.05049 209.5578 -34.25434 41.05049 209.5578 -31.56247 37.89229 206.9046 -31.56247 37.89229 206.9046 -31.56247 37.89229 206.9046 -31.56247 37.89229 206.9046 -31.56247 37.89229 206.9046 -34.25434 41.05049 209.5578 -3.663561 0.09501492 163.7901 -3.663561 0.09501492 163.7901 -12.37979 36.40213 161.7286 -10.04293 -0.5432227 195.3478 -10.04293 -0.5432227 195.3478 -10.04293 -0.5432227 195.3478 -13.03489 45.80051 201.0773 -13.03489 45.80051 201.0773 -13.03489 45.80051 201.0773 -9.020086 1.479266 222.3192 -2.667725 45.2624 230.0566 -2.667725 45.2624 230.0566 -3.663566 0.09501492 163.79 -3.663566 0.09501492 163.79 -12.37979 36.40213 161.7285 -10.04293 -0.5432227 195.3478 -10.04293 -0.5432227 195.3478 -10.04293 -0.5432227 195.3478 -13.03488 45.80051 201.0773 -13.03488 45.80051 201.0773 -13.03488 45.80051 201.0773 -9.020086 1.479266 222.3192 -2.667725 45.2624 230.0566 -2.667725 45.2624 230.0566 -15.83719 -26.81302 59.66737 -25.3116 39.92476 54.05074 -25.3116 39.92476 54.05074 -27.74177 4.538121 58.72293 -27.74177 4.538121 58.72293 -25.61223 -13.42811 58.21129 -25.61223 -13.42811 58.21129 -15.83719 -26.81302 59.66738 -25.3116 39.92476 54.05074 -25.3116 39.92476 54.05074 -27.74177 4.538121 58.72293 -27.74177 4.538121 58.72293 -25.61223 -13.42811 58.21129 -25.61223 -13.42811 58.21129 -15.83719 -26.81302 59.66737 -15.83719 -26.81302 59.66737 -15.83719 -26.81302 59.66738 -15.83719 -26.81302 59.66738</float_array>
          <technique_common>
            <accessor source="#cheirosiphon_Mesh-mesh-positions-array" count="1164" stride="3">
              <param name="X" type="float"/>
              <param name="Y" type="float"/>
              <param name="Z" type="float"/>
            </accessor>
          </technique_common>
        </source>
        <source id="cheirosiphon_Mesh-mesh-normals">
          <float_array id="cheirosiphon_Mesh-mesh-normals-array" count="2691">0.3476428 0.06637024 0.9352751 0.3476449 0.06636095 0.935275 0.347643 0.06636315 0.9352756 0.3476427 0.06636101 0.9352759 0.347643 0.06635922 0.9352759 0.3476433 0.06636095 0.9352756 0.3476461 0.06635278 0.9352751 0.3476438 0.06636655 0.935275 0.3476434 0.06636404 0.9352754 0.3476424 0.06635791 0.9352761 0.3476426 0.06636488 0.9352756 0.3476417 0.06636315 0.935276 0.3476458 0.06635665 0.935275 0.3476451 0.06636011 0.935275 0.3476424 0.06636273 0.9352757 0.3476421 0.06636554 0.9352757 0.3476423 0.06635779 0.9352762 0.3476426 0.06635761 0.935276 0.347645 0.06636917 0.9352744 0.347644 0.06636154 0.9352753 0.347643 0.06635743 0.935276 0.3476433 0.06636559 0.9352753 0.3476426 0.06636524 0.9352756 0.3476443 0.06635653 0.9352756 0.3476437 0.06636905 0.9352748 0.3476454 0.06636118 0.9352747 0.3476424 0.0663554 0.9352764 0.347642 0.06637179 0.9352753 0.3476449 0.06636172 0.935275 0.3476457 0.06634706 0.9352757 0.3476446 0.06636542 0.9352748 0.3476455 0.06635856 0.9352749 0.3476421 0.06635916 0.9352762 0.3476426 0.06635695 0.9352761 0.3476426 0.06636071 0.9352759 0.3476415 0.06636428 0.935276 0.3476474 0.06635087 0.9352748 0.3476447 0.06636297 0.935275 0.347642 0.06636095 0.9352761 0.3476419 0.06636744 0.9352757 0.3476426 0.06636327 0.9352757 0.3476447 0.06633114 0.9352772 -0.3505754 0.04855942 0.9352748 -0.3505756 0.0485602 0.9352747 -0.3505725 0.04856652 0.9352755 -0.3505622 0.04859346 0.9352779 -0.3505728 0.04856258 0.9352757 -0.3505713 0.04856586 0.935276 -0.3505759 0.04855865 0.9352746 -0.3505759 0.04855674 0.9352747 -0.3505718 0.0485711 0.9352755 -0.3505586 0.04861021 0.9352785 -0.350575 0.04855787 0.935275 -0.3505709 0.04856818 0.9352761 -0.3505745 0.04856568 0.9352748 -0.3505716 0.0485807 0.9352751 -0.3505712 0.04856806 0.9352759 -0.3505777 0.04854995 0.9352744 -0.3505676 0.04858249 0.9352766 -0.3505735 0.04855072 0.935276 -0.3505743 0.04856288 0.935275 -0.3505741 0.04856026 0.9352753 -0.3505707 0.04856878 0.935276 -0.3505744 0.0485664 0.9352747 -0.3505761 0.04855823 0.9352746 -0.3505715 0.0485714 0.9352756 -0.3505757 0.04856616 0.9352743 -0.3505739 0.0485748 0.9352746 -0.3505735 0.0485627 0.9352753 -0.3505802 0.04854786 0.9352736 -0.3505696 0.04857772 0.935276 -0.3505703 0.04858458 0.9352754 -0.3505757 0.04856061 0.9352746 -0.3505728 0.04857271 0.9352751 -0.3505697 0.04857027 0.9352763 -0.3505757 0.04854863 0.9352753 -0.3505696 0.04857707 0.9352761 -0.3505702 0.04856646 0.9352763 -0.3505727 0.04857802 0.9352749 -0.3505747 0.04856151 0.935275 -0.3505722 0.04856204 0.9352759 -0.3505698 0.04857122 0.9352763 -0.3505734 0.04856073 0.9352755 -0.3505634 0.0485987 0.9352772 -0.3512088 -0.2730426 -0.8956004 -0.3512226 -0.2730305 -0.8955987 -0.3512146 -0.2730377 -0.8955996 -0.3512208 -0.2727369 -0.8956889 -0.3512263 -0.2727312 -0.8956885 -0.3512468 -0.2727133 -0.8956859 -0.3512144 -0.2730367 -0.8956 -0.3512198 -0.2730319 -0.8955994 -0.3512347 -0.273019 -0.8955976 -2.47228e-4 -0.07123315 -0.9974597 -2.47261e-4 -0.07123309 -0.9974598 -2.47283e-4 -0.07123309 -0.9974597 -0.7308551 0.03978765 -0.6813721 -0.7308658 0.03978687 -0.6813606 -0.7308497 0.03978806 -0.6813778 -0.723 -0.1108436 -0.6818979 -0.7229874 -0.1108425 -0.6819115 -0.7229785 -0.1108418 -0.681921 -0.6449622 -0.247388 -0.723065 -0.6449857 -0.2473837 -0.7230454 -0.6450044 -0.2473807 -0.7230299 -0.6450096 -0.2473812 -0.723025 -0.6449572 -0.2473903 -0.7230687 -0.6449714 -0.2473875 -0.723057 -0.6263331 -0.6251034 -0.4657818 -0.6263057 -0.6251302 -0.4657826 -0.6262459 -0.625159 -0.4658244 -0.626313 -0.6251123 -0.465797 -0.6262654 -0.6251607 -0.4657959 -0.6262634 -0.6251633 -0.4657951 -0.7820534 -0.5639215 -0.2653022 -0.7820717 -0.5638896 -0.2653158 -0.7820989 -0.5638424 -0.2653358 -0.7148677 -0.5979553 -0.3625103 -0.71491 -0.5978919 -0.3625315 -0.7148742 -0.5979453 -0.3625138 -2.46282e-7 8.59129e-7 1 -0.6826391 0.08893501 -0.7253237 -1.65359e-7 7.45676e-7 1 -0.6965922 -0.5593567 -0.44931 -0.6966248 -0.5592834 -0.4493507 -0.6966256 -0.5592816 -0.4493517 -0.3980963 -0.9160764 -0.04820138 -0.3980962 -0.9160765 -0.04820138 1.05854e-4 0.9996365 0.02695989 -0.8619439 0.0637471 -0.5029804 0 -0.1392522 0.990257 -1.43024e-4 -0.1045202 0.9945228 -1.31503e-6 -0.104949 0.9944776 1.43105e-5 -0.139299 0.9902504 -2.51017e-4 -0.1384361 0.9903714 -1.47319e-4 -0.1045112 0.9945238 -0.8344826 -0.3205997 -0.4481681 -0.8344899 -0.3206219 -0.4481387 -0.8344882 -0.3206169 -0.4481453 -6.09922e-4 -6.09988e-4 -0.9999997 2.37491e-7 1.63666e-7 -1 8.8127e-4 -0.47301 -0.8810567 8.81269e-4 -0.47301 -0.8810567 8.81269e-4 -0.47301 -0.8810567 -0.9449843 -4.0793e-5 -0.3271161 -0.9449842 -4.079e-5 -0.3271161 -0.9449842 -4.12131e-5 -0.3271163 0.3166649 -0.3865043 0.8662205 -0.3797993 -0.3955593 0.836233 -0.5171715 -0.4170956 -0.747372 -0.45216 -0.5375422 -0.7117583 -0.4521438 -0.5375662 -0.7117504 -0.4521446 -0.5375649 -0.7117509 6.66678e-5 0.9996371 0.02694177 -0.4134708 -0.7465707 -0.5212238 4.76837e-5 0.9998736 0.01589894 -0.9625536 -0.2682991 0.03880906 -0.6060177 0.3122946 -0.7315838 -0.6060176 0.3122946 -0.7315838 -0.6060177 0.3122941 -0.7315838 3.94285e-5 3.35611e-5 -1 -0.7438358 -0.5341654 -0.401716 -0.7438274 -0.5341871 -0.4017026 2.22142e-4 -0.4740089 -0.8805201 2.22139e-4 -0.4740089 -0.8805201 2.22139e-4 -0.4740089 -0.8805201 -0.8229875 -0.3477202 -0.449202 0.9651055 -0.2618616 -1.73009e-6 -0.8229972 -0.347753 -0.4491587 -0.008680582 3.61039e-4 0.9999623 -0.0390405 -0.9992375 -5.52729e-4 -0.964547 -0.2639113 3.5615e-6 -0.03920888 -0.9992304 -0.00122404 8.31284e-6 6.98004e-5 1 -8.73357e-5 7.3554e-5 1 -0.7811053 -0.389282 -0.4881947 -0.3850751 -0.6000657 -0.7011693 -0.6397781 -0.536583 -0.5502389 0.411769 -0.5863741 -0.6975758 -0.6397697 -0.5365283 -0.5503019 -0.7162783 -0.4781743 -0.5082271 -0.7162702 -0.4781185 -0.508291 -0.7162743 -0.4781469 -0.5082585 7.32802e-5 0.9996375 0.02692693 -0.3916472 -0.7610947 -0.5170565 -0.3915983 -0.761071 -0.5171284 4.55267e-4 -0.8964517 -0.4431414 4.55258e-4 -0.8964517 -0.4431414 -3.02494e-5 2.25008e-5 -1 -0.798361 0.09718704 -0.5942848 -1.24834e-5 3.76403e-5 -1 -0.4093511 -0.9121905 -0.01844596 1.07348e-4 0.9996358 0.02698642 2.74144e-5 0.9998728 0.01594996 -1.3778e-4 -0.1045045 0.9945244 -3.36694e-7 1.63455e-6 1 6.36633e-6 -0.1049336 0.9944792 -6.4385e-4 -6.43969e-4 -0.9999996 -6.43844e-4 -6.43976e-4 -0.9999996 2.42352e-7 0 -1 -0.5171967 -0.4172094 -0.7472912 -0.5172182 -0.4171938 -0.7472849 0.3166696 -0.3865295 0.8662075 -8.45623e-4 -8.4743e-4 -0.9999993 -2.36248e-6 6.52422e-7 1 0 0 1 -4.4061e-4 -4.40548e-4 -0.9999998 -4.40495e-4 -4.40663e-4 -0.9999998 -0.3952673 -0.4934019 -0.7748021 -0.3952533 -0.493421 -0.774797 -0.3952623 -0.4934086 -0.7748004 -0.413888 -0.5258194 -0.7431088 -0.413946 -0.5257315 -0.7431387 0.4118008 -0.5863729 -0.6975579 -0.385084 -0.6000877 -0.7011456 -0.787173 -0.5019352 -0.3583569 -3.80515e-5 5.6684e-5 -1 -4.47929e-5 5.67436e-5 -1 6.7165e-5 -0.8961294 -0.443793 -0.6408133 -0.5688626 -0.5155132 -0.6408196 -0.5688478 -0.5155216 -3.11434e-5 4.83394e-5 -1 -0.4996966 -0.6106683 -0.6143189 -0.4996939 -0.610745 -0.6142448 -0.4996947 -0.6107261 -0.6142628 -0.7215436 0.007501661 -0.6923284 -0.7215512 0.007501363 -0.6923205 -0.721542 0.007501721 -0.6923301 -4.40352e-4 -4.40746e-4 -0.9999998 -1.96016e-7 1.32195e-7 1 1.01539e-6 6.19956e-7 1 -3.4281e-5 -3.49053e-5 -1 -3.42779e-5 -3.49082e-5 -1 -0.9999992 -8.80679e-4 -8.8123e-4 -0.9999992 -8.80788e-4 -8.81121e-4 -1 5.94548e-7 1.68012e-7 -0.5997382 -0.003938078 -0.8001866 0.3166426 -0.3865108 0.8662257 -0.599716 -0.003943741 -0.8002032 -0.03361231 -0.9988297 -0.03477621 -0.03361481 -0.9988297 -0.03477329 -0.001207709 0.9999994 -2.74507e-6 -0.3797858 -0.39555 0.8362434 -0.6578339 -0.6300359 -0.4126855 -0.6578777 -0.6299865 -0.4126912 -2.20059e-7 5.77845e-7 1 -3.3566e-5 -3.43504e-5 -1 -3.01391e-6 -4.68284e-5 1 -2.45636e-6 1.65403e-6 1 -0.9886358 -0.1006033 -0.1117061 -3.3577e-5 -3.43794e-5 -1 -3.3574e-5 -3.43824e-5 -1 -2.03432e-7 6.01225e-7 1 0.9999316 -0.01169353 -1.21246e-6 6.74228e-7 -4.70523e-5 1 -0.9894462 -0.09716576 -0.1074945 -2.37562e-5 -1.07735e-5 1 0.9999317 -0.01169437 -8.35769e-6 -0.9983003 -0.03110498 -0.04928624 0.9999316 -0.01170092 3.86015e-5 1.54227e-6 -3.96966e-5 1 8.86619e-7 2.90833e-5 1 -0.7939952 0.6079242 -6.37866e-7 -1 -4.44055e-6 -1.27225e-7 -0.6340107 -0.5220081 -0.5705594 -0.001207113 0.9999993 8.12479e-7 -0.793998 0.6079205 0 -0.03351241 -0.9988365 -0.0346778 -0.5686373 -0.5771197 -0.586161 -0.5686323 -0.5771289 -0.5861566 -0.5686339 -0.5771263 -0.5861577 -0.6348141 -0.6600834 -0.4016231 -0.6348285 -0.6600714 -0.40162 -0.634777 -0.6601175 -0.4016255 -2.1996e-5 -8.94464e-4 0.9999996 -0.9998772 0.01063805 -0.01151734 -1.28252e-5 -3.19481e-5 1 -5.54165e-5 2.10851e-5 1 -5.5071e-5 9.07199e-5 1 -5.56689e-5 -2.95714e-5 1 -0.5954358 -0.5176259 -0.6144264 -0.5953862 -0.5176355 -0.6144664 -0.5953943 -0.5176339 -0.6144599 -0.6485131 0.003253996 -0.7611966 0.7939952 0.6079241 -2.23722e-6 -0.001193821 0.9999993 -1.33248e-6 -0.79399 -0.6079308 -4.47722e-5 -0.9999989 -0.001050233 -0.00105071 0.793993 0.6079271 4.42492e-5 -0.999999 -0.001049935 -0.001050293 -0.02945119 -0.7623673 -0.6464743 -0.3851238 -0.6000671 -0.7011414 0.04426342 -0.3096483 -0.9498204 -0.6976206 -0.7128311 -0.072093 -0.3850632 -0.6001193 -0.7011299 5.14247e-5 -6.58864e-5 1 5.16087e-5 -1.97762e-5 1 5.20546e-5 9.19252e-5 1 0.001919448 2.07651e-5 0.9999982 -3.10747e-5 2.13485e-6 1 5.32269e-5 2.82598e-6 1 -1.32029e-4 2.86203e-5 1 1.25778e-5 2.97684e-5 1 -2.77758e-5 2.95007e-5 1 1.27952e-5 2.51202e-5 1 1.26631e-5 5.68012e-5 1 0.9999319 -0.01166844 -1.12288e-4 -0.3732811 0.0317226 -0.9271758 -0.2863751 -0.1796575 -0.9411231 -0.3851044 -0.6000826 -0.7011387 -0.3851432 -0.6000585 -0.701138 -0.9942977 -0.08324015 -0.0666579 -0.9942976 -0.08324015 -0.0666579 0.81215 -0.5834488 4.03198e-7 0.3166456 -0.3865585 0.8662033 -0.3797295 -0.3955475 0.8362702 0.3166847 -0.3865286 0.8662023 0.8121366 -0.5834674 -1.62423e-5 -0.1270167 -0.3114405 -0.9417387 0.4118036 -0.586349 -0.6975764 -0.02945691 -0.7623956 -0.6464403 -0.998581 -0.01839858 -0.04997575 0.4117693 -0.5863677 -0.6975808 -0.4010216 -0.9145033 -0.05352932 -0.4010215 -0.9145033 -0.05352932 -0.4010216 -0.9145033 -0.05352932 -0.5087575 -0.6433896 -0.5720278 -0.508753 -0.6433849 -0.5720369 -0.5087408 -0.6433741 -0.5720601 0.8121368 -0.5834672 6.11431e-5 0.001166164 -0.9999994 0 -0.379741 -0.3955472 0.836265 -0.7939962 -0.6079229 0 -0.3798063 -0.3955032 0.8362563 0.001144349 -0.9999994 3.56138e-5 -0.9999987 -0.001152038 -0.001151919 -0.9999987 -0.001151978 -0.001151978 -0.9999987 -0.001151919 -0.001151978 -1 3.00649e-6 5.67469e-6 -0.9999926 -0.002743184 -0.002739429 -0.9999926 -0.002743303 -0.002739369 -3.99334e-7 -9.15164e-7 -1 -0.6158304 -0.5954634 -0.5159228 -0.6158852 -0.5953945 -0.515937 -0.3798018 -0.3955374 0.8362421 -0.5930296 -0.5616029 -0.5769906 -0.5930154 -0.5615881 -0.5770196 0.4117315 -0.5864024 -0.697574 0 2.91378e-7 -1 -0.7601663 -0.005912005 -0.6497017 -0.76018 -0.005914628 -0.6496857 -0.7601832 -0.005914986 -0.649682 0.9999316 -0.01169776 0 -0.5541066 -0.6007848 -0.5762148 0.965104 -0.261867 -2.51234e-5 -3.49438e-5 -3.44239e-5 -1 0.9999317 -0.01169532 -8.42189e-7 1.16373e-6 6.4542e-7 1 -1 0 -3.36024e-7 -1 -2.36971e-4 -2.38624e-4 -1 -2.36963e-4 -2.38632e-4 -1 -2.36948e-4 -2.38647e-4 -0.2336996 -0.1919633 -0.9531708 -0.2337065 -0.1919566 -0.9531704 -0.2336918 -0.1919707 -0.9531713 -0.4795837 -0.508454 -0.7151741 -0.4796388 -0.5083913 -0.7151818 -0.4795742 -0.5084649 -0.7151728 -0.7220524 -0.6918385 -3.78149e-7 -1.99845e-6 2.11924e-6 1 -1.2815e-6 1.81794e-6 1 -1.01353e-6 6.5317e-7 1 -0.00125277 -0.001255512 -0.9999985 -0.001252889 -0.001255393 -0.9999985 -2.29604e-5 8.31485e-6 1 -1.48863e-5 8.66503e-6 1 0.01126801 -0.9160448 0.4009176 0.9651039 -0.2618675 1.35652e-5 3.81485e-5 3.1335e-5 1 0.9999316 -0.01169717 1.96695e-5 -0.9999996 -6.43898e-4 -6.43545e-4 0.8121557 -0.5834409 -6.16005e-6 -0.9999996 -6.43974e-4 -6.4347e-4 0.3166421 -0.3865627 0.8662027 -0.647401 -0.5092962 -0.5670003 0.8121501 -0.5834487 9.82096e-7 -0.7939905 -0.6079303 -4.73008e-5 -0.7939904 -0.6079303 -4.80109e-5 0.7939962 0.6079229 4.42674e-7 -3.36344e-5 -3.42176e-5 -1 -3.36329e-5 -3.4219e-5 -1 -3.36322e-5 -3.42198e-5 -1 0.01126754 -0.9160462 0.4009146 0.01272952 -0.922213 0.3864725 -2.80738e-5 1.77622e-5 1 3.8038e-6 -3.14615e-6 1 -0.9645412 -0.2639324 -1.99555e-5 -0.7220566 -0.691834 2.48922e-6 -0.6339805 -0.5219653 -0.5706321 -0.6339902 -0.5219781 -0.5706096 -0.7939949 0.6079245 1.68296e-6 -3.34983e-5 -3.37457e-5 -1 -3.35035e-5 -3.37404e-5 -1 -3.38413e-5 -3.4077e-5 -1 -0.3677057 -0.4404262 -0.8190345 -0.3677266 -0.4404013 -0.8190385 -0.3677291 -0.4403983 -0.8190389 -0.2243385 -0.3920451 -0.8921732 0.411798 -0.5863738 -0.6975588 -0.2243341 -0.392051 -0.8921718 -0.2296385 -0.3961643 -0.8889995 -0.2296187 -0.3961906 -0.8889929 -0.229643 -0.396158 -0.8890011 0.001144289 -0.9999994 -3.87573e-5 -1 6.49691e-6 -2.86135e-5 -0.7939965 -0.6079226 1.1043e-6 -0.9999997 -6.09996e-4 -6.10116e-4 -0.9999997 -6.10024e-4 -6.10088e-4 -1 0 1.99321e-7 -0.7911226 0.0596686 -0.6087403 -0.2310881 -0.1894955 -0.9543007 -0.2310756 -0.1895073 -0.9543014 -0.2310803 -0.189503 -0.9543011 -0.5890195 0.2445063 -0.770242 -0.5890196 0.2445063 -0.770242 -0.5890198 0.2445059 -0.7702419 -0.648647 -0.5718286 -0.502264 -0.6486422 -0.5718387 -0.5022587 -0.6486681 -0.5717843 -0.5022873 -0.1237604 0.01052391 -0.9922564 -0.2902597 -0.2038719 -0.934979 -0.9645485 -0.2639056 3.37362e-5 5.46127e-6 -1.06394e-5 1 0.01271581 -0.9222159 0.3864662 -0.783223 -0.5986086 -0.1680163 -0.9645482 -0.2639073 -4.66872e-6 -2.30968e-5 -0.1391029 0.990278 -1.47939e-4 -0.1045624 0.9945183 -2.55655e-4 -0.1384118 0.9903748 0.9651015 -0.2618761 -1.73151e-5 1.95652e-5 3.75211e-5 1 0.9651021 -0.2618738 -4.35561e-5 -2.14547e-4 -0.138381 0.990379 -0.4278553 -0.4210718 -0.7997741 -0.4278392 -0.4210876 -0.7997743 -0.4278068 -0.4211193 -0.799775 -0.5709892 -0.5770449 -0.583944 -0.570994 -0.5770358 -0.5839483 -0.5709267 -0.5771635 -0.5838878 -0.5619155 -0.5701728 -0.5992946 -0.561872 -0.5702289 -0.599282 -0.5618452 -0.5702635 -0.5992743 9.0003e-6 -2.46167e-5 1 -1.33812e-4 -0.1044921 0.9945257 -0.5856559 -0.7741071 -0.2403447 0.9651071 -0.2618556 -3.37064e-5 -0.7185918 -0.5329855 -0.4467128 -1.34319e-4 -0.1045033 0.9945246 3.31253e-5 0.9998736 0.01589947 -0.5749992 -0.5824843 -0.5745329 7.36117e-6 -0.104965 0.9944759 -1.48118e-5 -0.1391953 0.990265 1.29379e-5 -0.104964 0.9944761 -0.9005586 -0.2032321 -0.3843058 -3.35425e-5 -0.1049681 0.9944756 -1.33812e-5 -5.34207e-6 1 6.79046e-5 0.9998736 0.01590275 -0.5557773 -0.8195258 -0.1396039 3.75211e-5 0.9998728 0.01595759 2.48477e-5 1.47521e-5 1 -0.8137753 0.2523723 -0.5235247 -0.6477855 0.004995048 -0.7618066 -0.4901389 -0.7812032 -0.3866332 -0.4901357 -0.7812038 -0.3866363 -0.4901129 -0.7812104 -0.3866519 -0.7069048 -0.7073087 -4.50188e-5 -0.7069048 -0.7073087 -4.59725e-5 -0.7069048 -0.7073088 -4.52572e-5 0.01271033 -0.9222216 0.386453 -3.83444e-5 -0.1391368 0.9902732 -0.9645531 -0.2638893 4.84213e-5 -4.24385e-5 -0.1391384 0.9902729 0.01277935 -0.9222174 0.3864607 0.01131391 -0.9160457 0.4009143 -0.4909096 -0.7803654 -0.3873471 -0.4909251 -0.7803618 -0.3873346 -0.4909393 -0.7803577 -0.3873248 -0.5774399 -0.5772098 -0.5774012 -0.5774793 -0.5772536 -0.577318 -0.5774611 -0.5772337 -0.5773561 -2.35289e-4 -0.1384414 0.9903706 0.0112437 -0.9160374 0.4009353 -4.28855e-5 -5.37783e-5 1 0.01124215 -0.9160479 0.4009112 -2.47602e-4 -0.1384295 0.9903723 -5.29252e-5 -0.1391419 0.9902725 -0.001227557 0.9999993 3.0582e-6 0.7939988 0.6079193 4.59295e-6 -1 -3.23355e-5 -5.40249e-6 0.143823 -0.4245716 -0.8938981 -1 -3.42131e-5 4.17531e-5 0.793995 0.6079242 -2.65464e-5 -0.1585524 -0.4671502 -0.8698458 -1 -1.43349e-5 2.29329e-5 0.8122009 -0.5833778 3.35276e-5 0.8121516 -0.5834466 3.85842e-7 0.8121237 -0.5834854 1.75279e-6 -1 -5.69224e-6 -7.38022e-7 -1 3.13818e-5 4.76529e-7 -0.7939559 0.6079754 3.42993e-7 0.81213 -0.5834767 -2.76871e-7 0.001121044 -0.9999994 -6.20998e-7 0.8121739 -0.5834155 9.39728e-7 -0.7940039 0.6079129 -3.57101e-7 -0.7939398 0.6079964 -2.43662e-6 -0.001232802 0.9999993 -2.94346e-6 0.001104474 -0.9999995 3.44414e-6 -1 8.04961e-5 7.3162e-6 0.001170098 -0.9999994 1.59987e-6 -0.001211345 0.9999994 -3.71364e-6 -0.7069076 -0.707306 -4.39986e-5 -0.7069076 -0.707306 -4.30449e-5 -0.7069076 -0.7073059 -4.32834e-5 0.7939666 0.6079615 -1.07884e-5 -0.4274039 -0.4276452 -0.7965209 -0.4274041 -0.4276455 -0.7965207 -0.5774575 -0.5772372 -0.5773562 -0.5774801 -0.5772581 -0.5773127 -0.5774597 -0.5772373 -0.5773538 0.8121245 -0.5834843 2.57492e-5 -0.1598731 -0.5740913 -0.8030316 -0.1598644 -0.5741147 -0.8030166 -0.401615 -0.9158086 -1.3467e-5 -0.4015915 -0.9158189 8.42822e-7 -0.4015382 -0.9158423 -2.12599e-5 -0.9669013 -0.1644033 -0.1951243 -0.9669008 -0.1643907 -0.1951376 -0.9669007 -0.1643942 -0.1951351 -0.4192526 -0.745209 -0.5185469 -0.4193016 -0.7452113 -0.5185039 9.4268e-5 0.9996367 0.0269578 2.99215e-5 0.9996367 0.02695888 -0.4191197 -0.7452864 -0.5185431 -0.419144 -0.7452973 -0.5185077 -0.4015759 -0.9158257 -1.29261e-5 1.166e-4 0.9996368 0.02695137 -0.4037427 -0.9148726 -2.98804e-4 2.00031e-5 0.9998738 0.01589351 -0.4036261 -0.9149242 -4.1903e-5 -0.82299 -0.3477296 -0.4491899 -0.8229948 -0.3477469 -0.449168 -0.8230012 -0.3477723 -0.4491364 -0.4200472 -0.7442536 -0.5192753 -0.420027 -0.7442447 -0.5193046 2.51979e-5 0.9998726 0.01596206 -0.9645476 -0.2639089 1.7934e-6 -0.5382686 -0.5606284 -0.6292559 -0.5383052 -0.5605796 -0.6292678 -0.5382857 -0.5606055 -0.6292615 0.1748176 -0.934818 -0.3091182 -0.02945435 -0.7623939 -0.6464427 0.411769 -0.586381 -0.6975698 -0.2152451 -0.9246266 -0.3142217 -0.3850849 -0.6000959 -0.7011381 -0.02942663 -0.7623742 -0.6464671 2.7284e-7 -8.06339e-4 -0.9999998 -0.3512515 -0.2729129 -0.8956232 -0.3512528 -0.272912 -0.8956231 -0.3512751 -0.2728924 -0.8956203 -0.1217033 0.06114977 -0.9906811 -0.4696097 -0.4801009 -0.7409251 -0.4696682 -0.4800406 -0.7409271 -0.4696705 -0.480037 -0.7409279 -6.33585e-7 -0.07100754 -0.9974758 -0.7148526 -0.5979453 -0.3625565 -0.7148881 -0.5978919 -0.3625747 -0.714846 -0.5979551 -0.3625532 -0.782053 -0.5639218 -0.2653024 -0.7820984 -0.5638431 -0.2653358 -0.7820717 -0.5638894 -0.2653164 -0.5661023 -0.506163 -0.6506361 -0.5661079 -0.5061595 -0.650634 -0.5660811 -0.5061753 -0.650645 -0.665737 -0.7022917 0.2521519 -0.6657371 -0.7022917 0.2521519 -0.665737 -0.7022917 0.2521519 -0.644962 -0.2473878 -0.7230652 -0.6450042 -0.2473807 -0.72303 -0.6449858 -0.2473837 -0.7230455 -0.7718417 -0.03550183 -0.6348228 -0.7718263 -0.03549844 -0.6348419 -0.7718217 -0.03549754 -0.6348473 -0.7117425 -0.02336353 -0.7020519 -0.7117356 -0.02336347 -0.7020589 -0.7117463 -0.02336347 -0.7020481 -0.8145386 -0.005382835 -0.5800845 -0.8145386 -0.005382835 -0.5800845 -0.8145386 -0.005382835 -0.5800846 -0.5921817 0.001856207 -0.8058024 -0.5921818 0.001855731 -0.8058024 -0.5921818 0.001856207 -0.8058023 -0.974537 -0.1457476 -0.1703975 -0.974537 -0.1457278 -0.1704146 -0.9745373 -0.1457363 -0.1704058 -0.9894409 0.02708059 -0.1423846 -0.9894409 0.02708059 -0.1423846 -0.9894409 0.02708059 -0.1423846 -0.849726 -0.004151463 -0.5272084 -0.8497258 -0.004151403 -0.5272086 -0.8497974 -0.003740906 -0.5270962 -0.6088744 -0.5847964 -0.5359898 -0.6089065 -0.5847488 -0.5360055 -0.6089183 -0.5847309 -0.5360116 -0.6761291 -0.5564433 -0.4829292 -0.6761121 -0.5564877 -0.4829016 -0.6761257 -0.5564522 -0.4829234 -0.6309841 -0.5711576 -0.5250125 -0.6310138 -0.5710892 -0.5250514 -0.6310356 -0.571039 -0.5250797 -0.671263 -0.5583706 -0.4874714 -0.671238 -0.5584352 -0.4874318 -0.6712497 -0.5584049 -0.4874504 -6.43686e-4 -6.44004e-4 -0.9999997 -6.43744e-4 -6.43945e-4 -0.9999997 -6.43668e-4 -6.44021e-4 -0.9999997 -3.41992e-5 -3.46739e-5 -1 -3.42033e-5 -3.46698e-5 -1 -3.41995e-5 -3.46735e-5 -1 -0.5705938 -0.5217676 -0.6341776 -0.5705781 -0.5217766 -0.6341844 -0.5705632 -0.521785 -0.6341909 -0.6222196 -0.5915409 -0.5127592 -0.6221871 -0.5915863 -0.5127466 -0.6221438 -0.5916468 -0.5127292 -0.6865512 -0.7229046 -0.07782399 -0.6657717 -0.6196336 -0.4156951 -0.6657652 -0.6196414 -0.4156938 -0.6657837 -0.6196188 -0.4156979 -0.5706093 -0.5224522 -0.6335999 -0.5706679 -0.5224191 -0.6335744 -0.5706531 -0.5224279 -0.6335806 -0.4960445 -0.5648385 -0.6594675 -0.4961107 -0.5647241 -0.6595156 -0.4961033 -0.5647376 -0.6595097 -0.3482775 -0.7176614 -0.6030464 -0.3482797 -0.7176662 -0.6030395 -0.34827 -0.7176446 -0.6030707 9.01729e-7 -0.08213841 -0.9966209 -0.6177057 0.10174 -0.7798004 -0.6176979 0.1017388 -0.7798067 -0.6177198 0.1017432 -0.7797889 -0.7402019 -0.5662115 -0.3626373 -0.7402058 -0.5662044 -0.3626406 -0.7402139 -0.5661892 -0.3626475 -0.06763625 0.06143331 -0.995817 -0.972132 -0.231163 0.03902822 -0.9761595 -0.1579266 0.1489024 -0.979289 -0.03865206 -0.1987439 -0.9961433 -0.007321953 -0.08743602 -0.997942 -0.003549933 -0.0640257 -0.937275 -0.1017312 0.3334162 -0.9889001 0.097588 0.1120417 -0.998083 0.009832203 -0.06110411 -0.9899441 0.1388332 0.02713137 0.972132 0.2311628 -0.03902858 0.979289 0.03865224 0.1987438 0.9761567 0.1579524 -0.1488938 0.9961431 0.007311284 0.08743888 0.9372755 0.1017305 -0.3334151 0.9979421 0.003540813 0.06402474 0.9980827 -0.009835124 0.06110841 0.9889004 -0.09758567 -0.1120403 0.9899441 -0.1388334 -0.02713114 -0.5862703 -0.5770898 -0.5685548 -0.5862846 -0.5770602 -0.5685702 -0.5863 -0.5770282 -0.5685867 -0.1235464 0.01286184 -0.9922555 -0.1235464 0.01286184 -0.9922555 -0.1235464 0.01286184 -0.9922555 -0.5809689 -0.01822572 -0.8137218 -0.1753542 -0.148687 -0.9732127 -0.1753703 -0.1486715 -0.9732123 -0.1753661 -0.1486755 -0.9732124 -0.3848431 -0.8734812 -0.2982055 -0.384828 -0.8734835 -0.2982181 -0.3848163 -0.8734853 -0.2982279 -0.8285902 0.01986533 -0.559503 -0.6553683 -0.5617585 -0.5048961 -0.6553645 -0.5617693 -0.504889 -0.6553816 -0.5617241 -0.504917 -0.001053333 -0.9999989 -0.001053988 -0.001051545 -0.9999989 -0.001052439 -0.001051247 -0.9999989 -0.001052081 -0.9585846 -0.06425356 -0.2774654 -0.9585845 -0.06425392 -0.2774657 -0.9585846 -0.06425356 -0.2774654 -0.9574639 -0.0499466 -0.2841977 -0.9276325 -0.09503597 -0.3612009 -0.9276327 -0.09503531 -0.3612006 -0.9276328 -0.09503489 -0.3612004 -0.9272437 -0.0900464 -0.3634706 -0.6738748 -0.2477104 -0.6960836 -0.6738328 -0.2479878 -0.6960254 -0.6738752 -0.2477074 -0.6960843 -0.534315 -0.7210586 -0.4411146 -0.53428 -0.7210639 -0.4411482 -0.5343368 -0.7210518 -0.4410992 -0.67368 -0.2439897 -0.6975846 -0.5343134 -0.7210602 -0.4411138 -0.5343029 -0.7210699 -0.4411106 -0.5343189 -0.7210623 -0.4411038 -0.5343462 -0.7210209 -0.4411384 -0.534323 -0.7210301 -0.4411514 -0.5343596 -0.7210144 -0.4411328 -0.7334695 -0.4943827 -0.4664851 -0.7334696 -0.4943711 -0.4664973 -0.7334759 -0.4943155 -0.4665462 -0.5343099 -0.7210338 -0.4411613 -0.5343456 -0.7210261 -0.4411307 -0.5343795 -0.7210147 -0.4411081 -0.7311772 -0.4936716 -0.4708167 -0.731179 -0.4936546 -0.4708317 -0.7311702 -0.4937494 -0.470746 -0.5343453 -0.7210099 -0.4411576 -0.5343776 -0.7209939 -0.4411445 -0.5343343 -0.7210242 -0.4411473 -0.5560504 -0.2845181 -0.7809337 -0.5560504 -0.284519 -0.7809334 -0.55605 -0.2845178 -0.7809341 -0.7852227 -0.44936 -0.4260292 -0.7852193 -0.4494083 -0.4259846 -0.7852222 -0.4493638 -0.4260263 -0.534338 -0.7210004 -0.4411818 -0.5343134 -0.7210122 -0.4411922 -0.5343323 -0.7209989 -0.4411912 -0.7834249 -0.4488381 -0.4298719 -0.7834227 -0.4488753 -0.4298369 -0.7834259 -0.4488168 -0.4298924 -0.5343823 -0.7210505 -0.4410462 -0.5342995 -0.7210807 -0.4410972 -0.5342965 -0.7210707 -0.4411172 -0.5343158 -0.7210467 -0.4411329 -0.5343965 -0.7210182 -0.4410821 -0.5343515 -0.7210348 -0.4411094 -0.556404 -0.2899203 -0.7786918 -0.3406689 -0.832251 -0.4373822 -0.340673 -0.832252 -0.437377 -0.3406475 -0.8322457 -0.4374089 -0.5490316 -0.6061379 -0.5754661 -0.5490614 -0.6061634 -0.5754108 -0.5490027 -0.606113 -0.5755199 -0.2194572 -0.975612 0.004457056 -0.3406867 -0.8322083 -0.4374493 -0.3407407 -0.8322215 -0.4373822 -0.340698 -0.832211 -0.4374354 -0.3658349 -0.2833115 -0.8865097 -0.3658019 -0.2833409 -0.886514 -0.3658356 -0.2833083 -0.8865104 -0.2193764 -0.9756302 0.004452168 -0.5489488 -0.6062313 -0.5754467 -0.5489791 -0.6062576 -0.5753901 -0.5489307 -0.6062158 -0.5754803 -0.3658111 -0.283398 -0.8864919 -0.3658416 -0.2833698 -0.8864883 -0.3658678 -0.2833476 -0.8864846 -0.7728011 -0.6346419 0.002867579 -0.7728011 -0.6346419 0.002867579 -0.7728011 -0.6346418 0.002867579 -0.3658611 -0.2833479 -0.8864874 -0.3658462 -0.2833627 -0.8864887 -0.3658213 -0.2833818 -0.8864929 -0.3658824 -0.2834229 -0.8864546 -0.3658626 -0.2834316 -0.88646 -0.3659101 -0.2833967 -0.8864514 -0.8692328 -0.3015881 -0.3917643 -0.8692288 -0.3015673 -0.391789 -0.8692296 -0.3015719 -0.3917835 -0.3658577 -0.2833049 -0.8865025 -0.3658143 -0.2833369 -0.88651 -0.3658222 -0.2833341 -0.8865078 -0.7730666 -0.6343186 0.002846002 -0.7730666 -0.6343187 0.002845525 -0.7730666 -0.6343185 0.002846002 -0.8690962 -0.3016802 -0.3919962 -0.869095 -0.3016756 -0.3920023 -0.869104 -0.3017225 -0.3919462 -0.3658155 -0.283339 -0.886509 -0.3658015 -0.2833511 -0.8865109 -0.3657772 -0.2833722 -0.8865141 -0.6226963 -0.7821176 0.02326881 -0.6226821 -0.782129 0.02326583 -0.6226723 -0.7821369 0.02326393 -0.7397183 -0.6414541 0.2033556 -0.7397183 -0.6414542 0.2033551 -0.8195772 -0.5609109 0.1169286 -0.7397242 -0.6414492 0.2033494 -0.7397242 -0.6414491 0.20335 -0.7397242 -0.6414492 0.20335 -0.8486965 -0.5265206 -0.04990434 -0.8486909 -0.52653 -0.04990017 -0.8487036 -0.5265087 -0.04990899 -0.8195625 -0.5609288 0.1169459 -0.6227169 -0.7821027 0.02322071 -0.6227188 -0.7821011 0.02322059 -0.6227092 -0.782109 0.02321904 -0.8487053 -0.5264995 -0.04997593 -0.848711 -0.5264903 -0.04997891 -0.8487058 -0.5264986 -0.049977 -0.9608089 -0.2764447 -0.0206086 -0.9608089 -0.2764446 -0.02060866 -0.9608088 -0.2764449 -0.02060902 -0.960654 -0.2763718 -0.02761822 -0.9297745 -0.3674599 -0.02219313 -0.9297745 -0.3674599 -0.02219313 -0.9305815 -0.3652602 -0.02456074 -0.6779264 -0.7349514 -0.01619952 -0.6779264 -0.7349514 -0.01619881 -0.6779263 -0.7349515 -0.01619857 -0.001146674 -0.00115931 -0.9999987 -0.001146793 -0.001159191 -0.9999987 -0.001146793 -0.00115925 -0.9999987 -0.6779006 -0.7349359 -0.0178914 -4.56226e-6 -2.38394e-6 -1 -0.00550121 -0.005523741 -0.9999697 -0.005497097 -0.005518734 -0.9999697 -0.005497336 -0.005520164 -0.9999697 -0.7822553 -0.3793731 -0.4941182 -0.7822626 -0.3793915 -0.4940925 -0.7822548 -0.3793718 -0.49412 -0.005105912 -0.005124986 -0.9999738 -0.005105614 -0.005123913 -0.9999738 -0.005113899 -0.005130827 -0.9999738 -0.7831413 -0.3763878 -0.494997 -0.7831507 -0.3764106 -0.4949647 -0.7831413 -0.3763876 -0.4949971 -0.005509972 -0.005532324 -0.9999696 -0.005506992 -0.005529224 -0.9999696 -0.005508601 -0.005531668 -0.9999696 -0.5614522 -0.8273598 -0.01572757 -0.5613898 -0.8274074 -0.01545023 -0.5613898 -0.8274074 -0.01545 -0.8307527 -0.3315033 -0.4471639 -0.8307668 -0.3315501 -0.4471031 -0.8307554 -0.3315128 -0.4471521 0 -1.68551e-6 -1 -0.8324226 -0.32792 -0.4467006 -0.8324358 -0.3279623 -0.4466446 -0.8324221 -0.3279171 -0.4467034 -0.001554667 -0.001561582 -0.9999976 -0.001554667 -0.001561522 -0.9999976 -0.001554667 -0.001561522 -0.9999976 -0.003875672 -0.003861486 -0.9999851 -0.00384593 -0.00383085 -0.9999853 -0.003851294 -0.0038383 -0.9999852 -0.558683 -0.8292845 -0.01267045 0.4620885 -0.563554 0.684749 0.8349331 0.2457289 0.4924471 0.7753677 0.6051182 -0.1806569 0.8349745 0.2456088 0.4924368 0.756496 0.6256897 -0.1903324 0.7753573 0.60513 -0.1806625 0.9301287 -0.3651082 0.03945487 0.8349533 0.2456748 0.4924399 0.462136 -0.5635957 0.6846827 0.9109457 0.3998315 -0.101552 0.462063 -0.5636114 0.6847189 0.7753695 0.605117 -0.1806532 0.9301432 -0.3650787 0.03938519 0.4621494 -0.5635215 0.6847347 0.9703687 -0.238856 0.03650355 0.9703702 -0.238851 0.03649765 0.4621102 -0.5636033 0.6846937 0.9991738 0.03668254 0.0175026 0.9991722 0.03672623 0.01749682 0.462114 -0.5636106 0.6846853 0.9109423 0.3998354 -0.1015675 -0.8349665 -0.245667 -0.4924213 -0.4620838 0.5635914 -0.6847215 -0.7753841 -0.6051015 0.1806429 -0.756496 -0.6256896 0.1903324 -0.8349708 -0.2456622 -0.4924162 -0.7753573 -0.6051306 0.1806608 -0.8349522 -0.2456662 -0.4924458 -0.9301393 0.3650812 -0.03945535 -0.4621111 0.5635908 -0.6847034 -0.4620732 0.5636357 -0.684692 -0.9109455 -0.3998365 0.1015344 -0.7753702 -0.6051161 0.1806532 -0.4620765 0.5636044 -0.6847155 -0.9301435 0.365078 -0.03938424 -0.9703685 0.238856 -0.03650867 -0.4621126 0.5635214 -0.6847596 -0.9703699 0.2388508 -0.03650391 -0.9991736 -0.03668421 -0.01750969 -0.4621102 0.563582 -0.6847112 -0.9991723 -0.03672599 -0.01749563 -0.9109413 -0.3998447 0.1015402</float_array>
          <technique_common>
            <accessor source="#cheirosiphon_Mesh-mesh-normals-array" count="897" stride="3">
              <param name="X" type="float"/>
              <param name="Y" type="float"/>
              <param name="Z" type="float"/>
            </accessor>
          </technique_common>
        </source>
        <source id="cheirosiphon_Mesh-mesh-map-0">
          <float_array id="cheirosiphon_Mesh-mesh-map-0-array" count="2328">0.3384808 0.9352089 0.07343596 0.9495478 0.07337027 0.9407852 0.3384808 0.9352089 0.3385916 0.9499571 0.07343596 0.9495478 0.3386434 0.956852 0.4269726 0.9280357 0.4271824 0.95595 0.3385916 0.9499571 0.4269726 0.9280357 0.3386434 0.956852 0.3384808 0.9352089 0.4269726 0.9280357 0.3385916 0.9499571 0.3384808 0.9352089 0.3384338 0.9289379 0.4269726 0.9280357 0.3377054 0.9369007 0.07266014 0.9512261 0.07259476 0.9424638 0.3377054 0.9369007 0.3378157 0.9516491 0.07266014 0.9512261 0.3378673 0.958544 0.4261978 0.9297317 0.4264063 0.9576459 0.3378157 0.9516491 0.4261978 0.9297317 0.3378673 0.958544 0.3377054 0.9369007 0.4261978 0.9297317 0.3378157 0.9516491 0.3377054 0.9369007 0.3376588 0.9306301 0.4261978 0.9297317 0.3374601 0.9368399 0.07412004 0.9423663 0.07425034 0.9346099 0.3374601 0.9368399 0.3372405 0.9498931 0.07412004 0.9423663 0.3371378 0.9559964 0.4254361 0.932883 0.4250204 0.9575905 0.3372405 0.9498931 0.4254361 0.932883 0.3371378 0.9559964 0.3374601 0.9368399 0.4254361 0.932883 0.3372405 0.9498931 0.3374601 0.9368399 0.3375535 0.9312891 0.4254361 0.932883 0.3378185 0.9369496 0.07447874 0.9424861 0.0746088 0.9347301 0.3378185 0.9369496 0.3375995 0.9500035 0.07447874 0.9424861 0.337497 0.9561057 0.4257942 0.9329896 0.4253794 0.9576966 0.3375995 0.9500035 0.4257942 0.9329896 0.337497 0.9561057 0.3378185 0.9369496 0.4257942 0.9329896 0.3375995 0.9500035 0.3378185 0.9369496 0.3379116 0.9313986 0.4257942 0.9329896 0.3377093 0.9374482 0.07266438 0.9517872 0.07259869 0.943024 0.3377093 0.9374482 0.33782 0.952196 0.07266438 0.9517872 0.337872 0.9590912 0.426201 0.9302741 0.426411 0.9581887 0.33782 0.952196 0.426201 0.9302741 0.337872 0.9590912 0.3377093 0.9374482 0.426201 0.9302741 0.33782 0.952196 0.3377093 0.9374482 0.3376619 0.9311769 0.426201 0.9302741 0.3374416 0.9362595 0.07410156 0.9417921 0.07423222 0.9340361 0.3374416 0.9362595 0.3372223 0.9493128 0.07410156 0.9417921 0.3371198 0.9554157 0.4254177 0.9323009 0.4250028 0.957008 0.3372223 0.9493128 0.4254177 0.9323009 0.3371198 0.9554157 0.3374416 0.9362595 0.4254177 0.9323009 0.3372223 0.9493128 0.3374416 0.9362595 0.3375349 0.9307088 0.4254177 0.9323009 0.3373709 0.9379891 0.07232564 0.9523103 0.07226026 0.9435476 0.3373709 0.9379891 0.3374809 0.9527372 0.07232564 0.9523103 0.3375325 0.9596319 0.4258633 0.9308218 0.4260716 0.958736 0.3374809 0.9527372 0.4258633 0.9308218 0.3375325 0.9596319 0.3373709 0.9379891 0.4258633 0.9308218 0.3374809 0.9527372 0.3373709 0.9379891 0.3373239 0.9317178 0.4258633 0.9308218 0.3382568 0.9368421 0.0749166 0.9423788 0.07504695 0.934623 0.3382568 0.9368421 0.3380375 0.9498962 0.0749166 0.9423788 0.337935 0.9559987 0.4262327 0.9328822 0.4258177 0.9575894 0.3380375 0.9498962 0.4262327 0.9328822 0.337935 0.9559987 0.3382568 0.9368421 0.4262327 0.9328822 0.3380375 0.9498962 0.3382568 0.9368421 0.3383499 0.9312916 0.4262327 0.9328822 0.3422911 0.934605 0.09435623 0.9475166 0.09432309 0.9387537 0.3422911 0.934605 0.3423466 0.9493536 0.09435623 0.9475166 0.3423731 0.9562488 0.4250777 0.9279082 0.4251835 0.9558235 0.3423466 0.9493536 0.4250777 0.9279082 0.3423731 0.9562488 0.3422911 0.934605 0.4250777 0.9279082 0.3423466 0.9493536 0.3422911 0.934605 0.3422672 0.9283338 0.4250777 0.9279082 0.3417272 0.9381434 0.09560257 0.9495729 0.09556937 0.9418154 0.3417272 0.9381434 0.3417825 0.9511988 0.09560257 0.9495729 0.3418084 0.9573026 0.4239097 0.9322153 0.4240149 0.956926 0.3417825 0.9511988 0.4239097 0.9322153 0.3418084 0.9573026 0.3417272 0.9381434 0.4239097 0.9322153 0.3417825 0.9511988 0.3417272 0.9381434 0.3417036 0.9325921 0.4239097 0.9322153 0.3407841 0.9381877 0.09465956 0.9496169 0.09462654 0.94186 0.3407841 0.9381877 0.3408395 0.9512431 0.09465956 0.9496169 0.3408656 0.9573465 0.4229668 0.9322595 0.4230718 0.9569702 0.3408395 0.9512431 0.4229668 0.9322595 0.3408656 0.9573465 0.3407841 0.9381877 0.4229668 0.9322595 0.3408395 0.9512431 0.3407841 0.9381877 0.3407606 0.9326362 0.4229668 0.9322595 0.3429641 0.9357918 0.09513598 0.951222 0.09503734 0.9424592 0.3429641 0.9357918 0.3431307 0.9505388 0.09513598 0.951222 0.3432084 0.9574337 0.4256978 0.9282535 0.4260128 0.9561666 0.3431307 0.9505388 0.4256978 0.9282535 0.3432084 0.9574337 0.3429641 0.9357918 0.4256978 0.9282535 0.3431307 0.9505388 0.3429641 0.9357918 0.3428934 0.9295208 0.4256978 0.9282535 0.339042 0.9357637 0.07399708 0.9500977 0.07393139 0.9413351 0.339042 0.9357637 0.3391526 0.9505116 0.07399708 0.9500977 0.3392043 0.9574068 0.4275344 0.928592 0.4277435 0.9565059 0.3391526 0.9505116 0.4275344 0.928592 0.3392043 0.9574068 0.339042 0.9357637 0.4275344 0.928592 0.3391526 0.9505116 0.339042 0.9357637 0.338995 0.9294925 0.4275344 0.928592 0.3373669 0.9374447 0.07232159 0.9517697 0.0722559 0.9430072 0.3373669 0.9374447 0.3374771 0.9521929 0.07232159 0.9517697 0.3375284 0.9590876 0.4258589 0.930276 0.4260678 0.9581899 0.3374771 0.9521929 0.4258589 0.930276 0.3375284 0.9590876 0.3373669 0.9374447 0.4258589 0.930276 0.3374771 0.9521929 0.3373669 0.9374447 0.3373199 0.9311734 0.4258589 0.930276 0.7286847 0.4256276 0.7599574 0.450298 0.7040902 0.4485814 0.7040902 0.4485814 0.6385004 0.4499222 0.6720836 0.4244821 0.7286847 0.4256276 0.7040902 0.4485814 0.6720836 0.4244821 0.7286847 0.4256276 0.6720836 0.4244821 0.7026299 0.4252547 0.7603076 0.3687552 0.7597986 0.4498149 0.7286353 0.4256965 0.7286353 0.4256965 0.7331471 0.379866 0.7603076 0.3687552 0.7336335 0.3796506 0.7289952 0.4257847 0.7032748 0.4253981 0.703323 0.4254655 0.7003988 0.3800008 0.7334452 0.3799715 0.7003545 0.3799277 0.7032244 0.4252264 0.672146 0.4241525 0.672146 0.4241525 0.671608 0.37748 0.7003545 0.3799277 0.6715915 0.3775883 0.6722836 0.424338 0.6390192 0.449675 0.6390914 0.4497575 0.6391686 0.3657588 0.6718366 0.3775386 0.3984536 0.8499392 0.3983867 0.7948088 0.5265033 0.7948193 0.4557874 0.03455692 0.4565723 0.01683098 0.4607164 0.01031213 0.5265033 0.7948193 0.5262672 0.8499198 0.3984536 0.8499392 0.4582186 0.02051657 0.4624032 0.02077275 0.4619609 0.03820514 0.523015 0.4071592 0.5253137 0.3608021 0.6416674 0.3586761 0.4553217 0.01287865 0.4580509 0.03053158 0.4538992 0.03099197 0.9801269 0.1887374 0.8742818 0.1564888 0.9892483 0.1564888 0.9801269 0.1887374 0.8833887 0.188911 0.8742818 0.1564888 0.0133863 0.1980539 0.01356506 0.2517142 0.04816389 0.2401155 0.7595898 0.2104735 0.7596485 0.2093639 0.758513 0.2093631 0.8968651 0.08074593 0.8968651 0.03726655 0.9817008 0.03731381 0.7646614 0.2091724 0.7646614 0.2098893 0.7648457 0.2101363 0.6388868 0.594312 0.5955266 0.5942615 0.5955246 0.5485623 0.4604974 0.03401333 0.4607164 0.01031213 0.4630151 0.01739662 0.6416674 0.3586761 0.7603798 0.4072961 0.6417175 0.4489664 0.04894572 0.2457993 0.01379555 0.2505295 0.01672285 0.1977778 0.3842338 0.2428024 0.3015187 0.2039646 0.313278 0.2437607 0.7648724 0.2239968 0.7648724 0.2251065 0.7650567 0.2248595 0.9817008 0.08079361 0.8968651 0.08074593 0.9817008 0.03731381 0.01376146 0.307531 0.04824364 0.2627788 0.04816389 0.2401155 0.2719195 0.4409761 0.2716969 0.4665565 0.170207 0.4665564 0.01501953 0.3050251 0.04894572 0.2457993 0.0480777 0.261101 0.170207 0.4665564 0.170502 0.440976 0.2719195 0.4409761 0.4580509 0.03053158 0.4579946 0.03565174 0.4538992 0.03099197 0.4582186 0.01287865 0.4623479 0.01568007 0.4623416 0.01619178 0.4623416 0.01619178 0.4624032 0.02077275 0.4582186 0.01287865 0.6416674 0.3586761 0.7603278 0.3628861 0.7603798 0.4072961 0.7330014 0.4127917 0.5548064 0.4127917 0.5237483 0.3741926 0.7648457 0.2101363 0.7648457 0.2090266 0.7646614 0.2091724 0.523015 0.4071592 0.6416674 0.3586761 0.6417175 0.4489664 0.8742818 0.1564888 0.931765 0.1306205 0.9892483 0.1564888 0.7588922 0.2113876 0.7595898 0.2104735 0.758513 0.2093631 0.5955246 0.5485623 0.6373528 0.5486165 0.6388868 0.594312 0.7657988 0.2212691 0.7656832 0.2217031 0.7656701 0.2259157 0.9760746 0.1530488 0.9864662 0.1774408 0.861855 0.1762465 0.4607164 0.01031213 0.4604974 0.03401333 0.45973 0.03562289 0.45973 0.03562289 0.4604974 0.03401333 0.4616331 0.03988438 0.4579946 0.03565174 0.454162 0.03857755 0.4538992 0.03099197 0.5237483 0.3741926 0.7616204 0.3741926 0.7330014 0.4127917 0.7641573 0.2166181 0.7679316 0.2154254 0.7683178 0.2120915 0.4582186 0.01287865 0.4624032 0.02077275 0.4582186 0.02051657 0.3842338 0.2428024 0.3847795 0.1634273 0.3015187 0.2039646 0.861855 0.1762465 0.8724178 0.1520525 0.9760746 0.1530488 0.7645303 0.2217209 0.7644128 0.2212904 0.7644259 0.2261032 0.8104951 0.4791037 0.9406585 0.4791842 0.9422677 0.385136 0.7663856 0.2098851 0.7661714 0.2103667 0.7662012 0.2111042 0.8174184 0.4032031 0.9354205 0.403203 0.9354205 0.4814431 0.7645702 0.2223445 0.7646141 0.2229483 0.7648451 0.2227842 0.9828819 0.1357744 0.897767 0.1327317 0.8983495 0.07876658 0.4559059 0.5129759 0.4559553 0.4852817 0.359293 0.5004289 0.8983495 0.07876658 0.9835667 0.07743543 0.9828819 0.1357744 0.456002 0.4845311 0.4555143 0.5122146 0.3583856 0.5012543 0.3590834 0.4701934 0.456002 0.4845311 0.3583856 0.5012543 -0.01846402 0.4386659 0.1160562 0.4665327 0.440142 0.4665325 0.8164906 0.4810561 0.9353988 0.4811739 0.935459 0.4072746 0.9354205 0.4814431 0.8174183 0.4814431 0.8174184 0.4032031 0.4618394 0.02896159 0.4576749 0.0298714 0.4612317 0.01082146 0.4648963 0.02312672 0.4626997 0.02426695 0.4588366 0.01973795 0.3590024 0.4693438 0.359293 0.5004289 0.4559553 0.4852817 0.1067176 0.4662305 -0.0176863 0.4383637 0.4404313 0.4383635 0.4617045 0.02980321 0.4598411 0.0311805 0.4598411 0.02509182 0.4614644 0.04567664 0.4585353 0.02606499 0.4612474 0.02744942 0.9368285 0.4808863 0.8179256 0.4813575 0.8176853 0.4074586 0.8071885 0.3850961 0.9397786 0.3855744 0.9386919 0.4796266 0.4596726 0.04031586 0.4579641 0.0397613 0.45973 0.03562289 0.459121 0.02824008 0.4613435 0.02877855 0.4625222 0.03236645 0.4404313 0.4383635 0.4404278 0.4662303 0.1067176 0.4662305 0.7644298 0.3833047 0.7643641 0.4174353 0.5186975 0.4174352 0.5186975 0.4174352 0.5186684 0.3833047 0.7644298 0.3833047 0.440142 0.4665325 0.4401413 0.4386657 -0.01846402 0.4386659 0.4607164 0.01031213 0.4577963 0.03390663 0.4557874 0.03455692 0.45973 0.03562289 0.4579641 0.0397613 0.4557874 0.03455692 0.7648451 0.2229723 0.7645686 0.223657 0.7648443 0.2240182 0.9344669 0.4798184 0.8177443 0.4798184 0.8177442 0.4064422 0.5953632 0.5944955 0.6387234 0.5944955 0.6387234 0.6222757 0.45973 0.03562289 0.4616331 0.03988438 0.4596726 0.04031586 0.4547787 0.01370733 0.4568598 0.01532512 0.4548667 0.01871985 0.4617978 0.02509182 0.4598411 0.02509182 0.4598411 0.01900315 0.4598411 0.02509182 0.4617978 0.02509182 0.4617045 0.02980321 0.6387234 0.6222757 0.5953632 0.6222757 0.5953632 0.5944955 0.8161095 0.4065431 0.9355149 0.4065432 0.9355149 0.4799193 0.9386919 0.4796266 0.8092394 0.4813524 0.8071885 0.3850961 0.7653148 0.2248595 0.765102 0.2241427 0.7650567 0.2241427 0.7646383 0.2136328 0.7648858 0.2131535 0.7646409 0.2121902 0.7648451 0.2227842 0.7648366 0.2217519 0.7645702 0.2223445 0.4609287 0.03440749 0.4542654 0.04653978 0.4536419 0.01772004 0.7588922 0.2113876 0.758513 0.2093631 0.7585974 0.2104728 0.7648457 0.2110512 0.7648457 0.2101363 0.7646614 0.2098893 0.4428811 0.2894361 0.4325063 0.2894361 0.4325063 0.2782568 0.7644259 0.2261032 0.7645413 0.225938 0.7645303 0.2217209 0.9422677 0.385136 0.8089647 0.3833 0.8104951 0.4791037 0.7663241 0.2151815 0.7631992 0.2151815 0.7631992 0.2158043 0.7646124 0.2203539 0.7657988 0.2212691 0.7656048 0.2203531 0.3131469 0.2422666 0.3415088 0.2237734 0.3849166 0.242888 0.4632316 0.2851075 0.4628072 0.2959242 0.4516366 0.2954859 0.7656701 0.2259157 0.7657855 0.2261084 0.7657988 0.2212691 0.9788674 0.1408039 0.8726154 0.1408039 0.8749187 0.1269392 0.4325063 0.2782568 0.4428811 0.2782568 0.4428811 0.2894361 0.945316 0.4347761 0.8094018 0.444904 0.8086695 0.3809228 0.8177442 0.4064422 0.9344667 0.4064422 0.9344669 0.4798184 0.8176853 0.4074586 0.9365879 0.4069873 0.9368285 0.4808863 0.9817008 0.08079361 0.9585078 0.1110855 0.9200592 0.111039 0.8749187 0.1269392 0.9762359 0.1269392 0.9788674 0.1408039 0.4516366 0.2954859 0.4520609 0.2846693 0.4632316 0.2851075 0.935459 0.4072746 0.8165506 0.4071568 0.8164906 0.4810561 0.9817008 0.08079361 0.9200592 0.111039 0.8968651 0.08074593 0.4630151 0.01739662 0.4637235 0.03487038 0.4604974 0.03401333 0.4619047 0.03938299 0.4616331 0.03988438 0.4604974 0.03401333 0.4604974 0.03401333 0.4637235 0.03487038 0.4619047 0.03938299 0.9355149 0.4799193 0.8161095 0.4799193 0.8161095 0.4065431 0.9416625 0.4345403 0.8090957 0.380573 0.8086422 0.4432232 0.4561191 0.03071522 0.4560514 0.02120703 0.4578791 0.02216017 0.7646124 0.2203539 0.7644128 0.2212904 0.7657988 0.2212691 0.3015187 0.2039646 0.2665542 0.2423018 0.313278 0.2437607 0.4626997 0.02426695 0.4648963 0.02312672 0.4650689 0.03137391 0.4577963 0.03390663 0.4607164 0.01031213 0.45973 0.03562289 0.4557874 0.03455692 0.4577963 0.03390663 0.45973 0.03562289 0.4786979 0.2558603 0.4637061 0.2558603 0.4651078 0.2470536 0.01501953 0.3050251 0.0480777 0.261101 0.05966764 0.2787956 0.3235851 0.266057 0.3300215 0.3041553 0.3227471 0.307996 0.4519174 0.256676 0.4585996 0.2683885 0.4502333 0.270589 0.4615713 0.04355823 0.4576743 0.03905981 0.4618394 0.02896159 0.4576749 0.0298714 0.4618394 0.02896159 0.4576743 0.03905981 0.3133403 0.2425067 0.2662373 0.2444821 0.3041832 0.207298 0.7659761 0.2173124 0.7659761 0.2160935 0.7658842 0.2160202 0.7606974 0.2122502 0.7601686 0.2122067 0.7602329 0.2123216 0.7658863 0.2173123 0.7658842 0.2186046 0.7659761 0.2185313 0.7648858 0.2118991 0.7644643 0.2117857 0.7644087 0.2119117 0.7659761 0.2185313 0.7659761 0.2173124 0.7658863 0.2173123 0.7658842 0.2160202 0.7658863 0.2173123 0.7659761 0.2173124 0.458978 0.03780323 0.4588509 0.02317178 0.4626083 0.03040385 0.4589515 0.01728022 0.4612474 0.02744942 0.4585353 0.02606499 0.7612898 0.2100268 0.7612898 0.2113876 0.7613981 0.211326 0.7645524 0.2104283 0.764507 0.2104901 0.7646607 0.21049 0.4651078 0.2470536 0.4772962 0.2470536 0.4786979 0.2558603 0.9903185 0.1135888 0.9758743 0.128664 0.874557 0.1263325 0.7613976 0.2100886 0.7612898 0.2100268 0.7613981 0.211326 0.760693 0.2118325 0.7606837 0.2120847 0.7606974 0.2120156 0.4502333 0.270589 0.4449191 0.2614207 0.4519174 0.256676 0.874557 0.1263325 0.8604365 0.1139464 0.9903185 0.1135888 0.7612209 0.2109876 0.7609447 0.211326 0.7609578 0.2113876 0.7605097 0.2113876 0.7609578 0.2113876 0.7609447 0.211326 0.7605479 0.2100886 0.7609443 0.2100886 0.7609574 0.2100268 0.761259 0.2103736 0.7609574 0.2100268 0.7609443 0.2100886 0.7609443 0.2100886 0.7612205 0.2104269 0.761259 0.2103736 0.7612595 0.2110181 0.761259 0.2103736 0.7612205 0.2104269 0.7612205 0.2104269 0.7612209 0.2109876 0.7612595 0.2110181 0.7609578 0.2113876 0.7612595 0.2110181 0.7612209 0.2109876 0.7645524 0.2104283 0.764507 0.2104283 0.764507 0.2104901 0.7609447 0.211326 0.7605483 0.211326 0.7605097 0.2113876 0.760693 0.2118325 0.7606468 0.2120661 0.7606837 0.2120847 0.7609574 0.2100268 0.7605093 0.2100268 0.7605479 0.2100886 0.7659814 0.2186046 0.7659819 0.2186046 0.7659819 0.2172895 0.7637525 0.2161931 0.7637535 0.2161931 0.7637627 0.2141394 0.7603278 0.3627462 0.7603278 0.3628861 0.6416674 0.3586761 0.7685844 0.2112933 0.7685231 0.2112933 0.7685231 0.2126083 0.7685231 0.2112933 0.7685844 0.2112933 0.7685226 0.2099782 0.523015 0.4071592 0.6417175 0.4489664 0.523041 0.4491823 0.01356506 0.2517142 0.01376146 0.307531 0.04816389 0.2401155 0.7603798 0.4072961 0.7604057 0.4493191 0.6417175 0.4489664 0.01501953 0.3050251 0.01379555 0.2505295 0.04894572 0.2457993 0.3131469 0.2422666 0.3027439 0.2065807 0.3415088 0.2237734 0.4568365 0.02086532 0.4638162 0.04247945 0.4571116 0.0478481 0.459121 0.02824008 0.4625222 0.03236645 0.4608296 0.03279435 0.7685222 0.2126083 0.7685227 0.2123042 0.7685227 0.2119866 0.7669199 0.2099589 0.7665313 0.2099581 0.7666782 0.2105376 0.7669199 0.2099589 0.7666782 0.2105376 0.7667469 0.2106392 0.7668157 0.2105376 0.7669199 0.2099589 0.7667469 0.2106392 0.7607923 0.2107686 0.7607834 0.2109178 0.7608757 0.2109435 0.7676505 0.2199457 0.767488 0.2202699 0.7670808 0.2200586 0.6713842 0.3775722 0.6389665 0.4499472 0.6721414 0.4243336 0.7607923 0.2107686 0.7608757 0.2109435 0.7610146 0.2107739 0.7649124 0.222159 0.7649149 0.2217519 0.7648631 0.2218769 0.7334389 0.3798387 0.7032145 0.4254583 0.7289317 0.4255254 0.7679933 0.2209581 0.7679829 0.220616 0.767745 0.2201129 0.7679933 0.2209581 0.767745 0.2201129 0.767719 0.2207977 0.299142 0.1689803 0.05395185 0.1764191 0.01371181 0.1977517 0.3012426 0.2034429 0.299596 0.1694476 0.01364737 0.1979952 0.3015352 0.203764 0.01338624 0.1980385 0.0133863 0.1980539 0.2678888 0.242487 0.3015352 0.203764 0.0133863 0.1980539 0.04816389 0.2401155 0.2678888 0.242487 0.0133863 0.1980539 0.3041832 0.207298 0.2662373 0.2444821 0.2978584 0.1694986 0.2685775 0.2413671 0.04894572 0.2457993 0.01672285 0.1977778 0.01672285 0.1977778 0.05931168 0.1744024 0.2967192 0.170683 0.2685775 0.2413671 0.01672285 0.1977778 0.2967192 0.170683 0.7649073 0.219439 0.7646124 0.2203539 0.7656048 0.2203531 0.7648858 0.2165274 0.7648478 0.2150861 0.7646267 0.2160639 0.7663462 0.2117514 0.7662012 0.2111042 0.7659242 0.2111829 0.3415088 0.2237734 0.3027439 0.2065807 0.2997847 0.1721587 0.3870523 0.2440752 0.3428219 0.2242777 0.2982064 0.1683803 0.3880808 0.2436125 0.2975784 0.1694318 0.3869829 0.1649371 0.7663462 0.2117514 0.7659242 0.2111829 0.7660025 0.2118481 0.7644185 0.210501 0.7645126 0.2110512 0.7646607 0.2105139 0.766323 0.2223338 0.7664939 0.2219935 0.7663303 0.2215689 0.7658917 0.213168 0.7658917 0.2139396 0.7662479 0.2131762 0.3012426 0.2034429 0.3855676 0.1629242 0.299596 0.1694476 0.4597183 0.03319346 0.4568355 0.02731066 0.4588366 0.01973795 0.4612474 0.02744942 0.4589515 0.01728022 0.4630208 0.01293909 0.7053351 0.8187826 0.7696538 0.9131547 0.7052654 0.913179 0.7696538 0.9131547 0.7053351 0.8187826 0.7689214 0.817171 0.7689214 0.817171 0.8310476 0.9140223 0.7696538 0.9131547 0.8310476 0.9140223 0.7689214 0.817171 0.8293936 0.8187865 0.7686445 0.9120447 0.7041525 0.8178254 0.7042252 0.9122244 0.7041525 0.8178254 0.7686445 0.9120447 0.7677315 0.8160904 0.8300319 0.9127988 0.7677315 0.8160904 0.7686445 0.9120447 0.7677315 0.8160904 0.8300319 0.9127988 0.8282077 0.8176 0.7689704 0.2197678 0.7688851 0.2180944 0.7688926 0.2197458 0.7632175 0.2098591 0.7633798 0.2115083 0.763318 0.2098624 0.7638625 0.211712 0.7639402 0.2133578 0.7640019 0.211712 0.7633798 0.2115083 0.7632175 0.2098591 0.7631744 0.2115083 0.7650752 0.2221806 0.7650907 0.2223034 0.7651587 0.2221834 0.7638597 0.2133613 0.7638197 0.211712 0.76379 0.2133769 0.7688851 0.2180944 0.7689704 0.2197678 0.7690026 0.2181025 0.76912 0.2249281 0.7689487 0.2249301 0.7691169 0.2251188 0.6378023 0.6232696 0.6109002 0.5191258 0.6113237 0.6229966 0.596383 0.6224847 0.6221349 0.5188911 0.6227901 0.6229728 0.6109002 0.5191258 0.6378023 0.6232696 0.6373789 0.5193987 0.6221349 0.5188911 0.596383 0.6224847 0.5957279 0.5184031 0.615798 0.6227131 0.6345845 0.5187081 0.6381396 0.622779 0.7666136 0.2106132 0.7665922 0.2105676 0.7665932 0.2106163 0.6180636 0.6220343 0.6343519 0.5195412 0.6342892 0.6225422 0.7666136 0.2106132 0.7666019 0.2105417 0.7665922 0.2105676 0.9720197 0.2751933 0.924981 0.2772913 0.9900324 0.2545244 0.5953471 0.5189655 0.6113237 0.6229966 0.6109002 0.5191258 0.9900324 0.2545244 0.924981 0.2772913 0.913964 0.2380554 0.6376444 0.5191777 0.6227901 0.6229728 0.6221349 0.5188911 0.913964 0.2380554 0.924981 0.2772913 0.8959527 0.2587226 0.6363441 0.5187928 0.6165121 0.6229 0.6198808 0.5196439 0.6113237 0.6229966 0.5953471 0.5189655 0.5957692 0.6228364 0.7666125 0.2105645 0.7666019 0.2105417 0.7666136 0.2106132 0.6227901 0.6229728 0.6376444 0.5191777 0.6383008 0.6232596 0.7666136 0.2106132 0.7665932 0.2106163 0.7666039 0.2106391 0.9900324 0.2545244 0.913964 0.2380554 0.9610034 0.2359572 0.6337131 0.519591 0.6185879 0.6220172 0.6165786 0.5188068 0.1449015 0.5785617 0.1537643 0.5782095 0.1537642 0.7168337 0.1476842 0.5762799 0.1539227 0.5771387 0.1539227 0.7157629 0.1620246 0.7154738 0.1539227 0.7157629 0.1539227 0.5771387 0.1537642 0.7168337 0.1449015 0.7171858 0.1449015 0.5785617 0.7608177 0.2102826 0.7608945 0.2104299 0.7609381 0.2102831 0.1539227 0.5771387 0.1620246 0.5768497 0.1620246 0.7154738 0.1539227 0.7157629 0.1476842 0.7149041 0.1476842 0.5762799 0.764919 0.2251083 0.7648724 0.2252529 0.7649922 0.2252613 0.1472088 0.7167363 0.1405144 0.7159166 0.1400255 0.5772918 0.7648724 0.2252529 0.7649177 0.2253474 0.7649922 0.2252613 0.7608906 0.210192 0.7608177 0.2102826 0.7609381 0.2102831 0.1502907 0.587508 0.15684 0.5864706 0.1562076 0.7250948 0.7608177 0.2102826 0.76082 0.2104297 0.7608945 0.2104299 0.1400255 0.5772918 0.1467199 0.5781115 0.1472088 0.7167363 0.1562076 0.7250948 0.1496582 0.7261322 0.1502907 0.587508 0.764993 0.2251135 0.764919 0.2251083 0.7649922 0.2252613 0.1571886 0.5570509 0.1491032 0.9565511 0.1535046 0.5522255 0.13731 0.9577128 0.1522403 0.5445917 0.1453876 0.9508842 0.1592373 0.9564686 0.1664154 0.5511561 0.1653028 0.9574108 0.1522403 0.5445917 0.13731 0.9577128 0.1441627 0.55142 0.1603498 0.5502139 0.1582489 0.5444344 0.1664154 0.5511561 0.1664154 0.5511561 0.1592373 0.9564686 0.1603498 0.5502139 0.1491032 0.9565511 0.1571886 0.5570509 0.1527872 0.9613764 0.1461877 0.5456136 0.1522403 0.5445917 0.1441627 0.55142 0.1460466 0.9581992 0.1553064 0.5866376 0.1537834 0.9581991 0.1429109 0.9570258 0.1506479 0.5610936 0.1506478 0.9570258 0.1553064 0.5866376 0.1460466 0.9581992 0.1475696 0.5866375 0.1506479 0.5610936 0.1429109 0.9570258 0.1429111 0.5610937 0.1549553 0.5862853 0.1446566 0.9577674 0.1514967 0.5861496 0.7648606 0.2222383 0.7649139 0.2223824 0.7649149 0.2222393 0.1609848 0.9572542 0.1606627 0.5610936 0.1644437 0.9571248 0.7648606 0.2222383 0.7648863 0.2224536 0.7649139 0.2223824 0.1563857 0.8689439 0.1480746 0.8690176 0.1599707 0.8656824 0.1598503 0.5866376 0.1537834 0.9581991 0.1553064 0.5866376 0.1599707 0.8656824 0.1480746 0.8690176 0.1469339 0.8625686 0.1551918 0.5610936 0.1506478 0.9570258 0.1506479 0.5610936 0.1469339 0.8625686 0.1480746 0.8690176 0.1433488 0.8658298 0.1446566 0.9577674 0.1549553 0.5862853 0.1493755 0.9579525 0.1537834 0.9581991 0.1598503 0.5866376 0.1583273 0.9581992 0.7648596 0.2223815 0.7648863 0.2224536 0.7648606 0.2222383 0.1506478 0.9570258 0.1551918 0.5610936 0.1551917 0.9570258 0.7648606 0.2222383 0.7649149 0.2222393 0.7648883 0.2221671 0.1599707 0.8656824 0.1469339 0.8625686 0.1552449 0.8624949 0.1606627 0.5610936 0.1609848 0.9572542 0.1559436 0.5612699 0.9702132 0.7941997 0.8144456 0.6456352 0.6789153 0.7946937 0.8131208 0.6480633 0.5560942 0.7809309 0.6782538 0.7946735 0.9669854 0.7940292 0.8166325 0.6485063 0.809445 0.6512441 0.7120421 0.794796 0.809445 0.6512441 0.6788946 0.7948275 0.9669854 0.7940292 0.809445 0.6512441 0.8426787 0.7947567 0.8426787 0.7947567 0.809445 0.6512441 0.7556383 0.7929399 0.7556383 0.7929399 0.809445 0.6512441 0.7120421 0.794796 0.8140279 0.6457182 0.7993162 0.6526669 0.6788741 0.7951332 0.5580403 0.7819117 0.8137438 0.6490457 0.6785663 0.7948468 0.8152915 0.6467 0.9740428 0.7945654 0.8080964 0.6494349 0.8080964 0.6494349 0.711517 0.7942406 0.67855 0.7944599 0.8080964 0.6494349 0.9740428 0.7945654 0.842284 0.7943515 0.8080964 0.6494349 0.842284 0.7943515 0.755227 0.792508 0.8080964 0.6494349 0.755227 0.792508 0.711517 0.7942406</float_array>
          <technique_common>
            <accessor source="#cheirosiphon_Mesh-mesh-map-0-array" count="1164" stride="2">
              <param name="S" type="float"/>
              <param name="T" type="float"/>
            </accessor>
          </technique_common>
        </source>
        <vertices id="cheirosiphon_Mesh-mesh-vertices">
          <input semantic="POSITION" source="#cheirosiphon_Mesh-mesh-positions"/>
        </vertices>
        <triangles material="carf-material" count="388">
          <input semantic="VERTEX" source="#cheirosiphon_Mesh-mesh-vertices" offset="0"/>
          <input semantic="NORMAL" source="#cheirosiphon_Mesh-mesh-normals" offset="1"/>
          <input semantic="TEXCOORD" source="#cheirosiphon_Mesh-mesh-map-0" offset="2" set="0"/>
          <p>10 0 0 13 0 1 12 0 2 11 1 3 17 1 4 14 1 5 1 2 6 5 2 7 2 2 8 15 3 9 3 3 10 0 3 11 9 4 12 6 4 13 16 4 14 8 5 15 7 5 16 4 5 17 29 6 18 32 6 19 30 6 20 28 7 21 35 7 22 31 7 23 19 8 24 24 8 25 20 8 26 33 9 27 22 9 28 18 9 29 27 10 30 23 10 31 34 10 32 26 11 33 25 11 34 21 11 35 47 12 36 50 12 37 48 12 38 46 13 39 53 13 40 49 13 41 37 14 42 41 14 43 38 14 44 52 15 45 40 15 46 36 15 47 44 16 48 39 16 49 51 16 50 45 17 51 43 17 52 42 17 53 63 18 54 67 18 55 66 18 56 65 19 57 71 19 58 68 19 59 55 20 60 58 20 61 56 20 62 69 21 63 57 21 64 54 21 65 62 22 66 59 22 67 70 22 68 64 23 69 61 23 70 60 23 71 81 24 72 85 24 73 84 24 74 82 25 75 89 25 76 86 25 77 72 26 78 76 26 79 74 26 80 88 27 81 77 27 82 73 27 83 80 28 84 75 28 85 87 28 86 83 29 87 79 29 88 78 29 89 100 30 90 103 30 91 102 30 92 101 31 93 107 31 94 104 31 95 90 32 96 94 32 97 92 32 98 106 33 99 96 33 100 91 33 101 99 34 102 95 34 103 105 34 104 98 35 105 97 35 106 93 35 107 119 36 108 122 36 109 120 36 110 117 37 111 125 37 112 121 37 113 108 38 114 111 38 115 110 38 116 124 39 117 113 39 118 109 39 119 116 40 120 112 40 121 123 40 122 118 41 123 115 41 124 114 41 125 134 42 126 139 42 127 138 42 128 135 43 129 141 43 130 140 43 131 126 44 132 130 44 133 128 44 134 143 45 135 132 45 136 127 45 137 136 46 138 129 46 139 142 46 140 137 47 141 133 47 142 131 47 143 153 48 144 158 48 145 156 48 146 152 49 147 159 49 148 157 49 149 144 50 150 149 50 151 146 50 152 161 51 153 150 51 154 145 51 155 154 52 156 147 52 157 160 52 158 155 53 159 151 53 160 148 53 161 170 54 162 175 54 163 174 54 164 172 55 165 178 55 166 176 55 167 163 56 168 167 56 169 164 56 170 177 57 171 165 57 172 162 57 173 173 58 174 168 58 175 179 58 176 171 59 177 169 59 178 166 59 179 188 60 180 193 60 181 192 60 182 189 61 183 196 61 184 194 61 185 181 62 186 186 62 187 182 62 188 195 63 189 183 63 190 180 63 191 190 64 192 184 64 193 197 64 194 191 65 195 187 65 196 185 65 197 206 66 198 211 66 199 210 66 200 207 67 201 214 67 202 212 67 203 199 68 204 202 68 205 200 68 206 213 69 207 201 69 208 198 69 209 208 70 210 203 70 211 215 70 212 209 71 213 205 71 214 204 71 215 224 72 216 229 72 217 228 72 218 225 73 219 232 73 220 230 73 221 217 74 222 221 74 223 218 74 224 231 75 225 219 75 226 216 75 227 227 76 228 222 76 229 233 76 230 226 77 231 223 77 232 220 77 233 243 78 234 248 78 235 246 78 236 242 79 237 249 79 238 247 79 239 235 80 240 239 80 241 236 80 242 250 81 243 237 81 244 234 81 245 244 82 246 238 82 247 251 82 248 245 83 249 241 83 250 240 83 251 261 84 252 263 85 253 254 86 254 252 87 255 255 88 256 256 89 257 260 90 258 253 91 259 257 92 260 262 93 261 258 94 262 259 95 263 266 96 264 563 97 265 561 98 266 562 99 267 268 100 268 267 101 269 566 102 270 565 103 271 564 104 272 568 105 273 269 106 274 567 107 275 572 108 276 571 109 277 570 110 278 569 111 279 264 112 280 573 113 281 576 114 282 575 115 283 574 116 284 578 117 285 265 118 286 577 119 287 304 120 288 306 120 289 271 120 290 353 121 291 346 121 292 295 121 293 272 122 294 274 122 295 305 122 296 281 123 297 392 124 298 343 125 299 450 126 300 438 127 301 446 128 302 581 129 303 579 129 304 289 129 305 425 130 306 320 131 307 279 132 308 426 133 309 283 134 310 319 135 311 587 136 312 582 137 313 372 138 314 366 139 315 329 140 316 317 140 317 286 141 318 287 142 319 303 143 320 427 144 321 383 145 322 292 146 323 357 147 324 362 148 325 589 149 326 307 150 327 296 151 328 590 152 329 443 153 330 452 154 331 420 155 332 378 156 333 593 156 334 439 156 335 597 157 336 369 158 337 594 159 338 599 160 339 598 161 340 394 162 341 387 163 342 285 164 343 302 165 344 413 166 345 407 167 346 374 168 347 600 169 348 338 170 349 337 170 350 415 171 351 377 171 352 406 171 353 336 172 354 602 173 355 601 174 356 580 175 357 350 176 358 291 175 359 604 177 360 359 178 361 458 179 362 457 180 363 391 181 364 603 182 365 444 183 366 607 184 367 453 185 368 424 186 369 610 187 370 609 188 371 293 189 372 611 190 373 428 189 374 448 191 375 447 192 376 419 193 377 321 194 378 273 195 379 280 196 380 612 197 381 365 198 382 318 199 383 588 200 384 614 201 385 358 202 386 325 203 387 351 204 388 345 204 389 617 205 390 615 206 391 330 207 392 297 208 393 309 209 394 399 210 395 398 211 396 308 212 397 619 213 398 349 214 399 621 215 400 290 215 401 608 216 402 622 217 403 423 218 404 625 219 405 624 220 406 623 221 407 605 222 408 393 223 409 282 224 410 596 225 411 626 226 412 368 227 413 331 228 414 352 229 415 616 229 416 631 230 417 630 231 418 628 232 419 635 233 420 633 234 421 333 235 422 639 236 423 638 237 424 636 238 425 389 239 426 288 240 427 334 241 428 644 242 429 642 243 430 640 244 431 381 245 432 388 245 433 646 246 434 651 247 435 650 248 436 648 249 437 645 250 438 652 251 439 382 252 440 340 253 441 655 254 442 654 255 443 656 256 444 339 257 445 653 258 446 660 259 447 659 260 448 657 261 449 341 262 450 664 263 451 662 264 452 335 265 453 665 266 454 390 267 455 668 268 456 397 269 457 666 270 458 276 271 459 409 272 460 361 273 461 670 274 462 647 275 463 649 276 464 674 277 465 673 278 466 671 279 467 421 280 468 395 281 469 313 282 470 679 283 471 300 283 472 676 283 473 347 284 474 682 285 475 681 286 476 363 287 477 685 288 478 683 289 479 460 290 480 686 291 481 404 292 482 277 293 483 380 293 484 689 294 485 672 295 486 690 296 487 675 297 488 695 298 489 693 299 490 692 300 491 691 301 492 696 302 493 694 303 494 658 304 495 697 305 496 661 306 497 298 307 498 326 307 499 354 307 500 401 308 501 687 309 502 356 308 503 700 310 504 699 311 505 698 312 506 433 313 507 434 313 508 702 314 509 707 315 510 705 316 511 703 317 512 402 318 513 620 319 514 459 320 515 709 321 516 367 321 517 708 322 518 712 323 519 315 324 520 710 325 521 314 326 522 711 327 523 422 328 524 704 329 525 435 330 526 706 331 527 717 332 528 715 333 529 714 334 530 684 335 531 718 336 532 364 337 533 431 338 534 436 339 535 719 340 536 722 341 537 721 341 538 720 341 539 641 342 540 723 343 541 643 344 542 726 345 543 725 346 544 724 347 545 613 348 546 316 348 547 727 348 548 728 349 549 294 350 550 384 351 551 732 352 552 731 353 553 729 354 554 627 355 555 734 356 556 632 357 557 332 358 558 375 358 559 634 358 560 736 359 561 735 360 562 437 361 563 739 362 564 322 363 565 737 364 566 744 365 567 456 366 568 742 367 569 749 368 570 747 369 571 745 370 572 344 371 573 750 372 574 324 373 575 753 374 576 751 375 577 430 376 578 730 377 579 754 378 580 733 379 581 757 380 582 756 381 583 755 382 584 701 383 585 758 384 586 432 385 587 680 386 588 759 387 589 348 388 590 386 389 591 762 390 592 761 391 593 429 392 594 270 393 595 752 394 596 746 395 597 763 396 598 748 397 599 663 398 600 764 399 601 342 400 602 385 401 603 760 402 604 284 403 605 591 404 606 765 405 607 310 406 608 768 407 609 618 408 610 312 409 611 311 410 612 766 411 613 767 412 614 713 413 615 769 414 616 716 415 617 772 416 618 771 417 619 770 418 620 775 419 621 774 419 622 773 419 623 740 420 624 629 421 625 323 422 626 370 423 627 776 424 628 595 425 629 408 426 630 275 427 631 777 428 632 328 429 633 299 429 634 403 429 635 355 430 636 327 430 637 400 430 638 782 431 639 780 432 640 779 433 641 416 434 642 405 435 643 783 436 644 786 437 645 785 438 646 784 439 647 791 440 648 789 441 649 788 442 650 794 443 651 793 444 652 669 445 653 396 446 654 667 447 655 792 448 656 797 449 657 796 450 658 411 451 659 802 452 660 800 453 661 798 454 662 806 455 663 805 456 664 804 457 665 810 458 666 809 459 667 808 460 668 815 461 669 814 462 670 813 463 671 807 464 672 801 465 673 812 466 674 799 467 675 811 468 676 803 469 677 818 470 678 817 470 679 816 470 680 819 471 681 677 471 682 301 471 683 825 472 684 823 473 685 822 474 686 830 475 687 828 476 688 826 477 689 778 478 690 831 479 691 781 480 692 836 481 693 834 482 694 833 483 695 837 484 696 824 485 697 821 486 698 842 487 699 839 488 700 838 489 701 787 490 702 843 491 703 790 492 704 832 493 705 844 494 706 835 495 707 852 496 708 850 497 709 845 498 710 855 499 711 847 500 712 849 501 713 863 502 714 861 503 715 858 504 716 865 505 717 856 506 718 859 507 719 860 508 720 868 509 721 864 510 722 871 511 723 866 512 724 867 513 725 869 514 726 851 515 727 870 516 728 846 517 729 872 518 730 853 519 731 829 520 732 873 521 733 827 522 734 848 523 735 874 524 736 854 525 737 841 526 738 875 527 739 840 528 740 857 529 741 876 530 742 862 531 743 879 532 744 878 533 745 877 534 746 882 535 747 881 536 748 880 537 749 883 538 750 606 539 751 445 540 752 887 541 753 885 542 754 884 543 755 886 544 756 888 545 757 889 544 758 449 546 759 417 547 760 890 548 761 583 549 762 412 550 763 373 551 764 451 552 765 891 553 766 418 554 767 414 555 768 592 555 769 376 555 770 743 556 771 893 557 772 455 558 773 896 559 774 895 560 775 894 561 776 278 562 777 688 563 778 897 564 779 900 565 780 899 565 781 898 565 782 905 566 783 903 567 784 901 568 785 906 569 786 902 569 787 908 569 788 909 570 789 904 571 790 907 572 791 914 573 792 912 573 793 911 573 794 917 574 795 916 575 796 915 576 797 920 577 798 919 578 799 918 579 800 913 580 801 910 581 802 921 582 803 924 583 804 923 584 805 922 585 806 927 586 807 926 587 808 925 588 809 931 589 810 930 590 811 928 591 812 932 592 813 929 593 814 933 594 815 936 595 816 935 596 817 934 597 818 941 598 819 939 599 820 937 600 821 944 601 822 942 602 823 585 603 824 945 604 825 943 605 826 584 606 827 371 607 828 946 608 829 586 609 830 410 610 831 795 611 832 947 612 833 948 613 834 379 614 835 440 615 836 442 616 837 952 617 838 951 618 839 949 619 840 441 620 841 950 621 842 953 622 843 741 623 844 738 624 845 956 625 846 955 626 847 954 627 848 960 628 849 637 629 850 958 630 851 454 631 852 892 632 853 961 633 854 964 634 855 963 634 856 962 634 857 967 635 858 966 636 859 965 637 860 959 638 861 957 639 862 968 640 863 971 641 864 970 642 865 969 643 866 974 644 867 973 645 868 972 646 869 977 647 870 976 647 871 975 647 872 940 648 873 978 649 874 938 650 875 980 651 876 979 652 877 360 653 878 678 654 879 820 654 880 981 654 881 1123 655 882 1129 655 883 1124 655 884 1128 656 885 1122 657 886 1127 658 887 1126 659 888 1133 660 889 1130 660 890 1132 661 891 1125 662 892 1131 663 893 1141 664 894 1134 664 895 1136 664 896 1135 665 897 1142 666 898 1137 667 899 1144 668 900 1138 669 901 1140 668 902 1139 670 903 1145 671 904 1143 672 905 464 673 906 469 674 907 461 675 908 983 676 909 466 677 910 467 678 911 462 679 912 985 679 913 984 679 914 465 680 915 982 681 916 986 682 917 989 683 918 988 684 919 987 685 920 992 686 921 991 686 922 990 686 923 468 687 924 463 688 925 993 689 926 996 690 927 995 691 928 994 692 929 470 693 930 472 694 931 475 695 932 480 696 933 483 696 934 489 696 935 473 697 936 471 698 937 478 699 938 484 700 939 481 700 940 482 700 941 479 701 942 998 702 943 997 703 944 1005 704 945 1002 705 946 999 706 947 488 707 948 1008 707 949 1007 707 950 1006 708 951 1010 709 952 1001 710 953 1014 711 954 1013 712 955 492 713 956 1016 714 957 477 715 958 474 716 959 494 717 960 1012 718 961 1018 719 962 487 720 963 491 721 964 485 722 965 1019 723 966 1011 724 967 1020 725 968 1023 726 969 1022 727 970 1021 728 971 476 729 972 1015 730 973 1024 731 974 1025 732 975 1009 733 976 1004 734 977 490 735 978 486 736 979 1026 737 980 1003 738 981 1000 739 982 1027 740 983 493 741 984 1017 742 985 1028 743 986 1031 744 987 1030 744 988 1029 744 989 509 745 990 495 746 991 500 747 992 510 748 993 501 749 994 504 750 995 496 751 996 506 751 997 502 751 998 499 752 999 512 753 1000 508 754 1001 1037 755 1002 1034 756 1003 1033 757 1004 503 758 1005 498 758 1006 497 758 1007 505 759 1008 507 760 1009 511 761 1010 1044 762 1011 1043 763 1012 1039 764 1013 1050 765 1014 1048 766 1015 1047 767 1016 1042 768 1017 1051 769 1018 1040 770 1019 1052 771 1020 1036 772 1021 1032 773 1022 1056 774 1023 1055 775 1024 1053 776 1025 1038 777 1026 1058 778 1027 1035 779 1028 1046 780 1029 1059 781 1030 1049 782 1031 1054 783 1032 1060 784 1033 1057 785 1034 1061 786 1035 1045 787 1036 1041 788 1037 517 789 1038 523 790 1039 513 791 1040 1063 792 1041 520 792 1042 521 793 1043 514 794 1044 1066 794 1045 1064 794 1046 519 795 1047 1062 796 1048 1069 797 1049 1071 798 1050 1070 799 1051 1065 800 1052 1067 801 1053 515 801 1054 1072 801 1055 522 802 1056 516 803 1057 1073 804 1058 1074 805 1059 518 806 1060 1068 807 1061 524 808 1062 526 809 1063 529 810 1064 535 811 1065 538 811 1066 545 811 1067 527 812 1068 525 813 1069 532 813 1070 539 814 1071 536 814 1072 537 814 1073 533 815 1074 1076 816 1075 1075 817 1076 1083 818 1077 1080 819 1078 1079 820 1079 543 821 1080 1087 821 1081 1086 821 1082 1084 822 1083 1089 822 1084 1081 822 1085 1094 823 1086 1092 824 1087 548 825 1088 1096 826 1089 531 827 1090 528 828 1091 549 829 1092 1093 830 1093 1098 831 1094 542 832 1095 547 833 1096 540 834 1097 1097 835 1098 1091 836 1099 1100 837 1100 1077 838 1101 534 839 1102 1101 840 1103 530 841 1104 1095 842 1105 1102 843 1106 1103 844 1107 1090 844 1108 1085 844 1109 546 845 1110 541 846 1111 1104 847 1112 1082 848 1113 1078 849 1114 1105 850 1115 550 851 1116 1099 852 1117 1106 853 1118 1088 854 1119 544 854 1120 1107 854 1121 555 855 1122 551 856 1123 1146 857 1124 1108 858 1125 552 859 1126 1160 860 1127 553 861 1128 1114 862 1129 1112 863 1130 1152 864 1131 1109 865 1132 1161 866 1133 554 867 1134 1113 868 1135 1147 869 1136 1148 870 1137 1110 871 1138 1150 872 1139 1149 873 1140 1111 874 1141 1151 875 1142 556 876 1143 560 877 1144 1153 878 1145 557 879 1146 1115 880 1147 1162 881 1148 1121 882 1149 559 883 1150 1117 884 1151 1120 885 1152 1158 886 1153 1163 887 1154 1119 888 1155 558 889 1156 1155 890 1157 1116 891 1158 1154 892 1159 1156 893 1160 1118 894 1161 1157 895 1162 1159 896 1163</p>
        </triangles>
      </mesh>
    </geometry>
  </library_geometries>
  <library_controllers>
    <controller id="cheirosiphon_Skin_cheirosiphon-skin" name="cheirosiphon_Skin">
      <skin source="#cheirosiphon_Mesh-mesh">
        <bind_shape_matrix>1 0 0 0 0 1 0 0 0 0 1 0 0 0 0 1</bind_shape_matrix>
        <source id="cheirosiphon_Skin_cheirosiphon-skin-joints">
          <Name_array id="cheirosiphon_Skin_cheirosiphon-skin-joints-array" count="7">root ammo_node_0 smoke_node_0 folag_axis flag lateen_axis lateen_block</Name_array>
          <technique_common>
            <accessor source="#cheirosiphon_Skin_cheirosiphon-skin-joints-array" count="7" stride="1">
              <param name="JOINT" type="name"/>
            </accessor>
          </technique_common>
        </source>
        <source id="cheirosiphon_Skin_cheirosiphon-skin-bind_poses">
          <float_array id="cheirosiphon_Skin_cheirosiphon-skin-bind_poses-array" count="112">1 0 0 10.02232 0 -1.19209e-7 1 -0.3028754 0 -1 0 0.6472955 0 0 0 1 1 0 0 9.841135 0 -1 0 -89.94745 0 1.19209e-7 -1 33.62593 0 0 0 1 1 0 0 9.626976 0 -1 1.22197e-7 -98.61679 0 0 -1 41.49506 0 0 0 1 1 0 0 9.979914 0 1 -1.19245e-7 2.462151 0 0 1 -194.8073 0 0 0 1 1 0 0 10.29165 0 1 0 -43.70112 0 0 1 -196.9291 0 0 0 1 1 0 0 9.954781 0 1.19792e-7 -1 156.1246 0 1 1.19756e-7 -0.8825777 0 0 0 1 1 0 0 9.466141 0 1.33767e-7 -1 53.77206 0 1 1.33731e-7 0.003635644 0 0 0 1</float_array>
          <technique_common>
            <accessor source="#cheirosiphon_Skin_cheirosiphon-skin-bind_poses-array" count="7" stride="16">
              <param name="TRANSFORM" type="float4x4"/>
            </accessor>
          </technique_common>
        </source>
        <source id="cheirosiphon_Skin_cheirosiphon-skin-weights">
          <float_array id="cheirosiphon_Skin_cheirosiphon-skin-weights-array" count="1164">1 1 1 1 1 1 1 1 1 1 1 1 1 1 1 1 1 1 1 1 1 1 1 1 1 1 1 1 1 1 1 1 1 1 1 1 1 1 1 1 1 1 1 1 1 1 1 1 1 1 1 1 1 1 1 1 1 1 1 1 1 1 1 1 1 1 1 1 1 1 1 1 1 1 1 1 1 1 1 1 1 1 1 1 1 1 1 1 1 1 1 1 1 1 1 1 1 1 1 1 1 1 1 1 1 1 1 1 1 1 1 1 1 1 1 1 1 1 1 1 1 1 1 1 1 1 1 1 1 1 1 1 1 1 1 1 1 1 1 1 1 1 1 1 1 1 1 1 1 1 1 1 1 1 1 1 1 1 1 1 1 1 1 1 1 1 1 1 1 1 1 1 1 1 1 1 1 1 1 1 1 1 1 1 1 1 1 1 1 1 1 1 1 1 1 1 1 1 1 1 1 1 1 1 1 1 1 1 1 1 1 1 1 1 1 1 1 1 1 1 1 1 1 1 1 1 1 1 1 1 1 1 1 1 1 1 1 1 1 1 1 1 1 1 1 1 1 1 1 1 1 1 1 1 1 1 1 1 1 1 1 1 1 1 1 1 1 1 1 1 1 1 1 1 1 1 1 1 1 1 1 1 1 1 1 1 1 1 1 1 1 1 1 1 1 1 1 1 1 1 1 1 1 1 1 1 1 1 1 1 1 1 1 1 1 1 1 1 1 1 1 1 1 1 1 1 1 1 1 1 1 1 1 1 1 1 1 1 1 1 1 1 1 1 1 1 1 1 1 1 1 1 1 1 1 1 1 1 1 1 1 1 1 1 1 1 1 1 1 1 1 1 1 1 1 1 1 1 1 1 1 1 1 1 1 1 1 1 1 1 1 1 1 1 1 1 1 1 1 1 1 1 1 1 1 1 1 1 1 1 1 1 1 1 1 1 1 1 1 1 1 1 1 1 1 1 1 1 1 1 1 1 1 1 1 1 1 1 1 1 1 1 1 1 1 1 1 1 1 1 1 1 1 1 1 1 1 1 1 1 1 1 1 1 1 1 1 1 1 1 1 1 1 1 1 1 1 1 1 1 1 1 1 1 1 1 1 1 1 1 1 1 1 1 1 1 1 1 1 1 1 1 1 1 1 1 1 1 1 1 1 1 1 1 1 1 1 1 1 1 1 1 1 1 1 1 1 1 1 1 1 1 1 1 1 1 1 1 1 1 1 1 1 1 1 1 1 1 1 1 1 1 1 1 1 1 1 1 1 1 1 1 1 1 1 1 1 1 1 1 1 1 1 1 1 1 1 1 1 1 1 1 1 1 1 1 1 1 1 1 1 1 1 1 1 1 1 1 1 1 1 1 1 1 1 1 1 1 1 1 1 1 1 1 1 1 1 1 1 1 1 1 1 1 1 1 1 1 1 1 1 1 1 1 1 1 1 1 1 1 1 1 1 1 1 1 1 1 1 1 1 1 1 1 1 1 1 1 1 1 1 1 1 1 1 1 1 1 1 1 1 1 1 1 1 1 1 1 1 1 1 1 1 1 1 1 1 1 1 1 1 1 1 1 1 1 1 1 1 1 1 1 1 1 1 1 1 1 1 1 1 1 1 1 1 1 1 1 1 1 1 1 1 1 1 1 1 1 1 1 1 1 1 1 1 1 1 1 1 1 1 1 1 1 1 1 1 1 1 1 1 1 1 1 1 1 1 1 1 1 1 1 1 1 1 1 1 1 1 1 1 1 1 1 1 1 1 1 1 1 1 1 1 1 1 1 1 1 1 1 1 1 1 1 1 1 1 1 1 1 1 1 1 1 1 1 1 1 1 1 1 1 1 1 1 1 1 1 1 1 1 1 1 1 1 1 1 1 1 1 1 1 1 1 1 1 1 1 1 1 1 1 1 1 1 1 1 1 1 1 1 1 1 1 1 1 1 1 1 1 1 1 1 1 1 1 1 1 1 1 1 1 1 1 1 1 1 1 1 1 1 1 1 1 1 1 1 1 1 1 1 1 1 1 1 1 1 1 1 1 1 1 1 1 1 1 1 1 1 1 1 1 1 1 1 1 1 1 1 1 1 1 1 1 1 1 1 1 1 1 1 1 1 1 1 1 1 1 1 1 1 1 1 1 1 1 1 1 1 1 1 1 1 1 1 1 1 1 1 1 1 1 1 1 1 1 1 1 1 1 1 1 1 1 1 1 1 1 1 1 1 1 1 1 1 1 1 1 1 1 1 1 1 1 1 1 1 1 1 1 1 1 1 1 1 1 1 1 1 1 1 1 1 1 1 1 1 1 1 1 1 1 1 1 1 1 1 1 1 1 1 1 1 1 1 1 1 1 1 1 1 1 1 1 1 1 1 1 1 1 1 1 1 1 1 1 1 1 1 1 1 1 1 1 1 1 1 1 1 1 1 1 1 1 1 1 1 1 1 1 1 1 1 1 1 1 1 1 1 1 1 1 1 1 1 1 1 1 1 1 1 1 1 1 1 1 1 1 1 1 1 1 1 1 1 1 1 1 1 1 1 1 1 1 1 1 1 1 1 1 1 1 1 1 1 1 1 1 1 1 1 1 1 1 1 1 1 1 1 1 1 1 1 1 1 1 1 1 1 1 1 1 1 1</float_array>
          <technique_common>
            <accessor source="#cheirosiphon_Skin_cheirosiphon-skin-weights-array" count="1164" stride="1">
              <param name="WEIGHT" type="float"/>
            </accessor>
          </technique_common>
        </source>
        <joints>
          <input semantic="JOINT" source="#cheirosiphon_Skin_cheirosiphon-skin-joints"/>
          <input semantic="INV_BIND_MATRIX" source="#cheirosiphon_Skin_cheirosiphon-skin-bind_poses"/>
        </joints>
        <vertex_weights count="1164">
          <input semantic="JOINT" source="#cheirosiphon_Skin_cheirosiphon-skin-joints" offset="0"/>
          <input semantic="WEIGHT" source="#cheirosiphon_Skin_cheirosiphon-skin-weights" offset="1"/>
          <vcount>1 1 1 1 1 1 1 1 1 1 1 1 1 1 1 1 1 1 1 1 1 1 1 1 1 1 1 1 1 1 1 1 1 1 1 1 1 1 1 1 1 1 1 1 1 1 1 1 1 1 1 1 1 1 1 1 1 1 1 1 1 1 1 1 1 1 1 1 1 1 1 1 1 1 1 1 1 1 1 1 1 1 1 1 1 1 1 1 1 1 1 1 1 1 1 1 1 1 1 1 1 1 1 1 1 1 1 1 1 1 1 1 1 1 1 1 1 1 1 1 1 1 1 1 1 1 1 1 1 1 1 1 1 1 1 1 1 1 1 1 1 1 1 1 1 1 1 1 1 1 1 1 1 1 1 1 1 1 1 1 1 1 1 1 1 1 1 1 1 1 1 1 1 1 1 1 1 1 1 1 1 1 1 1 1 1 1 1 1 1 1 1 1 1 1 1 1 1 1 1 1 1 1 1 1 1 1 1 1 1 1 1 1 1 1 1 1 1 1 1 1 1 1 1 1 1 1 1 1 1 1 1 1 1 1 1 1 1 1 1 1 1 1 1 1 1 1 1 1 1 1 1 1 1 1 1 1 1 1 1 1 1 1 1 1 1 1 1 1 1 1 1 1 1 1 1 1 1 1 1 1 1 1 1 1 1 1 1 1 1 1 1 1 1 1 1 1 1 1 1 1 1 1 1 1 1 1 1 1 1 1 1 1 1 1 1 1 1 1 1 1 1 1 1 1 1 1 1 1 1 1 1 1 1 1 1 1 1 1 1 1 1 1 1 1 1 1 1 1 1 1 1 1 1 1 1 1 1 1 1 1 1 1 1 1 1 1 1 1 1 1 1 1 1 1 1 1 1 1 1 1 1 1 1 1 1 1 1 1 1 1 1 1 1 1 1 1 1 1 1 1 1 1 1 1 1 1 1 1 1 1 1 1 1 1 1 1 1 1 1 1 1 1 1 1 1 1 1 1 1 1 1 1 1 1 1 1 1 1 1 1 1 1 1 1 1 1 1 1 1 1 1 1 1 1 1 1 1 1 1 1 1 1 1 1 1 1 1 1 1 1 1 1 1 1 1 1 1 1 1 1 1 1 1 1 1 1 1 1 1 1 1 1 1 1 1 1 1 1 1 1 1 1 1 1 1 1 1 1 1 1 1 1 1 1 1 1 1 1 1 1 1 1 1 1 1 1 1 1 1 1 1 1 1 1 1 1 1 1 1 1 1 1 1 1 1 1 1 1 1 1 1 1 1 1 1 1 1 1 1 1 1 1 1 1 1 1 1 1 1 1 1 1 1 1 1 1 1 1 1 1 1 1 1 1 1 1 1 1 1 1 1 1 1 1 1 1 1 1 1 1 1 1 1 1 1 1 1 1 1 1 1 1 1 1 1 1 1 1 1 1 1 1 1 1 1 1 1 1 1 1 1 1 1 1 1 1 1 1 1 1 1 1 1 1 1 1 1 1 1 1 1 1 1 1 1 1 1 1 1 1 1 1 1 1 1 1 1 1 1 1 1 1 1 1 1 1 1 1 1 1 1 1 1 1 1 1 1 1 1 1 1 1 1 1 1 1 1 1 1 1 1 1 1 1 1 1 1 1 1 1 1 1 1 1 1 1 1 1 1 1 1 1 1 1 1 1 1 1 1 1 1 1 1 1 1 1 1 1 1 1 1 1 1 1 1 1 1 1 1 1 1 1 1 1 1 1 1 1 1 1 1 1 1 1 1 1 1 1 1 1 1 1 1 1 1 1 1 1 1 1 1 1 1 1 1 1 1 1 1 1 1 1 1 1 1 1 1 1 1 1 1 1 1 1 1 1 1 1 1 1 1 1 1 1 1 1 1 1 1 1 1 1 1 1 1 1 1 1 1 1 1 1 1 1 1 1 1 1 1 1 1 1 1 1 1 1 1 1 1 1 1 1 1 1 1 1 1 1 1 1 1 1 1 1 1 1 1 1 1 1 1 1 1 1 1 1 1 1 1 1 1 1 1 1 1 1 1 1 1 1 1 1 1 1 1 1 1 1 1 1 1 1 1 1 1 1 1 1 1 1 1 1 1 1 1 1 1 1 1 1 1 1 1 1 1 1 1 1 1 1 1 1 1 1 1 1 1 1 1 1 1 1 1 1 1 1 1 1 1 1 1 1 1 1 1 1 1 1 1 1 1 1 1 1 1 1 1 1 1 1 1 1 1 1 1 1 1 1 1 1 1 1 1 1 1 1 1 1 1 1 1 1 1 1 1 1 1 1 1 1 1 1 1 1 1 1 1 1 1 1 1 1 1 1 1 1 1 1 1 1 1 1 1 1 1 1 1 1 1 1 1 1 1 1 1 1 1 1 1 1 1 1 1 1 1 1 1 1 1 1 1 1 1 1 1 1 1 1 1 1 1 1 1 1 1 1 1 1 1 1 1 1 1 1 1 1 1 1 1 1 1 1 1 1 1 1 1 1 1 1 1 1 1 1 1 1 1 1 1 1 1 1 1 1 1 1 1 1 1 1 1 1 1 1 1 1 1 1 1 1 1 1 1 1 1 1 1 1 1 1 1 1 1 1 1 1 1 1 1 1 1 1 1 1 1 1 1 1 1 1 1 1 1 1 1 1 1 1 1 1 1 1 1 </vcount>
          <v>0 0 0 1 0 2 0 3 0 4 0 5 0 6 0 7 0 8 0 9 0 10 0 11 0 12 0 13 0 14 0 15 0 16 0 17 0 18 0 19 0 20 0 21 0 22 0 23 0 24 0 25 0 26 0 27 0 28 0 29 0 30 0 31 0 32 0 33 0 34 0 35 0 36 0 37 0 38 0 39 0 40 0 41 0 42 0 43 0 44 0 45 0 46 0 47 0 48 0 49 0 50 0 51 0 52 0 53 0 54 0 55 0 56 0 57 0 58 0 59 0 60 0 61 0 62 0 63 0 64 0 65 0 66 0 67 0 68 0 69 0 70 0 71 0 72 0 73 0 74 0 75 0 76 0 77 0 78 0 79 0 80 0 81 0 82 0 83 0 84 0 85 0 86 0 87 0 88 0 89 0 90 0 91 0 92 0 93 0 94 0 95 0 96 0 97 0 98 0 99 0 100 0 101 0 102 0 103 0 104 0 105 0 106 0 107 0 108 0 109 0 110 0 111 0 112 0 113 0 114 0 115 0 116 0 117 0 118 0 119 0 120 0 121 0 122 0 123 0 124 0 125 0 126 0 127 0 128 0 129 0 130 0 131 0 132 0 133 0 134 0 135 0 136 0 137 0 138 0 139 0 140 0 141 0 142 0 143 0 144 0 145 0 146 0 147 0 148 0 149 0 150 0 151 0 152 0 153 0 154 0 155 0 156 0 157 0 158 0 159 0 160 0 161 0 162 0 163 0 164 0 165 0 166 0 167 0 168 0 169 0 170 0 171 0 172 0 173 0 174 0 175 0 176 0 177 0 178 0 179 0 180 0 181 0 182 0 183 0 184 0 185 0 186 0 187 0 188 0 189 0 190 0 191 0 192 0 193 0 194 0 195 0 196 0 197 0 198 0 199 0 200 0 201 0 202 0 203 0 204 0 205 0 206 0 207 0 208 0 209 0 210 0 211 0 212 0 213 0 214 0 215 0 216 0 217 0 218 0 219 0 220 0 221 0 222 0 223 0 224 0 225 0 226 0 227 0 228 0 229 0 230 0 231 0 232 0 233 0 234 0 235 0 236 0 237 0 238 0 239 0 240 0 241 0 242 0 243 0 244 0 245 0 246 0 247 0 248 0 249 0 250 0 251 0 252 0 253 0 254 0 255 0 256 0 257 0 258 0 259 0 260 0 261 0 262 0 263 0 264 0 265 0 266 0 267 0 268 0 269 0 270 0 271 0 272 0 273 0 274 0 275 0 276 0 277 0 278 0 279 0 280 0 281 0 282 0 283 0 284 0 285 0 286 0 287 0 288 0 289 0 290 0 291 0 292 0 293 0 294 0 295 0 296 0 297 0 298 0 299 0 300 0 301 0 302 0 303 0 304 0 305 0 306 0 307 0 308 0 309 0 310 0 311 0 312 0 313 0 314 0 315 0 316 0 317 0 318 0 319 0 320 0 321 0 322 0 323 0 324 0 325 0 326 0 327 0 328 0 329 0 330 0 331 0 332 0 333 0 334 0 335 0 336 0 337 0 338 0 339 0 340 0 341 0 342 0 343 0 344 0 345 0 346 0 347 0 348 0 349 0 350 0 351 0 352 0 353 0 354 0 355 0 356 0 357 0 358 0 359 0 360 0 361 0 362 0 363 0 364 0 365 0 366 0 367 0 368 0 369 0 370 0 371 0 372 0 373 0 374 0 375 0 376 0 377 0 378 0 379 0 380 0 381 0 382 0 383 0 384 0 385 0 386 0 387 0 388 0 389 0 390 0 391 0 392 0 393 0 394 0 395 0 396 0 397 0 398 0 399 0 400 0 401 0 402 0 403 0 404 0 405 0 406 0 407 0 408 0 409 0 410 0 411 0 412 0 413 0 414 0 415 0 416 0 417 0 418 0 419 0 420 0 421 0 422 0 423 0 424 0 425 0 426 0 427 0 428 0 429 0 430 0 431 0 432 0 433 0 434 0 435 0 436 0 437 0 438 0 439 0 440 0 441 0 442 0 443 0 444 0 445 0 446 0 447 0 448 0 449 0 450 0 451 0 452 0 453 0 454 0 455 0 456 0 457 0 458 0 459 0 460 0 461 0 462 0 463 0 464 0 465 0 466 0 467 0 468 0 469 0 470 0 471 0 472 0 473 0 474 0 475 0 476 0 477 0 478 0 479 0 480 0 481 0 482 0 483 0 484 0 485 0 486 0 487 0 488 0 489 0 490 0 491 0 492 0 493 0 494 0 495 0 496 0 497 0 498 0 499 0 500 0 501 0 502 0 503 0 504 0 505 0 506 0 507 0 508 0 509 0 510 0 511 0 512 0 513 0 514 0 515 0 516 0 517 0 518 0 519 0 520 0 521 0 522 0 523 0 524 0 525 0 526 0 527 0 528 0 529 0 530 0 531 0 532 0 533 0 534 0 535 0 536 0 537 0 538 0 539 0 540 0 541 0 542 0 543 0 544 0 545 0 546 0 547 0 548 0 549 0 550 0 551 0 552 0 553 0 554 0 555 0 556 0 557 0 558 0 559 0 560 0 561 0 562 0 563 0 564 0 565 0 566 0 567 0 568 0 569 0 570 0 571 0 572 0 573 0 574 0 575 0 576 0 577 0 578 0 579 0 580 0 581 0 582 0 583 0 584 0 585 0 586 0 587 0 588 0 589 0 590 0 591 0 592 0 593 0 594 0 595 0 596 0 597 0 598 0 599 0 600 0 601 0 602 0 603 0 604 0 605 0 606 0 607 0 608 0 609 0 610 0 611 0 612 0 613 0 614 0 615 0 616 0 617 0 618 0 619 0 620 0 621 0 622 0 623 0 624 0 625 0 626 0 627 0 628 0 629 0 630 0 631 0 632 0 633 0 634 0 635 0 636 0 637 0 638 0 639 0 640 0 641 0 642 0 643 0 644 0 645 0 646 0 647 0 648 0 649 0 650 0 651 0 652 0 653 0 654 0 655 0 656 0 657 0 658 0 659 0 660 0 661 0 662 0 663 0 664 0 665 0 666 0 667 0 668 0 669 0 670 0 671 0 672 0 673 0 674 0 675 0 676 0 677 0 678 0 679 0 680 0 681 0 682 0 683 0 684 0 685 0 686 0 687 0 688 0 689 0 690 0 691 0 692 0 693 0 694 0 695 0 696 0 697 0 698 0 699 0 700 0 701 0 702 0 703 0 704 0 705 0 706 0 707 0 708 0 709 0 710 0 711 0 712 0 713 0 714 0 715 0 716 0 717 0 718 0 719 0 720 0 721 0 722 0 723 0 724 0 725 0 726 0 727 0 728 0 729 0 730 0 731 0 732 0 733 0 734 0 735 0 736 0 737 0 738 0 739 0 740 0 741 0 742 0 743 0 744 0 745 0 746 0 747 0 748 0 749 0 750 0 751 0 752 0 753 0 754 0 755 0 756 0 757 0 758 0 759 0 760 0 761 0 762 0 763 0 764 0 765 0 766 0 767 0 768 0 769 0 770 0 771 0 772 0 773 0 774 0 775 0 776 0 777 0 778 0 779 0 780 0 781 0 782 0 783 0 784 0 785 0 786 0 787 0 788 0 789 0 790 0 791 0 792 0 793 0 794 0 795 0 796 0 797 0 798 0 799 0 800 0 801 0 802 0 803 0 804 0 805 0 806 0 807 0 808 0 809 0 810 0 811 0 812 0 813 0 814 0 815 0 816 0 817 0 818 0 819 0 820 0 821 0 822 0 823 0 824 0 825 0 826 0 827 0 828 0 829 0 830 0 831 0 832 0 833 0 834 0 835 0 836 0 837 0 838 0 839 0 840 0 841 0 842 0 843 0 844 0 845 0 846 0 847 0 848 0 849 0 850 0 851 0 852 0 853 0 854 0 855 0 856 0 857 0 858 0 859 0 860 0 861 0 862 0 863 0 864 0 865 0 866 0 867 0 868 0 869 0 870 0 871 0 872 0 873 0 874 0 875 0 876 0 877 0 878 0 879 0 880 0 881 0 882 0 883 0 884 0 885 0 886 0 887 0 888 0 889 0 890 0 891 0 892 0 893 0 894 0 895 0 896 0 897 0 898 0 899 0 900 0 901 0 902 0 903 0 904 0 905 0 906 0 907 0 908 0 909 0 910 0 911 0 912 0 913 0 914 0 915 0 916 0 917 0 918 0 919 0 920 0 921 0 922 0 923 0 924 0 925 0 926 0 927 0 928 0 929 0 930 0 931 0 932 0 933 0 934 0 935 0 936 0 937 0 938 0 939 0 940 0 941 0 942 0 943 0 944 0 945 0 946 0 947 0 948 0 949 0 950 0 951 0 952 0 953 0 954 0 955 0 956 0 957 0 958 0 959 0 960 0 961 0 962 0 963 0 964 0 965 0 966 0 967 0 968 0 969 0 970 0 971 0 972 0 973 0 974 0 975 0 976 0 977 0 978 0 979 0 980 0 981 0 982 0 983 0 984 0 985 0 986 0 987 0 988 0 989 0 990 0 991 0 992 0 993 0 994 0 995 0 996 0 997 0 998 0 999 0 1000 0 1001 0 1002 0 1003 0 1004 0 1005 0 1006 0 1007 0 1008 0 1009 0 1010 0 1011 0 1012 0 1013 0 1014 0 1015 0 1016 0 1017 0 1018 0 1019 0 1020 0 1021 0 1022 0 1023 0 1024 0 1025 0 1026 0 1027 0 1028 0 1029 0 1030 0 1031 0 1032 0 1033 0 1034 0 1035 0 1036 0 1037 0 1038 0 1039 0 1040 0 1041 0 1042 0 1043 0 1044 0 1045 0 1046 0 1047 0 1048 0 1049 0 1050 0 1051 0 1052 0 1053 0 1054 0 1055 0 1056 0 1057 0 1058 0 1059 0 1060 0 1061 0 1062 0 1063 0 1064 0 1065 0 1066 0 1067 0 1068 0 1069 0 1070 0 1071 0 1072 0 1073 0 1074 0 1075 0 1076 0 1077 0 1078 0 1079 0 1080 0 1081 0 1082 0 1083 0 1084 0 1085 0 1086 0 1087 0 1088 0 1089 0 1090 0 1091 0 1092 0 1093 0 1094 0 1095 0 1096 0 1097 0 1098 0 1099 0 1100 0 1101 0 1102 0 1103 0 1104 0 1105 0 1106 0 1107 0 1108 0 1109 0 1110 0 1111 0 1112 0 1113 0 1114 0 1115 0 1116 0 1117 0 1118 0 1119 0 1120 0 1121 3 1122 3 1123 3 1124 3 1125 3 1126 3 1127 3 1128 3 1129 3 1130 3 1131 3 1132 3 1133 3 1134 3 1135 3 1136 3 1137 3 1138 3 1139 3 1140 3 1141 3 1142 3 1143 3 1144 3 1145 5 1146 5 1147 5 1148 5 1149 5 1150 5 1151 5 1152 5 1153 5 1154 5 1155 5 1156 5 1157 5 1158 5 1159 5 1160 5 1161 5 1162 5 1163</v>
        </vertex_weights>
      </skin>
    </controller>
  </library_controllers>
  <library_visual_scenes>
    <visual_scene id="Scene" name="Scene">
      <node id="cheirosiphon_Skin" name="cheirosiphon_Skin" type="NODE">
        <matrix sid="transform">1 0 0 0 0 1 0 0 0 0 1 0 0 0 0 1</matrix>
        <node id="cheirosiphon_Skin_root" name="root" sid="root" type="JOINT">
          <matrix sid="transform">1 0 3.59179e-11 -10.02232 3.59179e-11 -1.19173e-7 -1 0.6472954 0 1 -1.19209e-7 0.3028755 0 0 0 1</matrix>
          <node id="cheirosiphon_Skin_ammo_node_0" name="ammo node 0" sid="ammo_node_0" type="JOINT">
            <matrix sid="transform">1 0 8.74228e-8 0.1811857 8.74228e-8 0 -0.9999999 33.32306 0 0.9999999 1.19209e-7 90.59474 0 0 0 1</matrix>
            <node id="cheirosiphon_Skin_smoke_node_0" name="smoke node 0" sid="smoke_node_0" type="JOINT">
              <matrix sid="transform">1 0 1.42109e-14 0.214159 0 0.9999999 1.22161e-7 8.669312 -7.10543e-15 -1.22161e-7 0.9999999 -7.86913 0 0 0 1</matrix>
              <extra>
                <technique profile="blender">
                  <layer sid="layer" type="string">0</layer>
                  <roll sid="roll" type="float">3.141593</roll>
                  <tip_x sid="tip_x" type="float">0</tip_x>
                  <tip_y sid="tip_y" type="float">-11.71008</tip_y>
                  <tip_z sid="tip_z" type="float">0</tip_z>
                </technique>
              </extra>
            </node>
            <extra>
              <technique profile="blender">
                <layer sid="layer" type="string">0</layer>
                <roll sid="roll" type="float">3.141593</roll>
                <tip_x sid="tip_x" type="float">0</tip_x>
                <tip_y sid="tip_y" type="float">-11.71008</tip_y>
                <tip_z sid="tip_z" type="float">0</tip_z>
              </technique>
            </extra>
          </node>
          <node id="cheirosiphon_Skin_folag_axis" name="folag axis" sid="folag_axis" type="JOINT">
            <matrix sid="transform">1 0 0 0.04241085 0 -1.65092e-7 1 194.5044 0 -1 -2.38419e-7 3.109401 0 0 0 1</matrix>
            <node id="cheirosiphon_Skin_flag" name="flag" sid="flag" type="JOINT">
              <matrix sid="transform">1 0 0 -0.311738 0 1 -4.64321e-8 46.16327 0 4.64321e-8 1 2.121798 0 0 0 1</matrix>
              <extra>
                <technique profile="blender">
                  <layer sid="layer" type="string">0</layer>
                  <tip_x sid="tip_x" type="float">0</tip_x>
                  <tip_y sid="tip_y" type="float">46.21304</tip_y>
                  <tip_z sid="tip_z" type="float">0</tip_z>
                </technique>
              </extra>
            </node>
            <extra>
              <technique profile="blender">
                <layer sid="layer" type="string">0</layer>
                <tip_x sid="tip_x" type="float">0</tip_x>
                <tip_y sid="tip_y" type="float">46.21304</tip_y>
                <tip_z sid="tip_z" type="float">0</tip_z>
              </technique>
            </extra>
          </node>
          <node id="cheirosiphon_Skin_lateen_axis" name="lateen axis" sid="lateen_axis" type="JOINT">
            <matrix sid="transform">1 0 -8.74228e-8 0.06754398 0 -1 5.82318e-10 155.8217 -8.74228e-8 -5.82325e-10 -1 -0.2352812 0 0 0 1</matrix>
            <node id="cheirosiphon_Skin_lateen_block" name="lateen block" sid="lateen_block" type="JOINT">
              <matrix sid="transform">1 0 1.02592e-7 0.4886398 1.43379e-15 1 -1.39756e-8 102.3525 -1.02592e-7 1.39756e-8 1 -0.8862132 0 0 0 1</matrix>
              <extra>
                <technique profile="blender">
                  <layer sid="layer" type="string">0</layer>
                  <roll sid="roll" type="float">0</roll>
                  <tip_x sid="tip_x" type="float">0</tip_x>
                  <tip_y sid="tip_y" type="float">1.3751e-5</tip_y>
                  <tip_z sid="tip_z" type="float">-102.3575</tip_z>
                </technique>
              </extra>
            </node>
            <extra>
              <technique profile="blender">
                <layer sid="layer" type="string">0</layer>
                <roll sid="roll" type="float">0</roll>
                <tip_x sid="tip_x" type="float">0</tip_x>
                <tip_y sid="tip_y" type="float">1.2219e-5</tip_y>
                <tip_z sid="tip_z" type="float">-102.3575</tip_z>
              </technique>
            </extra>
          </node>
          <extra>
            <technique profile="blender">
              <layer sid="layer" type="string">0</layer>
              <roll sid="roll" type="float">0</roll>
              <tip_x sid="tip_x" type="float">0</tip_x>
              <tip_y sid="tip_y" type="float">-1.15037e-5</tip_y>
              <tip_z sid="tip_z" type="float">96.52909</tip_z>
            </technique>
          </extra>
        </node>
        <node id="cheirosiphon" name="cheirosiphon" type="NODE">
          <matrix sid="transform">1 0 0 0 0 1 0 0 0 0 1 0 0 0 0 1</matrix>
          <instance_controller url="#cheirosiphon_Skin_cheirosiphon-skin">
            <skeleton>#cheirosiphon_Skin_root</skeleton>
            <bind_material>
              <technique_common>
                <instance_material symbol="carf-material" target="#carf-material">
                  <bind_vertex_input semantic="UVMap" input_semantic="TEXCOORD" input_set="0"/>
                </instance_material>
              </technique_common>
            </bind_material>
          </instance_controller>
        </node>
      </node>
    </visual_scene>
  </library_visual_scenes>
  <scene>
    <instance_visual_scene url="#Scene"/>
  </scene>
</COLLADA>