<?xml version="1.0" encoding="utf-8"?>
<COLLADA xmlns="http://www.collada.org/2005/11/COLLADASchema" version="1.4.1" xmlns:xsi="http://www.w3.org/2001/XMLSchema-instance">
  <asset>
    <contributor>
      <author>Blender User</author>
      <authoring_tool>Blender 3.0.1 commit date:2022-01-25, commit time:17:19, hash:dc2d18018171</authoring_tool>
    </contributor>
    <created>2025-07-24T17:43:59</created>
    <modified>2025-07-24T17:43:59</modified>
    <unit name="meter" meter="1"/>
    <up_axis>Z_UP</up_axis>
  </asset>
  <library_effects>
    <effect id="carf-effect">
      <profile_COMMON>
        <technique sid="common">
          <lambert>
            <emission>
              <color sid="emission">0 0 0 1</color>
            </emission>
            <diffuse>
              <color sid="diffuse">0.8 0.8 0.8 1</color>
            </diffuse>
            <reflectivity>
              <float sid="specular">0.5</float>
            </reflectivity>
          </lambert>
        </technique>
      </profile_COMMON>
    </effect>
  </library_effects>
  <library_images/>
  <library_materials>
    <material id="carf-material" name="carf">
      <instance_effect url="#carf-effect"/>
    </material>
  </library_materials>
  <library_geometries>
    <geometry id="jacht2_Mesh-mesh" name="jacht2_Mesh">
      <mesh>
        <source id="jacht2_Mesh-mesh-positions">
          <float_array id="jacht2_Mesh-mesh-positions-array" count="4455">-0.02204918 -20.89385 134.1479 1.19783 -22.51913 134.1414 -1.237206 -22.5247 134.1387 0.01592797 -20.69706 106.7979 0.01592797 -20.69706 106.7979 0.01592797 -20.69706 106.7979 1.236328 -22.32195 106.7915 1.236328 -22.32195 106.7915 1.236328 -22.32195 106.7915 -1.197871 -22.32786 106.7889 -1.197871 -22.32786 106.7889 0.346297 -17.52741 10.31378 0.346297 -17.52741 10.31378 0.346297 -17.52741 10.31378 -1.480923 -20.63634 10.31656 -1.480923 -20.63634 10.31656 -1.480923 -20.63634 10.31656 -0.3462499 -21.88057 10.31646 -0.3462499 -21.88057 10.31646 -0.3462499 -21.88057 10.31646 0.3463181 -17.31916 16.74284 0.3463181 -17.31916 16.74284 0.3463181 -17.31916 16.74284 0.3463181 -17.31916 16.74284 0.3463181 -17.31916 16.74284 0.3463181 -17.31916 16.74284 -1.480853 -20.41973 16.82945 -1.480853 -20.41973 16.82945 -1.480853 -20.41973 16.82945 -1.480853 -20.41973 16.82945 -1.480853 -20.41973 16.82945 -1.480853 -20.41973 16.82945 -0.3462321 -21.57837 16.82677 -0.3462321 -21.57837 16.82677 -0.3462321 -21.57837 16.82677 -0.3462321 -21.57837 16.82677 -0.3462321 -21.57837 16.82677 -0.3462321 -21.57837 16.82677 -18.04255 -22.28131 107.2031 17.26903 -21.20196 106.4977 17.26903 -21.20196 106.4977 -18.04256 -22.28131 107.2031 17.26903 -21.20196 106.4977 17.26903 -21.20196 106.4977 -26.87454 -20.98591 80.34213 -26.68347 -21.19722 82.25198 -27.18251 -23.1099 81.50446 26.95729 -21.08532 80.97818 27.14836 -21.29667 82.88803 27.14836 -21.29667 82.88803 27.14836 -21.29667 82.88803 26.64931 -23.2093 82.14045 26.64931 -23.2093 82.14045 -18.65716 -23.10989 106.5725 -18.31467 -21.19722 105.825 -18.44583 -20.9859 107.7349 18.63526 -21.29663 105.189 18.63526 -21.29663 105.189 18.63526 -21.29663 105.189 18.50411 -21.08531 107.0988 18.29273 -23.20931 105.9365 18.29273 -23.20931 105.9365 0.2248172 -17.95428 17.01752 0.2248172 -17.95428 17.01752 0.2248172 -17.95428 17.01752 -0.9715242 -20.15736 17.07735 -0.9715242 -20.15736 17.07735 -0.9715242 -20.15736 17.07735 -0.2118527 -20.93321 17.07332 -0.2118527 -20.93321 17.07332 -0.2118527 -20.93321 17.07332 0.2592347 -17.91353 116.6921 0.2592347 -17.91353 116.6921 0.2592347 -17.91353 116.6921 -1.191639 -18.55761 116.7193 -0.9383201 -20.11662 116.7519 -0.9383201 -20.11662 116.7519 -0.9383201 -20.11662 116.7519 -0.1767881 -20.89245 116.7479 1.272081 -20.27725 116.7204 1.272081 -20.27725 116.7204 1.272081 -20.27725 116.7204 1.019329 -18.71818 116.6878 1.19783 -22.51913 134.1414 1.19783 -22.51913 134.1414 1.19783 -22.51913 134.1414 -0.02204918 -20.89385 134.1479 -0.02204918 -20.89385 134.1479 -0.02204918 -20.89385 134.1479 -1.237206 -22.5247 134.1387 -1.237206 -22.5247 134.1387 -1.237206 -22.5247 134.1387 -1.197871 -22.32786 106.7889 1.236328 -22.32195 106.7915 0.01592797 -20.69706 106.7979 -1.197871 -22.32786 106.7889 -1.480923 -20.63634 10.31656 -1.480923 -20.63634 10.31656 -1.480923 -20.63634 10.31656 -0.3462499 -21.88057 10.31646 -0.3462499 -21.88057 10.31646 -0.3462499 -21.88057 10.31646 0.346297 -17.52741 10.31378 0.346297 -17.52741 10.31378 0.346297 -17.52741 10.31378 -26.87454 -20.98591 80.34213 -26.87454 -20.98591 80.34213 -26.68347 -21.19722 82.25198 -26.68347 -21.19722 82.25198 -26.68347 -21.19722 82.25198 -27.18251 -23.1099 81.50446 -27.18251 -23.1099 81.50446 -27.18251 -23.1099 81.50446 26.64931 -23.2093 82.14045 26.95729 -21.08532 80.97818 26.95729 -21.08532 80.97818 -26.87454 -20.98591 80.34213 27.14836 -21.29667 82.88803 26.95729 -21.08532 80.97818 26.64931 -23.2093 82.14045 -18.44583 -20.9859 107.7349 -18.44583 -20.9859 107.7349 -18.31467 -21.19722 105.825 -18.31467 -21.19722 105.825 -18.31467 -21.19722 105.825 -18.65716 -23.10989 106.5725 -18.65716 -23.10989 106.5725 -18.65716 -23.10989 106.5725 -18.44583 -20.9859 107.7349 18.50411 -21.08531 107.0988 18.50411 -21.08531 107.0988 18.29273 -23.20931 105.9365 18.50411 -21.08531 107.0988 18.63526 -21.29663 105.189 18.29273 -23.20931 105.9365 -1.191639 -18.55761 116.7193 -1.191639 -18.55761 116.7193 -1.191639 -18.55761 116.7193 0.2248172 -17.95428 17.01752 0.2248172 -17.95428 17.01752 0.2592347 -17.91353 116.6921 -0.9383201 -20.11662 116.7519 -0.9383201 -20.11662 116.7519 -0.9383201 -20.11662 116.7519 -0.9715242 -20.15736 17.07735 -0.9715242 -20.15736 17.07735 -0.9715242 -20.15736 17.07735 -0.1767881 -20.89245 116.7479 -0.1767881 -20.89245 116.7479 -0.2118527 -20.93321 17.07332 1.272081 -20.27725 116.7204 1.272081 -20.27725 116.7204 1.272081 -20.27725 116.7204 -0.2118527 -20.93321 17.07332 -0.2118527 -20.93321 17.07332 -0.1767881 -20.89245 116.7479 1.019329 -18.71818 116.6878 1.019329 -18.71818 116.6878 1.019329 -18.71818 116.6878 0.2592347 -17.91353 116.6921 0.2592347 -17.91353 116.6921 0.2248172 -17.95428 17.01752 -4.64916e-6 -22.59288 80.71653 -4.64916e-6 -22.59288 80.71653 -4.64916e-6 -22.59288 80.71653 -4.64916e-6 -22.59288 80.71653 0.01815158 -25.1337 79.07655 0.01815158 -25.1337 79.07655 0.01815158 -25.1337 79.07655 0.01815158 -25.1337 79.07655 -0.0272445 -30.01924 80.67777 -4.64916e-6 -22.59288 80.71653 -4.64916e-6 -22.59288 80.71653 -4.64916e-6 -22.59288 80.71653 -4.64916e-6 -22.59288 80.71653 0.01815158 -25.1337 79.07655 0.01815158 -25.1337 79.07655 0.01815158 -25.1337 79.07655 0.01815158 -25.1337 79.07655 -0.0272445 -30.01924 80.67777 0.009089946 -27.73832 123.2851 0.009089946 -27.73832 123.2851 0.009089946 -27.73832 123.2851 1.07586e-5 -23.57712 122.2211 -0.008372902 -23.68187 128.0681 -0.008372902 -23.68187 128.0681 -0.008372902 -23.68187 128.0681 -0.009874403 -23.43902 133.4448 -0.009874403 -23.43902 133.4448 0.009089946 -27.73832 123.2851 0.009089946 -27.73832 123.2851 0.009089946 -27.73832 123.2851 1.07586e-5 -23.57712 122.2211 -0.008372843 -23.68186 128.0681 -0.008372843 -23.68186 128.0681 -0.008372843 -23.68186 128.0681 -0.009874403 -23.43902 133.4448 -0.009874403 -23.43902 133.4448 9.19998e-5 -33.32038 123.2926 9.19998e-5 -33.32038 123.2926 9.19998e-5 -33.32038 123.2926 0.008318841 -33.69891 128.0648 0.008318841 -33.69891 128.0648 0.008318841 -33.69891 128.0648 0.008318841 -33.69891 128.0648 0.008318841 -33.69891 128.0648 0.008318841 -33.69891 128.0648 0.008062779 -27.77623 128.0654 0.008062779 -27.77623 128.0654 0.008062779 -27.77623 128.0654 0.008062779 -27.77623 128.0654 0.008062779 -27.77623 128.0654 0.008062779 -27.77623 128.0654 -0.001184344 -42.876 128.1434 -0.001184344 -42.876 128.1434 8.5324e-5 -28.25098 133.0256 8.5324e-5 -28.25098 133.0256 8.5324e-5 -28.25098 133.0256 -0.001177072 -42.87679 128.1406 -0.001177072 -42.87679 128.1406 0.008318841 -33.69891 128.0648 0.008318841 -33.69891 128.0648 0.008318841 -33.69891 128.0648 0.008318841 -33.69891 128.0648 0.008318841 -33.69891 128.0648 0.008318841 -33.69891 128.0648 0.008062779 -27.77623 128.0654 0.008062779 -27.77623 128.0654 0.008062779 -27.77623 128.0654 0.008062779 -27.77623 128.0654 0.008062779 -27.77623 128.0654 0.008062779 -27.77623 128.0654 9.50694e-5 -34.17394 133.3026 9.50694e-5 -34.17394 133.3026 8.5324e-5 -28.25097 133.0256 8.5324e-5 -28.25097 133.0256 8.5324e-5 -28.25097 133.0256 9.19998e-5 -33.32038 123.2926 9.19998e-5 -33.32038 123.2926 9.19998e-5 -33.32038 123.2926 -0.001177072 -42.87679 128.1406 -0.001177072 -42.87679 128.1406 -0.001184344 -42.876 128.1434 -0.001184344 -42.876 128.1434 9.50694e-5 -34.17394 133.3026 9.50694e-5 -34.17394 133.3026 -24.9154 -30.9813 85.278 -24.9154 -30.9813 85.278 -10.15738 -32.83434 86.86696 -10.15738 -32.83434 86.86696 -10.15738 -32.83434 86.86696 9.701125 -32.77334 86.88184 9.701125 -32.77334 86.88184 9.701125 -32.77334 86.88184 25.51895 -26.23011 85.27799 -20.99504 -30.28167 96.91015 -20.99504 -30.28167 96.91015 -20.99504 -30.28167 96.91015 -6.738469 -30.78611 100.0177 -6.738469 -30.78611 100.0177 -6.738469 -30.78611 100.0177 -6.738469 -30.78611 100.0177 -6.738469 -30.78611 100.0177 -6.738469 -30.78611 100.0177 8.537174 -30.72511 99.73215 8.537174 -30.72511 99.73215 8.537174 -30.72511 99.73215 8.537174 -30.72511 99.73215 8.537174 -30.72511 99.73215 8.537174 -30.72511 99.73215 19.02307 -25.13934 97.02061 19.02307 -25.13934 97.02061 19.02307 -25.13934 97.02061 -6.886605 -22.16242 103.5926 -6.886605 -22.16242 103.5926 -6.886605 -22.16242 103.5926 7.654612 -22.13673 103.7698 7.654612 -22.13673 103.7698 7.654612 -22.13673 103.7698 -24.9154 -30.9813 85.278 -24.9154 -30.9813 85.278 -10.15738 -32.83434 86.86696 -10.15738 -32.83434 86.86696 -10.15738 -32.83434 86.86696 9.701126 -32.77334 86.88181 9.701126 -32.77334 86.88181 9.701126 -32.77334 86.88181 25.51895 -26.23011 85.27799 -20.99504 -30.28167 96.91014 -20.99504 -30.28167 96.91014 -20.99504 -30.28167 96.91014 -6.738468 -30.78613 100.0177 -6.738468 -30.78613 100.0177 -6.738468 -30.78613 100.0177 -6.738468 -30.78613 100.0177 -6.738468 -30.78613 100.0177 -6.738468 -30.78613 100.0177 8.537177 -30.72512 99.7321 8.537177 -30.72512 99.7321 8.537177 -30.72512 99.7321 8.537177 -30.72512 99.7321 8.537177 -30.72512 99.7321 8.537177 -30.72512 99.7321 19.02307 -25.13934 97.02061 19.02307 -25.13934 97.02061 19.02307 -25.13934 97.02061 -6.88658 -22.16242 103.5926 -6.88658 -22.16242 103.5926 -6.88658 -22.16242 103.5926 7.654582 -22.13675 103.7698 7.654582 -22.13675 103.7698 7.654582 -22.13675 103.7698 -0.02299612 17.80891 99.4674 1.199006 16.489 100.4193 -1.237519 16.48213 100.4194 0.01524913 -17.05734 54.85348 0.01524913 -17.05734 54.85348 0.01524913 -17.05734 54.85348 1.237257 -17.97962 56.194 1.237257 -17.97962 56.194 1.237257 -17.97962 56.194 -1.199272 -17.98607 56.19638 -1.199272 -17.98607 56.19638 0.003104984 17.17782 96.31168 -0.003832995 -12.71811 58.95863 -0.003832995 -12.71811 58.95863 -0.003630161 -17.71784 52.94502 -0.003630161 -17.71784 52.94502 -0.003630161 -17.71784 52.94502 -0.01216739 27.5177 37.06834 -0.01216739 27.5177 37.06834 -0.01216739 27.5177 37.06834 9.89899e-4 -17.73507 27.44919 0.01309931 9.176727 33.0885 0.01309931 9.176727 33.0885 1.94191 11.95452 99.0058 1.829787 -17.06183 85.90882 1.829787 -17.06183 85.90882 1.819408 -17.95644 82.45214 1.819408 -17.95644 82.45214 1.833426 -17.73433 63.21015 1.833426 -17.73433 63.21015 1.979321 14.22885 97.93489 1.979321 14.22885 97.93489 1.979321 14.22885 97.93489 1.979321 14.22885 97.93489 1.888146 -16.34536 59.78836 0.003104984 17.17782 96.31168 -0.003832995 -12.71811 58.95863 -0.003832995 -12.71811 58.95863 -0.003630161 -17.71784 52.94502 -0.003630161 -17.71784 52.94502 -0.003630161 -17.71784 52.94502 -0.01216739 27.5177 37.06834 -0.01216739 27.5177 37.06834 -0.01216739 27.5177 37.06834 9.89899e-4 -17.73507 27.44919 0.01309931 9.176727 33.0885 0.01309931 9.176727 33.0885 1.94191 11.95452 99.0058 1.829787 -17.06183 85.90882 1.829787 -17.06183 85.90882 1.819408 -17.95644 82.45214 1.819408 -17.95644 82.45214 1.833426 -17.73433 63.21015 1.833426 -17.73433 63.21015 1.979321 14.22885 97.93489 1.979321 14.22885 97.93489 1.979321 14.22885 97.93489 1.979321 14.22885 97.93489 1.888146 -16.34536 59.78836 1.199006 16.489 100.4193 1.199006 16.489 100.4193 1.199006 16.489 100.4193 -0.02299612 17.80891 99.4674 -0.02299612 17.80891 99.4674 -0.02299612 17.80891 99.4674 -1.237519 16.48213 100.4194 -1.237519 16.48213 100.4194 -1.237519 16.48213 100.4194 -1.199272 -17.98607 56.19638 1.237257 -17.97962 56.194 0.01524913 -17.05734 54.85348 -1.199272 -17.98607 56.19638 5.587611 -25.26304 30.04427 -8.157902 -30.94932 27.861 -8.157902 -30.94932 27.861 -12.97092 -35.39018 27.62899 -12.97092 -35.39018 27.62899 -16.77909 -45.89259 30.20341 -16.77909 -45.89259 30.20341 -0.006835997 -59.87155 31.7282 0.01943337 -71.19081 37.91196 0.01943337 -71.19081 37.91196 0.0331636 -78.04562 39.74223 0.0331636 -78.04562 39.74223 5.587611 -25.26304 30.04427 -8.157902 -30.94932 27.861 -8.157902 -30.94932 27.861 -12.97092 -35.39018 27.62899 -12.97092 -35.39018 27.62899 -16.77909 -45.89259 30.20341 -16.77909 -45.89259 30.20341 -0.006835997 -59.87155 31.7282 0.01943337 -71.19081 37.91196 0.01943337 -71.19081 37.91196 0.0331636 -78.04562 39.74223 0.0331636 -78.04562 39.74223 -23.69389 -65.3804 22.21302 -23.52388 -63.46899 22.01637 -23.96792 -64.12964 22.49843 24.20819 -64.73773 22.17593 24.37821 -62.8263 21.97929 24.37821 -62.8263 21.97929 24.37821 -62.8263 21.97929 23.93414 -63.48695 22.46135 23.93414 -63.48695 22.46135 -0.175854 -96.55174 42.96937 1.353974 -95.76544 44.0521 1.540755 -97.20624 42.10006 -1.534548 -51.08734 16.34749 -1.534548 -51.08734 16.34749 -1.534548 -51.08734 16.34749 3.60156e-6 -50.30103 17.4302 3.60156e-6 -50.30103 17.4302 0.1815667 -51.74185 15.47814 0.1815667 -51.74185 15.47814 0.1815667 -51.74185 15.47814 -1.827169 -18.46485 10.31522 -1.827169 -18.46485 10.31522 -1.827169 -18.46485 10.31522 1.827134 -20.89945 10.31506 1.827134 -20.89945 10.31506 1.827134 -20.89945 10.31506 1.480873 -18.73012 10.31371 -1.827143 -18.28499 16.78745 -1.827143 -18.28499 16.78745 -1.827143 -18.28499 16.78745 -1.827143 -18.28499 16.78745 -1.827143 -18.28499 16.78745 -1.827143 -18.28499 16.78745 1.827143 -20.6562 16.78214 1.827143 -20.6562 16.78214 1.827143 -20.6562 16.78214 1.827143 -20.6562 16.78214 1.827143 -20.6562 16.78214 1.827143 -20.6562 16.78214 1.480875 -18.51938 16.74013 1.480875 -18.51938 16.74013 1.480875 -18.51938 16.74013 -3.843434 -16.55513 10.31983 -3.843434 -16.55513 10.31983 -3.843434 -16.55513 10.31983 -3.843434 -16.55513 10.31983 -3.843434 -16.55513 10.31983 -3.843434 -16.55513 10.31983 -3.843455 -22.41311 10.32298 -3.843455 -22.41311 10.32298 -3.843455 -22.41311 10.32298 -3.843455 -22.41311 10.32298 -3.843455 -22.41311 10.32298 -3.843455 -22.41311 10.32298 -3.843455 -22.41311 10.32298 3.843438 -22.45475 10.31943 3.843438 -22.45475 10.31943 3.843438 -22.45475 10.31943 3.843438 -22.45475 10.31943 3.843438 -22.45475 10.31943 3.843438 -22.45475 10.31943 3.843423 -16.57377 10.31634 3.843423 -16.57377 10.31634 3.843423 -16.57377 10.31634 3.843423 -16.57377 10.31634 3.843423 -16.57377 10.31634 3.843423 -16.57377 10.31634 3.843423 -16.57377 10.31634 -5.696606 -13.11979 7.65042 -5.696606 -13.11979 7.65042 -5.696606 -13.11979 7.65042 -5.696606 -13.11979 7.65042 -5.696643 -25.56621 7.655988 -5.696643 -25.56621 7.655988 5.696633 -25.60382 7.649723 5.696633 -25.60382 7.649723 5.696633 -25.60382 7.649723 5.696633 -25.60382 7.649723 5.696596 -13.12976 7.644159 5.696596 -13.12976 7.644159 -1.224456 -18.59833 17.04473 -1.224456 -18.59833 17.04473 -1.224456 -18.59833 17.04473 1.238035 -20.31799 17.04578 1.238035 -20.31799 17.04578 1.238035 -20.31799 17.04578 0.9853496 -18.75891 17.0132 0.9853496 -18.75891 17.0132 0.9853496 -18.75891 17.0132 -8.193057 -50.87866 17.3141 -8.193057 -50.87866 17.3141 -8.193057 -50.87866 17.3141 -8.193057 -50.87866 17.3141 -8.193057 -50.87866 17.3141 -8.193057 -50.87866 17.3141 -16.45451 -28.90516 17.30754 -16.45451 -28.90516 17.30754 -16.45451 -28.90516 17.30754 -16.45451 -28.90516 17.30754 -16.45451 -28.90516 17.30754 -16.45451 -28.90516 17.30754 -16.33957 50.35135 18.05704 15.31254 50.43975 18.04205 15.99607 -28.75086 17.3353 15.99607 -28.75086 17.3353 15.99607 -28.75086 17.3353 7.914708 -50.64837 17.32958 7.914708 -50.64837 17.32958 7.914708 -50.64837 17.32958 7.914708 -50.64837 17.32958 7.914708 -50.64837 17.32958 7.914708 -50.64837 17.32958 7.914708 -50.64837 17.32958 -0.09603273 -60.15499 17.32141 -0.09603273 -60.15499 17.32141 -0.09603273 -60.15499 17.32141 -0.09603273 -60.15499 17.32141 -0.09603273 -60.15499 17.32141 -0.09603273 -60.15499 17.32141 -7.368602 -46.67526 5.91178 -7.368602 -46.67526 5.91178 -7.368602 -46.67526 5.91178 -14.59791 -28.8251 6.32183 -7.943886 42.85758 8.069693 -7.943886 42.85758 8.069693 2.90476e-7 45.28887 7.587983 2.90476e-7 45.28887 7.587983 6.982254 42.9392 8.084382 6.982254 42.9392 8.084382 14.11114 -28.66811 6.35009 7.039166 -46.59647 5.930958 7.039166 -46.59647 5.930958 7.039166 -46.59647 5.930958 -0.1371586 -54.56413 5.802834 -0.1371586 -54.56413 5.802834 -0.1371586 -54.56413 5.802834 -4.216898 -41.00908 -2.855251 -4.216898 -41.00908 -2.855251 -10.01178 -27.77375 -4.179744 -10.01178 -27.77375 -4.179744 -10.01178 -27.77375 -4.179744 9.524382 -27.65161 -4.159517 9.524382 -27.65161 -4.159517 9.524382 -27.65161 -4.159517 9.524382 -27.65161 -4.159517 3.836637 -40.95872 -2.846912 3.836637 -40.95872 -2.846912 3.836637 -40.95872 -2.846912 -0.1747247 -46.05125 -2.902611 -0.1747247 -46.05125 -2.902611 -0.2314379 -30.78587 -6.920742 -0.2314379 -30.78587 -6.920742 -0.2314379 -30.78587 -6.920742 -0.2314379 -30.78587 -6.920742 -0.2314379 -30.78587 -6.920742 -0.2314379 -30.78587 -6.920742 -0.2314379 -30.78587 -6.920742 -0.2314379 -30.78587 -6.920742 -2.088043 -25.15321 -6.865243 -2.088043 -25.15321 -6.865243 -2.088043 -25.15321 -6.865243 -2.088043 -25.15321 -6.865243 -2.088043 -25.15321 -6.865243 -2.00554 32.05901 -4.826114 -2.00554 32.05901 -4.826114 1.18466 32.07002 -4.822808 1.18466 32.07002 -4.822808 1.590882 -25.13022 -6.861437 1.590882 -25.13022 -6.861437 1.590882 -25.13022 -6.861437 1.590882 -25.13022 -6.861437 1.590882 -25.13022 -6.861437 1.590882 -25.13022 -6.861437 1.590882 -25.13022 -6.861437 -12.0653 -35.7023 6.252535 -12.0653 -35.7023 6.252535 -12.0653 -35.7023 6.252535 -14.50733 -28.80571 6.633101 -14.50733 -28.80571 6.633101 -14.50733 -28.80571 6.633101 -16.46146 -27.80947 17.27845 15.90899 -27.80782 17.30988 14.02452 -28.64774 6.502483 14.02452 -28.64774 6.502483 14.02452 -28.64774 6.502483 11.73413 -35.61077 6.166089 11.73413 -35.61077 6.166089 -4.685164 -41.54354 -1.696705 -4.685164 -41.54354 -1.696705 -4.685164 -41.54354 -1.696705 -4.685164 -41.54354 -1.696705 -4.685164 -41.54354 -1.696705 4.287832 -41.46723 -1.731389 4.287832 -41.46723 -1.731389 4.287832 -41.46723 -1.731389 4.287832 -41.46723 -1.731389 4.287832 -41.46723 -1.731389 4.287832 -41.46723 -1.731389 1.32527 -44.14696 -2.881786 1.32527 -44.14696 -2.881786 -1.653536 -44.20662 -2.885285 -1.653536 -44.20662 -2.885285 -0.1788148 -44.63617 -3.084487 -0.1788148 -44.63617 -3.084487 -0.1788148 -44.63617 -3.084487 -0.1788148 -44.63617 -3.084487 -16.35198 36.38463 17.83647 -16.35198 36.38463 17.83647 -16.35198 36.38463 17.83647 -14.50376 26.65879 6.914299 -14.50376 26.65879 6.914299 -14.50376 26.65879 6.914299 13.65319 25.98097 6.926722 13.65319 25.98097 6.926722 13.65319 25.98097 6.926722 -9.926218 26.93154 -3.706097 -9.926218 26.93154 -3.706097 -9.926218 26.93154 -3.706097 -9.926218 26.93154 -3.706097 9.154346 27.65022 -3.723011 9.154346 27.65022 -3.723011 9.154346 27.65022 -3.723011 9.154346 27.65022 -3.723011 -1.999733 25.15367 -6.451015 -1.999733 25.15367 -6.451015 -1.999733 25.15367 -6.451015 1.255943 25.06405 -6.4495 15.40511 35.87371 17.81337 15.40511 35.87371 17.81337 15.40511 35.87371 17.81337 -12.06685 -35.19219 6.292094 -12.06685 -35.19219 6.292094 -12.06685 -35.19219 6.292094 -7.370174 -46.16512 6.041964 -7.370174 -46.16512 6.041964 -7.370174 -46.16512 6.041964 -0.1387322 -54.054 4.362901 -0.1387322 -54.054 4.362901 7.037596 -46.08636 6.061139 7.037596 -46.08636 6.061139 11.7326 -35.10066 6.489731 11.7326 -35.10066 6.489731 11.7326 -35.10066 6.489731 11.7326 -35.10066 6.489731 14.10957 -28.69758 7.806067 14.10957 -28.69758 7.806067 13.65162 25.96472 8.382701 13.65162 25.96472 8.382701 13.65162 25.96472 8.382701 -14.50531 26.64254 8.370266 -14.50531 26.64254 8.370266 -14.50531 26.64254 8.370266 -14.59948 -28.85456 7.777821 -14.59948 -28.85456 7.777821 -14.59948 -28.85456 7.777821 12.73078 30.63652 17.75332 12.73078 30.63652 17.75332 12.73078 30.63652 17.75332 12.73078 30.63652 17.75332 13.18251 -27.79807 17.33989 13.18251 -27.79807 17.33989 13.18251 -27.79807 17.33989 -13.75843 -27.79945 17.31373 -13.75843 -27.79945 17.31373 -13.75843 -27.79945 17.31373 -13.75843 -27.79945 17.31373 -13.75843 -27.79945 17.31373 -13.63499 30.75016 17.77635 -13.63499 30.75016 17.77635 11.01987 32.50056 8.650555 11.01987 32.50056 8.650555 11.01987 32.50056 8.650555 11.41743 -27.79768 8.177738 11.41743 -27.79768 8.177738 -12.01044 -27.79906 8.151572 -11.91132 33.05257 8.640431 -16.3563 36.31385 21.33525 -16.3563 36.31385 21.33525 -16.3563 36.31385 21.33525 -16.3563 36.31385 21.33525 -16.3563 36.31385 21.33525 -16.3563 36.31385 21.33525 -16.41621 50.33964 23.69898 -16.41621 50.33964 23.69898 -16.41621 50.33964 23.69898 -16.41621 50.33964 23.69898 -0.5759586 53.64873 24.66321 -0.5759586 53.64873 24.66321 -0.5759586 53.64873 24.66321 -0.5759586 53.64873 24.66321 15.29168 50.45706 23.7261 15.29168 50.45706 23.7261 15.40078 35.80294 21.31214 15.40078 35.80294 21.31214 15.40078 35.80294 21.31214 15.40078 35.80294 21.31214 15.40078 35.80294 21.31214 15.40078 35.80294 21.31214 12.72645 30.56571 21.2521 12.72645 30.56571 21.2521 12.72645 30.56571 21.2521 12.72645 30.56571 21.2521 12.72645 30.56571 21.2521 12.72645 30.56571 21.2521 12.72645 30.56571 21.2521 -13.63928 30.6794 21.27515 -13.63928 30.6794 21.27515 -13.63928 30.6794 21.27515 -13.63928 30.6794 21.27515 -13.63928 30.6794 21.27515 -16.4207 50.28231 27.33894 -16.39591 35.72956 24.95197 -16.39591 35.72956 24.95197 -16.39591 35.72956 24.95197 -13.64376 30.60575 24.91509 -13.64376 30.60575 24.91509 -13.64376 30.60575 24.91509 -13.64376 30.60575 24.91509 12.72197 30.49209 24.89204 12.72197 30.49209 24.89204 15.39629 35.72929 24.95209 15.39629 35.72929 24.95209 15.39629 35.72929 24.95209 15.28716 50.39972 27.36606 15.28716 50.39972 27.36606 -0.5804717 53.63003 28.30316 -0.5804717 53.63003 28.30316 -0.5804717 53.63003 28.30316 -13.07443 19.27303 8.575003 9.856721 18.72101 8.585123 9.856721 18.72101 8.585123 12.53951 19.1522 17.68781 12.53951 19.1522 17.68781 12.53951 19.1522 17.68781 12.5352 19.08141 21.1866 12.5352 19.08141 21.1866 12.53071 19.00778 24.82654 12.53071 19.00778 24.82654 -13.83324 18.69771 24.85486 -13.82875 18.77136 21.21492 -13.82875 18.77136 21.21492 -13.82875 18.77136 21.21492 -13.82875 18.77136 21.21492 -13.82444 18.84213 17.71612 -13.82444 18.84213 17.71612 -13.82444 18.84213 17.71612 -15.51345 49.25088 25.14057 -15.51345 49.25088 25.14057 -15.45804 36.53555 22.80001 -15.45804 36.53555 22.80001 -15.45804 36.53555 22.80001 -15.45804 36.53555 22.80001 -13.24911 32.4325 22.75114 12.36801 32.37394 22.72811 12.36801 32.37394 22.72811 14.49288 36.53519 22.77581 14.49288 36.53519 22.77581 14.39627 49.36165 25.16615 14.39627 49.36165 25.16615 14.39627 49.36165 25.16615 -0.5702862 53.16392 26.0984 -13.80876 -27.78627 17.35722 13.13217 -27.7849 17.38339 13.13217 -27.7849 17.38339 11.37367 -27.78451 8.221248 -12.05418 -27.78588 8.19508 -12.05418 -27.78588 8.19508 -16.45969 -28.99065 19.91234 -8.193732 -53.14659 21.08782 -8.193732 -53.14659 21.08782 -8.193732 -53.14659 21.08782 -0.09669095 -62.42289 21.75777 -0.09669095 -62.42289 21.75777 -0.09669095 -62.42289 21.75777 7.91464 -53.06996 21.10162 7.91464 -53.06996 21.10162 7.91464 -53.06996 21.10162 15.99088 -28.83635 19.9401 15.99088 -28.83635 19.9401 -16.45448 -28.90517 17.30718 -16.45448 -28.90517 17.30718 -16.45448 -28.90517 17.30718 -8.193032 -50.87864 17.31375 -0.09603047 -60.15498 17.32106 -0.09603047 -60.15498 17.32106 -0.09603047 -60.15498 17.32106 7.915343 -50.80202 17.32753 15.99607 -28.75085 17.33494 15.99607 -28.75085 17.33494 15.99607 -28.75085 17.33494 15.99607 -28.75085 17.33494 15.90899 -27.80782 17.30954 -16.46146 -27.80947 17.27808 -16.46146 -27.80947 17.27808 6.113202 50.41405 18.04641 6.113202 50.41405 18.04641 -9.989259 -13.37498 -4.05507 -9.989259 -13.37498 -4.05507 -14.57321 -13.37498 7.943075 -14.57321 -13.37498 7.943075 -14.57321 -13.37498 7.943075 -14.57321 -13.37498 7.943075 -2.067371 -13.37498 -7.692007 -2.067371 -13.37498 -7.692007 -2.067371 -13.37498 -7.692007 -2.067371 -13.37498 -7.692007 -2.067371 -13.37498 -7.692007 -2.067371 -13.37498 -7.692007 1.512434 -13.37498 -7.688711 1.512434 -13.37498 -7.688711 1.512434 -13.37498 -7.688711 1.512434 -13.37498 -7.688711 1.512434 -13.37498 -7.688711 9.428853 -13.37498 -4.046831 9.428853 -13.37498 -4.046831 13.9812 -13.37498 7.967708 13.9812 -13.37498 7.967708 13.9812 -13.37498 7.967708 13.9812 -13.37498 7.967708 11.32234 -13.37498 8.290832 11.32234 -13.37498 8.290832 -11.98694 -13.37498 8.267458 -11.98694 -13.37498 8.267458 -11.98694 -13.37498 8.267458 -11.98694 -13.37498 8.267458 13.98299 -13.37498 6.511459 13.98299 -13.37498 6.511459 13.98299 -13.37498 6.511459 -14.57169 -13.37498 6.486814 -14.57169 -13.37498 6.486814 15.79479 -13.37498 13.9731 15.79479 -13.37498 13.9731 13.07101 -13.37498 13.99105 13.07101 -13.37498 13.99105 13.07101 -13.37498 13.99105 13.07101 -13.37498 13.99105 -16.43685 -13.37497 13.95302 -16.43685 -13.37497 13.95302 -16.43685 -13.37497 13.95302 -16.43685 -13.37497 13.95302 -13.72802 -13.37498 13.97681 -13.72802 -13.37498 13.97681 -13.72802 -13.37498 13.97681 -9.954535 8.826977 -3.862846 -9.954535 8.826977 -3.862846 -9.954535 8.826977 -3.862846 -9.954535 8.826977 -3.862846 -2.028422 8.826977 -7.509192 -2.028422 8.826977 -7.509192 -2.028422 8.826977 -7.509192 -2.028422 8.826977 -7.509192 -2.028422 8.826977 -7.509192 -2.028422 8.826977 -7.509192 1.364297 8.826981 -7.506499 1.364297 8.826981 -7.506499 1.364297 8.826981 -7.506499 1.364297 8.826981 -7.506499 1.364297 8.826981 -7.506499 13.79519 8.826983 8.201914 13.79519 8.826983 8.201914 13.79519 8.826983 8.201914 13.79519 8.826983 8.201914 -11.95077 8.826983 8.445821 -11.95077 8.826983 8.445821 -11.95077 8.826983 8.445821 -11.95077 8.826983 8.445821 13.79694 8.826983 6.745726 13.79694 8.826983 6.745726 12.89938 8.826988 14.14812 12.89938 8.826988 14.14812 -16.39898 8.826988 14.14602 -16.39898 8.826988 14.14602 -16.39898 8.826988 14.14602 -14.53554 8.826991 8.180082 -14.53554 8.826991 8.180082 9.2803 8.826977 -3.871587 9.2803 8.826977 -3.871587 9.2803 8.826977 -3.871587 11.17596 8.826983 8.464921 11.17596 8.826983 8.464921 11.17596 8.826983 8.464921 -14.53402 8.826983 6.723881 -14.53402 8.826983 6.723881 -14.53402 8.826983 6.723881 15.61912 8.826984 14.14864 15.61912 8.826984 14.14864 15.61912 8.826984 14.14864 -13.68121 8.82698 14.15224 -13.68121 8.82698 14.15224 -13.68121 8.82698 14.15224 -0.7462499 43.28197 -6.663876 -0.7462499 43.28197 -6.663876 -0.7462499 43.28197 -6.663876 -0.7462499 43.28197 -6.663876 -0.7462499 43.28197 -6.663876 0.4120829 43.28268 -6.661885 0.4120829 43.28268 -6.661885 1.263672 43.28268 -7.588109 1.263672 43.28268 -7.588109 1.263672 43.28268 -7.588109 -1.992018 43.28268 -7.588874 -1.992018 43.28268 -7.588874 -1.992018 43.28268 -7.588874 -1.992018 43.28268 -7.588874 -1.992018 43.28268 -7.588874 0 47.65178 -6.662675 0 47.65178 -6.662675 0 47.65178 -6.662675 0 47.65178 -6.662675 0 47.65178 -6.662675 -17.16197 2.057466 13.83592 -17.16197 2.057466 13.83592 -17.16197 -2.608383 7.323528 -17.16197 -2.608383 7.323528 -17.16197 -2.608383 7.323528 -17.69672 -3.278699 -4.391137 -17.69672 -3.278699 -4.391137 -17.69672 -3.278699 -4.391137 -17.69673 2.05746 -6.819476 -17.69673 7.39362 -4.391141 -17.69673 7.39362 -4.391141 -17.69673 7.39362 -4.391141 -17.16197 6.72331 7.323528 -17.16197 6.72331 7.323528 -17.16197 6.72331 7.323528 -14.52997 2.057466 13.83592 -14.52997 -2.608379 7.323527 -14.52997 -2.608379 7.323527 -14.52997 -2.608379 7.323527 -13.99522 -3.278699 -4.391133 -13.99522 -3.278699 -4.391133 -13.99522 -3.278699 -4.391133 -13.99522 2.057463 -6.819488 -13.99522 2.057463 -6.819488 -13.99522 7.39362 -4.391143 -13.99522 7.39362 -4.391143 -13.99522 7.39362 -4.391143 -14.52997 6.72331 7.323523 -14.52997 6.72331 7.323523 -14.52997 6.72331 7.323523 16.56791 2.05747 13.83591 16.56791 2.05747 13.83591 16.5679 -2.608379 7.323523 16.5679 -2.608379 7.323523 16.5679 -2.608379 7.323523 13.93591 -2.608375 7.323523 13.93591 -2.608375 7.323523 13.93591 -2.608375 7.323523 13.93591 2.05747 13.83592 17.10266 -3.278699 -4.391139 17.10266 -3.278699 -4.391139 17.10266 -3.278699 -4.391139 13.40116 -3.278699 -4.391142 13.40116 -3.278699 -4.391142 13.40116 -3.278699 -4.391142 17.10266 2.05746 -6.819495 13.40115 2.057467 -6.819492 13.40115 2.057467 -6.819492 17.10266 7.393623 -4.391145 17.10266 7.393623 -4.391145 17.10266 7.393623 -4.391145 13.40116 7.393623 -4.391143 13.40116 7.393623 -4.391143 13.40116 7.393623 -4.391143 16.56791 6.72331 7.323522 16.56791 6.72331 7.323522 16.56791 6.72331 7.323522 13.93591 6.72331 7.323523 13.93591 6.72331 7.323523 13.93591 6.72331 7.323523 6.71913 -51.53817 32.61958 5.6722e-6 -94.38904 44.30301 5.6722e-6 -94.38904 44.30301 6.71913 -51.53817 32.61958 5.6722e-6 -94.38904 44.30301 5.6722e-6 -94.38904 44.30301 -23.69389 -65.3804 22.21302 -23.69389 -65.3804 22.21302 -23.52388 -63.46899 22.01637 -23.52388 -63.46899 22.01637 -23.52388 -63.46899 22.01637 -23.96792 -64.12964 22.49843 -23.96792 -64.12964 22.49843 -23.96792 -64.12964 22.49843 23.93414 -63.48695 22.46135 24.20819 -64.73773 22.17593 24.20819 -64.73773 22.17593 -23.69389 -65.3804 22.21302 24.37821 -62.8263 21.97929 24.20819 -64.73773 22.17593 23.93414 -63.48695 22.46135 1.353974 -95.76544 44.0521 -0.175854 -96.55174 42.96937 -0.175854 -96.55174 42.96937 -0.175854 -96.55174 42.96937 1.540755 -97.20624 42.10006 1.540755 -97.20624 42.10006 1.540755 -97.20624 42.10006 1.353974 -95.76544 44.0521 1.353974 -95.76544 44.0521 3.60156e-6 -50.30103 17.4302 3.60156e-6 -50.30103 17.4302 -1.534548 -51.08734 16.34749 0.1815667 -51.74185 15.47814 1.480873 -18.73012 10.31371 1.480873 -18.73012 10.31371 1.480875 -18.51938 16.74013 1.480875 -18.51938 16.74013 1.480875 -18.51938 16.74013 1.827134 -20.89945 10.31506 1.827134 -20.89945 10.31506 -1.827169 -18.46485 10.31522 -1.827169 -18.46485 10.31522 1.480873 -18.73012 10.31371 1.480873 -18.73012 10.31371 1.480873 -18.73012 10.31371 5.696633 -25.60382 7.649723 5.696633 -25.60382 7.649723 5.696596 -13.12976 7.644159 -5.696606 -13.11979 7.65042 -5.696606 -13.11979 7.65042 -5.696643 -25.56621 7.655988 -1.224456 -18.59833 17.04473 -1.224456 -18.59833 17.04473 -1.224456 -18.59833 17.04473 1.238035 -20.31799 17.04578 1.238035 -20.31799 17.04578 1.238035 -20.31799 17.04578 0.9853496 -18.75891 17.0132 0.9853496 -18.75891 17.0132 0.9853496 -18.75891 17.0132 -0.1387322 -54.054 4.362901 -0.1747247 -46.05125 -2.902611 -0.1747247 -46.05125 -2.902611 -0.1747247 -46.05125 -2.902611 -9.954535 8.826977 -3.862846 -9.954535 8.826977 -3.862846 -9.954535 8.826977 -3.862846 -9.954535 8.826977 -3.862846 -9.926218 26.93154 -3.706097 3.836637 -40.95872 -2.846912 3.836637 -40.95872 -2.846912 3.836637 -40.95872 -2.846912 9.524382 -27.65161 -4.159517 9.524382 -27.65161 -4.159517 1.32527 -44.14696 -2.881786 1.32527 -44.14696 -2.881786 1.32527 -44.14696 -2.881786 -1.653536 -44.20662 -2.885285 -1.653536 -44.20662 -2.885285 -1.653536 -44.20662 -2.885285 -0.1747247 -46.05125 -2.902611 -0.1747247 -46.05125 -2.902611 1.255943 25.06405 -6.4495 1.255943 25.06405 -6.4495 1.255943 25.06405 -6.4495 1.255943 25.06405 -6.4495 11.73413 -35.61077 6.166089 14.02452 -28.64774 6.502483 -4.216898 -41.00908 -2.855251 -4.216898 -41.00908 -2.855251 -4.216898 -41.00908 -2.855251 -4.216898 -41.00908 -2.855251 -10.01178 -27.77375 -4.179744 -10.01178 -27.77375 -4.179744 -10.01178 -27.77375 -4.179744 2.90476e-7 45.28887 7.587983 2.90476e-7 45.28887 7.587983 -1.999733 25.15367 -6.451015 9.154346 27.65022 -3.723011 -7.370174 -46.16512 6.041964 -7.370174 -46.16512 6.041964 -12.06685 -35.19219 6.292094 -12.06685 -35.19219 6.292094 -12.06685 -35.19219 6.292094 -12.0653 -35.7023 6.252535 -12.0653 -35.7023 6.252535 -12.0653 -35.7023 6.252535 -7.368602 -46.67526 5.91178 -0.1387322 -54.054 4.362901 -0.1387322 -54.054 4.362901 -7.370174 -46.16512 6.041964 -7.368602 -46.67526 5.91178 -7.368602 -46.67526 5.91178 -0.1371586 -54.56413 5.802834 7.037596 -46.08636 6.061139 7.037596 -46.08636 6.061139 -0.1387322 -54.054 4.362901 -0.1371586 -54.56413 5.802834 -0.1371586 -54.56413 5.802834 7.039166 -46.59647 5.930958 11.7326 -35.10066 6.489731 11.7326 -35.10066 6.489731 11.7326 -35.10066 6.489731 11.7326 -35.10066 6.489731 7.037596 -46.08636 6.061139 7.039166 -46.59647 5.930958 7.039166 -46.59647 5.930958 11.73413 -35.61077 6.166089 11.73413 -35.61077 6.166089 14.11114 -28.66811 6.35009 14.11114 -28.66811 6.35009 14.11114 -28.66811 6.35009 14.11114 -28.66811 6.35009 14.10957 -28.69758 7.806067 14.10957 -28.69758 7.806067 13.65319 25.98097 6.926722 13.65319 25.98097 6.926722 13.65162 25.96472 8.382701 -7.943886 42.85758 8.069693 -14.50376 26.65879 6.914299 -14.50376 26.65879 6.914299 -14.50376 26.65879 6.914299 -14.50531 26.64254 8.370266 -14.50531 26.64254 8.370266 -14.59791 -28.8251 6.32183 -14.59791 -28.8251 6.32183 -14.59791 -28.8251 6.32183 -14.59791 -28.8251 6.32183 -14.59948 -28.85456 7.777821 -14.59948 -28.85456 7.777821 15.90899 -27.80782 17.30988 15.90899 -27.80782 17.30988 15.90899 -27.80782 17.30988 15.90899 -27.80782 17.30988 -16.46146 -27.80947 17.27845 -16.46146 -27.80947 17.27845 -16.46146 -27.80947 17.27845 -16.35198 36.38463 17.83647 11.32234 -13.37498 8.290832 11.32234 -13.37498 8.290832 11.32234 -13.37498 8.290832 11.32234 -13.37498 8.290832 13.07101 -13.37498 13.99105 13.07101 -13.37498 13.99105 13.18251 -27.79807 17.33989 13.18251 -27.79807 17.33989 11.41743 -27.79768 8.177738 -13.68121 8.82698 14.15224 -13.68121 8.82698 14.15224 -13.63499 30.75016 17.77635 -13.63499 30.75016 17.77635 -16.35198 36.38463 17.83647 -16.35198 36.38463 17.83647 -16.35198 36.38463 17.83647 -16.33957 50.35135 18.05704 15.31254 50.43975 18.04205 15.31254 50.43975 18.04205 15.40511 35.87371 17.81337 15.40511 35.87371 17.81337 15.40511 35.87371 17.81337 -13.63499 30.75016 17.77635 -13.63499 30.75016 17.77635 -13.63499 30.75016 17.77635 -13.63499 30.75016 17.77635 -13.63499 30.75016 17.77635 15.29168 50.45706 23.7261 15.29168 50.45706 23.7261 15.29168 50.45706 23.7261 15.29168 50.45706 23.7261 15.29168 50.45706 23.7261 15.28716 50.39972 27.36606 -16.4207 50.28231 27.33894 -16.4207 50.28231 27.33894 -16.41621 50.33964 23.69898 -16.41621 50.33964 23.69898 -16.41621 50.33964 23.69898 -16.41621 50.33964 23.69898 9.856721 18.72101 8.585123 9.856721 18.72101 8.585123 9.856721 18.72101 8.585123 -11.91132 33.05257 8.640431 -11.91132 33.05257 8.640431 -11.91132 33.05257 8.640431 -13.07443 19.27303 8.575003 -13.07443 19.27303 8.575003 -13.07443 19.27303 8.575003 12.53951 19.1522 17.68781 12.53951 19.1522 17.68781 12.53951 19.1522 17.68781 12.5352 19.08141 21.1866 12.5352 19.08141 21.1866 12.5352 19.08141 21.1866 12.53071 19.00778 24.82654 12.53071 19.00778 24.82654 -13.83324 18.69771 24.85486 -13.83324 18.69771 24.85486 -13.64376 30.60575 24.91509 12.72197 30.49209 24.89204 12.72197 30.49209 24.89204 12.53071 19.00778 24.82654 -13.82875 18.77136 21.21492 -13.82875 18.77136 21.21492 -13.82875 18.77136 21.21492 -13.83324 18.69771 24.85486 -13.82444 18.84213 17.71612 -13.82444 18.84213 17.71612 -13.82444 18.84213 17.71612 -15.45804 36.53555 22.80001 -15.45804 36.53555 22.80001 -15.45804 36.53555 22.80001 -16.39591 35.72956 24.95197 -16.39591 35.72956 24.95197 -16.39591 35.72956 24.95197 -16.4207 50.28231 27.33894 -16.4207 50.28231 27.33894 -15.51345 49.25088 25.14057 -13.24911 32.4325 22.75114 -13.24911 32.4325 22.75114 -13.64376 30.60575 24.91509 12.36801 32.37394 22.72811 12.36801 32.37394 22.72811 12.72197 30.49209 24.89204 -13.64376 30.60575 24.91509 -13.64376 30.60575 24.91509 -13.24911 32.4325 22.75114 14.49288 36.53519 22.77581 14.49288 36.53519 22.77581 14.49288 36.53519 22.77581 15.39629 35.72929 24.95209 15.39629 35.72929 24.95209 15.39629 35.72929 24.95209 12.72197 30.49209 24.89204 12.72197 30.49209 24.89204 12.36801 32.37394 22.72811 14.39627 49.36165 25.16615 14.39627 49.36165 25.16615 15.28716 50.39972 27.36606 -0.5702862 53.16392 26.0984 -0.5702862 53.16392 26.0984 -0.5702862 53.16392 26.0984 -0.5804717 53.63003 28.30316 -0.5804717 53.63003 28.30316 -0.5804717 53.63003 28.30316 15.28716 50.39972 27.36606 15.28716 50.39972 27.36606 14.39627 49.36165 25.16615 -15.51345 49.25088 25.14057 -15.51345 49.25088 25.14057 -16.4207 50.28231 27.33894 13.13217 -27.7849 17.38339 13.13217 -27.7849 17.38339 -13.80876 -27.78627 17.35722 11.37367 -27.78451 8.221248 11.37367 -27.78451 8.221248 11.37367 -27.78451 8.221248 11.41743 -27.79768 8.177738 11.41743 -27.79768 8.177738 11.41743 -27.79768 8.177738 13.18251 -27.79807 17.33989 13.18251 -27.79807 17.33989 13.13217 -27.7849 17.38339 -12.05418 -27.78588 8.19508 -12.05418 -27.78588 8.19508 -12.05418 -27.78588 8.19508 -12.01044 -27.79906 8.151572 -12.01044 -27.79906 8.151572 -12.01044 -27.79906 8.151572 -13.80876 -27.78627 17.35722 -13.80876 -27.78627 17.35722 -13.75843 -27.79945 17.31373 15.31254 50.43975 18.04205 15.31254 50.43975 18.04205 2.90476e-7 45.28887 7.587983 2.90476e-7 45.28887 7.587983 2.90476e-7 45.28887 7.587983 2.90476e-7 45.28887 7.587983 6.982254 42.9392 8.084382 -16.33957 50.35135 18.05704 -16.33957 50.35135 18.05704 -7.943886 42.85758 8.069693 6.113202 50.41405 18.04641 6.113202 50.41405 18.04641 6.113202 50.41405 18.04641 15.31254 50.43975 18.04205 -16.33957 50.35135 18.05704 -8.193032 -50.87864 17.31375 -8.193032 -50.87864 17.31375 -8.193032 -50.87864 17.31375 -8.193732 -53.14659 21.08782 -8.193732 -53.14659 21.08782 -8.193732 -53.14659 21.08782 -16.45969 -28.99065 19.91234 -16.45969 -28.99065 19.91234 -16.45448 -28.90517 17.30718 -0.09603047 -60.15498 17.32106 -0.09603047 -60.15498 17.32106 -0.09603047 -60.15498 17.32106 -0.09669095 -62.42289 21.75777 -0.09669095 -62.42289 21.75777 -0.09669095 -62.42289 21.75777 7.915343 -50.80202 17.32753 7.915343 -50.80202 17.32753 7.915343 -50.80202 17.32753 7.91464 -53.06996 21.10162 7.91464 -53.06996 21.10162 7.91464 -53.06996 21.10162 15.99607 -28.75085 17.33494 15.99607 -28.75085 17.33494 15.99088 -28.83635 19.9401 -14.50733 -28.80571 6.633101 -14.50733 -28.80571 6.633101 -14.50733 -28.80571 6.633101 -14.59791 -28.8251 6.32183 -14.57169 -13.37498 6.486814 -14.57169 -13.37498 6.486814 -14.57169 -13.37498 6.486814 -16.46146 -27.80947 17.27845 -16.46146 -27.80947 17.27845 -16.46146 -27.80947 17.27845 -16.46146 -27.80947 17.27845 15.90899 -27.80782 17.30988 -16.46146 -27.80947 17.27808 -16.46146 -27.80947 17.27808 -16.45448 -28.90517 17.30718 -16.45448 -28.90517 17.30718 -16.45448 -28.90517 17.30718 -16.45969 -28.99065 19.91234 -16.45451 -28.90516 17.30754 -16.45451 -28.90516 17.30754 13.79694 8.826983 6.745726 13.79694 8.826983 6.745726 13.79694 8.826983 6.745726 -14.57321 -13.37498 7.943075 -14.57321 -13.37498 7.943075 -14.57321 -13.37498 7.943075 -14.57321 -13.37498 7.943075 -9.989259 -13.37498 -4.05507 -9.989259 -13.37498 -4.05507 -9.989259 -13.37498 -4.05507 13.79519 8.826983 8.201914 13.79519 8.826983 8.201914 9.2803 8.826977 -3.871587 9.2803 8.826977 -3.871587 9.2803 8.826977 -3.871587 9.2803 8.826977 -3.871587 9.428853 -13.37498 -4.046831 9.428853 -13.37498 -4.046831 9.428853 -13.37498 -4.046831 9.428853 -13.37498 -4.046831 -11.95077 8.826983 8.445821 -11.95077 8.826983 8.445821 -11.95077 8.826983 8.445821 13.9812 -13.37498 7.967708 13.9812 -13.37498 7.967708 13.9812 -13.37498 7.967708 -14.53554 8.826991 8.180082 -14.53554 8.826991 8.180082 -14.53554 8.826991 8.180082 15.61912 8.826984 14.14864 15.61912 8.826984 14.14864 15.61912 8.826984 14.14864 15.61912 8.826984 14.14864 -16.43685 -13.37497 13.95302 -16.43685 -13.37497 13.95302 -16.43685 -13.37497 13.95302 11.17596 8.826983 8.464921 11.17596 8.826983 8.464921 11.17596 8.826983 8.464921 12.89938 8.826988 14.14812 12.89938 8.826988 14.14812 12.89938 8.826988 14.14812 -11.98694 -13.37498 8.267458 -11.98694 -13.37498 8.267458 -11.98694 -13.37498 8.267458 -12.01044 -27.79906 8.151572 -13.75843 -27.79945 17.31373 -13.75843 -27.79945 17.31373 -13.72802 -13.37498 13.97681 -13.72802 -13.37498 13.97681 -13.72802 -13.37498 13.97681 -14.53402 8.826983 6.723881 -14.53402 8.826983 6.723881 -14.53402 8.826983 6.723881 -16.39898 8.826988 14.14602 -16.39898 8.826988 14.14602 -16.39898 8.826988 14.14602 14.02452 -28.64774 6.502483 14.02452 -28.64774 6.502483 15.90899 -27.80782 17.30988 15.79479 -13.37498 13.9731 15.79479 -13.37498 13.9731 15.79479 -13.37498 13.9731 15.79479 -13.37498 13.9731 15.79479 -13.37498 13.9731 14.11114 -28.66811 6.35009 14.11114 -28.66811 6.35009 13.98299 -13.37498 6.511459 13.98299 -13.37498 6.511459 -11.91132 33.05257 8.640431 11.01987 32.50056 8.650555 11.01987 32.50056 8.650555 12.73078 30.63652 17.75332 12.73078 30.63652 17.75332 15.40511 35.87371 17.81337 11.01987 32.50056 8.650555 12.73078 30.63652 17.75332 12.73078 30.63652 17.75332 2.90476e-7 45.28887 7.587983 2.90476e-7 45.28887 7.587983 2.90476e-7 45.28887 7.587983 -2.00554 32.05901 -4.826114 -2.00554 32.05901 -4.826114 1.18466 32.07002 -4.822808 1.18466 32.07002 -4.822808 1.18466 32.07002 -4.822808 2.90476e-7 45.28887 7.587983 1.263672 43.28268 -7.588109 1.263672 43.28268 -7.588109 1.255943 25.06405 -6.4495 -1.999733 25.15367 -6.451015 -1.999733 25.15367 -6.451015 -1.999733 25.15367 -6.451015 1.255943 25.06405 -6.4495 1.255943 25.06405 -6.4495 0.4120829 43.28268 -6.661885 0.4120829 43.28268 -6.661885 -17.69673 2.05746 -6.819476 -17.69673 2.05746 -6.819476 -13.99522 2.057463 -6.819488 -14.52997 2.057466 13.83592 -14.52997 2.057466 13.83592 -17.16197 2.057466 13.83592 -17.69672 -3.278699 -4.391137 -17.69672 -3.278699 -4.391137 -17.69672 -3.278699 -4.391137 -17.69673 2.05746 -6.819476 -17.69673 7.39362 -4.391141 -17.69673 7.39362 -4.391141 -17.69673 7.39362 -4.391141 -17.16197 2.057466 13.83592 -17.16197 2.057466 13.83592 -17.16197 2.057466 13.83592 -17.16197 -2.608383 7.323528 -17.16197 6.72331 7.323528 -13.99522 2.057463 -6.819488 -13.99522 2.057463 -6.819488 -13.99522 2.057463 -6.819488 -13.99522 -3.278699 -4.391133 -14.52997 -2.608379 7.323527 -14.52997 -2.608379 7.323527 -14.52997 -2.608379 7.323527 -14.52997 6.72331 7.323523 -14.52997 6.72331 7.323523 -14.52997 6.72331 7.323523 -13.99522 7.39362 -4.391143 -14.52997 2.057466 13.83592 13.40115 2.057467 -6.819492 17.10266 2.05746 -6.819495 17.10266 2.05746 -6.819495 13.93591 2.05747 13.83592 13.93591 2.05747 13.83592 16.56791 2.05747 13.83591 17.10266 -3.278699 -4.391139 17.10266 -3.278699 -4.391139 17.10266 -3.278699 -4.391139 16.5679 -2.608379 7.323523 16.56791 2.05747 13.83591 16.56791 2.05747 13.83591 16.56791 2.05747 13.83591 17.10266 7.393623 -4.391145 17.10266 7.393623 -4.391145 17.10266 7.393623 -4.391145 17.10266 2.05746 -6.819495 16.56791 6.72331 7.323522 13.40115 2.057467 -6.819492 13.40115 2.057467 -6.819492 13.40115 2.057467 -6.819492 13.40116 7.393623 -4.391143 13.93591 6.72331 7.323523 13.93591 6.72331 7.323523 13.93591 6.72331 7.323523 13.93591 -2.608375 7.323523 13.93591 -2.608375 7.323523 13.93591 -2.608375 7.323523 13.40116 -3.278699 -4.391142 13.93591 2.05747 13.83592</float_array>
          <technique_common>
            <accessor source="#jacht2_Mesh-mesh-positions-array" count="1485" stride="3">
              <param name="X" type="float"/>
              <param name="Y" type="float"/>
              <param name="Z" type="float"/>
            </accessor>
          </technique_common>
        </source>
        <source id="jacht2_Mesh-mesh-normals">
          <float_array id="jacht2_Mesh-mesh-normals-array" count="3954">0.001309275 -0.5840008 -0.8117522 0.001586735 -0.5839583 -0.8117823 0.001589059 -0.583958 -0.8117824 -0.8031191 -0.5936412 -0.05089157 -0.8031071 -0.5936577 -0.05088984 -0.8031114 -0.5936517 -0.05089008 -0.7920672 -0.6067872 -0.06662428 -0.7920523 -0.6068071 -0.0666207 -0.7920468 -0.6068148 -0.06661808 -0.5714433 -0.6295998 -0.5263618 -0.5714618 -0.6296238 -0.5263129 -0.5714269 -0.6296076 -0.5263703 -0.5714392 -0.6294842 -0.5265044 -0.5714674 -0.6294703 -0.5264905 -0.5714716 -0.6294692 -0.5264872 -0.7591961 -0.2699195 -0.5922541 -0.7591825 -0.2699096 -0.592276 -0.7591754 -0.2699074 -0.592286 -0.7503303 -0.2802108 -0.5987375 -0.750332 -0.2802099 -0.5987355 -0.7503079 -0.2801992 -0.5987707 0.00162518 -0.8231554 -0.567814 -0.7320984 -0.004962742 -0.681181 6.03375e-4 -0.1023849 -0.9947447 6.03837e-4 -0.1023959 -0.9947435 0.007278442 -0.592628 -0.8054435 0.007281601 -0.5926295 -0.8054423 0.00728029 -0.5926288 -0.8054428 0.00728172 -0.5926419 -0.8054332 0.007282793 -0.5926415 -0.8054335 0.007282376 -0.5926417 -0.8054333 -0.421006 -0.3219235 -0.848009 -0.4210243 -0.3219086 -0.8480055 -0.4210497 -0.321888 -0.8480008 -0.420971 -0.3218008 -0.8480728 -0.4209116 -0.3218477 -0.8480845 -0.4209411 -0.3218243 -0.8480789 -0.7320869 -0.005005776 -0.6811929 -0.732087 -0.005003869 -0.6811929 -0.7320868 -0.005290925 -0.6811908 -0.07533025 -0.07195615 -0.9945591 -0.0753324 -0.07195562 -0.9945589 -0.07533603 -0.07195138 -0.994559 -0.7997766 -0.6002725 -0.005500197 -0.7997766 -0.6002725 -0.005500197 -0.7997767 -0.6002725 -0.005500197 -0.7995828 -0.6005311 -0.005477786 -0.7995827 -0.6005311 -0.005477786 0.002292692 -0.9999716 -0.007193386 0.002435266 -0.9999711 -0.007205963 -0.638885 -0.5176737 -0.5690695 -0.6388556 -0.5176336 -0.5691389 -0.6388764 -0.5176619 -0.5690898 -0.6391373 -0.5174084 -0.5690274 -0.6391174 -0.5173813 -0.5690744 -0.6390957 -0.5173519 -0.5691255 -0.07522022 -0.07182377 -0.9945769 -0.07521951 -0.07182389 -0.994577 -0.07521915 -0.07182359 -0.9945771 -0.5686138 -0.643714 -0.5121628 -0.5685927 -0.6437215 -0.5121767 -0.5686191 -0.6437117 -0.5121598 -0.4390991 -0.6102914 -0.6593454 -0.4390969 -0.6102996 -0.6593394 -0.439112 -0.6102318 -0.6593919 -0.4380083 -0.6104369 -0.6599361 -0.4380124 -0.6104145 -0.6599541 -0.438016 -0.6103985 -0.6599664 -0.996856 -0.06014502 -0.05158287 -0.996856 -0.06014496 -0.05158293 -0.996856 -0.06014496 -0.05158293 -0.9970497 -0.05868148 -0.04948252 -0.9970497 -0.05868148 -0.04948252 -0.9970496 -0.05868148 -0.04948252 -0.5335054 -0.4391979 -0.7228259 -0.5336251 -0.4391669 -0.7227565 -0.5686591 -0.6436778 -0.512158 -0.5686072 -0.6437007 -0.5121869 -0.5686012 -0.6437053 -0.5121877 -0.8789486 0.4766724 -0.01525771 0.1892848 0.9814041 -0.03189724 0.2033829 0.9786495 -0.02967441 0.2034183 0.9786421 -0.02967488 -0.880753 0.4734062 -0.01267796 -0.8789504 0.4766675 -0.01530992 -0.8943562 -0.447121 0.01448637 -0.8789384 0.4766886 -0.01534175 -0.8807615 0.4733896 -0.0127089 -0.8807609 0.4733911 -0.01269769 -0.987512 -0.1574565 0.005247175 -0.8943546 -0.4471235 0.01450675 -0.2059575 -0.9777175 0.04062074 -0.8943441 -0.4471451 0.01449084 -0.7142527 -0.699501 0.0232715 -0.7385272 -0.6734984 0.03126555 -0.2059262 -0.9777231 0.04064512 0.8783304 -0.47755 0.02194988 -0.2059493 -0.9777183 0.04064416 -0.4356935 -0.737573 -0.5159044 -0.4406976 -0.7295497 -0.5230134 -0.4407016 -0.7295511 -0.5230079 0.8783394 -0.4775348 0.02192461 0.8948917 0.446034 -0.01491576 0.8783185 -0.4775717 0.02195471 -0.9870916 -0.1600536 0.00575459 -0.9874824 -0.157646 0.005132079 0.8995404 0.4366062 -0.01421701 0.8948834 0.4460499 -0.01493912 0.1892907 0.9814006 -0.03196698 0.8948841 0.4460483 -0.01494669 0.8995412 0.4366047 -0.01421326 0.8995489 0.43659 -0.01417773 0.2034116 0.9786425 -0.02970868 0.1893079 0.9813985 -0.03192955 0.01366531 0.01697939 0.9997625 0.01496368 0.009517669 0.9998428 0.01786446 0.01728564 0.999691 0.01787549 0.01729875 0.9996906 0.03352838 0.02631223 0.9990913 0.01661169 0.02133834 0.9996344 0.0136823 0.01702183 0.9997616 0.01784718 0.01730555 0.999691 0.01658636 0.02131003 0.9996354 0.01367157 0.01699197 0.9997622 0.01660126 0.02133142 0.9996346 0.008806228 0.0223515 0.9997114 -0.9999999 5.07148e-4 1.68815e-4 -0.999998 -4.39704e-4 -0.001985669 -1.44256e-5 2.87276e-5 1 4.62697e-5 3.21567e-5 1 -0.9999977 -9.55135e-4 0.001901566 -0.9999999 4.86366e-4 1.39436e-4 -0.9999988 -0.001537978 -5.02208e-4 -0.9999994 -8.93735e-4 -6.24339e-4 -0.9999982 -3.521e-4 -0.001888751 -0.9999981 -4.27073e-4 -0.0019508 -0.9999999 4.8675e-4 1.28572e-4 -0.9999985 -0.001633167 -5.60645e-4 -0.9999929 -0.003762841 -3.79626e-4 -0.9999957 -0.002560198 -0.001479685 -0.9999994 -9.46651e-4 -6.34209e-4 -0.9999994 -9.70005e-4 -6.29658e-4 -0.9999986 -0.001583337 -5.09409e-4 -0.9999935 -0.003606379 -4.98996e-4 -0.9999977 -9.80563e-4 0.001960337 -0.9999967 -0.00165677 0.001964986 -1 4.61194e-4 2.05134e-4 -0.9999982 -9.02818e-4 -0.001685976 -0.9999986 -0.001566827 -5.2915e-4 -0.9999999 4.6524e-4 3.67953e-5 -1 4.86137e-4 1.05571e-4 -0.9999967 -0.001655578 0.001969993 -0.9999982 -9.31138e-4 -0.001687824 -0.9999954 -0.002857148 -0.001030564 -0.9999928 -0.003785371 -3.43446e-4 -0.9999985 -0.001650989 -4.98735e-4 -0.9999986 -0.001603126 -5.34936e-4 -0.999998 -0.001055479 -0.001701176 -0.9999955 -0.002809286 -0.001069247 -6.24962e-5 2.92957e-5 1 -0.9999979 -4.39755e-4 -0.001985788 0.9999999 -5.22091e-4 -2.14368e-4 0.9999999 -4.87173e-4 -1.37469e-4 -0.9999976 -9.8869e-4 0.001981973 -3.04705e-6 3.23513e-5 1 -0.9999981 -3.88579e-4 -0.001920044 0.9999995 8.93722e-4 6.2442e-4 0.9999987 0.001585662 5.06987e-4 0.9999986 0.001605689 5.21339e-4 1 -4.86756e-4 -1.28571e-4 -0.9999981 -4.22095e-4 -0.001903176 0.9999994 9.89107e-4 6.5645e-4 0.9999957 0.002560198 0.001479685 0.999993 0.003727495 4.12002e-4 0.9999935 0.003606379 4.99013e-4 0.9999986 0.001583278 5.09411e-4 0.9999994 9.69956e-4 6.29631e-4 -0.9999968 -0.00165677 0.001965045 -0.9999978 -9.56519e-4 0.00191909 0.9999999 -4.91621e-4 -1.14217e-4 1 -4.65161e-4 -3.68153e-5 0.9999987 0.001566827 5.29203e-4 0.9999983 8.07289e-4 0.001677811 0.9999983 8.36061e-4 0.001675486 -0.9999967 -0.001675128 0.002013981 0.9999999 -4.86231e-4 -1.05542e-4 0.9999985 0.001650929 4.98849e-4 0.9999928 0.003785312 3.43476e-4 0.9999955 0.002857148 0.001030683 0.9999955 0.002846658 0.001039206 0.999998 0.001055479 0.001701235 0.9999986 0.001591682 4.88371e-4 0.08292013 0.7741027 -0.6276062 0.08228564 0.9811109 -0.1750734 0.09831959 0.9860511 -0.1343002 0.0982958 0.9860565 -0.1342775 0.02818375 0.9363622 -0.3499021 0.08293145 0.7741094 -0.6275963 -0.1799153 0.8250396 -0.5356679 -0.2457256 0.9470712 -0.2065798 0.08231055 0.9811085 -0.175075 0.08227717 0.9811124 -0.175069 0.08291363 0.7740972 -0.6276138 -0.1799001 0.825034 -0.5356817 -0.4682632 0.8266444 -0.3120717 -0.3905596 0.8713545 -0.2969928 -0.2457252 0.9470747 -0.2065644 -0.2457616 0.9470676 -0.2065535 -0.1799396 0.8250422 -0.5356559 -0.4682615 0.8266396 -0.3120868 0.01715427 0.5076369 -0.8614004 0.08290559 0.7741143 -0.6275936 0.02812713 0.9363623 -0.3499065 0.02818262 0.9363631 -0.3498998 -0.1921389 0.80078 -0.5673042 0.01716846 0.5076262 -0.8614063 0.1004881 0.4243576 -0.8999016 -0.1799122 0.8250486 -0.5356553 0.08288413 0.7741003 -0.6276138 0.08290356 0.7741131 -0.6275954 0.01717728 0.5076136 -0.8614136 0.1004676 0.4243603 -0.8999025 -0.2317357 0.6955795 -0.6800498 -0.4682652 0.8266468 -0.3120623 -0.1799129 0.825037 -0.5356729 -0.179939 0.8250232 -0.5356853 0.1005082 0.4243645 -0.8998962 -0.2317189 0.6955797 -0.6800553 -0.09831416 -0.9860512 0.1343033 -0.08228498 -0.9811107 0.1750745 -0.08293861 -0.7741005 0.6276064 -0.08293789 -0.7741086 0.6275963 -0.02818554 -0.936362 0.3499027 -0.09829437 -0.9860563 0.1342802 -0.08230984 -0.9811082 0.1750767 0.2457279 -0.9470729 0.2065693 0.1798965 -0.8250389 0.5356753 0.1798994 -0.8250344 0.5356814 -0.08293384 -0.7740985 0.6276094 -0.08227682 -0.9811127 0.1750667 0.2457309 -0.9470755 0.2065539 0.3905587 -0.8713548 0.2969928 0.4682629 -0.8266451 0.3120701 0.4682677 -0.8266361 0.3120868 0.1799292 -0.8250512 0.5356456 0.2457627 -0.9470628 0.2065742 -0.02817088 -0.9363489 0.3499389 -0.08292549 -0.7741181 0.6275864 -0.0171557 -0.5076421 0.8613973 -0.01714789 -0.5076168 0.8614123 0.1921381 -0.8007801 0.5673044 -0.02816939 -0.9363677 0.3498887 -0.08289903 -0.7740992 0.6276131 0.1799179 -0.8250488 0.5356531 -0.1004886 -0.4243615 0.8998997 -0.1004689 -0.4243585 0.8999034 -0.01716488 -0.5076161 0.8614125 -0.08294308 -0.7741085 0.6275958 0.1799119 -0.8250388 0.5356704 0.468269 -0.8266454 0.3120604 0.2317396 -0.6955744 0.6800538 0.231698 -0.6956062 0.6800353 -0.1005066 -0.4243693 0.8998941 0.1799228 -0.8250348 0.5356729 -0.001680195 -0.001457631 -0.9999976 -0.001679837 -0.001457273 -0.9999976 -0.001234471 -0.5088496 0.8608545 -5.43168e-4 -0.00892347 -0.9999601 -0.001195609 -0.5088645 0.8608458 -0.002554655 -0.510838 0.8596733 3.59919e-4 -0.002336263 -0.9999972 -0.002561151 -0.5108175 0.8596854 3.59918e-4 -0.002336263 -0.9999972 -0.00234729 -5.70287e-4 -0.9999971 -0.001202523 -0.5088672 0.8608442 -0.00234729 -5.70285e-4 -0.9999971 -0.003418207 -0.001190483 -0.9999935 -0.8807669 0.4733807 -0.0126664 -0.003418684 -0.00119102 -0.9999935 0.203428 0.9786412 -0.02963829 0.8995344 0.4366198 -0.0141828 -0.03362256 -0.03359037 -0.9988701 0.2034217 0.9786419 -0.02966237 -0.06248801 -0.05803805 -0.9963568 -0.0624839 -0.05804187 -0.9963568 -0.8807763 0.4733637 -0.01264828 0.2033535 0.9786546 -0.02970927 -0.004759252 -0.002415478 -0.9999858 -0.002426981 -0.5108243 0.8596818 -0.03120851 -0.03325778 -0.9989595 0.8995356 0.4366173 -0.01418262 0.899532 0.4366235 -0.01422256 -0.03830081 -0.04045104 -0.9984472 -0.002531111 -0.5108405 0.8596718 -0.6544455 -0.5648242 -0.5026675 -0.6544629 -0.564782 -0.5026925 -0.001229584 -0.5089034 0.8608228 -0.001218914 -0.5088599 0.8608486 -0.6543778 -0.5648536 -0.5027229 -0.6543766 -0.5648562 -0.5027213 -0.82157 -3.03104e-4 -0.5701076 -0.82157 -3.03115e-4 -0.5701075 -0.82157 -3.03105e-4 -0.5701076 -0.8216412 -3.47871e-4 -0.5700051 -0.002559602 -0.5107778 0.859709 -0.8216412 -3.47872e-4 -0.5700051 -0.001017212 -0.6126925 -0.7903207 -0.001017212 -0.6126925 -0.7903208 -0.001017212 -0.6126925 -0.7903208 -0.001895248 -0.6142075 -0.7891424 -0.001895248 -0.6142074 -0.7891424 -0.001895248 -0.6142075 -0.7891424 -5.49821e-4 -4.46064e-4 -0.9999998 -5.51469e-4 -4.47358e-4 -0.9999998 -0.001218736 -0.5088549 0.8608515 -0.5746368 -0.5425472 -0.6127275 -0.5745612 -0.5425884 -0.612762 -0.5748503 -0.5444135 -0.6108691 -0.002542555 -0.5107998 0.859696 -0.001228749 -0.5088715 0.8608417 -0.8038401 -0.4057139 -0.4350143 -0.8038429 -0.405741 -0.434984 -0.8038455 -0.4057726 -0.4349495 -5.72198e-4 -0.993935 -0.1099678 -5.70455e-4 -0.9939352 -0.1099662 -5.71145e-4 -0.9939351 -0.1099669 -5.76822e-4 -0.993937 -0.1099495 -5.74676e-4 -0.9939372 -0.109948 -8.05985e-4 -0.993918 -0.1101201 -0.502447 -0.4058102 -0.7634561 -0.5024638 -0.405798 -0.7634515 -0.5024535 -0.4058055 -0.7634543 -0.5024917 -0.4058058 -0.7634289 -0.5024963 -0.4058016 -0.7634282 -0.502528 -0.4057785 -0.7634196 0.009468436 -0.481076 -0.8766279 0.009469151 -0.4810938 -0.876618 -0.8038476 -0.4057859 -0.4349334 -0.8038471 -0.405761 -0.4349574 -0.8038458 -0.4057441 -0.4349756 -0.9353909 -0.1594185 -0.3156417 -0.9353884 -0.1594094 -0.3156538 -0.9353852 -0.1593967 -0.3156697 -0.3133695 -0.9171803 -0.2461296 -0.3133806 -0.9171792 -0.2461197 -0.313426 -0.9171747 -0.2460788 -0.3133879 -0.9171792 -0.2461107 -0.3134048 -0.9171775 -0.2460955 -0.3133932 -0.9171786 -0.2461063 -0.0170198 -0.3613241 -0.932285 -0.01702016 -0.3613258 -0.9322843 -0.5447317 -0.4519836 -0.706384 -0.5447592 -0.4519661 -0.7063739 -0.5447081 -0.4519981 -0.7063928 -0.5447549 -0.4519747 -0.7063718 -0.5446762 -0.4520246 -0.7064005 -0.5447331 -0.4519885 -0.7063797 -0.9353936 -0.1594073 -0.3156394 -0.9353885 -0.1593827 -0.3156669 -0.9353921 -0.159397 -0.3156491 0.1892498 0.9814098 -0.03192585 -0.8789654 0.4766398 -0.01530891 -0.166083 0.415055 0.8945087 -0.1660851 0.4150547 0.8945084 -0.1691438 0.4183161 0.8924136 0.1892305 0.9814137 -0.03192108 -0.8789675 0.476635 -0.0153352 -0.8943716 -0.4470891 0.01452088 -0.4162898 -0.0496658 0.9078745 -0.4162859 -0.04966294 0.9078765 -0.1661031 0.4150665 0.8944996 -0.8789409 0.4766852 -0.01529407 -0.8943731 -0.4470867 0.01450228 -0.2058808 -0.9777315 0.04067355 -0.2917531 -0.2878139 0.9121642 -0.2917592 -0.2878268 0.9121581 -0.4162993 -0.04968291 0.9078693 -0.8943503 -0.4471328 0.01449257 -0.2059221 -0.9777255 0.0406084 0.8783119 -0.4775862 0.02190065 0.1826033 -0.3866113 0.9039844 0.1826063 -0.3866175 0.9039812 -0.2917637 -0.2878301 0.9121556 -0.2058741 -0.9777346 0.04063153 0.8783426 -0.4775282 0.02193796 0.8948976 0.4460217 -0.01493656 0.4469915 0.08993387 0.890006 0.4469706 0.08992522 0.8900173 0.182599 -0.38661 0.9039859 0.8783481 -0.4775179 0.02193397 0.8949087 0.445999 -0.01494246 0.1893558 0.9813881 -0.03196871 -0.1691554 0.4182906 0.8924234 -0.1691367 0.4183309 0.8924081 0.4469853 0.08991193 0.8900112 0.8948869 0.4460434 -0.01492184 -0.1691507 0.4183047 0.8924177 -0.1660965 0.4150211 0.8945219 0.008782565 0.0223152 0.9997125 0.008856236 0.02238613 0.9997103 0.01662856 0.02132624 0.9996343 -0.1691778 0.418327 0.8924021 -0.1660761 0.4150019 0.8945347 -0.4162906 -0.04966157 0.9078744 0.01367974 0.01692223 0.9997633 0.01365923 0.01700288 0.9997621 0.008846282 0.02241581 0.9997096 -0.1660999 0.4150602 0.8945031 -0.416289 -0.0496928 0.9078734 -0.2928665 -0.2867024 0.9121572 0.01496416 0.009535193 0.9998427 0.01499038 0.009495794 0.9998426 0.01367527 0.01699274 0.9997621 -0.4162756 -0.04966038 0.9078813 -0.2917373 -0.2877887 0.9121771 0.182645 -0.3865866 0.9039866 0.01789283 0.01722943 0.9996914 0.01790893 0.01723808 0.999691 0.01494801 0.00957489 0.9998425 -0.2916945 -0.2877712 0.9121963 0.18261 -0.3866726 0.9039569 0.4469917 0.08995139 0.8900041 0.0335294 0.02630424 0.9990915 0.03351873 0.02636879 0.9990903 0.01785665 0.01727896 0.9996913 0.1826171 -0.386603 0.9039852 0.4470001 0.08991801 0.8900033 -0.1691794 0.4183223 0.8924039 0.0165444 0.02137023 0.9996348 0.01659238 0.02131634 0.9996351 0.03349173 0.02638012 0.9990909 0.4469833 0.08995622 0.8900077 -0.9314177 -0.3202669 -0.1728882 -0.9202599 -0.367998 -0.1330387 -0.9135491 -0.3871501 -0.1246707 -0.920262 -0.3679933 -0.1330366 -0.9182839 -0.345308 -0.1936932 -0.9836886 -0.01101386 -0.1795424 -0.6156663 -0.5749869 -0.5388367 -0.6156687 -0.5749822 -0.5388392 -0.6156533 -0.5750147 -0.538822 -0.7702079 -0.5828688 -0.2589284 -0.770202 -0.5828779 -0.258925 -0.7702155 -0.5828568 -0.2589328 -0.6833371 -0.5037541 -0.5284717 -0.6833398 -0.5037713 -0.5284518 0.9398049 -0.3236323 -0.1096761 -0.7647134 -0.4252899 -0.4840888 0.9398148 -0.3236101 -0.1096577 -0.7647064 -0.4252554 -0.4841301 -0.7161158 -0.4773144 -0.5092632 -0.7161151 -0.4773098 -0.5092688 -0.716113 -0.4772961 -0.5092846 -0.5217962 -0.6148357 -0.5913594 -0.521803 -0.614856 -0.5913324 -0.521816 -0.6148946 -0.5912807 -0.4943178 -0.6308958 -0.5980139 -0.4943309 -0.6309373 -0.5979593 -0.4943302 -0.6309355 -0.5979616 -0.7181252 -0.6270669 -0.3018003 -0.7077161 -0.6447486 -0.2888551 -0.809723 -0.3356081 -0.4813689 -0.805706 -0.2267856 -0.5471802 -0.9346491 0.005381107 -0.3555309 -0.900093 0.2786807 -0.3349176 -0.9001012 0.2786733 -0.3349017 -0.9350648 0.004531383 -0.3544479 0.918174 0.2502318 -0.3071493 -0.8009949 -0.5568951 0.2197158 -0.8009949 -0.5568952 0.2197158 0.8459846 -0.3236232 -0.4237663 -0.5780104 -0.5770867 -0.5769532 -0.5780026 -0.5771384 -0.5769093 0.8459923 -0.3236204 -0.4237536 -0.5703632 -0.5806413 -0.5809832 -0.5703673 -0.58054 -0.5810806 0.8459902 -0.3236302 -0.4237502 -0.6691204 -0.5319482 -0.5189501 -0.669124 -0.5319073 -0.5189874 -0.4434451 -0.630877 -0.6366716 -0.4434466 -0.6308376 -0.6367096 -0.4434483 -0.6307768 -0.6367686 -0.4248127 -0.6352389 -0.6449851 -0.4248128 -0.6352331 -0.6449908 -0.4248151 -0.6351881 -0.6450336 -0.4388169 -0.6365088 -0.6342684 -0.4388178 -0.6365281 -0.6342483 -0.4388179 -0.6365071 -0.6342693 -0.6718918 -0.4995046 -0.5468606 -0.6628569 -0.5188397 -0.539839 -0.6703993 -0.5325949 -0.516631 -0.3288366 -0.2354977 -0.9145532 -0.293699 -0.08742827 -0.9518914 -0.4171965 0.05950945 -0.906866 -0.3254771 0.008695244 -0.94551 0.8505597 0.3322901 -0.4075925 -0.8426027 0.4476798 -0.2993385 0.04019653 0.9527084 -0.301216 0.3848633 0.5011285 -0.775081 -0.6259219 -0.6657589 -0.4061858 -0.6258708 -0.6658025 -0.4061931 -0.4743392 -0.4813055 -0.737121 -0.4743232 -0.4813216 -0.7371208 0.3848705 0.5011375 -0.7750717 -0.1470551 -0.4316207 -0.889988 -0.1470708 -0.431595 -0.8899977 -0.147063 -0.4316077 -0.8899928 -0.3947653 -0.554548 -0.732555 -0.3947895 -0.5545024 -0.7325766 -0.3947826 -0.5545156 -0.7325702 0.09355974 -0.3289141 -0.9397139 0.09356248 -0.3289187 -0.939712 0.09355849 -0.328912 -0.9397148 -0.1872164 -0.4878975 -0.852588 -0.1872366 -0.4878609 -0.8526045 -0.1872175 -0.4878957 -0.8525888 -0.1687833 -0.1261294 -0.9775499 -0.2474892 -0.2025578 -0.9474806 -0.2475173 -0.2025313 -0.947479 -0.2475309 -0.2025187 -0.9474781 -0.2483825 -0.2047541 -0.9467745 -0.2483689 -0.2047669 -0.9467752 -0.2483656 -0.20477 -0.9467756 4.6896e-4 -0.1905149 0.9816843 5.06081e-5 -0.237942 0.9712795 -1.39926e-4 -0.1891486 0.9819485 4.70454e-4 -0.1904798 0.981691 -1.35428e-4 -0.1891357 0.981951 5.95897e-5 -0.1815513 0.9833816 4.73271e-4 -0.1904925 0.9816886 8.19679e-5 -0.1816016 0.9833722 7.92151e-4 -0.1831997 0.9830755 -0.9202477 -0.3680174 -0.1330693 -0.8860097 -0.4636568 -0.003021419 -0.8860109 -0.4636546 -0.003023922 -0.9108285 -0.3613246 -0.1995893 -0.9108248 -0.3613389 -0.1995801 -0.9108234 -0.3613486 -0.1995698 -0.814168 0.2920066 -0.5018594 0.9398031 -0.3236324 -0.1096915 -0.814168 0.2920069 -0.5018593 -0.8096992 -0.3350176 -0.48182 -0.8056961 -0.2267732 -0.5472001 -0.8010772 -0.1868126 -0.568662 -0.8057036 -0.2268046 -0.5471761 -0.8411476 -0.4042351 -0.359256 -0.5782165 -0.5770075 -0.5768259 0.8459931 -0.3236289 -0.4237455 -0.5782218 -0.5769617 -0.5768663 -0.4388141 -0.6364715 -0.6343078 -0.4388149 -0.6364948 -0.6342838 -0.4388149 -0.6364537 -0.6343251 -0.6703945 -0.5325809 -0.5166516 -0.1320151 -0.3389182 -0.9315077 -0.1320227 -0.3389075 -0.9315105 -0.1320099 -0.3389249 -0.9315059 -0.3136181 -0.2427949 -0.9179839 -0.203747 -0.2620496 -0.9433013 -9.15177e-4 0.0147615 0.9998906 -9.731e-4 0.02683913 0.9996393 9.38623e-4 -0.02687221 -0.9996385 -9.1447e-4 0.01475113 0.9998908 9.47466e-4 -0.02657473 -0.9996464 9.47472e-4 -0.02657473 -0.9996464 -0.0314958 -0.03237426 -0.9989795 -9.84677e-4 -7.08808e-5 0.9999995 -9.13756e-4 0.01476073 0.9998907 -0.02846997 -0.02929764 -0.9991652 -8.5555e-4 -3.60679e-6 0.9999997 -9.13719e-4 0.01474034 0.999891 -0.001041233 3.84366e-5 0.9999995 -7.23982e-4 -7.08459e-5 0.9999998 -0.6957746 -0.4077589 -0.5912957 -0.695748 -0.4077439 -0.5913372 -0.9001093 0.278657 -0.3348933 -0.7739698 -0.4984818 -0.3904955 -0.7739457 -0.4985669 -0.3904344 0.9351015 0.009913802 -0.3542414 0.9350877 0.01008397 -0.354273 -0.7732585 -0.4996601 -0.3903989 -0.7732532 -0.4996783 -0.3903858 -0.4351896 0.5101854 -0.7418362 -0.3417199 0.101708 -0.9342821 -0.3417224 0.1017094 -0.9342811 -0.6379447 -0.3975934 -0.6595044 -0.6379477 -0.3975932 -0.6595017 -0.435184 0.510201 -0.7418287 -0.4559264 -0.5261387 -0.7178505 -0.4559417 -0.5261175 -0.7178562 -0.4559671 -0.5260828 -0.7178655 -0.3860904 -0.4846609 -0.7848809 -0.386091 -0.4846602 -0.7848811 -0.3860727 -0.4846844 -0.784875 -0.001002728 -0.007847726 0.9999688 -0.001116275 -0.008032143 0.9999672 -0.8118899 -0.0464695 -0.5819584 -0.8119118 -0.04647892 -0.5819271 -0.8119116 -0.04647886 -0.5819272 -0.7613722 0.01091361 -0.6482232 -0.9202773 -0.3679679 -0.1330015 -0.8056898 -0.2267947 -0.5472005 -0.3418682 -0.3654671 -0.8657714 -0.534229 -0.5528709 -0.6394788 -0.5341934 -0.5529171 -0.6394687 -0.9202886 -0.367914 -0.1330732 -0.4458085 -0.3722777 -0.8140418 -0.4458462 -0.3722443 -0.8140366 -0.4458405 -0.3723021 -0.8140131 -0.7187228 -0.6556303 -0.2314875 -0.5433574 -0.6022068 -0.5849015 -0.5433688 -0.6022359 -0.584861 -0.5433493 -0.6021882 -0.5849282 -0.4028962 -0.04202055 -0.9142807 -0.4028982 -0.04201894 -0.9142798 -0.4028974 -0.04201954 -0.9142801 -0.4377095 0.2210671 -0.8715158 0.8460157 -0.3235967 -0.4237249 0.8459762 -0.3236572 -0.4237575 0.9398161 -0.3236222 -0.1096099 -0.7894635 0.1023682 -0.6052011 0.846006 -0.3236703 -0.4236878 -0.7731894 -0.3955249 -0.4957199 -0.7731765 -0.3954874 -0.4957702 -0.8303179 0.2967836 -0.4716903 0.9398091 -0.3236249 -0.1096622 0.8459689 -0.3236123 -0.4238062 -0.9999643 -0.00836718 -0.001201689 -0.9999644 -0.008364617 -0.001168847 0.9181803 0.250229 -0.3071327 -0.9000872 0.2786387 -0.3349684 -0.7586597 -0.4078042 -0.5080663 -0.7586602 -0.4078045 -0.5080651 -0.9993466 -0.02418792 -0.02685928 -0.9993466 -0.02418535 -0.0268619 -0.9993466 -0.02418637 -0.02686083 -0.9993465 -0.02418744 -0.02686417 -0.9993465 -0.02418631 -0.0268653 -0.9993465 -0.02418607 -0.02686554 -0.9292393 -0.3693804 -0.008515357 -0.9292396 -0.3693799 -0.008514583 -0.8056779 -0.2267462 -0.547238 -0.8057004 -0.2267746 -0.547193 -0.9202502 -0.3680037 -0.1330897 -0.3656556 -0.4080004 -0.8365595 -0.006458699 -0.2253238 -0.9742626 -0.006458699 -0.2253237 -0.9742625 0.006420552 0.2252958 0.9742692 0.006395995 0.2252908 0.9742706 0.01152759 0.2262389 0.9740037 -0.0115655 -0.226267 -0.9739966 -0.4658686 -0.8072032 -0.3624772 0.01147955 0.2262324 0.9740057 -2.32318e-4 -0.9570505 0.2899214 -2.32377e-4 -0.9570572 0.2898991 -0.4659479 -0.807121 -0.362558 -0.4660031 -0.8071083 -0.3625153 -0.2447727 -0.1282846 0.9610564 -0.423993 -0.4584822 -0.7810404 -0.4240038 -0.4584703 -0.7810416 -0.373026 -0.2903386 -0.8812237 -0.002257823 -0.1630911 0.9866085 -0.2447455 -0.1282663 0.9610658 7.88644e-5 -0.1816118 0.9833704 8.73154e-4 -0.0114389 0.9999342 8.78627e-4 -0.01140159 0.9999346 8.03013e-4 -0.1832214 0.9830715 9.38811e-5 -0.1816174 0.9833694 0.01150792 0.2262411 0.9740034 0.006433129 0.2253521 0.9742562 -0.001014471 -0.007842659 0.9999687 -0.001000821 -0.007862269 0.9999686 -0.001094222 -0.001554787 0.9999982 0.01154774 0.2262212 0.9740075 -5.88407e-5 1 5.40378e-5 -5.10765e-5 1 3.26335e-5 -0.2447913 -0.1283542 0.9610424 -0.002248764 -0.1631498 0.9865987 -0.9557689 0.04988652 -0.2898574 -0.9827946 0.003046751 -0.1846773 -0.9827946 0.003046751 -0.1846773 -0.2447276 -0.1282459 0.9610731 -0.02401554 -0.9985081 -0.04903924 -0.02400183 -0.9985094 -0.04902112 0.01179593 -0.9989688 0.04384374 -0.02400171 -0.9985094 -0.04902118 -0.999991 -0.004049777 -0.001315593 -0.9999073 0.001103103 -0.0135802 -0.9999696 -0.00687772 -0.003683745 -0.9999696 -0.00687772 -0.003683745 0.9999699 0.006843984 0.00364989 0.9999699 0.006845831 0.003657698 -0.9999788 -0.006367444 -0.001399099 -0.9999788 -0.006367444 -0.001399099 -0.7143766 -0.4487885 -0.5368939 0.9999698 0.006867408 0.00364232 0.8906131 -0.4546898 -0.008096039 0.8906124 -0.4546911 -0.008099734 -0.714357 -0.448741 -0.5369597 0.01163226 -0.9989698 0.04386574 0.01173532 -0.9997268 -0.02021229 0.01173603 -0.999727 -0.02020633 -0.0240314 -0.9985069 -0.04905647 0.01179909 -0.9989697 0.04382383 -0.2413861 -0.1352903 0.9609522 -0.9007409 -0.4342443 -0.009886741 -0.9999909 -0.004045426 -0.001305758 -0.999991 -0.004040598 -0.001332521 -0.9007428 -0.4342401 -0.009895861 -0.2447516 -0.1283314 0.9610556 -0.9999331 -0.002361476 -0.01133209 -0.9999913 -0.003982067 -0.00129944 -0.999933 -0.002360761 -0.0113328 -0.9999981 -0.001497626 -0.001254975 -0.999991 -0.004045069 -0.001334846 -0.9007408 -0.4342445 -0.009894728 -0.9007464 -0.4342328 -0.00988692 -0.999933 -0.002377629 -0.01132792 -0.999991 -0.004041671 -0.001324951 0.01173532 -0.999727 -0.02020698 0.01173603 -0.9997268 -0.02021443 0.8906136 -0.4546888 -0.008099436 0.9999698 0.006868898 0.003630399 0.8906137 -0.4546886 -0.008100867 0.9999701 0.006855726 0.003577649 -0.9999728 -0.007255852 -0.00138843 0.9999731 0.007222175 0.001354515 0.9999731 0.007211029 0.001381158 0.8906154 -0.4546853 -0.0080868 0.9999701 0.006858885 0.003558039 -0.1975194 -0.9802846 -0.005315303 -0.1975193 -0.9802846 -0.005315124 0.1974904 0.9802907 0.005277812 0.1974841 0.980292 0.005256175 0.9999731 0.007226347 0.001300752 -0.2003808 -0.979592 -0.01571816 -0.3015389 -0.8626432 -0.4061048 -0.3015416 -0.8626435 -0.4061022 -0.9999982 -0.001482248 -0.001253545 -0.999998 -0.001507639 -0.001323938 0.197513 0.9802862 0.005262196 -0.3120878 -0.8572813 -0.4094753 -0.07177478 -0.06795722 -0.9951032 -0.07177799 -0.067954 -0.9951032 -0.02394729 -0.99851 -0.04903686 -0.02409088 -0.9985065 -0.04903674 -0.02406036 -0.9985072 -0.04903662 -0.07178407 -0.06794852 -0.9951031 -0.8603297 -0.3981829 -0.3182502 0.8906241 -0.4546685 -0.008093953 0.01180678 -0.9989716 0.04377824 0.01180028 -0.9989696 0.04382628 -0.02402067 -0.9985055 -0.0490908 -0.7836837 -0.4684696 -0.4078924 0.8906156 -0.4546843 -0.008131206 0.8906156 -0.4546852 -0.00808525 0.01174384 -0.9997256 -0.02026784 0.01174265 -0.9997263 -0.02023649 0.01179379 -0.9989683 0.04385501 0.8906151 -0.454685 -0.008134722 0.8906151 -0.4546865 -0.00807321 0.890615 -0.4546861 -0.008090078 0.01174277 -0.9997261 -0.02024686 0.0117433 -0.9997283 -0.02013546 0.01174324 -0.9997273 -0.02018815 0.8906155 -0.4546846 -0.00812149 0.8906199 -0.4546763 -0.008098542 -0.9007562 -0.4342119 -0.009919583 0.01172828 -0.9997276 -0.02018022 0.01173055 -0.9997259 -0.02025955 0.01179701 -0.9997252 -0.02025961 0.8906329 -0.4546514 -0.008076548 -0.9007501 -0.4342257 -0.009878396 -0.9007501 -0.4342258 -0.009874761 0.01172012 -0.9997274 -0.02019506 0.01171892 -0.9997273 -0.02020233 0.01171898 -0.9997264 -0.02024793 -0.9007505 -0.4342242 -0.009895145 -0.9007495 -0.4342271 -0.009874343 -0.2447665 -0.1283015 0.9610557 -0.02399575 -0.998507 -0.04907256 -0.02399718 -0.9985098 -0.04901611 0.01172029 -0.9997264 -0.02024298 -0.9007499 -0.4342256 -0.009884774 -0.2447622 -0.1282312 0.9610663 -0.9828445 0.08374124 -0.1643294 -0.02408474 -0.9985089 -0.04899054 -0.02400034 -0.9985093 -0.04902261 -0.0239976 -0.9985079 -0.04905426 -0.2447891 -0.1283287 0.9610463 -0.999998 -0.001510024 -0.00131309 -0.9999326 -0.002359509 -0.01136982 7.24792e-5 -0.1815906 0.9833742 7.91848e-5 -0.1815604 0.9833799 -1.59852e-4 -0.1891415 0.9819498 -0.9999982 -0.001474797 -0.001273095 -0.9999324 -0.002399682 -0.01137536 -0.9007541 -0.4342169 -0.009895801 8.65676e-4 -0.01142793 0.9999344 9.00149e-4 -0.01150548 0.9999335 7.2699e-5 -0.1816265 0.9833676 -0.9999331 -0.002351403 -0.0113306 -0.9007241 -0.4342777 -0.009951353 0.8906158 -0.4546852 -0.008046269 8.64111e-4 -0.01143413 0.9999343 8.63469e-4 -0.0114488 0.9999341 8.89786e-4 -0.01144921 0.9999341 -0.9007393 -0.4342467 -0.009935438 0.8906304 -0.4546559 -0.008097648 0.8906001 -0.4547153 -0.008097827 7.70956e-4 -0.1831988 0.9830756 7.31111e-4 -0.1832531 0.9830656 8.81404e-4 -0.01143062 0.9999343 0.8906206 -0.4546752 -0.008092284 0.8906332 -0.4546493 -0.008155584 0.9999732 0.007205307 0.001332581 4.56124e-4 -0.1904857 0.9816898 4.82321e-4 -0.1904757 0.9816918 7.74335e-4 -0.1832169 0.9830722 0.8906466 -0.4546238 -0.008113026 0.9999727 0.00725007 0.001438915 0.197482 0.9802923 0.005292117 5.80549e-5 -0.2379224 0.9712842 8.10325e-5 -0.2379463 0.9712783 4.82306e-4 -0.1904889 0.9816893 0.9999736 0.007149577 0.00135678 0.1974783 0.9802928 0.005322575 -0.999998 -0.001515448 -0.001323997 -1.4098e-4 -0.189132 0.9819517 -2.25395e-4 -0.1891438 0.9819494 2.97874e-5 -0.2379263 0.9712833 0.1974532 0.9802981 0.005296707 -2.32277e-4 -0.957127 0.2896686 0.01152145 0.2262442 0.9740025 -6.29692e-5 1 1.176e-4 -3.73341e-5 1 1.45584e-4 -7.12275e-5 1 3.016e-5 -2.32818e-4 -0.9569939 0.290108 0.01152944 0.226222 0.9740076 -0.001039028 -0.007937312 0.999968 -7.52807e-5 1 5.19827e-5 -4.27067e-5 1 3.79868e-5 -3.81321e-5 1 5.69746e-5 0.01151418 0.2262499 0.9740012 -0.001070559 -0.007859587 0.9999686 -0.001131534 -0.007976412 0.9999676 -5.80657e-5 1 5.09024e-5 -7.26746e-5 1 7.19726e-5 -4.71175e-5 1 7.18236e-5 -0.00107038 -0.007934689 0.9999679 -0.001215755 -0.008030235 0.999967 -2.0951e-4 -0.9570879 0.289798 -8.3983e-5 1 2.07089e-5 -9.86457e-6 1 6.53192e-5 -1.43796e-4 1 2.69711e-5 -0.001036942 -0.008051216 0.9999671 -0.5318023 -0.7244484 -0.4385896 -0.003175079 0.9741351 -0.2259441 -0.5317532 -0.724465 -0.4386219 -0.5986886 -0.6217808 -0.5049363 -0.5928263 -0.6260358 -0.5065927 -0.592816 -0.6260436 -0.5065952 -0.5317926 -0.7244525 -0.4385946 -0.003172934 0.9741349 -0.2259455 -0.53177 -0.7244599 -0.4386098 -0.5918167 -0.4769926 -0.6497931 -0.591839 -0.4769852 -0.6497783 -0.5918347 -0.4769873 -0.6497805 -0.4607335 -0.3577146 -0.8122591 -0.4607059 -0.3577361 -0.8122654 -0.4606567 -0.3577741 -0.8122765 -0.07367026 -0.9945758 -0.07342922 -0.07366454 -0.9945759 -0.07343363 -0.00318557 0.9741407 -0.2259202 -0.0691089 -0.9950751 -0.07106125 -0.06910419 -0.9950751 -0.07106602 -0.003173947 0.9741367 -0.2259377 -0.02486181 -0.9992541 -0.0295524 -0.02486473 -0.999254 -0.02955216 -0.003189623 0.9741431 -0.2259097 -0.9157137 -0.3443458 -0.2071101 -0.9157089 -0.344348 -0.2071275 -0.9458781 -0.3242807 -0.01252347 -0.7139368 -0.6234245 -0.3188043 -0.7139375 -0.6234212 -0.3188092 -0.9157156 -0.3443342 -0.2071211 -0.684615 -0.6247059 -0.3755596 -0.4790848 -0.633169 -0.6079267 -0.4790885 -0.6331941 -0.6078976 0.7068281 -0.5952802 -0.3821458 0.706825 -0.5952807 -0.382151 -0.7139859 -0.6233934 -0.3187552 -0.4911429 -0.631896 -0.5995716 -0.7724387 -0.3971542 -0.4955877 -0.7724367 -0.3971489 -0.4955949 0.9381088 -0.3462107 -0.009492099 0.9381073 -0.3462152 -0.009473323 0.7068359 -0.595256 -0.3821693 -0.71372 -0.4846757 -0.5056614 -0.9247941 -0.3260304 -0.1961125 -0.9157362 -0.3443017 -0.2070835 -9.77814e-4 -8.87662e-5 0.9999995 -0.001003742 -3.95533e-5 0.9999996 -0.9359345 -0.3519169 -0.01345801 -0.9359345 -0.3519169 -0.01345801 -0.9157112 -0.3443523 -0.2071097 -0.7139329 -0.6234283 -0.3188057 -8.65786e-4 -4.29749e-5 0.9999997 -8.87007e-4 1.15037e-5 0.9999997 -0.001040637 -3.1665e-5 0.9999995 -0.9157329 -0.3443011 -0.2070991 -0.7139672 -0.6233721 -0.3188389 0.7068125 -0.5953048 -0.3821368 -7.10726e-4 -8.66158e-5 0.9999998 -7.28622e-4 -6.71744e-5 0.9999998 -8.83385e-4 -2.63154e-5 0.9999996 -0.7139344 -0.6234108 -0.3188366 0.7068587 -0.5952585 -0.3821233 0.9380881 -0.3462668 -0.009492993 -9.09239e-4 0.01481091 0.9998899 -8.97974e-4 0.01474869 0.9998909 -7.44015e-4 -7.43568e-5 0.9999998 0.7068008 -0.5953149 -0.3821424 -0.8133987 -0.4597991 -0.3563252 -0.8133916 -0.4598295 -0.3563018 -0.8133874 -0.4598488 -0.3562865 -0.9732848 -0.008016109 -0.2294616 -0.9701659 -0.006344377 -0.2423596 -0.9834578 -0.03907096 -0.1768738 -0.9732923 -0.008029162 -0.2294288 6.19141e-5 -0.9995238 -0.03085678 6.24922e-5 -0.9995238 -0.03085756 6.21376e-5 -0.9995238 -0.03085833 -0.6854161 -0.727645 -0.02715951 -0.6854144 -0.7276436 -0.02724081 -0.6854091 -0.7276386 -0.02750271 -0.9978727 -0.008294522 -0.06466293 -0.9978854 -0.008236706 -0.06447553 -0.9978779 -0.008216202 -0.06459349 -0.9998606 -0.006574451 -0.01534926 -0.9998621 -0.006507992 -0.01527982 -0.9998508 -0.007019639 -0.01578688 -0.8811655 -0.3870169 -0.2715976 -0.8811634 -0.3870282 -0.2715885 0.9729414 0.01388329 -0.2306343 0.9729468 0.01389431 -0.2306114 -0.8404492 -0.4325411 -0.3264252 -0.8404564 -0.4325062 -0.3264529 -0.9337924 0.005404353 -0.3577747 -0.9341351 0.004551291 -0.3568907 -0.3235512 0.008698642 -0.9461708 -0.4164032 -0.06293529 -0.9069993 -0.1040581 -0.09591561 -0.9899355 -0.1040611 -0.09591263 -0.9899355 -0.1040665 -0.09590733 -0.9899354 0.001469373 -0.07002437 -0.9975442 9.18373e-4 -0.07019513 -0.9975329 -0.7769433 -0.4965852 -0.3869915 -0.7769337 -0.4966191 -0.3869671 0.9351055 0.01006072 -0.354227 0.9351068 0.01020032 -0.3542196 -0.7739433 -0.4985757 -0.390428 -0.7739616 -0.4985111 -0.3904744 -0.3868861 -0.4855415 -0.7839443 -0.3869017 -0.4855207 -0.7839494 -0.3868902 -0.4855359 -0.7839457 -0.3953307 -0.5248427 -0.7538262 -0.3953729 -0.5247765 -0.75385 -0.3953391 -0.5248296 -0.7538308 -8.25886e-4 -0.008032023 0.9999675 -0.09297055 -0.0864942 -0.9919049 -0.00100255 -0.007847487 0.9999688 -0.9999642 -0.0083642 -0.001248002 0.9351115 0.01008325 -0.3542101 0.9351232 0.007820487 -0.3542368 -0.9999644 -0.008366703 -0.0012272 -0.9993464 -0.02418661 -0.02686512 -0.9346485 0.005376815 -0.3555326 -0.9993464 -0.02418547 -0.02686625 -0.9993466 -0.0241875 -0.02685946 -0.9993466 -0.02418637 -0.02686059 -0.9993466 -0.02418446 -0.02686256 0.9729492 0.01388764 -0.2306014 -1.89013e-4 -0.007076084 0.999975 0.006421327 0.2252951 0.9742695 0.006434977 0.2252851 0.9742716 -0.04254138 -0.02863615 -0.9986842 0.972947 0.01388186 -0.2306116 0.01351261 -0.225419 -0.9741683 -1.84183e-4 -0.9570913 0.2897865 -0.01355105 0.2253913 0.9741742 -0.01355266 0.2253918 0.974174 -0.9733028 -0.008064687 -0.2293832 0.008518278 -0.2245334 -0.9744291 -1.98064e-4 -0.007128655 0.9999746 -8.64029e-4 -0.007882833 0.9999685 -0.001007676 -0.007891416 0.9999684 -0.001032233 -0.002784907 0.9999956 0.006400763 0.2253394 0.9742593 -1.81019e-4 -0.007122099 0.9999746 -2.2984e-4 -0.957075 0.2898404 -0.001097083 -0.007979214 0.9999676 -0.001001238 -0.00793302 0.9999681 -9.78244e-4 -0.007954657 0.9999679 -0.013556 0.2254077 0.9741702 -2.20649e-4 -0.9570898 0.2897916 -0.9732853 -0.00800544 -0.2294598 -0.9698453 0.003772675 -0.2436923 -0.9701766 0.004234015 -0.2423623 -0.9732886 -0.008016645 -0.2294452 -0.8639919 -0.3869107 -0.3222084 -0.8639859 -0.3869608 -0.3221642 -0.8639844 -0.3869736 -0.3221529 -0.8120569 0.06923633 -0.5794566 -0.8120664 0.06923288 -0.5794437 -0.8120551 0.06923913 -0.5794588 -0.8422431 -0.4303637 -0.3246746 -0.8422448 -0.4303555 -0.3246811 -0.84225 -0.4303302 -0.3247012 -0.9341351 0.004550874 -0.3568907 -0.9346491 0.005380928 -0.3555309 -0.417215 0.008520603 -0.9087678 -0.4179231 0.00821346 -0.9084453 -0.09437948 -0.0878188 -0.9916555 -0.09437364 -0.08782464 -0.9916555 -0.0943759 -0.08782237 -0.9916554 -0.09372663 -0.08707094 -0.9917833 -0.09372526 -0.08707231 -0.9917833 -0.09372228 -0.08707523 -0.9917833 -0.4321639 -0.5247377 -0.7334064 -0.4321646 -0.5247365 -0.7334068 -0.4321447 -0.5247653 -0.733398 -0.4317048 -0.5245258 -0.7338281 -0.4317091 -0.5245195 -0.7338302 -0.4316746 -0.5245692 -0.7338149 -0.9999643 -0.008364796 -0.0012272 0.9351043 0.01006543 -0.3542297 -0.9999644 -0.008366763 -0.001201689 -0.9732956 -0.007982492 -0.2294167 -0.01355278 0.2253905 0.9741743 -0.002251207 -0.1631038 0.9866064 -0.002253174 -0.1630855 0.9866095 -0.1020967 -0.09643208 -0.9900895 -0.973299 -0.00794506 -0.2294037 -0.01354706 0.2253317 0.974188 -0.001001596 -0.007886648 0.9999685 -0.9564295 0.00350213 -0.2919425 -0.9569514 0.004270792 -0.2902171 -0.002274394 -0.1631514 0.9865985 -0.01355224 0.2254441 0.9741618 -0.8422424 -0.430368 -0.324671 -0.8422462 -0.4303494 -0.3246858 -0.8422412 -0.4303741 -0.3246662 -0.8400561 -0.4326162 -0.3273363 0.9729457 0.01389425 -0.2306161 -0.8400416 -0.4326872 -0.3272799 -0.7779171 -0.4952223 -0.3867817 -0.77792 -0.4952115 -0.3867895 0.9181639 0.2502469 -0.307167 0.91817 0.2502436 -0.3071514 -0.7769369 -0.4966086 -0.3869743 -0.7769488 -0.4965661 -0.3870049 -0.09214556 -0.08549153 -0.9920688 -0.09215003 -0.08548712 -0.9920687 -0.09214359 -0.0854935 -0.9920688 -0.09197533 -0.08565628 -0.9920703 -8.25884e-4 -0.007846534 0.999969 -0.09088242 -0.08672904 -0.9920778 -0.9993517 -0.02408373 -0.02676552 -0.9001035 0.2786561 -0.3349096 -0.9346483 0.005356311 -0.3555335 -0.9346548 0.001594841 -0.3555527 -0.9993465 -0.02418673 -0.02686518 -0.9993465 -0.0241872 -0.0268647 0.9729465 0.01385718 -0.2306149 -0.2307114 0.1288157 -0.9644578 0.8905996 -0.454716 -0.008111238 0.8905756 -0.4547632 -0.008099913 -1.86245e-4 -0.007065236 0.999975 0.9729298 0.01386922 -0.2306846 0.8906369 -0.4546424 -0.008157193 -0.8733393 -0.3886151 -0.2936953 -8.92714e-4 -0.007817208 0.9999691 -4.40389e-4 -0.01608836 0.9998705 -2.13712e-4 -0.007011175 0.9999755 0.8906446 -0.4546285 -0.00808674 -0.9813623 0.02714979 -0.1902393 -0.9698435 0.004247903 -0.2436918 -0.4351595 0.5101885 -0.7418517 -0.8931762 -0.2952491 -0.3392113 -0.8931738 -0.2952178 -0.3392449 -0.9972412 -0.07181745 -0.01876693 0.3848589 0.5011324 -0.7750807 -0.9972413 -0.07181745 -0.01876693 0.8505532 0.3322735 -0.4076195 -0.7266386 -0.1599885 -0.6681317 0.3848811 0.5012131 -0.7750175 0.3848639 0.5011087 -0.7750935 -0.9993433 -0.002063632 -0.03617656 0.8505293 0.3323606 -0.4075985 -0.001259624 -0.06264066 -0.9980354 -0.8426532 0.4475692 -0.299362 -0.8425958 0.4476847 -0.2993504 0.8505588 0.3322836 -0.4075998 2.34415e-4 -0.0623753 -0.9980527 -0.9602158 0.06320023 -0.2720136 -0.4351534 0.5101763 -0.7418637 -0.4974783 -0.5698608 -0.6540445 -0.8426054 0.4476788 -0.2993327 -0.4975168 -0.5697891 -0.6540777 -0.8662071 -0.318444 -0.3850698 -0.866204 -0.3184208 -0.3850962 0.04026877 0.9527184 -0.3011744 -0.9954571 -0.09392428 -0.01560348 -0.9954571 -0.09392428 -0.01560342 0.04026335 0.9526897 -0.3012658 0.04033041 0.9527051 -0.3012086 -0.7343646 -0.06943356 -0.6751946 0.8505477 0.3322726 -0.4076316 -0.8425822 0.4476959 -0.2993724 -0.4780076 -0.5720241 -0.6665562 0.0402075 0.9527061 -0.3012215 -0.5667775 -0.6480426 -0.508728 -0.566819 -0.6480253 -0.5087037 -0.5668475 -0.6480134 -0.5086871 -0.5668889 -0.6479956 -0.5086637 -0.5668579 -0.6480085 -0.508682 -0.5668572 -0.6480088 -0.5086821 -0.2322984 -0.9537031 -0.1910184 -0.2323051 -0.9537027 -0.1910121 -0.2322829 -0.9537039 -0.191033 -0.2323014 -0.9537032 -0.1910136 -0.2322971 -0.9537034 -0.1910177 -0.2322984 -0.9537034 -0.1910165 -2.34867e-6 -0.4142004 -0.9101858 8.78926e-7 -0.4142024 -0.9101849 -0.523206 -0.4253143 -0.7384873 -0.52324 -0.4252912 -0.7384764 -0.5232468 -0.4252867 -0.7384742 -0.5232719 -0.4252698 -0.7384662 -0.5232749 -0.4252677 -0.7384651 -0.5232052 -0.4253156 -0.738487 -3.49806e-5 -0.9983652 -0.05715882 -3.49825e-5 -0.9983651 -0.05715882 -3.49824e-5 -0.9983652 -0.05715882 -3.47505e-5 -0.9983652 -0.05715894 -3.47518e-5 -0.9983651 -0.05715888 -3.47521e-5 -0.9983652 -0.05715894 -3.27329e-4 -0.8128544 -0.5824671 -3.2733e-4 -0.8128544 -0.5824671 -4.69224e-5 -0.812892 -0.5824145 -4.72997e-5 -0.8128922 -0.5824142 -4.73022e-5 -0.8128922 -0.5824142 -4.73016e-5 -0.8128922 -0.5824142 -0.9999992 -8.82514e-4 -8.79371e-4 -0.9999992 -8.82495e-4 -8.79391e-4 -0.9999992 -8.82491e-4 -8.79395e-4 -0.9963917 -0.06899482 0.04943156 -0.9749133 -0.1687825 -0.1451082 -0.9749135 -0.1687782 -0.1451126 -0.9749135 -0.1687784 -0.1451123 -0.9149501 -0.2794746 -0.291136 -0.9149504 -0.2794925 -0.2911179 -0.9149497 -0.2794557 -0.2911555 -0.9988054 -0.0202564 -0.04446989 -0.9988054 -0.0202564 -0.04446989 -0.9988068 0.02018702 -0.04446977 -0.9988068 0.02018731 -0.04446947 -0.9988068 0.02018731 -0.04446941 -0.9992847 -3.46645e-5 -0.03781634 -0.9992847 -3.46652e-5 -0.03781634 -0.9992847 -3.46668e-5 -0.03781634 -0.9999999 -4.40693e-4 -4.40309e-4 -0.9999999 -4.40788e-4 -4.40215e-4 -0.9999999 -4.40765e-4 -4.40238e-4 -0.5668343 -0.648019 -0.5086947 -0.5668575 -0.6480094 -0.5086811 -0.5668109 -0.6480287 -0.5087084 -0.5668393 -0.6480162 -0.5086928 -0.5668966 -0.6479923 -0.5086594 -0.5668447 -0.648014 -0.5086895 -0.232298 -0.9537029 -0.1910192 -0.2322927 -0.9537032 -0.1910243 -0.2323113 -0.9537023 -0.1910067 -0.2323033 -0.9537029 -0.1910135 -0.2322897 -0.9537035 -0.1910262 -0.2322998 -0.953703 -0.1910167 8.78926e-7 -0.4142016 -0.9101852 -1.75785e-6 -0.4142033 -0.9101845 -0.5232895 -0.4252554 -0.7384619 -0.5232075 -0.4253116 -0.7384876 -0.523263 -0.4252735 -0.7384703 -0.5232626 -0.4252744 -0.7384701 -0.5232406 -0.4252893 -0.7384769 -0.5231995 -0.4253173 -0.7384901 -3.4824e-5 -0.9983652 -0.05715924 -3.48252e-5 -0.9983651 -0.05715924 -3.48279e-5 -0.9983651 -0.05715924 -3.48203e-5 -0.9983651 -0.0571593 -3.4822e-5 -0.9983652 -0.0571593 -3.48221e-5 -0.9983652 -0.0571593 -4.70414e-5 -0.8128923 -0.5824141 -4.65821e-5 -0.8128924 -0.582414 -4.65713e-5 -0.8128923 -0.582414 -4.9463e-5 -0.8128918 -0.5824147 -4.9464e-5 -0.8128918 -0.5824147 -4.99185e-5 -0.8128917 -0.5824149 -0.9772831 -0.09237939 -0.1907455 -0.9772836 -0.09238177 -0.1907421 -0.9772838 -0.09238386 -0.1907398 -0.9999976 -0.001558959 -0.00155735 -0.9999976 -0.001558959 -0.00155735 -0.9999976 -0.001559019 -0.00155735 -0.999569 -3.41494e-5 -0.02935922 -0.9995689 -3.41503e-5 -0.02935922 -0.999569 -3.4146e-5 -0.02935922 -0.9963876 -0.06902849 -0.04946613 -0.9963876 -0.06902897 -0.04946666 -0.9963876 -0.06902849 -0.04946613 -0.9775904 -0.1730415 -0.1198903 -0.9775906 -0.1730375 -0.1198941 -0.9775907 -0.173037 -0.1198945 -0.9494274 -0.2303948 -0.2133212 -0.9494268 -0.2304168 -0.2132997 -0.9494273 -0.2303999 -0.2133162 -0.96829 -0.1907401 -0.1613462 -0.9682897 -0.1907502 -0.1613366 -0.96829 -0.1907402 -0.1613463 -1 0 0 0.5628684 -0.8253952 0.04361313 0.3685762 -0.9252887 0.08940058 0.9130942 -0.1089956 -0.3929108 0.9130963 -0.1090059 -0.392903 0.2515072 0.8443874 -0.4730266 0.8352403 0.3383129 -0.4334954 0.913096 -0.1090016 -0.3929052 0.835241 0.3383371 -0.4334751 0.8400939 -0.5371214 -0.07578217 0.5628525 -0.8254054 0.04362607 0.9130932 -0.1089984 -0.3929124 0.8400968 -0.5371144 -0.07580041 0.9999719 -0.003399372 0.006688892 0.9999245 -0.005725145 0.01088052 0.9999948 -0.001659512 0.002783894 0.9999716 -0.003413975 0.006716251 0.9999952 -0.001612722 0.002690136 0.9999993 -5.39607e-4 0.001107573 0.9999716 -0.003417432 0.006722927 0.9999993 -5.39307e-4 0.001106739 0.9999974 0.001548647 -0.001701593 0.9999716 -0.003417432 0.006722927 0.9999977 0.001450896 -0.001592218 -0.8352507 -0.3383275 0.4334638 -0.2515072 -0.8443874 0.4730266 -0.9130713 0.1090279 0.3929553 -0.8400943 0.537121 0.07578027 -0.8352462 -0.3383445 0.4334592 -0.9130771 0.1090362 0.3929393 -0.5628526 0.8254054 -0.04362636 -0.8400959 0.5371152 0.07580387 -0.9130765 0.1090143 0.3929468 -0.5628708 0.8253928 -0.04362845 -0.9130869 0.1089999 0.3929267 -0.3685762 0.9252887 -0.08940058 -0.9999716 0.003418564 -0.006722271 -0.9999977 -0.001450896 0.001592218 -0.9999716 0.003418803 -0.006722152 -0.9999974 -0.001548647 0.001701593 -0.9999993 5.39194e-4 -0.001106798 -0.9999716 0.003413915 -0.00671631 -0.9999993 5.39641e-4 -0.001107573 -0.9999951 0.001612782 -0.002690136 -0.9999719 0.003399193 -0.006689012 -0.9999948 0.001660466 -0.002783417 -0.9999245 0.005725145 -0.01088052 -1 -7.39043e-5 2.44892e-4 -0.9999998 -3.37891e-4 -4.75261e-4 -1 -1.5526e-4 9.53545e-5 -1 -3.33838e-4 -4.51486e-4 -1 8.48866e-6 -2.54539e-4 -0.9999998 -3.85298e-4 -6.05582e-4 -0.9999985 -5.81624e-4 -0.001630485 -1 -7.66228e-5 -2.91606e-4 -0.9999986 -5.37051e-4 -0.001569867 -1 4.8801e-4 -1.8154e-4 -0.9999901 0.004177153 0.001569628 -0.9998568 0.01002216 -0.01364445 -0.9999243 0.008582174 -0.008821785 -0.9999882 0.004856526 2.32597e-4 -0.9999901 0.00402528 0.001960575 -0.9999244 0.008578419 -0.0088135 -0.9999244 0.00858426 -0.008818686 -0.9998361 0.01522141 -0.009810149 -0.9998952 0.01250606 -0.00731039 -0.9999877 0.00495702 2.37909e-5 -0.9999245 0.008574783 -0.00880146 -0.9998949 0.01252007 -0.007322251 1 7.66312e-5 2.91563e-4 1 -4.8801e-4 1.8154e-4 0.9999987 5.36968e-4 0.001569926 1 -8.64675e-6 2.54619e-4 0.9999985 5.81617e-4 0.001630485 0.9999998 3.85312e-4 6.05577e-4 0.9999999 3.37854e-4 4.75275e-4 1 7.39043e-5 -2.44892e-4 1 1.5526e-4 -9.53545e-5 1 3.33795e-4 4.515e-4 0.9998951 -0.012506 0.007310509 0.999836 -0.01522141 0.009810149 0.9999244 -0.008584141 0.008819639 0.9999877 -0.00495702 -2.37913e-5 0.9998949 -0.01251995 0.007322311 0.9999246 -0.008574128 0.008801758 0.9999243 -0.008582234 0.008821785 0.9998567 -0.01002222 0.01364445 0.9999901 -0.004176199 -0.001569271 0.9999883 -0.004856705 -2.32696e-4 0.9999244 -0.008579134 0.008813202 0.9999901 -0.00402528 -0.001960575</float_array>
          <technique_common>
            <accessor source="#jacht2_Mesh-mesh-normals-array" count="1318" stride="3">
              <param name="X" type="float"/>
              <param name="Y" type="float"/>
              <param name="Z" type="float"/>
            </accessor>
          </technique_common>
        </source>
        <source id="jacht2_Mesh-mesh-map-0">
          <float_array id="jacht2_Mesh-mesh-map-0-array" count="2970">0.2164528 0.9795313 0.2229613 0.9707327 0.2255938 0.9794865 0.4587708 0.9346533 0.4578667 0.9439753 0.2060663 0.9430391 0.2060663 0.9430391 0.2069739 0.934409 0.4587708 0.9346533 0.4578667 0.9439753 0.4592123 0.9544177 0.2055236 0.9549245 0.2055236 0.9549245 0.2060663 0.9430391 0.4578667 0.9439753 0.458453 0.9240252 0.4587708 0.9346533 0.2069739 0.934409 0.2069739 0.934409 0.2069487 0.9242879 0.458453 0.9240252 0.3063006 0.9848851 0.304981 0.9760566 0.3141191 0.9762851 0.2675946 0.9804702 0.2701736 0.9771739 0.270021 0.9858483 0.4578667 0.9439753 0.4592123 0.9544177 0.2055236 0.9549245 0.2055236 0.9549245 0.2060663 0.9430391 0.4578667 0.9439753 0.4587708 0.9346533 0.4578667 0.9439753 0.2060663 0.9430391 0.2060663 0.9430391 0.2069739 0.934409 0.4587708 0.9346533 0.2069739 0.934409 0.2069487 0.9242879 0.458453 0.9240252 0.458453 0.9240252 0.4587708 0.9346533 0.2069739 0.934409 0.2675946 0.9736993 0.270031 0.9683259 0.2701675 0.9770005 0.2164528 0.9795313 0.2229613 0.9707327 0.2255938 0.9794865 0.4587708 0.9346533 0.4578667 0.9439753 0.2060663 0.9430391 0.2060663 0.9430391 0.2069739 0.934409 0.4587708 0.9346533 0.4578667 0.9439753 0.4592123 0.9544177 0.2055236 0.9549245 0.2055236 0.9549245 0.2060663 0.9430391 0.4578667 0.9439753 0.458453 0.9240252 0.4587708 0.9346533 0.2069739 0.934409 0.2069739 0.934409 0.2069487 0.9242879 0.458453 0.9240252 0.3063006 0.9848851 0.304981 0.9760566 0.3141191 0.9762851 0.03064405 0.9659777 0.0410735 0.9663086 0.03658306 0.974174 0.03064405 0.9659777 0.02070194 0.9650422 0.02065408 0.8309971 0.02065408 0.8309971 0.03067731 0.8306366 0.03064405 0.9659777 0.05144876 0.9657321 0.0410735 0.9663086 0.03948956 0.8318124 0.03948956 0.8318124 0.05026566 0.8318315 0.05144876 0.9657321 0.0410735 0.9663086 0.03064405 0.9659777 0.03067731 0.8306366 0.03067731 0.8306366 0.03948956 0.8318124 0.0410735 0.9663086 0.03486418 0.820107 0.03948956 0.8318124 0.03067731 0.8306366 0.08181184 0.9552609 0.07552069 0.9551436 0.07701212 0.5615998 0.07701212 0.5615998 0.08397924 0.5615346 0.08181184 0.9552609 0.09061986 0.9551926 0.08181184 0.9552609 0.08397924 0.5615346 0.08397924 0.5615346 0.09301197 0.5616025 0.09061986 0.9551926 0.09716492 0.9553759 0.09061986 0.9551926 0.09301197 0.5616025 0.09301197 0.5616025 0.09922325 0.5620566 0.09716492 0.9553759 0.1040131 0.955603 0.09716492 0.9553759 0.09922325 0.5620566 0.09922325 0.5620566 0.1055131 0.5623182 0.1040131 0.955603 0.1131264 0.9557524 0.1040131 0.955603 0.1055131 0.5623182 0.1055131 0.5623182 0.1146264 0.5624676 0.1131264 0.9557524 0.07552069 0.9551436 0.06922703 0.9550124 0.07004243 0.5616512 0.07004243 0.5616512 0.07701212 0.5615998 0.07552069 0.9551436 0.09639632 0.9652634 0.1019746 0.9683035 0.09670531 0.9718456 0.09670531 0.9718456 0.08585768 0.9723476 0.08027946 0.9693074 0.09639632 0.9652634 0.09670531 0.9718456 0.08027946 0.9693074 0.09639632 0.9652634 0.08027946 0.9693074 0.08554875 0.9657653 0.9123671 0.553408 0.9133537 0.5275126 0.8693455 0.5576186 0.8693455 0.5576186 0.8693494 0.557779 0.9123671 0.553408 0.9403342 0.5534442 0.9411304 0.5275127 0.9133537 0.5275126 0.9133537 0.5275126 0.9123671 0.553408 0.9403342 0.5534442 0.9639223 0.5535338 0.9647578 0.5275318 0.9411304 0.5275127 0.9411304 0.5275127 0.9403342 0.5534442 0.9639223 0.5535338 0.8693494 0.557779 0.9125149 0.5820236 0.9123671 0.553408 0.9402782 0.5809607 0.9403342 0.5534442 0.9123671 0.553408 0.9123671 0.553408 0.9125149 0.5820236 0.9402782 0.5809607 0.9651189 0.5824119 0.9639223 0.5535338 0.9403342 0.5534442 0.9403342 0.5534442 0.9402782 0.5809607 0.9651189 0.5824119 0.8695927 0.5577483 0.9133383 0.527512 0.9123515 0.5535383 0.9123515 0.5535383 0.8695966 0.5579088 0.8695927 0.5577483 0.9133383 0.527512 0.9411363 0.5275121 0.9403401 0.5535744 0.9403401 0.5535744 0.9123515 0.5535383 0.9133383 0.527512 0.9411363 0.5275121 0.9650012 0.5275312 0.9641695 0.5536636 0.9641695 0.5536636 0.9403401 0.5535744 0.9411363 0.5275121 0.9124993 0.5821539 0.8695966 0.5579088 0.9123515 0.5535383 0.9123515 0.5535383 0.9403401 0.5535744 0.9402841 0.5810909 0.9402841 0.5810909 0.9124993 0.5821539 0.9123515 0.5535383 0.9403401 0.5535744 0.9641695 0.5536636 0.965366 0.5825417 0.965366 0.5825417 0.9402841 0.5810909 0.9403401 0.5535744 0.8475775 0.8395382 0.8562034 0.97064 0.9570399 0.9662563 0.9570399 0.9662563 0.9659345 0.8317968 0.8475775 0.8395382 0.6386858 0.8360269 0.6472115 0.9705307 0.8562034 0.97064 0.8562034 0.97064 0.8475775 0.8395382 0.6386858 0.8360269 0.5332489 0.8414282 0.5302956 0.9742072 0.6472115 0.9705307 0.6472115 0.9705307 0.6386858 0.8360269 0.5332489 0.8414282 0.8545037 0.631144 0.8475775 0.8395382 0.9659345 0.8317968 0.9659345 0.8317968 0.9685217 0.6431441 0.8545037 0.631144 0.6552271 0.6443917 0.6386858 0.8360269 0.8475775 0.8395382 0.8475775 0.8395382 0.8545037 0.631144 0.6552271 0.6443917 0.5426149 0.6287411 0.5332489 0.8414282 0.6386858 0.8360269 0.6386858 0.8360269 0.6552271 0.6443917 0.5426149 0.6287411 0.9570399 0.9662563 0.8562034 0.97064 0.8475775 0.8395382 0.8475775 0.8395382 0.9659345 0.8317968 0.9570399 0.9662563 0.8562034 0.97064 0.6472115 0.9705307 0.6386858 0.8360269 0.6386858 0.8360269 0.8475775 0.8395382 0.8562034 0.97064 0.6472115 0.9705307 0.5302956 0.9742072 0.5332489 0.8414282 0.5332489 0.8414282 0.6386858 0.8360269 0.6472115 0.9705307 0.9659345 0.8317968 0.8475775 0.8395382 0.8545037 0.631144 0.8545037 0.631144 0.9685217 0.6431441 0.9659345 0.8317968 0.8475775 0.8395382 0.6386858 0.8360269 0.6552271 0.6443917 0.6552271 0.6443917 0.8545037 0.631144 0.8475775 0.8395382 0.6386858 0.8360269 0.5332489 0.8414282 0.5426149 0.6287411 0.5426149 0.6287411 0.6552271 0.6443917 0.6386858 0.8360269 0.8517569 0.2491867 0.8486511 0.2462955 0.8550044 0.2376229 0.8517569 0.2491867 0.8550044 0.2376229 0.8551365 0.2625148 0.8517569 0.2491867 0.8551365 0.2625148 0.8493079 0.2547244 0.8364209 0.237623 0.8550044 0.2376229 0.8486511 0.2462955 0.8486511 0.2462955 0.8432308 0.2454134 0.8364209 0.237623 0.8408908 0.2509513 0.843893 0.2538421 0.83648 0.2625147 0.8408908 0.2509513 0.83648 0.2625147 0.8364209 0.237623 0.8432308 0.2454134 0.8408908 0.2509513 0.8364209 0.237623 0.8551365 0.2625148 0.83648 0.2625147 0.843893 0.2538421 0.843893 0.2538421 0.8493079 0.2547244 0.8551365 0.2625148 0.8255228 0.231622 0.8692323 0.2316219 0.8550044 0.2376229 0.8550044 0.2376229 0.8364209 0.237623 0.8255228 0.231622 0.8693517 0.2685158 0.8255544 0.2685157 0.83648 0.2625147 0.83648 0.2625147 0.8551365 0.2625148 0.8693517 0.2685158 0.83648 0.2625147 0.8255544 0.2685157 0.8255228 0.231622 0.8255228 0.231622 0.8364209 0.237623 0.83648 0.2625147 0.8695985 0.2316578 0.8695669 0.2685515 0.8257696 0.2685516 0.8257696 0.2685516 0.825889 0.2316577 0.8695985 0.2316578 0.8550044 0.2376229 0.8692323 0.2316219 0.8693517 0.2685158 0.8693517 0.2685158 0.8551365 0.2625148 0.8550044 0.2376229 0.2675946 0.9804702 0.2701736 0.9771739 0.270021 0.9858483 0.4578667 0.9439753 0.4592123 0.9544177 0.2055236 0.9549245 0.2055236 0.9549245 0.2060663 0.9430391 0.4578667 0.9439753 0.4587708 0.9346533 0.4578667 0.9439753 0.2060663 0.9430391 0.2060663 0.9430391 0.2069739 0.934409 0.4587708 0.9346533 0.2069739 0.934409 0.2069487 0.9242879 0.458453 0.9240252 0.458453 0.9240252 0.4587708 0.9346533 0.2069739 0.934409 0.2675946 0.9736993 0.270031 0.9683259 0.2701675 0.9770005 0.2675946 0.9804702 0.270021 0.9858483 0.2701736 0.9771739 0.4578667 0.9439753 0.2060663 0.9430391 0.2055236 0.9549245 0.2055236 0.9549245 0.4592123 0.9544177 0.4578667 0.9439753 0.4587708 0.9346533 0.2069739 0.934409 0.2060663 0.9430391 0.2060663 0.9430391 0.4578667 0.9439753 0.4587708 0.9346533 0.2069739 0.934409 0.4587708 0.9346533 0.458453 0.9240252 0.458453 0.9240252 0.2069487 0.9242879 0.2069739 0.934409 0.2675946 0.9736993 0.2701675 0.9770005 0.270031 0.9683259 0.07552069 0.9551436 0.08181184 0.9552609 0.08554875 0.9657653 0.08554875 0.9657653 0.08027946 0.9693074 0.07552069 0.9551436 0.08181184 0.9552609 0.09061986 0.9551926 0.09639632 0.9652634 0.09639632 0.9652634 0.08554875 0.9657653 0.08181184 0.9552609 0.09061986 0.9551926 0.09716492 0.9553759 0.1019746 0.9683035 0.1019746 0.9683035 0.09639632 0.9652634 0.09061986 0.9551926 0.09716492 0.9553759 0.1040131 0.955603 0.09670531 0.9718456 0.09670531 0.9718456 0.1019746 0.9683035 0.09716492 0.9553759 0.1040131 0.955603 0.1131264 0.9557524 0.08585768 0.9723476 0.08585768 0.9723476 0.09670531 0.9718456 0.1040131 0.955603 0.06922703 0.9550124 0.07552069 0.9551436 0.08027946 0.9693074 0.08027946 0.9693074 0.08585768 0.9723476 0.06922703 0.9550124 0.1784021 0.9918958 0.1655021 0.9917147 0.1730103 0.522397 0.1730103 0.522397 0.1859104 0.5225781 0.1784021 0.9918958 0.1655021 0.9917147 0.1342644 0.9914331 0.1417726 0.5221153 0.1417726 0.5221153 0.1730103 0.522397 0.1655021 0.9917147 0.1342644 0.9914331 0.1187118 0.9913882 0.1262201 0.5220705 0.1262201 0.5220705 0.1417726 0.5221153 0.1342644 0.9914331 0.1773052 0.9908235 0.1649644 0.9909026 0.1708397 0.5215781 0.1708397 0.5215781 0.1831806 0.521499 0.1773052 0.9908235 0.1649644 0.9909026 0.1337028 0.9909279 0.1395781 0.5216034 0.1395781 0.5216034 0.1708397 0.5215781 0.1649644 0.9909026 0.1337028 0.9909279 0.117576 0.9908414 0.1234513 0.5215169 0.1234513 0.5215169 0.1395781 0.5216034 0.1337028 0.9909279 0.1514241 0.4643772 0.1513209 0.4276477 0.1175379 0.4111743 0.1514241 0.4643772 0.1175379 0.4111743 0.07059502 0.4121052 0.1514241 0.4643772 0.07059502 0.4121052 0.06916189 0.4548563 0.1514241 0.4643772 0.1948562 0.4645012 0.1513209 0.4276477 0.392336 0.4355028 0.4171804 0.4684861 0.3689327 0.4677286 0.3689327 0.4677286 0.3361645 0.4316683 0.392336 0.4355028 0.06916189 0.4548563 0.07059502 0.4121052 0.1175379 0.4111743 0.06916189 0.4548563 0.1175379 0.4111743 0.1513209 0.4276477 0.06916189 0.4548563 0.1513209 0.4276477 0.1514241 0.4643772 0.07059502 0.4121052 0.06916189 0.4548563 0.02777707 0.4647162 0.02777707 0.4647162 0.02320343 0.4124353 0.07059502 0.4121052 0.02320343 0.4124353 0.02777707 0.4647162 0.06916189 0.4548563 0.06916189 0.4548563 0.07059502 0.4121052 0.02320343 0.4124353 0.03964895 0.2379949 0.06845629 0.2443298 0.05098581 0.2107791 0.2253292 0.2078183 0.2264676 0.2588056 0.2955878 0.2494063 0.2955878 0.2494063 0.2859162 0.206767 0.2253292 0.2078183 0.2948564 0.2499123 0.2898764 0.2068284 0.3562524 0.2340238 0.06976437 0.2450671 0.05270922 0.2109163 0.05437761 0.2067072 0.06976437 0.2450671 0.05437761 0.2067072 0.1006006 0.2068272 0.06976437 0.2450671 0.1006006 0.2068272 0.08658874 0.2484416 0.05270922 0.2109163 0.04092204 0.2382218 0.01998597 0.2338645 0.05270922 0.2109163 0.01998597 0.2338645 0.03667914 0.2066947 0.05270922 0.2109163 0.03667914 0.2066947 0.04329735 0.2066994 0.03522235 0.2066678 0.01891362 0.2337173 0.03964895 0.2379949 0.03522235 0.2066678 0.03964895 0.2379949 0.05098581 0.2107791 0.03522235 0.2066678 0.05098581 0.2107791 0.04163306 0.2066701 0.2991247 0.08949679 0.3535829 0.1108966 0.2878653 0.142012 0.2878653 0.142012 0.2780695 0.09946578 0.2991247 0.08949679 0.1258698 0.09899169 0.175265 0.09914553 0.1714283 0.1417045 0.1714283 0.1417045 0.1138328 0.1415524 0.1258698 0.09899169 0.2804725 0.9830141 0.2802464 0.9822943 0.2530177 0.9676518 0.3064602 0.1906875 0.3562524 0.2340238 0.2898764 0.2068284 0.2898764 0.2068284 0.2819737 0.1851259 0.3064602 0.1906875 0.2779836 0.07971215 0.2874087 0.03711354 0.3533947 0.06765359 0.3533947 0.06765359 0.2991247 0.08949679 0.2779836 0.07971215 0.3653125 0.08113825 0.3671411 0.08921432 0.2991247 0.08949679 0.2991247 0.08949679 0.3533947 0.06765359 0.3653125 0.08113825 0.3724308 0.08919239 0.3655354 0.0971328 0.3671411 0.08921432 0.1264765 0.0815106 0.1754866 0.0809288 0.175265 0.09914553 0.175265 0.09914553 0.1258698 0.09899169 0.1264765 0.0815106 0.8439918 0.03233385 0.9051082 0.02167493 0.9661291 0.03286558 0.8439918 0.03233385 0.9661291 0.03286558 0.9659028 0.1000301 0.8439918 0.03233385 0.9659028 0.1000301 0.8435972 0.1000314 0.1175379 0.4111743 0.1513209 0.4276477 0.1513209 0.4276477 0.1513209 0.4276477 0.1948562 0.4645012 0.1514241 0.4643772 0 0 0 0 0 0 0.05274569 0.206674 0.05098581 0.2107791 0.06845629 0.2443298 0.05274569 0.206674 0.06845629 0.2443298 0.0851165 0.2481254 0.05274569 0.206674 0.0851165 0.2481254 0.09871184 0.2067818 0.05270922 0.2109163 0.06976437 0.2450671 0.04092204 0.2382218 0.05270922 0.2109163 0.04329735 0.2066994 0.05437761 0.2067072 0.04163306 0.2066701 0.05098581 0.2107791 0.05274569 0.206674 0.3671411 0.08921432 0.3653125 0.08113825 0.3724308 0.08919239 0.3655354 0.0971328 0.3535829 0.1108966 0.2991247 0.08949679 0.2991247 0.08949679 0.3671411 0.08921432 0.3655354 0.0971328 0.9680418 0.1396175 0.9687098 0.1842309 0.836512 0.1846957 0.9680418 0.1396175 0.836512 0.1846957 0.8357449 0.1417841 0.8357449 0.1417841 0.8652123 0.05729532 0.9005882 0.01607096 0.9680418 0.1396175 0.8357449 0.1417841 0.9005882 0.01607096 0.9680418 0.1396175 0.9005882 0.01607096 0.9367167 0.05525791 0.355174 0.2334725 0.2859162 0.206767 0.2955878 0.2494063 0.1006006 0.2068272 0.1496333 0.2078465 0.1503613 0.2589537 0.1503613 0.2589537 0.08658874 0.2484416 0.1006006 0.2068272 0.3049461 0.1900408 0.2808028 0.1845192 0.2859162 0.206767 0.2859162 0.206767 0.355174 0.2334725 0.3049461 0.1900408 0.1697037 0.03842419 0.1754866 0.0809288 0.1264765 0.0815106 0.1264765 0.0815106 0.108967 0.03910052 0.1697037 0.03842419 0.9571766 0.03079813 0.95673 0.06907027 0.8472726 0.06844192 0.8472726 0.06844192 0.8471623 0.02926486 0.9571766 0.03079813 0.3916445 0.4354498 0.3379885 0.4316227 0.3702038 0.4678006 0.3702038 0.4678006 0.4164664 0.4685313 0.3916445 0.4354498 0.08588027 0.3236383 0.08585262 0.3310018 0.02985507 0.3165867 0.02985507 0.3165867 0.02988284 0.3092233 0.08588027 0.3236383 0.2772311 0.269162 0.2774215 0.2618009 0.2324597 0.2606384 0.2324597 0.2606384 0.2322693 0.2679994 0.2772311 0.269162 0.2312238 0.2679629 0.2315592 0.260607 0.1866289 0.2585588 0.1866289 0.2585588 0.1862936 0.2659146 0.2312238 0.2679629 0.3659839 0.3414386 0.3656127 0.3487927 0.3083692 0.3459248 0.3083692 0.3459248 0.3087406 0.3385706 0.3659839 0.3414386 0.3083692 0.3459248 0.2835315 0.3589261 0.2839028 0.3515719 0.2839028 0.3515719 0.3087406 0.3385706 0.3083692 0.3459248 0.08899331 0.3417302 0.1501741 0.3448194 0.1497301 0.3521699 0.1497301 0.3521699 0.08862209 0.3490843 0.08899331 0.3417302 0.3113064 0.3318399 0.3113341 0.3244765 0.3662575 0.3246834 0.1110012 0.3237212 0.1667862 0.3239315 0.1668515 0.3312954 0.1668515 0.3312954 0.1109734 0.3310847 0.1110012 0.3237212 0.1110012 0.3237212 0.1109734 0.3310847 0.08585262 0.3310018 0.08585262 0.3310018 0.08588027 0.3236383 0.1110012 0.3237212 0.9688275 0.004083335 0.9683611 0.04599374 0.9572384 0.05309611 0.9572384 0.05309611 0.9576937 0.01497334 0.9688275 0.004083335 0.9688275 0.004083335 0.9576937 0.01497334 0.8476795 0.01344001 0.8476795 0.01344001 0.8366417 0.002240955 0.9688275 0.004083335 0.8481835 0.1698511 0.8370886 0.1909132 0.8368967 0.1099187 0.8368967 0.1099187 0.8479948 0.1112849 0.8481835 0.1698511 0.9659028 0.1000301 0.9568827 0.1153676 0.8522742 0.1155865 0.8522742 0.1155865 0.8435972 0.1000314 0.9659028 0.1000301 0.7931858 0.3241087 0.8328649 0.3235916 0.8302558 0.3529333 0.8302558 0.3529333 0.7921711 0.3529236 0.7931858 0.3241087 0.6733043 0.4138316 0.6732757 0.3849504 0.7832899 0.3848181 0.7832899 0.3848181 0.7833188 0.4136993 0.6733043 0.4138316 0.7931858 0.3241087 0.8533799 0.3233243 0.8555597 0.3529397 0.8555597 0.3529397 0.7921711 0.3529236 0.7931858 0.3241087 0.6743745 0.4136127 0.6743722 0.3848379 0.782054 0.384889 0.782054 0.384889 0.7820326 0.4134696 0.6743745 0.4136127 0.3837377 0.4649754 0.3835436 0.4825188 0.4562188 0.4937949 0.4562188 0.4937949 0.4434264 0.4655358 0.3837377 0.4649754 0.4432771 0.4652059 0.4562188 0.4937949 0.3835436 0.4825188 0.3835436 0.4825188 0.3837377 0.4649754 0.4432771 0.4652059 0.3837377 0.4649754 0.3835436 0.4825188 0.3635249 0.4821743 0.3635249 0.4821743 0.3622391 0.4647398 0.3837377 0.4649754 0.7820326 0.4134696 0.782015 0.4311625 0.6743569 0.4313057 0.6743569 0.4313057 0.6743745 0.4136127 0.7820326 0.4134696 0.3622391 0.4647398 0.3635249 0.4821743 0.3835436 0.4825188 0.3835436 0.4825188 0.3837377 0.4649754 0.3622391 0.4647398 0.4562188 0.4937949 0.3835436 0.4825188 0.3806134 0.5009787 0.3806134 0.5009787 0.4561665 0.5122038 0.4562188 0.4937949 0.3835436 0.4825188 0.3635249 0.4821743 0.3619926 0.500692 0.3619926 0.500692 0.3806134 0.5009787 0.3835436 0.4825188 0.6743569 0.4313057 0.782015 0.4311625 0.7819967 0.4495694 0.7819967 0.4495694 0.6743386 0.4497125 0.6743569 0.4313057 0.3635249 0.4821743 0.3835436 0.4825188 0.3806134 0.5009787 0.3806134 0.5009787 0.3619926 0.500692 0.3635249 0.4821743 0.3835436 0.4825188 0.4562188 0.4937949 0.4561665 0.5122038 0.4561665 0.5122038 0.3806134 0.5009787 0.3835436 0.4825188 0.8115249 0.4581423 0.8763176 0.458831 0.8761752 0.4772371 0.8761752 0.4772371 0.8113827 0.4765486 0.8115249 0.4581423 0.8763176 0.458831 0.9410014 0.4591351 0.9408591 0.4775413 0.9408591 0.4775413 0.8761752 0.4772371 0.8763176 0.458831 0 0 0 0 0 0 0 0 0 0 0 0 0 0 0.3622391 0.4647398 0.3418223 0.4647836 0.3418223 0.4647836 0 0 0 0 0.3622391 0.4647398 0.3635249 0.4821743 0.3417721 0.4824784 0.3417721 0.4824784 0.3418223 0.4647836 0.3622391 0.4647398 0.3635249 0.4821743 0.3619926 0.500692 0.3417197 0.5008872 0.3417197 0.5008872 0.3417721 0.4824784 0.3635249 0.4821743 0.7955462 0.3288379 0.9032117 0.328413 0.9039856 0.3487297 0.9039856 0.3487297 0.7963272 0.3475707 0.7955462 0.3288379 0.3619926 0.500692 0.3635249 0.4821743 0.3417721 0.4824784 0.3417721 0.4824784 0.3417197 0.5008872 0.3619926 0.500692 0.3635249 0.4821743 0.3622391 0.4647398 0.3418223 0.4647836 0.3418223 0.4647836 0.3417721 0.4824784 0.3635249 0.4821743 0.3622391 0.4647398 0 0 0 0 0 0 0.3418223 0.4647836 0.3622391 0.4647398 0.7916877 0.352474 0.8994621 0.3536012 0.9009854 0.3227748 0.9009854 0.3227748 0.7932595 0.3246881 0.7916877 0.352474 0.8994621 0.3536012 0.9505198 0.352472 0.953857 0.322333 0.953857 0.322333 0.9009854 0.3227748 0.8994621 0.3536012 0.7923253 0.3235968 0.9525188 0.3225792 0.9526296 0.3523935 0.9526296 0.3523935 0.7939179 0.352256 0.7923253 0.3235968 0.9505198 0.352472 0.8994621 0.3536012 0.9009854 0.3227748 0.9009854 0.3227748 0.953857 0.322333 0.9505198 0.352472 0.8994621 0.3536012 0.7916877 0.352474 0.7932595 0.3246881 0.7932595 0.3246881 0.9009854 0.3227748 0.8994621 0.3536012 0.9520496 0.3513423 0.8999659 0.3523383 0.899133 0.322483 0.899133 0.322483 0.9525772 0.3223544 0.9520496 0.3513423 0.8999659 0.3523383 0.7921231 0.354045 0.7914986 0.321931 0.7914986 0.321931 0.899133 0.322483 0.8999659 0.3523383 0.8476795 0.01344001 0.9576937 0.01497334 0.9574882 0.02969729 0.9574882 0.02969729 0.847474 0.02816402 0.8476795 0.01344001 0 0 0 0 0 0 0 0 0 0 0 0 0 0 0 0 0 0 0 0 0 0 0 0 0 0 0 0 0 0 0 0 0 0 0 0 0.459582 0.05723828 0.4395202 0.09155976 0.4093307 0.09154546 0.4093307 0.09154546 0.4366683 0.05886733 0.459582 0.05723828 0.5132036 0.09159463 0.4395202 0.09155976 0.459582 0.05723828 0.459582 0.05723828 0.4856515 0.05881911 0.5132036 0.09159463 0.9410014 0.4591351 0.8763176 0.458831 0.8115249 0.4581423 0.8115249 0.4581423 0.8117005 0.4297156 0.849215 0.4301656 0.9410014 0.4591351 0.8115249 0.4581423 0.849215 0.4301656 0.9407763 0.4312639 0.9410014 0.4591351 0.849215 0.4301656 0.1514241 0.4643772 0.06916189 0.4548563 0.06183975 0.4927726 0.06183975 0.4927726 0.1513633 0.4857471 0.1514241 0.4643772 0.06916189 0.4548563 0.02777707 0.4647162 0.02001571 0.502276 0.02001571 0.502276 0.06183975 0.4927726 0.06916189 0.4548563 0.02777707 0.4647162 0.06916189 0.4548563 0.06183975 0.4927726 0.06183975 0.4927726 0.02001571 0.502276 0.02777707 0.4647162 0.06916189 0.4548563 0.1514241 0.4643772 0.1513633 0.4857471 0.1513633 0.4857471 0.06183975 0.4927726 0.06916189 0.4548563 0.792967 0.3525588 0.900304 0.3532961 0.9006218 0.3228781 0.9006218 0.3228781 0.7934491 0.3237369 0.792967 0.3525588 0.900304 0.3532961 0.9503995 0.3519141 0.9538254 0.3227395 0.9538254 0.3227395 0.9006218 0.3228781 0.900304 0.3532961 0.9503995 0.3519141 0.900304 0.3532961 0.9006218 0.3228781 0.9006218 0.3228781 0.9538254 0.3227395 0.9503995 0.3519141 0.900304 0.3532961 0.792967 0.3525588 0.7934491 0.3237369 0.7934491 0.3237369 0.9006218 0.3228781 0.900304 0.3532961 0.2053829 0.4302067 0.1542068 0.4296603 0.1542711 0.4306913 0.2056496 0.4658711 0.2053829 0.4302067 0.1542711 0.4306913 0.1541041 0.4656856 0.2056496 0.4658711 0.1542711 0.4306913 0 0 0 0 0 0 0 0 0 0 0 0 0 0 0 0 0 0 0 0 0 0 0 0 0.3361645 0.4316683 0.3689327 0.4677286 0.2796114 0.4665235 0.2796114 0.4665235 0.2793447 0.4310687 0.3361645 0.4316683 0.09871184 0.2067818 0.0851165 0.2481254 0.1489518 0.258464 0.1489518 0.258464 0.1481695 0.2077972 0.09871184 0.2067818 0.2780695 0.09946578 0.2878653 0.142012 0.2420588 0.141891 0.2420588 0.141891 0.2424353 0.0993548 0.2780695 0.09946578 0.2779836 0.07971215 0.2991247 0.08949679 0.2780695 0.09946578 0.2779836 0.07971215 0.2780695 0.09946578 0.2424353 0.0993548 0.2425014 0.08013331 0.2779836 0.07971215 0.2424353 0.0993548 0.2267923 0.2078738 0.2278764 0.2593989 0.1503613 0.2589537 0.1503613 0.2589537 0.1496333 0.2078465 0.2267923 0.2078738 0.2413424 0.0376265 0.2874087 0.03711354 0.2779836 0.07971215 0.2779836 0.07971215 0.2425014 0.08013331 0.2413424 0.0376265 0.9560426 0.1279854 0.8474424 0.1287443 0.8472726 0.06844192 0.8472726 0.06844192 0.95673 0.06907027 0.9560426 0.1279854 0.2839028 0.3515719 0.2835315 0.3589261 0.2288957 0.3561673 0.2288957 0.3561673 0.2293589 0.3488177 0.2839028 0.3515719 0.2469497 0.3242338 0.2469959 0.3315975 0.1668515 0.3312954 0.1668515 0.3312954 0.1667862 0.3239315 0.2469497 0.3242338 0.9676437 0.1104643 0.9565375 0.1117798 0.9572384 0.05309611 0.9572384 0.05309611 0.9683611 0.04599374 0.9676437 0.1104643 0.8366417 0.002240955 0.8476795 0.01344001 0.8478037 0.05197393 0.8478037 0.05197393 0.8367422 0.04466521 0.8366417 0.002240955 0.8939444 0.3227956 0.8888825 0.3529482 0.8302558 0.3529333 0.8302558 0.3529333 0.8328649 0.3235916 0.8939444 0.3227956 0.9539443 0.3220138 0.9513952 0.3529641 0.9136532 0.3529545 0.9136532 0.3529545 0.9143393 0.3225299 0.9539443 0.3220138 0.2056496 0.4658711 0.2791901 0.4665104 0.2789235 0.430992 0.2789235 0.430992 0.2053829 0.4302067 0.2056496 0.4658711 0.2060708 0.465942 0.1545308 0.4657942 0.1552155 0.4302631 0.2060708 0.465942 0.1552155 0.4302631 0.155148 0.4297583 0.2060708 0.465942 0.155148 0.4297583 0.2058041 0.4302928 0.2253292 0.2078183 0.1481695 0.2077972 0.1489518 0.258464 0.1489518 0.258464 0.2264676 0.2588056 0.2253292 0.2078183 0.2424353 0.0993548 0.2420588 0.141891 0.1714283 0.1417045 0.1714283 0.1417045 0.175265 0.09914553 0.2424353 0.0993548 0.2425014 0.08013331 0.2424353 0.0993548 0.175265 0.09914553 0.175265 0.09914553 0.1754866 0.0809288 0.2425014 0.08013331 0.2413424 0.0376265 0.2425014 0.08013331 0.1754866 0.0809288 0.1754866 0.0809288 0.1697037 0.03842419 0.2413424 0.0376265 0.2293589 0.3488177 0.2288957 0.3561673 0.1497301 0.3521699 0.1497301 0.3521699 0.1501741 0.3448194 0.2293589 0.3488177 0.8367422 0.04466521 0.8478037 0.05197393 0.8479948 0.1112849 0.8479948 0.1112849 0.8368967 0.1099187 0.8367422 0.04466521 0.9143393 0.3225299 0.9136532 0.3529545 0.8555597 0.3529397 0.8555597 0.3529397 0.8533799 0.3233243 0.9143393 0.3225299 0.2060708 0.465942 0.2058041 0.4302928 0.2793447 0.4310687 0.2793447 0.4310687 0.2796114 0.4665235 0.2060708 0.465942 0.2267923 0.2078738 0.2898764 0.2068284 0.2948564 0.2499123 0.2948564 0.2499123 0.2278764 0.2593989 0.2267923 0.2078738 0.9553096 0.1908056 0.8476276 0.1945431 0.8474424 0.1287443 0.8474424 0.1287443 0.9560426 0.1279854 0.9553096 0.1908056 0.3113341 0.3244765 0.3113064 0.3318399 0.2469959 0.3315975 0.2469959 0.3315975 0.2469497 0.3242338 0.3113341 0.3244765 0.9676437 0.1104643 0.9667698 0.1890033 0.9558491 0.1694263 0.9558491 0.1694263 0.9565375 0.1117798 0.9676437 0.1104643 0.9539443 0.3220138 0.9513952 0.3529641 0.8888825 0.3529482 0.8888825 0.3529482 0.8939444 0.3227956 0.9539443 0.3220138 0.2791901 0.4665104 0.3702038 0.4678006 0.3379885 0.4316227 0.3379885 0.4316227 0.2789235 0.430992 0.2791901 0.4665104 0.3756345 0.9601393 0.2740713 0.8265299 0.2530377 0.9676936 0.2737784 0.8285811 0.3800789 0.9611859 0.2515708 0.9681887 0.2786885 0.9802696 0.2515708 0.9681887 0.3800789 0.9611859 0.3800789 0.9611859 0.4255686 0.982204 0.2786885 0.9802696 0.4272235 0.9817746 0.4269686 0.980948 0.2802464 0.9822943 0.2802464 0.9822943 0.2804725 0.9830141 0.4272235 0.9817746 0.4269686 0.980948 0.3756345 0.9601393 0.2530377 0.9676936 0.2530377 0.9676936 0.2802464 0.9822943 0.4269686 0.980948 0.2530377 0.9676936 0.2740713 0.8265299 0.2530177 0.9676518 0.2740713 0.8265299 0.2529994 0.9676135 0.2530177 0.9676518 0.2530177 0.9676518 0.2529994 0.9676135 0.2804725 0.9830141 0.2802464 0.9822943 0.2530377 0.9676936 0.2530177 0.9676518 0.698481 0.008924007 0.7007205 0.1038643 0.7659915 0.1036536 0.7659915 0.1036536 0.763752 0.008713245 0.698481 0.008924007 0.7007205 0.1038643 0.6899943 0.211387 0.7817882 0.2110907 0.7817882 0.2110907 0.7659915 0.1036536 0.7007205 0.1038643 0.6899943 0.211387 0.6911146 0.2588804 0.7829084 0.258584 0.7829084 0.258584 0.7817882 0.2110907 0.6899943 0.211387 0.6917023 0.2596014 0.690582 0.212108 0.7823759 0.2118117 0.7823759 0.2118117 0.7834961 0.259305 0.6917023 0.2596014 0.690582 0.212108 0.7013082 0.1045852 0.7665791 0.1043745 0.7665791 0.1043745 0.7823759 0.2118117 0.690582 0.212108 0.7013082 0.1045852 0.6990688 0.009644925 0.7643396 0.009434223 0.7643396 0.009434223 0.7665791 0.1043745 0.7013082 0.1045852 0.9575842 0.2957621 0.9959729 0.2498204 0.9579324 0.2034831 0.9579324 0.2034831 0.8714286 0.2088314 0.7948843 0.2487795 0.9575842 0.2957621 0.9579324 0.2034831 0.7948843 0.2487795 0.8711242 0.2895185 0.9575842 0.2957621 0.7948843 0.2487795 0.8719241 0.2898565 0.9583841 0.2961 0.9967729 0.2501584 0.9967729 0.2501584 0.9587323 0.2038211 0.8722285 0.2091693 0.8719241 0.2898565 0.9967729 0.2501584 0.8722285 0.2091693 0.7956842 0.2491175 0.8719241 0.2898565 0.8722285 0.2091693 0.698481 0.008924007 0.763752 0.008713245 0.7659915 0.1036536 0.7659915 0.1036536 0.7007205 0.1038643 0.698481 0.008924007 0.7007205 0.1038643 0.7659915 0.1036536 0.7817882 0.2110907 0.7817882 0.2110907 0.6899943 0.211387 0.7007205 0.1038643 0.6899943 0.211387 0.7817882 0.2110907 0.7829084 0.258584 0.7829084 0.258584 0.6911146 0.2588804 0.6899943 0.211387 0.6917023 0.2596014 0.7834961 0.259305 0.7823759 0.2118117 0.7823759 0.2118117 0.690582 0.212108 0.6917023 0.2596014 0.690582 0.212108 0.7823759 0.2118117 0.7665791 0.1043745 0.7665791 0.1043745 0.7013082 0.1045852 0.690582 0.212108 0.7013082 0.1045852 0.7665791 0.1043745 0.7643396 0.009434223 0.7643396 0.009434223 0.6990688 0.009644925 0.7013082 0.1045852 0.7948843 0.2487795 0.8714286 0.2088314 0.9579324 0.2034831 0.9579324 0.2034831 0.9959729 0.2498204 0.9575842 0.2957621 0.7948843 0.2487795 0.9579324 0.2034831 0.9575842 0.2957621 0.8711242 0.2895185 0.7948843 0.2487795 0.9575842 0.2957621 0.8722285 0.2091693 0.9587323 0.2038211 0.9967729 0.2501584 0.9967729 0.2501584 0.9583841 0.2961 0.8719241 0.2898565 0.8722285 0.2091693 0.9967729 0.2501584 0.8719241 0.2898565 0.7956842 0.2491175 0.8722285 0.2091693 0.8719241 0.2898565 0.5117551 0.5475466 0.569751 0.5412719 0.40661 0.8000655 0.40661 0.8000655 0.2141066 0.5273227 0.3362495 0.5377036 0.40661 0.8000655 0.3362495 0.5377036 0.440773 0.5523442 0.5117551 0.5475466 0.40661 0.8000655 0.440773 0.5523442 0.4269683 0.7632136 0.376886 0.7600622 0.2062928 0.5269116 0.4269683 0.7632136 0.2062928 0.5269116 0.3709537 0.5446676 0.4269683 0.7632136 0.3709537 0.5446676 0.4397174 0.5528638 0.4269683 0.7632136 0.4397174 0.5528638 0.564699 0.5377368 0.3362495 0.5377036 0.2141066 0.5273227 0.40661 0.8000655 0.440773 0.5523442 0.3362495 0.5377036 0.40661 0.8000655 0.5117551 0.5475466 0.440773 0.5523442 0.40661 0.8000655 0.5117551 0.5475466 0.40661 0.8000655 0.569751 0.5412719 0.4269683 0.7632136 0.564699 0.5377368 0.4397174 0.5528638 0.4269683 0.7632136 0.4397174 0.5528638 0.3709537 0.5446676 0.4269683 0.7632136 0.3709537 0.5446676 0.2062928 0.5269116 0.4269683 0.7632136 0.2062928 0.5269116 0.376886 0.7600622 0.6546586 0.8158871 0.9558067 0.9643906 0.9650862 0.6809126 0.6046643 0.7921496 0.6546586 0.8158871 0.9650862 0.6809126 0.6046643 0.7921496 0.9650862 0.6809126 0.7909886 0.674111 0.6046643 0.7921496 0.7909886 0.674111 0.564182 0.6721569 0.5669556 0.9129154 0.5714588 0.6774007 0.5979843 0.6622622 0.6069141 0.924853 0.5669556 0.9129154 0.5979843 0.6622622 0.5979843 0.6622622 0.9652159 0.9326809 0.9130151 0.9376697 0.6069141 0.924853 0.5979843 0.6622622 0.9130151 0.9376697 0.6046643 0.7921496 0.564182 0.6721569 0.7909886 0.674111 0.6046643 0.7921496 0.7909886 0.674111 0.9650862 0.6809126 0.9650862 0.6809126 0.9558067 0.9643906 0.6546586 0.8158871 0.6046643 0.7921496 0.9650862 0.6809126 0.6546586 0.8158871 0.9130151 0.9376697 0.9652159 0.9326809 0.5979843 0.6622622 0.6069141 0.924853 0.9130151 0.9376697 0.5979843 0.6622622 0.5979843 0.6622622 0.5714588 0.6774007 0.5669556 0.9129154 0.6069141 0.924853 0.5979843 0.6622622 0.5669556 0.9129154</float_array>
          <technique_common>
            <accessor source="#jacht2_Mesh-mesh-map-0-array" count="1485" stride="2">
              <param name="S" type="float"/>
              <param name="T" type="float"/>
            </accessor>
          </technique_common>
        </source>
        <vertices id="jacht2_Mesh-mesh-vertices">
          <input semantic="POSITION" source="#jacht2_Mesh-mesh-positions"/>
        </vertices>
        <triangles material="carf-material" count="495">
          <input semantic="VERTEX" source="#jacht2_Mesh-mesh-vertices" offset="0"/>
          <input semantic="NORMAL" source="#jacht2_Mesh-mesh-normals" offset="1"/>
          <input semantic="TEXCOORD" source="#jacht2_Mesh-mesh-map-0" offset="2" set="0"/>
          <p>314 0 0 313 1 1 312 2 2 374 3 3 371 4 4 318 5 5 319 6 6 315 7 7 375 8 8 373 9 9 377 10 10 322 11 11 321 12 12 320 13 13 372 14 14 378 15 15 376 16 16 316 17 17 317 18 18 380 19 19 379 20 20 383 21 21 382 21 22 381 21 23 410 22 24 409 22 25 408 22 26 412 23 27 411 23 28 984 23 29 985 24 30 986 24 31 413 24 32 416 25 33 414 26 34 987 27 35 988 28 36 989 29 37 415 30 38 993 31 39 992 32 40 990 33 41 991 34 42 995 35 43 994 36 44 998 37 45 997 38 46 996 39 47 2 40 48 1 41 49 0 42 50 86 43 51 83 44 52 6 45 53 7 46 54 3 47 55 87 47 56 84 48 57 89 48 58 9 48 59 10 49 60 8 49 61 85 49 62 91 50 63 88 51 64 5 52 65 4 53 66 92 54 67 90 55 68 95 56 69 94 57 70 93 58 71 419 59 72 418 60 73 417 61 74 1001 62 75 999 63 76 423 64 77 424 65 78 422 66 79 1002 67 80 1007 68 81 1003 69 82 426 70 83 425 71 84 1008 72 85 1006 73 86 1005 74 87 1000 74 88 421 74 89 420 75 90 427 75 91 1004 75 92 1011 76 93 1010 77 94 1009 78 95 438 79 96 22 80 97 11 81 98 13 82 99 430 83 100 437 84 101 28 85 102 440 86 103 428 87 104 429 88 105 14 89 106 29 90 107 32 91 108 31 92 109 16 93 110 15 94 111 17 94 112 34 95 113 443 96 114 33 97 115 19 98 116 18 99 117 433 100 118 444 101 119 448 102 120 442 103 121 432 104 122 431 105 123 434 106 124 447 107 125 23 108 126 1014 109 127 1012 110 128 1013 111 129 12 112 130 24 113 131 75 114 132 78 115 133 80 116 134 81 117 135 82 118 136 73 119 137 77 120 138 79 121 139 71 122 140 76 123 141 72 124 142 74 125 143 204 126 144 200 127 145 218 128 146 219 129 147 213 130 148 203 131 149 208 132 150 181 133 151 198 134 152 199 135 153 205 136 154 212 137 155 186 138 156 183 139 157 180 140 158 182 141 159 207 142 160 184 143 161 214 144 162 232 145 163 206 146 164 216 147 165 210 148 166 201 149 167 202 150 168 233 151 169 215 152 170 188 153 171 185 154 172 209 155 173 211 156 174 217 157 175 187 158 176 240 159 177 239 160 178 220 161 179 222 162 180 243 163 181 241 164 182 238 165 183 191 166 184 228 167 185 230 168 186 221 169 187 237 170 188 190 171 189 192 172 190 193 173 191 195 174 192 229 175 193 189 176 194 244 177 195 242 178 196 223 179 197 224 180 198 226 181 199 234 182 200 236 183 201 245 184 202 225 185 203 227 186 204 194 187 205 197 188 206 196 189 207 235 190 208 231 191 209 262 192 210 249 193 211 247 194 212 246 195 213 257 196 214 263 197 215 266 198 216 252 199 217 250 200 218 248 201 219 261 202 220 269 203 221 271 204 222 254 205 223 253 206 224 251 207 225 265 208 226 272 209 227 273 210 228 260 211 229 255 212 230 256 213 231 38 214 232 274 215 233 277 216 234 268 217 235 258 218 236 259 219 237 275 220 238 276 221 239 39 222 240 270 223 241 267 224 242 264 225 243 278 226 244 40 227 245 279 228 246 282 229 247 292 230 248 293 231 249 288 232 250 280 233 251 281 234 252 284 235 253 297 236 254 298 237 255 294 238 256 283 239 257 285 240 258 287 241 259 303 242 260 304 243 261 302 244 262 286 245 263 289 246 264 295 247 265 307 248 266 308 249 267 41 250 268 290 251 269 296 252 270 300 253 271 310 254 272 311 255 273 306 256 274 291 257 275 299 258 276 305 259 277 43 260 278 42 261 279 309 262 280 301 263 281 99 264 282 98 265 283 456 266 284 100 267 285 462 268 286 465 269 287 101 270 288 463 271 289 1018 272 290 454 273 291 461 274 292 97 275 293 96 276 294 1020 277 295 453 278 296 104 279 297 1022 280 298 472 281 299 103 282 300 471 283 301 451 284 302 1019 285 303 102 286 304 452 287 305 468 288 306 473 289 307 1023 290 308 1021 291 309 1017 292 310 467 293 311 476 294 312 480 295 313 457 296 314 459 297 315 450 298 316 477 299 317 483 300 318 486 301 319 470 302 320 469 303 321 464 304 322 482 305 323 475 306 324 487 307 325 479 308 326 478 309 327 455 310 328 474 311 329 1028 312 330 1026 312 331 1025 312 332 1024 313 333 1029 313 334 1027 313 335 460 314 336 481 315 337 485 316 338 484 317 339 466 318 340 458 319 341 46 320 342 45 321 343 44 322 344 50 323 345 47 324 346 106 325 347 105 326 348 109 327 349 49 328 350 52 329 351 48 330 352 108 331 353 107 332 354 110 333 355 51 334 356 114 335 357 113 335 358 111 335 359 112 336 360 116 336 361 115 336 362 119 337 363 118 338 364 117 339 365 53 340 366 55 341 367 54 342 368 57 343 369 122 344 370 120 345 371 121 346 372 59 347 373 56 348 374 60 349 375 125 349 376 123 349 377 124 350 378 58 350 379 61 350 380 130 351 381 128 352 382 127 353 383 126 354 384 131 355 385 129 356 386 134 357 387 133 358 388 132 359 389 21 360 390 436 361 391 490 362 392 489 363 393 63 364 394 20 365 395 435 366 396 27 367 397 66 368 398 67 369 399 488 370 400 439 371 401 26 372 402 36 373 403 70 374 404 69 375 405 65 376 406 30 377 407 35 378 408 441 379 409 492 380 410 493 381 411 68 382 412 37 383 413 445 384 414 449 385 415 496 386 416 494 387 417 491 388 418 446 389 419 1016 390 420 25 391 421 62 392 422 64 393 423 495 394 424 1015 395 425 139 396 426 1031 397 427 135 398 428 137 399 429 140 400 430 138 401 431 1032 402 432 144 403 433 143 404 434 141 405 435 136 406 436 1030 407 437 145 408 438 149 409 439 147 410 440 148 411 441 142 412 442 146 413 443 153 414 444 1035 415 445 151 416 446 152 417 447 155 418 448 154 419 449 1033 420 450 1037 421 451 158 422 452 157 423 453 150 424 454 1034 425 455 1038 426 456 161 427 457 159 428 458 160 429 459 156 430 460 1036 431 461 505 432 462 586 432 463 583 433 464 508 434 465 582 435 466 528 434 467 506 436 468 527 436 469 497 436 470 503 437 471 588 437 472 585 437 473 536 438 474 510 439 475 637 440 476 636 441 477 622 442 478 535 443 479 518 444 480 538 445 481 593 446 482 515 447 483 594 448 484 591 449 485 516 450 486 592 451 487 513 452 488 539 453 489 519 454 490 523 455 491 524 456 492 543 457 493 540 458 494 541 459 495 521 459 496 499 459 497 501 460 498 529 460 499 542 460 500 641 461 501 638 462 502 595 461 503 852 463 504 881 463 505 659 464 506 658 465 507 623 466 508 851 466 509 656 467 510 627 468 511 533 469 512 648 470 513 601 471 514 553 472 515 650 473 516 554 474 517 552 475 518 649 476 519 551 477 520 653 478 521 602 479 522 647 480 523 644 481 524 605 482 525 645 483 526 557 484 527 604 485 528 556 486 529 607 487 530 1040 488 531 1039 488 532 642 488 533 1042 489 534 643 489 535 599 489 536 1041 490 537 597 490 538 608 490 539 559 491 540 544 491 541 546 491 542 548 492 543 568 492 544 561 492 545 631 493 546 856 493 547 1045 493 548 1046 494 549 1047 494 550 632 494 551 907 495 552 910 496 553 913 497 554 573 498 555 534 499 556 629 500 557 630 501 558 634 502 559 574 503 560 578 504 561 1052 505 562 1050 506 563 1048 507 564 558 508 565 576 509 566 1055 510 567 613 511 568 565 512 569 563 513 570 1049 514 571 1053 515 572 1059 516 573 1058 516 574 611 516 575 1064 517 576 864 518 577 858 519 578 857 520 579 633 521 580 1063 522 581 765 523 582 768 524 583 754 525 584 766 526 585 755 527 586 756 528 587 767 529 588 758 530 589 763 531 590 584 532 591 587 533 592 530 534 593 590 535 594 589 536 595 511 537 596 1066 538 597 1065 539 598 537 540 599 1068 541 600 596 541 601 640 542 602 1069 543 603 639 544 604 662 543 605 1067 545 606 661 545 607 1073 545 608 600 546 609 651 547 610 646 548 611 603 549 612 606 550 613 555 551 614 609 552 615 598 552 616 1070 552 617 612 553 618 1054 554 619 1060 555 620 1056 556 621 545 556 622 560 556 623 562 557 624 610 557 625 1057 557 626 795 558 627 799 559 628 800 560 629 796 561 630 801 562 631 789 563 632 787 564 633 790 565 634 792 565 635 798 566 636 788 567 637 793 568 638 797 569 639 791 570 640 794 571 641 1074 572 642 624 573 643 657 574 644 549 575 645 821 576 646 823 577 647 824 578 648 652 579 649 550 580 650 571 581 651 1076 582 652 626 583 653 625 584 654 1075 585 655 572 586 656 883 587 657 861 588 658 1061 589 659 1062 590 660 1077 591 661 885 592 662 681 593 663 827 593 664 830 593 665 829 594 666 682 594 667 680 594 668 531 595 669 619 596 670 615 597 671 616 598 672 509 598 673 532 598 674 1084 599 675 1081 600 676 1079 601 677 1078 602 678 1086 603 679 1083 604 680 1091 605 681 1089 606 682 1088 607 683 1087 608 684 1092 608 685 1090 608 686 1096 609 687 1095 610 688 1093 611 689 1094 612 690 1098 613 691 1097 614 692 1105 615 693 1103 615 694 1102 616 695 1100 617 696 1107 618 697 1104 619 698 1101 620 699 1113 621 700 1111 622 701 1110 623 702 1106 624 703 1099 625 704 1115 626 705 875 626 706 869 626 707 867 627 708 1116 628 709 1114 627 710 1122 629 711 1120 630 712 1117 631 713 1123 632 714 836 633 715 806 634 716 809 635 717 1127 636 718 1124 637 719 1125 638 720 1128 639 721 1082 640 722 1080 641 723 1085 642 724 1126 643 725 1132 644 726 839 645 727 841 646 728 840 647 729 669 648 730 1131 649 731 1130 650 732 667 651 733 671 652 734 672 653 735 1133 654 736 1129 655 737 675 656 738 1136 657 739 878 658 740 879 659 741 895 660 742 676 661 743 757 662 744 760 663 745 761 663 746 762 664 747 764 665 748 759 666 749 1143 667 750 1142 668 751 1138 669 752 1140 670 753 1145 671 754 1144 672 755 770 673 756 772 673 757 773 673 758 774 674 759 769 674 760 771 674 761 1148 675 762 1147 676 763 873 677 764 870 678 765 683 679 766 1149 680 767 752 681 768 736 681 769 737 681 770 738 682 771 740 683 772 753 684 773 1150 685 774 688 685 775 691 685 776 693 686 777 1153 686 778 1151 686 779 1155 687 780 699 688 781 704 689 782 702 690 783 1156 691 784 1154 692 785 1157 693 786 701 694 787 707 695 788 706 696 789 663 696 790 1158 697 791 739 698 792 742 699 793 747 699 794 750 700 795 751 701 796 741 702 797 1163 703 798 717 704 799 689 705 800 687 706 801 1152 707 802 1162 708 803 692 709 804 684 710 805 719 709 806 720 711 807 718 712 808 690 712 809 686 713 810 716 714 811 725 714 812 724 715 813 721 716 814 685 717 815 748 718 816 743 718 817 744 718 818 745 719 819 746 719 820 749 719 821 708 720 822 700 721 823 728 720 824 729 722 825 726 722 826 709 722 827 703 723 828 698 724 829 731 725 830 732 726 831 730 727 832 705 728 833 1166 729 834 697 730 835 734 731 836 733 732 837 1169 733 838 1165 734 839 696 735 840 1173 736 841 1170 737 842 1171 738 843 735 739 844 695 740 845 1181 741 846 679 742 847 1178 743 848 1176 744 849 1183 745 850 1180 746 851 677 747 852 666 748 853 1187 749 854 1186 750 855 1177 751 856 678 752 857 665 753 858 712 754 859 1189 755 860 1188 756 861 1185 757 862 664 758 863 710 759 864 727 760 865 1191 761 866 1192 762 867 1190 763 868 711 764 869 1196 765 870 1195 766 871 1193 767 872 1194 768 873 1198 769 874 1197 770 875 723 771 876 714 772 877 1200 773 878 1199 774 879 1202 775 880 722 776 881 715 777 882 1160 778 883 1205 779 884 1204 780 885 1201 781 886 713 782 887 1161 783 888 1179 784 889 1182 785 890 1184 786 891 1203 787 892 1159 788 893 1213 789 894 1210 790 895 1206 791 896 1208 792 897 1214 793 898 1212 794 899 1211 795 900 1217 796 901 1215 797 902 1216 798 903 1207 799 904 1209 800 905 1222 801 906 1220 802 907 1219 803 908 1218 804 909 1223 805 910 1221 806 911 1231 807 912 1227 808 913 1225 809 914 1224 810 915 1232 811 916 1230 812 917 1228 813 918 1235 814 919 1233 815 920 1234 816 921 1226 817 922 1229 818 923 1242 819 924 1241 820 925 1237 821 926 1238 822 927 1244 823 928 1243 824 929 1240 825 930 1247 826 931 1246 827 932 1245 828 933 1236 829 934 1239 830 935 673 831 936 668 832 937 1248 833 938 1249 834 939 1250 835 940 670 836 941 1258 837 942 1256 838 943 1251 839 944 1253 840 945 1259 841 946 1257 842 947 1254 843 948 1264 844 949 1262 845 950 1261 846 951 1252 847 952 1255 848 953 1263 849 954 1268 850 955 1266 851 956 1267 852 957 1260 853 958 1265 854 959 1273 855 960 802 856 961 1270 857 962 1269 858 963 1275 859 964 1271 860 965 1277 861 966 803 862 967 1274 863 968 1272 864 969 1278 865 970 1276 866 971 1172 867 972 694 868 973 1164 869 974 1167 870 975 1282 871 976 1280 872 977 1174 873 978 1168 874 979 1281 875 980 1283 876 981 1175 877 982 1279 878 983 507 879 984 498 879 985 777 879 986 778 880 987 775 881 988 504 881 989 500 882 990 522 882 991 781 882 992 780 883 993 776 884 994 502 885 995 526 886 996 520 887 997 783 888 998 782 889 999 779 890 1000 525 891 1001 514 892 1002 512 893 1003 786 894 1004 785 895 1005 784 896 1006 517 897 1007 1291 898 1008 1287 899 1009 1286 900 1010 1285 901 1011 1292 902 1012 1290 903 1013 1289 904 1014 1298 905 1015 1295 906 1016 1293 907 1017 1284 908 1018 1288 909 1019 1296 910 1020 1303 911 1021 1301 912 1022 1300 913 1023 1294 914 1024 1297 915 1025 1304 916 1026 1307 917 1027 1305 918 1028 1306 919 1029 1299 920 1030 1302 921 1031 1314 922 1032 1311 923 1033 1310 924 1034 847 925 1035 1313 926 1036 1309 926 1037 1315 927 1038 844 928 1039 1308 927 1040 1321 929 1041 1319 930 1042 1318 931 1043 1327 932 1044 1325 933 1045 1324 934 1046 1317 935 1047 1326 936 1048 1323 937 1049 1320 938 1050 1316 939 1051 1322 940 1052 620 941 1053 635 942 1054 892 943 1055 894 944 1056 1329 945 1057 621 946 1058 1072 947 1059 660 947 1060 1334 947 1061 1333 948 1062 805 948 1063 1071 948 1064 567 949 1065 547 949 1066 1337 949 1067 1336 950 1068 812 950 1069 566 950 1070 579 951 1071 564 952 1072 569 953 1073 581 954 1074 570 954 1075 815 954 1076 820 955 1077 580 955 1078 814 955 1079 1342 956 1080 1339 957 1081 825 958 1082 826 959 1083 822 960 1084 1343 961 1085 1347 962 1086 1051 963 1087 577 964 1088 575 965 1089 817 966 1090 1346 967 1091 887 968 1092 1348 969 1093 832 968 1094 831 970 1095 828 970 1096 886 970 1097 1108 971 1098 1112 971 1099 1352 972 1100 1353 973 1101 834 974 1102 1109 974 1103 891 975 1104 1355 976 1105 808 977 1106 807 978 1107 837 979 1108 889 980 1109 1360 981 1110 876 982 1111 842 983 1112 843 984 1113 838 985 1114 1359 986 1115 1135 987 1116 674 988 1117 850 989 1118 848 990 1119 1361 991 1120 1134 992 1121 1368 993 1122 1365 994 1123 1139 995 1124 1137 996 1125 1141 997 1126 1369 998 1127 1374 999 1128 1373 1000 1129 1371 1001 1130 1372 1002 1131 1376 1003 1132 1375 1004 1133 846 1005 1134 1383 1006 1135 1380 1006 1136 1379 1007 1137 1312 1007 1138 845 1008 1139 1388 1009 1140 1387 1010 1141 1385 1011 1142 1392 1012 1143 1386 1013 1144 1394 1014 1145 1389 1015 1146 1393 1016 1147 1395 1017 1148 854 1018 1149 804 1018 1150 1332 1018 1151 1331 1019 1152 882 1019 1153 853 1019 1154 811 1020 1155 1335 1020 1156 1044 1020 1157 1043 1021 1158 855 1021 1159 810 1021 1160 818 1022 1161 813 1023 1162 859 1024 1163 860 1025 1164 865 1026 1165 819 1027 1166 1344 1028 1167 816 1029 1168 862 1030 1169 863 1031 1170 884 1032 1171 1345 1033 1172 835 1034 1173 1351 1035 1174 868 1034 1175 866 1036 1176 874 1036 1177 833 1036 1178 1363 1037 1179 849 1038 1180 897 1039 1181 896 1040 1182 880 1041 1183 1362 1042 1184 1378 1043 1185 1370 1044 1186 872 1045 1187 871 1046 1188 1146 1047 1189 1377 1048 1190 1390 1049 1191 1396 1050 1192 1328 1051 1193 1330 1052 1194 893 1053 1195 1391 1054 1196 1340 1055 1197 628 1056 1198 654 1057 1199 655 1058 1200 1338 1059 1201 1341 1060 1202 1398 1061 1203 1397 1062 1204 1349 1063 1205 1350 1064 1206 888 1065 1207 1399 1066 1208 1118 1067 1209 1121 1068 1210 1356 1069 1211 1354 1070 1212 890 1071 1213 1119 1072 1214 1358 1073 1215 1402 1074 1216 1401 1075 1217 1400 1076 1218 877 1077 1219 1357 1078 1220 1404 1079 1221 1403 1080 1222 1364 1081 1223 1366 1082 1224 1367 1083 1225 1405 1084 1226 1382 1085 1227 614 1085 1228 617 1085 1229 618 1086 1230 1381 1086 1231 1384 1086 1232 1409 1087 1233 1407 1088 1234 899 1089 1235 1414 1090 1236 1411 1091 1237 903 1092 1238 1416 1093 1239 904 1094 1240 1413 1095 1241 1412 1096 1242 1417 1097 1243 1415 1098 1244 1421 1099 1245 1420 1099 1246 908 1100 1247 911 1101 1248 906 1102 1249 1422 1103 1250 1418 1104 1251 1410 1105 1252 898 1104 1253 901 1106 1254 909 1107 1255 1419 1108 1256 900 1109 1257 1408 1110 1258 916 1111 1259 1406 1112 1260 1423 1113 1261 915 1114 1262 917 1115 1263 1424 1116 1264 905 1117 1265 912 1118 1266 902 1119 1267 914 1120 1268 919 1121 1269 920 1122 1270 935 1123 1271 934 1124 1272 933 1125 1273 918 1126 1274 921 1127 1275 923 1128 1276 938 1129 1277 937 1130 1278 936 1131 1279 922 1132 1280 924 1133 1281 926 1133 1282 940 1133 1283 941 1134 1284 939 1134 1285 925 1134 1286 1425 1135 1287 927 1136 1288 943 1137 1289 942 1138 1290 1427 1139 1291 1426 1140 1292 928 1141 1293 932 1142 1294 946 1143 1295 947 1144 1296 944 1145 1297 929 1146 1298 931 1147 1299 1430 1148 1300 1429 1149 1301 1428 1150 1302 945 1151 1303 930 1152 1304 1435 1153 1305 1434 1154 1306 1431 1155 1307 1432 1156 1308 1441 1156 1309 1438 1156 1310 1436 1157 1311 1433 1158 1312 1439 1159 1313 1442 1160 1314 1437 1161 1315 1440 1162 1316 1449 1163 1317 1446 1163 1318 1445 1164 1319 1444 1165 1320 1453 1166 1321 1452 1167 1322 1448 1168 1323 1443 1169 1324 1451 1170 1325 1454 1171 1326 1447 1172 1327 1450 1173 1328 949 1174 1329 956 1175 1330 954 1176 1331 953 1177 1332 950 1178 1333 948 1179 1334 952 1180 1335 955 1181 1336 960 1182 1337 961 1183 1338 957 1184 1339 951 1185 1340 959 1186 1341 962 1186 1342 965 1186 1343 964 1187 1344 963 1187 1345 958 1187 1346 1456 1188 1347 1455 1189 1348 969 1190 1349 970 1191 1350 966 1192 1351 1457 1193 1352 967 1194 1353 971 1195 1354 976 1196 1355 977 1197 1356 974 1198 1357 968 1199 1358 973 1200 1359 975 1201 1360 1459 1202 1361 1458 1203 1362 1460 1204 1363 972 1205 1364 1467 1206 1365 1464 1207 1366 1463 1208 1367 1461 1209 1368 1471 1210 1369 1468 1211 1370 1465 1212 1371 1462 1213 1372 1469 1214 1373 1472 1215 1374 1466 1216 1375 1470 1217 1376 1478 1218 1377 1476 1219 1378 1473 1220 1379 1475 1221 1380 1483 1222 1381 1482 1223 1382 1479 1224 1383 1474 1225 1384 1481 1226 1385 1484 1227 1386 1477 1227 1387 1480 1227 1388 386 1228 1389 384 1229 1390 163 1230 1391 165 1231 1392 978 1232 1393 389 1233 1394 164 1234 1395 390 1235 1396 387 1236 1397 385 1237 1398 162 1238 1399 388 1239 1400 169 1240 1401 170 1241 1402 980 1242 1403 167 1243 1404 979 1244 1405 395 1245 1406 168 1246 1407 394 1247 1408 392 1248 1409 166 1249 1410 393 1250 1411 391 1250 1412 401 1251 1413 981 1252 1414 174 1253 1415 400 1254 1416 402 1255 1417 172 1256 1418 398 1257 1419 399 1258 1420 173 1259 1421 397 1260 1422 171 1261 1423 396 1262 1424 177 1263 1425 403 1264 1426 404 1264 1427 178 1265 1428 405 1266 1429 407 1267 1430 176 1268 1431 406 1269 1432 983 1270 1433 175 1271 1434 982 1272 1435 179 1273 1436 325 1274 1437 323 1274 1438 329 1275 1439 328 1276 1440 324 1276 1441 331 1277 1442 327 1278 1443 330 1279 1444 333 1280 1445 326 1281 1446 334 1282 1447 332 1283 1448 336 1284 1449 335 1285 1450 345 1286 1451 338 1287 1452 337 1288 1453 343 1289 1454 344 1290 1455 346 1291 1456 340 1292 1457 339 1293 1458 342 1294 1459 341 1295 1460 352 1296 1461 356 1297 1462 357 1298 1463 351 1299 1464 358 1300 1465 354 1301 1466 355 1302 1467 347 1303 1468 348 1303 1469 350 1304 1470 353 1305 1471 349 1304 1472 365 1306 1473 370 1307 1474 366 1308 1475 362 1309 1476 364 1310 1477 369 1311 1478 367 1312 1479 359 1313 1480 361 1314 1481 363 1315 1482 368 1316 1483 360 1317 1484</p>
        </triangles>
      </mesh>
    </geometry>
  </library_geometries>
  <library_controllers>
    <controller id="jacht2_Skin_jacht2-skin" name="jacht2_Skin">
      <skin source="#jacht2_Mesh-mesh">
        <bind_shape_matrix>1 0 0 0 0 1 0 0 0 0 1 0 0 0 0 1</bind_shape_matrix>
        <source id="jacht2_Skin_jacht2-skin-joints">
          <Name_array id="jacht2_Skin_jacht2-skin-joints-array" count="20">caravel-root ammo_node_0 mast_pivot mast_pivot01 mast_main01 jib_tackle jib jib_tackle02 jib02 mainmast_flag_pivot01 mainmast_flag01 mainmast_flag_end01 port_tackle03 port_block03 star_tackle03 star_block03 tgallant_tackle01 tgallant01 smoke_node_0 smoke_node_1</Name_array>
          <technique_common>
            <accessor source="#jacht2_Skin_jacht2-skin-joints-array" count="20" stride="1">
              <param name="JOINT" type="name"/>
            </accessor>
          </technique_common>
        </source>
        <source id="jacht2_Skin_jacht2-skin-bind_poses">
          <float_array id="jacht2_Skin_jacht2-skin-bind_poses-array" count="320">1 0 1.50996e-7 -0.08557116 0 -1 0 5.20549 1.50996e-7 0 -1 5.155847 0 0 0 1 1 0 0 0.1441025 0 -1 0 -9.988329 0 0 -1 14.27067 0 0 0 1 1 0 0 -1.62423e-6 0 -1 0 -50.22153 0 0 -1 14.74395 0 0 0 1 1 0 0 0.3606951 0 0 1 -8.275914 0 -1 0 -20.35808 0 0 0 1 1 -1.50996e-7 0 0.3606916 0 0 -1 136.935 1.50996e-7 1 0 22.92287 0 0 0 1 1 -1.5637e-7 0 -0.23721 0 0.2184221 -0.9758546 82.99377 1.6049e-7 0.9758544 0.2184222 46.90094 0 0 0 1 1 -1.6073e-7 0 0.3606979 0 0.2184258 -0.9758538 46.59494 1.71139e-7 0.9758536 0.2184259 42.26194 0 0 0 1 1 0 0 -0.2372005 0 0.2184222 -0.9758546 81.00046 0 0.9758543 0.2184222 0.08743858 0 0 0 1 1 -1.47383e-7 0 0.3607104 0 0.2184218 -0.9758548 46.02198 1.57257e-7 0.9758545 0.2184219 -17.62322 0 0 0 1 1 0 0 0.3606841 0 -1 0 -25.09012 0 0 -1 123.5449 0 0 0 1 1 0 0 0.3605911 0 -1 0 -33.60683 0 0 -1 124.5337 0 0 0 1 1 0 0 0.3605907 0 -1 0 -44.10342 0 0 -1 124.5337 0 0 0 1 1 0 0 -39.6393 0 0 -1 77.48285 0 1 0 24.37774 0 0 0 1 1 -1.19209e-7 0 -39.63931 0 0 -1 47.94671 1.19209e-7 1 0 24.90691 0 0 0 1 1 0 0 40.36069 0 0 -1 77.48285 0 1 0 24.37774 0 0 0 1 1 -1.19209e-7 0 40.36069 0 0 -1 47.94671 1.19209e-7 1 0 24.90692 0 0 0 1 1 -1.19209e-7 0 1.30942e-7 0 0 -1 106.435 1.19209e-7 1 0 25.89962 0 0 0 1 1 -1.19209e-7 0 9.10577e-5 0 0 -1 87.12115 1.19209e-7 1 0 36.07286 0 0 0 1 1 0 0 -2.80142e-6 0 1 0 37.01787 0 0 1 -2.702415 0 0 0 1 1 0 0 -9.1174e-7 0 1 0 -21.79074 0 0 1 -2.702421 0 0 0 1</float_array>
          <technique_common>
            <accessor source="#jacht2_Skin_jacht2-skin-bind_poses-array" count="20" stride="16">
              <param name="TRANSFORM" type="float4x4"/>
            </accessor>
          </technique_common>
        </source>
        <source id="jacht2_Skin_jacht2-skin-weights">
          <float_array id="jacht2_Skin_jacht2-skin-weights-array" count="1485">1 1 1 1 1 1 1 1 1 1 1 1 1 1 1 1 1 1 1 1 1 1 1 1 1 1 1 1 1 1 1 1 1 1 1 1 1 1 1 1 1 1 1 1 1 1 1 1 1 1 1 1 1 1 1 1 1 1 1 1 1 1 1 1 1 1 1 1 1 1 1 1 1 1 1 1 1 1 1 1 1 1 1 1 1 1 1 1 1 1 1 1 1 1 1 1 1 1 1 1 1 1 1 1 1 1 1 1 1 1 1 1 1 1 1 1 1 1 1 1 1 1 1 1 1 1 1 1 1 1 1 1 1 1 1 1 1 1 1 1 1 1 1 1 1 1 1 1 1 1 1 1 1 1 1 1 1 1 1 1 1 1 1 1 1 1 1 1 1 1 1 1 1 1 1 1 1 1 1 1 1 1 1 1 1 1 1 1 1 1 1 1 1 1 1 1 1 1 1 1 1 1 1 1 1 1 1 1 1 1 1 1 1 1 1 1 1 1 1 1 1 1 1 1 1 1 1 1 1 1 1 1 1 1 1 1 1 1 1 1 1 1 1 1 1 1 1 1 1 1 1 1 1 1 1 1 1 1 1 1 1 1 1 1 1 1 1 1 1 1 1 1 1 1 1 1 1 1 1 1 1 1 1 1 1 1 1 1 1 1 1 1 1 1 1 1 1 1 1 1 1 1 1 1 1 1 1 1 1 1 1 1 1 1 1 1 1 1 1 1 1 1 1 1 1 1 1 1 1 1 1 1 1 1 1 1 1 1 1 1 1 1 1 1 1 1 1 1 1 1 1 1 1 1 1 1 1 1 1 1 1 1 1 1 1 1 1 1 1 1 1 1 1 1 1 1 1 1 1 1 1 1 1 1 1 1 1 1 1 1 1 1 1 1 1 1 1 1 1 1 1 1 1 1 1 1 1 1 1 1 1 1 1 1 1 1 1 1 1 1 1 1 1 1 1 1 1 1 1 1 1 1 1 1 1 1 1 1 1 1 1 1 1 1 1 1 1 1 1 1 1 1 1 1 1 1 1 1 1 1 1 1 1 1 1 1 1 1 1 1 1 1 1 1 1 1 1 1 1 1 1 1 1 1 1 1 1 1 1 1 1 1 1 1 1 1 1 1 1 1 1 1 1 1 1 1 1 1 1 1 1 1 1 1 1 1 1 1 1 1 1 1 1 1 1 1 1 1 1 1 1 1 1 1 1 1 1 1 1 1 1 1 1 1 1 1 1 1 1 1 1 1 1 1 1 1 1 1 1 1 1 1 1 1 1 1 1 1 1 1 1 1 1 1 1 1 1 1 1 1 1 1 1 1 1 1 1 1 1 1 1 1 1 1 1 1 1 1 1 1 1 1 1 1 1 1 1 1 1 1 1 1 1 1 1 1 1 1 1 1 1 1 1 1 1 1 1 1 1 1 1 1 1 1 1 1 1 1 1 1 1 1 1 1 1 1 1 1 1 1 1 1 1 1 1 1 1 1 1 1 1 1 1 1 1 1 1 1 1 1 1 1 1 1 1 1 1 1 1 1 1 1 1 1 1 1 1 1 1 1 1 1 1 1 1 1 1 1 1 1 1 1 1 1 1 1 1 1 1 1 1 1 1 1 1 1 1 1 1 1 1 1 1 1 1 1 1 1 1 1 1 1 1 1 1 1 1 1 1 1 1 1 1 1 1 1 1 1 1 1 1 1 1 1 1 1 1 1 1 1 1 1 1 1 1 1 1 1 1 1 1 1 1 1 1 1 1 1 1 1 1 1 1 1 1 1 1 1 1 1 1 1 1 1 1 1 1 1 1 1 1 1 1 1 1 1 1 1 1 1 1 1 1 1 1 1 1 1 1 1 1 1 1 1 1 1 1 1 1 1 1 1 1 1 1 1 1 1 1 1 1 1 1 1 1 1 1 1 1 1 1 1 1 1 1 1 1 1 1 1 1 1 1 1 1 1 1 1 1 1 1 1 1 1 1 1 1 1 1 1 1 1 1 1 1 1 1 1 1 1 1 1 1 1 1 1 1 1 1 1 1 1 1 1 1 1 1 1 1 1 1 1 1 1 1 1 1 1 1 1 1 1 1 1 1 1 1 1 1 1 1 1 1 1 1 1 1 1 1 1 1 1 1 1 1 1 1 1 1 1 1 1 1 1 1 1 1 1 1 1 1 1 1 1 1 1 1 1 1 1 1 1 1 1 1 1 1 1 1 1 1 1 1 1 1 1 1 1 1 1 1 1 1 1 1 1 1 1 1 1 1 1 1 1 1 1 1 1 1 1 1 1 1 1 1 1 1 1 1 1 1 1 1 1 1 1 1 1 1 1 1 1 1 1 1 1 1 1 1 1 1 1 1 1 1 1 1 1 1 1 1 1 1 1 1 1 1 1 1 1 1 1 1 1 1 1 1 1 1 1 1 1 1 1 1 1 1 1 1 1 1 1 1 1 1 1 1 1 1 1 1 1 1 1 1 1 1 1 1 1 1 1 1 1 1 1 1 1 1 1 1 1 1 1 1 1 1 1 1 1 1 1 1 1 1 1 1 1 1 1 1 1 1 1 1 1 1 1 1 1 1 1 1 1 1 1 1 1 1 1 1 1 1 1 1 1 1 1 1 1 1 1 1 1 1 1 1 1 1 1 1 1 1 1 1 1 1 1 1 1 1 1 1 1 1 1 1 1 1 1 1 1 1 1 1 1 1 1 1 1 1 1 1 1 1 1 1 1 1 1 1 1 1 1 1 1 1 1 1 1 1 1 1 1 1 1 1 1 1 1 1 1 1 1 1 1 1 1 1 1 1 1 1 1 1 1 1 1 1 1 1 1 1 1 1 1 1 1 1 1 1 1 1 1 1 1 1 1 1 1 1 1 1 1 1 1 1 1 1 1 1 1 1 1 1 1 1 1 1 1 1 1 1 1 1 1 1 1 1 1 1 1 1 1 1 1 1 1 1 1 1 1 1 1 1 1 1 1 1 1 1 1 1 1 1 1 1 1 1 1 1 1 1 1 1 1 1 1 1 1 1 1 1 1 1 1 1 1 1 1 1 1 1 1 1 1 1 1 1 1 1 1 1 1 1 1 1 1 1 1 1 1 1 1 1 1 1 1 1 1 1 1 1 1 1 1 1 1 1 1 1 1 1 1 1 1 1 1 1 1 1 1 1 1 1 1 1 1 1 1 1 1 1 1 1 1 1 1 1 1 1 1 1 1 1 1 1 1 1 1 1 1 1 1 1 1 1 1 1 1 1 1 1 1 1 1 1 1 1 1 1 1 1 1 1 1 1 1 1 1 1 1 1 1 1 1 1 1 1 1 1 1 1 1 1 1 1 1 1 1 1 1 1 1 1</float_array>
          <technique_common>
            <accessor source="#jacht2_Skin_jacht2-skin-weights-array" count="1485" stride="1">
              <param name="WEIGHT" type="float"/>
            </accessor>
          </technique_common>
        </source>
        <joints>
          <input semantic="JOINT" source="#jacht2_Skin_jacht2-skin-joints"/>
          <input semantic="INV_BIND_MATRIX" source="#jacht2_Skin_jacht2-skin-bind_poses"/>
        </joints>
        <vertex_weights count="1485">
          <input semantic="JOINT" source="#jacht2_Skin_jacht2-skin-joints" offset="0"/>
          <input semantic="WEIGHT" source="#jacht2_Skin_jacht2-skin-weights" offset="1"/>
          <vcount>1 1 1 1 1 1 1 1 1 1 1 1 1 1 1 1 1 1 1 1 1 1 1 1 1 1 1 1 1 1 1 1 1 1 1 1 1 1 1 1 1 1 1 1 1 1 1 1 1 1 1 1 1 1 1 1 1 1 1 1 1 1 1 1 1 1 1 1 1 1 1 1 1 1 1 1 1 1 1 1 1 1 1 1 1 1 1 1 1 1 1 1 1 1 1 1 1 1 1 1 1 1 1 1 1 1 1 1 1 1 1 1 1 1 1 1 1 1 1 1 1 1 1 1 1 1 1 1 1 1 1 1 1 1 1 1 1 1 1 1 1 1 1 1 1 1 1 1 1 1 1 1 1 1 1 1 1 1 1 1 1 1 1 1 1 1 1 1 1 1 1 1 1 1 1 1 1 1 1 1 1 1 1 1 1 1 1 1 1 1 1 1 1 1 1 1 1 1 1 1 1 1 1 1 1 1 1 1 1 1 1 1 1 1 1 1 1 1 1 1 1 1 1 1 1 1 1 1 1 1 1 1 1 1 1 1 1 1 1 1 1 1 1 1 1 1 1 1 1 1 1 1 1 1 1 1 1 1 1 1 1 1 1 1 1 1 1 1 1 1 1 1 1 1 1 1 1 1 1 1 1 1 1 1 1 1 1 1 1 1 1 1 1 1 1 1 1 1 1 1 1 1 1 1 1 1 1 1 1 1 1 1 1 1 1 1 1 1 1 1 1 1 1 1 1 1 1 1 1 1 1 1 1 1 1 1 1 1 1 1 1 1 1 1 1 1 1 1 1 1 1 1 1 1 1 1 1 1 1 1 1 1 1 1 1 1 1 1 1 1 1 1 1 1 1 1 1 1 1 1 1 1 1 1 1 1 1 1 1 1 1 1 1 1 1 1 1 1 1 1 1 1 1 1 1 1 1 1 1 1 1 1 1 1 1 1 1 1 1 1 1 1 1 1 1 1 1 1 1 1 1 1 1 1 1 1 1 1 1 1 1 1 1 1 1 1 1 1 1 1 1 1 1 1 1 1 1 1 1 1 1 1 1 1 1 1 1 1 1 1 1 1 1 1 1 1 1 1 1 1 1 1 1 1 1 1 1 1 1 1 1 1 1 1 1 1 1 1 1 1 1 1 1 1 1 1 1 1 1 1 1 1 1 1 1 1 1 1 1 1 1 1 1 1 1 1 1 1 1 1 1 1 1 1 1 1 1 1 1 1 1 1 1 1 1 1 1 1 1 1 1 1 1 1 1 1 1 1 1 1 1 1 1 1 1 1 1 1 1 1 1 1 1 1 1 1 1 1 1 1 1 1 1 1 1 1 1 1 1 1 1 1 1 1 1 1 1 1 1 1 1 1 1 1 1 1 1 1 1 1 1 1 1 1 1 1 1 1 1 1 1 1 1 1 1 1 1 1 1 1 1 1 1 1 1 1 1 1 1 1 1 1 1 1 1 1 1 1 1 1 1 1 1 1 1 1 1 1 1 1 1 1 1 1 1 1 1 1 1 1 1 1 1 1 1 1 1 1 1 1 1 1 1 1 1 1 1 1 1 1 1 1 1 1 1 1 1 1 1 1 1 1 1 1 1 1 1 1 1 1 1 1 1 1 1 1 1 1 1 1 1 1 1 1 1 1 1 1 1 1 1 1 1 1 1 1 1 1 1 1 1 1 1 1 1 1 1 1 1 1 1 1 1 1 1 1 1 1 1 1 1 1 1 1 1 1 1 1 1 1 1 1 1 1 1 1 1 1 1 1 1 1 1 1 1 1 1 1 1 1 1 1 1 1 1 1 1 1 1 1 1 1 1 1 1 1 1 1 1 1 1 1 1 1 1 1 1 1 1 1 1 1 1 1 1 1 1 1 1 1 1 1 1 1 1 1 1 1 1 1 1 1 1 1 1 1 1 1 1 1 1 1 1 1 1 1 1 1 1 1 1 1 1 1 1 1 1 1 1 1 1 1 1 1 1 1 1 1 1 1 1 1 1 1 1 1 1 1 1 1 1 1 1 1 1 1 1 1 1 1 1 1 1 1 1 1 1 1 1 1 1 1 1 1 1 1 1 1 1 1 1 1 1 1 1 1 1 1 1 1 1 1 1 1 1 1 1 1 1 1 1 1 1 1 1 1 1 1 1 1 1 1 1 1 1 1 1 1 1 1 1 1 1 1 1 1 1 1 1 1 1 1 1 1 1 1 1 1 1 1 1 1 1 1 1 1 1 1 1 1 1 1 1 1 1 1 1 1 1 1 1 1 1 1 1 1 1 1 1 1 1 1 1 1 1 1 1 1 1 1 1 1 1 1 1 1 1 1 1 1 1 1 1 1 1 1 1 1 1 1 1 1 1 1 1 1 1 1 1 1 1 1 1 1 1 1 1 1 1 1 1 1 1 1 1 1 1 1 1 1 1 1 1 1 1 1 1 1 1 1 1 1 1 1 1 1 1 1 1 1 1 1 1 1 1 1 1 1 1 1 1 1 1 1 1 1 1 1 1 1 1 1 1 1 1 1 1 1 1 1 1 1 1 1 1 1 1 1 1 1 1 1 1 1 1 1 1 1 1 1 1 1 1 1 1 1 1 1 1 1 1 1 1 1 1 1 1 1 1 1 1 1 1 1 1 1 1 1 1 1 1 1 1 1 1 1 1 1 1 1 1 1 1 1 1 1 1 1 1 1 1 1 1 1 1 1 1 1 1 1 1 1 1 1 1 1 1 1 1 1 1 1 1 1 1 1 1 1 1 1 1 1 1 1 1 1 1 1 1 1 1 1 1 1 1 1 1 1 1 1 1 1 1 1 1 1 1 1 1 1 1 1 1 1 1 1 1 1 1 1 1 1 1 1 1 1 1 1 1 1 1 1 1 1 1 1 1 1 1 1 1 1 1 1 1 1 1 1 1 1 1 1 1 1 1 1 1 1 1 1 1 1 1 1 1 1 1 1 1 1 1 1 1 1 1 1 1 1 1 1 1 1 1 1 1 1 1 1 1 1 1 1 1 1 1 1 1 1 1 1 1 1 1 1 1 1 1 1 1 1 1 1 1 1 1 1 1 1 1 1 1 1 1 1 1 1 1 1 1 1 1 1 1 1 1 1 1 1 1 1 1 1 1 1 1 1 1 1 1 1 1 1 1 1 1 1 1 1 1 1 1 1 1 1 1 1 1 1 1 1 1 1 1 1 1 1 1 1 1 1 1 1 1 1 1 1 1 1 1 1 1 1 1 1 1 1 1 1 1 1 1 1 1 1 1 1 1 1 1 1 1 1 1 1 1 1 1 1 1 1 1 1 1 1 1 1 1 1 1 1 1 1 1 1 1 1 1 1 1 1 1 1 1 1 1 </vcount>
          <v>3 0 3 1 3 2 3 3 3 4 3 5 3 6 3 7 3 8 3 9 3 10 3 11 3 12 3 13 3 14 3 15 3 16 3 17 3 18 3 19 3 20 3 21 3 22 3 23 3 24 3 25 3 26 3 27 3 28 3 29 3 30 3 31 3 32 3 33 3 34 3 35 3 36 3 37 3 38 3 39 3 40 3 41 3 42 3 43 3 44 3 45 3 46 3 47 3 48 3 49 3 50 3 51 3 52 3 53 3 54 3 55 3 56 3 57 3 58 3 59 3 60 3 61 3 62 3 63 3 64 3 65 3 66 3 67 3 68 3 69 3 70 3 71 3 72 3 73 3 74 3 75 3 76 3 77 3 78 3 79 3 80 3 81 3 82 3 83 3 84 3 85 3 86 3 87 3 88 3 89 3 90 3 91 3 92 3 93 3 94 3 95 3 96 3 97 3 98 3 99 3 100 3 101 3 102 3 103 3 104 3 105 3 106 3 107 3 108 3 109 3 110 3 111 3 112 3 113 3 114 3 115 3 116 3 117 3 118 3 119 3 120 3 121 3 122 3 123 3 124 3 125 3 126 3 127 3 128 3 129 3 130 3 131 3 132 3 133 3 134 3 135 3 136 3 137 3 138 3 139 3 140 3 141 3 142 3 143 3 144 3 145 3 146 3 147 3 148 3 149 3 150 3 151 3 152 3 153 3 154 3 155 3 156 3 157 3 158 3 159 3 160 3 161 4 162 4 163 4 164 4 165 4 166 4 167 4 168 4 169 4 170 4 171 4 172 4 173 4 174 4 175 4 176 4 177 4 178 4 179 9 180 9 181 9 182 9 183 9 184 9 185 9 186 9 187 9 188 9 189 9 190 9 191 9 192 9 193 9 194 9 195 9 196 9 197 10 198 10 199 10 200 10 201 10 202 10 203 10 204 10 205 10 206 10 207 10 208 10 209 10 210 10 211 10 212 10 213 10 214 10 215 10 216 10 217 10 218 10 219 10 220 10 221 10 222 10 223 10 224 10 225 10 226 10 227 10 228 10 229 10 230 10 231 10 232 10 233 10 234 10 235 10 236 10 237 10 238 10 239 10 240 10 241 10 242 10 243 10 244 10 245 16 246 16 247 16 248 16 249 16 250 16 251 16 252 16 253 16 254 16 255 16 256 16 257 16 258 16 259 16 260 16 261 16 262 16 263 16 264 16 265 16 266 16 267 16 268 16 269 16 270 16 271 16 272 16 273 16 274 16 275 16 276 16 277 16 278 16 279 16 280 16 281 16 282 16 283 16 284 16 285 16 286 16 287 16 288 16 289 16 290 16 291 16 292 16 293 16 294 16 295 16 296 16 297 16 298 16 299 16 300 16 301 16 302 16 303 16 304 16 305 16 306 16 307 16 308 16 309 16 310 16 311 7 312 7 313 7 314 7 315 7 316 7 317 7 318 7 319 7 320 7 321 7 322 7 323 7 324 7 325 7 326 7 327 7 328 7 329 7 330 7 331 7 332 7 333 7 334 7 335 7 336 7 337 7 338 7 339 7 340 7 341 7 342 7 343 7 344 7 345 7 346 7 347 7 348 7 349 7 350 7 351 7 352 7 353 7 354 7 355 7 356 7 357 7 358 7 359 7 360 7 361 7 362 7 363 7 364 7 365 7 366 7 367 7 368 7 369 7 370 7 371 7 372 7 373 7 374 7 375 7 376 7 377 7 378 7 379 7 380 7 381 7 382 7 383 5 384 5 385 5 386 5 387 5 388 5 389 5 390 5 391 5 392 5 393 5 394 5 395 5 396 5 397 5 398 5 399 5 400 5 401 5 402 5 403 5 404 5 405 5 406 5 407 18 408 18 409 18 410 18 411 18 412 18 413 18 414 18 415 18 416 18 417 18 418 18 419 18 420 18 421 18 422 18 423 18 424 18 425 18 426 18 427 18 428 18 429 18 430 18 431 18 432 18 433 18 434 18 435 18 436 18 437 18 438 18 439 18 440 18 441 18 442 18 443 18 444 18 445 18 446 18 447 18 448 18 449 18 450 18 451 18 452 18 453 18 454 18 455 18 456 18 457 18 458 18 459 18 460 18 461 18 462 18 463 18 464 18 465 18 466 18 467 18 468 18 469 18 470 18 471 18 472 18 473 18 474 18 475 18 476 18 477 18 478 18 479 18 480 18 481 18 482 18 483 18 484 18 485 18 486 18 487 18 488 18 489 18 490 18 491 18 492 18 493 18 494 18 495 18 496 18 497 18 498 18 499 18 500 18 501 18 502 18 503 18 504 18 505 18 506 18 507 18 508 18 509 18 510 18 511 18 512 18 513 18 514 18 515 18 516 18 517 18 518 18 519 18 520 18 521 18 522 18 523 18 524 18 525 18 526 18 527 18 528 18 529 18 530 18 531 18 532 18 533 18 534 18 535 18 536 18 537 18 538 18 539 18 540 18 541 18 542 18 543 18 544 18 545 18 546 18 547 18 548 18 549 18 550 18 551 18 552 18 553 18 554 18 555 18 556 18 557 18 558 18 559 18 560 18 561 18 562 18 563 18 564 18 565 18 566 18 567 18 568 18 569 18 570 18 571 18 572 18 573 18 574 18 575 18 576 18 577 18 578 18 579 18 580 18 581 18 582 18 583 18 584 18 585 18 586 18 587 18 588 18 589 18 590 18 591 18 592 18 593 18 594 18 595 18 596 18 597 18 598 18 599 18 600 18 601 18 602 18 603 18 604 18 605 18 606 18 607 18 608 18 609 18 610 18 611 18 612 18 613 18 614 18 615 18 616 18 617 18 618 18 619 18 620 18 621 18 622 18 623 18 624 18 625 18 626 18 627 18 628 18 629 18 630 18 631 18 632 18 633 18 634 18 635 18 636 18 637 18 638 18 639 18 640 18 641 18 642 18 643 18 644 18 645 18 646 18 647 18 648 18 649 18 650 18 651 18 652 18 653 18 654 18 655 18 656 18 657 18 658 18 659 18 660 18 661 18 662 18 663 18 664 18 665 18 666 18 667 18 668 18 669 18 670 18 671 18 672 18 673 18 674 18 675 18 676 18 677 18 678 18 679 18 680 18 681 18 682 18 683 18 684 18 685 18 686 18 687 18 688 18 689 18 690 18 691 18 692 18 693 18 694 18 695 18 696 18 697 18 698 18 699 18 700 18 701 18 702 18 703 18 704 18 705 18 706 18 707 18 708 18 709 18 710 18 711 18 712 18 713 18 714 18 715 18 716 18 717 18 718 18 719 18 720 18 721 18 722 18 723 18 724 18 725 18 726 18 727 18 728 18 729 18 730 18 731 18 732 18 733 18 734 18 735 18 736 18 737 18 738 18 739 18 740 18 741 18 742 18 743 18 744 18 745 18 746 18 747 18 748 18 749 18 750 18 751 18 752 18 753 18 754 18 755 18 756 18 757 18 758 18 759 18 760 18 761 18 762 18 763 18 764 18 765 18 766 18 767 18 768 18 769 18 770 18 771 18 772 18 773 18 774 18 775 18 776 18 777 18 778 18 779 18 780 18 781 18 782 18 783 18 784 18 785 18 786 18 787 18 788 18 789 18 790 18 791 18 792 18 793 18 794 18 795 18 796 18 797 18 798 18 799 18 800 18 801 18 802 18 803 18 804 18 805 18 806 18 807 18 808 18 809 18 810 18 811 18 812 18 813 18 814 18 815 18 816 18 817 18 818 18 819 18 820 18 821 18 822 18 823 18 824 18 825 18 826 18 827 18 828 18 829 18 830 18 831 18 832 18 833 18 834 18 835 18 836 18 837 18 838 18 839 18 840 18 841 18 842 18 843 18 844 18 845 18 846 18 847 18 848 18 849 18 850 18 851 18 852 18 853 18 854 18 855 18 856 18 857 18 858 18 859 18 860 18 861 18 862 18 863 18 864 18 865 18 866 18 867 18 868 18 869 18 870 18 871 18 872 18 873 18 874 18 875 18 876 18 877 18 878 18 879 18 880 18 881 18 882 18 883 18 884 18 885 18 886 18 887 18 888 18 889 18 890 18 891 18 892 18 893 18 894 18 895 18 896 18 897 18 898 18 899 18 900 18 901 18 902 18 903 18 904 18 905 18 906 18 907 18 908 18 909 18 910 18 911 18 912 18 913 18 914 18 915 18 916 18 917 18 918 18 919 18 920 18 921 18 922 18 923 18 924 18 925 18 926 18 927 18 928 18 929 18 930 18 931 18 932 18 933 18 934 18 935 18 936 18 937 18 938 18 939 18 940 18 941 18 942 18 943 18 944 18 945 18 946 18 947 18 948 18 949 18 950 18 951 18 952 18 953 18 954 18 955 18 956 18 957 18 958 18 959 18 960 18 961 18 962 18 963 18 964 18 965 18 966 18 967 18 968 18 969 18 970 18 971 18 972 18 973 18 974 18 975 18 976 18 977 18 978 18 979 18 980 18 981 18 982 18 983 18 984 18 985 18 986 18 987 18 988 18 989 18 990 18 991 18 992 18 993 18 994 18 995 18 996 18 997 18 998 18 999 18 1000 18 1001 18 1002 18 1003 18 1004 18 1005 18 1006 18 1007 18 1008 18 1009 18 1010 18 1011 18 1012 18 1013 18 1014 18 1015 18 1016 18 1017 18 1018 18 1019 18 1020 18 1021 18 1022 18 1023 18 1024 18 1025 18 1026 18 1027 18 1028 18 1029 18 1030 18 1031 18 1032 18 1033 18 1034 18 1035 18 1036 18 1037 18 1038 18 1039 18 1040 18 1041 18 1042 18 1043 18 1044 18 1045 18 1046 18 1047 18 1048 18 1049 18 1050 18 1051 18 1052 18 1053 18 1054 18 1055 18 1056 18 1057 18 1058 18 1059 18 1060 18 1061 18 1062 18 1063 18 1064 18 1065 18 1066 18 1067 18 1068 18 1069 18 1070 18 1071 18 1072 18 1073 18 1074 18 1075 18 1076 18 1077 18 1078 18 1079 18 1080 18 1081 18 1082 18 1083 18 1084 18 1085 18 1086 18 1087 18 1088 18 1089 18 1090 18 1091 18 1092 18 1093 18 1094 18 1095 18 1096 18 1097 18 1098 18 1099 18 1100 18 1101 18 1102 18 1103 18 1104 18 1105 18 1106 18 1107 18 1108 18 1109 18 1110 18 1111 18 1112 18 1113 18 1114 18 1115 18 1116 18 1117 18 1118 18 1119 18 1120 18 1121 18 1122 18 1123 18 1124 18 1125 18 1126 18 1127 18 1128 18 1129 18 1130 18 1131 18 1132 18 1133 18 1134 18 1135 18 1136 18 1137 18 1138 18 1139 18 1140 18 1141 18 1142 18 1143 18 1144 18 1145 18 1146 18 1147 18 1148 18 1149 18 1150 18 1151 18 1152 18 1153 18 1154 18 1155 18 1156 18 1157 18 1158 18 1159 18 1160 18 1161 18 1162 18 1163 18 1164 18 1165 18 1166 18 1167 18 1168 18 1169 18 1170 18 1171 18 1172 18 1173 18 1174 18 1175 18 1176 18 1177 18 1178 18 1179 18 1180 18 1181 18 1182 18 1183 18 1184 18 1185 18 1186 18 1187 18 1188 18 1189 18 1190 18 1191 18 1192 18 1193 18 1194 18 1195 18 1196 18 1197 18 1198 18 1199 18 1200 18 1201 18 1202 18 1203 18 1204 18 1205 18 1206 18 1207 18 1208 18 1209 18 1210 18 1211 18 1212 18 1213 18 1214 18 1215 18 1216 18 1217 18 1218 18 1219 18 1220 18 1221 18 1222 18 1223 18 1224 18 1225 18 1226 18 1227 18 1228 18 1229 18 1230 18 1231 18 1232 18 1233 18 1234 18 1235 18 1236 18 1237 18 1238 18 1239 18 1240 18 1241 18 1242 18 1243 18 1244 18 1245 18 1246 18 1247 18 1248 18 1249 18 1250 18 1251 18 1252 18 1253 18 1254 18 1255 18 1256 18 1257 18 1258 18 1259 18 1260 18 1261 18 1262 18 1263 18 1264 18 1265 18 1266 18 1267 18 1268 18 1269 18 1270 18 1271 18 1272 18 1273 18 1274 18 1275 18 1276 18 1277 18 1278 18 1279 18 1280 18 1281 18 1282 18 1283 18 1284 18 1285 18 1286 18 1287 18 1288 18 1289 18 1290 18 1291 18 1292 18 1293 18 1294 18 1295 18 1296 18 1297 18 1298 18 1299 18 1300 18 1301 18 1302 18 1303 18 1304 18 1305 18 1306 18 1307 18 1308 18 1309 18 1310 18 1311 18 1312 18 1313 18 1314 18 1315 18 1316 18 1317 18 1318 18 1319 18 1320 18 1321 18 1322 18 1323 18 1324 18 1325 18 1326 18 1327 18 1328 18 1329 18 1330 18 1331 18 1332 18 1333 18 1334 18 1335 18 1336 18 1337 18 1338 18 1339 18 1340 18 1341 18 1342 18 1343 18 1344 18 1345 18 1346 18 1347 18 1348 18 1349 18 1350 18 1351 18 1352 18 1353 18 1354 18 1355 18 1356 18 1357 18 1358 18 1359 18 1360 18 1361 18 1362 18 1363 18 1364 18 1365 18 1366 18 1367 18 1368 18 1369 18 1370 18 1371 18 1372 18 1373 18 1374 18 1375 18 1376 18 1377 18 1378 18 1379 18 1380 18 1381 18 1382 18 1383 18 1384 18 1385 18 1386 18 1387 18 1388 18 1389 18 1390 18 1391 18 1392 18 1393 18 1394 18 1395 18 1396 18 1397 18 1398 18 1399 18 1400 18 1401 18 1402 18 1403 18 1404 18 1405 18 1406 18 1407 18 1408 18 1409 18 1410 18 1411 18 1412 18 1413 18 1414 18 1415 18 1416 18 1417 18 1418 18 1419 18 1420 18 1421 18 1422 18 1423 18 1424 18 1425 18 1426 18 1427 18 1428 18 1429 18 1430 18 1431 18 1432 18 1433 18 1434 18 1435 18 1436 18 1437 18 1438 18 1439 18 1440 18 1441 18 1442 18 1443 18 1444 18 1445 18 1446 18 1447 18 1448 18 1449 18 1450 18 1451 18 1452 18 1453 18 1454 18 1455 18 1456 18 1457 18 1458 18 1459 18 1460 18 1461 18 1462 18 1463 18 1464 18 1465 18 1466 18 1467 18 1468 18 1469 18 1470 18 1471 18 1472 18 1473 18 1474 18 1475 18 1476 18 1477 18 1478 18 1479 18 1480 18 1481 18 1482 18 1483 18 1484</v>
        </vertex_weights>
      </skin>
    </controller>
  </library_controllers>
  <library_visual_scenes>
    <visual_scene id="Scene" name="Scene">
      <node id="jacht2_Skin" name="jacht2_Skin" type="NODE">
        <matrix sid="transform">1 0 0 0 0 1 0 0 0 0 1 0 0 0 0 1</matrix>
        <node id="jacht2_Skin_caravel-root" name="caravel-root" sid="caravel-root" type="JOINT">
          <matrix sid="transform">1 0 1.50996e-7 0.08557043 0 -1 0 5.20549 1.50996e-7 0 -1 5.155847 0 0 0 1</matrix>
          <node id="jacht2_Skin_ammo_node_0" name="ammo node 0" sid="ammo_node_0" type="JOINT">
            <matrix sid="transform">1 0 -6.3573e-8 -0.2296729 0 1 0 15.19382 6.3573e-8 0 1 -9.114827 0 0 0 1</matrix>
            <extra>
              <technique profile="blender">
                <layer sid="layer" type="string">0</layer>
                <roll sid="roll" type="float">3.141593</roll>
                <tip_x sid="tip_x" type="float">0</tip_x>
                <tip_y sid="tip_y" type="float">-17.71961</tip_y>
                <tip_z sid="tip_z" type="float">0</tip_z>
              </technique>
            </extra>
          </node>
          <node id="jacht2_Skin_mast_pivot" name="mast pivot" sid="mast_pivot" type="JOINT">
            <matrix sid="transform">1 0 -6.3573e-8 -0.08556864 0 1 0 55.42702 6.3573e-8 0 1 -9.588107 0 0 0 1</matrix>
            <extra>
              <technique profile="blender">
                <layer sid="layer" type="string">0</layer>
                <roll sid="roll" type="float">3.141593</roll>
                <tip_x sid="tip_x" type="float">0</tip_x>
                <tip_y sid="tip_y" type="float">-17.71961</tip_y>
                <tip_z sid="tip_z" type="float">0</tip_z>
              </technique>
            </extra>
          </node>
          <node id="jacht2_Skin_mast_pivot01" name="mast pivot01" sid="mast_pivot01" type="JOINT">
            <matrix sid="transform">1 1.50998e-7 0 -0.4462651 0 0 1 25.56357 1.50998e-7 -1 -2.28004e-14 -3.120067 0 0 0 1</matrix>
            <node id="jacht2_Skin_mast_main01" name="mast main01" sid="mast_main01" type="JOINT">
              <matrix sid="transform">1 4.40435e-12 1.50996e-7 1.19209e-7 4.40435e-12 -0.9999998 0 128.6591 1.50996e-7 0 -1 2.564793 0 0 0 1</matrix>
              <node id="jacht2_Skin_jib_tackle" name="jib tackle" sid="jib_tackle" type="JOINT">
                <matrix sid="transform">1 -3.41078e-8 1.3141e-8 0.5979038 3.61546e-8 0.9758544 -0.2184222 66.18941 -5.37382e-9 0.2184222 0.9758544 -40.9733 0 0 0 1</matrix>
                <node id="jacht2_Skin_jib" name="jib" sid="jib" type="JOINT">
                  <matrix sid="transform">1 -2.76111e-8 1.06484e-8 -0.5979071 2.76112e-8 1 -3.7998e-6 36.39899 -1.06483e-8 3.7998e-6 1 4.638824 0 0 0 1</matrix>
                  <extra>
                    <technique profile="blender">
                      <layer sid="layer" type="string">0</layer>
                      <roll sid="roll" type="float">1.95204e-7</roll>
                      <tip_x sid="tip_x" type="float">-1.10269e-6</tip_x>
                      <tip_y sid="tip_y" type="float">8.015843</tip_y>
                      <tip_z sid="tip_z" type="float">-35.81209</tip_z>
                    </technique>
                  </extra>
                </node>
                <extra>
                  <technique profile="blender">
                    <layer sid="layer" type="string">0</layer>
                    <roll sid="roll" type="float">1.6049e-7</roll>
                    <tip_x sid="tip_x" type="float">0</tip_x>
                    <tip_y sid="tip_y" type="float">8.015709</tip_y>
                    <tip_z sid="tip_z" type="float">-35.81212</tip_z>
                  </technique>
                </extra>
              </node>
              <node id="jacht2_Skin_jib_tackle02" name="jib tackle02" sid="jib_tackle02" type="JOINT">
                <matrix sid="transform">1 -3.3442e-8 -1.17547e-7 0.5978948 6.95965e-9 0.9758543 -0.2184222 57.90948 1.22013e-7 0.2184222 0.9758544 5.145247 0 0 0 1</matrix>
                <node id="jacht2_Skin_jib02" name="jib02" sid="jib02" type="JOINT">
                  <matrix sid="transform">1 -2.73617e-8 1.27455e-7 -0.5979074 2.73616e-8 0.9999999 3.72529e-7 34.97849 -1.27455e-7 -3.72529e-7 0.9999999 17.71068 0 0 0 1</matrix>
                  <extra>
                    <technique profile="blender">
                      <layer sid="layer" type="string">0</layer>
                      <roll sid="roll" type="float">1.80997e-7</roll>
                      <tip_x sid="tip_x" type="float">-1.16229e-6</tip_x>
                      <tip_y sid="tip_y" type="float">8.564583</tip_y>
                      <tip_z sid="tip_z" type="float">-38.26441</tip_z>
                    </technique>
                  </extra>
                </node>
                <extra>
                  <technique profile="blender">
                    <layer sid="layer" type="string">0</layer>
                    <roll sid="roll" type="float">0</roll>
                    <tip_x sid="tip_x" type="float">0</tip_x>
                    <tip_y sid="tip_y" type="float">8.564598</tip_y>
                    <tip_z sid="tip_z" type="float">-38.26441</tip_z>
                  </technique>
                </extra>
              </node>
              <node id="jacht2_Skin_mainmast_flag_pivot01" name="mainmast flag pivot01" sid="mainmast_flag_pivot01" type="JOINT">
                <matrix sid="transform">1 1.50996e-7 8.74205e-8 4.17233e-7 -8.74205e-8 0 1 13.39017 1.50996e-7 -1 -9.59959e-15 -2.167253 0 0 0 1</matrix>
                <node id="jacht2_Skin_mainmast_flag01" name="mainmast flag01" sid="mainmast_flag01" type="JOINT">
                  <matrix sid="transform">1 0 1.42109e-14 9.30429e-5 0 1 0 8.516706 -1.42109e-14 0 1 -0.9888306 0 0 0 1</matrix>
                  <node id="jacht2_Skin_mainmast_flag_end01" name="mainmast flag end01" sid="mainmast_flag_end01" type="JOINT">
                    <matrix sid="transform">1 0 0 3.57628e-7 0 1 -2.28007e-14 10.49659 0 2.28007e-14 1 -3.15238e-8 0 0 0 1</matrix>
                    <extra>
                      <technique profile="blender">
                        <layer sid="layer" type="string">0</layer>
                        <roll sid="roll" type="float">3.141593</roll>
                        <tip_x sid="tip_x" type="float">0</tip_x>
                        <tip_y sid="tip_y" type="float">-10.49658</tip_y>
                        <tip_z sid="tip_z" type="float">0</tip_z>
                      </technique>
                    </extra>
                  </node>
                  <extra>
                    <technique profile="blender">
                      <layer sid="layer" type="string">0</layer>
                      <roll sid="roll" type="float">3.141593</roll>
                      <tip_x sid="tip_x" type="float">0</tip_x>
                      <tip_y sid="tip_y" type="float">-10.49658</tip_y>
                      <tip_z sid="tip_z" type="float">0</tip_z>
                    </technique>
                  </extra>
                </node>
                <extra>
                  <technique profile="blender">
                    <layer sid="layer" type="string">0</layer>
                    <roll sid="roll" type="float">3.141593</roll>
                    <tip_x sid="tip_x" type="float">0</tip_x>
                    <tip_y sid="tip_y" type="float">-8.573912</tip_y>
                    <tip_z sid="tip_z" type="float">0</tip_z>
                  </technique>
                </extra>
              </node>
              <node id="jacht2_Skin_port_tackle03" name="port tackle03" sid="port_tackle03" type="JOINT">
                <matrix sid="transform">1 0 -1.50996e-7 40 0 1 0 59.45218 1.50996e-7 0 1 -1.454866 0 0 0 1</matrix>
                <node id="jacht2_Skin_port_block03" name="port block03" sid="port_block03" type="JOINT">
                  <matrix sid="transform">1 -2.20166e-12 1.19209e-7 0 2.20166e-12 1 0 29.53614 -1.19209e-7 0 1 -0.5291691 0 0 0 1</matrix>
                  <extra>
                    <technique profile="blender">
                      <layer sid="layer" type="string">0</layer>
                      <roll sid="roll" type="float">1.19209e-7</roll>
                      <tip_x sid="tip_x" type="float">0</tip_x>
                      <tip_y sid="tip_y" type="float">0</tip_y>
                      <tip_z sid="tip_z" type="float">-29.54087</tip_z>
                    </technique>
                  </extra>
                </node>
                <extra>
                  <technique profile="blender">
                    <layer sid="layer" type="string">0</layer>
                    <tip_x sid="tip_x" type="float">0</tip_x>
                    <tip_y sid="tip_y" type="float">0</tip_y>
                    <tip_z sid="tip_z" type="float">-29.54086</tip_z>
                  </technique>
                </extra>
              </node>
              <node id="jacht2_Skin_star_tackle03" name="star tackle03" sid="star_tackle03" type="JOINT">
                <matrix sid="transform">1 0 -1.50996e-7 -40 0 1 0 59.45218 1.50996e-7 0 1 -1.454878 0 0 0 1</matrix>
                <node id="jacht2_Skin_star_block03" name="star block03" sid="star_block03" type="JOINT">
                  <matrix sid="transform">1 -2.20166e-12 1.19209e-7 0 2.20166e-12 1 0 29.53614 -1.19209e-7 0 1 -0.5291691 0 0 0 1</matrix>
                  <extra>
                    <technique profile="blender">
                      <layer sid="layer" type="string">0</layer>
                      <roll sid="roll" type="float">1.19209e-7</roll>
                      <tip_x sid="tip_x" type="float">0</tip_x>
                      <tip_y sid="tip_y" type="float">0</tip_y>
                      <tip_z sid="tip_z" type="float">-29.54087</tip_z>
                    </technique>
                  </extra>
                </node>
                <extra>
                  <technique profile="blender">
                    <layer sid="layer" type="string">0</layer>
                    <tip_x sid="tip_x" type="float">0</tip_x>
                    <tip_y sid="tip_y" type="float">0</tip_y>
                    <tip_z sid="tip_z" type="float">-29.54086</tip_z>
                  </technique>
                </extra>
              </node>
              <node id="jacht2_Skin_tgallant_tackle01" name="tgallant tackle01" sid="tgallant_tackle01" type="JOINT">
                <matrix sid="transform">1 0 -3.17865e-8 0.3606922 0 1 0 30.50005 3.17865e-8 0 1 -2.976746 0 0 0 1</matrix>
                <node id="jacht2_Skin_tgallant01" name="tgallant01" sid="tgallant01" type="JOINT">
                  <matrix sid="transform">1 -2.33318e-12 0 -9.09266e-5 2.33318e-12 1 0 19.31383 0 0 1 -10.17324 0 0 0 1</matrix>
                  <extra>
                    <technique profile="blender">
                      <layer sid="layer" type="string">0</layer>
                      <roll sid="roll" type="float">1.19209e-7</roll>
                      <tip_x sid="tip_x" type="float">0</tip_x>
                      <tip_y sid="tip_y" type="float">0</tip_y>
                      <tip_z sid="tip_z" type="float">-21.8293</tip_z>
                    </technique>
                  </extra>
                </node>
                <extra>
                  <technique profile="blender">
                    <layer sid="layer" type="string">0</layer>
                    <roll sid="roll" type="float">1.19209e-7</roll>
                    <tip_x sid="tip_x" type="float">0</tip_x>
                    <tip_y sid="tip_y" type="float">0</tip_y>
                    <tip_z sid="tip_z" type="float">-21.8293</tip_z>
                  </technique>
                </extra>
              </node>
              <extra>
                <technique profile="blender">
                  <layer sid="layer" type="string">0</layer>
                  <roll sid="roll" type="float">1.19209e-7</roll>
                  <tip_x sid="tip_x" type="float">0</tip_x>
                  <tip_y sid="tip_y" type="float">0</tip_y>
                  <tip_z sid="tip_z" type="float">-13.56442</tip_z>
                </technique>
              </extra>
            </node>
            <extra>
              <technique profile="blender">
                <layer sid="layer" type="string">0</layer>
                <tip_x sid="tip_x" type="float">0</tip_x>
                <tip_y sid="tip_y" type="float">0</tip_y>
                <tip_z sid="tip_z" type="float">128.6846</tip_z>
              </technique>
            </extra>
          </node>
          <node id="jacht2_Skin_smoke_node_0" name="smoke node 0" sid="smoke_node_0" type="JOINT">
            <matrix sid="transform">1 0 1.50996e-7 -0.085568 0 -1 0 42.22336 1.50996e-7 0 -1 2.453431 0 0 0 1</matrix>
            <node id="jacht2_Skin_smoke_node_1" name="smoke node 1" sid="smoke_node_1" type="JOINT">
              <matrix sid="transform">1 0 0 -1.88968e-6 0 1 0 58.80861 0 0 1 5.72205e-6 0 0 0 1</matrix>
              <extra>
                <technique profile="blender">
                  <layer sid="layer" type="string">0</layer>
                  <tip_x sid="tip_x" type="float">0</tip_x>
                  <tip_y sid="tip_y" type="float">58.80854</tip_y>
                  <tip_z sid="tip_z" type="float">0</tip_z>
                </technique>
              </extra>
            </node>
            <extra>
              <technique profile="blender">
                <layer sid="layer" type="string">0</layer>
                <tip_x sid="tip_x" type="float">0</tip_x>
                <tip_y sid="tip_y" type="float">58.80854</tip_y>
                <tip_z sid="tip_z" type="float">0</tip_z>
              </technique>
            </extra>
          </node>
          <extra>
            <technique profile="blender">
              <layer sid="layer" type="string">0</layer>
              <roll sid="roll" type="float">3.141593</roll>
              <tip_x sid="tip_x" type="float">0</tip_x>
              <tip_y sid="tip_y" type="float">-17.71961</tip_y>
              <tip_z sid="tip_z" type="float">0</tip_z>
            </technique>
          </extra>
        </node>
        <node id="jacht2" name="jacht2" type="NODE">
          <matrix sid="transform">1 0 0 0 0 1 0 0 0 0 1 0 0 0 0 1</matrix>
          <instance_controller url="#jacht2_Skin_jacht2-skin">
            <skeleton>#jacht2_Skin_caravel-root</skeleton>
            <bind_material>
              <technique_common>
                <instance_material symbol="carf-material" target="#carf-material">
                  <bind_vertex_input semantic="UVMap" input_semantic="TEXCOORD" input_set="0"/>
                </instance_material>
              </technique_common>
            </bind_material>
          </instance_controller>
        </node>
      </node>
    </visual_scene>
  </library_visual_scenes>
  <scene>
    <instance_visual_scene url="#Scene"/>
  </scene>
</COLLADA>