<?xml version="1.0" encoding="utf-8"?>
<COLLADA xmlns="http://www.collada.org/2005/11/COLLADASchema" version="1.4.1" xmlns:xsi="http://www.w3.org/2001/XMLSchema-instance">
  <asset>
    <contributor>
      <author>Blender User</author>
      <authoring_tool>Blender 3.0.1 commit date:2022-01-25, commit time:17:19, hash:dc2d18018171</authoring_tool>
    </contributor>
    <created>2025-07-24T17:43:48</created>
    <modified>2025-07-24T17:43:48</modified>
    <unit name="meter" meter="1"/>
    <up_axis>Z_UP</up_axis>
  </asset>
  <library_effects>
    <effect id="carf-effect">
      <profile_COMMON>
        <technique sid="common">
          <lambert>
            <emission>
              <color sid="emission">0 0 0 1</color>
            </emission>
            <diffuse>
              <color sid="diffuse">0.8 0.8 0.8 1</color>
            </diffuse>
            <reflectivity>
              <float sid="specular">0.5</float>
            </reflectivity>
          </lambert>
        </technique>
      </profile_COMMON>
    </effect>
  </library_effects>
  <library_images/>
  <library_materials>
    <material id="carf-material" name="carf">
      <instance_effect url="#carf-effect"/>
    </material>
  </library_materials>
  <library_geometries>
    <geometry id="kebenit_Mesh_005-mesh" name="kebenit_Mesh.005">
      <mesh>
        <source id="kebenit_Mesh_005-mesh-positions">
          <float_array id="kebenit_Mesh_005-mesh-positions-array" count="6939">-57.79704 -46.78823 2.900274 -57.79704 -46.78823 2.900274 -57.79704 -46.78823 2.900274 -57.79704 -46.78823 2.900274 -57.79704 -46.78823 2.900274 -57.79875 -46.82801 4.126081 -57.79875 -46.82801 4.126081 -57.79875 -46.82801 4.126081 -57.79875 -46.82801 4.126081 -57.79875 -46.82801 4.126081 -57.87113 -48.07616 4.233527 -57.87113 -48.07616 4.233527 -57.87113 -48.07616 4.233527 -57.87126 -48.0662 2.784384 -57.87126 -48.0662 2.784384 -57.87126 -48.0662 2.784384 -57.87126 -48.0662 2.784384 -57.87126 -48.0662 2.784384 1.83131 -46.9647 -0.4363045 1.83131 -46.9647 -0.4363045 1.83131 -46.9647 -0.4363045 1.83131 -46.9647 -0.4363045 1.83131 -46.9647 -0.4363045 1.829227 -47.01293 1.049772 1.829227 -47.01293 1.049772 1.829227 -47.01293 1.049772 1.829227 -47.01293 1.049772 1.829227 -47.01293 1.049772 1.829227 -47.01293 1.049772 1.829227 -47.01293 1.049772 1.741497 -48.52609 1.180014 1.741497 -48.52609 1.180014 1.741497 -48.52609 1.180014 1.741497 -48.52609 1.180014 1.741497 -48.52609 1.180014 1.741497 -48.52609 1.180014 1.741497 -48.52609 1.180014 1.741329 -48.51401 -0.5767996 1.741329 -48.51401 -0.5767996 1.741329 -48.51401 -0.5767996 1.741329 -48.51401 -0.5767996 1.741329 -48.51401 -0.5767996 61.38897 -46.47391 4.120947 61.38897 -46.47391 4.120947 61.38897 -46.47391 4.120947 61.38897 -46.47391 4.120947 61.38716 -46.51579 5.411573 61.38716 -46.51579 5.411573 61.38716 -46.51579 5.411573 61.38716 -46.51579 5.411573 61.31083 -47.81945 3.99893 61.31083 -47.81945 3.99893 61.31083 -47.81945 3.99893 61.31083 -47.81945 3.99893 61.31083 -47.81945 3.99893 61.31083 -47.81945 3.99893 61.31097 -47.82994 5.524687 61.31097 -47.82994 5.524687 61.31097 -47.82994 5.524687 61.31097 -47.82994 5.524687 -7.652084 -40.32831 16.43219 -7.652084 -40.32831 16.43219 11.18206 -40.44073 16.43219 11.38977 34.55356 16.43265 11.38977 34.55356 16.43265 0.03854751 58.38749 -1.600602 0.03854751 58.38749 -1.600602 0.03854751 58.38749 -1.600602 0.03854751 58.38749 -1.600602 0.03854751 58.38749 -1.600602 0.03854751 58.38749 -1.600602 0.2373504 -49.25031 -1.601397 0.2373504 -49.25031 -1.601397 0.2373504 -49.25031 -1.601397 0.2373504 -49.25031 -1.601397 0.2373504 -49.25031 -1.601397 0.2373504 -49.25031 -1.601397 -4.801792 -51.61084 -1.608377 -4.801792 -51.61084 -1.608377 -4.801792 -51.61084 -1.608377 -4.801792 -51.61084 -1.608377 -4.801792 -51.61084 -1.608377 -4.801792 -51.61084 -1.608377 -7.856396 34.28078 16.43265 3.294907 -49.42695 -1.601397 3.294907 -49.42695 -1.601397 3.294907 -49.42695 -1.601397 3.294907 -49.42695 -1.601397 3.294907 -49.42695 -1.601397 3.294907 -49.42695 -1.601397 3.494144 58.38749 -1.600602 3.494144 58.38749 -1.600602 3.494144 58.38749 -1.600602 3.494144 58.38749 -1.600602 8.488572 55.1439 1.76326 8.488572 55.1439 1.76326 8.488572 55.1439 1.76326 8.488572 55.1439 1.76326 8.488572 55.1439 1.76326 8.488572 55.1439 1.76326 8.488572 55.1439 1.76326 8.488572 55.1439 1.76326 8.488572 55.1439 1.76326 9.000918 67.03746 24.05985 9.000918 67.03746 24.05985 9.000918 67.03746 24.05985 9.000918 67.03746 24.05985 9.000918 67.03746 24.05985 7.04006 74.33062 24.31752 7.04006 74.33062 24.31752 -3.498817 74.33062 24.52835 -3.498817 74.33062 24.52835 -3.498817 74.33062 24.52835 -3.498817 74.33062 24.52835 -5.797306 66.81968 24.5236 -5.797306 66.81968 24.5236 -5.797306 66.81968 24.5236 -11.78362 40.05759 10.39549 -11.78362 40.05759 10.39549 -11.78362 40.05759 10.39549 -11.78362 40.05759 10.39549 -11.78362 40.05759 10.39549 -11.78362 40.05759 10.39549 -11.37912 -45.94211 16.49178 -11.37912 -45.94211 16.49178 -11.37912 -45.94211 16.49178 -11.37912 -45.94211 16.49178 -11.57616 37.09275 16.49233 -11.57616 37.09275 16.49233 -11.57616 37.09275 16.49233 -11.57616 37.09275 16.49233 -11.57616 37.09275 16.49233 1.978462 -79.93398 16.90238 1.978462 -79.93398 16.90238 1.978462 -79.93398 16.90238 1.978462 -79.93398 16.90238 -2.863819 -73.05595 8.246401 -2.863819 -73.05595 8.246401 -2.863819 -73.05595 8.246401 -2.863819 -73.05595 8.246401 -2.863819 -73.05595 8.246401 -2.863819 -73.05595 8.246401 -2.863819 -73.05595 8.246401 1.503296 -79.56795 17.11056 1.503296 -79.56795 17.11056 1.503296 -79.56795 17.11056 1.503296 -79.56795 17.11056 15.10941 37.42052 16.49233 15.10941 37.42052 16.49233 15.10941 37.42052 16.49233 15.10941 37.42052 16.49233 15.10941 37.42052 16.49233 14.90867 -46.01677 16.49179 14.90867 -46.01677 16.49179 14.90867 -46.01677 16.49179 14.90867 -46.01677 16.49179 15.10813 -46.32659 10.20565 15.10813 -46.32659 10.20565 15.10813 -46.32659 10.20565 15.10813 -46.32659 10.20565 15.10813 -46.32659 10.20565 15.10813 -46.32659 10.20565 15.10813 -46.32659 10.20565 1.98053 -82.39862 26.20119 1.98053 -82.39862 26.20119 1.98053 -82.39862 26.20119 1.98053 -82.39862 26.20119 1.98053 -82.39862 26.20119 1.98053 -82.39862 26.20119 13.10175 -46.01228 24.48141 13.10175 -46.01228 24.48141 -9.584992 -45.94845 24.43106 -9.584992 -45.94845 24.43106 -5.436733 66.76277 12.0747 -5.436733 66.76277 12.0747 -5.436733 66.76277 12.0747 -5.436733 66.76277 12.0747 -5.436733 66.76277 12.0747 -5.436733 66.76277 12.0747 -5.436733 66.76277 12.0747 -5.797306 66.81968 24.5236 -5.797306 66.81968 24.5236 -5.797306 66.81968 24.5236 -5.797306 66.81968 24.5236 -3.498817 74.33062 24.52835 -3.498817 74.33062 24.52835 -3.498817 74.33062 24.52835 -3.332035 74.33058 17.0202 -3.332035 74.33058 17.0202 -3.332035 74.33058 17.0202 -3.332035 74.33058 17.0202 -3.332035 74.33058 17.0202 6.062111 74.33058 10.32403 6.062111 74.33058 10.32403 6.062111 74.33058 10.32403 6.062111 74.33058 10.32403 6.062111 74.33058 10.32403 6.062111 74.33058 10.32403 1.766327 63.84533 0.2605496 1.766327 63.84533 0.2605496 1.766327 63.84533 0.2605496 1.766327 63.84533 0.2605496 1.766327 63.84533 0.2605496 1.766327 63.84533 0.2605496 1.766327 63.84533 0.2605496 -11.57864 -46.22631 10.39481 -11.57864 -46.22631 10.39481 -11.57864 -46.22631 10.39481 -11.57864 -46.22631 10.39481 -11.57864 -46.22631 10.39481 -11.57864 -46.22631 10.39481 -11.57864 -46.22631 10.39481 -1.9463 -82.32266 25.51259 -9.795693 37.1104 24.51408 -9.795693 37.1104 24.51408 -9.795693 37.1104 24.51408 13.3292 37.43821 24.51408 13.3292 37.43821 24.51408 13.3292 37.43821 24.51408 13.3292 37.43821 24.51408 13.3292 37.43821 24.51408 1.978462 -79.93398 16.90238 1.978462 -79.93398 16.90238 1.978462 -79.93398 16.90238 1.978462 -79.93398 16.90238 1.978462 -79.93398 16.90238 1.978462 -79.93398 16.90238 1.978462 -79.93398 16.90238 1.978462 -79.93398 16.90238 1.978462 -79.93398 16.90238 1.978462 -79.93398 16.90238 1.978462 -79.93398 16.90238 -1.9463 -82.32266 25.51259 -1.9463 -82.32266 25.51259 -1.9463 -82.32266 25.51259 -1.9463 -82.32266 25.51259 -1.9463 -82.32266 25.51259 1.982057 -82.50251 22.30655 1.982057 -82.50251 22.30655 1.982057 -82.50251 22.30655 1.982057 -82.50251 22.30655 1.982057 -82.50251 22.30655 1.982057 -82.50251 22.30655 1.982057 -82.50251 22.30655 1.982057 -82.50251 22.30655 1.982057 -82.50251 22.30655 1.986095 -82.50005 22.29769 1.986095 -82.50005 22.29769 1.986095 -82.50005 22.29769 1.986095 -82.50005 22.29769 1.986095 -82.50005 22.29769 1.986095 -82.50005 22.29769 1.986095 -82.50005 22.29769 1.986095 -82.50005 22.29769 1.986095 -82.50005 22.29769 1.986095 -82.50005 22.29769 1.986095 -82.50005 22.29769 1.986095 -82.50005 22.29769 1.986095 -82.50005 22.29769 1.986095 -82.50005 22.29769 1.986095 -82.50005 22.29769 1.986095 -82.50005 22.29769 1.986095 -82.50005 22.29769 1.986095 -82.50005 22.29769 1.986095 -82.50005 22.29769 1.986095 -82.50005 22.29769 1.986095 -82.50005 22.29769 6.4188 -79.86459 16.90238 6.4188 -79.86459 16.90238 6.4188 -79.86459 16.90238 6.4188 -79.86459 16.90238 6.4188 -79.86459 16.90238 13.3278 -46.30899 7.091635 13.3278 -46.30899 7.091635 13.3278 -46.30899 7.091635 13.3278 -46.30899 7.091635 13.3278 -46.30899 7.091635 5.895866 -82.32266 25.54034 5.895866 -82.32266 25.54034 1.98053 -82.39862 26.20119 1.98053 -82.39862 26.20119 1.98053 -82.39862 26.20119 -1.9463 -82.32266 25.51259 1.982057 -82.50251 22.30655 1.982057 -82.50251 22.30655 1.982057 -82.50251 22.30655 1.986097 -82.50273 22.30761 1.986097 -82.50273 22.30761 1.986097 -82.50273 22.30761 1.986097 -82.50273 22.30761 1.986097 -82.50273 22.30761 1.986097 -82.50273 22.30761 -9.584992 -45.94845 24.43106 -9.584992 -45.94845 24.43106 -9.584992 -45.94845 24.43106 -9.584992 -45.94845 24.43106 -1.9463 -82.32266 25.51259 -1.9463 -82.32266 25.51259 -4.956249 55.1439 1.763267 -4.956249 55.1439 1.763267 -4.956249 55.1439 1.763267 -4.956249 55.1439 1.763267 -4.956249 55.1439 1.763267 -4.956249 55.1439 1.763267 -0.0374298 79.91828 8.219388 -0.0374298 79.91828 8.219388 -0.0374298 79.91828 8.219388 -0.0374298 79.91828 8.219388 -0.0374298 79.91828 8.219388 -0.0374298 79.91828 8.219388 1.197182 79.91828 7.695843 1.197182 79.91828 7.695843 1.197182 79.91828 7.695843 1.197182 79.91828 7.695843 1.197182 79.91828 7.695843 1.755585 -57.33873 -1.601556 1.755585 -57.33873 -1.601556 1.755585 -57.33873 -1.601556 1.755585 -57.33873 -1.601556 1.755585 -57.33873 -1.601556 3.562881 -56.45318 -1.601548 3.562881 -56.45318 -1.601548 3.562881 -56.45318 -1.601548 3.562881 -56.45318 -1.601548 3.562881 -56.45318 -1.601548 3.562881 -56.45318 -1.601548 3.562881 -56.45318 -1.601548 7.035255 -73.05592 8.246401 7.035255 -73.05592 8.246401 7.035255 -73.05592 8.246401 7.035255 -73.05592 8.246401 7.035255 -73.05592 8.246401 7.035255 -73.05592 8.246401 2.499153 -79.62095 17.11355 2.499153 -79.62095 17.11355 2.499153 -79.62095 17.11355 2.499153 -79.62095 17.11355 -9.795693 37.1104 24.51408 -9.795693 37.1104 24.51408 8.332243 -52.64644 -1.608385 8.332243 -52.64644 -1.608385 8.332243 -52.64644 -1.608385 8.332243 -52.64644 -1.608385 8.332243 -52.64644 -1.608385 13.3278 -46.30899 8.749015 13.3278 -46.30899 8.749015 13.3278 -46.30899 8.749015 13.3278 -46.30899 8.749015 13.3278 -46.30899 8.749015 13.3278 -46.30899 8.749015 15.21662 40.04218 24.61365 10.76861 55.99715 7.092483 10.76861 55.99715 7.092483 10.76861 55.99715 7.092483 10.76861 55.99715 7.092483 10.76861 55.99715 7.092483 10.76861 55.99715 7.092483 15.31612 40.0576 10.20632 15.31612 40.0576 10.20632 15.31612 40.0576 10.20632 15.31612 40.0576 10.20632 15.31612 40.0576 10.20632 15.31612 40.0576 10.20632 -7.501213 -34.62474 16.43224 -7.501213 -34.62474 16.43224 -7.501194 -34.6247 24.52148 11.33292 -34.73111 24.52147 11.33292 -34.73111 24.52147 -9.584992 -45.94845 24.43106 -9.584992 -45.94845 24.43106 -9.584992 -45.94845 24.43106 -9.584992 -45.94845 24.43106 -7.652084 -40.32827 24.51751 -7.652084 -40.32827 24.51751 -7.652084 -40.32827 24.51751 -7.652084 -40.32827 24.51751 -7.652084 -40.32827 24.51751 -7.652084 -40.32827 24.51751 -7.856396 34.28083 24.51405 -7.856396 34.28083 24.51405 -7.856396 34.28083 24.51405 -7.856396 34.28083 24.51405 -0.05171585 -56.45319 -1.601548 -0.05171585 -56.45319 -1.601548 -0.05171585 -56.45319 -1.601548 -0.05171585 -56.45319 -1.601548 -0.05171585 -56.45319 -1.601548 -0.05171585 -56.45319 -1.601548 11.18206 -40.44067 24.5175 11.18206 -40.44067 24.5175 11.18206 -40.44067 24.5175 11.18206 -40.44067 24.5175 11.18206 -40.44067 24.5175 11.33292 -34.73111 24.52147 11.33292 -34.73111 24.52147 13.10175 -46.01228 24.48141 13.10175 -46.01228 24.48141 13.10175 -46.01228 24.48141 13.3292 37.43821 24.51408 13.3292 37.43821 24.51408 13.3292 37.43821 24.51408 -7.402546 -41.29574 24.34862 -7.402546 -41.29574 24.34862 -7.402546 -41.29574 24.34862 -7.402546 -41.29574 24.34862 -7.402546 -41.29574 24.34862 -1.521606 37.07511 24.52323 -1.521606 37.07511 24.52323 -1.52161 -36.29359 24.52279 5.059387 -36.29358 24.52279 5.059387 -36.29358 24.52279 5.059376 -47.11969 10.50086 5.059376 -47.11969 10.50086 5.059376 -47.11969 10.50086 -1.521614 -47.11969 10.50086 -1.521614 -47.11969 10.50086 -1.521614 -47.11969 10.50086 -1.521614 37.075 10.50142 -1.521614 37.075 10.50142 5.059376 37.07511 24.52323 5.05938 37.075 10.50142 9.000918 67.03746 24.05985 9.000918 67.03746 24.05985 9.000918 67.03746 24.05985 9.000918 67.03746 24.05985 11.33292 -34.73116 16.43224 5.059376 37.07511 24.52323 5.059376 37.07511 24.52323 5.059387 -36.29358 24.52279 5.059376 -47.11969 10.50086 5.059376 -47.11969 10.50086 5.059387 -36.29358 24.52279 5.059387 -36.29358 24.52279 -1.52161 -36.29359 24.52279 -1.52161 -36.29359 24.52279 -1.521606 37.07511 24.52323 -1.521614 37.075 10.50142 -1.521614 37.075 10.50142 11.38977 34.55361 24.51405 11.38977 34.55361 24.51405 11.38977 34.55356 16.43265 11.18206 -40.44073 16.43219 11.18206 -40.44073 16.43219 11.41447 30.74447 16.43262 11.41447 30.74447 16.43262 11.41447 30.74453 24.51401 11.41447 30.74453 24.51401 -7.831696 30.47176 24.51401 -7.831696 30.47176 24.51401 -7.831696 30.47176 24.51401 -7.831696 30.47176 24.51401 -10.83707 40.04339 24.43304 -7.235939 55.99714 7.092468 -7.235939 55.99714 7.092468 -7.235939 55.99714 7.092468 -7.235939 55.99714 7.092468 -7.235939 55.99714 7.092468 -7.235939 55.99714 7.092468 -7.235939 55.99714 7.092468 -7.831699 30.47171 16.43262 -7.856396 34.28078 16.43265 -7.856396 34.28078 16.43265 -7.856396 34.28083 24.51405 -7.652084 -40.32827 24.51751 -7.652084 -40.32827 24.51751 -9.798443 -46.2087 9.44886 -9.798443 -46.2087 9.44886 -9.798443 -46.2087 9.44886 -9.798443 -46.2087 9.44886 -9.798443 -46.2087 9.44886 -9.798443 -46.2087 9.44886 5.05938 37.075 10.50142 -1.52161 -36.29359 24.52279 -1.521614 -47.11969 10.50086 -12.46813 -48.36928 10.3948 -12.46813 -48.36928 10.3948 -12.67311 37.91464 10.39546 -8.125432 53.85416 7.092446 -8.125432 53.85416 7.092446 -7.501194 -34.6247 24.52148 -7.501194 -34.6247 24.52148 -7.501194 -34.6247 24.52148 11.33292 -34.73116 16.43224 11.33292 -34.73116 16.43224 11.33292 -34.73116 16.43224 11.33292 -34.73111 24.52147 11.18206 -40.44067 24.5175 11.18206 -40.44067 24.5175 11.18206 -40.44067 24.5175 5.895866 -82.32266 25.54034 5.895866 -82.32266 25.54034 1.990126 -82.50251 22.30658 1.990126 -82.50251 22.30658 1.990126 -82.50251 22.30658 -7.652084 -40.32831 16.43219 -7.652084 -40.32831 16.43219 -7.652084 -40.32831 16.43219 -2.457748 -79.8646 16.90238 -2.457748 -79.8646 16.90238 -2.457748 -79.8646 16.90238 -2.457748 -79.8646 16.90238 -2.457748 -79.8646 16.90238 -1.579716 79.91828 8.274076 -1.579716 79.91828 8.274076 -1.579716 79.91828 8.274076 -1.579716 79.91828 8.274076 11.38977 34.55361 24.51405 11.38977 34.55361 24.51405 11.38977 34.55361 24.51405 11.38977 34.55361 24.51405 11.38977 34.55361 24.51405 -9.795693 37.1104 24.51408 -9.795693 37.1104 24.51408 -9.795693 37.1104 24.51408 -10.83707 40.04339 24.43304 -10.83707 40.04339 24.43304 -10.83707 40.04339 24.43304 -10.68793 -48.35168 7.091613 7.92087 67.03981 12.07471 7.92087 67.03981 12.07471 7.92087 67.03981 12.07471 7.92087 67.03981 12.07471 7.92087 67.03981 12.07471 7.92087 67.03981 12.07471 6.148056 74.33058 16.3184 6.148056 74.33058 16.3184 6.148056 74.33058 16.3184 6.148056 74.33058 16.3184 6.148056 74.33058 16.3184 6.148056 74.33058 16.3184 6.549545 74.33058 16.90333 6.549545 74.33058 16.90333 6.549545 74.33058 16.90333 6.549545 74.33058 16.90333 15.21662 40.04218 24.61365 15.21662 40.04218 24.61365 15.21662 40.04218 24.61365 -9.798443 -46.20874 7.091635 -9.798443 -46.20874 7.091635 -9.798443 -46.20874 7.091635 -9.798443 -46.20874 7.091635 13.10175 -46.01228 24.48141 13.10175 -46.01228 24.48141 13.10175 -46.01228 24.48141 1.962662 -74.12286 7.524043 1.962662 -74.12286 7.524043 1.962662 -74.12286 7.524043 1.962662 -74.12286 7.524043 1.962662 -74.12286 7.524043 1.981052 -80.10903 17.2596 1.981052 -80.10903 17.2596 2.499153 -79.62095 17.11355 10.89698 -41.37725 24.44933 10.89698 -41.37725 24.44933 2.729828 95.46063 21.4756 2.729828 95.46063 21.4756 2.729828 95.46063 21.4756 2.729828 95.46063 21.4756 2.729828 95.46063 21.4756 2.729828 95.46063 21.4756 2.729828 95.46063 21.4756 1.590034 79.91828 6.96336 1.590034 79.91828 6.96336 1.590034 79.91828 6.96336 1.590034 79.91828 6.96336 1.981052 -80.10903 17.2596 1.981052 -80.10903 17.2596 7.04006 74.33062 24.31752 7.04006 74.33062 24.31752 7.04006 74.33062 24.31752 1.503296 -79.56795 17.11056 5.895866 -82.32266 25.54034 5.895866 -82.32266 25.54034 5.895866 -82.32266 25.54034 5.895866 -82.32266 25.54034 1.990126 -82.50251 22.30658 1.990126 -82.50251 22.30658 1.990126 -82.50251 22.30658 1.990126 -82.50251 22.30658 1.990126 -82.50251 22.30658 1.990126 -82.50251 22.30658 1.990126 -82.50251 22.30658 1.990126 -82.50251 22.30658 1.990126 -82.50251 22.30658 11.18206 -40.44073 16.43219 11.18206 -40.44073 16.43219 11.18206 -40.44073 16.43219 -7.501213 -34.62474 16.43224 -7.501213 -34.62474 16.43224 -7.501213 -34.62474 16.43224 -7.652084 -40.32831 16.43219 11.38977 34.55356 16.43265 11.38977 34.55356 16.43265 11.38977 34.55356 16.43265 11.38977 34.55361 24.51405 11.41447 30.74453 24.51401 11.41447 30.74453 24.51401 11.41447 30.74447 16.43262 11.41447 30.74447 16.43262 11.41447 30.74447 16.43262 -7.856396 34.28078 16.43265 -7.856396 34.28078 16.43265 5.895866 -82.32266 25.54034 -7.831699 30.47171 16.43262 -7.831699 30.47171 16.43262 -7.831696 30.47176 24.51401 -7.856396 34.28083 24.51405 2.41235 91.28256 27.38789 -0.9475288 91.37239 27.50708 -0.9475288 91.37239 27.50708 5.407219 80.4038 24.5321 5.407219 80.4038 24.5321 5.407219 80.4038 24.5321 2.41235 91.28256 27.38789 2.41235 91.28256 27.38789 2.41235 91.28256 27.38789 2.41235 91.28256 27.38789 2.729828 95.46063 21.4756 2.729828 95.46063 21.4756 2.729828 95.46063 21.4756 2.779396 100.7257 28.80334 2.779396 100.7257 28.80334 2.779396 100.7257 28.80334 2.94545 98.25633 30.19232 2.94545 98.25633 30.19232 1.986097 -82.50273 22.30761 1.986097 -82.50273 22.30761 1.986097 -82.50273 22.30761 1.986105 -82.52558 22.31009 1.986105 -82.52558 22.31009 1.986105 -82.52558 22.31009 1.986104 -82.52723 22.30591 1.986104 -82.52723 22.30591 1.986104 -82.52723 22.30591 1.986104 -82.52723 22.30591 1.986104 -82.52723 22.30591 1.986104 -82.52723 22.30591 1.986104 -82.52723 22.30591 1.986104 -82.52723 22.30591 1.986104 -82.52723 22.30591 1.986104 -82.52723 22.30591 1.986104 -82.52723 22.30591 1.986104 -82.52723 22.30591 1.98153 -82.49997 22.29769 1.98153 -82.49997 22.29769 1.98153 -82.49997 22.29769 1.98153 -82.49997 22.29769 1.98153 -82.49997 22.29769 1.98153 -82.49997 22.29769 1.983997 -82.52722 22.30587 1.983997 -82.52722 22.30587 1.983997 -82.52722 22.30587 1.98424 -82.52602 22.30985 1.98424 -82.52602 22.30985 1.98424 -82.52602 22.30985 1.98424 -82.52602 22.30985 6.4188 -79.86459 16.90238 6.4188 -79.86459 16.90238 6.4188 -79.86459 16.90238 1.990664 -82.49997 22.29769 1.990664 -82.49997 22.29769 1.990664 -82.49997 22.29769 1.990664 -82.49997 22.29769 1.990664 -82.49997 22.29769 1.990664 -82.49997 22.29769 1.978462 -79.93398 16.90238 1.978462 -79.93398 16.90238 1.978462 -79.93398 16.90238 1.986097 -82.50273 22.30761 1.986097 -82.50273 22.30761 1.986097 -82.50273 22.30761 1.986095 -82.50005 22.29769 1.986095 -82.50005 22.29769 1.986095 -82.50005 22.29769 -2.457748 -79.8646 16.90238 -2.457748 -79.8646 16.90238 -2.457748 -79.8646 16.90238 1.988213 -82.52722 22.30587 1.988213 -82.52722 22.30587 1.988213 -82.52722 22.30587 -0.9475288 91.37239 27.50708 -0.9475288 91.37239 27.50708 2.41235 91.28256 27.38789 2.41235 91.28256 27.38789 2.41235 91.28256 27.38789 5.407219 80.4038 24.5321 5.407219 80.4038 24.5321 5.407219 80.4038 24.5321 -8.399575 -68.76216 34.61371 -8.399575 -68.76216 34.61371 -8.399575 -68.76216 34.61371 -8.399575 -68.76216 34.61371 -8.399575 -68.76216 34.61371 -8.399575 -68.76216 34.61371 -7.964413 -54.07403 32.62641 -7.964413 -54.07403 32.62641 -7.964413 -54.07403 32.62641 -7.964413 -54.07403 32.62641 -7.964413 -54.07403 32.62641 -9.577404 -52.99312 24.51347 -9.577404 -52.99312 24.51347 -9.577404 -52.99312 24.51347 -7.652073 -47.39699 24.51744 -7.652073 -47.39699 24.51744 11.4341 -54.14876 32.62641 11.4341 -54.14876 32.62641 11.4341 -54.14876 32.62641 11.4341 -54.14876 32.62641 11.4341 -54.14876 32.62641 11.4341 -54.14876 32.62641 13.10683 -53.06787 24.51347 13.10683 -53.06787 24.51347 11.18206 -47.50939 24.51744 11.18206 -47.50939 24.51744 9.874194 -75.98155 24.51326 9.874194 -75.98155 24.51326 9.874194 -75.98155 24.51326 12.28788 -68.76219 34.61371 12.28788 -68.76219 34.61371 12.28788 -68.76219 34.61371 12.28788 -68.76219 34.61371 12.28788 -68.76219 34.61371 12.28788 -68.76219 34.61371 10.78907 -53.44893 24.44921 10.78907 -53.44893 24.44921 10.78907 -53.44893 24.44921 10.89697 -48.44597 24.44925 10.89697 -48.44597 24.44925 1.961308 -77.03697 34.81981 1.961308 -77.03697 34.81981 1.961308 -77.03697 34.81981 1.961308 -77.03697 34.81981 1.961308 -77.03697 34.81981 1.961308 -77.03697 34.81981 8.256722 -75.25928 24.44902 8.256722 -75.25928 24.44902 8.256722 -75.25928 24.44902 -4.375858 -75.25929 24.34832 -4.375858 -75.25929 24.34832 -4.375858 -75.25929 24.34832 -7.319336 -53.39601 24.3485 -7.319336 -53.39601 24.3485 1.961304 -75.22665 24.44901 1.961304 -75.22665 24.44901 1.961304 -75.22665 24.44901 1.961304 -76.02404 26.2958 1.961304 -76.02404 26.2958 1.961304 -76.02404 26.2958 -5.951584 -75.98153 24.51326 -5.951584 -75.98153 24.51326 -5.951584 -75.98153 24.51326 1.986105 -82.52558 22.31009 1.986105 -82.52558 22.31009 1.986105 -82.52558 22.31009 1.986105 -82.52558 22.31009 1.986105 -82.52558 22.31009 1.98424 -82.52602 22.30985 1.98424 -82.52602 22.30985 1.98424 -82.52602 22.30985 1.98424 -82.52602 22.30985 1.986104 -82.52723 22.30591 1.986104 -82.52723 22.30591 1.986104 -82.52723 22.30591 1.986104 -82.52723 22.30591 1.987965 -82.526 22.30986 1.987965 -82.526 22.30986 1.987965 -82.526 22.30986 1.988213 -82.52722 22.30587 1.983997 -82.52722 22.30587 1.987965 -82.526 22.30986 1.987965 -82.526 22.30986 1.987965 -82.526 22.30986 1.987965 -82.526 22.30986 1.987965 -82.526 22.30986 -0.3595276 98.36891 30.28657 -0.3595276 98.36891 30.28657 -0.3595276 98.36891 30.28657 1.274193 95.16951 31.61961 1.274193 95.16951 31.61961 1.274193 95.16951 31.61961 2.042889 98.86247 35.75558 2.042889 98.86247 35.75558 2.042889 98.86247 35.75558 2.042889 98.86247 35.75558 2.042889 98.86247 35.75558 2.042889 98.86247 35.75558 0.2970924 100.9647 36.69522 0.2970924 100.9647 36.69522 0.2970924 100.9647 36.69522 0.2970924 100.9647 36.69522 0.2970924 100.9647 36.69522 0.2970924 100.9647 36.69522 -0.9475288 91.37239 27.50708 -0.9475288 91.37239 27.50708 -0.9475288 91.37239 27.50708 -0.3595276 98.36891 30.28657 -0.3595276 98.36891 30.28657 -0.3595276 98.36891 30.28657 1.274193 95.16951 31.61961 1.274193 95.16951 31.61961 1.274193 95.16951 31.61961 3.71859 100.9323 36.66341 3.71859 100.9323 36.66341 3.71859 100.9323 36.66341 3.71859 100.9323 36.66341 3.71859 100.9323 36.66341 3.71859 100.9323 36.66341 2.467899 102.5361 36.72521 2.467899 102.5361 36.72521 2.467899 102.5361 36.72521 2.467899 102.5361 36.72521 2.467899 102.5361 36.72521 2.467899 102.5361 36.72521 2.488338 102.552 40.98365 2.488338 102.552 40.98365 2.488338 102.552 40.98365 3.632015 101.0985 40.77989 3.632015 101.0985 40.77989 3.632015 101.0985 40.77989 2.779396 100.7257 28.80334 2.779396 100.7257 28.80334 2.779396 100.7257 28.80334 2.94545 98.25633 30.19232 2.94545 98.25633 30.19232 2.94545 98.25633 30.19232 0.5032501 101.1251 40.81182 0.5032501 101.1251 40.81182 0.5032501 101.1251 40.81182 2.099686 99.29893 39.76356 2.099686 99.29893 39.76356 2.099686 99.29893 39.76356 1.9594 93.39972 43.52748 1.9594 93.39972 43.52748 1.9594 93.39972 43.52748 -3.166386 99.2633 46.89319 -3.166386 99.2633 46.89319 -3.166386 99.2633 46.89319 0.5032501 101.1251 40.81182 0.5032501 101.1251 40.81182 0.5032501 101.1251 40.81182 2.099686 99.29893 39.76356 2.099686 99.29893 39.76356 2.099686 99.29893 39.76356 6.879375 99.17791 46.79071 6.879375 99.17791 46.79071 3.207272 103.8447 47.44491 2.579452 101.7583 45.18928 2.579452 101.7583 45.18928 2.579452 101.7583 45.18928 3.815487 100.1875 44.96907 3.815487 100.1875 44.96907 3.815487 100.1875 44.96907 2.488338 102.552 40.98365 2.488338 102.552 40.98365 2.488338 102.552 40.98365 3.207272 103.8447 47.44491 3.207272 103.8447 47.44491 3.207272 103.8447 47.44491 3.632015 101.0985 40.77989 3.632015 101.0985 40.77989 3.632015 101.0985 40.77989 6.879375 99.17791 46.79071 6.879375 99.17791 46.79071 6.879375 99.17791 46.79071 0.4340706 100.2162 45.00357 0.4340706 100.2162 45.00357 2.15942 98.24256 43.87067 -3.166386 99.2633 46.89319 -3.166386 99.2633 46.89319 -3.166386 99.2633 46.89319 1.9594 93.39972 43.52748 1.9594 93.39972 43.52748 1.9594 93.39972 43.52748 2.15942 98.24256 43.87067 2.15942 98.24256 43.87067 2.15942 98.24256 43.87067 0.4340706 100.2162 45.00357 0.4340706 100.2162 45.00357 0.4340706 100.2162 45.00357 6.879375 99.17791 46.79071 3.815487 100.1875 44.96907 3.815487 100.1875 44.96907 3.207272 103.8447 47.44491 3.207272 103.8447 47.44491 2.579452 101.7583 45.18928 3.934082 13.07973 24.63261 3.934082 13.07973 24.63261 4.172955 12.58095 24.63261 3.267998 12.58103 24.63261 3.267998 12.58103 24.63261 4.803677 13.00467 17.77219 3.934082 13.07973 24.63261 3.661041 13.07973 24.63261 3.661041 13.07973 24.63261 4.803677 13.00467 17.77219 3.661041 13.07973 24.63261 2.79145 13.0047 17.77219 -3.346447 17.40924 19.78406 -3.346447 17.40924 19.78406 -3.346447 17.40924 19.78406 -3.346447 17.40924 19.78406 -3.346447 17.40924 19.78406 -3.346447 17.40924 19.78406 0.9870491 11.44472 19.78406 0.9870491 11.44472 19.78406 0.9870491 11.44472 19.78406 1.203575 12.11109 20.36063 1.203575 12.11109 20.36063 -2.645771 17.40924 20.36066 -2.645771 17.40924 20.36066 -2.645771 17.40924 20.36066 0.9870491 11.44472 19.78406 7.998808 13.72297 19.78406 7.998808 13.72297 19.78406 7.998808 13.72297 19.78406 7.998808 13.72297 19.78406 7.998808 13.72297 19.78406 7.998808 13.72297 19.78406 7.431944 14.1348 20.36063 7.431944 14.1348 20.36063 7.431944 14.1348 20.36063 1.203575 12.11109 20.36063 0.9870491 11.44472 19.78406 7.998808 21.09555 19.78406 7.998808 21.09555 19.78406 7.998808 21.09555 19.78406 7.998808 21.09555 19.78406 7.998808 21.09555 19.78406 7.998808 21.09555 19.78406 7.431944 20.6837 20.36066 7.431944 20.6837 20.36066 7.431944 20.6837 20.36066 0.9870491 23.3738 19.78406 0.9870491 23.3738 19.78406 0.9870491 23.3738 19.78406 1.203575 22.70742 20.36066 1.203575 22.70742 20.36066 0.9870491 23.3738 19.78406 1.203575 22.70742 20.36066 0.9870491 23.3738 19.78406 -2.645771 17.40924 20.36066 -2.645771 17.40924 20.36066 -2.645771 17.40924 20.36066 1.203575 12.11109 20.36063 1.203575 12.11109 23.95805 1.203575 12.11109 23.95805 -2.645771 17.40925 23.95805 -2.645771 17.40925 23.95805 -2.645771 17.40925 23.95805 1.203575 12.11109 20.36063 7.431944 14.1348 20.36063 7.431944 14.1348 20.36063 7.431944 14.1348 20.36063 7.431944 14.1348 23.95805 7.431944 14.1348 23.95805 7.431944 14.1348 23.95805 1.203575 12.11109 23.95805 1.203575 12.11109 20.36063 7.431944 20.6837 20.36066 7.431944 20.6837 20.36066 7.431944 20.6837 20.36066 7.431944 20.68371 23.95805 7.431944 20.68371 23.95805 7.431944 20.68371 23.95805 1.203575 22.70742 20.36066 1.203575 22.70742 23.95805 1.203575 22.70742 23.95805 1.203575 22.70742 20.36066 1.203575 22.70742 23.95805 1.203575 22.70742 20.36066 -2.645771 17.40925 23.95805 -2.645771 17.40925 23.95805 -2.645771 17.40925 23.95805 1.203575 12.11109 23.95805 0.9870644 11.44472 24.53466 0.9870644 11.44472 24.53466 0.9870644 11.44472 24.53466 -3.346447 17.40925 24.53466 -3.346447 17.40925 24.53466 -3.346447 17.40925 24.53466 -3.346447 17.40925 24.53466 -3.346447 17.40925 24.53466 -3.346447 17.40925 24.53466 1.203575 12.11109 23.95805 7.431944 14.1348 23.95805 7.431944 14.1348 23.95805 7.431944 14.1348 23.95805 7.998793 13.72297 24.53466 7.998793 13.72297 24.53466 7.998793 13.72297 24.53466 7.998793 13.72297 24.53466 7.998793 13.72297 24.53466 0.9870644 11.44472 24.53466 1.203575 12.11109 23.95805 7.431944 20.68371 23.95805 7.431944 20.68371 23.95805 7.431944 20.68371 23.95805 7.998808 21.09556 24.53466 7.998808 21.09556 24.53466 7.998808 21.09556 24.53466 7.998808 21.09556 24.53466 7.998808 21.09556 24.53466 7.998808 21.09556 24.53466 1.203575 22.70742 23.95805 0.9870491 23.3738 24.53463 0.9870491 23.3738 24.53463 0.9870491 23.3738 24.53463 0.9870491 23.3738 24.53463 1.203575 22.70742 23.95805 0.9870491 23.3738 24.53463 1.203575 22.70742 23.95805 7.998808 13.72297 18.10218 7.998808 13.72297 18.10218 0.9870644 11.44472 18.10218 0.9870644 11.44472 18.10218 -3.346447 17.40924 18.10218 -3.346447 17.40924 18.10218 -3.346447 17.40924 18.10218 -3.346447 17.40924 18.10218 -3.346447 17.40924 18.10218 7.998808 21.09555 18.10218 0.9870491 23.3738 18.10218 7.998808 21.09555 18.10218 -3.346447 17.40924 18.10218 7.994333 21.10932 26.13648 7.994333 21.10932 26.13648 7.994333 21.10932 26.13648 7.994318 13.73673 26.13648 7.994318 13.73673 26.13648 7.994318 13.73673 26.13648 7.994318 13.73673 26.13648 0.9870491 23.3738 19.78406 0.9870491 23.3738 18.10218 0.9870491 23.3738 18.10218 7.998808 21.09555 18.10218 7.998808 21.09555 18.10218 0.9870491 23.3738 18.10218 7.998808 13.72297 18.10218 7.998808 13.72297 18.10218 7.998808 21.09555 18.10218 0.9870491 11.44472 19.78406 0.9870644 11.44472 18.10218 0.9870644 11.44472 18.10218 7.998808 13.72297 18.10218 0.9870644 11.44472 24.53466 0.9870644 11.44472 24.53466 0.9825897 11.45848 26.13648 0.9825745 23.38758 26.13645 -3.350918 17.42301 26.13648 -3.350918 17.42301 26.13648 2.848553 17.63981 28.69337 7.994333 21.10932 26.13648 7.994333 21.10932 26.13648 0.9825745 23.38758 26.13645 2.849647 17.64132 28.69337 7.994318 13.73673 26.13648 7.994318 13.73673 26.13648 2.851425 17.64074 28.69337 0.9825897 11.45848 26.13648 2.851425 17.63887 28.69337 0.9825897 11.45848 26.13648 2.849647 17.63829 28.69337 0.9825897 11.45848 26.13648 0.9825897 11.45848 26.13648 -3.350918 17.42301 26.13648 -3.350918 17.42301 26.13648 -3.350918 17.42301 26.13648 0.9870491 23.3738 24.53463 0.9870491 23.3738 24.53463 0.9825745 23.38758 26.13645 0.9825745 23.38758 26.13645 -12.15899 -29.40995 42.54761 -12.15899 -29.40995 42.54761 16.3804 -29.02589 40.97827 16.73526 33.0284 40.96348 16.73526 33.0284 40.96348 -12.24719 32.57661 38.68854 2.721448 2.503422 35.18079 2.721448 2.503422 35.18079 2.721448 2.503422 35.18079 2.721448 2.503422 35.18079 2.721448 2.503422 35.18079 2.721448 2.503422 35.18079 2.721448 2.503422 35.18079 2.721448 2.503422 35.18079 15.10646 -0.01568233 40.28439 15.10646 -0.01568233 40.28439 15.10646 -0.01568233 40.28439 15.10646 -0.01568233 40.28439 2.540847 -28.38426 38.11919 2.540847 -28.38426 38.11919 2.540847 -28.38426 38.11919 2.540847 -28.38426 38.11919 -11.83917 2.740223 39.51921 -11.83917 2.740223 39.51921 -11.83917 2.740223 39.51921 -11.83917 2.740223 39.51921 2.708517 33.79401 35.535 2.708517 33.79401 35.535 2.708517 33.79401 35.535 2.708517 33.79401 35.535 6.659106 -8.414639 40.74088 6.659106 -8.414639 40.74088 6.659106 -8.414639 40.74088 -1.715808 11.37606 38.77393 -1.715808 11.37606 38.77393 -1.715808 11.37606 38.77393 -12.15899 -29.40995 42.54761 -12.15899 -29.40995 42.54761 16.3804 -29.02589 40.97827 16.73526 33.0284 40.96348 16.73526 33.0284 40.96348 -12.24719 32.57661 38.68854 2.721448 2.503422 35.18079 2.721448 2.503422 35.18079 2.721448 2.503422 35.18079 2.721448 2.503422 35.18079 2.721448 2.503422 35.18079 2.721448 2.503422 35.18079 2.721448 2.503422 35.18079 2.721448 2.503422 35.18079 15.10646 -0.01568233 40.28439 15.10646 -0.01568233 40.28439 15.10646 -0.01568233 40.28439 15.10646 -0.01568233 40.28439 2.540847 -28.38426 38.11919 2.540847 -28.38426 38.11919 2.540847 -28.38426 38.11919 2.540847 -28.38426 38.11919 -11.83917 2.740223 39.51921 -11.83917 2.740223 39.51921 -11.83917 2.740223 39.51921 -11.83917 2.740223 39.51921 2.708517 33.79401 35.535 2.708517 33.79401 35.535 2.708517 33.79401 35.535 2.708517 33.79401 35.535 6.659106 -8.414639 40.74088 6.659106 -8.414639 40.74088 6.659106 -8.414639 40.74088 -1.715808 11.37606 38.77393 -1.715808 11.37606 38.77393 -1.715808 11.37606 38.77393 1.962028 79.00717 103.6017 1.962028 79.00717 103.6017 4.256767 42.52029 24.95971 4.256767 42.52029 24.95971 4.194111 43.39474 39.44628 4.27652 93.04091 46.42859 28.90602 13.10422 15.02012 28.90602 13.10422 15.02012 156.5261 -10.19277 15.65881 156.5261 -10.19277 15.65881 28.59881 10.24799 15.51649 121.482 12.83702 15.73678 28.90602 13.10422 15.02012 28.90602 13.10422 15.02012 156.5261 -10.19277 15.65881 156.5261 -10.19277 15.65881 28.59881 10.24799 15.51649 121.482 12.83702 15.73678 28.83283 15.73859 15.02031 28.83283 15.73859 15.02031 123.0857 12.70725 15.63662 123.0857 12.70725 15.63662 29.35943 12.91382 15.51454 119.271 37.70714 15.59666 28.83283 15.73859 15.02031 28.83283 15.73859 15.02031 123.0857 12.70725 15.63662 123.0857 12.70725 15.63662 29.35943 12.91382 15.51454 119.271 37.70714 15.59666 29.05082 18.14949 15.01974 29.05082 18.14949 15.01974 116.6227 35.82433 15.5468 116.6227 35.82433 15.5468 30.27621 15.54978 15.51219 111.8313 61.76293 15.80163 29.05082 18.14949 15.01974 29.05082 18.14949 15.01974 116.6227 35.82433 15.5468 116.6227 35.82433 15.5468 30.27621 15.54978 15.51219 111.8313 61.76293 15.80163 28.24063 20.36067 15.02183 28.24063 20.36067 15.02183 109.5818 54.59271 15.71133 109.5818 54.59271 15.71133 30.03874 18.11795 15.5128 83.85082 90.43655 15.87333 28.24063 20.36067 15.02183 28.24063 20.36067 15.02183 109.5818 54.59271 15.71133 109.5818 54.59271 15.71133 30.03874 18.11795 15.5128 83.85082 90.43655 15.87333 3.560112 -30.82169 37.27107 3.560112 -30.82169 37.27107 3.200035 -83.8696 44.80306 3.200035 -83.8696 44.80306 2.139263 -100.4825 59.46204 6.727337 -76.82958 33.35308 154.1454 -14.07948 15.84725 154.1454 -14.07948 15.84725 154.1454 -14.07948 15.84725 154.1454 -14.07948 15.84725 154.1454 -14.07948 15.84725 154.1454 -14.07948 15.84725 84.23381 91.05392 15.84724 84.23381 91.05392 15.84724 84.23381 91.05392 15.84724 84.23381 91.05392 15.84724 84.23381 91.05392 15.84724 84.23381 91.05392 15.84724 84.22892 91.0491 14.94696 84.22892 91.0491 14.94696 84.22892 91.0491 14.94696 84.22892 91.0491 14.94696 84.22892 91.0491 14.94696 84.22892 91.0491 14.94696 82.98586 92.32296 15.78049 82.98586 92.32296 15.78049 82.98586 92.32296 15.78049 82.98586 92.32296 15.78049 82.98586 92.32296 15.78049 82.98586 92.32296 15.78049 82.98586 92.32296 15.78049 82.95034 92.35078 15.01895 82.95034 92.35078 15.01895 82.95034 92.35078 15.01895 82.95034 92.35078 15.01895 82.95034 92.35078 15.01895 25.7758 15.50974 13.55461 25.7758 15.50974 13.55461 25.7758 15.50974 13.55461 25.7758 15.50974 13.55461 25.79856 15.52112 16.88775 25.79856 15.52112 16.88775 25.79856 15.52112 16.88775 25.79856 15.52112 16.88775 22.85424 21.41628 16.64064 22.85424 21.41628 16.64064 22.85424 21.41628 16.64064 22.85424 21.41628 16.64064 22.85424 21.41628 16.64064 22.76101 21.55492 13.82116 22.76101 21.55492 13.82116 22.76101 21.55492 13.82116 22.76101 21.55492 13.82116 22.76101 21.55492 13.82116 5.396309 32.55724 20.38286 5.396309 32.55724 20.38286 5.396309 32.55724 20.38286 5.396309 32.55724 20.38286 5.396309 32.55724 20.38286 1.44014 32.39158 20.31148 1.44014 32.39158 20.31148 1.44014 32.39158 20.31148 1.44014 32.39158 20.31148 1.44014 32.39158 20.31148 1.093407 25.80204 20.30536 1.093407 25.80204 20.30536 1.093407 25.80204 20.30536 1.093407 25.80204 20.30536 5.770325 25.80202 20.38974 5.770325 25.80202 20.38974 5.770325 25.80202 20.38974 5.770325 25.80202 20.38974 1.493652 79.39175 107.2153 1.493652 79.39175 107.2153 1.493652 79.39175 107.2153 0.4250794 79.34341 107.2092 0.4250794 79.34341 107.2092 0.4250794 79.34341 107.2092 0.4250794 79.34341 107.2092 0.4250794 79.34341 107.2092 1.594673 77.63963 107.7244 1.594673 77.63963 107.7244 1.594673 77.63963 107.7244 1.594673 77.63963 107.7244 1.594673 77.63963 107.7244 1.594673 77.63963 107.7244 0.3314285 77.63328 107.7025 0.3314285 77.63328 107.7025 0.3314285 77.63328 107.7025 0.3314285 77.63328 107.7025 154.1386 -14.07842 14.94697 154.1386 -14.07842 14.94697 154.1386 -14.07842 14.94697 154.1386 -14.07842 14.94697 154.1386 -14.07842 14.94697 154.1386 -14.07842 14.94697 154.418 -12.32063 15.78051 154.418 -12.32063 15.78051 154.418 -12.32063 15.78051 154.418 -12.32063 15.78051 154.418 -12.32063 15.78051 154.418 -12.32063 15.78051 154.418 -12.32063 15.78051 154.4191 -12.27554 15.01896 154.4191 -12.27554 15.01896 154.4191 -12.27554 15.01896 154.4191 -12.27554 15.01896 154.4191 -12.27554 15.01896 22.32474 3.161592 13.55461 22.32474 3.161592 13.55461 22.32474 3.161592 13.55461 22.32474 3.161592 13.55461 22.34498 3.146181 16.88775 22.34498 3.146181 16.88775 22.34498 3.146181 16.88775 22.34498 3.146181 16.88775 26.33829 8.387881 16.64064 26.33829 8.387881 16.64064 26.33829 8.387881 16.64064 26.33829 8.387881 16.64064 26.33829 8.387881 16.64064 26.42162 8.532687 13.82117 26.42162 8.532687 13.82117 26.42162 8.532687 13.82117 26.42162 8.532687 13.82117 26.42162 8.532687 13.82117 3.810818 -74.39703 24.06714 3.810818 -74.39703 24.06714 3.810818 -74.39703 24.06714 3.810818 -74.39703 24.06714 1.812847 -74.4453 23.98987 1.812847 -74.4453 23.98987 1.812847 -74.4453 23.98987 1.812847 -74.4453 23.98987 1.812847 -74.4453 23.98987 1.812847 -74.4453 23.98987 1.637737 -77.17968 22.09303 1.637737 -77.17968 22.09303 1.637737 -77.17968 22.09303 1.637737 -77.17968 22.09303 3.999702 -77.20395 22.12806 3.999702 -77.20395 22.12806 3.999702 -77.20395 22.12806 3.999702 -77.20395 22.12806 1.839874 -103.3293 63.80886 1.839874 -103.3293 63.80886 1.839874 -103.3293 63.80886 1.839874 -103.3293 63.80886 1.300217 -103.3424 63.78797 1.300217 -103.3424 63.78797 1.300217 -103.3424 63.78797 1.300217 -103.3424 63.78797 1.890892 -104.0875 63.28512 1.890892 -104.0875 63.28512 1.890892 -104.0875 63.28512 1.890892 -104.0875 63.28512 1.890892 -104.0875 63.28512 1.890892 -104.0875 63.28512 1.252918 -104.0809 63.27564 1.252918 -104.0809 63.27564 1.252918 -104.0809 63.27564 1.252918 -104.0809 63.27564 12.38059 -21.03374 21.09693 12.38059 -21.03374 21.09693 12.38059 -21.03374 21.09693 12.38059 -21.03374 21.09693 12.38059 -21.03374 21.09693 11.46635 -21.05583 21.06157 11.46635 -21.05583 21.06157 11.46635 -21.05583 21.06157 11.46635 -21.05583 21.06157 11.46635 -21.05583 21.06157 11.38622 -22.30705 20.1936 11.38622 -22.30705 20.1936 11.38622 -22.30705 20.1936 12.46703 -22.31815 20.20963 12.46703 -22.31815 20.20963 12.46703 -22.31815 20.20963 12.46703 -22.31815 20.20963 12.46703 -22.31815 20.20963 13.93996 -25.3947 37.47607 13.93996 -25.3947 37.47607 13.93996 -25.3947 37.47607 13.69302 -25.40066 37.46653 13.69302 -25.40066 37.46653 13.69302 -25.40066 37.46653 13.69302 -25.40066 37.46653 13.69302 -25.40066 37.46653 13.9633 -25.74163 37.23643 13.9633 -25.74163 37.23643 13.9633 -25.74163 37.23643 13.9633 -25.74163 37.23643 13.9633 -25.74163 37.23643 13.67138 -25.73863 37.23209 13.67138 -25.73863 37.23209 13.67138 -25.73863 37.23209 13.67138 -25.73863 37.23209 13.67138 -25.73863 37.23209 -8.183583 -21.03374 21.65612 -8.183583 -21.03374 21.65612 -8.183583 -21.03374 21.65612 -8.183583 -21.03374 21.65612 -9.097828 -21.05583 21.62077 -9.097828 -21.05583 21.62077 -9.097828 -21.05583 21.62077 -9.097828 -21.05583 21.62077 -9.097828 -21.05583 21.62077 -9.097828 -21.05583 21.62077 -9.177956 -22.30705 20.7528 -9.177956 -22.30705 20.7528 -9.177956 -22.30705 20.7528 -9.177956 -22.30705 20.7528 -8.097149 -22.31815 20.76883 -8.097149 -22.31815 20.76883 -8.097149 -22.31815 20.76883 -8.097149 -22.31815 20.76883 -11.1529 -25.3947 37.05077 -11.1529 -25.3947 37.05077 -11.1529 -25.3947 37.05077 -11.1529 -25.3947 37.05077 -11.39984 -25.40067 37.04123 -11.39984 -25.40067 37.04123 -11.39984 -25.40067 37.04123 -11.39984 -25.40067 37.04123 -11.12956 -25.74163 36.81112 -11.12956 -25.74163 36.81112 -11.12956 -25.74163 36.81112 -11.12956 -25.74163 36.81112 -11.12956 -25.74163 36.81112 -11.12956 -25.74163 36.81112 -11.42149 -25.73863 36.80678 -11.42149 -25.73863 36.80678 -11.42149 -25.73863 36.80678 -11.42149 -25.73863 36.80678 12.38059 25.576 23.64912 12.38059 25.576 23.64912 12.38059 25.576 23.64912 12.38059 25.576 23.64912 12.38059 25.576 23.64912 11.46635 25.54114 23.62626 11.46635 25.54114 23.62626 11.46635 25.54114 23.62626 11.46635 25.54114 23.62626 11.46635 25.54114 23.62626 11.38622 24.04151 23.36161 11.38622 24.04151 23.36161 11.38622 24.04151 23.36161 12.46703 24.03814 23.38081 12.46703 24.03814 23.38081 12.46703 24.03814 23.38081 12.46703 24.03814 23.38081 12.46703 24.03814 23.38081 13.93996 31.47801 39.69029 13.93996 31.47801 39.69029 13.93996 31.47801 39.69029 13.69302 31.46859 39.6841 13.69302 31.46859 39.6841 13.69302 31.46859 39.6841 13.69302 31.46859 39.6841 13.69302 31.46859 39.6841 13.9633 31.06263 39.61782 13.9633 31.06263 39.61782 13.9633 31.06263 39.61782 13.9633 31.06263 39.61782 13.9633 31.06263 39.61782 13.67138 31.06353 39.61263 13.67138 31.06353 39.61263 13.67138 31.06353 39.61263 13.67138 31.06353 39.61263 13.67138 31.06353 39.61263 -8.183583 25.398 24.24736 -8.183583 25.398 24.24736 -8.183583 25.398 24.24736 -8.183583 25.398 24.24736 -9.097828 25.36315 24.2245 -9.097828 25.36315 24.2245 -9.097828 25.36315 24.2245 -9.097828 25.36315 24.2245 -9.097828 25.36315 24.2245 -9.097828 25.36315 24.2245 -9.177956 23.86351 23.95984 -9.177956 23.86351 23.95984 -9.177956 23.86351 23.95984 -9.177956 23.86351 23.95984 -8.097149 23.86014 23.97905 -8.097149 23.86014 23.97905 -8.097149 23.86014 23.97905 -8.097149 23.86014 23.97905 -11.1529 31.30001 39.30402 -11.1529 31.30001 39.30402 -11.1529 31.30001 39.30402 -11.1529 31.30001 39.30402 -11.39984 31.2906 39.29785 -11.39984 31.2906 39.29785 -11.39984 31.2906 39.29785 -11.39984 31.2906 39.29785 -11.12956 30.88464 39.23155 -11.12956 30.88464 39.23155 -11.12956 30.88464 39.23155 -11.12956 30.88464 39.23155 -11.12956 30.88464 39.23155 -11.12956 30.88464 39.23155 -11.42149 30.88555 39.22637 -11.42149 30.88555 39.22637 -11.42149 30.88555 39.22637 -11.42149 30.88555 39.22637 23.77801 30.31423 11.53267 23.77801 30.31423 11.53267 23.77801 30.31423 11.53267 23.77801 30.31423 11.53267 23.77801 30.31423 11.53267 23.77801 30.31423 11.53267 23.12739 28.9238 17.47709 23.12739 28.9238 17.47709 23.12739 28.9238 17.47709 23.12739 28.9238 17.47709 23.12739 28.9238 17.47709 17.44358 30.25414 18.40253 17.44358 30.25414 18.40253 17.44358 30.25414 18.40253 17.44358 30.25414 18.40253 17.44358 30.25414 18.40253 17.44358 30.25414 18.40253 17.94644 28.85886 12.39324 17.94644 28.85886 12.39324 17.94644 28.85886 12.39324 17.94644 28.85886 12.39324 17.94644 28.85886 12.39324 15.87871 13.75988 20.37594 15.87871 13.75988 20.37594 15.87871 13.75988 20.37594 15.87871 13.75988 20.37594 15.87871 13.75988 20.37594 15.87871 13.75988 20.37594 15.87871 13.75988 20.37594 15.87871 13.75988 20.37594 25.77392 13.85376 9.644286 25.77392 13.85376 9.644286 25.77392 13.85376 9.644286 25.77392 13.85376 9.644286 25.77392 13.85376 9.644286 25.77392 13.85376 9.644286 25.77392 13.85376 9.644286 25.77392 13.85376 9.644286 25.77317 13.87473 20.41101 25.77317 13.87473 20.41101 25.77317 13.87473 20.41101 25.77317 13.87473 20.41101 15.61119 13.73528 9.496024 15.61119 13.73528 9.496024 15.61119 13.73528 9.496024 15.61119 13.73528 9.496024 17.95041 -7.193199 18.39657 17.95041 -7.193199 18.39657 17.95041 -7.193199 18.39657 17.95041 -7.193199 18.39657 17.95041 -7.193199 18.39657 23.48885 -5.750092 12.6209 23.48885 -5.750092 12.6209 23.48885 -5.750092 12.6209 23.48885 -5.750092 12.6209 23.48851 -5.741386 17.4706 23.48851 -5.741386 17.4706 23.48851 -5.741386 17.4706 23.48851 -5.741386 17.4706 18.45721 -5.80442 12.54748 18.45721 -5.80442 12.54748 18.45721 -5.80442 12.54748 18.45721 -5.80442 12.54748 18.45721 -5.80442 12.54748 92.35489 102.5468 15.52039 92.35489 102.5468 15.52039 92.35489 102.5468 15.52039 92.35489 102.5468 15.52039 93.0222 102.0484 15.13034 93.0222 102.0484 15.13034 93.0222 102.0484 15.13034 93.0222 102.0484 15.13034 93.0222 102.0484 15.13034 93.0222 102.0484 15.13034 93.0241 102.051 15.55163 93.0241 102.051 15.55163 93.0241 102.051 15.55163 93.0241 102.051 15.55163 92.33644 102.5571 15.16403 92.33644 102.5571 15.16403 92.33644 102.5571 15.16403 92.33644 102.5571 15.16403 165.2129 -14.37666 15.14896 165.2129 -14.37666 15.14896 165.2129 -14.37666 15.14896 165.2129 -14.37666 15.14896 165.2123 -14.40125 15.56416 165.2123 -14.40125 15.56416 165.2123 -14.40125 15.56416 165.2123 -14.40125 15.56416 165.06 -15.35963 15.1097 165.06 -15.35963 15.1097 165.06 -15.35963 15.1097 165.06 -15.35963 15.1097 165.06 -15.35963 15.1097 165.06 -15.35963 15.1097 165.0637 -15.36019 15.60055 165.0637 -15.36019 15.60055 165.0637 -15.36019 15.60055 165.0637 -15.36019 15.60055 29.31431 13.10424 14.95445 156.9344 -10.19277 15.04785 121.8902 12.83702 15.05926 29.31431 13.10424 14.95445 156.9344 -10.19277 15.04785 121.8902 12.83702 15.05926 29.24112 15.73859 14.95447 29.24112 15.73859 14.95447 123.494 12.70725 15.04461 123.494 12.70725 15.04461 29.76772 12.91382 15.02676 119.5118 37.70714 15.1917 29.24112 15.73859 14.95447 29.24112 15.73859 14.95447 123.494 12.70725 15.04461 123.494 12.70725 15.04461 29.76772 12.91382 15.02676 119.5118 37.70714 15.1917 29.45911 18.14949 14.9544 29.45911 18.14949 14.9544 116.8635 35.82433 15.18441 116.8635 35.82433 15.18441 30.6845 15.54978 15.02641 112.2396 61.76293 15.06873 29.45911 18.14949 14.9544 29.45911 18.14949 14.9544 116.8635 35.82433 15.18441 116.8635 35.82433 15.18441 30.6845 15.54978 15.02641 112.2396 61.76293 15.06873 28.64892 20.36067 14.95469 28.64892 20.36067 14.95469 109.9901 54.59272 15.05554 109.9901 54.59272 15.05554 30.44702 18.11795 15.02649 84.25911 90.43655 15.07922 28.64892 20.36067 14.95469 28.64892 20.36067 14.95469 109.9901 54.59272 15.05554 109.9901 54.59272 15.05554 30.44702 18.11795 15.02649 84.25911 90.43655 15.07922 18.07101 28.86951 17.45916 18.07101 28.86951 17.45916 18.07101 28.86951 17.45916 18.07101 28.86951 17.45916 23.77753 30.32764 18.42499 23.77753 30.32764 18.42499 23.77753 30.32764 18.42499 23.77753 30.32764 18.42499 23.77753 30.32764 18.42499 23.77753 30.32764 18.42499 23.12774 28.91481 12.46883 23.12774 28.91481 12.46883 23.12774 28.91481 12.46883 23.12774 28.91481 12.46883 17.27233 30.23838 11.43776 17.27233 30.23838 11.43776 17.27233 30.23838 11.43776 17.27233 30.23838 11.43776 17.27233 30.23838 11.43776 17.27233 30.23838 11.43776 18.57784 -5.794128 17.4532 18.57784 -5.794128 17.4532 18.57784 -5.794128 17.4532 18.57784 -5.794128 17.4532 18.57784 -5.794128 17.4532 24.13866 -7.121376 18.41851 24.13866 -7.121376 18.41851 24.13866 -7.121376 18.41851 24.13866 -7.121376 18.41851 24.13866 -7.121376 18.41851 24.13866 -7.121376 18.41851 24.13866 -7.121376 18.41851 24.13912 -7.134492 11.68473 24.13912 -7.134492 11.68473 24.13912 -7.134492 11.68473 24.13912 -7.134492 11.68473 24.13912 -7.134492 11.68473 24.13912 -7.134492 11.68473 17.7831 -7.208596 11.592 17.7831 -7.208596 11.592 17.7831 -7.208596 11.592 17.7831 -7.208596 11.592 17.7831 -7.208596 11.592 17.7831 -7.208596 11.592 1.636734 78.7175 103.8316 1.636734 78.7175 103.8316 3.931465 42.1833 25.19627 3.931465 42.1833 25.19627 3.868805 43.05775 39.68284 3.951214 92.70393 46.66514 3.219868 -30.82169 37.44118 3.219868 -30.82169 37.44118 2.859795 -83.86959 44.97318 2.859795 -83.86959 44.97318 1.799023 -100.4825 59.63216 6.387093 -76.8296 33.5232 -81.45455 90.28071 15.07922 -27.64245 17.96208 15.0265 -107.1855 54.43684 15.05554 -107.1855 54.43684 15.05554 -25.84435 20.20478 14.95469 -25.84435 20.20478 14.95469 -81.45455 90.28071 15.07922 -27.64245 17.96208 15.0265 -107.1855 54.43684 15.05554 -107.1855 54.43684 15.05554 -25.84435 20.20478 14.95469 -25.84435 20.20478 14.95469 -109.4351 61.60705 15.06873 -27.87993 15.39391 15.02641 -113.3004 31.3687 15.23073 -113.3004 31.3687 15.23073 -26.65454 17.99361 14.9544 -26.65454 17.99361 14.9544 -109.4351 61.60705 15.06873 -27.87993 15.39391 15.02641 -113.3004 31.3687 15.23073 -113.3004 31.3687 15.23073 -26.65454 17.99361 14.9544 -26.65454 17.99361 14.9544 -115.3212 32.80538 15.23629 -26.96314 12.75794 15.02676 -131.7914 7.70511 15.16695 -131.7914 7.70511 15.16695 -26.43654 15.58271 14.95448 -26.43654 15.58271 14.95448 -115.3212 32.80538 15.23629 -26.96314 12.75794 15.02676 -131.7914 7.70511 15.16695 -131.7914 7.70511 15.16695 -26.43654 15.58271 14.95448 -26.43654 15.58271 14.95448 -130.7919 7.785982 15.17608 -151.8984 -13.13191 15.26331 -26.50973 12.94834 14.95445 -130.7919 7.785982 15.17608 -151.8984 -13.13191 15.26331 -26.50973 12.94834 14.95445 -161.9091 -17.26925 15.60055 -161.9091 -17.26925 15.60055 -161.9091 -17.26925 15.60055 -161.9091 -17.26925 15.60055 -161.9054 -17.26868 15.1097 -161.9054 -17.26868 15.1097 -161.9054 -17.26868 15.1097 -161.9054 -17.26868 15.1097 -161.9054 -17.26868 15.1097 -161.9054 -17.26868 15.1097 -162.058 -16.31034 15.56416 -162.058 -16.31034 15.56416 -162.058 -16.31034 15.56416 -162.058 -16.31034 15.56416 -162.0586 -16.28574 15.14896 -162.0586 -16.28574 15.14896 -162.0586 -16.28574 15.14896 -162.0586 -16.28574 15.14896 -89.53188 102.4012 15.16403 -89.53188 102.4012 15.16403 -89.53188 102.4012 15.16403 -89.53188 102.4012 15.16403 -90.21953 101.8951 15.55162 -90.21953 101.8951 15.55162 -90.21953 101.8951 15.55162 -90.21953 101.8951 15.55162 -90.21764 101.8925 15.13034 -90.21764 101.8925 15.13034 -90.21764 101.8925 15.13034 -90.21764 101.8925 15.13034 -90.21764 101.8925 15.13034 -90.21764 101.8925 15.13034 -89.55031 102.3909 15.52039 -89.55031 102.3909 15.52039 -89.55031 102.3909 15.52039 -89.55031 102.3909 15.52039 -15.65264 -5.960289 12.54748 -15.65264 -5.960289 12.54748 -15.65264 -5.960289 12.54748 -15.65264 -5.960289 12.54748 -15.65264 -5.960289 12.54748 -20.68395 -5.89727 17.47061 -20.68395 -5.89727 17.47061 -20.68395 -5.89727 17.47061 -20.68395 -5.89727 17.47061 -20.68428 -5.905975 12.6209 -20.68428 -5.905975 12.6209 -20.68428 -5.905975 12.6209 -20.68428 -5.905975 12.6209 -15.14584 -7.349083 18.39657 -15.14584 -7.349083 18.39657 -15.14584 -7.349083 18.39657 -15.14584 -7.349083 18.39657 -15.14584 -7.349083 18.39657 -12.80662 13.57939 9.496024 -12.80662 13.57939 9.496024 -12.80662 13.57939 9.496024 -12.80662 13.57939 9.496024 -22.96861 13.71885 20.41102 -22.96861 13.71885 20.41102 -22.96861 13.71885 20.41102 -22.96861 13.71885 20.41102 -22.96935 13.69788 9.644286 -22.96935 13.69788 9.644286 -22.96935 13.69788 9.644286 -22.96935 13.69788 9.644286 -22.96935 13.69788 9.644286 -22.96935 13.69788 9.644286 -22.96935 13.69788 9.644286 -22.96935 13.69788 9.644286 -13.07414 13.60401 20.37594 -13.07414 13.60401 20.37594 -13.07414 13.60401 20.37594 -13.07414 13.60401 20.37594 -13.07414 13.60401 20.37594 -13.07414 13.60401 20.37594 -13.07414 13.60401 20.37594 -13.07414 13.60401 20.37594 -15.14186 28.70299 12.39324 -15.14186 28.70299 12.39324 -15.14186 28.70299 12.39324 -15.14186 28.70299 12.39324 -15.14186 28.70299 12.39324 -14.63901 30.09826 18.40254 -14.63901 30.09826 18.40254 -14.63901 30.09826 18.40254 -14.63901 30.09826 18.40254 -14.63901 30.09826 18.40254 -14.63901 30.09826 18.40254 -20.32281 28.76792 17.47709 -20.32281 28.76792 17.47709 -20.32281 28.76792 17.47709 -20.32281 28.76792 17.47709 -20.32281 28.76792 17.47709 -20.97344 30.15836 11.53267 -20.97344 30.15836 11.53267 -20.97344 30.15836 11.53267 -20.97344 30.15836 11.53267 -20.97344 30.15836 11.53267 -20.97344 30.15836 11.53267 -23.27341 6.661012 13.82117 -23.27341 6.661012 13.82117 -23.27341 6.661012 13.82117 -23.27341 6.661012 13.82117 -23.19005 6.516268 16.64064 -23.19005 6.516268 16.64064 -23.19005 6.516268 16.64064 -19.19532 1.275621 16.88775 -19.19532 1.275621 16.88775 -19.19532 1.275621 16.88775 -19.1751 1.291032 13.55461 -19.1751 1.291032 13.55461 -151.2653 -14.18167 15.01896 -151.2653 -14.18167 15.01896 -151.2653 -14.18167 15.01896 -151.2653 -14.18167 15.01896 -151.2653 -14.18167 15.01896 -151.2642 -14.22682 15.78051 -151.2642 -14.22682 15.78051 -151.2642 -14.22682 15.78051 -151.2642 -14.22682 15.78051 -151.2642 -14.22682 15.78051 -151.2642 -14.22682 15.78051 -151.2642 -14.22682 15.78051 -150.9843 -15.98454 14.94698 -150.9843 -15.98454 14.94698 -150.9843 -15.98454 14.94698 -150.9843 -15.98454 14.94698 -150.9843 -15.98454 14.94698 -150.9843 -15.98454 14.94698 -19.95643 21.39902 13.82116 -19.95643 21.39902 13.82116 -19.95643 21.39902 13.82116 -19.95643 21.39902 13.82116 -19.95643 21.39902 13.82116 -20.04967 21.26039 16.64064 -20.04967 21.26039 16.64064 -20.04967 21.26039 16.64064 -20.04967 21.26039 16.64064 -20.04967 21.26039 16.64064 -22.99399 15.36524 16.88775 -22.99399 15.36524 16.88775 -22.99399 15.36524 16.88775 -22.99399 15.36524 16.88775 -22.97123 15.35385 13.55461 -22.97123 15.35385 13.55461 -22.97123 15.35385 13.55461 -22.97123 15.35385 13.55461 -80.14577 92.1949 15.01895 -80.14577 92.1949 15.01895 -80.14577 92.1949 15.01895 -80.14577 92.1949 15.01895 -80.14577 92.1949 15.01895 -80.18129 92.16706 15.78049 -80.18129 92.16706 15.78049 -80.18129 92.16706 15.78049 -80.18129 92.16706 15.78049 -80.18129 92.16706 15.78049 -80.18129 92.16706 15.78049 -80.18129 92.16706 15.78049 -81.42435 90.89321 14.94696 -81.42435 90.89321 14.94696 -81.42435 90.89321 14.94696 -81.42435 90.89321 14.94696 -81.42435 90.89321 14.94696 -81.42435 90.89321 14.94696 -81.42923 90.89807 15.84724 -81.42923 90.89807 15.84724 -81.42923 90.89807 15.84724 -81.42923 90.89807 15.84724 -81.42923 90.89807 15.84724 -81.42923 90.89807 15.84724 -150.9911 -15.98558 15.84725 -150.9911 -15.98558 15.84725 -150.9911 -15.98558 15.84725 -150.9911 -15.98558 15.84725 -150.9911 -15.98558 15.84725 -150.9911 -15.98558 15.84725 -81.04625 90.28067 15.87333 -27.23417 17.96207 15.5128 -106.7772 54.43682 15.71133 -106.7772 54.43682 15.71133 -25.43605 20.20478 15.02183 -25.43605 20.20478 15.02183 -81.04625 90.28067 15.87333 -27.23417 17.96207 15.5128 -106.7772 54.43682 15.71133 -106.7772 54.43682 15.71133 -25.43605 20.20478 15.02183 -25.43605 20.20478 15.02183 -109.0268 61.60705 15.80163 -27.47164 15.39389 15.51219 -113.1167 31.3687 15.50725 -113.1167 31.3687 15.50725 -26.24624 17.99361 15.01974 -26.24624 17.99361 15.01974 -109.0268 61.60705 15.80163 -27.47164 15.39389 15.51219 -113.1167 31.3687 15.50725 -113.1167 31.3687 15.50725 -26.24624 17.99361 15.01974 -26.24624 17.99361 15.01974 -115.1375 32.80538 15.5453 -26.55486 12.75794 15.51454 -131.5369 7.70511 15.53591 -131.5369 7.70511 15.53591 -26.02826 15.58271 15.02031 -26.02826 15.58271 15.02031 -115.1375 32.80538 15.5453 -26.55486 12.75794 15.51454 -131.5369 7.70511 15.53591 -131.5369 7.70511 15.53591 -26.02826 15.58271 15.02031 -26.02826 15.58271 15.02031 -130.5374 7.785982 15.59833 -25.79424 10.0921 15.51649 -151.7781 -13.13191 15.44336 -151.7781 -13.13191 15.44336 -26.10144 12.94834 15.02012 -26.10144 12.94834 15.02012 -130.5374 7.785982 15.59833 -25.79424 10.0921 15.51649 -151.7781 -13.13191 15.44336 -151.7781 -13.13191 15.44336 -26.10144 12.94834 15.02012 -26.10144 12.94834 15.02012 -15.26644 28.71363 17.45917 -15.26644 28.71363 17.45917 -15.26644 28.71363 17.45917 -15.26644 28.71363 17.45917 -20.97296 30.17176 18.42499 -20.97296 30.17176 18.42499 -20.97296 30.17176 18.42499 -20.97296 30.17176 18.42499 -20.97296 30.17176 18.42499 -20.97296 30.17176 18.42499 -20.32316 28.75893 12.46883 -20.32316 28.75893 12.46883 -20.32316 28.75893 12.46883 -20.32316 28.75893 12.46883 -14.46775 30.08249 11.43776 -14.46775 30.08249 11.43776 -14.46775 30.08249 11.43776 -14.46775 30.08249 11.43776 -14.46775 30.08249 11.43776 -14.46775 30.08249 11.43776 -15.77326 -5.950012 17.4532 -15.77326 -5.950012 17.4532 -15.77326 -5.950012 17.4532 -15.77326 -5.950012 17.4532 -15.77326 -5.950012 17.4532 -21.33408 -7.27726 18.41851 -21.33408 -7.27726 18.41851 -21.33408 -7.27726 18.41851 -21.33408 -7.27726 18.41851 -21.33408 -7.27726 18.41851 -21.33408 -7.27726 18.41851 -21.33408 -7.27726 18.41851 -21.33456 -7.290368 11.68473 -21.33456 -7.290368 11.68473 -21.33456 -7.290368 11.68473 -21.33456 -7.290368 11.68473 -21.33456 -7.290368 11.68473 -21.33456 -7.290368 11.68473 -14.97853 -7.36448 11.592 -14.97853 -7.36448 11.592 -14.97853 -7.36448 11.592 -14.97853 -7.36448 11.592 -14.97853 -7.36448 11.592 -14.97853 -7.36448 11.592 3.374725 68.38276 -24.00901 3.374725 68.38276 -24.00901 3.050522 42.70215 -3.667285 3.050522 42.70215 -3.667285 2.095421 28.7128 -1.647885 2.206387 59.89406 -3.107775 3.588325 58.7261 -0.9037717 3.588325 58.7261 -0.9037717 3.588325 58.7261 -0.9037717 3.588325 58.7261 -0.9037717 2.115822 58.76569 -0.849542 2.115822 58.76569 -0.849542 2.115822 58.76569 -0.849542 2.115822 58.76569 -0.849542 2.115822 58.76569 -0.849542 2.115822 58.76569 -0.849542 1.986767 60.87665 0.399222 1.986767 60.87665 0.399222 1.986767 60.87665 0.399222 1.986767 60.87665 0.399222 3.727535 60.89262 0.3721833 3.727535 60.89262 0.3721833 3.727535 60.89262 0.3721833 3.727535 60.89262 0.3721833 2.135742 69.54873 -25.04274 2.135742 69.54873 -25.04274 2.135742 69.54873 -25.04274 2.135742 69.54873 -25.04274 1.73801 69.55941 -25.02809 1.73801 69.55941 -25.02809 1.73801 69.55941 -25.02809 1.73801 69.55941 -25.02809 2.17334 70.13394 -24.69813 2.17334 70.13394 -24.69813 2.17334 70.13394 -24.69813 2.17334 70.13394 -24.69813 2.17334 70.13394 -24.69813 2.17334 70.13394 -24.69813 1.703155 70.1296 -24.69081 1.703155 70.1296 -24.69081 1.703155 70.1296 -24.69081 1.703155 70.1296 -24.69081 3.068382 68.27569 -23.89946 3.068382 68.27569 -23.89946 2.744175 42.59508 -3.557743 2.744175 42.59508 -3.557743 1.789074 28.60576 -1.53832 1.900036 59.78699 -2.998262 3.70077 115.7587 9.549569 3.70077 115.7587 9.549569 3.70077 115.7587 9.549569 3.70077 115.7587 9.549569 3.70077 115.7587 9.549569 3.70077 115.7587 9.549569 2.386214 107.6105 10.616 2.386214 107.6105 10.616 2.386214 107.6105 10.616 2.386214 107.6105 10.616 2.386214 107.6105 10.616 1.058395 115.4067 9.67043 1.058395 115.4067 9.67043 1.058395 115.4067 9.67043 1.058395 115.4067 9.67043 1.058395 115.4067 9.67043 1.058395 115.4067 9.67043 2.356142 107.2298 8.561527 2.356142 107.2298 8.561527 2.356142 107.2298 8.561527 2.356142 107.2298 8.561527 2.356142 107.2298 8.561527 0.3506074 18.74491 9.755879 0.3506074 18.74491 9.755879 0.3506074 18.74491 9.755879 0.3506074 18.74491 9.755879 0.3506074 18.74491 9.755879 0.3506074 18.74491 9.755879 0.3506074 18.74491 9.755879 0.3506074 18.74491 9.755879 4.478353 19.29496 9.567081 4.478353 19.29496 9.567081 4.478353 19.29496 9.567081 4.478353 19.29496 9.567081 4.478353 19.29496 9.567081 4.478353 19.29496 9.567081 4.478353 19.29496 9.567081 4.478353 19.29496 9.567081 2.334324 19.41782 11.73312 2.334324 19.41782 11.73312 2.334324 19.41782 11.73312 2.334324 19.41782 11.73312 2.463199 18.60054 7.513642 2.463199 18.60054 7.513642 2.463199 18.60054 7.513642 2.463199 18.60054 7.513642 1.161553 -104.0472 9.770176 1.161553 -104.0472 9.770176 1.161553 -104.0472 9.770176 1.161553 -104.0472 9.770176 1.161553 -104.0472 9.770176 3.425908 -95.59004 9.710964 3.425908 -95.59004 9.710964 3.425908 -95.59004 9.710964 3.425908 -95.59004 9.710964 2.46016 -95.53923 10.68663 2.46016 -95.53923 10.68663 2.46016 -95.53923 10.68663 2.46016 -95.53923 10.68663 2.428193 -95.90863 8.694291 2.428193 -95.90863 8.694291 2.428193 -95.90863 8.694291 2.428193 -95.90863 8.694291 2.428193 -95.90863 8.694291 1.372474 107.2922 9.605564 1.372474 107.2922 9.605564 1.372474 107.2922 9.605564 1.372474 107.2922 9.605564 2.32827 115.8372 10.93617 2.32827 115.8372 10.93617 2.32827 115.8372 10.93617 2.32827 115.8372 10.93617 2.32827 115.8372 10.93617 2.32827 115.8372 10.93617 3.383532 107.5576 9.608439 3.383532 107.5576 9.608439 3.383532 107.5576 9.608439 3.383532 107.5576 9.608439 2.410772 115.3142 8.235064 2.410772 115.3142 8.235064 2.410772 115.3142 8.235064 2.410772 115.3142 8.235064 2.410772 115.3142 8.235064 2.410772 115.3142 8.235064 1.475635 -95.84827 9.705305 1.475635 -95.84827 9.705305 1.475635 -95.84827 9.705305 1.475635 -95.84827 9.705305 1.475635 -95.84827 9.705305 2.402219 -103.6264 11.0068 2.402219 -103.6264 11.0068 2.402219 -103.6264 11.0068 2.402219 -103.6264 11.0068 2.402219 -103.6264 11.0068 2.402219 -103.6264 11.0068 2.402219 -103.6264 11.0068 3.743148 -103.7031 9.652097 3.743148 -103.7031 9.652097 3.743148 -103.7031 9.652097 3.743148 -103.7031 9.652097 3.743148 -103.7031 9.652097 3.743148 -103.7031 9.652097 2.48282 -104.1374 8.367826 2.48282 -104.1374 8.367826 2.48282 -104.1374 8.367826 2.48282 -104.1374 8.367826 2.48282 -104.1374 8.367826 2.48282 -104.1374 8.367826 -52.45572 -53.47291 2.984412 -52.45572 -53.47291 2.984412 -52.36186 -40.38759 4.176015 -5.209232 -34.52825 1.532223 -5.209232 -34.52825 1.532223 -5.323273 -58.9594 2.328025 -28.35772 -45.94728 6.894125 -28.35772 -45.94728 6.894125 -28.35772 -45.94728 6.894125 -28.35772 -45.94728 6.894125 -28.35772 -45.94728 6.894125 -28.35772 -45.94728 6.894125 -28.35772 -45.94728 6.894125 -28.35772 -45.94728 6.894125 -30.03396 -31.22939 1.932316 -30.03396 -31.22939 1.932316 -30.03396 -31.22939 1.932316 -30.03396 -31.22939 1.932316 -59.58902 -46.78 5.385267 -59.58902 -46.78 5.385267 -59.58902 -46.78 5.385267 -59.58902 -46.78 5.385267 -28.14629 -62.83557 1.801941 -28.14629 -62.83557 1.801941 -28.14629 -62.83557 1.801941 -28.14629 -62.83557 1.801941 -8.172509 -46.47766 6.665472 -8.172509 -46.47766 6.665472 -8.172509 -46.47766 6.665472 -8.172509 -46.47766 6.665472 -35.41768 -41.17717 6.525244 -35.41768 -41.17717 6.525244 -35.41768 -41.17717 6.525244 -22.61653 -50.93304 7.599463 -22.61653 -50.93304 7.599463 -22.61653 -50.93304 7.599463 -52.45572 -53.47291 2.984412 -52.45572 -53.47291 2.984412 -52.36186 -40.38759 4.176015 -5.209232 -34.52825 1.532223 -5.209232 -34.52825 1.532223 -5.323273 -58.9594 2.328025 -28.35772 -45.94728 6.894125 -28.35772 -45.94728 6.894125 -28.35772 -45.94728 6.894125 -28.35772 -45.94728 6.894125 -28.35772 -45.94728 6.894125 -28.35772 -45.94728 6.894125 -28.35772 -45.94728 6.894125 -28.35772 -45.94728 6.894125 -30.03396 -31.22939 1.932316 -30.03396 -31.22939 1.932316 -30.03396 -31.22939 1.932316 -30.03396 -31.22939 1.932316 -59.58902 -46.78 5.385267 -59.58902 -46.78 5.385267 -59.58902 -46.78 5.385267 -59.58902 -46.78 5.385267 -28.14629 -62.83557 1.801941 -28.14629 -62.83557 1.801941 -28.14629 -62.83557 1.801941 -28.14629 -62.83557 1.801941 -8.172509 -46.47766 6.665472 -8.172509 -46.47766 6.665472 -8.172509 -46.47766 6.665472 -8.172509 -46.47766 6.665472 -35.41768 -41.17717 6.525244 -35.41768 -41.17717 6.525244 -35.41768 -41.17717 6.525244 -22.61653 -50.93304 7.599463 -22.61653 -50.93304 7.599463 -22.61653 -50.93304 7.599463 55.7513 -40.85281 3.575116 55.7513 -40.85281 3.575116 55.85544 -53.93804 4.766723 8.470173 -61.15495 1.532219 8.470173 -61.15495 1.532219 8.397358 -36.72319 2.328022 31.52416 -48.75093 6.894126 31.52416 -48.75093 6.894126 31.52416 -48.75093 6.894126 31.52416 -48.75093 6.894126 31.52416 -48.75093 6.894126 31.52416 -48.75093 6.894126 31.52416 -48.75093 6.894126 31.52416 -48.75093 6.894126 33.32265 -63.421 1.93232 33.32265 -63.421 1.93232 33.32265 -63.421 1.93232 33.32265 -63.421 1.93232 62.98506 -47.43701 5.975965 62.98506 -47.43701 5.975965 62.98506 -47.43701 5.975965 62.98506 -47.43701 5.975965 31.17225 -31.8704 1.801937 31.17225 -31.8704 1.801937 31.17225 -31.8704 1.801937 31.17225 -31.8704 1.801937 11.34318 -49.21781 6.665473 11.34318 -49.21781 6.665473 11.34318 -49.21781 6.665473 11.34318 -49.21781 6.665473 38.623 -53.32619 7.495735 38.623 -53.32619 7.495735 38.623 -53.32619 7.495735 25.74215 -43.92374 2.516729 25.74215 -43.92374 2.516729 25.74215 -43.92374 2.516729 55.7513 -40.85281 3.575116 55.7513 -40.85281 3.575116 55.85544 -53.93804 4.766723 8.470173 -61.15495 1.532219 8.470173 -61.15495 1.532219 8.397358 -36.72319 2.328022 31.52416 -48.75093 6.894126 31.52416 -48.75093 6.894126 31.52416 -48.75093 6.894126 31.52416 -48.75093 6.894126 31.52416 -48.75093 6.894126 31.52416 -48.75093 6.894126 31.52416 -48.75093 6.894126 31.52416 -48.75093 6.894126 33.32265 -63.421 1.93232 33.32265 -63.421 1.93232 33.32265 -63.421 1.93232 33.32265 -63.421 1.93232 62.98506 -47.43701 5.975965 62.98506 -47.43701 5.975965 62.98506 -47.43701 5.975965 62.98506 -47.43701 5.975965 31.17225 -31.8704 1.801937 31.17225 -31.8704 1.801937 31.17225 -31.8704 1.801937 31.17225 -31.8704 1.801937 11.34318 -49.21781 6.665473 11.34318 -49.21781 6.665473 11.34318 -49.21781 6.665473 11.34318 -49.21781 6.665473 38.623 -53.32619 7.495735 38.623 -53.32619 7.495735 38.623 -53.32619 7.495735 25.74215 -43.92374 2.516729 25.74215 -43.92374 2.516729 25.74215 -43.92374 2.516729</float_array>
          <technique_common>
            <accessor source="#kebenit_Mesh_005-mesh-positions-array" count="2313" stride="3">
              <param name="X" type="float"/>
              <param name="Y" type="float"/>
              <param name="Z" type="float"/>
            </accessor>
          </technique_common>
        </source>
        <source id="kebenit_Mesh_005-mesh-normals">
          <float_array id="kebenit_Mesh_005-mesh-normals-array" count="6780">-0.9744665 0.1767954 0.1384138 -0.9960107 0.04718101 -0.07574027 -0.9985713 0.05292952 -0.007348239 -0.9745414 0.1754763 0.1395609 -0.9301714 0.3324682 -0.1557117 -0.9942517 0.07747405 -0.07390147 -0.1347373 0.04317301 0.9899404 -0.1973015 0.3750961 0.9057455 -0.121504 0.148791 0.9813756 0.08089905 0.09306913 -0.9923676 -0.108125 0.07758933 -0.9911049 0.07989007 0.2663194 -0.9605684 0.007885873 -0.9844615 0.175424 -0.2991189 -0.9445549 -0.1354405 0.1277468 -0.9468283 -0.2952912 -0.04961651 0.100673 -0.9936817 -0.2369783 0.08856666 -0.9674696 -0.04854357 0.2737795 -0.9605668 -0.01010364 0.03675878 0.9992732 -0.07824039 0.3702502 0.9256312 0.003177046 0.1423137 0.9898166 -0.002588093 0.9992699 0.03812015 -0.02194255 0.9989669 -0.03979402 -0.001162469 0.9996797 0.02528405 0.9920688 0.1252521 0.01055121 0.9986947 -0.05078625 0.005448698 0.9929009 -0.09958779 -0.06503897 0.9819254 -0.05096858 0.1822768 0.9933367 -0.093203 0.06778907 0.9538126 0.07867062 -0.289918 0.06312412 0.9979498 0.01057201 -0.01585859 0.9995699 0.02466917 -0.01822274 0.9991155 0.03789871 0.1569978 -0.9439826 -0.2902561 -0.1708529 -0.9852842 -0.004932045 -0.2675767 -0.950047 -0.1606657 -0.1347346 0.04316842 0.989941 0.2181083 0.2221605 0.9503018 -0.1973323 0.3750821 0.9057447 0.08089745 0.0930702 -0.9923677 0.08245581 0.07976168 -0.9933978 -0.108125 0.07758653 -0.9911051 0.007883548 -0.9844611 0.1754264 -0.1889296 -0.981825 0.01803946 -0.2991086 -0.9445549 -0.1354624 -0.04961407 0.1006706 -0.993682 -0.04821878 0.08746016 -0.9950004 -0.2369784 0.08855825 -0.9674703 -0.01009398 0.03675907 0.9992732 0.3378652 0.210696 0.9173083 -0.07824015 0.3702613 0.9256269 -0.002592146 0.9992699 0.03811907 0.07611316 0.997093 0.003517389 -0.02194708 0.9989672 -0.03978782 0.06312346 0.9979498 0.01056534 -0.03541064 0.9985505 -0.04053342 -0.01585853 0.9995701 0.02466553 0.1569969 -0.9439786 -0.2902696 0.02635741 -0.9841225 0.1755228 -0.1708528 -0.9852842 -0.004941701 0 -6.18018e-6 1 -0.163556 0.2152698 -0.9627609 0.007713735 0.005656659 -0.9999543 -0.4589508 -0.1668915 -0.8726463 1.70015e-7 -6.21195e-6 1 0.2137453 0.003071844 -0.9768846 0.2608836 0.1570866 -0.9525039 0.777706 0.2588053 -0.5728816 0.01104915 -0.003664076 0.9999323 0.01999175 -0.02993303 0.999352 0.04114001 -0.07686758 0.9961922 0.04972511 -0.07409423 0.9960108 0.009576439 -0.004033863 0.9999461 0.01233035 -0.002893149 0.9999199 -0.981313 0.1286561 -0.1430821 -0.9465481 -0.2997301 0.1192001 -0.9791035 -0.06717312 0.191948 0.1119796 -0.07362407 -0.9909794 -0.2510992 -0.575716 -0.7781391 -0.4009234 -0.4998764 -0.7677135 0.979503 -0.1652118 0.115234 0.933926 -0.2983062 0.1969667 0.9294122 -0.3325358 -0.1600408 -0.3236486 0.01408195 0.9460726 0.084347 0.01841706 0.9962663 -0.09012866 0.01712751 0.9957829 -0.9186391 0.2175775 -0.3297916 -0.9778197 0.208961 -0.01428729 -0.9716283 0.2354099 -0.02281999 -0.9707294 0.2388022 -0.02565222 -0.9651767 0.2514818 -0.07204884 -0.9161562 0.2237507 -0.3325561 0.9371374 0.2668495 -0.2248663 0.7790466 0.2059281 -0.5921824 0.2798825 0.3241659 -0.9036495 -0.9812561 0.127888 -0.1441571 -0.8822982 -0.3398327 -0.3256739 -0.9465807 -0.2996276 0.1191986 -0.3213371 0.01813483 0.9467914 -0.08482259 0.02180469 0.9961575 -0.1728486 -0.007013797 0.9849235 0.002108931 -0.004734516 0.9999867 -0.005698978 0.005691111 0.9999676 -0.0223878 0.01079815 0.9996911 0.9439866 -0.2994559 0.1386206 0.9849857 -0.1653964 0.04946959 0.9433603 -0.2487841 0.2194947 0.7707739 0.2195155 -0.5980976 -0.3102363 -0.9447955 -0.1054282 -0.327939 -0.926368 0.1851982 0.08320569 -0.2274214 0.9702352 -0.7677819 -0.6405469 -0.01451605 0.6926728 -0.4864941 -0.5324735 0.6947843 -0.502077 -0.5149694 0.14713 -0.06827682 -0.9867579 0.9709863 -0.2372107 -0.03027921 0.9660101 -0.2288421 -0.1202325 0.9732192 -0.2046443 0.1047151 0.6445438 -0.4912067 -0.5859005 0.05119353 -0.9961211 0.07157003 -0.02400398 -0.9993565 0.02665215 -0.08223754 -0.9963279 0.02382993 -0.06259661 -0.9889925 -0.1340734 -0.03929221 -0.9985547 0.03667187 0.1776869 -0.982333 0.0587297 -0.9318622 -0.3123692 0.1845489 -0.9664188 -0.2402953 0.09106528 -0.896417 -0.2868808 -0.3378405 -0.8901318 -0.2787714 -0.3604887 -0.9683879 -0.2484686 0.02209901 -0.9297685 -0.3112727 0.19657 -0.5814792 -0.1473245 -0.8001109 -0.8318042 0.1802492 -0.5249877 -0.3010063 0.2267474 -0.9262726 -0.3039031 0.2107548 -0.9290993 -0.8341364 0.1429754 -0.532705 -0.4950814 0.3663187 -0.7878485 -0.4433683 0.3762034 -0.8135698 -0.5410512 0.4474006 -0.7121071 -0.2498863 0.2112143 -0.9449579 -0.147236 -0.5472028 -0.8239483 -0.03227472 -0.441145 -0.8968554 -0.2880269 -0.506017 -0.8130112 0.04601919 -0.3045185 -0.9513941 0.1967073 -0.5328441 -0.8230332 0.1772346 -0.5598819 -0.8093949 0.01169371 -0.004833817 0.99992 0.01000642 -0.003230333 0.9999448 0.001682341 0.003837764 0.9999913 -0.9140695 -0.3685338 0.1692923 -0.9534889 -0.2142955 0.2119819 -0.9900982 -0.06463062 0.1246134 0.4020285 -0.4548445 -0.7946631 0.5248351 -0.09293061 -0.8461158 0.6786118 -0.05327242 -0.7325627 -0.01481002 -0.008225202 0.9998566 -0.04004734 0.01375627 0.9991031 -0.0613994 0.006338238 0.9980933 0.1561413 -0.05063974 -0.9864358 0.852918 0.2900952 -0.4340226 0.9853799 0.0822044 -0.1492274 0.005649566 0.9999841 -4.80731e-6 0.02759182 -0.01539397 0.9995008 -0.1756526 -0.05830794 0.982724 -0.2620245 -0.005285561 0.9650468 -0.1467621 -0.1581799 -0.9764425 -0.3612502 -0.4682458 -0.8063771 -0.5122841 -0.08605539 -0.8544939 -0.1659662 -0.05370134 0.9846681 0.001596689 -0.04897147 0.9987989 -3.40497e-6 -6.95763e-4 0.9999998 0.00240308 -0.04768067 0.9988598 0.008275806 0.008619844 0.9999287 0.009231209 -1.90408e-4 0.9999574 0.0380395 -0.06366771 0.997246 0.03840041 -0.02094727 0.9990429 0.00147885 0.007417142 0.9999714 -2.69339e-7 -5.97926e-6 1 -0.009806513 -0.4950598 -0.8688037 4.73071e-5 -0.9902865 0.139042 0 6.66028e-6 -1 0 -5.97926e-6 1 0 6.66028e-6 -1 -0.01542651 -0.4949166 -0.8688037 0.964788 0.257198 -0.05507606 0.9654009 0.01968216 -0.2600265 0.8085412 0.2496055 -0.5328772 0.005650401 0.999984 -6.40974e-6 0.9793551 -0.1637475 0.1185346 0.9294825 -0.332444 -0.1598227 0.9498511 0.1090448 -0.2930736 1 1.63153e-7 -9.36591e-7 0.01767015 -0.9900979 0.1392626 -3.3245e-4 -0.4951317 -0.8688179 0 -0.7915308 0.6111293 -1 0 5.44109e-7 -0.9999962 0.002769589 0 0.01417106 -0.9998996 8.63235e-6 0.009986579 -0.707047 0.7070961 0.02894133 -0.7067784 0.7068428 -0.01380318 -1.49891e-4 0.9999048 -0.05698925 0.007349848 0.9983478 -0.02189445 0.006336569 0.9997403 -0.9758343 0.2184937 0.002823948 -0.8309693 0.140932 -0.5381712 -0.9937061 0.03440749 -0.1066039 0.05493664 -0.7064124 0.7056654 -0.6974799 -0.7166044 3.81891e-5 0.01417022 -0.9998996 5.49331e-6 0.9999963 0.002738416 0 -0.9194322 -0.3464576 -0.1860422 -0.9954496 0.0944972 0.01226741 -0.8826425 0.1837599 -0.4326368 -0.6920776 -0.06430768 -0.7189528 -0.5443553 -0.06817376 -0.83608 -0.3886027 -0.4683722 -0.793483 0.4874284 -0.1148332 -0.865579 0.3653873 -0.4601404 -0.8091743 0.2028527 -0.2642527 -0.9428793 0.6812603 0.272706 -0.6793496 0.4468004 -0.2016368 -0.8716146 0.07390898 -0.008255064 -0.9972308 1 0 2.72055e-7 7.85308e-7 -0.7915315 0.6111283 0.03154218 -0.9896762 0.1398074 -1 0 2.72054e-7 -0.7511597 0.01587986 -0.6599296 -0.5844851 -0.001382172 -0.8114033 -0.7516695 0.001617074 -0.659538 -3.40859e-6 -6.95151e-4 0.9999998 -0.8940328 0.02683132 0.4471973 -0.1659599 -0.05372053 0.9846682 0.89411 -0.02361309 -0.4472244 0.9996511 -0.0264129 1.85772e-7 -0.9999962 0.002769589 0 0.0555548 -0.9984171 -0.008782207 -0.2221742 -0.974469 0.03238409 -0.1387909 -0.9892315 0.04645693 0.0174843 -0.9989517 -0.04230809 -0.1590446 -0.9800272 0.1193799 0.05636149 -0.9972515 0.04809439 0.817283 -0.1177852 -0.5640701 0.7833594 -0.4903919 -0.3819215 0.562956 -0.502954 -0.6558338 -0.9996503 0.0264461 -1.65384e-7 -0.1672334 -0.04957658 0.9846701 -0.8941181 0.02330923 0.4472242 0.9999963 0.002738416 0 -0.5248865 -0.5166752 -0.6764177 -0.7698388 -0.5006378 -0.3958662 -0.8079552 -0.1291151 -0.5749241 0.1083155 -0.09201663 -0.9898489 -0.5778912 -0.624507 -0.5253884 -0.2824793 -0.5915032 -0.7552016 -0.4748802 0.3736568 -0.796787 -0.821818 0.1411789 -0.5519818 -0.9435448 0.2291445 -0.2391993 -0.9262655 0.2219682 -0.3045691 -0.7070091 0.3499838 -0.614532 -0.3787806 0.3828237 -0.8425979 0.0040434 6.40592e-5 0.9999919 -7.92186e-5 4.6127e-5 1 0.002113878 -0.04897403 0.9987978 0 -7.34338e-6 1 0.004116952 2.11084e-4 0.9999916 -4.96417e-4 -4.58938e-4 0.9999998 -6.93904e-4 -5.20231e-4 0.9999997 -0.2485925 0.02820628 0.9681975 0 -7.34351e-6 1 -0.2492207 0.02161306 0.9682056 -0.001451313 -0.001003086 0.9999985 0.0383774 -0.02100414 0.9990426 0.9841582 0.1109274 -0.1383029 0.9435099 -0.3311043 -0.01261723 0.1693729 -0.05768799 -0.9838623 -0.9899643 -0.06670814 0.1245818 -0.9525361 -0.298959 0.05743312 -0.9136207 -0.3689787 0.1707395 -0.9928224 0.07973539 0.08914178 -0.9908677 0.03454917 0.1303363 -0.9671957 -0.1149717 0.2265261 -0.9824434 0.09977519 -0.1576385 -0.979373 -0.09439814 0.1786551 -0.9899376 -0.05144947 0.1318202 -0.7516546 0.008461952 -0.6595027 -0.8801318 0.02207046 -0.4742162 -0.7518347 0.004920244 -0.6593334 0.7749812 0.3075144 -0.5521224 0.02051711 -0.0496115 -0.9985579 0.6128941 -0.1757209 -0.7703785 0.7195832 -0.1805889 -0.6705131 0.5746529 -0.1859573 -0.7969906 0.7741143 0.2651787 -0.5748282 0.8373041 0.3109089 -0.4497306 0.7071308 -0.1648445 -0.687599 0.7684584 0.2630511 -0.5833317 0.9031937 0.3504315 -0.247869 0.8598219 0.2308709 -0.4554176 0.7855007 0.1845806 -0.5906934 0.9040721 0.3479868 -0.2481109 0.7788254 0.1905191 -0.5976065 0.889367 0.386793 -0.2437572 0.9047393 0.3447641 -0.2501692 0.8785232 0.4190484 -0.2293371 0.8787958 0.419449 -0.2275536 -0.8254017 0.1992025 -0.5282332 -0.5821337 -0.1507682 -0.7989928 -0.7183219 -0.1768925 -0.6728467 -0.8226503 0.198044 -0.5329399 -0.7103194 -0.1610715 -0.6852024 -0.8671336 0.2052652 -0.4538123 -0.9486315 0.2155374 -0.2316073 -0.8354493 0.124421 -0.5352981 -0.8804411 0.1320841 -0.455387 -0.9694612 0.2448555 -0.01381635 -0.9106 0.2506474 -0.328609 -0.8174377 0.1635853 -0.5523002 0.99858 -0.02435559 0.04737871 0.9605304 -0.1071372 0.256716 0.997011 -0.01747214 0.07525902 0.9817019 -0.1442674 0.1242921 0.949894 0.1294317 -0.2845153 0.9844697 -0.1545676 0.08323693 0.007474243 0.005541801 -0.9999568 0.1205133 0.1464302 -0.9818527 0.07673615 0.005888819 -0.9970341 -0.325118 -0.4790521 -0.8153572 -0.1155652 -0.1534807 -0.9813707 -0.2051808 -0.3875508 -0.8987243 -0.8764022 0.2010072 -0.4376246 0.1950737 -0.06370061 -0.9787178 -0.9160084 -0.3557399 -0.1854125 0.0840162 -0.08979433 -0.9924104 0.3017842 -0.5886843 -0.7499181 0.574501 -0.6268557 -0.5263083 0.0795139 -0.07737129 -0.9938266 0.2670724 -0.565418 -0.7803685 0.271335 -0.5724363 -0.7737532 0.9459652 -0.2727556 -0.175369 0.9569542 -0.2386885 0.1651262 0.879607 -0.4470405 0.1626241 0.9447059 -0.2487148 0.2137095 0.852114 -0.5010821 0.1510576 0.9444103 -0.2990221 0.1366568 -0.1834004 -0.4112051 -0.8929024 -0.01794362 -0.7209168 -0.6927894 -0.4285993 -0.4947338 -0.7560034 0.684836 -0.05495548 -0.7266221 0.05037802 0.8970025 0.4391456 -0.5836449 0.7274886 0.36072 0.001076459 0.006751298 0.9999767 -0.009361624 -0.03311192 0.9994078 0.03035527 -0.06709235 0.9972849 0.1669342 0.004280269 -0.9859588 -0.009317994 0.1921947 -0.9813126 0.2720686 0.3082 -0.9115874 -0.3827511 0.7170175 -0.5825698 -0.1844457 0.5313242 -0.8268461 -0.5914006 0.4072108 -0.6960062 0.6286967 -0.1063304 -0.7703468 0.0207889 -0.07230269 -0.997166 0.6143605 -0.5102862 -0.6018051 0.00347644 -0.8476737 -0.5305067 0.05962365 -0.7512563 -0.657312 0.3202607 -0.5589323 -0.7648711 0.1558148 -0.7146171 -0.6819415 0.2753227 -0.2821136 -0.9190264 0.400905 -0.5227273 -0.7523505 -0.09931957 -0.1535243 -0.9831408 0.17043 -0.269501 -0.947799 -0.1630153 -0.3994755 -0.9021338 0.07328331 -0.6899687 -0.72012 -0.09711688 -0.4177677 -0.9033485 0.1908521 -0.2785819 -0.9412586 0.8739321 0.3685066 -0.3169319 0.966825 0.2504962 -0.05001372 0.8116648 0.2484152 -0.5286682 0.9670329 0.2457301 -0.06681579 0.9650522 0.2573662 -0.04936593 0.871913 0.3730483 -0.3171793 0.864873 0.3853102 -0.3217621 0.8419761 0.4447219 -0.3054485 0.963668 0.2566837 -0.0738756 0.3316294 -0.120833 -0.9356395 -0.6307553 -0.1108068 -0.7680297 -0.6120191 -0.5135407 -0.6014222 -0.616387 -0.1736691 -0.7680535 0.33439 -0.06291639 -0.9403324 -0.8032844 0.2002859 -0.5609098 0.09829461 -0.03889173 0.9943972 0.1038091 -0.06598597 0.992406 -0.1023588 -0.07097566 0.9922123 9.5413e-4 -0.04897397 0.9987997 -0.1623431 -0.04060459 0.9858986 0.04085618 -0.06719225 0.9969032 -0.1583098 0.009056806 -0.987348 -0.01228648 0.2957799 -0.9551771 -0.04189383 0.1236029 -0.9914471 0.7787492 0.2007837 -0.5943363 0.2424998 0.1531397 -0.9579886 0.2687661 0.3502987 -0.897249 -0.9167103 0.2197715 -0.3336807 -0.9649102 0.25202 -0.07371699 -0.7129095 0.3101108 -0.6289606 0.03388184 -0.06462663 0.9973342 -0.008746683 -0.03336942 0.9994049 -0.001100897 -0.04869341 0.9988132 -0.452287 -0.4879189 -0.7465733 -0.04407429 -0.7518731 -0.6578331 -0.1003649 -0.8429027 -0.5286228 0.6849241 -0.05488181 -0.7265446 0.6623959 0.6746122 0.3257762 0.05038249 0.8969933 0.4391635 0.2930733 0.3109548 -0.9041102 0.1175253 0.545518 -0.8298181 0.9375079 0.277117 -0.2104405 0.3292739 -0.02450644 0.9439164 0.233781 -0.6637477 -0.7104825 -0.3727654 -0.6584254 -0.6538517 -0.8346733 0.1627975 -0.5261346 -0.2182012 -0.5070888 -0.8338161 0.2574268 -0.9655263 0.03860563 0.9996511 -0.0264132 1.85862e-7 0.4470698 -0.01176667 -0.8944217 0.8941091 -0.02365219 -0.4472244 0 9.01831e-6 -1 0.8940131 -0.02703166 -0.4472247 0.4465411 -0.02470576 -0.894422 -0.8941165 0.02333104 0.4472265 -0.9996504 0.02644282 2.23161e-6 0.4458602 -0.03490138 -0.8944221 1.42023e-7 9.02772e-6 -1 -0.07781726 -0.1654512 -0.9831432 0.07650512 0.008383691 -0.997034 0.146162 -0.2833842 -0.9478028 0.1746005 -0.2664688 -0.9478972 0.07648909 -0.003374934 -0.9970648 0.4608442 -0.1597604 -0.872983 -0.0746535 -0.1669024 -0.9831432 0.00754261 0.005462884 -0.9999567 0.07606905 0.0117101 -0.9970338 -0.4740859 -0.1169922 -0.8726714 0.007517337 0.005915343 -0.9999543 -0.1021859 -0.1512511 -0.9831995 0.8944031 0.005766332 -0.4472247 0.999979 0.00648421 0 0.01950806 -0.7068292 0.7071152 0.008580863 -0.7070463 0.7071152 2.08121e-7 -1.20166e-5 1 0.999979 0.006484985 6.58326e-7 0.4472153 0.002946674 -0.8944215 0.8944031 0.005824506 -0.4472239 0 1.00138e-5 -1 0.8943889 0.007667362 -0.4472245 0.4472075 -0.00388813 -0.8944218 -0.3216947 -0.0115807 0.9467727 0.1665087 -0.004287958 0.9860307 0.07997113 0.02298349 0.9965322 0.447179 -0.006371796 -0.8944218 -0.7070978 -0.006049871 -0.7070899 0 1.00138e-5 -1 -0.7070782 -0.00415951 -0.7071232 -0.999979 -0.006484508 5.07303e-7 0 -1.20166e-5 1 -0.2501768 -0.002430677 0.9681972 0.03252142 -0.7063502 0.7071151 0.0277698 -0.2466508 0.9687065 0.07077491 -0.2153578 0.9739671 0.06672483 -0.1432017 0.9874417 0.8945942 -0.386594 0.224157 -0.4400063 0.7012827 -0.5608896 0.8602291 0.3571323 -0.3639541 0.8964318 -0.3433533 0.2802118 0.8617156 0.3557403 -0.3617941 0.9799508 -0.1433768 0.1383459 0.1834642 -0.3462093 -0.9200435 -0.9999999 -2.07945e-4 4.42164e-4 1 3.26227e-4 -1.28161e-4 0.1835086 -0.398275 -0.8987222 1 2.34082e-4 -3.20492e-4 -0.6807606 -0.2015407 -0.7042347 -0.9949042 -0.09002476 0.04540097 -0.6526167 -0.4045734 -0.640634 -0.8948646 -0.2038472 -0.3970689 -0.9931888 -0.09029734 0.07363724 -0.9063934 -0.1978924 -0.3732156 -0.1929362 0.1034554 0.9757421 -0.02242577 -0.8247874 -0.5649982 -0.1972427 -0.52614 0.8272074 0.2571694 -0.9330591 -0.2515251 -0.02243953 -0.9968937 0.07549482 0.2554063 -0.9324211 -0.255653 -0.1698545 -0.6850559 -0.7084122 0.9999833 0.005662262 0.00127846 -0.3171634 -0.8426758 0.4350919 0.9999811 0.005998313 0.001371443 -0.999984 -0.005533754 -0.001223266 -0.3205941 -0.3456919 0.8818824 0.9999833 0.005650401 0.001324713 -0.9999833 -0.005662739 -0.001278579 -0.3200645 -0.02635502 -0.9470291 -0.9999843 -0.00546652 -0.001280844 0.9999827 0.005686044 0.001542747 -0.4810189 -0.8701963 -0.106673 0.8856869 0.1008726 -0.4531925 0.6635469 -0.4384377 -0.6061995 -0.1062178 -0.8096141 -0.577272 0.4851061 -0.2557563 -0.8362181 -0.3371611 -0.922293 0.1889398 0.2948416 -0.6353287 -0.7137408 -0.2024165 -0.2588967 0.9444577 0.2484524 -0.9680709 0.0333184 0.3432682 -0.9386937 -0.03195846 0.6226141 -0.7824621 -0.01023149 -0.397376 -0.6960979 -0.5979465 -0.4134745 -0.8683463 -0.2738862 0.6798143 -0.4498533 -0.5792103 0.1739491 -0.8153642 -0.5521984 0.2336937 -0.9685382 -0.08556371 0.1590934 -0.80781 -0.567567 -0.6639235 -0.7318156 -0.1537909 0.1820843 -0.4223482 -0.8879569 0.6980904 -0.4186043 -0.580896 0.4540858 -0.2945296 -0.8408678 0.1777004 -0.4254572 -0.8873606 0.4530339 -0.2875958 -0.8438301 -0.6808817 -0.2115032 -0.7011894 -0.1984115 -0.8967279 -0.3956162 0.484237 -0.5193176 -0.7041476 0.1595906 -0.6458939 -0.74656 -0.1250025 -0.9291461 -0.3479398 0.07344132 -0.6122837 -0.78722 -0.3468741 -0.935625 -0.06545412 0.6993156 -0.4529755 -0.5529657 0.745925 -0.6520461 0.135764 0.649753 -0.7584257 -0.05110496 0.01143705 -0.9167008 0.3994107 0.6943646 -0.6979747 -0.1751832 0.1907806 -0.8155107 -0.5463929 -0.6822751 -0.379222 -0.6250531 0.1828033 -0.4183622 -0.8896943 -0.6812474 -0.2115014 -0.7008346 -0.6762261 -0.4020405 -0.6173182 -0.6816713 -0.2043825 -0.7025327 -0.9096102 -0.1830228 -0.3729773 0.9598204 0.268799 -0.08057194 0.9628911 -0.2566987 0.08334565 0.9579703 0.03071951 -0.285218 -0.9857893 0.05905622 -0.1572638 -0.986824 -0.09263622 0.1326535 -0.9688677 0.2429763 -0.047517 0.04744666 -0.07347851 0.9961676 0.01999175 -0.02993345 0.999352 0.04500401 -0.1850207 0.9817036 0.07264995 -0.1419678 0.9872017 0.08829772 -0.2242169 0.970531 0.04550421 -0.0446124 0.9979675 -0.9672529 0.2523785 -0.02696365 -0.962013 0.227443 -0.1509995 -0.9618846 0.2634252 -0.07338511 0.9856865 0.1547976 0.06678259 0.9016391 0.3892444 -0.1885097 0.9016174 0.3515601 -0.2519754 0.8546173 0.3982633 -0.3331902 0.9106991 0.2346485 -0.3399518 0.9776651 0.208947 -0.02263212 -0.4297246 0.3962359 -0.8113778 -0.3242205 0.7300115 -0.6016348 -0.5350005 0.4655109 -0.7050349 -0.6749699 0.3804534 -0.6321954 -0.2656304 0.7332527 -0.6259243 -0.3625587 0.4101235 -0.8368691 0.8824153 0.4063944 -0.2370381 0.8834106 0.4169414 -0.2138823 0.8768536 0.4108254 -0.2497007 -0.5855451 0.4223242 -0.6919388 -0.1872419 0.5190119 -0.8340068 -0.01236379 0.334121 -0.9424492 0.05916321 0.3512739 -0.9344017 -0.2256565 0.2169278 -0.9497482 -0.5331468 0.4412755 -0.7218245 0.8466248 0.435656 -0.3056641 0.853991 0.4555951 -0.2512617 0.9665053 0.2456834 -0.07421064 -0.9491507 0.2896199 -0.1234239 -0.9460106 0.2553223 -0.1996859 -0.2658542 0.7073853 -0.6549256 -0.314126 0.7278787 -0.6095224 -0.7105894 0.339469 -0.6162984 -0.9610702 0.2695455 -0.06074106 0.9426747 0.2332669 -0.238644 0.1130957 0.5463135 -0.8299103 -0.09443408 0.7629876 -0.6394781 -0.2357217 0.7501377 -0.6178421 0.9634817 0.2593541 -0.06662249 0.8797133 0.2873988 -0.3788227 0.9451755 -0.2583172 -0.1997886 0.8835366 -0.4377037 0.1666691 0.9709726 -0.2381165 0.02264368 -0.9438574 -0.2647398 -0.1976008 0.2124099 -0.1256563 -0.9690679 -0.6917057 -0.5063768 -0.5149039 -0.6400893 -0.4948192 -0.5877412 -0.9709413 -0.2167911 0.1013638 -0.9223923 -0.2591185 -0.2864441 -0.5954512 0.7200967 0.3562285 0.8499106 0.3558478 0.3886185 -0.96295 0.1965209 0.1846804 0.1146175 0.8086809 0.5769733 -0.9814001 -0.1290696 0.1421092 0.6622663 0.5427664 0.5165348 -0.03770512 0.5028604 0.863545 0.9779018 -0.05501466 0.2016969 0.04890555 0.8144804 0.5781263 0.9453208 0.2384049 0.222557 -0.2350389 0.680724 0.6938095 0.8723556 -0.416921 0.2552896 -0.5888913 -0.8041498 0.08093327 -0.2555528 0.4994639 0.8277854 -0.9925907 -0.09854966 0.07107573 -0.9678685 0.181284 0.1742604 -0.9808917 0.16736 0.09920734 -0.08327043 0.5196975 0.8502827 0.05406492 0.1042514 0.9930804 -0.7810268 -0.5584365 0.2795461 -0.5998666 0.7955952 -0.08478409 -0.9609928 0.01422262 0.2762074 -0.7079427 0.6819043 0.1839123 -0.5786035 -0.6911066 0.4331164 0.8741208 0.4837729 -0.04332059 0.9958984 0.03242462 0.08446961 0.7828258 0.4923141 0.3805401 0.19258 0.7978552 0.5712619 0.7160802 0.4935961 0.4935505 0.9844689 0.1531573 0.08581322 0.1772848 0.9518507 -0.2501012 0.795573 0.5773713 -0.1835926 -0.8272354 0.5569317 -0.07422077 0.7032935 0.3943865 0.5914708 -0.6863132 0.7167808 0.1232867 0.9199638 0.3774548 0.1058048 -0.146856 0.4438484 0.8839864 -0.08580958 0.8112142 0.578419 -0.9815105 0.1080775 0.1579762 -0.7867573 0.6170513 0.0161482 0.1438275 -0.004454851 0.9895927 0.2612779 0.9610065 -0.09055656 0.2933552 -0.9062507 0.3043889 0.8193943 -0.511524 0.2587205 -0.7025802 -0.4304421 0.5666576 -0.07724261 0.5743349 0.8149682 -0.5177748 -0.7225056 0.4581429 0.9447136 -0.3223916 0.05983281 0.3255285 0.1348422 0.935868 -0.7986686 0.5977729 0.0692538 -0.5865126 -0.7775642 0.2267088 -0.9916808 0.1217017 0.04192781 -0.7378672 -0.6735106 0.0439952 -0.6970003 0.6735888 0.2459043 -0.7519243 -0.5925627 0.2889275 0.1895623 0.01049864 0.9818125 0.2611936 -0.9632956 0.06196415 -0.5591304 -0.8215367 0.1115827 0.2667125 -0.9633662 0.02810972 0.294779 0.003060877 0.9555606 -0.610751 0.7868952 0.08819967 0.2240444 0.9743333 0.02188253 0.04678833 -0.02578842 0.9985719 0.0635243 -0.3447797 0.9365317 -0.07978266 -0.5109745 0.8558855 0.003078222 -0.9445225 0.3284325 0.003968715 -0.7197461 0.6942262 0.001118659 -0.9433724 0.331734 0.008545219 -0.9553312 0.2954139 -0.08033299 -0.5069506 0.8582236 -0.00728631 -0.9561672 0.2927307 0.00258702 -0.9434049 0.3316335 0.004065215 -0.7188629 0.69514 0.06247931 -0.3387548 0.938798 3.96341e-4 -0.9428502 0.3332166 0.6770176 -0.3851229 -0.6271584 0.9599273 -0.278174 -0.03404444 0.986755 -0.1016529 -0.126418 0.6939055 -0.4153935 -0.5881695 0.9903663 -0.09669405 -0.09912019 0.4521316 -0.2811871 -0.8464697 0.218687 0.08587354 0.9720091 0.003131985 0.09044736 0.9958963 0.06681823 -0.3993108 0.9143776 0.1998698 0.08701646 0.975951 0.04765504 -0.3961815 0.9169346 -0.02207314 -0.7576233 0.652319 -1 -2.86007e-4 1.3877e-4 0.1834622 -0.4074735 -0.8945989 -0.6807251 -0.2120184 -0.7011859 -1 -2.99043e-4 3.47521e-4 -0.680733 -0.2009299 -0.7044358 1 2.91314e-4 -2.99654e-4 -0.005936145 0.0958895 0.9953744 -0.2219446 0.08121031 0.9716715 -0.05434668 -0.5558733 0.8294887 0.01177942 0.09121763 0.9957613 -0.05559873 -0.5587447 0.827474 0.07717287 -0.3977161 0.9142572 0.9709284 -0.2390199 -0.01295024 0.171822 -0.4112549 -0.8951798 -0.6889084 -0.2096558 -0.6938658 0.9637811 -0.2665936 -0.007342576 -0.6794628 -0.1973732 -0.7066642 0.9908249 -0.09052944 -0.1003516 0.1711968 -0.3609556 -0.9167348 0.9631958 -0.268133 -0.01893651 0.9890318 -0.09745961 -0.1109859 0.1829359 -0.4022012 -0.897089 0.9910314 -0.08409428 -0.1038516 -0.6800976 -0.1995155 -0.7054508 0.1947669 -0.348846 -0.9167183 -0.9951106 -0.07928329 0.05889987 -0.2040836 0.08955365 0.9748488 0.1845156 -0.3987288 -0.8983148 -0.1986908 0.1183626 0.9728887 -0.6809686 -0.2064607 -0.7026064 -0.9974126 -0.04944229 0.05218702 0.1944385 -0.4083591 -0.8918725 -0.6728741 -0.2137941 -0.7081896 -0.9946421 -0.07733011 0.06860804 -0.6809765 -0.2096469 -0.7016547 -0.1960031 0.1093475 0.9744875 -0.9780985 -0.1066993 0.1787139 0.4486131 -0.7949989 0.4083175 0.04290395 -0.9476475 0.3164232 -0.9564747 -0.1536943 0.2480607 0.09212285 -0.9502714 0.2974854 -0.9971936 0.03319698 0.06710433 -0.4666938 0.6663829 -0.5814902 -0.8408461 -0.4315034 0.3267762 -0.9612349 0.247799 -0.1209266 -0.4318647 0.6597403 -0.6150087 -0.9550034 0.2690314 -0.124862 0.8648315 0.3575851 -0.3524193 -0.8272805 -0.3717142 0.4212311 0.06681126 -0.5876189 0.8063747 -0.9605467 0.2660301 -0.08110553 0.9973652 -3.09126e-4 -0.07254362 0.2172373 0.9651951 -0.1456243 0.4452943 0.8953805 0.002638936 0.9997621 0.01830309 0.01186889 0.4270134 0.9040491 0.01884049 0.9700216 -0.2429763 -0.004530549 -0.01765209 -0.5836276 0.8118296 0.8745226 -0.3567124 0.3285826 0.971423 -0.1424102 0.1898864 0.899436 -0.3155396 0.3024066 0.03346127 -0.5259808 0.8498381 -0.8498131 -0.3302778 0.4107728 -0.1517711 0.9512336 -0.2685523 -0.9762533 -0.08025866 0.2012162 -0.993339 0.1142194 0.01522392 -0.119214 0.9586605 -0.2583759 -0.9907155 0.1316477 -0.03393805 0.2187043 0.9757446 -0.009533643 0.9903106 0.06101459 -0.1247483 -0.1241225 0.9706389 -0.2060435 0.2202779 0.9752585 -0.0186755 0.9908204 0.1042359 -0.08608078 0.2025973 0.9790467 0.02054214 0.998593 0.05057817 0.0159412 0.4251599 -0.8167643 0.3900453 0.9921009 0.1165243 -0.04645299 0.9938903 0.07791268 0.07817894 0.2056827 -0.8042133 0.557616 0.9566507 -0.06682747 0.2834668 -0.2108336 -0.9333694 0.2904664 -0.8622766 0.05513763 -0.5034272 0.3760282 -0.5047073 -0.7770929 -0.3560118 -0.4965812 -0.7916203 -0.8622632 0.05514711 -0.503449 -0.3560188 -0.4966354 -0.7915831 -0.7876458 0.5308767 -0.3127045 0.2032763 0.9653381 -0.1637104 -0.9909614 0.07877093 -0.108585 -0.8972349 0.4412751 0.01568412 0.2140775 0.9546473 -0.2069286 -0.8861967 0.4632759 -0.005573749 0.4342379 0.9005209 0.02235257 -0.9992866 0.03708243 0.00715959 0.05057322 -0.9333797 0.3553095 -0.3233613 -0.9412599 0.09730023 -0.9979892 0.03275793 -0.05426335 -0.3291932 -0.9414899 0.07230913 -0.9121066 0.4058711 0.05770885 -0.1197211 -0.9613786 0.2478266 0.9956195 -0.04237294 0.08334428 0.9521866 -0.3004783 0.05525976 -0.09106856 -0.9192785 0.3829277 0.9496123 -0.3005416 0.08894574 -0.4411194 -0.896912 0.03102713 -0.5558223 -0.5274283 0.6425582 -0.3946536 -0.4247471 0.814763 -0.5558283 -0.527442 0.6425418 -0.3946502 -0.4247778 0.8147484 -0.193013 -0.410859 0.8910337 -0.170993 0.969617 -0.1749409 -0.8622534 0.05514138 -0.5034666 -0.7876389 0.5308717 -0.3127306 -0.1709963 0.9696118 -0.1749665 -0.7876476 0.5308634 -0.3127225 0.4027271 0.8878799 -0.2224417 0.3760204 -0.5047633 -0.7770603 0.8687424 0.3390581 -0.3610074 0.8746778 -0.03428459 -0.4834909 0.3760226 -0.5047423 -0.7770729 0.8746854 -0.03428649 -0.4834771 -0.3560183 -0.4966636 -0.7915657 0.868757 0.3390438 -0.3609856 -0.1709764 0.969623 -0.1749241 0.4027398 0.8878695 -0.2224603 0.8687451 0.3390511 -0.3610073 0.4027367 0.8878661 -0.2224791 0.8746575 -0.0342797 -0.4835278 0.006973266 -0.3192027 0.9476609 0.004664123 -0.4947471 0.8690246 -0.1930221 -0.4108517 0.8910351 0.006949961 -0.319235 0.9476502 -0.1930268 -0.4108777 0.891022 -0.3946577 -0.4247518 0.8147584 0.5048511 -0.3096206 0.8057669 -0.2118023 -0.06035715 0.975447 0.1663469 -0.07653826 0.9830924 0.5048587 -0.3096162 0.805764 0.1663444 -0.07655048 0.9830919 0.4995732 -0.5323955 0.6833607 -0.2118175 -0.06039816 0.9754412 -0.5201202 -0.03898036 0.8532032 -0.2118092 -0.06040233 0.9754428 -0.5201124 -0.03898155 0.8532079 0.1663418 -0.07653188 0.9830937 0.465124 -0.7106514 0.5278583 0.5048421 -0.3096413 0.8057647 0.499557 -0.5324177 0.6833552 0.4651163 -0.7106468 0.5278713 0.4995545 -0.5324102 0.6833629 0.8282487 0.4514872 -0.3319087 0.6984558 0.2381795 -0.6748557 0.894013 0.2927866 -0.3391413 0.5372881 -0.2381774 -0.8090693 0.3752914 0.1794852 -0.9093633 -0.2539753 -0.03555399 -0.966557 0.3016092 -0.6962673 0.6513401 0.5372775 -0.2382043 -0.8090684 -0.5372099 -0.6043798 -0.5883287 0.5372985 -0.2381595 -0.8090677 -0.2539759 -0.03552949 -0.9665579 -0.5371853 -0.6043947 -0.5883358 0.3016492 -0.6962736 0.6513147 -0.53722 -0.6043703 -0.5883293 -0.5196054 -0.6144356 0.5936996 -0.9323856 -0.005363583 0.3614254 -0.7576125 -0.5741475 0.3104484 -0.7295592 -0.5315433 0.4303546 -0.7295351 -0.5315617 0.4303727 -0.8370591 -0.06270915 0.543507 -0.9323753 -0.005386173 0.3614517 0.2203567 -0.6781905 0.701071 0.7574694 -0.5436766 0.3614636 0.7140389 -0.4412796 0.5435265 0.7140448 -0.4413161 0.543489 0.2203581 -0.6781951 0.7010662 0.7574744 -0.5437051 0.3614105 0.7511462 0.5523883 0.3614507 0.6403439 0.5427281 0.5435128 0.6403568 0.5427209 0.5435045 0.714035 -0.4412837 0.5435281 0.7574507 -0.5437177 0.3614411 0.7511371 0.55241 0.3614364 0.275448 0.9098168 0.3104221 0.2777883 0.8588436 0.4303735 0.2777631 0.8588494 0.4303782 0.6403365 0.5427384 0.5435111 0.7511425 0.5523903 0.3614555 -0.576914 0.4191514 0.701058 -0.9323782 -0.005378484 0.3614445 -0.83706 -0.0626896 0.5435078 -0.8370754 -0.06267106 0.5434862 -0.5769107 0.4191513 0.7010608 -0.8370623 -0.06267827 0.5435056 -0.7302559 -0.5305636 0.4303821 -0.7989367 -0.4673306 -0.3785531 -0.7989249 -0.4673469 -0.3785577 -0.8370559 0.06266778 -0.5435165 -0.8370443 -0.06270229 0.5435305 0.3090157 -0.951057 0 0.7140277 -0.4413099 0.5435164 0.6403273 -0.54273 -0.5435303 0.6403581 -0.5427199 -0.5435041 0.309016 -0.9510568 0 0.7140383 -0.4413086 0.5435035 0.6403566 0.5427092 0.5435165 0.7140383 0.4412752 -0.5435306 0.7140383 0.4413078 -0.5435041 0.6403566 -0.5427093 -0.5435164 0.7140383 -0.4412755 0.5435304 0.6403567 0.5427203 0.5435053 0.2789323 0.8584686 0.430382 0.3716637 0.8476814 -0.3785532 0.3716443 0.8476878 -0.3785579 0.7140278 0.4413098 -0.5435163 0.640327 0.5427302 0.5435303 -0.8090171 0.5877853 -6.47684e-7 -0.837056 -0.06266868 0.5435162 -0.8370442 0.06270152 -0.5435306 -0.8370626 0.06267613 -0.5435052 -0.8090173 0.587785 0 -0.8370864 0.06266033 -0.5434705 -0.7989526 -0.4673365 -0.3785119 -0.7075228 -0.6806223 -0.1901708 -0.7074969 -0.6806573 -0.1901419 -0.9239332 0.03437376 -0.3810065 -0.837065 0.06268352 -0.5435008 0.2203652 -0.6782164 -0.7010433 0.6403408 -0.542752 -0.5434923 0.7058812 -0.6138223 -0.3534883 0.7058566 -0.6138761 -0.3534442 0.2203652 -0.6782155 -0.7010442 0.6403734 -0.5427237 -0.5434823 0.714053 0.4412814 -0.5435062 0.7383071 0.5540933 -0.3845559 0.7383144 0.5540926 -0.3845431 0.7059128 -0.6138097 -0.3534469 0.6403617 -0.5427278 -0.543492 0.7140425 0.4413118 -0.5434955 0.3716657 0.8476824 -0.3785489 0.1083526 0.9879923 -0.1101413 0.108339 0.987996 -0.1101207 0.7383472 0.5540401 -0.3845556 0.7140446 0.4412975 -0.5435042 -0.5769152 0.4191564 -0.701054 -0.8370609 0.06270951 -0.5435039 -0.9239352 0.03432905 -0.3810057 -0.9239336 0.03433328 -0.3810091 -0.5769039 0.4191413 -0.7010723 0 0 -1 -0.5179855 -0.3761808 -0.7682313 -0.8139315 0.01408475 -0.5807903 -1.82426e-7 0 -1 -0.8139309 0.014117 -0.5807901 -0.4902921 0.4151615 -0.7663255 2.95171e-7 -4.18598e-7 -1 -0.8139302 0.01414847 -0.5807906 0.1083771 0.9879906 -0.1101324 0.8114455 0.5735234 0.1123712 0.7383243 0.5540561 -0.3845767 0.7383331 0.5540806 -0.3845244 0.6857112 -0.7278429 0.006703197 0.7058719 -0.6138459 -0.3534659 -0.7575991 -0.5741605 0.3104565 -0.9323779 -0.005388975 0.3614448 -0.8139067 0.0141077 -0.5808244 -0.8139104 0.01411783 -0.580819 -0.5179251 -0.3762537 -0.7682363 -0.7575929 -0.574173 0.3104488 -0.9323601 -0.00535047 0.3614913 -0.8090174 0.5877848 0 -0.4903189 0.4151374 -0.7663214 -0.4903059 0.4151553 -0.7663199 -0.8139271 0.01415669 -0.5807946 -0.9323764 -0.005372822 0.3614491 0.2754343 0.9098247 0.3104112 0.7511419 0.5523982 0.3614448 0.3090152 0.9510572 0 0.2754226 0.9098284 0.3104104 0.7511507 0.5524226 0.3613891 0.7574763 -0.5436794 0.3614448 1 0 0 0.7511506 0.5523834 0.361449 0.757502 -0.5436794 0.361391 0.3090152 -0.9510572 2.59719e-6 0.3090158 -0.951057 0 0.7574654 -0.5436918 0.361449 0.3090037 -0.951018 0.00903511 0.6856976 -0.727856 0.006669223 0.3090131 -0.951047 0.004528999 -0.8089819 0.5878224 -0.003621578 -0.9675311 0.2402496 -0.07850992 -0.809024 0.5877755 2.1711e-5 0.8114812 0.5734682 0.1123945 0.3820579 0.9231097 0.04359221 0.3090125 0.951058 2.23666e-5 0.6857441 -0.7278125 0.006643176 0.8114554 0.573509 0.1123734 1 -9.53674e-7 2.6226e-5 0.3089796 -0.951058 0.00451076 0.6856626 -0.7278889 0.006671011 0.3090218 -0.951055 4.4927e-6 -0.9675055 0.2403556 -0.07850164 -0.8545967 -0.49167 0.1671077 -0.8090086 -0.5877968 -2.23517e-5 -0.9239507 0.03438627 -0.3809628 -0.8545773 -0.4917098 0.1670911 -0.9675183 0.240287 -0.07855308 -0.8089973 0.5877668 -0.007316768 -0.9675213 0.2402951 -0.07849073 -0.8089994 0.5877985 -0.003625631 0.1083875 0.9879861 -0.1101617 0.3820937 0.9230947 0.04359674 0.8114421 0.5735252 0.1123861 0.7383331 0.5540725 -0.384536 0.8114542 0.5735039 0.112407 0.6857113 -0.7278434 0.006648302 0.3090043 -0.9510177 0.009034514 0.7058781 -0.6138305 -0.3534802 0.685698 -0.727856 0.00662887 -0.923919 0.03434306 -0.3810437 -0.7075183 -0.6806241 -0.190181 -0.854575 -0.4917133 0.1670922 -0.8089955 0.5877694 -0.007307946 -0.9239302 0.03436124 -0.3810149 -0.9675164 0.2403047 -0.0785216 0.4691733 -0.02154171 -0.8828434 0.4699184 -0.06562399 -0.8802672 0.382927 0.03685736 -0.9230431 0.2881501 -0.3526042 -0.8903033 0.2792893 -0.2659369 -0.9226457 0.3770648 -0.3990121 -0.8358299 0.1193044 -0.04594784 -0.9917941 0.2016462 -0.01456969 -0.9793502 0.1437842 0.01196497 -0.9895367 -0.009429633 0.0818234 -0.9966022 -0.05113279 0.10442 -0.993218 -0.04026126 0.01708346 -0.9990432 -0.2412578 -0.09569865 -0.9657311 -0.2318253 -0.1060312 -0.9669615 -0.1663639 -0.2040896 -0.9647127 0.6948252 -0.1832858 -0.6954309 0.6119909 -0.0607798 -0.7885258 0.6411258 -0.08105683 -0.7631431 -0.1565904 -0.01521223 -0.9875465 -0.2038882 -0.03003138 -0.9785335 -0.1408627 -0.04562067 -0.9889776 0.1381145 -0.1839334 -0.973187 0.1598485 -0.1976767 -0.9671465 0.1248864 -0.1484862 -0.9809972 0.3355152 0.03815919 -0.9412616 0.3086177 0.05126398 -0.9498038 0.2959918 0.08293819 -0.951583 -0.7377682 0.08063232 -0.6702212 -0.6999186 0.01045286 -0.7141461 -0.7143745 0.02466702 -0.6993287 -0.3419968 -0.1286932 -0.9308471 -0.3982365 -0.02120101 -0.9170379 -0.3171864 -0.1389414 -0.9381301 -0.3006219 0.3649656 -0.8811507 -0.2645615 0.3197931 -0.909802 -0.3008984 0.3818578 -0.8738678 -0.3790702 0.3962435 0.8362399 -0.2871029 0.2639651 0.9208118 -0.2880783 0.3525882 0.8903328 -0.3817332 -0.03691655 0.9235349 -0.4746878 0.05710953 0.8782995 -0.470221 0.01563787 0.8824102 0.05454367 -0.001549959 0.9985102 0.05000394 -0.1072384 0.9929751 0.007633864 -0.08605355 0.9962613 -0.1446164 -0.01376074 0.9893921 -0.2016462 0.01456969 0.9793502 -0.121377 0.05121076 0.9912846 -0.6410999 0.07761949 0.7635222 -0.6124144 0.05544495 0.7885903 -0.701501 0.1880947 0.6873986 0.171086 0.2087689 0.9628838 0.2335774 0.111037 0.9659774 0.2410681 0.09390038 0.9659549 -0.1247565 0.1469455 0.9812456 -0.1599963 0.197351 0.9671885 -0.1395325 0.1801064 0.9737004 0.139908 0.04072457 0.9893267 0.2038884 0.03003138 0.9785335 0.1562314 0.01643604 0.9875838 0.7137127 -0.0301364 0.69979 0.6998894 -0.01169282 0.7141556 0.7380133 -0.07992601 0.670036 -0.2953506 -0.08228278 0.9518391 -0.3046891 -0.04471147 0.9514018 -0.3356018 -0.03825157 0.941227 0.3080761 -0.379641 0.8723314 0.2626128 -0.3197067 0.9103968 0.2892423 -0.3678949 0.8837376 0.3112388 0.142513 0.9395853 0.399465 0.02369827 0.9164422 0.3415781 0.1292921 0.9309177 0.995234 0.09710139 0.008977949 0.9959523 0.01441925 0.08872026 0.9979844 -0.05234628 0.03587847 0.9964768 0.08176088 0.01869261 0.9996646 0.01830869 0.01831907 0.9990394 0.0437631 0.002264499 -0.07341384 0.1792213 0.9810659 -0.07112163 0.09955829 0.9924867 0.02932047 0.2043594 0.9784567 0.004122436 0.0216763 0.9997566 0.04533147 0.02851992 0.9985648 -0.02978098 0.08157098 0.9962225 -0.03483659 -0.2033889 -0.9784782 0.02457797 -0.06121993 -0.9978217 0.05591559 -0.1114212 -0.992199 0.02589315 -0.08237463 -0.996265 -0.0199213 -0.04776179 -0.9986601 -0.004757821 -0.0214653 -0.9997583 -0.1006037 0.1673614 0.9807493 -0.07645684 0.08046376 0.9938209 -0.00787276 0.2075715 0.9781882 0.01589459 0.03224349 0.9993537 0.03519725 0.0553044 0.9978491 0.03982639 0.08833962 0.995294 -8.27467e-4 -0.2081903 -0.9780881 0.03046953 -0.05747026 -0.9978822 0.07311367 -0.1034768 -0.991941 0.007258176 -0.09981024 -0.9949801 -0.009749472 -0.06743931 -0.9976757 -0.01576244 -0.03233665 -0.9993528 -0.1357021 0.1401289 0.9807899 -0.0901615 0.06022208 0.9941048 -0.05551236 0.2002972 0.9781612 0.0139634 0.02388161 0.9996173 0.02331125 0.05265998 0.9983404 0.03734475 0.07974928 0.9961153 0.04672414 -0.2032006 -0.9780218 0.04147899 -0.04938542 -0.9979182 0.09428495 -0.08436733 -0.9919641 0.02097785 -0.08723187 -0.9959672 0.003697514 -0.05826377 -0.9982944 -0.01367187 -0.02403128 -0.9996178 -0.1626036 0.1100836 0.9805313 -0.09876322 0.04002475 0.9943057 -0.09694558 0.1841347 0.9781084 -0.003076195 0.03058344 0.9995275 -0.003948926 0.06064975 0.9981513 -0.003061056 0.09108638 0.9958383 0.08830231 -0.1893427 -0.9779326 0.05117565 -0.04000955 -0.997888 0.1109942 -0.06362509 -0.9917823 0.04832845 -0.0811581 -0.9955289 0.02274143 -0.05834168 -0.9980376 0.003384351 -0.03059786 -0.9995261 -0.9953209 -0.03894364 -0.08843016 -0.9808058 -0.008081853 -0.1948199 -0.9844072 -9.8237e-4 -0.1759022 -0.9744648 -0.04446208 -0.2200945 -0.9671077 -0.01460295 -0.2539482 -0.9588162 -0.01986557 -0.2833319 0.0274021 0.04130584 -0.9987708 0.1079069 -0.1233887 -0.9864743 -0.1410064 -0.0521959 -0.9886318 -0.05026608 0.0281369 0.9983395 0.2887408 -0.1474142 0.9459904 0.02202016 0.1104938 0.9936329 -0.06137281 0.05782234 0.9964387 0.2745721 -0.1456571 0.9504706 0.006595611 0.1136567 0.9934982 -0.07481932 -0.02522915 0.9968779 0.2756806 0.1462696 0.9500555 -0.08983051 0.06704705 0.9936977 -0.4053451 -0.9032761 0.1406689 -0.07900875 -0.9805973 -0.1794066 0.01935136 -0.9593608 0.2815181 -0.05477041 -0.02693337 0.9981357 0.2719615 0.1779485 0.945712 -0.08341848 0.0740866 0.9937568 0.5757781 -0.8053025 0.1413069 0.8072574 -0.5624035 -0.1789909 0.8384726 -0.4665603 0.2815766 0.1537438 0.9860927 0.0631197 0.2280983 0.9696959 0.08752816 0.1526614 0.987006 0.05013835 0.02385097 0.04172503 -0.9988445 0.103093 -0.1232198 -0.98701 -0.1625507 -0.005622386 -0.9866843 -0.7829623 0.5968442 -0.1753482 -0.8340528 0.4655879 0.2959459 -0.7705022 0.6346517 -0.0595268 -0.8925725 0.4508904 -0.003516316 -0.7555467 0.6528377 0.05433487 -0.7994933 0.6006733 0.001481175 -0.7645902 0.6412824 0.06448858 -0.7121391 0.6963711 0.08902281 -0.7659469 0.6408408 0.05146592 -0.01955664 0.04342865 -0.9988652 0.1622923 0.01908135 -0.9865583 -0.06602811 -0.1432629 -0.9874797 -0.02140116 0.04365235 -0.9988176 0.1611669 0.03115177 -0.9864355 -0.03918677 -0.1481001 -0.9881957 -0.8809421 -0.4395396 -0.1753454 -0.7856011 -0.543365 0.2959486 -0.9093325 -0.4117906 -0.05952405 -0.7982099 -0.6023693 -0.003519892 -0.9190632 -0.3903474 0.0543313 -0.8916161 -0.45279 0.001477539 0.1998479 0.01613646 -0.9796941 -0.2727273 -0.1328928 -0.952869 0.08108556 0.04402661 -0.9957343 0.04394155 -0.1809882 -0.9825032 -0.03180676 0.05865496 -0.9977716 0.02426576 -0.006927251 -0.9996815 0.06877756 0.1190408 0.9905045 -0.09469485 0.2827584 0.9545055 -0.1650059 -0.008580505 0.9862552 0.06876134 0.1190352 0.9905062 -0.02554059 0.2832767 0.9586982 -0.09470552 0.2827568 0.9545049 -0.1457675 -0.9608271 0.2357189 0.1665078 -0.8194949 0.5483642 -0.2955191 -0.7425176 0.6011125 -0.03711479 0.8761057 -0.4806883 -0.06355136 0.9085739 -0.4128615 -0.02398806 0.8759952 -0.481723 -0.9936592 0.02214181 -0.1102324 -0.9595528 0.02643948 0.2802847 -0.9900569 0.1107776 -0.08669251 0.9977211 0.06491214 0.01841861 0.9842121 -0.03388303 0.1737203 0.9911763 -0.08665764 -0.1003012 0.1998488 0.5709267 -0.796306 -0.272727 0.4331278 -0.859081 0.08108627 0.6029882 -0.7936185 0.04394185 0.4104526 -0.9108226 -0.03180629 0.6161751 -0.7869668 0.02426624 0.5633416 -0.8258677 0.06876134 -0.6928408 0.7178047 -0.09470993 -0.5615376 0.822013 -0.1650231 -0.7701336 0.616167 0.06874805 -0.6928467 0.7178002 -0.02556884 -0.5644609 0.8250637 -0.09474575 -0.5615316 0.8220132 -0.1380403 -0.6361232 -0.759139 0.1742312 -0.8526728 -0.492537 -0.2879433 -0.8688435 -0.4027404 -0.1114762 0.8234425 0.5563412 -0.03611445 0.8130153 0.5811213 -0.04932427 0.8119717 0.5816091 -0.9958457 0.07652884 -0.04934394 -0.9563671 -0.2310894 0.1787731 -0.9915118 0.1195512 0.0511071 0.9969537 0.0224334 0.07470059 0.9841789 -0.1610172 0.07392895 0.992947 0.01253372 -0.1178947 0.1998441 0.5709289 -0.7963055 -0.272731 0.4331286 -0.8590794 0.08108186 0.60299 -0.7936176 0.04394358 0.4104554 -0.9108213 -0.03180444 0.6161776 -0.7869648 0.02426707 0.5633434 -0.8258665 0.06878399 -0.6928231 0.7178196 -0.0946874 -0.5615195 0.8220282 -0.1649989 -0.7701227 0.6161871 0.06877779 -0.6928207 0.7178225 -0.02552103 -0.5644344 0.8250834 -0.09468638 -0.5615118 0.8220336 0.03694504 -0.9293741 -0.367286 -0.2823758 -0.9588776 -0.02859735 -0.1615093 -0.873414 -0.4594157 -0.04049241 0.9662768 0.2543019 -0.0628398 0.9427017 0.3276655 -0.02805143 0.9671233 0.2527564 -0.9985281 -0.004518449 0.0540474 -0.9078494 -0.271736 0.3193262 -0.9892699 0.05124366 0.1368175 0.9918061 0.1147962 -0.05605882 0.9976318 -0.06620389 -0.01865309 0.9680258 0.06776803 -0.2415239 0.199844 0.5709286 -0.7963057 -0.272731 0.4331283 -0.8590796 0.0810818 0.6029897 -0.7936177 0.04394245 0.4104554 -0.9108213 -0.03180587 0.6161774 -0.786965 0.02426767 0.5633447 -0.8258656 0.06876766 -0.6928419 0.717803 -0.09470361 -0.5615407 0.8220118 -0.1650143 -0.7701388 0.6161629 0.06876945 -0.6928415 0.7178032 -0.02550733 -0.5644527 0.8250713 -0.09466636 -0.5615245 0.8220272 -0.1282724 -0.863944 -0.4869774 0.1627025 -0.976747 -0.1396182 -0.3032432 -0.9491776 -0.08429503 -0.09992802 0.9685992 0.2276625 -0.02663767 0.9651107 0.2604838 -0.04047715 0.964672 0.2603262 -0.9707111 0.1576929 -0.1812545 -0.9890161 -0.1143662 0.09363538 -0.9721936 0.2132076 -0.0968613 0.9818162 -0.05095189 0.1828687 0.9493045 -0.2302861 0.2139846 0.9955626 -0.09399121 -0.004572749 0.1998466 0.1852583 -0.9621543 -0.2727286 0.03383505 -0.961496 0.08108413 0.2155014 -0.9731314 0.04394048 -0.008409619 -0.9989988 -0.03180736 0.230265 -0.9726081 0.02426797 0.1660028 -0.9858267 0.06878703 -0.3288147 0.9418861 -0.09468793 -0.1659544 0.981577 -0.1649951 -0.4415599 0.8819306 0.06873124 -0.3288553 0.9418759 -0.02557003 -0.1673656 0.9855633 -0.09473526 -0.1659887 0.9815666 0.03416639 -0.9729619 0.2284246 -0.285107 -0.8032762 0.5229356 -0.1640899 -0.9790453 0.1206028 -0.03433543 0.9367286 -0.3483688 -0.05700147 0.9597742 -0.2749261 -0.0219112 0.9364725 -0.3500558 -0.9985826 0.0147733 0.05113339 -0.9061876 -0.0913797 0.4128848 -0.9905884 0.1002949 0.09314268 0.9892291 0.08491766 -0.1192262 0.9985686 -0.05333197 0.004067122 0.9652765 -0.04785639 -0.2568094 0.1998508 0.1852644 -0.9621522 -0.2727243 0.03384113 -0.961497 0.08108866 0.2155076 -0.9731295 0.04394322 -0.00840938 -0.9989987 -0.03180474 0.2302652 -0.9726081 0.02426362 0.165997 -0.9858278 0.06881242 -0.3288456 0.9418734 -0.09465694 -0.1659834 0.9815751 -0.1649739 -0.4415809 0.881924 0.06878143 -0.3288487 0.9418746 -0.02551847 -0.1673598 0.9855656 -0.09468436 -0.1659832 0.9815725 -0.1321619 -0.9830985 0.1266908 0.1596643 -0.8669483 0.4721315 -0.3060798 -0.8098047 0.5005314 -0.09249353 0.9102106 -0.4036852 -0.01924407 0.9267807 -0.3751097 -0.03304833 0.926423 -0.3750311 -0.9642624 0.06712281 -0.2563061 -0.9924972 -0.03382164 0.1174972 -0.9645991 0.1531202 -0.2147156 0.9813272 0.03064823 0.1898886 0.9450398 -0.1069661 0.3089629 0.9935623 -0.1015368 0.05024284 0.1434046 0.9845563 -0.1004198 -0.009890556 0.997122 0.07516622 0.2753578 0.9510594 0.1402293 0.1454316 0.9845864 -0.09715652 -0.01648259 0.9998491 0.005501747 -0.008770763 0.9971372 0.07510304 -0.07569587 -0.1174348 0.9901915 0.2777423 -0.2412397 0.9298724 0.1467186 0.1912548 0.9705129 0.1656503 0.007606863 -0.9861553 0.009187042 -0.09131783 -0.9957795 0.02274751 -0.09195429 -0.9955034 0.1200255 0.4044971 0.9066289 0.01179629 0.04431349 0.9989481 0.2906731 -0.006213605 0.9568023 -0.9957188 0.09072244 0.01770883 -0.992928 0.06968593 0.09611433 -0.9843642 0.1680864 0.05267184 0.92159 0.2737332 0.275213 0.9969491 -0.05454999 -0.05582737 0.9687282 0.1779934 -0.1728699 0.02038931 0.1213098 -0.9924052 0.1315219 -0.02482771 -0.9910023 0.007915318 0.1231807 -0.9923527 -0.02719515 -0.9838078 -0.1771513 0.1510632 -0.9457145 0.2877569 -0.04251796 -0.9976462 -0.05379909 0.1892312 -0.9812282 -0.03718471 -0.04412674 -0.9974667 0.05579572 0.01805114 -0.9998294 -0.003951728 -0.9977045 -0.0321061 0.05962431 -0.9938122 -0.1063677 0.03199237 -0.986369 -0.1360069 0.09261971 0.9831225 -0.03894865 -0.1787551 0.9223044 -0.3638481 0.130266 0.966351 -0.2539362 -0.0410161 0.719435 0.689752 -0.08158105 0.5911446 0.8065657 -5.32717e-5 0.5844916 0.8085085 0.06843787 0.7182118 0.6906289 -0.08487439 0.5872914 0.8064373 0.06890344 0.7927866 0.593468 0.1388711 -0.7512379 0.6474031 0.1284956 -0.7403188 0.6701928 0.05262815 -0.7388203 0.6706892 0.06573146 0.5630983 -0.8136019 0.1448175 0.798458 -0.5755391 -0.1766912 0.8314829 -0.478057 0.2830156 0.9454631 -0.3144702 -0.08490067 0.9870708 -0.1447185 0.06890428 0.894146 -0.4256976 0.1388692 0.9452564 -0.315955 -0.08162587 0.9889774 -0.1480668 -1.24032e-4 0.9876075 -0.1412658 0.06837636 -0.3922489 -0.9083212 0.1452358 -0.06567698 -0.9821294 -0.1763756 0.03462535 -0.958433 0.283209 0.1581175 0.9790397 0.1283749 0.1830822 0.9817003 0.05239856 0.1842867 0.9806836 0.06555914 -0.01158243 -0.0344004 -0.9993411 -0.03392374 -0.09059572 -0.9953099 -0.04971307 -0.04409992 -0.9977895 -0.07012355 0.06908166 0.9951434 0.01067835 0.03470194 0.9993407 0.02967524 0.05927592 0.9978005 0.09986197 -0.02206838 -0.9947566 0.01410943 -0.05947494 -0.9981302 0.06051003 0.07706987 -0.9951878 -0.02101296 -0.02574998 -0.9994476 -0.03258574 -0.08726346 -0.9956522 -0.04046779 -0.04871338 -0.9979928 0.005887627 0.06174111 0.9980749 -0.07185518 -0.04392647 0.9964473 -0.04686027 -0.08396828 0.995366 0.01104348 0.09242212 0.9956587 0.02115666 0.02564936 0.9994471 0.01517391 0.06076639 0.9980367 0.1037192 0.002323269 -0.9946039 0.03133285 -0.0520538 -0.9981526 0.03568613 0.09153538 -0.9951622 -0.01422536 -0.03837943 -0.999162 -0.007474601 -0.1024478 -0.9947104 -0.02235066 -0.06762462 -0.9974605 -0.009379267 0.06078779 0.9981067 -0.06133937 -0.05995392 0.9963147 -0.03184872 -0.09240484 0.9952121 0.01168739 0.101892 0.9947269 0.01459991 0.03818553 0.9991641 -0.001671731 0.07260549 0.9973593 0.09996229 0.02201235 -0.9947477 0.03998118 -0.04567933 -0.9981558 0.01470726 0.09582674 -0.9952895 -9.41949e-4 -0.03754591 -0.9992945 0.0166133 -0.09674876 -0.9951702 -0.002912759 -0.06750005 -0.9977151 -0.0211305 0.0584433 0.9980671 -0.04739731 -0.06979972 0.9964344 -0.00813806 -0.09585279 0.9953622 -0.0273056 0.09440338 0.9951595 0.001208066 0.03753346 0.9992947 -0.0209009 0.06457507 0.997694 0.093463 0.2808204 -0.9551988 0.006426215 0.6228412 -0.7823219 0.3053727 0.5994611 -0.7398608 -0.953554 0.1972092 0.2276913 -0.823516 0.5608486 -0.08526688 -0.9351557 0.3200707 -0.1517848 -0.01085907 0.5580645 0.8297265 0.1149832 0.6581324 0.7440704 -0.0216124 0.5552455 0.8314056 0.9027027 0.4290974 -0.03167849 0.8998523 0.4329147 0.05339211 0.9343288 0.3563117 -0.00846666 0.03436523 -0.5006337 -0.8649769 0.1949281 -0.7461466 -0.6366069 -0.05867737 -0.531266 -0.8451707 -0.990081 -0.1217868 0.07005542 -0.8950404 -0.4072846 -0.1817196 -0.8381555 -0.4443265 0.3163378 -0.01358568 -0.5654438 0.8246749 0.1599641 -0.6164869 0.7709446 0.07542562 -0.4164161 0.9060401 0.9091865 -0.4161616 -0.01376867 0.879767 -0.4746545 0.02670538 0.9105868 -0.4126595 -0.02332311 -0.9954952 -0.09280335 -0.01941615 -0.9980604 0.05371224 -0.03147441 -0.9938454 -0.04849672 -0.09959715 -0.9961783 -0.08293855 -0.02738481 -0.9989077 -0.04620778 -0.006955564 -0.9996646 -0.01829785 -0.01832669 0.9954773 0.0395711 0.08636736 0.9844657 -0.005481541 0.1754918 0.9808238 0.002646386 0.1948788 0.9742957 0.04723739 0.2202645 0.9588822 0.02036416 0.2830728 0.9626682 -0.01140433 0.270444 6.71276e-4 -0.01176267 0.9999307 0.002412319 0.1430607 0.9897111 -0.05129987 0.1053147 0.993115 -0.008363068 -0.09361821 0.9955731 0.006345808 -0.06389951 0.9979362 0.02241998 -0.02923226 0.9993212 0.09028965 -0.04680645 -0.9948151 0.04484128 -0.131309 -0.9903268 0.008640408 0.008827328 -0.9999238 -0.02274596 0.02905344 -0.9993191 -0.03145468 0.05819487 -0.9978097 -0.04997086 0.08304691 -0.995292 0.00265491 -0.0110715 0.9999352 -0.03203725 0.1398541 0.9896537 -0.07505077 0.09104979 0.9930143 -0.009599983 -0.1027679 0.9946591 0.0214954 -0.07034748 0.997291 0.01842337 -0.03957033 0.9990469 0.09967917 -0.02490925 -0.9947078 0.07659804 -0.1162508 -0.9902619 0.006593048 0.01054412 -0.9999227 -0.01823443 0.03965592 -0.9990471 -0.04652595 0.05699515 -0.9972898 -0.01398688 0.1027995 -0.9946038 -0.01839005 0.03301566 -0.9992856 -0.05699372 0.0392096 -0.9976044 0.002669513 0.09698045 -0.9952827 -0.008071303 -0.09657734 0.9952929 0.03164982 -0.05994671 0.9976997 0.01888597 -0.0327804 0.9992842 -0.1708115 -0.9743703 -0.1463767 0.1635532 -0.9707292 0.1758841 -0.06031811 -0.9970175 0.04814571 -0.1974012 0.9782202 0.06417179 -0.2208093 0.9752408 -0.01219016 -0.1962189 0.9792215 0.05122005 -0.9974669 0.01247441 0.07003045 -0.9824698 -0.1667576 -0.08333629 -0.9871702 -0.1589425 -0.01524311 -0.9971183 0.009948909 0.07520741 -0.9789045 0.134222 -0.1540475 -0.9836857 -0.1588901 -0.08435863 -0.02879738 -0.9825587 0.1837092 -0.05802392 -0.9963582 0.06247949 0.1308017 -0.9497674 -0.2843112 -0.4543475 0.8877419 0.07404476 -0.6055368 0.7914736 -0.08303475 -0.599693 0.800085 -0.01525098 -0.4563669 0.8862866 0.07890069 -0.3362597 0.929134 -0.1537519 -0.5968019 0.7979339 -0.08443361 0.7301447 0.6802372 0.06454485 0.7144019 0.6996404 -0.01154643 0.7316598 0.6797447 0.051198 -0.9550312 0.29125 0.05557858 -0.9602058 -0.04543995 -0.2755724 -0.983241 0.05879747 0.1725689 0.1700421 -0.984974 0.03020191 -0.003459513 -0.9999653 0.007582366 -0.06052529 -0.996546 -0.05685853 0.1335192 -0.1766407 0.9751772 0.02345788 0.193041 0.9809103 -0.07124823 0.1300866 0.9889395 0.991083 0.1243994 -0.04774177 0.9941161 0.1038531 0.03078657 0.9996554 0.0259025 -0.004261076 0.9856282 -0.1686047 -0.01047641 0.9953295 -0.09495818 0.01738154 0.9952188 -0.09298688 0.02988517 -0.9772192 -0.1137422 0.1791799 -0.9675684 0.2166923 -0.1298302 -0.9352009 -0.1994305 -0.2926206 0.8802383 -0.4346973 0.1903122 0.8754644 -0.4773404 0.07555276 0.9104576 -0.3030695 -0.2814533 -0.9232828 -0.354905 -0.1469402 -0.7479291 -0.6407768 0.1732263 -0.8856123 -0.4621821 0.04559189 0.203987 0.04682379 -0.9778532 0.02479338 0.02558046 -0.9993653 0.01124662 0.2162638 -0.9762703 0.7575809 0.6508076 0.05020838 0.805725 0.5917192 0.02599567 0.7406187 0.671815 -0.01219475 0.2811294 0.06473517 0.9574841 -0.0700798 -0.06834024 0.9951977 0.1486963 -0.3713564 0.9165064 0.1529704 0.981759 0.112913 0.2956557 0.9444221 -0.1437173 0.01929795 0.9967456 -0.07826858 -0.08214497 0.003775775 0.9966133 0.2358505 0.2357152 0.9427688 -0.2051252 0.2886294 0.9352095 -0.01618421 0.09755849 0.9950983 0.3014471 -0.12239 0.9455952 0.07030922 0.3440883 0.9363012 0.07796341 0.1943272 -0.9778336 -0.008286893 0.03183019 -0.999459 -0.1956474 0.06671631 -0.9784024 -0.1660867 0.9848905 0.04904961 -0.09068894 0.9955965 0.02373093 -0.1917297 0.9813482 -0.01398462 -0.06429576 -0.1212763 -0.9905343 -0.03681349 -0.247392 -0.968216 -0.07496827 -0.2725574 -0.9592144 0.0215469 0.1036897 -0.9943763 -0.00699073 0.04685974 -0.9988771 0.01512861 0.07388567 -0.997152 -0.01533228 0.2004502 0.979584 0.04517853 0.1341438 0.9899315 0.06930351 0.2725555 0.9596408 0.006724536 -0.04687225 0.9988783 -0.0108571 -0.1060343 0.9943032 0.008684158 -0.07681035 0.9970079 -0.917365 -0.3702446 -0.1461529 -0.7374529 -0.6521486 0.175686 -0.8780962 -0.4760964 0.0477432 -0.00606054 0.1095559 -0.9939622 0.1045893 0.252921 -0.9618171 0.1247028 -0.005782485 -0.9921773 -0.02322375 0.1075571 -0.9939277 -0.02275729 0.04421657 -0.9987628 -0.006314456 0.07899826 -0.9968549 -0.0307039 -0.1352136 -0.9903407 0.02613151 -0.2509772 -0.9676402 -0.005497157 -0.2846931 -0.958603 -0.06561982 0.1923512 0.9791298 0.009038865 0.1431943 0.9896534 -6.82544e-4 0.2831777 0.9590673 0.02235907 -0.04443329 0.9987621 0.01934462 -0.1082433 0.9939363 0.03166818 -0.0732342 0.9968119 0.001646101 -0.1381289 -0.9904129 0.08286637 -0.2379458 -0.9677371 0.05603069 -0.2797158 -0.9584465 0.02142208 0.09932148 -0.9948249 -0.02111339 0.03908568 -0.9990129 -0.02458542 0.06972348 -0.9972634 -0.1079013 0.1718131 0.9792025 -0.02113825 0.1398622 0.9899453 -0.0715155 0.2715891 0.9597526 0.0212813 -0.03900939 0.9990122 0.03166234 -0.09933215 0.9945505 0.04915696 -0.05660849 0.9971857 0.01811921 -0.1341001 -0.9908022 0.1141124 -0.2214699 -0.9684676 0.09758418 -0.2636296 -0.9596754 0.04810923 0.09668475 -0.9941517 -0.02243435 0.04891633 -0.9985509 -0.0395857 0.07381516 -0.9964861 0.02318453 -0.04856085 0.9985512 0.04716855 -0.1039886 0.9934594 0.05851006 -0.05833989 0.9965807 -0.1301183 0.1527777 0.9796572 -0.03391504 0.1316068 0.9907217 -0.1179064 0.2465047 0.9619426 0.961186 -0.275509 0.01471263 0.8977864 -0.4402175 0.01371997 0.865462 -0.4993607 -0.04018056 -0.02235186 -0.1043683 -0.9942876 0.1352898 -0.1996026 -0.9704925 -0.008380591 -0.1037266 -0.9945706 0.160736 0.9816554 0.102551 0.005768239 0.9968873 -0.07862967 0.005089581 0.9999448 -0.0091995 0.201146 0.05763214 -0.9778644 0.02324193 0.025343 -0.9994087 -0.01800692 0.2124047 -0.9770159 -0.008551001 0.1121418 0.9936555 0.2797126 -0.1394613 0.9499008 0.107617 0.3417543 0.9336073 -0.1020216 0.01911163 0.9945986 0.2239964 0.2310281 0.9468113 -0.1688767 0.3163635 0.9334854 0.07534033 0.1929245 -0.978317 -0.01239997 0.03058642 -0.9994552 -0.1834235 0.1158452 -0.9761843 -0.1590895 -0.9763268 -0.1465494 0.1760421 -0.9690492 0.1730689 -0.04721194 -0.9978561 0.04532337 0.07790082 -0.06850206 -0.994605 0.01405572 -0.1392884 -0.9901521 0.01196646 0.005459964 -0.9999135 -0.0027076 0.03991234 -0.9991996 -0.001826763 0.06996452 -0.9975478 -0.002698957 0.1003783 -0.9949457 -0.003718495 -0.0104494 0.9999386 0.03491222 0.1394831 0.9896089 -0.02587056 0.1158033 0.9929352 -0.04256737 -0.09044909 0.994991 -0.01696532 -0.06765627 0.9975644 0.002400994 -0.0399267 0.9991998 0.1086607 0.7809443 -0.6150764 0.01973724 0.497399 -0.8672973 -0.07305061 0.5672981 -0.8202661 0.9593167 0.2684718 0.08737546 0.7667918 0.5988324 -0.2311496 0.8493642 0.5056114 0.151452 0.02531415 0.5675793 0.8229295 0.1478214 0.4452366 0.883127 0.1386743 0.6654327 0.7334635 -0.9045038 0.4147258 -0.09937477 -0.9063404 0.4222908 -0.01475882 -0.8693047 0.4928959 -0.03691864 0.009269535 -0.6227551 -0.7823621 0.1617271 -0.311169 -0.9364926 0.2342471 -0.7050436 -0.6693593 0.7249785 -0.685602 -0.06600087 0.8860765 -0.4257106 0.1834096 0.8118432 -0.5838205 0.008016288 0.1733484 -0.4908899 0.8538017 -0.002578735 -0.5578919 0.8299098 0.08890724 -0.6863136 0.7218512 -0.9044687 -0.4255443 -0.02913051 -0.9280844 -0.3656228 -0.0705657 -0.881099 -0.4664719 -0.07790118 0.9942045 -0.09436964 -0.05149638 0.9999935 0.003528177 -7.45065e-4 0.999781 -0.004423558 -0.02045363 0.9993218 -0.03337216 0.0155667 0.9998156 0.01134639 0.01549482 0.99879 0.02631574 0.04154497 0.1998419 -0.5119205 0.8354644 -0.2727331 -0.3699448 0.8881203 0.08107954 -0.5440917 0.8350991 0.04394334 -0.3435972 0.9380885 -0.03180491 -0.5577278 0.8294144 0.02426773 -0.5022225 0.8643978 0.06872665 0.6391783 -0.7659815 -0.09474301 0.5006871 -0.860428 -0.1650553 0.7236075 -0.6701857 0.06875705 0.6391572 -0.7659965 -0.02554255 0.5033574 -0.8637007 -0.09470778 0.5006624 -0.8604462 -0.1403391 0.7892169 0.5978643 0.1710158 0.9421459 0.2882965 -0.2907245 0.935965 0.1986173 -0.1086375 -0.9210908 -0.3738849 -0.0333175 -0.9156614 -0.4005674 -0.04658061 -0.9148263 -0.4011524 -0.995017 -0.07551616 0.06510412 -0.9585571 0.1998532 -0.2030443 -0.9911201 -0.1304835 -0.025595 0.9965459 -0.02496898 -0.07920247 0.9819105 0.1566469 -0.1063655 0.9938575 0.01280093 0.1099247 -0.9938739 0.09710568 0.05277508 -0.999637 -6.93001e-4 0.02693641 -0.999957 -0.007732152 0.00511831 -0.9987725 0.04106402 -0.02770215 -0.9987902 -0.02588254 -0.04181438 -0.9995263 -0.02975046 -0.007887065 0.02740573 0.04131448 -0.9987703 0.02384346 0.02884912 -0.9992994 0.1079015 -0.1233839 -0.9864754 -0.05026662 0.02813422 0.9983395 -0.1527038 -0.2322798 0.9605872 0.2887632 -0.1473846 0.9459882 -0.06138008 0.05781966 0.9964384 -0.2197227 -0.1836383 0.9581227 0.274555 -0.1456571 0.9504755 -0.07481896 -0.025231 0.9968779 0.06068128 -0.2788013 0.9584298 0.2756818 0.1462497 0.9500582 -0.4053463 -0.9032717 0.1406936 -0.3023285 -0.9518339 -0.0510869 -0.079023 -0.9806015 -0.1793769 -0.05475872 -0.02693563 0.9981363 0.1054359 -0.2580923 0.9603497 0.2719832 0.1780042 0.9456954 0.5757591 -0.8053166 0.1413033 0.6695873 -0.7409715 -0.05112874 0.8072695 -0.5623919 -0.1789729 0.1537427 0.9860929 0.06311929 0.1264207 0.9840115 0.1254555 0.2280854 0.9696995 0.08752274 0.02387613 0.04173803 -0.9988433 0.02015209 0.02964293 -0.9993574 0.1030863 -0.1231973 -0.9870136 -0.7646037 0.6412613 0.06453883 -0.7767168 0.6169241 0.1269481 -0.7121319 0.6963736 0.08906221 -0.01955956 0.04340815 -0.9988659 -0.01107192 0.03322684 -0.9993865 0.1623192 0.01907271 -0.986554 -0.02139753 0.04366469 -0.9988171 -0.01277142 0.03463709 -0.9993184 0.1611924 0.03115916 -0.986431 -0.1457496 -0.9608344 0.2357002 0.04453092 -0.935311 0.3510137 0.1664972 -0.819504 0.5483539 -0.03712153 0.8760805 -0.4807339 -0.09920853 0.8587082 -0.5027702 -0.06355899 0.9085798 -0.4128473 -0.993658 0.02214658 -0.1102421 -0.9598489 -0.266866 -0.08644443 -0.9595463 0.02645146 0.2803058 0.9977231 0.06488656 0.01839357 0.998428 0.05155479 0.02199542 0.9842104 -0.03388118 0.1737296 -0.1380293 -0.6361204 -0.7591435 0.05250805 -0.7274039 -0.6841977 0.174228 -0.8526787 -0.4925279 -0.1114699 0.8234397 0.5563467 -0.07533812 0.7644439 0.6402733 -0.03611987 0.8130229 0.5811104 -0.9958456 0.0765292 -0.0493443 -0.960307 -0.112291 -0.2553451 -0.9563671 -0.2310925 0.1787686 0.9969537 0.02243298 0.07470077 0.9977326 0.01265108 0.06610459 0.9841797 -0.1610174 0.0739184 0.03696912 -0.929374 -0.3672836 0.1714008 -0.9730486 -0.154267 -0.2823787 -0.9588763 -0.02861231 -0.04051733 0.9662782 0.254293 -0.1049672 0.9670849 0.2317945 -0.06286281 0.9426985 0.3276703 -0.9985283 -0.004523396 0.05404549 -0.9645586 -0.2381266 -0.1136774 -0.9078521 -0.2717598 0.3192977 0.9918071 0.1147857 -0.05606293 0.992722 0.1022727 -0.06358855 0.9976301 -0.06622231 -0.01868045 -0.128292 -0.8639444 -0.4869715 0.05549716 -0.9255309 -0.3745834 0.1626967 -0.9767487 -0.1396138 -0.09992951 0.9685972 0.2276698 -0.0711022 0.9413128 0.3299617 -0.02664417 0.9651152 0.2604668 -0.9707094 0.1577057 -0.1812519 -0.9366447 -0.08097475 -0.3407929 -0.9890171 -0.1143518 0.09364187 0.9818157 -0.05096143 0.1828683 0.9824667 -0.06344902 0.17531 0.949302 -0.2302876 0.2139937 0.03418093 -0.972963 0.2284182 0.1686804 -0.8876443 0.4285259 -0.2850987 -0.803299 0.5229049 -0.03433901 0.9367253 -0.3483771 -0.09876471 0.924747 -0.3675438 -0.0569908 0.9597784 -0.2749137 -0.9985826 0.01477384 0.05113363 -0.9611974 -0.2747116 0.02516049 -0.9061899 -0.09140413 0.4128746 0.9892297 0.08491039 -0.1192265 0.9903854 0.06962454 -0.1195384 0.9985682 -0.05333942 0.00407207 -0.1321541 -0.9831001 0.1266871 0.05177277 -0.9659706 0.2534179 0.1596637 -0.8669466 0.4721347 -0.09250295 0.9102084 -0.403688 -0.06393808 0.9500252 -0.3055556 -0.01925832 0.9267823 -0.3751051 -0.9642628 0.06712245 -0.2563042 -0.9373309 -0.2246881 -0.2663196 -0.9924972 -0.03379797 0.1175034 0.9813262 0.03063499 0.1898962 0.981708 0.01519513 0.1897853 0.9450371 -0.1069777 0.3089669 -0.07569921 -0.1174256 0.9901924 0.01835918 -0.1677816 0.9856533 0.2777317 -0.2412585 0.9298708 0.1656506 0.007606625 -0.9861552 0.1203699 -0.2451395 -0.9619863 0.009187579 -0.09131765 -0.9957795 0.1200577 0.4044837 0.9066306 -0.08070099 0.105701 0.991118 0.01179367 0.0443136 0.998948 -0.9957187 0.09072256 0.01770979 -0.9953228 0.0913614 0.03139537 -0.9929282 0.06968408 0.09611374 0.9215905 0.2737296 0.2752148 0.9743912 -0.1618184 0.15613 0.9969494 -0.05455267 -0.05582028 0.02038896 0.1213105 -0.9924052 0.1513026 0.2320943 -0.9608537 0.1315286 -0.02482193 -0.9910016 -0.9977046 -0.0321055 0.05962371 -0.9939231 -0.1083415 0.01946854 -0.9938122 -0.1063668 0.03199237 0.983124 -0.03893035 -0.1787505 0.9546684 0.05223578 0.2930525 0.9223046 -0.3638457 0.1302713 -0.7512333 0.6474091 0.1284916 -0.6840811 0.723899 0.08946108 -0.7403423 0.670168 0.05261462 0.5631121 -0.8135949 0.1448035 0.6577897 -0.7516264 -0.04868757 0.7984558 -0.5755392 -0.1767004 -0.3922603 -0.9083229 0.1451944 -0.2896974 -0.9558835 -0.04860299 -0.06567436 -0.9821259 -0.1763961 0.1581214 0.9790353 0.1284043 0.2581943 0.9619493 0.08938395 0.1830815 0.9816987 0.05243074 0.09346014 0.2808524 -0.9551896 -0.08029431 0.5580734 -0.8258976 0.006433248 0.6228488 -0.7823159 -0.9535641 0.1971631 0.2276891 -0.7569323 0.6209891 0.2035344 -0.8235468 0.5608026 -0.08527058 -0.01087731 0.558081 0.8297153 0.1041897 0.4420127 0.8909374 0.1149889 0.6581458 0.7440576 0.9027066 0.4290906 -0.03165841 0.9019082 0.4316169 -0.01638597 0.8998568 0.43291 0.05335724 0.03436434 -0.5006352 -0.8649761 0.2580644 -0.3673834 -0.8935504 0.1949287 -0.7461652 -0.6365849 -0.9900848 -0.1217546 0.07005637 -0.9673549 -0.2532658 -0.009000837 -0.8950388 -0.4072941 -0.1817063 -0.01357781 -0.5654371 0.8246798 0.001243829 -0.5663977 0.8241312 0.1599348 -0.6164692 0.7709648 0.9091826 -0.41617 -0.01377791 0.927438 -0.3723604 0.03473472 0.8797609 -0.4746649 0.02672111 -0.1708168 -0.9743701 -0.1463718 0.2551084 -0.9242515 -0.2840402 0.1635665 -0.9707288 0.1758739 -0.1973997 0.9782236 0.06412452 -0.121244 0.9922663 0.02659863 -0.2208073 0.9752408 -0.01223421 0.7301655 0.6802169 0.06452524 0.7821717 0.6224355 0.02795654 0.7143955 0.6996465 -0.01156812 -0.9550306 0.2912537 0.0555675 -0.9074192 0.38999 -0.1565188 -0.9602082 -0.04546105 -0.2755602 0.1335034 -0.1766477 0.9751781 0.3020391 0.2270886 0.9258527 0.02344918 0.1930438 0.98091 0.9910826 0.1244038 -0.04774075 0.9945126 0.103213 0.01708364 0.9941163 0.1038513 0.03078699 0.9856279 -0.1686062 -0.01047372 0.9969527 -0.06480121 -0.04343122 0.9953296 -0.09495788 0.01738077 -0.9772186 -0.1137462 0.1791805 -0.993994 0.1012912 0.04142516 -0.9675683 0.2166917 -0.1298319 -0.9232749 -0.3549174 -0.1469603 -0.6607882 -0.6933428 -0.2874628 -0.7479304 -0.6407703 0.1732443 0.2040316 0.04683977 -0.9778432 0.03095805 0.03177344 -0.9990156 0.02481096 0.02554166 -0.9993659 0.7575798 0.6508094 0.05020046 0.7562011 0.6512567 0.06343996 0.8057261 0.5917183 0.02598303 0.2811244 0.06474316 0.957485 0.02077442 -0.01959335 0.9995923 -0.0700789 -0.06833541 0.9951981 -0.08213961 0.003786563 0.9966138 -0.03510677 -0.03660768 0.9987129 0.235866 0.2357396 0.9427588 -0.01617771 0.09756028 0.9950981 -0.03407734 -0.0218594 0.9991801 0.3014376 -0.1223989 0.9455972 0.07796174 0.1943022 -0.9778388 -0.01267474 0.04655438 -0.9988353 -0.008310139 0.03184324 -0.9994583 -0.1660943 0.9848875 0.04908436 -0.1670801 0.9840024 0.06183558 -0.09070903 0.9955935 0.02378338 -0.9173546 -0.370266 -0.1461635 -0.6493465 -0.7053383 -0.2843361 -0.7374451 -0.6521613 0.1756715 -0.0060606 0.1095561 -0.9939622 -0.01816624 0.1077515 -0.9940119 0.1045979 0.2529137 -0.9618181 -0.02235192 -0.104369 -0.9942874 0.09011065 0.05215245 -0.9945654 0.1352921 -0.1995986 -0.970493 0.201148 0.05763673 -0.9778638 0.02951359 0.03266966 -0.9990304 0.02323955 0.02534836 -0.9994085 -0.008547842 0.112133 0.9936565 -0.04325282 -0.01128768 0.9990004 0.2797391 -0.1394699 0.9498917 -0.1020218 0.01911199 0.9945986 -0.04760974 -0.04027956 0.9980536 0.2240039 0.2310219 0.946811 0.07534283 0.1929355 -0.9783145 -0.01648747 0.04579222 -0.998815 -0.01240509 0.0306015 -0.9994547 -0.1590832 -0.9763306 -0.1465309 0.2652957 -0.9201356 -0.2880427 0.1760267 -0.9690549 0.1730529 0.1086512 0.7809443 -0.615078 0.3156985 0.4793345 -0.8188853 0.01974254 0.4973771 -0.8673098 0.9593169 0.2684779 0.08735513 0.9612356 0.179785 -0.2090537 0.7667737 0.5988527 -0.231157 0.02528685 0.5675595 0.8229441 0.01597231 0.5699192 0.8215455 0.1478375 0.4452239 0.8831307 -0.9045041 0.414718 -0.09940463 -0.9071012 0.4198552 -0.02982163 -0.9063368 0.4222972 -0.01478767 0.009267628 -0.6227563 -0.782361 -0.07386684 -0.5950231 -0.800307 0.1617523 -0.311177 -0.9364856 0.7249913 -0.6855871 -0.06601637 0.8793444 -0.3578166 -0.3141987 0.8860732 -0.4257062 0.1834361 0.1733457 -0.4908903 0.853802 0.01322466 -0.5567121 0.8306003 -0.002579569 -0.5578858 0.8299137 -0.9044724 -0.4255371 -0.0291208 -0.9030268 -0.4291527 -0.01925283 -0.928092 -0.3656026 -0.07056915 -0.1403547 0.7892279 0.5978461 0.05082529 0.8621045 0.5041754 0.1710397 0.942147 0.2882787 -0.1086585 -0.9210896 -0.3738815 -0.07296991 -0.8805544 -0.468294 -0.03334051 -0.915654 -0.4005824 -0.9950168 -0.07552075 0.0651018 -0.9597198 0.1474171 0.239178 -0.9585575 0.1998456 -0.2030501 0.996546 -0.02496612 -0.07920169 0.9973334 -0.01355409 -0.07171136 0.9819104 0.1566499 -0.1063622 0.05044096 0.9889365 -0.1395004 -0.1822319 0.9755111 -0.1231654 -0.02287906 0.9916952 0.1265596 0.04932087 0.9895143 -0.1357532 -0.1376546 0.9743546 -0.1780008 -0.1813188 0.975668 -0.1232706 -0.757059 -0.01543146 0.6531644 -0.4776723 -0.1769043 0.860543 -0.5966691 0.2976226 0.7452563 0.7833668 0.1375468 -0.6061497 0.7102149 0.002222239 -0.7039814 0.7186449 0.00243479 -0.6953729 -0.6082823 0.3126899 0.7295325 -0.6792696 -0.06195318 0.7312693 -0.4589878 -0.1052713 0.8821838 -0.7219057 6.99386e-4 -0.6919912 -0.7692584 -0.03869456 -0.6377651 -0.7459855 0.07549649 -0.6616692 0.5132733 0.2296468 0.8269299 0.7029168 -0.1770352 0.688888 0.8231674 0.05170607 0.5654397 0.7187415 0.009200155 -0.6952165 0.7773406 -0.141767 -0.6128978 0.7084553 0.01266926 -0.705642 0.2273082 -0.9735447 0.0232768 0.01805961 -0.8837847 0.4675453 0.1311553 -0.9861117 0.1018933 0.2776129 -0.9213312 0.2721762 0.05192548 -0.9824106 0.1793686 0.1377645 -0.973914 0.1803123 -0.7391995 0.06967347 -0.669873 -0.7332803 -0.009955227 -0.6798536 -0.7739941 -0.03591781 -0.6321733 0.8179427 0.06532061 0.5715795 0.606935 -0.3084362 0.7324596 0.7287144 -0.1813162 0.6603786 0.6456693 -0.2850672 -0.7084122 0.7081451 0.1083909 -0.6976976 0.8537763 0.1979423 -0.4815441 -0.7613995 -0.2745541 -0.5872741 -0.7433251 0.1915394 -0.6409215 -0.5758077 -0.03221535 -0.8169503 -0.7119767 0.03412735 0.7013733 -0.6725461 0.2096223 0.7097467 -0.7228434 0.02462148 0.6905732 0.7345576 0.02033001 0.6782417 0.6915735 0.0819267 0.7176449 0.7047333 -0.04671424 0.7079328 0.7537022 0.01148587 -0.6571158 0.7484024 -0.3283468 -0.5762659 0.656206 -0.01922571 -0.7543368 -0.6490166 0.2944575 -0.7014786 -0.5875672 -0.1167784 -0.8007045 -0.8762536 -0.1524447 -0.4570999 -0.7142454 -0.03207546 0.69916 -0.6353867 -0.1959518 0.7469181 -0.6360343 0.1277382 0.7610147 0.7206843 -0.02426993 0.6928385 0.7090441 -0.09636437 0.6985487 0.7309119 -0.0151537 0.6823036 -0.7569229 -0.01667755 0.6532914 -0.6812148 -0.07521539 0.7282096 -0.4781103 -0.1778628 0.8601021 0.7937597 0.1240671 -0.5954435 0.7907513 -0.1364066 -0.596746 0.7087486 -4.26641e-4 -0.705461 -0.6456482 0.3226956 0.6921026 -0.7569147 -0.01700502 0.6532925 -0.6790177 -0.06175929 0.7315195 -0.7233838 -0.002169013 -0.6904428 -0.7327757 -8.39613e-4 -0.6804698 -0.7694381 -0.03830671 -0.6375716 0.489858 0.1896263 0.8509295 0.5703371 -0.2765187 0.7734682 0.7147768 -0.1758227 0.6768904 0.717186 0.01238173 -0.6967718 0.7934901 0.131074 -0.5943006 0.756777 -0.1594143 -0.6339367 -0.7413831 0.06878155 -0.667548 -0.7239703 -0.0121811 -0.6897236 -0.7337058 -0.008850038 -0.6794098 0.8170245 0.06846266 0.572524 0.4743177 0.1421212 0.8688064 0.6065612 -0.3082733 0.7328377 0.6961205 -0.286301 -0.6583678 0.6435123 0.04396396 -0.7641722 0.7421792 0.07549393 -0.665936 -0.8134201 -0.2317839 -0.5335018 -0.7660882 0.3082661 -0.5639866 -0.6788104 0.2034193 -0.7055757 -0.7127405 0.03063893 0.7007584 -0.6007864 -0.06254911 0.7969588 -0.6911846 0.2148431 0.6900046 0.7330721 0.02865713 0.679547 0.723463 0.02879726 0.6897624 0.6850714 0.07221984 0.7248872 0.7309231 0.03926104 -0.6813297 0.8668217 0.1409656 -0.478277 0.6401743 -0.3470774 -0.685357 -0.648637 0.2942168 -0.7019307 -0.6669861 0.1534286 -0.7291017 -0.5966661 -0.1359707 -0.7908865 -0.712485 -0.0397343 0.7005614 -0.7018445 -0.03771841 0.7113309 -0.6038003 -0.1646171 0.7799528 0.7214861 -0.01761788 0.6922048 0.6782176 0.01260828 0.734753 0.7327725 -0.09802818 0.6733759 0.04395657 0.4169273 0.9078764 0.006285905 0.424811 0.9052603 0.09477716 0.3201798 0.942604 0.1723987 0.3236838 0.9303265 0.2564905 0.295845 0.9201567 0.1276875 0.4267703 0.8953005 0.02094268 0.05346077 0.9983503 0.04224151 0.1393951 0.9893355 0.05495184 0.07650125 0.9955541 -0.2473738 0.643898 0.7240177 -0.2450574 0.6049174 0.7576424 -0.3220672 0.5969997 0.7347545 -0.05426949 -0.3349202 0.9406824 -0.08287632 -0.3465806 0.9343519 -0.1498284 -0.2576898 0.9545405 -0.1594542 -0.06402337 0.9851271 -0.04671543 -0.1794691 0.9826539 -0.05248242 -0.1416921 0.9885187 0.03545641 -0.2733364 0.9612649 0.0327689 -0.32139 0.9463798 7.27881e-4 -0.2666668 0.9637885 0.1724449 -0.4416367 0.8804657 0.1486997 -0.429083 0.8909413 0.1951282 -0.4502665 0.8713123 0.0437951 0.361159 0.9314753 0.04688209 0.3306159 0.9426003 0.09179395 0.3242024 0.9415236 0.06442683 -0.01617974 0.9977914 0.0136919 0.04988181 0.9986613 0.03710561 0.03000968 0.9988607 -0.111236 -0.3417779 0.9331744 -0.04375684 -0.4145213 0.9089871 -0.125593 -0.3009304 0.9453398 -0.2173151 -0.2930161 0.9310831 -0.27053 -0.2711718 0.9237312 -0.2102065 -0.3420244 0.915878 -0.1313447 -0.4281659 -0.8941044 -0.262401 -0.3218879 -0.9096889 -0.1706021 -0.3246435 -0.9303234 -0.09486752 -0.3210615 -0.9422949 -0.003063678 -0.4233391 -0.9059662 -0.04301077 -0.4168125 -0.9079743 0.3528708 -0.5581447 -0.7509706 0.2383593 -0.6088343 -0.7566409 0.234969 -0.649681 -0.7229828 -0.01991909 -0.07936084 -0.996647 -0.04224151 -0.1393951 -0.9893355 -0.03270071 -0.05130732 -0.9981474 0.05642002 0.1415168 -0.9883268 0.04044586 0.1793318 -0.982957 0.1689741 0.04565066 -0.9845628 0.1457892 0.2540817 -0.9561319 0.06490951 0.3279018 -0.9424793 0.06730276 0.3444832 -0.9363769 -0.1985548 0.4492893 -0.8710426 -0.147256 0.4300909 -0.890695 -0.167582 0.4444344 -0.8799968 -0.003842473 0.265092 -0.9642156 -0.0327689 0.32139 -0.9463798 -0.03639352 0.2733831 -0.9612165 -0.03703516 -0.029998 -0.9988636 -0.01194131 -0.04992485 -0.9986817 -0.0760554 0.01250398 -0.9970253 -0.0933972 -0.3257483 -0.9408321 -0.05134361 -0.3324505 -0.9417222 -0.04374486 -0.3611251 -0.9314908 0.2092705 0.3397397 -0.9169421 0.2703495 0.2726193 -0.923358 0.2183339 0.3037261 -0.9274054 0.1229022 0.3092075 -0.9430196 0.02790111 0.4115452 -0.9109621 0.1112366 0.3417774 -0.9331746 -0.02966094 -0.4168878 0.9084739 0.01120322 -0.422843 0.9061337 -0.08139586 -0.3218026 0.9433016 -0.2902687 -0.3298151 0.898313 -0.3731507 -0.303088 0.8768674 -0.2427519 -0.4329851 0.8680988 -0.06678676 -0.002191543 0.997765 -0.0875442 -0.08855098 0.9922171 -0.1006823 -0.02548271 0.9945923 0.2766749 -0.6960063 0.6625906 0.2759182 -0.6591756 0.6995403 0.3523581 -0.6474586 0.6757524 0.03214728 0.3193924 0.9470772 0.06074392 0.3317986 0.9413926 0.1283992 0.2432048 0.9614391 0.1319577 0.2326472 0.9635676 0.01752609 0.3433596 0.9390406 0.02355748 0.3072453 0.9513388 -0.04696398 0.2697823 0.9617754 -0.04586881 0.3179332 0.947003 -0.01255488 0.2639861 0.9644448 0.3430133 -0.1525762 0.9268562 0.3623303 -0.168939 0.9166114 0.3142632 -0.1447809 0.9382309 -0.02521634 -0.3664569 0.9300933 -0.02811998 -0.3356525 0.9415661 -0.07544732 -0.3322676 0.9401627 -0.05364751 0.7784798 0.6253728 -0.02367973 0.7334233 0.6793597 -0.05904853 0.743669 0.6659353 0.08294671 0.3429465 0.9356857 0.01470071 0.4146658 0.9098551 0.09753882 0.3024915 0.9481483 -0.5605999 0.2434958 0.7914781 -0.5152142 0.234328 0.8244057 -0.5602855 0.29935 0.7723146 0.2454537 0.4340395 -0.8668116 0.3771727 0.3270039 -0.8664925 0.2885121 0.3308323 -0.8985048 0.08141022 0.3220027 -0.9432321 -0.01400852 0.4214279 -0.9067538 0.02722251 0.4165439 -0.908708 -0.3838979 0.6074059 -0.6954715 -0.2688131 0.6634179 -0.6982953 -0.2624635 0.7027198 -0.6612851 0.06587994 0.02805882 -0.997433 0.08754426 0.08855104 -0.9922171 0.07852047 9.40189e-5 -0.9969125 -0.02774322 -0.3071196 -0.9512665 -0.011289 -0.3431437 -0.9392151 -0.1418914 -0.2145594 -0.9663494 -0.1241509 -0.2393091 -0.9629734 -0.04273998 -0.312438 -0.9489762 -0.04518651 -0.3293554 -0.9431242 -0.3122787 0.1451948 -0.9388294 -0.3629004 0.1685014 -0.9164664 -0.3442264 0.151791 -0.9265354 0.01645976 -0.2619209 -0.964949 0.04586881 -0.3179332 -0.947003 0.04763913 -0.2697914 -0.9617397 0.05255132 -0.7450344 -0.6649528 0.01833659 -0.7334101 -0.6795392 0.08072978 -0.7729006 -0.6293708 0.07649171 0.333365 -0.9396898 0.03346961 0.3379879 -0.9405551 0.02514338 0.3664045 -0.9301159 0.5650475 -0.2879067 -0.7731954 0.5153036 -0.2361294 -0.8238356 0.5598845 -0.2500673 -0.789934 -0.09479212 -0.3106453 -0.9457875 8.32897e-4 -0.411503 -0.9114081 -0.08293753 -0.3429538 -0.9356838</float_array>
          <technique_common>
            <accessor source="#kebenit_Mesh_005-mesh-normals-array" count="2260" stride="3">
              <param name="X" type="float"/>
              <param name="Y" type="float"/>
              <param name="Z" type="float"/>
            </accessor>
          </technique_common>
        </source>
        <source id="kebenit_Mesh_005-mesh-map-0">
          <float_array id="kebenit_Mesh_005-mesh-map-0-array" count="4626">0.162411 0.5217853 0.1382188 0.5217471 0.1615515 0.5222922 0.162411 0.5217853 0.1378921 0.5215091 0.1382188 0.5217471 0.1498121 0.958184 0.1384978 0.5214349 0.1388418 0.5216854 0.1605778 0.9585946 0.1643734 0.5216333 0.1616197 0.95798 0.162411 0.5217853 0.1488917 0.9575136 0.1378921 0.5215091 0.1615515 0.5222922 0.1616197 0.95798 0.162411 0.5217853 0.1382188 0.5217471 0.1488917 0.9575136 0.1498121 0.958184 0.1615515 0.5222922 0.1498121 0.958184 0.1605778 0.9585946 0.1643734 0.5216333 0.1634686 0.5221669 0.1388418 0.5216854 0.1643734 0.5216333 0.1388418 0.5216854 0.1384978 0.5214349 0.1498121 0.958184 0.1634686 0.5221669 0.1605778 0.9585946 0.1488917 0.9575136 0.1643734 0.5216333 0.1384978 0.5214349 0.1498121 0.958184 0.1488917 0.9575136 0.1384978 0.5214349 0.1605778 0.9585946 0.1634686 0.5221669 0.1643734 0.5216333 0.162411 0.5217853 0.1616197 0.95798 0.1488917 0.9575136 0.1615515 0.5222922 0.1605778 0.9585946 0.1616197 0.95798 0.1382188 0.5217471 0.1378921 0.5215091 0.1488917 0.9575136 0.1615515 0.5222922 0.1382188 0.5217471 0.1498121 0.958184 0.1498121 0.958184 0.1388418 0.5216854 0.1634686 0.5221669 0.1488917 0.9575136 0.1616197 0.95798 0.1643734 0.5216333 0.8730103 0.05646866 0.9329637 0.05644083 0.932584 0.1252464 0.40812 0.1707352 0.1001327 0.1742864 0.0963031 0.1742927 0.932584 0.1252464 0.8713247 0.1249191 0.8730103 0.05646866 0.09984612 0.1742877 0.40812 0.1707352 0.402883 0.1757616 0.9245293 0.1550396 0.9181865 0.161723 0.8846397 0.1616809 0.8846397 0.1616809 0.8774276 0.1547807 0.9245293 0.1550396 0.3784745 0.1887087 0.1056388 0.2011756 0.3737116 0.1977981 0.04971814 0.2002992 0.06158679 0.1891027 0.05045449 0.2006793 0.3742423 0.1977958 0.1055185 0.2011766 0.1049671 0.191829 0.904256 0.01790904 0.9391515 0.05133682 0.8669355 0.05130463 0.4218128 0.1910178 0.4220016 0.2095348 0.4341874 0.2094887 0.4341874 0.2094887 0.4341287 0.1983206 0.4218128 0.1910178 0.4341136 0.1953061 0.402883 0.1757616 0.4169892 0.1734651 0.3784745 0.1887087 0.1051316 0.1921094 0.1056388 0.2011756 0.904256 0.01790904 0.8669355 0.05130463 0.8917553 0.01796311 0.9245293 0.1550396 0.8651124 0.1275074 0.9387177 0.1279007 0.1055185 0.2011766 0.3742423 0.1977958 0.3743332 0.2097276 0.1393932 0.196498 0.1311304 0.2157862 0.1400911 0.2083157 0.1393932 0.196498 0.1400911 0.2083157 0.1400997 0.2082958 0.04985791 0.2002991 0.1049718 0.1871963 0.1049671 0.191829 0.1049671 0.191829 0.04500836 0.2162058 0.04985791 0.2002991 0.1405844 0.2168328 0.1311304 0.2157862 0.1400911 0.2083157 0.1405844 0.2168328 0.1400911 0.2083157 0.1401009 0.2083175 0.1056907 0.2129863 0.1056388 0.2011756 0.1051316 0.1921094 0.1051316 0.1921094 0.04500901 0.2161557 0.1056907 0.2129863 0.0963031 0.1742927 0.402883 0.1757616 0.40812 0.1707352 0.40812 0.1707352 0.402883 0.1757616 0.4431254 0.1851901 0.4431254 0.1851901 0.4431224 0.1844106 0.40812 0.1707352 0.06158679 0.1891027 0.08701044 0.1743428 0.05045449 0.2006793 0.08844727 0.1743371 0.06158679 0.1891027 0.05034762 0.2006846 0.9245293 0.1550396 0.8774276 0.1547807 0.8651124 0.1275074 0.1056907 0.2129863 0.3738012 0.20973 0.3737116 0.1977981 0.06158679 0.1891027 0.09462332 0.1743005 0.104985 0.1896618 0.9245293 0.1550396 0.9387177 0.1279007 0.9446893 0.1302973 0.1049718 0.1871963 0.4043088 0.1836818 0.3784728 0.188427 0.816214 0.4497699 0.8158088 0.4765956 0.9391642 0.4770734 0.8669355 0.05130463 0.8730103 0.05646866 0.8713247 0.1249191 0.08844727 0.1743371 0.06158679 0.1891027 0.0963031 0.1742927 0.8730103 0.05646866 0.9329637 0.05644088 0.9333646 0.06167984 0.9329637 0.05644088 0.9391515 0.05133682 0.9387177 0.1279007 0.8738181 0.05558204 0.8669355 0.05130463 0.9391515 0.05133682 0.8914503 0.1275081 0.8924685 0.0601949 0.9134167 0.06022119 0.1036829 0.1922733 0.1036829 0.1922733 0.373636 0.1888874 0.9134167 0.06022119 0.9123986 0.1275345 0.8914503 0.1275081 0.373636 0.1888874 0.373636 0.1888874 0.1036829 0.1922733 0.4223515 0.2088436 0.3784728 0.188427 0.4043088 0.1836818 0.9391642 0.4770734 0.9395695 0.4502477 0.816214 0.4497699 0.3742423 0.1977958 0.1049671 0.191829 0.3784728 0.188427 0.1822212 0.7372403 0.177856 0.8543215 0.1177154 0.8722892 0.1036829 0.1922733 0.1036829 0.1922733 0.1213551 0.213054 0.177856 0.8543215 0.1822212 0.7372403 0.1227249 0.7379321 0.1820323 0.7412647 0.1477419 0.7416632 0.14328 0.8613384 0.9327157 0.1217517 0.9327157 0.1217518 0.8714562 0.1214245 0.8774276 0.1547807 0.8617569 0.1301942 0.8651124 0.1275074 0.4220016 0.2095348 0.4043088 0.1836818 0.3784745 0.1887087 0.8714562 0.1214245 0.8714562 0.1214245 0.9327157 0.1217517 0.1477257 0.7420985 0.1820161 0.7416999 0.1775937 0.8607603 0.1051316 0.1921094 0.3784745 0.1887087 0.4043088 0.1836818 0.1051523 0.1907016 0.0963031 0.1742927 0.06158679 0.1891027 0.09462332 0.1743005 0.06158679 0.1891027 0.08844727 0.1743371 0.402883 0.1757616 0.09462332 0.1743005 0.09984612 0.1742877 0.1177154 0.8722892 0.1227249 0.7379321 0.1822212 0.7372403 0.1213551 0.213054 0.1213551 0.213054 0.1036829 0.1922733 0.1227249 0.7379321 0.1177154 0.8722892 0.177856 0.8543215 0.1016542 0.1921238 0.3749971 0.1887232 0.4008316 0.1836972 0.9333646 0.06167984 0.8734114 0.06170213 0.8730103 0.05646866 0.1238272 0.2010087 0.1238899 0.213041 0.1146263 0.2130752 0.14328 0.8613384 0.1775869 0.8609397 0.1820323 0.7412647 0.1498387 0.2149296 0.1405844 0.2168328 0.1401009 0.2083175 0.1498387 0.2149296 0.1401009 0.2083175 0.1401104 0.2083147 0.104985 0.1896618 0.04985791 0.2002991 0.06158679 0.1891027 0.8730103 0.05646866 0.8730103 0.05646866 0.8734114 0.06170213 0.1775937 0.8607603 0.1432867 0.8611592 0.1477257 0.7420985 0.06158679 0.1891027 0.04985791 0.2002991 0.1051523 0.1907016 0.04971814 0.2002992 0.04985791 0.2002991 0.06158679 0.1891027 0.4431254 0.1851901 0.402883 0.1757616 0.4218128 0.1910178 0.4218128 0.1910178 0.4431263 0.1852713 0.4431254 0.1851901 0.9387177 0.1279007 0.932584 0.1252464 0.9329637 0.05644088 0.932584 0.1252464 0.9387177 0.1279007 0.8651124 0.1275074 0.8651124 0.1275074 0.8713247 0.1249191 0.932584 0.1252464 0.8713247 0.1249191 0.8651124 0.1275074 0.8669355 0.05130463 0.3784728 0.188427 0.1049671 0.191829 0.1049718 0.1871963 0.3737116 0.1977981 0.1056388 0.2011756 0.1056907 0.2129863 0.3785598 0.2095887 0.3737116 0.1977981 0.3738012 0.20973 0.3784745 0.1887087 0.3737116 0.1977981 0.3785598 0.2095887 0.4008316 0.1836972 0.1016573 0.1872105 0.1016542 0.1921238 0.4043088 0.1836818 0.1049718 0.1871963 0.104985 0.1896618 0.104985 0.1896618 0.09462332 0.1743005 0.402883 0.1757616 0.4043088 0.1836818 0.104985 0.1896618 0.402883 0.1757616 0.4222622 0.191015 0.4043088 0.1836818 0.402883 0.1757616 0.4222622 0.191015 0.402883 0.1757616 0.4341241 0.197276 0.4222622 0.191015 0.4341241 0.197276 0.4341281 0.1981469 0.402883 0.1757616 0.0963031 0.1742927 0.1051523 0.1907016 0.402883 0.1757616 0.1051523 0.1907016 0.4043088 0.1836818 0.4218128 0.1910178 0.402883 0.1757616 0.4043088 0.1836818 0.4220016 0.2095348 0.4218128 0.1910178 0.4043088 0.1836818 0.3785591 0.2098582 0.3743332 0.2097276 0.3742423 0.1977958 0.3742423 0.1977958 0.3784728 0.188427 0.3785591 0.2098582 0.1001327 0.1742864 0.40812 0.1707352 0.09984612 0.1742877 0.06158679 0.1891027 0.08844727 0.1743371 0.08701044 0.1743428 0.4043088 0.1836818 0.1051346 0.1871949 0.1051316 0.1921094 0.04971814 0.2002992 0.06158679 0.1891027 0.04985791 0.2002991 0.04971814 0.2002992 0.05034762 0.2006846 0.06158679 0.1891027 0.1049671 0.191829 0.1055185 0.2011766 0.1055869 0.2130619 0.3743332 0.2097276 0.1055869 0.2130619 0.1055185 0.2011766 0.08701044 0.1743428 0.0598511 0.1880353 0.05045449 0.2006793 0.1393932 0.196498 0.1394449 0.1972789 0.140662 0.1968989 0.9391515 0.05133682 0.9320692 0.05558049 0.8738181 0.05558204 0.1001327 0.1742864 0.40812 0.1707352 0.4169892 0.1734651 0.4901432 0.2031496 0.4431161 0.1833215 0.4431224 0.1844106 0.104985 0.1896618 0.1049718 0.1871963 0.04985791 0.2002991 0.04937022 0.2009581 0.0598511 0.1880353 0.05034762 0.2006846 0.0598511 0.1880353 0.08844727 0.1743371 0.05034762 0.2006846 0.2274915 0.7503679 0.2274915 0.7503679 0.2267374 0.7503309 0.0598511 0.1880353 0.08701044 0.1743428 0.08844727 0.1743371 0.4222622 0.191015 0.4223515 0.2088436 0.4043088 0.1836818 0.4341854 0.2091747 0.4223515 0.2088436 0.4222622 0.191015 0.4222622 0.191015 0.4341281 0.1981469 0.4341854 0.2091747 0.1051346 0.1871949 0.1051523 0.1907016 0.04985791 0.2002991 0.1051523 0.1907016 0.1051346 0.1871949 0.4043088 0.1836818 0.8669355 0.05130463 0.8738181 0.05558204 0.8730103 0.05646866 0.9329637 0.05644088 0.8730103 0.05646866 0.8738181 0.05558204 0.1001327 0.1742864 0.4169892 0.1734651 0.40812 0.1707352 0.402883 0.1757616 0.40812 0.1707352 0.4169892 0.1734651 0.4218128 0.1910178 0.4341287 0.1983206 0.4431263 0.1852713 0.8738181 0.05558204 0.9320692 0.05558049 0.9329637 0.05644088 0.05045449 0.2006793 0.0598511 0.1880353 0.04937022 0.2009581 0.1393932 0.196498 0.1382864 0.1970089 0.1394449 0.1972789 0.4169892 0.1734651 0.4431161 0.1833215 0.4341136 0.1953061 0.1498387 0.2149296 0.1393932 0.196498 0.1400997 0.2082958 0.1498387 0.2149296 0.1400997 0.2082958 0.1401104 0.2083147 0.1146263 0.2130752 0.1145637 0.2010496 0.1238272 0.2010087 0.1240009 0.2010083 0.1238272 0.2010087 0.1145637 0.2010496 0.8734114 0.06170213 0.8734114 0.06170207 0.8730103 0.05646866 0.1145637 0.2010496 0.1147471 0.201048 0.1240009 0.2010083 0.2274915 0.7503679 0.2334738 0.7506596 0.2274915 0.7503679 0.2274915 0.7503679 0.2334738 0.7506596 0.2307331 0.7505203 0.2274915 0.7503679 0.2336242 0.7506669 0.2334738 0.7506596 0.2316147 0.750563 0.2336242 0.7506669 0.2274915 0.7503679 0.3695909 0.1977279 0.3696535 0.209748 0.3634738 0.2097745 0.8714562 0.1214245 0.9327157 0.1217518 0.932584 0.1252464 0.3634738 0.2097745 0.3634111 0.1977545 0.3695909 0.1977279 0.3691487 0.1977295 0.3695909 0.1977279 0.3634111 0.1977545 0.904256 0.01790904 0.9167181 0.01799446 0.9391515 0.05133682 0.3634111 0.1977545 0.3629678 0.197756 0.3691487 0.1977295 0.3629678 0.197756 0.3630304 0.2097772 0.3692102 0.2097495 0.932584 0.1252464 0.8713247 0.1249191 0.8714562 0.1214245 0.9032206 0.1772574 0.8925244 0.1773263 0.9129046 0.1672884 0.6468486 0.2330962 0.6509019 0.1876934 0.5588347 0.1805117 0.6468486 0.2330962 0.5588347 0.1805117 0.5565384 0.2032354 0.1400997 0.2082958 0.1401009 0.2083175 0.1401012 0.208323 0.1400997 0.2082958 0.1401012 0.208323 0.1401007 0.2083138 0.1400911 0.2083157 0.1400887 0.2082963 0.1400957 0.2083139 0.1400911 0.2083157 0.1400957 0.2083139 0.1400968 0.2083226 0.149984 0.1959787 0.1498387 0.2149296 0.1401104 0.2083147 0.149984 0.1959787 0.1401104 0.2083147 0.1401106 0.2082952 0.1393932 0.196498 0.1405844 0.2168328 0.1401009 0.2083175 0.1393932 0.196498 0.1401009 0.2083175 0.1400997 0.2082958 0.1405844 0.2168328 0.1393932 0.196498 0.1400997 0.2082958 0.1405844 0.2168328 0.1400997 0.2082958 0.1401009 0.2083175 0.1311304 0.2157862 0.1393932 0.196498 0.1400997 0.2082958 0.1311304 0.2157862 0.1400997 0.2082958 0.1400911 0.2083157 0.1393932 0.196498 0.1498387 0.2149296 0.1401104 0.2083147 0.1393932 0.196498 0.1401104 0.2083147 0.1400997 0.2082958 0.1288121 0.1970169 0.1393932 0.196498 0.1400997 0.2082958 0.1288121 0.1970169 0.1400997 0.2082958 0.1400887 0.2082963 0.1400997 0.2082958 0.1401106 0.2082952 0.1401057 0.2083134 0.1400997 0.2082958 0.1401057 0.2083134 0.1401007 0.2083138 0.1311304 0.2157862 0.1288121 0.1970169 0.1400887 0.2082963 0.1311304 0.2157862 0.1400887 0.2082963 0.1400911 0.2083157 0.1393932 0.196498 0.149984 0.1959787 0.1401106 0.2082952 0.1393932 0.196498 0.1401106 0.2082952 0.1400997 0.2082958 0.1400887 0.2082963 0.1400997 0.2082958 0.1401007 0.2083138 0.1400887 0.2082963 0.1401007 0.2083138 0.1400957 0.2083139 0.4223515 0.2088436 0.3785591 0.2098582 0.3784728 0.188427 0.3784745 0.1887087 0.3785598 0.2095887 0.4220016 0.2095348 0.8846397 0.1616809 0.9181865 0.161723 0.9129046 0.1672884 0.9129046 0.1672884 0.8925244 0.1773263 0.8846397 0.1616809 0.4341874 0.2094887 0.4939019 0.2099638 0.4341287 0.1983206 0.493568 0.2099578 0.4440401 0.2094517 0.4341241 0.197276 0.4341241 0.197276 0.4341136 0.1953061 0.493568 0.2099578 0.4431254 0.1851901 0.4901432 0.2031496 0.4431224 0.1844106 0.4431263 0.1852713 0.4901432 0.2031496 0.4431254 0.1851901 0.4341241 0.197276 0.4440401 0.2094517 0.4341281 0.1981469 0.4431224 0.1844106 0.4431161 0.1833215 0.4169892 0.1734651 0.4169892 0.1734651 0.40812 0.1707352 0.4431224 0.1844106 0.4341281 0.1981469 0.4440401 0.2094517 0.4341854 0.2091747 0.4341287 0.1983206 0.4939019 0.2099638 0.4901432 0.2031496 0.4901432 0.2031496 0.4431263 0.1852713 0.4341287 0.1983206 0.4341136 0.1953061 0.4431161 0.1833215 0.4901432 0.2031496 0.4901432 0.2031496 0.493568 0.2099578 0.4341136 0.1953061 0.1049671 0.191829 0.1055869 0.2130619 0.04500836 0.2162058 0.1051316 0.1921094 0.1051346 0.1871949 0.04985791 0.2002991 0.04985791 0.2002991 0.04500901 0.2161557 0.1051316 0.1921094 0.5814584 0.4494449 0.696681 0.4501562 0.7138428 0.3888879 0.7569126 0.3950174 0.7138428 0.3888879 0.696681 0.4501562 0.6961057 0.4500748 0.7132675 0.3888064 0.7560474 0.3948949 0.7132675 0.3888064 0.6961057 0.4500748 0.5368978 0.3638322 0.5814582 0.4494449 0.6961057 0.4500748 0.7104043 0.3878964 0.7631437 0.3819732 0.7265523 0.3801006 0.7183735 0.4396464 0.147048 0.4849212 0.03469336 0.4983813 0.03791517 0.3792493 0.7104043 0.3878964 0.5425273 0.3641249 0.5814582 0.4494449 0.5426369 0.3633498 0.7109215 0.387179 0.696681 0.4501562 0.7569126 0.3950174 0.696681 0.4501562 0.7109215 0.387179 0.1466716 0.3704019 0.03783386 0.3792124 0.03305548 0.4986107 0.696681 0.4501562 0.5814584 0.4494449 0.5426369 0.3633498 0.7183735 0.4396464 0.7699682 0.3828224 0.7631437 0.3819732 0.03305548 0.4986107 0.1457824 0.4850986 0.1466716 0.3704019 0.1469687 0.3718505 0.03715723 0.3793864 0.03469336 0.4983813 0.6961057 0.4500748 0.5814582 0.4494449 0.5368978 0.3638322 0.1457824 0.4850986 0.03305548 0.4986107 0.03710222 0.3793941 0.7138428 0.3888879 0.536898 0.3638322 0.5814584 0.4494449 0.03469336 0.4983813 0.147048 0.4849212 0.1469687 0.3718505 0.03710222 0.3793941 0.1468763 0.3718634 0.1457824 0.4850986 0.03791517 0.3792493 0.1467639 0.370389 0.147048 0.4849212 0.1401012 0.208323 0.1400968 0.2083226 0.1401007 0.2083138 0.1401057 0.2083222 0.1401007 0.2083138 0.1401057 0.2083134 0.1400968 0.2083226 0.1400957 0.2083139 0.1401007 0.2083138 0.1401057 0.2083222 0.1401012 0.208323 0.1401007 0.2083138 0.1401106 0.2082952 0.1401104 0.2083147 0.1401057 0.2083222 0.1401106 0.2082952 0.1401057 0.2083222 0.1401057 0.2083134 0.1401104 0.2083147 0.1401009 0.2083175 0.1401012 0.208323 0.1401104 0.2083147 0.1401012 0.208323 0.1401057 0.2083222 0.1401009 0.2083175 0.1400997 0.2082958 0.1401007 0.2083138 0.1401009 0.2083175 0.1401007 0.2083138 0.1401012 0.208323 0.1401009 0.2083175 0.1400911 0.2083157 0.1400968 0.2083226 0.1401009 0.2083175 0.1400968 0.2083226 0.1401012 0.208323 0.1401104 0.2083147 0.1400997 0.2082958 0.1401007 0.2083138 0.1401104 0.2083147 0.1401007 0.2083138 0.1401057 0.2083222 0.1400997 0.2082958 0.1401104 0.2083147 0.1401057 0.2083222 0.1400997 0.2082958 0.1401057 0.2083222 0.1401007 0.2083138 0.1400997 0.2082958 0.1400911 0.2083157 0.1400968 0.2083226 0.1400997 0.2082958 0.1400968 0.2083226 0.1401007 0.2083138 0.1400911 0.2083157 0.1400997 0.2082958 0.1401007 0.2083138 0.1400911 0.2083157 0.1401007 0.2083138 0.1400968 0.2083226 0.3488475 0.1824843 0.2729381 0.1805413 0.2881215 0.2013623 0.3488475 0.1824843 0.2881215 0.2013623 0.3518671 0.2073633 0.6509019 0.1876934 0.6458504 0.2333078 0.5553798 0.2027172 0.6509019 0.1876934 0.5553798 0.2027172 0.5588347 0.1805117 0.6458504 0.2333078 0.5561479 0.2306269 0.5553798 0.2027172 0.665713 0.2019304 0.7105867 0.1972748 0.7080745 0.2176531 0.665713 0.2019304 0.7080745 0.2176531 0.6620988 0.2185888 0.5561479 0.2306269 0.6468486 0.2330962 0.5565384 0.2032354 0.6468486 0.2330962 0.5561479 0.2306269 0.6458504 0.2333078 0.4092795 0.1809248 0.3488475 0.1824843 0.3518671 0.2073633 0.4092795 0.1809248 0.3518671 0.2073633 0.3956065 0.2021963 0.3481158 0.1809045 0.4092795 0.1809248 0.3956065 0.2021963 0.3481158 0.1809045 0.3956065 0.2021963 0.3507328 0.2068519 0.2729381 0.1805413 0.3481158 0.1809045 0.3507328 0.2068519 0.2729381 0.1805413 0.3507328 0.2068519 0.2881215 0.2013623 0.4742474 0.1524937 0.4552894 0.147974 0.4433155 0.1974565 0.4742474 0.1524937 0.4433155 0.1974565 0.4667643 0.2041649 0.7105867 0.1972748 0.6668474 0.2024418 0.6631297 0.2192601 0.7105867 0.1972748 0.6631297 0.2192601 0.7080745 0.2176531 0.6668474 0.2024418 0.6031017 0.1964408 0.6028275 0.2178764 0.6668474 0.2024418 0.6028275 0.2178764 0.6631297 0.2192601 0.6031017 0.1964408 0.665713 0.2019304 0.6620988 0.2185888 0.6031017 0.1964408 0.6620988 0.2185888 0.6028275 0.2178764 0.1870316 0.6608356 0.1894271 0.6624798 0.1894271 0.6624798 0.1870316 0.6608356 0.1894271 0.6624798 0.1870316 0.6608356 0.4874736 0.1507003 0.4742474 0.1524937 0.4667643 0.2041649 0.4874736 0.1507003 0.4667643 0.2041649 0.4834476 0.202648 0.4552894 0.147974 0.473931 0.1522909 0.4663811 0.203893 0.4552894 0.147974 0.4663811 0.203893 0.4433155 0.1974565 0.473931 0.1522909 0.4874736 0.1507003 0.4834476 0.202648 0.473931 0.1522909 0.4834476 0.202648 0.4663811 0.203893 0.1870493 0.6607182 0.1870397 0.6607809 0.1870316 0.6608356 0.1870493 0.6607182 0.1870316 0.6608356 0.1894271 0.6624798 0.2069179 0.8200139 0.2069179 0.8200139 0.2069179 0.8200139 0.2069179 0.8200139 0.2069179 0.8200139 0.2069179 0.8200139 0.2069179 0.8200139 0.2069179 0.8200139 0.2069179 0.8200139 0.2069179 0.8200139 0.2069179 0.8200139 0.2069179 0.8200139 0.2069179 0.8200139 0.2069179 0.8200139 0.2069179 0.8200139 0.2069179 0.8200139 0.2069179 0.8200139 0.2069179 0.8200139 0.4341241 0.197276 0.402883 0.1757616 0.4341136 0.1953061 0.8944911 0.3880558 0.8945803 0.3869066 0.8931409 0.3875568 0.6942921 0.8566311 0.7157458 0.6928085 0.7157458 0.6928085 0.8944911 0.3880558 0.8931409 0.3875568 0.8940568 0.3882519 0.8958307 0.3872841 0.8940568 0.3882519 0.8926298 0.3887295 0.8854339 0.4017717 0.8888502 0.386968 0.889583 0.3881186 0.889583 0.3881186 0.8865483 0.4012684 0.8854339 0.4017717 0.8888502 0.386968 0.9013319 0.3863969 0.9006702 0.3876113 0.9006702 0.3876113 0.889583 0.3881186 0.8888502 0.386968 0.9013319 0.3863969 0.9056298 0.4008478 0.9044879 0.4004477 0.9044879 0.4004477 0.9006702 0.3876113 0.9013319 0.3863969 0.9056298 0.4008478 0.8958042 0.41035 0.8957601 0.4088883 0.8957601 0.4088883 0.9044879 0.4004477 0.9056298 0.4008478 0.8958042 0.41035 0.8854339 0.4017717 0.8865483 0.4012684 0.8865483 0.4012684 0.8957601 0.4088883 0.8958042 0.41035 0.7894383 0.8681542 0.6925112 0.8661432 0.6971544 0.7198682 0.6971544 0.7198682 0.7940815 0.7218805 0.7894383 0.8681542 0.6925112 0.8661432 0.729534 0.8669117 0.7341774 0.7206367 0.7341774 0.7206367 0.6971544 0.7198682 0.6925112 0.8661432 0.7897424 0.8689907 0.7165769 0.8648133 0.7218764 0.7185622 0.7218764 0.7185622 0.7950417 0.7227384 0.7897424 0.8689907 0.7165769 0.8648133 0.6939676 0.8635225 0.699267 0.7172715 0.699267 0.7172715 0.7218764 0.7185622 0.7165769 0.8648133 0.6939676 0.8635225 0.7531598 0.8669015 0.7584592 0.7206504 0.7584592 0.7206504 0.699267 0.7172715 0.6939676 0.8635225 0.8865483 0.4012684 0.889583 0.3881186 0.8888502 0.386968 0.8888502 0.386968 0.8854339 0.4017717 0.8865483 0.4012684 0.889583 0.3881186 0.9006702 0.3876113 0.9013319 0.3863969 0.9013319 0.3863969 0.8888502 0.386968 0.889583 0.3881186 0.9006702 0.3876113 0.9044879 0.4004477 0.9056298 0.4008478 0.9056298 0.4008478 0.9013319 0.3863969 0.9006702 0.3876113 0.9044879 0.4004477 0.8957601 0.4088883 0.8958042 0.41035 0.8958042 0.41035 0.9056298 0.4008478 0.9044879 0.4004477 0.8957601 0.4088883 0.8865483 0.4012684 0.8854339 0.4017717 0.8854339 0.4017717 0.8958042 0.41035 0.8957601 0.4088883 0.9013319 0.3863969 0.8888502 0.386968 0.8854339 0.4017717 0.9056298 0.4008478 0.9013319 0.3863969 0.8854339 0.4017717 0.8958042 0.41035 0.9056298 0.4008478 0.8854339 0.4017717 0.8958042 0.41035 0.9056307 0.400878 0.9056298 0.4008478 0.9056298 0.4008478 0.9013328 0.3864271 0.9013319 0.3863969 0.8888502 0.386968 0.8854339 0.4017717 0.8854339 0.4017717 0.8854339 0.4017717 0.8888502 0.386968 0.8888502 0.386968 0.8854339 0.4017717 0.8958042 0.41035 0.8958042 0.41035 0.8958042 0.41035 0.8854339 0.4017717 0.8854339 0.4017717 0.8958042 0.41035 0.9056298 0.4008478 0.9056298 0.4008478 0.9056298 0.4008478 0.8958042 0.41035 0.8958042 0.41035 0.9056298 0.4008478 0.9013319 0.3863969 0.9013319 0.3863969 0.9013319 0.3863969 0.9056298 0.4008478 0.9056298 0.4008478 0.9013319 0.3863969 0.8888502 0.386968 0.8888502 0.386968 0.8888502 0.386968 0.9013319 0.3863969 0.9013319 0.3863969 0.8888502 0.386968 0.9013328 0.3864271 0.8888511 0.3869981 0.8958051 0.4103802 0.8854347 0.401802 0.8954226 0.3977738 0.9056307 0.400878 0.8958051 0.4103802 0.8954253 0.3977759 0.9013328 0.3864271 0.9056307 0.400878 0.8954278 0.3977735 0.8888511 0.3869981 0.9013328 0.3864271 0.8954266 0.3977699 0.8854347 0.401802 0.8888511 0.3869981 0.8954235 0.3977701 0.8854339 0.4017717 0.8888511 0.3869981 0.8854347 0.401802 0.8958042 0.41035 0.8854347 0.401802 0.8958051 0.4103802 0.8958042 0.41035 0.8958051 0.4103802 0.9056307 0.400878 0.9056298 0.4008478 0.9056307 0.400878 0.9013328 0.3864271 0.8888502 0.386968 0.9013319 0.3863969 0.9013328 0.3864271 0.8854339 0.4017717 0.8888502 0.386968 0.8888511 0.3869981 0.8958042 0.41035 0.8854339 0.4017717 0.8854347 0.401802 0.5876398 0.1204448 0.5470493 0.2164554 0.5436049 0.1124904 0.5436049 0.1124904 0.5743083 0.08382624 0.5876398 0.1204448 0.5436049 0.1124904 0.5546261 0.02256494 0.5914945 0.02396225 0.5914945 0.02396225 0.5743083 0.08382624 0.5436049 0.1124904 0.5914945 0.02396225 0.6299902 0.02412778 0.5876398 0.1204448 0.5876398 0.1204448 0.5743083 0.08382624 0.5914945 0.02396225 0.6382519 0.1254136 0.6239564 0.2178916 0.5846136 0.2191441 0.5846136 0.2191441 0.6016529 0.1547631 0.6382519 0.1254136 0.5846136 0.2191441 0.5470493 0.2164554 0.5876398 0.1204448 0.5876398 0.1204448 0.6016529 0.1547631 0.5846136 0.2191441 0.5876398 0.1204448 0.6299902 0.02412778 0.6382519 0.1254136 0.7879332 0.1384859 0.7010803 0.1741363 0.6589836 0.1337527 0.6589836 0.1337527 0.6181639 0.09062504 0.546086 0.1253275 0.546086 0.1253275 0.5749757 0.2485613 0.6589836 0.1337527 0.546086 0.1253275 0.6181639 0.09062504 0.6500039 0.01922637 0.6500039 0.01922637 0.556502 0.01841431 0.546086 0.1253275 0.6500039 0.01922637 0.6181639 0.09062504 0.6589836 0.1337527 0.6589836 0.1337527 0.7473819 0.0185402 0.6500039 0.01922637 0.7879332 0.1384859 0.7010803 0.1741363 0.670488 0.2508892 0.670488 0.2508892 0.7697332 0.2485016 0.7879332 0.1384859 0.670488 0.2508892 0.7010803 0.1741363 0.6589836 0.1337527 0.6589836 0.1337527 0.5749757 0.2485613 0.670488 0.2508892 0.6589836 0.1337527 0.7010803 0.1741363 0.7879332 0.1384859 0.7879332 0.1384859 0.7473819 0.0185402 0.6589836 0.1337527 0.3257774 0.5828644 0.3585484 0.5577565 0.3898916 0.7697262 0.3585484 0.5577565 0.4724423 0.609644 0.3898916 0.7697262 0.143175 0.5478313 0.1547599 0.9494491 0.1489121 0.9450561 0.2174102 0.538949 0.5308973 0.5581917 0.3962586 0.7782658 0.1489121 0.9450561 0.1547599 0.9494491 0.143175 0.5478313 0.3962586 0.7782658 0.5308973 0.5581917 0.2174102 0.538949 0.2166899 0.5395454 0.5306539 0.5578229 0.5308533 0.5582615 0.3968871 0.7792127 0.5306539 0.5578229 0.2166899 0.5395454 0.5308533 0.5582615 0.5306539 0.5578229 0.2166899 0.5395454 0.2166899 0.5395454 0.5306539 0.5578229 0.3968871 0.7792127 0.3950666 0.7791995 0.5303922 0.5575126 0.5304739 0.5579876 0.2193931 0.5396646 0.5303922 0.5575126 0.3950666 0.7791995 0.5304739 0.5579876 0.5303922 0.5575126 0.3950666 0.7791995 0.3950666 0.7791995 0.5303922 0.5575126 0.2193931 0.5396646 0.2170785 0.5401468 0.5302909 0.5571311 0.5302595 0.5576121 0.3966704 0.7783559 0.5302909 0.5571311 0.2170785 0.5401468 0.5302595 0.5576121 0.5302909 0.5571311 0.2170785 0.5401468 0.2170785 0.5401468 0.5302909 0.5571311 0.3966704 0.7783559 0.6047347 0.2456901 0.5487111 0.0244677 0.6562592 0.1653344 0.6562592 0.1653344 0.5487111 0.0244677 0.7856427 0.02975857 0.7090804 0.1761663 0.7140904 0.2113796 0.7149376 0.1760869 0.7092243 0.1761829 0.7140906 0.2113916 0.7109753 0.211432 0.1507992 0.9556847 0.1396405 0.5441528 0.1437657 0.5440807 0.1555531 0.9593486 0.1365301 0.5368541 0.1424054 0.5358122 0.1374992 0.9658922 0.1396409 0.5441746 0.1396405 0.5441528 0.7098349 0.1763767 0.7126361 0.2235099 0.7096467 0.2234116 0.1357604 0.9722149 0.136533 0.5368854 0.1365301 0.5368541 0.151158 0.9554874 0.1437657 0.5440807 0.1438696 0.5440973 0.151158 0.9554874 0.1396409 0.5441746 0.1375281 0.9659627 0.2086079 0.8515473 0.2086135 0.8515357 0.2116044 0.8529834 0.2086079 0.8515473 0.2116044 0.8529834 0.2116749 0.8530296 0.1560817 0.9591134 0.1424054 0.5358122 0.1425556 0.5358121 0.1560817 0.9591134 0.136533 0.5368854 0.1357972 0.9723199 0.7096918 0.1763533 0.7126366 0.2234985 0.7155466 0.1765425 0.2113341 0.8543383 0.2113456 0.854344 0.2098609 0.8573167 0.2113341 0.8543383 0.2098609 0.8573167 0.2098138 0.8573866 0.174643 0.9456867 0.1743445 0.945954 0.125499 0.9388173 0.174643 0.9456867 0.125499 0.9388173 0.1245231 0.9384121 0.1630109 0.5632869 0.1321567 0.5656856 0.1629303 0.5633594 0.1630109 0.5632869 0.1318932 0.5655762 0.1321567 0.5656856 0.1743445 0.945954 0.1630109 0.5632869 0.1629303 0.5633594 0.1245231 0.9384121 0.1321567 0.5656856 0.1318932 0.5655762 0.125499 0.9388173 0.1629303 0.5633594 0.1321567 0.5656856 0.1245231 0.9384121 0.1630109 0.5632869 0.174643 0.9456867 0.1764318 0.9311202 0.1761499 0.9313829 0.1280667 0.924746 0.1764318 0.9311202 0.1280667 0.924746 0.127096 0.9243574 0.1627926 0.5629738 0.1321488 0.5655065 0.1627162 0.5630448 0.1627926 0.5629738 0.131887 0.5654013 0.1321488 0.5655065 0.1761499 0.9313829 0.1627926 0.5629738 0.1627162 0.5630448 0.1280667 0.924746 0.131887 0.5654013 0.127096 0.9243574 0.1280667 0.924746 0.1627162 0.5630448 0.1321488 0.5655065 0.127096 0.9243574 0.1627926 0.5629738 0.1764318 0.9311202 0.1623581 0.7919683 0.1622624 0.7921949 0.1445825 0.7847068 0.1623581 0.7919683 0.1445825 0.7847068 0.1442187 0.7843273 0.1607292 0.5729939 0.155928 0.5710326 0.1607033 0.5730551 0.1607292 0.5729939 0.1558296 0.57093 0.155928 0.5710326 0.1623581 0.7919683 0.1607033 0.5730551 0.1622624 0.7921949 0.1442187 0.7843273 0.155928 0.5710326 0.1558296 0.57093 0.1445825 0.7847068 0.1607033 0.5730551 0.155928 0.5710326 0.1442187 0.7843273 0.1607292 0.5729939 0.1623581 0.7919683 0.1609169 0.7850665 0.1608213 0.7852931 0.1431411 0.7778049 0.1609169 0.7850665 0.1431411 0.7778049 0.1427774 0.7774254 0.1618254 0.5782431 0.1570242 0.5762818 0.1617996 0.5783045 0.1618254 0.5782431 0.1569259 0.5761792 0.1570242 0.5762818 0.1608213 0.7852931 0.1618254 0.5782431 0.1617996 0.5783045 0.1431411 0.7778049 0.1569259 0.5761792 0.1427774 0.7774254 0.1431411 0.7778049 0.1617996 0.5783045 0.1570242 0.5762818 0.1427774 0.7774254 0.1618254 0.5782431 0.1609169 0.7850665 0.1555861 0.7917614 0.1554433 0.7919616 0.1398243 0.7807947 0.1555861 0.7917614 0.1398243 0.7807947 0.1395521 0.7803451 0.1639946 0.5688565 0.1597371 0.5658946 0.1639557 0.568911 0.1639946 0.5688565 0.1596634 0.5657732 0.1597371 0.5658946 0.1555861 0.7917614 0.1639557 0.568911 0.1554433 0.7919616 0.1395521 0.7803451 0.1597371 0.5658946 0.1596634 0.5657732 0.1398243 0.7807947 0.1639557 0.568911 0.1597371 0.5658946 0.1395521 0.7803451 0.1639946 0.5688565 0.1555861 0.7917614 0.1608645 0.7859246 0.1607218 0.7861247 0.1451029 0.7749577 0.1608645 0.7859246 0.1451029 0.7749577 0.1448308 0.7745082 0.1639183 0.5742187 0.1596609 0.5712564 0.1638798 0.5742727 0.1639183 0.5742187 0.1595877 0.5711352 0.1596609 0.5712564 0.1607218 0.7861247 0.1639183 0.5742187 0.1638798 0.5742727 0.1451029 0.7749577 0.1595877 0.5711352 0.1448308 0.7745082 0.1451029 0.7749577 0.1638798 0.5742727 0.1596609 0.5712564 0.1448308 0.7745082 0.1639183 0.5742187 0.1608645 0.7859246 0.8585692 0.2370321 0.8362714 0.2590371 0.8585677 0.2591162 0.8585692 0.2370321 0.8357222 0.2366987 0.8362714 0.2590371 0.6391178 0.5275405 0.5947075 0.6209564 0.5963628 0.5263004 0.5963581 0.526391 0.6401639 0.6212157 0.6402724 0.5276669 0.5982525 0.6200582 0.6391178 0.5275405 0.5963628 0.5263004 0.5974472 0.6211695 0.6413267 0.5282373 0.6398742 0.623348 0.6399531 0.6230772 0.5956832 0.5269942 0.5976539 0.6209996 0.6399173 0.6218782 0.5963581 0.526391 0.6402724 0.5276669 0.8601615 0.2377026 0.8601601 0.2590875 0.8385063 0.2590108 0.8601615 0.2377026 0.8385063 0.2590108 0.8379744 0.2373789 0.6413267 0.5282373 0.5954525 0.6202736 0.6394421 0.6215159 0.5956832 0.5269942 0.6394054 0.6216283 0.5960959 0.6197787 0.7126366 0.2234985 0.7095719 0.2233996 0.7096467 0.2234116 0.7126366 0.2234985 0.7096467 0.2234116 0.7126361 0.2235099 0.7098349 0.1763767 0.7095719 0.2233996 0.7096918 0.1763533 0.7155458 0.1765645 0.7126366 0.2234985 0.7126361 0.2235099 0.7140904 0.2113796 0.7109753 0.211432 0.7140906 0.2113916 0.7140904 0.2113796 0.7108969 0.2114229 0.7109753 0.211432 0.7149379 0.1761087 0.7140904 0.2113796 0.7140906 0.2113916 0.7092243 0.1761829 0.7108969 0.2114229 0.7090804 0.1761663 0.2174102 0.538949 0.3962586 0.7782658 0.5308973 0.5581917 0.3962586 0.7782658 0.2174102 0.538949 0.5308973 0.5581917 0.2166899 0.5395454 0.5308533 0.5582615 0.5306539 0.5578229 0.3968871 0.7792127 0.2166899 0.5395454 0.5306539 0.5578229 0.5308533 0.5582615 0.2166899 0.5395454 0.5306539 0.5578229 0.2166899 0.5395454 0.3968871 0.7792127 0.5306539 0.5578229 0.3950666 0.7791995 0.5304739 0.5579876 0.5303922 0.5575126 0.2193931 0.5396646 0.3950666 0.7791995 0.5303922 0.5575126 0.5304739 0.5579876 0.3950666 0.7791995 0.5303922 0.5575126 0.3950666 0.7791995 0.2193931 0.5396646 0.5303922 0.5575126 0.2170785 0.5401468 0.5302595 0.5576121 0.5302909 0.5571311 0.3966704 0.7783559 0.2170785 0.5401468 0.5302909 0.5571311 0.5302595 0.5576121 0.2170785 0.5401468 0.5302909 0.5571311 0.2170785 0.5401468 0.3966704 0.7783559 0.5302909 0.5571311 0.2838153 0.6872615 0.2693182 0.6900923 0.2855585 0.6896392 0.2838153 0.6872615 0.2850041 0.6719692 0.2834124 0.6744216 0.2701229 0.6746456 0.2850041 0.6719692 0.2683176 0.6722503 0.2701229 0.6746456 0.2693182 0.6900923 0.2708506 0.6876232 0.2721495 0.687567 0.2864838 0.6895934 0.270617 0.6900362 0.2847406 0.6872157 0.2859421 0.6723298 0.2864838 0.6895934 0.2714448 0.6749998 0.2859421 0.6723298 0.2843505 0.6747824 0.2714448 0.6749998 0.270617 0.6900362 0.2696395 0.6726046 0.3257774 0.5828644 0.3898916 0.7697262 0.3585484 0.5577565 0.3585484 0.5577565 0.3898916 0.7697262 0.4724423 0.609644 0.6047347 0.2456901 0.6562592 0.1653344 0.5487111 0.0244677 0.6562592 0.1653344 0.7856427 0.02975857 0.5487111 0.0244677 0.5304739 0.5579876 0.5303922 0.5575126 0.3950666 0.7791995 0.3950666 0.7791995 0.5303922 0.5575126 0.2193931 0.5396646 0.3950666 0.7791995 0.5303922 0.5575126 0.5304739 0.5579876 0.2193931 0.5396646 0.5303922 0.5575126 0.3950666 0.7791995 0.5308533 0.5582615 0.5306539 0.5578229 0.2166899 0.5395454 0.2166899 0.5395454 0.5306539 0.5578229 0.3968871 0.7792127 0.2166899 0.5395454 0.5306539 0.5578229 0.5308533 0.5582615 0.3968871 0.7792127 0.5306539 0.5578229 0.2166899 0.5395454 0.2174102 0.538949 0.5308973 0.5581917 0.3962586 0.7782658 0.3962586 0.7782658 0.5308973 0.5581917 0.2174102 0.538949 0.7149379 0.1761087 0.7140904 0.2113796 0.7149376 0.1760869 0.7108969 0.2114229 0.7092243 0.1761829 0.7090804 0.1761663 0.7140904 0.2113796 0.7109753 0.211432 0.7108969 0.2114229 0.7140904 0.2113796 0.7140906 0.2113916 0.7109753 0.211432 0.8601615 0.2377026 0.8385063 0.2590108 0.8601601 0.2590875 0.7126366 0.2234985 0.7096467 0.2234116 0.7095719 0.2233996 0.7126366 0.2234985 0.7126361 0.2235099 0.7096467 0.2234116 0.7095719 0.2233996 0.7098349 0.1763767 0.7096918 0.1763533 0.5956832 0.5269942 0.6399531 0.6230772 0.5976539 0.6209996 0.8601615 0.2377026 0.8379744 0.2373789 0.8385063 0.2590108 0.5982525 0.6200582 0.6391178 0.5275405 0.6392781 0.6218289 0.6413267 0.5282373 0.5974472 0.6211695 0.6398742 0.623348 0.6413267 0.5282373 0.5954525 0.6202736 0.5950432 0.5274866 0.5956832 0.5269942 0.6394054 0.6216283 0.6414849 0.5277516 0.2113341 0.8543383 0.2098609 0.8573167 0.2113456 0.854344 0.1357604 0.9722149 0.136533 0.5368854 0.1357972 0.9723199 0.7126366 0.2234985 0.7096918 0.1763533 0.7155466 0.1765425 0.1560817 0.9591134 0.1424054 0.5358122 0.1555531 0.9593486 0.5947075 0.6209564 0.6391178 0.5275405 0.5963628 0.5263004 0.8585692 0.2370321 0.8585677 0.2591162 0.8362714 0.2590371 0.1507992 0.9556847 0.1396405 0.5441528 0.1374992 0.9658922 0.1555531 0.9593486 0.1365301 0.5368541 0.1357604 0.9722149 0.1396409 0.5441746 0.151158 0.9554874 0.1375281 0.9659627 0.151158 0.9554874 0.1437657 0.5440807 0.1507992 0.9556847 0.5302595 0.5576121 0.2170785 0.5401468 0.5302909 0.5571311 0.2170785 0.5401468 0.3966704 0.7783559 0.5302909 0.5571311 0.2170785 0.5401468 0.5302595 0.5576121 0.5302909 0.5571311 0.3966704 0.7783559 0.2170785 0.5401468 0.5302909 0.5571311 0.7155458 0.1765645 0.7126366 0.2234985 0.7155466 0.1765425 0.6399173 0.6218782 0.5963581 0.526391 0.5982518 0.6200882 0.3950666 0.7791995 0.2193931 0.5396646 0.5303922 0.5575126 0.5304739 0.5579876 0.3950666 0.7791995 0.5303922 0.5575126 0.3950666 0.7791995 0.5304739 0.5579876 0.5303922 0.5575126 0.2193931 0.5396646 0.3950666 0.7791995 0.5303922 0.5575126 0.5308533 0.5582615 0.2166899 0.5395454 0.5306539 0.5578229 0.2166899 0.5395454 0.3968871 0.7792127 0.5306539 0.5578229 0.2166899 0.5395454 0.5308533 0.5582615 0.5306539 0.5578229 0.3968871 0.7792127 0.2166899 0.5395454 0.5306539 0.5578229 0.1489121 0.9450561 0.143175 0.5478313 0.1547599 0.9494491 0.3962586 0.7782658 0.2174102 0.538949 0.5308973 0.5581917 0.2174102 0.538949 0.3962586 0.7782658 0.5308973 0.5581917 0.143175 0.5478313 0.1489121 0.9450561 0.1547599 0.9494491 0.2113341 0.8543383 0.2098138 0.8573866 0.2098609 0.8573167 0.6401639 0.6212157 0.5963581 0.526391 0.6402724 0.5276669 0.8585692 0.2370321 0.8362714 0.2590371 0.8357222 0.2366987 0.136533 0.5368854 0.1560817 0.9591134 0.1357972 0.9723199 0.7098349 0.1763767 0.7126361 0.2235099 0.7155458 0.1765645 0.7092243 0.1761829 0.7140906 0.2113916 0.7149379 0.1761087 0.7140904 0.2113796 0.7090804 0.1761663 0.7149376 0.1760869 0.1374992 0.9658922 0.1396409 0.5441746 0.1375281 0.9659627 0.2170785 0.5401468 0.5302909 0.5571311 0.5302595 0.5576121 0.3966704 0.7783559 0.5302909 0.5571311 0.2170785 0.5401468 0.5302595 0.5576121 0.5302909 0.5571311 0.2170785 0.5401468 0.2170785 0.5401468 0.5302909 0.5571311 0.3966704 0.7783559 0.2838153 0.6872615 0.2693182 0.6900923 0.2708506 0.6876232 0.2850041 0.6719692 0.2838153 0.6872615 0.2834124 0.6744216 0.2701229 0.6746456 0.2850041 0.6719692 0.2834124 0.6744216 0.2693182 0.6900923 0.2701229 0.6746456 0.2708506 0.6876232 0.2721495 0.687567 0.2864838 0.6895934 0.2847406 0.6872157 0.2847406 0.6872157 0.2859421 0.6723298 0.2843505 0.6747824 0.2859421 0.6723298 0.2714448 0.6749998 0.2843505 0.6747824 0.2714448 0.6749998 0.270617 0.6900362 0.2721495 0.687567 0.223848 0.5526329 0.5207713 0.5579585 0.291877 0.6210073 0.291877 0.6210073 0.5207713 0.5579585 0.397388 0.77825 0.03959488 0.95458 0.03938078 0.954481 0.04711705 0.9377667 0.03959488 0.95458 0.04711705 0.9377667 0.04749232 0.93743 0.3569089 0.9508917 0.3560211 0.9402201 0.3568511 0.9508649 0.3569089 0.9508917 0.3561226 0.9401292 0.3560211 0.9402201 0.03938078 0.954481 0.3569089 0.9508917 0.3568511 0.9508649 0.04711705 0.9377667 0.3561226 0.9401292 0.04749232 0.93743 0.04711705 0.9377667 0.3568511 0.9508649 0.3560211 0.9402201 0.04749232 0.93743 0.3569089 0.9508917 0.03959488 0.95458 0.223848 0.5526329 0.291877 0.6210073 0.5207713 0.5579585 0.291877 0.6210073 0.397388 0.77825 0.5207713 0.5579585 0.7090804 0.1761663 0.7108969 0.2114229 0.7140904 0.2113796 0.7092243 0.1761829 0.7149379 0.1761087 0.7140906 0.2113916 0.1507992 0.9556847 0.1374992 0.9658922 0.1396405 0.5441528 0.1555531 0.9593486 0.1357604 0.9722149 0.1365301 0.5368541 0.1374992 0.9658922 0.1375281 0.9659627 0.1396409 0.5441746 0.7098349 0.1763767 0.7155458 0.1765645 0.7126361 0.2235099 0.1357604 0.9722149 0.1357972 0.9723199 0.136533 0.5368854 0.151158 0.9554874 0.1507992 0.9556847 0.1437657 0.5440807 0.151158 0.9554874 0.1438696 0.5440973 0.1396409 0.5441746 0.1560817 0.9591134 0.1555531 0.9593486 0.1424054 0.5358122 0.1560817 0.9591134 0.1425556 0.5358121 0.136533 0.5368854 0.7096918 0.1763533 0.7095719 0.2233996 0.7126366 0.2234985 0.1743445 0.945954 0.174643 0.9456867 0.1630109 0.5632869 0.1245231 0.9384121 0.125499 0.9388173 0.1321567 0.5656856 0.125499 0.9388173 0.1743445 0.945954 0.1629303 0.5633594 0.1245231 0.9384121 0.1318932 0.5655762 0.1630109 0.5632869 0.1761499 0.9313829 0.1764318 0.9311202 0.1627926 0.5629738 0.1280667 0.924746 0.1321488 0.5655065 0.131887 0.5654013 0.1280667 0.924746 0.1761499 0.9313829 0.1627162 0.5630448 0.127096 0.9243574 0.131887 0.5654013 0.1627926 0.5629738 0.1623581 0.7919683 0.1607292 0.5729939 0.1607033 0.5730551 0.1442187 0.7843273 0.1445825 0.7847068 0.155928 0.5710326 0.1445825 0.7847068 0.1622624 0.7921949 0.1607033 0.5730551 0.1442187 0.7843273 0.1558296 0.57093 0.1607292 0.5729939 0.1608213 0.7852931 0.1609169 0.7850665 0.1618254 0.5782431 0.1431411 0.7778049 0.1570242 0.5762818 0.1569259 0.5761792 0.1431411 0.7778049 0.1608213 0.7852931 0.1617996 0.5783045 0.1427774 0.7774254 0.1569259 0.5761792 0.1618254 0.5782431 0.1555861 0.7917614 0.1639946 0.5688565 0.1639557 0.568911 0.1395521 0.7803451 0.1398243 0.7807947 0.1597371 0.5658946 0.1398243 0.7807947 0.1554433 0.7919616 0.1639557 0.568911 0.1395521 0.7803451 0.1596634 0.5657732 0.1639946 0.5688565 0.1607218 0.7861247 0.1608645 0.7859246 0.1639183 0.5742187 0.1451029 0.7749577 0.1596609 0.5712564 0.1595877 0.5711352 0.1451029 0.7749577 0.1607218 0.7861247 0.1638798 0.5742727 0.1448308 0.7745082 0.1595877 0.5711352 0.1639183 0.5742187 0.6391178 0.5275405 0.6404315 0.6212451 0.5947075 0.6209564 0.5963581 0.526391 0.5947026 0.6210476 0.6401639 0.6212157 0.5982525 0.6200582 0.6392781 0.6218289 0.6391178 0.5275405 0.5974472 0.6211695 0.5950432 0.5274866 0.6413267 0.5282373 0.6399531 0.6230772 0.6414849 0.5277516 0.5956832 0.5269942 0.6399173 0.6218782 0.5982518 0.6200882 0.5963581 0.526391 0.6413267 0.5282373 0.5950432 0.5274866 0.5954525 0.6202736 0.5956832 0.5269942 0.6414849 0.5277516 0.6394054 0.6216283 0.7098349 0.1763767 0.7096467 0.2234116 0.7095719 0.2233996 0.7155458 0.1765645 0.7155466 0.1765425 0.7126366 0.2234985 0.7149379 0.1761087 0.7149376 0.1760869 0.7140904 0.2113796 0.7092243 0.1761829 0.7109753 0.211432 0.7108969 0.2114229 0.2838153 0.6872615 0.2708506 0.6876232 0.2693182 0.6900923 0.2838153 0.6872615 0.2855585 0.6896392 0.2850041 0.6719692 0.2701229 0.6746456 0.2834124 0.6744216 0.2850041 0.6719692 0.2701229 0.6746456 0.2683176 0.6722503 0.2693182 0.6900923 0.2721495 0.687567 0.2847406 0.6872157 0.2864838 0.6895934 0.2847406 0.6872157 0.2843505 0.6747824 0.2859421 0.6723298 0.2714448 0.6749998 0.2696395 0.6726046 0.2859421 0.6723298 0.2714448 0.6749998 0.2721495 0.687567 0.270617 0.6900362 0.7149379 0.1761087 0.7140906 0.2113916 0.7140904 0.2113796 0.7108969 0.2114229 0.7109753 0.211432 0.7092243 0.1761829 0.7095719 0.2233996 0.7096467 0.2234116 0.7098349 0.1763767 0.5956832 0.5269942 0.6414849 0.5277516 0.6399531 0.6230772 0.5982525 0.6200582 0.5963628 0.5263004 0.6391178 0.5275405 0.6413267 0.5282373 0.5950432 0.5274866 0.5974472 0.6211695 0.6413267 0.5282373 0.6394421 0.6215159 0.5954525 0.6202736 0.5956832 0.5269942 0.5960959 0.6197787 0.6394054 0.6216283 0.1357604 0.9722149 0.1365301 0.5368541 0.136533 0.5368854 0.7126366 0.2234985 0.7095719 0.2233996 0.7096918 0.1763533 0.1560817 0.9591134 0.1425556 0.5358121 0.1424054 0.5358122 0.5947075 0.6209564 0.6404315 0.6212451 0.6391178 0.5275405 0.1507992 0.9556847 0.1437657 0.5440807 0.1396405 0.5441528 0.1555531 0.9593486 0.1424054 0.5358122 0.1365301 0.5368541 0.1396409 0.5441746 0.1438696 0.5440973 0.151158 0.9554874 0.151158 0.9554874 0.1438696 0.5440973 0.1437657 0.5440807 0.7155458 0.1765645 0.7126361 0.2235099 0.7126366 0.2234985 0.6399173 0.6218782 0.6402724 0.5276669 0.5963581 0.526391 0.6401639 0.6212157 0.5947026 0.6210476 0.5963581 0.526391 0.136533 0.5368854 0.1425556 0.5358121 0.1560817 0.9591134 0.7098349 0.1763767 0.7096467 0.2234116 0.7126361 0.2235099 0.7092243 0.1761829 0.7109753 0.211432 0.7140906 0.2113916 0.7140904 0.2113796 0.7108969 0.2114229 0.7090804 0.1761663 0.1374992 0.9658922 0.1396405 0.5441528 0.1396409 0.5441746 0.2838153 0.6872615 0.2855585 0.6896392 0.2693182 0.6900923 0.2850041 0.6719692 0.2855585 0.6896392 0.2838153 0.6872615 0.2701229 0.6746456 0.2683176 0.6722503 0.2850041 0.6719692 0.2693182 0.6900923 0.2683176 0.6722503 0.2701229 0.6746456 0.2721495 0.687567 0.270617 0.6900362 0.2864838 0.6895934 0.2847406 0.6872157 0.2864838 0.6895934 0.2859421 0.6723298 0.2859421 0.6723298 0.2696395 0.6726046 0.2714448 0.6749998 0.2714448 0.6749998 0.2696395 0.6726046 0.270617 0.6900362 0.03938078 0.954481 0.03959488 0.95458 0.3569089 0.9508917 0.04711705 0.9377667 0.3560211 0.9402201 0.3561226 0.9401292 0.04711705 0.9377667 0.03938078 0.954481 0.3568511 0.9508649 0.04749232 0.93743 0.3561226 0.9401292 0.3569089 0.9508917 0.1195279 0.8070791 0.09723013 0.829084 0.1195264 0.8291631 0.1195279 0.8070791 0.09668093 0.8067458 0.09723013 0.829084 0.1218448 0.7802777 0.04457974 0.7452812 0.1222136 0.745204 0.1221392 0.7452015 0.04505598 0.782555 0.1217585 0.7812263 0.1856199 0.7426534 0.1218448 0.7802777 0.1222136 0.745204 0.1845737 0.7418733 0.1213069 0.7820994 0.1819548 0.7821902 0.1822112 0.7822685 0.1216345 0.7446573 0.1847325 0.7420721 0.1833518 0.7822501 0.1221392 0.7452015 0.1217585 0.7812263 0.1211202 0.8077496 0.1211188 0.8291345 0.09946507 0.8290578 0.1211202 0.8077496 0.09946507 0.8290578 0.09893316 0.8074259 0.1213069 0.7820994 0.04515087 0.7458816 0.04479897 0.7819676 0.1216345 0.7446573 0.04470622 0.7819393 0.04556643 0.7464017 0.1464065 0.8434648 0.07464259 0.8491883 0.1535385 0.8559396 0.1464065 0.8434648 0.1605867 0.7700641 0.1515279 0.7810639 0.08704787 0.7748282 0.1605867 0.7700641 0.07962483 0.7622344 0.08704787 0.7748282 0.07464259 0.8491883 0.08342391 0.8380752 0.08974498 0.8385187 0.1580448 0.8562278 0.08096355 0.8496318 0.1509127 0.843753 0.1649307 0.7723276 0.1580448 0.8562278 0.09325432 0.7772719 0.1649307 0.7723276 0.1558719 0.7833275 0.09325432 0.7772719 0.08096355 0.8496318 0.08583128 0.7646781 0.1218448 0.7802777 0.04503595 0.7827747 0.04457974 0.7452812 0.1221392 0.7452015 0.04450488 0.7452785 0.04505598 0.782555 0.1856199 0.7426534 0.1834071 0.7816429 0.1218448 0.7802777 0.1845737 0.7418733 0.1212211 0.74414 0.1213069 0.7820994 0.1822112 0.7822685 0.1217076 0.7822217 0.1216345 0.7446573 0.1833518 0.7822501 0.1855914 0.7426524 0.1221392 0.7452015 0.1213069 0.7820994 0.1212211 0.74414 0.04515087 0.7458816 0.1216345 0.7446573 0.1217076 0.7822217 0.04470622 0.7819393 0.1464065 0.8434648 0.08342391 0.8380752 0.07464259 0.8491883 0.1464065 0.8434648 0.1535385 0.8559396 0.1605867 0.7700641 0.08704787 0.7748282 0.1515279 0.7810639 0.1605867 0.7700641 0.08704787 0.7748282 0.07962483 0.7622344 0.07464259 0.8491883 0.08974498 0.8385187 0.1509127 0.843753 0.1580448 0.8562278 0.1509127 0.843753 0.1558719 0.7833275 0.1649307 0.7723276 0.09325432 0.7772719 0.08583128 0.7646781 0.1649307 0.7723276 0.09325432 0.7772719 0.08974498 0.8385187 0.08096355 0.8496318 0.7296936 0.7897865 0.5724328 0.6844696 0.7560641 0.6844173 0.7560641 0.6844173 0.7856103 0.7619171 0.7296936 0.7897865 0.7560641 0.6844173 0.9095392 0.7725093 0.9559122 0.8259419 0.9559122 0.8259419 0.7856103 0.7619171 0.7560641 0.6844173 0.9559122 0.8259419 0.8976091 0.8677174 0.7296936 0.7897865 0.7296936 0.7897865 0.7856103 0.7619171 0.9559122 0.8259419 0.7118788 0.9123442 0.5497137 0.8621702 0.5824553 0.7741862 0.5824553 0.7741862 0.6831551 0.8204944 0.7118788 0.9123442 0.5824553 0.7741862 0.5724328 0.6844696 0.7296936 0.7897865 0.7296936 0.7897865 0.6831551 0.8204944 0.5824553 0.7741862 0.7296936 0.7897865 0.8976091 0.8677174 0.7118788 0.9123442 0.7118788 0.9123442 0.6831551 0.8204944 0.7296936 0.7897865 0.7296936 0.7897865 0.7856103 0.7619171 0.7560641 0.6844173 0.7560641 0.6844173 0.5724328 0.6844696 0.7296936 0.7897865 0.7560641 0.6844173 0.7856103 0.7619171 0.9559122 0.8259419 0.9559122 0.8259419 0.9095392 0.7725093 0.7560641 0.6844173 0.9559122 0.8259419 0.7856103 0.7619171 0.7296936 0.7897865 0.7296936 0.7897865 0.8976091 0.8677174 0.9559122 0.8259419 0.7118788 0.9123442 0.6831551 0.8204944 0.5824553 0.7741862 0.5824553 0.7741862 0.5497137 0.8621702 0.7118788 0.9123442 0.5824553 0.7741862 0.6831551 0.8204944 0.7296936 0.7897865 0.7296936 0.7897865 0.5724328 0.6844696 0.5824553 0.7741862 0.7296936 0.7897865 0.6831551 0.8204944 0.7118788 0.9123442 0.7118788 0.9123442 0.8976091 0.8677174 0.7296936 0.7897865 0.730448 0.8027225 0.5495103 0.8668406 0.7270813 0.9110462 0.7270813 0.9110462 0.776778 0.8438151 0.730448 0.8027225 0.7270813 0.9110462 0.9009763 0.867514 0.9599118 0.828372 0.9599118 0.828372 0.776778 0.8438151 0.7270813 0.9110462 0.9599118 0.828372 0.9148501 0.7725698 0.730448 0.8027225 0.730448 0.8027225 0.776778 0.8438151 0.9599118 0.828372 0.7467692 0.679997 0.5762959 0.6897039 0.5836758 0.783545 0.5836758 0.783545 0.6939427 0.7612762 0.7467692 0.679997 0.5836758 0.783545 0.5495103 0.8668406 0.730448 0.8027225 0.730448 0.8027225 0.6939427 0.7612762 0.5836758 0.783545 0.730448 0.8027225 0.9148501 0.7725698 0.7467692 0.679997 0.7467692 0.679997 0.6939427 0.7612762 0.730448 0.8027225 0.730448 0.8027225 0.776778 0.8438151 0.7270813 0.9110462 0.7270813 0.9110462 0.5495103 0.8668406 0.730448 0.8027225 0.7270813 0.9110462 0.776778 0.8438151 0.9599118 0.828372 0.9599118 0.828372 0.9009763 0.867514 0.7270813 0.9110462 0.9599118 0.828372 0.776778 0.8438151 0.730448 0.8027225 0.730448 0.8027225 0.9148501 0.7725698 0.9599118 0.828372 0.7467692 0.679997 0.6939427 0.7612762 0.5836758 0.783545 0.5836758 0.783545 0.5762959 0.6897039 0.7467692 0.679997 0.5836758 0.783545 0.6939427 0.7612762 0.730448 0.8027225 0.730448 0.8027225 0.5495103 0.8668406 0.5836758 0.783545 0.730448 0.8027225 0.6939427 0.7612762 0.7467692 0.679997 0.7467692 0.679997 0.9148501 0.7725698 0.730448 0.8027225</float_array>
          <technique_common>
            <accessor source="#kebenit_Mesh_005-mesh-map-0-array" count="2313" stride="2">
              <param name="S" type="float"/>
              <param name="T" type="float"/>
            </accessor>
          </technique_common>
        </source>
        <vertices id="kebenit_Mesh_005-mesh-vertices">
          <input semantic="POSITION" source="#kebenit_Mesh_005-mesh-positions"/>
        </vertices>
        <triangles material="carf-material" count="771">
          <input semantic="VERTEX" source="#kebenit_Mesh_005-mesh-vertices" offset="0"/>
          <input semantic="NORMAL" source="#kebenit_Mesh_005-mesh-normals" offset="1"/>
          <input semantic="TEXCOORD" source="#kebenit_Mesh_005-mesh-map-0" offset="2" set="0"/>
          <p>14 0 0 5 1 1 0 2 2 13 3 3 10 4 4 6 5 5 23 6 6 58 7 7 46 8 8 22 9 9 53 10 10 41 11 11 17 12 12 30 13 13 11 14 14 1 15 15 38 16 16 15 17 17 7 18 18 33 19 19 27 20 20 4 21 21 26 22 22 20 23 23 55 24 24 45 25 25 48 26 26 54 27 27 49 28 28 59 29 29 29 30 30 42 31 31 19 32 32 35 33 33 50 34 34 56 35 35 24 36 36 36 37 37 57 38 38 21 39 39 44 40 40 52 41 41 16 42 42 39 43 43 31 44 44 2 45 45 18 46 46 37 47 47 8 48 48 12 49 49 32 50 50 3 51 51 9 52 52 25 53 53 28 54 54 47 55 55 43 56 56 34 57 57 40 58 58 51 59 59 60 60 60 62 60 61 63 60 62 69 61 63 75 62 64 82 63 65 64 64 66 83 64 67 61 64 68 89 65 69 93 66 70 98 67 71 105 68 72 109 69 73 110 70 74 113 71 75 115 72 76 107 73 77 121 74 78 126 75 79 131 76 80 135 77 81 141 78 82 145 79 83 148 80 84 152 81 85 156 82 86 163 83 87 170 84 88 171 85 89 176 86 90 180 87 91 184 88 92 185 89 93 187 90 94 178 91 95 195 92 96 101 93 97 203 94 98 122 95 99 211 96 100 125 97 101 165 98 102 172 99 103 212 100 104 104 101 105 214 102 106 217 103 107 153 104 108 150 105 109 218 106 110 230 107 111 233 108 112 245 109 113 222 110 114 242 111 115 266 112 116 270 113 117 274 114 118 162 115 119 161 116 120 278 117 121 269 118 122 281 119 123 282 120 124 284 121 125 280 122 126 285 123 127 291 124 128 292 125 129 123 126 130 209 127 131 210 128 132 297 129 133 293 130 134 78 131 135 300 132 136 66 133 137 65 134 138 299 135 139 304 136 140 306 137 141 312 138 142 67 139 143 142 140 144 319 141 145 146 142 146 320 143 147 327 144 148 333 145 149 106 146 150 116 147 151 215 148 152 294 149 153 338 150 154 128 151 155 331 152 156 342 153 157 346 154 158 103 155 159 216 156 160 350 157 161 275 158 162 355 159 163 362 160 164 363 161 165 365 161 166 366 161 167 368 162 168 372 163 169 378 164 170 382 165 171 138 166 172 80 167 173 374 168 174 390 169 175 394 170 176 392 171 177 397 172 178 400 173 179 403 174 180 370 175 181 396 176 182 406 177 183 408 177 184 409 177 185 412 178 186 414 179 187 418 180 188 410 181 189 419 181 190 407 181 191 417 182 192 420 182 193 411 183 194 422 184 195 360 185 196 352 186 197 367 187 198 425 187 199 364 187 200 147 188 201 157 189 202 357 190 203 426 191 204 428 191 205 429 191 206 415 192 207 413 193 208 431 194 209 434 195 210 435 195 211 437 195 212 439 196 213 440 196 214 442 196 215 444 197 216 446 198 217 448 199 218 114 200 219 451 201 220 213 202 221 181 203 222 456 204 223 118 205 224 450 206 225 459 207 226 443 208 227 460 209 228 462 209 229 463 209 230 207 210 231 117 211 232 452 212 233 468 213 234 79 214 235 137 215 236 341 216 237 330 217 238 325 218 239 94 219 240 339 220 241 84 221 242 430 222 243 471 222 244 427 222 245 432 223 246 472 223 247 416 224 248 436 225 249 473 225 250 433 225 251 475 226 252 476 227 253 477 228 254 393 229 255 481 230 256 375 231 257 484 232 258 485 233 259 486 233 260 441 234 261 488 234 262 438 234 263 490 235 264 279 236 265 287 237 266 489 238 267 286 239 268 491 240 269 349 241 270 271 242 271 332 243 272 495 244 273 373 245 274 479 246 275 464 247 276 496 247 277 461 247 278 136 248 279 497 249 280 465 250 281 134 251 282 501 252 283 140 253 284 305 254 285 303 255 286 174 256 287 175 257 288 504 258 289 308 259 290 398 260 291 506 261 292 391 262 293 509 263 294 399 264 295 513 265 296 512 266 297 381 267 298 508 268 299 380 269 300 511 270 301 369 271 302 361 272 303 158 273 304 276 274 305 129 275 306 124 276 307 295 277 308 514 278 309 127 279 310 337 280 311 120 281 312 130 282 313 515 283 314 478 284 315 517 285 316 474 286 317 351 287 318 272 288 319 344 289 320 348 290 321 343 291 322 97 292 323 354 293 324 347 294 325 96 295 326 521 296 327 356 297 328 102 298 329 522 299 330 100 300 331 528 301 332 523 302 333 526 303 334 533 304 335 301 305 336 77 306 337 466 307 338 302 308 339 467 309 340 455 310 341 173 311 342 298 312 343 453 313 344 182 314 345 179 315 346 457 316 347 536 317 348 220 318 349 151 319 350 149 320 351 358 321 352 535 322 353 72 323 354 91 324 355 88 325 356 139 326 357 383 327 358 315 328 359 454 329 360 537 330 361 208 331 362 133 332 363 329 333 364 267 334 365 132 335 366 334 336 367 328 337 368 160 338 369 155 339 370 542 340 371 219 341 372 541 342 373 154 343 374 316 344 375 545 345 376 144 346 377 227 347 378 550 348 379 551 349 380 395 350 381 552 351 382 401 352 383 76 353 384 70 354 385 202 355 386 554 356 387 562 357 388 310 358 389 345 359 390 273 360 391 268 361 392 566 362 393 546 363 394 335 364 395 548 365 396 326 366 397 336 367 398 385 368 399 322 369 400 317 370 401 547 371 402 318 372 403 324 373 404 520 374 405 424 375 406 353 376 407 569 377 408 423 378 409 519 379 410 518 380 411 530 381 412 567 382 413 539 383 414 469 384 415 500 385 416 470 386 417 540 387 418 458 388 419 371 389 420 405 390 421 377 391 422 389 392 423 376 393 424 404 394 425 71 395 426 199 396 427 90 397 428 99 398 429 92 399 430 201 400 431 177 401 432 188 402 433 502 403 434 402 404 435 553 405 436 388 406 437 143 407 438 544 408 439 565 409 440 228 410 441 570 411 442 549 412 443 204 413 444 564 414 445 196 415 446 574 416 447 223 417 448 247 418 449 571 419 450 248 420 451 578 421 452 487 422 453 586 423 454 483 424 455 587 425 456 482 426 457 585 427 458 480 428 459 589 429 460 494 429 461 584 430 462 590 431 463 588 431 464 386 432 465 87 433 466 321 434 467 323 435 468 86 436 469 340 437 470 387 438 471 74 439 472 85 440 473 81 441 474 73 442 475 384 443 476 593 444 477 594 445 478 596 445 479 447 446 480 445 447 481 510 448 482 595 449 483 599 450 484 592 451 485 601 452 486 591 453 487 598 454 488 164 455 489 602 456 490 169 457 491 597 458 492 603 459 493 600 460 494 604 461 495 605 462 496 606 462 497 507 463 498 379 464 499 449 465 500 607 466 501 608 467 502 611 468 503 614 469 504 618 470 505 620 471 506 615 472 507 621 473 508 624 474 509 258 475 510 626 476 511 629 477 512 259 478 513 628 479 514 637 480 515 239 481 516 646 482 517 651 483 518 241 484 519 650 485 520 655 486 521 657 487 522 573 488 523 577 489 524 656 490 525 576 491 526 659 492 527 666 493 528 168 494 529 669 493 530 665 495 531 668 495 532 673 496 533 166 497 534 667 498 535 672 499 536 167 500 537 671 501 538 670 502 539 232 503 540 231 504 541 265 505 542 236 506 543 264 507 544 244 508 545 224 509 546 572 510 547 575 511 548 225 512 549 579 513 550 246 514 551 674 515 552 226 516 553 252 517 554 675 518 555 249 519 556 645 520 557 254 521 558 664 522 559 679 523 560 253 524 561 678 525 562 636 526 563 234 527 564 676 528 565 648 529 566 235 530 567 647 531 568 243 532 569 229 533 570 658 534 571 660 535 572 221 536 573 663 537 574 261 538 575 643 539 576 255 540 577 633 541 578 644 542 579 632 543 580 649 544 581 421 545 582 534 546 583 359 547 584 119 548 585 516 549 586 183 550 587 112 551 588 108 552 589 610 553 590 612 554 591 609 555 592 111 556 593 186 557 594 680 558 595 189 559 596 684 560 597 687 561 598 529 562 599 525 563 600 194 564 601 683 565 602 307 566 603 555 567 604 313 568 605 505 569 606 558 570 607 309 571 608 527 572 609 686 573 610 532 574 611 311 575 612 561 576 613 198 577 614 200 578 615 68 579 616 314 580 617 531 581 618 685 582 619 568 583 620 191 584 621 681 585 622 557 586 623 556 587 624 503 588 625 190 589 626 197 590 627 563 591 628 560 592 629 559 593 630 682 594 631 192 595 632 159 596 633 543 597 634 277 598 635 205 599 636 538 600 637 498 601 638 499 602 639 296 603 640 206 604 641 693 605 642 698 606 643 701 607 644 702 608 645 700 609 646 694 610 647 709 611 648 711 612 649 713 613 650 710 614 651 705 615 652 715 616 653 720 617 654 704 618 655 723 619 656 727 620 657 724 621 658 707 622 659 729 623 660 717 624 661 736 625 662 725 626 663 734 627 664 721 628 665 738 629 666 741 630 667 697 631 668 703 632 669 696 633 670 740 634 671 742 635 672 737 636 673 688 637 674 695 638 675 692 639 676 739 640 677 706 641 678 712 642 679 726 643 680 690 644 681 730 645 682 744 646 683 747 647 684 714 648 685 719 649 686 708 650 687 722 651 688 716 652 689 733 653 690 689 654 691 749 655 692 699 656 693 748 657 694 691 658 695 718 659 696 731 660 697 745 661 698 750 662 699 746 663 700 732 664 701 735 665 702 743 666 703 728 667 704 753 668 705 757 669 706 763 670 707 765 671 708 761 672 709 767 673 710 756 674 711 768 675 712 762 676 713 766 677 714 752 678 715 760 679 716 661 680 717 580 681 718 769 682 719 662 683 720 771 684 721 677 685 722 493 686 723 289 687 724 754 688 725 492 689 726 751 690 727 764 691 728 625 692 729 257 693 730 639 694 731 627 695 732 638 696 733 630 697 734 288 698 735 283 699 736 759 700 737 290 701 738 758 702 739 755 703 740 583 704 741 251 705 742 631 706 743 582 707 744 641 708 745 772 709 746 250 710 747 581 711 748 770 712 749 256 713 750 773 714 751 640 715 752 263 716 753 238 717 754 652 718 755 260 719 756 653 720 757 635 721 758 237 722 759 262 723 760 642 724 761 240 725 762 634 726 763 654 727 764 774 728 765 779 729 766 783 730 767 776 731 768 785 732 769 788 733 770 617 734 771 793 735 772 795 736 773 619 737 774 797 738 775 622 739 776 794 740 777 800 741 778 796 742 779 804 743 780 810 744 781 815 745 782 806 746 783 813 747 784 818 748 785 798 749 786 613 750 787 623 751 788 616 752 789 799 753 790 792 754 791 819 755 792 775 756 793 789 757 794 821 758 795 791 759 796 811 760 797 822 761 798 820 762 799 812 763 800 823 764 801 807 765 802 805 766 803 778 767 804 824 768 805 802 769 806 777 770 807 801 771 808 780 772 809 825 773 810 830 774 811 833 775 812 826 776 813 832 777 814 835 778 815 808 779 816 790 780 817 838 781 818 809 782 819 839 783 820 814 784 821 786 785 822 784 786 823 842 787 824 787 788 825 841 789 826 837 790 827 781 791 828 803 792 829 817 793 830 782 794 831 816 795 832 840 796 833 843 797 834 845 797 835 846 798 836 844 799 837 848 800 838 851 801 839 853 802 840 827 803 841 836 804 842 852 805 843 834 806 844 855 807 845 828 808 846 858 809 847 862 810 848 829 811 849 863 812 850 831 813 851 860 814 852 854 815 853 857 816 854 859 817 855 856 818 856 861 819 857 865 820 858 866 821 859 849 822 860 864 823 861 850 824 862 847 825 863 868 826 864 872 827 865 875 828 866 869 829 867 874 830 868 878 831 869 871 832 870 879 833 871 881 833 872 870 834 873 880 835 874 873 836 875 883 837 876 867 838 877 876 839 878 882 840 879 877 841 880 884 840 881 524 842 882 95 843 883 193 844 884 885 845 885 887 846 886 889 847 887 890 848 888 891 849 889 892 850 890 886 851 891 888 852 892 893 853 893 894 854 894 895 855 895 896 856 896 897 857 897 903 858 898 906 859 899 907 860 900 910 861 901 901 862 902 911 863 903 914 864 904 919 865 905 920 866 906 921 867 907 922 867 908 915 868 909 926 869 910 930 870 911 931 871 912 918 872 913 912 873 914 923 874 915 934 875 916 936 876 917 935 877 918 929 878 919 925 879 920 937 880 921 898 881 922 909 882 923 908 883 924 938 884 925 939 884 926 940 885 927 943 886 928 944 887 929 945 888 930 947 889 931 942 890 932 949 891 933 950 892 934 953 893 935 955 894 936 956 895 937 957 895 938 951 896 939 959 897 940 962 898 941 963 899 942 954 900 943 952 901 944 960 902 945 964 903 946 966 904 947 965 905 948 961 906 949 958 907 950 967 908 951 941 909 952 948 910 953 946 911 954 968 912 955 969 912 956 970 913 957 973 914 958 974 915 959 976 916 960 980 917 961 971 918 962 983 919 963 984 920 964 990 921 965 987 922 966 992 923 967 993 923 968 986 924 969 996 925 970 997 926 971 998 927 972 991 928 973 985 929 974 994 930 975 1003 931 976 1005 932 977 1004 933 978 1002 934 979 995 935 980 1008 936 981 972 937 982 978 938 983 979 939 984 1009 940 985 1010 940 986 1011 941 987 1013 942 988 1015 943 989 1020 944 990 1012 944 991 1016 945 992 1021 946 993 1022 947 994 1023 948 995 1006 949 996 1025 950 997 999 951 998 1001 952 999 1029 953 1000 988 954 1001 904 955 1002 899 956 1003 1019 957 1004 1018 958 1005 1014 959 1006 905 960 1007 902 961 1008 1031 962 1009 1032 963 1010 1033 964 1011 1017 965 1012 900 966 1013 933 967 1014 924 968 1015 1034 969 1016 1035 969 1017 1036 969 1018 932 970 1019 928 971 1020 916 972 1021 1037 973 1022 1038 973 1023 1039 973 1024 927 974 1025 917 975 1026 1040 976 1027 1041 976 1028 1042 977 1029 1043 977 1030 913 978 1031 1044 979 1032 1027 980 1033 1046 981 1034 1047 982 1035 1048 983 1036 1050 984 1037 1052 985 1038 1053 986 1039 1054 987 1040 1056 988 1041 1051 989 1042 1057 990 1043 1058 991 1044 1055 992 1045 1059 993 1046 1049 994 1047 1060 995 1048 1061 996 1049 977 997 1050 1062 998 1051 1065 999 1052 1067 1000 1053 1064 1001 1054 1069 1002 1055 1007 1003 1056 1070 1004 1057 1024 1005 1058 1000 1006 1059 1026 1007 1060 1030 1008 1061 1045 1009 1062 989 1010 1063 1028 1011 1064 982 1012 1065 975 1013 1066 1063 1014 1067 1068 1015 1068 981 1016 1069 1066 1017 1070 1083 1018 1071 1075 1019 1072 1088 1020 1073 1087 1021 1074 1102 1022 1075 1082 1023 1076 1086 1024 1077 1073 1025 1078 1091 1026 1079 1090 1027 1080 1101 1028 1081 1085 1029 1082 1089 1030 1083 1072 1031 1084 1080 1032 1085 1084 1033 1086 1103 1034 1087 1092 1035 1088 1095 1036 1089 1076 1037 1090 1098 1038 1091 1099 1039 1092 1106 1040 1093 1096 1041 1094 1100 1042 1095 1074 1043 1096 1081 1044 1097 1077 1045 1098 1104 1046 1099 1097 1047 1100 1078 1048 1101 1071 1049 1102 1093 1050 1103 1094 1051 1104 1105 1052 1105 1079 1053 1106 1115 1054 1107 1138 1055 1108 1122 1056 1109 1121 1057 1110 1110 1058 1111 1114 1059 1112 1124 1060 1113 1139 1061 1114 1127 1062 1115 1126 1063 1116 1109 1064 1117 1123 1065 1118 1125 1066 1119 1137 1067 1120 1113 1068 1121 1117 1069 1122 1107 1070 1123 1128 1071 1124 1129 1072 1125 1140 1073 1126 1134 1074 1127 1135 1075 1128 1112 1076 1129 1130 1077 1130 1136 1078 1131 1142 1079 1132 1120 1080 1133 1116 1081 1134 1111 1082 1135 1133 1083 1136 1118 1084 1137 1141 1085 1138 1131 1086 1139 1132 1087 1140 1108 1088 1141 1119 1089 1142 1147 1090 1143 1145 1091 1144 1143 1092 1145 1146 1093 1146 1148 1094 1147 1144 1095 1148 1151 1096 1149 1149 1097 1150 1153 1098 1151 1154 1099 1152 1150 1100 1153 1152 1101 1154 1159 1102 1155 1156 1103 1156 1158 1104 1157 1157 1105 1158 1155 1106 1159 1160 1107 1160 1163 1108 1161 1161 1109 1162 1165 1110 1163 1166 1111 1164 1162 1112 1165 1164 1113 1166 1171 1114 1167 1168 1115 1168 1170 1116 1169 1169 1117 1170 1167 1118 1171 1172 1119 1172 1175 1120 1173 1173 1121 1174 1177 1122 1175 1178 1123 1176 1174 1124 1177 1176 1125 1178 1183 1126 1179 1180 1127 1180 1182 1128 1181 1181 1129 1182 1179 1130 1183 1184 1131 1184 1187 1132 1185 1185 1133 1186 1189 1134 1187 1190 1135 1188 1186 1136 1189 1188 1137 1190 1195 1138 1191 1192 1139 1192 1194 1140 1193 1193 1141 1194 1191 1142 1195 1196 1143 1196 1201 1144 1197 1197 1145 1198 1199 1146 1199 1200 1147 1200 1198 1148 1201 1202 1149 1202 1301 1150 1203 1596 1151 1204 1288 1152 1205 1294 1153 1206 1600 1154 1207 1589 1155 1208 1316 1156 1209 1208 1157 1210 1295 1158 1211 1244 1159 1212 1210 1160 1213 1225 1161 1214 1311 1162 1215 1290 1163 1216 1206 1164 1217 1226 1165 1218 1577 1166 1219 1568 1167 1220 1240 1168 1221 1219 1169 1222 1214 1170 1223 1322 1171 1224 1299 1172 1225 1303 1173 1226 1319 1174 1227 1292 1175 1228 1308 1176 1229 1306 1177 1230 1309 1178 1231 1313 1179 1232 1305 1180 1233 1314 1181 1234 1318 1182 1235 1248 1183 1236 1223 1184 1237 1228 1185 1238 1250 1186 1239 1216 1187 1240 1235 1188 1241 1230 1189 1242 1571 1190 1243 1215 1191 1244 1233 1192 1245 1237 1193 1246 1242 1194 1247 1234 1195 1248 1241 1196 1249 1246 1197 1250 1267 1198 1251 1262 1199 1252 1260 1200 1253 1265 1201 1254 1259 1202 1255 1253 1203 1256 1278 1204 1257 1274 1205 1258 1286 1206 1259 1277 1207 1260 1269 1208 1261 1273 1209 1262 1263 1210 1263 1280 1211 1264 1285 1212 1265 1252 1213 1266 1276 1214 1267 1270 1215 1268 1256 1216 1269 1283 1217 1270 1272 1218 1271 1254 1219 1272 1282 1220 1273 1268 1221 1274 1339 1222 1275 1334 1223 1276 1332 1224 1277 1337 1225 1278 1331 1226 1279 1324 1227 1280 1350 1228 1281 1347 1229 1282 1358 1230 1283 1349 1231 1284 1343 1232 1285 1346 1233 1286 1335 1234 1287 1351 1235 1288 1357 1236 1289 1329 1237 1290 1342 1238 1291 1323 1239 1292 1327 1240 1293 1356 1241 1294 1345 1242 1295 1326 1243 1296 1353 1244 1297 1340 1245 1298 1375 1246 1299 1370 1247 1300 1368 1248 1301 1374 1249 1302 1367 1250 1303 1361 1251 1304 1385 1252 1305 1381 1253 1306 1394 1254 1307 1386 1255 1308 1378 1256 1309 1382 1257 1310 1372 1258 1311 1393 1259 1312 1371 1260 1313 1360 1261 1314 1384 1262 1315 1377 1263 1316 1365 1264 1317 1391 1265 1318 1380 1266 1319 1362 1267 1320 1389 1268 1321 1376 1269 1322 1411 1270 1323 1406 1271 1324 1404 1272 1325 1409 1273 1326 1403 1274 1327 1396 1275 1328 1422 1276 1329 1418 1277 1330 1430 1278 1331 1421 1279 1332 1415 1280 1333 1419 1281 1334 1408 1282 1335 1424 1283 1336 1429 1284 1337 1402 1285 1338 1414 1286 1339 1395 1287 1340 1399 1288 1341 1428 1289 1342 1417 1290 1343 1398 1291 1344 1426 1292 1345 1412 1293 1346 1447 1294 1347 1442 1295 1348 1440 1296 1349 1446 1297 1350 1439 1298 1351 1433 1299 1352 1458 1300 1353 1454 1301 1354 1466 1302 1355 1457 1303 1356 1449 1304 1357 1453 1305 1358 1444 1306 1359 1464 1307 1360 1443 1308 1361 1432 1309 1362 1455 1310 1363 1450 1311 1364 1437 1312 1365 1463 1313 1366 1452 1314 1367 1434 1315 1368 1461 1316 1369 1448 1317 1370 1483 1318 1371 1478 1319 1372 1476 1320 1373 1481 1321 1374 1475 1322 1375 1468 1323 1376 1494 1324 1377 1491 1325 1378 1502 1326 1379 1493 1327 1380 1485 1328 1381 1490 1329 1382 1479 1330 1383 1496 1331 1384 1501 1332 1385 1474 1333 1386 1487 1334 1387 1467 1335 1388 1471 1336 1389 1500 1337 1390 1489 1338 1391 1470 1339 1392 1498 1340 1393 1484 1341 1394 1657 1342 1395 1646 1343 1396 1513 1344 1397 1658 1345 1398 1520 1346 1399 1647 1347 1400 1530 1348 1401 1674 1349 1402 1541 1350 1403 1535 1351 1404 1686 1352 1405 1548 1353 1406 1650 1354 1407 1532 1355 1408 1542 1356 1409 1659 1357 1410 1528 1358 1411 1514 1359 1412 1653 1360 1413 1539 1361 1414 1508 1362 1415 1663 1363 1416 1533 1364 1417 1547 1365 1418 1555 1366 1419 1560 1367 1420 1666 1368 1421 1557 1369 1422 1665 1370 1423 1564 1371 1424 1526 1372 1425 1684 1373 1426 1549 1374 1427 1537 1375 1428 1675 1376 1429 1682 1377 1430 1574 1378 1431 1584 1379 1432 1569 1380 1433 1573 1381 1434 1570 1382 1435 1579 1383 1436 1221 1384 1437 1582 1385 1438 1229 1386 1439 1212 1387 1440 1575 1388 1441 1580 1389 1442 1598 1390 1443 1591 1391 1444 1602 1392 1445 1597 1393 1446 1588 1394 1447 1592 1395 1448 1204 1396 1449 1593 1397 1450 1599 1398 1451 1296 1399 1452 1587 1400 1453 1304 1401 1454 1605 1402 1455 1604 1403 1456 1603 1404 1457 1607 1405 1458 1608 1406 1459 1606 1407 1460 1612 1408 1461 1613 1409 1462 1610 1410 1463 1614 1411 1464 1611 1412 1465 1609 1413 1466 1619 1414 1467 1617 1415 1468 1615 1416 1469 1618 1417 1470 1620 1418 1471 1616 1419 1472 1624 1420 1473 1625 1421 1474 1622 1422 1475 1626 1423 1476 1623 1424 1477 1621 1425 1478 1631 1426 1479 1629 1427 1480 1627 1428 1481 1630 1429 1482 1632 1430 1483 1628 1431 1484 1636 1432 1485 1637 1433 1486 1634 1434 1487 1638 1435 1488 1635 1436 1489 1633 1437 1490 1643 1438 1491 1641 1439 1492 1640 1440 1493 1642 1441 1494 1644 1442 1495 1639 1443 1496 1512 1444 1497 1516 1445 1498 1652 1446 1499 1510 1447 1500 1504 1448 1501 1655 1449 1502 1522 1450 1503 1505 1451 1504 1661 1452 1505 1523 1453 1506 1518 1454 1507 1648 1455 1508 1668 1456 1509 1671 1457 1510 1550 1458 1511 1559 1459 1512 1677 1460 1513 1670 1461 1514 1562 1462 1515 1681 1463 1516 1556 1464 1517 1566 1465 1518 1553 1466 1519 1688 1467 1520 1693 1468 1521 1690 1469 1522 1692 1470 1523 1691 1471 1524 1689 1472 1525 1694 1473 1526 1699 1474 1527 1698 1475 1528 1696 1476 1529 1697 1477 1530 1700 1478 1531 1695 1479 1532 1714 1480 1533 1717 1481 1534 1715 1482 1535 1716 1483 1536 1718 1484 1537 1713 1485 1538 1722 1486 1539 1724 1487 1540 1720 1488 1541 1719 1489 1542 1723 1490 1543 1721 1491 1544 1726 1492 1545 1729 1493 1546 1727 1494 1547 1728 1495 1548 1730 1496 1549 1725 1497 1550 1734 1498 1551 1736 1499 1552 1732 1500 1553 1731 1501 1554 1735 1502 1555 1733 1503 1556 1740 1504 1557 1742 1505 1558 1741 1506 1559 1738 1507 1560 1739 1508 1561 1737 1509 1562 1916 1510 1563 1751 1511 1564 1868 1512 1565 1758 1513 1566 1860 1514 1567 1855 1515 1568 1747 1516 1569 1754 1517 1570 1757 1518 1571 1748 1519 1572 1743 1520 1573 1753 1521 1574 1788 1522 1575 1991 1523 1576 1784 1524 1577 1772 1525 1578 1775 1526 1579 1761 1527 1580 1771 1528 1581 1766 1529 1582 1776 1530 1583 1763 1531 1584 1899 1532 1585 1894 1533 1586 1807 1534 1587 1974 1535 1588 1837 1536 1589 1790 1537 1590 1781 1538 1591 1990 1539 1592 1976 1540 1593 1816 1541 1594 1828 1542 1595 1820 1543 1596 1987 1544 1597 1831 1545 1598 1818 1546 1599 2011 1547 1600 1800 1548 1601 1805 1549 1602 1995 1550 1603 1801 1551 1604 1889 1552 1605 1882 1553 1606 1886 1554 1607 1883 1555 1608 1904 1556 1609 1887 1557 1610 1773 1558 1611 1891 1559 1612 1906 1560 1613 1876 1561 1614 1901 1562 1615 1880 1563 1616 1999 1564 1617 1813 1565 1618 1803 1566 1619 1980 1567 1620 1834 1568 1621 1972 1569 1622 1848 1570 1623 1918 1571 1624 1850 1572 1625 1878 1573 1626 1914 1574 1627 1885 1575 1628 1870 1576 1629 1846 1577 1630 1853 1578 1631 1844 1579 1632 1865 1580 1633 1847 1581 1634 1922 1582 1635 1923 1583 1636 1925 1584 1637 1924 1585 1638 1921 1586 1639 1926 1587 1640 1929 1588 1641 1928 1589 1642 1932 1590 1643 1927 1591 1644 1930 1592 1645 1931 1593 1646 1909 1594 1647 1770 1595 1648 1903 1596 1649 1985 1597 1650 1809 1598 1651 1838 1599 1652 1935 1600 1653 1933 1601 1654 1937 1602 1655 1934 1603 1656 1936 1604 1657 1938 1605 1658 1941 1606 1659 1940 1607 1660 1943 1608 1661 1939 1609 1662 1942 1610 1663 1944 1611 1664 1946 1612 1665 1948 1613 1666 1950 1614 1667 1947 1615 1668 1945 1616 1669 1949 1617 1670 1953 1618 1671 1952 1619 1672 1955 1620 1673 1951 1621 1674 1954 1622 1675 1956 1623 1676 1958 1624 1677 1960 1625 1678 1962 1626 1679 1959 1627 1680 1957 1628 1681 1961 1629 1682 1963 1630 1683 1966 1631 1684 1968 1632 1685 1965 1633 1686 1964 1634 1687 1967 1635 1688 1890 1636 1689 1877 1637 1690 1881 1638 1691 2008 1639 1692 1811 1640 1693 1798 1641 1694 1981 1642 1695 1971 1643 1696 1823 1644 1697 1907 1645 1698 1874 1646 1699 1888 1647 1700 1897 1648 1701 1767 1649 1702 1912 1650 1703 1863 1651 1704 1744 1652 1705 1917 1653 1706 1749 1654 1707 1859 1655 1708 1867 1656 1709 1851 1657 1710 1872 1658 1711 1854 1659 1712 1710 1660 1713 1712 1661 1714 1708 1662 1715 1707 1663 1716 1711 1664 1717 1709 1665 1718 1702 1666 1719 1706 1667 1720 1704 1668 1721 1703 1669 1722 1705 1670 1723 1701 1671 1724 1833 1672 1725 1829 1673 1726 1970 1674 1727 1842 1675 1728 1836 1676 1729 1982 1677 1730 1825 1678 1731 1839 1679 1732 1979 1680 1733 1827 1681 1734 1821 1682 1735 1969 1683 1736 1993 1684 1737 1996 1685 1738 1785 1686 1739 1786 1687 1740 2006 1688 1741 1791 1689 1742 2004 1690 1743 1783 1691 1744 1789 1692 1745 1780 1693 1746 1793 1694 1747 1989 1695 1748 2017 1696 1749 2014 1697 1750 2016 1698 1751 2015 1699 1752 2013 1700 1753 2018 1701 1754 2035 1702 1755 2030 1703 1756 2028 1704 1757 2033 1705 1758 2027 1706 1759 2020 1707 1760 2045 1708 1761 2042 1709 1762 2054 1710 1763 2046 1711 1764 2039 1712 1765 2043 1713 1766 2032 1714 1767 2047 1715 1768 2053 1716 1769 2026 1717 1770 2038 1718 1771 2019 1719 1772 2023 1720 1773 2052 1721 1774 2041 1722 1775 2021 1723 1776 2049 1724 1777 2036 1725 1778 2059 1726 1779 2057 1727 1780 2055 1728 1781 2058 1729 1782 2060 1730 1783 2056 1731 1784 1302 1732 1785 1585 1733 1786 1595 1734 1787 1293 1735 1788 1205 1736 1789 1601 1737 1790 1315 1738 1791 1312 1739 1792 1207 1740 1793 1245 1741 1794 1238 1742 1795 1211 1743 1796 1310 1744 1797 1307 1745 1798 1289 1746 1799 1227 1747 1800 1209 1748 1801 1578 1749 1802 1239 1750 1803 1236 1751 1804 1220 1752 1805 1321 1753 1806 1317 1754 1807 1298 1755 1808 1320 1756 1809 1300 1757 1810 1291 1758 1811 1247 1759 1812 1243 1760 1813 1224 1761 1814 1249 1762 1815 1232 1763 1816 1217 1764 1817 1231 1765 1818 1583 1766 1819 1572 1767 1820 1264 1768 1821 1266 1769 1822 1279 1770 1823 1251 1771 1824 1258 1772 1825 1275 1773 1826 1257 1774 1827 1261 1775 1828 1284 1776 1829 1255 1777 1830 1271 1778 1831 1281 1779 1832 1336 1780 1833 1338 1781 1834 1352 1782 1835 1330 1783 1836 1348 1784 1837 1341 1785 1838 1328 1786 1839 1333 1787 1840 1355 1788 1841 1325 1789 1842 1344 1790 1843 1354 1791 1844 1373 1792 1845 1387 1793 1846 1392 1794 1847 1359 1795 1848 1366 1796 1849 1383 1797 1850 1364 1798 1851 1369 1799 1852 1390 1800 1853 1363 1801 1854 1379 1802 1855 1388 1803 1856 1407 1804 1857 1410 1805 1858 1423 1806 1859 1401 1807 1860 1420 1808 1861 1413 1809 1862 1400 1810 1863 1405 1811 1864 1427 1812 1865 1397 1813 1866 1416 1814 1867 1425 1815 1868 1445 1816 1869 1459 1817 1870 1465 1818 1871 1431 1819 1872 1438 1820 1873 1456 1821 1874 1436 1822 1875 1441 1823 1876 1462 1824 1877 1435 1825 1878 1451 1826 1879 1460 1827 1880 1480 1828 1881 1482 1829 1882 1495 1830 1883 1473 1831 1884 1492 1832 1885 1486 1833 1886 1472 1834 1887 1477 1835 1888 1499 1836 1889 1469 1837 1890 1488 1838 1891 1497 1839 1892 1529 1840 1893 1551 1841 1894 1673 1842 1895 1536 1843 1896 1679 1844 1897 1687 1845 1898 1651 1846 1899 1515 1847 1900 1531 1848 1901 1660 1849 1902 1545 1850 1903 1527 1851 1904 1654 1852 1905 1544 1853 1906 1540 1854 1907 1662 1855 1908 1507 1856 1909 1534 1857 1910 1525 1858 1911 1546 1859 1912 1683 1860 1913 1538 1861 1914 1543 1862 1915 1676 1863 1916 1222 1864 1917 1567 1865 1918 1581 1866 1919 1213 1867 1920 1218 1868 1921 1576 1869 1922 1203 1870 1923 1287 1871 1924 1594 1872 1925 1297 1873 1926 1590 1874 1927 1586 1875 1928 1511 1876 1929 1645 1877 1930 1517 1878 1931 1509 1879 1932 1649 1880 1933 1503 1881 1934 1521 1882 1935 1656 1883 1936 1506 1884 1937 1524 1885 1938 1664 1886 1939 1519 1887 1940 1667 1888 1941 1561 1889 1942 1672 1890 1943 1558 1891 1944 1554 1892 1945 1678 1893 1946 1563 1894 1947 1685 1895 1948 1680 1896 1949 1565 1897 1950 1669 1898 1951 1552 1899 1952 1915 1900 1953 1746 1901 1954 1752 1902 1955 1759 1903 1956 1755 1904 1957 1861 1905 1958 1764 1906 1959 1778 1907 1960 1900 1908 1961 1808 1909 1962 1802 1910 1963 1973 1911 1964 1975 1912 1965 1804 1913 1966 1815 1914 1967 1819 1915 1968 1799 1916 1969 1988 1917 1970 1817 1918 1971 1796 1919 1972 2012 1920 1973 1806 1921 1974 2001 1922 1975 1994 1923 1976 1884 1924 1977 1911 1925 1978 1905 1926 1979 1774 1927 1980 1762 1928 1981 1892 1929 1982 1875 1930 1983 1895 1931 1984 1902 1932 1985 1998 1933 1986 1795 1934 1987 1814 1935 1988 1849 1936 1989 1866 1937 1990 1919 1938 1991 1879 1939 1992 1896 1940 1993 1913 1941 1994 1869 1942 1995 1857 1943 1996 1845 1944 1997 1843 1945 1998 1856 1946 1999 1864 1947 2000 1910 1948 2001 1765 1949 2002 1769 1950 2003 1984 1951 2004 1797 1952 2005 1810 1953 2006 2009 1954 2007 2002 1955 2008 1812 1956 2009 1908 1957 2010 1893 1958 2011 1873 1959 2012 1898 1960 2013 1777 1961 2014 1768 1962 2015 1862 1963 2016 1756 1964 2017 1745 1965 2018 1750 1966 2019 1760 1967 2020 1858 1968 2021 1852 1969 2022 1920 1970 2023 1871 1971 2024 1832 1972 2025 1977 1973 2026 1830 1974 2027 1841 1975 2028 1978 1976 2029 1835 1977 2030 1824 1978 2031 1986 1979 2032 1840 1980 2033 1826 1981 2034 1983 1982 2035 1822 1983 2036 1992 1984 2037 1794 1985 2038 1997 1986 2039 1787 1987 2040 2000 1988 2041 2005 1989 2042 2003 1990 2043 2010 1991 2044 1782 1992 2045 1779 1993 2046 2007 1994 2047 1792 1995 2048 2031 1996 2049 2034 1997 2050 2048 1998 2051 2025 1999 2052 2044 2000 2053 2037 2001 2054 2024 2002 2055 2029 2003 2056 2051 2004 2057 2022 2005 2058 2040 2006 2059 2050 2007 2060 2138 2008 2061 2125 2009 2062 2069 2010 2063 2137 2011 2064 2080 2012 2065 2126 2013 2066 2085 2014 2067 2152 2015 2068 2099 2016 2069 2095 2017 2070 2167 2018 2071 2106 2019 2072 2131 2020 2073 2089 2021 2074 2100 2022 2075 2141 2023 2076 2084 2024 2077 2073 2025 2078 2133 2026 2079 2091 2027 2080 2066 2028 2081 2143 2029 2082 2094 2030 2083 2105 2031 2084 2114 2032 2085 2118 2033 2086 2146 2034 2087 2115 2035 2088 2145 2036 2089 2122 2037 2090 2088 2038 2091 2164 2039 2092 2107 2040 2093 2098 2041 2094 2154 2042 2095 2161 2043 2096 2070 2044 2097 2076 2045 2098 2134 2046 2099 2068 2047 2100 2061 2048 2101 2136 2049 2102 2079 2050 2103 2064 2051 2104 2140 2052 2105 2082 2053 2106 2075 2054 2107 2128 2055 2108 2149 2056 2109 2156 2057 2110 2109 2058 2111 2116 2059 2112 2160 2060 2113 2150 2061 2114 2120 2062 2115 2157 2063 2116 2113 2064 2117 2123 2065 2118 2110 2066 2119 2168 2067 2120 2086 2068 2121 2108 2069 2122 2151 2070 2123 2096 2071 2124 2162 2072 2125 2166 2073 2126 2130 2074 2127 2072 2075 2128 2090 2076 2129 2139 2077 2130 2103 2078 2131 2083 2079 2132 2132 2080 2133 2102 2081 2134 2092 2082 2135 2142 2083 2136 2065 2084 2137 2093 2085 2138 2087 2086 2139 2104 2087 2140 2163 2088 2141 2097 2089 2142 2101 2090 2143 2153 2091 2144 2071 2092 2145 2127 2093 2146 2077 2094 2147 2067 2095 2148 2129 2096 2149 2063 2097 2150 2078 2098 2151 2135 2099 2152 2062 2100 2153 2081 2101 2154 2144 2102 2155 2074 2103 2156 2148 2104 2157 2119 2105 2158 2155 2106 2159 2117 2107 2160 2112 2108 2161 2159 2109 2162 2121 2110 2163 2165 2111 2164 2158 2112 2165 2124 2113 2166 2147 2114 2167 2111 2115 2168 2179 2116 2169 2172 2117 2170 2185 2118 2171 2186 2119 2172 2201 2120 2173 2182 2121 2174 2184 2122 2175 2171 2123 2176 2190 2124 2177 2187 2125 2178 2199 2126 2179 2183 2127 2180 2188 2128 2181 2169 2129 2182 2177 2130 2183 2176 2131 2184 2200 2132 2185 2189 2133 2186 2193 2134 2187 2174 2135 2188 2195 2136 2189 2198 2137 2190 2204 2138 2191 2194 2139 2192 2197 2140 2193 2173 2141 2194 2181 2142 2195 2180 2143 2196 2203 2144 2197 2196 2145 2198 2178 2146 2199 2170 2147 2200 2192 2148 2201 2191 2149 2202 2202 2150 2203 2175 2151 2204 2211 2152 2205 2235 2153 2206 2219 2154 2207 2220 2155 2208 2209 2156 2209 2214 2157 2210 2222 2158 2211 2237 2159 2212 2226 2160 2213 2223 2161 2214 2207 2162 2215 2221 2163 2216 2224 2164 2217 2236 2165 2218 2217 2166 2219 2216 2167 2220 2206 2168 2221 2225 2169 2222 2227 2170 2223 2238 2171 2224 2231 2172 2225 2234 2173 2226 2210 2174 2227 2228 2175 2228 2233 2176 2229 2239 2177 2230 2213 2178 2231 2212 2179 2232 2208 2180 2233 2232 2181 2234 2218 2182 2235 2240 2183 2236 2230 2184 2237 2229 2185 2238 2205 2186 2239 2215 2187 2240 2251 2188 2241 2245 2189 2242 2256 2190 2243 2255 2191 2244 2271 2192 2245 2248 2193 2246 2257 2194 2247 2243 2195 2248 2259 2196 2249 2262 2197 2250 2273 2198 2251 2258 2199 2252 2261 2200 2253 2242 2201 2254 2253 2202 2255 2254 2203 2256 2272 2204 2257 2260 2205 2258 2264 2206 2259 2246 2207 2260 2269 2208 2261 2270 2209 2262 2276 2210 2263 2266 2211 2264 2268 2212 2265 2244 2213 2266 2249 2214 2267 2250 2215 2268 2275 2216 2269 2267 2217 2270 2252 2218 2271 2241 2219 2272 2265 2220 2273 2263 2221 2274 2274 2222 2275 2247 2223 2276 2289 2224 2277 2309 2225 2278 2294 2226 2279 2293 2227 2280 2280 2228 2281 2286 2229 2282 2291 2230 2283 2307 2231 2284 2295 2232 2285 2298 2233 2286 2279 2234 2287 2292 2235 2288 2297 2236 2289 2308 2237 2290 2283 2238 2291 2284 2239 2292 2277 2240 2293 2296 2241 2294 2299 2242 2295 2310 2243 2296 2303 2244 2297 2304 2245 2298 2282 2246 2299 2301 2247 2300 2306 2248 2301 2311 2249 2302 2288 2250 2303 2287 2251 2304 2281 2252 2305 2305 2253 2306 2290 2254 2307 2312 2255 2308 2302 2256 2309 2300 2257 2310 2278 2258 2311 2285 2259 2312</p>
        </triangles>
      </mesh>
    </geometry>
  </library_geometries>
  <library_controllers>
    <controller id="kebenit_Skin_skycar-skin" name="kebenit_Skin">
      <skin source="#kebenit_Mesh_005-mesh">
        <bind_shape_matrix>1 0 0 0 0 1 0 0 0 0 1 0 0 0 0 1</bind_shape_matrix>
        <source id="kebenit_Skin_skycar-skin-joints">
          <Name_array id="kebenit_Skin_skycar-skin-joints-array" count="14">root mast_top port_tackle port_tackle01 star_tackle star_tackle_001 port_axle thranite_port sbr_axle thranite_starboard sbr_flag_pivot_fore l_flag_foc03 ammo_node_0 l_flag_foc04</Name_array>
          <technique_common>
            <accessor source="#kebenit_Skin_skycar-skin-joints-array" count="14" stride="1">
              <param name="JOINT" type="name"/>
            </accessor>
          </technique_common>
        </source>
        <source id="kebenit_Skin_skycar-skin-bind_poses">
          <float_array id="kebenit_Skin_skycar-skin-bind_poses-array" count="224">1 0 0 -0.3606987 0 -1.19209e-7 1 -8.456266 0 -1 -1.19414e-7 0.5490885 0 0 0 1 1 0 0 0 0 0 1 -101.2763 0 -1 0 -6.704397 0 0 0 1 1 0 0 -29.67153 0 0 -1 107.3078 0 1 0 6.000014 0 0 0 1 1 0 0 -29.67153 0 0 -1 46.12168 0 1 0 6.000004 0 0 0 1 1 0 0 29.68795 0 0 -1 107.3078 0 1 0 6.000009 0 0 0 1 1 0 0 29.68795 0 0 -1 46.12168 0 1 0 6.000004 0 0 0 1 1 0 0 -19.38564 0 -1 0 72.72346 0 0 -1 11.40705 0 0 0 1 1 0 -3.72727e-6 -19.38561 0 -1 0 -75.4907 -3.72727e-6 0 -1 11.40708 0 0 0 1 1 0 0 17.33291 0 -1 0 72.72301 0 0 -1 11.47002 0 0 0 1 1 0 0 17.3329 0 -1 0 -75.49115 0 0 -1 11.46961 0 0 0 1 1 0 0 -9.21123e-6 0 1.19209e-7 -1 91.34947 0 1 1.19414e-7 -109.1991 0 0 0 1 1 0 0 -6.28624e-6 0 0 -1 65.09554 0 1 0 -109.5669 0 0 0 1 1 -2.43764e-7 7.0657e-7 -4.10128e-5 0 -0.945505 -0.3256079 -55.30474 7.47437e-7 0.325608 -0.945505 55.07974 0 0 0 1 1 -2.43372e-7 7.06707e-7 -6.93452e-5 0 -0.945505 -0.3256079 -94.65466 7.47438e-7 0.3256079 -0.9455049 84.15469 0 0 0 1</float_array>
          <technique_common>
            <accessor source="#kebenit_Skin_skycar-skin-bind_poses-array" count="14" stride="16">
              <param name="TRANSFORM" type="float4x4"/>
            </accessor>
          </technique_common>
        </source>
        <source id="kebenit_Skin_skycar-skin-weights">
          <float_array id="kebenit_Skin_skycar-skin-weights-array" count="2313">1 1 1 1 1 1 1 1 1 1 1 1 1 1 1 1 1 1 1 1 1 1 1 1 1 1 1 1 1 1 1 1 1 1 1 1 1 1 1 1 1 1 1 1 1 1 1 1 1 1 1 1 1 1 1 1 1 1 1 1 1 1 1 1 1 1 1 1 1 1 1 1 1 1 1 1 1 1 1 1 1 1 1 1 1 1 1 1 1 1 1 1 1 1 1 1 1 1 1 1 1 1 1 1 1 1 1 1 1 1 1 1 1 1 1 1 1 1 1 1 1 1 1 1 1 1 1 1 1 1 1 1 1 1 1 1 1 1 1 1 1 1 1 1 1 1 1 1 1 1 1 1 1 1 1 1 1 1 1 1 1 1 1 1 1 1 1 1 1 1 1 1 1 1 1 1 1 1 1 1 1 1 1 1 1 1 1 1 1 1 1 1 1 1 1 1 1 1 1 1 1 1 1 1 1 1 1 1 1 1 1 1 1 1 1 1 1 1 1 1 1 1 1 1 1 1 1 1 1 1 1 1 1 1 1 1 1 1 1 1 1 1 1 1 1 1 1 1 1 1 1 1 1 1 1 1 1 1 1 1 1 1 1 1 1 1 1 1 1 1 1 1 1 1 1 1 1 1 1 1 1 1 1 1 1 1 1 1 1 1 1 1 1 1 1 1 1 1 1 1 1 1 1 1 1 1 1 1 1 1 1 1 1 1 1 1 1 1 1 1 1 1 1 1 1 1 1 1 1 1 1 1 1 1 1 1 1 1 1 1 1 1 1 1 1 1 1 1 1 1 1 1 1 1 1 1 1 1 1 1 1 1 1 1 1 1 1 1 1 1 1 1 1 1 1 1 1 1 1 1 1 1 1 1 1 1 1 1 1 1 1 1 1 1 1 1 1 1 1 1 1 1 1 1 1 1 1 1 1 1 1 1 1 1 1 1 1 1 1 1 1 1 1 1 1 1 1 1 1 1 1 1 1 1 1 1 1 1 1 1 1 1 1 1 1 1 1 1 1 1 1 1 1 1 1 1 1 1 1 1 1 1 1 1 1 1 1 1 1 1 1 1 1 1 1 1 1 1 1 1 1 1 1 1 1 1 1 1 1 1 1 1 1 1 1 1 1 1 1 1 1 1 1 1 1 1 1 1 1 1 1 1 1 1 1 1 1 1 1 1 1 1 1 1 1 1 1 1 1 1 1 1 1 1 1 1 1 1 1 1 1 1 1 1 1 1 1 1 1 1 1 1 1 1 1 1 1 1 1 1 1 1 1 1 1 1 1 1 1 1 1 1 1 1 1 1 1 1 1 1 1 1 1 1 1 1 1 1 1 1 1 1 1 1 1 1 1 1 1 1 1 1 1 1 1 1 1 1 1 1 1 1 1 1 1 1 1 1 1 1 1 1 1 1 1 1 1 1 1 1 1 1 1 1 1 1 1 1 1 1 1 1 1 1 1 1 1 1 1 1 1 1 1 1 1 1 1 1 1 1 1 1 1 1 1 1 1 1 1 1 1 1 1 1 1 1 1 1 1 1 1 1 1 1 1 1 1 1 1 1 1 1 1 1 1 1 1 1 1 1 1 1 1 1 1 1 1 1 1 1 1 1 1 1 1 1 1 1 1 1 1 1 1 1 1 1 1 1 1 1 1 1 1 1 1 1 1 1 1 1 1 1 1 1 1 1 1 1 1 1 1 1 1 1 1 1 1 1 1 1 1 1 1 1 1 1 1 1 1 1 1 1 1 1 1 1 1 1 1 1 1 1 1 1 1 1 1 1 1 1 1 1 1 1 1 1 1 1 1 1 1 1 1 1 1 1 1 1 1 1 1 1 1 1 1 1 1 1 1 1 1 1 1 1 1 1 1 1 1 1 1 1 1 1 1 1 1 1 1 1 1 1 1 1 1 1 1 1 1 1 1 1 1 1 1 1 1 1 1 1 1 1 1 1 1 1 1 1 1 1 1 1 1 1 1 1 1 1 1 1 1 1 1 1 1 1 1 1 1 1 1 1 1 1 1 1 1 1 1 1 1 1 1 1 1 1 1 1 1 1 1 1 1 1 1 1 1 1 1 1 1 1 1 1 1 1 1 1 1 1 1 1 1 1 1 1 1 1 1 1 1 1 1 1 1 1 1 1 1 1 1 1 1 1 1 1 1 1 1 1 1 1 1 1 1 1 1 1 1 1 1 1 1 1 1 1 1 1 1 1 1 1 1 1 1 1 1 1 1 1 1 1 1 1 1 1 1 1 1 1 1 1 1 1 1 1 1 1 1 1 1 1 1 1 1 1 1 1 1 1 1 1 1 1 1 1 1 1 1 1 1 1 1 1 1 1 1 1 1 1 1 1 1 1 1 1 1 1 1 1 1 1 1 1 1 1 1 1 1 1 1 1 1 1 1 1 1 1 1 1 1 1 1 1 1 1 1 1 1 1 1 1 1 1 1 1 1 1 1 1 1 1 1 1 1 1 1 1 1 1 1 1 1 1 1 1 1 1 1 1 1 1 1 1 1 1 1 1 1 1 1 1 1 1 1 1 1 1 1 1 1 1 1 1 1 1 1 1 1 1 1 1 1 1 1 1 1 1 1 1 1 1 1 1 1 1 1 1 1 1 1 1 1 1 1 1 1 1 1 1 1 1 1 1 1 1 1 1 1 1 1 1 1 1 1 1 1 1 1 1 1 1 1 1 1 1 1 1 1 1 1 1 1 1 1 1 1 1 1 1 1 1 1 1 1 1 1 1 1 1 1 1 1 1 1 1 1 1 1 1 1 1 1 1 1 1 1 1 1 1 1 1 1 1 1 1 1 1 1 1 1 1 1 1 1 1 1 1 1 1 1 1 1 1 1 1 1 1 1 1 1 1 1 1 1 1 1 1 1 1 1 1 1 1 1 1 1 1 1 1 1 1 1 1 1 1 1 1 1 1 1 1 1 1 1 1 1 1 1 1 1 1 1 1 1 1 1 1 1 1 1 1 1 1 1 1 1 1 1 1 1 1 1 1 1 1 1 1 1 1 1 1 1 1 1 1 1 1 1 1 1 1 1 1 1 1 1 1 1 1 1 1 1 1 1 1 1 1 1 1 1 1 1 1 1 1 1 1 1 1 1 1 1 1 1 1 1 1 1 1 1 1 1 1 1 1 1 1 1 1 1 1 1 1 1 1 1 1 1 1 1 1 1 1 1 1 1 1 1 1 1 1 1 1 1 1 1 1 1 1 1 1 1 1 1 1 1 1 1 1 1 1 1 1 1 1 1 1 1 1 1 1 1 1 1 1 1 1 1 1 1 1 1 1 1 1 1 1 1 1 1 1 1 1 1 1 1 1 1 1 1 1 1 1 1 1 1 1 1 1 1 1 1 1 1 1 1 1 1 1 1 1 1 1 1 1 1 1 1 1 1 1 1 1 1 1 1 1 1 1 1 1 1 1 1 1 1 1 1 1 1 1 1 1 1 1 1 1 1 1 1 1 1 1 1 1 1 1 1 1 1 1 1 1 1 1 1 1 1 1 1 1 1 1 1 1 1 1 1 1 1 1 1 1 1 1 1 1 1 1 1 1 1 1 1 1 1 1 1 1 1 1 1 1 1 1 1 1 1 1 1 1 1 1 1 1 1 1 1 1 1 1 1 1 1 1 1 1 1 1 1 1 1 1 1 1 1 1 1 1 1 1 1 1 1 1 1 1 1 1 1 1 1 1 1 1 1 1 1 1 1 1 1 1 1 1 1 1 1 1 1 1 1 1 1 1 1 1 1 1 1 1 1 1 1 1 1 1 1 1 1 1 1 1 1 1 1 1 1 1 1 1 1 1 1 1 1 1 1 1 1 1 1 1 1 1 1 1 1 1 1 1 1 1 1 1 1 1 1 1 1 1 1 1 1 1 1 1 1 1 1 1 1 1 1 1 1 1 1 1 1 1 1 1 1 1 1 1 1 1 1 1 1 1 1 1 1 1 1 1 1 1 1 1 1 1 1 1 1 1 1 1 1 1 1 1 1 1 1 1 1 1 1 1 1 1 1 1 1 1 1 1 1 1 1 1 1 1 1 1 1 1 1 1 1 1 1 1 1 1 1 1 1 1 1 1 1 1 1 1 1 1 1 1 1 1 1 1 1 1 1 1 1 1 1 1 1 1 1 1 1 1 1 1 1 1 1 1 1 1 1 1 1 1 1 1 1 1 1 1 1 1 1 1 1 1 1 1 1 1 1 1 1 1 1 1 1 1 1 1 1 1 1 1 1 1 1 1 1 1 1 1 1 1 1 1 1 1 1 1 1 1 1 1 1 1 1 1 1 1 1 1 1 1 1 1 1 1 1 1 1 1 1 1 1 1 1 1 1 1 1 1 1 1 1 1 1 1 1 1 1 1 1 1 1 1 1 1 1 1 1 1 1 1 1 1 1 1 1 1 1 1 1 1 1 1 1 1 1 1 1 1 1 1 1 1 1 1 1 1 1 1 1 1 1 1 1 1 1 1 1 1 1 1 1 1 1 1 1 1 1 1 1 1 1 1 1 1 1 1 1 1 1 1 1 1 1 1 1 1 1 1 1 1 1 1 1 1 1 1 1 1 1 1 1 1 1 1 1 1 1 1 1 1 1 1 1 1 1 1 1 1 1 1 1 1 1 1 1 1 1 1 1 1 1 1 1 1 1 1 1 1 1 1 1 1 1 1 1 1 1 1 1 1 1 1 1 1 1 1 1 1 1 1 1 1 1 1 1 1 1 1 1 1 1 1 1 1 1 1 1 1 1 1 1 1 1 1 1 1 1 1 1 1 1 1 1 1 1 1 1 1 1 1 1 1 1 1 1 1 1 1 1 1 1 1 1 1 1 1 1 1 1 1 1 1 1 1 1 1 1 1 1 1 1 1 1 1 1 1 1 1 1 1 1 1 1 1 1 1 1 1 1 1 1 1 1 1 1 1 1 1 1 1 1 1 1 1 1 1 1 1 1 1 1 1 1 1 1 1 1 1 1 1 1 1 1 1 1 1 1 1 1 1 1 1 1 1 1 1 1 1 1 1 1 1 1 1 1 1 1 1 1 1 1 1 1 1 1 1 1 1 1 1 1 1 1 1 1 1 1 1 1 1 1 1 1 1 1 1 1 1 1 1 1 1 1 1 1 1 1 1 1 1 1 1 1 1 1 1 1 1 1 1 1 1 1 1 1 1 1 1 1 1 1 1 1 1 1 1 1 1 1</float_array>
          <technique_common>
            <accessor source="#kebenit_Skin_skycar-skin-weights-array" count="2313" stride="1">
              <param name="WEIGHT" type="float"/>
            </accessor>
          </technique_common>
        </source>
        <joints>
          <input semantic="JOINT" source="#kebenit_Skin_skycar-skin-joints"/>
          <input semantic="INV_BIND_MATRIX" source="#kebenit_Skin_skycar-skin-bind_poses"/>
        </joints>
        <vertex_weights count="2313">
          <input semantic="JOINT" source="#kebenit_Skin_skycar-skin-joints" offset="0"/>
          <input semantic="WEIGHT" source="#kebenit_Skin_skycar-skin-weights" offset="1"/>
          <vcount>1 1 1 1 1 1 1 1 1 1 1 1 1 1 1 1 1 1 1 1 1 1 1 1 1 1 1 1 1 1 1 1 1 1 1 1 1 1 1 1 1 1 1 1 1 1 1 1 1 1 1 1 1 1 1 1 1 1 1 1 1 1 1 1 1 1 1 1 1 1 1 1 1 1 1 1 1 1 1 1 1 1 1 1 1 1 1 1 1 1 1 1 1 1 1 1 1 1 1 1 1 1 1 1 1 1 1 1 1 1 1 1 1 1 1 1 1 1 1 1 1 1 1 1 1 1 1 1 1 1 1 1 1 1 1 1 1 1 1 1 1 1 1 1 1 1 1 1 1 1 1 1 1 1 1 1 1 1 1 1 1 1 1 1 1 1 1 1 1 1 1 1 1 1 1 1 1 1 1 1 1 1 1 1 1 1 1 1 1 1 1 1 1 1 1 1 1 1 1 1 1 1 1 1 1 1 1 1 1 1 1 1 1 1 1 1 1 1 1 1 1 1 1 1 1 1 1 1 1 1 1 1 1 1 1 1 1 1 1 1 1 1 1 1 1 1 1 1 1 1 1 1 1 1 1 1 1 1 1 1 1 1 1 1 1 1 1 1 1 1 1 1 1 1 1 1 1 1 1 1 1 1 1 1 1 1 1 1 1 1 1 1 1 1 1 1 1 1 1 1 1 1 1 1 1 1 1 1 1 1 1 1 1 1 1 1 1 1 1 1 1 1 1 1 1 1 1 1 1 1 1 1 1 1 1 1 1 1 1 1 1 1 1 1 1 1 1 1 1 1 1 1 1 1 1 1 1 1 1 1 1 1 1 1 1 1 1 1 1 1 1 1 1 1 1 1 1 1 1 1 1 1 1 1 1 1 1 1 1 1 1 1 1 1 1 1 1 1 1 1 1 1 1 1 1 1 1 1 1 1 1 1 1 1 1 1 1 1 1 1 1 1 1 1 1 1 1 1 1 1 1 1 1 1 1 1 1 1 1 1 1 1 1 1 1 1 1 1 1 1 1 1 1 1 1 1 1 1 1 1 1 1 1 1 1 1 1 1 1 1 1 1 1 1 1 1 1 1 1 1 1 1 1 1 1 1 1 1 1 1 1 1 1 1 1 1 1 1 1 1 1 1 1 1 1 1 1 1 1 1 1 1 1 1 1 1 1 1 1 1 1 1 1 1 1 1 1 1 1 1 1 1 1 1 1 1 1 1 1 1 1 1 1 1 1 1 1 1 1 1 1 1 1 1 1 1 1 1 1 1 1 1 1 1 1 1 1 1 1 1 1 1 1 1 1 1 1 1 1 1 1 1 1 1 1 1 1 1 1 1 1 1 1 1 1 1 1 1 1 1 1 1 1 1 1 1 1 1 1 1 1 1 1 1 1 1 1 1 1 1 1 1 1 1 1 1 1 1 1 1 1 1 1 1 1 1 1 1 1 1 1 1 1 1 1 1 1 1 1 1 1 1 1 1 1 1 1 1 1 1 1 1 1 1 1 1 1 1 1 1 1 1 1 1 1 1 1 1 1 1 1 1 1 1 1 1 1 1 1 1 1 1 1 1 1 1 1 1 1 1 1 1 1 1 1 1 1 1 1 1 1 1 1 1 1 1 1 1 1 1 1 1 1 1 1 1 1 1 1 1 1 1 1 1 1 1 1 1 1 1 1 1 1 1 1 1 1 1 1 1 1 1 1 1 1 1 1 1 1 1 1 1 1 1 1 1 1 1 1 1 1 1 1 1 1 1 1 1 1 1 1 1 1 1 1 1 1 1 1 1 1 1 1 1 1 1 1 1 1 1 1 1 1 1 1 1 1 1 1 1 1 1 1 1 1 1 1 1 1 1 1 1 1 1 1 1 1 1 1 1 1 1 1 1 1 1 1 1 1 1 1 1 1 1 1 1 1 1 1 1 1 1 1 1 1 1 1 1 1 1 1 1 1 1 1 1 1 1 1 1 1 1 1 1 1 1 1 1 1 1 1 1 1 1 1 1 1 1 1 1 1 1 1 1 1 1 1 1 1 1 1 1 1 1 1 1 1 1 1 1 1 1 1 1 1 1 1 1 1 1 1 1 1 1 1 1 1 1 1 1 1 1 1 1 1 1 1 1 1 1 1 1 1 1 1 1 1 1 1 1 1 1 1 1 1 1 1 1 1 1 1 1 1 1 1 1 1 1 1 1 1 1 1 1 1 1 1 1 1 1 1 1 1 1 1 1 1 1 1 1 1 1 1 1 1 1 1 1 1 1 1 1 1 1 1 1 1 1 1 1 1 1 1 1 1 1 1 1 1 1 1 1 1 1 1 1 1 1 1 1 1 1 1 1 1 1 1 1 1 1 1 1 1 1 1 1 1 1 1 1 1 1 1 1 1 1 1 1 1 1 1 1 1 1 1 1 1 1 1 1 1 1 1 1 1 1 1 1 1 1 1 1 1 1 1 1 1 1 1 1 1 1 1 1 1 1 1 1 1 1 1 1 1 1 1 1 1 1 1 1 1 1 1 1 1 1 1 1 1 1 1 1 1 1 1 1 1 1 1 1 1 1 1 1 1 1 1 1 1 1 1 1 1 1 1 1 1 1 1 1 1 1 1 1 1 1 1 1 1 1 1 1 1 1 1 1 1 1 1 1 1 1 1 1 1 1 1 1 1 1 1 1 1 1 1 1 1 1 1 1 1 1 1 1 1 1 1 1 1 1 1 1 1 1 1 1 1 1 1 1 1 1 1 1 1 1 1 1 1 1 1 1 1 1 1 1 1 1 1 1 1 1 1 1 1 1 1 1 1 1 1 1 1 1 1 1 1 1 1 1 1 1 1 1 1 1 1 1 1 1 1 1 1 1 1 1 1 1 1 1 1 1 1 1 1 1 1 1 1 1 1 1 1 1 1 1 1 1 1 1 1 1 1 1 1 1 1 1 1 1 1 1 1 1 1 1 1 1 1 1 1 1 1 1 1 1 1 1 1 1 1 1 1 1 1 1 1 1 1 1 1 1 1 1 1 1 1 1 1 1 1 1 1 1 1 1 1 1 1 1 1 1 1 1 1 1 1 1 1 1 1 1 1 1 1 1 1 1 1 1 1 1 1 1 1 1 1 1 1 1 1 1 1 1 1 1 1 1 1 1 1 1 1 1 1 1 1 1 1 1 1 1 1 1 1 1 1 1 1 1 1 1 1 1 1 1 1 1 1 1 1 1 1 1 1 1 1 1 1 1 1 1 1 1 1 1 1 1 1 1 1 1 1 1 1 1 1 1 1 1 1 1 1 1 1 1 1 1 1 1 1 1 1 1 1 1 1 1 1 1 1 1 1 1 1 1 1 1 1 1 1 1 1 1 1 1 1 1 1 1 1 1 1 1 1 1 1 1 1 1 1 1 1 1 1 1 1 1 1 1 1 1 1 1 1 1 1 1 1 1 1 1 1 1 1 1 1 1 1 1 1 1 1 1 1 1 1 1 1 1 1 1 1 1 1 1 1 1 1 1 1 1 1 1 1 1 1 1 1 1 1 1 1 1 1 1 1 1 1 1 1 1 1 1 1 1 1 1 1 1 1 1 1 1 1 1 1 1 1 1 1 1 1 1 1 1 1 1 1 1 1 1 1 1 1 1 1 1 1 1 1 1 1 1 1 1 1 1 1 1 1 1 1 1 1 1 1 1 1 1 1 1 1 1 1 1 1 1 1 1 1 1 1 1 1 1 1 1 1 1 1 1 1 1 1 1 1 1 1 1 1 1 1 1 1 1 1 1 1 1 1 1 1 1 1 1 1 1 1 1 1 1 1 1 1 1 1 1 1 1 1 1 1 1 1 1 1 1 1 1 1 1 1 1 1 1 1 1 1 1 1 1 1 1 1 1 1 1 1 1 1 1 1 1 1 1 1 1 1 1 1 1 1 1 1 1 1 1 1 1 1 1 1 1 1 1 1 1 1 1 1 1 1 1 1 1 1 1 1 1 1 1 1 1 1 1 1 1 1 1 1 1 1 1 1 1 1 1 1 1 1 1 1 1 1 1 1 1 1 1 1 1 1 1 1 1 1 1 1 1 1 1 1 1 1 1 1 1 1 1 1 1 1 1 1 1 1 1 1 1 1 1 1 1 1 1 1 1 1 1 1 1 1 1 1 1 1 1 1 1 1 1 1 1 1 1 1 1 1 1 1 1 1 1 1 1 1 1 1 1 1 1 1 1 1 1 1 1 1 1 1 1 1 1 1 1 1 1 1 1 1 1 1 1 1 1 1 1 1 1 1 1 1 1 1 1 1 1 1 1 1 1 1 1 1 1 1 1 1 1 1 1 1 1 1 1 1 1 1 1 1 1 1 1 1 1 1 1 1 1 1 1 1 1 1 1 1 1 1 1 1 1 1 1 1 1 1 1 1 1 1 1 1 1 1 1 1 1 1 1 1 1 1 1 1 1 1 1 1 1 1 1 1 1 1 1 1 1 1 1 1 1 1 1 1 1 1 1 1 1 1 1 1 1 1 1 1 1 1 1 1 1 1 1 1 1 1 1 1 1 1 1 1 1 1 1 1 1 1 1 1 1 1 1 1 1 1 1 1 1 1 1 1 1 1 1 1 1 1 1 1 1 1 1 1 1 1 1 1 1 1 1 1 1 1 1 1 1 1 1 1 1 1 1 1 1 1 1 1 1 1 1 1 1 1 1 1 1 1 1 1 1 1 1 1 1 1 1 1 1 1 1 1 1 1 1 1 1 1 1 1 1 1 1 1 1 1 1 1 1 1 1 1 1 1 1 1 1 1 1 1 1 1 1 1 1 1 1 1 1 1 1 1 1 1 1 1 1 1 1 1 1 1 1 1 1 1 1 1 1 1 1 1 1 1 1 1 1 1 1 1 1 1 1 1 1 1 1 1 1 1 1 1 1 1 1 1 1 1 1 1 1 1 1 1 1 1 1 1 1 1 1 1 1 1 1 1 1 1 1 1 1 1 1 1 1 1 1 1 1 1 1 1 1 1 1 1 1 1 1 1 1 1 1 1 1 1 1 1 1 1 1 1 1 1 1 1 1 1 1 1 1 1 1 1 1 1 1 1 1 1 1 1 1 1 1 1 1 1 1 1 1 1 1 1 1 1 1 1 1 1 1 1 1 1 1 1 1 1 1 1 1 1 1 1 1 1 1 1 1 1 1 1 1 1 1 1 1 1 1 1 1 1 1 1 1 1 1 1 1 1 1 1 </vcount>
          <v>0 0 0 1 0 2 0 3 0 4 0 5 0 6 0 7 0 8 0 9 0 10 0 11 0 12 0 13 0 14 0 15 0 16 0 17 0 18 0 19 0 20 0 21 0 22 0 23 0 24 0 25 0 26 0 27 0 28 0 29 0 30 0 31 0 32 0 33 0 34 0 35 0 36 0 37 0 38 0 39 0 40 0 41 0 42 0 43 0 44 0 45 0 46 0 47 0 48 0 49 0 50 0 51 0 52 0 53 0 54 0 55 0 56 0 57 0 58 0 59 0 60 0 61 0 62 0 63 0 64 0 65 0 66 0 67 0 68 0 69 0 70 0 71 0 72 0 73 0 74 0 75 0 76 0 77 0 78 0 79 0 80 0 81 0 82 0 83 0 84 0 85 0 86 0 87 0 88 0 89 0 90 0 91 0 92 0 93 0 94 0 95 0 96 0 97 0 98 0 99 0 100 0 101 0 102 0 103 0 104 0 105 0 106 0 107 0 108 0 109 0 110 0 111 0 112 0 113 0 114 0 115 0 116 0 117 0 118 0 119 0 120 0 121 0 122 0 123 0 124 0 125 0 126 0 127 0 128 0 129 0 130 0 131 0 132 0 133 0 134 0 135 0 136 0 137 0 138 0 139 0 140 0 141 0 142 0 143 0 144 0 145 0 146 0 147 0 148 0 149 0 150 0 151 0 152 0 153 0 154 0 155 0 156 0 157 0 158 0 159 0 160 0 161 0 162 0 163 0 164 0 165 0 166 0 167 0 168 0 169 0 170 0 171 0 172 0 173 0 174 0 175 0 176 0 177 0 178 0 179 0 180 0 181 0 182 0 183 0 184 0 185 0 186 0 187 0 188 0 189 0 190 0 191 0 192 0 193 0 194 0 195 0 196 0 197 0 198 0 199 0 200 0 201 0 202 0 203 0 204 0 205 0 206 0 207 0 208 0 209 0 210 0 211 0 212 0 213 0 214 0 215 0 216 0 217 0 218 0 219 0 220 0 221 0 222 0 223 0 224 0 225 0 226 0 227 0 228 0 229 0 230 0 231 0 232 0 233 0 234 0 235 0 236 0 237 0 238 0 239 0 240 0 241 0 242 0 243 0 244 0 245 0 246 0 247 0 248 0 249 0 250 0 251 0 252 0 253 0 254 0 255 0 256 0 257 0 258 0 259 0 260 0 261 0 262 0 263 0 264 0 265 0 266 0 267 0 268 0 269 0 270 0 271 0 272 0 273 0 274 0 275 0 276 0 277 0 278 0 279 0 280 0 281 0 282 0 283 0 284 0 285 0 286 0 287 0 288 0 289 0 290 0 291 0 292 0 293 0 294 0 295 0 296 0 297 0 298 0 299 0 300 0 301 0 302 0 303 0 304 0 305 0 306 0 307 0 308 0 309 0 310 0 311 0 312 0 313 0 314 0 315 0 316 0 317 0 318 0 319 0 320 0 321 0 322 0 323 0 324 0 325 0 326 0 327 0 328 0 329 0 330 0 331 0 332 0 333 0 334 0 335 0 336 0 337 0 338 0 339 0 340 0 341 0 342 0 343 0 344 0 345 0 346 0 347 0 348 0 349 0 350 0 351 0 352 0 353 0 354 0 355 0 356 0 357 0 358 0 359 0 360 0 361 0 362 0 363 0 364 0 365 0 366 0 367 0 368 0 369 0 370 0 371 0 372 0 373 0 374 0 375 0 376 0 377 0 378 0 379 0 380 0 381 0 382 0 383 0 384 0 385 0 386 0 387 0 388 0 389 0 390 0 391 0 392 0 393 0 394 0 395 0 396 0 397 0 398 0 399 0 400 0 401 0 402 0 403 0 404 0 405 0 406 0 407 0 408 0 409 0 410 0 411 0 412 0 413 0 414 0 415 0 416 0 417 0 418 0 419 0 420 0 421 0 422 0 423 0 424 0 425 0 426 0 427 0 428 0 429 0 430 0 431 0 432 0 433 0 434 0 435 0 436 0 437 0 438 0 439 0 440 0 441 0 442 0 443 0 444 0 445 0 446 0 447 0 448 0 449 0 450 0 451 0 452 0 453 0 454 0 455 0 456 0 457 0 458 0 459 0 460 0 461 0 462 0 463 0 464 0 465 0 466 0 467 0 468 0 469 0 470 0 471 0 472 0 473 0 474 0 475 0 476 0 477 0 478 0 479 0 480 0 481 0 482 0 483 0 484 0 485 0 486 0 487 0 488 0 489 0 490 0 491 0 492 0 493 0 494 0 495 0 496 0 497 0 498 0 499 0 500 0 501 0 502 0 503 0 504 0 505 0 506 0 507 0 508 0 509 0 510 0 511 0 512 0 513 0 514 0 515 0 516 0 517 0 518 0 519 0 520 0 521 0 522 0 523 0 524 0 525 0 526 0 527 0 528 0 529 0 530 0 531 0 532 0 533 0 534 0 535 0 536 0 537 0 538 0 539 0 540 0 541 0 542 0 543 0 544 0 545 0 546 0 547 0 548 0 549 0 550 0 551 0 552 0 553 0 554 0 555 0 556 0 557 0 558 0 559 0 560 0 561 0 562 0 563 0 564 0 565 0 566 0 567 0 568 0 569 0 570 0 571 0 572 0 573 0 574 0 575 0 576 0 577 0 578 0 579 0 580 0 581 0 582 0 583 0 584 0 585 0 586 0 587 0 588 0 589 0 590 0 591 0 592 0 593 0 594 0 595 0 596 0 597 0 598 0 599 0 600 0 601 0 602 0 603 0 604 0 605 0 606 0 607 0 608 0 609 0 610 0 611 0 612 0 613 0 614 0 615 0 616 0 617 0 618 0 619 0 620 0 621 0 622 0 623 0 624 0 625 0 626 0 627 0 628 0 629 0 630 0 631 0 632 0 633 0 634 0 635 0 636 0 637 0 638 0 639 0 640 0 641 0 642 0 643 0 644 0 645 0 646 0 647 0 648 0 649 0 650 0 651 0 652 0 653 0 654 0 655 0 656 0 657 0 658 0 659 0 660 0 661 0 662 0 663 0 664 0 665 0 666 0 667 0 668 0 669 0 670 0 671 0 672 0 673 0 674 0 675 0 676 0 677 0 678 0 679 0 680 0 681 0 682 0 683 0 684 0 685 0 686 0 687 0 688 0 689 0 690 0 691 0 692 0 693 0 694 0 695 0 696 0 697 0 698 0 699 0 700 0 701 0 702 0 703 0 704 0 705 0 706 0 707 0 708 0 709 0 710 0 711 0 712 0 713 0 714 0 715 0 716 0 717 0 718 0 719 0 720 0 721 0 722 0 723 0 724 0 725 0 726 0 727 0 728 0 729 0 730 0 731 0 732 0 733 0 734 0 735 0 736 0 737 0 738 0 739 0 740 0 741 0 742 0 743 0 744 0 745 0 746 0 747 0 748 0 749 0 750 0 751 0 752 0 753 0 754 0 755 0 756 0 757 0 758 0 759 0 760 0 761 0 762 0 763 0 764 0 765 0 766 0 767 0 768 0 769 0 770 0 771 0 772 0 773 0 774 0 775 0 776 0 777 0 778 0 779 0 780 0 781 0 782 0 783 0 784 0 785 0 786 0 787 0 788 0 789 0 790 0 791 0 792 0 793 0 794 0 795 0 796 0 797 0 798 0 799 0 800 0 801 0 802 0 803 0 804 0 805 0 806 0 807 0 808 0 809 0 810 0 811 0 812 0 813 0 814 0 815 0 816 0 817 0 818 0 819 0 820 0 821 0 822 0 823 0 824 0 825 0 826 0 827 0 828 0 829 0 830 0 831 0 832 0 833 0 834 0 835 0 836 0 837 0 838 0 839 0 840 0 841 0 842 0 843 0 844 0 845 0 846 0 847 0 848 0 849 0 850 0 851 0 852 0 853 0 854 0 855 0 856 0 857 0 858 0 859 0 860 0 861 0 862 0 863 0 864 0 865 0 866 0 867 0 868 0 869 0 870 0 871 0 872 0 873 0 874 0 875 0 876 0 877 0 878 0 879 0 880 0 881 0 882 0 883 0 884 0 885 0 886 0 887 0 888 0 889 0 890 0 891 0 892 0 893 0 894 0 895 0 896 0 897 0 898 0 899 0 900 0 901 0 902 0 903 0 904 0 905 0 906 0 907 0 908 0 909 0 910 0 911 0 912 0 913 0 914 0 915 0 916 0 917 0 918 0 919 0 920 0 921 0 922 0 923 0 924 0 925 0 926 0 927 0 928 0 929 0 930 0 931 0 932 0 933 0 934 0 935 0 936 0 937 0 938 0 939 0 940 0 941 0 942 0 943 0 944 0 945 0 946 0 947 0 948 0 949 0 950 0 951 0 952 0 953 0 954 0 955 0 956 0 957 0 958 0 959 0 960 0 961 0 962 0 963 0 964 0 965 0 966 0 967 0 968 0 969 0 970 0 971 0 972 0 973 0 974 0 975 0 976 0 977 0 978 0 979 0 980 0 981 0 982 0 983 0 984 0 985 0 986 0 987 0 988 0 989 0 990 0 991 0 992 0 993 0 994 0 995 0 996 0 997 0 998 0 999 0 1000 0 1001 0 1002 0 1003 0 1004 0 1005 0 1006 0 1007 0 1008 0 1009 0 1010 0 1011 0 1012 0 1013 0 1014 0 1015 0 1016 0 1017 0 1018 0 1019 0 1020 0 1021 0 1022 0 1023 0 1024 0 1025 0 1026 0 1027 0 1028 0 1029 0 1030 0 1031 0 1032 0 1033 0 1034 0 1035 0 1036 0 1037 0 1038 0 1039 0 1040 0 1041 0 1042 0 1043 0 1044 0 1045 0 1046 0 1047 0 1048 0 1049 0 1050 0 1051 0 1052 0 1053 0 1054 0 1055 0 1056 0 1057 0 1058 0 1059 0 1060 0 1061 0 1062 0 1063 0 1064 0 1065 0 1066 0 1067 0 1068 0 1069 0 1070 0 1071 0 1072 0 1073 0 1074 0 1075 0 1076 0 1077 0 1078 0 1079 0 1080 0 1081 0 1082 0 1083 0 1084 0 1085 0 1086 0 1087 0 1088 0 1089 0 1090 0 1091 0 1092 0 1093 0 1094 0 1095 0 1096 0 1097 0 1098 0 1099 0 1100 0 1101 0 1102 0 1103 0 1104 0 1105 0 1106 0 1107 0 1108 0 1109 0 1110 0 1111 0 1112 0 1113 0 1114 0 1115 0 1116 0 1117 0 1118 0 1119 0 1120 0 1121 0 1122 0 1123 0 1124 0 1125 0 1126 0 1127 0 1128 0 1129 0 1130 0 1131 0 1132 0 1133 0 1134 0 1135 0 1136 0 1137 0 1138 0 1139 0 1140 0 1141 0 1142 0 1143 0 1144 0 1145 0 1146 0 1147 0 1148 0 1149 0 1150 0 1151 0 1152 0 1153 0 1154 0 1155 0 1156 0 1157 0 1158 0 1159 0 1160 0 1161 0 1162 0 1163 0 1164 0 1165 0 1166 0 1167 0 1168 0 1169 0 1170 0 1171 0 1172 0 1173 0 1174 0 1175 0 1176 0 1177 0 1178 0 1179 0 1180 0 1181 0 1182 0 1183 0 1184 0 1185 0 1186 0 1187 0 1188 0 1189 0 1190 0 1191 0 1192 0 1193 0 1194 0 1195 0 1196 0 1197 0 1198 0 1199 0 1200 0 1201 0 1202 0 1203 0 1204 0 1205 0 1206 0 1207 0 1208 0 1209 0 1210 0 1211 0 1212 0 1213 0 1214 0 1215 0 1216 0 1217 0 1218 0 1219 0 1220 0 1221 0 1222 0 1223 0 1224 0 1225 0 1226 0 1227 0 1228 0 1229 0 1230 0 1231 0 1232 0 1233 0 1234 0 1235 0 1236 0 1237 0 1238 0 1239 0 1240 0 1241 0 1242 0 1243 0 1244 0 1245 0 1246 0 1247 0 1248 0 1249 0 1250 0 1251 0 1252 0 1253 0 1254 0 1255 0 1256 0 1257 0 1258 0 1259 0 1260 0 1261 0 1262 0 1263 0 1264 0 1265 0 1266 0 1267 0 1268 0 1269 0 1270 0 1271 0 1272 0 1273 0 1274 0 1275 0 1276 0 1277 0 1278 0 1279 0 1280 0 1281 0 1282 0 1283 0 1284 0 1285 0 1286 0 1287 0 1288 0 1289 0 1290 0 1291 0 1292 0 1293 0 1294 0 1295 0 1296 0 1297 0 1298 0 1299 0 1300 0 1301 0 1302 0 1303 0 1304 0 1305 0 1306 0 1307 0 1308 0 1309 0 1310 0 1311 0 1312 0 1313 0 1314 0 1315 0 1316 0 1317 0 1318 0 1319 0 1320 0 1321 0 1322 0 1323 0 1324 0 1325 0 1326 0 1327 0 1328 0 1329 0 1330 0 1331 0 1332 0 1333 0 1334 0 1335 0 1336 0 1337 0 1338 0 1339 0 1340 0 1341 0 1342 0 1343 0 1344 0 1345 0 1346 0 1347 0 1348 0 1349 0 1350 0 1351 0 1352 0 1353 0 1354 0 1355 0 1356 0 1357 0 1358 0 1359 0 1360 0 1361 0 1362 0 1363 0 1364 0 1365 0 1366 0 1367 0 1368 0 1369 0 1370 0 1371 0 1372 0 1373 0 1374 0 1375 0 1376 0 1377 0 1378 0 1379 0 1380 0 1381 0 1382 0 1383 0 1384 0 1385 0 1386 0 1387 0 1388 0 1389 0 1390 0 1391 0 1392 0 1393 0 1394 0 1395 0 1396 0 1397 0 1398 0 1399 0 1400 0 1401 0 1402 0 1403 0 1404 0 1405 0 1406 0 1407 0 1408 0 1409 0 1410 0 1411 0 1412 0 1413 0 1414 0 1415 0 1416 0 1417 0 1418 0 1419 0 1420 0 1421 0 1422 0 1423 0 1424 0 1425 0 1426 0 1427 0 1428 0 1429 0 1430 0 1431 0 1432 0 1433 0 1434 0 1435 0 1436 0 1437 0 1438 0 1439 0 1440 0 1441 0 1442 0 1443 0 1444 0 1445 0 1446 0 1447 0 1448 0 1449 0 1450 0 1451 0 1452 0 1453 0 1454 0 1455 0 1456 0 1457 0 1458 0 1459 0 1460 0 1461 0 1462 0 1463 0 1464 0 1465 0 1466 0 1467 0 1468 0 1469 0 1470 0 1471 0 1472 0 1473 0 1474 0 1475 0 1476 0 1477 0 1478 0 1479 0 1480 0 1481 0 1482 0 1483 0 1484 0 1485 0 1486 0 1487 0 1488 0 1489 0 1490 0 1491 0 1492 0 1493 0 1494 0 1495 0 1496 0 1497 0 1498 0 1499 0 1500 0 1501 0 1502 0 1503 0 1504 0 1505 0 1506 0 1507 0 1508 0 1509 0 1510 0 1511 0 1512 0 1513 0 1514 0 1515 0 1516 0 1517 0 1518 0 1519 0 1520 0 1521 0 1522 0 1523 0 1524 0 1525 0 1526 0 1527 0 1528 0 1529 0 1530 0 1531 0 1532 0 1533 0 1534 0 1535 0 1536 0 1537 0 1538 0 1539 0 1540 0 1541 0 1542 0 1543 0 1544 0 1545 0 1546 0 1547 0 1548 0 1549 0 1550 0 1551 0 1552 0 1553 0 1554 0 1555 0 1556 0 1557 0 1558 0 1559 0 1560 0 1561 0 1562 0 1563 0 1564 0 1565 0 1566 0 1567 0 1568 0 1569 0 1570 0 1571 0 1572 0 1573 0 1574 0 1575 0 1576 0 1577 0 1578 0 1579 0 1580 0 1581 0 1582 0 1583 0 1584 0 1585 0 1586 0 1587 0 1588 0 1589 0 1590 0 1591 0 1592 0 1593 0 1594 0 1595 0 1596 0 1597 0 1598 0 1599 0 1600 0 1601 0 1602 0 1603 0 1604 0 1605 0 1606 0 1607 0 1608 0 1609 0 1610 0 1611 0 1612 0 1613 0 1614 0 1615 0 1616 0 1617 0 1618 0 1619 0 1620 0 1621 0 1622 0 1623 0 1624 0 1625 0 1626 0 1627 0 1628 0 1629 0 1630 0 1631 0 1632 0 1633 0 1634 0 1635 0 1636 0 1637 0 1638 0 1639 0 1640 0 1641 0 1642 0 1643 0 1644 0 1645 0 1646 0 1647 0 1648 0 1649 0 1650 0 1651 0 1652 0 1653 0 1654 0 1655 0 1656 0 1657 0 1658 0 1659 0 1660 0 1661 0 1662 0 1663 0 1664 0 1665 0 1666 0 1667 0 1668 0 1669 0 1670 0 1671 0 1672 0 1673 0 1674 0 1675 0 1676 0 1677 0 1678 0 1679 0 1680 0 1681 0 1682 0 1683 0 1684 0 1685 0 1686 0 1687 0 1688 0 1689 0 1690 0 1691 0 1692 0 1693 0 1694 0 1695 0 1696 0 1697 0 1698 0 1699 0 1700 0 1701 0 1702 0 1703 0 1704 0 1705 0 1706 0 1707 0 1708 0 1709 0 1710 0 1711 0 1712 0 1713 0 1714 0 1715 0 1716 0 1717 0 1718 0 1719 0 1720 0 1721 0 1722 0 1723 0 1724 0 1725 0 1726 0 1727 0 1728 0 1729 0 1730 0 1731 0 1732 0 1733 0 1734 0 1735 0 1736 0 1737 0 1738 0 1739 0 1740 0 1741 0 1742 0 1743 0 1744 0 1745 0 1746 0 1747 0 1748 0 1749 0 1750 0 1751 0 1752 0 1753 0 1754 0 1755 0 1756 0 1757 0 1758 0 1759 0 1760 0 1761 0 1762 0 1763 0 1764 0 1765 0 1766 0 1767 0 1768 0 1769 0 1770 0 1771 0 1772 0 1773 0 1774 0 1775 0 1776 0 1777 0 1778 0 1779 0 1780 0 1781 0 1782 0 1783 0 1784 0 1785 0 1786 0 1787 0 1788 0 1789 0 1790 0 1791 0 1792 0 1793 0 1794 0 1795 0 1796 0 1797 0 1798 0 1799 0 1800 0 1801 0 1802 0 1803 0 1804 0 1805 0 1806 0 1807 0 1808 0 1809 0 1810 0 1811 0 1812 0 1813 0 1814 0 1815 0 1816 0 1817 0 1818 0 1819 0 1820 0 1821 0 1822 0 1823 0 1824 0 1825 0 1826 0 1827 0 1828 0 1829 0 1830 0 1831 0 1832 0 1833 0 1834 0 1835 0 1836 0 1837 0 1838 0 1839 0 1840 0 1841 0 1842 0 1843 0 1844 0 1845 0 1846 0 1847 0 1848 0 1849 0 1850 0 1851 0 1852 0 1853 0 1854 0 1855 0 1856 0 1857 0 1858 0 1859 0 1860 0 1861 0 1862 0 1863 0 1864 0 1865 0 1866 0 1867 0 1868 0 1869 0 1870 0 1871 0 1872 0 1873 0 1874 0 1875 0 1876 0 1877 0 1878 0 1879 0 1880 0 1881 0 1882 0 1883 0 1884 0 1885 0 1886 0 1887 0 1888 0 1889 0 1890 0 1891 0 1892 0 1893 0 1894 0 1895 0 1896 0 1897 0 1898 0 1899 0 1900 0 1901 0 1902 0 1903 0 1904 0 1905 0 1906 0 1907 0 1908 0 1909 0 1910 0 1911 0 1912 0 1913 0 1914 0 1915 0 1916 0 1917 0 1918 0 1919 0 1920 0 1921 0 1922 0 1923 0 1924 0 1925 0 1926 0 1927 0 1928 0 1929 0 1930 0 1931 0 1932 0 1933 0 1934 0 1935 0 1936 0 1937 0 1938 0 1939 0 1940 0 1941 0 1942 0 1943 0 1944 0 1945 0 1946 0 1947 0 1948 0 1949 0 1950 0 1951 0 1952 0 1953 0 1954 0 1955 0 1956 0 1957 0 1958 0 1959 0 1960 0 1961 0 1962 0 1963 0 1964 0 1965 0 1966 0 1967 0 1968 0 1969 0 1970 0 1971 0 1972 0 1973 0 1974 0 1975 0 1976 0 1977 0 1978 0 1979 0 1980 0 1981 0 1982 0 1983 0 1984 0 1985 0 1986 0 1987 0 1988 0 1989 0 1990 0 1991 0 1992 0 1993 0 1994 0 1995 0 1996 0 1997 0 1998 0 1999 0 2000 0 2001 0 2002 0 2003 0 2004 0 2005 0 2006 0 2007 0 2008 0 2009 0 2010 0 2011 0 2012 0 2013 0 2014 0 2015 0 2016 0 2017 0 2018 0 2019 0 2020 0 2021 0 2022 0 2023 0 2024 0 2025 0 2026 0 2027 0 2028 0 2029 0 2030 0 2031 0 2032 0 2033 0 2034 0 2035 0 2036 0 2037 0 2038 0 2039 0 2040 0 2041 0 2042 0 2043 0 2044 0 2045 0 2046 0 2047 0 2048 0 2049 0 2050 0 2051 0 2052 0 2053 0 2054 0 2055 0 2056 0 2057 0 2058 0 2059 0 2060 0 2061 0 2062 0 2063 0 2064 0 2065 0 2066 0 2067 0 2068 0 2069 0 2070 0 2071 0 2072 0 2073 0 2074 0 2075 0 2076 0 2077 0 2078 0 2079 0 2080 0 2081 0 2082 0 2083 0 2084 0 2085 0 2086 0 2087 0 2088 0 2089 0 2090 0 2091 0 2092 0 2093 0 2094 0 2095 0 2096 0 2097 0 2098 0 2099 0 2100 0 2101 0 2102 0 2103 0 2104 0 2105 0 2106 0 2107 0 2108 0 2109 0 2110 0 2111 0 2112 0 2113 0 2114 0 2115 0 2116 0 2117 0 2118 0 2119 0 2120 0 2121 0 2122 0 2123 0 2124 0 2125 0 2126 0 2127 0 2128 0 2129 0 2130 0 2131 0 2132 0 2133 0 2134 0 2135 0 2136 0 2137 0 2138 0 2139 0 2140 0 2141 0 2142 0 2143 0 2144 0 2145 0 2146 0 2147 0 2148 0 2149 0 2150 0 2151 0 2152 0 2153 0 2154 0 2155 0 2156 0 2157 0 2158 0 2159 0 2160 0 2161 0 2162 0 2163 0 2164 0 2165 0 2166 0 2167 0 2168 0 2169 0 2170 0 2171 0 2172 0 2173 0 2174 0 2175 0 2176 0 2177 0 2178 0 2179 0 2180 0 2181 0 2182 0 2183 0 2184 0 2185 0 2186 0 2187 0 2188 0 2189 0 2190 0 2191 0 2192 0 2193 0 2194 0 2195 0 2196 0 2197 0 2198 0 2199 0 2200 0 2201 0 2202 0 2203 0 2204 0 2205 0 2206 0 2207 0 2208 0 2209 0 2210 0 2211 0 2212 0 2213 0 2214 0 2215 0 2216 0 2217 0 2218 0 2219 0 2220 0 2221 0 2222 0 2223 0 2224 0 2225 0 2226 0 2227 0 2228 0 2229 0 2230 0 2231 0 2232 0 2233 0 2234 0 2235 0 2236 0 2237 0 2238 0 2239 0 2240 0 2241 0 2242 0 2243 0 2244 0 2245 0 2246 0 2247 0 2248 0 2249 0 2250 0 2251 0 2252 0 2253 0 2254 0 2255 0 2256 0 2257 0 2258 0 2259 0 2260 0 2261 0 2262 0 2263 0 2264 0 2265 0 2266 0 2267 0 2268 0 2269 0 2270 0 2271 0 2272 0 2273 0 2274 0 2275 0 2276 0 2277 0 2278 0 2279 0 2280 0 2281 0 2282 0 2283 0 2284 0 2285 0 2286 0 2287 0 2288 0 2289 0 2290 0 2291 0 2292 0 2293 0 2294 0 2295 0 2296 0 2297 0 2298 0 2299 0 2300 0 2301 0 2302 0 2303 0 2304 0 2305 0 2306 0 2307 0 2308 0 2309 0 2310 0 2311 0 2312</v>
        </vertex_weights>
      </skin>
    </controller>
  </library_controllers>
  <library_visual_scenes>
    <visual_scene id="Scene" name="Scene">
      <node id="kebenit_Skin" name="kebenit_Skin" type="NODE">
        <matrix sid="transform">1 0 0 0 0 1 0 0 0 0 1 0 0 0 0 1</matrix>
        <node id="kebenit_Skin_root" name="root" sid="root" type="JOINT">
          <matrix sid="transform">1 0 2.04892e-10 0.3606987 2.04892e-10 -1.19414e-7 -1 0.5490875 0 1 -1.19209e-7 8.456265 0 0 0 1</matrix>
          <node id="kebenit_Skin_mast_top" name="mast top" sid="mast_top" type="JOINT">
            <matrix sid="transform">1 0 -2.04892e-10 -0.3606987 0 1 1.10209e-7 92.82002 2.04892e-10 -1.10209e-7 1 7.253474 0 0 0 1</matrix>
            <node id="kebenit_Skin_port_tackle" name="port tackle" sid="port_tackle" type="JOINT">
              <matrix sid="transform">1 7.66469e-16 -8.74228e-8 29.67153 -7.66469e-16 -1 -1.75348e-8 6.031471 -8.74228e-8 1.75348e-8 -1 -0.7043872 0 0 0 1</matrix>
              <node id="kebenit_Skin_port_tackle01" name="port tackle01" sid="port_tackle01" type="JOINT">
                <matrix sid="transform">1 0 8.74228e-8 0 7.8905e-16 1 -8.32995e-9 61.18608 -8.74228e-8 8.32995e-9 1 6.67572e-6 0 0 0 1</matrix>
                <extra>
                  <technique profile="blender">
                    <layer sid="layer" type="string">0</layer>
                    <tip_x sid="tip_x" type="float">0</tip_x>
                    <tip_y sid="tip_y" type="float">0</tip_y>
                    <tip_z sid="tip_z" type="float">-61.18607</tip_z>
                  </technique>
                </extra>
              </node>
              <extra>
                <technique profile="blender">
                  <layer sid="layer" type="string">0</layer>
                  <tip_x sid="tip_x" type="float">0</tip_x>
                  <tip_y sid="tip_y" type="float">0</tip_y>
                  <tip_z sid="tip_z" type="float">-61.18607</tip_z>
                </technique>
              </extra>
            </node>
            <node id="kebenit_Skin_star_tackle" name="star tackle" sid="star_tackle" type="JOINT">
              <matrix sid="transform">1 7.66469e-16 -8.74228e-8 -29.68795 -7.66469e-16 -1 -1.75348e-8 6.031471 -8.74228e-8 1.75348e-8 -1 -0.7043872 0 0 0 1</matrix>
              <node id="kebenit_Skin_star_tackle_001" name="star tackle.001" sid="star_tackle_001" type="JOINT">
                <matrix sid="transform">1 0 8.74228e-8 0 7.8905e-16 1 -8.32995e-9 61.18608 -8.74228e-8 8.32995e-9 1 6.67572e-6 0 0 0 1</matrix>
                <extra>
                  <technique profile="blender">
                    <layer sid="layer" type="string">0</layer>
                    <tip_x sid="tip_x" type="float">0</tip_x>
                    <tip_y sid="tip_y" type="float">0</tip_y>
                    <tip_z sid="tip_z" type="float">-61.18607</tip_z>
                  </technique>
                </extra>
              </node>
              <extra>
                <technique profile="blender">
                  <layer sid="layer" type="string">0</layer>
                  <tip_x sid="tip_x" type="float">0</tip_x>
                  <tip_y sid="tip_y" type="float">0</tip_y>
                  <tip_z sid="tip_z" type="float">-61.18607</tip_z>
                </technique>
              </extra>
            </node>
            <extra>
              <technique profile="blender">
                <layer sid="layer" type="string">0</layer>
                <tip_x sid="tip_x" type="float">0</tip_x>
                <tip_y sid="tip_y" type="float">0</tip_y>
                <tip_z sid="tip_z" type="float">30.28654</tip_z>
              </technique>
            </extra>
          </node>
          <node id="kebenit_Skin_port_axle" name="port axle" sid="port_axle" type="JOINT">
            <matrix sid="transform">1 0 8.74228e-8 19.02494 8.74228e-8 1.02951e-7 -1 2.950775 -9.01011e-15 1 1.19209e-7 -72.17437 0 0 0 1</matrix>
            <node id="kebenit_Skin_thranite_port" name="thranite port" sid="thranite_port" type="JOINT">
              <matrix sid="transform">1 -2.0489e-10 -3.8147e-6 5.72205e-6 2.04952e-10 1 1.62583e-8 148.2142 3.8147e-6 -1.62583e-8 1 4.05217e-5 0 0 0 1</matrix>
              <extra>
                <technique profile="blender">
                  <layer sid="layer" type="string">0</layer>
                  <roll sid="roll" type="float">3.141589</roll>
                  <tip_x sid="tip_x" type="float">0</tip_x>
                  <tip_y sid="tip_y" type="float">-148.2141</tip_y>
                  <tip_z sid="tip_z" type="float">0</tip_z>
                </technique>
              </extra>
            </node>
            <extra>
              <technique profile="blender">
                <layer sid="layer" type="string">0</layer>
                <roll sid="roll" type="float">3.141593</roll>
                <tip_x sid="tip_x" type="float">0</tip_x>
                <tip_y sid="tip_y" type="float">-148.2141</tip_y>
                <tip_z sid="tip_z" type="float">0</tip_z>
              </technique>
            </extra>
          </node>
          <node id="kebenit_Skin_sbr_axle" name="sbr axle" sid="sbr_axle" type="JOINT">
            <matrix sid="transform">1 0 8.74228e-8 -17.69361 8.74228e-8 1.02951e-7 -1 3.013748 -9.01011e-15 1 1.19209e-7 -72.17392 0 0 0 1</matrix>
            <node id="kebenit_Skin_thranite_starboard" name="thranite starboard" sid="thranite_starboard" type="JOINT">
              <matrix sid="transform">1 -2.0489e-10 0 5.72205e-6 2.0489e-10 1 1.62583e-8 148.2142 0 -1.62583e-8 1 4.06384e-4 0 0 0 1</matrix>
              <extra>
                <technique profile="blender">
                  <layer sid="layer" type="string">0</layer>
                  <roll sid="roll" type="float">3.141593</roll>
                  <tip_x sid="tip_x" type="float">0</tip_x>
                  <tip_y sid="tip_y" type="float">-148.2141</tip_y>
                  <tip_z sid="tip_z" type="float">0</tip_z>
                </technique>
              </extra>
            </node>
            <extra>
              <technique profile="blender">
                <layer sid="layer" type="string">0</layer>
                <roll sid="roll" type="float">3.141593</roll>
                <tip_x sid="tip_x" type="float">0</tip_x>
                <tip_y sid="tip_y" type="float">-148.2141</tip_y>
                <tip_z sid="tip_z" type="float">0</tip_z>
              </technique>
            </extra>
          </node>
          <node id="kebenit_Skin_sbr_flag_pivot_fore" name="sbr flag pivot fore" sid="sbr_flag_pivot_fore" type="JOINT">
            <matrix sid="transform">1 0 -8.74228e-8 -0.360699 0 -1 0 82.8932 -8.74228e-8 0 -1 -108.65 0 0 0 1</matrix>
            <node id="kebenit_Skin_l_flag_foc03" name="l flag foc03" sid="l_flag_foc03" type="JOINT">
              <matrix sid="transform">1 -1.73194e-14 8.76277e-8 6.6761e-6 6.87597e-15 1 1.1918e-7 26.25395 -8.76277e-8 -1.1918e-7 1 0.3678131 0 0 0 1</matrix>
              <extra>
                <technique profile="blender">
                  <layer sid="layer" type="string">0</layer>
                  <tip_x sid="tip_x" type="float">0</tip_x>
                  <tip_y sid="tip_y" type="float">0</tip_y>
                  <tip_z sid="tip_z" type="float">-26.25653</tip_z>
                </technique>
              </extra>
            </node>
            <extra>
              <technique profile="blender">
                <layer sid="layer" type="string">0</layer>
                <tip_x sid="tip_x" type="float">0</tip_x>
                <tip_y sid="tip_y" type="float">0</tip_y>
                <tip_z sid="tip_z" type="float">-26.25653</tip_z>
              </technique>
            </extra>
          </node>
          <node id="kebenit_Skin_ammo_node_0" name="ammo node 0" sid="ammo_node_0" type="JOINT">
            <matrix sid="transform">1 -6.09134e-10 7.47503e-7 -0.3606989 7.0657e-7 -0.3256078 -0.9455049 25.61425 2.43969e-7 0.9455049 -0.3256078 70.77438 0 0 0 1</matrix>
            <node id="kebenit_Skin_l_flag_foc04" name="l flag foc04" sid="l_flag_foc04" type="JOINT">
              <matrix sid="transform">1 4.15511e-10 1.81899e-12 2.83716e-5 -4.15497e-10 1 0 39.34992 -1.7053e-12 -2.98023e-8 1 -29.07495 0 0 0 1</matrix>
              <extra>
                <technique profile="blender">
                  <layer sid="layer" type="string">0</layer>
                  <roll sid="roll" type="float">7.47438e-7</roll>
                  <tip_x sid="tip_x" type="float">0</tip_x>
                  <tip_y sid="tip_y" type="float">-46.25989</tip_y>
                  <tip_z sid="tip_z" type="float">-15.93073</tip_z>
                </technique>
              </extra>
            </node>
            <extra>
              <technique profile="blender">
                <layer sid="layer" type="string">0</layer>
                <roll sid="roll" type="float">7.47438e-7</roll>
                <tip_x sid="tip_x" type="float">0</tip_x>
                <tip_y sid="tip_y" type="float">-46.25989</tip_y>
                <tip_z sid="tip_z" type="float">-15.93073</tip_z>
              </technique>
            </extra>
          </node>
          <extra>
            <technique profile="blender">
              <layer sid="layer" type="string">0</layer>
              <roll sid="roll" type="float">0</roll>
              <tip_x sid="tip_x" type="float">0</tip_x>
              <tip_y sid="tip_y" type="float">-8.88109e-6</tip_y>
              <tip_z sid="tip_z" type="float">74.37218</tip_z>
            </technique>
          </extra>
        </node>
        <node id="skycar" name="skycar" type="NODE">
          <matrix sid="transform">1 0 0 0 0 1 0 0 0 0 1 0 0 0 0 1</matrix>
          <instance_controller url="#kebenit_Skin_skycar-skin">
            <skeleton>#kebenit_Skin_root</skeleton>
            <bind_material>
              <technique_common>
                <instance_material symbol="carf-material" target="#carf-material">
                  <bind_vertex_input semantic="UVMap" input_semantic="TEXCOORD" input_set="0"/>
                </instance_material>
              </technique_common>
            </bind_material>
          </instance_controller>
        </node>
      </node>
    </visual_scene>
  </library_visual_scenes>
  <scene>
    <instance_visual_scene url="#Scene"/>
  </scene>
</COLLADA>