<?xml version="1.0" encoding="utf-8"?>
<COLLADA xmlns="http://www.collada.org/2005/11/COLLADASchema" version="1.4.1" xmlns:xsi="http://www.w3.org/2001/XMLSchema-instance">
  <asset>
    <contributor>
      <author>Blender User</author>
      <authoring_tool>Blender 3.0.1 commit date:2022-01-25, commit time:17:19, hash:dc2d18018171</authoring_tool>
    </contributor>
    <created>2025-07-24T08:12:58</created>
    <modified>2025-07-24T08:12:58</modified>
    <unit name="meter" meter="1"/>
    <up_axis>Z_UP</up_axis>
  </asset>
  <library_effects>
    <effect id="frigate_heavy_Mat-effect">
      <profile_COMMON>
        <newparam sid="frigate_heavy_tga-surface">
          <surface type="2D">
            <init_from>frigate_heavy_tga</init_from>
          </surface>
        </newparam>
        <newparam sid="frigate_heavy_tga-sampler">
          <sampler2D>
            <source>frigate_heavy_tga-surface</source>
          </sampler2D>
        </newparam>
        <technique sid="common">
          <lambert>
            <emission>
              <color sid="emission">0 0 0 1</color>
            </emission>
            <diffuse>
              <texture texture="frigate_heavy_tga-sampler" texcoord="UVMap"/>
            </diffuse>
            <index_of_refraction>
              <float sid="ior">1.45</float>
            </index_of_refraction>
          </lambert>
        </technique>
      </profile_COMMON>
    </effect>
  </library_effects>
  <library_images>
    <image id="frigate_heavy_tga" name="frigate_heavy_tga">
      <init_from>frigate_heavy.png</init_from>
    </image>
  </library_images>
  <library_materials>
    <material id="frigate_heavy_Mat-material" name="frigate_heavy_Mat">
      <instance_effect url="#frigate_heavy_Mat-effect"/>
    </material>
  </library_materials>
  <library_geometries>
    <geometry id="canoe_chinamax_Mesh-mesh" name="canoe_chinamax_Mesh">
      <mesh>
        <source id="canoe_chinamax_Mesh-mesh-positions">
          <float_array id="canoe_chinamax_Mesh-mesh-positions-array" count="5808">11.68507 -36.34012 0.7215164 11.68507 -36.34012 0.7215164 -11.35202 -36.34028 0.6934412 -11.35206 -27.56222 0.6911517 -11.35206 -27.56222 0.6911517 -11.35206 -27.56222 0.6911517 12.07939 -27.56206 0.7192279 12.07942 -34.17187 0.720952 12.07942 -34.17187 0.720952 3.84805 -2.26376 4.730127 3.84805 -2.26376 4.730127 3.84805 -2.26376 4.730127 3.84805 -2.26376 4.730127 3.84805 -2.26376 4.730127 3.84805 -2.26376 4.730127 3.84805 -2.26376 4.730127 -5.505103 -2.263881 4.719526 -5.505103 -2.263881 4.719526 -5.505103 -2.263881 4.719526 -5.505103 -2.263881 4.719526 -5.505103 -2.263881 4.719526 -2.380598 76.59732 5.990869 -2.380598 76.59732 5.990869 -2.380598 76.59732 5.990869 -2.380598 76.59732 5.990869 -2.380598 76.59732 5.990869 -2.380598 76.59732 5.990869 0.8647702 76.59747 5.994464 0.8647702 76.59747 5.994464 0.8647702 76.59747 5.994464 0.8647702 76.59747 5.994464 12.30146 20.11915 0.7068118 12.30146 20.11915 0.7068118 -13.00787 20.11898 0.6787366 -12.98246 28.89706 0.6764494 -12.98246 28.89706 0.6764494 -12.98246 28.89706 0.6764494 12.22295 28.89723 0.7045246 12.29596 22.28741 0.7062484 12.29596 22.28741 0.7062484 12.31558 33.7917 0.7032504 12.31558 33.7917 0.7032504 -12.35948 33.79156 0.6751708 -11.38492 37.76859 0.6728829 -11.38492 37.76859 0.6728829 -11.38492 37.76859 0.6728829 -11.38492 37.76859 0.6728829 10.89669 37.76872 0.700971 11.51695 40.59769 0.7014822 11.51695 40.59769 0.7014822 12.01046 35.95997 0.7026883 12.01046 35.95997 0.7026883 11.2378 -30.83557 -7.180894 11.2378 -30.83557 -7.180894 11.2378 -30.83557 -7.180894 11.2378 -30.83557 -7.180894 11.2378 -30.83557 -7.180894 11.2378 -30.83557 -7.180894 6.504164 -44.10466 -5.91657 6.504164 -44.10466 -5.91657 6.504164 -44.10466 -5.91657 6.504164 -44.10466 -5.91657 6.504164 -44.10466 -5.91657 6.504164 -44.10466 -5.91657 9.864536 -47.06245 1.311532 9.864536 -47.06245 1.311532 9.864536 -47.06245 1.311532 9.864536 -47.06245 1.311532 9.864536 -47.06245 1.311532 9.864536 -47.06245 1.311532 15.53313 -32.2395 1.269562 15.53313 -32.2395 1.269562 15.53313 -32.2395 1.269562 15.53313 -32.2395 1.269562 15.53313 -32.2395 1.269562 15.53313 -32.2395 1.269562 -0.09431689 -53.28269 -3.650559 -0.09431689 -53.28269 -3.650559 -0.09431689 -53.28269 -3.650559 -0.0944513 -59.65949 1.340313 -0.0944513 -59.65949 1.340313 -0.0944513 -59.65949 1.340313 -6.771349 -44.10465 -5.91657 -6.771349 -44.10465 -5.91657 -6.771349 -44.10465 -5.91657 -6.771349 -44.10465 -5.91657 -6.771349 -44.10465 -5.91657 -6.771349 -44.10465 -5.91657 -11.50499 -30.83554 -7.180894 -11.50499 -30.83554 -7.180894 -11.50499 -30.83554 -7.180894 -11.50499 -30.83554 -7.180894 -11.50499 -30.83554 -7.180894 -11.50499 -30.83554 -7.180894 -15.80031 -32.23949 1.269562 -15.80031 -32.23949 1.269562 -15.80031 -32.23949 1.269562 -15.80031 -32.23949 1.269562 -15.80031 -32.23949 1.269562 -15.80031 -32.23949 1.269562 -10.13177 -47.06248 1.311534 -10.13177 -47.06248 1.311534 -10.13177 -47.06248 1.311534 -10.13177 -47.06248 1.311534 -10.13177 -47.06248 1.311534 -10.13177 -47.06248 1.311534 -11.50499 18.65484 -7.180904 -11.50499 18.65484 -7.180904 -11.50499 18.65484 -7.180904 -11.50499 18.65484 -7.180904 -11.50499 18.65484 -7.180904 -11.50499 18.65484 -7.180904 -15.80031 20.05878 1.269557 -15.80031 20.05878 1.269557 -15.80031 20.05878 1.269557 -15.80031 20.05878 1.269557 -15.80031 20.05878 1.269557 -15.80031 20.05878 1.269557 -6.771363 50.35561 -2.636605 -6.771363 50.35561 -2.636605 -6.771363 50.35561 -2.636605 -6.771363 50.35561 -2.636605 -6.771363 50.35561 -2.636605 -6.771363 50.35561 -2.636605 -9.278626 52.41687 1.327279 -9.278626 52.41687 1.327279 -9.278626 52.41687 1.327279 -9.278626 52.41687 1.327279 -9.278626 52.41687 1.327279 -9.278626 52.41687 1.327279 -0.09449052 53.98155 -2.636606 -0.09449052 53.98155 -2.636606 -0.09449052 53.98155 -2.636606 -0.09337776 56.26239 1.327273 -0.09337776 56.26239 1.327273 -0.09337776 56.26239 1.327273 6.504168 50.35562 -2.636607 6.504168 50.35562 -2.636607 6.504168 50.35562 -2.636607 6.504168 50.35562 -2.636607 6.504168 50.35562 -2.636607 6.504168 50.35562 -2.636607 11.23781 18.65481 -7.180906 11.23781 18.65481 -7.180906 11.23781 18.65481 -7.180906 11.23781 18.65481 -7.180906 11.23781 18.65481 -7.180906 11.23781 18.65481 -7.180906 15.53313 20.05875 1.269556 15.53313 20.05875 1.269556 15.53313 20.05875 1.269556 15.53313 20.05875 1.269556 15.53313 20.05875 1.269556 15.53313 20.05875 1.269556 9.011438 52.41689 1.327274 9.011438 52.41689 1.327274 9.011438 52.41689 1.327274 9.011438 52.41689 1.327274 9.011438 52.41689 1.327274 9.011438 52.41689 1.327274 9.864533 -49.58494 7.876511 9.864533 -49.58494 7.876511 9.864533 -49.58494 7.876511 9.864533 -49.58494 7.876511 16.99464 -33.43679 6.421617 16.99464 -33.43679 6.421617 16.99464 -33.43679 6.421617 -0.09457117 -62.45068 10.14253 -17.26182 -33.43676 6.421617 -17.26182 -33.43676 6.421617 -17.26182 -33.43676 6.421617 -10.13178 -49.58494 7.876509 -10.13178 -49.58494 7.876509 -17.26183 21.25608 4.931067 -17.26183 21.25608 4.931067 -17.26183 21.25608 4.931067 -10.13171 56.1641 8.464373 -10.13171 56.1641 8.464373 -10.13171 56.1641 8.464373 -10.13171 56.1641 8.464373 -0.06006997 60.40886 8.46442 16.99464 21.25605 4.931063 16.99464 21.25605 4.931063 16.99464 21.25605 4.931063 9.864533 56.1641 8.464373 9.864533 56.1641 8.464373 3.362413 18.17388 -10.85771 3.362413 18.17388 -10.85771 3.362413 18.17388 -10.85771 1.923412 36.09454 -9.232986 1.923412 36.09454 -9.232986 1.923412 36.09454 -9.232986 -0.09418559 36.09457 -9.232988 -0.09418559 36.09457 -9.232988 -0.09418559 36.09457 -9.232988 -2.112196 36.09457 -9.232986 -2.112196 36.09457 -9.232986 -2.112196 36.09457 -9.232986 -2.112196 36.09457 -9.232986 -2.76637 16.1748 -10.85771 -2.76637 16.1748 -10.85771 -2.76637 16.1748 -10.85771 -2.76637 16.1748 -10.85771 -2.76637 16.1748 -10.85771 -2.76637 16.1748 -10.85771 -2.766368 -28.35551 -10.8577 -2.766368 -28.35551 -10.8577 -2.766368 -28.35551 -10.8577 -2.766368 -28.35551 -10.8577 -2.766368 -28.35551 -10.8577 -2.766368 -28.35551 -10.8577 -2.766368 -28.35551 -10.8577 -1.526229 -37.394 -9.232971 -1.526229 -37.394 -9.232971 -1.526229 -37.394 -9.232971 -1.526229 -37.394 -9.232971 -1.526229 -37.394 -9.232971 -0.09443479 -37.394 -9.232971 -0.09443479 -37.394 -9.232971 -0.09443479 -37.394 -9.232971 -0.09443479 -37.394 -9.232971 1.337438 -37.394 -9.232971 3.362414 -31.09988 -10.8577 3.362414 -31.09988 -10.8577 3.362414 -31.09988 -10.8577 13.28684 -28.12092 -0.7357802 7.700732 -40.62115 -0.7359774 7.700732 -40.62115 -0.7359774 7.700732 -40.62115 -0.7359774 -0.09897202 -48.45385 -0.7299792 -0.09897202 -48.45385 -0.7299792 -7.965548 -40.62116 -0.7359745 -7.965548 -40.62116 -0.7359745 -7.965548 -40.62116 -0.7359745 -13.55166 -28.12091 -0.7357798 -13.55166 15.32191 -0.7357828 -13.55166 15.32191 -0.7357828 -13.55166 15.32191 -0.7357828 -7.965501 40.46483 -0.7357851 -0.09866237 40.53946 -0.7357875 -0.09866237 40.53946 -0.7357875 -0.09866237 40.53946 -0.7357875 -0.09866237 40.53946 -0.7357875 -0.09866237 40.53946 -0.7357875 -0.09866237 40.53946 -0.7357875 7.700786 40.46483 -0.7357851 13.28684 15.32191 -0.7357832 13.28684 15.32191 -0.7357832 13.28684 15.32191 -0.7357832 9.864533 -50.01798 10.69473 9.864533 -50.01798 10.69473 9.864533 -50.01798 10.69473 16.99464 -33.5995 8.531711 16.99464 -33.5995 8.531711 16.99464 -33.5995 8.531711 -0.09391385 -62.99429 12.96075 -0.09391385 -62.99429 12.96075 -10.13177 -50.01798 10.69473 -10.13177 -50.01798 10.69473 -10.13177 -50.01798 10.69473 -17.26182 -33.5995 8.531715 -17.26182 -33.5995 8.531715 -17.26182 -33.5995 8.531715 -17.26182 21.85047 8.457403 -17.26182 21.85047 8.457403 -17.26182 21.85047 8.457403 -10.13173 56.8338 11.2826 -10.13173 56.8338 11.2826 -10.13173 56.8338 11.2826 -0.06636363 61.14987 11.28263 -0.06636363 61.14987 11.28263 9.864535 56.83381 11.2826 9.864535 56.83381 11.2826 9.864535 56.83381 11.2826 16.99464 21.85045 8.457401 16.99464 21.85045 8.457401 16.99464 21.85045 8.457401 -12.16711 42.03918 10.4703 -12.16711 42.03918 10.4703 -12.16711 42.03918 10.4703 -12.16711 42.03918 10.4703 -0.0980516 42.07058 10.43544 -0.0980516 42.07058 10.43544 -0.0980516 42.07058 10.43544 -0.0980516 42.07058 10.43544 11.98776 42.0849 10.49516 -0.1198704 38.67485 18.53449 -0.1198704 38.67485 18.53449 -0.1198704 38.67485 18.53449 -0.1198704 38.67485 18.53449 -0.1198704 38.67485 18.53449 -0.1197955 -32.09824 18.5345 -0.1197955 -32.09824 18.5345 -0.1198448 38.67485 16.92379 -0.1198448 38.67485 16.92379 6.40715 -32.09825 16.25304 6.40715 -32.09825 16.25304 6.40715 -32.09825 16.25304 6.40715 -32.09825 16.25304 6.40715 -32.09825 16.25304 6.40715 -32.09825 16.25304 6.40715 -32.09825 16.25304 6.40715 -32.09825 16.25304 5.63302 38.67485 16.25302 5.63302 38.67485 16.25302 5.63302 38.67485 16.25302 5.63302 38.67485 16.25302 5.63302 38.67485 16.25302 5.63302 38.67485 16.25302 5.63302 38.67485 16.25302 7.200134 38.67485 17.84997 7.200134 38.67485 17.84997 7.200134 38.67485 17.84997 7.200134 38.67485 17.84997 7.200134 38.67485 17.84997 7.200134 38.67485 17.84997 7.200134 38.67485 17.84997 7.200134 38.67485 17.84997 7.200131 -32.09825 17.84998 7.200131 -32.09825 17.84998 7.200131 -32.09825 17.84998 7.200131 -32.09825 17.84998 7.200131 -32.09825 17.84998 7.200131 -32.09825 17.84998 7.200131 -32.09825 17.84998 7.200131 -32.09825 17.84998 7.200131 -32.09825 17.84998 9.403926 38.67485 14.20092 9.403926 38.67485 14.20092 9.403926 38.67485 14.20092 9.403926 38.67485 14.20092 9.403926 38.67485 14.20092 9.403926 38.67485 14.20092 9.403926 38.67485 14.20092 9.403926 38.67485 14.20092 10.531 -32.09825 14.20092 10.531 -32.09825 14.20092 10.531 -32.09825 14.20092 10.531 -32.09825 14.20092 10.531 -32.09825 14.20092 10.531 -32.09825 14.20092 9.377182 -32.09825 12.63802 9.377182 -32.09825 12.63802 9.377182 -32.09825 12.63802 9.377182 -32.09825 12.63802 9.377182 -32.09825 12.63802 9.377182 -32.09825 12.63802 8.34885 38.67485 12.63801 8.34885 38.67485 12.63801 8.34885 38.67485 12.63801 8.34885 38.67485 12.63801 8.34885 38.67485 12.63801 8.34885 38.67485 12.63801 8.34885 38.67485 12.63801 8.34885 38.67485 12.63801 11.4968 38.67485 11.32582 11.4968 38.67485 11.32582 11.4968 38.67485 11.32582 11.4968 38.67485 11.32582 11.4968 38.67485 11.32582 11.4968 38.67485 11.32582 11.4968 38.67485 11.32582 11.4968 38.67485 11.32582 12.81977 -32.09825 11.32583 12.81977 -32.09825 11.32583 12.81977 -32.09825 11.32583 12.81977 -32.09825 11.32583 12.81977 -32.09825 11.32583 11.41801 -32.09825 9.271515 11.41801 -32.09825 9.271515 11.41801 -32.09825 9.271515 11.41801 -32.09825 9.271515 11.41801 -32.09825 9.271515 11.41801 -32.09825 9.271515 10.21501 38.67485 9.271503 10.21501 38.67485 9.271503 10.21501 38.67485 9.271503 10.21501 38.67485 9.271503 10.21501 38.67485 9.271503 10.21501 38.67485 9.271503 10.21501 38.67485 9.271503 10.21501 38.67485 9.271503 12.71214 38.67485 5.702368 12.71214 38.67485 5.702368 12.71214 38.67485 5.702368 12.71214 38.67485 5.702368 12.71214 38.67485 5.702368 12.71214 38.67485 5.702368 12.71214 38.67485 5.702368 12.71214 38.67485 5.702368 14.14886 -32.09825 5.70238 14.14886 -32.09825 5.70238 14.14886 -32.09825 5.70238 14.14886 -32.09825 5.70238 14.14886 -32.09825 5.70238 14.14886 -32.09825 5.70238 14.14886 -32.09825 5.70238 14.14886 -32.09825 5.70238 14.14886 -32.09825 5.70238 14.14886 -32.09825 5.70238 12.60311 -32.09825 5.617671 12.60311 -32.09825 5.617671 12.60311 -32.09825 5.617671 12.60311 -32.09825 5.617671 11.29869 38.67485 5.617659 11.29869 38.67485 5.617659 11.29869 38.67485 5.617659 11.29869 38.67485 5.617659 11.29869 38.67485 5.617659 11.29869 38.67485 5.617659 -13.38289 38.67484 5.702371 -13.38289 38.67484 5.702371 -13.38289 38.67484 5.702371 -13.38289 38.67484 5.702371 -14.3886 -32.09825 5.702381 -14.3886 -32.09825 5.702381 -12.84285 -32.09825 5.617666 -12.84285 -32.09825 5.617666 -12.84285 -32.09825 5.617666 -12.84285 -32.09825 5.617666 -12.84285 -32.09825 5.617666 -11.96944 38.67485 5.617656 -11.96944 38.67485 5.617656 -11.96944 38.67485 5.617656 -11.96944 38.67485 5.617656 -11.96944 38.67485 5.617656 -11.96944 38.67485 5.617656 -12.16755 38.67485 11.32583 -12.16755 38.67485 11.32583 -12.16755 38.67485 11.32583 -12.16755 38.67485 11.32583 -12.16755 38.67485 11.32583 -12.16755 38.67485 11.32583 -12.16755 38.67485 11.32583 -12.16755 38.67485 11.32583 -13.0595 -32.09825 11.32583 -13.0595 -32.09825 11.32583 -13.0595 -32.09825 11.32583 -13.0595 -32.09825 11.32583 -13.0595 -32.09825 11.32583 -13.0595 -32.09825 11.32583 -13.0595 -32.09825 11.32583 -13.0595 -32.09825 11.32583 -13.0595 -32.09825 11.32583 -11.65774 -32.09825 9.271512 -11.65774 -32.09825 9.271512 -11.65774 -32.09825 9.271512 -11.65774 -32.09825 9.271512 -11.65774 -32.09825 9.271512 -11.65774 -32.09825 9.271512 -10.88576 38.67485 9.271501 -10.88576 38.67485 9.271501 -10.88576 38.67485 9.271501 -10.88576 38.67485 9.271501 -10.88576 38.67485 9.271501 -10.88576 38.67485 9.271501 -10.88576 38.67485 9.271501 -10.88576 38.67485 9.271501 -10.07468 38.67485 14.20092 -10.07468 38.67485 14.20092 -10.07468 38.67485 14.20092 -10.07468 38.67485 14.20092 -10.07468 38.67485 14.20092 -10.07468 38.67485 14.20092 -10.07468 38.67485 14.20092 -10.07468 38.67485 14.20092 -10.77074 -32.09824 14.20092 -10.77074 -32.09824 14.20092 -10.77074 -32.09824 14.20092 -10.77074 -32.09824 14.20092 -10.77074 -32.09824 14.20092 -9.616916 -32.09825 12.63802 -9.616916 -32.09825 12.63802 -9.616916 -32.09825 12.63802 -9.616916 -32.09825 12.63802 -9.616916 -32.09825 12.63802 -9.019609 38.67484 12.63801 -9.019609 38.67484 12.63801 -9.019609 38.67484 12.63801 -9.019609 38.67484 12.63801 -9.019609 38.67484 12.63801 -9.019609 38.67484 12.63801 -9.019609 38.67484 12.63801 -9.019609 38.67484 12.63801 -6.646886 -32.09825 16.25304 -6.646886 -32.09825 16.25304 -6.646886 -32.09825 16.25304 -6.646886 -32.09825 16.25304 -6.646886 -32.09825 16.25304 -6.646886 -32.09825 16.25304 -6.646886 -32.09825 16.25304 -6.303775 38.67485 16.25302 -6.303775 38.67485 16.25302 -6.303775 38.67485 16.25302 -6.303775 38.67485 16.25302 -6.303775 38.67485 16.25302 -6.303775 38.67485 16.25302 -6.303775 38.67485 16.25302 -6.303775 38.67485 16.25302 -7.439875 38.67485 17.84997 -7.439875 38.67485 17.84997 -7.439875 38.67485 17.84997 -7.439875 38.67485 17.84997 -7.439875 38.67485 17.84997 -7.439875 38.67485 17.84997 -7.439875 38.67485 17.84997 -7.439875 38.67485 17.84997 -7.439871 -32.09825 17.84998 -7.439871 -32.09825 17.84998 -7.439871 -32.09825 17.84998 -7.439871 -32.09825 17.84998 -7.439871 -32.09825 17.84998 -7.439871 -32.09825 17.84998 -7.439871 -32.09825 17.84998 -7.439871 -32.09825 17.84998 -0.1769956 -8.159937 19.63777 -0.1769956 -8.159937 19.63777 -0.1769956 -8.159937 19.63777 5.268629 -8.270572 19.12854 5.268629 -8.270572 19.12854 5.268629 -8.270572 19.12854 5.268629 -8.270572 19.12854 5.268629 -8.270572 19.12854 8.488621 -8.335993 18.82743 8.488621 -8.335993 18.82743 8.488621 -8.335993 18.82743 8.488621 -8.335993 18.82743 8.488621 -8.335993 18.82743 8.488621 -8.335993 18.82743 8.488621 -8.335993 18.82743 10.99777 -8.933203 16.07859 10.99777 -8.933203 16.07859 10.99777 -8.933203 16.07859 10.99777 -8.933203 16.07859 10.99777 -8.933203 16.07859 12.43179 -9.274529 14.50758 12.43179 -9.274529 14.50758 12.43179 -9.274529 14.50758 12.43179 -9.274529 14.50758 12.43179 -9.274529 14.50758 12.43179 -9.274529 14.50758 12.43179 -9.274529 14.50758 7.549879 -8.746725 16.93692 7.549879 -8.746725 16.93692 7.549879 -8.746725 16.93692 7.549879 -8.746725 16.93692 7.549879 -8.746725 16.93692 7.549879 -8.746725 16.93692 8.822261 -9.083195 15.38822 8.822261 -9.083195 15.38822 8.822261 -9.083195 15.38822 8.822261 -9.083195 15.38822 8.822261 -9.083195 15.38822 11.06586 -9.676503 12.65737 11.06586 -9.676503 12.65737 11.06586 -9.676503 12.65737 11.06586 -9.676503 12.65737 11.06586 -9.676503 12.65737 11.06586 -9.676503 12.65737 11.06586 -9.676503 12.65737 14.18241 -9.752301 12.3085 14.18241 -9.752301 12.3085 14.18241 -9.752301 12.3085 14.18241 -9.752301 12.3085 14.18241 -9.752301 12.3085 15.14129 -10.01399 11.10397 15.14129 -10.01399 11.10397 15.14129 -10.01399 11.10397 15.14129 -10.01399 11.10397 15.14129 -10.01399 11.10397 15.14129 -10.01399 11.10397 15.14129 -10.01399 11.10397 11.91566 -9.933567 11.47416 11.91566 -9.933567 11.47416 11.91566 -9.933567 11.47416 11.91566 -9.933567 11.47416 11.91566 -9.933567 11.47416 12.36184 -10.40736 8.554063 12.36184 -10.40736 8.554063 12.36184 -10.40736 8.554063 12.36184 -10.40736 8.554063 12.36184 -10.40736 8.554063 12.36184 -10.40736 8.554063 12.36184 -10.40736 8.554063 14.89273 -10.69564 6.661403 14.89273 -10.69564 6.661403 14.89273 -10.69564 6.661403 14.89273 -10.69564 6.661403 14.89273 -10.69564 6.661403 15.39925 -11.05094 4.328836 15.39925 -11.05094 4.328836 15.39925 -11.05094 4.328836 15.39925 -11.05094 4.328836 15.39925 -11.05094 4.328836 15.39925 -11.05094 4.328836 12.81445 -10.63359 7.068776 12.81445 -10.63359 7.068776 12.81445 -10.63359 7.068776 12.81445 -10.63359 7.068776 12.81445 -10.63359 7.068776 13.67998 -11.06622 4.228548 13.67998 -11.06622 4.228548 13.67998 -11.06622 4.228548 13.67998 -11.06622 4.228548 13.67998 -11.06622 4.228548 13.67998 -11.06622 4.228548 13.67998 -11.06622 4.228548 13.67998 -11.06622 4.228548 -15.37578 -10.37329 8.777761 -15.37578 -10.37329 8.777761 -15.37578 -10.37329 8.777761 -15.37578 -10.37329 8.777761 -15.37578 -10.37329 8.777761 -15.37578 -10.37329 8.777761 -15.49524 -10.01399 11.10397 -15.49524 -10.01399 11.10397 -15.49524 -10.01399 11.10397 -15.49524 -10.01399 11.10397 -15.49524 -10.01399 11.10397 -15.49524 -10.01399 11.10397 -15.49524 -10.01399 11.10397 -14.62261 -11.06622 4.228548 -14.62261 -11.06622 4.228548 -14.62261 -11.06622 4.228548 -14.62261 -11.06622 4.228548 -14.62261 -11.06622 4.228548 -14.62261 -11.06622 4.228548 -14.62261 -11.06622 4.228548 -14.7605 -10.84162 5.703099 -14.7605 -10.84162 5.703099 -14.7605 -10.84162 5.703099 -14.7605 -10.84162 5.703099 -14.7605 -10.84162 5.703099 -13.30446 -10.40736 8.554063 -13.30446 -10.40736 8.554063 -13.30446 -10.40736 8.554063 -13.30446 -10.40736 8.554063 -13.30446 -10.40736 8.554063 -13.30446 -10.40736 8.554063 -13.30446 -10.40736 8.554063 -13.75155 -9.53811 13.29435 -13.75155 -9.53811 13.29435 -13.75155 -9.53811 13.29435 -13.75155 -9.53811 13.29435 -13.75155 -9.53811 13.29435 -12.78574 -9.274526 14.50758 -12.78574 -9.274526 14.50758 -12.78574 -9.274526 14.50758 -12.78574 -9.274526 14.50758 -12.78574 -9.274526 14.50758 -12.78574 -9.274526 14.50758 -12.78574 -9.274526 14.50758 -12.99233 -10.1522 10.2292 -12.99233 -10.1522 10.2292 -12.99233 -10.1522 10.2292 -12.99233 -10.1522 10.2292 -12.99233 -10.1522 10.2292 -11.41982 -9.676503 12.65738 -11.41982 -9.676503 12.65738 -11.41982 -9.676503 12.65738 -11.41982 -9.676503 12.65738 -11.41982 -9.676503 12.65738 -11.41982 -9.676503 12.65738 -11.41982 -9.676503 12.65738 -10.28851 -8.680148 17.24337 -10.28851 -8.680148 17.24337 -10.28851 -8.680148 17.24337 -10.28851 -8.680148 17.24337 -10.28851 -8.680148 17.24337 -8.842581 -8.335993 18.82743 -8.842581 -8.335993 18.82743 -8.842581 -8.335993 18.82743 -8.842581 -8.335993 18.82743 -8.842581 -8.335993 18.82743 -8.842581 -8.335993 18.82743 -8.842581 -8.335993 18.82743 -10.15834 -9.342913 14.1928 -10.15834 -9.342913 14.1928 -10.15834 -9.342913 14.1928 -10.15834 -9.342913 14.1928 -10.15834 -9.342913 14.1928 -7.90383 -8.746725 16.93692 -7.90383 -8.746725 16.93692 -7.90383 -8.746725 16.93692 -7.90383 -8.746725 16.93692 -7.90383 -8.746725 16.93692 -7.90383 -8.746725 16.93692 -7.90383 -8.746725 16.93692 -3.401634 -8.22545 19.33623 -3.401634 -8.22545 19.33623 -3.401634 -8.22545 19.33623 -3.401634 -8.22545 19.33623 -3.401634 -8.22545 19.33623 -16.17526 -11.06105 4.262475 -5.070757 -8.683473 17.22807 -5.070757 -8.683473 17.22807 -5.070757 -8.683473 17.22807 -5.070757 -8.683473 17.22807 -5.070757 -8.683473 17.22807 4.716789 -8.683471 17.22807 4.716789 -8.683471 17.22807 4.716789 -8.683471 17.22807 4.716789 -8.683471 17.22807 4.716789 -8.683471 17.22807 4.716789 -8.683471 17.22807 4.716789 -8.683471 17.22807 14.26157 -11.06105 4.262474 14.26157 -11.06105 4.262474 14.26157 -11.06105 4.262474 14.26157 -11.06105 4.262474 14.43316 -10.37328 8.777755 14.43316 -10.37328 8.777755 14.43316 -10.37328 8.777755 14.43316 -10.37328 8.777755 14.43316 -10.37328 8.777755 14.43316 -10.37328 8.777755 14.43316 -10.37328 8.777755 -0.1769804 20.7434 19.63777 -0.1769804 20.7434 19.63777 -0.1769804 20.7434 19.63777 2.272892 20.69362 19.40867 2.272892 20.69362 19.40867 2.272892 20.69362 19.40867 2.272892 20.69362 19.40867 2.272892 20.69362 19.40867 8.488624 20.56734 18.82743 8.488624 20.56734 18.82743 8.488624 20.56734 18.82743 8.488624 20.56734 18.82743 8.488624 20.56734 18.82743 8.488624 20.56734 18.82743 9.622048 20.29757 17.58573 9.622048 20.29757 17.58573 9.622048 20.29757 17.58573 9.622048 20.29757 17.58573 9.622048 20.29757 17.58573 11.06586 19.22683 12.65737 11.06586 19.22683 12.65737 11.06586 19.22683 12.65737 11.06586 19.22683 12.65737 11.06586 19.22683 12.65737 11.06586 19.22683 12.65737 10.02189 19.5029 13.92807 10.02189 19.5029 13.92807 10.02189 19.5029 13.92807 10.02189 19.5029 13.92807 10.02189 19.5029 13.92807 12.4318 19.62881 14.50757 12.4318 19.62881 14.50757 12.4318 19.62881 14.50757 12.4318 19.62881 14.50757 12.4318 19.62881 14.50757 12.4318 19.62881 14.50757 13.23936 19.40841 13.49312 13.23936 19.40841 13.49312 13.23936 19.40841 13.49312 13.23936 19.40841 13.49312 13.23936 19.40841 13.49312 13.48186 18.49598 8.554059 13.48186 18.49598 8.554059 13.48186 18.49598 8.554059 13.48186 18.49598 8.554059 13.48186 18.49598 8.554059 13.48186 18.49598 8.554059 11.66662 18.71982 10.02359 11.66662 18.71982 10.02359 11.66662 18.71982 10.02359 11.66662 18.71982 10.02359 11.66662 18.71982 10.02359 13.92096 18.88934 11.10397 13.92096 18.88934 11.10397 13.92096 18.88934 11.10397 13.92096 18.88934 11.10397 13.92096 18.88934 11.10397 13.92096 18.88934 11.10397 14.37636 18.56989 9.039337 14.37636 18.56989 9.039337 14.37636 18.56989 9.039337 14.37636 18.56989 9.039337 14.37636 18.56989 9.039337 13.67998 17.83711 4.228544 13.67998 17.83711 4.228544 13.67998 17.83711 4.228544 13.67998 17.83711 4.228544 13.67998 17.83711 4.228544 13.67998 17.83711 4.228544 13.26565 18.04421 5.588203 13.26565 18.04421 5.588203 13.26565 18.04421 5.588203 13.26565 18.04421 5.588203 13.26565 18.04421 5.588203 -16.89347 18.1767 6.457962 -13.8358 18.49598 8.554057 -13.8358 18.49598 8.554057 -13.8358 18.49598 8.554057 -13.8358 18.49598 8.554057 -13.8358 18.49598 8.554057 -13.8358 18.49598 8.554057 -14.27268 18.29081 7.207132 -14.27268 18.29081 7.207132 -14.27268 18.29081 7.207132 -14.27268 18.29081 7.207132 -14.27268 18.29081 7.207132 -14.86357 18.88934 11.10397 -14.86357 18.88934 11.10397 -14.86357 18.88934 11.10397 -14.86357 18.88934 11.10397 -14.86357 18.88934 11.10397 -14.86357 18.88934 11.10397 -14.67809 19.11235 12.13045 -14.67809 19.11235 12.13045 -14.67809 19.11235 12.13045 -14.67809 19.11235 12.13045 -14.67809 19.11235 12.13045 -11.41982 19.22683 12.65737 -11.41982 19.22683 12.65737 -11.41982 19.22683 12.65737 -11.41982 19.22683 12.65737 -11.41982 19.22683 12.65737 -11.41982 19.22683 12.65737 -11.722 19.00548 11.63856 -11.722 19.00548 11.63856 -11.722 19.00548 11.63856 -11.722 19.00548 11.63856 -11.722 19.00548 11.63856 -12.78575 19.62881 14.50757 -12.78575 19.62881 14.50757 -12.78575 19.62881 14.50757 -12.78575 19.62881 14.50757 -12.78575 19.62881 14.50757 -12.78575 19.62881 14.50757 -11.63375 19.903 15.76961 -11.63375 19.903 15.76961 -11.63375 19.903 15.76961 -11.63375 19.903 15.76961 -11.63375 19.903 15.76961 -7.903834 20.15661 16.93692 -7.903834 20.15661 16.93692 -7.903834 20.15661 16.93692 -7.903834 20.15661 16.93692 -7.903834 20.15661 16.93692 -7.903834 20.15661 16.93692 -8.931789 19.88477 15.68572 -8.931789 19.88477 15.68572 -8.931789 19.88477 15.68572 -8.931789 19.88477 15.68572 -8.931789 19.88477 15.68572 -8.842587 20.56734 18.82743 -8.842587 20.56734 18.82743 -8.842587 20.56734 18.82743 -8.842587 20.56734 18.82743 -8.842587 20.56734 18.82743 -8.842587 20.56734 18.82743 -6.384815 20.61727 19.05726 -6.384815 20.61727 19.05726 -6.384815 20.61727 19.05726 -6.384815 20.61727 19.05726 -6.384815 20.61727 19.05726 -16.80613 17.84754 4.297075 -2.39966 20.2795 17.50257 -2.39966 20.2795 17.50257 -2.39966 20.2795 17.50257 -2.39966 20.2795 17.50257 -2.39966 20.2795 17.50257 2.045684 20.2795 17.50257 2.045684 20.2795 17.50257 2.045684 20.2795 17.50257 2.045684 20.2795 17.50257 2.045684 20.2795 17.50257 2.045684 20.2795 17.50257 15.39925 17.85239 4.328832 15.39925 17.85239 4.328832 15.39925 17.85239 4.328832 15.39925 17.85239 4.328832 15.39925 17.85239 4.328832 15.39925 17.85239 4.328832 14.9369 18.1767 6.457959 14.9369 18.1767 6.457959 14.9369 18.1767 6.457959 14.9369 18.1767 6.457959 14.9369 18.1767 6.457959 14.85479 17.84755 4.297071 14.85479 17.84755 4.297071 14.85479 17.84755 4.297071 14.85479 17.84755 4.297071 14.85479 17.84755 4.297071 3.721495 20.66419 19.27321 3.721495 20.66419 19.27321 3.721495 20.66419 19.27321 3.721495 20.66419 19.27321 10.26983 20.14339 16.87607 10.26983 20.14339 16.87607 10.26983 20.14339 16.87607 10.26983 20.14339 16.87607 9.429835 19.65947 14.6487 9.429835 19.65947 14.6487 9.429835 19.65947 14.6487 9.429835 19.65947 14.6487 7.549878 20.15661 16.93691 7.549878 20.15661 16.93691 7.549878 20.15661 16.93691 7.549878 20.15661 16.93691 7.549878 20.15661 16.93691 7.549878 20.15661 16.93691 13.68171 19.28769 12.93746 13.68171 19.28769 12.93746 13.68171 19.28769 12.93746 13.68171 19.28769 12.93746 11.28941 18.84127 10.8827 11.28941 18.84127 10.8827 11.28941 18.84127 10.8827 11.28941 18.84127 10.8827 15.87864 18.40339 7.946221 15.87864 18.40339 7.946221 15.87864 18.40339 7.946221 15.87864 18.40339 7.946221 13.04897 18.15252 6.299232 13.04897 18.15252 6.299232 13.04897 18.15252 6.299232 13.04897 18.15252 6.299232 -13.92721 18.1847 6.510481 -13.92721 18.1847 6.510481 -13.92721 18.1847 6.510481 -13.92721 18.1847 6.510481 -14.62261 17.83712 4.22854 -14.62261 17.83712 4.22854 -14.62261 17.83712 4.22854 -14.62261 17.83712 4.22854 -14.62261 17.83712 4.22854 -14.62261 17.83712 4.22854 -14.22548 19.23587 12.69901 -14.22548 19.23587 12.69901 -14.22548 19.23587 12.69901 -14.22548 19.23587 12.69901 -12.09076 18.88675 11.09208 -12.09076 18.88675 11.09208 -12.09076 18.88675 11.09208 -12.09076 18.88675 11.09208 -10.96673 20.06175 16.50036 -10.96673 20.06175 16.50036 -10.96673 20.06175 16.50036 -10.96673 20.06175 16.50036 -9.506967 19.73266 14.98563 -9.506967 19.73266 14.98563 -9.506967 19.73266 14.98563 -9.506967 19.73266 14.98563 -4.928187 20.64687 19.19347 -4.928187 20.64687 19.19347 -4.928187 20.64687 19.19347 -4.928187 20.64687 19.19347 -14.90102 17.83958 4.244785 -14.90102 17.83958 4.244785 -14.90102 17.83958 4.244785 -14.90102 17.83958 4.244785 -3.686396 20.25077 17.37033 -3.686396 20.25077 17.37033 -3.686396 20.25077 17.37033 -3.686396 20.25077 17.37033 6.258116 20.18545 17.06967 6.258116 20.18545 17.06967 6.258116 20.18545 17.06967 6.258116 20.18545 17.06967 14.57647 17.84507 4.280838 14.57647 17.84507 4.280838 14.57647 17.84507 4.280838 14.57647 17.84507 4.280838 -16.89347 18.1767 6.457962 -14.23836 38.67485 5.702371 -16.35774 -10.37329 8.777761 -13.89445 -32.09825 11.32583 -13.89445 -32.09825 11.32583 -16.35774 -10.37329 8.777761 -16.35774 -10.37329 8.777761 -17.38515 -11.05094 4.328837 -14.23836 38.67485 5.702371 -15.3079 -32.09825 5.702381 -16.34188 -11.05094 4.328837 -16.34188 -11.05094 4.328837 -16.34188 -11.05094 4.328837 -15.20419 -11.06105 4.262475 -15.20419 -11.06105 4.262475 -15.20419 -11.06105 4.262475 -15.20419 -11.06105 4.262475 -15.20419 -11.06105 4.262475 -17.38515 17.85239 4.328831 -15.87954 18.1767 6.457962 -15.87954 18.1767 6.457962 -15.87954 18.1767 6.457962 -15.79742 17.84754 4.297075 -15.79742 17.84754 4.297075 -15.79742 17.84754 4.297075 -15.79742 17.84754 4.297075 -15.79742 17.84754 4.297075 -16.31566 18.34864 7.586799 -16.31566 18.34864 7.586799 -16.31566 18.34864 7.586799 -16.89347 18.1767 6.457962 3.362414 -31.09988 -10.8577 3.362414 -31.09988 -10.8577 3.362414 -31.09988 -10.8577 1.337438 -37.394 -9.232971 1.337438 -37.394 -9.232971 3.362413 18.17388 -10.85771 3.362413 18.17388 -10.85771 3.362413 18.17388 -10.85771 1.923412 36.09454 -9.232986 1.923412 36.09454 -9.232986 1.923412 36.09454 -9.232986 1.923412 36.09454 -9.232986 -0.09449052 53.98155 -2.636606 -0.09449052 53.98155 -2.636606 -0.09449052 53.98155 -2.636606 -0.09418559 36.09457 -9.232988 -0.09431689 -53.28269 -3.650559 -0.09431689 -53.28269 -3.650559 -0.09431689 -53.28269 -3.650559 -0.0944513 -59.65949 1.340313 -0.0944513 -59.65949 1.340313 -0.0944513 -59.65949 1.340313 -0.09337776 56.26239 1.327273 -0.09337776 56.26239 1.327273 -0.09337776 56.26239 1.327273 -0.09457117 -62.45068 10.14253 -0.09457117 -62.45068 10.14253 -0.06006997 60.40886 8.46442 -0.06006997 60.40886 8.46442 -0.09443479 -37.394 -9.232971 -0.09443479 -37.394 -9.232971 16.99464 -33.43679 6.421617 16.99464 -33.43679 6.421617 16.99464 -33.43679 6.421617 9.864533 -49.58494 7.876511 9.864533 -49.58494 7.876511 9.864533 -49.58494 7.876511 -0.09457117 -62.45068 10.14253 -0.09391385 -62.99429 12.96075 -0.09457117 -62.45068 10.14253 -0.09457117 -62.45068 10.14253 -10.13178 -49.58494 7.876509 -10.13178 -49.58494 7.876509 -10.13178 -49.58494 7.876509 -17.26182 -33.43676 6.421617 -17.26182 -33.43676 6.421617 -17.26182 -33.43676 6.421617 -17.26183 21.25608 4.931067 -17.26183 21.25608 4.931067 -17.26183 21.25608 4.931067 -10.13171 56.1641 8.464373 -10.13171 56.1641 8.464373 -10.13171 56.1641 8.464373 -0.06006997 60.40886 8.46442 -0.06636363 61.14987 11.28263 -0.06006997 60.40886 8.46442 -0.06006997 60.40886 8.46442 9.864533 56.1641 8.464373 9.864533 56.1641 8.464373 9.864533 56.1641 8.464373 16.99464 21.25605 4.931063 16.99464 21.25605 4.931063 16.99464 21.25605 4.931063 7.700732 -40.62115 -0.7359774 7.700732 -40.62115 -0.7359774 7.700732 -40.62115 -0.7359774 13.28684 -28.12092 -0.7357802 13.28684 -28.12092 -0.7357802 13.28684 -28.12092 -0.7357802 16.99464 -33.5995 8.531711 16.99464 -33.5995 8.531711 16.99464 -33.5995 8.531711 9.864533 -50.01798 10.69473 9.864533 -50.01798 10.69473 9.864533 -50.01798 10.69473 -0.09897202 -48.45385 -0.7299792 -0.09897202 -48.45385 -0.7299792 -0.09391385 -62.99429 12.96075 -7.965548 -40.62116 -0.7359745 -7.965548 -40.62116 -0.7359745 -7.965548 -40.62116 -0.7359745 -0.09897202 -48.45385 -0.7299792 -0.09391385 -62.99429 12.96075 -0.09391385 -62.99429 12.96075 -10.13177 -50.01798 10.69473 -10.13177 -50.01798 10.69473 -10.13177 -50.01798 10.69473 -13.55166 -28.12091 -0.7357798 -13.55166 -28.12091 -0.7357798 -13.55166 -28.12091 -0.7357798 -17.26182 -33.5995 8.531715 -17.26182 -33.5995 8.531715 -17.26182 -33.5995 8.531715 -13.55166 15.32191 -0.7357828 -13.55166 15.32191 -0.7357828 -13.55166 15.32191 -0.7357828 -17.26182 21.85047 8.457403 -17.26182 21.85047 8.457403 -17.26182 21.85047 8.457403 -17.26182 21.85047 8.457403 -7.965501 40.46483 -0.7357851 -7.965501 40.46483 -0.7357851 -7.965501 40.46483 -0.7357851 -10.13173 56.8338 11.2826 -12.16711 42.03918 10.4703 -10.13173 56.8338 11.2826 -10.13173 56.8338 11.2826 -0.06636363 61.14987 11.28263 -0.06636363 61.14987 11.28263 9.864535 56.83381 11.2826 9.864535 56.83381 11.2826 13.28684 15.32191 -0.7357832 13.28684 15.32191 -0.7357832 13.28684 15.32191 -0.7357832 7.700786 40.46483 -0.7357851 7.700786 40.46483 -0.7357851 7.700786 40.46483 -0.7357851 11.98776 42.0849 10.49516 11.98776 42.0849 10.49516 11.98776 42.0849 10.49516 11.98776 42.0849 10.49516 16.99464 21.85045 8.457401 16.99464 21.85045 8.457401 16.99464 21.85045 8.457401 16.99464 21.85045 8.457401 9.864535 56.83381 11.2826 -0.09866237 40.53946 -0.7357875 -0.09866237 40.53946 -0.7357875 -0.0980516 42.07058 10.43544 -0.09866237 40.53946 -0.7357875 -0.0980516 42.07058 10.43544 -0.0980516 42.07058 10.43544 -0.1769804 20.7434 19.63777 -0.1769804 20.7434 19.63777 -0.1769804 20.7434 19.63777 -0.1198704 38.67485 18.53449 -0.1198704 38.67485 18.53449 -0.1198704 38.67485 18.53449 -0.1769956 -8.159937 19.63777 -0.1769956 -8.159937 19.63777 -0.1769956 -8.159937 19.63777 -0.1769956 -8.159937 19.63777 -0.1197955 -32.09824 18.5345 -0.1197955 -32.09824 18.5345 -0.1197955 -32.09824 18.5345 -0.1198448 38.67485 16.92379 -0.1198448 38.67485 16.92379 -0.1198448 38.67485 16.92379 -0.1198448 38.67485 16.92379 -0.1198448 38.67485 16.92379 -0.1198448 38.67485 16.92379 -10.45765 -31.04939 3.810186 -10.45765 -31.04939 3.810186 -10.35866 -30.64634 4.40292 -10.45767 -20.23236 3.810184 -10.45767 -20.23236 3.810184 -10.35868 -19.82929 4.402918 -10.45767 -10.74794 3.810181 -10.45767 -10.74794 3.810181 -10.35867 -10.34488 4.402917 -10.45767 1.39259 3.810181 -10.45767 1.39259 3.810181 -10.35868 1.79564 4.402915 -10.45767 10.87701 3.810178 -10.45767 10.87701 3.810178 -10.35867 11.28005 4.402914 -10.45766 21.69404 3.810179 -10.45766 21.69404 3.810179 -10.35867 22.0971 4.402912 -10.54461 -31.40612 4.067282 -10.44561 -31.00305 4.660015 -10.44561 -31.00305 4.660015 -10.54463 -20.58909 4.06728 -10.44563 -20.18602 4.660014 -10.44563 -20.18602 4.660014 -10.54462 -11.10467 4.067279 -10.44563 -10.70161 4.660012 -10.44563 -10.70161 4.660012 -10.54462 1.035863 4.067278 -10.44563 1.438923 4.660011 -10.44563 1.438923 4.660011 -10.54462 10.52027 4.067277 -10.44563 10.92333 4.660009 -10.44563 10.92333 4.660009 -10.54461 21.33733 4.067273 -10.44562 21.74038 4.660008 -10.44562 21.74038 4.660008 10.19052 -31.04939 3.810186 10.19052 -31.04939 3.810186 10.09153 -30.64634 4.40292 10.19054 -20.23235 3.810184 10.19054 -20.23235 3.810184 10.09155 -19.82929 4.402918 10.19054 -10.74794 3.810181 10.19054 -10.74794 3.810181 10.09154 -10.34488 4.402916 10.19054 1.39259 3.810181 10.19054 1.39259 3.810181 10.09155 1.79564 4.402915 10.19054 10.87701 3.810178 10.19054 10.87701 3.810178 10.09154 11.28005 4.402914 10.19053 21.69404 3.810179 10.19053 21.69404 3.810179 10.09154 22.0971 4.402913 10.27748 -31.40612 4.067283 10.17848 -31.00305 4.660015 10.17848 -31.00305 4.660015 10.2775 -20.58908 4.067281 10.1785 -20.18602 4.660014 10.1785 -20.18602 4.660014 10.27748 -11.10467 4.06728 10.1785 -10.70161 4.660013 10.1785 -10.70161 4.660013 10.27748 1.035863 4.067277 10.1785 1.438923 4.660011 10.1785 1.438923 4.660011 10.27748 10.52027 4.067277 10.1785 10.92333 4.66001 10.1785 10.92333 4.66001 10.27748 21.33733 4.067273 10.17849 21.74038 4.660008 10.17849 21.74038 4.660008 3.843755 -2.26161 8.563838 3.843755 -2.26161 8.563838 3.843755 -2.26161 8.563838 3.843755 -2.26161 8.563838 3.843755 -2.26161 8.563838 3.843755 -2.26161 8.563838 3.843755 -2.26161 8.563838 -5.509401 -2.261731 8.553236 -5.509401 -2.261731 8.553236 -5.509401 -2.261731 8.553236 -5.509401 -2.261731 8.553236 -5.509401 -2.261731 8.553236 -2.382055 76.5997 7.291192 -2.382055 76.5997 7.291192 -2.382055 76.5997 7.291192 -2.382055 76.5997 7.291192 0.863314 76.59983 7.294787 0.863314 76.59983 7.294787 0.863314 76.59983 7.294787 0.863314 76.59983 7.294787 0.7918628 -79.0115 5.996559 0.7918628 -79.0115 5.996559 0.7918628 -79.0115 5.996559 0.7918628 -79.0115 5.996559 -2.380555 -79.01164 5.992964 -2.380555 -79.01164 5.992964 -2.380555 -79.01164 5.992964 -2.380555 -79.01164 5.992964 0.7904002 -79.0091 7.296881 0.7904002 -79.0091 7.296881 0.7904002 -79.0091 7.296881 0.7904002 -79.0091 7.296881 -2.382011 -79.00924 7.293286 -2.382011 -79.00924 7.293286 -2.382011 -79.00924 7.293286 -2.382011 -79.00924 7.293286 -2.382011 -79.00924 7.293286 -2.382011 -79.00924 7.293286 -8.85129e-6 98.27526 42.67839 -8.85129e-6 98.27526 42.67839 -8.85129e-6 98.27526 42.67839 -8.85129e-6 98.27526 42.67839 -8.85129e-6 98.27526 42.67839 -8.85129e-6 98.27526 42.67839 -8.85129e-6 98.27526 42.67839 -8.85129e-6 98.27526 42.67839 -13.7875 88.54296 42.67839 -13.7875 88.54296 42.67839 -13.7875 88.54296 42.67839 -13.7875 88.54296 42.67839 -13.7875 88.54296 42.67839 -12.42211 88.54296 47.51861 -12.42211 88.54296 47.51861 -12.42211 88.54296 47.51861 -12.42211 88.54296 47.51861 -12.42211 88.54296 47.51861 -8.596375 88.54296 51.40167 -8.596375 88.54296 51.40167 -8.596375 88.54296 51.40167 -8.596375 88.54296 51.40167 -8.596375 88.54296 51.40167 -3.068025 88.54295 53.55764 -3.068025 88.54295 53.55764 -3.068025 88.54295 53.55764 3.067992 88.54295 53.55764 8.596337 88.54296 51.40167 8.596337 88.54296 51.40167 8.596337 88.54296 51.40167 8.596337 88.54296 51.40167 8.596337 88.54296 51.40167 12.42207 88.54295 47.51861 12.42207 88.54295 47.51861 12.42207 88.54295 47.51861 12.42207 88.54295 47.51861 12.42207 88.54295 47.51861 13.78746 88.54296 42.67839 13.78746 88.54296 42.67839 13.78746 88.54296 42.67839 13.78746 88.54296 42.67839 13.78746 88.54296 42.67839 12.42207 88.54295 37.83816 12.42207 88.54295 37.83816 12.42207 88.54295 37.83816 12.42207 88.54295 37.83816 12.42207 88.54295 37.83816 8.596332 88.54296 33.9551 8.596332 88.54296 33.9551 8.596332 88.54296 33.9551 8.596332 88.54296 33.9551 8.596332 88.54296 33.9551 3.067982 88.54295 31.79913 3.067982 88.54295 31.79913 3.067982 88.54295 31.79913 -3.06802 88.54295 31.79913 -3.06802 88.54295 31.79913 -3.06802 88.54295 31.79913 -3.06802 88.54295 31.79913 -8.596376 88.54296 33.9551 -8.596376 88.54296 33.9551 -8.596376 88.54296 33.9551 -8.596376 88.54296 33.9551 -8.596376 88.54296 33.9551 -12.4221 88.54293 37.83816 -12.4221 88.54293 37.83816 -12.4221 88.54293 37.83816 -12.4221 88.54293 37.83816 -12.4221 88.54293 37.83816 -24.84418 61.27362 42.67839 -24.84418 61.27362 42.67839 -24.84418 61.27362 42.67839 -24.84418 61.27362 42.67839 -24.84418 61.27362 42.67839 -24.84418 61.27362 42.67839 -22.38383 61.2736 51.8288 -22.38383 61.2736 51.8288 -22.38383 61.2736 51.8288 -22.38383 61.2736 51.8288 -22.38383 61.2736 51.8288 -22.38383 61.2736 51.8288 -15.4901 61.27362 59.18656 -15.4901 61.27362 59.18656 -15.4901 61.27362 59.18656 -15.4901 61.27362 59.18656 -15.4901 61.27362 59.18656 -15.4901 61.27362 59.18656 -5.52836 61.27364 63.28348 -5.52836 61.27364 63.28348 -5.52836 61.27364 63.28348 5.528346 61.27362 63.28348 5.528346 61.27362 63.28348 5.528346 61.27362 63.28348 15.49008 61.27362 59.18658 15.49008 61.27362 59.18658 15.49008 61.27362 59.18658 15.49008 61.27362 59.18658 15.49008 61.27362 59.18658 15.49008 61.27362 59.18658 22.38382 61.27362 51.8288 22.38382 61.27362 51.8288 22.38382 61.27362 51.8288 22.38382 61.27362 51.8288 22.38382 61.27362 51.8288 22.38382 61.27362 51.8288 24.84416 61.27364 42.67839 24.84416 61.27364 42.67839 24.84416 61.27364 42.67839 24.84416 61.27364 42.67839 24.84416 61.27364 42.67839 24.84416 61.27364 42.67839 22.38381 61.27362 33.52798 22.38381 61.27362 33.52798 22.38381 61.27362 33.52798 22.38381 61.27362 33.52798 22.38381 61.27362 33.52798 22.38381 61.27362 33.52798 15.49007 61.2736 26.17021 15.49007 61.2736 26.17021 15.49007 61.2736 26.17021 15.49007 61.2736 26.17021 15.49007 61.2736 26.17021 15.49007 61.2736 26.17021 5.528334 61.27363 22.07329 5.528334 61.27363 22.07329 5.528334 61.27363 22.07329 -5.528371 61.27362 22.07329 -5.528371 61.27362 22.07329 -5.528371 61.27362 22.07329 -5.528371 61.27362 22.07329 -5.528371 61.27362 22.07329 -15.4901 61.27362 26.1702 -15.4901 61.27362 26.1702 -15.4901 61.27362 26.1702 -15.4901 61.27362 26.1702 -15.4901 61.27362 26.1702 -15.4901 61.27362 26.1702 -22.38384 61.2736 33.52799 -22.38384 61.2736 33.52799 -22.38384 61.2736 33.52799 -22.38384 61.2736 33.52799 -22.38384 61.2736 33.52799 -22.38384 61.2736 33.52799 -30.98018 21.86831 42.67841 -30.98018 21.86831 42.67841 -30.98018 21.86831 42.67841 -30.98018 21.86831 42.67841 -30.98018 21.86831 42.67841 -30.98018 21.86831 42.67841 -27.91219 21.86831 54.91217 -27.91219 21.86831 54.91217 -27.91219 21.86831 54.91217 -27.91219 21.86831 54.91217 -27.91219 21.86831 54.91217 -27.91219 21.86831 54.91217 -19.31582 21.86831 64.74413 -19.31582 21.86831 64.74413 -19.31582 21.86831 64.74413 -19.31582 21.86831 64.74413 -19.31582 21.86831 64.74413 -19.31582 21.86831 64.74413 -6.89375 21.86832 70.21515 -6.89375 21.86832 70.21515 -6.89375 21.86832 70.21515 6.893743 21.86831 70.21514 6.893743 21.86831 70.21514 6.893743 21.86831 70.21514 19.31582 21.86832 64.74413 19.31582 21.86832 64.74413 19.31582 21.86832 64.74413 19.31582 21.86832 64.74413 19.31582 21.86832 64.74413 19.31582 21.86832 64.74413 27.91217 21.86832 54.91217 27.91217 21.86832 54.91217 27.91217 21.86832 54.91217 27.91217 21.86832 54.91217 27.91217 21.86832 54.91217 27.91217 21.86832 54.91217 30.98017 21.86832 42.67839 30.98017 21.86832 42.67839 30.98017 21.86832 42.67839 30.98017 21.86832 42.67839 30.98017 21.86832 42.67839 30.98017 21.86832 42.67839 27.91216 21.86831 30.44463 27.91216 21.86831 30.44463 27.91216 21.86831 30.44463 27.91216 21.86831 30.44463 27.91216 21.86831 30.44463 27.91216 21.86831 30.44463 19.31581 21.86831 20.61267 19.31581 21.86831 20.61267 19.31581 21.86831 20.61267 19.31581 21.86831 20.61267 19.31581 21.86831 20.61267 19.31581 21.86831 20.61267 6.893731 21.86831 13.15735 6.893731 21.86831 13.15735 6.893731 21.86831 13.15735 -6.893745 21.86831 13.15735 -6.893745 21.86831 13.15735 -6.893745 21.86831 13.15735 -6.893745 21.86831 13.15735 -6.893745 21.86831 13.15735 -19.31584 21.86831 20.61266 -19.31584 21.86831 20.61266 -19.31584 21.86831 20.61266 -19.31584 21.86831 20.61266 -19.31584 21.86831 20.61266 -19.31584 21.86831 20.61266 -27.91219 21.86832 30.44463 -27.91219 21.86832 30.44463 -27.91219 21.86832 30.44463 -27.91219 21.86832 30.44463 -27.91219 21.86832 30.44463 -27.91219 21.86832 30.44463 -30.98018 -21.86828 42.6784 -30.98018 -21.86828 42.6784 -30.98018 -21.86828 42.6784 -30.98018 -21.86828 42.6784 -30.98018 -21.86828 42.6784 -30.98018 -21.86828 42.6784 -27.91218 -21.86828 55.84592 -27.91218 -21.86828 55.84592 -27.91218 -21.86828 55.84592 -27.91218 -21.86828 55.84592 -27.91218 -21.86828 55.84592 -27.91218 -21.86828 55.84592 -19.31583 -21.86828 66.38422 -19.31583 -21.86828 66.38422 -19.31583 -21.86828 66.38422 -19.31583 -21.86828 66.38422 -19.31583 -21.86828 66.38422 -19.31583 -21.86828 66.38422 -6.893748 -21.86828 72.21783 -6.893748 -21.86828 72.21783 -6.893748 -21.86828 72.21783 6.893746 -21.86828 72.21783 6.893746 -21.86828 72.21783 6.893746 -21.86828 72.21783 19.31583 -21.86828 66.3842 19.31583 -21.86828 66.3842 19.31583 -21.86828 66.3842 19.31583 -21.86828 66.3842 19.31583 -21.86828 66.3842 19.31583 -21.86828 66.3842 27.91217 -21.86828 55.84591 27.91217 -21.86828 55.84591 27.91217 -21.86828 55.84591 27.91217 -21.86828 55.84591 27.91217 -21.86828 55.84591 27.91217 -21.86828 55.84591 30.98017 -21.86827 42.6784 30.98017 -21.86827 42.6784 30.98017 -21.86827 42.6784 30.98017 -21.86827 42.6784 30.98017 -21.86827 42.6784 30.98017 -21.86827 42.6784 27.91217 -21.86828 29.51088 27.91217 -21.86828 29.51088 27.91217 -21.86828 29.51088 27.91217 -21.86828 29.51088 27.91217 -21.86828 29.51088 27.91217 -21.86828 29.51088 19.31582 -21.86828 18.97259 19.31582 -21.86828 18.97259 19.31582 -21.86828 18.97259 19.31582 -21.86828 18.97259 19.31582 -21.86828 18.97259 19.31582 -21.86828 18.97259 6.893734 -21.86829 13.13897 6.893734 -21.86829 13.13897 6.893734 -21.86829 13.13897 -6.893754 -21.86828 13.13897 -6.893754 -21.86828 13.13897 -6.893754 -21.86828 13.13897 -6.893754 -21.86828 13.13897 -19.31582 -21.86829 18.97259 -19.31582 -21.86829 18.97259 -19.31582 -21.86829 18.97259 -19.31582 -21.86829 18.97259 -19.31582 -21.86829 18.97259 -19.31582 -21.86829 18.97259 -27.91218 -21.86828 29.51089 -27.91218 -21.86828 29.51089 -27.91218 -21.86828 29.51089 -27.91218 -21.86828 29.51089 -27.91218 -21.86828 29.51089 -27.91218 -21.86828 29.51089 -24.84417 -61.27358 42.67841 -24.84417 -61.27358 42.67841 -24.84417 -61.27358 42.67841 -24.84417 -61.27358 42.67841 -24.84417 -61.27358 42.67841 -24.84417 -61.27358 42.67841 -22.38383 -61.27358 53.89825 -22.38383 -61.27358 53.89825 -22.38383 -61.27358 53.89825 -22.38383 -61.27358 53.89825 -22.38383 -61.27358 53.89825 -22.38383 -61.27358 53.89825 -15.49009 -61.27358 62.87615 -15.49009 -61.27358 62.87615 -15.49009 -61.27358 62.87615 -15.49009 -61.27358 62.87615 -15.49009 -61.27358 62.87615 -15.49009 -61.27358 62.87615 -5.528356 -61.27358 67.84485 -5.528356 -61.27358 67.84485 -5.528356 -61.27358 67.84485 5.528363 -61.27358 67.84485 5.528363 -61.27358 67.84485 5.528363 -61.27358 67.84485 15.49009 -61.27358 62.87615 15.49009 -61.27358 62.87615 15.49009 -61.27358 62.87615 15.49009 -61.27358 62.87615 15.49009 -61.27358 62.87615 15.49009 -61.27358 62.87615 22.38383 -61.27359 53.89825 22.38383 -61.27359 53.89825 22.38383 -61.27359 53.89825 22.38383 -61.27359 53.89825 22.38383 -61.27359 53.89825 22.38383 -61.27359 53.89825 24.84417 -61.27359 42.6784 24.84417 -61.27359 42.6784 24.84417 -61.27359 42.6784 24.84417 -61.27359 42.6784 24.84417 -61.27359 42.6784 24.84417 -61.27359 42.6784 22.38383 -61.27359 31.45855 22.38383 -61.27359 31.45855 22.38383 -61.27359 31.45855 22.38383 -61.27359 31.45855 22.38383 -61.27359 31.45855 22.38383 -61.27359 31.45855 15.49009 -61.27359 22.48066 15.49009 -61.27359 22.48066 15.49009 -61.27359 22.48066 15.49009 -61.27359 22.48066 15.49009 -61.27359 22.48066 15.49009 -61.27359 22.48066 5.528348 -61.27359 17.51195 5.528348 -61.27359 17.51195 5.528348 -61.27359 17.51195 -5.528353 -61.27359 17.51196 -5.528353 -61.27359 17.51196 -5.528353 -61.27359 17.51196 -5.528353 -61.27359 17.51196 -5.528353 -61.27359 17.51196 -5.528353 -61.27359 17.51196 -15.49009 -61.27359 22.48066 -15.49009 -61.27359 22.48066 -15.49009 -61.27359 22.48066 -15.49009 -61.27359 22.48066 -15.49009 -61.27359 22.48066 -15.49009 -61.27359 22.48066 -22.38382 -61.27359 31.45855 -22.38382 -61.27359 31.45855 -22.38382 -61.27359 31.45855 -22.38382 -61.27359 31.45855 -22.38382 -61.27359 31.45855 -22.38382 -61.27359 31.45855 -13.78747 -88.54291 42.6784 -13.78747 -88.54291 42.6784 -13.78747 -88.54291 42.6784 -13.78747 -88.54291 42.6784 -13.78747 -88.54291 42.6784 -12.42208 -88.54292 49.14282 -12.42208 -88.54292 49.14282 -12.42208 -88.54292 49.14282 -12.42208 -88.54292 49.14282 -12.42208 -88.54292 49.14282 -8.596349 -88.54291 54.32538 -8.596349 -88.54291 54.32538 -8.596349 -88.54291 54.32538 -8.596349 -88.54291 54.32538 -8.596349 -88.54291 54.32538 -3.067997 -88.54291 57.20044 -3.067997 -88.54291 57.20044 -3.067997 -88.54291 57.20044 3.068011 -88.54291 57.20043 3.068011 -88.54291 57.20043 8.596358 -88.54291 54.32537 8.596358 -88.54291 54.32537 8.596358 -88.54291 54.32537 8.596358 -88.54291 54.32537 8.596358 -88.54291 54.32537 12.42209 -88.54291 49.14282 12.42209 -88.54291 49.14282 12.42209 -88.54291 49.14282 12.42209 -88.54291 49.14282 12.42209 -88.54291 49.14282 13.78748 -88.5429 42.6784 13.78748 -88.5429 42.6784 13.78748 -88.5429 42.6784 13.78748 -88.5429 42.6784 13.78748 -88.5429 42.6784 12.42209 -88.54291 36.214 12.42209 -88.54291 36.214 12.42209 -88.54291 36.214 12.42209 -88.54291 36.214 12.42209 -88.54291 36.214 8.596354 -88.54291 31.03144 8.596354 -88.54291 31.03144 8.596354 -88.54291 31.03144 8.596354 -88.54291 31.03144 8.596354 -88.54291 31.03144 3.068007 -88.54292 28.15638 3.068007 -88.54292 28.15638 3.068007 -88.54292 28.15638 3.068007 -88.54292 28.15638 -3.068002 -88.54292 28.15638 -3.068002 -88.54292 28.15638 -3.068002 -88.54292 28.15638 -3.068002 -88.54292 28.15638 -8.596354 -88.5429 31.03145 -8.596354 -88.5429 31.03145 -8.596354 -88.5429 31.03145 -8.596354 -88.5429 31.03145 -8.596354 -88.5429 31.03145 -12.42208 -88.54291 36.21401 -12.42208 -88.54291 36.21401 -12.42208 -88.54291 36.21401 -12.42208 -88.54291 36.21401 -12.42208 -88.54291 36.21401 2.38717e-6 -93.80609 42.67841 2.38717e-6 -93.80609 42.67841 2.38717e-6 -93.80609 42.67841 2.38717e-6 -93.80609 42.67841 2.38717e-6 -93.80609 42.67841 2.38717e-6 -93.80609 42.67841 0.5477955 70.21087 43.17469 0.5477955 70.21087 43.17469 21.0625 70.21087 43.17469 21.0625 70.21087 42.18205 0.5477937 70.21087 42.18205 0.5477992 70.21086 21.66733 -0.4450743 70.21086 21.66733 -0.4448851 70.21087 42.18204 -20.95956 70.21086 42.18205 -20.95956 70.21086 43.17469 -0.4449042 70.21087 43.17469 -0.4459241 70.21087 63.68938 0.547852 70.21087 63.68938 0.5478019 113.4109 43.17468 21.0625 113.4109 43.17468 21.0625 113.4109 43.17468 21.0625 113.4109 42.18204 21.0625 113.4109 42.18204 0.5478013 113.4109 42.18204 0.5478143 113.4109 21.66733 0.5478143 113.4109 21.66733 -0.4447677 113.4109 21.66733 -0.4447677 113.4109 21.66733 -0.4448344 113.4109 42.18204 -0.4448344 113.4109 42.18204 -20.95955 113.4109 42.18204 -20.95955 113.4109 42.18204 -20.95955 113.4109 43.17469 -20.95955 113.4109 43.17469 -0.444834 113.4109 43.17468 -0.444834 113.4109 43.17468 -0.4447476 113.4109 63.68938 -0.4447476 113.4109 63.68938 0.5478327 113.4109 63.68938 0.5478327 113.4109 63.68938 3.067992 88.54295 53.55764 3.067992 88.54295 53.55764 3.067992 88.54295 53.55764 -8.85129e-6 98.27526 42.67839 -8.85129e-6 98.27526 42.67839 -8.85129e-6 98.27526 42.67839 -8.85129e-6 98.27526 42.67839 -8.85129e-6 98.27526 42.67839 -8.85129e-6 98.27526 42.67839 3.067982 88.54295 31.79913 3.067982 88.54295 31.79913 -5.52836 61.27364 63.28348 -5.52836 61.27364 63.28348 -5.52836 61.27364 63.28348 -3.068025 88.54295 53.55764 -3.068025 88.54295 53.55764 3.067992 88.54295 53.55764 5.528346 61.27362 63.28348 5.528346 61.27362 63.28348 5.528346 61.27362 63.28348 5.528334 61.27363 22.07329 5.528334 61.27363 22.07329 5.528334 61.27363 22.07329 -3.06802 88.54295 31.79913 -5.528371 61.27362 22.07329 -6.89375 21.86832 70.21515 -6.89375 21.86832 70.21515 -6.89375 21.86832 70.21515 6.893743 21.86831 70.21514 6.893743 21.86831 70.21514 6.893743 21.86831 70.21514 6.893731 21.86831 13.15735 -6.893748 -21.86828 72.21783 -6.893748 -21.86828 72.21783 -6.893748 -21.86828 72.21783 6.893746 -21.86828 72.21783 6.893746 -21.86828 72.21783 6.893746 -21.86828 72.21783 -5.528356 -61.27358 67.84485 -5.528356 -61.27358 67.84485 -5.528356 -61.27358 67.84485 5.528363 -61.27358 67.84485 5.528363 -61.27358 67.84485 5.528363 -61.27358 67.84485 5.528348 -61.27359 17.51195 5.528348 -61.27359 17.51195 5.528348 -61.27359 17.51195 6.893734 -21.86829 13.13897 6.893734 -21.86829 13.13897 -3.067997 -88.54291 57.20044 3.068011 -88.54291 57.20043 3.068011 -88.54291 57.20043 3.068007 -88.54292 28.15638 -3.067997 -88.54291 57.20044 3.068011 -88.54291 57.20043 2.38717e-6 -93.80609 42.67841 2.38717e-6 -93.80609 42.67841 2.38717e-6 -93.80609 42.67841 2.38717e-6 -93.80609 42.67841 2.38717e-6 -93.80609 42.67841 2.38717e-6 -93.80609 42.67841 2.38717e-6 -93.80609 42.67841 2.38717e-6 -93.80609 42.67841 -3.068002 -88.54292 28.15638 21.0625 70.21087 43.17469 21.0625 70.21087 43.17469 21.0625 113.4109 43.17468 21.0625 70.21087 42.18205 21.0625 113.4109 42.18204 0.5477937 70.21087 42.18205 0.5477937 70.21087 42.18205 0.5478013 113.4109 42.18204 0.5477992 70.21086 21.66733 0.5477992 70.21086 21.66733 0.5478143 113.4109 21.66733 -0.4450743 70.21086 21.66733 -0.4450743 70.21086 21.66733 -0.4447677 113.4109 21.66733 -0.4448851 70.21087 42.18204 -0.4448851 70.21087 42.18204 -0.4448344 113.4109 42.18204 -20.95956 70.21086 42.18205 -20.95956 70.21086 42.18205 -20.95955 113.4109 42.18204 -20.95956 70.21086 43.17469 -20.95956 70.21086 43.17469 -20.95955 113.4109 43.17469 -0.4449042 70.21087 43.17469 -0.4449042 70.21087 43.17469 -0.444834 113.4109 43.17468 -0.4459241 70.21087 63.68938 -0.4459241 70.21087 63.68938 -0.4447476 113.4109 63.68938 0.5478019 113.4109 43.17468 0.5478019 113.4109 43.17468 0.5477955 70.21087 43.17469 0.547852 70.21087 63.68938 0.547852 70.21087 63.68938 0.5478327 113.4109 63.68938 -20.95956 70.21086 43.17469 -0.4449042 70.21087 43.17469 -0.4449042 70.21087 43.17469 -0.4449042 70.21087 43.17469 -0.4449042 70.21087 43.17469 -0.4449042 70.21087 43.17469 -20.95956 70.21086 42.18205 -20.95956 70.21086 42.18205 -0.4448851 70.21087 42.18204 -0.4448851 70.21087 42.18204 -0.4448851 70.21087 42.18204 21.0625 70.21087 42.18205 0.5477937 70.21087 42.18205 0.5477937 70.21087 42.18205 0.5477937 70.21087 42.18205 21.0625 70.21087 43.17469 0.5477955 70.21087 43.17469 0.5477955 70.21087 43.17469 0.5477955 70.21087 43.17469 0.5477955 70.21087 43.17469 0.547852 70.21087 63.68938 -0.4459241 70.21087 63.68938 -0.4459241 70.21087 63.68938 0.5477992 70.21086 21.66733 0.5477992 70.21086 21.66733 -0.4450743 70.21086 21.66733 -0.444834 113.4109 43.17468 -0.444834 113.4109 43.17468 -0.444834 113.4109 43.17468 -0.444834 113.4109 43.17468 -0.444834 113.4109 43.17468 -20.95955 113.4109 43.17469 -20.95955 113.4109 42.18204 -20.95955 113.4109 42.18204 -0.4448344 113.4109 42.18204 -0.4448344 113.4109 42.18204 -0.4448344 113.4109 42.18204 -0.4448344 113.4109 42.18204 0.5478013 113.4109 42.18204 0.5478013 113.4109 42.18204 0.5478013 113.4109 42.18204 0.5478013 113.4109 42.18204 0.5478013 113.4109 42.18204 21.0625 113.4109 42.18204 21.0625 113.4109 43.17468 21.0625 113.4109 43.17468 0.5478019 113.4109 43.17468 0.5478019 113.4109 43.17468 0.5478019 113.4109 43.17468 0.5478019 113.4109 43.17468 0.5478327 113.4109 63.68938 -0.4447476 113.4109 63.68938 -0.4447476 113.4109 63.68938 0.5478143 113.4109 21.66733 0.5478143 113.4109 21.66733 -0.4447677 113.4109 21.66733 -6.360554 -0.4109001 -1.588462 -6.360554 -0.4109001 -1.588462 -6.383125 10.64041 -1.588463 -6.383125 10.64041 -1.588463 -6.383125 10.64041 -1.588463 6.413993 -0.346139 -1.583776 6.413993 -0.346139 -1.583776 6.413993 -0.346139 -1.583776 6.391419 10.70517 -1.583778 6.391419 10.70517 -1.583778 6.391419 10.70517 -1.583778 6.391419 10.70517 -1.583778 3.130908 4.918931 -14.3914 3.130908 4.918931 -14.3914 3.130908 4.918931 -14.3914 3.130908 4.918931 -14.3914 3.115573 7.943948 -14.3914 3.115573 7.943948 -14.3914 3.115573 7.943948 -14.3914 3.115573 7.943948 -14.3914 -2.481246 4.89048 -14.39458 -2.481246 4.89048 -14.39458 -2.481246 4.89048 -14.39458 -2.481246 4.89048 -14.39458 -2.481246 4.89048 -14.39458 -2.481246 4.89048 -14.39458 -2.49658 7.915495 -14.39458 -2.49658 7.915495 -14.39458 -2.49658 7.915495 -14.39458 -2.49658 7.915495 -14.39458 2.293932 -5.63671 -14.43619 2.293932 -5.63671 -14.43619 2.278475 -5.678578 -13.4104 2.221495 4.835601 -14.19386 2.206038 4.793732 -13.16807 2.206038 4.793732 -13.16807 2.022717 -5.63671 -14.43619 2.022717 -5.63671 -14.43619 2.00726 -5.678578 -13.4104 1.95028 4.835601 -14.19386 1.934823 4.793732 -13.16807 1.934823 4.793732 -13.16807 -0.9606545 -5.63671 -14.43619 -0.9606545 -5.63671 -14.43619 -0.9761117 -5.678578 -13.4104 -1.033092 4.835601 -14.19386 -1.048549 4.793732 -13.16807 -1.048549 4.793732 -13.16807 -1.23187 -5.63671 -14.43619 -1.23187 -5.63671 -14.43619 -1.247327 -5.678578 -13.4104 -1.304307 4.835601 -14.19386 -1.319764 4.793732 -13.16807 -1.319764 4.793732 -13.16807</float_array>
          <technique_common>
            <accessor source="#canoe_chinamax_Mesh-mesh-positions-array" count="1936" stride="3">
              <param name="X" type="float"/>
              <param name="Y" type="float"/>
              <param name="Z" type="float"/>
            </accessor>
          </technique_common>
        </source>
        <source id="canoe_chinamax_Mesh-mesh-normals">
          <float_array id="canoe_chinamax_Mesh-mesh-normals-array" count="5379">-0.001218676 2.60819e-4 0.9999993 -0.001413047 -2.49104e-4 0.9999991 -0.001259326 1.54037e-4 0.9999993 -0.001139879 4.67621e-4 0.9999994 -0.001198172 2.60846e-4 0.9999993 0.001106858 0.01607221 -0.9998703 0.001133143 0.01607424 -0.9998703 -0.001109242 2.63764e-4 0.9999994 -0.001111626 2.57039e-4 0.9999994 -0.001113831 2.48476e-4 0.9999994 -0.001137971 8.54142e-4 0.999999 -0.001267731 8.08032e-5 0.9999992 -0.001187145 5.98669e-4 0.9999992 -0.001264274 1.25526e-4 0.9999992 0.001260578 -9.56769e-5 -0.9999993 0.8555469 -0.2029998 -0.4762675 0.8988785 -0.2252649 -0.3758636 0.808436 -0.4764075 -0.3456405 0.8068351 -0.476527 -0.3491979 0.7198721 -0.4539031 -0.5251248 0.8460602 -0.2103062 -0.4898505 0.04925453 -0.6011775 -0.7975962 0.7550857 -0.4077737 -0.5133871 0.8320785 -0.4392492 -0.338682 0.8309106 -0.4459453 -0.3327469 -0.03059476 -0.865456 -0.50005 0.05040043 -0.6181123 -0.7844726 -0.7310433 -0.4171676 -0.5399509 -0.800197 -0.4805558 -0.3588189 -0.8939388 -0.2273237 -0.3862608 -0.8952086 -0.2353271 -0.3784481 -0.8554793 -0.2179517 -0.4697363 -0.7299402 -0.4236649 -0.5363725 -0.8792778 -0.1055477 -0.4644678 -0.9172214 -0.1140361 -0.3817076 -0.9037057 0.07728296 -0.4211218 -0.9037033 0.07728528 -0.4211263 -0.8825384 0.06571358 -0.4656261 -0.8792761 -0.1055472 -0.4644711 -0.8778907 0.09586948 -0.4691663 -0.8994817 0.1078326 -0.4234442 -0.7226279 0.4975954 -0.4797998 -0.7288417 0.4980782 -0.4697955 -0.6316632 0.4428779 -0.6362869 -0.877404 0.09685766 -0.4698733 0.07932478 0.8410128 -0.5351684 -0.6246433 0.4659655 -0.6266555 -0.718437 0.5198912 -0.4621273 -0.719574 0.5269988 -0.4522007 0.04291039 0.8555901 -0.5158724 0.07815426 0.8470934 -0.5256662 0.6441738 0.455483 -0.6144716 0.7138793 0.4956381 -0.4946911 0.8989741 0.1042274 -0.42542 0.8980582 0.1060711 -0.4268965 0.87905 0.1061862 -0.4647533 0.635825 0.4548456 -0.6235719 0.8841697 0.07263106 -0.4614854 0.9022629 0.07163351 -0.4251945 0.9199928 -0.1212676 -0.3727031 0.9199883 -0.1212745 -0.372712 0.8785032 -0.1018768 -0.4667477 0.8841682 0.07263046 -0.4614884 0.8846455 -0.2465661 -0.3957368 0.9005376 -0.2895598 -0.324326 0.7992835 -0.5633585 -0.2092204 0.8007979 -0.5584277 -0.2165209 0.7887375 -0.4860336 -0.3763835 0.8853699 -0.232599 -0.4025146 -0.04817843 -0.8396375 -0.5410062 0.8251572 -0.4441519 -0.3490628 0.8366979 -0.5106624 -0.1978902 0.8363401 -0.5124523 -0.1947513 -0.06237787 -0.9461385 -0.3176962 -0.05363482 -0.8516752 -0.5213184 -0.7802772 -0.4915565 -0.3867037 -0.775228 -0.5886926 -0.2290474 -0.9173275 -0.2568165 -0.3042294 -0.9215169 -0.2523146 -0.2952017 -0.8910263 -0.2201265 -0.3970097 -0.790906 -0.4821344 -0.3768479 -0.9172275 -0.1140396 -0.3816922 -0.948486 -0.1428304 -0.2827965 -0.9116464 0.1091491 -0.3962164 -0.9116373 0.1091687 -0.3962318 -0.9037062 0.07727581 -0.4211219 -0.9172157 -0.1140726 -0.3817107 -0.8949235 0.1157066 -0.430957 -0.9023079 0.1475165 -0.405067 -0.6240401 0.6408212 -0.4471266 -0.6296408 0.6476735 -0.4290357 -0.7182841 0.5066026 -0.4768877 -0.8980994 0.1102792 -0.4257416 0.04247063 0.851717 -0.5222781 -0.7164886 0.5226206 -0.4620735 -0.6249558 0.6554038 -0.4241183 -0.6258766 0.6597423 -0.4159551 0.03472656 0.8618823 -0.5059181 0.0430786 0.8571224 -0.5133085 0.7007901 0.5085133 -0.5003076 0.6269545 0.652145 -0.4261866 0.9141849 0.1208884 -0.3868491 0.9133984 0.1177237 -0.3896725 0.8959416 0.1022394 -0.4322451 0.7007672 0.4941419 -0.5145379 0.9022588 0.0716108 -0.4252072 0.9196594 0.08659136 -0.3830515 0.9372808 -0.1654532 -0.306806 0.9372855 -0.1654535 -0.3067919 0.9199823 -0.1212998 -0.3727183 0.9022518 0.0716347 -0.425218 -0.01828718 -0.1886193 -0.98188 0 -0.2499416 -0.9682609 -0.004857599 -0.2369086 -0.9715199 -0.007009029 -0.1877832 -0.9821856 0 -0.1769211 -0.984225 -0.02179211 -0.1127414 -0.9933854 -0.06558811 -0.1608386 -0.984799 -0.04701179 -0.2107436 -0.9764103 -0.05822092 -0.1269909 -0.9901937 -0.01363843 0.04182571 -0.9990319 -0.02981787 -0.07131284 -0.9970082 -0.0165041 -0.04005622 -0.9990611 -0.01364493 0.0418232 -0.9990319 -0.01650118 -0.04005712 -0.9990611 -0.007893502 0.02765411 -0.9995865 -1.35414e-5 0.09400582 -0.9955717 5.91078e-7 -0.2153702 -0.9765325 -0.003555953 0.09469753 -0.9954997 -0.008785605 0.04295468 -0.9990384 8.13693e-7 0.08129352 -0.9966902 -0.003576517 0.08198064 -0.9966275 -0.01914507 0.05926275 -0.9980589 -0.01410776 0.04489749 -0.998892 -0.009191215 0.08435553 -0.9963934 -3.13772e-7 0 1 2.89902e-7 0 1 3.50068e-5 0 1 5.70409e-6 -2.85734e-6 1 -6.97122e-4 6.52697e-5 0.9999998 -1.56648e-4 -3.84091e-6 1 -1.5926e-4 8.18364e-5 1 7.03471e-4 6.52648e-5 0.9999998 -5.77118e-6 -2.89379e-6 1 -3.54313e-5 0 1 0.6997371 -0.4202878 -0.5776904 -0.1323524 -0.2308056 -0.9639563 -0.1559023 -0.1681467 -0.9733557 -0.03739595 -0.1742929 -0.9839836 0.8719659 -0.1983504 -0.4475855 0.756787 -0.4268327 -0.495063 0.8784999 -0.1018549 -0.4667584 -0.02980828 -0.07131016 -0.9970088 -0.01363849 0.04179024 -0.9990333 -0.01363354 0.04185026 -0.999031 0.8841757 0.07266807 -0.4614682 0.8784899 -0.1019196 -0.4667634 0.8803879 0.1238282 -0.4578031 -0.01517701 0.06075274 -0.9980375 -0.004423558 0.0758984 -0.9971057 -0.02072763 0.08026444 -0.9965581 0.6369874 0.4551591 -0.6221554 0.8738985 0.1168758 -0.471849 0.01937067 0.8393225 -0.5432888 0.6475943 0.4643063 -0.6041865 -0.007810294 0.1117894 -0.9937013 -0.002604007 0.1086677 -0.9940747 2.56406e-4 -0.2016257 -0.9794627 0.04190844 0.8416298 -0.5384265 -0.64216 0.4232043 -0.6391625 0.01156699 0.09656637 -0.9952594 0.003421366 0.04865026 -0.9988101 0.002884805 0.0618906 -0.9980788 -0.877869 0.0954954 -0.4692831 -0.6320061 0.433533 -0.6423532 -0.8825432 0.06572699 -0.4656153 -0.00787276 0.02765542 -0.9995866 -0.01650202 -0.040057 -0.9990612 -0.01650261 -0.04006618 -0.9990608 -0.8792781 -0.1055408 -0.4644687 -0.8825429 0.06572777 -0.4656157 -0.8445218 -0.2839028 -0.454073 0.006230413 -0.1118908 -0.993701 0.02044606 -0.1457794 -0.9891058 0.0391196 -0.1124793 -0.9928837 -0.7342463 -0.4022305 -0.5468941 -0.8385522 -0.2582353 -0.4797341 0.08549159 -0.6067173 -0.7903072 -0.7771012 -0.3575093 -0.5179779 0.005465269 -0.1502277 -0.9886363 -6.05737e-4 -0.1463118 -0.9892384 -0.007253766 -0.1570633 -0.9875619 0.07526022 -0.611701 -0.7875011 -0.7675867 -0.3849644 -0.5124579 0.09486341 -0.6181514 -0.7803139 0.02459704 -0.8718751 -0.4891104 0.04186302 -0.8575109 -0.5127599 -0.8297582 -0.4419265 -0.3408846 -0.7611225 -0.3823421 -0.5239343 0.6371391 0.4887686 -0.5959522 0.006843388 0.8476963 -0.5304377 -0.02901643 0.8563122 -0.515643 -0.0199933 0.8538968 -0.5200582 0.7057686 0.5223937 -0.4785349 0.6361207 0.4831124 -0.6016253 -0.8224948 -0.4485262 -0.3497523 0.05553543 -0.8550807 -0.5155122 0.05641645 -0.9484586 -0.311839 0.05528795 -0.9447443 -0.3231122 -0.8217853 -0.5325648 -0.2025927 -0.8197104 -0.4511578 -0.3528903 0.7052574 0.5285485 -0.472492 -0.02226442 0.8560528 -0.5164088 -0.03084558 0.8631954 -0.5039268 -0.03106725 0.8573856 -0.513736 0.62581 0.6602212 -0.415295 0.7007147 0.5237057 -0.4844908 -0.6377764 0.4410291 -0.6314545 0.06775867 0.8361408 -0.5443137 0.0122897 -0.1979607 -0.9801329 0.007235467 -0.1940966 -0.9809557 0.003285229 0.1156425 -0.9932855 -0.6461105 0.4202873 -0.6371029 0.771865 -0.3799912 -0.5097364 0.06241053 -0.6106929 -0.7894042 -0.01335483 -0.1606023 -0.9869289 -0.01193082 -0.1684831 -0.9856324 -0.005307793 -0.1805317 -0.9835549 0.7798805 -0.341712 -0.5244231 0.9012113 -0.2927654 -0.3195415 0.9153042 -0.4015713 -0.03096413 0.9147309 -0.4026008 -0.03435426 0.7961443 -0.5666238 -0.2123486 0.8999817 -0.2933772 -0.3224326 0.8338749 -0.5129414 -0.2038232 0.939315 -0.3422607 -0.0233469 0.7816888 -0.6164342 -0.09471911 0.7820099 -0.6161976 -0.09360033 -0.06452363 -0.9420297 -0.3292671 0.8346652 -0.5124253 -0.2018775 0.05839526 -0.9409946 -0.3333455 0.8541739 -0.5138953 -0.07936424 -0.7750934 -0.6204435 -0.1194992 -0.7746189 -0.6208134 -0.1206492 -0.8195456 -0.5342133 -0.2072712 0.05772089 -0.9375683 -0.3429783 -0.7816803 -0.5837351 -0.219612 -0.7316797 -0.6696364 -0.1274048 -0.9124523 -0.404437 -0.06214082 -0.9124048 -0.4049674 -0.05932182 -0.9179819 -0.2665867 -0.2936677 -0.781785 -0.5846522 -0.2167814 -0.9484832 -0.1428219 -0.2828105 -0.9575343 -0.2839509 -0.05000102 -1 0 2.70406e-6 -1 0 5.44265e-7 -0.9116419 0.1091719 -0.3962204 -0.9484825 -0.1428511 -0.2827978 -0.9033688 0.1482187 -0.4024376 -0.9993366 0.03578412 -0.006778717 -0.9787437 0.2022345 -0.03408747 -0.9789765 0.2016497 -0.03070235 -0.6250716 0.643393 -0.4419627 -0.9046569 0.1486493 -0.3993738 -0.617995 0.6534559 -0.4371241 -0.9762939 0.2148077 -0.02660912 -0.3850242 0.8979024 -0.2133725 -0.3860049 0.8980657 -0.2108985 0.04249823 0.8484932 -0.5274972 -0.6222163 0.6536448 -0.4308079 -0.03948444 0.8483335 -0.527988 -0.4706164 0.8575098 -0.2078394 0.3875632 0.8917518 -0.2336101 0.3873064 0.891306 -0.2357274 0.6196529 0.6565752 -0.4300459 -0.03536301 0.8441486 -0.5349416 0.6263253 0.6437708 -0.4396314 0.3983078 0.8854502 -0.2394344 0.9779419 0.2032183 -0.04829287 0.9777733 0.2032011 -0.05165892 0.9128848 0.1229187 -0.3892717 0.6252337 0.6403258 -0.446168 0.9196559 0.0865767 -0.3830635 0.9847309 0.1679653 -0.04574602 0.9591904 -0.281925 -0.02172899 0.9591904 -0.2819251 -0.02172774 0.9372851 -0.1654354 -0.3068024 0.9196559 0.08655881 -0.3830675 0.8912742 -0.4485999 -0.06624519 0.06053519 0.0334897 0.9976041 -0.0333625 -0.1613299 0.9863365 0.04369467 -0.02814686 0.9986484 0.9150462 -0.3961309 -0.07596564 0.8987479 -0.4325168 -0.07198351 0.9517733 -0.3061122 -0.02056652 0.02266693 0.06702208 0.997494 0.005805075 0.04941695 0.9987614 0.01253658 0.05629521 0.9983355 0.7915496 -0.6066861 -0.07335716 0.943885 -0.3302416 -0.004649877 0.834226 -0.5490464 -0.0511375 -0.00954914 0.05428725 0.9984798 -0.003248512 0.0469194 0.9988934 -0.02528238 0.06982052 0.9972392 -0.7874269 -0.6081935 -0.1002973 0.844561 -0.5297966 -0.07766896 -0.7532473 -0.6430461 -0.1382403 -0.07725447 0.0503146 0.995741 -0.08597636 0.07414686 0.9935343 -0.07055139 0.04485374 0.9964993 -0.9107171 -0.4017968 -0.09567475 -0.7368552 -0.6597014 -0.1477789 -0.9575456 -0.2839028 -0.05005759 2.24113e-5 7.08445e-6 1 2.24113e-5 -6.77407e-5 1 1.10492e-5 -1.38879e-5 1 -1 -1.7576e-5 5.86808e-5 -0.9575387 -0.2839444 -0.04995423 -0.9985626 0.05224055 -0.01199144 -0.01999527 -0.009739756 0.9997527 -0.002754747 0.06339234 0.997985 -0.9979753 0.06343257 0.004673182 -0.006798803 -0.03071594 0.9995051 0.8910149 -0.2618279 0.370862 -0.9992226 0.0394178 -7.79062e-4 0.8959056 -0.244989 0.3705855 -0.9799764 0.1972671 -0.02705532 -0.9864434 0.1618281 -0.02722412 0.9038955 -0.2126978 0.3711236 0.003027379 -0.05523741 0.9984688 0.003464519 -0.05456221 0.9985044 -0.3970896 0.8878591 -0.2324352 -0.9868207 0.1594628 -0.02750676 0.00301373 -0.05509406 0.9984766 -0.004869937 -0.05401217 0.9985284 0.4457588 0.8583766 -0.2539464 0.4177155 0.8721749 -0.2546069 -0.4513669 0.8612608 -0.2334473 0.002579987 -0.05487006 0.9984903 0.00511825 -0.09665864 0.9953045 0.004866242 -0.02827435 0.9995884 0.009054958 -0.04864299 0.9987752 0.03378814 -0.07187288 0.9968414 0.03590279 -0.02223563 0.9991079 0.9728736 0.2187334 -0.07531762 0.4095842 0.8792819 -0.2431133 -0.01505643 -0.06283426 0.9979104 0.9781401 0.2056647 -0.03072905 0.9847288 0.1679776 -0.04574525 2.5928e-6 -9.70271e-6 1 -4.52995e-5 3.11434e-5 1 -1.58921e-5 1.40667e-5 1 0.9591845 -0.2819462 -0.02171462 0.984734 0.1679474 -0.04574477 0.9033 -0.2177371 0.369648 -9.57935e-4 -0.02051645 0.9997891 -0.001304626 -0.02051979 0.9997886 5.14265e-4 -0.01958733 0.999808 0.00305444 -0.06775659 0.9976972 0.9040077 -0.2167465 0.3684987 0.002485275 -0.06774812 0.9976994 1.94554e-4 -0.01954817 0.9998089 -0.00108844 -0.01958394 0.9998076 8.03471e-5 -0.02052706 0.9997893 -0.004485011 -0.06765156 0.997699 0.00266987 -0.06869941 0.9976339 -0.09419298 -0.06087493 -0.9936911 -0.03171843 0.01834309 0.9993285 0.09341537 0.01769357 0.9954701 -0.09418916 -0.06087356 -0.9936915 0.09341275 0.0176931 0.9954703 0.09334981 0.01769453 0.9954761 -0.0943939 -0.0610758 -0.9936597 0.09334164 0.017695 0.9954769 0.4992425 0.02535933 0.8660912 -0.09297108 -0.06029546 -0.9938415 0.4997843 0.02858448 0.8656781 -0.09316813 -0.06050288 -0.9938105 -0.0922957 0.04565018 -0.9946847 0.4947183 -0.02126371 0.8687933 0.09291052 -0.01328742 0.9955858 -0.0922994 0.04565244 -0.9946842 0.09291851 -0.01328748 0.9955851 -0.03075957 -0.01164537 0.999459 -0.09304124 0.04558098 -0.9946184 -0.03120487 -0.01220577 0.9994385 -0.09304112 0.04558092 -0.9946184 -3.75343e-5 -1 -3.17545e-5 -3.47378e-5 -1 -3.71479e-5 -3.36973e-5 -1 -3.68418e-5 -0.0016945 -0.9999973 -0.001626729 -0.001652359 -0.9999973 -0.001669526 -0.001717388 -0.9999973 -0.00160253 -0.7450134 -0.08929121 -0.6610463 0.4030624 0.03652757 0.9144433 0.7424396 0.03636759 0.6689252 -0.7451683 -0.0887475 -0.6609449 0.7424844 0.03635632 0.6688761 0.7422808 0.03640156 0.6690996 -0.7451721 -0.08874905 -0.6609404 0.7423104 0.0363959 0.6690671 0.7683336 0.0521081 0.637925 -0.8471977 -0.1429658 -0.5116803 0.780953 0.05478835 0.6221822 -0.8471968 -0.1429644 -0.5116824 -0.7291615 0.0698257 -0.6807702 0.7557861 -0.02994263 0.6541337 0.7352222 -0.02842241 0.6772301 -0.7291595 0.06982558 -0.6807722 0.7352252 -0.02842372 0.6772267 0.3982422 -0.002672135 0.9172765 -0.7368794 0.06757843 -0.6726382 0.397506 -0.01188367 0.9175227 -0.7368786 0.06757867 -0.672639 -0.7654193 0.05623102 -0.6410707 -0.7690261 0.0231409 -0.6387986 -0.7654208 0.05623131 -0.6410686 -0.7690169 0.02313917 -0.6388096 -0.7914828 0.01448523 -0.6110199 -0.771339 0.05864 -0.6337172 -0.7912553 0.01357424 -0.6113355 -0.7795637 -0.1095238 -0.6166726 -0.8940008 -0.02592355 -0.4473149 -0.7795428 -0.04551053 -0.6246933 -0.7795594 -0.1095238 -0.6166781 -0.7796553 -0.0454927 -0.6245544 -0.780209 -0.04541516 -0.6238681 -0.7795597 -0.1095237 -0.6166776 -0.7802584 -0.04540884 -0.6238069 -0.7951477 -0.1043683 -0.5973671 -0.001129567 -0.999999 -9.62343e-4 -0.001003324 -0.999999 -0.001093149 -9.0052e-4 -0.999999 -0.001179277 -3.26104e-5 -1 -3.32573e-5 -3.87129e-5 -1 -2.79357e-5 -2.87512e-5 -1 -3.58998e-5 -0.7892739 -0.1351652 -0.5989801 0.7731236 0.04878962 0.632376 0.7877029 0.05724108 0.6133904 -0.7892696 -0.1351644 -0.5989858 0.7877754 0.05722117 0.613299 0.9041419 0.08442872 0.4188068 -0.9743514 -0.209707 -0.08162403 0.9428101 0.1061156 0.3159885 0.979179 0.0866757 0.1835641 -0.8050347 -0.09210926 -0.5860334 0.9556733 0.07754009 0.2840353 -0.8050338 -0.09210765 -0.586035 -0.772134 0.07437461 -0.6310923 0.9290683 -0.01485973 0.3696098 0.7785438 -0.03124767 0.626812 -0.7721824 0.07478857 -0.6309843 0.7785336 -0.03124547 0.6268247 0.7599129 -0.02862244 0.6493944 -0.7801879 0.07272982 -0.6213029 0.7601715 -0.02915984 0.6490678 -0.7802552 0.07328087 -0.6211536 -0.8043708 0.06109088 -0.5909786 -0.7963806 0.01537662 -0.6046002 -0.8923614 0.04167413 -0.4493935 -0.980567 0.1035528 -0.1666291 -0.9435657 0.04160267 -0.328562 -0.9689173 0.04207551 -0.2437806 -0.8549668 0.02005857 -0.518295 -0.9555354 0.03346574 -0.2929713 -0.6330121 -0.07508677 -0.7704919 -0.9514127 -0.04879975 -0.3040272 -0.7880778 -0.05967849 -0.612676 -0.9167732 -0.08142685 -0.3910199 -0.8010696 -0.05889981 -0.5956664 -0.9742065 -0.04128974 -0.221849 -0.9918034 -0.06276762 -0.1112939 -0.9532741 -0.0488792 -0.2981265 -0.9365346 -0.06034195 -0.3453432 -0.8681041 -0.1217586 -0.4812174 -0.9296905 -0.0396347 -0.3662033 -3.41945e-5 -1 -3.52314e-5 -3.46845e-5 -1 -3.67693e-5 -3.22112e-5 -1 -3.65018e-5 -0.001727402 -0.9999969 -0.00179702 -0.00194627 -0.9999969 -0.001555323 -0.00154072 -0.9999969 -0.001960396 -0.9734576 -0.1171023 -0.1966403 0.9853746 0.0876913 0.1461063 0.8295629 -0.007749021 0.5583595 -0.5877916 0.007771015 -0.8089752 0.8409319 4.27719e-4 0.5411409 0.9356457 0.04937225 0.3494703 -0.9584519 -0.2343286 0.1626655 0.9212239 0.03782773 0.3871893 -0.9584519 -0.2343286 0.1626655 -0.971328 -0.1115381 -0.2099554 -0.971328 -0.1115381 -0.2099554 -0.971328 -0.1115381 -0.2099555 -0.974889 0.04362851 -0.2183763 -0.974889 0.04362851 -0.2183763 0.99699 -0.008397698 0.07707518 -0.9326129 -0.2612103 -0.2490031 0.9955688 -0.009997904 0.09350353 0.9700539 -0.01951205 0.2421053 -0.968357 0.09945583 -0.2288963 0.9728104 -0.01682871 0.2309913 -0.9683308 0.0989772 -0.2292144 -0.9547302 0.03175956 -0.2957727 -0.9735805 0.04199397 -0.2244492 -0.9558127 0.01496469 -0.2935955 -0.9547276 0.03175878 -0.2957813 -0.9558126 0.01496511 -0.2935956 -0.9508363 0.02831506 -0.3083972 -0.9563925 -0.09078764 -0.2776168 -0.9574606 -0.04281717 -0.28537 -0.9563915 -0.09078752 -0.2776201 -0.9574594 -0.0428645 -0.2853667 -0.9988212 -0.02982711 -0.0382955 -0.8842092 -0.3941701 -0.2506074 -0.9972637 -0.03067398 -0.06726241 -0.9378077 -0.04831355 -0.343777 -0.9487866 -0.1435983 -0.281396 -0.9475713 -0.04419744 -0.3164734 -3.38775e-5 -1 -3.36808e-5 -3.41073e-5 -1 -3.34481e-5 -3.4496e-5 -1 -3.30471e-5 -0.001070559 -0.9999989 -0.001030385 -0.001050055 -0.9999989 -0.001051306 -0.001074194 -0.9999989 -0.00102663 -0.7993499 -0.4363715 -0.4130614 -0.7993515 -0.4363414 -0.41309 -0.7993519 -0.4363368 -0.4130941 -0.9933595 -0.1099024 -0.03403472 -0.9671067 -0.04770404 0.2498583 -0.998505 -0.04896247 -0.02430146 -0.8670139 -0.4149411 -0.2758823 -0.9978237 -0.05284261 -0.03944128 -0.8667702 -0.4159269 -0.2751625 -0.8665627 -0.4186628 -0.2716441 -0.8667914 -0.4177533 -0.2723139 -0.8665807 -0.4185917 -0.2716966 -0.9928456 -0.08928394 -0.07928502 0.6693223 -0.1155239 -0.733936 0.97893 0.03797358 -0.2006341 -0.7137973 -0.5437782 -0.4413601 0.9845545 0.03980797 -0.1704927 0.9448763 0.03299129 -0.3257613 -0.8029793 -0.4801262 -0.3531333 0.9424781 0.03365153 -0.3325695 -0.8028869 -0.4804434 -0.352912 -0.7363839 -0.496518 -0.4595745 0.9006559 -0.04494893 -0.4322021 0.9894442 -0.09877979 0.1060319 -0.8675869 0.1906225 -0.4592995 0.9932078 -0.09731554 0.06378096 0.9936642 -0.09002071 0.06729 -0.7543233 -0.4856488 -0.4417483 0.9896607 -0.09405201 0.1082867 0.5580256 -0.001685261 -0.8298221 -0.7511877 -0.4877252 -0.4447936 0.5582658 -0.002410113 -0.8296588 -0.7511062 -0.4882864 -0.4443151 -3.39142e-5 -1 -3.36438e-5 -3.34112e-5 -1 -3.41434e-5 -3.36675e-5 -1 -3.38908e-5 -0.00155884 -0.9999976 -0.00155431 -0.001550853 -0.9999977 -0.001562356 -0.001542568 -0.9999977 -0.001570582 -0.8522858 -0.3819456 -0.3573885 -0.9512903 0.07715505 0.2984862 -0.9338548 0.06078654 0.3524489 -0.7143923 -0.5358129 -0.4500538 -0.8965304 0.04721027 0.4404596 -0.788075 0.05315214 0.6132803 -0.7182645 -0.5241234 -0.4575925 -0.7880224 0.05316483 0.6133467 -0.7702935 0.05087023 0.6356573 -0.7289432 -0.5102989 -0.4563298 -0.7734251 0.04999804 0.6319128 -0.7163718 -0.5487409 -0.4309233 -0.7642945 -0.5519225 -0.3335199 -0.7592625 -0.02982819 0.6501008 -0.7807309 -0.02716106 0.6242769 -0.7755322 -0.5290381 -0.3444832 -0.7807675 -0.02717393 0.6242306 -0.9243572 -0.03859663 0.379571 -0.7710303 -0.5457837 -0.3280737 -0.9248195 -0.03863131 0.3784394 -0.7682617 -0.5513164 -0.3253065 -0.8850501 -0.3898888 -0.2543093 0.9403191 0.03322434 -0.3386684 0.9455335 0.0233494 -0.3246865 -0.7529345 -0.5554162 -0.3529911 0.9100061 0.0282762 -0.4136294 0.8200415 0.03389239 -0.5712996 -0.7473561 -0.5516383 -0.3703435 0.8376679 0.0298224 -0.5453653 -0.7521234 -0.5407131 -0.376749 -0.8257297 -0.4434771 -0.3485665 0.9014379 -0.06521195 -0.4279688 0.9200072 -0.06006813 -0.3872711 -0.7392989 -0.554229 -0.3824493 0.8957371 -0.05149674 -0.4415917 0.7833689 -0.02770304 -0.6209395 -0.6130311 -0.5914744 -0.5237853 0.8676168 -0.05060762 -0.4946514 0.9033264 -0.06622719 -0.4238107 -0.7012228 -0.5527948 -0.4502273 0.8693359 -0.03864049 -0.492709 -0.7046867 -0.5408868 -0.459193 -4.27558e-5 -1 -3.05809e-5 -4.19292e-5 -1 -2.87073e-5 -4.13065e-5 -1 -2.72936e-5 -3.45138e-5 -1 -3.63262e-5 -3.44163e-5 -1 -3.39903e-5 -3.60423e-5 -1 -3.01749e-5 -0.6925218 -0.5520483 -0.4643883 -0.7652603 0.04978191 0.6417933 -0.7441076 0.04791653 0.6663392 -0.6996477 -0.5329214 -0.4759075 -0.7440768 0.04792302 0.6663731 -0.7443191 0.04787534 0.6661059 -0.7051395 -0.5173991 -0.4848468 -0.7443079 0.04787743 0.6661183 -0.4120974 0.02542531 0.9107851 -0.7463381 -0.4933985 -0.4466961 -0.4199593 0.02575469 0.9071775 -0.7302457 -0.5414169 -0.4166643 -0.7392984 -0.5679849 -0.3617057 -0.3965333 -0.01603472 0.9178803 -0.7347925 -0.02879625 0.6776805 -0.7539392 -0.5397884 -0.3744384 -0.7347958 -0.02879685 0.6776768 -0.7551335 -0.02991485 0.6548882 -0.7483832 -0.5576383 -0.359113 -0.7552745 -0.02933043 0.6547521 -0.7435578 -0.5667597 -0.3548313 -0.7500341 -0.5663453 -0.3416164 0.7877026 0.02721059 -0.6154544 0.7695458 0.02572828 -0.638073 -0.737795 -0.589282 -0.3292499 0.7695544 0.02573055 -0.6380627 -0.7359388 -0.5926446 -0.3273631 -0.7448716 -0.5797562 -0.3302258 -0.7334281 -0.6006517 -0.318278 -0.7578718 -0.5545524 -0.3436596 -0.7131405 -0.5581577 -0.4241353 -0.703142 -0.5822972 -0.4080705 0.7772492 -0.03760117 -0.6280685 -0.7084074 -0.5698155 -0.4164965 0.7771489 -0.03762251 -0.6281912 0.7768148 -0.03769749 -0.6285999 -0.6965228 -0.597324 -0.3975678 0.7767385 -0.03771412 -0.6286932 0.8696057 -0.0462805 -0.4915732 -0.7102509 -0.576688 -0.4037014 0.8708025 -0.04584449 -0.4894908 -0.7212654 -0.5484758 -0.4230255 -9.94273e-4 -0.9999992 -8.97696e-4 -0.001036167 -0.9999992 -8.48601e-4 -0.001035213 -0.9999992 -8.49712e-4 -0.00118184 -0.9999985 -0.001327157 -0.001196444 -0.9999985 -0.001312553 -0.001408755 -0.9999985 -0.001081347 -0.1539368 -0.2574116 -0.9539616 -0.504449 0.03909742 0.8625559 -0.09359169 0.01768875 0.9954535 -0.1556224 -0.2553213 -0.9542499 -0.09359961 0.01768845 0.9954528 -0.09366339 0.01768738 0.9954468 -0.156875 -0.2537435 -0.9544656 -0.09367197 0.01768749 0.995446 0.03117471 0.01686555 0.9993717 -0.1525222 -0.2487509 -0.9564831 0.0308696 0.01690357 0.9993806 -0.1491246 -0.2530073 -0.9559023 -0.3575056 -0.372228 -0.8565255 0.03105312 -0.0128507 0.9994352 -0.09275931 -0.01334267 0.9955992 -0.3623434 -0.3670355 -0.8567335 -0.09275978 -0.01334261 0.9955992 -0.4945905 -0.01725751 0.8689548 -0.3591067 -0.3733414 -0.8553705 -0.4944515 -0.01936036 0.8689897 -0.3580352 -0.3744769 -0.8553233 -3.73081e-5 -1 -2.90128e-5 -3.44798e-5 -1 -2.93074e-5 -3.57508e-5 -1 -2.82608e-5 -0.00150299 -0.9999976 -0.001621127 -0.001412034 -0.9999977 -0.001697123 -0.00170964 -0.9999976 -0.001397013 -0.9902502 0.1260828 -0.05922645 -0.3572527 -0.8905591 -0.2815582 0.5688021 -0.6322097 -0.5260942 0.0451132 -0.1771008 -0.9831582 -0.8469941 -0.3949779 -0.3558 -0.8470055 -0.3948367 -0.3559294 0.05281138 -0.1765665 -0.982871 0.02978992 -0.1779592 -0.9835869 -0.9748931 0.04366749 -0.2183499 -0.3628656 -0.324826 -0.8733938 0.04742181 -0.1771576 -0.9830394 -0.3638974 -0.3238773 -0.8733168 -2.3705e-6 -1 -1.68615e-6 -0.001185417 -0.9999985 -0.001318514 -0.001156806 -0.9999985 -0.001343727 -0.001150429 -0.9999985 -0.00134921 -0.001789271 -0.9999968 -0.001794636 -0.001827001 -0.9999968 -0.00175637 -0.001715302 -0.9999971 -0.001664996 -5.20083e-5 -1 2.49181e-5 -0.05797666 -0.3230648 -0.9445994 -0.4590442 -0.1421898 -0.876961 0.6713938 -0.1101749 -0.7328655 -0.9955145 -0.08673715 -0.03778386 0.6718099 -0.114459 -0.731827 -2.07416e-6 -1 -1.00966e-6 3.78768e-7 -1 3.68752e-7 -3.88253e-6 -1 4.61312e-6 8.00547e-7 -1 0 -0.001577317 -0.9999977 -0.001471579 -0.001425623 -0.9999977 -0.001682281 -0.001460075 -0.9999977 -0.001587986 -0.3492771 -0.3755289 -0.8584775 -0.3503285 -0.374393 -0.8585453 0.03453302 0.01562112 -0.9992815 -0.2332517 -0.2136488 -0.9486558 0.068717 0.01267617 -0.9975557 -0.06831008 0.01184695 -0.9975939 -0.03439271 0.01566451 -0.9992856 -0.1014152 0.0340811 -0.9942603 -0.2336778 -0.2132558 -0.9486393 -0.06795245 0.01103681 -0.9976276 -0.2365945 -0.2105277 -0.9485259 0 -1 -2.92783e-6 -2.93873e-7 -1 0 -1.61338e-5 1 0 -0.002331376 -0.9999948 -0.002255618 -0.002183616 -0.9999948 -0.002399325 -0.002241373 -0.9999949 -0.002278506 0 -1 2.65448e-6 -0.9744019 -0.1129223 -0.1943952 0.03354561 -0.0564168 -0.9978436 -0.9929293 -0.1058136 0.05380558 0.04900544 -0.05759447 -0.9971366 0.7183203 0.04462438 -0.69428 -0.2983046 -0.2857049 -0.9107069 0.718023 0.04652917 -0.6944624 0.05777853 0.03657037 -0.9976594 -0.2972145 -0.2867791 -0.9107257 0.05779188 0.03657054 -0.9976586 -0.296422 -0.2875613 -0.9107374 -0.2978215 -0.2900876 -0.9094788 -0.299358 -0.2885642 -0.9094589 -0.299388 -0.2885345 -0.9094585 0.4942449 -0.03984844 0.868409 0.4998726 0.05374091 0.86443 0.09401839 0.04316747 0.9946342 0.4938853 -0.0433982 0.8684435 0.09402465 0.04316705 0.9946337 0.0940535 0.04316639 0.9946309 -0.03136944 0.0444718 0.9985181 -0.03153681 -0.03235161 0.998979 0.09228962 -0.03263103 0.9951974 0.09396988 0.04316884 0.9946388 -0.03120344 0.04493242 0.9985026 0.09212595 -0.03262645 0.9952127 0.4940006 -0.04228979 0.8684326 0.09428799 0.0431602 0.994609 0.09233886 -0.0325843 0.9951944 0.7549255 -0.04291099 0.6544052 0.7687395 0.06892734 0.6358371 0.7431446 0.052338 0.6670809 0.7543258 -0.04342734 0.6550624 0.7431402 0.05233782 0.6670858 0.7432389 0.0523144 0.6669776 0.4016033 0.057774 0.9139897 0.395089 -0.03353977 0.9180303 0.7334309 -0.04149836 0.6784962 0.7430146 0.05236858 0.6672233 0.4026352 0.06762576 0.9128592 0.7336248 -0.04154312 0.6782838 0.7542494 -0.04349559 0.6551459 0.7430278 0.05236637 0.6672088 0.7335754 -0.04153096 0.678338 -0.7726675 -2.22833e-7 -0.6348109 -0.7753041 -0.06413292 -0.6283238 -0.7726677 -3.5378e-7 -0.6348109 -0.7751185 -0.06416285 -0.6285495 -0.7747663 -0.06421571 -0.6289783 -0.8925551 -0.05609601 -0.4474359 -0.7919709 0.02593469 -0.610008 -0.770253 0.03321164 -0.6368731 -0.7755724 -0.06408768 -0.6279971 -0.8941448 -0.04511058 -0.4455 -0.7701205 0.03319132 -0.6370345 -0.7726677 0 -0.6348109 -0.7751588 -0.06415617 -0.6285005 -0.7699051 0.03315591 -0.6372966 0.9626143 -0.02206528 0.2699757 0.9786996 0.09473633 0.1821324 0.9410939 0.1152462 0.3179005 0.9286087 -0.0292772 0.369904 0.9034798 0.1028381 0.4161115 0.7880544 0.07807219 0.6106352 0.7719869 0.06998693 0.631774 0.7583826 -0.04185557 0.6504646 0.7770739 -0.04363125 0.6278953 0.7877913 0.07814311 0.6109653 0.7729011 0.07025313 0.6306255 0.7774197 -0.04371875 0.6274611 0.9284636 -0.0314961 0.3700856 0.787462 0.07822626 0.611379 0.7771985 -0.04366332 0.6277388 -0.8527262 0.03353869 -0.5212804 -0.9363165 -0.06314641 -0.3454332 -0.9523284 -0.0462988 -0.3015415 -0.8926171 0.04072332 -0.4489727 -0.9741665 -0.03545862 -0.2230301 -0.8009107 -0.04487389 -0.5971002 -0.9415264 -0.05437493 -0.3325231 -0.9693883 0.04119694 -0.2420525 -0.9435882 0.04215747 -0.3284266 -0.7879275 -0.05651384 -0.6131694 -0.9514045 -0.04541528 -0.304577 -0.9527326 0.0495426 -0.2997437 -0.7980226 0.02413165 -0.6021443 -0.6805556 -0.06115627 -0.7301397 -0.8920408 0.04886829 -0.4493052 -0.8949865 -0.3484768 -0.2785014 -0.8949846 -0.3484939 -0.2784864 0.9215208 0.05042034 0.3850418 -0.5769718 0.1087607 -0.8094904 0.934985 0.05276584 0.3507404 0.8407467 -0.002413809 0.5414234 0.9831401 0.09139192 0.1583772 0.9697799 -0.0243768 0.2427607 0.9954827 -0.01341599 0.09399086 0.8301382 -0.002607464 0.5575518 0.9849796 0.09357124 0.1451196 0.9966726 -0.01130259 0.08072102 -0.9772194 -3.82851e-5 -0.2122319 0.8319546 -0.003135681 0.554835 0.9969377 -0.01101946 0.07742112 -0.9666391 0.04143494 -0.2527691 -0.9378058 -0.05442398 -0.3428677 -0.9970757 -0.03791499 -0.06635183 -0.9734541 0.04383808 -0.2246448 -0.9986672 -0.03555822 -0.03741097 -0.957464 -0.04804432 -0.2845252 -0.9565693 0 -0.2915049 -0.9557266 0.01679599 -0.2937765 -0.9574685 -0.04808944 -0.2845022 -0.956571 5.57122e-7 -0.2914995 -0.955727 0.01679599 -0.2937755 -0.9734446 0.04382914 -0.2246878 -0.9574625 -0.04809284 -0.2845218 -0.9557247 0.01679438 -0.2937828 -0.9716454 -0.05500072 0.2299572 -0.9674983 0.07643181 0.2410507 -0.9916455 0.03967499 0.122741 -0.9621313 -0.04991191 0.267978 -0.9858355 0.04504406 0.1615536 -0.9816631 -0.0444051 -0.1853803 0.5413607 -0.004068315 -0.8407806 0.6710681 -0.1117093 -0.7329316 -0.4594121 -0.1488713 -0.8756585 -0.05789619 0.03685492 -0.9976421 0.5413544 -0.003909528 -0.8407855 -0.459381 -0.1489786 -0.8756566 -0.5278718 0.02001076 -0.8490884 -0.05788624 0.0368548 -0.9976428 -0.459575 -0.1484143 -0.8756507 -0.5268115 0.02018994 -0.8497423 -0.4585898 -0.1480778 -0.8762239 -0.9982193 -0.05473327 -0.02371889 -0.9779734 -0.04594367 -0.2036111 -0.5268114 0.02020293 -0.8497421 -0.9982194 -0.05473214 -0.02371501 -0.9666959 -0.05269747 0.2504439 -0.9779747 -0.04750674 -0.2032452 -0.998227 -0.05466949 -0.02353858 0.6863523 -0.1116413 -0.7186494 0.5589563 -0.00450766 -0.8291848 0.9889037 -0.1005935 0.1093183 0.6554281 -0.1088297 -0.7473755 0.9929423 -0.09789639 0.0669468 0.9925161 -0.1039307 0.06411123 0.9037215 -0.05266666 -0.4248692 0.9446959 0.03632193 -0.32593 0.9843628 0.04310309 -0.1707985 0.9886122 -0.1055063 0.1073046 0.9008302 -0.05195838 -0.4310517 0.9831442 0.04342436 -0.1776005 0.6693062 -0.1106631 -0.7346993 0.9910682 -0.1044646 0.08289241 0.9784286 0.04464435 -0.2017036 -0.759144 -0.04398584 0.6494351 -0.7685235 0.07177484 0.6357832 -0.7869921 0.07305175 0.612623 -0.7596274 -0.04459995 0.6488274 -0.7870086 0.07304775 0.6126022 -0.8945053 0.0671373 0.4419875 -0.918272 0.07775563 0.3882408 -0.9237871 -0.06044715 0.3781054 -0.77998 -0.04289782 0.6243326 -0.9310927 0.07127815 0.3577511 -0.9507018 0.08567357 0.2980374 -0.8336494 -0.04642307 0.5503396 -0.7586997 -0.04340451 0.6499932 -0.8937052 0.07106006 0.4429917 -0.7799902 -0.0400635 0.6245081 0.9441692 0.03679984 -0.3273995 0.9031894 -0.05219167 -0.4260575 0.8675354 -0.03802204 -0.4959203 0.8820677 0.05235493 -0.4682047 0.7817709 -0.02414 -0.6230984 0.8945553 -0.04930764 -0.4442291 0.8945532 -0.0668652 -0.4419317 0.8200183 0.03702056 -0.5711387 0.9098588 0.03175133 -0.4137012 0.9188324 -0.06369394 -0.389474 0.9009143 -0.07156431 -0.4280563 0.9154235 0.03093373 -0.4013016 0.9398287 0.03633373 -0.3397088 0.9470135 -0.06695723 -0.3141372 0.9451478 0.02735811 -0.3254954 -0.3957407 -0.04252415 0.9173774 -0.4069323 0.06718033 0.9109846 -0.743236 0.06898486 0.6654633 -0.3965202 -0.05251866 0.9165226 -0.7432278 0.06898653 0.6654722 -0.7431033 0.06901186 0.6656086 -0.7632157 0.07194781 0.6421257 -0.7547024 -0.0441299 0.6545816 -0.7340015 -0.04235512 0.6778258 -0.7434092 0.06894856 0.6652737 -0.7641957 0.07111346 0.6410521 -0.7350701 -0.04254138 0.6766552 -0.3958185 -0.04362523 0.9172921 -0.7412914 0.06932413 0.6675937 -0.7338319 -0.04231977 0.6780117 0.7869417 0.03813129 -0.6158481 0.8697957 -0.06275302 -0.4894052 0.7769216 -0.05251526 -0.6274034 0.786705 0.03836244 -0.616136 0.7769488 -0.05250883 -0.6273704 0.777188 -0.05244678 -0.6270793 -0.7289907 -0.5778806 -0.3669151 -0.7278918 -0.5801092 -0.3655775 0.7683321 0.03631484 -0.6390206 0.7766407 -0.05258524 -0.6277452 -0.7267814 -0.5823448 -0.3642297 0.7686789 0.03640019 -0.6385984 0.7866948 0.03837072 -0.6161486 0.776586 -0.05259758 -0.6278119 0.7686409 0.03639191 -0.6386446 0.03136867 -0.03280782 0.9989693 0.03146636 0.04405647 0.9985334 -0.09372752 0.04326915 0.9946572 0.03107959 -0.03388816 0.9989423 -0.09370768 0.04326921 0.9946591 -0.09368276 0.04326957 0.9946614 -0.5044339 0.06385916 0.8610857 -0.494459 -0.0393629 0.8683092 -0.09253686 -0.03273177 0.9951711 -0.09377247 0.04326862 0.994653 -0.5042084 0.06533169 0.8611074 -0.0927543 -0.03273415 0.9951508 0.03122526 -0.03334754 0.998956 -0.09338063 0.04327356 0.9946897 -0.09249079 -0.03273081 0.9951755 -0.997873 -0.05173891 -0.03965568 -0.866624 -0.4166859 -0.2744735 -0.8665709 -0.4169012 -0.2743145 0.9666389 0.08110594 -0.2429636 -0.5275787 0.01543748 -0.8493659 -0.1961895 -0.08603811 -0.9767841 -0.1960998 -0.08611589 -0.9767953 -0.05775386 0.03687775 -0.9976496 -0.5275463 0.0162363 -0.8493711 -0.1980293 -0.09238708 -0.9758325 -0.05776667 0.03687983 -0.9976488 -0.1985218 -0.09191143 -0.9757773 0.5417243 -0.001201093 -0.8405555 -0.99308 -0.1152491 -0.02257943 -0.2984548 -0.3465884 -0.8892701 -0.2996045 -0.3452911 -0.8893882 0.1031183 -0.03123658 -0.9941785 -0.2959892 -0.3493379 -0.8890183 0.1031057 -0.03123736 -0.9941799 0.03499782 -0.02410715 -0.9990966 -0.1022314 -2.66464e-7 -0.9947606 -0.03411209 0.03017693 -0.9989624 -0.1027473 -0.03364145 -0.9941385 -0.1022282 -1.46102e-7 -0.994761 -0.03426557 0.03053039 -0.9989463 -0.03570991 -0.02508789 -0.9990473 -0.102749 -0.03364157 -0.9941383 -0.0341373 0.03024071 -0.9989596 -0.06968939 -0.02977997 -0.9971241 -0.06855118 0.02614706 -0.997305 0.06863057 0.02642363 -0.9972922 0.06943988 -0.0277515 -0.9972001 -0.06993216 -0.02934515 -0.9971201 0.06844967 0.02713996 -0.9972854 -0.2973299 -0.3478471 -0.8891555 0.03513044 -0.0246216 -0.9990794 0.03412008 0.03007906 -0.998965 -0.2195764 -0.3107843 -0.9247699 -0.2216071 -0.3083412 -0.9251033 -0.2186951 -0.3118329 -0.9246258 0.1023075 -0.01281344 -0.9946703 -0.2146323 -0.304505 -0.9280139 -0.2122918 -0.3072428 -0.9276497 0.03448134 -0.00556153 -0.99939 0.1022858 -0.01281476 -0.9946726 -0.2152788 -0.3037319 -0.9281174 -0.07012552 -0.01146286 -0.9974724 0.06935685 -0.01037269 -0.997538 0 -0.03144776 -0.9995054 -0.03176039 -0.005073904 -0.9994827 -0.1156959 -0.04483997 -0.9922721 -0.1026423 -0.01374071 -0.9946235 -0.0355938 -0.004686176 -0.9993554 -0.1031606 -0.04737031 -0.9935362 -0.1026342 -0.01374095 -0.9946243 -0.1031652 -0.04737031 -0.9935356 -0.1842813 -0.2278996 -0.9560869 -0.1844624 -0.2277085 -0.9560975 0.05785292 0.03656709 -0.9976552 -0.1839767 -0.2281639 -0.9560826 0.05785953 0.03656744 -0.9976549 0.7179774 0.05055755 -0.694228 -0.9772253 0 -0.2122048 0.02971583 -0.1775728 -0.9836589 0.03288841 -0.05741417 -0.9978086 -0.9772245 -4.84613e-7 -0.2122082 0.02974998 -0.1767796 -0.9838008 0.04829251 -0.05695819 -0.9972079 0.04508078 -0.1769983 -0.9831783 0.5688974 -0.6317318 -0.5265652 0.7171333 0.05027633 -0.6951203 0.04829609 -0.05700331 -0.9972051 0.5689009 -0.6317955 -0.5264847 -0.1841192 -0.2280707 -0.9560774 0.7179939 0.0504347 -0.6942198 0.5693437 -0.6319746 -0.5257908 0.9743559 0 -0.2250121 -0.9652093 0.07114076 0.2516149 -0.7844819 -0.4517612 -0.424853 -0.7846021 -0.4499935 -0.4265038 -0.6867825 -0.5288741 -0.4986201 -0.9917677 0.03109854 0.1242173 -0.9677446 0.06886249 0.2423397 0.2264148 -0.7874026 0.5733529 -0.9714178 -0.2373749 -8.17449e-4 -0.9714153 -0.2373849 -8.15943e-4 0.2270749 -0.7894577 0.5702576 0.2264313 -0.7874262 0.5733138 0.2264071 -0.7874128 0.5733421 -0.9714207 -0.2373635 -8.1889e-4 -0.971413 -0.2373948 -8.18887e-4 0.2270857 -0.7894576 0.5702532 0.2264373 -0.7874293 0.5733074 0.2263643 -0.787136 0.5737388 -0.9714139 -0.237391 -8.15944e-4 -0.9714207 -0.2373633 -8.1742e-4 0.2270593 -0.7894639 0.5702551 0.226413 -0.7874361 0.5733076 0.22641 -0.7874067 0.573349 -0.971419 -0.2373699 -8.19188e-4 -0.9714199 -0.2373666 -8.19626e-4 0.2270628 -0.7894642 0.5702533 0.226414 -0.7874357 0.5733079 0.2264303 -0.7874069 0.5733408 -0.9714135 -0.2373926 -8.18175e-4 -0.9714217 -0.2373591 -8.2108e-4 0.2270544 -0.7894681 0.5702511 0.2264076 -0.78744 0.5733045 0.226409 -0.7874097 0.5733454 -0.9714203 -0.237365 -8.17425e-4 -0.9714189 -0.2373706 -8.17445e-4 0.2270653 -0.7894668 0.5702486 0.2264211 -0.7874392 0.5733003 -0.8369469 -0.3346748 -0.4330275 -0.8369531 -0.3347073 -0.4329903 -0.2264205 -0.787401 0.5733529 -0.2264311 -0.7874264 0.5733137 -0.2270759 -0.7894581 0.5702566 -0.8369542 -0.3346904 -0.4330012 -0.8369429 -0.33469 -0.4330236 -0.8369508 -0.3347225 -0.432983 -0.2264081 -0.7874104 0.573345 -0.2264307 -0.7874265 0.5733137 -0.2270769 -0.789458 0.5702564 -0.8369556 -0.3346883 -0.4330003 -0.8369533 -0.3346624 -0.4330248 -0.8369594 -0.3346974 -0.4329857 -0.2264332 -0.7874038 0.573344 -0.2264129 -0.7874357 0.5733082 -0.2270588 -0.7894644 0.5702546 -0.8369484 -0.3347113 -0.4329962 -0.8369471 -0.3346754 -0.4330267 -0.8369538 -0.3347086 -0.4329879 -0.2264391 -0.7874943 0.5732175 -0.2264127 -0.7874355 0.5733086 -0.227041 -0.7893843 0.5703727 -0.8369484 -0.33471 -0.4329974 -0.8369541 -0.334653 -0.4330302 -0.8369611 -0.334687 -0.4329905 -0.2264358 -0.7874038 0.5733429 -0.2264075 -0.7874374 0.5733079 -0.2270532 -0.789467 0.5702533 -0.8369466 -0.3347105 -0.4330002 -0.8369423 -0.3346901 -0.4330242 -0.8369503 -0.3347226 -0.4329839 -0.226428 -0.787499 0.5732153 -0.2264238 -0.7874369 0.5733025 -0.2270536 -0.7893835 0.5703687 -0.8369512 -0.334705 -0.4329958 -0.001108109 0.01604813 0.9998707 -0.001133441 0.01604616 0.9998707 0.9992853 0.03778481 0.001098394 -0.9991709 -0.04069727 -0.001097321 -0.9992147 0.03960603 -0.001191794 -4.50023e-5 0.9999983 -0.001825094 4.12004e-5 -0.9999984 0.001840531 0.001133322 -0.01654404 -0.9998626 0.9992082 -0.03976994 0.001197159 -0.00113213 -0.01646077 0.999864 0.9992855 0.03778326 0.001050293 -0.9991711 -0.04069542 -0.001044213 -0.9992148 0.03960758 -0.001142263 -4.02871e-5 0.9999983 -0.001822352 4.12009e-5 -0.9999984 0.001842021 0.001133918 -0.0165441 -0.9998626 0.9992082 -0.03977173 0.001141846 -0.001133084 -0.01646071 0.9998639 -6.38962e-5 -4.56721e-5 1 9.50307e-4 0.4578457 0.8890312 -0.1893518 0.4096786 0.8923617 -5.52833e-5 -5.64605e-5 1 -0.1892998 0.4097108 0.8923579 -0.3379502 0.2797464 0.8986276 -5.30481e-6 -1.48267e-6 1 -0.3379395 0.2797224 0.8986392 -0.4181239 0.0982477 0.9030615 4.29153e-6 3.50364e-6 1 -0.4181 0.0982536 0.9030719 -0.4191017 -0.1003527 0.9023764 4.35114e-6 -8.85688e-7 1 -0.4191591 -0.1003345 0.9023517 -0.3400568 -0.2821188 0.89709 5.40018e-5 -5.61997e-5 1 -0.3400278 -0.2821563 0.8970893 -0.1913213 -0.411352 0.8911711 6.35683e-5 -4.56721e-5 1 -0.1913907 -0.4113832 0.8911418 -9.06229e-4 -0.4578461 0.8890311 6.79493e-6 5.48065e-5 1 -8.96685e-4 -0.4578152 0.889047 0.1892472 -0.4096995 0.8923742 -1.01924e-5 3.27826e-5 1 0.1892826 -0.4097074 0.8923631 0.3379648 -0.2796828 0.898642 2.39015e-5 -5.80549e-5 1 0.3379246 -0.2797741 0.8986287 0.4181429 -0.09824168 0.9030533 -6.64592e-5 -5.30649e-5 1 0.4181702 -0.09823405 0.9030415 0.419169 0.1003761 0.9023426 -2.39313e-5 -5.6617e-5 1 0.4191437 0.1003546 0.9023566 0.340122 0.2821269 0.8970627 1.18315e-5 3.11951e-5 1 0.3400647 0.2820506 0.8971084 0.191325 0.4114027 0.8911468 -8.31485e-6 5.62035e-5 1 0.1913623 0.4113534 0.8911616 9.48563e-4 0.4578261 0.8890414 9.69738e-4 0.4578408 0.8890337 0.002363562 0.7915574 0.6110901 -0.3138082 0.712213 0.6279149 9.46194e-4 0.4578899 0.8890084 -0.3138525 0.7121667 0.6279454 -0.1893293 0.4096813 0.8923652 -0.1892794 0.4097499 0.8923444 -0.3138167 0.7122166 0.6279066 -0.5655546 0.4906972 0.6628456 -0.1893154 0.4096935 0.8923626 -0.5655388 0.4907096 0.6628499 -0.3379298 0.2797418 0.8986367 -0.3379424 0.2797017 0.8986445 -0.5655564 0.4907125 0.6628328 -0.7036669 0.1732059 0.6890956 -0.3379532 0.2797428 0.8986276 -0.703673 0.1731866 0.6890942 -0.4181183 0.09826219 0.9030624 -0.4181362 0.09825181 0.9030552 -0.7036736 0.1731794 0.6890953 -0.7044137 -0.1778252 0.6871533 -0.4181282 0.0982353 0.9030608 -0.704388 -0.1778691 0.6871683 -0.419156 -0.1003735 0.9023489 -0.4191145 -0.1004036 0.9023647 -0.7043934 -0.1778474 0.6871683 -0.5672205 -0.494194 0.658812 -0.4191319 -0.1003924 0.9023579 -0.5672218 -0.4941848 0.6588177 -0.3400574 -0.282111 0.8970921 -0.340041 -0.2821812 0.8970764 -0.567271 -0.4941828 0.6587769 -0.317134 -0.7132455 0.6250655 -0.3400248 -0.2821332 0.8970976 -0.3171576 -0.7132532 0.6250448 -0.1913716 -0.4113461 0.8911629 -0.1913491 -0.4113596 0.8911615 -0.3171331 -0.7132921 0.6250128 -0.002303957 -0.7915219 0.6111366 -0.1913126 -0.4112731 0.8912094 -0.002342045 -0.7916217 0.6110071 -9.72331e-4 -0.4578432 0.8890326 -9.39935e-4 -0.4578866 0.8890102 -0.002336859 -0.791554 0.6110948 0.3137663 -0.7122675 0.6278741 -8.95977e-4 -0.4578099 0.8890497 0.3137573 -0.7121875 0.6279693 0.1893637 -0.40969 0.8923539 0.1893364 -0.4097496 0.8923323 0.3138433 -0.7122132 0.6278972 0.5477476 -0.4977548 0.6724677 0.1893134 -0.4097247 0.8923487 0.5478256 -0.4976158 0.6725071 0.3380123 -0.2796851 0.8986234 0.3379314 -0.2796741 0.8986572 0.5478138 -0.4977006 0.6724539 0.6590189 -0.1644912 0.7339187 0.337906 -0.2796933 0.8986608 0.659017 -0.1644153 0.7339375 0.4181096 -0.09822976 0.90307 0.4180839 -0.09824752 0.90308 0.6590586 -0.1643893 0.7339059 0.6676073 0.1905388 0.719719 0.4180951 -0.09826999 0.9030723 0.6676167 0.1905241 0.7197143 0.419155 0.1003742 0.9023492 0.419146 0.1003636 0.9023545 0.6675594 0.1904899 0.7197764 0.5672005 0.4941944 0.658829 0.4191628 0.1003584 0.9023475 0.5672065 0.4942004 0.6588193 0.3400475 0.2820926 0.8971017 0.3400265 0.2821334 0.8970969 0.5672199 0.4942024 0.6588062 0.317192 0.7132763 0.625001 0.3400203 0.2820968 0.8971107 0.3171386 0.7132443 0.6250646 0.1913313 0.411308 0.8911892 0.1913086 0.4113483 0.8911755 0.3171011 0.7132982 0.6250222 0.002315163 0.7915553 0.6110931 0.1912839 0.4113683 0.8911715 0.002310156 0.7915421 0.6111104 9.36478e-4 0.4579215 0.8889922 0.002358317 0.7915703 0.6110737 0.003269076 0.9755361 0.219815 -0.3763399 0.8925569 0.2484163 0.002324879 0.7916099 0.6110224 -0.3763483 0.8925588 0.2483965 -0.3138463 0.7121939 0.6279177 -0.3138002 0.7122054 0.6279275 -0.3763222 0.89257 0.2483959 -0.7038378 0.637864 0.312637 -0.3138303 0.7121984 0.6279205 -0.7038592 0.6378495 0.3126184 -0.5655493 0.4907234 0.6628307 -0.5655521 0.4907234 0.6628283 -0.7038202 0.6378752 0.3126537 -0.9021918 0.2317724 0.3637742 -0.5655561 0.4906932 0.6628472 -0.902206 0.2317095 0.3637791 -0.7036738 0.1731835 0.6890942 -0.7036734 0.1731359 0.6891064 -0.9022068 0.2317405 0.3637571 -0.9012895 -0.2376047 0.3622445 -0.7036666 0.1732304 0.6890897 -0.9012942 -0.2375916 0.3622419 -0.7044009 -0.177813 0.6871695 -0.7043963 -0.1778713 0.6871592 -0.9012835 -0.2376778 0.3622118 -0.7033007 -0.6396279 0.3102326 -0.7044094 -0.1778112 0.6871613 -0.7033562 -0.6395078 0.3103545 -0.5672052 -0.4942108 0.6588126 -0.5672506 -0.4942395 0.6587521 -0.7033098 -0.6395562 0.31036 -0.3801409 -0.8912083 0.2474686 -0.5671783 -0.4941807 0.6588583 -0.3801064 -0.8912209 0.2474759 -0.3171324 -0.7133055 0.6249978 -0.3171131 -0.7133415 0.6249666 -0.3800708 -0.8912416 0.2474563 -0.003216683 -0.9755434 0.2197833 -0.3171572 -0.7133125 0.6249772 -0.003296792 -0.9755339 0.2198249 -0.002353489 -0.7915635 0.6110826 -0.002407133 -0.7915423 0.6111098 -0.003227829 -0.9755176 0.2198977 0.3763708 -0.8925682 0.2483288 -0.002396404 -0.7915683 0.6110761 0.3763857 -0.892539 0.2484109 0.3138245 -0.7122097 0.6279106 0.3138265 -0.7121624 0.6279631 0.3763455 -0.8925767 0.2483364 0.6753021 -0.6763221 0.2942032 0.3137791 -0.7122266 0.627914 0.6753138 -0.6763041 0.294218 0.5477902 -0.4977055 0.6724694 0.547771 -0.4977018 0.6724879 0.6753094 -0.676337 0.2941523 0.8178904 -0.3813285 0.4308643 0.5477697 -0.4976652 0.672516 0.8179536 -0.3812152 0.4308444 0.659088 -0.1644469 0.7338667 0.6590479 -0.1644401 0.7339043 0.817902 -0.3813165 0.4308528 0.8079661 0.3682157 0.4600086 0.6590495 -0.1644793 0.733894 0.8079886 0.3681783 0.459999 0.6675506 0.1905201 0.7197766 0.667618 0.1905689 0.7197012 0.8079917 0.368216 0.4599636 0.6636418 0.6757925 0.3207555 0.6675504 0.1904986 0.7197825 0.6636419 0.6757678 0.3208075 0.5672154 0.4941958 0.658815 0.5672426 0.4941874 0.6587979 0.6635788 0.675861 0.3207417 0.3800433 0.8912606 0.2474299 0.5672091 0.4942058 0.6588129 0.3801637 0.891201 0.2474601 0.3171584 0.7133094 0.6249803 0.3171038 0.7133354 0.6249783 0.3801681 0.8912054 0.2474375 0.003249824 0.9755392 0.2198019 0.3171061 0.7133459 0.6249651 0.003259122 0.9755386 0.2198042 0.002333343 0.7916073 0.6110259 0.003266334 0.9755126 0.2199197 0.003058314 0.976764 -0.2142965 -0.3688833 0.9072555 -0.2020213 0.003242254 0.9755379 0.2198075 -0.3677658 0.9087663 -0.1972112 -0.3763926 0.8925586 0.2483298 -0.3763462 0.8925612 0.2483907 -0.3677468 0.908764 -0.1972567 -0.7203092 0.6759862 -0.1555553 -0.376373 0.8925608 0.2483516 -0.7202937 0.6760043 -0.1555479 -0.703852 0.6378447 0.3126444 -0.7038193 0.6378854 0.3126351 -0.7202649 0.6760275 -0.1555805 -0.9596579 0.2537862 -0.121035 -0.7038308 0.6378673 0.3126461 -0.9596682 0.2537537 -0.1210218 -0.9022092 0.2317526 0.3637436 -0.9022088 0.2316973 0.3637799 -0.9596509 0.2537799 -0.1211028 -0.9581983 -0.2594403 -0.1206103 -0.9021777 0.2318269 0.3637744 -0.9582001 -0.2594337 -0.1206099 -0.9012585 -0.2376613 0.3622846 -0.9012672 -0.2375978 0.3623047 -0.9581912 -0.2594525 -0.1206402 -0.7202252 -0.6764722 -0.1538214 -0.9012412 -0.2377035 0.3623003 -0.720151 -0.6765419 -0.1538627 -0.703299 -0.6395928 0.3103091 -0.7033268 -0.6395733 0.3102863 -0.7202157 -0.6764877 -0.1537983 -0.3720263 -0.9074767 -0.1951474 -0.7032805 -0.6396065 0.3103229 -0.3719668 -0.9075015 -0.1951454 -0.3800784 -0.8912416 0.2474448 -0.3801321 -0.8912134 0.2474637 -0.3720057 -0.9074755 -0.1951925 -0.003085672 -0.9767824 -0.2142117 -0.3801605 -0.891197 0.2474794 -0.003010928 -0.976759 -0.2143195 -0.00325638 -0.9755336 0.2198268 -0.00325036 -0.9755393 0.2198014 -0.003035306 -0.9767666 -0.2142845 0.3677604 -0.9087581 -0.1972589 -0.003213465 -0.9755317 0.2198358 0.3677277 -0.9087692 -0.1972689 0.3763679 -0.8925526 0.2483885 0.3763899 -0.8925459 0.2483796 0.3677613 -0.9087618 -0.1972403 0.7203383 -0.6759558 -0.1555524 0.3763741 -0.8925462 0.2484026 0.7203447 -0.6759549 -0.1555269 0.6753014 -0.6763183 0.2942135 0.6753756 -0.676253 0.294193 0.7203046 -0.6759812 -0.1555982 0.8962944 -0.366633 -0.2494728 0.6753104 -0.6763145 0.2942017 0.8962963 -0.3666237 -0.2494795 0.8179287 -0.3812911 0.4308245 0.8079938 0.3682491 0.4599336 0.8973798 0.3475264 -0.2719098 0.7038264 0.6886665 -0.1742615 0.8079865 0.3682078 0.4599792 0.7038577 0.6886301 -0.1742789 0.6636279 0.6757909 0.3207877 0.6635924 0.6758311 0.3207763 0.7038599 0.6886377 -0.1742396 0.3720012 0.9074741 -0.1952077 0.6636651 0.6757844 0.3207246 0.3719988 0.9074643 -0.1952573 0.3801954 0.8911965 0.2474276 0.3800575 0.8912525 0.2474377 0.371989 0.9074898 -0.1951576 0.003029525 0.976763 -0.2143013 0.380111 0.8912474 0.2473738 0.003043651 0.9767729 -0.214256 0.003265738 0.9755401 0.2197972 0.003057956 0.9767886 -0.2141839 0.001827895 0.7920095 -0.6105061 -0.2818221 0.7366827 -0.6147154 0.003062248 0.9767605 -0.2143124 -0.2818308 0.7366679 -0.6147291 -0.3677349 0.9087806 -0.1972024 -0.367748 0.9087672 -0.1972404 -0.2817847 0.7367177 -0.6146907 -0.5553834 0.5514355 -0.6224694 -0.3677619 0.9087625 -0.197236 -0.5553392 0.551434 -0.6225102 -0.7203033 0.6759912 -0.1555604 -0.7203387 0.6759473 -0.1555874 -0.5553379 0.5514072 -0.6225352 -0.749779 0.2097502 -0.6275638 -0.7203463 0.6759396 -0.155586 -0.7497999 0.209751 -0.6275386 -0.959668 0.2537388 -0.1210539 -0.9596681 0.2537395 -0.1210513 -0.7498189 0.2097871 -0.6275039 -0.7501585 -0.2145928 -0.6254697 -0.9596699 0.2537335 -0.1210501 -0.750193 -0.2145027 -0.625459 -0.9582 -0.2594627 -0.1205487 -0.9581907 -0.2594747 -0.120597 -0.7502382 -0.2145949 -0.6253734 -0.5572972 -0.5539733 -0.6184929 -0.9582107 -0.2594373 -0.1205176 -0.5573071 -0.553974 -0.6184833 -0.720209 -0.6764831 -0.1538496 -0.7202596 -0.6764447 -0.1537817 -0.5572943 -0.5539972 -0.6184741 -0.2851189 -0.7375464 -0.6121541 -0.7201877 -0.6765044 -0.1538555 -0.2851089 -0.7375451 -0.6121603 -0.3719994 -0.9074776 -0.1951944 -0.3720374 -0.9074642 -0.1951842 -0.2850567 -0.7376002 -0.6121181 -0.001874089 -0.7919579 -0.6105729 -0.372051 -0.9074549 -0.1952021 -0.00181508 -0.7919542 -0.6105778 -0.003002703 -0.9767695 -0.2142717 -0.003043651 -0.9767737 -0.2142522 -0.001830458 -0.7919773 -0.610548 0.2818564 -0.7366784 -0.6147049 -0.003038465 -0.9767652 -0.214291 0.2818526 -0.7367151 -0.6146625 0.3677352 -0.908773 -0.1972368 0.3677868 -0.9087587 -0.1972069 0.2818675 -0.7366896 -0.6146863 0.5553749 -0.5514621 -0.6224536 0.3677784 -0.908757 -0.1972308 0.5553622 -0.551468 -0.6224596 0.7203111 -0.6759787 -0.1555787 0.7202926 -0.676002 -0.1555627 0.555351 -0.5514709 -0.622467 0.7497895 -0.2097592 -0.6275483 0.7203087 -0.6759824 -0.1555745 0.7497992 -0.2097301 -0.6275464 0.896304 -0.3666165 -0.2494624 0.8962917 -0.366657 -0.2494474 0.7497911 -0.2097685 -0.6275433 0.7501882 0.2145984 -0.625432 0.8962982 -0.3666401 -0.2494482 0.7502106 0.2145401 -0.6254252 0.8973922 0.3475418 -0.2718495 0.8974146 0.3474969 -0.2718325 0.7501815 0.2146215 -0.6254322 0.557305 0.5539899 -0.618471 0.8973991 0.3474904 -0.2718926 0.5573084 0.553943 -0.61851 0.7038654 0.6886312 -0.1742427 0.7038362 0.6886605 -0.1742457 0.557309 0.5540227 -0.618438 0.2851172 0.7375675 -0.6121295 0.7037773 0.6887095 -0.1742897 0.2851091 0.7376024 -0.6120912 0.3720161 0.9074632 -0.1952293 0.3720511 0.9074642 -0.1951581 0.2850634 0.7376151 -0.6120971 0.001837372 0.7919777 -0.6105473 0.3719597 0.907494 -0.195194 0.00187391 0.7919414 -0.6105942 0.003067255 0.9767886 -0.2141834 0.001822829 0.7919972 -0.6105221 5.79305e-4 0.4120355 -0.9111677 -0.1332638 0.3814983 -0.914713 0.001801371 0.7919684 -0.6105596 -0.1332306 0.3814991 -0.9147176 -0.2818926 0.7367128 -0.614647 -0.2818777 0.736715 -0.6146512 -0.1332807 0.3815308 -0.9146969 -0.2595812 0.2841439 -0.9229734 -0.28182 0.7366984 -0.6146975 -0.2595189 0.2841381 -0.9229927 -0.5553449 0.5514527 -0.6224884 -0.5553662 0.5515111 -0.6224178 -0.2594898 0.2841637 -0.9229931 -0.3495964 0.1087836 -0.9305636 -0.5553193 0.5514954 -0.6224736 -0.3496675 0.1088092 -0.9305338 -0.7498148 0.2097464 -0.6275224 -0.7498019 0.2097725 -0.6275289 -0.3496388 0.1087984 -0.9305459 -0.3505817 -0.110899 -0.9299429 -0.7497998 0.2097333 -0.6275447 -0.3505553 -0.1109179 -0.9299507 -0.7501711 -0.2145636 -0.6254644 -0.7502095 -0.2145341 -0.6254287 -0.3505961 -0.1109297 -0.9299339 -0.2609905 -0.2865492 -0.9218316 -0.7502182 -0.2146276 -0.625386 -0.2609596 -0.2864289 -0.9218778 -0.5572952 -0.5539746 -0.6184936 -0.5572992 -0.5539737 -0.6184908 -0.2609683 -0.2864677 -0.9218633 -0.134498 -0.3827295 -0.9140178 -0.557308 -0.5539767 -0.6184802 -0.1345599 -0.3826704 -0.9140334 -0.2851235 -0.7375833 -0.6121075 -0.2850705 -0.7375563 -0.6121647 -0.1345137 -0.3827389 -0.9140115 -7.13974e-4 -0.4120152 -0.9111768 -0.2851013 -0.7375779 -0.6121244 -6.68615e-4 -0.4120352 -0.9111677 -0.001873791 -0.7920289 -0.6104807 -0.001831293 -0.7919877 -0.6105343 -6.48238e-4 -0.4119776 -0.9111938 0.1332596 -0.3815371 -0.9146974 -0.0018543 -0.7919962 -0.6105233 0.1332784 -0.3814252 -0.9147414 0.2818624 -0.7366575 -0.6147271 0.2818168 -0.7366632 -0.6147411 0.1332842 -0.3814968 -0.9147107 0.2595143 -0.2841929 -0.9229772 0.2818259 -0.7366968 -0.6146967 0.2595011 -0.284221 -0.9229723 0.5553636 -0.5514361 -0.6224866 0.5553378 -0.5514587 -0.6224896 0.2595231 -0.2841846 -0.9229773 0.3496497 -0.1087964 -0.9305421 0.5553446 -0.5514628 -0.6224799 0.3496448 -0.1087828 -0.9305455 0.7497736 -0.2097336 -0.6275758 0.7497999 -0.2097317 -0.6275451 0.3496325 -0.1087895 -0.9305494 0.3505872 0.110894 -0.9299415 0.7498015 -0.209782 -0.6275264 0.3505661 0.1109088 -0.9299477 0.7502144 0.2145521 -0.6254165 0.7501855 0.2146226 -0.625427 0.3505758 0.1108704 -0.9299486 0.2609881 0.2864675 -0.9218577 0.7502076 0.2145837 -0.6254139 0.2609546 0.2864848 -0.9218618 0.5573236 0.5539541 -0.6184864 0.5572775 0.5540201 -0.6184687 0.2610061 0.2864404 -0.9218611 0.1345024 0.3827317 -0.9140162 0.557319 0.5539863 -0.6184616 0.1345091 0.3827344 -0.9140141 0.2851241 0.7375924 -0.6120961 0.2851173 0.7375257 -0.6121797 0.1345652 0.382769 -0.9139913 6.64577e-4 0.4119936 -0.9111865 0.2851263 0.7375627 -0.6121311 6.02037e-4 0.4120283 -0.911171 0.001853764 0.7919798 -0.6105445 1.5527e-5 2.69413e-5 -1 -0.1332064 0.3815099 -0.9147166 5.98827e-4 0.4120162 -0.9111763 -6.2108e-5 7.06799e-5 -1 -0.2594915 0.2842108 -0.9229781 -0.1332339 0.381424 -0.9147484 7.26134e-5 2.80365e-5 -1 -0.3496478 0.1088265 -0.9305393 -0.2594879 0.2842278 -0.9229739 8.38339e-5 3.89135e-5 -1 -0.3505671 -0.1108575 -0.9299535 -0.3496178 0.1087929 -0.9305545 -7.37309e-5 3.04244e-5 -1 -0.2609764 -0.2865294 -0.9218418 -0.3505443 -0.1109275 -0.9299538 6.11246e-5 7.0367e-5 -1 -0.1345279 -0.3827116 -0.9140208 -0.2609639 -0.2864958 -0.9218558 -1.62255e-5 2.7962e-5 -1 -5.75811e-4 -0.4119712 -0.9111968 -0.134534 -0.3827321 -0.9140114 6.76513e-6 2.01613e-5 -1 0.1333087 -0.3814705 -0.914718 -6.29695e-4 -0.4119795 -0.911193 -4.83394e-5 -1.62348e-5 -1 0.2595333 -0.2841624 -0.9229812 0.1333011 -0.3814862 -0.9147126 8.00192e-5 1.84998e-5 -1 0.3496404 -0.108782 -0.9305472 0.2595334 -0.2841739 -0.9229776 -5.67734e-6 4.92856e-6 -1 0.3506251 0.1108958 -0.929927 0.3495995 -0.1087924 -0.9305614 -8.06153e-5 1.85221e-5 -1 0.2610232 0.2864296 -0.9218595 0.3505316 0.1109169 -0.9299598 4.77731e-5 -1.50427e-5 -1 0.134516 0.3827907 -0.9139896 0.2609248 0.2865033 -0.9218645 -7.31833e-6 2.07052e-5 -1 7.17342e-4 0.4120136 -0.9111774 0.1345109 0.3827667 -0.9140003 -3.37864e-5 -3.39488e-5 -1 -3.3785e-5 -3.39502e-5 -1 -3.3778e-5 -3.39572e-5 -1 -2.37284e-4 -2.37421e-4 -1 -2.37289e-4 -2.37416e-4 -1 -2.37293e-4 -2.37412e-4 -1 -0.9999999 -3.38783e-4 -3.38906e-4 -0.9999999 -3.38742e-4 -3.38947e-4 -0.9999999 -3.38761e-4 -3.38928e-4 -0.9999999 -4.40363e-4 -4.4062e-4 -0.9999999 -4.4038e-4 -4.40603e-4 -0.9999999 -4.40413e-4 -4.4057e-4 0 -1.76606e-7 -1 0 -1.76606e-7 -1 -0.9999999 -3.38596e-4 -3.39166e-4 -0.9999999 -3.38596e-4 -3.39165e-4 -0.9999999 -3.38561e-4 -3.392e-4 -1 -2.37095e-4 -2.37892e-4 -1 -2.37099e-4 -2.37889e-4 -1 -2.37096e-4 -2.37892e-4 0 0 -1 -4.06236e-4 -4.08175e-4 -0.9999998 -4.0621e-4 -4.08201e-4 -0.9999998 -4.06166e-4 -4.08244e-4 -0.9999998 -0.9999901 -0.003151118 -0.00314337 -0.9999901 -0.003151178 -0.00314331 -0.9999901 -0.003151357 -0.003143072 -0.9999964 -0.001891314 -0.001901328 -0.9999964 -0.001891136 -0.001901507 -0.9999964 -0.001891195 -0.001901447 -2.75481e-7 -1.76606e-7 -1 0 0 -1 -1 3.55833e-7 -1.9215e-6 -0.9999998 -4.74413e-4 -4.7454e-4 -0.9999998 -4.74395e-4 -4.74558e-4 -0.9999998 -4.74399e-4 -4.74554e-4 -7.45763e-4 -7.45861e-4 -0.9999995 -7.45742e-4 -7.45882e-4 -0.9999995 -7.45694e-4 -7.4593e-4 -0.9999995 -3.40577e-5 -3.37764e-5 -1 -3.40583e-5 -3.37758e-5 -1 -3.40588e-5 -3.37752e-5 -1 -1 2.72326e-5 -4.97168e-5 -0.9999943 -0.002404868 -0.002402663 -0.9999943 -0.002405047 -0.002402484 -0.9999943 -0.002405107 -0.002402424 -4.40585e-4 -4.40752e-4 -0.9999998 -4.40591e-4 -4.40747e-4 -0.9999998 -4.4062e-4 -4.40718e-4 -0.9999998 -0.001966178 -0.001966297 -0.9999961 -0.001966238 -0.001966297 -0.9999961 -0.001966178 -0.001966297 -0.9999961 -0.9999973 -0.001660943 -0.001658082 -0.9999973 -0.001660704 -0.00165832 -0.9999973 -0.001660764 -0.00165826 -0.999999 -0.001051127 -0.00104916 -0.999999 -0.001051127 -0.001049101 -0.999999 -0.001051068 -0.00104922 -8.133e-4 -0.9999994 -8.1341e-4 -8.13098e-4 -0.9999994 -8.13611e-4 -8.13265e-4 -0.9999994 -8.13445e-4 -0.003219902 -0.9999896 -0.00322014 -0.003219842 -0.9999896 -0.0032202 -0.003219902 -0.9999896 -0.00322014 0 -1 0 -0.002610146 -0.9999932 -0.002609968 -0.002609908 -0.9999932 -0.002610266 -0.002610266 -0.9999932 -0.002609908 -8.13696e-4 -0.9999994 -8.13385e-4 -8.13617e-4 -0.9999994 -8.13465e-4 -8.13556e-4 -0.9999994 -8.13525e-4 -0.001864314 -0.9999966 -0.001864433 -0.001864314 -0.9999966 -0.001864433 -0.001864492 -0.9999966 -0.001864254 -9.14901e-4 -0.9999992 -9.14469e-4 -9.14852e-4 -0.9999992 -9.14517e-4 -9.14945e-4 -0.9999992 -9.14426e-4 -3.38485e-5 -1 -3.371e-5 -3.38464e-5 -1 -3.3712e-5 -3.38406e-5 -1 -3.37179e-5 -3.3848e-5 -1 -3.37104e-5 -3.38441e-5 -1 -3.37144e-5 -3.3847e-5 -1 -3.37114e-5 -3.3847e-5 -1 -3.37114e-5 -3.38441e-5 -1 -3.37144e-5 -3.38464e-5 -1 -3.3712e-5 -3.3847e-5 -1 -3.37115e-5 -3.38485e-5 -1 -3.371e-5 -4.15321e-5 -1 -3.37679e-5 -4.15329e-5 -1 -3.37672e-5 -4.15288e-5 -1 -3.37712e-5 -3.42209e-5 -1 -3.33318e-5 -3.42223e-5 -1 -3.33305e-5 -3.42215e-5 -1 -3.33312e-5 -0.001559972 -0.9999976 -0.001556038 -0.001560449 -0.9999976 -0.001556277 -0.001557767 -0.9999976 -0.001553833 -3.37914e-5 -1 -3.37671e-5 -3.37906e-5 -1 -3.37679e-5 -3.37906e-5 -1 -3.3768e-5 -0.001152575 -0.9999987 -0.001152634 -0.001152753 -0.9999987 -0.001152455 -0.001152813 -0.9999987 -0.001152753 -4.11607e-5 -1 -3.40816e-5 -4.11645e-5 -1 -3.40778e-5 -4.11635e-5 -1 -3.40788e-5 0.04698121 -0.9988941 -0.001845836 0.005022823 -0.9999856 -0.001869678 0.005070567 -0.9999855 -0.001869618 0.1037879 -0.9945978 -0.00181359 0.1306559 -0.9914262 -0.001797854 0.005070149 -0.9999854 -0.001869618 0.7431857 -0.1348698 -0.6553513 0.9999762 0.006897985 1.75405e-4 -0.5984792 -0.1688953 -0.7831329 0.05470985 -0.3821576 0.9224763 -0.9971267 -0.0349453 0.06721085 0.2525564 -0.3694871 0.8942565 0.003714501 -0.999993 -4.27037e-4 -0.2405052 0.2459782 -0.9389633 -0.05720645 -0.9682725 -0.243261 0.07140535 -0.9691814 -0.2357728 0.2868741 0.07165724 -0.9552846 -0.2856736 0.1995121 0.9373289 -0.01200699 -0.1828377 0.9830698 0.01023417 -0.9926416 -0.1206565 -0.005223393 0.999377 0.03490453 0.0124107 -0.961052 -0.2760891 -0.005045592 0.999719 0.02316182 -0.01074063 -0.3043608 0.9524964 0.01200652 0.1828928 -0.9830595 0.005222558 -0.999379 -0.03484755 -0.01023346 0.9926479 0.1206046 -0.01241075 0.9610506 0.2760938 0.01074129 0.3043053 -0.9525141 0.005046427 -0.9997177 -0.02321785 -0.01200699 -0.1828377 0.9830698 0.01023423 -0.9926416 -0.1206565 -0.005223453 0.999377 0.03490453 0.0124107 -0.961052 -0.2760891 -0.005045592 0.999719 0.02316182 -0.01074069 -0.3043608 0.9524964 0.01200646 0.1828928 -0.9830595 0.005222558 -0.999379 -0.03484755 -0.01023346 0.9926479 0.1206046 -0.01241075 0.9610506 0.2760938 0.01074129 0.3043053 -0.9525141 0.005046427 -0.9997177 -0.02321785 0.7438151 -0.1346707 -0.6546778 0.2845627 -0.1976894 -0.9380527 0.9783431 0.04970717 0.2009328 -0.07802635 -0.3820757 0.9208312 0.9879119 0.06171303 -0.1422027 -0.9936845 0.03661155 -0.10607 -0.05742156 -0.9693163 -0.2390163 0.2450681 0.2044682 0.9476996 -0.240071 0.2438488 -0.9396296 1.16176e-4 -0.9999998 -5.8504e-4 0.008801758 -0.9996555 -0.02472746 0.2866239 0.04978048 -0.9567491</float_array>
          <technique_common>
            <accessor source="#canoe_chinamax_Mesh-mesh-normals-array" count="1793" stride="3">
              <param name="X" type="float"/>
              <param name="Y" type="float"/>
              <param name="Z" type="float"/>
            </accessor>
          </technique_common>
        </source>
        <source id="canoe_chinamax_Mesh-mesh-map-0">
          <float_array id="canoe_chinamax_Mesh-mesh-map-0-array" count="3894">0.4885797 0.5705564 0.4885799 0.5261546 0.6051076 0.5261554 0.4885797 0.5705564 0.6051076 0.5261554 0.6071024 0.537123 0.4885797 0.5705564 0.6071024 0.537123 0.6071022 0.5705572 0.5111774 0.3965492 0.9929784 0.4015728 0.9929788 0.4015802 0.9929784 0.4015728 0.5111774 0.3965492 0.5111772 0.3965277 0.4994007 0.5640134 0.499297 0.5281645 0.602658 0.5281652 0.4994007 0.5640134 0.602658 0.5281652 0.6026355 0.5370202 0.4994007 0.5640134 0.6026355 0.5370202 0.6023374 0.5640141 0.5045894 0.3583034 0.5071256 0.3825501 0.4390165 0.3821173 0.5045894 0.3583034 0.4390165 0.3821173 0.4398967 0.3761377 0.5045894 0.3583034 0.4398967 0.3761377 0.4413402 0.3633452 -0.7209666 1.002921 -1.036206 1.017855 -1.036128 1.002921 0.2757277 0.07727533 0.2656127 0.1364366 0.1338803 0.1326105 0.1338803 0.1326105 0.1554019 0.08240956 0.2757277 0.07727533 0.09305655 0.096408 0.1554019 0.08240956 0.1338803 0.1326105 0.1338803 0.1326105 0.04898786 0.1301569 0.09305655 0.096408 0.1554019 0.08240956 0.1338802 0.1326105 0.2656127 0.1364366 0.2656127 0.1364366 0.2757279 0.07727533 0.1554019 0.08240956 0.2757279 0.07727533 0.2656127 0.1364366 0.5731552 0.1460589 0.5731552 0.1460589 0.5667583 0.08638101 0.2757279 0.07727533 0.5667583 0.08638101 0.5731552 0.1460589 0.8042271 0.1536949 0.8042271 0.1536949 0.7912094 0.1253882 0.5667583 0.08638101 0.8156431 0.1261526 0.7912094 0.1253882 0.8042271 0.1536949 0.8042271 0.1536949 0.8301407 0.1545056 0.8156431 0.1261526 0.7912094 0.1253882 0.8042274 0.1536948 0.5731551 0.1460589 0.5731551 0.1460589 0.5667583 0.08638101 0.7912094 0.1253882 0.5667583 0.08638101 0.5731551 0.1460589 0.2656127 0.1364366 0.2656127 0.1364366 0.2757277 0.07727533 0.5667583 0.08638101 0.2656127 0.1364366 0.2574385 0.172443 0.1154381 0.1782402 0.1154381 0.1782402 0.1338803 0.1326105 0.2656127 0.1364366 0.04898786 0.1301569 0.1338803 0.1326105 0.1154381 0.1782402 0.1154381 0.1782402 0.02824276 0.1914612 0.04898786 0.1301569 0.1338802 0.1326105 0.1154382 0.1782402 0.2574387 0.1724431 0.2574387 0.1724431 0.2656127 0.1364366 0.1338802 0.1326105 0.2656127 0.1364366 0.2574387 0.1724431 0.5793904 0.1720252 0.5793904 0.1720252 0.5731552 0.1460589 0.2656127 0.1364366 0.5731552 0.1460589 0.5793904 0.1720252 0.8279082 0.2046695 0.8279082 0.2046695 0.8042271 0.1536949 0.5731552 0.1460589 0.8301407 0.1545056 0.8042271 0.1536949 0.8279082 0.2046695 0.8279082 0.2046695 0.856512 0.2055649 0.8301407 0.1545056 0.8042274 0.1536948 0.8279082 0.2046695 0.5793903 0.1720252 0.5793903 0.1720252 0.5731551 0.1460589 0.8042274 0.1536948 0.5731551 0.1460589 0.5793903 0.1720252 0.2574385 0.172443 0.2574385 0.172443 0.2656127 0.1364366 0.5731551 0.1460589 0.2749823 0.05137324 0.2013521 0.06050509 0.2013521 0.06050509 0.2013521 0.06050509 0.2013521 0.06050509 0.2911207 0.05187821 0.2749823 0.05137324 0.2013521 0.06050509 0.2911207 0.05187821 0.564739 0.06043905 0.2749823 0.05137324 0.2911207 0.05187821 0.564739 0.06043905 0.2911207 0.05187821 0.5529832 0.06007122 0.6965613 0.07599896 0.6965613 0.07599896 0.6965611 0.0759989 0.5529832 0.06007122 0.6965613 0.07599896 0.6965611 0.0759989 0.564739 0.06043905 0.5529832 0.06007122 0.6965611 0.0759989 0.2991678 0.555517 0.02810633 0.5033748 0.02789527 0.4335795 0.02789527 0.4335795 0.0292207 0.3631927 0.3010764 0.3153657 0.3010764 0.3153657 0.689803 0.3184557 0.8606453 0.3698012 0.02789527 0.4335795 0.3010764 0.3153657 0.8606453 0.3698012 0.02789527 0.4335795 0.8606453 0.3698012 0.9403994 0.4408299 0.02789527 0.4335795 0.9403994 0.4408299 0.8595309 0.5099833 0.2991678 0.555517 0.02789527 0.4335795 0.8595309 0.5099833 0.687894 0.5586071 0.2991678 0.555517 0.8595309 0.5099833 0.1554019 0.08240956 0.2013521 0.06050509 0.2749823 0.05137324 0.2749823 0.05137324 0.2757277 0.07727533 0.1554019 0.08240956 0.2757277 0.07727533 0.2749823 0.05137324 0.564739 0.06043905 0.564739 0.06043905 0.5667583 0.08638101 0.2757277 0.07727533 0.5667583 0.08638101 0.564739 0.06043905 0.6965611 0.0759989 0.6965611 0.0759989 0.7912094 0.1253882 0.5667583 0.08638101 0.8156431 0.1261526 0.7912094 0.1253882 0.6965611 0.0759989 0.6965611 0.0759989 0.6965613 0.07599896 0.8156431 0.1261526 0.7912094 0.1253882 0.6965613 0.07599896 0.5529832 0.06007122 0.5529832 0.06007122 0.5667583 0.08638101 0.7912094 0.1253882 0.5667583 0.08638101 0.5529832 0.06007122 0.2911207 0.05187821 0.2911207 0.05187821 0.2757279 0.07727533 0.5667583 0.08638101 0.2757279 0.07727533 0.2911207 0.05187821 0.2013521 0.06050509 0.2013521 0.06050509 0.1554019 0.08240956 0.2757279 0.07727533 0.09305655 0.096408 0.1554019 0.08240956 0.2013521 0.06050509 0.2013521 0.06050509 0.2013521 0.06050509 0.09305655 0.096408 0.1554019 0.08240956 0.09305655 0.096408 0.04898786 0.1301569 0.04898786 0.1301569 0.1338802 0.1326105 0.1554019 0.08240956 0.7912094 0.1253882 0.8156431 0.1261526 0.8301407 0.1545056 0.8301407 0.1545056 0.8042274 0.1536948 0.7912094 0.1253882 0.1338802 0.1326105 0.04898786 0.1301569 0.02824276 0.1914612 0.02824276 0.1914612 0.1154382 0.1782402 0.1338802 0.1326105 0.8042274 0.1536948 0.8301407 0.1545056 0.856512 0.2055649 0.856512 0.2055649 0.8279082 0.2046695 0.8042274 0.1536948 0.7912094 0.1253882 0.8156431 0.1261526 0.6965613 0.07599896 0.6965613 0.07599896 0.6965613 0.07599896 0.7912094 0.1253882 0.1554019 0.08240956 0.09305655 0.096408 0.2013521 0.06050509 0.2013521 0.06050509 0.2013521 0.06050509 0.1554019 0.08240956 0.3631364 0.2005894 0.3620035 0.2162078 0.2685057 0.216942 0.2685057 0.216942 0.2708855 0.1964545 0.3631364 0.2005894 0.2708855 0.1964545 0.2685057 0.216942 0.2416006 0.2184865 0.2416006 0.2184865 0.2444313 0.1976777 0.2708855 0.1964545 0.2444313 0.1976777 0.2416006 0.2184865 0.2685057 0.216942 0.2685057 0.216942 0.2708856 0.1964545 0.2444313 0.1976777 0.2708856 0.1964545 0.2685057 0.216942 0.3620035 0.2162078 0.3620035 0.2162078 0.3631365 0.2005894 0.2708856 0.1964545 0.3631365 0.2005894 0.3620035 0.2162078 0.5424369 0.2198577 0.5424369 0.2198577 0.5418072 0.2019313 0.3631365 0.2005894 0.5418072 0.2019313 0.5424369 0.2198577 0.6380837 0.2232618 0.6380837 0.2232618 0.6363982 0.2022784 0.5418072 0.2019313 0.2382165 0.1969394 0.2345617 0.2087156 0.2117457 0.2084944 0.2117457 0.2084944 0.2157777 0.1967219 0.2382165 0.1969394 0.2147441 0.1942527 0.2107122 0.2060253 0.233528 0.2062466 0.233528 0.2062466 0.2371829 0.1944703 0.2147441 0.1942527 0.6363982 0.2022784 0.6166033 0.2029806 0.5424368 0.2198577 0.5424368 0.2198577 0.5418072 0.2019313 0.6363982 0.2022784 0.5418072 0.2019313 0.5424368 0.2198577 0.3620035 0.2162078 0.3620035 0.2162078 0.3631364 0.2005894 0.5418072 0.2019313 0.5693453 0.5212305 0.5501305 0.4865151 0.6000807 0.4865143 0.6000807 0.4865143 0.6382294 0.529182 0.5693453 0.5212305 0.6382294 0.529182 0.6000807 0.4865143 0.623508 0.486536 0.623508 0.486536 0.6801627 0.5375121 0.6382294 0.529182 0.6792352 0.5353552 0.6226496 0.4844146 0.5992223 0.4843929 0.5992223 0.4843929 0.6373019 0.5270251 0.6792352 0.5353552 0.6373019 0.5270251 0.5992223 0.4843929 0.549272 0.4843935 0.549272 0.4843935 0.5684178 0.5190736 0.6373019 0.5270251 0.5684178 0.5190736 0.549272 0.4843935 0.4358814 0.4843935 0.4358814 0.4843935 0.4120462 0.5188005 0.5684178 0.5190736 0.4120462 0.5188005 0.4358814 0.4843935 0.3599756 0.4843936 0.4120462 0.5188005 0.3599756 0.4843936 0.3416017 0.4966986 0.4120462 0.5188005 0.3416017 0.4966986 0.2930912 0.5291863 0.863402 0.567075 0.7589059 0.5784547 0.7599456 0.5041648 0.7599456 0.5041648 0.8945287 0.5054518 0.863402 0.567075 0.7599456 0.5041648 0.7608656 0.4297704 0.8647574 0.4439859 0.8647574 0.4439859 0.8945287 0.5054518 0.7599456 0.5041648 0.3339646 0.5045425 0.3608342 0.4865151 0.4367399 0.4865151 0.3339646 0.5045425 0.4367399 0.4865151 0.4129738 0.5209574 0.2940188 0.5313431 0.3339646 0.5045425 0.4129738 0.5209574 0.4129738 0.5209574 0.4367399 0.4865151 0.5501305 0.4865151 0.5501305 0.4865151 0.5693453 0.5212305 0.4129738 0.5209574 0.7589059 0.5784547 0.7480857 0.552469 0.7491453 0.5040497 0.7491453 0.5040497 0.7599456 0.5041648 0.7589059 0.5784547 0.7599456 0.5041648 0.7491453 0.5040497 0.7491477 0.4560335 0.7491477 0.4560335 0.7608656 0.4297704 0.7599456 0.5041648 0.9207793 0.1402626 0.9411009 0.140468 0.9411825 0.13662 0.9207793 0.1402626 0.9411825 0.13662 0.941231 0.1343446 0.9207793 0.1402626 0.941231 0.1343446 0.9413899 0.1268567 0.9207793 0.1402626 0.9413899 0.1268567 0.9209169 0.1266497 0.9929487 0.1273782 0.9662393 0.1271082 0.966132 0.1321657 0.9929487 0.1273782 0.966132 0.1321657 0.9659504 0.1407194 0.9929487 0.1273782 0.9659504 0.1407194 0.9928111 0.1409909 0.9209169 0.1266497 0.9209216 0.1261869 0.9207793 0.1402626 0.9207793 0.1402626 0.9207793 0.1402626 0.9209169 0.1266497 0.9209169 0.1266497 0.9413899 0.1268567 0.9416435 0.124701 0.9209169 0.1266497 0.9416435 0.124701 0.9417888 0.123469 0.9209169 0.1266497 0.9417888 0.123469 0.9422727 0.119357 0.9209169 0.1266497 0.9422727 0.119357 0.9209929 0.1191418 0.9930247 0.1198703 0.9671221 0.1196084 0.9668011 0.1223357 0.9930247 0.1198703 0.9668011 0.1223357 0.9662393 0.1271082 0.9930247 0.1198703 0.9662393 0.1271082 0.9929487 0.1273782 0.9929535 0.1269153 0.9665971 0.1266487 0.9669161 0.1237235 0.9929535 0.1269153 0.9669161 0.1237235 0.9674784 0.1185652 0.9929535 0.1269153 0.9674784 0.1185652 0.9930353 0.1188236 0.9210035 0.1180952 0.942629 0.1183139 0.9423673 0.1207141 0.9210035 0.1180952 0.9423673 0.1207141 0.9422188 0.1220753 0.9210035 0.1180952 0.9422188 0.1220753 0.9417477 0.1263974 0.9210035 0.1180952 0.9417477 0.1263974 0.9209216 0.1261869 0.9209929 0.1191418 0.9210035 0.1180952 0.9209216 0.1261869 0.9209216 0.1261869 0.9209169 0.1266497 0.9209929 0.1191418 0.9209929 0.1191418 0.9422727 0.119357 0.9424826 0.1173425 0.9209929 0.1191418 0.9424826 0.1173425 0.9425975 0.116239 0.9209929 0.1191418 0.9425975 0.116239 0.9429768 0.112598 0.9209929 0.1191418 0.9429768 0.112598 0.9210613 0.1123765 0.9930931 0.1131048 0.9678264 0.1128494 0.967577 0.1152414 0.9930931 0.1131048 0.967577 0.1152414 0.9671221 0.1196084 0.9930931 0.1131048 0.9671221 0.1196084 0.9930247 0.1198703 0.9930353 0.1188236 0.9674784 0.1185652 0.967726 0.1159292 0.9930353 0.1188236 0.967726 0.1159292 0.9681825 0.1110711 0.9930353 0.1188236 0.9681825 0.1110711 0.9931111 0.1113232 0.9210793 0.1105947 0.9433331 0.1108198 0.9431173 0.113115 0.9210793 0.1105947 0.9431173 0.113115 0.9430003 0.1143603 0.9210793 0.1105947 0.9430003 0.1143603 0.942629 0.1183139 0.9210793 0.1105947 0.942629 0.1183139 0.9210035 0.1180952 0.9210613 0.1123765 0.9210793 0.1105947 0.9210035 0.1180952 0.9210035 0.1180952 0.9209929 0.1191418 0.9210613 0.1123765 0.9210613 0.1123765 0.9429768 0.112598 0.9432764 0.110148 0.9210613 0.1123765 0.9432764 0.110148 0.9434324 0.1088711 0.9210613 0.1123765 0.9434324 0.1088711 0.943949 0.1046453 0.9210613 0.1123765 0.943949 0.1046453 0.9211418 0.1044146 0.9931736 0.1051431 0.9687983 0.1048966 0.9684653 0.1076215 0.9931736 0.1051431 0.9684653 0.1076215 0.9678264 0.1128494 0.9931736 0.1051431 0.9678264 0.1128494 0.9930931 0.1131048 0.9931111 0.1113232 0.9681825 0.1110711 0.9683976 0.1090415 0.9931111 0.1113232 0.9683976 0.1090415 0.9688088 0.1051603 0.9931111 0.1113232 0.9688088 0.1051603 0.993171 0.1054068 0.9211391 0.1046783 0.9439594 0.1049091 0.9437626 0.106767 0.9211391 0.1046783 0.9437626 0.106767 0.9436596 0.1077387 0.9211391 0.1046783 0.9436596 0.1077387 0.9433331 0.1108198 0.9211391 0.1046783 0.9433331 0.1108198 0.9210793 0.1105947 0.9211418 0.1044146 0.9211391 0.1046783 0.9210793 0.1105947 0.9210793 0.1105947 0.9210613 0.1123765 0.9211418 0.1044146 -0.8886687 0.5961059 -0.8886687 0.7046223 -0.9005165 0.7032957 0.9934876 0.1131014 0.9682207 0.1128459 0.9685577 0.1100903 0.9934876 0.1131014 0.9685577 0.1100903 0.9691929 0.1048931 0.02994799 0.8820363 0.03627157 0.8626766 0.03627157 0.8820363 0.9935654 0.1054032 0.9692034 0.1051568 0.9689899 0.1071717 0.9935654 0.1054032 0.9689899 0.1071717 0.968577 0.1110675 0.9935654 0.1054032 0.968577 0.1110675 0.9935056 0.1113197 0.9214738 0.1105912 0.9437276 0.1108162 0.9439226 0.1089757 0.9214738 0.1105912 0.9439226 0.1089757 0.9440236 0.1080237 0.9214738 0.1105912 0.9440236 0.1080237 0.9443539 0.1049056 0.9214738 0.1105912 0.9443539 0.1049056 0.9215337 0.1046748 0.9214559 0.1123729 0.9214738 0.1105912 0.9215337 0.1046748 0.9215337 0.1046748 0.9215363 0.1044112 0.9214559 0.1123729 0.9214559 0.1123729 0.9433714 0.1125946 0.9431591 0.1146329 0.9214559 0.1123729 0.9431591 0.1146329 0.9430413 0.1157621 0.9214559 0.1123729 0.9430413 0.1157621 0.9426672 0.1193535 0.9214559 0.1123729 0.9426672 0.1193535 0.9213874 0.1191383 0.9934192 0.1198667 0.9675166 0.1196048 0.9677676 0.1171956 0.9934192 0.1198667 0.9677676 0.1171956 0.9682207 0.1128459 0.9934192 0.1198667 0.9682207 0.1128459 0.9934876 0.1131014 0.9935056 0.1113197 0.968577 0.1110675 0.9683312 0.1136839 0.9935056 0.1113197 0.9683312 0.1136839 0.9678729 0.1185616 0.9935056 0.1113197 0.9678729 0.1185616 0.9934298 0.1188201 0.921398 0.1180917 0.9430235 0.1183103 0.9432366 0.1160407 0.921398 0.1180917 0.9432366 0.1160407 0.9433512 0.1148233 0.921398 0.1180917 0.9433512 0.1148233 0.9437276 0.1108162 0.921398 0.1180917 0.9437276 0.1108162 0.9214738 0.1105912 0.9213874 0.1191383 0.921398 0.1180917 0.9214738 0.1105912 0.9214738 0.1105912 0.9214559 0.1123729 0.9213874 0.1191383 0.9213874 0.1191383 0.9426672 0.1193535 0.9424093 0.1215445 0.9213874 0.1191383 0.9424093 0.1215445 0.94226 0.1228132 0.9213874 0.1191383 0.94226 0.1228132 0.9417845 0.1268532 0.9213874 0.1191383 0.9417845 0.1268532 0.9213115 0.1266462 0.9933432 0.1273747 0.9666339 0.1271046 0.9669576 0.1243544 0.9933432 0.1273747 0.9669576 0.1243544 0.9675166 0.1196048 0.9933432 0.1273747 0.9675166 0.1196048 0.9934192 0.1198667 0.9934298 0.1188201 0.9678729 0.1185616 0.9675567 0.1214619 0.9934298 0.1188201 0.9675567 0.1214619 0.9669916 0.1266452 0.9934298 0.1188201 0.9669916 0.1266452 0.993348 0.1269118 0.9213162 0.1261833 0.9421422 0.126394 0.9423997 0.1240307 0.9213162 0.1261833 0.9423997 0.1240307 0.942544 0.1227082 0.9213162 0.1261833 0.942544 0.1227082 0.9430235 0.1183103 0.9213162 0.1261833 0.9430235 0.1183103 0.921398 0.1180917 0.9213115 0.1266462 0.9213162 0.1261833 0.921398 0.1180917 0.921398 0.1180917 0.9213874 0.1191383 0.9213115 0.1266462 0.9213115 0.1266462 0.9417845 0.1268532 0.9417025 0.1307138 0.9213115 0.1266462 0.9417025 0.1307138 0.9416539 0.1330018 0.9213115 0.1266462 0.9416539 0.1330018 0.9414954 0.1404644 0.9213115 0.1266462 0.9414954 0.1404644 0.9211738 0.140259 0.9932056 0.1409874 0.9663448 0.1407158 0.9664524 0.1356507 0.9932056 0.1409874 0.9664524 0.1356507 0.9666339 0.1271046 0.9932056 0.1409874 0.9666339 0.1271046 0.9933432 0.1273747 0.9211738 0.140259 0.9211738 0.140259 0.9213162 0.1261833 0.9213162 0.1261833 0.9213115 0.1266462 0.9211738 0.140259 -0.9005165 0.7032957 -0.8886687 0.5961059 -0.8890659 0.7046421 0.9688088 0.1051603 0.9688053 0.105071 0.9681631 0.1100938 0.993171 0.1054068 0.9688088 0.1051603 0.9681631 0.1100938 0.9681631 0.1100938 0.9687983 0.1048966 0.9931736 0.1051431 0.993171 0.1054068 0.9681631 0.1100938 0.9931736 0.1051431 0.9931736 0.1051431 0.9930931 0.1131048 0.9930247 0.1198703 0.9931736 0.1051431 0.9930247 0.1198703 0.9929487 0.1273782 0.9929487 0.1273782 0.9928111 0.1409909 0.9933432 0.1273747 0.9933432 0.1273747 0.9934192 0.1198667 0.9934876 0.1131014 0.9934876 0.1131014 0.9691998 0.1050676 0.9692034 0.1051568 0.9934876 0.1131014 0.9692034 0.1051568 0.9935654 0.1054032 0.9934876 0.1131014 0.9935654 0.1054032 0.9935056 0.1113197 0.9933432 0.1273747 0.9934876 0.1131014 0.9935056 0.1113197 0.9933432 0.1273747 0.9935056 0.1113197 0.9934298 0.1188201 0.9933432 0.1273747 0.9934298 0.1188201 0.993348 0.1269118 0.9929487 0.1273782 0.9933432 0.1273747 0.993348 0.1269118 0.993348 0.1269118 0.9669916 0.1266452 0.9668851 0.1318055 0.993348 0.1269118 0.9668851 0.1318055 0.9666352 0.1318078 0.9666352 0.1318078 0.9665971 0.1266487 0.9929535 0.1269153 0.993348 0.1269118 0.9666352 0.1318078 0.9929535 0.1269153 0.9929487 0.1273782 0.993348 0.1269118 0.9929535 0.1269153 0.9931736 0.1051431 0.9929487 0.1273782 0.9929535 0.1269153 0.9931736 0.1051431 0.9929535 0.1269153 0.9930353 0.1188236 0.9931736 0.1051431 0.9930353 0.1188236 0.9931111 0.1113232 0.993171 0.1054068 0.9931736 0.1051431 0.9931111 0.1113232 0.9211418 0.1044146 0.943949 0.1046453 0.9436448 0.1071326 0.9211418 0.1044146 0.9436448 0.1071326 0.9439523 0.1047288 0.9211418 0.1044146 0.9439523 0.1047288 0.9439539 0.1047714 0.9211418 0.1044146 0.9439539 0.1047714 0.9439594 0.1049091 0.9211418 0.1044146 0.9439594 0.1049091 0.9211391 0.1046783 0.9662393 0.1271082 0.9413899 0.1268567 0.941231 0.1343446 0.9662393 0.1271082 0.941231 0.1343446 0.9411825 0.13662 0.9411009 0.140468 0.9659504 0.1407194 0.966132 0.1321657 0.9411825 0.13662 0.9411009 0.140468 0.966132 0.1321657 0.9662393 0.1271082 0.9411825 0.13662 0.966132 0.1321657 0.9671221 0.1196084 0.9422727 0.119357 0.9417888 0.123469 0.9671221 0.1196084 0.9417888 0.123469 0.9416435 0.124701 0.9413899 0.1268567 0.9662393 0.1271082 0.9668011 0.1223357 0.9416435 0.124701 0.9413899 0.1268567 0.9668011 0.1223357 0.9671221 0.1196084 0.9416435 0.124701 0.9668011 0.1223357 0.9665971 0.1266487 0.9417477 0.1263974 0.9422188 0.1220753 0.9665971 0.1266487 0.9422188 0.1220753 0.9423673 0.1207141 0.942629 0.1183139 0.9674784 0.1185652 0.9669161 0.1237235 0.9423673 0.1207141 0.942629 0.1183139 0.9669161 0.1237235 0.9665971 0.1266487 0.9423673 0.1207141 0.9669161 0.1237235 0.9678264 0.1128494 0.9429768 0.112598 0.9425975 0.116239 0.9678264 0.1128494 0.9425975 0.116239 0.9424826 0.1173425 0.9422727 0.119357 0.9671221 0.1196084 0.967577 0.1152414 0.9424826 0.1173425 0.9422727 0.119357 0.967577 0.1152414 0.9678264 0.1128494 0.9424826 0.1173425 0.967577 0.1152414 0.9674784 0.1185652 0.942629 0.1183139 0.9430003 0.1143603 0.9674784 0.1185652 0.9430003 0.1143603 0.9431173 0.113115 0.9433331 0.1108198 0.9681825 0.1110711 0.967726 0.1159292 0.9431173 0.113115 0.9433331 0.1108198 0.967726 0.1159292 0.9674784 0.1185652 0.9431173 0.113115 0.967726 0.1159292 0.9687983 0.1048966 0.943949 0.1046453 0.9434324 0.1088711 0.9687983 0.1048966 0.9434324 0.1088711 0.9432764 0.110148 0.9429768 0.112598 0.9678264 0.1128494 0.9684653 0.1076215 0.9432764 0.110148 0.9429768 0.112598 0.9684653 0.1076215 0.9687983 0.1048966 0.9432764 0.110148 0.9684653 0.1076215 0.9681825 0.1110711 0.9433331 0.1108198 0.9436596 0.1077387 0.9681825 0.1110711 0.9436596 0.1077387 0.9437626 0.106767 0.9439594 0.1049091 0.9688088 0.1051603 0.9683976 0.1090415 0.9437626 0.106767 0.9439594 0.1049091 0.9683976 0.1090415 0.9681825 0.1110711 0.9437626 0.106767 0.9683976 0.1090415 0.9682207 0.1128459 0.9433714 0.1125946 0.9438782 0.1084477 0.9682207 0.1128459 0.9438782 0.1084477 0.9440394 0.107129 0.9443539 0.1049056 0.9692034 0.1051568 0.9691998 0.1050676 0.9443522 0.1048629 0.9443539 0.1049056 0.9691998 0.1050676 0.9443468 0.1047253 0.9443522 0.1048629 0.9691998 0.1050676 0.9443468 0.1047253 0.9691998 0.1050676 0.9685577 0.1100903 0.9440394 0.107129 0.9443468 0.1047253 0.9685577 0.1100903 0.9682207 0.1128459 0.9440394 0.107129 0.9685577 0.1100903 0.9692034 0.1051568 0.9443539 0.1049056 0.9440236 0.1080237 0.9692034 0.1051568 0.9440236 0.1080237 0.9439226 0.1089757 0.9437276 0.1108162 0.968577 0.1110675 0.9689899 0.1071717 0.9439226 0.1089757 0.9437276 0.1108162 0.9689899 0.1071717 0.9692034 0.1051568 0.9439226 0.1089757 0.9689899 0.1071717 0.9675166 0.1196048 0.9426672 0.1193535 0.9430413 0.1157621 0.9675166 0.1196048 0.9430413 0.1157621 0.9431591 0.1146329 0.9433714 0.1125946 0.9682207 0.1128459 0.9677676 0.1171956 0.9431591 0.1146329 0.9433714 0.1125946 0.9677676 0.1171956 0.9675166 0.1196048 0.9431591 0.1146329 0.9677676 0.1171956 0.968577 0.1110675 0.9437276 0.1108162 0.9433512 0.1148233 0.968577 0.1110675 0.9433512 0.1148233 0.9432366 0.1160407 0.9430235 0.1183103 0.9678729 0.1185616 0.9683312 0.1136839 0.9432366 0.1160407 0.9430235 0.1183103 0.9683312 0.1136839 0.968577 0.1110675 0.9432366 0.1160407 0.9683312 0.1136839 0.9666339 0.1271046 0.9417845 0.1268532 0.94226 0.1228132 0.9666339 0.1271046 0.94226 0.1228132 0.9424093 0.1215445 0.9426672 0.1193535 0.9675166 0.1196048 0.9669576 0.1243544 0.9424093 0.1215445 0.9426672 0.1193535 0.9669576 0.1243544 0.9666339 0.1271046 0.9424093 0.1215445 0.9669576 0.1243544 0.9678729 0.1185616 0.9430235 0.1183103 0.942544 0.1227082 0.9678729 0.1185616 0.942544 0.1227082 0.9423997 0.1240307 0.9421422 0.126394 0.9669916 0.1266452 0.9675567 0.1214619 0.9423997 0.1240307 0.9421422 0.126394 0.9675567 0.1214619 0.9678729 0.1185616 0.9423997 0.1240307 0.9675567 0.1214619 0.9663448 0.1407158 0.9414954 0.1404644 0.9416539 0.1330018 0.9663448 0.1407158 0.9416539 0.1330018 0.9417025 0.1307138 0.9417845 0.1268532 0.9666339 0.1271046 0.9664524 0.1356507 0.9417025 0.1307138 0.9417845 0.1268532 0.9664524 0.1356507 0.9663448 0.1407158 0.9417025 0.1307138 0.9664524 0.1356507 0.032139 0.8622139 0.03627157 0.8820363 0.03627157 0.8626766 0.9853499 0.1331744 0.9855695 0.1114568 0.9173478 0.1249611 0.9443468 0.1047253 0.9215363 0.1044112 0.9215337 0.1046748 0.9443522 0.1048629 0.9443468 0.1047253 0.9215337 0.1046748 0.9443522 0.1048629 0.9215337 0.1046748 0.9443539 0.1049056 -0.9265512 0.9388348 -0.9134254 0.8200843 -0.8894986 0.8228978 0.9669916 0.1266452 0.9421422 0.126394 0.9419836 0.1340758 0.9669916 0.1266452 0.9419836 0.1340758 0.9419352 0.1364195 0.9417477 0.1263974 0.9665971 0.1266487 0.9666352 0.1318078 0.941765 0.1287497 0.9417477 0.1263974 0.9666352 0.1318078 0.9418217 0.1364206 0.941765 0.1287497 0.9666352 0.1318078 0.9418217 0.1364206 0.9666352 0.1318078 0.9668851 0.1318055 0.9419352 0.1364195 0.9418217 0.1364206 0.9668851 0.1318055 0.9669916 0.1266452 0.9419352 0.1364195 0.9668851 0.1318055 0.9421422 0.126394 0.9213162 0.1261833 0.9211738 0.140259 0.9419836 0.1340758 0.9421422 0.126394 0.9211738 0.140259 0.9419352 0.1364195 0.9419836 0.1340758 0.9211738 0.140259 0.9418217 0.1364206 0.9419352 0.1364195 0.9211738 0.140259 0.9418217 0.1364206 0.9211738 0.140259 0.9209216 0.1261869 0.941765 0.1287497 0.9418217 0.1364206 0.9209216 0.1261869 0.941765 0.1287497 0.9209216 0.1261869 0.9417477 0.1263974 0.9688088 0.1051603 0.9439594 0.1049091 0.9439539 0.1047714 0.9688088 0.1051603 0.9439539 0.1047714 0.9439523 0.1047288 0.943949 0.1046453 0.9687983 0.1048966 0.9681631 0.1100938 0.9436448 0.1071326 0.943949 0.1046453 0.9681631 0.1100938 0.9436448 0.1071326 0.9681631 0.1100938 0.9688053 0.105071 0.9439523 0.1047288 0.9436448 0.1071326 0.9688053 0.105071 0.9688088 0.1051603 0.9439523 0.1047288 0.9688053 0.105071 -0.9134254 0.8200843 -0.8886687 0.8228564 -0.9005165 0.7032957 0.9433714 0.1125946 0.9214559 0.1123729 0.9215363 0.1044112 0.9215363 0.1044112 0.9438782 0.1084477 0.9433714 0.1125946 -0.6715555 1.073459 -0.6670849 1.073454 -0.6758806 1.073078 -0.6758806 1.073078 -0.6766089 1.073459 -0.6715555 1.073459 -0.6715555 1.073459 -0.6670849 1.073454 -0.6758806 1.073078 -0.6758806 1.073078 -0.6766089 1.073459 -0.6715555 1.073459 -0.6715555 1.073459 -0.6670849 1.073454 -0.6758806 1.073078 -0.6758806 1.073078 -0.6766089 1.073459 -0.6715555 1.073459 -0.6715555 1.073459 -0.6670849 1.073454 -0.6758806 1.073078 -0.6758806 1.073078 -0.6766089 1.073459 -0.6715555 1.073459 -0.6715555 1.073459 -0.6670849 1.073454 -0.6758806 1.073078 -0.6758806 1.073078 -0.6766089 1.073459 -0.6715555 1.073459 -0.6715555 1.073459 -0.6670849 1.073454 -0.6758806 1.073078 -0.6758806 1.073078 -0.6766089 1.073459 -0.6715555 1.073459 -0.6758806 1.073078 -0.6670849 1.073454 -0.6715555 1.073459 -0.6715555 1.073459 -0.6766089 1.073459 -0.6758806 1.073078 -0.6758806 1.073078 -0.6670849 1.073454 -0.6715555 1.073459 -0.6715555 1.073459 -0.6766089 1.073459 -0.6758806 1.073078 -0.6758806 1.073078 -0.6670849 1.073454 -0.6715555 1.073459 -0.6715555 1.073459 -0.6766089 1.073459 -0.6758806 1.073078 -0.6758806 1.073078 -0.6670849 1.073454 -0.6715555 1.073459 -0.6715555 1.073459 -0.6766089 1.073459 -0.6758806 1.073078 -0.6758806 1.073078 -0.6670849 1.073454 -0.6715555 1.073459 -0.6715555 1.073459 -0.6766089 1.073459 -0.6758806 1.073078 -0.6758806 1.073078 -0.6670849 1.073454 -0.6715555 1.073459 -0.6715555 1.073459 -0.6766089 1.073459 -0.6758806 1.073078 0.5111818 0.4043424 0.9929842 0.4042235 0.9929839 0.4042162 0.9929839 0.4042162 0.5111816 0.4043208 0.5111818 0.4043424 0.9929788 0.4015802 0.5111818 0.4043424 0.5111774 0.3965492 0.5111772 0.3965277 0.9930588 0.4040266 0.5111816 0.4043208 0.9929784 0.4015728 0.5111816 0.4043208 0.9929839 0.4042162 0.9929784 0.4015728 0.9929842 0.4042235 0.9929788 0.4015802 0.9930535 0.4013906 0.9930588 0.4040266 0.9930533 0.4013833 0.5111774 0.3965492 0.9930533 0.4013833 0.5111772 0.3965277 0.5111774 0.3965492 0.9930591 0.4040339 0.9930535 0.4013906 0.5111818 0.4043424 0.9930588 0.4040266 0.9930591 0.4040339 0.9929788 0.4015802 0.9929842 0.4042235 0.5111818 0.4043424 0.5111772 0.3965277 0.9930533 0.4013833 0.9930588 0.4040266 0.9929784 0.4015728 0.5111772 0.3965277 0.5111816 0.4043208 0.9929784 0.4015728 0.9929839 0.4042162 0.9929842 0.4042235 0.9930535 0.4013906 0.9930591 0.4040339 0.9930588 0.4040266 0.5111774 0.3965492 0.9930535 0.4013906 0.9930533 0.4013833 0.5111774 0.3965492 0.5111818 0.4043424 0.9930591 0.4040339 0.5111818 0.4043424 0.5111816 0.4043208 0.9930588 0.4040266 0.9960416 0.8536145 0.9679577 0.8536078 0.9679267 0.8761664 0.9960416 0.8536145 0.9679267 0.8761664 0.9679018 0.8942639 0.9960416 0.8536145 0.9679018 0.8942639 0.9678882 0.9028502 0.9960416 0.8536145 0.9678882 0.9028502 0.9678882 0.9028502 0.9960412 0.8539876 0.9676968 0.9032049 0.9677484 0.8946187 0.9960412 0.8539876 0.9677484 0.8946187 0.9678415 0.8765212 0.9960412 0.8539876 0.9678415 0.8765212 0.9679574 0.8539627 0.9960412 0.8539876 0.9679574 0.8539627 0.9680734 0.8314042 0.9960412 0.8539876 0.9680734 0.8314042 0.9681665 0.8133066 0.9960412 0.8539876 0.9681665 0.8133066 0.968218 0.8032584 0.9960416 0.8536145 0.9680272 0.8029034 0.9680272 0.8029034 0.9960416 0.8536145 0.9680272 0.8029034 0.9680135 0.8129516 0.9960416 0.8536145 0.9680135 0.8129516 0.9679886 0.8310493 0.9960416 0.8536145 0.9679886 0.8310493 0.9679577 0.8536078 0.9679577 0.8536078 0.8892681 0.8535892 0.8892096 0.896236 0.9679577 0.8536078 0.8892096 0.896236 0.9679267 0.8761664 0.9679267 0.8761664 0.8892096 0.896236 0.8891626 0.9305279 0.9679267 0.8761664 0.8891626 0.9305279 0.9679018 0.8942639 0.9679018 0.8942639 0.8891626 0.9305279 0.8891363 0.9481602 0.9679018 0.8942639 0.8891363 0.9481602 0.9678882 0.9028502 0.9678454 0.9009462 0.8889368 0.9420425 0.8888728 0.9351954 0.9678454 0.9009462 0.8888728 0.9351954 0.9677805 0.8984357 0.9676968 0.9032049 0.8887743 0.9484636 0.8888726 0.9308314 0.9676968 0.9032049 0.8888726 0.9308314 0.9677484 0.8946187 0.9677484 0.8946187 0.8888726 0.9308314 0.8890488 0.8965395 0.9677484 0.8946187 0.8890488 0.8965395 0.9678415 0.8765212 0.9678415 0.8765212 0.8890488 0.8965395 0.8892679 0.8538928 0.9678415 0.8765212 0.8892679 0.8538928 0.9679574 0.8539627 0.9679574 0.8539627 0.8892679 0.8538928 0.8894871 0.8112461 0.9679574 0.8539627 0.8894871 0.8112461 0.9680734 0.8314042 0.9680734 0.8314042 0.8894871 0.8112461 0.8896635 0.7769542 0.9680734 0.8314042 0.8896635 0.7769542 0.9681665 0.8133066 0.9681665 0.8133066 0.8896635 0.7769542 0.8897618 0.75786 0.9681665 0.8133066 0.8897618 0.75786 0.968218 0.8032584 0.9680272 0.8029034 0.8893998 0.7575561 0.8893998 0.7575561 0.968218 0.8032584 0.8897616 0.75786 0.968218 0.8032584 0.9680272 0.8029034 0.8893998 0.7575561 0.8893735 0.7766503 0.9680272 0.8029034 0.8893735 0.7766503 0.9680135 0.8129516 0.9680135 0.8129516 0.8893735 0.7766503 0.8893265 0.8109424 0.9680135 0.8129516 0.8893265 0.8109424 0.9679886 0.8310493 0.9679886 0.8310493 0.8893265 0.8109424 0.8892681 0.8535892 0.9679886 0.8310493 0.8892681 0.8535892 0.9679577 0.8536078 0.8892681 0.8535892 0.7755584 0.8535623 0.7754801 0.9105795 0.8892681 0.8535892 0.7754801 0.9105795 0.8892096 0.896236 0.8892096 0.896236 0.7754801 0.9105795 0.7754172 0.9564027 0.8892096 0.896236 0.7754172 0.9564027 0.8891626 0.9305279 0.8891626 0.9305279 0.7754172 0.9564027 0.7753823 0.9804392 0.8891626 0.9305279 0.7753823 0.9804392 0.8891363 0.9481602 0.8889368 0.9420425 0.775184 0.9759788 0.7751542 0.9600993 0.8889368 0.9420425 0.7751542 0.9600993 0.8888728 0.9351954 0.8887743 0.9484636 0.7748988 0.9806686 0.77503 0.9566321 0.8887743 0.9484636 0.77503 0.9566321 0.8888726 0.9308314 0.8888726 0.9308314 0.77503 0.9566321 0.7752655 0.910809 0.8888726 0.9308314 0.7752655 0.910809 0.8890488 0.8965395 0.8890488 0.8965395 0.7752655 0.910809 0.7755585 0.8537918 0.8890488 0.8965395 0.7755585 0.8537918 0.8892679 0.8538928 0.8892679 0.8538928 0.7755585 0.8537918 0.7758516 0.7967747 0.8892679 0.8538928 0.7758516 0.7967747 0.8894871 0.8112461 0.8894871 0.8112461 0.7758516 0.7967747 0.7760872 0.7509515 0.8894871 0.8112461 0.7760872 0.7509515 0.8896635 0.7769542 0.8896635 0.7769542 0.7760872 0.7509515 0.7762658 0.716205 0.8896635 0.7769542 0.7762658 0.716205 0.8897618 0.75786 0.8893998 0.7575561 0.775747 0.7159751 0.775747 0.7159751 0.8893998 0.7575561 0.775747 0.7159751 0.8893998 0.7575561 0.8893998 0.7575561 0.775747 0.7159751 0.7756994 0.7507217 0.8893998 0.7575561 0.7756994 0.7507217 0.8893735 0.7766503 0.8893735 0.7766503 0.7756994 0.7507217 0.7756366 0.796545 0.8893735 0.7766503 0.7756366 0.796545 0.8893265 0.8109424 0.8893265 0.8109424 0.7756366 0.796545 0.7755584 0.8535623 0.8893265 0.8109424 0.7755584 0.8535623 0.8892681 0.8535892 0.7755584 0.8535623 0.6493501 0.8535324 0.6492658 0.9149014 0.7755584 0.8535623 0.6492658 0.9149014 0.7754801 0.9105795 0.7754801 0.9105795 0.6492658 0.9149014 0.6491986 0.9640167 0.7754801 0.9105795 0.6491986 0.9640167 0.7754172 0.9564027 0.7754172 0.9564027 0.6491986 0.9640167 0.6491613 0.9897431 0.7754172 0.9564027 0.6491613 0.9897431 0.7753823 0.9804392 0.775184 0.9759788 0.648765 0.9837976 0.6487202 0.9684175 0.775184 0.9759788 0.6487202 0.9684175 0.7751542 0.9600993 0.7748988 0.9806686 0.6486428 0.9898903 0.6487826 0.964164 0.7748988 0.9806686 0.6487826 0.964164 0.77503 0.9566321 0.77503 0.9566321 0.6487826 0.964164 0.6490351 0.9150487 0.77503 0.9566321 0.6490351 0.9150487 0.7752655 0.910809 0.7752655 0.910809 0.6490351 0.9150487 0.6493505 0.8536797 0.7752655 0.910809 0.6493505 0.8536797 0.7755585 0.8537918 0.7755585 0.8537918 0.6493505 0.8536797 0.649666 0.7923107 0.7755585 0.8537918 0.649666 0.7923107 0.7758516 0.7967747 0.7758516 0.7967747 0.649666 0.7923107 0.6499184 0.7431956 0.7758516 0.7967747 0.6499184 0.7431956 0.7760872 0.7509515 0.7760872 0.7509515 0.6499184 0.7431956 0.6500581 0.7160073 0.7760872 0.7509515 0.6500581 0.7160073 0.7762658 0.716205 0.775747 0.7159751 0.6495389 0.7158596 0.6495016 0.743048 0.775747 0.7159751 0.6495016 0.743048 0.7756994 0.7507217 0.7756994 0.7507217 0.6495016 0.743048 0.6494342 0.7921631 0.7756994 0.7507217 0.6494342 0.7921631 0.7756366 0.796545 0.7756366 0.796545 0.6494342 0.7921631 0.6493501 0.8535324 0.7756366 0.796545 0.6493501 0.8535324 0.7755584 0.8535623 0.6491868 0.8546163 0.7628967 0.8545893 0.7629683 0.906881 0.6491868 0.8546163 0.7629683 0.906881 0.6492712 0.9159854 0.6492712 0.9159854 0.7629683 0.906881 0.7630257 0.9487238 0.6492712 0.9159854 0.7630257 0.9487238 0.6493384 0.9651006 0.6493384 0.9651006 0.7630257 0.9487238 0.7630574 0.9704192 0.6493384 0.9651006 0.7630574 0.9704192 0.6493756 0.990827 0.649772 0.9848815 0.7632534 0.9643812 0.7635346 0.9519587 0.649772 0.9848815 0.7635346 0.9519587 0.6498167 0.9695014 0.6498942 0.9909742 0.763499 0.9704923 0.7633798 0.9487971 0.6498942 0.9909742 0.7633798 0.9487971 0.6497545 0.9652479 0.6497545 0.9652479 0.7633798 0.9487971 0.7631647 0.9069544 0.6497545 0.9652479 0.7631647 0.9069544 0.6495019 0.9161326 0.6495019 0.9161326 0.7631647 0.9069544 0.762896 0.8546627 0.6495019 0.9161326 0.762896 0.8546627 0.6491864 0.8547636 0.6491864 0.8547636 0.762896 0.8546627 0.7626271 0.802371 0.6491864 0.8547636 0.7626271 0.802371 0.6488709 0.7933946 0.6488709 0.7933946 0.7626271 0.802371 0.762412 0.7605284 0.6488709 0.7933946 0.762412 0.7605284 0.6486185 0.7442795 0.6486185 0.7442795 0.762412 0.7605284 0.7622931 0.737371 0.6486185 0.7442795 0.7622931 0.737371 0.6484789 0.7170912 0.6489982 0.7169435 0.7627359 0.7372974 0.7627359 0.7372974 0.6489982 0.7169435 0.7627359 0.7372974 0.6489981 0.7169435 0.6489981 0.7169435 0.7627359 0.7372974 0.7627677 0.7604548 0.6489981 0.7169435 0.7627677 0.7604548 0.6490354 0.7441319 0.6490354 0.7441319 0.7627677 0.7604548 0.762825 0.8022975 0.6490354 0.7441319 0.762825 0.8022975 0.6491029 0.7932471 0.6491029 0.7932471 0.762825 0.8022975 0.7628967 0.8545893 0.6491029 0.7932471 0.7628967 0.8545893 0.6491868 0.8546163 0.7628967 0.8545893 0.8415862 0.8545707 0.8416274 0.8846989 0.7628967 0.8545893 0.8416274 0.8846989 0.7629683 0.906881 0.7629683 0.906881 0.8416274 0.8846989 0.8416607 0.9088531 0.7629683 0.906881 0.8416607 0.9088531 0.7630257 0.9487238 0.7630257 0.9487238 0.8416607 0.9088531 0.8416789 0.9207907 0.7630257 0.9487238 0.8416789 0.9207907 0.7630574 0.9704192 0.7632534 0.9643812 0.8417711 0.9167394 0.8417711 0.910297 0.7632534 0.9643812 0.8417711 0.910297 0.7635346 0.9519587 0.763499 0.9704923 0.8419332 0.9208127 0.8418643 0.908875 0.763499 0.9704923 0.8418643 0.908875 0.7633798 0.9487971 0.7633798 0.9487971 0.8418643 0.908875 0.8417402 0.8847211 0.7633798 0.9487971 0.8417402 0.8847211 0.7631647 0.9069544 0.7631647 0.9069544 0.8417402 0.8847211 0.8415853 0.8545928 0.7631647 0.9069544 0.8415853 0.8545928 0.762896 0.8546627 0.762896 0.8546627 0.8415853 0.8545928 0.8414305 0.8244645 0.762896 0.8546627 0.8414305 0.8244645 0.7626271 0.802371 0.7626271 0.802371 0.8414305 0.8244645 0.8413063 0.8003105 0.7626271 0.802371 0.8413063 0.8003105 0.762412 0.7605284 0.762412 0.7605284 0.8413063 0.8003105 0.8412374 0.786911 0.762412 0.7605284 0.8412374 0.786911 0.7622931 0.737371 0.7627359 0.7372974 0.8414934 0.7868886 0.8414934 0.7868886 0.7627359 0.7372974 0.8414934 0.7868886 0.7627359 0.7372974 0.7627359 0.7372974 0.8414934 0.7868886 0.8415118 0.8002883 0.7627359 0.7372974 0.8415118 0.8002883 0.7627677 0.7604548 0.7627677 0.7604548 0.8415118 0.8002883 0.8415451 0.8244423 0.7627677 0.7604548 0.8415451 0.8244423 0.762825 0.8022975 0.762825 0.8022975 0.8415451 0.8244423 0.8415862 0.8545707 0.762825 0.8022975 0.8415862 0.8545707 0.7628967 0.8545893 0.8567739 0.8545671 0.8416274 0.8846989 0.8415862 0.8545707 0.8567739 0.8545671 0.8416607 0.9088531 0.8416274 0.8846989 0.8567739 0.8545671 0.8416789 0.9207907 0.8416607 0.9088531 0.7219209 0.7888323 0.7251898 0.905429 0.7308337 0.9054756 0.856773 0.8545793 0.8418643 0.908875 0.8419332 0.9208127 0.856773 0.8545793 0.8417402 0.8847211 0.8418643 0.908875 0.856773 0.8545793 0.8415853 0.8545928 0.8417402 0.8847211 0.856773 0.8545793 0.8414305 0.8244645 0.8415853 0.8545928 0.856773 0.8545793 0.8413063 0.8003105 0.8414305 0.8244645 0.856773 0.8545793 0.8412374 0.786911 0.8413063 0.8003105 0.856773 0.8545793 0.8412374 0.786911 0.8412374 0.786911 0.8567739 0.8545671 0.8415118 0.8002883 0.8414934 0.7868886 0.8567739 0.8545671 0.8415451 0.8244423 0.8415118 0.8002883 0.8567739 0.8545671 0.8415862 0.8545707 0.8415451 0.8244423 0.5315595 0.7420027 0.5900432 0.7904039 0.4881194 0.9135594 0.5315595 0.7420027 0.4881194 0.9135594 0.4296357 0.8651583 0.12525 1.000127 0.1213785 1.00008 0.1248834 0.8393561 0.12525 1.000127 0.1248834 0.8393561 0.1258342 0.8393676 0.5900432 0.7904039 0.5315593 0.7420026 0.4296357 0.8651583 0.5900432 0.7904039 0.4296357 0.8651583 0.4881194 0.9135594 0.1213785 1.00008 0.3180751 0.9983341 0.3154816 0.8423603 0.1213785 1.00008 0.3154816 0.8423603 0.1248834 0.8393561 0.3180751 0.9983341 0.3180751 0.9983341 0.3154816 0.8423603 0.3180751 0.9983341 0.3154816 0.8423603 0.3154816 0.8423603 0.3180751 0.9983341 0.1213784 1.00008 0.1248834 0.8393561 0.3180751 0.9983341 0.1248834 0.8393561 0.3154816 0.8423603 0.5287295 0.7396606 0.4702457 0.6912593 0.3683219 0.8144148 0.5287295 0.7396606 0.3683219 0.8144148 0.4268058 0.8628161 0.1307259 0.9969702 0.1307259 0.9969702 0.1315011 0.8375777 0.1307259 0.9969702 0.1315011 0.8375777 0.1315011 0.8375777 0.4702457 0.6912593 0.5287295 0.7396605 0.4268058 0.8628161 0.4702457 0.6912593 0.4268058 0.8628161 0.3683219 0.8144148 0.12525 1.000127 0.3161024 0.9979977 0.3158093 0.841014 0.12525 1.000127 0.3158093 0.841014 0.1258342 0.8393676 0.3161024 0.9979977 0.3161024 0.9979977 0.3158093 0.841014 0.3161024 0.9979977 0.3158093 0.841014 0.3158093 0.841014 0.3161024 0.9979977 0.12525 1.000127 0.1258342 0.8393676 0.3161024 0.9979977 0.1258342 0.8393676 0.3158093 0.841014 0.1213785 1.00008 0.12525 1.000127 0.12525 1.000127 0.1213784 1.00008 0.12525 1.000127 0.1213785 1.00008 0.12525 1.000127 0.1213785 1.00008 0.1213785 1.00008 0.12525 1.000127 0.1213785 1.00008 0.12525 1.000127 0.3161024 0.9979977 0.12525 1.000127 0.3161024 0.9979977 0.12525 1.000127 0.12525 1.000127 0.3161024 0.9979977 0.12525 1.000127 0.1213785 1.00008 0.12525 1.000127 0.1213784 1.00008 0.1213785 1.00008 0.12525 1.000127 0.1213784 1.00008 0.3180751 0.9983341 0.1213785 1.00008 0.3180751 0.9983341 0.3180751 0.9983341 0.1213784 1.00008 0.1315011 0.8375777 0.1315011 0.8375777 0.2144502 0.8375777 0.2144502 0.8375777 0.1315011 0.8375777 0.2144502 0.8375777 0.301413 0.8375777 0.301413 0.8375777 0.2184639 0.8375777 0.2184639 0.8375777 0.301413 0.8375777 0.2184639 0.8375777 0.2144506 0.8375778 0.218464 0.8375777 0.2184639 0.8375777 0.2144502 0.8375777 0.2144506 0.8375778 0.2184639 0.8375777 0.2144502 0.8375777 0.2184639 0.8375777 0.2184639 0.8375777 0.2144502 0.8375777 0.2144502 0.8375777 0.2184639 0.8375777 0.2144502 0.8375777 0.2184639 0.8375777 0.218464 0.8375777 0.2144505 0.8375778 0.2144502 0.8375777 0.218464 0.8375777 0.7791341 0.1312825 0.7787846 0.1312443 0.7416222 0.1313378 0.7791341 0.1312825 0.7416222 0.1313378 0.7419719 0.1313761 0.7010899 0.044164 0.7419719 0.1313761 0.7416222 0.1313378 0.8368552 0.04382205 0.7791341 0.1312825 0.837651 0.04387766 0.7010899 0.044164 0.7787846 0.1312443 0.8368552 0.04382205 0.7018856 0.04421961 0.7791341 0.1312825 0.7419719 0.1313761 0.2194616 0.1824549 0.2396724 0.3737639 0.2402118 0.1826432 0.2194616 0.1824549 0.2189221 0.3735756 0.2396724 0.3737639 0.2194616 0.1824549 0.2402118 0.1826432 0.2396724 0.3737639 0.2194616 0.1824549 0.2396724 0.3737639 0.2189221 0.3735756 0.2194616 0.1824549 0.2396724 0.3737639 0.2402118 0.1826432 0.2194616 0.1824549 0.2189221 0.3735756 0.2396724 0.3737639 0.2194616 0.1824549 0.2402118 0.1826432 0.2396724 0.3737639 0.2194616 0.1824549 0.2396724 0.3737639 0.2189221 0.3735756 0.7010899 0.044164 0.7018856 0.04421961 0.7419719 0.1313761 0.8368552 0.04382205 0.7787846 0.1312443 0.7791341 0.1312825 0.7010899 0.044164 0.7416222 0.1313378 0.7787846 0.1312443 0.7018856 0.04421961 0.837651 0.04387766 0.7791341 0.1312825</float_array>
          <technique_common>
            <accessor source="#canoe_chinamax_Mesh-mesh-map-0-array" count="1947" stride="2">
              <param name="S" type="float"/>
              <param name="T" type="float"/>
            </accessor>
          </technique_common>
        </source>
        <vertices id="canoe_chinamax_Mesh-mesh-vertices">
          <input semantic="POSITION" source="#canoe_chinamax_Mesh-mesh-positions"/>
        </vertices>
        <triangles material="frigate_heavy_Mat-material" count="649">
          <input semantic="VERTEX" source="#canoe_chinamax_Mesh-mesh-vertices" offset="0"/>
          <input semantic="NORMAL" source="#canoe_chinamax_Mesh-mesh-normals" offset="1"/>
          <input semantic="TEXCOORD" source="#canoe_chinamax_Mesh-mesh-map-0" offset="2" set="0"/>
          <p>4 0 0 2 0 1 1 0 2 3 1 3 0 2 4 8 3 5 5 4 6 7 4 7 6 4 8 9 5 9 25 5 10 28 5 11 26 6 12 10 6 13 19 6 14 36 7 15 33 7 16 32 7 17 35 8 18 31 8 19 39 8 20 34 9 21 38 9 22 37 9 23 45 10 24 42 10 25 41 10 26 43 11 27 40 11 28 50 11 29 44 12 30 51 13 31 48 13 32 46 14 33 49 14 34 47 14 35 53 15 36 72 16 37 66 17 38 65 18 39 59 19 40 52 20 41 76 21 42 60 22 43 69 23 44 68 24 45 81 25 46 77 26 47 86 27 48 103 28 49 98 29 50 97 30 51 91 31 52 87 32 53 89 33 54 95 34 55 113 35 56 114 36 57 108 37 58 90 38 59 109 39 60 115 40 61 125 41 62 124 42 63 122 43 64 111 44 65 132 45 66 123 46 67 127 47 68 126 48 69 134 49 70 131 50 71 140 51 72 159 52 73 150 53 74 149 54 75 143 55 76 136 56 77 146 57 78 153 58 79 75 59 80 74 60 81 57 61 82 145 62 83 70 63 84 164 64 85 160 65 86 161 66 87 64 67 88 71 68 89 80 69 90 67 70 91 163 71 92 162 72 93 167 73 94 79 74 95 105 75 96 172 76 97 170 77 98 169 78 99 99 79 100 104 80 101 94 81 102 168 82 103 173 83 104 174 84 105 112 85 106 96 86 107 117 87 108 175 88 109 179 89 110 176 90 111 128 91 112 116 92 113 133 93 114 129 94 115 178 95 116 177 96 117 180 97 118 135 98 119 156 99 120 185 100 121 182 101 122 181 102 123 148 103 124 155 104 125 152 105 126 183 106 127 165 107 128 166 108 129 73 109 130 151 110 131 224 111 132 221 112 133 220 113 134 219 114 135 213 115 136 206 116 137 222 117 138 217 118 139 205 119 140 188 120 141 223 121 142 207 122 143 187 123 144 210 124 145 201 125 146 195 126 147 192 127 148 191 128 149 200 129 150 196 130 151 190 131 152 186 132 153 199 133 154 189 134 155 248 135 156 245 135 157 242 135 158 243 136 159 238 136 160 235 136 161 237 137 162 234 137 163 233 137 164 244 138 165 236 138 166 232 138 167 239 139 168 231 139 169 229 139 170 240 140 171 230 141 172 228 142 173 247 143 174 241 143 175 227 143 176 225 144 177 246 144 178 226 144 179 58 145 180 1000 146 181 997 147 182 998 148 183 54 149 184 61 150 185 56 151 186 999 152 187 1003 153 188 1004 154 189 147 155 190 55 156 191 144 157 192 1002 158 193 1007 159 194 1005 160 195 138 161 196 142 162 197 1010 163 198 141 164 199 1006 165 200 1008 166 201 1012 167 202 1011 168 203 119 169 204 198 170 205 204 171 206 203 172 207 110 173 208 121 174 209 106 175 210 202 176 211 209 177 212 208 178 213 88 179 214 107 180 215 92 181 216 211 182 217 215 183 218 216 184 219 85 185 220 93 186 221 1014 187 222 82 188 223 214 189 224 212 190 225 218 191 226 1013 192 227 83 193 228 1015 194 229 1016 195 230 1017 196 231 100 197 232 84 198 233 139 199 234 1009 200 235 1019 201 236 1021 202 237 158 203 238 137 204 239 101 205 240 1018 206 241 1023 207 242 1022 208 243 171 209 244 102 210 245 157 211 246 1020 212 247 1025 213 248 1024 214 249 184 215 250 154 216 251 120 217 252 130 218 253 194 219 254 193 220 255 197 221 256 118 222 257 62 223 258 78 224 259 1026 225 260 1027 226 261 1001 227 262 63 228 263 1029 229 264 252 230 265 250 230 266 249 231 267 1031 232 268 1028 233 269 1032 234 270 251 235 271 255 236 272 256 237 273 1034 238 274 1033 239 275 1037 240 276 1035 241 277 257 242 278 258 243 279 1038 244 280 1036 245 281 1040 246 282 259 247 283 261 248 284 262 249 285 1043 250 286 1039 251 287 1041 252 288 260 253 289 264 254 290 263 255 291 1044 256 292 1042 257 293 1046 258 294 265 259 295 267 260 296 266 261 297 1047 262 298 1045 263 299 1049 264 300 268 265 301 270 266 302 269 267 303 1050 268 304 1048 269 305 1052 270 306 1051 271 307 272 272 308 271 273 309 1054 274 310 1053 275 311 1056 276 312 273 277 313 275 278 314 274 279 315 1057 280 316 1055 281 317 1059 282 318 276 283 319 253 284 320 254 285 321 1030 286 322 1058 287 323 1066 288 324 1065 289 325 1060 290 326 1062 291 327 1069 292 328 1067 293 329 1071 294 330 1061 295 331 1072 296 332 1073 297 333 1074 298 334 1070 299 335 1079 300 336 1078 301 337 1077 302 338 1076 303 339 1081 304 340 1080 305 341 1082 306 342 1075 307 343 1084 308 344 1085 309 345 1089 310 346 1083 311 347 1087 312 348 1086 313 349 1092 314 350 1091 315 351 1093 316 352 1088 317 353 1095 318 354 1090 319 355 1098 320 356 1096 321 357 1097 322 358 277 323 359 1094 324 360 278 325 361 1100 326 362 1103 327 363 1101 328 364 283 329 365 284 330 366 1105 331 367 1102 332 368 282 333 369 285 334 370 1107 335 371 1106 336 372 1104 337 373 281 338 374 1116 339 375 1113 340 376 1109 341 377 1117 342 378 1110 343 379 1118 344 380 1122 345 381 1114 346 382 1119 347 383 1120 348 384 1108 349 385 1063 350 386 1064 351 387 1068 352 388 1121 353 389 279 354 390 1099 355 391 1123 356 392 1124 357 393 1125 358 394 280 359 395 1127 360 396 1126 361 397 1111 362 398 1112 363 399 1115 364 400 1128 365 401 286 366 402 717 367 403 721 368 404 288 369 405 720 370 406 887 371 407 287 372 408 886 373 409 728 374 410 289 375 411 729 376 412 314 377 413 321 378 414 529 379 415 521 380 416 320 381 417 522 382 418 517 383 419 319 384 420 516 385 421 291 386 422 317 387 423 308 388 424 294 389 425 293 390 426 290 391 427 315 392 428 313 393 429 727 394 430 731 395 431 312 396 432 732 397 433 890 398 434 311 399 435 891 400 436 747 401 437 310 402 438 752 403 439 328 404 440 337 405 441 538 406 442 533 407 443 338 408 444 534 409 445 525 410 446 336 411 447 524 412 448 318 413 449 297 414 450 545 414 451 551 415 452 296 416 453 552 417 454 558 418 455 295 419 456 559 420 457 344 419 458 349 421 459 740 422 460 743 423 461 350 424 462 742 425 463 895 426 464 351 427 465 894 428 466 899 427 467 348 429 468 898 429 469 303 429 470 333 430 471 353 431 472 307 432 473 309 433 474 316 434 475 334 435 476 330 436 477 751 437 478 754 438 479 331 439 480 755 440 481 905 441 482 327 442 483 907 443 484 771 444 485 329 445 486 769 446 487 358 447 488 366 448 489 567 449 490 564 450 491 365 451 492 563 452 493 540 453 494 364 454 495 541 455 496 335 456 497 343 457 498 556 458 499 575 459 500 341 460 501 574 461 502 581 462 503 342 463 504 583 464 505 371 463 506 378 465 507 758 466 508 766 467 509 376 468 510 764 469 511 908 470 512 374 471 513 910 472 514 736 473 515 377 474 516 738 475 517 347 474 518 362 476 519 381 477 520 354 478 521 352 479 522 332 480 523 360 481 524 355 482 525 774 483 526 775 484 527 359 485 528 779 486 529 915 487 530 357 488 531 912 489 532 874 490 533 356 491 534 873 492 535 384 493 536 391 494 537 592 495 538 588 496 539 393 497 540 585 498 541 570 499 542 392 500 543 571 501 544 363 502 545 368 503 546 577 504 547 596 505 548 369 506 549 595 507 550 601 506 551 370 508 552 602 508 553 400 508 554 404 509 555 782 509 556 789 510 557 405 511 558 790 512 559 916 513 560 407 514 561 918 515 562 762 516 563 406 517 564 760 518 565 375 517 566 389 519 567 409 520 568 380 521 569 379 522 570 361 523 571 388 524 572 974 525 573 984 526 574 996 527 575 436 528 576 615 529 577 608 530 578 437 531 579 613 532 580 977 533 581 438 534 582 976 535 583 415 536 584 417 537 585 623 538 586 629 539 587 419 540 588 632 541 589 639 542 590 418 543 591 636 544 592 445 545 593 453 546 594 793 547 595 799 548 596 450 549 597 802 550 598 923 551 599 451 552 600 921 553 601 927 554 602 452 555 603 928 556 604 421 557 605 434 558 606 457 559 607 426 560 608 425 561 609 413 562 610 432 563 611 427 564 612 806 565 613 809 566 614 431 567 615 811 568 616 930 569 617 430 570 618 931 571 619 826 572 620 429 573 621 825 574 622 459 575 623 468 576 624 646 577 625 642 578 626 466 579 627 641 580 628 619 581 629 467 582 630 618 583 631 439 584 632 444 585 633 635 586 634 656 587 635 446 588 636 653 589 637 662 590 638 447 591 639 663 592 640 471 593 641 476 594 642 819 595 643 823 596 644 477 597 645 821 598 646 935 599 647 480 600 648 937 601 649 796 602 650 479 603 651 792 604 652 454 605 653 465 606 654 483 607 655 455 608 656 456 609 657 433 610 658 464 611 659 462 612 660 828 613 661 831 614 662 461 615 663 832 616 664 938 617 665 460 618 666 939 619 667 851 620 668 458 621 669 850 622 670 499 623 671 509 624 672 672 625 673 666 626 674 507 627 675 665 628 676 650 629 677 508 630 678 649 631 679 469 632 680 472 633 681 660 634 682 679 635 683 474 636 684 680 637 685 681 638 686 473 639 687 682 640 688 484 641 689 491 642 690 838 643 691 846 644 692 493 645 693 844 646 694 943 647 695 494 648 696 942 649 697 814 650 698 492 651 699 816 652 700 478 653 701 506 654 702 497 655 703 482 656 704 481 657 705 463 658 706 505 659 707 502 660 708 847 661 709 856 662 710 501 663 711 855 664 712 949 665 713 500 666 714 948 667 715 1130 668 716 503 669 717 1129 670 718 1132 671 719 1141 672 720 1135 673 721 688 674 722 1139 675 723 689 676 724 669 677 725 1140 678 726 671 679 727 510 680 728 1134 681 729 1146 682 730 498 683 731 496 684 732 504 685 733 1133 686 734 966 687 735 967 687 736 858 687 737 604 688 738 706 689 739 714 690 740 401 691 741 603 692 742 716 693 743 712 694 744 591 695 745 390 695 746 402 696 747 715 697 748 394 698 749 399 699 750 367 699 751 340 699 752 396 700 753 339 701 754 324 702 755 322 703 756 292 704 757 511 705 758 513 706 759 470 706 760 441 706 761 440 707 762 982 708 763 625 709 764 435 710 765 626 711 766 416 710 767 442 712 768 420 712 769 448 712 770 514 713 771 443 713 772 449 713 773 514 714 774 449 714 775 475 714 776 514 715 777 475 715 778 490 715 779 323 716 780 512 717 781 488 718 782 485 719 783 684 720 784 695 721 785 487 722 786 698 723 787 700 724 788 702 725 789 547 726 790 299 726 791 486 727 792 701 728 793 298 729 794 325 730 795 489 730 796 301 730 797 399 731 798 326 731 799 302 731 800 398 732 801 300 732 802 346 732 803 395 733 804 345 734 805 372 735 806 403 736 807 397 736 808 373 736 809 383 737 810 872 737 811 877 738 812 382 739 813 880 740 814 885 741 815 385 742 816 884 743 817 962 744 818 387 745 819 963 746 820 784 747 821 386 748 822 783 749 823 408 750 824 528 751 825 730 752 826 888 753 827 526 754 828 889 755 829 723 756 830 718 757 831 515 758 832 519 759 833 722 760 834 719 761 835 518 762 836 527 763 837 724 764 838 520 765 839 537 766 840 748 767 841 893 768 842 536 769 843 892 770 844 735 771 845 725 772 846 523 773 847 530 774 848 733 775 849 726 776 850 532 777 851 535 778 852 734 779 853 531 780 854 543 781 855 900 781 856 896 782 857 544 783 858 897 784 859 746 785 860 741 786 861 557 787 862 548 788 863 744 789 864 739 790 865 549 791 866 542 792 867 745 793 868 550 794 869 568 795 870 770 796 871 906 797 872 566 798 873 904 799 874 757 800 875 749 801 876 539 802 877 560 803 878 756 804 879 750 805 880 562 806 881 565 807 882 753 808 883 561 809 884 554 810 885 737 811 886 911 812 887 553 813 888 909 814 889 765 815 890 761 816 891 580 817 892 573 818 893 767 819 894 759 820 895 572 821 896 555 822 897 768 823 898 576 824 899 593 825 900 875 826 901 913 827 902 594 828 903 914 829 904 778 830 905 772 831 906 569 832 907 584 833 908 776 834 909 773 835 910 586 836 911 590 837 912 777 838 913 587 839 914 582 840 915 763 841 916 919 842 917 578 843 918 917 844 919 787 845 920 781 846 921 600 846 922 598 847 923 786 848 924 780 849 925 597 850 926 579 851 927 788 852 928 599 853 929 614 854 930 804 855 931 994 856 932 617 857 933 995 858 934 985 859 935 925 860 936 624 861 937 980 862 938 950 863 939 924 864 940 981 865 941 988 866 942 951 867 943 979 868 944 991 869 945 983 870 946 611 871 947 987 872 948 992 873 949 610 874 950 616 875 951 986 876 952 609 877 953 627 878 954 929 879 955 920 880 956 621 881 957 922 882 958 801 883 959 797 884 960 638 885 961 631 886 962 798 887 963 794 888 964 630 889 965 622 890 966 800 891 967 628 892 968 647 893 969 827 894 970 933 895 971 645 896 972 932 897 973 812 898 974 808 899 975 620 900 976 644 901 977 810 902 978 807 903 979 640 904 980 648 905 981 813 906 982 643 907 983 637 908 984 795 909 985 936 910 986 633 911 987 934 912 988 820 913 989 817 914 990 661 915 991 652 916 992 822 917 993 818 918 994 654 919 995 634 920 996 824 921 997 655 922 998 675 923 999 852 924 1000 940 925 1001 673 926 1002 941 927 1003 834 928 1004 830 929 1005 651 930 1006 667 931 1007 833 932 1008 829 933 1009 664 934 1010 674 935 1011 835 936 1012 668 937 1013 659 938 1014 815 939 1015 944 940 1016 658 941 1017 945 942 1018 845 943 1019 836 944 1020 683 945 1021 676 946 1022 843 947 1023 837 948 1024 678 949 1025 657 950 1026 842 951 1027 677 952 1028 1138 953 1029 1131 954 1030 946 955 1031 1136 956 1032 947 957 1033 854 958 1034 848 959 1035 670 960 1036 691 961 1037 853 962 1038 849 963 1039 690 964 1040 1137 965 1041 857 966 1042 692 967 1043 612 968 1044 414 969 1045 978 970 1046 969 971 1047 975 971 1048 968 971 1049 989 972 1050 412 973 1051 424 974 1052 953 975 1053 990 976 1054 423 977 1055 952 978 1056 422 979 1057 926 980 1058 970 981 1059 971 981 1060 693 981 1061 685 982 1062 839 983 1063 957 984 1064 687 985 1065 956 986 1066 860 987 1067 903 988 1068 546 988 1069 705 989 1070 959 990 1071 902 991 1072 703 992 1073 867 993 1074 958 994 1075 704 995 1076 866 996 1077 699 997 1078 697 998 1079 863 999 1080 865 1000 1081 696 1001 1082 686 1002 1083 861 1003 1084 694 1004 1085 840 1005 1086 495 1006 1087 1142 1007 1088 955 1008 1089 841 1009 1090 1144 1010 1091 859 1011 1092 954 1012 1093 1143 1013 1094 864 1014 1095 862 1015 1096 1147 1016 1097 869 1017 1098 1145 1018 1099 304 1018 1100 960 1019 1101 868 1020 1102 305 1021 1103 961 1022 1104 306 1023 1105 901 1023 1106 605 1024 1107 785 1025 1108 964 1026 1109 607 1027 1110 965 1028 1111 882 1029 1112 870 1030 1113 589 1030 1114 710 1031 1115 876 1032 1116 871 1033 1117 711 1034 1118 878 1035 1119 713 1036 1120 707 1037 1121 881 1038 1122 879 1039 1123 708 1040 1124 606 1041 1125 883 1042 1126 709 1043 1127 972 1044 1128 973 1044 1129 791 1044 1130 805 1045 1131 428 1046 1132 410 1047 1133 411 1048 1134 993 1049 1135 803 1050 1136 1203 1051 1137 1186 1052 1138 1184 1052 1139 1185 1053 1140 1202 1054 1141 1204 1055 1142 1206 1056 1143 1189 1057 1144 1187 1057 1145 1188 1058 1146 1205 1059 1147 1207 1060 1148 1209 1061 1149 1192 1062 1150 1191 1062 1151 1190 1063 1152 1208 1064 1153 1210 1065 1154 1212 1066 1155 1195 1067 1156 1194 1067 1157 1193 1068 1158 1211 1069 1159 1213 1070 1160 1215 1071 1161 1198 1072 1162 1197 1072 1163 1196 1073 1164 1214 1074 1165 1216 1075 1166 1218 1076 1167 1201 1077 1168 1199 1077 1169 1200 1078 1170 1217 1079 1171 1219 1080 1172 1149 1081 1173 1150 1082 1174 1168 1083 1175 1167 1084 1176 1166 1085 1177 1148 1086 1178 1152 1087 1179 1153 1088 1180 1171 1089 1181 1170 1090 1182 1169 1091 1183 1151 1092 1184 1154 1093 1185 1156 1094 1186 1173 1095 1187 1174 1096 1188 1172 1097 1189 1155 1098 1190 1157 1099 1191 1159 1100 1192 1176 1101 1193 1177 1102 1194 1175 1103 1195 1158 1104 1196 1160 1105 1197 1162 1106 1198 1179 1107 1199 1180 1108 1200 1178 1109 1201 1161 1110 1202 1164 1111 1203 1165 1112 1204 1182 1113 1205 1183 1114 1206 1181 1115 1207 1163 1116 1208 1223 1117 1209 1236 1117 1210 1234 1117 1211 1233 1118 1212 1230 1118 1213 1220 1118 1214 29 1119 1215 1225 1119 1216 15 1119 1217 18 1120 1218 1253 1120 1219 1229 1120 1220 21 1121 1221 1227 1121 1222 1232 1121 1223 23 1122 1224 1237 1122 1225 27 1122 1226 1240 1123 1227 1256 1123 1228 1245 1123 1229 11 1124 1230 1246 1124 1231 20 1124 1232 14 1125 1233 1251 1125 1234 1243 1125 1235 1222 1126 1236 1255 1126 1237 1248 1126 1238 30 1127 1239 1239 1127 1240 1226 1127 1241 17 1128 1242 1244 1128 1243 1252 1128 1244 22 1129 1245 16 1129 1246 1228 1129 1247 24 1130 1248 1235 1130 1249 1238 1130 1250 1241 1131 1251 1249 1131 1252 1257 1131 1253 12 1132 1254 1242 1132 1255 1247 1132 1256 13 1133 1257 1224 1133 1258 1250 1133 1259 1221 1134 1260 1231 1134 1261 1254 1134 1262 1259 1135 1263 1269 1136 1264 1271 1137 1265 1260 1138 1266 1274 1139 1267 1277 1140 1268 1263 1141 1269 1279 1142 1270 1281 1143 1271 1264 1144 1272 1283 1145 1273 1284 1146 1274 1731 1147 1275 1727 1148 1276 1286 1149 1277 1734 1150 1278 1288 1151 1279 1293 1152 1280 1735 1153 1281 1290 1154 1282 1297 1155 1283 1732 1156 1284 1298 1157 1285 1300 1158 1286 1730 1159 1287 1301 1160 1288 1308 1161 1289 1733 1162 1290 1306 1163 1291 1312 1164 1292 1258 1165 1293 1737 1166 1294 1316 1167 1295 1261 1168 1296 1313 1169 1297 1321 1170 1298 1265 1171 1299 1320 1172 1300 1324 1173 1301 1262 1174 1302 1326 1175 1303 1267 1176 1304 1270 1177 1305 1332 1178 1306 1337 1179 1307 1268 1180 1308 1333 1181 1309 1272 1182 1310 1275 1183 1311 1336 1184 1312 1341 1185 1313 1273 1186 1314 1344 1187 1315 1280 1188 1316 1278 1189 1317 1340 1190 1318 1347 1191 1319 1276 1192 1320 1346 1193 1321 1282 1194 1322 1741 1195 1323 1738 1196 1324 1348 1197 1325 1742 1198 1326 1350 1199 1327 1743 1200 1328 1729 1201 1329 1746 1202 1330 1354 1203 1331 1728 1204 1332 1353 1205 1333 1285 1206 1334 1287 1207 1335 1351 1208 1336 1359 1209 1337 1289 1210 1338 1357 1211 1339 1291 1212 1340 1292 1213 1341 1360 1214 1342 1368 1215 1343 1294 1216 1344 1366 1217 1345 1295 1218 1346 1296 1219 1347 1367 1220 1348 1370 1221 1349 1299 1222 1350 1369 1223 1351 1304 1224 1352 1303 1225 1353 1374 1226 1354 1375 1227 1355 1302 1228 1356 1380 1229 1357 1309 1230 1358 1307 1231 1359 1379 1232 1360 1382 1233 1361 1305 1234 1362 1381 1235 1363 1311 1236 1364 1736 1237 1365 1749 1238 1366 1387 1239 1367 1310 1240 1368 1751 1241 1369 1750 1242 1370 1314 1243 1371 1386 1244 1372 1389 1245 1373 1315 1246 1374 1390 1247 1375 1319 1248 1376 1318 1249 1377 1393 1250 1378 1400 1251 1379 1317 1252 1380 1398 1253 1381 1325 1254 1382 1323 1255 1383 1395 1256 1384 1328 1257 1385 1322 1258 1386 1327 1259 1387 1266 1260 1388 1331 1261 1389 1406 1262 1390 1411 1263 1391 1329 1264 1392 1409 1265 1393 1334 1266 1394 1338 1267 1395 1412 1268 1396 1415 1269 1397 1335 1270 1398 1413 1271 1399 1343 1272 1400 1342 1273 1401 1417 1274 1402 1421 1275 1403 1339 1276 1404 1420 1277 1405 1345 1278 1406 1739 1279 1407 1753 1280 1408 1423 1281 1409 1740 1282 1410 1422 1283 1411 1349 1284 1412 1745 1285 1413 1755 1286 1414 1428 1287 1415 1744 1288 1416 1425 1289 1417 1355 1290 1418 1352 1291 1419 1427 1292 1420 1432 1293 1421 1356 1294 1422 1434 1295 1423 1361 1296 1424 1362 1297 1425 1436 1298 1426 1441 1299 1427 1358 1300 1428 1437 1301 1429 1365 1302 1430 1363 1303 1431 1440 1304 1432 1445 1305 1433 1364 1306 1434 1447 1307 1435 1372 1308 1436 1373 1309 1437 1443 1310 1438 1450 1311 1439 1371 1312 1440 1453 1313 1441 1378 1314 1442 1377 1315 1443 1451 1316 1444 1455 1317 1445 1376 1318 1446 1457 1319 1447 1383 1320 1448 1747 1321 1449 1758 1322 1450 1458 1323 1451 1748 1324 1452 1460 1325 1453 1384 1326 1454 1388 1327 1455 1461 1328 1456 1467 1329 1457 1385 1330 1458 1466 1331 1459 1392 1332 1460 1394 1333 1461 1463 1334 1462 1469 1335 1463 1391 1336 1464 1472 1337 1465 1399 1338 1466 1396 1339 1467 1473 1340 1468 1402 1341 1469 1397 1342 1470 1403 1343 1471 1330 1344 1472 1405 1345 1473 1478 1346 1474 1481 1347 1475 1401 1348 1476 1482 1349 1477 1407 1350 1478 1410 1351 1479 1485 1352 1480 1489 1353 1481 1408 1354 1482 1491 1355 1483 1414 1356 1484 1418 1357 1485 1492 1358 1486 1495 1359 1487 1416 1360 1488 1493 1361 1489 1419 1362 1490 1752 1363 1491 1761 1364 1492 1498 1365 1493 1754 1366 1494 1496 1367 1495 1424 1368 1496 1756 1369 1497 1763 1370 1498 1500 1371 1499 1757 1372 1500 1504 1373 1501 1429 1374 1502 1426 1375 1503 1501 1376 1504 1507 1377 1505 1430 1378 1506 1510 1379 1507 1435 1380 1508 1433 1381 1509 1508 1382 1510 1511 1383 1511 1431 1384 1512 1515 1385 1513 1438 1386 1514 1439 1387 1515 1514 1388 1516 1519 1389 1517 1442 1390 1518 1517 1391 1519 1444 1392 1520 1448 1393 1521 1520 1394 1522 1527 1395 1523 1446 1396 1524 1528 1397 1525 1449 1398 1526 1454 1399 1527 1524 1400 1528 1529 1401 1529 1452 1402 1530 1530 1403 1531 1456 1404 1532 1462 1405 1533 1532 1406 1534 1537 1407 1535 1459 1408 1536 1539 1409 1537 1465 1410 1538 1464 1411 1539 1540 1412 1540 1545 1413 1541 1468 1414 1542 1544 1415 1543 1474 1416 1544 1470 1417 1545 1543 1418 1546 1475 1419 1547 1471 1420 1548 1476 1421 1549 1404 1422 1550 1477 1423 1551 1550 1424 1552 1557 1425 1553 1479 1426 1554 1556 1427 1555 1486 1428 1556 1484 1429 1557 1559 1430 1558 1560 1431 1559 1483 1432 1560 1563 1433 1561 1490 1434 1562 1488 1435 1563 1564 1436 1564 1568 1437 1565 1487 1438 1566 1567 1439 1567 1494 1440 1568 1760 1441 1569 1765 1442 1570 1571 1443 1571 1759 1444 1572 1569 1445 1573 1497 1446 1574 1764 1447 1575 1768 1448 1576 1575 1449 1577 1762 1450 1578 1573 1451 1579 1502 1452 1580 1499 1453 1581 1576 1454 1582 1579 1455 1583 1503 1456 1584 1580 1457 1585 1509 1458 1586 1506 1459 1587 1583 1460 1588 1584 1461 1589 1505 1462 1590 1589 1463 1591 1516 1464 1592 1512 1465 1593 1588 1466 1594 1593 1467 1595 1513 1468 1596 1592 1469 1597 1518 1470 1598 1522 1471 1599 1595 1472 1600 1601 1473 1601 1521 1474 1602 1599 1475 1603 1526 1476 1604 1523 1477 1605 1598 1478 1606 1603 1479 1607 1525 1480 1608 1604 1481 1609 1531 1482 1610 1774 1483 1611 1771 1484 1612 1607 1485 1613 1775 1486 1614 1609 1487 1615 1533 1488 1616 1535 1489 1617 1605 1490 1618 1612 1491 1619 1534 1492 1620 1613 1493 1621 1541 1494 1622 1538 1495 1623 1614 1496 1624 1619 1497 1625 1536 1498 1626 1618 1499 1627 1546 1500 1628 1547 1501 1629 1617 1502 1630 1551 1503 1631 1542 1504 1632 1553 1505 1633 1480 1506 1634 1549 1507 1635 1623 1508 1636 1629 1509 1637 1548 1510 1638 1631 1511 1639 1554 1512 1640 1555 1513 1641 1628 1514 1642 1633 1515 1643 1558 1516 1644 1634 1517 1645 1562 1518 1646 1561 1519 1647 1636 1520 1648 1640 1521 1649 1565 1522 1650 1638 1523 1651 1566 1524 1652 1766 1525 1653 1776 1526 1654 1641 1527 1655 1767 1528 1656 1642 1529 1657 1570 1530 1658 1770 1531 1659 1777 1532 1660 1643 1533 1661 1769 1534 1662 1647 1535 1663 1577 1536 1664 1574 1537 1665 1645 1538 1666 1652 1539 1667 1572 1540 1668 1648 1541 1669 1578 1542 1670 1582 1543 1671 1651 1544 1672 1653 1545 1673 1581 1546 1674 1654 1547 1675 1585 1548 1676 1587 1549 1677 1655 1550 1678 1658 1551 1679 1586 1552 1680 1659 1553 1681 1594 1554 1682 1590 1555 1683 1660 1556 1684 1664 1557 1685 1591 1558 1686 1663 1559 1687 1600 1560 1688 1596 1561 1689 1665 1562 1690 1671 1563 1691 1597 1564 1692 1670 1565 1693 1602 1566 1694 1772 1567 1695 1779 1568 1696 1675 1569 1697 1773 1570 1698 1673 1571 1699 1610 1572 1700 1606 1573 1701 1674 1574 1702 1678 1575 1703 1608 1576 1704 1677 1577 1705 1616 1578 1706 1611 1579 1707 1679 1580 1708 1681 1581 1709 1615 1582 1710 1682 1583 1711 1621 1584 1712 1620 1585 1713 1685 1586 1714 1626 1587 1715 1622 1588 1716 1625 1589 1717 1552 1590 1718 1689 1591 1719 1632 1592 1720 1624 1593 1721 1687 1594 1722 1635 1595 1723 1630 1596 1724 1691 1597 1725 1639 1598 1726 1637 1599 1727 1782 1600 1728 1781 1601 1729 1780 1602 1730 1783 1603 1731 1644 1604 1732 1778 1605 1733 1788 1606 1734 1650 1607 1735 1646 1608 1736 1785 1609 1737 1657 1610 1738 1649 1611 1739 1787 1612 1740 1662 1613 1741 1656 1614 1742 1784 1615 1743 1667 1616 1744 1661 1617 1745 1789 1618 1746 1669 1619 1747 1666 1620 1748 1786 1621 1749 1790 1622 1750 1668 1623 1751 1686 1624 1752 1680 1625 1753 1672 1626 1754 1690 1627 1755 1684 1628 1756 1676 1629 1757 1688 1630 1758 1627 1631 1759 1683 1632 1760 1693 1633 1761 1694 1634 1762 1707 1635 1763 1692 1636 1764 1706 1637 1765 1705 1638 1766 1792 1639 1767 1695 1640 1768 1709 1641 1769 1791 1642 1770 1708 1643 1771 1793 1644 1772 1794 1645 1773 1696 1645 1774 1710 1645 1775 1794 1646 1776 1710 1646 1777 1795 1646 1778 1797 1647 1779 1697 1648 1780 1712 1649 1781 1796 1650 1782 1711 1651 1783 1798 1652 1784 1800 1653 1785 1698 1653 1786 1714 1653 1787 1799 1654 1788 1713 1655 1789 1801 1656 1790 1803 1657 1791 1699 1658 1792 1716 1659 1793 1802 1660 1794 1715 1661 1795 1804 1662 1796 1806 1663 1797 1700 1663 1798 1718 1663 1799 1805 1664 1800 1717 1664 1801 1807 1664 1802 1808 1665 1803 1701 1665 1804 1719 1665 1805 1809 1666 1806 1720 1667 1807 1810 1668 1808 1811 1669 1809 1702 1670 1810 1721 1671 1811 1812 1672 1812 1722 1673 1813 1813 1674 1814 1814 1675 1815 1703 1675 1816 1723 1675 1817 1815 1676 1818 1724 1677 1819 1816 1678 1820 1818 1679 1821 1704 1680 1822 1726 1681 1823 1817 1682 1824 1725 1683 1825 1819 1684 1826 1824 1685 1827 1822 1686 1828 1821 1687 1829 1823 1688 1830 1820 1689 1831 1825 1690 1832 1833 1691 1833 1830 1692 1834 1826 1693 1835 1834 1694 1836 1827 1695 1837 1832 1696 1838 1841 1697 1839 1840 1697 1840 1837 1697 1841 1845 1697 1842 1840 1697 1843 1841 1697 1844 1847 1698 1845 1842 1699 1846 1846 1700 1847 1829 1701 1848 1844 1702 1849 1848 1703 1850 1828 1704 1851 1838 1705 1852 1843 1706 1853 1836 1697 1854 1840 1697 1855 1831 1697 1856 1835 1707 1857 1849 1708 1858 1839 1709 1859 1851 1697 1860 1850 1697 1861 1836 1697 1862 1859 1710 1863 1857 1711 1864 1856 1712 1865 1863 1713 1866 1858 1714 1867 1854 1715 1868 1871 1716 1869 1869 1713 1870 1868 1717 1871 1874 1718 1872 1870 1719 1873 1867 1720 1874 1877 1721 1875 1876 1722 1876 1873 1723 1877 1855 1724 1878 1878 1725 1879 1875 1726 1880 1852 1727 1881 1872 1728 1882 1864 1729 1883 1861 1730 1884 1853 1731 1885 1866 1732 1886 1860 1733 1887 1865 1734 1888 1879 1735 1889 1881 1736 1890 1862 1737 1891 1880 1738 1892 1904 1739 1893 1896 1740 1894 1899 1741 1895 1905 1742 1896 1900 1743 1897 1909 1744 1898 1892 1745 1899 1911 1746 1900 1898 1747 1901 1889 1748 1902 1902 1749 1903 1883 1750 1904 1891 1751 1905 1894 1752 1906 1888 1753 1907 1885 1754 1908 1907 1755 1909 1908 1756 1910 1912 1757 1911 1917 1758 1912 1915 1759 1913 1913 1760 1914 1914 1761 1915 1916 1762 1916 1919 1763 1917 1921 1764 1918 1922 1765 1919 1918 1766 1920 1923 1767 1921 1920 1768 1922 1924 1769 1923 1929 1770 1924 1927 1771 1925 1925 1772 1926 1926 1773 1927 1928 1774 1928 1931 1775 1929 1933 1776 1930 1934 1777 1931 1930 1778 1932 1935 1779 1933 1932 1780 1934 1893 1781 1935 1886 1782 1936 1910 1783 1937 1887 1784 1938 1897 1785 1939 1903 1786 1940 1890 1787 1941 1901 1788 1942 1895 1789 1943 1884 1790 1944 1882 1791 1945 1906 1792 1946</p>
        </triangles>
      </mesh>
    </geometry>
  </library_geometries>
  <library_controllers>
    <controller id="balloon_dread_Skin_canoe_chinamax-skin" name="balloon_dread_Skin">
      <skin source="#canoe_chinamax_Mesh-mesh">
        <bind_shape_matrix>1 0 0 0 0 1 0 0 0 0 1 0 0 0 0 1</bind_shape_matrix>
        <source id="balloon_dread_Skin_canoe_chinamax-skin-joints">
          <Name_array id="balloon_dread_Skin_canoe_chinamax-skin-joints-array" count="4">Root Dummy02 ammo_node_0 pivot_node_0</Name_array>
          <technique_common>
            <accessor source="#balloon_dread_Skin_canoe_chinamax-skin-joints-array" count="4" stride="1">
              <param name="JOINT" type="name"/>
            </accessor>
          </technique_common>
        </source>
        <source id="balloon_dread_Skin_canoe_chinamax-skin-bind_poses">
          <float_array id="balloon_dread_Skin_canoe_chinamax-skin-bind_poses-array" count="64">1 0 0 -0.6400311 0 1 0 -0.008515894 0 0 1 0.001969337 0 0 0 1 1 0 0 -0.6400311 0 1 0 13.21571 0 0 1 0.001969337 0 0 0 1 1 0 0 -0.6400311 0 1 0 6.338275 0 0 1 13.89321 0 0 0 1 1 0 0 -0.01608479 0 1 0 -73.15826 0 0 1 -6.684391 0 0 0 1</float_array>
          <technique_common>
            <accessor source="#balloon_dread_Skin_canoe_chinamax-skin-bind_poses-array" count="4" stride="16">
              <param name="TRANSFORM" type="float4x4"/>
            </accessor>
          </technique_common>
        </source>
        <source id="balloon_dread_Skin_canoe_chinamax-skin-weights">
          <float_array id="balloon_dread_Skin_canoe_chinamax-skin-weights-array" count="1936">1 1 1 1 1 1 1 1 1 1 1 1 1 1 1 1 1 1 1 1 1 1 1 1 1 1 1 1 1 1 1 1 1 1 1 1 1 1 1 1 1 1 1 1 1 1 1 1 1 1 1 1 1 1 1 1 1 1 1 1 1 1 1 1 1 1 1 1 1 1 1 1 1 1 1 1 1 1 1 1 1 1 1 1 1 1 1 1 1 1 1 1 1 1 1 1 1 1 1 1 1 1 1 1 1 1 1 1 1 1 1 1 1 1 1 1 1 1 1 1 1 1 1 1 1 1 1 1 1 1 1 1 1 1 1 1 1 1 1 1 1 1 1 1 1 1 1 1 1 1 1 1 1 1 1 1 1 1 1 1 1 1 1 1 1 1 1 1 1 1 1 1 1 1 1 1 1 1 1 1 1 1 1 1 1 1 1 1 1 1 1 1 1 1 1 1 1 1 1 1 1 1 1 1 1 1 1 1 1 1 1 1 1 1 1 1 1 1 1 1 1 1 1 1 1 1 1 1 1 1 1 1 1 1 1 1 1 1 1 1 1 1 1 1 1 1 1 1 1 1 1 1 1 1 1 1 1 1 1 1 1 1 1 1 1 1 1 1 1 1 1 1 1 1 1 1 1 1 1 1 1 1 1 1 1 1 1 1 1 1 1 1 1 1 1 1 1 1 1 1 1 1 1 1 1 1 1 1 1 1 1 1 1 1 1 1 1 1 1 1 1 1 1 1 1 1 1 1 1 1 1 1 1 1 1 1 1 1 1 1 1 1 1 1 1 1 1 1 1 1 1 1 1 1 1 1 1 1 1 1 1 1 1 1 1 1 1 1 1 1 1 1 1 1 1 1 1 1 1 1 1 1 1 1 1 1 1 1 1 1 1 1 1 1 1 1 1 1 1 1 1 1 1 1 1 1 1 1 1 1 1 1 1 1 1 1 1 1 1 1 1 1 1 1 1 1 1 1 1 1 1 1 1 1 1 1 1 1 1 1 1 1 1 1 1 1 1 1 1 1 1 1 1 1 1 1 1 1 1 1 1 1 1 1 1 1 1 1 1 1 1 1 1 1 1 1 1 1 1 1 1 1 1 1 1 1 1 1 1 1 1 1 1 1 1 1 1 1 1 1 1 1 1 1 1 1 1 1 1 1 1 1 1 1 1 1 1 1 1 1 1 1 1 1 1 1 1 1 1 1 1 1 1 1 1 1 1 1 1 1 1 1 1 1 1 1 1 1 1 1 1 1 1 1 1 1 1 1 1 1 1 1 1 1 1 1 1 1 1 1 1 1 1 1 1 1 1 1 1 1 1 1 1 1 1 1 1 1 1 1 1 1 1 1 1 1 1 1 1 1 1 1 1 1 1 1 1 1 1 1 1 1 1 1 1 1 1 1 1 1 1 1 1 1 1 1 1 1 1 1 1 1 1 1 1 1 1 1 1 1 1 1 1 1 1 1 1 1 1 1 1 1 1 1 1 1 1 1 1 1 1 1 1 1 1 1 1 1 1 1 1 1 1 1 1 1 1 1 1 1 1 1 1 1 1 1 1 1 1 1 1 1 1 1 1 1 1 1 1 1 1 1 1 1 1 1 1 1 1 1 1 1 1 1 1 1 1 1 1 1 1 1 1 1 1 1 1 1 1 1 1 1 1 1 1 1 1 1 1 1 1 1 1 1 1 1 1 1 1 1 1 1 1 1 1 1 1 1 1 1 1 1 1 1 1 1 1 1 1 1 1 1 1 1 1 1 1 1 1 1 1 1 1 1 1 1 1 1 1 1 1 1 1 1 1 1 1 1 1 1 1 1 1 1 1 1 1 1 1 1 1 1 1 1 1 1 1 1 1 1 1 1 1 1 1 1 1 1 1 1 1 1 1 1 1 1 1 1 1 1 1 1 1 1 1 1 1 1 1 1 1 1 1 1 1 1 1 1 1 1 1 1 1 1 1 1 1 1 1 1 1 1 1 1 1 1 1 1 1 1 1 1 1 1 1 1 1 1 1 1 1 1 1 1 1 1 1 1 1 1 1 1 1 1 1 1 1 1 1 1 1 1 1 1 1 1 1 1 1 1 1 1 1 1 1 1 1 1 1 1 1 1 1 1 1 1 1 1 1 1 1 1 1 1 1 1 1 1 1 1 1 1 1 1 1 1 1 1 1 1 1 1 1 1 1 1 1 1 1 1 1 1 1 1 1 1 1 1 1 1 1 1 1 1 1 1 1 1 1 1 1 1 1 1 1 1 1 1 1 1 1 1 1 1 1 1 1 1 1 1 1 1 1 1 1 1 1 1 1 1 1 1 1 1 1 1 1 1 1 1 1 1 1 1 1 1 1 1 1 1 1 1 1 1 1 1 1 1 1 1 1 1 1 1 1 1 1 1 1 1 1 1 1 1 1 1 1 1 1 1 1 1 1 1 1 1 1 1 1 1 1 1 1 1 1 1 1 1 1 1 1 1 1 1 1 1 1 1 1 1 1 1 1 1 1 1 1 1 1 1 1 1 1 1 1 1 1 1 1 1 1 1 1 1 1 1 1 1 1 1 1 1 1 1 1 1 1 1 1 1 1 1 1 1 1 1 1 1 1 1 1 1 1 1 1 1 1 1 1 1 1 1 1 1 1 1 1 1 1 1 1 1 1 1 1 1 1 1 1 1 1 1 1 1 1 1 1 1 1 1 1 1 1 1 1 1 1 1 1 1 1 1 1 1 1 1 1 1 1 1 1 1 1 1 1 1 1 1 1 1 1 1 1 1 1 1 1 1 1 1 1 1 1 1 1 1 1 1 1 1 1 1 1 1 1 1 1 1 1 1 1 1 1 1 1 1 1 1 1 1 1 1 1 1 1 1 1 1 1 1 1 1 1 1 1 1 1 1 1 1 1 1 1 1 1 1 1 1 1 1 1 1 1 1 1 1 1 1 1 1 1 1 1 1 1 1 1 1 1 1 1 1 1 1 1 1 1 1 1 1 1 1 1 1 1 1 1 1 1 1 1 1 1 1 1 1 1 1 1 1 1 1 1 1 1 1 1 1 1 1 1 1 1 1 1 1 1 1 1 1 1 1 1 1 1 1 1 1 1 1 1 1 1 1 1 1 1 1 1 1 1 1 1 1 1 1 1 1 1 1 1 1 1 1 1 1 1 1 1 1 1 1 1 1 1 1 1 1 1 1 1 1 1 1 1 1 1 1 1 1 1 1 1 1 1 1 1 1 1 1 1 1 1 1 1 1 1 1 1 1 1 1 1 1 1 1 1 1 1 1 1 1 1 1 1 1 1 1 1 1 1 1 1 1 1 1 1 1 1 1 1 1 1 1 1 1 1 1 1 1 1 1 1 1 1 1 1 1 1 1 1 1 1 1 1 1 1 1 1 1 1 1 1 1 1 1 1 1 1 1 1 1 1 1 1 1 1 1 1 1 1 1 1 1 1 1 1 1 1 1 1 1 1 1 1 1 1 1 1 1 1 1 1 1 1 1 1 1 1 1 1 1 1 1 1 1 1 1 1 1 1 1 1 1 1 1 1 1 1 1 1 1 1 1 1 1 1 1 1 1 1 1 1 1 1 1 1 1 1 1 1 1 1 1 1 1 1 1 1 1 1 1 1 1 1 1 1 1 1 1 1 1 1 1 1 1 1 1 1 1 1 1 1 1 1 1 1 1 1 1 1 1 1 1 1 1 1 1 1 1 1 1 1 1 1 1 1 1 1 1 1 1 1 1 1 1 1 1 1 1 1 1 1 1 1 1 1 1 1 1 1 1 1 1 1 1 1 1 1 1 1 1 1 1 1 1 1 1 1 1 1 1 1 1 1 1 1 1 1 1 1 1 1 1 1 1 1 1 1 1 1 1 1 1 1 1 1 1 1 1 1 1 1 1 1 1 1 1 1 1 1 1 1 1 1 1 1 1 1 1 1 1 1 1 1 1 1 1 1 1 1 1 1 1 1 1 1 1 1 1 1 1 1 1 1 1 1 1 1 1 1 1 1 1 1 1 1 1 1 1 1 1 1 1 1 1 1 1 1 1 1 1 1 1 1 1 1 1 1 1 1 1 1 1 1 1 1 1 1 1 1 1 1 1 1 1 1 1 1 1 1 1 1 1 1 1 1 1 1 1 1 1 1 1 1 1 1 1 1 1 1 1 1 1 1 1 1 1 1 1 1 1 1 1 1 1 1 1 1 1 1 1 1 1 1 1 1 1 1 1 1 1 1 1 1 1 1 1 1 1 1 1 1 1 1 1 1 1 1 1 1 1 1 1 1 1 1 1 1 1 1 1 1 1 1 1 1 1 1 1 1 1 1 1 1 1 1 1 1 1 1 1 1 1 1 1 1 1 1 1 1 1 1 1 1 1</float_array>
          <technique_common>
            <accessor source="#balloon_dread_Skin_canoe_chinamax-skin-weights-array" count="1936" stride="1">
              <param name="WEIGHT" type="float"/>
            </accessor>
          </technique_common>
        </source>
        <joints>
          <input semantic="JOINT" source="#balloon_dread_Skin_canoe_chinamax-skin-joints"/>
          <input semantic="INV_BIND_MATRIX" source="#balloon_dread_Skin_canoe_chinamax-skin-bind_poses"/>
        </joints>
        <vertex_weights count="1936">
          <input semantic="JOINT" source="#balloon_dread_Skin_canoe_chinamax-skin-joints" offset="0"/>
          <input semantic="WEIGHT" source="#balloon_dread_Skin_canoe_chinamax-skin-weights" offset="1"/>
          <vcount>1 1 1 1 1 1 1 1 1 1 1 1 1 1 1 1 1 1 1 1 1 1 1 1 1 1 1 1 1 1 1 1 1 1 1 1 1 1 1 1 1 1 1 1 1 1 1 1 1 1 1 1 1 1 1 1 1 1 1 1 1 1 1 1 1 1 1 1 1 1 1 1 1 1 1 1 1 1 1 1 1 1 1 1 1 1 1 1 1 1 1 1 1 1 1 1 1 1 1 1 1 1 1 1 1 1 1 1 1 1 1 1 1 1 1 1 1 1 1 1 1 1 1 1 1 1 1 1 1 1 1 1 1 1 1 1 1 1 1 1 1 1 1 1 1 1 1 1 1 1 1 1 1 1 1 1 1 1 1 1 1 1 1 1 1 1 1 1 1 1 1 1 1 1 1 1 1 1 1 1 1 1 1 1 1 1 1 1 1 1 1 1 1 1 1 1 1 1 1 1 1 1 1 1 1 1 1 1 1 1 1 1 1 1 1 1 1 1 1 1 1 1 1 1 1 1 1 1 1 1 1 1 1 1 1 1 1 1 1 1 1 1 1 1 1 1 1 1 1 1 1 1 1 1 1 1 1 1 1 1 1 1 1 1 1 1 1 1 1 1 1 1 1 1 1 1 1 1 1 1 1 1 1 1 1 1 1 1 1 1 1 1 1 1 1 1 1 1 1 1 1 1 1 1 1 1 1 1 1 1 1 1 1 1 1 1 1 1 1 1 1 1 1 1 1 1 1 1 1 1 1 1 1 1 1 1 1 1 1 1 1 1 1 1 1 1 1 1 1 1 1 1 1 1 1 1 1 1 1 1 1 1 1 1 1 1 1 1 1 1 1 1 1 1 1 1 1 1 1 1 1 1 1 1 1 1 1 1 1 1 1 1 1 1 1 1 1 1 1 1 1 1 1 1 1 1 1 1 1 1 1 1 1 1 1 1 1 1 1 1 1 1 1 1 1 1 1 1 1 1 1 1 1 1 1 1 1 1 1 1 1 1 1 1 1 1 1 1 1 1 1 1 1 1 1 1 1 1 1 1 1 1 1 1 1 1 1 1 1 1 1 1 1 1 1 1 1 1 1 1 1 1 1 1 1 1 1 1 1 1 1 1 1 1 1 1 1 1 1 1 1 1 1 1 1 1 1 1 1 1 1 1 1 1 1 1 1 1 1 1 1 1 1 1 1 1 1 1 1 1 1 1 1 1 1 1 1 1 1 1 1 1 1 1 1 1 1 1 1 1 1 1 1 1 1 1 1 1 1 1 1 1 1 1 1 1 1 1 1 1 1 1 1 1 1 1 1 1 1 1 1 1 1 1 1 1 1 1 1 1 1 1 1 1 1 1 1 1 1 1 1 1 1 1 1 1 1 1 1 1 1 1 1 1 1 1 1 1 1 1 1 1 1 1 1 1 1 1 1 1 1 1 1 1 1 1 1 1 1 1 1 1 1 1 1 1 1 1 1 1 1 1 1 1 1 1 1 1 1 1 1 1 1 1 1 1 1 1 1 1 1 1 1 1 1 1 1 1 1 1 1 1 1 1 1 1 1 1 1 1 1 1 1 1 1 1 1 1 1 1 1 1 1 1 1 1 1 1 1 1 1 1 1 1 1 1 1 1 1 1 1 1 1 1 1 1 1 1 1 1 1 1 1 1 1 1 1 1 1 1 1 1 1 1 1 1 1 1 1 1 1 1 1 1 1 1 1 1 1 1 1 1 1 1 1 1 1 1 1 1 1 1 1 1 1 1 1 1 1 1 1 1 1 1 1 1 1 1 1 1 1 1 1 1 1 1 1 1 1 1 1 1 1 1 1 1 1 1 1 1 1 1 1 1 1 1 1 1 1 1 1 1 1 1 1 1 1 1 1 1 1 1 1 1 1 1 1 1 1 1 1 1 1 1 1 1 1 1 1 1 1 1 1 1 1 1 1 1 1 1 1 1 1 1 1 1 1 1 1 1 1 1 1 1 1 1 1 1 1 1 1 1 1 1 1 1 1 1 1 1 1 1 1 1 1 1 1 1 1 1 1 1 1 1 1 1 1 1 1 1 1 1 1 1 1 1 1 1 1 1 1 1 1 1 1 1 1 1 1 1 1 1 1 1 1 1 1 1 1 1 1 1 1 1 1 1 1 1 1 1 1 1 1 1 1 1 1 1 1 1 1 1 1 1 1 1 1 1 1 1 1 1 1 1 1 1 1 1 1 1 1 1 1 1 1 1 1 1 1 1 1 1 1 1 1 1 1 1 1 1 1 1 1 1 1 1 1 1 1 1 1 1 1 1 1 1 1 1 1 1 1 1 1 1 1 1 1 1 1 1 1 1 1 1 1 1 1 1 1 1 1 1 1 1 1 1 1 1 1 1 1 1 1 1 1 1 1 1 1 1 1 1 1 1 1 1 1 1 1 1 1 1 1 1 1 1 1 1 1 1 1 1 1 1 1 1 1 1 1 1 1 1 1 1 1 1 1 1 1 1 1 1 1 1 1 1 1 1 1 1 1 1 1 1 1 1 1 1 1 1 1 1 1 1 1 1 1 1 1 1 1 1 1 1 1 1 1 1 1 1 1 1 1 1 1 1 1 1 1 1 1 1 1 1 1 1 1 1 1 1 1 1 1 1 1 1 1 1 1 1 1 1 1 1 1 1 1 1 1 1 1 1 1 1 1 1 1 1 1 1 1 1 1 1 1 1 1 1 1 1 1 1 1 1 1 1 1 1 1 1 1 1 1 1 1 1 1 1 1 1 1 1 1 1 1 1 1 1 1 1 1 1 1 1 1 1 1 1 1 1 1 1 1 1 1 1 1 1 1 1 1 1 1 1 1 1 1 1 1 1 1 1 1 1 1 1 1 1 1 1 1 1 1 1 1 1 1 1 1 1 1 1 1 1 1 1 1 1 1 1 1 1 1 1 1 1 1 1 1 1 1 1 1 1 1 1 1 1 1 1 1 1 1 1 1 1 1 1 1 1 1 1 1 1 1 1 1 1 1 1 1 1 1 1 1 1 1 1 1 1 1 1 1 1 1 1 1 1 1 1 1 1 1 1 1 1 1 1 1 1 1 1 1 1 1 1 1 1 1 1 1 1 1 1 1 1 1 1 1 1 1 1 1 1 1 1 1 1 1 1 1 1 1 1 1 1 1 1 1 1 1 1 1 1 1 1 1 1 1 1 1 1 1 1 1 1 1 1 1 1 1 1 1 1 1 1 1 1 1 1 1 1 1 1 1 1 1 1 1 1 1 1 1 1 1 1 1 1 1 1 1 1 1 1 1 1 1 1 1 1 1 1 1 1 1 1 1 1 1 1 1 1 1 1 1 1 1 1 1 1 1 1 1 1 1 1 1 1 1 1 1 1 1 1 1 1 1 1 1 1 1 1 1 1 1 1 1 1 1 1 1 1 1 1 1 1 1 1 1 1 1 1 1 1 1 1 1 1 1 1 1 1 1 1 1 1 1 1 1 1 1 1 1 1 1 1 1 1 1 1 1 1 1 1 1 1 1 1 1 1 1 1 1 1 1 1 1 1 1 1 1 1 1 1 1 1 1 1 1 1 1 1 1 1 1 1 1 1 1 1 1 1 1 1 1 1 1 1 1 1 1 1 1 1 1 1 1 1 1 1 1 1 1 1 1 1 1 1 1 1 1 1 1 1 1 1 1 1 1 1 1 1 1 1 1 1 1 1 1 1 1 1 1 1 1 1 1 1 1 1 1 1 1 1 1 1 1 1 1 1 1 1 1 1 1 1 1 1 1 1 1 1 1 1 1 1 1 1 1 1 1 1 1 1 1 1 1 1 1 1 1 1 1 1 1 1 1 1 1 1 1 1 1 1 1 1 1 1 1 1 1 1 1 1 1 1 1 1 1 1 1 1 1 1 1 1 1 1 1 1 1 1 1 1 1 1 1 1 1 1 1 1 1 1 1 1 1 1 1 1 1 1 1 1 1 1 1 1 1 1 1 1 1 1 1 1 1 1 1 1 1 1 1 1 1 1 1 1 1 1 1 1 1 1 1 1 1 1 1 1 1 1 1 1 1 1 1 1 1 1 1 1 1 1 1 1 1 1 1 1 1 1 1 1 1 1 1 1 1 1 1 1 1 1 1 1 1 1 1 1 1 1 1 1 1 1 1 1 1 1 1 1 1 1 1 1 1 1 1 1 1 1 1 1 1 1 1 1 1 1 1 1 1 1 1 1 1 1 1 1 1 1 1 1 1 1 1 1 1 1 1 1 1 1 1 1 1 1 1 1 1 1 1 1 1 1 1 1 1 1 1 1 1 1 1 1 1 1 1 1 1 1 1 1 1 1 1 1 1 1 1 1 1 1 1 1 1 1 1 1 1 1 1 1 1 1 </vcount>
          <v>0 0 0 1 0 2 0 3 0 4 0 5 0 6 0 7 0 8 0 9 0 10 0 11 0 12 0 13 0 14 0 15 0 16 0 17 0 18 0 19 0 20 0 21 0 22 0 23 0 24 0 25 0 26 0 27 0 28 0 29 0 30 0 31 0 32 0 33 0 34 0 35 0 36 0 37 0 38 0 39 0 40 0 41 0 42 0 43 0 44 0 45 0 46 0 47 0 48 0 49 0 50 0 51 0 52 0 53 0 54 0 55 0 56 0 57 0 58 0 59 0 60 0 61 0 62 0 63 0 64 0 65 0 66 0 67 0 68 0 69 0 70 0 71 0 72 0 73 0 74 0 75 0 76 0 77 0 78 0 79 0 80 0 81 0 82 0 83 0 84 0 85 0 86 0 87 0 88 0 89 0 90 0 91 0 92 0 93 0 94 0 95 0 96 0 97 0 98 0 99 0 100 0 101 0 102 0 103 0 104 0 105 0 106 0 107 0 108 0 109 0 110 0 111 0 112 0 113 0 114 0 115 0 116 0 117 0 118 0 119 0 120 0 121 0 122 0 123 0 124 0 125 0 126 0 127 0 128 0 129 0 130 0 131 0 132 0 133 0 134 0 135 0 136 0 137 0 138 0 139 0 140 0 141 0 142 0 143 0 144 0 145 0 146 0 147 0 148 0 149 0 150 0 151 0 152 0 153 0 154 0 155 0 156 0 157 0 158 0 159 0 160 0 161 0 162 0 163 0 164 0 165 0 166 0 167 0 168 0 169 0 170 0 171 0 172 0 173 0 174 0 175 0 176 0 177 0 178 0 179 0 180 0 181 0 182 0 183 0 184 0 185 0 186 0 187 0 188 0 189 0 190 0 191 0 192 0 193 0 194 0 195 0 196 0 197 0 198 0 199 0 200 0 201 0 202 0 203 0 204 0 205 0 206 0 207 0 208 0 209 0 210 0 211 0 212 0 213 0 214 0 215 0 216 0 217 0 218 0 219 0 220 0 221 0 222 0 223 0 224 0 225 0 226 0 227 0 228 0 229 0 230 0 231 0 232 0 233 0 234 0 235 0 236 0 237 0 238 0 239 0 240 0 241 0 242 0 243 0 244 0 245 0 246 0 247 0 248 0 249 0 250 0 251 0 252 0 253 0 254 0 255 0 256 0 257 0 258 0 259 0 260 0 261 0 262 0 263 0 264 0 265 0 266 0 267 0 268 0 269 0 270 0 271 0 272 0 273 0 274 0 275 0 276 0 277 0 278 0 279 0 280 0 281 0 282 0 283 0 284 0 285 0 286 0 287 0 288 0 289 0 290 0 291 0 292 0 293 0 294 0 295 0 296 0 297 0 298 0 299 0 300 0 301 0 302 0 303 0 304 0 305 0 306 0 307 0 308 0 309 0 310 0 311 0 312 0 313 0 314 0 315 0 316 0 317 0 318 0 319 0 320 0 321 0 322 0 323 0 324 0 325 0 326 0 327 0 328 0 329 0 330 0 331 0 332 0 333 0 334 0 335 0 336 0 337 0 338 0 339 0 340 0 341 0 342 0 343 0 344 0 345 0 346 0 347 0 348 0 349 0 350 0 351 0 352 0 353 0 354 0 355 0 356 0 357 0 358 0 359 0 360 0 361 0 362 0 363 0 364 0 365 0 366 0 367 0 368 0 369 0 370 0 371 0 372 0 373 0 374 0 375 0 376 0 377 0 378 0 379 0 380 0 381 0 382 0 383 0 384 0 385 0 386 0 387 0 388 0 389 0 390 0 391 0 392 0 393 0 394 0 395 0 396 0 397 0 398 0 399 0 400 0 401 0 402 0 403 0 404 0 405 0 406 0 407 0 408 0 409 0 410 0 411 0 412 0 413 0 414 0 415 0 416 0 417 0 418 0 419 0 420 0 421 0 422 0 423 0 424 0 425 0 426 0 427 0 428 0 429 0 430 0 431 0 432 0 433 0 434 0 435 0 436 0 437 0 438 0 439 0 440 0 441 0 442 0 443 0 444 0 445 0 446 0 447 0 448 0 449 0 450 0 451 0 452 0 453 0 454 0 455 0 456 0 457 0 458 0 459 0 460 0 461 0 462 0 463 0 464 0 465 0 466 0 467 0 468 0 469 0 470 0 471 0 472 0 473 0 474 0 475 0 476 0 477 0 478 0 479 0 480 0 481 0 482 0 483 0 484 0 485 0 486 0 487 0 488 0 489 0 490 0 491 0 492 0 493 0 494 0 495 0 496 0 497 0 498 0 499 0 500 0 501 0 502 0 503 0 504 0 505 0 506 0 507 0 508 0 509 0 510 0 511 0 512 0 513 0 514 0 515 0 516 0 517 0 518 0 519 0 520 0 521 0 522 0 523 0 524 0 525 0 526 0 527 0 528 0 529 0 530 0 531 0 532 0 533 0 534 0 535 0 536 0 537 0 538 0 539 0 540 0 541 0 542 0 543 0 544 0 545 0 546 0 547 0 548 0 549 0 550 0 551 0 552 0 553 0 554 0 555 0 556 0 557 0 558 0 559 0 560 0 561 0 562 0 563 0 564 0 565 0 566 0 567 0 568 0 569 0 570 0 571 0 572 0 573 0 574 0 575 0 576 0 577 0 578 0 579 0 580 0 581 0 582 0 583 0 584 0 585 0 586 0 587 0 588 0 589 0 590 0 591 0 592 0 593 0 594 0 595 0 596 0 597 0 598 0 599 0 600 0 601 0 602 0 603 0 604 0 605 0 606 0 607 0 608 0 609 0 610 0 611 0 612 0 613 0 614 0 615 0 616 0 617 0 618 0 619 0 620 0 621 0 622 0 623 0 624 0 625 0 626 0 627 0 628 0 629 0 630 0 631 0 632 0 633 0 634 0 635 0 636 0 637 0 638 0 639 0 640 0 641 0 642 0 643 0 644 0 645 0 646 0 647 0 648 0 649 0 650 0 651 0 652 0 653 0 654 0 655 0 656 0 657 0 658 0 659 0 660 0 661 0 662 0 663 0 664 0 665 0 666 0 667 0 668 0 669 0 670 0 671 0 672 0 673 0 674 0 675 0 676 0 677 0 678 0 679 0 680 0 681 0 682 0 683 0 684 0 685 0 686 0 687 0 688 0 689 0 690 0 691 0 692 0 693 0 694 0 695 0 696 0 697 0 698 0 699 0 700 0 701 0 702 0 703 0 704 0 705 0 706 0 707 0 708 0 709 0 710 0 711 0 712 0 713 0 714 0 715 0 716 0 717 0 718 0 719 0 720 0 721 0 722 0 723 0 724 0 725 0 726 0 727 0 728 0 729 0 730 0 731 0 732 0 733 0 734 0 735 0 736 0 737 0 738 0 739 0 740 0 741 0 742 0 743 0 744 0 745 0 746 0 747 0 748 0 749 0 750 0 751 0 752 0 753 0 754 0 755 0 756 0 757 0 758 0 759 0 760 0 761 0 762 0 763 0 764 0 765 0 766 0 767 0 768 0 769 0 770 0 771 0 772 0 773 0 774 0 775 0 776 0 777 0 778 0 779 0 780 0 781 0 782 0 783 0 784 0 785 0 786 0 787 0 788 0 789 0 790 0 791 0 792 0 793 0 794 0 795 0 796 0 797 0 798 0 799 0 800 0 801 0 802 0 803 0 804 0 805 0 806 0 807 0 808 0 809 0 810 0 811 0 812 0 813 0 814 0 815 0 816 0 817 0 818 0 819 0 820 0 821 0 822 0 823 0 824 0 825 0 826 0 827 0 828 0 829 0 830 0 831 0 832 0 833 0 834 0 835 0 836 0 837 0 838 0 839 0 840 0 841 0 842 0 843 0 844 0 845 0 846 0 847 0 848 0 849 0 850 0 851 0 852 0 853 0 854 0 855 0 856 0 857 0 858 0 859 0 860 0 861 0 862 0 863 0 864 0 865 0 866 0 867 0 868 0 869 0 870 0 871 0 872 0 873 0 874 0 875 0 876 0 877 0 878 0 879 0 880 0 881 0 882 0 883 0 884 0 885 0 886 0 887 0 888 0 889 0 890 0 891 0 892 0 893 0 894 0 895 0 896 0 897 0 898 0 899 0 900 0 901 0 902 0 903 0 904 0 905 0 906 0 907 0 908 0 909 0 910 0 911 0 912 0 913 0 914 0 915 0 916 0 917 0 918 0 919 0 920 0 921 0 922 0 923 0 924 0 925 0 926 0 927 0 928 0 929 0 930 0 931 0 932 0 933 0 934 0 935 0 936 0 937 0 938 0 939 0 940 0 941 0 942 0 943 0 944 0 945 0 946 0 947 0 948 0 949 0 950 0 951 0 952 0 953 0 954 0 955 0 956 0 957 0 958 0 959 0 960 0 961 0 962 0 963 0 964 0 965 0 966 0 967 0 968 0 969 0 970 0 971 0 972 0 973 0 974 0 975 0 976 0 977 0 978 0 979 0 980 0 981 0 982 0 983 0 984 0 985 0 986 0 987 0 988 0 989 0 990 0 991 0 992 0 993 0 994 0 995 0 996 0 997 0 998 0 999 0 1000 0 1001 0 1002 0 1003 0 1004 0 1005 0 1006 0 1007 0 1008 0 1009 0 1010 0 1011 0 1012 0 1013 0 1014 0 1015 0 1016 0 1017 0 1018 0 1019 0 1020 0 1021 0 1022 0 1023 0 1024 0 1025 0 1026 0 1027 0 1028 0 1029 0 1030 0 1031 0 1032 0 1033 0 1034 0 1035 0 1036 0 1037 0 1038 0 1039 0 1040 0 1041 0 1042 0 1043 0 1044 0 1045 0 1046 0 1047 0 1048 0 1049 0 1050 0 1051 0 1052 0 1053 0 1054 0 1055 0 1056 0 1057 0 1058 0 1059 0 1060 0 1061 0 1062 0 1063 0 1064 0 1065 0 1066 0 1067 0 1068 0 1069 0 1070 0 1071 0 1072 0 1073 0 1074 0 1075 0 1076 0 1077 0 1078 0 1079 0 1080 0 1081 0 1082 0 1083 0 1084 0 1085 0 1086 0 1087 0 1088 0 1089 0 1090 0 1091 0 1092 0 1093 0 1094 0 1095 0 1096 0 1097 0 1098 0 1099 0 1100 0 1101 0 1102 0 1103 0 1104 0 1105 0 1106 0 1107 0 1108 0 1109 0 1110 0 1111 0 1112 0 1113 0 1114 0 1115 0 1116 0 1117 0 1118 0 1119 0 1120 0 1121 0 1122 0 1123 0 1124 0 1125 0 1126 0 1127 0 1128 0 1129 0 1130 0 1131 0 1132 0 1133 0 1134 0 1135 0 1136 0 1137 0 1138 0 1139 0 1140 0 1141 0 1142 0 1143 0 1144 0 1145 0 1146 0 1147 0 1148 0 1149 0 1150 0 1151 0 1152 0 1153 0 1154 0 1155 0 1156 0 1157 0 1158 0 1159 0 1160 0 1161 0 1162 0 1163 0 1164 0 1165 0 1166 0 1167 0 1168 0 1169 0 1170 0 1171 0 1172 0 1173 0 1174 0 1175 0 1176 0 1177 0 1178 0 1179 0 1180 0 1181 0 1182 0 1183 0 1184 0 1185 0 1186 0 1187 0 1188 0 1189 0 1190 0 1191 0 1192 0 1193 0 1194 0 1195 0 1196 0 1197 0 1198 0 1199 0 1200 0 1201 0 1202 0 1203 0 1204 0 1205 0 1206 0 1207 0 1208 0 1209 0 1210 0 1211 0 1212 0 1213 0 1214 0 1215 0 1216 0 1217 0 1218 0 1219 0 1220 0 1221 0 1222 0 1223 0 1224 0 1225 0 1226 0 1227 0 1228 0 1229 0 1230 0 1231 0 1232 0 1233 0 1234 0 1235 0 1236 0 1237 0 1238 0 1239 0 1240 0 1241 0 1242 0 1243 0 1244 0 1245 0 1246 0 1247 0 1248 0 1249 0 1250 0 1251 0 1252 0 1253 0 1254 0 1255 0 1256 0 1257 0 1258 0 1259 0 1260 0 1261 0 1262 0 1263 0 1264 0 1265 0 1266 0 1267 0 1268 0 1269 0 1270 0 1271 0 1272 0 1273 0 1274 0 1275 0 1276 0 1277 0 1278 0 1279 0 1280 0 1281 0 1282 0 1283 0 1284 0 1285 0 1286 0 1287 0 1288 0 1289 0 1290 0 1291 0 1292 0 1293 0 1294 0 1295 0 1296 0 1297 0 1298 0 1299 0 1300 0 1301 0 1302 0 1303 0 1304 0 1305 0 1306 0 1307 0 1308 0 1309 0 1310 0 1311 0 1312 0 1313 0 1314 0 1315 0 1316 0 1317 0 1318 0 1319 0 1320 0 1321 0 1322 0 1323 0 1324 0 1325 0 1326 0 1327 0 1328 0 1329 0 1330 0 1331 0 1332 0 1333 0 1334 0 1335 0 1336 0 1337 0 1338 0 1339 0 1340 0 1341 0 1342 0 1343 0 1344 0 1345 0 1346 0 1347 0 1348 0 1349 0 1350 0 1351 0 1352 0 1353 0 1354 0 1355 0 1356 0 1357 0 1358 0 1359 0 1360 0 1361 0 1362 0 1363 0 1364 0 1365 0 1366 0 1367 0 1368 0 1369 0 1370 0 1371 0 1372 0 1373 0 1374 0 1375 0 1376 0 1377 0 1378 0 1379 0 1380 0 1381 0 1382 0 1383 0 1384 0 1385 0 1386 0 1387 0 1388 0 1389 0 1390 0 1391 0 1392 0 1393 0 1394 0 1395 0 1396 0 1397 0 1398 0 1399 0 1400 0 1401 0 1402 0 1403 0 1404 0 1405 0 1406 0 1407 0 1408 0 1409 0 1410 0 1411 0 1412 0 1413 0 1414 0 1415 0 1416 0 1417 0 1418 0 1419 0 1420 0 1421 0 1422 0 1423 0 1424 0 1425 0 1426 0 1427 0 1428 0 1429 0 1430 0 1431 0 1432 0 1433 0 1434 0 1435 0 1436 0 1437 0 1438 0 1439 0 1440 0 1441 0 1442 0 1443 0 1444 0 1445 0 1446 0 1447 0 1448 0 1449 0 1450 0 1451 0 1452 0 1453 0 1454 0 1455 0 1456 0 1457 0 1458 0 1459 0 1460 0 1461 0 1462 0 1463 0 1464 0 1465 0 1466 0 1467 0 1468 0 1469 0 1470 0 1471 0 1472 0 1473 0 1474 0 1475 0 1476 0 1477 0 1478 0 1479 0 1480 0 1481 0 1482 0 1483 0 1484 0 1485 0 1486 0 1487 0 1488 0 1489 0 1490 0 1491 0 1492 0 1493 0 1494 0 1495 0 1496 0 1497 0 1498 0 1499 0 1500 0 1501 0 1502 0 1503 0 1504 0 1505 0 1506 0 1507 0 1508 0 1509 0 1510 0 1511 0 1512 0 1513 0 1514 0 1515 0 1516 0 1517 0 1518 0 1519 0 1520 0 1521 0 1522 0 1523 0 1524 0 1525 0 1526 0 1527 0 1528 0 1529 0 1530 0 1531 0 1532 0 1533 0 1534 0 1535 0 1536 0 1537 0 1538 0 1539 0 1540 0 1541 0 1542 0 1543 0 1544 0 1545 0 1546 0 1547 0 1548 0 1549 0 1550 0 1551 0 1552 0 1553 0 1554 0 1555 0 1556 0 1557 0 1558 0 1559 0 1560 0 1561 0 1562 0 1563 0 1564 0 1565 0 1566 0 1567 0 1568 0 1569 0 1570 0 1571 0 1572 0 1573 0 1574 0 1575 0 1576 0 1577 0 1578 0 1579 0 1580 0 1581 0 1582 0 1583 0 1584 0 1585 0 1586 0 1587 0 1588 0 1589 0 1590 0 1591 0 1592 0 1593 0 1594 0 1595 0 1596 0 1597 0 1598 0 1599 0 1600 0 1601 0 1602 0 1603 0 1604 0 1605 0 1606 0 1607 0 1608 0 1609 0 1610 0 1611 0 1612 0 1613 0 1614 0 1615 0 1616 0 1617 0 1618 0 1619 0 1620 0 1621 0 1622 0 1623 0 1624 0 1625 0 1626 0 1627 0 1628 0 1629 0 1630 0 1631 0 1632 0 1633 0 1634 0 1635 0 1636 0 1637 0 1638 0 1639 0 1640 0 1641 0 1642 0 1643 0 1644 0 1645 0 1646 0 1647 0 1648 0 1649 0 1650 0 1651 0 1652 0 1653 0 1654 0 1655 0 1656 0 1657 0 1658 0 1659 0 1660 0 1661 0 1662 0 1663 0 1664 0 1665 0 1666 0 1667 0 1668 0 1669 0 1670 0 1671 0 1672 0 1673 0 1674 0 1675 0 1676 0 1677 0 1678 0 1679 0 1680 0 1681 0 1682 0 1683 0 1684 0 1685 0 1686 0 1687 0 1688 0 1689 0 1690 0 1691 0 1692 0 1693 0 1694 0 1695 0 1696 0 1697 0 1698 0 1699 0 1700 0 1701 0 1702 0 1703 0 1704 0 1705 0 1706 0 1707 0 1708 0 1709 0 1710 0 1711 0 1712 0 1713 0 1714 0 1715 0 1716 0 1717 0 1718 0 1719 0 1720 0 1721 0 1722 0 1723 0 1724 0 1725 0 1726 0 1727 0 1728 0 1729 0 1730 0 1731 0 1732 0 1733 0 1734 0 1735 0 1736 0 1737 0 1738 0 1739 0 1740 0 1741 0 1742 0 1743 0 1744 0 1745 0 1746 0 1747 0 1748 0 1749 0 1750 0 1751 0 1752 0 1753 0 1754 0 1755 0 1756 0 1757 0 1758 0 1759 0 1760 0 1761 0 1762 0 1763 0 1764 0 1765 0 1766 0 1767 0 1768 0 1769 0 1770 0 1771 0 1772 0 1773 0 1774 0 1775 0 1776 0 1777 0 1778 0 1779 0 1780 0 1781 0 1782 0 1783 0 1784 0 1785 0 1786 0 1787 0 1788 0 1789 0 1790 0 1791 0 1792 0 1793 0 1794 0 1795 0 1796 0 1797 0 1798 0 1799 0 1800 0 1801 0 1802 0 1803 0 1804 0 1805 0 1806 0 1807 0 1808 0 1809 0 1810 0 1811 0 1812 0 1813 0 1814 0 1815 0 1816 0 1817 0 1818 0 1819 0 1820 0 1821 0 1822 0 1823 0 1824 0 1825 0 1826 0 1827 0 1828 0 1829 0 1830 0 1831 0 1832 0 1833 0 1834 0 1835 0 1836 0 1837 0 1838 0 1839 0 1840 0 1841 0 1842 0 1843 0 1844 0 1845 0 1846 0 1847 0 1848 0 1849 0 1850 0 1851 0 1852 0 1853 0 1854 0 1855 0 1856 0 1857 0 1858 0 1859 0 1860 0 1861 0 1862 0 1863 0 1864 0 1865 0 1866 0 1867 0 1868 0 1869 0 1870 0 1871 0 1872 0 1873 0 1874 0 1875 0 1876 0 1877 0 1878 0 1879 0 1880 0 1881 0 1882 0 1883 0 1884 0 1885 0 1886 0 1887 0 1888 0 1889 0 1890 0 1891 0 1892 0 1893 0 1894 0 1895 0 1896 0 1897 0 1898 0 1899 0 1900 0 1901 0 1902 0 1903 0 1904 0 1905 0 1906 0 1907 0 1908 0 1909 0 1910 0 1911 0 1912 0 1913 0 1914 0 1915 0 1916 0 1917 0 1918 0 1919 0 1920 0 1921 0 1922 0 1923 0 1924 0 1925 0 1926 0 1927 0 1928 0 1929 0 1930 0 1931 0 1932 0 1933 0 1934 0 1935</v>
        </vertex_weights>
      </skin>
    </controller>
  </library_controllers>
  <library_visual_scenes>
    <visual_scene id="Scene" name="Scene">
      <node id="balloon_dread_Skin" name="balloon_dread_Skin" type="NODE">
        <matrix sid="transform">1 0 0 0 0 1 0 0 0 0 1 0 0 0 0 1</matrix>
        <node id="balloon_dread_Skin_Root" name="Root" sid="Root" type="JOINT">
          <matrix sid="transform">1 0 0 0.6400311 0 0.9999999 0 0.008515932 0 0 1 -0.001969337 0 0 0 1</matrix>
          <node id="balloon_dread_Skin_Dummy02" name="Dummy02" sid="Dummy02" type="JOINT">
            <matrix sid="transform">1 0 0 0 0 1 0 -13.22423 0 0 1 0 0 0 0 1</matrix>
            <extra>
              <technique profile="blender">
                <layer sid="layer" type="string">0</layer>
                <tip_x sid="tip_x" type="float">0</tip_x>
                <tip_y sid="tip_y" type="float">13.22422</tip_y>
                <tip_z sid="tip_z" type="float">0</tip_z>
              </technique>
            </extra>
          </node>
          <node id="balloon_dread_Skin_ammo_node_0" name="ammo node 0" sid="ammo_node_0" type="JOINT">
            <matrix sid="transform">1 0 0 0 0 1 0 -6.346791 0 0 1 -13.89124 0 0 0 1</matrix>
            <extra>
              <technique profile="blender">
                <layer sid="layer" type="string">0</layer>
                <tip_x sid="tip_x" type="float">0</tip_x>
                <tip_y sid="tip_y" type="float">13.22422</tip_y>
                <tip_z sid="tip_z" type="float">0</tip_z>
              </technique>
            </extra>
          </node>
          <node id="balloon_dread_Skin_pivot_node_0" name="pivot node 0" sid="pivot_node_0" type="JOINT">
            <matrix sid="transform">1 0 0 -0.6239463 0 1 0 73.14974 0 0 1 6.686359 0 0 0 1</matrix>
            <extra>
              <technique profile="blender">
                <layer sid="layer" type="string">0</layer>
                <tip_x sid="tip_x" type="float">0</tip_x>
                <tip_y sid="tip_y" type="float">13.22422</tip_y>
                <tip_z sid="tip_z" type="float">0</tip_z>
              </technique>
            </extra>
          </node>
          <extra>
            <technique profile="blender">
              <layer sid="layer" type="string">0</layer>
              <tip_x sid="tip_x" type="float">0</tip_x>
              <tip_y sid="tip_y" type="float">13.22422</tip_y>
              <tip_z sid="tip_z" type="float">0</tip_z>
            </technique>
          </extra>
        </node>
        <node id="canoe_chinamax" name="canoe_chinamax" type="NODE">
          <matrix sid="transform">1 0 0 0 0 1 0 0 0 0 1 0 0 0 0 1</matrix>
          <instance_controller url="#balloon_dread_Skin_canoe_chinamax-skin">
            <skeleton>#balloon_dread_Skin_Root</skeleton>
            <bind_material>
              <technique_common>
                <instance_material symbol="frigate_heavy_Mat-material" target="#frigate_heavy_Mat-material">
                  <bind_vertex_input semantic="UVMap" input_semantic="TEXCOORD" input_set="0"/>
                </instance_material>
              </technique_common>
            </bind_material>
          </instance_controller>
        </node>
      </node>
    </visual_scene>
  </library_visual_scenes>
  <scene>
    <instance_visual_scene url="#Scene"/>
  </scene>
</COLLADA>