<?xml version="1.0" encoding="utf-8"?>
<COLLADA xmlns="http://www.collada.org/2005/11/COLLADASchema" version="1.4.1" xmlns:xsi="http://www.w3.org/2001/XMLSchema-instance">
  <asset>
    <contributor>
      <author>Blender User</author>
      <authoring_tool>Blender 3.0.1 commit date:2022-01-25, commit time:17:19, hash:dc2d18018171</authoring_tool>
    </contributor>
    <created>2025-07-24T07:33:22</created>
    <modified>2025-07-24T07:33:22</modified>
    <unit name="meter" meter="1"/>
    <up_axis>Z_UP</up_axis>
  </asset>
  <library_effects>
    <effect id="grass_rock-effect">
      <profile_COMMON>
        <technique sid="common">
          <lambert>
            <emission>
              <color sid="emission">0 0 0 1</color>
            </emission>
            <diffuse>
              <color sid="diffuse">0.8 0.8 0.8 1</color>
            </diffuse>
            <reflectivity>
              <float sid="specular">0.5</float>
            </reflectivity>
          </lambert>
        </technique>
      </profile_COMMON>
    </effect>
  </library_effects>
  <library_images/>
  <library_materials>
    <material id="grass_rock-material" name="grass rock">
      <instance_effect url="#grass_rock-effect"/>
    </material>
  </library_materials>
  <library_geometries>
    <geometry id="submarine_Mesh_002-mesh" name="submarine_Mesh.002">
      <mesh>
        <source id="submarine_Mesh_002-mesh-positions">
          <float_array id="submarine_Mesh_002-mesh-positions-array" count="5436">-4.346725 42.07512 -6.588993 -4.346725 42.07512 -6.588993 -4.346724 64.20136 -6.588992 -4.346724 64.20136 -6.588992 -4.809315 42.07512 -5.840398 -4.809315 42.07512 -5.840398 -4.809313 64.20136 -5.840396 -4.809313 64.20136 -5.840396 -4.809313 64.20136 -5.840396 -4.809313 64.20136 -5.840396 -4.809313 64.20136 -5.840396 -4.809313 64.20136 -5.840396 -5.271914 42.07512 -6.588993 -5.271914 42.07512 -6.588993 -5.271912 64.20136 -6.588992 -5.271912 64.20136 -6.588992 -4.809315 65.07167 -6.33946 -4.809315 65.07167 -6.33946 4.046373 42.07513 -6.588993 4.046373 42.07513 -6.588993 4.046375 64.20136 -6.588995 4.046375 64.20136 -6.588995 4.508968 42.07513 -5.840396 4.508968 42.07513 -5.840396 4.508969 64.20136 -5.840396 4.508969 64.20136 -5.840396 4.508969 64.20136 -5.840396 4.508969 64.20136 -5.840396 4.508969 64.20136 -5.840396 4.508969 64.20136 -5.840396 4.971563 42.07513 -6.588993 4.971563 42.07513 -6.588993 4.971563 64.20136 -6.588994 4.971563 64.20136 -6.588994 4.508971 65.07167 -6.339462 4.508971 65.07167 -6.339462 -8.287954 33.39631 -1.553364 -8.287954 33.39631 -1.553364 -8.287954 33.39631 -1.553364 -6.124021 33.39632 6.905404 -0.1486763 33.39633 -10.49628 -0.1486763 33.39633 -10.49628 -6.295334 33.39631 -7.787313 -6.295334 33.39631 -7.787313 -0.1487549 65.98146 2.051172 -0.1487549 65.98146 2.051172 -0.1487549 65.98146 2.051172 -0.1487549 65.98146 2.051172 -0.1487565 74.77017 -7.787305 -0.1487565 74.77017 -7.787305 -0.1487565 74.77017 -7.787305 -0.1487565 74.77017 -7.787305 -0.1487565 74.77017 -7.787305 -0.1487565 74.77017 -7.787305 -0.1526364 -71.42806 6.905367 5.593914 -51.2689 6.905375 5.593914 -51.2689 6.905375 5.593914 -51.2689 6.905375 -5.891455 -51.2689 6.90537 -5.891455 -51.2689 6.90537 7.870826 -16.497 6.905386 7.870826 -16.497 6.905386 7.870826 -16.497 6.905386 -8.168362 -16.497 6.905385 -8.168362 -16.497 6.905385 -8.168362 -16.497 6.905385 7.870829 2.846481 6.905395 -8.168361 2.846501 6.905395 -8.168361 2.846501 6.905395 -8.168361 2.846501 6.905395 5.826495 33.39632 6.905404 5.826495 33.39632 6.905404 9.166927 -16.497 2.039096 9.166927 -16.497 2.039096 9.166927 -16.497 2.039096 9.166927 -16.497 2.039096 9.166927 -16.497 2.039096 9.166927 -16.497 2.039096 9.166927 -16.497 2.039096 -0.1487054 -16.49702 -11.44152 -0.1487054 -16.49702 -11.44152 -0.1487054 -16.49702 -11.44152 -0.1487054 -16.49702 -11.44152 -0.1487054 -16.49702 -11.44152 -0.1487054 -16.49702 -11.44152 -0.1487054 -16.49702 -11.44152 -0.1487054 -16.49702 -11.44152 7.715333 -16.49701 -7.78733 7.715333 -16.49701 -7.78733 7.715333 -16.49701 -7.78733 7.715333 -16.49701 -7.78733 7.715333 -16.49701 -7.78733 9.166925 2.84651 2.039101 9.166925 2.84651 2.039101 9.166925 2.84651 2.039101 9.166925 2.84651 2.039101 9.166925 2.84651 2.039101 -0.1487053 2.846479 -11.44151 -0.1487053 2.846479 -11.44151 -0.1487053 2.846479 -11.44151 -0.1487053 2.846479 -11.44151 -0.1487053 2.846479 -11.44151 -0.1487053 2.846479 -11.44151 7.715332 2.846499 -7.787323 7.715332 2.846499 -7.787323 7.715332 2.846499 -7.787323 7.715332 2.846499 -7.787323 7.715332 2.846499 -7.787323 7.715332 2.846499 -7.787323 7.715332 2.846499 -7.787323 7.990426 33.39631 -1.553366 7.990426 33.39631 -1.553366 7.990426 33.39631 -1.553366 7.990426 33.39631 -1.553366 5.997806 33.39631 -7.787316 5.997806 33.39631 -7.787316 5.997806 33.39631 -7.787316 13.02509 -16.49613 -2.219856 13.02509 -16.49613 -2.219856 13.02509 -16.49613 -2.219856 13.02509 -16.49613 -2.219856 13.02509 -16.49613 -2.219856 13.02508 2.889863 -2.239739 13.02508 2.889863 -2.239739 13.02508 2.889863 -2.239739 13.02508 2.889863 -2.239739 13.02508 2.889863 -2.239739 -0.1487755 -71.42806 2.044534 -0.1487755 -71.42806 2.044534 -0.1487755 -71.42806 2.044534 -0.1487755 -71.42806 2.044534 -0.1488191 -68.03124 -5.074108 -0.1488191 -68.03124 -5.074108 -0.1488191 -68.03124 -5.074108 -0.1488191 -68.03124 -5.074108 -0.1488191 -68.03124 -5.074108 -0.1488191 -68.03124 -5.074108 7.192931 -51.22172 -1.553395 7.192931 -51.22172 -1.553395 7.192931 -51.22172 -1.553395 7.192931 -51.22172 -1.553395 7.192931 -51.22172 -1.553395 7.192931 -51.22172 -1.553395 7.192931 -51.22172 -1.553395 7.192931 -51.22172 -1.553395 -0.1487143 -51.22173 -9.328528 -0.1487143 -51.22173 -9.328528 -0.1487143 -51.22173 -9.328528 -0.1487143 -51.22173 -9.328528 5.724556 -51.22173 -7.787341 5.724556 -51.22173 -7.787341 5.724556 -51.22173 -7.787341 5.724556 -51.22173 -7.787341 5.724556 -51.22173 -7.787341 -9.464461 -16.497 2.039092 -9.464461 -16.497 2.039092 -9.464461 -16.497 2.039092 -9.464461 -16.497 2.039092 -9.464461 -16.497 2.039092 -9.464461 -16.497 2.039092 -9.464461 -16.497 2.039092 -8.012864 -16.49701 -7.787334 -8.012864 -16.49701 -7.787334 -8.012864 -16.49701 -7.787334 -8.012864 -16.49701 -7.787334 -8.012864 -16.49701 -7.787334 -9.464456 2.84651 2.039097 -9.464456 2.84651 2.039097 -9.464456 2.84651 2.039097 -9.464456 2.84651 2.039097 -9.464456 2.84651 2.039097 -8.012865 2.846499 -7.787323 -8.012865 2.846499 -7.787323 -8.012865 2.846499 -7.787323 -8.012865 2.846499 -7.787323 -8.012865 2.846499 -7.787323 -8.012865 2.846499 -7.787323 -8.012865 2.846499 -7.787323 -13.32262 -16.49613 -2.219856 -13.32262 -16.49613 -2.219856 -13.32262 -16.49613 -2.219856 -13.32262 -16.49613 -2.219856 -13.32262 -16.49613 -2.219856 -13.32262 2.889863 -2.23974 -13.32262 2.889863 -2.23974 -13.32262 2.889863 -2.23974 -13.32262 2.889863 -2.23974 -13.32262 2.889863 -2.23974 -7.49047 -51.22171 -1.553399 -7.49047 -51.22171 -1.553399 -7.49047 -51.22171 -1.553399 -7.49047 -51.22171 -1.553399 -7.49047 -51.22171 -1.553399 -7.49047 -51.22171 -1.553399 -7.49047 -51.22171 -1.553399 -7.49047 -51.22171 -1.553399 -6.022097 -51.22172 -7.787343 -6.022097 -51.22172 -7.787343 -6.022097 -51.22172 -7.787343 -6.022097 -51.22172 -7.787343 -6.022097 -51.22172 -7.787343 -0.1236811 60.34913 -3.333669 -0.1236811 60.34913 -3.333669 -0.1236811 60.34913 -3.333669 -0.1236811 60.34913 -3.333669 -0.1237169 52.00257 -3.342638 -0.1237169 52.00257 -3.342638 -0.1237169 52.00257 -3.342638 -0.1237169 52.00257 -3.342638 -0.1237169 52.00257 -3.342638 -0.1237169 52.00257 -3.342638 -0.1237169 52.00257 -3.342638 -0.1237169 52.00257 -3.342638 -0.1236844 53.9387 -2.533067 -0.1236844 53.9387 -2.533067 -0.1236844 53.9387 -2.533067 -0.1236844 53.9387 -2.533067 -0.1236844 53.9387 -2.533067 -0.1236844 53.9387 -2.533067 -12.06754 60.34856 -3.333671 -12.06754 60.34856 -3.333671 -12.06754 60.34856 -3.333671 -12.06754 60.34856 -3.333671 -12.06754 60.34856 -3.333671 -12.06754 55.82007 -3.342639 -12.06754 55.82007 -3.342639 -12.06754 55.82007 -3.342639 -13.37437 57.7562 -2.533062 -13.37437 57.7562 -2.533062 -13.37437 57.7562 -2.533062 -13.37437 57.7562 -2.533062 11.82013 60.34855 -3.333669 11.82013 60.34855 -3.333669 11.82013 60.34855 -3.333669 11.82013 60.34855 -3.333669 11.82013 60.34855 -3.333669 11.82013 55.82006 -3.342638 11.82013 55.82006 -3.342638 11.82013 55.82006 -3.342638 13.12695 57.7562 -2.533064 13.12695 57.7562 -2.533064 13.12695 57.7562 -2.533064 13.12695 57.7562 -2.533064 7.870829 2.846481 6.905395 7.870829 2.846481 6.905395 -6.124021 33.39632 6.905404 -6.124021 33.39632 6.905404 -6.124021 33.39632 6.905404 -0.1487549 65.98146 2.051172 7.870829 2.846481 6.905395 7.870829 2.846481 6.905395 7.870829 2.846481 6.905395 7.870826 -16.497 6.905386 7.870826 -16.497 6.905386 5.826495 33.39632 6.905404 5.826495 33.39632 6.905404 -0.1486763 33.39633 -10.49628 -0.1486763 33.39633 -10.49628 -0.1526364 -71.42806 6.905367 -0.1526364 -71.42806 6.905367 -0.1526364 -71.42806 6.905367 -0.1526364 -71.42806 6.905367 5.593914 -51.2689 6.905375 5.593914 -51.2689 6.905375 5.593914 -51.2689 6.905375 7.990426 33.39631 -1.553366 7.990426 33.39631 -1.553366 7.990426 33.39631 -1.553366 5.826495 33.39632 6.905404 5.997806 33.39631 -7.787316 5.997806 33.39631 -7.787316 -8.168361 2.846501 6.905395 -8.168361 2.846501 6.905395 -8.168361 2.846501 6.905395 -8.168362 -16.497 6.905385 -8.168362 -16.497 6.905385 -6.124021 33.39632 6.905404 -6.124021 33.39632 6.905404 -8.287954 33.39631 -1.553364 -8.287954 33.39631 -1.553364 -8.287954 33.39631 -1.553364 -8.287954 33.39631 -1.553364 -6.295334 33.39631 -7.787313 -6.295334 33.39631 -7.787313 -6.295334 33.39631 -7.787313 -5.891455 -51.2689 6.90537 -5.891455 -51.2689 6.90537 -5.891455 -51.2689 6.90537 27.08127 -15.46899 9.109394 27.08127 -15.46899 9.109394 27.08127 -15.46899 9.109394 27.08127 -15.46899 9.109394 27.07808 2.75642 7.774179 27.07808 2.75642 7.774179 27.07808 2.75642 7.774179 4.383144 6.917601 7.078842 65.87351 -2.486223 9.849058 65.87351 -2.486223 9.849058 65.87351 -2.486223 9.849058 67.61401 -12.74592 9.88346 67.61401 -12.74592 9.88346 67.614 -5.363991 9.88346 67.614 -5.363991 9.88346 65.87351 -14.22036 9.849058 65.87351 -14.22036 9.849058 4.396308 -15.43499 8.318012 4.396308 -15.43499 8.318012 65.86962 -13.54964 10.55456 65.86962 -13.54964 10.55456 65.86962 -13.54964 10.55456 65.86962 -13.54964 10.55456 65.86962 -13.54964 10.55456 4.396312 -15.43498 5.985278 4.396312 -15.43498 5.985278 4.396312 -15.43498 5.985278 27.06894 -15.46899 6.776668 27.06894 -15.46899 6.776668 27.06894 -15.46899 6.776668 27.06894 -15.46899 6.776668 65.86962 -13.54964 9.212366 65.86962 -13.54964 9.212366 65.86962 -13.54964 9.212366 65.86962 -13.54964 9.212366 -27.26216 2.316846 7.940542 -27.26216 2.316846 7.940542 -27.26216 2.316846 7.940542 -4.577355 -15.43499 5.985274 -4.577355 -15.43499 5.985274 -4.577355 -15.43499 5.985274 -4.561833 6.917603 7.078839 -27.24999 -15.46899 6.776664 -27.24999 -15.46899 6.776664 -27.24999 -15.46899 6.776664 -27.24999 -15.46899 6.776664 -27.24999 -15.46899 6.776664 -27.24999 -15.46899 6.776664 -66.05065 -13.54964 9.212352 -66.05065 -13.54964 9.212352 -66.05065 -13.54964 9.212352 -66.05065 -13.54964 9.212352 -66.05065 -13.54964 9.212352 -66.05065 -13.54964 9.212352 -66.05219 -2.925801 10.01541 -66.05219 -2.925801 10.01541 -66.05219 -2.925801 10.01541 -67.79269 -12.74591 9.883452 -67.79269 -12.74591 9.883452 -67.79269 -5.363996 9.883448 -67.79269 -5.363996 9.883448 -4.561833 -16.40702 7.078839 -4.561833 -16.40702 7.078839 -27.24811 -16.40841 7.870226 -27.24811 -16.40841 7.870226 -27.24811 -16.40841 7.870226 -66.05219 -14.22036 9.849044 -66.05219 -14.22036 9.849044 -4.572652 -15.43498 8.318004 -4.572652 -15.43498 8.318004 -4.572652 -15.43498 8.318004 -4.572652 -15.43498 8.318004 -66.04595 -13.98922 10.72092 -66.04595 -13.98922 10.72092 -66.04595 -13.98922 10.72092 -66.04595 -13.98922 10.72092 -66.04595 -13.98922 10.72092 27.07808 2.75642 7.774179 27.07808 2.75642 7.774179 27.07808 2.75642 7.774179 4.383144 6.917601 7.078842 65.87351 -2.486223 9.849058 65.87351 -2.486223 9.849058 65.87351 -2.486223 9.849058 67.61401 -12.74592 9.88346 67.61401 -12.74592 9.88346 67.614 -5.363991 9.88346 67.614 -5.363991 9.88346 65.87351 -14.22036 9.849058 4.383143 -16.40702 7.078828 -27.26216 2.316846 7.940542 -27.26216 2.316846 7.940542 -27.26216 2.316846 7.940542 -4.561833 6.917603 7.078839 -27.26687 -15.90856 9.275758 -27.26687 -15.90856 9.275758 -27.26687 -15.90856 9.275758 -27.26687 -15.90856 9.275758 -27.26687 -15.90856 9.275758 -27.26687 -15.90856 9.275758 -66.05219 -2.925801 10.01541 -66.05219 -2.925801 10.01541 -66.05219 -2.925801 10.01541 -67.79269 -5.363996 9.883448 -67.79269 -5.363996 9.883448 -67.79269 -12.74591 9.883452 -67.79269 -12.74591 9.883452 -4.561833 -16.40702 7.078839 -27.24811 -16.40841 7.870226 -27.24811 -16.40841 7.870226 -27.24811 -16.40841 7.870226 -66.05219 -14.22036 9.849044 -66.05219 -14.22036 9.849044 -66.05219 -14.22036 9.849044 -9.83477e-6 109.1947 47.42043 -9.83477e-6 109.1947 47.42043 -9.83477e-6 109.1947 47.42043 -9.83477e-6 109.1947 47.42043 -9.83477e-6 109.1947 47.42043 -9.83477e-6 109.1947 47.42043 -9.83477e-6 109.1947 47.42043 -9.83477e-6 109.1947 47.42043 -15.31944 98.38105 47.42044 -15.31944 98.38105 47.42044 -15.31944 98.38105 47.42044 -15.31944 98.38105 47.42044 -15.31944 98.38105 47.42044 -13.80234 98.38105 52.79847 -13.80234 98.38105 52.79847 -13.80234 98.38105 52.79847 -13.80234 98.38105 52.79847 -13.80234 98.38105 52.79847 -9.551528 98.38105 57.11298 -9.551528 98.38105 57.11298 -9.551528 98.38105 57.11298 -9.551528 98.38105 57.11298 -9.551528 98.38105 57.11298 -3.408917 98.38104 59.50851 -3.408917 98.38104 59.50851 -3.408917 98.38104 59.50851 3.40888 98.38104 59.50851 9.551486 98.38105 57.11299 9.551486 98.38105 57.11299 9.551486 98.38105 57.11299 9.551486 98.38105 57.11299 9.551486 98.38105 57.11299 13.8023 98.38104 52.79847 13.8023 98.38104 52.79847 13.8023 98.38104 52.79847 13.8023 98.38104 52.79847 13.8023 98.38104 52.79847 15.3194 98.38105 47.42044 15.3194 98.38105 47.42044 15.3194 98.38105 47.42044 15.3194 98.38105 47.42044 15.3194 98.38105 47.42044 13.8023 98.38104 42.0424 13.8023 98.38104 42.0424 13.8023 98.38104 42.0424 13.8023 98.38104 42.0424 13.8023 98.38104 42.0424 9.551482 98.38105 37.7279 9.551482 98.38105 37.7279 9.551482 98.38105 37.7279 9.551482 98.38105 37.7279 9.551482 98.38105 37.7279 3.40887 98.38104 35.33237 3.40887 98.38104 35.33237 3.40887 98.38104 35.33237 -3.408912 98.38104 35.33237 -3.408912 98.38104 35.33237 -3.408912 98.38104 35.33237 -3.408912 98.38104 35.33237 -9.55153 98.38105 37.7279 -9.55153 98.38105 37.7279 -9.55153 98.38105 37.7279 -9.55153 98.38105 37.7279 -9.55153 98.38105 37.7279 -13.80234 98.38103 42.04241 -13.80234 98.38103 42.04241 -13.80234 98.38103 42.04241 -13.80234 98.38103 42.04241 -13.80234 98.38103 42.04241 -27.60465 68.08178 47.42044 -27.60465 68.08178 47.42044 -27.60465 68.08178 47.42044 -27.60465 68.08178 47.42044 -27.60465 68.08178 47.42044 -27.60465 68.08178 47.42044 -24.87092 68.08177 57.58756 -24.87092 68.08177 57.58756 -24.87092 68.08177 57.58756 -24.87092 68.08177 57.58756 -24.87092 68.08177 57.58756 -24.87092 68.08177 57.58756 -17.21123 68.08178 65.76287 -17.21123 68.08178 65.76287 -17.21123 68.08178 65.76287 -17.21123 68.08178 65.76287 -17.21123 68.08178 65.76287 -17.21123 68.08178 65.76287 -6.142623 68.0818 70.315 -6.142623 68.0818 70.315 -6.142623 68.0818 70.315 6.142608 68.08179 70.315 6.142608 68.08179 70.315 6.142608 68.08179 70.315 17.2112 68.08177 65.76287 17.2112 68.08177 65.76287 17.2112 68.08177 65.76287 17.2112 68.08177 65.76287 17.2112 68.08177 65.76287 17.2112 68.08177 65.76287 24.87091 68.08177 57.58755 24.87091 68.08177 57.58755 24.87091 68.08177 57.58755 24.87091 68.08177 57.58755 24.87091 68.08177 57.58755 24.87091 68.08177 57.58755 27.60463 68.0818 47.42044 27.60463 68.0818 47.42044 27.60463 68.0818 47.42044 27.60463 68.0818 47.42044 27.60463 68.0818 47.42044 27.60463 68.0818 47.42044 24.87091 68.08177 37.25332 24.87091 68.08177 37.25332 24.87091 68.08177 37.25332 24.87091 68.08177 37.25332 24.87091 68.08177 37.25332 24.87091 68.08177 37.25332 17.2112 68.08176 29.07801 17.2112 68.08176 29.07801 17.2112 68.08176 29.07801 17.2112 68.08176 29.07801 17.2112 68.08176 29.07801 17.2112 68.08176 29.07801 6.142594 68.08179 24.52588 6.142594 68.08179 24.52588 6.142594 68.08179 24.52588 -6.142635 68.08178 24.52589 -6.142635 68.08178 24.52589 -6.142635 68.08178 24.52589 -6.142635 68.08178 24.52589 -6.142635 68.08178 24.52589 -17.21123 68.08178 29.07801 -17.21123 68.08178 29.07801 -17.21123 68.08178 29.07801 -17.21123 68.08178 29.07801 -17.21123 68.08178 29.07801 -17.21123 68.08178 29.07801 -24.87093 68.08177 37.25333 -24.87093 68.08177 37.25333 -24.87093 68.08177 37.25333 -24.87093 68.08177 37.25333 -24.87093 68.08177 37.25333 -24.87093 68.08177 37.25333 -34.42242 24.29812 47.42046 -34.42242 24.29812 47.42046 -34.42242 24.29812 47.42046 -34.42242 24.29812 47.42046 -34.42242 24.29812 47.42046 -34.42242 24.29812 47.42046 -31.01355 24.29812 61.01353 -31.01355 24.29812 61.01353 -31.01355 24.29812 61.01353 -31.01355 24.29812 61.01353 -31.01355 24.29812 61.01353 -31.01355 24.29812 61.01353 -21.46203 24.29812 71.93794 -21.46203 24.29812 71.93794 -21.46203 24.29812 71.93794 -21.46203 24.29812 71.93794 -21.46203 24.29812 71.93794 -21.46203 24.29812 71.93794 -7.659723 24.29813 78.01685 -7.659723 24.29813 78.01685 -7.659723 24.29813 78.01685 7.659716 24.29812 78.01683 7.659716 24.29812 78.01683 7.659716 24.29812 78.01683 21.46202 24.29813 71.93794 21.46202 24.29813 71.93794 21.46202 24.29813 71.93794 21.46202 24.29813 71.93794 21.46202 24.29813 71.93794 21.46202 24.29813 71.93794 31.01352 24.29813 61.01353 31.01352 24.29813 61.01353 31.01352 24.29813 61.01353 31.01352 24.29813 61.01353 31.01352 24.29813 61.01353 31.01352 24.29813 61.01353 34.42242 24.29813 47.42044 34.42242 24.29813 47.42044 34.42242 24.29813 47.42044 34.42242 24.29813 47.42044 34.42242 24.29813 47.42044 34.42242 24.29813 47.42044 31.01352 24.29812 33.82736 31.01352 24.29812 33.82736 31.01352 24.29812 33.82736 31.01352 24.29812 33.82736 31.01352 24.29812 33.82736 31.01352 24.29812 33.82736 21.46202 24.29813 22.90297 21.46202 24.29813 22.90297 21.46202 24.29813 22.90297 21.46202 24.29813 22.90297 21.46202 24.29813 22.90297 21.46202 24.29813 22.90297 7.659702 24.29812 14.61928 7.659702 24.29812 14.61928 7.659702 24.29812 14.61928 -7.659718 24.29812 14.61928 -7.659718 24.29812 14.61928 -7.659718 24.29812 14.61928 -7.659718 24.29812 14.61928 -7.659718 24.29812 14.61928 -21.46204 24.29813 22.90296 -21.46204 24.29813 22.90296 -21.46204 24.29813 22.90296 -21.46204 24.29813 22.90296 -21.46204 24.29813 22.90296 -21.46204 24.29813 22.90296 -31.01354 24.29813 33.82736 -31.01354 24.29813 33.82736 -31.01354 24.29813 33.82736 -31.01354 24.29813 33.82736 -31.01354 24.29813 33.82736 -31.01354 24.29813 33.82736 -34.42242 -24.29809 47.42046 -34.42242 -24.29809 47.42046 -34.42242 -24.29809 47.42046 -34.42242 -24.29809 47.42046 -34.42242 -24.29809 47.42046 -34.42242 -24.29809 47.42046 -31.01354 -24.29809 62.05104 -31.01354 -24.29809 62.05104 -31.01354 -24.29809 62.05104 -31.01354 -24.29809 62.05104 -31.01354 -24.29809 62.05104 -31.01354 -24.29809 62.05104 -21.46203 -24.29808 73.76026 -21.46203 -24.29808 73.76026 -21.46203 -24.29808 73.76026 -21.46203 -24.29808 73.76026 -21.46203 -24.29808 73.76026 -21.46203 -24.29808 73.76026 -7.659721 -24.29808 80.24205 -7.659721 -24.29808 80.24205 -7.659721 -24.29808 80.24205 7.659719 -24.29809 80.24205 7.659719 -24.29809 80.24205 7.659719 -24.29809 80.24205 21.46203 -24.29808 73.76024 21.46203 -24.29808 73.76024 21.46203 -24.29808 73.76024 21.46203 -24.29808 73.76024 21.46203 -24.29808 73.76024 21.46203 -24.29808 73.76024 31.01353 -24.29808 62.05103 31.01353 -24.29808 62.05103 31.01353 -24.29808 62.05103 31.01353 -24.29808 62.05103 31.01353 -24.29808 62.05103 31.01353 -24.29808 62.05103 34.42242 -24.29808 47.42045 34.42242 -24.29808 47.42045 34.42242 -24.29808 47.42045 34.42242 -24.29808 47.42045 34.42242 -24.29808 47.42045 34.42242 -24.29808 47.42045 31.01352 -24.29808 32.78987 31.01352 -24.29808 32.78987 31.01352 -24.29808 32.78987 31.01352 -24.29808 32.78987 31.01352 -24.29808 32.78987 31.01352 -24.29808 32.78987 21.46203 -24.29809 21.08065 21.46203 -24.29809 21.08065 21.46203 -24.29809 21.08065 21.46203 -24.29809 21.08065 21.46203 -24.29809 21.08065 21.46203 -24.29809 21.08065 7.659706 -24.2981 14.59886 7.659706 -24.2981 14.59886 7.659706 -24.2981 14.59886 -7.659728 -24.29809 14.59886 -7.659728 -24.29809 14.59886 -7.659728 -24.29809 14.59886 -7.659728 -24.29809 14.59886 -21.46203 -24.29809 21.08065 -21.46203 -24.29809 21.08065 -21.46203 -24.29809 21.08065 -21.46203 -24.29809 21.08065 -21.46203 -24.29809 21.08065 -21.46203 -24.29809 21.08065 -31.01354 -24.29809 32.78988 -31.01354 -24.29809 32.78988 -31.01354 -24.29809 32.78988 -31.01354 -24.29809 32.78988 -31.01354 -24.29809 32.78988 -31.01354 -24.29809 32.78988 -27.60464 -68.08174 47.42046 -27.60464 -68.08174 47.42046 -27.60464 -68.08174 47.42046 -27.60464 -68.08174 47.42046 -27.60464 -68.08174 47.42046 -27.60464 -68.08174 47.42046 -24.87093 -68.08174 59.88696 -24.87093 -68.08174 59.88696 -24.87093 -68.08174 59.88696 -24.87093 -68.08174 59.88696 -24.87093 -68.08174 59.88696 -24.87093 -68.08174 59.88696 -17.21122 -68.08174 69.86241 -17.21122 -68.08174 69.86241 -17.21122 -68.08174 69.86241 -17.21122 -68.08174 69.86241 -17.21122 -68.08174 69.86241 -17.21122 -68.08174 69.86241 -6.142619 -68.08174 75.38318 -6.142619 -68.08174 75.38318 -6.142619 -68.08174 75.38318 6.142626 -68.08174 75.38318 6.142626 -68.08174 75.38318 6.142626 -68.08174 75.38318 17.21121 -68.08174 69.86241 17.21121 -68.08174 69.86241 17.21121 -68.08174 69.86241 17.21121 -68.08174 69.86241 17.21121 -68.08174 69.86241 17.21121 -68.08174 69.86241 24.87093 -68.08175 59.88696 24.87093 -68.08175 59.88696 24.87093 -68.08175 59.88696 24.87093 -68.08175 59.88696 24.87093 -68.08175 59.88696 24.87093 -68.08175 59.88696 27.60464 -68.08175 47.42045 27.60464 -68.08175 47.42045 27.60464 -68.08175 47.42045 27.60464 -68.08175 47.42045 27.60464 -68.08175 47.42045 27.60464 -68.08175 47.42045 24.87092 -68.08175 34.95394 24.87092 -68.08175 34.95394 24.87092 -68.08175 34.95394 24.87092 -68.08175 34.95394 24.87092 -68.08175 34.95394 24.87092 -68.08175 34.95394 17.21121 -68.08176 24.97852 17.21121 -68.08176 24.97852 17.21121 -68.08176 24.97852 17.21121 -68.08176 24.97852 17.21121 -68.08176 24.97852 17.21121 -68.08176 24.97852 6.142611 -68.08175 19.45773 6.142611 -68.08175 19.45773 6.142611 -68.08175 19.45773 -6.142616 -68.08175 19.45774 -6.142616 -68.08175 19.45774 -6.142616 -68.08175 19.45774 -6.142616 -68.08175 19.45774 -6.142616 -68.08175 19.45774 -6.142616 -68.08175 19.45774 -17.21121 -68.08175 24.97852 -17.21121 -68.08175 24.97852 -17.21121 -68.08175 24.97852 -17.21121 -68.08175 24.97852 -17.21121 -68.08175 24.97852 -17.21121 -68.08175 24.97852 -24.87092 -68.08174 34.95395 -24.87092 -68.08174 34.95395 -24.87092 -68.08174 34.95395 -24.87092 -68.08174 34.95395 -24.87092 -68.08174 34.95395 -24.87092 -68.08174 34.95395 -15.31941 -98.381 47.42045 -15.31941 -98.381 47.42045 -15.31941 -98.381 47.42045 -15.31941 -98.381 47.42045 -15.31941 -98.381 47.42045 -13.80231 -98.38101 54.60314 -13.80231 -98.38101 54.60314 -13.80231 -98.38101 54.60314 -13.80231 -98.38101 54.60314 -13.80231 -98.38101 54.60314 -9.5515 -98.381 60.36154 -9.5515 -98.381 60.36154 -9.5515 -98.381 60.36154 -9.5515 -98.381 60.36154 -9.5515 -98.381 60.36154 -3.408887 -98.381 63.55606 -3.408887 -98.381 63.55606 -3.408887 -98.381 63.55606 3.408902 -98.381 63.55605 3.408902 -98.381 63.55605 9.551509 -98.381 60.36154 9.551509 -98.381 60.36154 9.551509 -98.381 60.36154 9.551509 -98.381 60.36154 9.551509 -98.381 60.36154 13.80232 -98.381 54.60314 13.80232 -98.381 54.60314 13.80232 -98.381 54.60314 13.80232 -98.381 54.60314 13.80232 -98.381 54.60314 15.31942 -98.38099 47.42045 15.31942 -98.38099 47.42045 15.31942 -98.38099 47.42045 15.31942 -98.38099 47.42045 15.31942 -98.38099 47.42045 13.80232 -98.381 40.23778 13.80232 -98.381 40.23778 13.80232 -98.381 40.23778 13.80232 -98.381 40.23778 13.80232 -98.381 40.23778 9.551506 -98.381 34.47938 9.551506 -98.381 34.47938 9.551506 -98.381 34.47938 9.551506 -98.381 34.47938 9.551506 -98.381 34.47938 3.408897 -98.381 31.28487 3.408897 -98.381 31.28487 3.408897 -98.381 31.28487 3.408897 -98.381 31.28487 -3.408891 -98.381 31.28487 -3.408891 -98.381 31.28487 -3.408891 -98.381 31.28487 -3.408891 -98.381 31.28487 -9.551506 -98.38099 34.47939 -9.551506 -98.38099 34.47939 -9.551506 -98.38099 34.47939 -9.551506 -98.38099 34.47939 -9.551506 -98.38099 34.47939 -13.80232 -98.381 40.23779 -13.80232 -98.381 40.23779 -13.80232 -98.381 40.23779 -13.80232 -98.381 40.23779 -13.80232 -98.381 40.23779 2.65241e-6 -104.229 47.42046 2.65241e-6 -104.229 47.42046 2.65241e-6 -104.229 47.42046 2.65241e-6 -104.229 47.42046 2.65241e-6 -104.229 47.42046 2.65241e-6 -104.229 47.42046 8.386057 21.57966 12.46744 8.386057 21.57966 12.46744 8.386057 21.57966 12.46744 -8.564758 21.57965 12.46743 -8.564758 21.57965 12.46743 -8.564758 21.57965 12.46743 8.38606 -21.88324 12.45259 8.38606 -21.88324 12.45259 8.38606 -21.88324 12.45259 -8.564757 -21.88324 12.45259 -8.564757 -21.88324 12.45259 -8.564757 -21.88324 12.45259 8.386055 21.57921 8.978333 8.386055 21.57921 8.978333 8.386055 21.57921 8.978333 -8.56477 21.57921 8.978333 -8.56477 21.57921 8.978333 -8.56477 21.57921 8.978333 8.386062 -21.88519 8.963482 8.386062 -21.88519 8.963482 8.386062 -21.88519 8.963482 -8.564769 -21.88518 8.963488 -8.564769 -21.88518 8.963488 -8.564769 -21.88518 8.963488 5.478477 15.43367 5.489231 5.478477 15.43367 5.489231 -5.657175 15.43367 5.489229 5.478474 -16.51483 5.474384 -5.657183 -16.51483 5.474384 -5.657183 -16.51483 5.474384 0.6086618 78.01206 47.97188 0.6086618 78.01206 47.97188 23.40278 78.01206 47.97187 23.40278 78.01206 46.86894 0.6086598 78.01206 46.86894 0.6086658 78.01206 24.07482 -0.4945271 78.01206 24.07483 -0.4943169 78.01206 46.86893 -23.2884 78.01205 46.86894 -23.2884 78.01205 47.97187 -0.494338 78.01206 47.97187 -0.4954713 78.01206 70.766 0.6087246 78.01206 70.766 0.6086689 126.0121 47.97187 23.40279 126.0121 47.97187 23.40279 126.0121 47.97187 23.40279 126.0121 46.86893 23.40279 126.0121 46.86893 0.6086682 126.0121 46.86894 0.6086682 126.0121 46.86894 0.6086826 126.012 24.07482 0.6086826 126.012 24.07482 -0.4941865 126.0121 24.07482 -0.4941865 126.0121 24.07482 -0.4942606 126.0121 46.86893 -0.4942606 126.0121 46.86893 -23.28839 126.0121 46.86894 -23.28839 126.0121 46.86894 -23.28839 126.0121 47.97188 -23.28839 126.0121 47.97188 -0.4942601 126.0121 47.97187 -0.4942601 126.0121 47.97187 -0.4941641 126.0121 70.766 -0.4941641 126.0121 70.766 0.6087031 126.0121 70.766 0.6087031 126.0121 70.766 3.40888 98.38104 59.50851 3.40888 98.38104 59.50851 3.40888 98.38104 59.50851 -9.83477e-6 109.1947 47.42043 -9.83477e-6 109.1947 47.42043 -9.83477e-6 109.1947 47.42043 -9.83477e-6 109.1947 47.42043 -9.83477e-6 109.1947 47.42043 -9.83477e-6 109.1947 47.42043 3.40887 98.38104 35.33237 3.40887 98.38104 35.33237 -6.142623 68.0818 70.315 -6.142623 68.0818 70.315 -6.142623 68.0818 70.315 -3.408917 98.38104 59.50851 -3.408917 98.38104 59.50851 3.40888 98.38104 59.50851 6.142608 68.08179 70.315 6.142608 68.08179 70.315 6.142608 68.08179 70.315 6.142594 68.08179 24.52588 6.142594 68.08179 24.52588 6.142594 68.08179 24.52588 -3.408912 98.38104 35.33237 -6.142635 68.08178 24.52589 -7.659723 24.29813 78.01685 -7.659723 24.29813 78.01685 -7.659723 24.29813 78.01685 7.659716 24.29812 78.01683 7.659716 24.29812 78.01683 7.659716 24.29812 78.01683 7.659702 24.29812 14.61928 -7.659721 -24.29808 80.24205 -7.659721 -24.29808 80.24205 -7.659721 -24.29808 80.24205 7.659719 -24.29809 80.24205 7.659719 -24.29809 80.24205 7.659719 -24.29809 80.24205 -6.142619 -68.08174 75.38318 -6.142619 -68.08174 75.38318 -6.142619 -68.08174 75.38318 6.142626 -68.08174 75.38318 6.142626 -68.08174 75.38318 6.142626 -68.08174 75.38318 6.142611 -68.08175 19.45773 6.142611 -68.08175 19.45773 6.142611 -68.08175 19.45773 7.659706 -24.2981 14.59886 7.659706 -24.2981 14.59886 -3.408887 -98.381 63.55606 3.408902 -98.381 63.55605 3.408902 -98.381 63.55605 3.408897 -98.381 31.28487 -3.408887 -98.381 63.55606 3.408902 -98.381 63.55605 2.65241e-6 -104.229 47.42046 2.65241e-6 -104.229 47.42046 2.65241e-6 -104.229 47.42046 2.65241e-6 -104.229 47.42046 2.65241e-6 -104.229 47.42046 2.65241e-6 -104.229 47.42046 2.65241e-6 -104.229 47.42046 2.65241e-6 -104.229 47.42046 -3.408891 -98.381 31.28487 7.659702 24.29812 14.61928 -7.659718 24.29812 14.61928 -7.659718 24.29812 14.61928 7.659706 -24.2981 14.59886 7.659702 24.29812 14.61928 7.659702 24.29812 14.61928 8.386057 21.57966 12.46744 8.386057 21.57966 12.46744 8.386057 21.57966 12.46744 -7.659728 -24.29809 14.59886 7.659706 -24.2981 14.59886 7.659706 -24.2981 14.59886 8.38606 -21.88324 12.45259 8.38606 -21.88324 12.45259 8.38606 -21.88324 12.45259 -8.564758 21.57965 12.46743 -8.564758 21.57965 12.46743 -8.564758 21.57965 12.46743 -7.659718 24.29812 14.61928 -7.659728 -24.29809 14.59886 -7.659728 -24.29809 14.59886 -8.564757 -21.88324 12.45259 -8.564757 -21.88324 12.45259 -8.564757 -21.88324 12.45259 8.386062 -21.88519 8.963482 8.386062 -21.88519 8.963482 8.386062 -21.88519 8.963482 -8.564769 -21.88518 8.963488 -8.564769 -21.88518 8.963488 -8.564769 -21.88518 8.963488 8.386055 21.57921 8.978333 8.386055 21.57921 8.978333 8.386055 21.57921 8.978333 -8.56477 21.57921 8.978333 -8.56477 21.57921 8.978333 -8.56477 21.57921 8.978333 5.478474 -16.51483 5.474384 5.478474 -16.51483 5.474384 5.478477 15.43367 5.489231 -5.657183 -16.51483 5.474384 -5.657183 -16.51483 5.474384 5.478474 -16.51483 5.474384 -5.657175 15.43367 5.489229 -5.657175 15.43367 5.489229 -5.657183 -16.51483 5.474384 5.478477 15.43367 5.489231 5.478477 15.43367 5.489231 -5.657175 15.43367 5.489229 23.40278 78.01206 47.97187 23.40278 78.01206 47.97187 23.40279 126.0121 47.97187 23.40278 78.01206 46.86894 23.40278 78.01206 46.86894 23.40279 126.0121 46.86893 0.6086598 78.01206 46.86894 0.6086598 78.01206 46.86894 0.6086682 126.0121 46.86894 0.6086658 78.01206 24.07482 0.6086658 78.01206 24.07482 0.6086826 126.012 24.07482 -0.4945271 78.01206 24.07483 -0.4945271 78.01206 24.07483 -0.4941865 126.0121 24.07482 -0.4943169 78.01206 46.86893 -0.4943169 78.01206 46.86893 -0.4942606 126.0121 46.86893 -23.2884 78.01205 46.86894 -23.2884 78.01205 46.86894 -23.28839 126.0121 46.86894 -23.2884 78.01205 47.97187 -23.2884 78.01205 47.97187 -23.28839 126.0121 47.97188 -0.494338 78.01206 47.97187 -0.494338 78.01206 47.97187 -0.4942601 126.0121 47.97187 -0.4954713 78.01206 70.766 -0.4954713 78.01206 70.766 -0.4941641 126.0121 70.766 0.6086689 126.0121 47.97187 0.6086689 126.0121 47.97187 0.6086618 78.01206 47.97188 0.6087246 78.01206 70.766 0.6087246 78.01206 70.766 0.6087031 126.0121 70.766 -23.2884 78.01205 47.97187 -0.494338 78.01206 47.97187 -0.494338 78.01206 47.97187 -0.494338 78.01206 47.97187 -0.494338 78.01206 47.97187 -0.494338 78.01206 47.97187 -23.2884 78.01205 46.86894 -23.2884 78.01205 46.86894 -0.4943169 78.01206 46.86893 -0.4943169 78.01206 46.86893 -0.4943169 78.01206 46.86893 -0.4943169 78.01206 46.86893 23.40278 78.01206 46.86894 0.6086598 78.01206 46.86894 0.6086598 78.01206 46.86894 0.6086598 78.01206 46.86894 0.6086598 78.01206 46.86894 23.40278 78.01206 47.97187 0.6086618 78.01206 47.97188 0.6086618 78.01206 47.97188 0.6086618 78.01206 47.97188 0.6086618 78.01206 47.97188 0.6087246 78.01206 70.766 -0.4954713 78.01206 70.766 -0.4954713 78.01206 70.766 0.6086658 78.01206 24.07482 0.6086658 78.01206 24.07482 -0.4945271 78.01206 24.07483 -0.4942601 126.0121 47.97187 -0.4942601 126.0121 47.97187 -0.4942601 126.0121 47.97187 -0.4942601 126.0121 47.97187 -0.4942601 126.0121 47.97187 -23.28839 126.0121 47.97188 -23.28839 126.0121 46.86894 -0.4942606 126.0121 46.86893 -0.4942606 126.0121 46.86893 -0.4942606 126.0121 46.86893 -0.4942606 126.0121 46.86893 0.6086682 126.0121 46.86894 0.6086682 126.0121 46.86894 0.6086682 126.0121 46.86894 0.6086682 126.0121 46.86894 0.6086682 126.0121 46.86894 23.40279 126.0121 46.86893 23.40279 126.0121 47.97187 23.40279 126.0121 47.97187 0.6086689 126.0121 47.97187 0.6086689 126.0121 47.97187 0.6086689 126.0121 47.97187 0.6086689 126.0121 47.97187 0.6087031 126.0121 70.766 -0.4941641 126.0121 70.766 -0.4941641 126.0121 70.766 0.6086826 126.012 24.07482 0.6086826 126.012 24.07482 -0.4941865 126.0121 24.07482 -9.83477e-6 109.1947 47.42043 -9.83477e-6 109.1947 47.42043 -9.83477e-6 109.1947 47.42043 -9.83477e-6 109.1947 47.42043 -9.83477e-6 109.1947 47.42043 -9.83477e-6 109.1947 47.42043 -9.83477e-6 109.1947 47.42043 -9.83477e-6 109.1947 47.42043 -15.31944 98.38105 47.42044 -15.31944 98.38105 47.42044 -15.31944 98.38105 47.42044 -15.31944 98.38105 47.42044 -15.31944 98.38105 47.42044 -13.80234 98.38105 52.79847 -13.80234 98.38105 52.79847 -13.80234 98.38105 52.79847 -13.80234 98.38105 52.79847 -13.80234 98.38105 52.79847 -9.551528 98.38105 57.11298 -9.551528 98.38105 57.11298 -9.551528 98.38105 57.11298 -9.551528 98.38105 57.11298 -9.551528 98.38105 57.11298 -3.408917 98.38104 59.50851 -3.408917 98.38104 59.50851 -3.408917 98.38104 59.50851 3.40888 98.38104 59.50851 9.551486 98.38105 57.11299 9.551486 98.38105 57.11299 9.551486 98.38105 57.11299 9.551486 98.38105 57.11299 9.551486 98.38105 57.11299 13.8023 98.38104 52.79847 13.8023 98.38104 52.79847 13.8023 98.38104 52.79847 13.8023 98.38104 52.79847 13.8023 98.38104 52.79847 15.3194 98.38105 47.42044 15.3194 98.38105 47.42044 15.3194 98.38105 47.42044 15.3194 98.38105 47.42044 15.3194 98.38105 47.42044 13.8023 98.38104 42.0424 13.8023 98.38104 42.0424 13.8023 98.38104 42.0424 13.8023 98.38104 42.0424 13.8023 98.38104 42.0424 9.551482 98.38105 37.7279 9.551482 98.38105 37.7279 9.551482 98.38105 37.7279 9.551482 98.38105 37.7279 9.551482 98.38105 37.7279 3.40887 98.38104 35.33237 3.40887 98.38104 35.33237 3.40887 98.38104 35.33237 -3.408912 98.38104 35.33237 -3.408912 98.38104 35.33237 -3.408912 98.38104 35.33237 -3.408912 98.38104 35.33237 -9.55153 98.38105 37.7279 -9.55153 98.38105 37.7279 -9.55153 98.38105 37.7279 -9.55153 98.38105 37.7279 -9.55153 98.38105 37.7279 -13.80234 98.38103 42.04241 -13.80234 98.38103 42.04241 -13.80234 98.38103 42.04241 -13.80234 98.38103 42.04241 -13.80234 98.38103 42.04241 -27.60465 68.08178 47.42044 -27.60465 68.08178 47.42044 -27.60465 68.08178 47.42044 -27.60465 68.08178 47.42044 -27.60465 68.08178 47.42044 -27.60465 68.08178 47.42044 -24.87092 68.08177 57.58756 -24.87092 68.08177 57.58756 -24.87092 68.08177 57.58756 -24.87092 68.08177 57.58756 -24.87092 68.08177 57.58756 -24.87092 68.08177 57.58756 -17.21123 68.08178 65.76287 -17.21123 68.08178 65.76287 -17.21123 68.08178 65.76287 -17.21123 68.08178 65.76287 -17.21123 68.08178 65.76287 -17.21123 68.08178 65.76287 -6.142623 68.0818 70.315 -6.142623 68.0818 70.315 -6.142623 68.0818 70.315 6.142608 68.08179 70.315 6.142608 68.08179 70.315 6.142608 68.08179 70.315 17.2112 68.08177 65.76287 17.2112 68.08177 65.76287 17.2112 68.08177 65.76287 17.2112 68.08177 65.76287 17.2112 68.08177 65.76287 17.2112 68.08177 65.76287 24.87091 68.08177 57.58755 24.87091 68.08177 57.58755 24.87091 68.08177 57.58755 24.87091 68.08177 57.58755 24.87091 68.08177 57.58755 24.87091 68.08177 57.58755 27.60463 68.0818 47.42044 27.60463 68.0818 47.42044 27.60463 68.0818 47.42044 27.60463 68.0818 47.42044 27.60463 68.0818 47.42044 27.60463 68.0818 47.42044 24.87091 68.08177 37.25332 24.87091 68.08177 37.25332 24.87091 68.08177 37.25332 24.87091 68.08177 37.25332 24.87091 68.08177 37.25332 24.87091 68.08177 37.25332 17.2112 68.08176 29.07801 17.2112 68.08176 29.07801 17.2112 68.08176 29.07801 17.2112 68.08176 29.07801 17.2112 68.08176 29.07801 17.2112 68.08176 29.07801 6.142594 68.08179 24.52588 6.142594 68.08179 24.52588 6.142594 68.08179 24.52588 -6.142635 68.08178 24.52589 -6.142635 68.08178 24.52589 -6.142635 68.08178 24.52589 -6.142635 68.08178 24.52589 -6.142635 68.08178 24.52589 -17.21123 68.08178 29.07801 -17.21123 68.08178 29.07801 -17.21123 68.08178 29.07801 -17.21123 68.08178 29.07801 -17.21123 68.08178 29.07801 -17.21123 68.08178 29.07801 -24.87093 68.08177 37.25333 -24.87093 68.08177 37.25333 -24.87093 68.08177 37.25333 -24.87093 68.08177 37.25333 -24.87093 68.08177 37.25333 -24.87093 68.08177 37.25333 -34.42242 24.29812 47.42046 -34.42242 24.29812 47.42046 -34.42242 24.29812 47.42046 -34.42242 24.29812 47.42046 -34.42242 24.29812 47.42046 -34.42242 24.29812 47.42046 -31.01355 24.29812 61.01353 -31.01355 24.29812 61.01353 -31.01355 24.29812 61.01353 -31.01355 24.29812 61.01353 -31.01355 24.29812 61.01353 -31.01355 24.29812 61.01353 -21.46203 24.29812 71.93794 -21.46203 24.29812 71.93794 -21.46203 24.29812 71.93794 -21.46203 24.29812 71.93794 -21.46203 24.29812 71.93794 -21.46203 24.29812 71.93794 -7.659723 24.29813 78.01685 -7.659723 24.29813 78.01685 -7.659723 24.29813 78.01685 7.659716 24.29812 78.01683 7.659716 24.29812 78.01683 7.659716 24.29812 78.01683 21.46202 24.29813 71.93794 21.46202 24.29813 71.93794 21.46202 24.29813 71.93794 21.46202 24.29813 71.93794 21.46202 24.29813 71.93794 21.46202 24.29813 71.93794 31.01352 24.29813 61.01353 31.01352 24.29813 61.01353 31.01352 24.29813 61.01353 31.01352 24.29813 61.01353 31.01352 24.29813 61.01353 31.01352 24.29813 61.01353 34.42242 24.29813 47.42044 34.42242 24.29813 47.42044 34.42242 24.29813 47.42044 34.42242 24.29813 47.42044 34.42242 24.29813 47.42044 34.42242 24.29813 47.42044 31.01352 24.29812 33.82736 31.01352 24.29812 33.82736 31.01352 24.29812 33.82736 31.01352 24.29812 33.82736 31.01352 24.29812 33.82736 31.01352 24.29812 33.82736 21.46202 24.29813 22.90297 21.46202 24.29813 22.90297 21.46202 24.29813 22.90297 21.46202 24.29813 22.90297 21.46202 24.29813 22.90297 21.46202 24.29813 22.90297 7.659702 24.29812 14.61928 7.659702 24.29812 14.61928 7.659702 24.29812 14.61928 -7.659718 24.29812 14.61928 -7.659718 24.29812 14.61928 -7.659718 24.29812 14.61928 -7.659718 24.29812 14.61928 -7.659718 24.29812 14.61928 -21.46204 24.29813 22.90296 -21.46204 24.29813 22.90296 -21.46204 24.29813 22.90296 -21.46204 24.29813 22.90296 -21.46204 24.29813 22.90296 -21.46204 24.29813 22.90296 -31.01354 24.29813 33.82736 -31.01354 24.29813 33.82736 -31.01354 24.29813 33.82736 -31.01354 24.29813 33.82736 -31.01354 24.29813 33.82736 -31.01354 24.29813 33.82736 -34.42242 -24.29809 47.42046 -34.42242 -24.29809 47.42046 -34.42242 -24.29809 47.42046 -34.42242 -24.29809 47.42046 -34.42242 -24.29809 47.42046 -34.42242 -24.29809 47.42046 -31.01354 -24.29809 62.05104 -31.01354 -24.29809 62.05104 -31.01354 -24.29809 62.05104 -31.01354 -24.29809 62.05104 -31.01354 -24.29809 62.05104 -31.01354 -24.29809 62.05104 -21.46203 -24.29808 73.76026 -21.46203 -24.29808 73.76026 -21.46203 -24.29808 73.76026 -21.46203 -24.29808 73.76026 -21.46203 -24.29808 73.76026 -21.46203 -24.29808 73.76026 -7.659721 -24.29808 80.24205 -7.659721 -24.29808 80.24205 -7.659721 -24.29808 80.24205 7.659719 -24.29809 80.24205 7.659719 -24.29809 80.24205 7.659719 -24.29809 80.24205 21.46203 -24.29808 73.76024 21.46203 -24.29808 73.76024 21.46203 -24.29808 73.76024 21.46203 -24.29808 73.76024 21.46203 -24.29808 73.76024 21.46203 -24.29808 73.76024 31.01353 -24.29808 62.05103 31.01353 -24.29808 62.05103 31.01353 -24.29808 62.05103 31.01353 -24.29808 62.05103 31.01353 -24.29808 62.05103 31.01353 -24.29808 62.05103 34.42242 -24.29808 47.42045 34.42242 -24.29808 47.42045 34.42242 -24.29808 47.42045 34.42242 -24.29808 47.42045 34.42242 -24.29808 47.42045 34.42242 -24.29808 47.42045 31.01352 -24.29808 32.78987 31.01352 -24.29808 32.78987 31.01352 -24.29808 32.78987 31.01352 -24.29808 32.78987 31.01352 -24.29808 32.78987 31.01352 -24.29808 32.78987 21.46203 -24.29809 21.08065 21.46203 -24.29809 21.08065 21.46203 -24.29809 21.08065 21.46203 -24.29809 21.08065 21.46203 -24.29809 21.08065 21.46203 -24.29809 21.08065 7.659706 -24.2981 14.59886 7.659706 -24.2981 14.59886 7.659706 -24.2981 14.59886 -7.659728 -24.29809 14.59886 -7.659728 -24.29809 14.59886 -7.659728 -24.29809 14.59886 -7.659728 -24.29809 14.59886 -21.46203 -24.29809 21.08065 -21.46203 -24.29809 21.08065 -21.46203 -24.29809 21.08065 -21.46203 -24.29809 21.08065 -21.46203 -24.29809 21.08065 -21.46203 -24.29809 21.08065 -31.01354 -24.29809 32.78988 -31.01354 -24.29809 32.78988 -31.01354 -24.29809 32.78988 -31.01354 -24.29809 32.78988 -31.01354 -24.29809 32.78988 -31.01354 -24.29809 32.78988 -27.60464 -68.08174 47.42046 -27.60464 -68.08174 47.42046 -27.60464 -68.08174 47.42046 -27.60464 -68.08174 47.42046 -27.60464 -68.08174 47.42046 -27.60464 -68.08174 47.42046 -24.87093 -68.08174 59.88696 -24.87093 -68.08174 59.88696 -24.87093 -68.08174 59.88696 -24.87093 -68.08174 59.88696 -24.87093 -68.08174 59.88696 -24.87093 -68.08174 59.88696 -17.21122 -68.08174 69.86241 -17.21122 -68.08174 69.86241 -17.21122 -68.08174 69.86241 -17.21122 -68.08174 69.86241 -17.21122 -68.08174 69.86241 -17.21122 -68.08174 69.86241 -6.142619 -68.08174 75.38318 -6.142619 -68.08174 75.38318 -6.142619 -68.08174 75.38318 6.142626 -68.08174 75.38318 6.142626 -68.08174 75.38318 6.142626 -68.08174 75.38318 17.21121 -68.08174 69.86241 17.21121 -68.08174 69.86241 17.21121 -68.08174 69.86241 17.21121 -68.08174 69.86241 17.21121 -68.08174 69.86241 17.21121 -68.08174 69.86241 24.87093 -68.08175 59.88696 24.87093 -68.08175 59.88696 24.87093 -68.08175 59.88696 24.87093 -68.08175 59.88696 24.87093 -68.08175 59.88696 24.87093 -68.08175 59.88696 27.60464 -68.08175 47.42045 27.60464 -68.08175 47.42045 27.60464 -68.08175 47.42045 27.60464 -68.08175 47.42045 27.60464 -68.08175 47.42045 27.60464 -68.08175 47.42045 24.87092 -68.08175 34.95394 24.87092 -68.08175 34.95394 24.87092 -68.08175 34.95394 24.87092 -68.08175 34.95394 24.87092 -68.08175 34.95394 24.87092 -68.08175 34.95394 17.21121 -68.08176 24.97852 17.21121 -68.08176 24.97852 17.21121 -68.08176 24.97852 17.21121 -68.08176 24.97852 17.21121 -68.08176 24.97852 17.21121 -68.08176 24.97852 6.142611 -68.08175 19.45773 6.142611 -68.08175 19.45773 6.142611 -68.08175 19.45773 -6.142616 -68.08175 19.45774 -6.142616 -68.08175 19.45774 -6.142616 -68.08175 19.45774 -6.142616 -68.08175 19.45774 -6.142616 -68.08175 19.45774 -6.142616 -68.08175 19.45774 -17.21121 -68.08175 24.97852 -17.21121 -68.08175 24.97852 -17.21121 -68.08175 24.97852 -17.21121 -68.08175 24.97852 -17.21121 -68.08175 24.97852 -17.21121 -68.08175 24.97852 -24.87092 -68.08174 34.95395 -24.87092 -68.08174 34.95395 -24.87092 -68.08174 34.95395 -24.87092 -68.08174 34.95395 -24.87092 -68.08174 34.95395 -24.87092 -68.08174 34.95395 -15.31941 -98.381 47.42045 -15.31941 -98.381 47.42045 -15.31941 -98.381 47.42045 -15.31941 -98.381 47.42045 -15.31941 -98.381 47.42045 -13.80231 -98.38101 54.60314 -13.80231 -98.38101 54.60314 -13.80231 -98.38101 54.60314 -13.80231 -98.38101 54.60314 -13.80231 -98.38101 54.60314 -9.5515 -98.381 60.36154 -9.5515 -98.381 60.36154 -9.5515 -98.381 60.36154 -9.5515 -98.381 60.36154 -9.5515 -98.381 60.36154 -3.408887 -98.381 63.55606 -3.408887 -98.381 63.55606 -3.408887 -98.381 63.55606 3.408902 -98.381 63.55605 3.408902 -98.381 63.55605 9.551509 -98.381 60.36154 9.551509 -98.381 60.36154 9.551509 -98.381 60.36154 9.551509 -98.381 60.36154 9.551509 -98.381 60.36154 13.80232 -98.381 54.60314 13.80232 -98.381 54.60314 13.80232 -98.381 54.60314 13.80232 -98.381 54.60314 13.80232 -98.381 54.60314 15.31942 -98.38099 47.42045 15.31942 -98.38099 47.42045 15.31942 -98.38099 47.42045 15.31942 -98.38099 47.42045 15.31942 -98.38099 47.42045 13.80232 -98.381 40.23778 13.80232 -98.381 40.23778 13.80232 -98.381 40.23778 13.80232 -98.381 40.23778 13.80232 -98.381 40.23778 9.551506 -98.381 34.47938 9.551506 -98.381 34.47938 9.551506 -98.381 34.47938 9.551506 -98.381 34.47938 9.551506 -98.381 34.47938 3.408897 -98.381 31.28487 3.408897 -98.381 31.28487 3.408897 -98.381 31.28487 3.408897 -98.381 31.28487 -3.408891 -98.381 31.28487 -3.408891 -98.381 31.28487 -3.408891 -98.381 31.28487 -3.408891 -98.381 31.28487 -9.551506 -98.38099 34.47939 -9.551506 -98.38099 34.47939 -9.551506 -98.38099 34.47939 -9.551506 -98.38099 34.47939 -9.551506 -98.38099 34.47939 -13.80232 -98.381 40.23779 -13.80232 -98.381 40.23779 -13.80232 -98.381 40.23779 -13.80232 -98.381 40.23779 -13.80232 -98.381 40.23779 2.65241e-6 -104.229 47.42046 2.65241e-6 -104.229 47.42046 2.65241e-6 -104.229 47.42046 2.65241e-6 -104.229 47.42046 2.65241e-6 -104.229 47.42046 2.65241e-6 -104.229 47.42046 8.386057 21.57966 12.46744 8.386057 21.57966 12.46744 8.386057 21.57966 12.46744 -8.564758 21.57965 12.46743 -8.564758 21.57965 12.46743 -8.564758 21.57965 12.46743 8.38606 -21.88324 12.45259 8.38606 -21.88324 12.45259 8.38606 -21.88324 12.45259 -8.564757 -21.88324 12.45259 -8.564757 -21.88324 12.45259 -8.564757 -21.88324 12.45259 8.386055 21.57921 8.978333 8.386055 21.57921 8.978333 8.386055 21.57921 8.978333 -8.56477 21.57921 8.978333 -8.56477 21.57921 8.978333 -8.56477 21.57921 8.978333 8.386062 -21.88519 8.963482 8.386062 -21.88519 8.963482 8.386062 -21.88519 8.963482 -8.564769 -21.88518 8.963488 -8.564769 -21.88518 8.963488 -8.564769 -21.88518 8.963488 5.478477 15.43367 5.489231 5.478477 15.43367 5.489231 -5.657175 15.43367 5.489229 5.478474 -16.51483 5.474384 -5.657183 -16.51483 5.474384 -5.657183 -16.51483 5.474384 0.6086618 78.01206 47.97188 0.6086618 78.01206 47.97188 23.40278 78.01206 47.97187 23.40278 78.01206 46.86894 0.6086598 78.01206 46.86894 0.6086658 78.01206 24.07482 -0.4945271 78.01206 24.07483 -0.4943169 78.01206 46.86893 -23.2884 78.01205 46.86894 -23.2884 78.01205 47.97187 -0.494338 78.01206 47.97187 -0.4954713 78.01206 70.766 0.6087246 78.01206 70.766 0.6086689 126.0121 47.97187 23.40279 126.0121 47.97187 23.40279 126.0121 47.97187 23.40279 126.0121 46.86893 23.40279 126.0121 46.86893 0.6086682 126.0121 46.86894 0.6086682 126.0121 46.86894 0.6086826 126.012 24.07482 0.6086826 126.012 24.07482 -0.4941865 126.0121 24.07482 -0.4941865 126.0121 24.07482 -0.4942606 126.0121 46.86893 -0.4942606 126.0121 46.86893 -23.28839 126.0121 46.86894 -23.28839 126.0121 46.86894 -23.28839 126.0121 47.97188 -23.28839 126.0121 47.97188 -0.4942601 126.0121 47.97187 -0.4942601 126.0121 47.97187 -0.4941641 126.0121 70.766 -0.4941641 126.0121 70.766 0.6087031 126.0121 70.766 0.6087031 126.0121 70.766 3.40888 98.38104 59.50851 3.40888 98.38104 59.50851 3.40888 98.38104 59.50851 -9.83477e-6 109.1947 47.42043 -9.83477e-6 109.1947 47.42043 -9.83477e-6 109.1947 47.42043 -9.83477e-6 109.1947 47.42043 -9.83477e-6 109.1947 47.42043 -9.83477e-6 109.1947 47.42043 3.40887 98.38104 35.33237 3.40887 98.38104 35.33237 -6.142623 68.0818 70.315 -6.142623 68.0818 70.315 -6.142623 68.0818 70.315 -3.408917 98.38104 59.50851 -3.408917 98.38104 59.50851 3.40888 98.38104 59.50851 6.142608 68.08179 70.315 6.142608 68.08179 70.315 6.142608 68.08179 70.315 6.142594 68.08179 24.52588 6.142594 68.08179 24.52588 6.142594 68.08179 24.52588 -3.408912 98.38104 35.33237 -6.142635 68.08178 24.52589 -7.659723 24.29813 78.01685 -7.659723 24.29813 78.01685 -7.659723 24.29813 78.01685 7.659716 24.29812 78.01683 7.659716 24.29812 78.01683 7.659716 24.29812 78.01683 7.659702 24.29812 14.61928 -7.659721 -24.29808 80.24205 -7.659721 -24.29808 80.24205 -7.659721 -24.29808 80.24205 7.659719 -24.29809 80.24205 7.659719 -24.29809 80.24205 7.659719 -24.29809 80.24205 -6.142619 -68.08174 75.38318 -6.142619 -68.08174 75.38318 -6.142619 -68.08174 75.38318 6.142626 -68.08174 75.38318 6.142626 -68.08174 75.38318 6.142626 -68.08174 75.38318 6.142611 -68.08175 19.45773 6.142611 -68.08175 19.45773 6.142611 -68.08175 19.45773 7.659706 -24.2981 14.59886 7.659706 -24.2981 14.59886 -3.408887 -98.381 63.55606 3.408902 -98.381 63.55605 3.408902 -98.381 63.55605 3.408897 -98.381 31.28487 -3.408887 -98.381 63.55606 3.408902 -98.381 63.55605 2.65241e-6 -104.229 47.42046 2.65241e-6 -104.229 47.42046 2.65241e-6 -104.229 47.42046 2.65241e-6 -104.229 47.42046 2.65241e-6 -104.229 47.42046 2.65241e-6 -104.229 47.42046 2.65241e-6 -104.229 47.42046 2.65241e-6 -104.229 47.42046 -3.408891 -98.381 31.28487 7.659702 24.29812 14.61928 -7.659718 24.29812 14.61928 -7.659718 24.29812 14.61928 7.659706 -24.2981 14.59886 7.659702 24.29812 14.61928 7.659702 24.29812 14.61928 8.386057 21.57966 12.46744 8.386057 21.57966 12.46744 8.386057 21.57966 12.46744 -7.659728 -24.29809 14.59886 7.659706 -24.2981 14.59886 7.659706 -24.2981 14.59886 8.38606 -21.88324 12.45259 8.38606 -21.88324 12.45259 8.38606 -21.88324 12.45259 -8.564758 21.57965 12.46743 -8.564758 21.57965 12.46743 -8.564758 21.57965 12.46743 -7.659718 24.29812 14.61928 -7.659728 -24.29809 14.59886 -7.659728 -24.29809 14.59886 -8.564757 -21.88324 12.45259 -8.564757 -21.88324 12.45259 -8.564757 -21.88324 12.45259 8.386062 -21.88519 8.963482 8.386062 -21.88519 8.963482 8.386062 -21.88519 8.963482 -8.564769 -21.88518 8.963488 -8.564769 -21.88518 8.963488 -8.564769 -21.88518 8.963488 8.386055 21.57921 8.978333 8.386055 21.57921 8.978333 8.386055 21.57921 8.978333 -8.56477 21.57921 8.978333 -8.56477 21.57921 8.978333 -8.56477 21.57921 8.978333 5.478474 -16.51483 5.474384 5.478474 -16.51483 5.474384 5.478477 15.43367 5.489231 -5.657183 -16.51483 5.474384 -5.657183 -16.51483 5.474384 5.478474 -16.51483 5.474384 -5.657175 15.43367 5.489229 -5.657175 15.43367 5.489229 -5.657183 -16.51483 5.474384 5.478477 15.43367 5.489231 5.478477 15.43367 5.489231 -5.657175 15.43367 5.489229 23.40278 78.01206 47.97187 23.40278 78.01206 47.97187 23.40279 126.0121 47.97187 23.40278 78.01206 46.86894 23.40278 78.01206 46.86894 23.40279 126.0121 46.86893 0.6086598 78.01206 46.86894 0.6086598 78.01206 46.86894 0.6086682 126.0121 46.86894 0.6086658 78.01206 24.07482 0.6086658 78.01206 24.07482 0.6086826 126.012 24.07482 -0.4945271 78.01206 24.07483 -0.4945271 78.01206 24.07483 -0.4941865 126.0121 24.07482 -0.4943169 78.01206 46.86893 -0.4943169 78.01206 46.86893 -0.4942606 126.0121 46.86893 -23.2884 78.01205 46.86894 -23.2884 78.01205 46.86894 -23.28839 126.0121 46.86894 -23.2884 78.01205 47.97187 -23.2884 78.01205 47.97187 -23.28839 126.0121 47.97188 -0.494338 78.01206 47.97187 -0.494338 78.01206 47.97187 -0.4942601 126.0121 47.97187 -0.4954713 78.01206 70.766 -0.4954713 78.01206 70.766 -0.4941641 126.0121 70.766 0.6086689 126.0121 47.97187 0.6086689 126.0121 47.97187 0.6086618 78.01206 47.97188 0.6087246 78.01206 70.766 0.6087246 78.01206 70.766 0.6087031 126.0121 70.766 -23.2884 78.01205 47.97187 -0.494338 78.01206 47.97187 -0.494338 78.01206 47.97187 -0.494338 78.01206 47.97187 -0.494338 78.01206 47.97187 -0.494338 78.01206 47.97187 -23.2884 78.01205 46.86894 -23.2884 78.01205 46.86894 -0.4943169 78.01206 46.86893 -0.4943169 78.01206 46.86893 -0.4943169 78.01206 46.86893 -0.4943169 78.01206 46.86893 23.40278 78.01206 46.86894 0.6086598 78.01206 46.86894 0.6086598 78.01206 46.86894 0.6086598 78.01206 46.86894 0.6086598 78.01206 46.86894 23.40278 78.01206 47.97187 0.6086618 78.01206 47.97188 0.6086618 78.01206 47.97188 0.6086618 78.01206 47.97188 0.6086618 78.01206 47.97188 0.6087246 78.01206 70.766 -0.4954713 78.01206 70.766 -0.4954713 78.01206 70.766 0.6086658 78.01206 24.07482 0.6086658 78.01206 24.07482 -0.4945271 78.01206 24.07483 -0.4942601 126.0121 47.97187 -0.4942601 126.0121 47.97187 -0.4942601 126.0121 47.97187 -0.4942601 126.0121 47.97187 -0.4942601 126.0121 47.97187 -23.28839 126.0121 47.97188 -23.28839 126.0121 46.86894 -0.4942606 126.0121 46.86893 -0.4942606 126.0121 46.86893 -0.4942606 126.0121 46.86893 -0.4942606 126.0121 46.86893 0.6086682 126.0121 46.86894 0.6086682 126.0121 46.86894 0.6086682 126.0121 46.86894 0.6086682 126.0121 46.86894 0.6086682 126.0121 46.86894 23.40279 126.0121 46.86893 23.40279 126.0121 47.97187 23.40279 126.0121 47.97187 0.6086689 126.0121 47.97187 0.6086689 126.0121 47.97187 0.6086689 126.0121 47.97187 0.6086689 126.0121 47.97187 0.6087031 126.0121 70.766 -0.4941641 126.0121 70.766 -0.4941641 126.0121 70.766 0.6086826 126.012 24.07482 0.6086826 126.012 24.07482 -0.4941865 126.0121 24.07482</float_array>
          <technique_common>
            <accessor source="#submarine_Mesh_002-mesh-positions-array" count="1812" stride="3">
              <param name="X" type="float"/>
              <param name="Y" type="float"/>
              <param name="Z" type="float"/>
            </accessor>
          </technique_common>
        </source>
        <source id="submarine_Mesh_002-mesh-normals">
          <float_array id="submarine_Mesh_002-mesh-normals-array" count="3288">-1.31726e-5 4.0587e-5 1 0.850685 0 0.525676 3.62098e-5 0.1825953 0.9831882 0.8415812 0.1458811 0.5200576 3.45111e-5 0.1825749 0.983192 0.8506854 -1.22449e-7 0.5256752 2.17855e-5 4.07335e-5 1 1.98185e-5 0.1825997 0.9831874 -0.8506805 0 0.5256832 -0.8415544 0.1458813 0.520101 -0.8506806 0 0.5256831 -2.55032e-5 0.1825748 0.983192 1.6713e-5 0.1825699 0.9831929 0.841598 0.1458517 0.5200385 2.74479e-5 0.4974672 0.8674828 -0.8415924 0.1458516 0.5200476 -4.94718e-6 0.1825689 0.983193 -1.84029e-5 0.4974655 0.8674839 1.54078e-5 0.1825998 0.9831873 -0.8506828 0 0.5256794 1.71959e-5 4.08119e-5 1 -0.8506843 1.22448e-7 0.525677 1.48904e-5 0.1825801 0.983191 -0.8415801 0.1458814 0.5200592 0.8506832 0 0.5256789 -1.4931e-5 0.1826007 0.9831872 -1.65403e-5 4.06256e-5 1 -1.55568e-5 0.1825804 0.983191 0.850684 0 0.5256774 0.8415799 0.1458814 0.5200598 2.81036e-5 0.4974654 0.8674839 -0.8415812 0.1458524 0.5200656 -4.47035e-6 0.1825682 0.9831933 2.44677e-5 0.4974662 0.8674834 9.50415e-6 0.1825686 0.9831931 0.8415834 0.1458492 0.5200631 2.06977e-5 0.4737914 0.8806372 -0.9890162 0.1475101 0.009365737 -0.607095 0.1029375 0.7879337 1.55866e-5 0.3784825 -0.9256085 7.46052e-6 0.04815655 -0.9988399 -0.6812399 0.06664252 -0.7290207 8.64267e-7 0.3785715 -0.925572 -0.681248 0.06664866 -0.7290124 -0.989013 0.1475297 0.009400963 1.91927e-5 0.4737754 0.8806458 1.11461e-5 0.3785123 -0.9255964 -0.9890177 0.1474985 0.009395658 -0.7370546 -0.103883 0.6678016 -6.04838e-5 -0.6698336 0.7425113 0.6217129 -0.08767801 0.7783224 -0.4814347 -0.01578122 0.8763399 0.6217154 -0.0876621 0.7783222 0.4814356 -0.01575124 0.87634 -0.7370588 -0.1038542 0.6678014 0.6217129 -0.08767676 0.7783225 -0.4814351 -0.01578289 0.8763397 -0.6091088 0.01352512 0.7929715 0.4814349 -0.01577198 0.87634 0.6090702 0.0135492 0.7930006 -0.481435 -0.015769 0.87634 0.4814348 -0.01577669 0.8763399 -0.6090689 0.01360815 0.7930006 -0.6071047 0.1029782 0.787921 0.6090693 0.01359033 0.7930007 0.719424 0.122002 0.6837725 -0.6091076 0.01357227 0.7929716 0.6090692 0.01360017 0.7930005 -0.6071135 0.1029258 0.787921 -0.6071126 0.1029462 0.787919 0.7194439 0.122013 0.6837494 -3.05548e-5 0.47377 0.8806487 0.6090748 0.01354354 0.7929973 0.8987218 -0.03657305 0.4369917 0.9007461 0.04890453 0.4315843 0.4814482 -0.01577043 0.8763328 0.8987224 -0.03659415 0.4369887 0.609074 0.01358997 0.792997 0.6515233 0.03124427 -0.757985 1.15037e-5 -0.02250188 -0.9997468 2.28006e-6 0.0190795 -0.999818 0.689138 -0.04517853 -0.7232204 1.11163e-5 -0.02249228 -0.999747 0.6515249 0.03122872 -0.7579842 0.6090922 0.01360756 0.7929826 0.9007527 0.0488879 0.4315724 0.7194408 0.121968 0.6837608 0.9007388 0.04889303 0.4316009 0.9890177 0.1474999 0.009365499 0.7194469 0.121974 0.6837533 0.6812509 0.06663864 -0.7290107 6.4671e-6 0.01905894 -0.9998184 -8.62477e-6 0.04813468 -0.9988409 0.6515234 0.0312348 -0.7579852 1.32024e-5 0.01903635 -0.9998188 0.6812232 0.06662064 -0.7290382 0.9007442 0.04887264 0.4315916 0.8987165 -0.03655624 0.4370039 0.983433 0.06458878 0.169375 0.9785259 -0.06566315 -0.1953854 0.9834365 0.06461793 0.1693437 0.8987174 -0.03658902 0.4369994 0.6891139 -0.04519802 -0.7232422 0.6515179 0.031255 -0.7579892 0.9785221 -0.06569784 -0.1953927 0.9834416 0.06454086 0.1693434 0.9785235 -0.06566792 -0.1953961 0.6515244 0.03125977 -0.7579833 0.983433 0.06459766 0.1693713 0.9890217 0.1474727 0.009376645 0.9007404 0.04890269 0.4315965 0.6515274 0.03124409 -0.7579815 0.9890215 0.1474751 0.009357988 0.9834371 0.06457817 0.169355 0.989014 0.1475237 0.009393095 0.6515213 0.03128314 -0.7579851 0.6812486 0.06661897 -0.7290146 -3.74764e-5 -0.6698729 0.7424758 7.39507e-5 -0.9710572 -0.2388474 0.9719079 -0.2324418 -0.03695976 -2.47247e-5 -0.6698246 0.7425194 0.9719017 -0.2324688 -0.03695327 0.6216963 -0.08769959 0.7783333 0.6434032 -0.1673757 -0.7470059 1.87159e-5 -0.583653 -0.8120033 -7.39563e-6 -0.1538211 -0.9880988 3.89218e-5 -0.9710409 -0.2389136 2.11746e-5 -0.5835788 -0.8120566 0.9719082 -0.2324423 -0.03694623 0.9719036 -0.2324587 -0.03696423 -5.78165e-6 -0.5836164 -0.8120295 0.6434407 -0.1673257 -0.7469848 0.621703 -0.08765763 0.7783325 0.971901 -0.2324728 -0.03694534 0.8987272 -0.03659349 0.4369787 0.6217062 -0.08770143 0.7783251 0.8987238 -0.03656756 0.436988 0.481449 -0.01578283 0.8763321 0.6434318 -0.1673304 -0.7469913 1.39475e-5 -0.1538205 -0.9880989 -1.39177e-5 -0.02249914 -0.9997469 0.6434284 -0.1673693 -0.7469856 2.15202e-5 -0.02241051 -0.9997489 0.6891304 -0.04517668 -0.7232279 0.8987171 -0.03657114 0.4370015 0.9718971 -0.2324874 -0.03695303 0.9785302 -0.06566834 -0.1953624 0.6434016 -0.167347 -0.7470137 0.6891167 -0.04519051 -0.72324 0.971904 -0.2324613 -0.03693598 0.9785189 -0.06572633 -0.1953992 0.9719098 -0.232434 -0.03695583 0.6891142 -0.04517769 -0.7232432 0.7194303 0.1219924 0.6837674 0.9890163 0.1475095 0.0093652 -2.00719e-5 0.4737923 0.8806367 0.6812472 0.06664353 -0.7290136 2.71201e-6 0.04815679 -0.9988398 -7.15256e-6 0.3784828 -0.9256084 0.9890131 0.1475294 0.009400367 0.6812476 0.06664824 -0.7290129 -1.3262e-6 0.3785706 -0.9255724 0.9890177 0.1474979 0.009395003 -1.15409e-5 0.3785121 -0.9255963 -1.83582e-5 0.4737753 0.8806458 -0.9007463 0.04890549 0.4315838 -0.898722 -0.03657281 0.4369912 -0.609075 0.01354432 0.792997 -0.6090745 0.01358956 0.7929967 -0.8987226 -0.03659403 0.4369882 -0.4814485 -0.01577067 0.8763325 3.63588e-6 0.01907944 -0.999818 -5.54323e-6 -0.02250123 -0.9997469 -0.651519 0.03124356 -0.7579889 -0.6515202 0.03122848 -0.7579883 -4.79565e-6 -0.02249079 -0.9997471 -0.6891335 -0.04517853 -0.7232248 -0.6070947 0.1029058 0.7879381 -0.9007529 0.04888892 0.4315717 -0.6090928 0.01360851 0.7929822 -0.6070979 0.1029682 0.7879275 -0.9890177 0.1475 0.009365975 -0.9007386 0.04889291 0.4316013 1.87457e-5 0.04813504 -0.9988409 3.57628e-6 0.01905953 -0.9998184 -0.6812437 0.06663882 -0.7290174 -0.6812189 0.06662023 -0.7290423 -7.24621e-6 0.01903706 -0.9998188 -0.651519 0.03123468 -0.7579892 -0.9834328 0.06458938 0.1693755 -0.8987162 -0.03655576 0.4370045 -0.900744 0.04887282 0.4315922 -0.8987171 -0.0365889 0.437 -0.9834442 0.06452023 0.1693358 -0.978526 -0.06566321 -0.1953846 -0.9785221 -0.06569784 -0.1953929 -0.6515178 0.03125506 -0.7579892 -0.6891093 -0.04519116 -0.723247 -0.6515243 0.03126001 -0.7579835 -0.9785234 -0.06566804 -0.1953963 -0.9834415 0.06454104 0.1693434 -0.9007402 0.04890269 0.4315968 -0.9890215 0.1474736 0.009377181 -0.983433 0.06459772 0.1693718 -0.9834372 0.06457799 0.169355 -0.9890215 0.1474748 0.00935775 -0.6515272 0.03124427 -0.7579817 -0.6812486 0.06661915 -0.7290146 -0.6515215 0.03128379 -0.757985 -0.989014 0.1475237 0.009393155 -0.9718958 -0.2324628 -0.03714501 6.3628e-5 -0.9710492 -0.2388796 1.11274e-5 -0.6698551 0.7424919 -0.7370712 -0.1038584 0.6677871 -0.971903 -0.2324327 -0.03714364 -9.83477e-6 -0.6697966 0.7425447 1.28597e-5 -0.1538199 -0.9880989 -1.77026e-5 -0.5836521 -0.8120039 -0.6434361 -0.1673623 -0.7469806 -0.9719011 -0.2324417 -0.0371356 -3.31402e-5 -0.5835808 -0.8120551 5.15878e-5 -0.9710433 -0.2389038 -0.6434422 -0.1673226 -0.7469841 1.96695e-6 -0.5836161 -0.8120297 -0.9718977 -0.2324557 -0.03713905 -0.8987274 -0.03659337 0.4369784 -0.9719043 -0.2324255 -0.03715413 -0.7370529 -0.1039065 0.6677997 -0.4814494 -0.01578295 0.8763318 -0.898724 -0.03656756 0.4369876 -0.7370794 -0.1038914 0.6677729 1.92821e-5 -0.0224992 -0.9997469 -8.69611e-6 -0.1538206 -0.9880988 -0.643428 -0.1673294 -0.7469949 -0.6891258 -0.04517638 -0.7232321 -1.49012e-5 -0.02247393 -0.9997475 -0.6434239 -0.1673687 -0.7469896 -0.9785303 -0.06566852 -0.1953617 -0.9718865 -0.2325022 -0.03714329 -0.8987168 -0.03657096 0.437002 -0.9719058 -0.2324194 -0.03715568 -0.689117 -0.04519015 -0.7232397 -0.643402 -0.1673466 -0.7470134 -0.6891142 -0.04517757 -0.7232432 -0.9719053 -0.2324224 -0.03714734 -0.9785189 -0.06572616 -0.1953995 -0.5281361 -0.3622299 -0.7680247 -0.4180399 0.3612018 -0.8335323 4.071e-5 -0.9703975 -0.2415136 -5.08577e-4 0.9981045 -0.06154185 6.27339e-5 -0.9703963 -0.2415184 -0.4180262 0.3611981 -0.8335407 6.40367e-5 0.9981039 -0.0615527 -0.4180192 0.3612236 -0.8335331 -1.83633e-6 3.88995e-5 1 -0.335722 -0.2780423 0.8999907 1.97291e-5 5.96791e-5 1 -0.4180552 0.3611677 -0.8335393 -0.5280588 -0.3622748 -0.7680565 -4.69685e-5 -0.9704038 -0.2414883 -0.3357243 -0.2780343 0.8999924 -1.41561e-5 7.14064e-5 1 -0.3357082 -0.2780418 0.8999961 -3.16277e-6 -0.9704015 -0.2414975 -0.3357225 -0.2780628 0.8999842 -0.4180272 0.3612084 -0.8335358 -0.5280807 -0.3622653 -0.768046 -4.15742e-5 -0.9703975 -0.2415137 0.4180398 0.3612019 -0.8335323 0.5281357 -0.3622301 -0.7680249 0.4180266 0.3611978 -0.8335407 -6.65593e-5 -0.9703963 -0.2415184 -6.20796e-5 0.9981045 -0.06154185 1.78814e-6 3.93242e-5 1 0.4180193 0.3612233 -0.8335332 -6.32676e-5 0.9981038 -0.06155341 0.4180555 0.361168 -0.833539 -1.95876e-5 5.90831e-5 1 0.335722 -0.2780429 0.8999906 0.3357222 -0.278031 0.8999942 3.74168e-5 -0.9703933 -0.2415304 0.528061 -0.3622766 -0.7680543 -9.0301e-6 -0.9704008 -0.2414999 0.3357097 -0.278045 0.8999944 1.96397e-5 6.89318e-5 1 0.5280824 -0.3622652 -0.768045 0.4180279 0.3612084 -0.8335354 0.3357225 -0.2780606 0.8999849 -0.02799046 -0.411951 0.910776 -0.02170228 0.3077467 0.9512208 0.180351 0.9835999 0.002215981 -0.02169328 0.307745 0.9512216 -0.02805632 -0.411957 0.9107713 -0.01689851 -0.3218415 0.9466428 -0.01688009 -0.3217997 0.9466573 0.5384112 0.842658 0.006419718 -0.02168685 0.3077667 0.9512147 0.5385412 0.8425748 0.006424963 -0.01686197 -0.3218362 0.9466453 0.2072746 -0.2721224 0.9396737 0.2072591 -0.2721136 0.9396797 0.9914827 0.1302104 0.002698957 0.5385531 0.8425672 0.006436586 0.9914847 0.1301964 0.002692162 0.207289 -0.2720841 0.9396817 0.8214575 -0.5700728 -0.01498663 -0.01689374 -0.3218394 0.9466436 0.3093795 -0.9393854 0.1477817 0.2072693 -0.2720849 0.9396857 0.8214653 -0.5700611 -0.01500964 0.2072688 -0.2721176 0.9396764 0.30939 -0.9393788 0.1478018 0.03523886 -0.2351406 -0.9713224 -0.02165907 0.3077389 0.9512243 0.05163806 -0.388875 -0.9198423 -0.02169191 0.3077075 0.9512338 0.03524178 -0.2351292 -0.9713251 0.1803096 0.9836074 0.002235054 0.05166512 -0.3888913 -0.9198338 0.5384761 0.8426163 0.006444513 0.2213744 -0.3542264 -0.9085797 0.5385211 0.8425873 0.006451308 0.05166333 -0.3888722 -0.9198421 -0.02168941 0.307695 0.9512379 0.2213685 -0.3542554 -0.9085698 0.9914945 0.1301204 0.002684056 0.8214682 -0.5700571 -0.0149976 0.9914867 0.1301811 0.00269252 0.2213853 -0.3542335 -0.9085743 0.5385214 0.8425874 0.006430983 0.8214797 -0.5700399 -0.01502114 0.3093448 -0.9393999 0.1477621 0.2213731 -0.3542228 -0.9085815 0.05165201 -0.38891 -0.9198268 0.009694278 -0.9565441 -0.291427 0.03524863 -0.2351152 -0.9713281 -0.03828114 -0.2315109 -0.9720789 -0.05188506 -0.3828915 -0.9223352 0.001945078 0.3297127 0.9440793 0.001990497 0.329719 0.9440771 -0.1984816 0.9800956 0.00422281 -0.03829818 -0.2315376 -0.9720718 -0.05187541 -0.3829119 -0.9223273 -0.2069604 -0.3495359 -0.913779 -0.4838754 0.8748915 -0.02072924 -0.4839608 0.8748445 -0.02071493 0.001952588 0.329657 0.9440988 -0.05188131 -0.3828986 -0.9223324 -0.2069534 -0.349544 -0.9137775 -0.80748 -0.5589734 -0.1884806 -0.9893743 0.1386892 -0.04363143 -0.9893602 0.1387868 -0.04364323 -0.4839574 0.8748461 -0.02073031 -0.2069636 -0.3495369 -0.913778 -0.8074628 -0.5589891 -0.1885077 -0.2069256 -0.3495556 -0.9137793 -0.309516 -0.9416449 -0.1323058 -0.2069849 -0.349563 -0.9137632 -0.05187553 -0.3829037 -0.9223307 -0.03189641 -0.9882348 -0.1495823 -0.03191661 -0.9882296 -0.1496119 -0.3095561 -0.9416261 -0.1323456 -0.20694 -0.3495759 -0.9137683 -0.05186069 -0.3828861 -0.9223387 -0.03832674 -0.2315331 -0.9720718 -0.009643733 -0.9565554 -0.2913911 -0.009677588 -0.9565529 -0.2913982 -0.03183871 -0.9882312 -0.1496177 -0.05189931 -0.3829072 -0.9223278 0.03657329 -0.4767521 0.8782767 -0.198505 0.9800909 0.004223763 0.001973748 0.3296712 0.9440938 0.001995503 0.3296315 0.9441077 0.01384514 -0.4815512 0.8763086 0.03657764 -0.4767682 0.8782677 0.01379734 -0.4815339 0.8763189 0.00198996 0.3296351 0.9441064 -0.4838799 0.8748892 -0.02071934 -0.4838809 0.8748885 -0.02072304 -0.313808 -0.4075176 0.8575861 0.01380902 -0.4815608 0.876304 -0.3138411 -0.4075144 0.8575756 -0.4839153 0.8748695 -0.02072393 -0.9893606 0.1387867 -0.04363375 -0.9893695 0.138714 -0.04366397 -0.8074598 -0.5590041 -0.1884759 -0.3137938 -0.4075254 0.8575876 -0.03182625 -0.9882333 -0.1496065 -0.009688735 -0.956559 -0.2913777 0.03651076 -0.4767608 0.8782746 0.03657728 -0.4767404 0.8782829 0.01386886 -0.4815464 0.876311 -0.03190797 -0.988229 -0.1496176 -0.3095076 -0.9416435 -0.1323351 -0.03185993 -0.9882289 -0.1496282 0.01381307 -0.4815648 0.8763017 0.0137971 -0.4815722 0.8762979 -0.3137812 -0.4075353 0.8575876 -0.3095046 -0.9416449 -0.132332 -0.8074643 -0.5590074 -0.1884468 -0.3095135 -0.9416453 -0.1323092 -0.3138693 -0.4074994 0.8575724 -6.52596e-5 -4.36604e-5 1 9.49055e-4 0.4578462 0.8890309 -0.1893531 0.4096801 0.8923607 -5.44786e-5 -5.61029e-5 1 -0.1892991 0.4097108 0.8923582 -0.3379493 0.2797463 0.8986281 -4.41074e-6 -7.59959e-7 1 -0.3379386 0.2797236 0.898639 -0.4181231 0.0982483 0.9030617 4.21703e-6 4.59142e-6 1 -0.4181 0.09825456 0.9030718 -0.4191015 -0.1003518 0.9023765 3.57628e-6 2.06754e-7 1 -0.4191594 -0.1003337 0.9023517 -0.3400564 -0.2821173 0.8970906 5.4419e-5 -5.45313e-5 1 -0.3400273 -0.2821545 0.89709 -0.1913213 -0.4113515 0.8911712 6.39856e-5 -4.41968e-5 1 -0.1913907 -0.4113824 0.8911421 -9.05968e-4 -0.4578461 0.8890311 5.60284e-6 5.31822e-5 1 -8.9645e-4 -0.4578161 0.8890466 0.1892481 -0.4096996 0.8923741 -1.09375e-5 3.18289e-5 1 0.1892828 -0.4097076 0.8923631 0.3379651 -0.2796829 0.8986418 2.33054e-5 -5.9627e-5 1 0.3379245 -0.2797746 0.8986286 0.4181428 -0.09824222 0.9030533 -6.64145e-5 -5.2318e-5 1 0.4181702 -0.09823375 0.9030415 0.4191691 0.1003764 0.9023424 -2.31266e-5 -5.87469e-5 1 0.4191444 0.1003543 0.9023564 0.3401228 0.2821258 0.8970628 1.11461e-5 3.28082e-5 1 0.3400644 0.282051 0.8971084 0.1913247 0.4114042 0.8911463 -6.22868e-6 5.34952e-5 1 0.1913629 0.4113517 0.8911622 9.50158e-4 0.4578242 0.8890422 9.70602e-4 0.4578407 0.8890337 0.002363741 0.7915574 0.6110901 -0.3138074 0.7122131 0.6279152 9.45151e-4 0.4578894 0.8890087 -0.3138532 0.7121666 0.6279451 -0.1893305 0.4096812 0.892365 -0.18928 0.4097501 0.8923441 -0.3138171 0.7122166 0.6279064 -0.5655551 0.490697 0.6628453 -0.1893142 0.4096937 0.8923627 -0.5655378 0.4907099 0.6628506 -0.3379285 0.2797419 0.8986372 -0.337943 0.2797018 0.8986443 -0.5655567 0.4907125 0.6628324 -0.7036672 0.1732061 0.6890951 -0.3379523 0.2797428 0.898628 -0.7036723 0.1731865 0.689095 -0.4181174 0.09826207 0.9030628 -0.4181367 0.09825164 0.9030551 -0.703674 0.1731792 0.689095 -0.7044138 -0.1778257 0.6871531 -0.4181283 0.09823548 0.9030608 -0.7043879 -0.1778688 0.6871685 -0.419156 -0.1003732 0.9023489 -0.419114 -0.1004035 0.902365 -0.7043933 -0.177847 0.6871686 -0.5672203 -0.4941934 0.6588126 -0.4191303 -0.1003922 0.9023587 -0.5672217 -0.4941846 0.658818 -0.3400564 -0.2821113 0.8970925 -0.3400408 -0.2821813 0.8970763 -0.5672707 -0.4941828 0.6587772 -0.3171339 -0.7132452 0.6250659 -0.3400257 -0.2821339 0.8970971 -0.3171581 -0.7132537 0.6250439 -0.1913721 -0.4113467 0.8911625 -0.1913495 -0.4113602 0.8911612 -0.3171331 -0.7132924 0.6250126 -0.002304196 -0.7915218 0.6111367 -0.1913115 -0.4112728 0.8912097 -0.002341449 -0.7916214 0.6110076 -9.71749e-4 -0.4578428 0.8890326 -9.4001e-4 -0.4578863 0.8890103 -0.002337098 -0.7915539 0.6110949 0.3137661 -0.7122676 0.6278739 -8.9547e-4 -0.4578099 0.8890497 0.3137592 -0.7121872 0.6279686 0.1893641 -0.4096901 0.8923538 0.1893353 -0.4097496 0.8923325 0.3138421 -0.7122136 0.6278973 0.547747 -0.4977554 0.6724678 0.1893138 -0.4097247 0.8923487 0.5478259 -0.4976156 0.6725068 0.3380126 -0.2796851 0.8986234 0.3379316 -0.2796742 0.8986572 0.5478137 -0.4977002 0.6724543 0.659019 -0.1644904 0.7339189 0.3379064 -0.2796931 0.8986608 0.6590173 -0.1644156 0.7339372 0.4181098 -0.0982297 0.9030699 0.4180835 -0.09824758 0.9030801 0.6590584 -0.1643896 0.7339062 0.6676072 0.1905385 0.7197192 0.4180951 -0.09827005 0.9030723 0.6676168 0.1905237 0.7197142 0.419155 0.1003741 0.9023492 0.4191458 0.1003637 0.9023548 0.6675592 0.19049 0.7197766 0.5672003 0.4941943 0.6588291 0.4191635 0.100359 0.9023471 0.5672069 0.4942005 0.6588189 0.3400483 0.2820923 0.8971016 0.3400263 0.2821334 0.8970969 0.5672201 0.494202 0.6588063 0.317192 0.7132764 0.6250009 0.34002 0.2820984 0.8971104 0.3171387 0.7132443 0.6250646 0.1913315 0.4113087 0.8911889 0.1913093 0.4113478 0.8911756 0.3171008 0.7132985 0.625022 0.002316355 0.7915548 0.6110939 0.1912832 0.4113674 0.8911721 0.002309083 0.7915424 0.6111099 9.33722e-4 0.4579216 0.8889922 0.002358496 0.7915704 0.6110736 0.003269255 0.9755361 0.2198151 -0.3763397 0.892557 0.248416 0.002325057 0.7916102 0.6110221 -0.3763481 0.8925589 0.2483965 -0.3138455 0.7121941 0.6279177 -0.3138015 0.7122052 0.6279271 -0.3763226 0.89257 0.248395 -0.7038387 0.6378636 0.312636 -0.31383 0.7121983 0.6279206 -0.7038593 0.6378495 0.3126186 -0.5655488 0.4907236 0.6628311 -0.5655513 0.4907236 0.6628289 -0.7038198 0.6378753 0.3126546 -0.9021913 0.2317726 0.363775 -0.5655565 0.4906933 0.6628468 -0.9022062 0.2317094 0.3637786 -0.7036741 0.1731835 0.6890938 -0.7036722 0.1731361 0.6891077 -0.902206 0.2317407 0.3637592 -0.9012893 -0.2376049 0.3622453 -0.7036666 0.1732301 0.6890897 -0.9012941 -0.2375921 0.3622419 -0.7044008 -0.1778135 0.6871695 -0.7043972 -0.1778717 0.6871581 -0.901284 -0.2376784 0.3622101 -0.703301 -0.6396282 0.3102315 -0.7044096 -0.1778111 0.6871611 -0.7033558 -0.6395082 0.3103548 -0.5672051 -0.4942102 0.6588131 -0.5672499 -0.494239 0.6587529 -0.7033095 -0.6395561 0.310361 -0.3801407 -0.8912083 0.2474688 -0.5671783 -0.4941809 0.6588582 -0.3801063 -0.8912211 0.2474759 -0.3171324 -0.7133055 0.624998 -0.3171129 -0.7133414 0.6249668 -0.3800707 -0.8912416 0.2474565 -0.003216445 -0.9755435 0.2197829 -0.3171575 -0.7133126 0.624977 -0.003296315 -0.9755338 0.2198249 -0.002353489 -0.7915634 0.6110826 -0.002407252 -0.7915423 0.6111098 -0.003227889 -0.9755176 0.2198978 0.3763708 -0.8925681 0.2483289 -0.002396166 -0.7915685 0.6110758 0.3763859 -0.892539 0.2484106 0.3138245 -0.7122098 0.6279104 0.3138263 -0.7121626 0.6279631 0.3763449 -0.8925768 0.2483367 0.6753022 -0.6763219 0.2942035 0.3137783 -0.7122269 0.6279141 0.6753136 -0.6763041 0.2942181 0.5477899 -0.497706 0.6724694 0.5477711 -0.4977018 0.6724878 0.6753096 -0.6763369 0.2941521 0.8178904 -0.3813287 0.430864 0.5477699 -0.4976653 0.6725158 0.8179538 -0.3812153 0.4308441 0.6590881 -0.1644462 0.7338667 0.6590479 -0.1644403 0.7339042 0.8179019 -0.3813167 0.4308527 0.8079662 0.3682156 0.4600087 0.6590488 -0.1644797 0.7338945 0.8079888 0.3681778 0.4599993 0.6675505 0.1905195 0.7197768 0.6676183 0.1905688 0.7197009 0.8079919 0.3682164 0.4599632 0.6636421 0.6757922 0.3207557 0.6675503 0.1904984 0.7197827 0.6636418 0.6757678 0.3208078 0.5672154 0.4941956 0.6588152 0.5672423 0.4941873 0.6587982 0.6635786 0.6758609 0.3207421 0.3800433 0.8912607 0.24743 0.5672093 0.4942056 0.658813 0.3801638 0.8912009 0.2474603 0.3171585 0.7133091 0.6249805 0.3171038 0.7133353 0.6249784 0.3801681 0.8912052 0.2474378 0.003249943 0.9755392 0.219802 0.3171059 0.7133456 0.6249656 0.003259181 0.9755387 0.2198042 0.002333164 0.7916071 0.6110262 0.003266334 0.9755126 0.2199196 0.003058314 0.976764 -0.2142965 -0.3688832 0.9072555 -0.2020215 0.003241956 0.975538 0.2198073 -0.3677659 0.9087662 -0.1972117 -0.3763928 0.8925586 0.2483299 -0.3763463 0.8925613 0.2483907 -0.3677469 0.9087641 -0.1972565 -0.7203092 0.6759861 -0.1555551 -0.3763731 0.8925606 0.2483523 -0.7202938 0.6760044 -0.1555473 -0.7038517 0.6378448 0.312645 -0.7038196 0.6378856 0.3126341 -0.7202646 0.6760276 -0.1555818 -0.9596578 0.2537862 -0.1210357 -0.7038307 0.6378673 0.3126465 -0.9596682 0.2537537 -0.1210213 -0.902209 0.2317527 0.363744 -0.9022088 0.2316974 0.36378 -0.959651 0.2537798 -0.1211027 -0.9581983 -0.2594404 -0.1206101 -0.9021774 0.2318269 0.3637749 -0.9582002 -0.2594337 -0.1206094 -0.9012584 -0.2376613 0.3622851 -0.9012675 -0.2375977 0.3623043 -0.9581912 -0.2594524 -0.1206411 -0.720225 -0.6764725 -0.1538213 -0.9012416 -0.2377035 0.362299 -0.720151 -0.6765418 -0.1538633 -0.7032992 -0.6395928 0.3103083 -0.7033268 -0.6395733 0.3102863 -0.7202157 -0.6764877 -0.1537984 -0.3720263 -0.9074767 -0.1951475 -0.7032809 -0.6396063 0.3103222 -0.3719667 -0.9075015 -0.1951457 -0.3800786 -0.8912416 0.2474446 -0.380132 -0.8912134 0.2474639 -0.3720057 -0.9074755 -0.1951922 -0.003085672 -0.9767823 -0.2142118 -0.3801274 -0.8912478 0.2473477 -0.003010869 -0.976759 -0.2143194 -0.003256261 -0.9755336 0.2198268 -0.00325036 -0.9755393 0.2198014 -0.003035187 -0.9767665 -0.2142847 0.3677604 -0.9087581 -0.197259 -0.003213524 -0.9755316 0.2198357 0.3677279 -0.908769 -0.197269 0.376368 -0.8925527 0.2483887 0.3763899 -0.8925459 0.2483796 0.3677613 -0.9087617 -0.1972403 0.7203384 -0.6759558 -0.1555523 0.3763741 -0.8925462 0.2484024 0.7203446 -0.6759548 -0.1555272 0.6753014 -0.6763184 0.2942134 0.6753756 -0.6762531 0.2941933 0.7203047 -0.6759812 -0.1555979 0.8962945 -0.366633 -0.2494726 0.6753104 -0.6763146 0.2942017 0.8962963 -0.3666238 -0.2494795 0.8179287 -0.381291 0.4308246 0.9999983 6.01203e-5 0.001869618 0.9999983 4.70365e-5 0.001869618 0.9999983 -1.13249e-6 0.001869618 0.9999983 4.07994e-5 0.001869916 0.9999983 7.96681e-7 0.001869916 0.9999983 -8.68761e-7 0.001869916 0.8079937 0.3682488 0.4599338 0.8973799 0.3475263 -0.2719096 0.7038264 0.6886664 -0.1742613 0.8079865 0.3682077 0.4599791 0.7038577 0.68863 -0.1742789 0.6636281 0.6757909 0.3207876 0.6635925 0.6758311 0.3207763 0.7038599 0.6886377 -0.1742396 0.3720013 0.907474 -0.1952078 0.6636651 0.675784 0.3207251 0.371999 0.9074643 -0.1952571 0.3801952 0.8911964 0.2474278 0.3800575 0.8912525 0.2474375 0.371989 0.9074898 -0.1951576 0.003029525 0.976763 -0.2143014 0.3801108 0.8912474 0.2473741 0.00304383 0.9767728 -0.2142561 0.003265619 0.9755402 0.2197971 0.003057956 0.9767886 -0.2141841 0.001827895 0.7920095 -0.610506 -0.2818221 0.7366826 -0.6147155 0.003062248 0.9767604 -0.2143126 -0.281831 0.7366678 -0.6147291 -0.3677349 0.9087808 -0.1972023 -0.367748 0.9087672 -0.1972404 -0.2817849 0.7367177 -0.6146906 -0.5553837 0.5514354 -0.6224693 -0.3677629 0.9087622 -0.1972352 -0.5553401 0.5514335 -0.6225099 -0.7203034 0.6759912 -0.1555598 -0.720338 0.6759477 -0.1555892 -0.5553361 0.5514073 -0.6225366 -0.7497787 0.2097502 -0.6275642 -0.7203468 0.6759394 -0.1555846 -0.7498001 0.2097511 -0.6275383 -0.959668 0.2537387 -0.1210536 -0.9596681 0.2537395 -0.1210512 -0.7498189 0.2097873 -0.6275038 -0.7501584 -0.2145927 -0.6254697 -0.9596696 0.2537336 -0.1210519 -0.7501925 -0.2145025 -0.6254597 -0.9582 -0.2594627 -0.1205491 -0.9581906 -0.2594747 -0.120598 -0.7502377 -0.2145947 -0.6253741 -0.5572967 -0.5539737 -0.6184931 -0.9582107 -0.2594368 -0.1205194 -0.5573065 -0.5539739 -0.618484 -0.720209 -0.6764832 -0.1538498 -0.7202596 -0.6764448 -0.1537813 -0.5572946 -0.5539973 -0.6184739 -0.2851195 -0.737546 -0.6121542 -0.7201877 -0.6765044 -0.1538556 -0.2851091 -0.7375452 -0.6121601 -0.3719994 -0.9074776 -0.1951945 -0.3720375 -0.9074642 -0.1951842 -0.2850567 -0.7376003 -0.6121181 -0.001874268 -0.791958 -0.6105729 -0.372051 -0.9074547 -0.1952024 -0.001815259 -0.7919543 -0.6105778 -0.003002822 -0.9767695 -0.2142717 -0.00304377 -0.9767737 -0.2142524 -0.001830697 -0.7919771 -0.6105481 0.2818562 -0.7366782 -0.6147051 -0.003038465 -0.9767651 -0.2142912 0.2818527 -0.7367152 -0.6146624 0.3677352 -0.9087731 -0.1972368 0.3677867 -0.9087586 -0.1972073 0.2818671 -0.7366898 -0.6146863 0.5553745 -0.5514624 -0.6224536 0.3677783 -0.908757 -0.1972306 0.5553622 -0.5514679 -0.6224597 0.7203112 -0.6759786 -0.1555787 0.7202926 -0.6760022 -0.1555628 0.5553509 -0.5514708 -0.6224672 0.7497894 -0.2097594 -0.6275483 0.7203086 -0.6759825 -0.155574 0.7497994 -0.20973 -0.6275463 0.896304 -0.3666165 -0.2494622 0.8962917 -0.366657 -0.2494471 0.7497912 -0.2097685 -0.6275432 0.7501881 0.2145984 -0.625432 0.8962981 -0.3666402 -0.2494491 0.7502102 0.2145405 -0.6254254 0.8973919 0.3475419 -0.2718498 0.8974145 0.347497 -0.2718328 0.7501813 0.2146215 -0.6254324 0.5573049 0.5539898 -0.6184713 0.897399 0.3474904 -0.2718924 0.5573086 0.5539429 -0.6185098 0.7038654 0.6886313 -0.1742427 0.7038363 0.6886604 -0.1742453 0.5573092 0.554023 -0.6184375 0.2851173 0.7375673 -0.6121296 0.703777 0.6887096 -0.1742904 0.2851089 0.7376024 -0.6120914 0.3720161 0.9074632 -0.1952294 0.3720512 0.9074643 -0.1951582 0.2850633 0.7376151 -0.6120972 0.001837491 0.7919777 -0.6105474 0.3719597 0.9074941 -0.195194 0.001874208 0.791941 -0.6105949 0.003067195 0.9767887 -0.2141832 0.001822471 0.7919973 -0.610522 5.78582e-4 0.4120355 -0.9111676 -0.133264 0.3814982 -0.914713 0.001802563 0.7919684 -0.6105594 -0.1332297 0.3814991 -0.9147176 -0.2818919 0.736713 -0.614647 -0.2818794 0.7367146 -0.6146508 -0.1332826 0.3815307 -0.9146967 -0.2595816 0.2841441 -0.9229732 -0.2818218 0.7366984 -0.6146968 -0.2595198 0.2841382 -0.9229925 -0.5553458 0.5514525 -0.622488 -0.5553655 0.5515115 -0.6224181 -0.2594889 0.2841641 -0.9229932 -0.3495954 0.1087837 -0.9305639 -0.5553181 0.5514958 -0.6224743 -0.3496666 0.1088098 -0.9305341 -0.7498141 0.2097468 -0.6275231 -0.7498034 0.2097718 -0.6275275 -0.3496414 0.1087973 -0.9305451 -0.350583 -0.1108984 -0.9299426 -0.7497998 0.2097333 -0.6275447 -0.3505553 -0.1109179 -0.9299508 -0.7501711 -0.2145636 -0.6254644 -0.750209 -0.2145338 -0.6254293 -0.3505954 -0.1109293 -0.9299343 -0.2609894 -0.2865499 -0.9218317 -0.7502182 -0.2146273 -0.6253862 -0.2609596 -0.286428 -0.9218781 -0.5572953 -0.5539746 -0.6184934 -0.5572989 -0.553974 -0.6184908 -0.2609688 -0.2864671 -0.9218634 -0.1344984 -0.3827288 -0.914018 -0.557308 -0.553977 -0.6184799 -0.1345596 -0.3826708 -0.9140332 -0.2851237 -0.7375832 -0.6121076 -0.285071 -0.7375563 -0.6121644 -0.1345141 -0.3827388 -0.9140115 -7.14764e-4 -0.412015 -0.9111768 -0.2851016 -0.7375776 -0.6121245 -6.6866e-4 -0.4120354 -0.9111676 -0.001873731 -0.792029 -0.6104806 -0.001831293 -0.7919876 -0.6105346 -6.48387e-4 -0.4119774 -0.9111939 0.1332592 -0.381537 -0.9146975 -0.001854181 -0.7919963 -0.6105232 0.1332787 -0.3814253 -0.9147413 0.2818629 -0.7366573 -0.6147272 0.2818165 -0.7366631 -0.6147415 0.1332837 -0.3814966 -0.9147108 0.2595137 -0.2841926 -0.9229773 0.2818264 -0.7366971 -0.6146961 0.2595019 -0.2842212 -0.9229719 0.5553644 -0.5514363 -0.6224858 0.5553368 -0.5514587 -0.6224905 0.2595221 -0.2841842 -0.9229776 0.3496485 -0.108796 -0.9305425 0.5553452 -0.551463 -0.6224792 0.3496457 -0.108783 -0.9305452 0.7497741 -0.2097337 -0.6275752 0.7497997 -0.2097317 -0.6275452 0.3496324 -0.1087895 -0.9305494 0.3505872 0.110894 -0.9299415 0.7498018 -0.2097819 -0.6275259 0.3505666 0.1109087 -0.9299474 0.7502146 0.2145522 -0.6254163 0.7501856 0.2146226 -0.6254269 0.3505758 0.1108704 -0.9299487 0.260988 0.286468 -0.9218575 0.7502075 0.2145838 -0.625414 0.260954 0.2864853 -0.9218618 0.5573235 0.5539543 -0.6184862 0.5572773 0.5540203 -0.6184688 0.2610059 0.2864403 -0.9218611 0.1345026 0.3827317 -0.9140161 0.5573192 0.553986 -0.6184617 0.134509 0.3827345 -0.9140141 0.2851245 0.737592 -0.6120965 0.2851173 0.7375258 -0.6121795 0.1345652 0.3827691 -0.9139913 6.64204e-4 0.4119936 -0.9111865 0.2851259 0.7375628 -0.6121311 6.01888e-4 0.4120283 -0.9111709 0.001853346 0.7919798 -0.6105445 1.54078e-5 2.67699e-5 -1 -0.1332063 0.3815095 -0.9147167 5.98997e-4 0.4120159 -0.9111765 -6.2108e-5 7.07619e-5 -1 -0.2594915 0.2842113 -0.9229779 -0.1332339 0.3814241 -0.9147483 7.27773e-5 2.94894e-5 -1 -0.3496476 0.1088269 -0.9305393 -0.2594876 0.2842285 -0.9229736 8.40873e-5 4.20231e-5 -1 -0.350567 -0.1108567 -0.9299536 -0.3496176 0.1087942 -0.9305545 -7.37309e-5 3.05325e-5 -1 -0.2609763 -0.2865294 -0.9218419 -0.3505442 -0.1109275 -0.9299538 6.14226e-5 6.95661e-5 -1 -0.1345281 -0.3827121 -0.9140205 -0.2609639 -0.2864956 -0.9218558 -1.59163e-5 2.69562e-5 -1 -5.75572e-4 -0.4119724 -0.9111962 -0.1345341 -0.3827325 -0.9140112 6.55651e-6 2.04295e-5 -1 0.1333084 -0.3814691 -0.9147186 -6.29839e-4 -0.4119789 -0.9111933 -4.80711e-5 -1.67862e-5 -1 0.2595335 -0.2841631 -0.9229809 0.1333014 -0.3814866 -0.9147124 7.93338e-5 1.92616e-5 -1 0.34964 -0.1087818 -0.9305474 0.2595328 -0.2841743 -0.9229777 -5.73695e-6 4.8345e-6 -1 0.350625 0.1108942 -0.9299272 0.3495994 -0.1087939 -0.9305613 -8.04067e-5 1.91685e-5 -1 0.2610233 0.2864302 -0.9218593 0.3505317 0.1109176 -0.9299595 4.78327e-5 -1.60597e-5 -1 0.1345157 0.3827885 -0.9139904 0.2609239 0.2864996 -0.9218659 -6.53788e-6 2.224e-5 -1 7.17342e-4 0.4120149 -0.9111768 0.1345121 0.38277 -0.9139988 0.8080525 0.3656349 -0.4619117 0.8989294 0.4001655 0.1783072 -0.1577084 0.9687682 -0.1913539 -0.3981902 0.8789578 -0.2624461 -0.4161009 0.8679466 -0.271162 0.798056 0.4649848 -0.3832703 0.9117382 -0.3928501 0.1200098 0.663586 0.668339 -0.3361201 -0.2492511 -0.7622101 -0.5974191 -0.5312659 -0.813628 0.2361487 0.3090937 0.9170735 0.2518678 0.8763717 -0.4259911 0.2247317 0.8534603 0.3432028 -0.3921957 0.8970345 0.2329376 0.3755918 -0.2579595 0.9617064 0.09261661 -0.3004017 0.9480422 0.1047614 -0.5893962 0.06246477 -0.8054255 0.7387869 0.4580965 -0.4943092 0.9387544 0.344294 0.01421153 0.4188362 0.8906533 0.176955 -0.7556533 0.5099392 0.4110357 -0.5883041 -0.02422195 0.8082769 0.0669254 0.381929 -0.9217653 0.9777025 0.1809747 0.1065179 -0.3167394 -5.96384e-5 0.9485126 -0.5609543 -0.8278464 -8.97887e-4 1.76152e-7 -1 -6.18324e-5 0 -1 -3.52076e-4 2.01266e-7 -1 -5.92782e-6 -0.3167384 4.60818e-5 0.948513 -0.5609942 -0.8278197 4.58728e-4 -0.2687561 4.02311e-5 -0.9632083 -7.65175e-5 2.17148e-5 -1 -1.39379e-4 1.71278e-5 -1 -3.65002e-7 -1 -1.73344e-5 -0.5609928 -0.8278202 -9.05611e-4 -0.2688025 3.32418e-5 -0.9631953 -0.3167813 4.60534e-4 0.9484986 -1.25838e-7 1 -8.3074e-6 0 1 3.25893e-4 -1.47276e-4 -4.85125e-4 -1 -0.2688025 -9.86457e-6 -0.9631953 -0.3167188 -2.30265e-5 0.9485195 -0.3167847 -2.30293e-5 0.9484975 3.00613e-7 -1 -2.08412e-4 8.6804e-7 -1 -2.07815e-4 0 1 -1.27726e-4 -0.3167452 -2.18541e-5 0.9485107 -2.20764e-4 -1 -1.57672e-4 -1.02311e-4 -1 -1.55568e-5 0.9999983 1.9215e-5 0.00182408 0.9999983 -8.9142e-6 0.001835823 0.9999983 3.36766e-6 0.001835882 4.09782e-7 -1 -1.51768e-5 -5.16575e-5 -1 -9.0003e-6 -1.17868e-4 8.94815e-6 -1 0.9999983 1.26064e-5 0.001877963 0.9999988 8.61603e-4 0.00132668 0.9999984 6.17504e-5 0.001846313 -2.55108e-5 -1 -9.62615e-6 -1.66565e-4 4.09207e-5 -1 8.31485e-6 1 -4.27365e-5 0.9999984 7.23451e-6 0.001799046 0.9999983 2.02028e-5 0.001868903 0.9999983 -5.33462e-6 0.001868844 -1.44601e-4 4.35114e-6 -1 4.81805e-5 1 2.18153e-5 -6.30021e-5 -1 7.41705e-5 0.9999983 6.25849e-7 0.001819193 0.9999985 -1.05524e-4 0.001759529 0.9999983 -4.47035e-7 0.001819133 -5.96642e-5 1 2.15471e-5 -3.37439e-5 -3.38147e-5 -1 -3.37461e-5 -3.38125e-5 -1 -3.37418e-5 -3.38167e-5 -1 -3.37521e-5 -3.3886e-5 -1 -3.37514e-5 -3.38866e-5 -1 -3.37493e-5 -3.38887e-5 -1 -0.9999999 -3.3878e-4 -3.38906e-4 -0.9999999 -3.3874e-4 -3.38947e-4 -0.9999999 -3.38759e-4 -3.38928e-4 -0.9999999 -3.38748e-4 -3.38953e-4 -0.9999999 -3.38761e-4 -3.3894e-4 -0.9999999 -3.38786e-4 -3.38914e-4 0 0 -1 -4.46279e-7 0 -1 -0.9999999 -3.38597e-4 -3.39165e-4 -0.9999999 -3.38597e-4 -3.39165e-4 -0.9999999 -3.38562e-4 -3.392e-4 -1 -3.36057e-5 -3.44113e-5 -1 -3.36062e-5 -3.44109e-5 -1 -3.36074e-5 -3.44097e-5 0 0 -1 -4.06764e-4 -4.06813e-4 -0.9999998 -4.0675e-4 -4.06827e-4 -0.9999998 -4.0674e-4 -4.06837e-4 -0.9999998 -0.9999902 -0.003151118 -0.00314337 -0.9999902 -0.003151178 -0.00314331 -0.9999902 -0.003151357 -0.003143072 -0.9999964 -0.001891314 -0.001901328 -0.9999964 -0.001891136 -0.001901507 -0.9999964 -0.001891195 -0.001901447 -4.46279e-7 0 -1 0 0 -1 -1 3.29784e-7 -1.72934e-6 -0.9999998 -4.74446e-4 -4.74541e-4 -0.9999998 -4.74429e-4 -4.74558e-4 -0.9999998 -4.74433e-4 -4.74554e-4 -7.45763e-4 -7.45684e-4 -0.9999995 -7.45742e-4 -7.45706e-4 -0.9999995 -7.45694e-4 -7.45753e-4 -0.9999995 -3.41983e-5 -3.3727e-5 -1 -3.41977e-5 -3.37277e-5 -1 -3.41956e-5 -3.37298e-5 -1 -1 2.72334e-5 -4.97186e-5 -0.9999942 -0.002404868 -0.002402663 -0.9999942 -0.002405047 -0.002402484 -0.9999942 -0.002405107 -0.002402424 -4.45081e-4 -4.36034e-4 -0.9999998 -4.45127e-4 -4.35987e-4 -0.9999998 -4.45141e-4 -4.35973e-4 -0.9999998 -0.001966834 -0.001970648 -0.9999961 -0.001965463 -0.001969397 -0.9999961 -0.001968264 -0.00197196 -0.9999961 -0.9999973 -0.001660943 -0.001658082 -0.9999973 -0.001660704 -0.00165832 -0.9999973 -0.001660764 -0.00165826 -0.999999 -0.001051127 -0.00104916 -0.999999 -0.001051127 -0.001049101 -0.999999 -0.001051068 -0.00104922 -8.13005e-4 -0.9999994 -8.23123e-4 -8.12801e-4 -0.9999994 -8.23322e-4 -8.12965e-4 -0.9999994 -8.23153e-4 -0.00322473 -0.9999898 -0.003215074 -0.003224492 -0.9999898 -0.003215312 -0.003224492 -0.9999898 -0.003215253 -3.34709e-7 -1 0 -3.34709e-7 -1 -9.71107e-6 -0.00260365 -0.9999932 -0.002609848 -0.002603471 -0.9999932 -0.002609968 -0.00260359 -0.9999932 -0.002609848 -8.13342e-4 -0.9999994 -8.13739e-4 -8.13257e-4 -0.9999994 -8.13824e-4 -8.13247e-4 -0.9999994 -8.13835e-4 -0.001870512 -0.9999966 -0.001867175 -0.001870572 -0.9999966 -0.001867175 -0.001870691 -0.9999966 -0.001866996 0 -1 1.25431e-5 -9.14635e-4 -0.9999992 -9.15731e-4 -9.14678e-4 -0.9999992 -9.15688e-4 -9.14682e-4 -0.9999992 -9.15684e-4 0 -1 6.06801e-7 -3.38485e-5 -1 -3.371e-5 -3.38464e-5 -1 -3.3712e-5 -3.38406e-5 -1 -3.37179e-5 -3.38481e-5 -1 -3.37104e-5 -3.38441e-5 -1 -3.37144e-5 -3.3847e-5 -1 -3.37114e-5 -3.3847e-5 -1 -3.37114e-5 -3.38481e-5 -1 -3.37104e-5 -3.38441e-5 -1 -3.37144e-5 -2.94629e-5 -1 -4.87511e-5 -3.36844e-5 -1 -5.2959e-5 -3.89052e-5 -1 -5.81906e-5 -4.82879e-5 -1 -3.37513e-5 -4.82873e-5 -1 -3.37519e-5 -4.88168e-5 -1 -3.42332e-5 -3.41827e-5 -1 -3.40502e-5 -3.36834e-5 -1 -3.35378e-5 -3.41843e-5 -1 -3.40486e-5 -0.001559793 -0.9999976 -0.001557469 -0.001560091 -0.9999976 -0.001557528 -0.001558482 -0.9999976 -0.001556098 -2.31945e-4 -1 -2.05694e-4 -2.47753e-4 -1 -2.21918e-4 -2.33726e-4 -1 -2.07622e-4 -0.001152098 -0.9999987 -0.001153111 -0.001152157 -0.9999987 -0.001153051 -0.001152336 -0.9999987 -0.001153171 -4.76803e-5 -1 -3.37137e-5 -4.80191e-5 -1 -3.40493e-5 -4.7682e-5 -1 -3.3712e-5 0 -1 -6.18324e-5 -5.30408e-7 -1 -1.73344e-5 -0.9999898 -0.003218889 -0.0032112 -0.9999898 -0.003218948 -0.003211081 -0.9999898 -0.003219187 -0.003210902 -0.9999963 -0.001959085 -0.001969099 -0.9999963 -0.001958906 -0.001969277 -0.9999963 -0.001958966 -0.001969218</float_array>
          <technique_common>
            <accessor source="#submarine_Mesh_002-mesh-normals-array" count="1096" stride="3">
              <param name="X" type="float"/>
              <param name="Y" type="float"/>
              <param name="Z" type="float"/>
            </accessor>
          </technique_common>
        </source>
        <source id="submarine_Mesh_002-mesh-map-0">
          <float_array id="submarine_Mesh_002-mesh-map-0-array" count="3636">0.5011304 0.8324659 0.5011304 0.8224703 0.7965726 0.832466 0.7965726 0.8224703 0.7965726 0.832466 0.5011304 0.8224703 0.5011304 0.8324659 0.7965726 0.832466 0.5011304 0.8224703 0.7965726 0.8224703 0.5011304 0.8224703 0.7965726 0.832466 0.7965726 0.832466 0.7965726 0.8224703 0.8081936 0.8258022 0.7965726 0.8224703 0.7965726 0.832466 0.8081936 0.8258022 0.7965726 0.832466 0.5011305 0.8224703 0.5011305 0.832466 0.5011305 0.8224703 0.7965726 0.832466 0.7965726 0.8224703 0.5011305 0.8224703 0.7965726 0.832466 0.5011305 0.832466 0.7965726 0.832466 0.5011305 0.8224703 0.7965726 0.8224703 0.8081936 0.8258022 0.7965726 0.8224703 0.7965726 0.832466 0.8081936 0.8258022 0.7965726 0.832466 0.7965726 0.8224703 0.1335576 0.9036558 0.328846 0.9258107 0.3289873 0.8751003 0.08070445 0.9624905 0.3286958 0.9794236 0.3287416 0.9631833 0.08070445 0.9624905 0.3287416 0.9631833 0.328846 0.9258107 0.1335576 0.9036558 0.08070445 0.9624905 0.328846 0.9258107 0.5412093 0.5488615 0.4596272 0.5770589 0.5412093 0.6053705 0.7034525 0.5376589 0.5412093 0.6053705 0.7034524 0.6165731 0.5412093 0.5488615 0.5412093 0.6053705 0.7034525 0.5376589 0.7905964 0.536651 0.7034524 0.6165731 0.7904317 0.6165732 0.7034525 0.5376589 0.7034524 0.6165731 0.7905964 0.536651 0.4689096 0.5497969 0.3165596 0.6140417 0.4694586 0.6033166 0.315964 0.5412859 0.3165596 0.6140417 0.4689096 0.5497969 0.4689096 0.5497969 0.4694586 0.6033166 0.6253156 0.5749549 0.3057104 0.8510927 0.5173669 0.7986012 0.3058887 0.7978906 0.5171881 0.8518033 0.5173669 0.7986012 0.3057104 0.8510927 0.5118881 0.963695 0.6277915 0.9859259 0.5118271 0.9856019 0.6278527 0.9640189 0.6277915 0.9859259 0.5118881 0.963695 0.5121343 0.8756119 0.5120525 0.9047855 0.3289873 0.8751003 0.5120525 0.9047855 0.328846 0.9258107 0.3289873 0.8751003 0.3287416 0.9631833 0.5118271 0.9856019 0.3286958 0.9794236 0.5118881 0.963695 0.5118271 0.9856019 0.3287416 0.9631833 0.3058887 0.7978906 0.5173669 0.7986012 0.305572 0.7511096 0.5175141 0.752039 0.305572 0.7511096 0.5173669 0.7986012 0.6278527 0.9640189 0.5118881 0.963695 0.6279407 0.9306419 0.511721 0.9304363 0.6279407 0.9306419 0.5118881 0.963695 0.511721 0.9304363 0.328846 0.9258107 0.5120525 0.9047855 0.5118881 0.963695 0.328846 0.9258107 0.511721 0.9304363 0.328846 0.9258107 0.5118881 0.963695 0.3287416 0.9631833 0.9574114 0.8768559 0.9573299 0.9059966 0.8361324 0.9272279 0.9574114 0.8768559 0.8361324 0.9272279 0.8365569 0.8765183 0.836028 0.9646005 0.9368467 0.948616 0.8360021 0.9738399 0.9573299 0.9059966 0.9368467 0.948616 0.8361324 0.9272279 0.8361324 0.9272279 0.9368467 0.948616 0.836028 0.9646005 0.8365569 0.8765183 0.8361324 0.9272279 0.6280172 0.9051094 0.8365569 0.8765183 0.6280172 0.9051094 0.6280987 0.8759359 0.836028 0.9646005 0.8360021 0.9738399 0.6277915 0.9859259 0.836028 0.9646005 0.6277915 0.9859259 0.6278527 0.9640189 0.6280172 0.9051094 0.8361324 0.9272279 0.6279407 0.9306419 0.836028 0.9646005 0.6278527 0.9640189 0.8361324 0.9272279 0.6279407 0.9306419 0.8361324 0.9272279 0.6278527 0.9640189 0.3289873 0.8751003 0.328846 0.9258107 0.1335576 0.9036558 0.3287416 0.9631833 0.3286958 0.9794236 0.08070445 0.9624905 0.328846 0.9258107 0.3287416 0.9631833 0.08070445 0.9624905 0.328846 0.9258107 0.08070445 0.9624905 0.1335576 0.9036558 0.2971152 0.7984573 0.5160852 0.7978456 0.2972694 0.8535442 0.2972694 0.8535442 0.5160852 0.7978456 0.5162391 0.8529324 0.5118271 0.9856019 0.6277915 0.9859259 0.5118881 0.963695 0.5118881 0.963695 0.6277915 0.9859259 0.6278527 0.9640191 0.3289873 0.8751003 0.5120525 0.9047855 0.5121341 0.8756119 0.3289873 0.8751003 0.328846 0.9258107 0.5120525 0.9047855 0.3286958 0.9794236 0.5118271 0.9856019 0.3287416 0.9631833 0.3287416 0.9631833 0.5118271 0.9856019 0.5118881 0.963695 0.2964892 0.7500222 0.5160852 0.7978456 0.2971152 0.7984573 0.5160852 0.7978456 0.2964892 0.7500222 0.5159408 0.749634 0.6279407 0.9306419 0.5118881 0.963695 0.6278527 0.9640191 0.5118881 0.963695 0.6279407 0.9306419 0.511721 0.9304363 0.5120525 0.9047855 0.328846 0.9258107 0.511721 0.9304363 0.511721 0.9304363 0.328846 0.9258107 0.5118881 0.963695 0.3287416 0.9631833 0.5118881 0.963695 0.328846 0.9258107 0.8361322 0.927228 0.9573299 0.9059966 0.9574114 0.8768559 0.8365569 0.8765183 0.8361322 0.927228 0.9574114 0.8768559 0.8360021 0.9738399 0.9368467 0.948616 0.836028 0.9646005 0.8361322 0.927228 0.9368467 0.948616 0.9573299 0.9059966 0.836028 0.9646005 0.9368467 0.948616 0.8361322 0.927228 0.6280172 0.9051094 0.8361322 0.927228 0.8365569 0.8765183 0.6280987 0.8759359 0.6280172 0.9051094 0.8365569 0.8765183 0.6277915 0.9859259 0.8360021 0.9738399 0.836028 0.9646005 0.6278527 0.9640191 0.6277915 0.9859259 0.836028 0.9646005 0.6279407 0.9306419 0.8361322 0.927228 0.6280172 0.9051094 0.8361322 0.927228 0.6278527 0.9640191 0.836028 0.9646005 0.6278527 0.9640191 0.8361322 0.927228 0.6279407 0.9306419 0.2842564 0.6096776 0.2842564 0.623154 0.3066408 0.598317 0.3066408 0.6231556 0.3066408 0.598317 0.2842564 0.623154 0.3066408 0.6231556 0.2842564 0.623154 0.3066408 0.6040788 0.2818022 0.6154394 0.3066408 0.6040788 0.2842564 0.623154 0.2842564 0.6096776 0.3066408 0.598317 0.2818022 0.6154394 0.3066408 0.6040788 0.2818022 0.6154394 0.3066408 0.598317 0.2818022 0.6154394 0.2842564 0.623154 0.2842564 0.6096776 0.3066408 0.598317 0.2842564 0.623154 0.2842564 0.6096776 0.2842564 0.623154 0.3066408 0.598317 0.3066408 0.6231556 0.3066408 0.6040788 0.2842564 0.623154 0.3066408 0.6231556 0.2842564 0.623154 0.3066408 0.6040788 0.2818022 0.6154394 0.2818022 0.6154394 0.3066408 0.598317 0.2842564 0.6096776 0.3066408 0.598317 0.2818022 0.6154394 0.3066408 0.6040788 0.2842564 0.6096776 0.2842564 0.623154 0.2818022 0.6154394 0.2814391 0.6039283 0.3345778 0.5530565 0.2814081 0.5414199 0.3345778 0.5530565 0.2814391 0.6039283 0.3345746 0.6040233 0.3345746 0.6040233 0.4255168 0.5677174 0.3345778 0.5530565 0.4255168 0.5677174 0.3345746 0.6040233 0.4255077 0.598656 0.4255077 0.598656 0.4295958 0.575765 0.4255168 0.5677174 0.4295958 0.575765 0.4255077 0.598656 0.4295958 0.5964084 0.3345746 0.6040233 0.4255168 0.6005316 0.4255077 0.598656 0.4295958 0.5964084 0.4255077 0.598656 0.4255168 0.6005316 0.2809476 0.6031022 0.3349001 0.5545817 0.3344491 0.6036818 0.3349001 0.5545817 0.2809476 0.6031022 0.2814658 0.542883 0.3344491 0.6036818 0.426338 0.5695406 0.4260571 0.5993459 0.426338 0.5695406 0.3344491 0.6036818 0.3349001 0.5545817 0.4260571 0.5993459 0.4303745 0.577331 0.4301931 0.5972183 0.4303745 0.577331 0.4260571 0.5993459 0.426338 0.5695406 0.4301931 0.5972183 0.4260498 0.6011531 0.4260571 0.5993459 0.3344491 0.6036818 0.2808927 0.6057206 0.2809476 0.6031022 0.2809476 0.6031022 0.3344491 0.6036818 0.3349001 0.5545817 0.3349001 0.5545817 0.2814658 0.542883 0.2809476 0.6031022 0.3344491 0.6036818 0.4260571 0.5993459 0.426338 0.5695406 0.426338 0.5695406 0.3349001 0.5545817 0.3344491 0.6036818 0.4260571 0.5993459 0.4301931 0.5972183 0.4303745 0.577331 0.4303745 0.577331 0.426338 0.5695406 0.4260571 0.5993459 0.4301931 0.5972183 0.4260571 0.5993459 0.4260498 0.6011531 0.4260571 0.5993459 0.3344491 0.6036818 0.3344271 0.6062126 0.3344271 0.6062126 0.4260498 0.6011531 0.4260571 0.5993459 0.3344491 0.6036818 0.2809476 0.6031022 0.2808927 0.6057206 0.2808927 0.6057206 0.3344271 0.6062126 0.3344491 0.6036818 0.2814391 0.6039283 0.2814081 0.5414199 0.3345778 0.5530565 0.3345778 0.5530565 0.3345746 0.6040233 0.2814391 0.6039283 0.3345746 0.6040233 0.3345778 0.5530565 0.4255168 0.5677174 0.4255168 0.5677174 0.4255077 0.598656 0.3345746 0.6040233 0.4255077 0.598656 0.4255168 0.5677174 0.4295958 0.575765 0.4295958 0.575765 0.4295958 0.5964084 0.4255077 0.598656 0.3345757 0.6066505 0.2814081 0.6066465 0.2814391 0.6039283 0.2814391 0.6039283 0.3345746 0.6040233 0.3345757 0.6066505 0.4255168 0.6005316 0.3345757 0.6066505 0.3345746 0.6040233 0.3345746 0.6040233 0.4255077 0.598656 0.4255168 0.6005316 0.4295958 0.5964084 0.4255168 0.6005316 0.4255077 0.598656 0.3376941 0.4203356 0.330468 0.4204807 0.3304471 0.4217328 0.3376941 0.4203356 0.3304471 0.4217328 0.3304303 0.4227373 0.3376941 0.4203356 0.3304303 0.4227373 0.3304218 0.4232137 0.3376941 0.4203356 0.3304218 0.4232137 0.3304218 0.4232137 0.3376938 0.4203563 0.3303724 0.4232345 0.3303906 0.4227578 0.3376938 0.4203563 0.3303906 0.4227578 0.330425 0.4217528 0.3376938 0.4203563 0.330425 0.4217528 0.3304678 0.4205005 0.3376938 0.4203563 0.3304678 0.4205005 0.3305106 0.4192479 0.3376938 0.4203563 0.3305106 0.4192479 0.3305449 0.4182431 0.3376938 0.4203563 0.3305449 0.4182431 0.3305639 0.4176853 0.3376941 0.4203356 0.3305151 0.4176664 0.3305151 0.4176664 0.3376941 0.4203356 0.3305151 0.4176664 0.3305058 0.4182242 0.3376941 0.4203356 0.3305058 0.4182242 0.3304889 0.4192286 0.3376941 0.4203356 0.3304889 0.4192286 0.330468 0.4204807 0.330468 0.4204807 0.3102211 0.4208874 0.3101815 0.4232544 0.330468 0.4204807 0.3101815 0.4232544 0.3304471 0.4217328 0.3304471 0.4217328 0.3101815 0.4232544 0.3101496 0.4251577 0.3304471 0.4217328 0.3101496 0.4251577 0.3304303 0.4227373 0.3304303 0.4227373 0.3101496 0.4251577 0.3101328 0.4261364 0.3304303 0.4227373 0.3101328 0.4261364 0.3304218 0.4232137 0.3304119 0.4231083 0.3100849 0.4257979 0.3100724 0.4254182 0.3304119 0.4231083 0.3100724 0.4254182 0.3303967 0.4229693 0.3303724 0.4232345 0.3100394 0.4261551 0.3100748 0.425176 0.3303724 0.4232345 0.3100748 0.425176 0.3303906 0.4227578 0.3303906 0.4227578 0.3100748 0.425176 0.3101399 0.423272 0.3303906 0.4227578 0.3101399 0.423272 0.330425 0.4217528 0.330425 0.4217528 0.3101399 0.423272 0.3102208 0.4209043 0.330425 0.4217528 0.3102208 0.4209043 0.3304678 0.4205005 0.3304678 0.4205005 0.3102208 0.4209043 0.3103017 0.4185364 0.3304678 0.4205005 0.3103017 0.4185364 0.3305106 0.4192479 0.3305106 0.4192479 0.3103017 0.4185364 0.3103668 0.4166325 0.3305106 0.4192479 0.3103668 0.4166325 0.3305449 0.4182431 0.3305449 0.4182431 0.3103668 0.4166325 0.3104031 0.4155724 0.3305449 0.4182431 0.3104031 0.4155724 0.3305639 0.4176853 0.3305151 0.4176664 0.3103101 0.4155575 0.3103101 0.4155575 0.3305639 0.4176853 0.310403 0.4155724 0.3305639 0.4176853 0.3305151 0.4176664 0.3103101 0.4155575 0.3102924 0.4166172 0.3305151 0.4176664 0.3102924 0.4166172 0.3305058 0.4182242 0.3305058 0.4182242 0.3102924 0.4166172 0.3102605 0.4185205 0.3305058 0.4182242 0.3102605 0.4185205 0.3304889 0.4192286 0.3304889 0.4192286 0.3102605 0.4185205 0.3102211 0.4208874 0.3304889 0.4192286 0.3102211 0.4208874 0.330468 0.4204807 0.7216168 0.577974 0.692359 0.5782678 0.6923062 0.5798494 0.7216168 0.577974 0.6923062 0.5798494 0.7215772 0.5791569 0.7215772 0.5791569 0.6923062 0.5798494 0.6922637 0.5811204 0.7215772 0.5791569 0.6922637 0.5811204 0.7215455 0.5801082 0.7215455 0.5801082 0.6922637 0.5811204 0.6922408 0.5817871 0.7215455 0.5801082 0.6922408 0.5817871 0.7215286 0.5805973 0.7214807 0.5804281 0.6921923 0.5816639 0.6921938 0.5812236 0.7214807 0.5804281 0.6921938 0.5812236 0.7214682 0.5802384 0.7214353 0.5806066 0.6921163 0.5817947 0.6921638 0.5811277 0.7214353 0.5806066 0.6921638 0.5811277 0.7214706 0.5801174 0.7214706 0.5801174 0.6921638 0.5811277 0.6922509 0.5798563 0.7214706 0.5801174 0.6922509 0.5798563 0.7215357 0.5791658 0.7215357 0.5791658 0.6922509 0.5798563 0.692359 0.5782741 0.7215357 0.5791658 0.692359 0.5782741 0.7216166 0.5779824 0.7216166 0.5779824 0.692359 0.5782741 0.6924672 0.5766921 0.7216166 0.5779824 0.6924672 0.5766921 0.7216976 0.5767991 0.7216976 0.5767991 0.6924672 0.5766921 0.6925541 0.5754205 0.7216976 0.5767991 0.6925541 0.5754205 0.7217627 0.5758476 0.7217627 0.5758476 0.6925541 0.5754205 0.69262 0.5744564 0.7217627 0.5758476 0.69262 0.5744564 0.7217988 0.5753177 0.7217059 0.5753102 0.6924867 0.5744514 0.6924867 0.5744514 0.7217059 0.5753102 0.6924867 0.5744514 0.7217059 0.5753102 0.7217059 0.5753102 0.6924867 0.5744514 0.6924545 0.5754151 0.7217059 0.5753102 0.6924545 0.5754151 0.7216882 0.5758399 0.7216882 0.5758399 0.6924545 0.5754151 0.692412 0.5766862 0.7216882 0.5758399 0.692412 0.5766862 0.7216563 0.5767911 0.7216563 0.5767911 0.692412 0.5766862 0.692359 0.5782678 0.7216563 0.5767911 0.692359 0.5782678 0.7216168 0.577974 0.342171 0.4201655 0.3096973 0.4208179 0.3096404 0.424224 0.342171 0.4201655 0.3096404 0.424224 0.342118 0.4233301 0.342118 0.4233301 0.3096404 0.424224 0.3095948 0.42695 0.342118 0.4233301 0.3095948 0.42695 0.3420755 0.4258734 0.3420755 0.4258734 0.3095948 0.42695 0.3095704 0.4283779 0.3420755 0.4258734 0.3095704 0.4283779 0.3420527 0.4272075 0.3420042 0.4269608 0.3094719 0.4280501 0.3094692 0.4271967 0.3420042 0.4269608 0.3094692 0.4271967 0.3420057 0.4260799 0.3419282 0.4272227 0.3094369 0.4283887 0.3094877 0.4269602 0.3419282 0.4272227 0.3094877 0.4269602 0.3419758 0.4258882 0.3419758 0.4258882 0.3094877 0.4269602 0.3095809 0.4242333 0.3419758 0.4258882 0.3095809 0.4242333 0.3420627 0.4233439 0.3420627 0.4233439 0.3095809 0.4242333 0.3096973 0.4208261 0.3420627 0.4233439 0.3096973 0.4208261 0.3421709 0.4201783 0.3421709 0.4201783 0.3096973 0.4208261 0.3098137 0.4174187 0.3421709 0.4201783 0.3098137 0.4174187 0.342279 0.4170126 0.342279 0.4170126 0.3098137 0.4174187 0.309907 0.4146918 0.342279 0.4170126 0.309907 0.4146918 0.3423661 0.4144684 0.3423661 0.4144684 0.309907 0.4146918 0.3099585 0.4131823 0.3423661 0.4144684 0.3099585 0.4131823 0.342432 0.4125393 0.9002914 0.4391162 0.9637224 0.4391161 0.9637223 0.7649259 0.9002914 0.4391162 0.9637223 0.7649259 0.9002914 0.7649259 0.3422986 0.4125292 0.309825 0.4131767 0.3097998 0.4146859 0.3422986 0.4125292 0.3097998 0.4146859 0.3422664 0.4144577 0.3422664 0.4144577 0.3097998 0.4146859 0.3097543 0.4174118 0.3422664 0.4144577 0.3097543 0.4174118 0.3422239 0.417001 0.3422239 0.417001 0.3097543 0.4174118 0.3096973 0.4208179 0.3422239 0.417001 0.3096973 0.4208179 0.342171 0.4201655 0.4526128 0.4178622 0.4233551 0.4184499 0.4233065 0.4213522 0.4526128 0.4178622 0.4233065 0.4213522 0.4525558 0.4212682 0.4525558 0.4212682 0.4233065 0.4213522 0.4232678 0.4236745 0.4525558 0.4212682 0.4232678 0.4236745 0.4525103 0.4239942 0.4525103 0.4239942 0.4232678 0.4236745 0.4232471 0.4248787 0.4525103 0.4239942 0.4232471 0.4248787 0.4524859 0.4254221 0.4523875 0.4250941 0.4232001 0.4245447 0.4231349 0.4238566 0.4523875 0.4250941 0.4231349 0.4238566 0.4523847 0.424241 0.4523525 0.4254329 0.4231336 0.4248849 0.4231766 0.4236804 0.4523525 0.4254329 0.4231766 0.4236804 0.4524032 0.4240046 0.4524032 0.4240046 0.4231766 0.4236804 0.423256 0.4213572 0.4524032 0.4240046 0.423256 0.4213572 0.4524964 0.4212777 0.4524964 0.4212777 0.423256 0.4213572 0.4233552 0.4184539 0.4524964 0.4212777 0.4233552 0.4184539 0.4526129 0.4178703 0.4526129 0.4178703 0.4233552 0.4184539 0.4234545 0.4155507 0.4526129 0.4178703 0.4234545 0.4155507 0.4527294 0.4144631 0.4527294 0.4144631 0.4234545 0.4155507 0.4235339 0.4132276 0.4527294 0.4144631 0.4235339 0.4132276 0.4528225 0.411736 0.4528225 0.411736 0.4235339 0.4132276 0.4235778 0.4119417 0.4528225 0.411736 0.4235778 0.4119417 0.4528741 0.4102266 0.4527406 0.410221 0.4234638 0.4119399 0.4234638 0.4119399 0.4527406 0.410221 0.4234638 0.4119399 0.4527406 0.410221 0.4527406 0.410221 0.4234638 0.4119399 0.4234424 0.4132252 0.4527406 0.410221 0.4234424 0.4132252 0.4527153 0.4117301 0.4527153 0.4117301 0.4234424 0.4132252 0.4234036 0.4155475 0.4527153 0.4117301 0.4234036 0.4155475 0.4526697 0.414456 0.4526697 0.414456 0.4234036 0.4155475 0.4233551 0.4184499 0.4526697 0.414456 0.4233551 0.4184499 0.4526128 0.4178622 0.7173376 0.5764098 0.6970906 0.5766131 0.6970626 0.5774489 0.7173376 0.5764098 0.6970626 0.5774489 0.7172891 0.5778603 0.7172891 0.5778603 0.6970626 0.5774489 0.6970402 0.5781189 0.7172891 0.5778603 0.6970402 0.5781189 0.7172503 0.579021 0.7172503 0.579021 0.6970402 0.5781189 0.6970286 0.5784499 0.7172503 0.579021 0.6970286 0.5784499 0.7172296 0.5796228 0.7171827 0.5794558 0.6970073 0.5783378 0.697011 0.5781592 0.7171827 0.5794558 0.697011 0.5781592 0.7171174 0.579112 0.717116 0.579626 0.6969632 0.5784512 0.6969878 0.5781199 0.717116 0.579626 0.6969878 0.5781199 0.7171592 0.5790239 0.7171592 0.5790239 0.6969878 0.5781199 0.6970337 0.5774497 0.7171592 0.5790239 0.6970337 0.5774497 0.7172386 0.5778629 0.7172386 0.5778629 0.6970337 0.5774497 0.6970908 0.5766137 0.7172386 0.5778629 0.6970908 0.5766137 0.7173377 0.5764119 0.7173377 0.5764119 0.6970908 0.5766137 0.697148 0.5757777 0.7173377 0.5764119 0.697148 0.5757777 0.717437 0.5749609 0.717437 0.5749609 0.697148 0.5757777 0.6971938 0.5751075 0.717437 0.5749609 0.6971938 0.5751075 0.7175164 0.5737999 0.7175164 0.5737999 0.6971938 0.5751075 0.6972193 0.5747357 0.7175164 0.5737999 0.6972193 0.5747357 0.7175603 0.5731572 0.7174464 0.5731564 0.6971534 0.5747357 0.6971534 0.5747357 0.7174464 0.5731564 0.6971534 0.5747357 0.7174464 0.5731564 0.7174464 0.5731564 0.6971534 0.5747357 0.6971409 0.5751074 0.7174464 0.5731564 0.6971409 0.5751074 0.7174249 0.5737987 0.7174249 0.5737987 0.6971409 0.5751074 0.6971185 0.5757774 0.7174249 0.5737987 0.6971185 0.5757774 0.7173861 0.5749593 0.7173861 0.5749593 0.6971185 0.5757774 0.6970906 0.5766131 0.7173861 0.5749593 0.6970906 0.5766131 0.7173376 0.5764098 0.31571 0.4204247 0.3195898 0.4220184 0.3196178 0.4203462 0.31571 0.4204247 0.3195674 0.423359 0.3195898 0.4220184 0.31571 0.4204247 0.3195558 0.4240215 0.3195674 0.423359 0.3435755 0.5823905 0.3445538 0.563171 0.3459364 0.5631691 0.3157102 0.4204253 0.319515 0.4233612 0.3194904 0.4240241 0.3157102 0.4204253 0.3195608 0.4220202 0.319515 0.4233612 0.3157102 0.4204253 0.319618 0.4203473 0.3195608 0.4220202 0.3157102 0.4204253 0.3196752 0.4186747 0.319618 0.4203473 0.3157102 0.4204253 0.319721 0.4173336 0.3196752 0.4186747 0.3157102 0.4204253 0.3197464 0.4165896 0.319721 0.4173336 0.3157102 0.4204253 0.3197464 0.4165896 0.3197464 0.4165896 0.31571 0.4204247 0.3196681 0.4173334 0.3196806 0.4165897 0.31571 0.4204247 0.3196457 0.418674 0.3196681 0.4173334 0.31571 0.4204247 0.3196178 0.4203462 0.3196457 0.418674 0.8100319 0.653155 0.7631568 0.653155 0.7509174 0.6259915 0.7509174 0.6259915 0.8222714 0.6259915 0.8100319 0.653155 0.5846111 0.6523665 0.7313364 0.6522505 0.7467254 0.6255581 0.7467254 0.6255581 0.5661959 0.6256741 0.5846111 0.6523665 0.8100179 0.653155 0.7631428 0.653155 0.7509034 0.6259915 0.7509034 0.6259915 0.8222573 0.6259915 0.8100179 0.653155 0.7313366 0.6522502 0.5846115 0.6523663 0.5661963 0.6256739 0.5661963 0.6256739 0.7467258 0.6255578 0.7313366 0.6522502 0.3165306 0.521032 0.6746624 0.5208018 0.6746783 0.4667231 0.6746783 0.4667231 0.3165343 0.4669533 0.3165306 0.521032 0.8561819 0.5222768 0.6869462 0.5222768 0.6869462 0.4672436 0.6869462 0.4672436 0.8561819 0.4672436 0.8561819 0.5222768 0.6746631 0.5208013 0.3165315 0.5210314 0.3165352 0.4669529 0.3165352 0.4669529 0.6746789 0.4667225 0.6746631 0.5208013 0.8562151 0.5222768 0.6869794 0.5222768 0.6869794 0.4672436 0.6869794 0.4672436 0.8562151 0.4672436 0.8562151 0.5222768 0.265369 0.4432378 0.6103675 0.4430161 0.5677404 0.3909223 0.5677404 0.3909223 0.3141493 0.391144 0.265369 0.4432378 0.7546914 0.4429247 0.6183362 0.4429247 0.6417253 0.3899115 0.6417253 0.3899115 0.7313023 0.3899115 0.7546914 0.4429247 0.610368 0.4430155 0.26537 0.4432374 0.31415 0.3911436 0.31415 0.3911436 0.5677411 0.3909218 0.610368 0.4430155 0.7547181 0.4429247 0.6183629 0.4429247 0.641752 0.3899115 0.641752 0.3899115 0.731329 0.3899115 0.7547181 0.4429247 0.3577064 0.4029603 0.3577064 0.438323 0.2938604 0.438323 0.3577064 0.4029603 0.2938604 0.438323 0.2938604 0.4029603 0.3579292 0.4360388 0.3579292 0.43775 0.2940834 0.43775 0.3579292 0.4360388 0.2940834 0.43775 0.2940834 0.4360388 0.3577065 0.4029617 0.3577065 0.4383243 0.2938606 0.4383243 0.3577065 0.4029617 0.2938606 0.4383243 0.2938606 0.4029617 0.4011489 0.4102383 0.4011489 0.4257114 0.3664702 0.4257114 0.4011489 0.4102383 0.3664702 0.4257114 0.3664702 0.4102383 0.3579294 0.4360388 0.3579294 0.43775 0.2940834 0.43775 0.3579294 0.4360388 0.2940834 0.43775 0.2940834 0.4360388 0.4011486 0.4102376 0.4011486 0.4257107 0.36647 0.4257107 0.4011486 0.4102376 0.36647 0.4257107 0.36647 0.4102376 0.3577067 0.4029617 0.3577067 0.4383245 0.2938607 0.4383245 0.3577067 0.4029617 0.2938607 0.4383245 0.2938607 0.4029617 0.3579291 0.4360375 0.3579291 0.4377486 0.2940831 0.4377486 0.3579291 0.4360375 0.2940831 0.4377486 0.2940831 0.4360375 0.3577062 0.4029603 0.3577062 0.438323 0.2938603 0.438323 0.3577062 0.4029603 0.2938603 0.438323 0.2938603 0.4029603 0.3577064 0.4029603 0.3577064 0.438323 0.2938604 0.438323 0.3577064 0.4029603 0.2938604 0.438323 0.2938604 0.4029603 0.3579291 0.4360375 0.3579291 0.4377486 0.2940831 0.4377486 0.3579291 0.4360375 0.2940831 0.4377486 0.2940831 0.4360375 0.3577065 0.4029617 0.3577065 0.4383243 0.2938606 0.4383243 0.3577065 0.4029617 0.2938606 0.4383243 0.2938606 0.4029617 0.3227771 0.4197593 0.3099761 0.419024 0.3227776 0.4190368 0.3099755 0.4197464 0.3099761 0.419024 0.3227771 0.4197593 0.2965551 0.4190105 0.3093561 0.4197458 0.2965546 0.4197329 0.3093566 0.4190233 0.3093561 0.4197458 0.2965551 0.4190105 0.309987 0.4040928 0.3093566 0.4190233 0.3093677 0.4040921 0.3099761 0.419024 0.3093566 0.4190233 0.309987 0.4040928 0.3099761 0.419024 0.3093561 0.4197458 0.3093566 0.4190233 0.3099755 0.4197464 0.3093561 0.4197458 0.3099761 0.419024 0.3099755 0.4197464 0.3093451 0.434677 0.3093561 0.4197458 0.3099645 0.4346776 0.3093451 0.434677 0.3099755 0.4197464 0.296553 0.4197338 0.2965535 0.4190111 0.3093551 0.419024 0.3093546 0.4197465 0.296553 0.4197338 0.3093551 0.419024 0.322776 0.4190375 0.3227755 0.41976 0.309974 0.4197471 0.3099745 0.4190247 0.322776 0.4190375 0.309974 0.4197471 0.3093661 0.4040929 0.3099855 0.4040935 0.3099745 0.4190247 0.3093551 0.419024 0.3093661 0.4040929 0.3099745 0.4190247 0.3093551 0.419024 0.3099745 0.4190247 0.309974 0.4197471 0.3093546 0.4197465 0.3093551 0.419024 0.309974 0.4197471 0.3093546 0.4197465 0.309974 0.4197471 0.3099629 0.4346783 0.3093435 0.4346777 0.3093546 0.4197465 0.3099629 0.4346783 0.2798594 0.5817118 0.2920632 0.5818156 0.2921982 0.5752179 0.2798594 0.5817118 0.2921982 0.5752179 0.2923065 0.569925 0.2798594 0.5817118 0.2923065 0.569925 0.2923586 0.5674138 0.2798594 0.5817118 0.2923586 0.5674138 0.2923586 0.5674138 0.2798615 0.5816027 0.2924438 0.5673106 0.2923751 0.5698218 0.2798615 0.5816027 0.2923751 0.5698218 0.2922371 0.5751145 0.2798615 0.5816027 0.2922371 0.5751145 0.2920652 0.5817118 0.2798615 0.5816027 0.2920652 0.5817118 0.2918932 0.5883091 0.2798615 0.5816027 0.2918932 0.5883091 0.2917553 0.5936018 0.2798615 0.5816027 0.2917553 0.5936018 0.2916788 0.5965405 0.2798594 0.5817118 0.2917598 0.5966451 0.2917598 0.5966451 0.2798594 0.5817118 0.2917598 0.5966451 0.2918199 0.5937062 0.2798594 0.5817118 0.2918199 0.5937062 0.2919282 0.5884133 0.2798594 0.5817118 0.2919282 0.5884133 0.2920632 0.5818156 0.2920632 0.5818156 0.3262575 0.5821064 0.3265126 0.5696336 0.2920632 0.5818156 0.3265126 0.5696336 0.2921982 0.5752179 0.2921982 0.5752179 0.3265126 0.5696336 0.3267178 0.5596042 0.2921982 0.5752179 0.3267178 0.5596042 0.2923065 0.569925 0.2923065 0.569925 0.3267178 0.5596042 0.3268242 0.5544474 0.2923065 0.569925 0.3268242 0.5544474 0.2923586 0.5674138 0.2923669 0.5679707 0.3268779 0.5562373 0.3268687 0.5582401 0.2923669 0.5679707 0.3268687 0.5582401 0.2923816 0.5687053 0.2924438 0.5673106 0.326983 0.5543599 0.3268454 0.5595165 0.2924438 0.5673106 0.3268454 0.5595165 0.2923751 0.5698218 0.2923751 0.5698218 0.3268454 0.5595165 0.3265841 0.5695453 0.2923751 0.5698218 0.3265841 0.5695453 0.2922371 0.5751145 0.2922371 0.5751145 0.3265841 0.5695453 0.3262591 0.5820176 0.2922371 0.5751145 0.3262591 0.5820176 0.2920652 0.5817118 0.2920652 0.5817118 0.3262591 0.5820176 0.3259341 0.5944898 0.2920652 0.5817118 0.3259341 0.5944898 0.2918932 0.5883091 0.2918932 0.5883091 0.3259341 0.5944898 0.3256727 0.6045186 0.2918932 0.5883091 0.3256727 0.6045186 0.2917553 0.5936018 0.2917553 0.5936018 0.3256727 0.6045186 0.3255272 0.6101028 0.2917553 0.5936018 0.3255272 0.6101028 0.2916788 0.5965405 0.2917598 0.5966451 0.3256828 0.610193 0.3256828 0.610193 0.2916788 0.5965405 0.3255272 0.6101028 0.2916788 0.5965405 0.2917598 0.5966451 0.3256828 0.610193 0.325797 0.6046086 0.2917598 0.5966451 0.325797 0.6046086 0.2918199 0.5937062 0.2918199 0.5937062 0.325797 0.6046086 0.3260022 0.5945792 0.2918199 0.5937062 0.3260022 0.5945792 0.2919282 0.5884133 0.2919282 0.5884133 0.3260022 0.5945792 0.3262575 0.5821064 0.2919282 0.5884133 0.3262575 0.5821064 0.2920632 0.5818156 0.6812524 0.5768829 0.7306645 0.5770928 0.7310057 0.5687588 0.6812524 0.5768829 0.7310057 0.5687588 0.6815076 0.5706493 0.6815076 0.5706493 0.7310057 0.5687588 0.7312799 0.5620609 0.6815076 0.5706493 0.7312799 0.5620609 0.6817128 0.5656369 0.6817128 0.5656369 0.7312799 0.5620609 0.7314245 0.5585476 0.6817128 0.5656369 0.7314245 0.5585476 0.6818192 0.5630597 0.6818729 0.5639542 0.7314868 0.5591999 0.7314141 0.5615211 0.6818729 0.5639542 0.7314141 0.5615211 0.6818637 0.5649552 0.681978 0.5630159 0.7316359 0.5585149 0.7314495 0.5620281 0.681978 0.5630159 0.7314495 0.5620281 0.6818404 0.5655931 0.6818404 0.5655931 0.7314495 0.5620281 0.7311002 0.5687257 0.6818404 0.5655931 0.7311002 0.5687257 0.681579 0.5706052 0.681579 0.5706052 0.7311002 0.5687257 0.7306656 0.5770593 0.681579 0.5706052 0.7306656 0.5770593 0.681254 0.5768385 0.681254 0.5768385 0.7306656 0.5770593 0.7302311 0.585393 0.681254 0.5768385 0.7302311 0.585393 0.6809291 0.5830718 0.6809291 0.5830718 0.7302311 0.585393 0.7298818 0.5920906 0.6809291 0.5830718 0.7298818 0.5920906 0.6806676 0.5880839 0.6806676 0.5880839 0.7298818 0.5920906 0.7296171 0.5971691 0.6806676 0.5880839 0.7296171 0.5971691 0.6805222 0.5908747 0.6806778 0.5909198 0.7298412 0.5972037 0.7298412 0.5972037 0.6806778 0.5909198 0.7298412 0.5972037 0.6806778 0.5909198 0.6806778 0.5909198 0.7298412 0.5972037 0.7300491 0.5921248 0.6806778 0.5909198 0.7300491 0.5921248 0.680792 0.5881289 0.680792 0.5881289 0.7300491 0.5921248 0.7303234 0.585427 0.680792 0.5881289 0.7303234 0.585427 0.6809972 0.5831165 0.6809972 0.5831165 0.7303234 0.585427 0.7306645 0.5770928 0.6809972 0.5831165 0.7306645 0.5770928 0.6812524 0.5768829 0.3756695 0.5825265 0.4305129 0.5829929 0.4308801 0.5650444 0.3756695 0.5825265 0.4308801 0.5650444 0.3760107 0.5658508 0.3760107 0.5658508 0.4308801 0.5650444 0.4311739 0.5506797 0.3760107 0.5658508 0.4311739 0.5506797 0.3762849 0.5524489 0.3762849 0.5524489 0.4311739 0.5506797 0.4313288 0.5431555 0.3762849 0.5524489 0.4313288 0.5431555 0.3764296 0.545419 0.3764919 0.5467243 0.4314689 0.5448959 0.4314055 0.5493943 0.3764919 0.5467243 0.4314055 0.5493943 0.3764191 0.5513687 0.3766409 0.5453537 0.4315548 0.5431144 0.4313555 0.5506382 0.3766409 0.5453537 0.4313555 0.5506382 0.3764545 0.5523832 0.3764545 0.5523832 0.4313555 0.5506382 0.4309812 0.5650022 0.3764545 0.5523832 0.4309812 0.5650022 0.3761052 0.5657845 0.3761052 0.5657845 0.4309812 0.5650022 0.4305135 0.5829499 0.3761052 0.5657845 0.4305135 0.5829499 0.3756707 0.5824594 0.3756707 0.5824594 0.4305135 0.5829499 0.4300457 0.6008975 0.3756707 0.5824594 0.4300457 0.6008975 0.3752361 0.5991343 0.3752361 0.5991343 0.4300457 0.6008975 0.4296714 0.6152614 0.3752361 0.5991343 0.4296714 0.6152614 0.3748869 0.6125356 0.3748869 0.6125356 0.4296714 0.6152614 0.4294642 0.6232128 0.3748869 0.6125356 0.4294642 0.6232128 0.3746221 0.6226974 0.9002914 0.4391162 0.9637224 0.4391161 0.9637223 0.7649259 0.9002914 0.4391162 0.9637223 0.7649259 0.9002914 0.7649259 0.3748463 0.6227665 0.4296891 0.6232579 0.4298518 0.6153061 0.3748463 0.6227665 0.4298518 0.6153061 0.3750542 0.6126042 0.3750542 0.6126042 0.4298518 0.6153061 0.4301456 0.6009415 0.3750542 0.6126042 0.4301456 0.6009415 0.3753284 0.5992023 0.3753284 0.5992023 0.4301456 0.6009415 0.4305129 0.5829929 0.3753284 0.5992023 0.4305129 0.5829929 0.3756695 0.5825265 0.4303833 0.5828225 0.3809681 0.5826237 0.3810782 0.5673288 0.4303833 0.5828225 0.3810782 0.5673288 0.4305124 0.5648724 0.4305124 0.5648724 0.3810782 0.5673288 0.3811662 0.55509 0.4305124 0.5648724 0.3811662 0.55509 0.4306158 0.5505065 0.4306158 0.5505065 0.3811662 0.55509 0.3812111 0.5487443 0.4306158 0.5505065 0.3812111 0.5487443 0.4306691 0.5429817 0.4304808 0.5447201 0.3811095 0.55051 0.3809539 0.5541429 0.4304808 0.5447201 0.3809539 0.5541429 0.4304199 0.5492185 0.4304442 0.5429378 0.3810194 0.5487221 0.3810126 0.5550679 0.4304442 0.5429378 0.3810126 0.5550679 0.4304355 0.5504628 0.4304355 0.5504628 0.3810126 0.5550679 0.380993 0.5673069 0.4304355 0.5504628 0.380993 0.5673069 0.4304125 0.5648289 0.4304125 0.5648289 0.380993 0.5673069 0.3809686 0.5826023 0.4304125 0.5648289 0.3809686 0.5826023 0.4303839 0.5827794 0.4303839 0.5827794 0.3809686 0.5826023 0.3809442 0.5978975 0.4303839 0.5827794 0.3809442 0.5978975 0.4303553 0.6007298 0.4303553 0.6007298 0.3809442 0.5978975 0.3809247 0.6101365 0.4303553 0.6007298 0.3809247 0.6101365 0.4303324 0.6150959 0.4303324 0.6150959 0.3809247 0.6101365 0.3809139 0.61691 0.4303324 0.6150959 0.3809139 0.61691 0.4303197 0.6230486 0.4300935 0.6230908 0.3807212 0.6169308 0.3807212 0.6169307 0.4300935 0.6230908 0.3807212 0.6169307 0.4300936 0.6230908 0.4300936 0.6230908 0.3807212 0.6169307 0.38077 0.6101574 0.4300936 0.6230908 0.38077 0.6101574 0.4301508 0.6151384 0.4301508 0.6151384 0.38077 0.6101574 0.3808581 0.5979186 0.4301508 0.6151384 0.3808581 0.5979186 0.4302542 0.6007725 0.4302542 0.6007725 0.3808581 0.5979186 0.3809681 0.5826237 0.4302542 0.6007725 0.3809681 0.5826237 0.4303833 0.5828225 0.7359631 0.5771414 0.7017667 0.5770727 0.7018302 0.5726685 0.7359631 0.5771414 0.7018302 0.5726685 0.7360731 0.5694974 0.7360731 0.5694974 0.7018302 0.5726685 0.7018809 0.5691377 0.7360731 0.5694974 0.7018809 0.5691377 0.7361612 0.5633808 0.7361612 0.5633808 0.7018809 0.5691377 0.7019053 0.5673927 0.7361612 0.5633808 0.7019053 0.5673927 0.736206 0.5602095 0.7361045 0.5610919 0.7018542 0.5679848 0.7018368 0.5689265 0.7361045 0.5610919 0.7018368 0.5689265 0.7359488 0.5629075 0.7360143 0.5601984 0.7017948 0.5673892 0.7017925 0.5691342 0.7360143 0.5601984 0.7017925 0.5691342 0.7360076 0.5633698 0.7360076 0.5633698 0.7017925 0.5691342 0.7017812 0.5726652 0.7360076 0.5633698 0.7017812 0.5726652 0.735988 0.5694866 0.735988 0.5694866 0.7017812 0.5726652 0.7017672 0.5770695 0.735988 0.5694866 0.7017672 0.5770695 0.7359636 0.5771307 0.7359636 0.5771307 0.7017672 0.5770695 0.7017531 0.5814737 0.7359636 0.5771307 0.7017531 0.5814737 0.7359392 0.5847749 0.7359392 0.5847749 0.7017531 0.5814737 0.7017419 0.5850046 0.7359392 0.5847749 0.7017419 0.5850046 0.7359197 0.5908915 0.7359197 0.5908915 0.7017419 0.5850046 0.7017356 0.5869634 0.7359197 0.5908915 0.7017356 0.5869634 0.7359089 0.5942767 0.7357162 0.5942872 0.7016243 0.5869664 0.7016243 0.5869664 0.7357162 0.5942872 0.7016243 0.5869664 0.7357162 0.5942871 0.7357162 0.5942871 0.7016243 0.5869664 0.7016525 0.5850076 0.7357162 0.5942871 0.7016525 0.5850076 0.735765 0.590902 0.735765 0.590902 0.7016525 0.5850076 0.7017033 0.5814768 0.735765 0.590902 0.7017033 0.5814768 0.735853 0.5847854 0.735853 0.5847854 0.7017033 0.5814768 0.7017667 0.5770727 0.735853 0.5847854 0.7017667 0.5770727 0.7359631 0.5771414 0.3401716 0.5824596 0.3468352 0.5736738 0.3467717 0.5824862 0.3401716 0.5824596 0.346886 0.5666089 0.3468352 0.5736738 0.3401716 0.5824596 0.3469103 0.5631173 0.346886 0.5666089 0.3435755 0.5823905 0.3445538 0.563171 0.3459364 0.5631691 0.340172 0.582456 0.3467975 0.5666021 0.3467998 0.5631103 0.340172 0.582456 0.3467863 0.5736672 0.3467975 0.5666021 0.340172 0.582456 0.3467722 0.5824797 0.3467863 0.5736672 0.340172 0.582456 0.3467582 0.5912922 0.3467722 0.5824797 0.340172 0.582456 0.3467469 0.5983573 0.3467582 0.5912922 0.340172 0.582456 0.3467407 0.6022766 0.3467469 0.5983573 0.340172 0.582456 0.3467407 0.6022766 0.3467407 0.6022766 0.3401716 0.5824596 0.3466575 0.5983633 0.3466293 0.6022827 0.3401716 0.5824596 0.3467083 0.5912984 0.3466575 0.5983633 0.3401716 0.5824596 0.3467717 0.5824862 0.3467083 0.5912984 0.7343098 0.4414944 0.6505202 0.4414944 0.6286423 0.3929394 0.6286423 0.3929394 0.7561878 0.3929394 0.7343098 0.4414944 0.3313688 0.4400849 0.593641 0.4398775 0.621149 0.3921647 0.621149 0.3921647 0.2984516 0.3923721 0.3313688 0.4400849 0.7342848 0.4414944 0.6504952 0.4414944 0.6286173 0.3929394 0.6286173 0.3929394 0.7561628 0.3929394 0.7342848 0.4414944 0.5936415 0.4398771 0.3313695 0.4400845 0.2984523 0.3923717 0.2984523 0.3923717 0.6211497 0.3921642 0.5936415 0.4398771 0.2831715 0.5240092 0.6770499 0.5237561 0.6770675 0.4642795 0.6770675 0.4642795 0.2831756 0.4645327 0.2831715 0.5240092 0.8418451 0.5247017 0.6861656 0.5247017 0.6861656 0.4641754 0.6861656 0.4641754 0.8418451 0.4641754 0.8418451 0.5247017 0.6770508 0.5237554 0.2831725 0.5240087 0.2831766 0.4645323 0.2831766 0.4645323 0.6770682 0.4642789 0.6770508 0.5237554 0.8418757 0.5247017 0.6861961 0.5247017 0.6861961 0.4641754 0.6861961 0.4641754 0.8418757 0.4641754 0.8418757 0.5247017 0.610302 0.6510717 0.7719538 0.6509678 0.7519806 0.6265588 0.7519806 0.6265588 0.6331585 0.6266627 0.610302 0.6510717 0.8395779 0.650925 0.7756876 0.650925 0.7866468 0.6260853 0.7866468 0.6260853 0.8286188 0.6260853 0.8395779 0.650925 0.7719541 0.6509675 0.6103025 0.6510715 0.6331588 0.6266625 0.6331588 0.6266625 0.751981 0.6265587 0.7719541 0.6509675 0.8395905 0.650925 0.7757002 0.650925 0.7866594 0.6260853 0.7866594 0.6260853 0.8286314 0.6260853 0.8395905 0.650925 0.4347953 0.5417817 0.4347953 0.616317 0.2778384 0.616317 0.4347953 0.5417817 0.2778384 0.616317 0.2778384 0.5417817 0.4339844 0.6030457 0.4339844 0.6066522 0.2770275 0.6066522 0.4339844 0.6030457 0.2770275 0.6066522 0.2770275 0.6030457 0.4347957 0.5417845 0.4347957 0.6163198 0.2778388 0.6163198 0.4347957 0.5417845 0.2778388 0.6163198 0.2778388 0.5417845 0.434796 0.5417847 0.434796 0.6163199 0.2778391 0.6163199 0.434796 0.5417847 0.2778391 0.6163199 0.2778391 0.5417847 0.4339845 0.6030457 0.4339845 0.6066522 0.2770276 0.6066522 0.4339845 0.6030457 0.2770276 0.6066522 0.2770276 0.6030457 0.4347952 0.5417816 0.4347952 0.6163169 0.2778382 0.6163169 0.4347952 0.5417816 0.2778382 0.6163169 0.2778382 0.5417816 0.434796 0.5417847 0.434796 0.6163199 0.2778391 0.6163199 0.434796 0.5417847 0.2778391 0.6163199 0.2778391 0.5417847 0.4339838 0.6030427 0.4339838 0.6066493 0.2770269 0.6066493 0.4339838 0.6030427 0.2770269 0.6066493 0.2770269 0.6030427 0.434795 0.5417816 0.434795 0.6163169 0.2778381 0.6163169 0.434795 0.5417816 0.2778381 0.6163169 0.2778381 0.5417816 0.7571446 0.5574975 0.7571446 0.5944018 0.679431 0.5944018 0.7571446 0.5574975 0.679431 0.5944018 0.679431 0.5574975 0.4339838 0.6030427 0.4339838 0.6066493 0.2770268 0.6066493 0.4339838 0.6030427 0.2770268 0.6066493 0.2770268 0.6030427 0.7571448 0.5574988 0.7571448 0.5944033 0.6794312 0.5944033 0.7571448 0.5574988 0.6794312 0.5944033 0.6794312 0.5574988 0.394619 0.578462 0.3626558 0.5768879 0.3946204 0.5769154 0.3626545 0.5784345 0.3626558 0.5768879 0.394619 0.578462 0.3291447 0.576859 0.3611078 0.5784332 0.3291434 0.5784057 0.3611091 0.5768865 0.3611078 0.5784332 0.3291447 0.576859 0.3626833 0.5449233 0.3611091 0.5768865 0.3611367 0.5449221 0.3626558 0.5768879 0.3611091 0.5768865 0.3626833 0.5449233 0.3626558 0.5768879 0.3611078 0.5784332 0.3611091 0.5768865 0.3626545 0.5784345 0.3611078 0.5784332 0.3626558 0.5768879 0.3626545 0.5784345 0.3610804 0.6103977 0.3611078 0.5784332 0.362627 0.610399 0.3610804 0.6103977 0.3626545 0.5784345 0.3291394 0.5784071 0.3291407 0.5768605 0.3611052 0.576888 0.3611039 0.5784347 0.3291394 0.5784071 0.3611052 0.576888 0.3946164 0.5769168 0.3946151 0.5784634 0.3626506 0.578436 0.3626519 0.5768893 0.3946164 0.5769168 0.3626506 0.578436 0.3611328 0.5449235 0.3626794 0.5449248 0.3626519 0.5768893 0.3611052 0.576888 0.3611328 0.5449235 0.3626519 0.5768893 0.3611052 0.576888 0.3626519 0.5768893 0.3626506 0.578436 0.3611039 0.5784347 0.3611052 0.576888 0.3626506 0.578436 0.3611039 0.5784347 0.3626506 0.578436 0.3626231 0.6104005 0.3610764 0.6103992 0.3611039 0.5784347 0.3626231 0.6104005</float_array>
          <technique_common>
            <accessor source="#submarine_Mesh_002-mesh-map-0-array" count="1818" stride="2">
              <param name="S" type="float"/>
              <param name="T" type="float"/>
            </accessor>
          </technique_common>
        </source>
        <vertices id="submarine_Mesh_002-mesh-vertices">
          <input semantic="POSITION" source="#submarine_Mesh_002-mesh-positions"/>
        </vertices>
        <triangles material="grass_rock-material" count="606">
          <input semantic="VERTEX" source="#submarine_Mesh_002-mesh-vertices" offset="0"/>
          <input semantic="NORMAL" source="#submarine_Mesh_002-mesh-normals" offset="1"/>
          <input semantic="TEXCOORD" source="#submarine_Mesh_002-mesh-map-0" offset="2" set="0"/>
          <p>4 0 0 0 1 1 11 2 2 2 3 3 10 4 4 1 5 5 5 6 6 9 7 7 13 8 8 15 9 9 12 10 10 6 11 11 8 12 12 3 13 13 17 14 14 14 15 15 7 16 16 16 17 17 29 18 18 19 19 19 23 20 20 18 21 21 28 22 22 21 23 23 30 24 24 24 25 25 22 26 26 25 27 27 31 28 28 32 29 29 35 30 30 20 31 31 26 32 32 34 33 33 27 34 34 33 35 35 47 36 36 37 37 37 39 38 38 53 39 39 41 40 40 43 41 41 51 42 42 42 43 43 38 44 44 46 45 45 52 46 46 36 47 47 59 48 48 54 49 49 55 50 50 65 51 51 57 52 52 62 53 53 58 54 54 56 55 55 63 56 56 67 57 57 61 58 58 66 59 59 64 60 60 60 61 61 69 62 62 247 63 63 244 64 64 70 65 65 68 66 66 243 67 67 245 68 68 246 69 69 71 70 70 248 71 71 250 72 72 75 73 73 95 74 74 252 75 75 76 76 76 249 77 77 105 78 78 84 79 79 98 80 80 91 81 81 83 82 82 108 83 83 251 84 84 96 85 85 254 86 86 92 87 87 111 88 88 255 89 89 116 90 90 101 91 91 256 92 92 106 93 93 102 94 94 114 95 95 94 96 96 72 97 97 122 98 98 120 99 99 124 100 100 74 101 101 87 102 102 103 103 103 118 104 104 126 105 105 119 106 106 107 107 107 123 108 108 113 109 109 93 110 110 109 111 111 112 112 112 125 113 113 110 114 114 104 115 115 115 116 116 258 117 117 130 118 118 142 119 119 259 120 120 139 121 121 262 122 122 150 123 123 135 124 124 146 125 125 127 126 126 136 127 127 143 128 128 140 129 129 133 130 130 153 131 131 263 132 132 138 133 133 78 134 134 264 135 135 77 136 136 253 137 137 152 138 138 148 139 139 80 140 140 151 141 141 86 142 142 90 143 143 73 144 144 137 145 145 121 146 146 149 147 147 89 148 148 141 149 149 117 150 150 144 151 151 88 152 152 268 153 153 266 154 154 44 155 155 269 156 156 40 157 157 49 158 158 265 159 159 270 160 160 50 161 161 267 162 162 48 163 163 45 164 164 167 165 165 157 166 166 272 167 167 273 168 168 156 169 169 275 170 170 100 171 171 81 172 172 176 173 173 174 174 174 82 175 175 161 176 176 277 177 177 166 178 178 271 179 179 276 180 180 280 181 181 170 182 182 257 183 183 99 184 184 283 185 185 284 186 186 97 187 187 175 188 188 187 189 189 160 190 190 168 191 191 158 192 192 183 193 193 179 194 194 181 195 195 177 196 196 165 197 197 172 198 198 180 199 199 184 200 200 169 201 201 279 202 202 186 203 203 185 204 204 278 205 205 171 206 206 282 207 207 173 208 208 281 209 209 194 210 210 129 211 211 261 212 212 286 213 213 191 214 214 260 215 215 147 216 216 132 217 217 197 218 218 192 219 219 131 220 220 128 221 221 196 222 222 134 223 223 193 224 224 154 225 225 190 226 226 287 227 227 274 228 228 155 229 229 285 230 230 85 231 231 145 232 232 198 233 233 162 234 234 79 235 235 199 236 236 178 237 237 195 238 238 159 239 239 188 240 240 163 241 241 200 242 242 164 243 243 189 244 244 182 245 245 224 246 246 220 247 247 211 248 248 201 249 249 212 250 250 222 251 251 204 252 252 223 253 253 215 254 254 229 255 255 218 256 256 219 257 257 226 258 258 206 259 259 227 260 260 214 261 261 230 262 262 209 263 263 228 264 264 221 265 265 225 266 266 207 267 267 234 268 268 238 269 269 232 270 270 205 271 271 203 272 272 216 273 273 231 274 274 202 275 275 235 276 276 213 277 277 242 278 278 241 279 279 210 280 280 236 281 281 208 282 282 239 283 283 217 284 284 237 285 285 233 286 286 240 287 287 306 288 288 292 289 289 295 290 290 293 291 291 305 292 292 288 293 293 290 294 294 296 295 295 294 296 296 297 297 297 291 298 298 310 299 299 307 300 300 301 301 301 298 302 302 302 303 303 311 304 304 299 305 305 289 306 306 303 307 307 309 308 308 300 309 309 308 310 310 304 311 311 312 312 312 367 313 313 315 314 314 365 315 315 313 316 316 368 317 317 318 318 318 369 319 319 321 320 320 371 321 321 317 322 322 366 323 323 319 324 324 375 325 325 372 326 326 374 327 327 322 328 328 370 329 329 373 330 330 376 331 331 320 332 332 316 333 333 377 334 334 314 335 335 328 336 336 331 337 337 323 338 338 325 339 339 329 340 340 327 341 341 333 342 342 338 343 343 344 344 344 342 345 345 324 346 346 332 347 347 339 348 348 345 349 349 347 350 350 348 351 351 343 352 352 337 353 353 346 354 354 341 355 355 355 356 356 336 357 357 334 358 358 352 359 359 351 360 360 354 361 361 340 362 362 335 363 363 326 364 364 350 365 365 349 366 366 353 367 367 330 368 368 357 369 369 381 370 370 378 371 371 380 372 372 386 373 373 359 374 374 382 375 375 379 376 376 390 377 377 389 378 378 362 379 379 384 380 380 361 381 381 388 382 382 392 383 383 391 384 384 394 385 385 363 386 386 398 387 387 395 388 388 356 389 389 358 390 390 387 391 391 396 392 392 400 393 393 397 394 394 385 395 395 383 396 396 364 397 397 401 398 398 393 399 399 399 400 400 360 401 401 403 402 402 413 403 403 415 404 404 404 405 405 418 406 406 421 407 407 407 408 408 423 409 409 425 410 410 408 411 411 427 412 412 428 413 413 906 414 414 902 415 415 429 416 416 909 417 417 432 418 418 437 419 419 910 420 420 434 421 421 441 422 422 907 423 423 443 424 424 444 425 425 905 426 426 445 427 427 452 428 428 908 429 429 450 430 430 456 431 431 402 432 432 912 433 433 460 434 434 405 435 435 457 436 436 465 437 437 409 438 438 464 439 439 468 440 440 406 441 441 470 442 442 411 443 443 414 444 444 476 445 445 481 446 446 412 447 447 477 448 448 416 449 449 419 450 450 480 451 451 485 452 452 417 453 453 488 454 454 424 455 455 422 456 456 483 457 457 491 458 458 420 459 459 489 460 460 426 461 461 916 462 462 913 463 463 492 464 464 917 465 465 494 466 466 918 467 467 904 468 468 921 469 469 498 470 470 903 471 471 497 472 472 430 473 473 431 474 474 495 475 475 503 476 476 433 477 477 501 478 478 435 479 479 436 480 480 504 481 481 512 482 482 438 483 483 510 484 484 439 485 485 440 486 486 511 487 487 514 488 488 442 489 489 513 490 490 448 491 491 447 492 492 518 493 493 519 494 494 446 495 495 524 496 496 453 497 497 451 498 498 523 499 499 526 500 500 449 501 501 525 502 502 455 503 503 911 504 504 924 505 505 531 506 506 454 507 507 926 508 508 925 509 509 458 510 510 530 511 511 533 512 512 459 513 513 534 514 514 463 515 515 462 516 516 537 517 517 544 518 518 461 519 519 542 520 520 469 521 521 467 522 522 539 523 523 472 524 524 466 525 525 471 526 526 410 527 527 475 528 528 550 529 529 555 530 530 473 531 531 553 532 532 478 533 533 482 534 534 556 535 535 559 536 536 479 537 537 557 538 538 487 539 539 486 540 540 561 541 541 565 542 542 484 543 543 564 544 544 490 545 545 914 546 546 928 547 547 567 548 548 915 549 549 566 550 550 493 551 551 920 552 552 930 553 553 572 554 554 919 555 555 569 556 556 499 557 557 496 558 558 571 559 559 575 560 560 500 561 561 578 562 562 505 563 563 506 564 564 580 565 565 585 566 566 502 567 567 581 568 568 509 569 569 507 570 570 584 571 571 589 572 572 508 573 573 591 574 574 516 575 575 517 576 576 587 577 577 594 578 578 515 579 579 597 580 580 522 581 581 521 582 582 595 583 583 599 584 584 520 585 585 601 586 586 527 587 587 922 588 588 933 589 589 602 590 590 923 591 591 604 592 592 528 593 593 532 594 594 605 595 595 610 596 596 529 597 597 611 598 598 536 599 599 538 600 600 607 601 601 613 602 602 535 603 603 616 604 604 543 605 605 540 606 606 617 607 607 546 608 608 541 609 609 547 610 610 474 611 611 549 612 612 622 613 613 625 614 614 545 615 615 626 616 616 551 617 617 554 618 618 629 619 619 633 620 620 552 621 621 635 622 622 558 623 623 562 624 624 636 625 625 639 626 626 560 627 627 637 628 628 563 629 629 927 630 630 936 631 631 642 632 632 929 633 633 641 634 634 568 635 635 931 636 636 938 637 637 644 638 638 932 639 639 648 640 640 573 641 641 570 642 642 645 643 643 651 644 644 574 645 645 654 646 646 579 647 647 576 648 648 652 649 649 655 650 650 577 651 651 659 652 652 582 653 653 583 654 654 658 655 655 663 656 656 586 657 657 661 658 658 588 659 659 592 660 660 664 661 661 671 662 662 590 663 663 672 664 664 593 665 665 598 666 666 668 667 667 673 668 668 596 669 669 674 670 670 600 671 671 860 672 672 863 673 673 865 674 674 861 675 675 864 676 676 862 677 677 606 678 678 676 679 679 681 680 680 603 681 681 683 682 682 609 683 683 608 684 684 684 685 685 689 686 686 612 687 687 688 688 688 618 689 689 614 690 690 687 691 691 619 692 692 615 693 693 620 694 694 548 695 695 621 696 696 694 697 697 701 698 698 623 699 699 700 700 700 630 701 701 628 702 702 703 703 703 704 704 704 627 705 705 707 706 706 634 707 707 632 708 708 708 709 709 712 710 710 631 711 711 711 712 712 638 713 713 935 714 714 940 715 715 715 716 716 934 717 717 713 718 718 640 719 719 939 720 720 943 721 721 719 722 722 937 723 723 717 724 724 646 725 725 643 726 726 721 727 727 723 728 728 647 729 729 724 730 730 653 731 731 650 732 732 727 733 733 728 734 734 649 735 735 733 736 736 660 737 737 656 738 738 732 739 739 737 740 740 657 741 741 736 742 742 662 743 743 666 744 744 739 745 745 745 746 746 665 747 747 743 748 748 670 749 749 667 750 750 742 751 751 747 752 752 669 753 753 748 754 754 675 755 755 949 756 756 946 757 757 751 758 758 950 759 759 753 760 760 677 761 761 679 762 762 749 763 763 756 764 764 678 765 765 757 766 766 685 767 767 682 768 768 758 769 769 763 770 770 680 771 771 762 772 772 690 773 773 691 774 774 761 775 775 695 776 776 686 777 777 697 778 778 624 779 779 693 780 780 767 781 781 773 782 782 692 783 783 775 784 784 698 785 785 699 786 786 772 787 787 777 788 788 702 789 789 778 790 790 706 791 791 705 792 792 780 793 793 784 794 794 709 795 795 782 796 796 710 797 797 941 798 798 951 799 799 785 800 800 942 801 801 786 802 802 714 803 803 945 804 804 952 805 805 787 806 806 944 807 807 791 808 808 720 809 809 718 810 810 789 811 811 796 812 812 716 813 813 792 814 814 722 815 815 726 816 816 795 817 817 797 818 818 725 819 819 798 820 820 729 821 821 731 822 822 799 823 823 802 824 824 730 825 825 803 826 826 738 827 827 734 828 828 804 829 829 808 830 830 735 831 831 807 832 832 744 833 833 740 834 834 809 835 835 815 836 836 741 837 837 814 838 838 746 839 839 947 840 840 954 841 841 819 842 842 948 843 843 817 844 844 754 845 845 750 846 846 818 847 847 822 848 848 752 849 849 821 850 850 760 851 851 755 852 852 823 853 853 825 854 854 759 855 855 826 856 856 765 857 857 764 858 858 829 859 859 770 860 860 766 861 861 769 862 862 696 863 863 833 864 864 776 865 865 768 866 866 831 867 867 779 868 868 774 869 869 835 870 870 783 871 871 781 872 872 957 873 873 956 874 874 955 875 875 958 876 876 788 877 877 953 878 878 963 879 879 794 880 880 790 881 881 960 882 882 801 883 883 793 884 884 962 885 885 806 886 886 800 887 887 959 888 888 810 889 889 805 890 890 964 891 891 813 892 892 811 893 893 961 894 894 965 895 895 812 896 896 830 897 897 824 898 898 816 899 899 834 900 900 828 901 901 820 902 902 832 903 903 771 904 904 827 905 905 968 906 906 966 907 907 838 908 908 836 909 909 839 910 910 967 911 911 971 912 912 969 913 913 844 914 914 843 915 915 974 916 916 970 917 917 977 918 918 975 919 919 847 920 920 845 921 921 978 922 922 976 923 923 985 924 924 984 925 925 981 926 926 982 927 927 989 928 928 986 929 929 972 930 930 842 931 931 856 932 932 855 933 933 849 934 934 973 935 935 979 936 936 846 937 937 859 938 938 857 939 939 992 940 940 980 941 941 987 942 942 983 943 943 851 944 944 852 945 945 994 946 946 988 947 947 841 948 948 837 949 949 998 950 950 997 951 951 1000 952 952 840 953 953 848 954 954 854 955 955 1002 956 956 1003 957 957 1004 958 958 850 959 959 990 960 960 858 961 961 1005 962 962 1006 963 963 1007 964 964 991 965 965 993 966 966 853 967 967 1009 968 968 1008 969 969 1010 970 970 995 971 971 1001 972 972 996 973 973 1011 974 974 1012 975 975 1013 976 976 999 977 977 866 978 978 868 979 979 880 980 980 867 981 981 881 982 982 879 983 983 1015 984 984 869 985 985 883 986 986 1014 987 987 882 988 988 1016 989 989 1018 990 990 870 990 991 885 990 992 1017 991 993 884 991 994 1019 991 995 1021 992 996 871 993 997 887 994 998 1020 995 999 886 996 1000 1022 997 1001 1024 998 1002 872 998 1003 889 998 1004 1023 999 1005 888 1000 1006 1025 1001 1007 1027 1002 1008 873 1003 1009 891 1004 1010 1026 1005 1011 890 1006 1012 1028 1007 1013 1030 1008 1014 874 1008 1015 893 1008 1016 1029 1009 1017 892 1009 1018 1031 1009 1019 1032 1010 1020 875 1010 1021 894 1010 1022 1033 1011 1023 895 1012 1024 1034 1013 1025 1035 1014 1026 876 1015 1027 896 1016 1028 1036 1017 1029 897 1018 1030 1037 1019 1031 1038 1020 1032 877 1020 1033 898 1020 1034 1039 1021 1035 899 1022 1036 1040 1023 1037 1042 1024 1038 878 1025 1039 901 1026 1040 1041 1027 1041 900 1028 1042 1043 1029 1043 1048 1030 1044 1046 1031 1045 1045 1032 1046 1047 1033 1047 1044 1034 1048 1049 1035 1049 1057 1036 1050 1054 1037 1051 1050 1038 1052 1058 1039 1053 1051 1040 1054 1056 1041 1055 1067 1042 1056 1065 1042 1057 1062 1042 1058 1071 1043 1059 1065 1043 1060 1067 1043 1061 1073 1044 1062 1068 1045 1063 1072 1046 1064 1053 1047 1065 1070 1048 1066 1074 1049 1067 1052 1050 1068 1063 1051 1069 1069 1052 1070 1061 1053 1071 1066 1053 1072 1055 1053 1073 1059 1054 1074 1075 1055 1075 1064 1056 1076 1077 1057 1077 1076 1057 1078 1060 1057 1079 1084 1058 1080 1083 1059 1081 1082 1060 1082 1087 1061 1083 1084 1062 1084 1081 1063 1085 1095 1064 1086 1094 1065 1087 1092 1066 1088 1100 1067 1089 1096 1068 1090 1091 1069 1091 1102 1070 1092 1101 1071 1093 1098 1072 1094 1080 1073 1095 1103 1074 1096 1099 1075 1097 1078 1076 1098 1097 1077 1099 1089 1078 1100 1088 1079 1101 1079 1080 1102 1093 1081 1103 1085 1082 1104 1090 1083 1105 1104 1084 1106 1106 1085 1107 1086 1086 1108 1105 1087 1109 1108 402 1110 1118 403 1111 1120 404 1112 1109 405 1113 1123 406 1114 1126 407 1115 1112 408 1116 1128 409 1117 1130 410 1118 1113 411 1119 1132 412 1120 1133 413 1121 1611 414 1122 1607 415 1123 1134 416 1124 1614 417 1125 1137 418 1126 1142 419 1127 1615 420 1128 1139 421 1129 1146 422 1130 1612 423 1131 1148 424 1132 1149 425 1133 1610 426 1134 1150 427 1135 1157 428 1136 1613 429 1137 1155 430 1138 1161 431 1139 1107 432 1140 1617 433 1141 1165 434 1142 1110 435 1143 1162 436 1144 1170 437 1145 1114 438 1146 1169 439 1147 1173 440 1148 1111 441 1149 1175 442 1150 1116 443 1151 1119 444 1152 1181 445 1153 1186 446 1154 1117 447 1155 1182 448 1156 1121 449 1157 1124 450 1158 1185 451 1159 1190 452 1160 1122 453 1161 1193 454 1162 1129 455 1163 1127 456 1164 1188 457 1165 1196 458 1166 1125 459 1167 1194 460 1168 1131 461 1169 1621 462 1170 1618 463 1171 1197 464 1172 1622 465 1173 1199 466 1174 1623 467 1175 1609 468 1176 1626 469 1177 1203 470 1178 1608 471 1179 1202 472 1180 1135 473 1181 1136 474 1182 1200 475 1183 1208 476 1184 1138 477 1185 1206 478 1186 1140 479 1187 1141 480 1188 1209 481 1189 1217 482 1190 1143 483 1191 1215 484 1192 1144 485 1193 1145 486 1194 1216 487 1195 1219 488 1196 1147 489 1197 1218 490 1198 1153 491 1199 1152 492 1200 1223 493 1201 1224 494 1202 1151 495 1203 1229 496 1204 1158 497 1205 1156 498 1206 1228 499 1207 1231 500 1208 1154 501 1209 1230 502 1210 1160 503 1211 1616 504 1212 1629 505 1213 1236 506 1214 1159 507 1215 1631 508 1216 1630 509 1217 1163 510 1218 1235 511 1219 1238 512 1220 1164 513 1221 1239 514 1222 1168 515 1223 1167 516 1224 1242 517 1225 1249 518 1226 1166 519 1227 1247 520 1228 1174 521 1229 1172 522 1230 1244 523 1231 1177 524 1232 1171 525 1233 1176 526 1234 1115 527 1235 1180 528 1236 1255 529 1237 1260 530 1238 1178 531 1239 1258 532 1240 1183 533 1241 1187 534 1242 1261 535 1243 1264 536 1244 1184 537 1245 1262 538 1246 1192 539 1247 1191 540 1248 1266 541 1249 1270 542 1250 1189 543 1251 1269 544 1252 1195 545 1253 1619 546 1254 1633 547 1255 1272 548 1256 1620 549 1257 1271 550 1258 1198 551 1259 1625 552 1260 1635 553 1261 1277 554 1262 1624 555 1263 1274 556 1264 1204 557 1265 1201 558 1266 1276 559 1267 1280 560 1268 1205 561 1269 1283 562 1270 1210 563 1271 1211 564 1272 1285 565 1273 1290 566 1274 1207 567 1275 1286 568 1276 1214 569 1277 1212 570 1278 1289 571 1279 1294 572 1280 1213 573 1281 1296 574 1282 1221 575 1283 1222 576 1284 1292 577 1285 1299 578 1286 1220 579 1287 1302 580 1288 1227 581 1289 1226 582 1290 1300 583 1291 1304 584 1292 1225 585 1293 1306 586 1294 1232 587 1295 1627 588 1296 1638 589 1297 1307 590 1298 1628 591 1299 1309 592 1300 1233 593 1301 1237 594 1302 1310 595 1303 1315 596 1304 1234 597 1305 1316 598 1306 1241 599 1307 1243 600 1308 1312 601 1309 1318 602 1310 1240 603 1311 1321 604 1312 1248 605 1313 1245 606 1314 1322 607 1315 1251 608 1316 1246 609 1317 1252 610 1318 1179 611 1319 1254 612 1320 1327 613 1321 1330 614 1322 1250 615 1323 1331 616 1324 1256 617 1325 1259 618 1326 1334 619 1327 1338 620 1328 1257 621 1329 1340 622 1330 1263 623 1331 1267 624 1332 1341 625 1333 1344 626 1334 1265 627 1335 1342 628 1336 1268 629 1337 1632 630 1338 1641 631 1339 1347 632 1340 1634 633 1341 1346 634 1342 1273 635 1343 1636 636 1344 1643 637 1345 1349 638 1346 1637 639 1347 1353 640 1348 1278 641 1349 1275 642 1350 1350 643 1351 1356 644 1352 1279 645 1353 1359 646 1354 1284 647 1355 1281 648 1356 1357 649 1357 1360 650 1358 1282 651 1359 1364 652 1360 1287 653 1361 1288 654 1362 1363 655 1363 1368 656 1364 1291 657 1365 1366 658 1366 1293 659 1367 1297 660 1368 1369 661 1369 1376 662 1370 1295 663 1371 1377 664 1372 1298 665 1373 1303 666 1374 1373 667 1375 1378 668 1376 1301 669 1377 1379 670 1378 1305 671 1379 1565 672 1380 1568 673 1381 1570 674 1382 1566 675 1383 1569 676 1384 1567 677 1385 1311 678 1386 1381 679 1387 1386 680 1388 1308 681 1389 1388 682 1390 1314 683 1391 1313 684 1392 1389 685 1393 1394 686 1394 1317 687 1395 1393 688 1396 1323 689 1397 1319 690 1398 1392 691 1399 1324 692 1400 1320 693 1401 1325 694 1402 1253 695 1403 1326 696 1404 1399 697 1405 1406 698 1406 1328 699 1407 1405 700 1408 1335 701 1409 1333 702 1410 1408 703 1411 1409 704 1412 1332 705 1413 1412 706 1414 1339 707 1415 1337 708 1416 1413 709 1417 1417 710 1418 1336 711 1419 1416 712 1420 1343 713 1421 1640 714 1422 1645 715 1423 1420 716 1424 1639 717 1425 1418 718 1426 1345 719 1427 1644 720 1428 1648 721 1429 1424 722 1430 1642 723 1431 1422 724 1432 1351 725 1433 1348 726 1434 1426 727 1435 1428 728 1436 1352 729 1437 1429 730 1438 1358 731 1439 1355 732 1440 1432 733 1441 1433 734 1442 1354 735 1443 1438 736 1444 1365 737 1445 1361 738 1446 1437 739 1447 1442 740 1448 1362 741 1449 1441 742 1450 1367 743 1451 1371 744 1452 1444 745 1453 1450 746 1454 1370 747 1455 1448 748 1456 1375 749 1457 1372 750 1458 1447 751 1459 1452 752 1460 1374 753 1461 1453 754 1462 1380 755 1463 1654 756 1464 1651 757 1465 1456 758 1466 1655 759 1467 1458 760 1468 1382 761 1469 1384 762 1470 1454 763 1471 1461 764 1472 1383 765 1473 1462 766 1474 1390 767 1475 1387 768 1476 1463 769 1477 1468 770 1478 1385 771 1479 1467 772 1480 1395 773 1481 1396 774 1482 1466 775 1483 1400 776 1484 1391 777 1485 1402 778 1486 1329 779 1487 1398 780 1488 1472 781 1489 1478 782 1490 1397 783 1491 1480 784 1492 1403 785 1493 1404 786 1494 1477 787 1495 1482 788 1496 1407 789 1497 1483 790 1498 1411 791 1499 1410 792 1500 1485 793 1501 1489 794 1502 1414 795 1503 1487 796 1504 1415 797 1505 1646 798 1506 1656 799 1507 1490 800 1508 1647 801 1509 1491 802 1510 1419 803 1511 1650 804 1512 1657 805 1513 1492 806 1514 1649 807 1515 1496 808 1516 1425 809 1517 1423 810 1518 1494 811 1519 1501 812 1520 1421 813 1521 1497 814 1522 1427 815 1523 1431 816 1524 1500 817 1525 1502 818 1526 1430 819 1527 1503 820 1528 1434 821 1529 1436 822 1530 1504 823 1531 1507 824 1532 1435 825 1533 1508 826 1534 1443 827 1535 1439 828 1536 1509 829 1537 1513 830 1538 1440 831 1539 1512 832 1540 1449 833 1541 1445 834 1542 1514 835 1543 1520 836 1544 1446 837 1545 1519 838 1546 1451 839 1547 1652 840 1548 1659 841 1549 1524 842 1550 1653 843 1551 1522 844 1552 1459 845 1553 1455 846 1554 1523 847 1555 1527 848 1556 1457 849 1557 1526 850 1558 1465 851 1559 1460 852 1560 1528 853 1561 1530 854 1562 1464 855 1563 1531 856 1564 1470 857 1565 1469 858 1566 1534 859 1567 1475 860 1568 1471 861 1569 1474 862 1570 1401 863 1571 1538 864 1572 1481 865 1573 1473 866 1574 1536 867 1575 1484 868 1576 1479 869 1577 1540 870 1578 1488 871 1579 1486 872 1580 1662 873 1581 1661 874 1582 1660 875 1583 1663 876 1584 1493 877 1585 1658 878 1586 1668 879 1587 1499 880 1588 1495 881 1589 1665 882 1590 1506 883 1591 1498 884 1592 1667 885 1593 1511 886 1594 1505 887 1595 1664 888 1596 1515 889 1597 1510 890 1598 1669 891 1599 1518 892 1600 1516 893 1601 1666 894 1602 1670 895 1603 1517 896 1604 1535 897 1605 1529 898 1606 1521 899 1607 1539 900 1608 1533 901 1609 1525 902 1610 1537 903 1611 1476 904 1612 1532 905 1613 1673 906 1614 1671 907 1615 1543 908 1616 1541 909 1617 1544 910 1618 1672 911 1619 1676 912 1620 1674 913 1621 1549 914 1622 1548 915 1623 1679 916 1624 1675 917 1625 1682 918 1626 1680 919 1627 1552 920 1628 1550 921 1629 1683 922 1630 1681 923 1631 1690 924 1632 1689 925 1633 1686 926 1634 1687 927 1635 1694 928 1636 1691 929 1637 1677 930 1638 1547 931 1639 1560 1088 1640 1561 933 1641 1554 934 1642 1678 935 1643 1684 936 1644 1551 937 1645 1564 938 1646 1562 939 1647 1697 1089 1648 1685 941 1649 1692 942 1650 1688 943 1651 1556 944 1652 1557 945 1653 1699 946 1654 1693 947 1655 1546 948 1656 1542 949 1657 1703 950 1658 1702 951 1659 1705 952 1660 1545 953 1661 1553 954 1662 1559 955 1663 1707 956 1664 1708 957 1665 1709 958 1666 1555 959 1667 1695 960 1668 1563 961 1669 1710 962 1670 1711 963 1671 1712 964 1672 1696 965 1673 1698 966 1674 1558 967 1675 1714 968 1676 1713 969 1677 1715 970 1678 1700 971 1679 1706 972 1680 1701 973 1681 1716 974 1682 1717 975 1683 1718 976 1684 1704 977 1685 1571 978 1686 1573 979 1687 1585 980 1688 1572 981 1689 1586 982 1690 1584 983 1691 1720 984 1692 1574 985 1693 1588 986 1694 1719 987 1695 1587 988 1696 1721 989 1697 1723 990 1698 1575 990 1699 1590 990 1700 1722 991 1701 1589 991 1702 1724 991 1703 1726 992 1704 1576 993 1705 1592 994 1706 1725 995 1707 1591 996 1708 1727 997 1709 1729 998 1710 1577 998 1711 1594 998 1712 1728 999 1713 1593 1000 1714 1730 1001 1715 1732 1090 1716 1578 1091 1717 1596 1092 1718 1731 1093 1719 1595 1094 1720 1733 1095 1721 1735 1008 1722 1579 1008 1723 1598 1008 1724 1734 1009 1725 1597 1009 1726 1736 1009 1727 1737 1010 1728 1580 1010 1729 1599 1010 1730 1738 1011 1731 1600 1012 1732 1739 1013 1733 1740 1014 1734 1581 1015 1735 1601 1016 1736 1741 1017 1737 1602 1018 1738 1742 1019 1739 1743 1020 1740 1582 1020 1741 1603 1020 1742 1744 1021 1743 1604 1022 1744 1745 1023 1745 1747 1024 1746 1583 1025 1747 1606 1026 1748 1746 1027 1749 1605 1028 1750 1748 1029 1751 1753 1030 1752 1751 1031 1753 1750 1032 1754 1752 1033 1755 1749 1034 1756 1754 1035 1757 1762 1036 1758 1759 1037 1759 1755 1038 1760 1763 1039 1761 1756 1040 1762 1761 1041 1763 1772 1042 1764 1770 1042 1765 1767 1042 1766 1776 1043 1767 1770 1043 1768 1772 1043 1769 1778 1044 1770 1773 1045 1771 1777 1046 1772 1758 1047 1773 1775 1048 1774 1779 1049 1775 1757 1050 1776 1768 1051 1777 1774 1052 1778 1766 1053 1779 1771 1053 1780 1760 1053 1781 1764 1054 1782 1780 1055 1783 1769 1056 1784 1782 1057 1785 1781 1057 1786 1765 1057 1787 1789 1058 1788 1788 1059 1789 1787 1060 1790 1792 1061 1791 1789 1062 1792 1786 1063 1793 1800 1064 1794 1799 1065 1795 1797 1066 1796 1805 1067 1797 1801 1068 1798 1796 1069 1799 1807 1070 1800 1806 1071 1801 1803 1072 1802 1785 1073 1803 1808 1074 1804 1804 1075 1805 1783 1076 1806 1802 1077 1807 1794 1078 1808 1793 1079 1809 1784 1080 1810 1798 1081 1811 1790 1082 1812 1795 1083 1813 1809 1084 1814 1811 1085 1815 1791 1086 1816 1810 1087 1817</p>
        </triangles>
      </mesh>
    </geometry>
  </library_geometries>
  <library_controllers>
    <controller id="balloon_dread_Skin_Phoenix-skin" name="balloon_dread_Skin">
      <skin source="#submarine_Mesh_002-mesh">
        <bind_shape_matrix>1 0 0 0 0 1 0 0 0 0 1 0 0 0 0 1</bind_shape_matrix>
        <source id="balloon_dread_Skin_Phoenix-skin-joints">
          <Name_array id="balloon_dread_Skin_Phoenix-skin-joints-array" count="7">Root Dummy02 ammo_node_0 pivot_node_0 pivot_node_1 pivot_node_2 pivot_node_3</Name_array>
          <technique_common>
            <accessor source="#balloon_dread_Skin_Phoenix-skin-joints-array" count="7" stride="1">
              <param name="JOINT" type="name"/>
            </accessor>
          </technique_common>
        </source>
        <source id="balloon_dread_Skin_Phoenix-skin-bind_poses">
          <float_array id="balloon_dread_Skin_Phoenix-skin-bind_poses-array" count="112">1 0 1.50996e-7 -0.6400311 0 -1 0 0.008515894 1.50996e-7 0 -1 -0.001969397 0 0 0 1 1 0 0 -0.6400311 0 -1 0 -13.21571 0 0 -1 -0.001969337 0 0 0 1 1 0 0 -0.6400287 0 -1 0 -3.388558 0 0 -1 -27.72859 0 0 0 1 1 0 0 -50.1151 0 -1 0 1.001679 0 0 -1 9.21627 0 0 0 1 1 0 0 -62.51968 0 -1 0 -28.44034 0 0 -1 9.196036 0 0 0 1 1 0 0 50.27766 0 -1 0 1.05803 0 0 -1 9.210126 0 0 0 1 1 0 0 58.3986 0 -1 0 -28.76929 0 0 -1 9.27397 0 0 0 1</float_array>
          <technique_common>
            <accessor source="#balloon_dread_Skin_Phoenix-skin-bind_poses-array" count="7" stride="16">
              <param name="TRANSFORM" type="float4x4"/>
            </accessor>
          </technique_common>
        </source>
        <source id="balloon_dread_Skin_Phoenix-skin-weights">
          <float_array id="balloon_dread_Skin_Phoenix-skin-weights-array" count="1812">1 1 1 1 1 1 1 1 1 1 1 1 1 1 1 1 1 1 1 1 1 1 1 1 1 1 1 1 1 1 1 1 1 1 1 1 1 1 1 1 1 1 1 1 1 1 1 1 1 1 1 1 1 1 1 1 1 1 1 1 1 1 1 1 1 1 1 1 1 1 1 1 1 1 1 1 1 1 1 1 1 1 1 1 1 1 1 1 1 1 1 1 1 1 1 1 1 1 1 1 1 1 1 1 1 1 1 1 1 1 1 1 1 1 1 1 1 1 1 1 1 1 1 1 1 1 1 1 1 1 1 1 1 1 1 1 1 1 1 1 1 1 1 1 1 1 1 1 1 1 1 1 1 1 1 1 1 1 1 1 1 1 1 1 1 1 1 1 1 1 1 1 1 1 1 1 1 1 1 1 1 1 1 1 1 1 1 1 1 1 1 1 1 1 1 1 1 1 1 1 1 1 1 1 1 1 1 1 1 1 1 1 1 1 1 1 1 1 1 1 1 1 1 1 1 1 1 1 1 1 1 1 1 1 1 1 1 1 1 1 1 1 1 1 1 1 1 1 1 1 1 1 1 1 1 1 1 1 1 1 1 1 1 1 1 1 1 1 1 1 1 1 1 1 1 1 1 1 1 1 1 1 1 1 1 1 1 1 1 1 1 1 1 1 1 1 1 1 1 1 1 1 1 1 1 1 1 1 1 1 1 1 1 1 1 1 1 1 1 1 1 1 1 1 1 1 1 1 1 1 1 1 1 1 1 1 1 1 1 1 1 1 1 1 1 1 1 1 1 1 1 1 1 1 1 1 1 1 1 1 1 1 1 1 1 1 1 1 1 1 1 1 1 1 1 1 1 1 1 1 1 1 1 1 1 1 1 1 1 1 1 1 1 1 1 1 1 1 1 1 1 1 1 1 1 1 1 1 1 1 1 1 1 1 1 1 1 1 1 1 1 1 1 1 1 1 1 1 1 1 1 1 1 1 1 1 1 1 1 1 1 1 1 1 1 1 1 1 1 1 1 1 1 1 1 1 1 1 1 1 1 1 1 1 1 1 1 1 1 1 1 1 1 1 1 1 1 1 1 1 1 1 1 1 1 1 1 1 1 1 1 1 1 1 1 1 1 1 1 1 1 1 1 1 1 1 1 1 1 1 1 1 1 1 1 1 1 1 1 1 1 1 1 1 1 1 1 1 1 1 1 1 1 1 1 1 1 1 1 1 1 1 1 1 1 1 1 1 1 1 1 1 1 1 1 1 1 1 1 1 1 1 1 1 1 1 1 1 1 1 1 1 1 1 1 1 1 1 1 1 1 1 1 1 1 1 1 1 1 1 1 1 1 1 1 1 1 1 1 1 1 1 1 1 1 1 1 1 1 1 1 1 1 1 1 1 1 1 1 1 1 1 1 1 1 1 1 1 1 1 1 1 1 1 1 1 1 1 1 1 1 1 1 1 1 1 1 1 1 1 1 1 1 1 1 1 1 1 1 1 1 1 1 1 1 1 1 1 1 1 1 1 1 1 1 1 1 1 1 1 1 1 1 1 1 1 1 1 1 1 1 1 1 1 1 1 1 1 1 1 1 1 1 1 1 1 1 1 1 1 1 1 1 1 1 1 1 1 1 1 1 1 1 1 1 1 1 1 1 1 1 1 1 1 1 1 1 1 1 1 1 1 1 1 1 1 1 1 1 1 1 1 1 1 1 1 1 1 1 1 1 1 1 1 1 1 1 1 1 1 1 1 1 1 1 1 1 1 1 1 1 1 1 1 1 1 1 1 1 1 1 1 1 1 1 1 1 1 1 1 1 1 1 1 1 1 1 1 1 1 1 1 1 1 1 1 1 1 1 1 1 1 1 1 1 1 1 1 1 1 1 1 1 1 1 1 1 1 1 1 1 1 1 1 1 1 1 1 1 1 1 1 1 1 1 1 1 1 1 1 1 1 1 1 1 1 1 1 1 1 1 1 1 1 1 1 1 1 1 1 1 1 1 1 1 1 1 1 1 1 1 1 1 1 1 1 1 1 1 1 1 1 1 1 1 1 1 1 1 1 1 1 1 1 1 1 1 1 1 1 1 1 1 1 1 1 1 1 1 1 1 1 1 1 1 1 1 1 1 1 1 1 1 1 1 1 1 1 1 1 1 1 1 1 1 1 1 1 1 1 1 1 1 1 1 1 1 1 1 1 1 1 1 1 1 1 1 1 1 1 1 1 1 1 1 1 1 1 1 1 1 1 1 1 1 1 1 1 1 1 1 1 1 1 1 1 1 1 1 1 1 1 1 1 1 1 1 1 1 1 1 1 1 1 1 1 1 1 1 1 1 1 1 1 1 1 1 1 1 1 1 1 1 1 1 1 1 1 1 1 1 1 1 1 1 1 1 1 1 1 1 1 1 1 1 1 1 1 1 1 1 1 1 1 1 1 1 1 1 1 1 1 1 1 1 1 1 1 1 1 1 1 1 1 1 1 1 1 1 1 1 1 1 1 1 1 1 1 1 1 1 1 1 1 1 1 1 1 1 1 1 1 1 1 1 1 1 1 1 1 1 1 1 1 1 1 1 1 1 1 1 1 1 1 1 1 1 1 1 1 1 1 1 1 1 1 1 1 1 1 1 1 1 1 1 1 1 1 1 1 1 1 1 1 1 1 1 1 1 1 1 1 1 1 1 1 1 1 1 1 1 1 1 1 1 1 1 1 1 1 1 1 1 1 1 1 1 1 1 1 1 1 1 1 1 1 1 1 1 1 1 1 1 1 1 1 1 1 1 1 1 1 1 1 1 1 1 1 1 1 1 1 1 1 1 1 1 1 1 1 1 1 1 1 1 1 1 1 1 1 1 1 1 1 1 1 1 1 1 1 1 1 1 1 1 1 1 1 1 1 1 1 1 1 1 1 1 1 1 1 1 1 1 1 1 1 1 1 1 1 1 1 1 1 1 1 1 1 1 1 1 1 1 1 1 1 1 1 1 1 1 1 1 1 1 1 1 1 1 1 1 1 1 1 1 1 1 1 1 1 1 1 1 1 1 1 1 1 1 1 1 1 1 1 1 1 1 1 1 1 1 1 1 1 1 1 1 1 1 1 1 1 1 1 1 1 1 1 1 1 1 1 1 1 1 1 1 1 1 1 1 1 1 1 1 1 1 1 1 1 1 1 1 1 1 1 1 1 1 1 1 1 1 1 1 1 1 1 1 1 1 1 1 1 1 1 1 1 1 1 1 1 1 1 1 1 1 1 1 1 1 1 1 1 1 1 1 1 1 1 1 1 1 1 1 1 1 1 1 1 1 1 1 1 1 1 1 1 1 1 1 1 1 1 1 1 1 1 1 1 1 1 1 1 1 1 1 1 1 1 1 1 1 1 1 1 1 1 1 1 1 1 1 1 1 1 1 1 1 1 1 1 1 1 1 1 1 1 1 1 1 1 1 1 1 1 1 1 1 1 1 1 1 1 1 1 1 1 1 1 1 1 1 1 1 1 1 1 1 1 1 1 1 1 1 1 1 1 1 1 1 1 1 1 1 1 1 1 1 1 1 1 1 1 1 1 1 1 1 1 1 1 1 1 1 1 1 1 1 1 1 1 1 1 1 1 1 1 1 1 1 1 1 1 1 1 1 1 1 1 1 1 1 1 1 1 1 1 1 1 1 1 1 1 1 1 1 1 1 1 1 1 1 1 1 1 1 1 1 1 1 1 1 1 1 1 1 1 1 1 1 1 1 1 1 1 1 1 1 1 1 1 1 1 1 1 1 1 1 1 1 1 1 1 1 1 1 1 1 1 1 1 1 1 1 1 1 1 1 1 1 1 1 1 1 1 1 1 1 1 1 1 1 1 1 1 1 1 1 1 1 1 1 1 1 1 1 1 1 1 1 1 1 1 1 1 1 1 1 1 1 1 1 1 1 1 1 1 1 1 1 1 1 1 1 1 1 1 1 1 1 1 1 1 1 1 1 1 1 1 1 1 1 1 1 1 1 1 1 1 1 1 1 1 1 1 1 1 1 1 1 1 1 1 1 1 1 1 1 1 1 1 1 1 1 1 1 1 1 1 1 1 1 1 1 1 1 1 1 1 1 1</float_array>
          <technique_common>
            <accessor source="#balloon_dread_Skin_Phoenix-skin-weights-array" count="1812" stride="1">
              <param name="WEIGHT" type="float"/>
            </accessor>
          </technique_common>
        </source>
        <joints>
          <input semantic="JOINT" source="#balloon_dread_Skin_Phoenix-skin-joints"/>
          <input semantic="INV_BIND_MATRIX" source="#balloon_dread_Skin_Phoenix-skin-bind_poses"/>
        </joints>
        <vertex_weights count="1812">
          <input semantic="JOINT" source="#balloon_dread_Skin_Phoenix-skin-joints" offset="0"/>
          <input semantic="WEIGHT" source="#balloon_dread_Skin_Phoenix-skin-weights" offset="1"/>
          <vcount>1 1 1 1 1 1 1 1 1 1 1 1 1 1 1 1 1 1 1 1 1 1 1 1 1 1 1 1 1 1 1 1 1 1 1 1 1 1 1 1 1 1 1 1 1 1 1 1 1 1 1 1 1 1 1 1 1 1 1 1 1 1 1 1 1 1 1 1 1 1 1 1 1 1 1 1 1 1 1 1 1 1 1 1 1 1 1 1 1 1 1 1 1 1 1 1 1 1 1 1 1 1 1 1 1 1 1 1 1 1 1 1 1 1 1 1 1 1 1 1 1 1 1 1 1 1 1 1 1 1 1 1 1 1 1 1 1 1 1 1 1 1 1 1 1 1 1 1 1 1 1 1 1 1 1 1 1 1 1 1 1 1 1 1 1 1 1 1 1 1 1 1 1 1 1 1 1 1 1 1 1 1 1 1 1 1 1 1 1 1 1 1 1 1 1 1 1 1 1 1 1 1 1 1 1 1 1 1 1 1 1 1 1 1 1 1 1 1 1 1 1 1 1 1 1 1 1 1 1 1 1 1 1 1 1 1 1 1 1 1 1 1 1 1 1 1 1 1 1 1 1 1 1 1 1 1 1 1 1 1 1 1 1 1 1 1 1 1 1 1 1 1 1 1 1 1 1 1 1 1 1 1 1 1 1 1 1 1 1 1 1 1 1 1 1 1 1 1 1 1 1 1 1 1 1 1 1 1 1 1 1 1 1 1 1 1 1 1 1 1 1 1 1 1 1 1 1 1 1 1 1 1 1 1 1 1 1 1 1 1 1 1 1 1 1 1 1 1 1 1 1 1 1 1 1 1 1 1 1 1 1 1 1 1 1 1 1 1 1 1 1 1 1 1 1 1 1 1 1 1 1 1 1 1 1 1 1 1 1 1 1 1 1 1 1 1 1 1 1 1 1 1 1 1 1 1 1 1 1 1 1 1 1 1 1 1 1 1 1 1 1 1 1 1 1 1 1 1 1 1 1 1 1 1 1 1 1 1 1 1 1 1 1 1 1 1 1 1 1 1 1 1 1 1 1 1 1 1 1 1 1 1 1 1 1 1 1 1 1 1 1 1 1 1 1 1 1 1 1 1 1 1 1 1 1 1 1 1 1 1 1 1 1 1 1 1 1 1 1 1 1 1 1 1 1 1 1 1 1 1 1 1 1 1 1 1 1 1 1 1 1 1 1 1 1 1 1 1 1 1 1 1 1 1 1 1 1 1 1 1 1 1 1 1 1 1 1 1 1 1 1 1 1 1 1 1 1 1 1 1 1 1 1 1 1 1 1 1 1 1 1 1 1 1 1 1 1 1 1 1 1 1 1 1 1 1 1 1 1 1 1 1 1 1 1 1 1 1 1 1 1 1 1 1 1 1 1 1 1 1 1 1 1 1 1 1 1 1 1 1 1 1 1 1 1 1 1 1 1 1 1 1 1 1 1 1 1 1 1 1 1 1 1 1 1 1 1 1 1 1 1 1 1 1 1 1 1 1 1 1 1 1 1 1 1 1 1 1 1 1 1 1 1 1 1 1 1 1 1 1 1 1 1 1 1 1 1 1 1 1 1 1 1 1 1 1 1 1 1 1 1 1 1 1 1 1 1 1 1 1 1 1 1 1 1 1 1 1 1 1 1 1 1 1 1 1 1 1 1 1 1 1 1 1 1 1 1 1 1 1 1 1 1 1 1 1 1 1 1 1 1 1 1 1 1 1 1 1 1 1 1 1 1 1 1 1 1 1 1 1 1 1 1 1 1 1 1 1 1 1 1 1 1 1 1 1 1 1 1 1 1 1 1 1 1 1 1 1 1 1 1 1 1 1 1 1 1 1 1 1 1 1 1 1 1 1 1 1 1 1 1 1 1 1 1 1 1 1 1 1 1 1 1 1 1 1 1 1 1 1 1 1 1 1 1 1 1 1 1 1 1 1 1 1 1 1 1 1 1 1 1 1 1 1 1 1 1 1 1 1 1 1 1 1 1 1 1 1 1 1 1 1 1 1 1 1 1 1 1 1 1 1 1 1 1 1 1 1 1 1 1 1 1 1 1 1 1 1 1 1 1 1 1 1 1 1 1 1 1 1 1 1 1 1 1 1 1 1 1 1 1 1 1 1 1 1 1 1 1 1 1 1 1 1 1 1 1 1 1 1 1 1 1 1 1 1 1 1 1 1 1 1 1 1 1 1 1 1 1 1 1 1 1 1 1 1 1 1 1 1 1 1 1 1 1 1 1 1 1 1 1 1 1 1 1 1 1 1 1 1 1 1 1 1 1 1 1 1 1 1 1 1 1 1 1 1 1 1 1 1 1 1 1 1 1 1 1 1 1 1 1 1 1 1 1 1 1 1 1 1 1 1 1 1 1 1 1 1 1 1 1 1 1 1 1 1 1 1 1 1 1 1 1 1 1 1 1 1 1 1 1 1 1 1 1 1 1 1 1 1 1 1 1 1 1 1 1 1 1 1 1 1 1 1 1 1 1 1 1 1 1 1 1 1 1 1 1 1 1 1 1 1 1 1 1 1 1 1 1 1 1 1 1 1 1 1 1 1 1 1 1 1 1 1 1 1 1 1 1 1 1 1 1 1 1 1 1 1 1 1 1 1 1 1 1 1 1 1 1 1 1 1 1 1 1 1 1 1 1 1 1 1 1 1 1 1 1 1 1 1 1 1 1 1 1 1 1 1 1 1 1 1 1 1 1 1 1 1 1 1 1 1 1 1 1 1 1 1 1 1 1 1 1 1 1 1 1 1 1 1 1 1 1 1 1 1 1 1 1 1 1 1 1 1 1 1 1 1 1 1 1 1 1 1 1 1 1 1 1 1 1 1 1 1 1 1 1 1 1 1 1 1 1 1 1 1 1 1 1 1 1 1 1 1 1 1 1 1 1 1 1 1 1 1 1 1 1 1 1 1 1 1 1 1 1 1 1 1 1 1 1 1 1 1 1 1 1 1 1 1 1 1 1 1 1 1 1 1 1 1 1 1 1 1 1 1 1 1 1 1 1 1 1 1 1 1 1 1 1 1 1 1 1 1 1 1 1 1 1 1 1 1 1 1 1 1 1 1 1 1 1 1 1 1 1 1 1 1 1 1 1 1 1 1 1 1 1 1 1 1 1 1 1 1 1 1 1 1 1 1 1 1 1 1 1 1 1 1 1 1 1 1 1 1 1 1 1 1 1 1 1 1 1 1 1 1 1 1 1 1 1 1 1 1 1 1 1 1 1 1 1 1 1 1 1 1 1 1 1 1 1 1 1 1 1 1 1 1 1 1 1 1 1 1 1 1 1 1 1 1 1 1 1 1 1 1 1 1 1 1 1 1 1 1 1 1 1 1 1 1 1 1 1 1 1 1 1 1 1 1 1 1 1 1 1 1 1 1 1 1 1 1 1 1 1 1 1 1 1 1 1 1 1 1 1 1 1 1 1 1 1 1 1 1 1 1 1 1 1 1 1 1 1 1 1 1 1 1 1 1 1 1 1 1 1 1 1 1 1 1 1 1 1 1 1 1 1 1 1 1 1 1 1 1 1 1 1 1 1 1 1 1 1 1 1 1 1 1 1 1 1 1 1 1 1 1 1 1 1 1 1 1 1 1 1 1 1 1 1 1 1 1 1 1 1 1 1 1 1 1 1 1 1 1 1 1 1 1 1 1 1 1 1 1 1 1 1 1 1 1 1 1 1 1 1 1 1 1 1 1 1 1 1 1 1 1 1 1 1 1 1 1 1 1 1 1 1 1 1 1 1 1 1 1 1 1 1 1 1 1 1 1 1 1 1 1 1 1 1 1 1 1 1 1 1 1 1 1 1 1 1 1 1 1 1 1 1 1 1 1 1 1 1 1 1 1 1 1 1 1 1 1 1 1 1 1 1 1 1 1 1 1 1 1 1 1 1 1 1 1 1 1 1 1 1 1 1 1 1 1 1 1 1 1 1 1 1 1 1 1 1 1 1 1 1 1 1 1 1 1 1 1 1 1 1 1 1 1 1 1 1 1 1 1 1 1 1 1 1 1 1 1 1 1 1 1 1 1 1 1 1 1 1 1 1 1 1 1 1 1 1 1 1 1 1 1 1 1 1 1 1 1 </vcount>
          <v>0 0 0 1 0 2 0 3 0 4 0 5 0 6 0 7 0 8 0 9 0 10 0 11 0 12 0 13 0 14 0 15 0 16 0 17 0 18 0 19 0 20 0 21 0 22 0 23 0 24 0 25 0 26 0 27 0 28 0 29 0 30 0 31 0 32 0 33 0 34 0 35 0 36 0 37 0 38 0 39 0 40 0 41 0 42 0 43 0 44 0 45 0 46 0 47 0 48 0 49 0 50 0 51 0 52 0 53 0 54 0 55 0 56 0 57 0 58 0 59 0 60 0 61 0 62 0 63 0 64 0 65 0 66 0 67 0 68 0 69 0 70 0 71 0 72 0 73 0 74 0 75 0 76 0 77 0 78 0 79 0 80 0 81 0 82 0 83 0 84 0 85 0 86 0 87 0 88 0 89 0 90 0 91 0 92 0 93 0 94 0 95 0 96 0 97 0 98 0 99 0 100 0 101 0 102 0 103 0 104 0 105 0 106 0 107 0 108 0 109 0 110 0 111 0 112 0 113 0 114 0 115 0 116 0 117 0 118 0 119 0 120 0 121 0 122 0 123 0 124 0 125 0 126 0 127 0 128 0 129 0 130 0 131 0 132 0 133 0 134 0 135 0 136 0 137 0 138 0 139 0 140 0 141 0 142 0 143 0 144 0 145 0 146 0 147 0 148 0 149 0 150 0 151 0 152 0 153 0 154 0 155 0 156 0 157 0 158 0 159 0 160 0 161 0 162 0 163 0 164 0 165 0 166 0 167 0 168 0 169 0 170 0 171 0 172 0 173 0 174 0 175 0 176 0 177 0 178 0 179 0 180 0 181 0 182 0 183 0 184 0 185 0 186 0 187 0 188 0 189 0 190 0 191 0 192 0 193 0 194 0 195 0 196 0 197 0 198 0 199 0 200 0 201 0 202 0 203 0 204 0 205 0 206 0 207 0 208 0 209 0 210 0 211 0 212 0 213 0 214 0 215 0 216 0 217 0 218 0 219 0 220 0 221 0 222 0 223 0 224 0 225 0 226 0 227 0 228 0 229 0 230 0 231 0 232 0 233 0 234 0 235 0 236 0 237 0 238 0 239 0 240 0 241 0 242 0 243 0 244 0 245 0 246 0 247 0 248 0 249 0 250 0 251 0 252 0 253 0 254 0 255 0 256 0 257 0 258 0 259 0 260 0 261 0 262 0 263 0 264 0 265 0 266 0 267 0 268 0 269 0 270 0 271 0 272 0 273 0 274 0 275 0 276 0 277 0 278 0 279 0 280 0 281 0 282 0 283 0 284 0 285 0 286 0 287 0 288 0 289 0 290 0 291 0 292 0 293 0 294 0 295 0 296 0 297 0 298 0 299 0 300 0 301 0 302 0 303 0 304 0 305 0 306 0 307 0 308 0 309 0 310 0 311 0 312 0 313 0 314 0 315 0 316 0 317 0 318 0 319 0 320 0 321 0 322 0 323 0 324 0 325 0 326 0 327 0 328 0 329 0 330 0 331 0 332 0 333 0 334 0 335 0 336 0 337 0 338 0 339 0 340 0 341 0 342 0 343 0 344 0 345 0 346 0 347 0 348 0 349 0 350 0 351 0 352 0 353 0 354 0 355 0 356 0 357 0 358 0 359 0 360 0 361 0 362 0 363 0 364 0 365 0 366 0 367 0 368 0 369 0 370 0 371 0 372 0 373 0 374 0 375 0 376 0 377 0 378 0 379 0 380 0 381 0 382 0 383 0 384 0 385 0 386 0 387 0 388 0 389 0 390 0 391 0 392 0 393 0 394 0 395 0 396 0 397 0 398 0 399 0 400 0 401 0 402 0 403 0 404 0 405 0 406 0 407 0 408 0 409 0 410 0 411 0 412 0 413 0 414 0 415 0 416 0 417 0 418 0 419 0 420 0 421 0 422 0 423 0 424 0 425 0 426 0 427 0 428 0 429 0 430 0 431 0 432 0 433 0 434 0 435 0 436 0 437 0 438 0 439 0 440 0 441 0 442 0 443 0 444 0 445 0 446 0 447 0 448 0 449 0 450 0 451 0 452 0 453 0 454 0 455 0 456 0 457 0 458 0 459 0 460 0 461 0 462 0 463 0 464 0 465 0 466 0 467 0 468 0 469 0 470 0 471 0 472 0 473 0 474 0 475 0 476 0 477 0 478 0 479 0 480 0 481 0 482 0 483 0 484 0 485 0 486 0 487 0 488 0 489 0 490 0 491 0 492 0 493 0 494 0 495 0 496 0 497 0 498 0 499 0 500 0 501 0 502 0 503 0 504 0 505 0 506 0 507 0 508 0 509 0 510 0 511 0 512 0 513 0 514 0 515 0 516 0 517 0 518 0 519 0 520 0 521 0 522 0 523 0 524 0 525 0 526 0 527 0 528 0 529 0 530 0 531 0 532 0 533 0 534 0 535 0 536 0 537 0 538 0 539 0 540 0 541 0 542 0 543 0 544 0 545 0 546 0 547 0 548 0 549 0 550 0 551 0 552 0 553 0 554 0 555 0 556 0 557 0 558 0 559 0 560 0 561 0 562 0 563 0 564 0 565 0 566 0 567 0 568 0 569 0 570 0 571 0 572 0 573 0 574 0 575 0 576 0 577 0 578 0 579 0 580 0 581 0 582 0 583 0 584 0 585 0 586 0 587 0 588 0 589 0 590 0 591 0 592 0 593 0 594 0 595 0 596 0 597 0 598 0 599 0 600 0 601 0 602 0 603 0 604 0 605 0 606 0 607 0 608 0 609 0 610 0 611 0 612 0 613 0 614 0 615 0 616 0 617 0 618 0 619 0 620 0 621 0 622 0 623 0 624 0 625 0 626 0 627 0 628 0 629 0 630 0 631 0 632 0 633 0 634 0 635 0 636 0 637 0 638 0 639 0 640 0 641 0 642 0 643 0 644 0 645 0 646 0 647 0 648 0 649 0 650 0 651 0 652 0 653 0 654 0 655 0 656 0 657 0 658 0 659 0 660 0 661 0 662 0 663 0 664 0 665 0 666 0 667 0 668 0 669 0 670 0 671 0 672 0 673 0 674 0 675 0 676 0 677 0 678 0 679 0 680 0 681 0 682 0 683 0 684 0 685 0 686 0 687 0 688 0 689 0 690 0 691 0 692 0 693 0 694 0 695 0 696 0 697 0 698 0 699 0 700 0 701 0 702 0 703 0 704 0 705 0 706 0 707 0 708 0 709 0 710 0 711 0 712 0 713 0 714 0 715 0 716 0 717 0 718 0 719 0 720 0 721 0 722 0 723 0 724 0 725 0 726 0 727 0 728 0 729 0 730 0 731 0 732 0 733 0 734 0 735 0 736 0 737 0 738 0 739 0 740 0 741 0 742 0 743 0 744 0 745 0 746 0 747 0 748 0 749 0 750 0 751 0 752 0 753 0 754 0 755 0 756 0 757 0 758 0 759 0 760 0 761 0 762 0 763 0 764 0 765 0 766 0 767 0 768 0 769 0 770 0 771 0 772 0 773 0 774 0 775 0 776 0 777 0 778 0 779 0 780 0 781 0 782 0 783 0 784 0 785 0 786 0 787 0 788 0 789 0 790 0 791 0 792 0 793 0 794 0 795 0 796 0 797 0 798 0 799 0 800 0 801 0 802 0 803 0 804 0 805 0 806 0 807 0 808 0 809 0 810 0 811 0 812 0 813 0 814 0 815 0 816 0 817 0 818 0 819 0 820 0 821 0 822 0 823 0 824 0 825 0 826 0 827 0 828 0 829 0 830 0 831 0 832 0 833 0 834 0 835 0 836 0 837 0 838 0 839 0 840 0 841 0 842 0 843 0 844 0 845 0 846 0 847 0 848 0 849 0 850 0 851 0 852 0 853 0 854 0 855 0 856 0 857 0 858 0 859 0 860 0 861 0 862 0 863 0 864 0 865 0 866 0 867 0 868 0 869 0 870 0 871 0 872 0 873 0 874 0 875 0 876 0 877 0 878 0 879 0 880 0 881 0 882 0 883 0 884 0 885 0 886 0 887 0 888 0 889 0 890 0 891 0 892 0 893 0 894 0 895 0 896 0 897 0 898 0 899 0 900 0 901 0 902 0 903 0 904 0 905 0 906 0 907 0 908 0 909 0 910 0 911 0 912 0 913 0 914 0 915 0 916 0 917 0 918 0 919 0 920 0 921 0 922 0 923 0 924 0 925 0 926 0 927 0 928 0 929 0 930 0 931 0 932 0 933 0 934 0 935 0 936 0 937 0 938 0 939 0 940 0 941 0 942 0 943 0 944 0 945 0 946 0 947 0 948 0 949 0 950 0 951 0 952 0 953 0 954 0 955 0 956 0 957 0 958 0 959 0 960 0 961 0 962 0 963 0 964 0 965 0 966 0 967 0 968 0 969 0 970 0 971 0 972 0 973 0 974 0 975 0 976 0 977 0 978 0 979 0 980 0 981 0 982 0 983 0 984 0 985 0 986 0 987 0 988 0 989 0 990 0 991 0 992 0 993 0 994 0 995 0 996 0 997 0 998 0 999 0 1000 0 1001 0 1002 0 1003 0 1004 0 1005 0 1006 0 1007 0 1008 0 1009 0 1010 0 1011 0 1012 0 1013 0 1014 0 1015 0 1016 0 1017 0 1018 0 1019 0 1020 0 1021 0 1022 0 1023 0 1024 0 1025 0 1026 0 1027 0 1028 0 1029 0 1030 0 1031 0 1032 0 1033 0 1034 0 1035 0 1036 0 1037 0 1038 0 1039 0 1040 0 1041 0 1042 0 1043 0 1044 0 1045 0 1046 0 1047 0 1048 0 1049 0 1050 0 1051 0 1052 0 1053 0 1054 0 1055 0 1056 0 1057 0 1058 0 1059 0 1060 0 1061 0 1062 0 1063 0 1064 0 1065 0 1066 0 1067 0 1068 0 1069 0 1070 0 1071 0 1072 0 1073 0 1074 0 1075 0 1076 0 1077 0 1078 0 1079 0 1080 0 1081 0 1082 0 1083 0 1084 0 1085 0 1086 0 1087 0 1088 0 1089 0 1090 0 1091 0 1092 0 1093 0 1094 0 1095 0 1096 0 1097 0 1098 0 1099 0 1100 0 1101 0 1102 0 1103 0 1104 0 1105 0 1106 0 1107 0 1108 0 1109 0 1110 0 1111 0 1112 0 1113 0 1114 0 1115 0 1116 0 1117 0 1118 0 1119 0 1120 0 1121 0 1122 0 1123 0 1124 0 1125 0 1126 0 1127 0 1128 0 1129 0 1130 0 1131 0 1132 0 1133 0 1134 0 1135 0 1136 0 1137 0 1138 0 1139 0 1140 0 1141 0 1142 0 1143 0 1144 0 1145 0 1146 0 1147 0 1148 0 1149 0 1150 0 1151 0 1152 0 1153 0 1154 0 1155 0 1156 0 1157 0 1158 0 1159 0 1160 0 1161 0 1162 0 1163 0 1164 0 1165 0 1166 0 1167 0 1168 0 1169 0 1170 0 1171 0 1172 0 1173 0 1174 0 1175 0 1176 0 1177 0 1178 0 1179 0 1180 0 1181 0 1182 0 1183 0 1184 0 1185 0 1186 0 1187 0 1188 0 1189 0 1190 0 1191 0 1192 0 1193 0 1194 0 1195 0 1196 0 1197 0 1198 0 1199 0 1200 0 1201 0 1202 0 1203 0 1204 0 1205 0 1206 0 1207 0 1208 0 1209 0 1210 0 1211 0 1212 0 1213 0 1214 0 1215 0 1216 0 1217 0 1218 0 1219 0 1220 0 1221 0 1222 0 1223 0 1224 0 1225 0 1226 0 1227 0 1228 0 1229 0 1230 0 1231 0 1232 0 1233 0 1234 0 1235 0 1236 0 1237 0 1238 0 1239 0 1240 0 1241 0 1242 0 1243 0 1244 0 1245 0 1246 0 1247 0 1248 0 1249 0 1250 0 1251 0 1252 0 1253 0 1254 0 1255 0 1256 0 1257 0 1258 0 1259 0 1260 0 1261 0 1262 0 1263 0 1264 0 1265 0 1266 0 1267 0 1268 0 1269 0 1270 0 1271 0 1272 0 1273 0 1274 0 1275 0 1276 0 1277 0 1278 0 1279 0 1280 0 1281 0 1282 0 1283 0 1284 0 1285 0 1286 0 1287 0 1288 0 1289 0 1290 0 1291 0 1292 0 1293 0 1294 0 1295 0 1296 0 1297 0 1298 0 1299 0 1300 0 1301 0 1302 0 1303 0 1304 0 1305 0 1306 0 1307 0 1308 0 1309 0 1310 0 1311 0 1312 0 1313 0 1314 0 1315 0 1316 0 1317 0 1318 0 1319 0 1320 0 1321 0 1322 0 1323 0 1324 0 1325 0 1326 0 1327 0 1328 0 1329 0 1330 0 1331 0 1332 0 1333 0 1334 0 1335 0 1336 0 1337 0 1338 0 1339 0 1340 0 1341 0 1342 0 1343 0 1344 0 1345 0 1346 0 1347 0 1348 0 1349 0 1350 0 1351 0 1352 0 1353 0 1354 0 1355 0 1356 0 1357 0 1358 0 1359 0 1360 0 1361 0 1362 0 1363 0 1364 0 1365 0 1366 0 1367 0 1368 0 1369 0 1370 0 1371 0 1372 0 1373 0 1374 0 1375 0 1376 0 1377 0 1378 0 1379 0 1380 0 1381 0 1382 0 1383 0 1384 0 1385 0 1386 0 1387 0 1388 0 1389 0 1390 0 1391 0 1392 0 1393 0 1394 0 1395 0 1396 0 1397 0 1398 0 1399 0 1400 0 1401 0 1402 0 1403 0 1404 0 1405 0 1406 0 1407 0 1408 0 1409 0 1410 0 1411 0 1412 0 1413 0 1414 0 1415 0 1416 0 1417 0 1418 0 1419 0 1420 0 1421 0 1422 0 1423 0 1424 0 1425 0 1426 0 1427 0 1428 0 1429 0 1430 0 1431 0 1432 0 1433 0 1434 0 1435 0 1436 0 1437 0 1438 0 1439 0 1440 0 1441 0 1442 0 1443 0 1444 0 1445 0 1446 0 1447 0 1448 0 1449 0 1450 0 1451 0 1452 0 1453 0 1454 0 1455 0 1456 0 1457 0 1458 0 1459 0 1460 0 1461 0 1462 0 1463 0 1464 0 1465 0 1466 0 1467 0 1468 0 1469 0 1470 0 1471 0 1472 0 1473 0 1474 0 1475 0 1476 0 1477 0 1478 0 1479 0 1480 0 1481 0 1482 0 1483 0 1484 0 1485 0 1486 0 1487 0 1488 0 1489 0 1490 0 1491 0 1492 0 1493 0 1494 0 1495 0 1496 0 1497 0 1498 0 1499 0 1500 0 1501 0 1502 0 1503 0 1504 0 1505 0 1506 0 1507 0 1508 0 1509 0 1510 0 1511 0 1512 0 1513 0 1514 0 1515 0 1516 0 1517 0 1518 0 1519 0 1520 0 1521 0 1522 0 1523 0 1524 0 1525 0 1526 0 1527 0 1528 0 1529 0 1530 0 1531 0 1532 0 1533 0 1534 0 1535 0 1536 0 1537 0 1538 0 1539 0 1540 0 1541 0 1542 0 1543 0 1544 0 1545 0 1546 0 1547 0 1548 0 1549 0 1550 0 1551 0 1552 0 1553 0 1554 0 1555 0 1556 0 1557 0 1558 0 1559 0 1560 0 1561 0 1562 0 1563 0 1564 0 1565 0 1566 0 1567 0 1568 0 1569 0 1570 0 1571 0 1572 0 1573 0 1574 0 1575 0 1576 0 1577 0 1578 0 1579 0 1580 0 1581 0 1582 0 1583 0 1584 0 1585 0 1586 0 1587 0 1588 0 1589 0 1590 0 1591 0 1592 0 1593 0 1594 0 1595 0 1596 0 1597 0 1598 0 1599 0 1600 0 1601 0 1602 0 1603 0 1604 0 1605 0 1606 0 1607 0 1608 0 1609 0 1610 0 1611 0 1612 0 1613 0 1614 0 1615 0 1616 0 1617 0 1618 0 1619 0 1620 0 1621 0 1622 0 1623 0 1624 0 1625 0 1626 0 1627 0 1628 0 1629 0 1630 0 1631 0 1632 0 1633 0 1634 0 1635 0 1636 0 1637 0 1638 0 1639 0 1640 0 1641 0 1642 0 1643 0 1644 0 1645 0 1646 0 1647 0 1648 0 1649 0 1650 0 1651 0 1652 0 1653 0 1654 0 1655 0 1656 0 1657 0 1658 0 1659 0 1660 0 1661 0 1662 0 1663 0 1664 0 1665 0 1666 0 1667 0 1668 0 1669 0 1670 0 1671 0 1672 0 1673 0 1674 0 1675 0 1676 0 1677 0 1678 0 1679 0 1680 0 1681 0 1682 0 1683 0 1684 0 1685 0 1686 0 1687 0 1688 0 1689 0 1690 0 1691 0 1692 0 1693 0 1694 0 1695 0 1696 0 1697 0 1698 0 1699 0 1700 0 1701 0 1702 0 1703 0 1704 0 1705 0 1706 0 1707 0 1708 0 1709 0 1710 0 1711 0 1712 0 1713 0 1714 0 1715 0 1716 0 1717 0 1718 0 1719 0 1720 0 1721 0 1722 0 1723 0 1724 0 1725 0 1726 0 1727 0 1728 0 1729 0 1730 0 1731 0 1732 0 1733 0 1734 0 1735 0 1736 0 1737 0 1738 0 1739 0 1740 0 1741 0 1742 0 1743 0 1744 0 1745 0 1746 0 1747 0 1748 0 1749 0 1750 0 1751 0 1752 0 1753 0 1754 0 1755 0 1756 0 1757 0 1758 0 1759 0 1760 0 1761 0 1762 0 1763 0 1764 0 1765 0 1766 0 1767 0 1768 0 1769 0 1770 0 1771 0 1772 0 1773 0 1774 0 1775 0 1776 0 1777 0 1778 0 1779 0 1780 0 1781 0 1782 0 1783 0 1784 0 1785 0 1786 0 1787 0 1788 0 1789 0 1790 0 1791 0 1792 0 1793 0 1794 0 1795 0 1796 0 1797 0 1798 0 1799 0 1800 0 1801 0 1802 0 1803 0 1804 0 1805 0 1806 0 1807 0 1808 0 1809 0 1810 0 1811</v>
        </vertex_weights>
      </skin>
    </controller>
  </library_controllers>
  <library_visual_scenes>
    <visual_scene id="Scene" name="Scene">
      <node id="balloon_dread_Skin" name="balloon_dread_Skin" type="NODE">
        <matrix sid="transform">1 0 0 0 0 1 0 0 0 0 1 0 0 0 0 1</matrix>
        <node id="balloon_dread_Skin_Root" name="Root" sid="Root" type="JOINT">
          <matrix sid="transform">1 0 1.50996e-7 0.6400311 0 -0.9999998 0 0.008515932 1.50996e-7 0 -1 -0.001969337 0 0 0 1</matrix>
          <node id="balloon_dread_Skin_Dummy02" name="Dummy02" sid="Dummy02" type="JOINT">
            <matrix sid="transform">1 0 -6.3573e-8 0 0 1 0 13.22423 6.3573e-8 0 1 1.72804e-11 0 0 0 1</matrix>
            <extra>
              <technique profile="blender">
                <layer sid="layer" type="string">0</layer>
                <roll sid="roll" type="float">3.141593</roll>
                <tip_x sid="tip_x" type="float">0</tip_x>
                <tip_y sid="tip_y" type="float">-13.22422</tip_y>
                <tip_z sid="tip_z" type="float">0</tip_z>
              </technique>
            </extra>
          </node>
          <node id="balloon_dread_Skin_ammo_node_0" name="ammo node 0" sid="ammo_node_0" type="JOINT">
            <matrix sid="transform">1 0 -6.3573e-8 -4.17233e-6 0 1 0 3.397074 6.3573e-8 0 1 27.72662 0 0 0 1</matrix>
            <extra>
              <technique profile="blender">
                <layer sid="layer" type="string">0</layer>
                <roll sid="roll" type="float">3.141593</roll>
                <tip_x sid="tip_x" type="float">0</tip_x>
                <tip_y sid="tip_y" type="float">-13.22422</tip_y>
                <tip_z sid="tip_z" type="float">0</tip_z>
              </technique>
            </extra>
          </node>
          <node id="balloon_dread_Skin_pivot_node_0" name="pivot node 0" sid="pivot_node_0" type="JOINT">
            <matrix sid="transform">1 0 -6.3573e-8 49.47507 0 1 0 -0.9931631 6.3573e-8 0 1 -9.218236 0 0 0 1</matrix>
            <extra>
              <technique profile="blender">
                <layer sid="layer" type="string">0</layer>
                <roll sid="roll" type="float">3.141593</roll>
                <tip_x sid="tip_x" type="float">0</tip_x>
                <tip_y sid="tip_y" type="float">-13.22422</tip_y>
                <tip_z sid="tip_z" type="float">0</tip_z>
              </technique>
            </extra>
          </node>
          <node id="balloon_dread_Skin_pivot_node_1" name="pivot node 1" sid="pivot_node_1" type="JOINT">
            <matrix sid="transform">1 0 -6.3573e-8 61.87965 0 1 0 28.44886 6.3573e-8 0 1 -9.198001 0 0 0 1</matrix>
            <extra>
              <technique profile="blender">
                <layer sid="layer" type="string">0</layer>
                <roll sid="roll" type="float">3.141593</roll>
                <tip_x sid="tip_x" type="float">0</tip_x>
                <tip_y sid="tip_y" type="float">-13.22422</tip_y>
                <tip_z sid="tip_z" type="float">0</tip_z>
              </technique>
            </extra>
          </node>
          <node id="balloon_dread_Skin_pivot_node_2" name="pivot node 2" sid="pivot_node_2" type="JOINT">
            <matrix sid="transform">1 0 -6.3573e-8 -50.91769 0 1 0 -1.049514 6.3573e-8 0 1 -9.212098 0 0 0 1</matrix>
            <extra>
              <technique profile="blender">
                <layer sid="layer" type="string">0</layer>
                <roll sid="roll" type="float">3.141593</roll>
                <tip_x sid="tip_x" type="float">0</tip_x>
                <tip_y sid="tip_y" type="float">-13.22422</tip_y>
                <tip_z sid="tip_z" type="float">0</tip_z>
              </technique>
            </extra>
          </node>
          <node id="balloon_dread_Skin_pivot_node_3" name="pivot node 3" sid="pivot_node_3" type="JOINT">
            <matrix sid="transform">1 0 -6.3573e-8 -59.03864 0 1 0 28.77781 6.3573e-8 0 1 -9.275943 0 0 0 1</matrix>
            <extra>
              <technique profile="blender">
                <layer sid="layer" type="string">0</layer>
                <roll sid="roll" type="float">3.141593</roll>
                <tip_x sid="tip_x" type="float">0</tip_x>
                <tip_y sid="tip_y" type="float">-13.22422</tip_y>
                <tip_z sid="tip_z" type="float">0</tip_z>
              </technique>
            </extra>
          </node>
          <extra>
            <technique profile="blender">
              <layer sid="layer" type="string">0</layer>
              <roll sid="roll" type="float">3.141593</roll>
              <tip_x sid="tip_x" type="float">0</tip_x>
              <tip_y sid="tip_y" type="float">-13.22422</tip_y>
              <tip_z sid="tip_z" type="float">0</tip_z>
            </technique>
          </extra>
        </node>
        <node id="Phoenix" name="Phoenix" type="NODE">
          <matrix sid="transform">1 0 0 0 0 1 0 0 0 0 1 0 0 0 0 1</matrix>
          <instance_controller url="#balloon_dread_Skin_Phoenix-skin">
            <skeleton>#balloon_dread_Skin_Root</skeleton>
            <bind_material>
              <technique_common>
                <instance_material symbol="grass_rock-material" target="#grass_rock-material">
                  <bind_vertex_input semantic="UVMap" input_semantic="TEXCOORD" input_set="0"/>
                </instance_material>
              </technique_common>
            </bind_material>
          </instance_controller>
        </node>
      </node>
    </visual_scene>
  </library_visual_scenes>
  <scene>
    <instance_visual_scene url="#Scene"/>
  </scene>
</COLLADA>