<?xml version="1.0" encoding="utf-8"?>
<COLLADA xmlns="http://www.collada.org/2005/11/COLLADASchema" version="1.4.1" xmlns:xsi="http://www.w3.org/2001/XMLSchema-instance">
  <asset>
    <contributor>
      <author>Blender User</author>
      <authoring_tool>Blender 3.0.1 commit date:2022-01-25, commit time:17:19, hash:dc2d18018171</authoring_tool>
    </contributor>
    <created>2025-07-24T07:35:40</created>
    <modified>2025-07-24T07:35:40</modified>
    <unit name="meter" meter="1"/>
    <up_axis>Z_UP</up_axis>
  </asset>
  <library_effects>
    <effect id="grass_rock-effect">
      <profile_COMMON>
        <technique sid="common">
          <lambert>
            <emission>
              <color sid="emission">0 0 0 1</color>
            </emission>
            <diffuse>
              <color sid="diffuse">0.8 0.8 0.8 1</color>
            </diffuse>
            <reflectivity>
              <float sid="specular">0.5</float>
            </reflectivity>
          </lambert>
        </technique>
      </profile_COMMON>
    </effect>
  </library_effects>
  <library_images/>
  <library_materials>
    <material id="grass_rock-material" name="grass rock">
      <instance_effect url="#grass_rock-effect"/>
    </material>
  </library_materials>
  <library_geometries>
    <geometry id="monitor_white_Mesh-mesh" name="monitor_white_Mesh">
      <mesh>
        <source id="monitor_white_Mesh-mesh-positions">
          <float_array id="monitor_white_Mesh-mesh-positions-array" count="6678">-10.54296 21.78673 19.29578 -10.54296 21.78673 19.29578 -10.54296 21.78673 19.29578 -11.78936 20.28654 19.29032 -11.78936 20.28654 19.29032 -11.78936 20.28654 19.29032 -8.274442 23.36762 19.29564 -6.04441 21.78176 19.29546 -6.04441 21.78176 19.29546 -6.04441 21.78176 19.29546 -4.89472 18.70902 19.28226 -4.89472 18.70902 19.28226 -4.89472 18.70902 19.28226 -5.372106 17.92687 19.28066 -5.372106 17.92687 19.28066 -5.372106 17.92687 19.28066 -7.240911 17.88791 19.2756 -9.634558 17.89042 19.27628 -9.634558 17.89042 19.27628 -9.634558 17.89042 19.27628 -11.4304 18.63874 19.28062 -11.4304 18.63874 19.28062 -11.4304 18.63874 19.28062 -10.53722 22.05084 34.41524 -10.53722 22.05084 34.41524 -10.53722 22.05084 34.41524 -11.78615 20.39627 32.06073 -11.78615 20.39627 32.06073 -11.78615 20.39627 32.06073 -8.267393 22.22461 35.86312 -8.267393 22.22461 35.86312 -6.03874 21.96614 34.14154 -6.03874 21.96614 34.14154 -6.03874 21.96614 34.14154 -4.894052 20.2664 31.64147 -4.894052 20.2664 31.64147 -4.894052 20.2664 31.64147 -5.369027 18.45197 28.9237 -5.369027 18.45197 28.9237 -5.369027 18.45197 28.9237 -7.241364 17.45933 29.48646 -7.241364 17.45933 29.48646 -9.634974 17.50441 29.63209 -9.634974 17.50441 29.63209 -9.634974 17.50441 29.63209 -11.42986 19.76591 30.17178 -11.42986 19.76591 30.17178 -11.42986 19.76591 30.17178 -10.39741 14.84881 36.05419 -10.39741 14.84881 36.05419 -10.39741 14.84881 36.05419 -11.6796 14.84984 33.97803 -11.6796 14.84984 33.97803 -11.6796 14.84984 33.97803 -8.156329 14.8487 36.79599 -8.156329 14.8487 36.79599 -6.004899 14.84961 35.85634 -6.004899 14.84961 35.85634 -6.004899 14.84961 35.85634 -4.949965 14.85108 33.67496 -4.949965 14.85108 33.67496 -4.949965 14.85108 33.67496 -5.484995 14.85243 31.27253 -5.484995 14.85243 31.27253 -5.484995 14.85243 31.27253 -7.360946 14.9533 29.81835 -7.360946 14.9533 29.81835 -7.360946 14.9533 29.81835 -9.696853 14.85259 29.87836 -9.696853 14.85259 29.87836 -9.696853 14.85259 29.87836 -11.40294 14.85133 31.53899 -11.40294 14.85133 31.53899 -11.40294 14.85133 31.53899 10.32995 22.05084 34.41524 10.32995 22.05084 34.41524 10.32995 22.05084 34.41524 10.33569 21.78673 19.29578 10.33569 21.78673 19.29578 10.33569 21.78673 19.29578 11.58208 20.28656 19.29032 11.58208 20.28656 19.29032 11.58208 20.28656 19.29032 11.57887 20.39627 32.06073 11.57887 20.39627 32.06073 11.57887 20.39627 32.06073 8.060121 22.22461 35.86312 8.060121 22.22461 35.86312 8.067169 23.36763 19.29564 5.831459 21.96615 34.14154 5.831459 21.96615 34.14154 5.831459 21.96615 34.14154 5.837139 21.78177 19.29546 5.837139 21.78177 19.29546 5.837139 21.78177 19.29546 4.686778 20.2664 31.64147 4.686778 20.2664 31.64147 4.686778 20.2664 31.64147 4.687446 18.70903 19.28226 4.687446 18.70903 19.28226 4.687446 18.70903 19.28226 5.161754 18.45197 28.9237 5.161754 18.45197 28.9237 5.161754 18.45197 28.9237 5.164831 17.92688 19.28066 5.164831 17.92688 19.28066 5.164831 17.92688 19.28066 7.034086 17.45933 29.48647 7.034086 17.45933 29.48647 7.03364 17.88791 19.2756 9.427699 17.50441 29.63209 9.427699 17.50441 29.63209 9.427699 17.50441 29.63209 9.427289 17.89044 19.27628 9.427289 17.89044 19.27628 9.427289 17.89044 19.27628 11.22259 19.76591 30.17178 11.22259 19.76591 30.17178 11.22259 19.76591 30.17178 11.22313 18.63876 19.28062 11.22313 18.63876 19.28062 11.22313 18.63876 19.28062 10.19015 14.84881 36.05419 10.19015 14.84881 36.05419 10.19015 14.84881 36.05419 11.47233 14.84984 33.97805 11.47233 14.84984 33.97805 11.47233 14.84984 33.97805 7.949056 14.84872 36.79599 7.949056 14.84872 36.79599 5.797627 14.84962 35.85634 5.797627 14.84962 35.85634 5.797627 14.84962 35.85634 4.742693 14.85108 33.67496 4.742693 14.85108 33.67496 4.742693 14.85108 33.67496 5.277721 14.85243 31.27253 5.277721 14.85243 31.27253 5.277721 14.85243 31.27253 7.15367 14.9533 29.81838 7.15367 14.9533 29.81838 7.15367 14.9533 29.81838 9.489577 14.85259 29.8784 9.489577 14.85259 29.8784 9.489577 14.85259 29.8784 11.19567 14.85135 31.539 11.19567 14.85135 31.539 11.19567 14.85135 31.539 -10.53722 45.41201 34.41524 -10.53722 45.41201 34.41524 -10.53722 45.41201 34.41524 -10.54296 45.67612 19.29578 -10.54296 45.67612 19.29578 -10.54296 45.67612 19.29578 -11.78936 47.17631 19.29032 -11.78936 47.17631 19.29032 -11.78936 47.17631 19.29032 -11.78615 47.06658 32.06073 -11.78615 47.06658 32.06073 -11.78615 47.06658 32.06073 -8.267393 45.23825 35.8631 -8.267393 45.23825 35.8631 -8.274441 44.09524 19.29563 -6.038742 45.49671 34.14154 -6.038742 45.49671 34.14154 -6.038742 45.49671 34.14154 -6.044412 45.68109 19.29544 -6.044412 45.68109 19.29544 -6.044412 45.68109 19.29544 -4.89405 47.19646 31.64147 -4.89405 47.19646 31.64147 -4.89405 47.19646 31.64147 -4.89472 48.75383 19.28226 -4.89472 48.75383 19.28226 -4.89472 48.75383 19.28226 -5.369026 49.01089 28.92369 -5.369026 49.01089 28.92369 -5.369026 49.01089 28.92369 -5.372106 49.53599 19.28066 -5.372106 49.53599 19.28066 -5.372106 49.53599 19.28066 -7.241365 50.00353 29.48645 -7.241365 50.00353 29.48645 -7.240912 49.57495 19.27558 -9.634974 49.95845 29.63208 -9.634974 49.95845 29.63208 -9.634974 49.95845 29.63208 -9.634558 49.57243 19.27628 -9.634558 49.57243 19.27628 -9.634558 49.57243 19.27628 -11.42986 47.69694 30.17177 -11.42986 47.69694 30.17177 -11.42986 47.69694 30.17177 -11.4304 48.82411 19.28061 -11.4304 48.82411 19.28061 -11.4304 48.82411 19.28061 -10.39742 52.61405 36.05418 -10.39742 52.61405 36.05418 -10.39742 52.61405 36.05418 -11.6796 52.61302 33.97803 -11.6796 52.61302 33.97803 -11.6796 52.61302 33.97803 -8.156329 52.61415 36.79599 -8.156329 52.61415 36.79599 -6.004899 52.61325 35.85632 -6.004899 52.61325 35.85632 -6.004899 52.61325 35.85632 -4.949962 52.61177 33.67496 -4.949962 52.61177 33.67496 -4.949962 52.61177 33.67496 -5.484992 52.61042 31.27252 -5.484992 52.61042 31.27252 -5.484992 52.61042 31.27252 -7.360948 52.50955 29.81833 -7.360948 52.50955 29.81833 -7.360948 52.50955 29.81833 -9.696851 52.61026 29.87836 -9.696851 52.61026 29.87836 -9.696851 52.61026 29.87836 -11.40294 52.61152 31.53898 -11.40294 52.61152 31.53898 -11.40294 52.61152 31.53898 11.58208 47.17629 19.29032 11.58208 47.17629 19.29032 11.58208 47.17629 19.29032 10.33568 45.67612 19.29578 10.33568 45.67612 19.29578 10.33568 45.67612 19.29578 10.32995 45.41202 34.41524 10.32995 45.41202 34.41524 10.32995 45.41202 34.41524 11.57888 47.06658 32.06073 11.57888 47.06658 32.06073 11.57888 47.06658 32.06073 8.067171 44.09523 19.29563 8.060117 45.23825 35.8631 8.060117 45.23825 35.8631 5.837135 45.68109 19.29545 5.837135 45.68109 19.29545 5.837135 45.68109 19.29545 5.831463 45.4967 34.14154 5.831463 45.4967 34.14154 5.831463 45.4967 34.14154 4.687448 48.75383 19.28226 4.687448 48.75383 19.28226 4.687448 48.75383 19.28226 4.68678 47.19644 31.64147 4.68678 47.19644 31.64147 4.68678 47.19644 31.64147 5.164834 49.53598 19.28066 5.164834 49.53598 19.28066 5.164834 49.53598 19.28066 5.161753 49.01089 28.9237 5.161753 49.01089 28.9237 5.161753 49.01089 28.9237 7.033644 49.57495 19.27558 7.03409 50.00352 29.48645 7.03409 50.00352 29.48645 9.427289 49.57241 19.27628 9.427289 49.57241 19.27628 9.427289 49.57241 19.27628 9.427701 49.95843 29.63208 9.427701 49.95843 29.63208 9.427701 49.95843 29.63208 11.22313 48.8241 19.28061 11.22313 48.8241 19.28061 11.22313 48.8241 19.28061 11.22258 47.69694 30.17177 11.22258 47.69694 30.17177 11.22258 47.69694 30.17177 10.19014 52.61404 36.05418 10.19014 52.61404 36.05418 10.19014 52.61404 36.05418 11.47233 52.61302 33.97803 11.47233 52.61302 33.97803 11.47233 52.61302 33.97803 7.94905 52.61415 36.79599 7.94905 52.61415 36.79599 5.797626 52.61324 35.85633 5.797626 52.61324 35.85633 5.797626 52.61324 35.85633 4.742695 52.61177 33.67496 4.742695 52.61177 33.67496 4.742695 52.61177 33.67496 5.277721 52.61042 31.27252 5.277721 52.61042 31.27252 5.277721 52.61042 31.27252 7.153676 52.50955 29.81838 7.153676 52.50955 29.81838 7.153676 52.50955 29.81838 9.489578 52.61026 29.87839 9.489578 52.61026 29.87839 9.489578 52.61026 29.87839 11.19567 52.61151 31.53898 11.19567 52.61151 31.53898 11.19567 52.61151 31.53898 -6.403523 27.19252 19.34586 -6.403523 27.19252 19.34586 -9.869526 34.45869 19.34586 -9.869526 34.45869 19.34586 -9.869526 34.45869 19.34586 -5.744874 40.89984 19.34589 -5.744874 40.89984 19.34589 -5.744874 40.89984 19.34589 5.950011 40.89984 19.34589 9.883827 34.45868 19.34586 9.883827 34.45868 19.34586 9.883827 34.45868 19.34586 6.392368 27.1926 19.34586 6.392368 27.1926 19.34586 6.392368 27.1926 19.34586 6.392272 28.5355 64.32749 6.392272 28.5355 64.32749 6.392272 28.5355 64.32749 9.883879 35.80169 64.32507 9.883879 35.80169 64.32507 9.883879 35.80169 64.32507 5.950094 42.24298 64.32507 5.950094 42.24298 64.32507 -6.403656 28.53544 64.32378 -9.869507 35.8017 64.32507 -9.869507 35.8017 64.32507 -9.869507 35.8017 64.32507 -5.744875 42.24298 64.32507 -5.744875 42.24298 64.32507 -5.744875 42.24298 64.32507 -29.00251 11.22067 19.43618 -29.00251 11.22067 19.43618 28.79523 11.22066 19.43618 -29.00252 56.21616 19.43619 28.79523 56.21604 19.43619 28.79523 56.21604 19.43619 -10.48472 -132.409 29.52956 -10.48472 -132.409 29.52956 9.00963 -132.2565 29.54039 9.00963 -132.2565 29.54039 9.00963 -132.2565 29.54039 0.6171701 -110.3973 -13.41413 -34.738 -83.26651 29.57786 -34.738 -83.26651 29.57786 -34.738 -83.26651 29.57786 -33.85999 -73.05516 25.11067 -33.85999 -73.05516 25.11067 32.18069 -73.05511 25.11069 32.18069 -73.05511 25.11069 32.18069 -73.05511 25.11069 33.091 -83.11827 29.58922 33.091 -83.11827 29.58922 33.091 -83.11827 29.58922 33.091 -83.11827 29.58922 30.97045 -76.23338 -10.66546 30.97045 -76.23338 -10.66546 30.97045 -76.23338 -10.66546 30.97045 -76.23338 -10.66546 0.6229731 -47.42208 -20.95446 0.6229731 -47.42208 -20.95446 0.6229731 -47.42208 -20.95446 -29.58391 -76.41375 -10.69357 -29.58391 -76.41375 -10.69357 -29.58391 -76.41375 -10.69357 -29.58391 -76.41375 -10.69357 -34.58506 -35.39995 19.04875 -34.58506 -35.39995 19.04875 -34.58506 -35.39995 19.04875 -34.58506 -35.39995 19.04875 32.88324 -35.3443 19.05029 32.88324 -35.3443 19.05029 32.88324 -35.3443 19.05029 32.88324 -35.3443 19.05029 0.6229762 -23.06971 -22.37795 0.6229762 -23.06971 -22.37795 -34.19916 -36.08081 -10.72723 -34.19916 -36.08081 -10.72723 -34.19916 -36.08081 -10.72723 -34.19916 -36.08081 -10.72723 -34.19916 -36.08081 -10.72723 -34.19916 -36.08081 -10.72723 -34.60436 -8.027055 19.04637 32.88323 -8.026987 19.04791 -34.61405 19.35695 19.04397 -34.61405 19.35695 19.04397 -34.61405 19.35695 19.04397 32.85424 19.3459 19.04552 32.85424 19.3459 19.04552 37.68908 55.29674 -10.78062 37.68908 55.29674 -10.78062 37.68908 55.29674 -10.78062 37.68908 55.29674 -10.78062 37.68908 55.29674 -10.78062 37.68908 55.29674 -10.78062 0.6136127 46.19476 -22.44322 0.6136127 46.19476 -22.44322 0.6136127 46.19476 -22.44322 -36.35882 55.11642 -10.7946 -36.35882 55.11642 -10.7946 -36.35882 55.11642 -10.7946 -36.35882 55.11642 -10.7946 -36.35882 55.11642 -10.7946 -36.35882 55.11642 -10.7946 -36.35882 55.11642 -10.7946 -34.16742 86.80791 34.08068 -34.63332 46.72983 19.04158 -34.63332 46.72983 19.04158 32.84463 46.78551 19.04311 32.84463 46.78551 19.04311 32.46297 86.81679 34.0923 32.46297 86.81679 34.0923 -25.01509 124.4702 33.98031 -25.01509 124.4702 33.98031 -25.01509 124.4702 33.98031 -25.01509 124.4702 33.98031 -33.22275 88.06385 19.03801 31.58799 88.12065 19.03927 31.58799 88.12065 19.03927 23.39696 124.7052 33.9911 23.39696 124.7052 33.9911 23.39696 124.7052 33.9911 -0.7605639 130.0225 -18.93004 -0.7605639 130.0225 -18.93004 -0.7605639 130.0225 -18.93004 -1.987362 155.1031 33.99588 -1.987362 155.1031 33.99588 -1.905667 145.1864 -10.85036 -1.905667 145.1864 -10.85036 9.996498 -123.3328 12.47067 9.996498 -123.3328 12.47067 36.77612 -79.57267 12.47066 -11.46734 -123.5203 12.47067 -38.1454 -79.73634 12.47067 -38.1454 -79.73634 12.47067 40 -37.03412 12.47066 40 -37.03412 12.47066 40 -37.03412 12.47066 40 -37.03412 12.47066 40 -37.03412 12.47066 40 -37.03412 12.47066 -40 -37.21615 12.47066 -40 -37.21615 12.47066 -40 -37.21615 12.47066 -40 -37.21615 12.47066 -40 -37.21615 12.47066 -40 -37.21615 12.47066 41.2005 5.455033 12.47066 41.2005 5.455033 12.47066 41.2005 5.455033 12.47066 41.2005 5.455033 12.47066 41.2005 5.455033 12.47066 -42.60282 5.258921 12.47066 -42.60282 5.258921 12.47066 -42.60282 5.258921 12.47066 -42.60282 5.258921 12.47066 -42.60282 5.258921 12.47066 -42.60282 5.258921 12.47066 36.69397 47.90318 12.47065 36.69397 47.90318 12.47065 36.69397 47.90318 12.47065 36.69397 47.90318 12.47065 36.69397 47.90318 12.47065 36.69397 47.90318 12.47065 -38.12034 47.71305 12.47065 -38.12034 47.71305 12.47065 -38.12034 47.71305 12.47065 -38.12034 47.71305 12.47065 36.6704 90.32293 12.47064 36.6704 90.32293 12.47064 36.6704 90.32293 12.47064 36.6704 90.32293 12.47064 36.6704 90.32293 12.47064 36.6704 90.32293 12.47064 36.6704 90.32293 12.47064 -38.10958 90.08876 12.47064 -38.10958 90.08876 12.47064 -38.10958 90.08876 12.47064 -38.10958 90.08876 12.47064 -38.10958 90.08876 12.47064 -38.10958 90.08876 12.47064 -38.10958 90.08876 12.47064 -38.10958 90.08876 12.47064 24.3799 120.2872 12.47064 24.3799 120.2872 12.47064 -25.87341 120.1041 12.47064 -25.87341 120.1041 12.47064 -1.770966 150.5903 12.47064 -1.770966 150.5903 12.47064 -23.21905 122.2557 25.10527 -23.21905 122.2557 25.10527 21.56295 122.4174 25.10541 21.56295 122.4174 25.10541 21.56295 122.4174 25.10541 -23.69444 123.3276 26.29696 -23.69444 123.3276 26.29696 -2.01329 153.4268 26.29696 -2.031788 151.6983 25.10594 32.94299 86.84603 26.22962 32.94299 86.84603 26.22962 22.05285 123.486 26.29705 22.05285 123.486 26.29705 31.58765 86.84501 25.03749 31.58765 86.84501 25.03749 31.58765 86.84501 25.03749 31.58765 86.84501 25.03749 31.58765 86.84501 25.03749 -34.59275 86.94375 26.22748 -34.59275 86.94375 26.22748 -10.43266 -127.1003 25.11384 -32.04054 -81.09092 25.11333 8.890068 -126.9491 25.11395 8.890068 -126.9491 25.11395 8.890068 -126.9491 25.11395 30.41302 -80.94071 25.11345 8.949394 -130.3026 25.64199 -34.75207 -81.95266 25.53926 -34.75207 -81.95266 25.53926 33.14109 -81.79663 25.60568 33.14109 -81.79663 25.60568 -10.48764 -130.4597 25.53967 -10.48764 -130.4597 25.53967 -33.22274 86.95668 25.03696 -33.22274 86.95668 25.03696 -34.57572 -73.05416 19.05255 -34.57305 -73.05485 25.14054 -34.57305 -73.05485 25.14054 -34.57305 -73.05485 25.14054 -34.57305 -73.05485 25.14054 32.89764 -73.0548 25.14703 32.89764 -73.0548 25.14703 32.89764 -73.0548 25.14703 32.89764 -73.0548 25.14703 32.89259 -73.0541 19.05408 38.0561 -8.542654 26.09958 38.0561 -8.542654 26.09958 -39.65626 -8.718137 26.09564 -39.65626 -8.718137 26.09564 -39.70718 23.14898 26.09737 -39.70718 23.14898 26.09737 -39.70718 23.14898 26.09737 -39.57105 53.65164 26.09109 37.87666 53.80021 26.09152 38.07038 23.13835 26.10469 38.07038 23.13835 26.10469 38.07038 23.13835 26.10469 38.07038 23.13835 26.10469 37.4176 58.74354 26.1253 37.4176 58.74354 26.1253 37.4176 58.74354 26.1253 -39.1118 58.5657 26.12501 -39.1118 58.5657 26.12501 38.0513 54.64184 26.12529 -34.55636 -80.82511 26.35013 -34.55636 -80.82511 26.35013 32.93126 -80.66923 26.36249 32.93126 -80.66923 26.36249 38.04862 -41.10284 26.11216 38.04862 -41.10284 26.11216 38.04862 -41.10284 26.11216 32.93126 -80.66923 26.36249 32.93126 -80.66923 26.36249 -34.55636 -80.82511 26.35013 -34.55636 -80.82511 26.35013 -39.68964 -41.2572 26.1104 -39.68964 -41.2572 26.1104 -39.68964 -41.2572 26.1104 -34.55636 -80.82511 26.35013 32.93126 -80.66923 26.36249 35.51675 -35.97369 -10.69542 35.51675 -35.97369 -10.69542 35.51675 -35.97369 -10.69542 35.51675 -35.97369 -10.69542 35.51675 -35.97369 -10.69542 35.51675 -35.97369 -10.69542 35.51675 -35.97369 -10.69542 -36.44067 -51.2359 25.05712 -36.44067 -51.2359 25.05712 -36.13147 -73.12048 25.05708 36.30965 -51.23593 25.05698 36.30965 -51.23593 25.05698 35.84794 -73.12055 25.05694 35.84794 -73.12055 25.05694 36.30965 -51.23593 25.05698 36.30965 -51.23593 25.05698 -36.13147 -73.12048 25.05708 -36.44067 -51.2359 25.05712 -36.44067 -51.2359 25.05712 -0.9046255 -73.04364 19.53881 2.120792 -73.04367 19.5388 2.120792 -73.04367 19.5388 -2.154866 -67.99411 19.53883 3.37103 -67.99411 19.53883 -0.904623 -73.04366 45.13623 -0.904623 -73.04366 45.13623 -0.904623 -73.04366 45.13623 -0.904623 -73.04366 45.13623 2.120787 -73.04363 45.13623 -2.154895 -67.99409 45.13622 -2.154895 -67.99409 45.13622 3.37104 -67.99409 45.13622 3.37104 -67.99409 45.13622 -36.44067 74.4643 25.05711 -36.44067 74.4643 25.05711 -36.13148 52.57975 25.05706 36.30965 74.46427 25.05697 36.30965 74.46427 25.05697 35.84795 52.57967 25.05692 35.84795 52.57967 25.05692 36.30965 74.46427 25.05697 36.30965 74.46427 25.05697 -36.13148 52.57975 25.05706 -36.44067 74.4643 25.05711 -36.44067 74.4643 25.05711 -0.9046279 57.09559 19.5388 2.120784 57.09557 19.5388 2.120784 57.09557 19.5388 -2.154875 62.14513 19.53882 3.371035 62.14513 19.53882 -0.9046282 57.09558 45.13621 -0.9046282 57.09558 45.13621 -0.9046282 57.09558 45.13621 -0.9046282 57.09558 45.13621 2.120786 57.0956 45.1362 -2.154882 62.14514 45.1362 -2.154882 62.14514 45.1362 3.371033 62.14514 45.1362 3.371033 62.14514 45.1362 17.15317 86.76821 20.90348 17.15317 86.76821 20.90348 17.15317 86.76821 20.90348 17.27108 78.52882 20.90349 17.27108 78.52882 20.90349 17.27108 78.52882 20.90349 9.752522 70.20439 20.90349 -11.20234 70.2044 20.90349 -11.20234 70.2044 20.90349 -11.20234 70.2044 20.90349 -15.59484 78.52882 20.90349 -15.59484 78.52882 20.90349 -15.61539 86.76821 20.90348 -15.61539 86.76821 20.90348 -10.69904 70.38151 21.63386 -10.69904 70.38151 21.63386 9.529433 70.39364 21.64008 9.529433 70.39364 21.64008 9.529433 70.39364 21.64008 17.15317 86.76821 20.90348 17.15317 86.76821 20.90348 17.15317 86.76821 20.90348 17.27108 78.52882 20.90349 9.752482 70.20439 20.90349 -11.20234 70.2044 20.90349 -11.20234 70.2044 20.90349 -11.20234 70.2044 20.90349 -15.5948 78.52882 20.90349 -15.5948 78.52882 20.90349 -15.61539 86.76821 20.90348 -15.61539 86.76821 20.90348 -10.69904 70.38151 21.63388 -10.69904 70.38151 21.63388 9.529432 70.39364 21.6401 9.529432 70.39364 21.6401 17.86071 87.05596 27.93453 17.86071 87.05596 27.93453 10.65807 82.52739 32.72414 17.88709 78.29884 27.93454 17.88709 78.29884 27.93454 10.67311 78.12581 32.72414 10.67311 78.12581 32.72414 10.67311 78.12581 32.72414 10.67311 78.12581 32.72414 10.37379 69.21041 27.93453 10.37379 69.21041 27.93453 10.37379 69.21041 27.93453 -10.92882 69.21041 27.93453 -10.92882 69.21041 27.93453 -18.09434 78.29884 27.93453 -18.02182 87.05596 27.93453 -18.02182 87.05596 27.93453 -18.02182 87.05596 27.93453 10.65902 82.51683 32.72414 10.65902 82.51683 32.72414 10.65902 82.51683 32.72414 10.67119 78.12998 32.72414 10.67119 78.12998 32.72414 10.67119 78.12998 32.72414 10.67119 78.12998 32.72414 6.136503 72.44867 32.72413 -6.529089 72.45481 32.72413 -6.529089 72.45481 32.72413 -6.529089 72.45481 32.72413 -10.89367 78.12398 32.72414 -10.89367 78.12398 32.72414 -10.84363 82.53153 32.72413 6.197872 72.32888 32.72414 6.197872 72.32888 32.72414 6.197872 72.32888 32.72414 -6.672265 72.32289 32.72414 -10.99323 78.11708 32.72413 -10.99323 78.11708 32.72413 -10.92826 82.54616 32.72414 -10.92826 82.54616 32.72414 -10.92826 82.54616 32.72414 16.95644 87.12638 32.00952 16.95644 87.12638 32.00952 16.95644 87.12638 32.00952 16.95644 87.12638 32.00952 16.95644 87.12638 32.00952 16.95644 87.12638 32.00952 -16.91798 87.14756 32.00952 -16.91798 87.14756 32.00952 -16.91798 87.14756 32.00952 16.98464 78.40303 32.00952 16.98464 78.40303 32.00952 16.98464 78.40303 32.00952 16.98464 78.40303 32.00952 16.98464 78.40303 32.00952 16.98464 78.40303 32.00952 9.763833 69.50618 32.00952 9.763833 69.50618 32.00952 9.763833 69.50618 32.00952 -10.27446 69.51372 32.00952 -10.27446 69.51372 32.00952 -10.27446 69.51372 32.00952 -10.27446 69.51372 32.00952 -10.27446 69.51372 32.00952 -10.27446 69.51372 32.00952 -10.27446 69.51372 32.00952 -16.98801 78.39444 32.00952 -16.98801 78.39444 32.00952 -16.98801 78.39444 32.00952 -16.98801 78.39444 32.00952 -16.98801 78.39444 32.00952 -16.98801 78.39444 32.00952 -16.98801 78.39444 32.00952 -16.98801 78.39444 32.00952 16.95644 87.12638 32.00952 16.95644 87.12638 32.00952 16.95644 87.12638 32.00952 16.95644 87.12638 32.00952 16.95644 87.12638 32.00952 16.95644 87.12638 32.00952 -16.91798 87.14756 32.00952 -16.91798 87.14756 32.00952 -16.91798 87.14756 32.00952 16.98463 78.403 32.00952 16.98463 78.403 32.00952 16.98463 78.403 32.00952 9.763833 69.50618 32.00952 9.763833 69.50618 32.00952 9.763833 69.50618 32.00952 9.763833 69.50618 32.00952 -10.27446 69.51372 32.00952 -10.27446 69.51372 32.00952 -10.27446 69.51372 32.00952 -10.27446 69.51372 32.00952 -10.27446 69.51372 32.00952 -10.27446 69.51372 32.00952 -10.27446 69.51372 32.00952 -10.27446 69.51372 32.00952 -16.98801 78.39444 32.00952 -16.98801 78.39444 32.00952 -16.98801 78.39444 32.00952 -16.98801 78.39444 32.00952 -16.98801 78.39444 32.00952 -16.98801 78.39444 32.00952 -16.98801 78.39444 32.00952 17.13339 87.15261 32.00952 17.13339 87.15261 32.00952 17.13339 87.15261 32.00952 -17.36173 87.176 32.00952 -17.36173 87.176 32.00952 -17.36173 87.176 32.00952 -17.36173 87.176 32.00952 -17.36173 87.176 32.00952 -17.36173 87.176 32.00952 17.15772 78.36579 32.00952 17.15772 78.36579 32.00952 17.15772 78.36579 32.00952 17.15772 78.36579 32.00952 17.15772 78.36579 32.00952 17.15772 78.36579 32.00952 9.990363 69.21939 32.00952 9.990363 69.21939 32.00952 9.990363 69.21939 32.00952 9.990363 69.21939 32.00952 9.990363 69.21939 32.00952 9.990363 69.21939 32.00952 -10.5567 69.21205 32.00952 -10.5567 69.21205 32.00952 -10.5567 69.21205 32.00952 -17.45796 78.35488 32.00952 -17.45796 78.35488 32.00952 -17.45796 78.35488 32.00952 -35.66664 77.69761 24.99009 -35.66664 77.69761 24.99009 -35.66711 84.69714 24.9832 -28.84981 85.66304 27.24356 -28.84981 85.66304 27.24356 -28.84695 76.65322 27.25043 -35.66711 84.60881 24.16934 -35.66711 84.60881 24.16934 -35.66711 84.60881 24.16934 -35.66711 84.60881 24.16934 -35.66665 77.77951 24.17621 -35.66664 80.00906 23.03728 -28.84695 76.68212 24.16034 -28.84695 76.68212 24.16034 -23.07772 77.63891 24.16037 -15.81746 79.84735 27.25045 -15.81813 82.23019 27.24354 -15.81813 82.23019 27.24354 -17.38981 84.31213 27.24354 -17.38981 84.31213 27.24354 -17.38981 84.31213 27.24354 -23.08054 84.65034 24.16931 -23.08054 84.65034 24.16931 -23.08054 84.65034 24.16931 -28.84981 85.60144 24.16934 -28.84981 85.60144 24.16934 -28.84981 85.60144 24.16934 -28.84981 85.60144 24.16934 -17.38916 77.9687 27.25045 -17.38916 77.9687 27.25045 35.45936 77.69761 24.99009 35.45936 77.69761 24.99009 28.63967 76.65322 27.25043 28.64253 85.66304 27.24356 28.64253 85.66304 27.24356 35.45983 84.69714 24.9832 35.45984 84.60881 24.16934 35.45984 84.60881 24.16934 35.45984 84.60881 24.16934 35.45984 84.60881 24.16934 35.45936 80.00906 23.03728 35.45936 77.77952 24.17621 22.87325 84.65032 24.16932 22.87325 84.65032 24.16932 22.87325 84.65032 24.16932 16.5874 84.31213 27.24354 16.5874 84.31213 27.24354 16.5874 84.31213 27.24354 28.64253 85.60144 24.16934 28.64253 85.60144 24.16934 28.64253 85.60144 24.16934 28.64253 85.60144 24.16934 15.01505 79.84736 27.25045 22.87044 77.6389 24.16037 28.63967 76.68212 24.16034 28.63967 76.68212 24.16034 16.58674 77.9687 27.25045 16.58674 77.9687 27.25045 15.01572 82.2302 27.24354 15.01572 82.2302 27.24354 -8.973964 121.1042 25.12778 -8.973964 121.1042 25.12778 -8.973975 110.6372 25.12778 8.766664 121.1042 25.12779 8.766613 110.6372 25.12779 -0.1036301 111.0449 28.97579 -0.1036301 111.0449 28.97579 -0.1036301 111.0449 28.97579 -0.1036301 111.0449 28.97579 -0.1036379 120.7649 28.97579 -0.1036379 120.7649 28.97579 26.44452 30.2355 24.91179 26.44452 30.2355 24.91179 25.80259 30.1625 19.44028 16.06924 30.2355 24.91179 16.06924 30.2355 24.91179 21.25688 13.62301 24.9118 21.25688 13.62301 24.9118 21.25688 16.98502 21.05373 21.25688 16.98502 21.05373 21.25688 16.98502 21.05373 21.25688 16.98502 21.05373 16.71117 30.1625 19.44028 23.11662 51.1725 24.91179 19.12302 45.66001 20.29634 19.39714 51.1725 24.91179 19.39714 51.1725 24.91179 19.39714 51.1725 24.91179 23.39073 45.66001 20.29634 23.39073 45.66001 20.29634 -26.44453 30.23549 24.9118 -26.44453 30.23549 24.9118 -21.25688 13.62301 24.9118 -21.25688 13.62301 24.9118 -21.25688 16.98501 21.05373 -21.25688 16.98501 21.05373 -21.25688 16.98501 21.05373 -21.25688 16.98501 21.05373 -25.80259 30.16249 19.44028 -23.11662 51.17249 24.91179 -23.39074 45.66001 20.29634 -23.39074 45.66001 20.29634 -16.06924 30.23549 24.9118 -16.06924 30.23549 24.9118 -16.71118 30.1625 19.44028 -19.39714 51.17249 24.91179 -19.39714 51.17249 24.91179 -19.39714 51.17249 24.91179 -19.12302 45.66 20.29634 -48.18797 76.72413 24.7702 -48.18797 76.72413 24.7702 -46.15609 59.43952 24.7702 -46.15609 59.43952 24.7702 -45.53548 62.74375 20.91213 -45.53548 62.74375 20.91213 -45.53548 62.74375 20.91213 -45.53548 62.74375 20.91213 -47.57054 76.5339 19.29869 -41.05236 96.687 24.77019 -42.33935 91.31983 20.15474 -42.33935 91.31983 20.15474 -37.991 74.80888 24.7702 -37.991 74.80888 24.7702 -38.63537 74.85565 19.29869 -37.3968 96.00038 24.77019 -37.3968 96.00038 24.77019 -37.3968 96.00038 24.77019 -38.14498 90.53204 20.15474 48.18797 76.72413 24.7702 48.18797 76.72413 24.7702 47.57055 76.5339 19.29869 45.53548 62.74375 20.91213 45.53548 62.74375 20.91213 45.53548 62.74375 20.91213 45.53548 62.74375 20.91213 46.15609 59.43952 24.7702 46.15609 59.43952 24.7702 41.05236 96.687 24.77019 42.33935 91.31983 20.15474 42.33935 91.31983 20.15474 37.99099 74.80888 24.7702 37.99099 74.80888 24.7702 38.63537 74.85565 19.29869 37.3968 96.00038 24.77019 37.3968 96.00038 24.77019 37.3968 96.00038 24.77019 38.14498 90.53204 20.15474 -0.3736673 -42.46217 22.6744 -0.3736673 -42.46217 22.6744 -0.3736673 -42.46217 22.6744 -0.3736673 -42.46217 22.6744 -0.3736047 -42.46217 19.23007 -0.3736047 -42.46217 19.23007 -19.19803 -33.31516 19.23007 -19.19803 -33.31516 19.23007 -19.19803 -33.31515 22.67439 -23.78345 -12.89458 19.23006 -23.78345 -12.8946 22.67438 -23.78345 -12.8946 22.67438 -10.67698 3.422417 19.23005 -10.67698 3.422416 22.67438 -10.67698 3.422416 22.67438 10.25194 3.348814 19.23005 10.25194 3.348814 19.23005 10.25194 3.348814 19.23005 23.24338 -13.05995 19.23006 23.24338 -13.05995 19.23006 23.24338 -13.05994 22.67438 10.25194 3.348823 22.67438 10.25194 3.348823 22.67438 10.25194 3.348823 22.67438 18.51456 -33.44771 19.23006 18.51456 -33.44772 22.67439 18.51456 -33.44772 22.67439 -9.81023 -109.9854 25.14378 -9.81023 -109.9854 25.14378 9.602949 -109.9854 25.14378 -9.810227 -89.32943 25.1438 9.60295 -89.32949 25.1438 9.60295 -89.32949 25.1438 -8.274442 23.36762 19.29564 -8.274442 23.36762 19.29564 -8.267393 22.22461 35.86312 -7.240911 17.88791 19.2756 -7.240911 17.88791 19.2756 -7.241364 17.45933 29.48646 -11.78615 20.39627 32.06073 -11.78615 20.39627 32.06073 -11.78615 20.39627 32.06073 -10.53722 22.05084 34.41524 -10.53722 22.05084 34.41524 -10.53722 22.05084 34.41524 -8.267393 22.22461 35.86312 -8.267393 22.22461 35.86312 -8.267393 22.22461 35.86312 -6.03874 21.96614 34.14154 -6.03874 21.96614 34.14154 -6.03874 21.96614 34.14154 -8.156329 14.8487 36.79599 -4.894052 20.2664 31.64147 -4.894052 20.2664 31.64147 -4.894052 20.2664 31.64147 -5.369027 18.45197 28.9237 -5.369027 18.45197 28.9237 -5.369027 18.45197 28.9237 -7.241364 17.45933 29.48646 -7.241364 17.45933 29.48646 -7.241364 17.45933 29.48646 -9.634974 17.50441 29.63209 -9.634974 17.50441 29.63209 -9.634974 17.50441 29.63209 -11.42986 19.76591 30.17178 -11.42986 19.76591 30.17178 -11.42986 19.76591 30.17178 -11.40294 14.85133 31.53899 -11.40294 14.85133 31.53899 -11.6796 14.84984 33.97803 -10.39741 14.84881 36.05419 -10.39741 14.84881 36.05419 -10.39741 14.84881 36.05419 -10.39741 14.84881 36.05419 -9.696853 14.85259 29.87836 -9.696853 14.85259 29.87836 -9.696853 14.85259 29.87836 -9.696853 14.85259 29.87836 -5.484995 14.85243 31.27253 -5.484995 14.85243 31.27253 -5.484995 14.85243 31.27253 -7.360946 14.9533 29.81835 -6.004899 14.84961 35.85634 -6.004899 14.84961 35.85634 -6.004899 14.84961 35.85634 -6.004899 14.84961 35.85634 -4.949965 14.85108 33.67496 -8.156329 14.8487 36.79599 8.067169 23.36763 19.29564 8.067169 23.36763 19.29564 8.060121 22.22461 35.86312 7.03364 17.88791 19.2756 7.03364 17.88791 19.2756 7.034086 17.45933 29.48647 10.32995 22.05084 34.41524 10.32995 22.05084 34.41524 10.32995 22.05084 34.41524 11.57887 20.39627 32.06073 11.57887 20.39627 32.06073 11.57887 20.39627 32.06073 8.060121 22.22461 35.86312 5.831459 21.96615 34.14154 5.831459 21.96615 34.14154 5.831459 21.96615 34.14154 8.060121 22.22461 35.86312 8.060121 22.22461 35.86312 7.949056 14.84872 36.79599 4.686778 20.2664 31.64147 4.686778 20.2664 31.64147 4.686778 20.2664 31.64147 5.161754 18.45197 28.9237 7.034086 17.45933 29.48647 7.034086 17.45933 29.48647 7.034086 17.45933 29.48647 5.161754 18.45197 28.9237 5.161754 18.45197 28.9237 9.427699 17.50441 29.63209 9.427699 17.50441 29.63209 9.427699 17.50441 29.63209 11.22259 19.76591 30.17178 11.22259 19.76591 30.17178 11.22259 19.76591 30.17178 5.797627 14.84962 35.85634 5.797627 14.84962 35.85634 5.797627 14.84962 35.85634 5.797627 14.84962 35.85634 7.949056 14.84872 36.79599 10.19015 14.84881 36.05419 10.19015 14.84881 36.05419 10.19015 14.84881 36.05419 10.19015 14.84881 36.05419 5.277721 14.85243 31.27253 5.277721 14.85243 31.27253 5.277721 14.85243 31.27253 4.742693 14.85108 33.67496 9.489577 14.85259 29.8784 9.489577 14.85259 29.8784 9.489577 14.85259 29.8784 9.489577 14.85259 29.8784 7.15367 14.9533 29.81838 11.19567 14.85135 31.539 11.19567 14.85135 31.539 11.47233 14.84984 33.97805 -8.274441 44.09524 19.29563 -8.274441 44.09524 19.29563 -8.267393 45.23825 35.8631 -7.240912 49.57495 19.27558 -7.240912 49.57495 19.27558 -7.241365 50.00353 29.48645 -11.78615 47.06658 32.06073 -11.78615 47.06658 32.06073 -11.78615 47.06658 32.06073 -10.53722 45.41201 34.41524 -10.53722 45.41201 34.41524 -10.53722 45.41201 34.41524 -8.267393 45.23825 35.8631 -8.267393 45.23825 35.8631 -8.267393 45.23825 35.8631 -8.156329 52.61415 36.79599 -6.038742 45.49671 34.14154 -6.038742 45.49671 34.14154 -6.038742 45.49671 34.14154 -4.89405 47.19646 31.64147 -4.89405 47.19646 31.64147 -4.89405 47.19646 31.64147 -5.369026 49.01089 28.92369 -5.369026 49.01089 28.92369 -5.369026 49.01089 28.92369 -7.241365 50.00353 29.48645 -7.241365 50.00353 29.48645 -7.241365 50.00353 29.48645 -9.634974 49.95845 29.63208 -9.634974 49.95845 29.63208 -9.634974 49.95845 29.63208 -11.42986 47.69694 30.17177 -11.42986 47.69694 30.17177 -11.42986 47.69694 30.17177 -6.004899 52.61325 35.85632 -6.004899 52.61325 35.85632 -6.004899 52.61325 35.85632 -6.004899 52.61325 35.85632 -8.156329 52.61415 36.79599 -10.39742 52.61405 36.05418 -10.39742 52.61405 36.05418 -10.39742 52.61405 36.05418 -10.39742 52.61405 36.05418 -5.484992 52.61042 31.27252 -5.484992 52.61042 31.27252 -5.484992 52.61042 31.27252 -4.949962 52.61177 33.67496 -9.696851 52.61026 29.87836 -9.696851 52.61026 29.87836 -9.696851 52.61026 29.87836 -9.696851 52.61026 29.87836 -7.360948 52.50955 29.81833 -11.40294 52.61152 31.53898 -11.40294 52.61152 31.53898 -11.6796 52.61302 33.97803 8.060117 45.23825 35.8631 8.067171 44.09523 19.29563 8.067171 44.09523 19.29563 7.03409 50.00352 29.48645 7.033644 49.57495 19.27558 7.033644 49.57495 19.27558 11.57888 47.06658 32.06073 11.57888 47.06658 32.06073 11.57888 47.06658 32.06073 10.32995 45.41202 34.41524 10.32995 45.41202 34.41524 10.32995 45.41202 34.41524 8.060117 45.23825 35.8631 7.94905 52.61415 36.79599 8.060117 45.23825 35.8631 8.060117 45.23825 35.8631 5.831463 45.4967 34.14154 5.831463 45.4967 34.14154 5.831463 45.4967 34.14154 4.68678 47.19644 31.64147 4.68678 47.19644 31.64147 4.68678 47.19644 31.64147 5.161753 49.01089 28.9237 5.161753 49.01089 28.9237 5.161753 49.01089 28.9237 7.03409 50.00352 29.48645 7.03409 50.00352 29.48645 7.03409 50.00352 29.48645 9.427701 49.95843 29.63208 9.427701 49.95843 29.63208 9.427701 49.95843 29.63208 11.22258 47.69694 30.17177 11.22258 47.69694 30.17177 11.22258 47.69694 30.17177 11.19567 52.61151 31.53898 11.19567 52.61151 31.53898 11.47233 52.61302 33.97803 10.19014 52.61404 36.05418 10.19014 52.61404 36.05418 10.19014 52.61404 36.05418 10.19014 52.61404 36.05418 9.489578 52.61026 29.87839 9.489578 52.61026 29.87839 9.489578 52.61026 29.87839 9.489578 52.61026 29.87839 5.277721 52.61042 31.27252 5.277721 52.61042 31.27252 5.277721 52.61042 31.27252 7.153676 52.50955 29.81838 5.797626 52.61324 35.85633 5.797626 52.61324 35.85633 5.797626 52.61324 35.85633 5.797626 52.61324 35.85633 4.742695 52.61177 33.67496 7.94905 52.61415 36.79599 5.950011 40.89984 19.34589 5.950011 40.89984 19.34589 5.950094 42.24298 64.32507 -6.403523 27.19252 19.34586 -6.403656 28.53544 64.32378 -6.403656 28.53544 64.32378 -9.869507 35.8017 64.32507 -9.869507 35.8017 64.32507 -9.869507 35.8017 64.32507 -5.744875 42.24298 64.32507 5.950094 42.24298 64.32507 5.950094 42.24298 64.32507 5.950094 42.24298 64.32507 6.392272 28.5355 64.32749 6.392272 28.5355 64.32749 6.392272 28.5355 64.32749 -6.403656 28.53544 64.32378 9.883879 35.80169 64.32507 0.6171701 -110.3973 -13.41413 0.6229731 -47.42208 -20.95446 0.6229731 -47.42208 -20.95446 0.6229731 -47.42208 -20.95446 0.6171701 -110.3973 -13.41413 0.6171701 -110.3973 -13.41413 -29.58391 -76.41375 -10.69357 38.04862 -41.10284 26.11216 38.04862 -41.10284 26.11216 38.04862 -41.10284 26.11216 36.77612 -79.57267 12.47066 36.77612 -79.57267 12.47066 36.77612 -79.57267 12.47066 36.77612 -79.57267 12.47066 33.14109 -81.79663 25.60568 0.6229762 -23.06971 -22.37795 0.6229762 -23.06971 -22.37795 0.6229762 -23.06971 -22.37795 -38.1454 -79.73634 12.47067 -38.1454 -79.73634 12.47067 -38.1454 -79.73634 12.47067 -38.1454 -79.73634 12.47067 38.0561 -8.542654 26.09958 38.0561 -8.542654 26.09958 38.0561 -8.542654 26.09958 38.0561 -8.542654 26.09958 0.6136127 46.19476 -22.44322 0.6136127 46.19476 -22.44322 -34.60436 -8.027055 19.04637 -39.65626 -8.718137 26.09564 -39.65626 -8.718137 26.09564 32.88323 -8.026987 19.04791 32.88323 -8.026987 19.04791 38.0561 -8.542654 26.09958 38.07038 23.13835 26.10469 38.07038 23.13835 26.10469 31.58765 86.84501 25.03749 -11.46734 -123.5203 12.47067 -11.46734 -123.5203 12.47067 8.949394 -130.3026 25.64199 8.949394 -130.3026 25.64199 8.949394 -130.3026 25.64199 8.949394 -130.3026 25.64199 9.996498 -123.3328 12.47067 0.6171701 -110.3973 -13.41413 0.6171701 -110.3973 -13.41413 9.996498 -123.3328 12.47067 36.77612 -79.57267 12.47066 36.77612 -79.57267 12.47066 30.97045 -76.23338 -10.66546 -11.46734 -123.5203 12.47067 -11.46734 -123.5203 12.47067 -38.1454 -79.73634 12.47067 -10.48764 -130.4597 25.53967 -39.68964 -41.2572 26.1104 -39.68964 -41.2572 26.1104 -39.68964 -41.2572 26.1104 -34.75207 -81.95266 25.53926 -39.65626 -8.718137 26.09564 -39.65626 -8.718137 26.09564 -39.65626 -8.718137 26.09564 -39.70718 23.14898 26.09737 -39.70718 23.14898 26.09737 -39.70718 23.14898 26.09737 -39.70718 23.14898 26.09737 0.6171701 -110.3973 -13.41413 -11.46734 -123.5203 12.47067 9.996498 -123.3328 12.47067 -23.69444 123.3276 26.29696 -23.69444 123.3276 26.29696 -25.87341 120.1041 12.47064 -1.770966 150.5903 12.47064 -1.770966 150.5903 12.47064 24.3799 120.2872 12.47064 22.05285 123.486 26.29705 22.05285 123.486 26.29705 -2.01329 153.4268 26.29696 37.4176 58.74354 26.1253 37.4176 58.74354 26.1253 32.94299 86.84603 26.22962 32.94299 86.84603 26.22962 32.46297 86.81679 34.0923 32.46297 86.81679 34.0923 23.39696 124.7052 33.9911 23.39696 124.7052 33.9911 23.39696 124.7052 33.9911 22.05285 123.486 26.29705 22.05285 123.486 26.29705 22.05285 123.486 26.29705 32.94299 86.84603 26.22962 -1.987362 155.1031 33.99588 -2.031788 151.6983 25.10594 -2.031788 151.6983 25.10594 -25.01509 124.4702 33.98031 -25.01509 124.4702 33.98031 -25.01509 124.4702 33.98031 -34.59275 86.94375 26.22748 -34.59275 86.94375 26.22748 -23.69444 123.3276 26.29696 -23.69444 123.3276 26.29696 -23.69444 123.3276 26.29696 -1.987362 155.1031 33.99588 -1.987362 155.1031 33.99588 -2.01329 153.4268 26.29696 -1.987362 155.1031 33.99588 -2.01329 153.4268 26.29696 -2.01329 153.4268 26.29696 -32.04054 -81.09092 25.11333 -32.04054 -81.09092 25.11333 -32.04054 -81.09092 25.11333 30.41302 -80.94071 25.11345 30.41302 -80.94071 25.11345 9.00963 -132.2565 29.54039 9.00963 -132.2565 29.54039 33.091 -83.11827 29.58922 33.091 -83.11827 29.58922 33.091 -83.11827 29.58922 33.14109 -81.79663 25.60568 33.14109 -81.79663 25.60568 33.14109 -81.79663 25.60568 8.949394 -130.3026 25.64199 -34.55636 -80.82511 26.35013 -34.55636 -80.82511 26.35013 32.93126 -80.66923 26.36249 32.93126 -80.66923 26.36249 32.93126 -80.66923 26.36249 32.93126 -80.66923 26.36249 32.93126 -80.66923 26.36249 -10.48472 -132.409 29.52956 -10.43266 -127.1003 25.11384 -10.43266 -127.1003 25.11384 -10.48472 -132.409 29.52956 -10.48472 -132.409 29.52956 9.00963 -132.2565 29.54039 -34.738 -83.26651 29.57786 -34.738 -83.26651 29.57786 -34.738 -83.26651 29.57786 -34.738 -83.26651 29.57786 -10.48472 -132.409 29.52956 -10.48764 -130.4597 25.53967 -10.48764 -130.4597 25.53967 -34.75207 -81.95266 25.53926 -34.75207 -81.95266 25.53926 -34.55636 -80.82511 26.35013 -34.55636 -80.82511 26.35013 -34.55636 -80.82511 26.35013 -33.22274 86.95668 25.03696 -33.22274 86.95668 25.03696 -34.16742 86.80791 34.08068 -34.59275 86.94375 26.22748 -34.16742 86.80791 34.08068 -33.22274 86.95668 25.03696 8.890068 -126.9491 25.11395 8.890068 -126.9491 25.11395 -10.43266 -127.1003 25.11384 -32.04054 -81.09092 25.11333 -32.04054 -81.09092 25.11333 -32.04054 -81.09092 25.11333 -32.04054 -81.09092 25.11333 -32.04054 -81.09092 25.11333 30.41302 -80.94071 25.11345 30.41302 -80.94071 25.11345 30.41302 -80.94071 25.11345 32.89764 -73.0548 25.14703 -34.57305 -73.05485 25.14054 38.0513 54.64184 26.12529 38.0513 54.64184 26.12529 37.87666 53.80021 26.09152 32.84463 46.78551 19.04311 32.84463 46.78551 19.04311 32.84463 46.78551 19.04311 31.58765 86.84501 25.03749 31.58765 86.84501 25.03749 31.58799 88.12065 19.03927 -34.63332 46.72983 19.04158 -34.63332 46.72983 19.04158 -33.22275 88.06385 19.03801 31.58799 88.12065 19.03927 31.58799 88.12065 19.03927 31.58799 88.12065 19.03927 31.58799 88.12065 19.03927 31.58799 88.12065 19.03927 -34.61405 19.35695 19.04397 -34.61405 19.35695 19.04397 -34.61405 19.35695 19.04397 -34.61405 19.35695 19.04397 -34.58506 -35.39995 19.04875 -34.58506 -35.39995 19.04875 -34.58506 -35.39995 19.04875 -34.58506 -35.39995 19.04875 -34.60436 -8.027055 19.04637 32.89259 -73.0541 19.05408 32.89259 -73.0541 19.05408 -34.57572 -73.05416 19.05255 32.88324 -35.3443 19.05029 32.88324 -35.3443 19.05029 32.88324 -35.3443 19.05029 32.88324 -35.3443 19.05029 32.88324 -35.3443 19.05029 32.85424 19.3459 19.04552 32.85424 19.3459 19.04552 32.85424 19.3459 19.04552 32.88323 -8.026987 19.04791 32.84463 46.78551 19.04311 -34.57305 -73.05485 25.14054 -34.57572 -73.05416 19.05255 -33.85999 -73.05516 25.11067 32.89259 -73.0541 19.05408 32.89764 -73.0548 25.14703 32.18069 -73.05511 25.11069 32.18069 -73.05511 25.11069 32.18069 -73.05511 25.11069 -33.85999 -73.05516 25.11067 -34.57572 -73.05416 19.05255 -34.57572 -73.05416 19.05255 32.89259 -73.0541 19.05408 -39.57105 53.65164 26.09109 -39.57105 53.65164 26.09109 -39.1118 58.5657 26.12501 -34.59275 86.94375 26.22748 -34.59275 86.94375 26.22748 -34.59275 86.94375 26.22748 -34.63332 46.72983 19.04158 -34.63332 46.72983 19.04158 -34.63332 46.72983 19.04158 -33.22274 86.95668 25.03696 -33.22274 86.95668 25.03696 -33.22275 88.06385 19.03801 -39.1118 58.5657 26.12501 -39.57105 53.65164 26.09109 -39.70718 23.14898 26.09737 37.87666 53.80021 26.09152 38.0513 54.64184 26.12529 37.4176 58.74354 26.1253 -33.22274 86.95668 25.03696 -33.22274 86.95668 25.03696 -23.21905 122.2557 25.10527 -2.031788 151.6983 25.10594 -2.031788 151.6983 25.10594 -2.031788 151.6983 25.10594 31.58765 86.84501 25.03749 31.58765 86.84501 25.03749 21.56295 122.4174 25.10541 24.3799 120.2872 12.47064 24.3799 120.2872 12.47064 -1.770966 150.5903 12.47064 -0.7605639 130.0225 -18.93004 -1.905667 145.1864 -10.85036 -1.905667 145.1864 -10.85036 -1.770966 150.5903 12.47064 -25.87341 120.1041 12.47064 -25.87341 120.1041 12.47064 -0.7605639 130.0225 -18.93004 -0.7605639 130.0225 -18.93004 -0.7605639 130.0225 -18.93004 -0.7605639 130.0225 -18.93004 2.120787 -73.04363 45.13623 3.37104 -67.99409 45.13622 3.37104 -67.99409 45.13622 3.37103 -67.99411 19.53883 3.37103 -67.99411 19.53883 3.37104 -67.99409 45.13622 -2.154895 -67.99409 45.13622 -2.154895 -67.99409 45.13622 -2.154866 -67.99411 19.53883 -2.154866 -67.99411 19.53883 2.120786 57.0956 45.1362 3.371033 62.14514 45.1362 3.371033 62.14514 45.1362 3.371035 62.14513 19.53882 3.371035 62.14513 19.53882 3.371033 62.14514 45.1362 -2.154882 62.14514 45.1362 -2.154882 62.14514 45.1362 -2.154875 62.14513 19.53882 -2.154875 62.14513 19.53882 6.136503 72.44867 32.72413 6.136503 72.44867 32.72413 9.763833 69.50618 32.00952 9.763833 69.50618 32.00952 -10.84363 82.53153 32.72413 -10.84363 82.53153 32.72413 -16.91798 87.14756 32.00952 -16.91798 87.14756 32.00952 10.65902 82.51683 32.72414 10.65902 82.51683 32.72414 10.65902 82.51683 32.72414 10.67119 78.12998 32.72414 10.67119 78.12998 32.72414 10.67119 78.12998 32.72414 10.67119 78.12998 32.72414 6.136503 72.44867 32.72413 16.98463 78.403 32.00952 16.98463 78.403 32.00952 6.136503 72.44867 32.72413 6.136503 72.44867 32.72413 -6.529089 72.45481 32.72413 -6.529089 72.45481 32.72413 9.763833 69.50618 32.00952 9.763833 69.50618 32.00952 -10.89367 78.12398 32.72414 -10.89367 78.12398 32.72414 -10.89367 78.12398 32.72414 -10.84363 82.53153 32.72413 -10.84363 82.53153 32.72413 -16.91798 87.14756 32.00952 -16.91798 87.14756 32.00952 17.13339 87.15261 32.00952 17.13339 87.15261 32.00952 17.13339 87.15261 32.00952 -10.92882 69.21041 27.93453 -10.92882 69.21041 27.93453 -10.5567 69.21205 32.00952 -10.5567 69.21205 32.00952 -10.5567 69.21205 32.00952 -17.45796 78.35488 32.00952 -17.45796 78.35488 32.00952 -17.45796 78.35488 32.00952 -18.09434 78.29884 27.93453 9.529433 70.39364 21.64008 9.529433 70.39364 21.64008 -15.61539 86.76821 20.90348 -15.61539 86.76821 20.90348 -10.84363 82.53153 32.72413 17.27108 78.52882 20.90349 17.27108 78.52882 20.90349 17.27108 78.52882 20.90349 9.529432 70.39364 21.6401 9.529432 70.39364 21.6401 -15.61539 86.76821 20.90348 -15.61539 86.76821 20.90348 17.86071 87.05596 27.93453 17.86071 87.05596 27.93453 10.65807 82.52739 32.72414 -6.672265 72.32289 32.72414 -10.99323 78.11708 32.72413 -10.99323 78.11708 32.72413 -28.84981 85.66304 27.24356 -28.84981 85.66304 27.24356 -28.84981 85.66304 27.24356 -35.66711 84.69714 24.9832 -15.81746 79.84735 27.25045 -23.07772 77.63891 24.16037 -23.07772 77.63891 24.16037 -23.07772 77.63891 24.16037 -28.84695 76.68212 24.16034 -28.84695 76.68212 24.16034 -28.84695 76.68212 24.16034 -35.66665 77.77951 24.17621 -35.66664 77.69761 24.99009 -35.66664 77.69761 24.99009 -28.84695 76.65322 27.25043 -28.84695 76.65322 27.25043 -28.84695 76.65322 27.25043 -15.81746 79.84735 27.25045 -17.38916 77.9687 27.25045 -17.38916 77.9687 27.25045 -17.38916 77.9687 27.25045 -17.38981 84.31213 27.24354 -17.38981 84.31213 27.24354 -17.38981 84.31213 27.24354 -28.84695 76.65322 27.25043 -28.84695 76.65322 27.25043 -28.84981 85.66304 27.24356 28.64253 85.66304 27.24356 28.64253 85.66304 27.24356 28.64253 85.66304 27.24356 35.45983 84.69714 24.9832 22.87044 77.6389 24.16037 22.87044 77.6389 24.16037 22.87044 77.6389 24.16037 15.01505 79.84736 27.25045 35.45936 77.69761 24.99009 35.45936 77.69761 24.99009 35.45936 77.77952 24.17621 28.63967 76.68212 24.16034 28.63967 76.68212 24.16034 28.63967 76.68212 24.16034 28.63967 76.65322 27.25043 28.63967 76.65322 27.25043 28.63967 76.65322 27.25043 16.58674 77.9687 27.25045 16.58674 77.9687 27.25045 16.58674 77.9687 27.25045 15.01505 79.84736 27.25045 16.5874 84.31213 27.24354 16.5874 84.31213 27.24354 16.5874 84.31213 27.24354 28.64253 85.66304 27.24356 28.63967 76.65322 27.25043 28.63967 76.65322 27.25043 -0.1036301 111.0449 28.97579 -8.973975 110.6372 25.12778 -0.1036379 120.7649 28.97579 -8.973964 121.1042 25.12778 8.766664 121.1042 25.12779 8.766664 121.1042 25.12779 8.766613 110.6372 25.12779 25.80259 30.1625 19.44028 26.44452 30.2355 24.91179 26.44452 30.2355 24.91179 21.25688 13.62301 24.9118 21.25688 13.62301 24.9118 16.06924 30.2355 24.91179 26.44452 30.2355 24.91179 26.44452 30.2355 24.91179 23.11662 51.1725 24.91179 23.39073 45.66001 20.29634 23.39073 45.66001 20.29634 23.11662 51.1725 24.91179 19.39714 51.1725 24.91179 19.39714 51.1725 24.91179 -26.44453 30.23549 24.9118 -26.44453 30.23549 24.9118 -25.80259 30.16249 19.44028 -26.44453 30.23549 24.9118 -26.44453 30.23549 24.9118 -23.11662 51.17249 24.91179 -21.25688 13.62301 24.9118 -21.25688 13.62301 24.9118 -16.06924 30.23549 24.9118 -23.39074 45.66001 20.29634 -23.39074 45.66001 20.29634 -19.39714 51.17249 24.91179 -19.39714 51.17249 24.91179 -23.11662 51.17249 24.91179 -48.18797 76.72413 24.7702 -48.18797 76.72413 24.7702 -47.57054 76.5339 19.29869 -48.18797 76.72413 24.7702 -48.18797 76.72413 24.7702 -41.05236 96.687 24.77019 -46.15609 59.43952 24.7702 -46.15609 59.43952 24.7702 -37.991 74.80888 24.7702 -42.33935 91.31983 20.15474 -42.33935 91.31983 20.15474 -37.3968 96.00038 24.77019 -37.3968 96.00038 24.77019 -41.05236 96.687 24.77019 47.57055 76.5339 19.29869 48.18797 76.72413 24.7702 48.18797 76.72413 24.7702 46.15609 59.43952 24.7702 46.15609 59.43952 24.7702 37.99099 74.80888 24.7702 48.18797 76.72413 24.7702 48.18797 76.72413 24.7702 41.05236 96.687 24.77019 42.33935 91.31983 20.15474 42.33935 91.31983 20.15474 41.05236 96.687 24.77019 37.3968 96.00038 24.77019 37.3968 96.00038 24.77019 -19.19803 -33.31516 19.23007 -19.19803 -33.31516 19.23007 -19.19803 -33.31515 22.67439 -23.78345 -12.8946 22.67438 -23.78345 -12.89458 19.23006 -23.78345 -12.89458 19.23006 23.24338 -13.05995 19.23006 23.24338 -13.05995 19.23006 23.24338 -13.05994 22.67438 18.51456 -33.44772 22.67439 18.51456 -33.44771 19.23006 18.51456 -33.44771 19.23006 -10.67698 3.422416 22.67438 -10.67698 3.422416 22.67438 -10.67698 3.422417 19.23005 18.51456 -33.44772 22.67439 18.51456 -33.44772 22.67439 18.51456 -33.44772 22.67439 -0.3736673 -42.46217 22.6744 -19.19803 -33.31515 22.67439 -19.19803 -33.31515 22.67439 -19.19803 -33.31515 22.67439 -10.67698 3.422416 22.67438 -10.67698 3.422416 22.67438 -10.67698 3.422416 22.67438 -10.67698 3.422416 22.67438 10.25194 3.348823 22.67438 23.24338 -13.05994 22.67438 23.24338 -13.05994 22.67438 -23.78345 -12.8946 22.67438 -4.538614 146.8578 24.777 3.624068 143.7553 24.78301 3.572355 143.5746 24.7835 1.158197 143.1781 24.78463 1.158197 143.1781 24.78463 1.158197 143.1781 24.78463 -3.816005 146.807 24.77713 -1.457136 145.3172 87.6319 -1.457136 145.3172 87.6319 -2.698414 146.4778 87.61194 -2.698414 146.4778 87.61194 -2.698414 146.4778 87.61194 -2.698414 146.4778 87.61194 -2.105921 144.6032 87.64834 -1.470682 145.1262 87.63581 -1.470682 145.1262 87.63581 3.624068 143.7553 24.78301 3.624068 143.7553 24.78301 -4.538614 146.8578 24.777 -4.538614 146.8578 24.777 -2.698414 146.4778 87.61194 -2.105921 144.6032 87.64834 -2.105921 144.6032 87.64834 -2.105921 144.6032 87.64834 -1.470682 145.1262 87.63581 -1.470682 145.1262 87.63581 -1.470682 145.1262 87.63581 3.572355 143.5746 24.7835 3.572355 143.5746 24.7835 3.572355 143.5746 24.7835 -1.457136 145.3172 87.6319 -1.457136 145.3172 87.6319 3.624068 143.7553 24.78301 0.1266142 142.8742 87.93852 0.1266662 142.8512 67.00018 0.1266142 142.8742 87.93852 0.1266584 117.4105 66.88453 0.1266584 117.4105 66.88453 0.1266662 142.8512 67.00018 -5.788266 54.66538 99.05197 -5.788266 54.66538 99.05197 -5.788267 59.24987 99.05196 6.041389 59.24987 99.05196 6.041396 54.66532 99.05197 6.041396 54.66532 99.05197 6.041389 59.24987 99.05196 6.041396 54.66532 99.05197 6.041396 54.66532 99.05197 -5.788266 54.66538 99.05197 -5.788266 54.66538 99.05197 -5.788267 59.24987 99.05196 -1.768107 53.72064 98.27902 -1.768107 53.72064 98.27902 -1.768107 52.52494 100.3191 -40 52.52497 96.37326 -40 52.52497 96.37326 -39.99999 53.72056 95.39964 -1.768107 51.35608 98.26353 -40 51.3561 95.38413 -40 51.3561 95.38413 -40 51.3561 95.38413 40 52.52496 96.37326 40 52.52496 96.37326 2.453662 52.52494 100.3191 2.453666 53.72064 98.27902 2.453666 53.72064 98.27902 39.99999 53.72057 95.39964 40 51.35606 95.38413 40 51.35606 95.38413 40 51.35606 95.38413 2.453662 51.35608 98.26353 1.214927 54.68184 145.6847 -0.7082968 54.67594 145.6848 -0.7082968 54.67594 145.6848 -0.7082968 54.67594 145.6848 -0.873118 52.75381 145.6986 1.382341 52.75103 145.6983 1.382341 52.75103 145.6983 1.382341 52.75103 145.6983 1.382341 52.75103 145.6983 1.382341 52.75103 145.6983 1.382341 52.75103 145.6983 -1.269204 52.55951 82.22959 -1.269204 52.55951 82.22959 2.077398 52.09205 82.21362 2.526532 53.12715 82.21339 2.526532 53.12715 82.21339 1.225169 54.88587 82.20922 1.225169 54.88587 82.20922 -0.8588832 54.87919 82.20331 -0.8588832 54.87919 82.20331 -0.8588832 54.87919 82.20331 1.929111 52.23835 82.21361 1.929111 52.23835 82.21361 1.929111 52.23835 82.21361 1.929111 52.23835 82.21361 1.661652 57.65071 104.4845 1.661652 57.65071 104.4845 1.661652 57.65071 104.4845 1.661652 57.65071 104.4845 1.661652 57.65071 104.4845 1.661652 57.65071 104.4845 1.661652 57.65071 104.4845 -1.223133 57.6407 104.4847 -1.223133 57.6407 104.4847 -1.223133 57.6407 104.4847 -1.223133 57.6407 104.4847 -1.223133 57.6407 104.4847 -1.470366 54.38554 104.5035 -1.470366 54.38554 104.5035 -1.470366 54.38554 104.5035 -1.470366 54.38554 104.5035 -1.470366 54.38554 104.5035 1.912771 54.3808 104.5032 -1.678668 54.38711 13.40141 -1.678668 54.38711 13.40141 -1.678668 54.38711 13.40141 -1.678668 54.38711 13.40141 -1.678668 54.38711 13.40141 2.49346 53.72916 13.40141 3.053392 55.18609 13.40141 3.053392 55.18609 13.40141 1.43102 57.66159 13.40137 1.43102 57.66159 13.40137 1.43102 57.66159 13.40137 -1.167134 57.65216 13.40137 -1.167134 57.65216 13.40137 -1.167134 57.65216 13.40137 1.027248 57.80932 104.5227 -0.7074477 57.79932 104.5228 -0.7074477 57.79932 104.5228 -0.7074477 57.79932 104.5228 2.237396 54.55115 13.42803 2.237396 54.55115 13.42803 2.237396 54.55115 13.42803 2.237396 54.55115 13.42803 2.308606 53.93504 13.40141 -3.767056 54.63468 90.93552 4.395625 54.80043 94.36077 4.343911 54.80435 94.57929 1.929754 54.82531 95.06693 1.929754 54.82531 95.06693 1.929754 54.82531 95.06693 -3.044446 54.63362 90.99552 -1.457135 108.2427 127.8764 -1.457135 108.2427 127.8764 -2.698411 108.5127 126.6659 -2.698411 108.5127 126.6659 -2.698411 108.5127 126.6659 -2.698411 108.5127 126.6659 -2.105919 108.1524 128.6707 -1.470679 108.2097 128.083 -1.470679 108.2097 128.083 -8.638624 44.19211 82.3049 -8.638624 44.19211 82.3049 8.431349 44.19211 82.3049 -8.638625 64.7883 82.3049 8.43135 64.7883 82.3049 -8.638625 44.19211 84.09129 -8.638625 44.19211 84.09129 8.431349 44.19211 84.09129 -8.638625 64.78832 84.0913 8.431347 64.78826 84.0913 8.431347 64.78826 84.0913 -8.638628 44.19214 103.3441 -8.638628 44.19214 103.3441 8.431348 44.19214 103.3441 -8.638625 64.78829 103.3441 8.431348 64.78829 103.3441 -8.638627 44.19214 105.1305 -8.638627 44.19214 105.1305 8.431347 44.19214 105.1305 -8.638625 64.78833 105.1305 8.431348 64.78828 105.1305 8.431348 64.78828 105.1305 -1.768107 52.52494 100.3191 -1.768107 52.52494 100.3191 -40 52.52497 96.37326 -40 52.52497 96.37326 -39.99999 53.72056 95.39964 2.453662 52.52494 100.3191 2.453662 52.52494 100.3191 40 52.52496 96.37326 40 52.52496 96.37326 39.99999 53.72057 95.39964 1.225169 54.88587 82.20922 1.214927 54.68184 145.6847 1.214927 54.68184 145.6847 1.214927 54.68184 145.6847 -0.873118 52.75381 145.6986 -0.873118 52.75381 145.6986 -0.873118 52.75381 145.6986 -0.7082968 54.67594 145.6848 -0.7082968 54.67594 145.6848 -1.269204 52.55951 82.22959 -1.269204 52.55951 82.22959 1.912771 54.3808 104.5032 1.912771 54.3808 104.5032 2.308606 53.93504 13.40141 2.308606 53.93504 13.40141 2.237396 54.55115 13.42803 2.237396 54.55115 13.42803 2.237396 54.55115 13.42803 4.395625 54.80043 94.36077 4.395625 54.80043 94.36077 -3.767056 54.63468 90.93552 -3.767056 54.63468 90.93552 -2.698411 108.5127 126.6659 -2.105919 108.1524 128.6707 -2.105919 108.1524 128.6707 -2.105919 108.1524 128.6707 -1.470679 108.2097 128.083 -1.470679 108.2097 128.083 -1.470679 108.2097 128.083 4.343911 54.80435 94.57929 4.343911 54.80435 94.57929 4.343911 54.80435 94.57929 -1.457135 108.2427 127.8764 -1.457135 108.2427 127.8764 4.395625 54.80043 94.36077 -8.638625 44.19211 84.09129 8.431349 44.19211 84.09129 8.431349 44.19211 84.09129 8.431349 44.19211 82.3049 8.431349 44.19211 82.3049 8.431349 44.19211 84.09129 8.431347 64.78826 84.0913 8.431347 64.78826 84.0913 8.43135 64.7883 82.3049 8.43135 64.7883 82.3049 8.431347 64.78826 84.0913 -8.638625 64.78832 84.0913 -8.638625 64.78832 84.0913 -8.638625 64.7883 82.3049 -8.638625 64.7883 82.3049 -8.638625 64.78832 84.0913 -8.638625 44.19211 84.09129 -8.638625 44.19211 84.09129 -8.638624 44.19211 82.3049 8.431347 44.19214 105.1305 8.431347 44.19214 105.1305 -8.638627 44.19214 105.1305 8.431348 64.78828 105.1305 8.431348 64.78828 105.1305 8.431348 44.19214 103.3441 8.431348 44.19214 103.3441 8.431347 44.19214 105.1305 -8.638625 64.78833 105.1305 -8.638625 64.78833 105.1305 8.431348 64.78829 103.3441 8.431348 64.78829 103.3441 8.431348 64.78828 105.1305 -8.638627 44.19214 105.1305 -8.638627 44.19214 105.1305 -8.638628 44.19214 103.3441 -8.638625 64.78829 103.3441 -8.638625 64.78829 103.3441 -8.638625 64.78833 105.1305 -5.788267 -75.47386 99.05197 -5.788267 -75.47386 99.05197 -5.788267 -70.88935 99.05197 6.041391 -70.88935 99.05197 6.041398 -75.4739 99.05197 6.041398 -75.4739 99.05197 6.041391 -70.88935 99.05197 6.041398 -75.4739 99.05197 6.041398 -75.4739 99.05197 -5.788267 -75.47386 99.05197 -5.788267 -75.47386 99.05197 -5.788267 -70.88935 99.05197 0.2652492 -72.68591 121.1609 1.468765 -72.82472 121.1251 1.307625 -72.75067 121.1429 -1.768106 -76.41859 98.27904 -1.768106 -76.41859 98.27904 -1.768106 -77.6143 100.3191 -40 -77.61433 96.37327 -40 -77.61433 96.37327 -40 -76.41865 95.39966 -1.768106 -78.78315 98.26354 -40 -78.78315 95.38415 -40 -78.78315 95.38415 -40 -78.78315 95.38415 40 -77.61426 96.37327 40 -77.61426 96.37327 2.453661 -77.6143 100.3191 2.453665 -76.41859 98.27904 2.453665 -76.41859 98.27904 40 -76.41865 95.39966 40 -78.78318 95.38415 40 -78.78318 95.38415 40 -78.78318 95.38415 2.453662 -78.78315 98.26354 1.468765 -72.82472 121.1251 1.468765 -72.82472 121.1251 1.468765 -72.82472 121.1251 1.468765 -72.82472 121.1251 0.1325984 -72.76095 121.1428 0.1325984 -72.76095 121.1428 0.1325984 -72.76095 121.1428 -0.1223174 -75.87429 121.1428 -0.1223174 -75.87429 121.1428 -0.1223174 -75.87429 121.1428 1.596336 -75.87875 121.1425 -0.9925913 -76.40484 20.20758 -0.9925913 -76.40484 20.20758 -0.9925913 -76.40484 20.20758 3.471374 -76.37866 20.21415 3.471374 -76.37866 20.21415 2.296271 -71.43896 20.2076 2.296271 -71.43896 20.2076 -0.4515838 -71.45329 20.2076 -0.4515838 -71.45329 20.2076 -0.4515838 -71.45329 20.2076 1.343851 -75.83704 162.4277 0.1683387 -75.84368 162.4278 0.1683387 -75.84368 162.4278 0.1683387 -75.84368 162.4278 0.06759655 -78.00368 162.4432 1.446178 -78.00681 162.443 1.446178 -78.00681 162.443 1.446178 -78.00681 162.443 1.446178 -78.00681 162.443 1.446178 -78.00681 162.443 1.446178 -78.00681 162.443 -0.0172857 -78.00262 100.3736 -0.0172857 -78.00262 100.3736 1.682806 -78.4392 100.3587 1.682806 -78.4392 100.3587 1.91097 -77.47247 100.3585 1.91097 -77.47247 100.3585 1.249869 -75.82984 100.3546 1.249869 -75.82984 100.3546 0.1911587 -75.83612 100.3491 0.1911587 -75.83612 100.3491 0.1911587 -75.83612 100.3491 1.607476 -78.30259 100.3587 1.607476 -78.30259 100.3587 1.607476 -78.30259 100.3587 -8.638622 -85.14782 98.9854 -8.638622 -85.14782 98.9854 8.431357 -85.14782 98.9854 -8.638621 -64.64213 98.9854 8.431355 -64.64213 98.9854 -8.63862 -85.14782 100.7718 -8.63862 -85.14782 100.7718 8.431355 -85.14782 100.7718 -8.638621 -64.64208 100.7718 8.431355 -64.64215 100.7718 8.431355 -64.64215 100.7718 -8.638623 -85.14781 120.0246 -8.638623 -85.14781 120.0246 8.431354 -85.14781 120.0246 -8.638621 -64.64213 120.0246 8.431354 -64.64213 120.0246 -8.638622 -85.14781 121.811 -8.638622 -85.14781 121.811 8.431354 -85.14781 121.811 -8.638622 -64.64208 121.811 8.431355 -64.64215 121.811 8.431355 -64.64215 121.811 -1.768106 -77.6143 100.3191 -1.768106 -77.6143 100.3191 -40 -77.61433 96.37327 -40 -77.61433 96.37327 -40 -76.41865 95.39966 2.453661 -77.6143 100.3191 2.453661 -77.6143 100.3191 40 -77.61426 96.37327 40 -77.61426 96.37327 40 -76.41865 95.39966 1.596336 -75.87875 121.1425 3.471374 -76.37866 20.21415 3.471374 -76.37866 20.21415 1.249869 -75.82984 100.3546 1.343851 -75.83704 162.4277 1.343851 -75.83704 162.4277 1.343851 -75.83704 162.4277 0.06759655 -78.00368 162.4432 0.06759655 -78.00368 162.4432 0.06759655 -78.00368 162.4432 0.06759655 -78.00368 162.4432 0.1683387 -75.84368 162.4278 0.1683387 -75.84368 162.4278 -0.0172857 -78.00262 100.3736 -8.63862 -85.14782 100.7718 8.431355 -85.14782 100.7718 8.431355 -85.14782 100.7718 8.431357 -85.14782 98.9854 8.431357 -85.14782 98.9854 8.431355 -85.14782 100.7718 8.431355 -64.64215 100.7718 8.431355 -64.64215 100.7718 8.431355 -64.64213 98.9854 8.431355 -64.64213 98.9854 8.431355 -64.64215 100.7718 -8.638621 -64.64208 100.7718 -8.638621 -64.64208 100.7718 -8.638621 -64.64213 98.9854 -8.638621 -64.64213 98.9854 -8.638621 -64.64208 100.7718 -8.63862 -85.14782 100.7718 -8.63862 -85.14782 100.7718 -8.638622 -85.14782 98.9854 8.431354 -85.14781 121.811 8.431354 -85.14781 121.811 -8.638622 -85.14781 121.811 8.431355 -64.64215 121.811 8.431355 -64.64215 121.811 8.431354 -85.14781 120.0246 8.431354 -85.14781 120.0246 8.431354 -85.14781 121.811 -8.638622 -64.64208 121.811 -8.638622 -64.64208 121.811 8.431354 -64.64213 120.0246 8.431354 -64.64213 120.0246 8.431355 -64.64215 121.811 -8.638622 -85.14781 121.811 -8.638622 -85.14781 121.811 -8.638623 -85.14781 120.0246 -8.638621 -64.64213 120.0246 -8.638621 -64.64213 120.0246 -8.638622 -64.64208 121.811 0.1266415 -79.92923 162.0885 0.1266415 -79.92923 162.0885 0.1265805 -79.9523 141.1501 0.1266415 -79.92923 162.0885 0.1266415 -79.92923 162.0885 0.1266071 -105.485 162.0883 0.1265933 -105.3009 141.1502 0.1265933 -105.3009 141.1502 0.1265933 -105.3009 141.1502 0.1265933 -105.3009 141.1502 0.1265805 -79.9523 141.1501 0.1266071 -105.485 162.0883 -0.1941142 1.904894 38.22174 -0.1941142 1.904894 38.22174 -0.1941722 1.904892 21.93077 16.03378 -5.980464 21.93067 16.03378 -5.980464 21.93067 16.03378 -5.980461 38.22165 19.98673 -23.5844 21.93062 19.98673 -23.58438 38.22163 19.98673 -23.58438 38.22163 8.688049 -37.65078 21.9307 8.688049 -37.65078 38.2217 8.688049 -37.65078 38.2217 -9.354125 -37.58733 21.9308 -20.55364 -23.44184 21.93086 -20.55364 -23.44184 21.93086 -20.55364 -23.44185 38.22186 -9.35413 -37.58732 38.2218 -9.35413 -37.58732 38.2218 -16.47707 -5.866179 21.93085 -16.47707 -5.866179 21.93085 -16.47707 -5.866179 21.93085 -16.47707 -5.866183 38.22184 -16.47707 -5.866183 38.22184 -16.47707 -5.866183 38.22184 -14.48444 -23.65853 38.27986 -14.48444 -23.65853 38.27986 -5.515562 -23.65853 38.27981 -14.48444 -14.11548 38.27986 -5.515562 -14.11551 38.27981 -5.515562 -14.11551 38.27981 14.48444 -23.65853 38.27969 14.48444 -23.65853 38.27969 5.515562 -23.65853 38.27975 5.515562 -14.11551 38.27975 5.515562 -14.11551 38.27975 14.48444 -14.11548 38.2797 16.03378 -5.980464 21.93067 16.03378 -5.980464 21.93067 16.03378 -5.980461 38.22165 19.98673 -23.58438 38.22163 19.98673 -23.5844 21.93062 19.98673 -23.5844 21.93062 -20.55364 -23.44184 21.93086 -20.55364 -23.44184 21.93086 -20.55364 -23.44185 38.22186 -0.1941142 1.904894 38.22174 -0.1941142 1.904894 38.22174 -0.1941722 1.904892 21.93077 -9.354125 -37.58733 21.9308 -9.354125 -37.58733 21.9308 -9.35413 -37.58732 38.2218 8.688049 -37.65078 38.2217 8.688049 -37.65078 38.2217 8.688049 -37.65078 21.9307 -16.47707 -5.866183 38.22184 -16.47707 -5.866183 38.22184 -16.47707 -5.866183 38.22184 -0.1941142 1.904894 38.22174 16.03378 -5.980461 38.22165 16.03378 -5.980461 38.22165 16.03378 -5.980461 38.22165 8.688049 -37.65078 38.2217 8.688049 -37.65078 38.2217 8.688049 -37.65078 38.2217 8.688049 -37.65078 38.2217 -9.35413 -37.58732 38.2218 -20.55364 -23.44185 38.22186 -20.55364 -23.44185 38.22186 19.98673 -23.58438 38.22163 4.822863 -49.30621 33.29941 4.822863 -49.30621 33.29941 1.946743 -49.3062 30.95736 1.946743 -32.93916 30.57974 1.946743 -32.93916 30.57974 4.822864 -32.93916 33.79565 7.634771 -49.3062 30.92012 7.634771 -49.3062 30.92012 7.634772 -32.93916 30.5554 4.822863 -49.30621 33.29941 4.822864 -32.93916 33.79565 4.822864 -32.93916 33.79565 4.822863 -49.30621 33.29941 7.634771 -49.3062 30.92012 1.946743 -49.3062 30.95736 -5.707487 -49.3062 33.45714 -5.707487 -49.3062 33.45714 -5.70749 -32.93916 33.95337 -2.8312 -32.93916 30.73747 -2.8312 -32.93916 30.73747 -2.831194 -49.3062 31.11509 -8.519224 -49.3062 31.07786 -8.519224 -49.3062 31.07786 -8.519224 -32.93916 30.71312 -5.70749 -32.93916 33.95337 -5.70749 -32.93916 33.95337 -5.707487 -49.3062 33.45714 -8.519224 -49.3062 31.07786 -5.707487 -49.3062 33.45714 -2.831194 -49.3062 31.11509</float_array>
          <technique_common>
            <accessor source="#monitor_white_Mesh-mesh-positions-array" count="2226" stride="3">
              <param name="X" type="float"/>
              <param name="Y" type="float"/>
              <param name="Z" type="float"/>
            </accessor>
          </technique_common>
        </source>
        <source id="monitor_white_Mesh-mesh-normals">
          <float_array id="monitor_white_Mesh-mesh-normals-array" count="5853">-0.6197606 -0.5351124 -0.5740658 -0.660619 0.7504534 0.02005827 -0.6197465 -0.5350962 -0.5740963 -0.6359038 -0.5197849 -0.5704823 -0.6359118 -0.5197951 -0.5704641 -0.6359279 -0.5198163 -0.5704268 -0.481769 -0.6688395 -0.5661734 -0.481768 -0.6688393 -0.5661745 -0.6606329 0.7504414 0.02005404 -0.6606246 0.7504477 0.0200898 -0.2309762 -0.93681 -0.2627496 -0.2309684 -0.9368095 -0.2627577 -0.5795139 -0.8148975 0.01029527 -0.5795139 -0.8148974 0.01029527 -0.1664878 -0.9837076 -0.06783336 -0.1664875 -0.9837077 -0.067833 -0.1664875 -0.9837077 -0.067833 -0.9356048 -0.3502784 0.04414433 -0.9356048 -0.3502783 0.04414433 -0.9356048 -0.3502786 0.04414391 -0.8243788 -0.5659915 0.007297635 -0.8243789 -0.5659915 0.007297635 -0.8243414 -0.5660496 0.007018268 -0.6887837 -0.4662482 -0.5551484 -0.688785 -0.4662508 -0.5551445 -0.6888042 -0.4662789 -0.5550973 -0.8102736 -0.3456815 -0.4732451 -0.8102642 -0.3456565 -0.4732797 -0.8102779 -0.3456929 -0.4732293 0.02093803 -0.9989014 -0.04192525 0.008491754 -0.9991663 -0.03993183 -0.4772083 -0.6896045 -0.5447182 -0.4771584 -0.6895808 -0.5447919 -0.4772037 -0.6896017 -0.5447258 -0.001060962 -0.9993055 -0.0372495 0.008444726 -0.9991671 -0.03992211 0.008481264 -0.9991667 -0.03992563 -0.02136278 -0.9988923 -0.04192698 -0.3826978 -0.9189633 0.0951265 -0.7857471 -0.6181176 -0.02307182 -0.9770811 -0.2128574 0.002074241 -0.7717864 -0.6324995 0.06549894 -0.708631 -0.5293429 -0.4665171 -0.7086192 -0.529389 -0.4664828 -0.7086299 -0.5293473 -0.4665139 -0.6291335 -0.5614757 -0.5375277 -0.6291344 -0.561474 -0.5375286 -0.6291273 -0.5615006 -0.5375092 -0.4486592 -0.5625507 -0.6944363 -0.4486277 -0.5626102 -0.6944084 -0.4486221 -0.5626199 -0.6944042 -0.2090388 -0.4765586 -0.8539291 -0.2090556 -0.4765303 -0.8539407 -0.2090429 -0.4765495 -0.8539332 -0.6140006 -0.1877038 -0.766662 -0.6140007 -0.1877043 -0.7666618 -0.6140007 -0.1877038 -0.7666619 -0.3972837 -0.1210747 -0.909674 -0.3974234 -0.1213088 -0.9095817 -0.3972838 -0.1210746 -0.9096739 -0.9309857 -0.1198949 -0.3448056 -0.9309857 -0.1198949 -0.3448056 -0.9309857 -0.1198948 -0.3448057 -0.8948889 -0.1085976 -0.4328747 -0.8948889 -0.1085976 -0.4328747 -0.8948891 -0.108597 -0.4328744 -0.8652955 -0.355605 -0.3532829 -0.8652955 -0.355592 -0.3532959 -0.8652957 -0.3555717 -0.3533161 -0.811235 -0.435046 -0.3906826 -0.8112388 -0.43501 -0.3907148 -0.8112365 -0.4350321 -0.390695 -0.2284138 -0.1171014 -0.966496 -0.2842096 -0.6364238 -0.7170702 -0.2841976 -0.6364878 -0.7170181 -0.2842092 -0.6364263 -0.7170682 -0.01984632 -0.1303349 -0.9912714 -0.06218361 -0.0908547 -0.9939209 -0.5337308 -0.2293626 -0.8139559 -0.6965974 -0.05021238 -0.715703 -0.9841762 -0.07448381 -0.1607781 -0.9929534 -0.0367785 -0.1126545 1.58447e-4 -0.9999998 -5.94869e-4 1.63183e-4 -0.9999998 -5.95009e-4 0.03968185 -0.9919807 -0.1199991 1.62684e-4 -0.9999999 -5.96189e-4 1.57731e-4 -0.9999998 -5.97117e-4 1.55973e-4 -0.9999998 -5.95904e-4 1.55409e-4 -0.9999999 -6.07999e-4 -0.7690644 -0.6390869 0.01039546 0.6606497 0.7504265 0.02004891 -0.7690606 -0.6390915 0.01039654 -0.7946854 -0.6070013 0.004968047 -0.7946854 -0.6070013 0.004968047 -0.7946854 -0.6070013 0.004968047 0.6606318 0.7504428 0.02003806 -0.5708315 -0.8191002 -0.05680072 -0.5708838 -0.8190446 -0.05707818 -0.06550371 -0.9977049 0.01715391 -0.06550371 -0.9977049 0.01715391 0.6606245 0.7504478 0.02009046 -0.5109334 -0.6466364 -0.5663995 -0.5109843 -0.6466715 -0.5663135 -0.5109336 -0.646636 -0.5663999 -0.2113316 -0.9111008 -0.3538846 -0.2113445 -0.9111042 -0.3538684 -0.2113456 -0.9111044 -0.3538669 -0.7869111 -0.3671958 -0.4959217 -0.786902 -0.3671758 -0.495951 -0.7869058 -0.3671839 -0.4959388 -0.6589494 -0.4975829 -0.5640896 -0.6589432 -0.4975743 -0.5641043 -0.658947 -0.4975796 -0.5640953 -0.8532084 -0.5208132 0.02808755 -0.9509995 -0.3067732 0.03860503 -0.02094209 -0.9989013 -0.04192614 -0.008448183 -0.999167 -0.03992694 -0.4790003 -0.8765246 0.04757672 -0.008484899 -0.9991663 -0.03993469 0.00106734 -0.9993055 -0.03725051 0.02136653 -0.9988923 -0.04192763 -0.008477568 -0.9991667 -0.03992629 -0.4574186 -0.7239667 -0.5163725 -0.4574555 -0.7239772 -0.516325 -0.4574424 -0.7239733 -0.5163422 -0.621786 -0.5351236 -0.571861 -0.6218061 -0.5351502 -0.5718143 -0.6217839 -0.5351201 -0.5718665 -0.8526895 -0.3179656 -0.4145101 -0.8526799 -0.3179221 -0.4145631 -0.8526901 -0.3179682 -0.4145069 -0.6372101 -0.5133275 -0.574855 -0.6371958 -0.5133123 -0.5748844 -0.6372178 -0.5133345 -0.5748402 -0.9025191 -0.07886213 -0.4233679 -0.9025192 -0.07886171 -0.4233677 -0.9024428 -0.07911384 -0.4234835 -0.8393779 -0.1631482 -0.5184856 -0.8393777 -0.1631489 -0.5184859 -0.5405277 -0.09759694 -0.8356464 -0.5405926 -0.0978676 -0.8355727 -0.5405277 -0.09759688 -0.8356464 -0.3075513 -0.2054976 -0.9290764 -0.307551 -0.2054972 -0.9290766 -0.3075511 -0.2054973 -0.9290766 -0.4603769 -0.582194 -0.6701518 -0.4603821 -0.5821823 -0.6701583 -0.4603848 -0.5821753 -0.6701626 -0.3491272 -0.5199024 -0.7796228 -0.3491575 -0.5198529 -0.7796422 -0.3491154 -0.5199219 -0.7796152 -0.734243 -0.5040558 -0.4547692 -0.7342453 -0.5040447 -0.4547779 -0.7342358 -0.5040978 -0.4547343 -0.6935144 -0.5344789 -0.483084 -0.6935192 -0.5344582 -0.4830999 -0.6935098 -0.5344968 -0.4830708 -0.9892873 -0.1007859 -0.1056085 -0.9719967 -0.0913397 -0.2165169 -0.2160472 -0.4097909 -0.8862252 -0.2160323 -0.4098127 -0.8862187 -0.2160381 -0.4098044 -0.8862212 -0.5219785 -0.4778571 -0.7065346 0.01984882 -0.1303413 -0.9912706 0.06217616 -0.09086686 -0.9939203 -0.3891608 -0.5758807 -0.7189683 -0.3891559 -0.5758932 -0.718961 -0.3891426 -0.5759229 -0.7189443 -0.5559257 -0.5779501 -0.5974281 -0.5559237 -0.5779551 -0.5974251 -0.5559218 -0.577959 -0.5974231 -0.8486631 -0.3921865 -0.3549096 -0.8486656 -0.3921524 -0.3549411 -0.8486679 -0.3921232 -0.354968 -0.8952523 -0.3350503 -0.2937087 -0.8952532 -0.3350368 -0.2937212 -0.8952527 -0.335045 -0.2937135 -1.55612e-4 -0.9999999 -6.02843e-4 -1.58971e-4 -0.9999998 -5.95417e-4 -0.03968495 -0.9919793 -0.1200101 -1.58637e-4 -0.9999998 -5.95309e-4 -1.56057e-4 -0.9999998 -5.94212e-4 -1.51393e-4 -0.9999999 -5.94196e-4 -1.68441e-4 -0.9999998 -5.97704e-4 -0.7946901 -0.6069948 -0.005015552 -0.7691037 -0.6390315 -0.01087123 -0.6606189 -0.7504535 0.02005791 -0.06527346 -0.9977157 -0.01740455 -0.66062 -0.7504516 0.0200895 -0.6606318 -0.7504421 0.02005469 -0.5708187 -0.8191124 0.05675435 -0.3521106 -0.8486613 -0.3947054 -0.3520834 -0.8486589 -0.3947349 -0.3520905 -0.8486595 -0.3947269 -0.5034654 -0.6523869 -0.5664927 -0.5034593 -0.652383 -0.5665026 -0.5035144 -0.6524232 -0.5664073 -0.6549318 -0.5029453 -0.5640127 -0.654949 -0.5029709 -0.5639702 -0.6549161 -0.5029219 -0.5640519 -0.7586249 -0.4184284 -0.4994055 -0.7586203 -0.4184149 -0.4994239 -0.758624 -0.4184253 -0.4994096 -0.950989 -0.3068004 -0.03864377 -0.950989 -0.3068007 -0.03864413 -0.950989 -0.3068004 -0.03864377 -0.8532007 -0.5208236 -0.02813243 -0.8532007 -0.5208237 -0.02813285 -0.8532007 -0.5208236 -0.02813243 -0.4790126 -0.8765155 -0.04762148 -0.4790125 -0.8765154 -0.04762148 -0.4790127 -0.8765152 -0.04762214 -0.1637049 -0.9802199 -0.1112203 0.008442819 0.999167 -0.03992551 -0.1637141 -0.9802191 -0.1112126 -0.2271102 -0.9504005 -0.212509 -0.2271006 -0.9504007 -0.2125184 0.008482992 0.9991667 -0.03992581 0.008445262 0.9991672 -0.03992229 -0.1910758 -0.9679468 -0.1629999 -0.1910804 -0.9679468 -0.1629955 -0.6346306 -0.5195463 -0.5721152 -0.6346421 -0.5195599 -0.57209 -0.6346549 -0.5195755 -0.5720615 -0.3552821 -0.7820799 -0.5119823 -0.3553066 -0.7820941 -0.5119435 -0.3552865 -0.782082 -0.511976 -0.6003897 -0.5565014 -0.5743156 -0.600413 -0.5565345 -0.5742592 -0.6004009 -0.5565158 -0.5742899 -0.8509637 -0.3215609 -0.4152826 -0.850952 -0.3215051 -0.4153497 -0.8509544 -0.3215177 -0.4153348 -0.7187024 -0.5635692 -0.4072549 -0.7186781 -0.5636178 -0.4072307 -0.7186807 -0.5636119 -0.4072342 -0.7548399 -0.5278078 -0.3894044 -0.7548203 -0.5278599 -0.3893716 -0.7548609 -0.5277525 -0.3894389 -0.4820891 -0.5015805 -0.7183364 -0.4820588 -0.5016155 -0.7183322 -0.4821108 -0.501559 -0.7183369 -0.5237316 -0.5613977 -0.6407324 -0.5237088 -0.5614284 -0.640724 -0.5237684 -0.5613415 -0.6407514 -0.3972901 0.120995 -0.9096818 -0.3972901 0.1209945 -0.9096817 -0.3974235 0.1207412 -0.9096572 -0.6140876 0.1871885 -0.7667183 -0.6140883 0.1871871 -0.766718 -0.6140046 0.1876097 -0.7666819 -0.8948972 0.1085122 -0.4328788 -0.8948973 0.1085127 -0.4328786 -0.8948973 0.1085127 -0.4328787 -0.9309966 0.1198132 -0.3448047 -0.9309966 0.1198135 -0.3448044 -0.9309966 0.1198135 -0.3448044 -0.8853854 -0.4021518 -0.2331667 -0.8853936 -0.4021201 -0.2331902 -0.8853902 -0.4021331 -0.2331806 -0.9771297 -0.2102141 -0.03205895 -0.9771311 -0.2102065 -0.03206515 -0.9771302 -0.2102108 -0.03206163 -0.62738 -0.6217399 -0.4688646 -0.6273965 -0.6217221 -0.4688661 -0.6274139 -0.6217046 -0.4688658 -0.2284188 0.1170949 -0.9664956 -0.2308437 -0.1099672 -0.9667567 -0.2308387 -0.1099709 -0.9667574 -0.2308338 -0.1099751 -0.9667581 -0.3293982 -0.2391442 -0.9134041 -0.3294172 -0.2391281 -0.9134014 -0.3294246 -0.2391216 -0.9134005 -0.6965942 0.05021482 -0.7157059 -0.5337328 0.2293601 -0.8139554 -0.9929535 0.03677761 -0.1126531 -0.9841761 0.07448387 -0.1607785 -0.0215314 -0.9995521 -0.02078604 -0.02153372 -0.9995521 -0.02078473 -0.02153354 -0.9995521 -0.02078354 -0.02103269 -0.9995729 -0.02028763 -0.02103382 -0.999573 -0.02028781 -0.02103137 -0.9995729 -0.02029228 -0.3050963 -0.9310564 -0.2001258 -0.3050796 -0.9310597 -0.200136 -0.3050757 -0.9310602 -0.2001396 -0.02113121 -0.9995688 -0.02039021 -0.02113133 -0.9995688 -0.0203914 -0.02113187 -0.9995688 -0.02039122 -0.02112573 -0.9995688 -0.02039313 -0.02112698 -0.9995689 -0.02039188 -0.02112811 -0.9995688 -0.02039074 -0.02102899 -0.999573 -0.02028983 -0.02102756 -0.9995731 -0.02029091 -0.02102768 -0.9995731 -0.02029079 -0.02083319 -0.9995812 -0.02008557 -0.02082973 -0.9995814 -0.02008163 -0.02083081 -0.9995813 -0.02008461 -0.6330747 -0.5232546 -0.5704569 -0.6330823 -0.5232647 -0.5704393 -0.633103 -0.5232929 -0.5703904 -0.6135939 -0.5421444 -0.5740924 0.6606159 -0.7504562 0.02005863 -0.6136212 -0.5421783 -0.5740312 0.6606243 -0.7504479 0.02009016 -0.1672996 -0.9589694 -0.2288854 -0.1673049 -0.9589699 -0.2288797 -0.5231909 -0.6375959 -0.5654581 -0.5231655 -0.6375814 -0.5654978 0.6606295 -0.7504448 0.02003902 -0.1664515 -0.9837161 0.06779718 -0.5795052 -0.814903 -0.01034229 -0.8243855 -0.5659812 -0.007344543 -0.9356117 -0.3502549 -0.04418635 -0.7839059 -0.3956762 -0.4784682 -0.7839097 -0.395689 -0.4784514 -0.7839053 -0.3956735 -0.4784716 -0.6732535 -0.4887436 -0.5548508 -0.6732459 -0.4887288 -0.5548732 -0.6732361 -0.4887129 -0.554899 -0.4357751 -0.7164439 -0.5448011 -0.4357615 -0.7164347 -0.5448241 -0.4357684 -0.7164392 -0.5448126 -0.2265852 -0.9507073 -0.2116947 -0.008446097 0.9991669 -0.03992772 -0.2265868 -0.9507073 -0.2116934 -0.008476436 0.9991667 -0.03992557 -0.1627508 -0.9805384 -0.109803 -0.1627556 -0.9805381 -0.1097986 -0.1877431 -0.9694678 -0.1577491 -0.1877531 -0.9694675 -0.1577388 -0.008483886 0.9991663 -0.03993463 -0.7857419 -0.6181258 0.02302438 -0.7857421 -0.6181257 0.02302485 -0.7857421 -0.6181257 0.02302485 -0.3827196 -0.9189501 -0.09516555 -0.3827196 -0.9189501 -0.09516555 -0.3827196 -0.9189501 -0.09516555 -0.771741 -0.6325207 -0.06582868 -0.7717794 -0.6325034 -0.06554454 -0.7717409 -0.6325207 -0.06582963 -0.9770753 -0.2128841 -0.002110958 -0.9770753 -0.2128841 -0.002110958 -0.9770752 -0.2128844 -0.002111315 -0.8393951 0.1630565 -0.5184867 -0.8393951 0.1630563 -0.5184869 -0.8393951 0.1630556 -0.5184871 -0.9025261 0.07877635 -0.4233685 -0.9025261 0.07877635 -0.4233685 -0.3075453 0.2054192 -0.9290957 -0.3075452 0.2054194 -0.9290958 -0.3075457 0.2054185 -0.9290958 -0.5405236 0.09750801 -0.8356593 -0.5405236 0.09750825 -0.8356593 -0.5405241 0.09750616 -0.8356592 -0.4747756 -0.5238256 -0.7072447 -0.4747273 -0.5238856 -0.7072326 -0.4747199 -0.5238988 -0.7072278 -0.5862406 -0.5798377 -0.565783 -0.5861735 -0.5799338 -0.5657539 -0.5862445 -0.5798335 -0.5657832 -0.7563852 -0.5329828 -0.379224 -0.7563759 -0.5330052 -0.379211 -0.7563919 -0.532967 -0.3792329 -0.8107583 -0.494498 -0.3132773 -0.8107816 -0.4944342 -0.3133181 -0.8107652 -0.4944798 -0.3132883 -0.9719966 0.09133994 -0.2165176 -0.9847245 0.01613652 -0.1733708 -0.9847258 0.0161305 -0.1733633 -0.9847242 0.01613771 -0.1733723 -0.6492094 -0.2164141 -0.7291723 -0.6492189 -0.2164121 -0.7291644 -0.6492782 -0.2164033 -0.7291141 -0.4117304 -0.4472639 -0.7939982 -0.411677 -0.447323 -0.7939926 -0.4116711 -0.4473307 -0.7939912 -0.3238477 -0.3083141 -0.8944635 -0.3238176 -0.3083435 -0.8944643 -0.3238348 -0.3083273 -0.8944637 -0.346497 -0.2867891 -0.893136 -0.3464935 -0.2867923 -0.8931363 -0.3519923 -0.2817664 -0.8925856 -0.5863022 -0.5778133 -0.5677866 -0.5863036 -0.5778113 -0.5677872 -0.5862997 -0.5778204 -0.5677821 -0.5653808 -0.5718709 -0.5943974 -0.5653841 -0.5718673 -0.5943978 -0.565316 -0.5719547 -0.5943784 -0.9348846 -0.2959052 -0.1960381 -0.9348836 -0.2959125 -0.1960319 -0.934885 -0.2959023 -0.1960406 -0.9182717 -0.344195 -0.1957218 -0.9182767 -0.3441705 -0.1957412 -0.9182731 -0.344188 -0.1957273 -0.02780419 -0.999238 -0.02739608 -0.02780449 -0.9992379 -0.02739751 -0.02780401 -0.9992378 -0.02739995 -0.02712321 -0.9992756 -0.02669447 -0.02749687 -0.9992755 -0.0263158 -0.02712506 -0.9992756 -0.02669298 -0.343936 -0.8892734 -0.3014976 -0.3439403 -0.8892732 -0.3014934 -0.3439542 -0.8892713 -0.3014832 -0.0272246 -0.9992702 -0.02679437 -0.02722501 -0.9992703 -0.02679198 -0.02722442 -0.9992703 -0.02679091 -0.02731871 -0.999265 -0.02689278 -0.02731794 -0.9992651 -0.02689355 -0.02731978 -0.999265 -0.02689164 -0.02722144 -0.9992703 -0.02679467 -0.02722042 -0.9992703 -0.02679634 -0.02722257 -0.9992703 -0.02679353 -0.02752792 -0.9992541 -0.02708274 -0.02752441 -0.9992541 -0.02708631 -0.02752888 -0.9992542 -0.02708077 -0.9025005 -0.4304971 0.01285433 -0.9025089 -0.4304797 0.0128504 -0.6757523 -0.4804906 -0.559006 -0.6757379 -0.4804691 -0.5590419 -0.6757785 -0.4805296 -0.5589408 -0.6757755 -0.4805381 -0.5589371 -0.6757705 -0.4805309 -0.5589494 -0.675755 -0.4805076 -0.5589882 -0.1702523 -0.9744897 -0.146233 -0.170248 -0.9744899 -0.146237 -0.1702459 -0.9744899 -0.146239 -0.1702371 -0.9744901 -0.1462478 -0.1702396 -0.97449 -0.1462454 -0.1702525 -0.9744896 -0.1462329 -0.8532724 -0.5212427 0.01524311 -0.8532724 -0.5212427 0.01524311 -0.8533219 -0.5211535 0.01551812 -0.8533219 -0.5211535 0.01551812 -0.853322 -0.5211534 0.01551812 -0.7320359 -0.4283466 -0.5297571 -0.732023 -0.4283209 -0.5297958 -0.7320102 -0.4282953 -0.5298342 -0.7320284 -0.4283195 -0.5297895 -0.7320182 -0.4282992 -0.5298199 -0.732024 -0.4283106 -0.5298027 -0.1702184 -0.9745008 -0.1461982 -0.1702173 -0.9745008 -0.1461992 -0.1702133 -0.974501 -0.1462032 -0.1701889 -0.9745095 -0.1461749 -0.1701873 -0.9745095 -0.1461765 -0.1701985 -0.9745091 -0.1461656 -3.37107e-5 -3.38478e-5 -1 -3.37102e-5 -3.38482e-5 -1 -3.37154e-5 -3.38431e-5 -1 -0.02434492 -0.02432489 -0.9994077 -0.0243467 -0.02432346 -0.9994077 -0.0243498 -0.02432143 -0.9994077 3.74048e-5 -2.08542e-4 -1 3.7403e-5 -2.0854e-4 -1 3.74078e-5 -2.08545e-4 -1 -3.40545e-4 -2.21662e-4 -1 -3.40546e-4 -2.21661e-4 -1 -3.40054e-4 -2.21142e-4 -1 0 -2.11949e-7 1 0 -2.11949e-7 1 0.9715855 -0.2135131 0.1021465 -0.6698611 -0.5077199 -0.5417626 -0.6698654 -0.5077366 -0.5417416 -0.7170122 -0.4134277 -0.561223 0.9432646 -0.3266927 -0.05936419 0.9715966 -0.2134814 0.1021074 -0.2064489 -0.3998025 -0.8930492 -0.2064443 -0.399809 -0.8930474 -0.2064248 -0.399836 -0.8930397 -0.2178352 -0.116011 -0.9690663 -0.943203 -0.3110713 -0.1166306 -0.7137566 -0.6062341 -0.3507589 -0.7119156 -0.4337783 -0.5522794 -0.9432099 -0.3110648 -0.1165928 -0.4486905 -0.1384501 -0.8828977 -0.4486901 -0.138449 -0.8828981 -0.4486904 -0.1384499 -0.8828979 -0.9998131 -0.01400512 -0.01332777 -0.9998131 -0.01400429 -0.01332861 -0.9998131 -0.01400583 -0.01332706 -0.7633959 -0.1034397 -0.6375948 -0.7633959 -0.1034397 -0.6375948 -0.7633959 -0.1034397 -0.6375947 -0.7569117 -0.1021557 -0.6454836 -0.7568678 -0.10244 -0.6454901 -0.7569116 -0.1021556 -0.6454836 -0.9994329 -0.02433305 -0.02327901 -0.9994329 -0.02433174 -0.02328032 -0.9994329 -0.02433264 -0.02327942 -0.3754751 -0.5421836 -0.7517018 -0.3754637 -0.5422031 -0.7516933 -0.37546 -0.5422115 -0.7516891 -0.575621 -0.5775994 -0.5788261 -0.5756302 -0.5775758 -0.5788404 -0.575655 -0.5775129 -0.5788785 -0.5826714 -0.5766042 -0.5727317 -0.5827001 -0.5765293 -0.5727779 -0.5826815 -0.5765781 -0.5727479 0.9432734 -0.3266699 -0.05934745 0.9982643 -0.04982072 -0.03140705 -0.9900254 0.0749945 -0.1192716 0.9432597 -0.326714 -0.05932152 -0.9589599 0.1223698 -0.2557763 0.9823084 0.009731233 0.1870175 0.9432671 -0.3266861 -0.05935955 0.9823099 0.009755253 0.1870081 0.9715917 -0.213485 0.1021463 -0.3282131 -0.4676406 -0.8207244 -0.3282333 -0.4676126 -0.8207324 -0.3282325 -0.4676134 -0.820732 -0.2980176 -0.0557025 -0.9529339 -0.2918688 -0.03419589 -0.9558469 -0.9920137 -0.05022072 -0.1157019 -0.9629151 -0.1103905 -0.2461883 -0.9352864 -0.04079437 -0.3515326 -0.9432035 -0.3110862 -0.1165871 -0.9920193 -0.05020695 -0.1156592 -0.8105936 9.89769e-5 -0.5856093 -0.8106505 5.19359e-4 -0.5855302 -0.8106505 5.1934e-4 -0.5855301 -0.8127858 -6.70499e-4 -0.5825623 -0.8127858 -6.70494e-4 -0.5825623 -0.8127858 -6.70486e-4 -0.5825623 -0.6430157 -0.5682619 -0.513429 -0.6430081 -0.5682798 -0.5134187 -0.6430174 -0.5682575 -0.5134317 -0.6434249 -0.568121 -0.513072 -0.6434418 -0.5680812 -0.5130951 -0.6434275 -0.5681148 -0.5130757 -0.989926 1.36434e-4 -0.141586 -0.989926 1.3644e-4 -0.141586 0.9982638 -0.04982614 -0.03141361 0.9982624 -0.04983752 -0.03144234 0.9972953 0.03169494 0.06631463 -0.9798792 0.02764773 -0.1976675 -0.3763993 -0.4808922 -0.7918751 -0.3764416 -0.4808357 -0.7918893 0.002333819 0.01564234 -0.999875 0.002344489 0.01563924 -0.999875 0.8058224 0.08327007 -0.5862734 -0.3636633 -0.4722233 -0.8029659 -0.7723248 0.07377117 -0.6309297 0.002327501 0.01563376 -0.9998752 -0.3007068 -9.39476e-4 -0.9537162 -0.3145393 -0.008149802 -0.9492096 -0.7723271 0.07376259 -0.6309279 -0.9989177 -0.002650439 -0.04643672 -0.9677349 -0.05930161 -0.2448932 -0.9920163 -0.05020409 -0.1156865 -0.8127989 -3.85936e-4 -0.5825444 -0.812799 -3.85469e-4 -0.5825443 -0.812799 -3.85474e-4 -0.5825443 -0.8110125 -0.001591861 -0.5850268 -0.8110494 -0.001310944 -0.5849764 -0.8110125 -0.001591861 -0.5850268 -0.641592 -0.5687148 -0.5147069 -0.6415938 -0.5687105 -0.5147095 -0.6415902 -0.5687192 -0.5147044 -0.6429564 -0.5682477 -0.5135188 -0.6429378 -0.5682917 -0.5134934 -0.6429594 -0.5682405 -0.5135229 -0.9420835 -0.1000567 -0.3201057 0.9972928 0.03170895 0.06634461 0.9990782 0.04076284 0.0134679 0.9990788 0.04074841 0.01346462 -0.9223929 -0.302702 -0.2399229 -0.9223957 -0.3026714 -0.2399507 -0.8174211 0.003483176 -0.57603 -0.8174211 0.003483176 -0.57603 -0.8174211 0.003483176 -0.57603 -0.8108859 -6.68283e-4 -0.5852041 -0.8108857 -6.68264e-4 -0.5852041 -0.8108857 -6.6873e-4 -0.5852043 -0.6415159 -0.5687327 -0.5147821 -0.6415129 -0.5687402 -0.5147774 -0.6415207 -0.5687213 -0.5147886 -0.6483246 -0.5672003 -0.507897 -0.6483432 -0.5671564 -0.5079221 -0.6483292 -0.5671893 -0.5079031 -0.9579101 -0.2322561 -0.1687172 -0.9579108 -0.2322466 -0.168726 0.999078 0.0407598 0.01348084 -0.9568691 -0.2242624 -0.1846831 0.9990789 0.04074847 0.01345658 0.9596261 0.2657454 -0.09217989 -0.9442164 -0.1492917 -0.2935431 0.9596322 0.265717 -0.09219884 0.8058144 0.08324629 -0.5862878 0.9596362 0.265698 -0.09221166 0.9990781 0.04076427 0.01346802 -0.7723373 0.07369744 -0.6309231 -0.9967241 0.04013091 -0.07021856 -0.959677 0.2533062 -0.1218857 -0.8996573 -0.4316539 -0.06551146 -0.8996671 -0.4316315 -0.0655241 -0.8996537 -0.431662 -0.06550699 -0.9683966 -0.2314718 0.0928924 0.8710501 0.4835111 -0.08653867 -0.9099829 -0.2699247 -0.3147568 0.9596264 0.2657366 -0.09220302 0.9596313 0.2657157 -0.09221285 0.8589427 0.4626788 -0.2194214 0.8710501 0.4835094 -0.08654749 -0.001683533 -0.9781237 -0.2080178 8.65291e-4 -0.9833913 -0.1814961 0.5584552 -0.6401789 0.5275403 0.009607493 -0.8828741 -0.4695115 0.007723808 -0.884106 -0.4672226 0.9432775 -0.3266577 -0.05934983 -0.5025563 -0.6094578 -0.6131871 -0.5025553 -0.6094818 -0.613164 -0.5185063 -0.6173905 -0.5915914 -0.5185009 -0.6173747 -0.5916126 0.9432641 -0.3266937 -0.05936378 -0.971153 -0.2207708 0.09012365 -0.9432083 -0.3110585 -0.1166219 -0.8464563 -0.5157554 0.1323185 -0.8816227 -0.4410115 -0.1680781 -0.9711509 -0.220771 0.09014499 -0.9990019 -0.04357337 0.00982213 -0.9920191 -0.05020898 -0.1156595 -0.9432007 -0.311082 -0.1166211 -0.9853883 0.005025029 0.1702488 -0.880638 -0.4195038 -0.2202124 -0.9432038 -0.3110854 -0.1165872 -0.9853903 0.005012869 0.1702374 -0.9432036 -0.3110666 -0.1166394 -0.9711742 -0.2207118 0.09003889 0.9972929 0.03168278 0.06635493 -0.850444 -0.4084821 -0.3314926 0.8058232 0.08326268 -0.5862732 -0.9186263 -0.3378104 -0.204963 -0.9989197 -0.002643704 -0.04639691 -0.9920178 -0.05021232 -0.1156701 -0.9920178 -0.05020213 -0.1156737 -0.9791513 -0.1524531 -0.1342419 -0.9791514 -0.1524487 -0.1342461 0.9990783 0.04075723 0.01347202 0.9972949 0.03168046 0.06632739 0.8058253 0.08323097 -0.5862749 -0.9989176 -0.002658486 -0.04643803 -0.8542847 -0.4122902 -0.3165668 -0.8542908 -0.4122564 -0.3165944 -0.8804349 -0.3272507 -0.3431348 -0.9967245 0.04015219 -0.07020127 -0.9989189 -0.002653956 -0.04641091 -0.9596736 0.2533237 -0.1218763 -0.9967238 0.04015815 -0.07020813 -0.99334 2.52409e-4 -0.1152201 -0.9596775 0.2533072 -0.1218795 -0.9992631 0.01682496 -0.03450196 -0.9596769 0.2533189 -0.1218603 -0.7560083 -0.4785864 -0.4465497 -0.7560102 -0.4785685 -0.4465656 -0.8746027 0.4759419 -0.09246331 -0.8679066 0.4440615 -0.2225926 -0.9596834 0.2532834 -0.1218824 -0.9596771 0.2533186 -0.12186 -0.6941153 -0.5107921 -0.507243 -0.8745998 0.4759436 -0.09248286 0.007804691 -0.8933612 -0.4492716 -0.01732718 0.9810929 -0.1927601 -0.8679093 0.4440439 -0.2226176 -0.8745997 0.4759466 -0.09246844 -0.874609 0.4759349 -0.09244102 -0.6802163 -0.4579369 -0.5723632 -0.01731729 0.9810851 -0.1928011 0.8710421 0.4835196 -0.08657032 0.8589599 0.4626467 -0.2194219 -0.01731979 0.9810782 -0.1928355 -0.01733499 0.9810861 -0.1927943 -0.7743348 -0.6224092 0.1140726 0.8710392 0.4835256 -0.08656662 -0.5428826 -0.5694867 -0.6172224 -0.5429546 -0.5693774 -0.6172598 -0.5429159 -0.569436 -0.6172399 -0.5820763 -0.57814 -0.571788 -0.5821357 -0.5780431 -0.5718253 -0.5821256 -0.5780601 -0.5718185 -0.01489049 -0.9996458 -0.02205657 -0.01488757 -0.9996458 -0.02205955 -0.01488965 -0.9996458 -0.02205747 0.8710442 0.4835222 -0.08653551 -0.9412562 -0.3370335 0.02110213 -0.9412565 -0.3370327 0.02110141 -0.9568791 -0.2843242 -0.0595147 -0.9568791 -0.2843245 -0.05951511 0.8710364 0.4835311 -0.0865643 -0.7302888 -0.6098885 0.307757 -0.7564274 -0.6095383 0.237236 -0.6892983 -0.4299301 -0.5831192 -0.6892876 -0.4299256 -0.5831352 -0.6893141 -0.4299423 -0.5830916 -0.7103063 -0.3809449 -0.5919004 0.5822055 -0.2712811 0.7664485 -0.7102621 -0.3809201 -0.5919694 -0.8154397 -0.3753066 -0.4406847 -0.8154348 -0.3752772 -0.440719 -0.8154386 -0.3752994 -0.4406929 -0.872065 -0.1801404 -0.45503 -0.8745979 0.4759567 -0.09243333 -0.8720563 -0.1801272 -0.4550518 -0.8746109 0.4759316 -0.09243953 -0.6894327 -0.4296364 -0.5831767 -0.6894543 -0.4296509 -0.5831406 -0.678093 -0.4618937 -0.5717029 -0.6780951 -0.4618981 -0.5716967 -0.8746119 0.4759269 -0.0924533 -0.7599191 -0.6346114 0.1406816 -0.7599191 -0.6346112 0.1406827 -0.7599191 -0.6346113 0.1406822 -0.758688 -0.6098316 0.229124 0.8710477 0.4835093 -0.08657276 -0.758688 -0.6098315 0.2291244 -0.715072 -0.3523689 -0.6037453 -0.7150719 -0.3523689 -0.6037453 -0.7150719 -0.3523689 -0.6037454 -0.8022926 -0.3771121 -0.4627237 -0.8024593 -0.3769187 -0.462592 -0.8024596 -0.3769184 -0.4625918 -0.5489576 -0.5893676 -0.5926985 -0.5489552 -0.5893852 -0.5926833 -0.5489619 -0.5893023 -0.5927595 -0.5017062 -0.599603 -0.6235119 -0.5016922 -0.5996647 -0.6234639 -0.5016893 -0.5996834 -0.6234483 0.9715866 -0.2135149 0.1021323 -0.6829525 -0.4945739 -0.5375618 -0.6829692 -0.4946273 -0.5374915 -0.6460017 -0.5306586 -0.5487106 -0.6460149 -0.5307279 -0.548628 0.9715964 -0.213473 0.1021265 0 0 -1 -3.27124e-5 -3.25758e-5 -1 -3.60765e-5 -3.62024e-5 -1 -0.3605253 -0.7340311 -0.5755171 -0.3605248 -0.7340314 -0.5755171 -0.3605248 -0.7340313 -0.5755171 0.03735566 -0.7620512 -0.6464384 0.03735619 -0.762041 -0.6464505 0.03736048 -0.7620397 -0.6464517 -8.76713e-6 -8.88917e-6 -1 -1.2299e-5 -1.2438e-5 -1 0 0 1 -0.9878146 -0.1435711 -0.06008052 0.971592 -0.2134895 0.1021342 0.9823083 0.009740471 0.187018 0.005381047 -0.6395102 -0.7687639 0.005383968 -0.6395092 -0.7687646 0.005383074 -0.6395095 -0.7687644 0.004538416 -0.6404412 -0.7679939 0.004968881 -0.6404141 -0.7680138 0.004968881 -0.6404142 -0.7680138 0.007240891 -0.8939164 -0.4481752 0.009572744 -0.8984547 -0.4389621 -0.876697 -0.4324684 -0.2106509 -0.885411 -0.442906 -0.1410024 -0.9711511 -0.2207823 0.09011542 -0.9853898 0.005026578 0.17024 -0.9711521 -0.2207738 0.09012508 -0.8748238 -0.3199421 -0.3637589 -0.9853898 0.004966795 0.1702421 -0.8946011 -0.08815705 -0.4380837 0.5822129 -0.2712812 0.7664429 -0.8945942 -0.08814853 -0.4380995 -0.874951 -0.2439964 -0.4182423 -0.8749561 -0.24401 -0.4182236 -0.8749462 -0.2439852 -0.4182587 -0.005345225 -0.9998412 -0.01700574 -2.31515e-4 -2.45874e-4 -1 -2.31532e-4 -2.45857e-4 -1 -2.31539e-4 -2.4585e-4 -1 -3.17318e-5 -4.56174e-5 -1 -3.17325e-5 -4.56168e-5 -1 -3.17332e-5 -4.5616e-5 -1 -0.1557494 -0.2039058 -0.9665219 -0.1557465 -0.2039045 -0.9665226 -0.1557362 -0.2039205 -0.9665209 -3.09852e-5 -3.85091e-4 -1 -3.09911e-5 -3.85085e-4 -1 -3.0988e-5 -3.85088e-4 -1 -3.35964e-5 -3.63862e-4 -1 -3.36025e-5 -3.63856e-4 -1 -3.35929e-5 -3.63866e-4 -1 -0.04187935 -0.009835541 -0.9990743 -0.04187995 -0.009835898 -0.9990743 -0.0418753 -0.009832561 -0.9990745 -0.65944 -0.5475354 -0.5151154 -0.6594526 -0.5474931 -0.5151444 -0.659465 -0.5474485 -0.5151759 -0.6271845 -0.5805826 -0.5191951 -0.627184 -0.5805834 -0.5191949 -0.627157 -0.5806307 -0.5191745 -0.999517 -0.0303874 -0.006518065 -1.41381e-5 -1.20787e-4 -1 0.5584631 -0.640185 0.5275246 -1.41428e-5 -1.20782e-4 -1 -1.40601e-5 -1.21205e-4 -1 -1.40619e-5 -1.21203e-4 -1 -1.40618e-5 -1.21204e-4 -1 -0.002815961 -1.22536e-4 -0.9999961 -0.002815961 -1.22535e-4 -0.9999961 -0.002815961 -1.22539e-4 -0.9999961 -1.10374e-5 -1.34587e-4 -1 -1.10374e-5 -1.34587e-4 -1 -1.10305e-5 -1.34594e-4 -1 -2.14424e-4 -3.37867e-4 -1 -2.14475e-4 -3.37815e-4 -1 -2.1445e-4 -3.3784e-4 -1 -1.09274e-5 -1.21176e-4 -1 -1.09295e-5 -1.21174e-4 -1 -1.09267e-5 -1.21177e-4 -1 -1.22021e-5 -1.22701e-4 -1 -1.22071e-5 -1.22696e-4 -1 -1.2206e-5 -1.22698e-4 -1 -0.008016049 -0.008255362 -0.9999339 -0.008015751 -0.00825566 -0.9999339 -0.008015632 -0.008255779 -0.9999339 -0.01061511 -0.01090526 -0.9998842 -0.010616 -0.01090437 -0.9998842 -0.01061707 -0.01090329 -0.9998842 -0.009012341 -0.009267926 -0.9999164 -0.009011745 -0.009268581 -0.9999165 -0.009011626 -0.009268701 -0.9999164 -6.70425e-4 -0.9999997 -3.49447e-4 -6.70426e-4 -0.9999997 -3.49446e-4 -6.70388e-4 -0.9999998 -3.49484e-4 -0.01740068 -0.9996877 -0.01793992 -0.01740223 -0.9996876 -0.01793837 -0.01740217 -0.9996877 -0.01793771 -3.13039e-5 -1 -1.95276e-4 -3.26101e-5 -1 -1.96666e-4 -3.19563e-5 -1 -1.95972e-4 -3.39653e-5 -1 -1.99588e-4 -3.46927e-5 -1 -2.00206e-4 -3.41583e-5 -1 -1.9973e-4 -0.04999858 0.01153081 -0.9986827 -0.04999804 0.01153129 -0.9986827 -0.04999786 0.01153141 -0.9986829 -0.7565627 0.1157212 -0.6436005 -0.7565627 0.1157212 -0.6436005 -0.9665812 -0.170228 -0.1916851 0.5584702 -0.640179 0.5275244 -0.9665817 -0.1702434 -0.1916693 -0.6507276 0.1341569 -0.7473657 -0.6507275 0.1341576 -0.7473657 -0.6507275 0.1341581 -0.7473657 -0.217006 -0.2707595 -0.9378687 -0.2170335 -0.2707298 -0.9378709 -0.2170429 -0.2707198 -0.9378717 -0.2690345 -0.322939 -0.9073758 -0.2690585 -0.3229144 -0.9073775 -0.2690647 -0.3229065 -0.9073784 -0.004418373 0.003144204 -0.9999853 0.5822298 -0.2713074 0.7664208 -0.004418373 0.003144204 -0.9999854 -0.03273969 -0.03172492 -0.9989604 -0.03273946 -0.03172516 -0.9989603 -0.03273749 -0.03172713 -0.9989604 -0.0772382 -0.07787597 -0.9939666 -0.07723981 -0.07787436 -0.9939666 -0.07724833 -0.07786583 -0.9939666 0.9972932 0.03171473 0.06633776 0.9982636 -0.04981654 -0.03143441 -0.8528686 -0.4037728 -0.3310328 0.998264 -0.04982727 -0.03140312 0.9432717 -0.3266768 -0.0593363 -0.7997276 -0.45341 -0.3935165 -0.8147114 -0.4247705 -0.3947347 -0.8147137 -0.4247381 -0.3947649 0.9982641 -0.04982501 -0.03140425 -0.3403674 -0.4649445 -0.8172984 -0.340431 -0.4648585 -0.8173208 -0.3404073 -0.4648904 -0.8173124 -0.9989186 -0.002672553 -0.04641699 -0.9967235 0.04013097 -0.07022666 -0.7723101 0.07374334 -0.6309509 -0.9989175 -0.002642095 -0.04644089 -0.7723129 0.07375794 -0.6309458 -0.9522771 -0.02277582 -0.304384 -0.0349856 0.782579 -0.6215676 -0.01731234 0.9810892 -0.1927804 0.8589469 0.4626675 -0.2194287 0.0100497 0.3972576 -0.9176522 0.8589606 0.4626433 -0.2194262 0.9596337 0.2657149 -0.09218901 0.9596375 0.2656998 -0.09219348 0.8058194 0.08326596 -0.5862782 0.01001816 0.3972661 -0.9176489 0.8058056 0.08327066 -0.5862964 0.002331078 0.01563161 -0.9998751 0.01006227 0.3972266 -0.9176654 0.8589653 0.4626424 -0.2194104 0.01006144 0.3972091 -0.917673 -0.03499799 0.7826199 -0.6215153 -0.8679109 0.4440526 -0.2225937 -0.01735544 0.9810983 -0.1927306 -0.03500163 0.7825879 -0.6215553 -0.8678913 0.444091 -0.2225933 -0.03501278 0.782619 -0.6215156 0.01004713 0.3972583 -0.9176518 0.01006174 0.3972015 -0.9176762 0.002313077 0.01566737 -0.9998747 -0.772307 0.07376033 -0.6309527 -0.9596788 0.2532882 -0.1219087 -0.8678926 0.4440709 -0.2226291 0.01005762 0.397267 -0.917648 0.010064 0.3972492 -0.9176557 -0.7723318 0.0737313 -0.630926 -0.959671 0.253332 -0.1218795 -0.003231644 -0.02059096 -0.9997828 -0.003024518 -0.02038681 -0.9997876 -0.003221154 -0.02058094 -0.999783 -0.002874255 -0.02028644 -0.9997901 -0.002874791 -0.02028697 -0.9997901 -0.002863883 -0.02027624 -0.9997904 -2.84459e-4 -0.002630472 -0.9999966 -0.6821947 -0.7302312 -0.03705346 -0.6821947 -0.7302312 -0.03705322 -0.6821947 -0.7302312 -0.03705251 -0.3555153 -0.9346604 0.004336357 -0.3555153 -0.9346605 0.004336357 -0.3555155 -0.9346603 0.004336535 -0.953332 -0.3007938 0.02610015 -0.542549 -0.8399745 -0.009129941 -0.553202 -0.6035961 -0.5741423 -0.5531857 -0.6035846 -0.5741701 -0.5531975 -0.6035951 -0.5741477 -0.323521 -0.8655121 -0.3823912 -0.3235189 -0.8655118 -0.3823935 -0.3235381 -0.8655142 -0.3823721 -0.9942997 0.06857049 -0.08164811 -0.9942948 0.06881582 -0.08150047 -0.9943019 0.06856268 -0.08162772 -0.8449143 -0.2885848 -0.4503761 -0.844921 -0.2886019 -0.4503527 -0.8449155 -0.2885513 -0.4503954 -0.9999976 -0.001559853 -0.001556217 -0.9999976 -0.001559674 -0.001556456 -1 -5.04905e-7 2.91412e-6 -0.999998 -0.001422286 -0.001423001 -1 1.34651e-6 6.7298e-7 -0.999998 -0.001422286 -0.001423001 -0.9999976 -0.001559913 -0.001556277 1 5.04905e-7 -2.91412e-6 -0.9999976 -0.001559674 -0.001556456 -0.9999979 -0.00145626 -0.001456975 1 -1.34629e-6 -6.7298e-7 -0.9999979 -0.00145626 -0.001456975 0.9241251 0.002245664 -0.3820835 0.9252955 0.0130738 -0.3790217 0.9252388 0.01252597 -0.3791785 0.9238675 0 -0.3827128 0.9241253 0.002248167 -0.3820829 0.9275333 -0.01876068 0.3732694 0.9255573 1.33221e-6 0.3786074 0.9259311 -0.00330168 0.3776782 0.9259399 -0.003377556 0.3776558 0.9276105 -0.01957082 0.373036 0.9275317 -0.01874524 0.3732743 -0.9259362 0.003347516 -0.3776651 -0.9255574 -1.33221e-6 -0.3786074 -0.9275324 0.01876145 -0.3732717 -0.9275317 0.01874518 -0.3732743 -0.9276105 0.01957076 -0.3730361 -0.9259396 0.003377735 -0.3776566 -0.9241253 -0.002248227 0.3820829 -0.9238675 0 0.3827127 -0.925244 -0.01257145 0.3791642 -0.9252625 -0.01275265 0.3791132 -0.9252955 -0.0130738 0.3790217 -0.9241248 -0.002245962 0.3820842 0.002601206 -0.2286623 0.9735024 0.05207157 -0.8615524 -0.5049911 0.0520727 -0.8615526 -0.5049908 -0.05234831 0.8571785 0.5123521 -0.05237466 0.8571755 0.5123544 0.05825603 -0.6303519 -0.7741208 0.05782467 -0.6303863 -0.774125 -0.5486899 -0.7056263 -0.4483649 -0.03720206 -0.868686 0.4939645 -0.5486652 -0.7056357 -0.4483803 -0.5757297 -0.5665732 -0.5895171 -0.5758231 -0.5665169 -0.5894798 -0.5757708 -0.5665493 -0.5894998 -0.9999981 -0.001389682 -0.001387894 -0.9999981 -0.001389741 -0.001387834 -0.9999981 -0.001389741 -0.001387834 -0.05941045 -0.6303226 -0.7740568 -0.05940949 -0.630324 -0.7740556 0.05333775 0.857057 0.5124533 0.05330461 0.8570592 0.5124531 -0.05310904 -0.8615051 -0.5049639 -0.05311155 -0.8615046 -0.5049645 -0.5765025 -0.5151419 -0.6342507 -0.5765196 -0.5151357 -0.63424 -0.5765019 -0.515144 -0.6342495 -0.5484904 -0.6846523 -0.48001 0.03787976 -0.868664 0.4939517 -0.5484333 -0.6846718 -0.4800474 -0.9999997 -6.47153e-4 -6.40086e-4 -0.9999997 -6.4719e-4 -6.40049e-4 -0.9999997 -6.47177e-4 -6.40062e-4 -0.9312857 -0.2326776 -0.2803002 -0.9312869 -0.2326949 -0.2802817 -0.9312871 -0.2326968 -0.2802795 -0.9137268 -0.2554035 -0.3160259 -0.9137307 -0.2554417 -0.3159838 -0.913731 -0.2554451 -0.3159801 -0.9727804 -0.2314586 -0.01119273 -0.9727804 -0.2314586 -0.01119273 -0.9727804 -0.2314586 -0.01119273 -0.9989541 -0.0418657 -0.01838541 -0.9989541 -0.0418657 -0.01838541 -0.9989541 -0.0418657 -0.01838541 -0.0478661 -0.9987732 -0.01269721 -0.0478661 -0.9987732 -0.01269721 -0.0478661 -0.9987732 -0.01269721 0.005179584 -0.9998925 -0.01372075 0.005179584 -0.9998925 -0.01372075 0.005179584 -0.9998925 -0.01372075 -0.05064153 -0.9977685 -0.04351538 -0.05063676 -0.9977685 -0.04352009 -0.05063843 -0.9977685 -0.04351848 -0.0992642 -0.9900386 -0.09985101 -0.09926992 -0.9900386 -0.09984529 -0.09927576 -0.9900386 -0.09983944 -3.40911e-5 -3.42201e-5 -1 -3.4091e-5 -3.42202e-5 -1 -3.40902e-5 -3.42209e-5 -1 -3.60462e-5 -3.6273e-5 -1 -3.48887e-5 -3.50708e-5 -1 -3.47256e-5 -3.48968e-5 -1 -0.8355593 -0.3357111 -0.4349008 -0.835561 -0.3357179 -0.4348924 0.9706889 -0.2403399 4.8329e-7 0.9706897 -0.2403362 -2.15726e-7 -0.8355644 -0.335739 -0.4348694 -0.8355489 -0.3356762 -0.4349478 -6.43996e-4 -0.9999996 -6.43462e-4 -6.43943e-4 -0.9999996 -6.43514e-4 -6.44396e-4 -0.9999996 -6.43736e-4 -3.3879e-4 -0.9999999 -3.38477e-4 -3.388e-4 -0.9999999 -3.38467e-4 -3.38776e-4 -0.9999999 -3.38492e-4 -0.9706882 -0.2403423 -1.10554e-6 -0.9706893 -0.2403382 0 -0.9265286 -0.2337517 -0.2947965 -0.9265287 -0.2337532 -0.2947947 -0.9265282 -0.2337478 -0.2948006 -0.9606138 -0.1788608 -0.2126738 -0.9606141 -0.1788693 -0.212665 -0.9606135 -0.1788556 -0.2126792 -0.7784102 -0.3877681 -0.4936734 -0.7784217 -0.387799 -0.493631 0.999803 0.01832246 0.00764352 -0.9276205 -0.373385 -0.0101996 0.9998029 0.01831334 0.007665634 -0.9276205 -0.373385 -0.0101996 -0.9988878 -0.0471301 0.001472294 -0.9988878 -0.0471301 0.001472294 -0.9988878 -0.0471301 0.001472294 -0.07049721 -0.9946091 -0.07604604 -0.07048946 -0.994609 -0.07605385 -0.07049137 -0.9946091 -0.07605189 -0.06892925 -0.9948551 -0.07424354 -0.06893056 -0.9948552 -0.07424217 -0.06893187 -0.9948552 -0.07424092 -2.06651e-4 -0.007160782 -0.9999744 -2.06816e-4 -0.007160961 -0.9999744 -2.05973e-4 -0.007160127 -0.9999744 -8.44063e-5 -0.007099151 -0.9999749 -8.61004e-5 -0.00710088 -0.9999749 -7.69626e-5 -0.00709176 -0.9999749 -0.2487273 -0.9685735 3.23805e-4 0.7977464 -0.6024762 0.02496159 -0.8755197 -0.4827915 -0.01943528 0.7977343 -0.6024913 0.02498644 -0.8755201 -0.4827909 -0.01943349 -0.05208039 -0.9976097 -0.04541707 -0.05207562 -0.9976096 -0.04542177 -0.0520783 -0.9976097 -0.04541909 -1 3.15097e-7 -2.48478e-6 -1 -3.34646e-5 -3.62637e-5 1 -3.15097e-7 2.48478e-6 -1 -3.34638e-5 -3.62645e-5 0.9240716 0.002180159 -0.3822136 0.9250202 0.01306957 -0.379693 0.9249782 0.01256477 -0.3798127 0.9238676 -4.24363e-7 -0.3827126 0.9240763 0.002233386 -0.3822016 0.9271469 -0.01879596 0.3742264 0.9255575 1.74681e-6 0.3786072 0.9258617 -0.003302156 0.3778481 0.9258597 -0.003276646 0.3778533 0.9272039 -0.01956182 0.3740461 0.9271551 -0.01891052 0.3742005 -0.9258618 0.003301799 -0.377848 -0.9255575 -1.99832e-6 -0.3786073 -0.9271463 0.01879608 -0.3742278 -0.9271551 0.01891052 -0.3742005 -0.9272039 0.01956182 -0.3740461 -0.9258599 0.003276526 -0.3778529 -0.9240722 -0.002186655 0.3822121 -0.9238677 6.64902e-7 0.3827123 -0.9249785 -0.01256442 0.379812 -0.924982 -0.01260423 0.3798019 -0.9250203 -0.01306951 0.379693 -0.924076 -0.002226531 0.3822024 0.05207079 -0.8615579 -0.504982 0.05207014 -0.8615577 -0.5049822 -0.05234646 0.8571839 0.5123434 -0.05237203 0.8571934 0.512325 0.05825269 -0.6303769 -0.7741006 0.05782353 -0.630391 -0.7741213 -0.5486807 -0.705655 -0.4483309 -0.03720283 -0.8686869 0.4939625 -0.5486552 -0.7056654 -0.4483458 -0.5757312 -0.5665795 -0.5895094 -0.5758196 -0.5665268 -0.5894738 -0.575769 -0.5665569 -0.5894942 -1 3.28761e-6 -5.80812e-6 -0.05940979 -0.6303349 -0.7740469 -0.05940979 -0.6303349 -0.7740469 0.05327355 0.8570612 0.5124531 0.05330401 0.8570646 0.5124443 -0.05310833 -0.8615069 -0.504961 -0.05310922 -0.8615066 -0.5049613 -0.5765033 -0.5151377 -0.6342533 -0.5765209 -0.5151299 -0.6342436 -0.5765022 -0.5151389 -0.6342533 -0.5484902 -0.6846522 -0.4800103 0.03788018 -0.8686647 0.4939504 -0.548433 -0.6846711 -0.4800488 -0.9999989 -0.001055836 -0.00104165 -0.999999 -0.001057267 -0.001042962 -0.999999 -0.001058578 -0.001044332 -2.36792e-4 -2.38491e-4 -1 -2.36809e-4 -2.38474e-4 -1 -2.36792e-4 -2.38492e-4 -1 -3.83819e-5 -3.31407e-5 -1 -3.75356e-5 -3.2301e-5 -1 -3.75407e-5 -3.2296e-5 -1 -0.835559 -0.3357119 -0.4349009 -0.8355606 -0.3357187 -0.4348924 0.9706891 -0.2403386 0 0.9706891 -0.2403388 2.77351e-7 -0.8355653 -0.3357372 -0.4348694 -0.8355496 -0.335674 -0.4349482 -8.47512e-4 -0.9999993 -8.46451e-4 -8.47443e-4 -0.9999993 -8.4652e-4 -8.47438e-4 -0.9999993 -8.46526e-4 -4.40475e-4 -0.9999998 -4.4008e-4 -4.40485e-4 -0.9999998 -4.40069e-4 -4.40559e-4 -0.9999998 -4.40333e-4 -0.9706891 -0.2403389 -1.57792e-7 -0.9706891 -0.2403388 -2.6627e-7 -0.8740496 -0.2983113 -0.3834683 -0.874054 -0.298337 -0.3834381 -0.8740496 -0.2983113 -0.3834683 -0.9299284 -0.2331821 -0.2843577 -0.9299255 -0.2331445 -0.2843984 -0.9299268 -0.2331613 -0.2843801 -0.6645026 -0.4917969 -0.5626475 -0.6644976 -0.4917899 -0.5626595 0.9995196 0.0251004 0.01818573 -0.8036645 -0.5948002 -0.01833677 0.9995195 0.02512288 0.01815944 -0.8036642 -0.5948007 -0.01833665 -0.996259 -0.08641749 -4.73777e-4 -0.996259 -0.08641749 -4.73774e-4 -0.996259 -0.08641749 -4.73774e-4 -2.86711e-4 -0.9999776 -0.006693959 -2.86861e-4 -0.9999776 -0.00669384 -2.8687e-4 -0.9999777 -0.00669384 0.003032386 -0.9999902 -0.003242492 0.003032386 -0.9999902 -0.003242492 0.003032386 -0.9999902 -0.003242492 -2.90414e-4 -0.007426738 -0.9999725 -2.89837e-4 -0.007429003 -0.9999725 -1.42346e-4 -0.007170855 -0.9999743 -5.67396e-5 -0.00706619 -0.9999751 -3.16694e-4 -0.007190763 -0.9999742 -2.95074e-4 -0.007200956 -0.9999741 -0.005918979 -0.006040096 -0.9999642 0.005577087 0.005697071 0.9999682 -0.00581336 -0.005934238 -0.9999655 -0.09989267 -0.9949915 0.003669321 -0.08355712 -0.9936692 -0.07509875 -0.08356767 -0.9936692 -0.07508832 -0.08356302 -0.9936692 -0.07509291 -0.8878152 -0.2816008 -0.3639851 -0.887811 -0.2815734 -0.364017 -0.8878145 -0.281596 -0.3639907 -0.938872 -0.217483 -0.2668719 -0.9388706 -0.217464 -0.2668923 -0.9388719 -0.217482 -0.266873 -0.06065636 0.03605419 -0.9975075 -0.06065618 0.03605437 -0.9975075 0.02878063 0.00491482 0.9995738 -0.02162057 -0.01420038 -0.9996654 0.0287981 0.004896342 0.9995732 -0.02162057 -0.01420038 -0.9996654 -0.9679949 -0.2509588 0.002382218 -0.9679949 -0.2509588 0.002382218 -0.9679949 -0.2509588 0.002382218 -0.997053 -0.07662463 -0.003732204 -0.9970531 -0.07662463 -0.003732144 -0.997053 -0.07662463 -0.003732144 -0.05564635 -0.9966961 -0.0591641 -0.05564391 -0.9966961 -0.05916655 -0.05564153 -0.9966961 -0.05916893 -0.05448257 -0.9968376 -0.05784916 -0.05447894 -0.9968376 -0.0578528 -0.05448079 -0.9968376 -0.05785095 -0.1955298 -0.2577297 -0.946226 -0.195534 -0.257728 -0.9462255 -0.1955443 -0.2577236 -0.9462247 -0.4322111 -0.3328716 -0.8380872 -0.4321963 -0.3328852 -0.8380895 -0.4321729 -0.3329049 -0.8380936 -0.4264258 -0.3278934 -0.8429988 -0.001398265 0.2285867 -0.9735226 -0.4264258 -0.3279011 -0.8429957 -1.20284e-4 -0.00575751 -0.9999835 -1.19727e-4 -0.005757033 -0.9999835 -1.17344e-4 -0.005755066 -0.9999835 -3.29914e-5 -3.25776e-5 -1 -1.29345e-6 0 1 -3.36978e-5 -3.32187e-5 -1 -0.2112081 -0.1822593 -0.9602983 -0.2111914 -0.1822753 -0.960299 -0.2112017 -0.1822653 -0.9602985 -0.00140053 -0.9999973 -0.001875162 -0.1680532 -0.9652386 -0.2001813 -0.1680563 -0.9652388 -0.200178 -0.1680557 -0.9652387 -0.2001786 -0.05923885 -0.9853398 -0.1599891 -0.05913251 -0.985361 -0.1598972 -0.05913293 -0.9853609 -0.1598975 -0.05731314 -0.9852794 -0.1610581 -0.05733042 -0.9852822 -0.1610352 -0.05730319 -0.9852673 -0.1611359 -0.1700501 -0.9717395 -0.1637236 -0.1700565 -0.97174 -0.163714 0.01293009 -0.9996969 0.02095085 -0.6870272 -0.6286559 -0.3643972 -0.6870216 -0.628665 -0.3643922 -0.6870685 -0.6286075 -0.3644029 -0.5835182 -0.5875279 -0.5606403 -0.5835015 -0.5875425 -0.5606424 -0.5835667 -0.5874871 -0.5606327 -0.877608 -0.4320986 -0.2075937 -0.8775989 -0.4321261 -0.2075753 -0.8776147 -0.4320785 -0.207607 -0.6226147 -0.621079 -0.4760376 -0.6226893 -0.6210038 -0.4760383 -0.622659 -0.6210344 -0.4760379 -0.7004891 0.04200464 -0.7124259 -0.7004824 0.04201167 -0.7124322 -0.7004891 0.0420075 -0.7124257 -0.5621423 -0.4011088 -0.723262 -0.5621497 -0.4011051 -0.7232582 -0.5621799 -0.4010904 -0.723243 -0.9952911 -0.06134086 -0.07505309 -0.9952915 -0.0613383 -0.07505059 -0.9952908 -0.06134289 -0.07505506 -0.9722332 0.03794467 -0.2309178 -0.9722328 0.03793847 -0.2309203 -0.972233 0.0379467 -0.2309182 -1.41607e-4 -0.1531523 -0.9882026 -1.41243e-4 -0.153152 -0.9882027 -1.41245e-4 -0.153152 -0.9882027 -3.53964e-4 -0.1532841 -0.9881821 -1.32421e-4 -0.1531023 -0.9882104 -3.53784e-4 -0.153284 -0.9881822 -0.1125591 -3.4931e-4 -0.993645 -0.1125595 -3.49853e-4 -0.9936449 -0.1125596 -3.49854e-4 -0.9936449 -0.1124877 -3.97667e-4 -0.9936531 0.7500726 -0.2775074 0.6003172 -0.1126835 -6.08365e-4 -0.9936308 -0.1162082 0.09388369 -0.9887778 0.7500572 -0.2775294 0.6003264 -0.1162081 0.09388357 -0.9887778 -0.1182345 0.09431183 -0.9884968 -0.1182348 0.09431141 -0.9884968 -0.4319565 -0.333331 -0.8380358 -0.4319131 -0.3333659 -0.8380443 -0.4318856 -0.3333886 -0.8380495 -0.4319692 -0.3333791 -0.8380101 -0.431959 -0.3333874 -0.8380121 -0.431966 -0.3333817 -0.8380107 -0.6300408 -0.7734218 -0.06976681 -0.3964427 -0.7445411 -0.5371145 -0.396474 -0.7445631 -0.5370607 -0.6300297 -0.7734274 -0.06980365 -0.7973703 -0.602787 0.02913057 -0.7907866 -0.227466 0.5682569 -0.6300382 -0.7734195 -0.06981629 -0.7908084 -0.2274495 0.568233 -0.9622363 -0.242509 -0.1236554 -0.7908231 -0.2273944 0.5682346 -0.2510616 -0.3212838 -0.9130964 -0.2510525 -0.321294 -0.9130952 -0.2512896 -0.3211328 -0.9130867 -0.251317 -0.3211013 -0.9130903 -0.7908043 -0.2274799 0.5682266 -0.1803917 -0.971637 -0.1529067 -0.1803834 -0.9716373 -0.1529146 -0.18039 -0.971637 -0.1529087 -0.1766719 -0.9726159 -0.1510146 -0.176674 -0.9726158 -0.1510126 -0.1766812 -0.9726155 -0.1510058 -0.1125287 -3.13021e-4 -0.9936484 -0.1124554 -3.63001e-4 -0.9936568 -0.7497826 0.2613806 -0.6078702 -0.1182047 0.09434914 -0.9884968 -0.1159915 0.09413987 -0.9887789 -0.7497733 0.2614023 -0.6078724 -0.4318853 -0.3333885 -0.8380497 -0.431913 -0.3333659 -0.8380444 -0.4319562 -0.3333313 -0.838036 -0.4319887 -0.3334161 -0.8379855 -0.4319815 -0.3334221 -0.8379867 -0.4319917 -0.3334139 -0.8379848 0.6300449 0.7734165 0.06978935 0.9622395 0.2425059 0.1236371 0.7908756 0.227316 -0.5681932 0.6300247 0.7734332 0.06978529 0.7909032 0.2273167 -0.5681544 -0.797366 -0.602795 0.02908372 0.6300383 0.773423 0.06977713 -0.3964716 -0.7445638 -0.5370615 -0.3964369 -0.7445387 -0.537122 -0.2510186 -0.3212658 -0.9131144 -0.2510277 -0.3212555 -0.9131156 0.7908773 0.2273135 -0.5681916 0.790897 0.227275 -0.5681796 -0.2513166 -0.3211013 -0.9130904 -0.2512892 -0.3211325 -0.913087 -1.69068e-4 -0.1525415 -0.9882971 -1.69059e-4 -0.1525415 -0.9882971 -1.69432e-4 -0.1525418 -0.988297 -1.4016e-4 -0.1527159 -0.9882702 -1.40151e-4 -0.1527159 -0.9882702 -1.40514e-4 -0.1527162 -0.9882702 0.7016544 -0.251715 0.6665738 0.9304251 -0.323696 0.1718431 -0.9843551 -0.003003537 -0.1761708 -0.9844448 -0.002762377 -0.1756727 -0.9844447 -0.002762734 -0.175673 0.7016669 -0.2517066 0.6665639 -0.6549766 -0.4846752 -0.5797377 0.9304161 -0.3237035 0.1718783 0.7016453 -0.2517504 0.6665701 0.7016924 -0.2517021 0.6665388 -0.6489627 -0.4999654 -0.5734825 -0.6489666 -0.4999681 -0.5734756 -0.04686343 -0.997898 -0.04476124 -0.04686236 -0.997898 -0.04476225 -0.04685986 -0.9978979 -0.04476493 -0.02651858 -0.9992969 -0.02650713 -0.02651691 -0.9992969 -0.02650868 -0.02651828 -0.9992969 -0.02650749 -0.7108677 -0.2426186 0.6601542 -0.9377022 -0.3130382 0.1507378 -0.7786168 -0.6138786 0.1300353 -0.7960209 -0.6008588 0.07293599 -0.7108666 -0.2426083 0.660159 -0.8840073 -0.3663325 -0.2903991 -0.9377012 -0.3130388 0.1507425 -0.7108641 -0.2426362 0.6601515 -0.7108686 -0.2426578 0.6601387 -0.8794432 -0.3722674 -0.2966425 -0.8794411 -0.3722833 -0.2966287 -0.1804225 -0.9716257 -0.1529423 -0.1804153 -0.9716262 -0.1529477 -0.1804238 -0.9716258 -0.15294 -0.1766493 -0.9726266 -0.1509725 -0.1766414 -0.9726271 -0.1509785 -0.1766396 -0.972627 -0.150981 -0.9998391 -0.003266692 -0.01764053 -0.9998391 -0.003266692 -0.01764053 0.7500796 -0.2775221 0.6003016 0.7500676 -0.2774572 0.6003466 0.9328402 -0.3591461 0.02869331 -0.9995598 -0.01433706 -0.02597504 -0.6760707 -0.4112134 -0.611418 0.6897531 -0.6229779 0.3689705 0.9328447 -0.3591307 0.02874118 -0.5913929 -0.5632236 -0.5770907 0.9328395 -0.3591467 0.02871048 0.7501127 -0.2774647 0.600287 -0.600758 -0.5564595 -0.573971 0.7500863 -0.2774659 0.6003193 -0.6007386 -0.5564293 -0.5740206 -3.74776e-4 -0.9963583 -0.08526432 6.23221e-4 -0.9965184 -0.08337181 -0.7908055 -0.2274499 0.5682371 -0.3488598 -0.3623235 -0.8643023 -0.3488453 -0.3623387 -0.8643019 -0.3521063 -0.3648183 -0.8619331 -0.3521215 -0.3648028 -0.8619336 -0.790826 -0.2273862 0.5682339 -0.7908041 -0.2274196 0.5682511 -0.9931293 0.007945418 -0.116752 -0.992217 -0.002474486 -0.1244964 -0.96223 -0.2425336 -0.1236563 -0.7908126 -0.2273805 0.5682549 -9.57158e-5 -0.1530719 -0.9882151 -1.04613e-4 -0.1531218 -0.9882074 -0.7497693 0.2614428 -0.6078599 -0.9998398 -0.003231644 -0.01760703 -0.9995611 -0.0143032 -0.0259422 -0.9396345 0.3420743 -0.008503854 -0.7497661 0.2613965 -0.6078838 -0.9396305 0.3420857 -0.0084908 -0.6897664 0.6229937 -0.3689193 -0.6760879 -0.4112392 -0.6113817 -0.9396279 0.3420925 -0.008498787 -0.5624884 -0.5907931 -0.5784206 -0.5624848 -0.5907869 -0.5784304 -0.9396302 0.3420855 -0.008518755 -0.625256 -0.5295439 -0.57327 -0.7497658 0.2613958 -0.6078845 -4.09574e-4 -0.9963557 -0.08529609 -4.09916e-4 -0.9963555 -0.08529645 -4.09571e-4 -0.9963557 -0.08529609 3.74984e-4 -0.9964995 -0.08359789 5.87407e-4 -0.9965156 -0.08340513 5.88292e-4 -0.9965157 -0.08340436 -0.3505492 -0.3641104 -0.8628668 0.7908743 0.2273441 -0.5681837 -0.3505612 -0.364098 -0.8628671 -0.3493871 -0.3620215 -0.8642159 -0.3493838 -0.3620256 -0.8642154 -0.3494396 -0.3619675 -0.8642173 -0.993126 0.007909417 -0.1167831 -0.993126 0.007909417 -0.1167831 0.7908941 0.2273239 -0.5681642 0.7908732 0.227326 -0.5681923 0.9625804 0.242555 0.1208557 -0.9922126 -0.002514958 -0.1245306 -0.1502478 -0.9800512 -0.1300974 -0.1502512 -0.9800513 -0.130093 -0.1502457 -0.980051 -0.1301009 -0.1691286 -0.9748136 -0.1453753 -0.1690292 -0.9748455 -0.145277 -0.1691222 -0.974814 -0.1453805 0.1115685 -0.05231094 0.992379 0.7016676 -0.2517195 0.6665583 -0.109559 -3.39641e-4 -0.9939803 -0.109462 -4.09699e-4 -0.993991 -0.109462 -4.09697e-4 -0.993991 0.1115748 -0.05233174 0.9923772 -0.1123615 0.08798933 -0.989764 0.7016732 -0.2516661 0.6665726 0.1115712 -0.05232131 0.9923781 0.1115683 -0.05230945 0.9923791 -0.1143972 0.08789032 -0.9895396 -0.1143971 0.0878905 -0.9895396 -0.4232633 -0.3262358 -0.8452327 -0.4232196 -0.3262715 -0.8452409 -0.423247 -0.3262491 -0.8452357 -0.4232979 -0.3262768 -0.8451997 -0.4232954 -0.3262787 -0.8452002 -0.4232959 -0.3262786 -0.8452 -0.1116814 -0.04978221 0.9924964 -0.710884 -0.2425814 0.6601502 -0.3421698 -0.3553673 -0.8698471 -0.3428714 -0.3566968 -0.8690263 -0.3428772 -0.3566895 -0.8690269 -0.1116813 -0.04977351 0.9924969 -0.2454215 -0.3130539 -0.9174779 -0.710852 -0.2426588 0.6601562 -0.1116787 -0.04974842 0.9924983 -0.1116778 -0.04975104 0.9924983 -0.2444316 -0.3121398 -0.9180534 -0.2444198 -0.3121493 -0.9180534 -0.3752297 -0.4794256 -0.7933183 -0.3752175 -0.4794417 -0.7933142 -0.3751858 -0.4794841 -0.7933037 -0.375164 -0.4796089 -0.7932385 -0.3751389 -0.4796425 -0.7932302 -0.3752064 -0.4795526 -0.7932527 0.003277599 -0.9933195 -0.1153506 -0.002950966 -0.002938151 -0.9999914 -0.002950966 -0.00293821 -0.9999914 -0.002950847 -0.00293833 -0.9999914 -0.4923638 -0.7398523 -0.458472 -0.4923257 -0.7398577 -0.458504 -0.492357 -0.7398537 -0.458477 -0.07506018 -0.4536281 -0.8880246 -0.350096 -0.9314139 -0.09950357 -0.3501043 -0.9314116 -0.09949612 -0.3500919 -0.9314153 -0.09950476 -0.3585014 -0.8624652 -0.3572543 -0.3585156 -0.8624673 -0.357235 -0.3584869 -0.8624672 -0.3572638 -0.2958565 -0.88464 -0.36039 -0.2958362 -0.8846379 -0.3604121 -0.2958503 -0.8846397 -0.360396 -0.1170773 -0.9929243 0.01985955 -0.1170773 -0.9929243 0.01985955 -0.2489354 -0.5935602 -0.7653219 -0.248912 -0.5936298 -0.7652754 -0.2489247 -0.5935921 -0.7653006 -0.1583166 -0.982428 -0.09884995 -0.05081552 -0.9713866 -0.2320044 -0.05080103 -0.971383 -0.2320224 -0.05081075 -0.9713854 -0.2320104 -0.2786737 -0.8862567 -0.3699867 -0.2786552 -0.8862532 -0.3700091 -0.2786692 -0.8862552 -0.3699936 -0.1483758 -0.9888879 -0.009247601 -0.02063667 -0.02685034 -0.9994264 -0.02063757 -0.02685147 -0.9994264 7.13288e-4 0.001359403 0.9999988 -0.001478075 -0.001123189 -0.9999983 9.04511e-4 0.001288592 0.9999988 -0.001478016 -0.001123189 -0.9999983 -1.25751e-4 -7.9608e-4 -0.9999997 -1.25756e-4 -7.96075e-4 -0.9999997 -1.25754e-4 -7.96077e-4 -0.9999997 9.24979e-5 -0.001123011 -0.9999994 9.24989e-5 -0.001123011 -0.9999995 9.21589e-5 -0.001123309 -0.9999994 -0.3148567 -9.54065e-4 -0.9491388 -0.3148567 -9.54065e-4 -0.9491388 -0.3148567 -9.54071e-4 -0.9491388 -0.3146991 -9.06168e-4 -0.9491912 -0.3146992 -9.06044e-4 -0.949191 -0.3146992 -9.06028e-4 -0.949191 -0.003286242 -0.003279089 -0.9999892 -0.003286063 -0.003279268 -0.9999893 -0.003285944 -0.003279387 -0.9999892 -0.003276169 -0.9932475 -0.1159689 -0.4513216 -0.8636744 -0.2244448 -0.4513347 -0.8636691 -0.2244383 -0.4512999 -0.8636816 -0.2244607 0.07506161 -0.4536299 -0.8880236 -0.4506657 -0.7806828 -0.4329376 -0.4506065 -0.7806861 -0.4329932 -0.450567 -0.7806867 -0.4330332 -0.2734057 -0.9050976 -0.3256498 -0.2733791 -0.9050963 -0.3256756 -0.273394 -0.9050983 -0.3256574 -0.2083773 -0.9777528 -0.02405422 -0.2083638 -0.9777553 -0.02406537 -0.2083631 -0.9777553 -0.02406984 -0.1440836 -0.9893677 0.01979118 -0.1440855 -0.9893674 0.0197882 -0.1440839 -0.9893676 0.01979058 -0.4271831 -0.3573827 -0.8305374 -0.1548264 -0.9312338 -0.3298976 -0.1548346 -0.9312362 -0.329887 -0.1548377 -0.9312371 -0.3298832 -0.2672464 -0.8960923 -0.3543979 -0.2672454 -0.8960918 -0.3543999 -0.2672346 -0.8960897 -0.3544135 -0.1077927 -0.9876403 -0.1137866 -0.163599 -0.9864839 -0.009226977 -7.62025e-4 0.001341283 0.9999989 -0.003813862 -0.003229558 -0.9999876 -0.003813922 -0.003229498 -0.9999876 5.34807e-5 -7.96072e-4 -0.9999997 5.34834e-5 -7.96075e-4 -0.9999997 5.34782e-5 -7.96069e-4 -0.9999997 -1.54024e-4 -0.001123011 -0.9999994 -1.54361e-4 -0.001123368 -0.9999994 -1.54019e-4 -0.001123011 -0.9999994 -8.15244e-4 0.001321554 0.9999989 -0.01752603 -0.02001124 -0.9996461 -0.01752585 -0.02001136 -0.9996461 4.93526e-5 -0.584178 0.8116256 -3.76757e-5 0.5915552 0.8062646 -0.3769534 0.2523528 0.8911926 -0.37696 0.2523543 0.8911895 -0.3753268 -0.2523306 0.8918852 -2.41399e-6 -0.5842085 0.8116036 -0.3753652 -0.2523546 0.8918622 0.3753675 -0.2523548 0.8918612 -4.38988e-5 -0.5841785 0.8116252 0.3770056 0.252327 0.8911779 -0.3770063 0.2523269 0.8911775 -4.5687e-5 0.5915281 0.8062845 0.3769528 0.2523535 0.8911927 3.65973e-5 0.5915555 0.8062644 -4.87417e-5 -0.5841782 0.8116255 3.58559e-6 -0.5842108 0.8116019 0.3753214 -0.2523794 0.8918736 0.3769625 0.2523517 0.8911892 -0.7074773 -0.4965423 -0.5029132 -0.7074773 -0.4965296 -0.5029258 -1.74604e-5 -0.7927576 -0.609537 -2.20016e-5 -0.792787 -0.609499 0.9892954 -0.08999806 -0.1148698 -0.7442525 -0.4443318 -0.4986557 -0.9803003 -0.1590614 0.1170945 0.9892966 -0.08999949 -0.1148588 0.769561 0.4327764 -0.4695535 0.7695623 0.4327406 -0.4695842 -0.9795072 -0.1557193 0.1277387 -0.9795072 -0.1557193 0.1277386 -0.9360283 -0.3357903 -0.1053369 2.2074e-5 -0.7927866 -0.6094994 1.70171e-5 -0.7927575 -0.6095371 -0.9238824 -0.2885041 -0.2514092 -3.41615e-5 -3.39073e-5 -1 -3.41614e-5 -3.39074e-5 -1 -3.4163e-5 -3.39059e-5 -1 -4.40279e-4 -4.40775e-4 -0.9999998 -4.40296e-4 -4.40757e-4 -0.9999998 -4.40475e-4 -4.40916e-4 -0.9999998 -3.38908e-4 -3.39029e-4 -0.9999999 -3.38907e-4 -3.39029e-4 -0.9999999 -3.38946e-4 -3.3899e-4 -0.9999999 -0.574381 -0.5401907 -0.6150452 -0.5743476 -0.5402094 -0.6150599 0.7695629 0.4327512 -0.4695736 0.7695633 0.4327422 -0.4695816 0 0.6419647 -0.7667342 -0.5743904 -0.5402217 -0.6150091 -0.9360282 -0.3357902 -0.1053385 -0.9892952 -0.08999788 -0.1148715 2.28882e-5 -0.7927862 -0.6094999 1.67191e-5 -0.7927579 -0.6095366 -0.9238826 -0.2885043 -0.251409 -0.946512 -0.09567576 -0.3081579 -0.946515 -0.09568494 -0.3081457 -0.7695626 0.4327411 -0.4695836 -0.7695607 0.4327762 -0.4695544 -0.9892963 -0.09000003 -0.1148603 -0.9389235 -0.1235496 -0.3211825 -0.7074768 -0.4965428 -0.5029134 -0.707476 -0.4965306 -0.5029265 -1.61417e-5 -0.792758 -0.6095365 -2.16663e-5 -0.7927866 -0.6094993 0.9360285 -0.3357896 -0.1053377 -0.7442527 -0.444332 -0.4986554 -3.50343e-5 -3.35997e-5 -1 -3.58756e-5 -3.44443e-5 -1 -3.57079e-5 -3.42748e-5 -1 -3.40579e-5 -3.39183e-5 -1 -3.40589e-5 -3.39174e-5 -1 -3.4056e-5 -3.39203e-5 -1 -6.4357e-4 -6.44011e-4 -0.9999996 -6.43582e-4 -6.44e-4 -0.9999996 -6.43517e-4 -6.44064e-4 -0.9999996 -0.5743604 -0.540238 -0.615023 4.23617e-7 0.6419642 -0.7667347 -0.769563 0.4327421 -0.4695819 -0.7695632 0.4327517 -0.4695726 -0.5742948 -0.5402739 -0.6150527 -0.5743235 -0.5402219 -0.6150714 -0.9819278 -0.1572316 -0.1053379 -0.988907 0.09416949 -0.1148704 -0.1463237 -0.7791655 -0.6095002 -0.1463236 -0.7791369 -0.6095368 -0.9612619 -0.1130007 -0.2514089 -0.8195177 -0.29933 -0.4886637 -0.8194988 -0.2992967 -0.4887161 -0.6764541 0.5673622 -0.4695851 -0.6764467 0.5673973 -0.4695532 -0.9889085 0.094168 -0.1148591 -0.8147086 -0.3097457 -0.4902118 -0.6275218 -0.5440515 -0.5569778 -0.6275268 -0.5440738 -0.5569506 -0.1463569 -0.7791309 -0.6095365 -0.1463679 -0.7791575 -0.6094999 0.8579563 -0.5028071 -0.1053383 -0.6582303 -0.5102656 -0.5534998 -3.45284e-5 -3.38828e-5 -1 -3.41875e-5 -3.35494e-5 -1 -3.41893e-5 -3.35476e-5 -1 -3.43134e-5 -3.39631e-5 -1 -3.43181e-5 -3.39584e-5 -1 -3.43125e-5 -3.3964e-5 -1 -9.48052e-4 -9.49751e-4 -0.9999991 -9.48184e-4 -9.49619e-4 -0.9999991 -9.48121e-4 -9.49682e-4 -0.9999991 -0.5764289 -0.5726729 -0.5829027 0.1185021 0.6309326 -0.7667342 -0.6764572 0.5673626 -0.4695801 -0.6764513 0.5673736 -0.4695752 -0.5764786 -0.572641 -0.5828849 -0.576441 -0.5726653 -0.5828982 -0.7840564 -0.4593584 -0.4174271 -0.7840609 -0.4593198 -0.4174614 0.1463235 -0.779137 -0.6095368 0.1463236 -0.7791661 -0.6094997 0.988907 0.09416908 -0.1148701 -0.8358388 -0.3775969 -0.3984898 -0.9340749 -0.337421 0.1168383 0.9889084 0.09416848 -0.1148588 0.6764466 0.5673976 -0.4695531 0.6764542 0.5673622 -0.4695849 -0.9339309 -0.3338518 0.127735 -0.9339308 -0.3338515 0.1277354 -0.8579562 -0.5028069 -0.1053403 0.1463688 -0.7791565 -0.609501 0.1463563 -0.779131 -0.6095365 -0.854748 -0.4540922 -0.2514081 -2.39471e-4 -2.36261e-4 -1 -2.39455e-4 -2.36277e-4 -1 -2.39486e-4 -2.36247e-4 -1 -6.4336e-4 -6.44071e-4 -0.9999996 -6.43368e-4 -6.44062e-4 -0.9999996 -6.43368e-4 -6.44062e-4 -0.9999996 -8.47153e-4 -8.48131e-4 -0.9999993 -8.47077e-4 -8.4787e-4 -0.9999993 -8.47006e-4 -8.47941e-4 -0.9999993 -0.5775614 -0.4946248 -0.6494376 -0.577622 -0.4945965 -0.6494053 0.6764511 0.5673742 -0.4695748 0.6764571 0.5673626 -0.4695802 -0.1185022 0.6309324 -0.7667344 -0.5775686 -0.4946182 -0.6494362 -8.47321e-4 -8.46702e-4 -0.9999993 -8.4724e-4 -8.46783e-4 -0.9999993 -8.47317e-4 -8.46706e-4 -0.9999993 -8.46693e-4 -8.45961e-4 -0.9999993 -8.4712e-4 -8.46545e-4 -0.9999993 -8.47138e-4 -8.46527e-4 -0.9999993 2.23475e-7 -1 -2.76418e-6 -4.74433e-4 -0.9999998 -4.74474e-4 -4.74422e-4 -0.9999998 -4.74486e-4 -4.74398e-4 -0.9999998 -4.7451e-4 -1 -3.38802e-5 -3.37821e-5 -1 -3.38822e-5 -3.37801e-5 -1 -3.38836e-5 -3.37787e-5 -1 -3.36226e-5 -3.5382e-5 -1 -3.36245e-5 -3.53801e-5 -1 -3.36242e-5 -3.53804e-5 -2.40883e-4 -1 -2.64647e-4 -2.39536e-4 -1 -2.63297e-4 -2.42545e-4 -1 -2.66357e-4 -0.004003703 -0.9999841 -0.003988146 -0.004003822 -0.9999841 -0.003988325 -0.004004061 -0.9999841 -0.003987729 -1 0 0 -1 0 -5.3386e-7 -0.00105077 -0.001049458 -0.999999 -0.00105071 -0.001049518 -0.999999 -0.001050651 -0.001049578 -0.999999 -0.001050651 -0.001049578 -0.999999 -0.001050651 -0.001049578 -0.999999 -0.001050591 -0.001049637 -0.999999 -2.23474e-7 -1 -1.23898e-6 -2.23474e-7 -1 1.52524e-6 -1 -3.37781e-5 -3.37805e-5 -1 -3.37801e-5 -3.37785e-5 -1 -3.378e-5 -3.37786e-5 -1 -3.36211e-5 -3.43159e-5 -1 -3.3623e-5 -3.4314e-5 -1 -3.36244e-5 -3.43125e-5 -0.003996133 -0.9999841 -0.003979682 -0.00399512 -0.9999841 -0.003979682 -0.00399667 -0.9999842 -0.003980815 -4.53945e-5 -1 -3.82763e-5 -4.29135e-5 -1 -3.78561e-5 -4.86182e-5 -1 -3.82458e-5 -0.9999988 -0.001118421 -0.001117527 -0.9999988 -0.001118361 -0.001117587 -0.9999988 -0.001118481 -0.001117467 -0.9999999 -3.38891e-4 -3.38956e-4 -0.9999999 -3.38867e-4 -3.3898e-4 -0.9999999 -3.38895e-4 -3.38952e-4 -3.47391e-5 -3.34822e-5 -1 -3.4385e-5 -3.31625e-5 -1 -3.43839e-5 -3.31637e-5 -1 -3.37133e-5 -3.42172e-5 -1 -3.3712e-5 -3.42185e-5 -1 -3.37125e-5 -3.4218e-5 -1 -0.003660917 -0.9999867 -0.003647506 -0.003660798 -0.9999867 -0.003647625 -0.003660798 -0.9999867 -0.003647625 0 -1 -1.06517e-5 -1 -3.37779e-5 -3.48483e-5 -1 -3.37785e-5 -3.48478e-5 -1 -3.37786e-5 -3.48477e-5 -1 -3.38838e-5 -3.3779e-5 -1 -3.38842e-5 -3.37785e-5 -1 -3.38834e-5 -3.37793e-5 -3.74247e-5 -1 -4.17156e-5 -3.77599e-5 -1 -4.20548e-5 -3.74258e-5 -1 -4.17145e-5 -0.004914999 -0.999976 -0.004890978 -0.004915118 -0.999976 -0.004891812 -0.0049147 -0.999976 -0.00489062 -1 0 0 -0.999999 -0.001050829 -0.001049637 -0.999999 -0.00105071 -0.001049816 -0.999999 -0.00105077 -0.001049757 -8.47406e-4 -8.46614e-4 -0.9999993 -8.4728e-4 -8.46739e-4 -0.9999993 -8.47444e-4 -8.46576e-4 -0.9999993 -8.47306e-4 -8.46714e-4 -0.9999993 -8.4724e-4 -8.46779e-4 -0.9999993 -8.47367e-4 -8.46652e-4 -0.9999993 0 -1 0 -0.001623094 -0.9999974 -0.001620352 -0.001623034 -0.9999974 -0.001620352 -0.001623153 -0.9999974 -0.001620233 -0.9999995 -7.45783e-4 -7.45183e-4 -0.9999995 -7.45793e-4 -7.45173e-4 -0.9999995 -7.45775e-4 -7.45191e-4 -0.9999999 -3.38804e-4 -3.38936e-4 -0.9999999 -3.3881e-4 -3.38931e-4 -0.9999999 -3.38811e-4 -3.3893e-4 -0.004508554 -0.9999799 -0.004488468 -0.004509389 -0.9999799 -0.004489958 -0.004507064 -0.9999799 -0.004486918 -3.74247e-5 -1 -4.56785e-5 -3.67479e-5 -1 -4.50066e-5 -3.84343e-5 -1 -4.66919e-5 -0.9999993 -8.4728e-4 -8.46854e-4 -0.9999993 -8.47291e-4 -8.46844e-4 -0.9999993 -8.47194e-4 -8.4694e-4 -1 0 -5.33851e-7 -0.4370658 -0.8994296 -4.17333e-5 -0.4370658 -0.8994296 -4.17349e-5 -0.4370658 -0.8994296 -4.17356e-5 -0.4370669 -0.899429 -4.31796e-5 -0.4370669 -0.899429 -4.31802e-5 -0.4370669 -0.899429 -4.3179e-5 -0.9756976 -0.2191216 -3.80668e-5 -0.9756976 -0.2191216 -3.80729e-5 -0.9756976 -0.2191216 -3.80712e-5 -0.9756976 -0.2191217 -3.78744e-5 -0.9756976 -0.2191217 -3.7876e-5 -0.9756976 -0.2191217 -3.78746e-5 -0.6238521 -0.5316859 -0.5728165 -0.6238794 -0.5317199 -0.5727553 -0.6238818 -0.5317229 -0.5727499 -0.6238634 -0.5316993 -0.5727917 -0.6238967 -0.5317409 -0.5727168 -0.6238812 -0.5317215 -0.5727517 -0.7840191 -0.6207368 0 -0.7840188 -0.6207371 -5.11892e-7 -0.8440179 -0.3274737 -0.4247292 -0.8440118 -0.3274475 -0.4247615 -0.8440247 -0.3275032 -0.4246929 -0.844015 -0.3274607 -0.424745 -0.844021 -0.3274867 -0.4247128 -0.8440191 -0.3274786 -0.424723 -0.4333967 -0.7295591 -0.5290661 -0.4333578 -0.7295405 -0.5291235 -0.4333946 -0.7295581 -0.5290692 -0.4334129 -0.7295668 -0.5290421 -0.4333818 -0.729552 -0.529088 -0.4334189 -0.7295697 -0.5290333 -0.003516912 -0.9999938 3.8894e-7 -0.003516674 -0.9999939 0 -3.94668e-5 -3.43139e-5 -1 -3.94687e-5 -3.43121e-5 -1 -3.94682e-5 -3.43126e-5 -1 -3.96055e-5 -3.40509e-5 -1 -3.96027e-5 -3.40537e-5 -1 -3.96037e-5 -3.40528e-5 -1 -3.93578e-5 -3.35567e-5 -1 -3.93602e-5 -3.35543e-5 -1 -3.93607e-5 -3.35539e-5 -1 -3.9458e-5 -3.38713e-5 -1 -3.94598e-5 -3.38695e-5 -1 -3.94603e-5 -3.3869e-5 -1 -4.0033e-5 -3.39213e-5 -1 -4.0369e-5 -3.42597e-5 -1 -4.0033e-5 -3.39213e-5 -1 -0.7301656 -0.01480817 0.6831099 -0.5285533 -0.5735219 -0.6258627 -0.5285589 -0.5735123 -0.6258668 -0.6067498 -0.5763015 -0.5474773 -0.6067457 -0.5763108 -0.5474721 -0.7301452 -0.01478952 0.683132 -0.6457718 0.02309083 -0.7631813 -0.6457718 0.0230906 -0.7631814 -0.6457718 0.02309179 -0.7631813 -0.7551787 -0.01465111 -0.6553553 0.7551822 0.01460361 0.6553522 -0.7551788 -0.01465111 -0.6553553 0 -1 -6.81765e-6 0.7301239 -0.01479011 0.6831547 -0.7452136 0.02016043 -0.6665211 -0.7452135 0.02016043 -0.6665212 -0.6313181 -0.01793652 -0.7753167 -0.631318 -0.01793557 -0.7753168 0.7301459 -0.01480776 0.6831308 -0.6032567 -0.5754173 -0.5522467 -0.7552029 0.01460403 0.6553286 -0.6032421 -0.5754493 -0.5522294 -0.5498451 -0.5746904 -0.6061365 -0.5498315 -0.5747148 -0.6061257 -0.5498627 -0.5746589 -0.6061504 -0.4370478 -0.8994383 -7.68848e-6 -0.4370492 -0.8994376 1.5542e-6 -0.975704 -0.2190933 2.11673e-7 -0.9757039 -0.2190935 1.90506e-6 -0.6238856 -0.5317234 -0.5727453 -0.6238624 -0.5316947 -0.5727971 -0.6238728 -0.5317083 -0.5727733 -0.6238735 -0.5317115 -0.5727694 -0.6238788 -0.5317184 -0.5727571 -0.6238815 -0.5317207 -0.5727521 -0.7840138 -0.6207435 -4.56562e-5 -0.7840139 -0.6207434 -4.5186e-5 -0.7840139 -0.6207433 -4.51856e-5 -0.7840137 -0.6207436 -4.46524e-5 -0.7840137 -0.6207436 -4.46521e-5 -0.7840138 -0.6207436 -4.46512e-5 -0.8440173 -0.3274748 -0.4247295 -0.8440154 -0.3274669 -0.4247391 -0.8440255 -0.3275109 -0.4246854 -0.8440195 -0.3274853 -0.424717 -0.8440156 -0.3274686 -0.4247375 -0.8440101 -0.3274453 -0.4247666 -0.4333825 -0.7295976 -0.5290246 -0.4333681 -0.729592 -0.5290442 -0.4333324 -0.7295745 -0.5290974 -0.4333971 -0.729565 -0.5290578 -0.433396 -0.7295649 -0.5290586 -0.4333512 -0.7295434 -0.5291249 -0.003550052 -0.9999938 -3.11087e-5 -0.003550052 -0.9999938 -3.11089e-5 -0.003550052 -0.9999938 -3.11127e-5 -0.003752589 -0.999993 -2.38555e-4 -0.003752529 -0.999993 -2.38589e-4 -0.003752768 -0.999993 -2.38737e-4 -3.38181e-5 -3.52107e-5 -1 -3.38153e-5 -3.52135e-5 -1 -3.38162e-5 -3.52126e-5 -1 -3.39048e-5 -3.39005e-5 -1 -3.38998e-5 -3.39056e-5 -1 -3.39062e-5 -3.38991e-5 -1 -3.36322e-5 -3.38636e-5 -1 -3.36308e-5 -3.3865e-5 -1 -3.36266e-5 -3.38691e-5 -1 -3.38038e-5 -3.39464e-5 -1 -3.38057e-5 -3.39446e-5 -1 -3.38071e-5 -3.39432e-5 -1 -3.3763e-5 -3.38941e-5 -1 -3.37589e-5 -3.38983e-5 -1 -3.37616e-5 -3.38955e-5 -1 -3.04417e-7 -6.46374e-7 1 0 -7.38713e-7 1 4.99175e-6 -3.99737e-7 1 6.41799e-6 -3.99737e-7 1 4.99177e-6 -3.99738e-7 1 7.03726e-6 -3.99733e-7 1</float_array>
          <technique_common>
            <accessor source="#monitor_white_Mesh-mesh-normals-array" count="1951" stride="3">
              <param name="X" type="float"/>
              <param name="Y" type="float"/>
              <param name="Z" type="float"/>
            </accessor>
          </technique_common>
        </source>
        <source id="monitor_white_Mesh-mesh-map-0">
          <float_array id="monitor_white_Mesh-mesh-map-0-array" count="4452">0.03131175 0.8510292 0.0365743 0.7523173 0.04645508 0.7522373 0.04645508 0.7522373 0.04313862 0.8513778 0.03131175 0.8510292 0.02744978 0.8509289 0.02789902 0.7524718 0.0365743 0.7523173 0.0365743 0.7523173 0.03131175 0.8510292 0.02744978 0.8509289 0.03323799 0.850908 0.03671807 0.752314 0.02764588 0.7524626 0.02764588 0.7524626 0.02732759 0.8507024 0.03323799 0.850908 0.04615402 0.8513296 0.06021142 0.7521733 0.03671807 0.752314 0.03671807 0.752314 0.03323799 0.850908 0.04615402 0.8513296 0.0672425 0.8523079 0.06678366 0.7521427 0.06021142 0.7521733 0.06021142 0.7521733 0.04615402 0.8513296 0.0672425 0.8523079 0.0698173 0.8520298 0.07057702 0.7521493 0.06678366 0.7521427 0.06678366 0.7521427 0.0672425 0.8523079 0.0698173 0.8520298 0.06741565 0.8521277 0.06978577 0.752142 0.07057052 0.7521541 0.07057052 0.7521541 0.06981348 0.8521828 0.06741565 0.8521277 0.05739718 0.8518112 0.06255215 0.7521725 0.06978577 0.752142 0.06978577 0.752142 0.06741565 0.8521277 0.05739718 0.8518112 0.04313862 0.8513778 0.04645508 0.7522373 0.06255215 0.7521725 0.06255215 0.7521725 0.05739718 0.8518112 0.04313862 0.8513778 0.06562006 0.679819 0.066459 0.7390406 0.05476379 0.7389877 0.05476379 0.7389877 0.05318933 0.6798285 0.06562006 0.679819 0.07006216 0.6798158 0.07027757 0.7390505 0.066459 0.7390406 0.066459 0.7390406 0.06562006 0.679819 0.07006216 0.6798158 0.06446731 0.679813 0.06455683 0.7391279 0.07040172 0.7391716 0.07040172 0.7391716 0.07008707 0.6798081 0.06446731 0.679813 0.05141949 0.679824 0.05178391 0.7390482 0.06455683 0.7391279 0.06455683 0.7391279 0.06446731 0.679813 0.05141949 0.679824 0.03704857 0.6798362 0.02834475 0.7386825 0.05178391 0.7390482 0.05178391 0.7390482 0.05141949 0.679824 0.03704857 0.6798362 0.02810752 0.6798632 0.02831745 0.7388589 0.02834719 0.738601 0.02834719 0.738601 0.03704857 0.6798362 0.02810752 0.6798632 0.02831745 0.7388589 0.02810752 0.6798632 0.02810281 0.6798422 0.02810281 0.6798422 0.03075677 0.7388607 0.02831745 0.7388589 0.03858637 0.6798399 0.04066383 0.7389169 0.03075677 0.7388607 0.03075677 0.7388607 0.02810281 0.6798422 0.03858637 0.6798399 0.05318933 0.6798285 0.05476379 0.7389877 0.04066383 0.7389169 0.04066383 0.7389169 0.03858637 0.6798399 0.05318933 0.6798285 0.005824983 0.7806695 0.003427565 0.7847875 0.004086792 0.7895131 0.005824983 0.7806695 0.004086792 0.7895131 0.007443487 0.7926986 0.007443487 0.7926986 0.01284378 0.792149 0.01566219 0.7896923 0.01566219 0.7896923 0.01656115 0.784954 0.01439738 0.7807783 0.007443487 0.7926986 0.01566219 0.7896923 0.01439738 0.7807783 0.005824983 0.7806695 0.007443487 0.7926986 0.01439738 0.7807783 0.005824983 0.7806695 0.01439738 0.7807783 0.0101574 0.7790862 0.04645508 0.7522373 0.0365743 0.7523173 0.03131175 0.8510292 0.03131175 0.8510292 0.04313862 0.8513778 0.04645508 0.7522373 0.0365743 0.7523173 0.02789902 0.7524718 0.02744978 0.8509289 0.02744978 0.8509289 0.03131175 0.8510292 0.0365743 0.7523173 0.02764588 0.7524626 0.03671807 0.752314 0.03323799 0.850908 0.03323799 0.850908 0.02732759 0.8507024 0.02764588 0.7524626 0.03671807 0.752314 0.06021142 0.7521733 0.04615402 0.8513296 0.04615402 0.8513296 0.03323799 0.850908 0.03671807 0.752314 0.06021142 0.7521733 0.06678366 0.7521427 0.0672425 0.8523079 0.0672425 0.8523079 0.04615402 0.8513296 0.06021142 0.7521733 0.06678366 0.7521427 0.07057702 0.7521493 0.0698173 0.8520298 0.0698173 0.8520298 0.0672425 0.8523079 0.06678366 0.7521427 0.07057052 0.7521541 0.06978577 0.752142 0.06741565 0.8521277 0.06741565 0.8521277 0.06981348 0.8521828 0.07057052 0.7521541 0.06978577 0.752142 0.06255215 0.7521725 0.05739718 0.8518112 0.05739718 0.8518112 0.06741565 0.8521277 0.06978577 0.752142 0.06255215 0.7521725 0.04645508 0.7522373 0.04313862 0.8513778 0.04313862 0.8513778 0.05739718 0.8518112 0.06255215 0.7521725 0.05476379 0.7389877 0.066459 0.7390406 0.06562006 0.679819 0.06562006 0.679819 0.05318933 0.6798285 0.05476379 0.7389877 0.066459 0.7390406 0.07027757 0.7390505 0.07006216 0.6798158 0.07006216 0.6798158 0.06562006 0.679819 0.066459 0.7390406 0.07040172 0.7391716 0.06455683 0.7391279 0.06446731 0.679813 0.06446731 0.679813 0.07008707 0.6798081 0.07040172 0.7391716 0.06455683 0.7391279 0.05178391 0.7390482 0.05141949 0.679824 0.05141949 0.679824 0.06446731 0.679813 0.06455683 0.7391279 0.05178391 0.7390482 0.02834475 0.7386825 0.03704857 0.6798362 0.03704857 0.6798362 0.05141949 0.679824 0.05178391 0.7390482 0.02834719 0.738601 0.02831745 0.7388589 0.02810752 0.6798632 0.02810752 0.6798632 0.03704857 0.6798362 0.02834719 0.738601 0.02810281 0.6798422 0.02810752 0.6798632 0.02831745 0.7388589 0.02831745 0.7388589 0.03075677 0.7388607 0.02810281 0.6798422 0.03075677 0.7388607 0.04066383 0.7389169 0.03858637 0.6798399 0.03858637 0.6798399 0.02810281 0.6798422 0.03075677 0.7388607 0.04066383 0.7389169 0.05476379 0.7389877 0.05318933 0.6798285 0.05318933 0.6798285 0.03858637 0.6798399 0.04066383 0.7389169 0.005824983 0.7806695 0.0101574 0.7790862 0.01439738 0.7807783 0.01439738 0.7807783 0.01656115 0.784954 0.01566219 0.7896923 0.01566219 0.7896923 0.01284378 0.792149 0.007443487 0.7926986 0.01439738 0.7807783 0.01566219 0.7896923 0.007443487 0.7926986 0.005824983 0.7806695 0.01439738 0.7807783 0.007443487 0.7926986 0.005824983 0.7806695 0.007443487 0.7926986 0.004086792 0.7895131 0.005824983 0.7806695 0.004086792 0.7895131 0.003427565 0.7847875 0.03131175 0.8510292 0.04313862 0.8513778 0.04645508 0.7522373 0.04645508 0.7522373 0.0365743 0.7523173 0.03131175 0.8510292 0.02744978 0.8509289 0.03131175 0.8510292 0.0365743 0.7523173 0.0365743 0.7523173 0.02789902 0.7524718 0.02744978 0.8509289 0.03323799 0.850908 0.02732759 0.8507024 0.02764588 0.7524626 0.02764588 0.7524626 0.03671807 0.752314 0.03323799 0.850908 0.04615402 0.8513296 0.03323799 0.850908 0.03671807 0.752314 0.03671807 0.752314 0.06021142 0.7521733 0.04615402 0.8513296 0.0672425 0.8523079 0.04615402 0.8513296 0.06021142 0.7521733 0.06021142 0.7521733 0.06678366 0.7521427 0.0672425 0.8523079 0.0698173 0.8520298 0.0672425 0.8523079 0.06678366 0.7521427 0.06678366 0.7521427 0.07057702 0.7521493 0.0698173 0.8520298 0.06741565 0.8521277 0.06981348 0.8521828 0.07057052 0.7521541 0.07057052 0.7521541 0.06978577 0.752142 0.06741565 0.8521277 0.05739718 0.8518112 0.06741565 0.8521277 0.06978577 0.752142 0.06978577 0.752142 0.06255215 0.7521725 0.05739718 0.8518112 0.04313862 0.8513778 0.05739718 0.8518112 0.06255215 0.7521725 0.06255215 0.7521725 0.04645508 0.7522373 0.04313862 0.8513778 0.06562006 0.679819 0.05318933 0.6798285 0.05476379 0.7389877 0.05476379 0.7389877 0.066459 0.7390406 0.06562006 0.679819 0.07006216 0.6798158 0.06562006 0.679819 0.066459 0.7390406 0.066459 0.7390406 0.07027757 0.7390505 0.07006216 0.6798158 0.06446731 0.679813 0.07008707 0.6798081 0.07040172 0.7391716 0.07040172 0.7391716 0.06455683 0.7391279 0.06446731 0.679813 0.05141949 0.679824 0.06446731 0.679813 0.06455683 0.7391279 0.06455683 0.7391279 0.05178391 0.7390482 0.05141949 0.679824 0.03704857 0.6798362 0.05141949 0.679824 0.05178391 0.7390482 0.05178391 0.7390482 0.02834475 0.7386825 0.03704857 0.6798362 0.02810752 0.6798632 0.03704857 0.6798362 0.02834719 0.738601 0.02834719 0.738601 0.02831745 0.7388589 0.02810752 0.6798632 0.02831745 0.7388589 0.03075677 0.7388607 0.02810281 0.6798422 0.02810281 0.6798422 0.02810752 0.6798632 0.02831745 0.7388589 0.03858637 0.6798399 0.02810281 0.6798422 0.03075677 0.7388607 0.03075677 0.7388607 0.04066383 0.7389169 0.03858637 0.6798399 0.05318933 0.6798285 0.03858637 0.6798399 0.04066383 0.7389169 0.04066383 0.7389169 0.05476379 0.7389877 0.05318933 0.6798285 0.005824983 0.7806695 0.0101574 0.7790862 0.01439738 0.7807783 0.01439738 0.7807783 0.01656115 0.784954 0.01566219 0.7896923 0.01566219 0.7896923 0.01284378 0.792149 0.007443487 0.7926986 0.01439738 0.7807783 0.01566219 0.7896923 0.007443487 0.7926986 0.005824983 0.7806695 0.01439738 0.7807783 0.007443487 0.7926986 0.005824983 0.7806695 0.007443487 0.7926986 0.004086792 0.7895131 0.005824983 0.7806695 0.004086792 0.7895131 0.003427565 0.7847875 0.04645508 0.7522373 0.04313862 0.8513778 0.03131175 0.8510292 0.03131175 0.8510292 0.0365743 0.7523173 0.04645508 0.7522373 0.0365743 0.7523173 0.03131175 0.8510292 0.02744978 0.8509289 0.02744978 0.8509289 0.02789902 0.7524718 0.0365743 0.7523173 0.02764588 0.7524626 0.02732759 0.8507024 0.03323799 0.850908 0.03323799 0.850908 0.03671807 0.752314 0.02764588 0.7524626 0.03671807 0.752314 0.03323799 0.850908 0.04615402 0.8513296 0.04615402 0.8513296 0.06021142 0.7521733 0.03671807 0.752314 0.06021142 0.7521733 0.04615402 0.8513296 0.0672425 0.8523079 0.0672425 0.8523079 0.06678366 0.7521427 0.06021142 0.7521733 0.06678366 0.7521427 0.0672425 0.8523079 0.0698173 0.8520298 0.0698173 0.8520298 0.07057702 0.7521493 0.06678366 0.7521427 0.07057052 0.7521541 0.06981348 0.8521828 0.06741565 0.8521277 0.06741565 0.8521277 0.06978577 0.752142 0.07057052 0.7521541 0.06978577 0.752142 0.06741565 0.8521277 0.05739718 0.8518112 0.05739718 0.8518112 0.06255215 0.7521725 0.06978577 0.752142 0.06255215 0.7521725 0.05739718 0.8518112 0.04313862 0.8513778 0.04313862 0.8513778 0.04645508 0.7522373 0.06255215 0.7521725 0.05476379 0.7389877 0.05318933 0.6798285 0.06562006 0.679819 0.06562006 0.679819 0.066459 0.7390406 0.05476379 0.7389877 0.066459 0.7390406 0.06562006 0.679819 0.07006216 0.6798158 0.07006216 0.6798158 0.07027757 0.7390505 0.066459 0.7390406 0.07040172 0.7391716 0.07008707 0.6798081 0.06446731 0.679813 0.06446731 0.679813 0.06455683 0.7391279 0.07040172 0.7391716 0.06455683 0.7391279 0.06446731 0.679813 0.05141949 0.679824 0.05141949 0.679824 0.05178391 0.7390482 0.06455683 0.7391279 0.05178391 0.7390482 0.05141949 0.679824 0.03704857 0.6798362 0.03704857 0.6798362 0.02834475 0.7386825 0.05178391 0.7390482 0.02834719 0.738601 0.03704857 0.6798362 0.02810752 0.6798632 0.02810752 0.6798632 0.02831745 0.7388589 0.02834719 0.738601 0.02810281 0.6798422 0.03075677 0.7388607 0.02831745 0.7388589 0.02831745 0.7388589 0.02810752 0.6798632 0.02810281 0.6798422 0.03075677 0.7388607 0.02810281 0.6798422 0.03858637 0.6798399 0.03858637 0.6798399 0.04066383 0.7389169 0.03075677 0.7388607 0.04066383 0.7389169 0.03858637 0.6798399 0.05318933 0.6798285 0.05318933 0.6798285 0.05476379 0.7389877 0.04066383 0.7389169 0.005824983 0.7806695 0.003427565 0.7847875 0.004086792 0.7895131 0.005824983 0.7806695 0.004086792 0.7895131 0.007443487 0.7926986 0.007443487 0.7926986 0.01284378 0.792149 0.01566219 0.7896923 0.01566219 0.7896923 0.01656115 0.784954 0.01439738 0.7807783 0.007443487 0.7926986 0.01566219 0.7896923 0.01439738 0.7807783 0.005824983 0.7806695 0.007443487 0.7926986 0.01439738 0.7807783 0.005824983 0.7806695 0.01439738 0.7807783 0.0101574 0.7790862 0.7323253 0.8305007 0.5319047 0.8303957 0.5318898 0.8492898 0.5318898 0.8492898 0.7322035 0.8494967 0.7323253 0.8305007 0.7323761 0.8035047 0.5319891 0.8034342 0.5319047 0.8303957 0.5319047 0.8303957 0.7323253 0.8305007 0.7323761 0.8035047 0.7323761 0.8035047 0.5319891 0.8034342 0.5319891 0.8034342 0.5319891 0.8034342 0.7323761 0.8035047 0.7323761 0.8035047 0.7321162 0.8305388 0.5316813 0.8304364 0.5317707 0.803474 0.5317707 0.803474 0.732098 0.8035553 0.7321162 0.8305388 0.732163 0.8495042 0.5316829 0.8493275 0.5316813 0.8304364 0.5316813 0.8304364 0.7321162 0.8305388 0.732163 0.8495042 0.7320459 0.8539825 0.5316829 0.853783 0.5316829 0.8493275 0.5316829 0.8493275 0.732163 0.8495042 0.7320459 0.8539825 0.2218649 0.6160691 0.2218649 0.6160691 0.2131299 0.6163713 0.2131299 0.6163713 0.2062588 0.6174508 0.2069834 0.6170894 0.2218649 0.6160691 0.2131299 0.6163713 0.2069834 0.6170894 0.2218649 0.6160691 0.2069834 0.6170894 0.2131299 0.6163713 0.5328903 0.3497862 0.5328903 0.2834975 0.6004894 0.2834975 0.6004894 0.2834975 0.6004893 0.3497862 0.5328903 0.3497862 0.1668831 0.890524 0.01813954 0.8904129 0.03951245 0.9308027 0.03951245 0.9308027 0.1737028 0.9308027 0.1668831 0.890524 0.5745766 0.9885005 0.6338718 0.9604566 0.7041829 0.9679484 0.6347714 0.9596861 0.575105 0.9876534 0.7047112 0.9671014 0.6406385 0.9140405 0.6347523 0.9601622 0.7046922 0.9675775 0.7046922 0.9675775 0.7307482 0.9140405 0.6406385 0.9140405 0.4080909 0.2171821 0.4091979 0.2223153 0.3757314 0.2222023 0.3757314 0.2222023 0.3757284 0.247469 0.2189156 0.2474848 0.3757314 0.2222023 0.2189156 0.2474848 0.2428214 0.2181943 0.4080909 0.2171821 0.3757314 0.2222023 0.2428214 0.2181943 0.2182341 0.2469966 0.3752787 0.2469809 0.3752815 0.2216935 0.3752815 0.2216935 0.4081227 0.2218328 0.4069921 0.216649 0.3752815 0.2216935 0.4069921 0.216649 0.2417354 0.2177051 0.2182341 0.2469966 0.3752815 0.2216935 0.2417354 0.2177051 0.6407443 0.9153635 0.5531975 0.9153635 0.5615712 0.8872885 0.6407443 0.9153635 0.5615712 0.8872885 0.6430011 0.8867734 0.6407443 0.9153635 0.6430011 0.8867734 0.6453213 0.8883309 0.5244581 0.9923803 0.5510151 0.9605382 0.5745766 0.9885005 0.5517639 0.9597779 0.5249864 0.9915333 0.575105 0.9876534 0.575105 0.9876534 0.6347714 0.9596861 0.5517639 0.9597779 0.5541005 0.9145164 0.5517639 0.9597779 0.6347714 0.9596861 0.6347714 0.9596861 0.6416096 0.9145164 0.5541005 0.9145164 0.1086151 0.2182726 0.2428214 0.2181943 0.2189156 0.2474848 0.2189156 0.2474848 0.1049199 0.2474945 0.1086151 0.2182726 0.107726 0.2177855 0.1044698 0.2470064 0.2182341 0.2469966 0.2182341 0.2469966 0.2417354 0.2177051 0.107726 0.2177855 0.4945605 0.8873144 0.5615712 0.8872885 0.5531975 0.9153635 0.5531975 0.9153635 0.4657599 0.9153635 0.4945605 0.8873144 0.5510151 0.9605382 0.5244581 0.9923803 0.3819077 0.9925583 0.3819077 0.9925583 0.3631754 0.9607704 0.5510151 0.9605382 0.3640748 0.9599615 0.3824362 0.9917112 0.5249864 0.9915333 0.5249864 0.9915333 0.5517639 0.9597779 0.3640748 0.9599615 0.466677 0.9145164 0.5517639 0.9597779 0.5541005 0.9145164 0.4090594 0.2181987 0.4062474 0.2474946 0.2922052 0.2475045 0.2922052 0.2475045 0.2778517 0.2182031 0.4090594 0.2181987 0.2769497 0.2177163 0.2918015 0.2470163 0.4057974 0.2470065 0.4057974 0.2470065 0.4081582 0.2177119 0.2769497 0.2177163 0.4945605 0.8873144 0.4657599 0.9153635 0.3783918 0.9153635 0.3783918 0.9153635 0.4293593 0.8873039 0.4945605 0.8873144 0.1782096 0.2475143 0.1493833 0.2182571 0.2778517 0.2182031 0.2778517 0.2182031 0.2922052 0.2475045 0.1782096 0.2475143 0.177528 0.2470262 0.2918015 0.2470163 0.2769497 0.2177163 0.2769497 0.2177163 0.1483149 0.2177734 0.177528 0.2470262 0.3560816 0.8872615 0.4293593 0.8873039 0.3783918 0.9153635 0.3560816 0.8872615 0.3783918 0.9153635 0.2910895 0.9153635 0.3560816 0.8872615 0.2910895 0.9153635 0.2982452 0.8870468 0.3631754 0.9607704 0.2910895 0.9153635 0.3783918 0.9153635 0.3640748 0.9599615 0.3793115 0.9145164 0.2921 0.9145164 0.2916944 0.2226652 0.2980329 0.1879757 0.3965916 0.1877837 0.3965916 0.1877837 0.3966702 0.2229511 0.2916944 0.2226652 0.2228383 0.886908 0.2982452 0.8870468 0.2910895 0.9153635 0.2910895 0.9153635 0.2294214 0.9153636 0.2228383 0.886908 0.3912698 0.2238122 0.3912688 0.2590982 0.190026 0.259095 0.190026 0.259095 0.190026 0.2238048 0.3912698 0.2238122 0.9226766 0.8791598 0.9946623 0.8794733 0.9982908 0.9195197 0.9982908 0.9195197 0.9187986 0.9195197 0.9226766 0.8791598 0.6397733 0.9148876 0.7298339 0.9148876 0.7041639 0.9684245 0.7041639 0.9684245 0.6338528 0.9609327 0.6397733 0.9148876 0.1656174 0.8894656 0.1724137 0.9295405 0.03815019 0.9295405 0.03815019 0.9295405 0.01687067 0.8894643 0.1656174 0.8894656 0.5624173 0.8864451 0.5541005 0.9145164 0.6416096 0.9145164 0.6438502 0.8859517 0.5624173 0.8864451 0.6416096 0.9145164 0.6438502 0.8859517 0.6416096 0.9145164 0.6461707 0.8876205 0.4657599 0.9153635 0.5510151 0.9605382 0.3631754 0.9607704 0.4950463 0.8864585 0.466677 0.9145164 0.5541005 0.9145164 0.5541005 0.9145164 0.5624173 0.8864451 0.4950463 0.8864585 0.3783918 0.9153635 0.4657599 0.9153635 0.3631754 0.9607704 0.466677 0.9145164 0.4950463 0.8864585 0.4298658 0.8864719 0.4298658 0.8864719 0.3793115 0.9145164 0.466677 0.9145164 0.2921 0.9145164 0.3793115 0.9145164 0.4298658 0.8864719 0.2921 0.9145164 0.4298658 0.8864719 0.3569762 0.8864151 0.2921 0.9145164 0.3569762 0.8864151 0.2985724 0.8862041 0.2236924 0.8860611 0.2303267 0.9145165 0.2921 0.9145164 0.2921 0.9145164 0.2985724 0.8862041 0.2236924 0.8860611 0.8427809 0.9150711 0.9191518 0.9150711 0.8608304 0.9686408 0.9848023 0.9361388 0.8932225 0.9361388 0.90243 0.9003726 0.90243 0.9003726 0.9928473 0.9003725 0.9848023 0.9361388 0.9021475 0.9001475 0.8930147 0.9359143 0.9840443 0.9359143 0.9840443 0.9359143 0.9920892 0.9001478 0.9021475 0.9001475 0.3965916 0.1877837 0.3470046 0.1892092 0.3356404 0.1893463 0.3965916 0.1877837 0.3356404 0.1893463 0.3965889 0.2007339 0.3965916 0.1877837 0.3965889 0.2007339 0.3966702 0.2229511 0.9042442 0.8909209 0.901735 0.8750861 0.9797113 0.8748779 0.9797113 0.8748779 0.9796511 0.8910597 0.9042442 0.8909209 0.2980329 0.1879757 0.2916944 0.2226652 0.2074719 0.2226787 0.2074719 0.2226787 0.2169055 0.1879773 0.2980329 0.1879757 0.2172464 0.1878173 0.2078127 0.2225187 0.2926859 0.2224746 0.2926859 0.2224746 0.2988216 0.1878154 0.2172464 0.1878173 0.9799783 0.890217 0.980258 0.8740547 0.9027469 0.8742613 0.9027469 0.8742613 0.9050983 0.8900741 0.9799783 0.890217 0.9050983 0.8900741 0.9027469 0.8742613 0.8397027 0.8742293 0.8397027 0.8742293 0.8431526 0.8900741 0.9050983 0.8900741 0.8426241 0.8909211 0.8391742 0.8750762 0.901735 0.8750861 0.901735 0.8750861 0.9042442 0.8909209 0.8426241 0.8909211 0.2121003 0.187297 0.2197299 0.2220492 0.3920608 0.2218546 0.3920608 0.2218546 0.3841651 0.187299 0.2121003 0.187297 0.3832038 0.1875276 0.3910949 0.2221265 0.2187792 0.2223232 0.2187792 0.2223232 0.2111425 0.1875256 0.3832038 0.1875276 0.1652938 0.8929082 0.1612408 0.8806926 0.01055824 0.8808425 0.01055824 0.8808425 0.01655018 0.892797 0.1652938 0.8929082 0.2111685 0.2090384 0.2111685 0.2090384 0.2197299 0.2220492 0.2197299 0.2220492 0.2121003 0.187297 0.2111685 0.2090384 0.2101907 0.2093164 0.2111425 0.1875256 0.2187792 0.2223232 0.2187792 0.2223232 0.2101907 0.2093164 0.2101907 0.2093164 0.168751 0.8905875 0.168751 0.8905875 0.1612408 0.8806926 0.1612408 0.8806926 0.1652938 0.8929082 0.168751 0.8905875 0.3837341 0.1875272 0.3916296 0.2220828 0.3910949 0.2221265 0.3910949 0.2221265 0.3832038 0.1875276 0.3837341 0.1875272 0.9226766 0.8791598 0.9224535 0.8672142 0.9946514 0.8672473 0.9946514 0.8672473 0.9946623 0.8794733 0.9226766 0.8791598 0.0152812 0.8918485 0.00930351 0.8796135 0.1599991 0.8794654 0.1599991 0.8794654 0.1640281 0.8918497 0.0152812 0.8918485 0.1674857 0.8893632 0.1640281 0.8918497 0.1599991 0.8794654 0.1599991 0.8794654 0.1674857 0.8893632 0.1674857 0.8893632 0.3966231 0.1876223 0.2988216 0.1878154 0.2926859 0.2224746 0.2926859 0.2224746 0.3970351 0.2227584 0.3966231 0.1876223 0.3962824 0.1877823 0.3966945 0.2229182 0.3963183 0.2007279 0.3445952 0.1220661 0.2461481 0.07945871 0.2464514 0.04533171 0.3445952 0.1220661 0.2464514 0.04533171 0.3448965 0.002874255 0.3448965 0.002874255 0.3607187 0.002930581 0.3607182 0.004196882 0.3445952 0.1220661 0.3448965 0.002874255 0.3607182 0.004196882 0.3445952 0.1220661 0.3607182 0.004196882 0.3607181 0.120835 0.3445952 0.1220661 0.3607181 0.120835 0.3607187 0.1220943 0.4084063 0.2458958 0.3791932 0.216643 0.3756881 0.216503 0.4084063 0.2458958 0.3756881 0.216503 0.2415764 0.2210177 0.4084063 0.2458958 0.2415764 0.2210177 0.2362639 0.2459118 0.6933199 0.005243659 0.693206 0.1197094 0.6010544 0.1222007 0.6933199 0.005243659 0.6010544 0.1222007 0.5461335 0.1221667 0.5461335 0.1221667 0.4911903 0.1221495 0.4362694 0.1221155 0.4362694 0.1221155 0.3607202 0.1220991 0.3607202 0.002939522 0.4362694 0.1221155 0.3607202 0.002939522 0.4363811 0.002956032 0.5461335 0.1221667 0.4362694 0.1221155 0.4363811 0.002956032 0.6933199 0.005243659 0.5461335 0.1221667 0.4363811 0.002956032 0.4363811 0.002956032 0.4911904 0.002956032 0.5461114 0.003007113 0.6933199 0.005243659 0.4363811 0.002956032 0.5461114 0.003007113 0.6933199 0.005243659 0.5461114 0.003007113 0.6011661 0.003024101 0.6273308 0.8893496 0.6273288 0.9018176 0.6273302 0.8892881 0.6278591 0.8885025 0.6278585 0.8884278 0.6278571 0.9009674 0.3942633 0.2231003 0.392041 0.2587387 0.1869781 0.2587388 0.1869781 0.2587388 0.1847676 0.2231094 0.3942633 0.2231003 0.2416148 0.2165607 0.3597968 0.216986 0.3802616 0.2171268 0.2416148 0.2165607 0.3802616 0.2171268 0.4090878 0.2463841 0.4090878 0.2463841 0.2369501 0.246399 0.2415609 0.2215018 0.2416148 0.2165607 0.4090878 0.2463841 0.2415609 0.2215018 0.4293373 0.8873189 0.3665611 0.8873319 0.3564477 0.8872621 0.9773166 0.8768029 0.9857582 0.8768029 0.9874903 0.8768724 0.811663 0.06462138 0.7525893 0.1020414 0.6817655 0.1197094 0.811663 0.06462138 0.6817655 0.1197094 0.6815415 0.005244195 0.811663 0.06462138 0.6815415 0.005244195 0.7529138 0.02294939 0.4657599 0.9153635 0.5531975 0.9153635 0.5510151 0.9605382 0.5531975 0.9153635 0.6407443 0.9153635 0.6338718 0.9604566 0.6338718 0.9604566 0.5510151 0.9605382 0.5531975 0.9153635 0.6338718 0.9604566 0.5745766 0.9885005 0.5510151 0.9605382 0.466677 0.9145164 0.3793115 0.9145164 0.3640748 0.9599615 0.466677 0.9145164 0.3640748 0.9599615 0.5517639 0.9597779 0.8253271 0.9603136 0.8372472 0.9210014 0.7961828 0.9210014 0.2093856 0.9829827 0.2294214 0.9153636 0.2910895 0.9153635 0.2910895 0.9153635 0.3631754 0.9607704 0.2093856 0.9829827 0.3631754 0.9607704 0.3819077 0.9925583 0.2093856 0.9829827 0.7961828 0.9210014 0.7918781 0.9793004 0.8253271 0.9603136 0.7963353 0.921139 0.8378038 0.921139 0.8258837 0.9604512 0.7963353 0.921139 0.8258837 0.9604512 0.7924346 0.9794381 0.209914 0.9821356 0.3824362 0.9917112 0.3640748 0.9599615 0.2921 0.9145164 0.2303267 0.9145165 0.209914 0.9821356 0.209914 0.9821356 0.3640748 0.9599615 0.2921 0.9145164 0.7586322 0.6516663 0.7589439 0.6463855 0.7587904 0.6406394 0.7587904 0.6406394 0.758753 0.640511 0.7586322 0.6516663 0.5486789 0.6461911 0.5486781 0.6462478 0.5486795 0.6509421 0.7586322 0.6516663 0.758753 0.640511 0.5508742 0.6408515 0.5508742 0.6408515 0.5508518 0.649442 0.7586322 0.6516663 0.7589665 0.6461718 0.7586821 0.6406324 0.5508953 0.6414057 0.5508953 0.6414057 0.5508849 0.6447266 0.7589665 0.6461718 0.7587847 0.6517723 0.7589665 0.6461718 0.5508849 0.6447266 0.5508849 0.6447266 0.5508767 0.6490209 0.7587847 0.6517723 0.7587466 0.651868 0.7587847 0.6517723 0.5508767 0.6490209 0.5508767 0.6490209 0.5508738 0.6492429 0.7587466 0.651868 0.4347534 0.562368 0.326483 0.5627704 0.4362264 0.6225463 0.3246073 0.6225999 0.4362264 0.6225463 0.326483 0.5627704 0.4327774 0.5623185 0.4346181 0.6222873 0.3238685 0.5627934 0.3238685 0.5627934 0.4346181 0.6222873 0.322937 0.6222227 0.7769226 0.2676168 0.9969902 0.2701774 0.9969041 0.4172269 0.9969041 0.4172269 0.776819 0.3452475 0.7769226 0.2676168 0.9969948 0.2701774 0.7769226 0.2676168 0.776819 0.3452475 0.776819 0.3452475 0.9969136 0.4172325 0.9969948 0.2701774 0.776819 0.3452475 0.7769226 0.2676168 0.9969948 0.2701774 0.9969948 0.2701774 0.9969136 0.4172325 0.776819 0.3452475 0.7769226 0.2676168 0.776819 0.3452475 0.9969041 0.4172269 0.9969041 0.4172269 0.9969902 0.2701774 0.7769226 0.2676168 0.677282 0.5509105 0.6775893 0.5502109 0.6775904 0.5482997 0.5359473 0.6496691 0.7075543 0.6506729 0.7075816 0.636221 0.7075816 0.636221 0.535958 0.6365187 0.5359473 0.6496691 0.5358387 0.6337375 0.7072771 0.6327646 0.7072497 0.6499199 0.7072497 0.6499199 0.5358279 0.6490632 0.5358387 0.6337375 0.5358386 0.6338254 0.5358387 0.6337375 0.5358279 0.6490632 0.5359473 0.6496691 0.535958 0.6365187 0.7075816 0.636221 0.7075816 0.636221 0.7075543 0.6506729 0.5359473 0.6496691 0.5358387 0.6337375 0.5358279 0.6490632 0.7072497 0.6499199 0.7072497 0.6499199 0.7072771 0.6327646 0.5358387 0.6337375 0.5358386 0.6338254 0.5358279 0.6490632 0.5358387 0.6337375 0.5360507 0.6366178 0.7550687 0.6321904 0.7550439 0.6397508 0.7550439 0.6397508 0.5360507 0.6426522 0.5360507 0.6366178 0.5360645 0.650691 0.5360507 0.6440137 0.7550438 0.6416217 0.7550438 0.6416217 0.7550683 0.6502761 0.5360645 0.650691 0.5360507 0.6426522 0.7550439 0.6397508 0.7550438 0.6416217 0.7550438 0.6416217 0.5360507 0.6440137 0.5360507 0.6426522 0.5360645 0.6340352 0.7550683 0.6295776 0.7550687 0.6321904 0.7550687 0.6321904 0.5360507 0.6366178 0.5360645 0.6340352 0.532927 0.6500014 0.532927 0.6500014 0.5329341 0.6273739 0.5329341 0.6273739 0.5329341 0.6273739 0.532927 0.6500014 0.5330618 0.6272431 0.5330718 0.6498531 0.6626272 0.6497833 0.6626272 0.6497833 0.6626124 0.6271068 0.5330618 0.6272431 0.5329309 0.6272693 0.5329235 0.6499524 0.6625558 0.6499099 0.6625558 0.6499099 0.6625601 0.6271347 0.5329309 0.6272693 0.5329341 0.6273739 0.532927 0.6500014 0.6624425 0.6499727 0.6624425 0.6499727 0.6624768 0.6272459 0.5329341 0.6273739 0.5339493 0.636376 0.7536692 0.6326949 0.7536702 0.6399769 0.7536702 0.6399769 0.5334725 0.642218 0.5339493 0.636376 0.533308 0.6435655 0.7536854 0.6406607 0.7536854 0.643451 0.533308 0.6435655 0.7536854 0.643451 0.7536851 0.648972 0.533308 0.6435655 0.7536851 0.648972 0.5337812 0.6494339 0.533953 0.6363581 0.7536693 0.6326737 0.7536692 0.6326949 0.7536692 0.6326949 0.5339493 0.636376 0.533953 0.6363581 0.5327666 0.6494172 0.5333008 0.643574 0.533308 0.6435655 0.533308 0.6435655 0.533953 0.6363581 0.5327666 0.6494172 0.5333008 0.643574 0.7536859 0.641669 0.7536854 0.6402015 0.5333008 0.643574 0.7536854 0.6402015 0.7536854 0.6406607 0.5333008 0.643574 0.7536854 0.6406607 0.533308 0.6435655 0.6842722 0.2861151 0.6859613 0.3590088 0.7649576 0.2868841 0.6822962 0.2860656 0.7633492 0.2866251 0.6838188 0.3588318 0.7786498 0.2708364 0.9986928 0.2734727 0.9986566 0.4279878 0.9986566 0.4279878 0.7805265 0.34718 0.7786498 0.2708364 0.9986975 0.2734727 0.7786498 0.2708364 0.7805265 0.34718 0.7805265 0.34718 0.9986659 0.4279937 0.9986975 0.2734727 0.7805265 0.34718 0.7786498 0.2708364 0.9986975 0.2734727 0.9986975 0.2734727 0.9986659 0.4279937 0.7805265 0.34718 0.7786498 0.2708364 0.7805265 0.34718 0.9986566 0.4279878 0.9986566 0.4279878 0.9986928 0.2734727 0.7786498 0.2708364 0.5359473 0.6496691 0.7075543 0.6506729 0.7075816 0.636221 0.7075816 0.636221 0.535958 0.6365187 0.5359473 0.6496691 0.5358387 0.6337375 0.7072771 0.6327646 0.7072497 0.6499199 0.7072497 0.6499199 0.5358279 0.6490632 0.5358387 0.6337375 0.5358386 0.6338254 0.5358387 0.6337375 0.5358279 0.6490632 0.5359473 0.6496691 0.535958 0.6365187 0.7075816 0.636221 0.7075816 0.636221 0.7075543 0.6506729 0.5359473 0.6496691 0.5358387 0.6337375 0.5358279 0.6490632 0.7072497 0.6499199 0.7072497 0.6499199 0.7072771 0.6327646 0.5358387 0.6337375 0.5358386 0.6338254 0.5358279 0.6490632 0.5358387 0.6337375 0.5330917 0.6498969 0.5330917 0.6498969 0.5330795 0.6272817 0.5330795 0.6272817 0.5330795 0.6272817 0.5330917 0.6498969 0.5329164 0.6273352 0.532907 0.6499576 0.6624168 0.6499168 0.6624168 0.6499168 0.662458 0.6272048 0.5329164 0.6273352 0.5329309 0.6272693 0.5329235 0.6499524 0.6625558 0.6499099 0.6625558 0.6499099 0.6625601 0.6271347 0.5329309 0.6272693 0.5330795 0.6272817 0.5330917 0.6498969 0.6626528 0.6498392 0.6626528 0.6498392 0.6626313 0.6271478 0.5330795 0.6272817 0.5358054 0.6499919 0.7575465 0.6484913 0.7575467 0.6389324 0.7575467 0.6389324 0.5353204 0.6403888 0.5358054 0.6499919 0.5351531 0.6381738 0.7575484 0.6380347 0.7575484 0.6343718 0.5351531 0.6381738 0.7575484 0.6343718 0.7575484 0.6271244 0.5351531 0.6381738 0.7575484 0.6271244 0.5356344 0.6285274 0.535809 0.6500213 0.7575465 0.6485189 0.7575465 0.6484913 0.7575465 0.6484913 0.5358054 0.6499919 0.535809 0.6500213 0.5346022 0.6285548 0.5351457 0.6381599 0.5351531 0.6381738 0.5351531 0.6381738 0.535809 0.6500213 0.5346022 0.6285548 0.7575486 0.636711 0.7575484 0.6386374 0.7575484 0.6380347 0.5351457 0.6381599 0.7575486 0.636711 0.7575484 0.6380347 0.5351457 0.6381599 0.7575484 0.6380347 0.5351531 0.6381738 0.8491597 0.6401997 0.5355808 0.6416829 0.5355808 0.6494486 0.5355808 0.6494486 0.849164 0.6479696 0.8491597 0.6401997 0.5356102 0.6313373 0.5355808 0.6308319 0.5355808 0.6337229 0.5356102 0.6313373 0.5355808 0.6337229 0.5355808 0.6399309 0.5356102 0.6313373 0.5355808 0.6399309 0.8491596 0.638277 0.5356102 0.6313373 0.8491596 0.638277 0.849164 0.6293825 0.8491596 0.638277 0.5355808 0.6399309 0.5355808 0.6416829 0.5355808 0.6416829 0.8491597 0.6401997 0.8491596 0.638277 0.8491597 0.6401997 0.849164 0.6479696 0.8491685 0.6397609 0.8491596 0.638277 0.8491597 0.6401997 0.8491685 0.6397609 0.8491685 0.6397609 0.8491685 0.6386745 0.8491596 0.638277 0.849164 0.6506548 0.8491596 0.638277 0.849164 0.6479696 0.5355808 0.6494486 0.5355808 0.6522692 0.5355808 0.6522672 0.5355808 0.6494486 0.5355808 0.6522672 0.5356102 0.6527726 0.5356102 0.6527726 0.849164 0.6506548 0.849164 0.6479696 0.5355808 0.6494486 0.5356102 0.6527726 0.849164 0.6479696 0.5461155 0.64696 0.5464271 0.6416792 0.5462737 0.6359331 0.5462737 0.6359331 0.5462362 0.6358047 0.5461155 0.64696 0.7298802 0.640313 0.7298793 0.6403697 0.7298807 0.645064 0.5461155 0.64696 0.5462362 0.6358047 0.7320755 0.6349734 0.7320755 0.6349734 0.7320531 0.6435639 0.5461155 0.64696 0.5464498 0.6414656 0.5461654 0.635926 0.7320966 0.6355276 0.7320966 0.6355276 0.7320861 0.6388486 0.5464498 0.6414656 0.5462679 0.647066 0.5464498 0.6414656 0.7320861 0.6388486 0.7320861 0.6388486 0.732078 0.6431428 0.5462679 0.647066 0.5462298 0.6471616 0.5462679 0.647066 0.732078 0.6431428 0.732078 0.6431428 0.732075 0.6433649 0.5462298 0.6471616 0.4773659 0.5298346 0.4771685 0.5273821 0.6639913 0.5279282 0.6639913 0.5279282 0.6640091 0.5303803 0.4773659 0.5298346 0.6640091 0.5303803 0.6639913 0.5279282 0.7120817 0.528069 0.7120817 0.528069 0.7120088 0.5305208 0.6640091 0.5303803 0.7937149 0.530764 0.7120088 0.5305208 0.7120817 0.528069 0.7120817 0.528069 0.7937839 0.5283078 0.7937149 0.530764 0.4435607 0.5277823 0.5680105 0.5281462 0.5682544 0.530732 0.5682544 0.530732 0.443488 0.5303674 0.4435607 0.5277823 0.5716834 0.5564585 0.5705348 0.5549027 0.5682544 0.530732 0.5716834 0.5564585 0.5682544 0.530732 0.6544325 0.5309705 0.5716834 0.5564585 0.6544325 0.5309705 0.6537018 0.5566982 0.6544325 0.5309705 0.6545056 0.528399 0.7065643 0.5285512 0.7065643 0.5285512 0.7067795 0.5311235 0.6544325 0.5309705 0.1280522 0.2127978 0.4430258 0.2100139 0.4432898 0.1537162 0.4432898 0.1537162 0.1138825 0.1564727 0.1280522 0.2127978 0.1292676 0.218429 0.1294685 0.2184274 0.1280522 0.2127978 0.1280522 0.2127978 0.1277619 0.2128003 0.1292676 0.218429 0.3536855 0.2131322 0.3542024 0.2170166 0.2801889 0.2176742 0.2801889 0.2176742 0.2784932 0.212159 0.3536855 0.2131322 0.3343991 0.2117003 0.3331432 0.2160439 0.1394963 0.217765 0.1394963 0.217765 0.1390212 0.2134408 0.3343991 0.2117003 0.3514968 0.152361 0.3974339 0.1519767 0.3979875 0.2096983 0.3514968 0.152361 0.3979875 0.2096983 0.3343991 0.2117003 0.3514968 0.152361 0.3343991 0.2117003 0.3461375 0.1710991 0.398243 0.2154654 0.3980428 0.2154673 0.3979875 0.2096983 0.3979875 0.2096983 0.398189 0.2096963 0.398243 0.2154654 0.22786 0.5981217 0.134449 0.5986 0.1341857 0.5852477 0.1341857 0.5852477 0.2277271 0.5847688 0.22786 0.5981217 0.2293518 0.5824508 0.2286226 0.5334316 0.2527095 0.5333083 0.2527095 0.5333083 0.2536762 0.5823263 0.2293518 0.5824508 0.1879587 0.5336398 0.2286226 0.5334316 0.2293518 0.5824508 0.2293518 0.5824508 0.1886879 0.582659 0.1879587 0.5336398 0.1325936 0.5339233 0.1879587 0.5336398 0.1886879 0.582659 0.1886879 0.582659 0.1333227 0.5829426 0.1325936 0.5339233 0.2115683 0.5825418 0.2111546 0.5335211 0.2511325 0.5333163 0.2511325 0.5333163 0.2514701 0.5823376 0.2115683 0.5825418 0.2272388 0.5357483 0.2513741 0.5356248 0.2517877 0.5846456 0.2517877 0.5846456 0.2277271 0.5847688 0.2272388 0.5357483 0.4793412 0.5543727 0.4773659 0.5298346 0.6640091 0.5303803 0.6640091 0.5303803 0.6641886 0.5549131 0.4793412 0.5543727 0.6641886 0.5549131 0.6640091 0.5303803 0.7120088 0.5305208 0.7120088 0.5305208 0.7112788 0.5550507 0.6641886 0.5549131 0.7930711 0.5537089 0.7930082 0.5552897 0.7112788 0.5550507 0.7930711 0.5537089 0.7112788 0.5550507 0.7120088 0.5305208 0.7930711 0.5537089 0.7120088 0.5305208 0.7937149 0.530764 0.4428094 0.5545159 0.443488 0.5303674 0.5682544 0.530732 0.5682544 0.530732 0.5705348 0.5549027 0.4428094 0.5545159 0.6544325 0.5309705 0.5682544 0.530732 0.5680105 0.5281462 0.5680105 0.5281462 0.6545056 0.528399 0.6544325 0.5309705 0.6544325 0.5309705 0.7067795 0.5311235 0.7089327 0.5568597 0.7089327 0.5568597 0.6537018 0.5566982 0.6544325 0.5309705 0.4430258 0.2100139 0.1280522 0.2127978 0.1294685 0.2184274 0.1294685 0.2184274 0.4429995 0.2156409 0.4430258 0.2100139 0.1277619 0.2128003 0.1280522 0.2127978 0.1138825 0.1564727 0.1138825 0.1564727 0.1126973 0.1564826 0.1277619 0.2128003 0.2615275 0.1569777 0.3464435 0.1562669 0.3488571 0.1768462 0.2615275 0.1569777 0.3488571 0.1768462 0.3536855 0.2131322 0.2615275 0.1569777 0.3536855 0.2131322 0.2784932 0.212159 0.3343991 0.2117003 0.1390212 0.2134408 0.1345834 0.173045 0.1345834 0.173045 0.3461375 0.1710991 0.3343991 0.2117003 0.3343991 0.2117003 0.3979875 0.2096983 0.3980428 0.2154673 0.3980428 0.2154673 0.3331432 0.2160439 0.3343991 0.2117003 0.397649 0.1519749 0.398189 0.2096963 0.3979875 0.2096983 0.3979875 0.2096983 0.3974339 0.1519767 0.397649 0.1519749 0.2277271 0.5847688 0.1341857 0.5852477 0.1332189 0.5362297 0.1332189 0.5362297 0.2272388 0.5357483 0.2277271 0.5847688 0.2295504 0.5958034 0.2293518 0.5824508 0.2536762 0.5823263 0.2536762 0.5823263 0.2539396 0.5956786 0.2295504 0.5958034 0.1886879 0.582659 0.2293518 0.5824508 0.2295504 0.5958034 0.2295504 0.5958034 0.1888865 0.5960116 0.1886879 0.582659 0.1333227 0.5829426 0.1886879 0.582659 0.1888865 0.5960116 0.1888865 0.5960116 0.1335213 0.5962951 0.1333227 0.5829426 0.2116809 0.5958949 0.2115683 0.5825418 0.2514701 0.5823376 0.2514701 0.5823376 0.2515622 0.5956907 0.2116809 0.5958949 0.2277271 0.5847688 0.2517877 0.5846456 0.2519003 0.5979986 0.2519003 0.5979986 0.22786 0.5981217 0.2277271 0.5847688 0.2477192 0.09341102 0.2966665 0.08935105 0.2966459 0.1243761 0.2966459 0.1243761 0.2477158 0.1206213 0.2477192 0.09341102 0.272888 0.206119 0.2717183 0.1500077 0.322984 0.206853 0.322984 0.206853 0.2958503 0.2064554 0.272888 0.206119 0.2656447 0.1499913 0.2727664 0.2061206 0.2957287 0.206457 0.3090232 0.2070749 0.2957287 0.206457 0.3230668 0.2068515 0.2717183 0.1500077 0.272888 0.206119 0.2958503 0.2064554 0.322984 0.206853 0.3330196 0.2066932 0.3333259 0.1501615 0.2958503 0.2064554 0.322984 0.206853 0.3333259 0.1501615 0.2717183 0.1500077 0.2958503 0.2064554 0.3333259 0.1501615 0.2714291 0.1500061 0.2723902 0.2061161 0.2652744 0.1499908 0.3327265 0.2066875 0.3226906 0.2068471 0.2953523 0.2064526 0.2723902 0.2061161 0.2714291 0.1500061 0.3330278 0.1501599 0.2953523 0.2064526 0.2723902 0.2061161 0.3330278 0.1501599 0.3327265 0.2066875 0.2953523 0.2064526 0.3330278 0.1501599 0.2974058 0.009159326 0.3086863 0.01646244 0.3086815 0.0257256 0.2974058 0.009159326 0.3086815 0.0257256 0.297401 0.03381907 0.297401 0.03381907 0.2151487 0.0390706 0.2151692 0.004045546 0.2974058 0.009159326 0.297401 0.03381907 0.2151692 0.004045546 0.249055 0.09262913 0.2490518 0.1198393 0.2979819 0.1235942 0.2979819 0.1235942 0.2980023 0.0885691 0.249055 0.09262913 0.272888 0.206119 0.2958503 0.2064554 0.322984 0.206853 0.322984 0.206853 0.2717183 0.1500077 0.272888 0.206119 0.2656447 0.1499913 0.2957287 0.206457 0.2727664 0.2061206 0.3090232 0.2070749 0.3230668 0.2068515 0.2957287 0.206457 0.2958503 0.2064554 0.272888 0.206119 0.2717183 0.1500077 0.2958503 0.2064554 0.2717183 0.1500077 0.3333259 0.1501615 0.3333259 0.1501615 0.3330196 0.2066932 0.322984 0.206853 0.2958503 0.2064554 0.3333259 0.1501615 0.322984 0.206853 0.2714291 0.1500061 0.2652744 0.1499908 0.2723902 0.2061161 0.2953523 0.2064526 0.3226906 0.2068471 0.3327265 0.2066875 0.2953523 0.2064526 0.3327265 0.2066875 0.3330278 0.1501599 0.3330278 0.1501599 0.2714291 0.1500061 0.2723902 0.2061161 0.2953523 0.2064526 0.3330278 0.1501599 0.2723902 0.2061161 0.3142888 0.02494364 0.3142936 0.01568049 0.303013 0.008377373 0.216505 0.003263592 0.2164846 0.03828871 0.3030084 0.03303712 0.303013 0.008377373 0.216505 0.003263592 0.3030084 0.03303712 0.3142888 0.02494364 0.303013 0.008377373 0.3030084 0.03303712 0.4960723 0.6140546 0.5774773 0.6150014 0.5790654 0.5372862 0.5790654 0.5372862 0.4982283 0.535875 0.4960723 0.6140546 0.4379127 0.3260816 0.3032655 0.3260815 0.3705888 0.297963 0.4376874 0.3257868 0.3030399 0.325787 0.3703637 0.2976683 0.5790553 0.5376502 0.5774773 0.6150014 0.4960723 0.6140546 0.4960723 0.6140546 0.4976361 0.536229 0.5790553 0.5376502 0.4351608 0.3230677 0.3263682 0.3223684 0.3209653 0.2861437 0.3209653 0.2861437 0.4357759 0.2868341 0.4351608 0.3230677 0.4344559 0.3230503 0.434762 0.2868101 0.3610116 0.2863632 0.3610116 0.2863632 0.343371 0.3224652 0.4344559 0.3230503 0.4351608 0.3230677 0.4357759 0.2868341 0.3209653 0.2861437 0.3209653 0.2861437 0.3263682 0.3223684 0.4351608 0.3230677 0.2874523 0.5702972 0.3634513 0.5404565 0.4245001 0.5770448 0.2874523 0.5702972 0.4245001 0.5770448 0.3644416 0.6203309 0.2874523 0.5702972 0.3644416 0.6203309 0.2878073 0.5989317 0.3569979 0.3189221 0.3135973 0.3187127 0.310308 0.2880015 0.310308 0.2880015 0.3615185 0.2880015 0.3569979 0.3189221 0.4351608 0.3230677 0.4357759 0.2868341 0.3209653 0.2861437 0.3209653 0.2861437 0.3263682 0.3223684 0.4351608 0.3230677 0.4344559 0.3230503 0.343371 0.3224652 0.3610116 0.2863632 0.3610116 0.2863632 0.434762 0.2868101 0.4344559 0.3230503 0.4351608 0.3230677 0.3263682 0.3223684 0.3209653 0.2861437 0.3209653 0.2861437 0.4357759 0.2868341 0.4351608 0.3230677 0.295923 0.6023446 0.295568 0.5737101 0.371567 0.5438693 0.295923 0.6023446 0.371567 0.5438693 0.4326158 0.5804575 0.295923 0.6023446 0.4326158 0.5804575 0.3725574 0.6237439 0.3568516 0.3189221 0.3609319 0.2880015 0.3097214 0.2880015 0.3097214 0.2880015 0.3130106 0.3187127 0.3568516 0.3189221 0.4329783 0.3269049 0.4335983 0.3081609 0.3178858 0.3078036 0.3178858 0.3078036 0.3233312 0.3265431 0.4329783 0.3269049 0.432268 0.3268959 0.3404675 0.3265932 0.3582468 0.3079172 0.3582468 0.3079172 0.4325764 0.3081484 0.432268 0.3268959 0.4329783 0.3269049 0.3233312 0.3265431 0.3178858 0.3078036 0.3178858 0.3078036 0.4335983 0.3081609 0.4329783 0.3269049 0.3673593 0.609649 0.3672947 0.5964061 0.3999109 0.5837277 0.3673593 0.609649 0.3999109 0.5837277 0.4259263 0.6015396 0.3673593 0.609649 0.4259263 0.6015396 0.4000912 0.620668 0.3533769 0.3248323 0.3582977 0.3090533 0.3075718 0.3090533 0.3075718 0.3090533 0.3099545 0.3249406 0.3533769 0.3248323 0.4329783 0.3269049 0.3233312 0.3265431 0.3178858 0.3078036 0.3178858 0.3078036 0.4335983 0.3081609 0.4329783 0.3269049 0.432268 0.3268959 0.4325764 0.3081484 0.3582468 0.3079172 0.3582468 0.3079172 0.3404675 0.3265932 0.432268 0.3268959 0.4329783 0.3269049 0.4335983 0.3081609 0.3178858 0.3078036 0.3178858 0.3078036 0.3233312 0.3265431 0.4329783 0.3269049 0.3690386 0.5955685 0.4015287 0.5813027 0.4277049 0.5978418 0.3690386 0.5955685 0.4277049 0.5978418 0.4020549 0.6182256 0.3690386 0.5955685 0.4020549 0.6182256 0.3692272 0.6088053 0.3535244 0.3248323 0.3105456 0.3249406 0.308163 0.3090533 0.308163 0.3090533 0.3588888 0.3090533 0.3535244 0.3248323 0.6069632 0.3566738 0.6069632 0.2834515 0.6745623 0.2834515 0.6745623 0.2834515 0.6745622 0.3566738 0.6069632 0.3566738 0.5476014 0.8065715 0.6697665 0.8076376 0.6696574 0.8201388 0.6696574 0.8201388 0.5474922 0.8190727 0.5476014 0.8065715 0.677187 0.82715 0.5300047 0.8258572 0.5298957 0.8383435 0.5298957 0.8383435 0.6770777 0.8396677 0.677187 0.82715 0.5468859 0.8065056 0.6690512 0.8075717 0.668942 0.8200729 0.668942 0.8200729 0.5467769 0.8190068 0.5468859 0.8065056 0.5297005 0.8258545 0.6768463 0.8271471 0.676737 0.8396648 0.676737 0.8396648 0.5295916 0.8383408 0.5297005 0.8258545 0.6745623 0.2834515 0.6745622 0.3566738 0.6069632 0.3566738 0.6069632 0.3566738 0.6069632 0.2834515 0.6745623 0.2834515 0.6696574 0.8201388 0.5474922 0.8190727 0.5476014 0.8065715 0.5476014 0.8065715 0.6697665 0.8076376 0.6696574 0.8201388 0.5298957 0.8383435 0.6770777 0.8396677 0.677187 0.82715 0.677187 0.82715 0.5300047 0.8258572 0.5298957 0.8383435 0.668942 0.8200729 0.5467769 0.8190068 0.5468859 0.8065056 0.5468859 0.8065056 0.6690512 0.8075717 0.668942 0.8200729 0.676737 0.8396648 0.5295916 0.8383408 0.5297005 0.8258545 0.5297005 0.8258545 0.6768463 0.8271471 0.676737 0.8396648 0.6069632 0.3566738 0.6069632 0.2834515 0.6745623 0.2834515 0.6745623 0.2834515 0.6745622 0.3566738 0.6069632 0.3566738 0.5476014 0.8065715 0.6697665 0.8076376 0.6696574 0.8201388 0.6696574 0.8201388 0.5474922 0.8190727 0.5476014 0.8065715 0.677187 0.82715 0.5300047 0.8258572 0.5298957 0.8383435 0.5298957 0.8383435 0.6770777 0.8396677 0.677187 0.82715 0.5468859 0.8065056 0.6690512 0.8075717 0.668942 0.8200729 0.668942 0.8200729 0.5467769 0.8190068 0.5468859 0.8065056 0.5297005 0.8258545 0.6768463 0.8271471 0.676737 0.8396648 0.676737 0.8396648 0.5295916 0.8383408 0.5297005 0.8258545 0.6745623 0.2834515 0.6745622 0.3566738 0.6069632 0.3566738 0.6069632 0.3566738 0.6069632 0.2834515 0.6745623 0.2834515 0.6696574 0.8201388 0.5474922 0.8190727 0.5476014 0.8065715 0.5476014 0.8065715 0.6697665 0.8076376 0.6696574 0.8201388 0.5298957 0.8383435 0.6770777 0.8396677 0.677187 0.82715 0.677187 0.82715 0.5300047 0.8258572 0.5298957 0.8383435 0.668942 0.8200729 0.5467769 0.8190068 0.5468859 0.8065056 0.5468859 0.8065056 0.6690512 0.8075717 0.668942 0.8200729 0.676737 0.8396648 0.5295916 0.8383408 0.5297005 0.8258545 0.5297005 0.8258545 0.6768463 0.8271471 0.676737 0.8396648 0.278212 0.7094753 0.3850461 0.7094753 0.3843125 0.8574805 0.3843125 0.8574805 0.2768948 0.8574805 0.278212 0.7094753 0.3354765 0.8582161 0.3356364 0.7095786 0.5209448 0.709833 0.5209448 0.709833 0.5209448 0.858029 0.3354765 0.8582161 0.425112 0.7095752 0.4248848 0.857632 0.276412 0.8578183 0.276412 0.8578183 0.2777312 0.7093221 0.425112 0.7095752 0.3571148 0.710797 0.5213168 0.710797 0.5213168 0.8584089 0.5213168 0.8584089 0.357115 0.8584089 0.3571148 0.710797 0.3241294 0.8584089 0.3241294 0.710797 0.4226374 0.710797 0.4226374 0.710797 0.4226375 0.8584089 0.3241294 0.8584089 0.3241294 0.710797 0.3241294 0.8584089 0.2758222 0.858409 0.2758222 0.858409 0.2758222 0.7107971 0.3241294 0.710797 0.1544759 0.8561148 0.2706907 0.8561148 0.2706907 0.709788 0.2706907 0.709788 0.1544759 0.709788 0.1544759 0.8561148 0.3930468 0.8259102 0.3392348 0.8455405 0.2852404 0.8261948 0.2717223 0.7824409 0.3088601 0.7472262 0.3686881 0.7470683 0.2852404 0.8261948 0.2717223 0.7824409 0.3686881 0.7470683 0.3930468 0.8259102 0.2852404 0.8261948 0.3686881 0.7470683 0.3930468 0.8259102 0.3686881 0.7470683 0.4061548 0.782086 0.1169639 0.3308048 0.2943746 0.3316038 0.2943665 0.2854902 0.2943665 0.2854902 0.1169634 0.2848656 0.1169639 0.3308048 0.1170772 0.2874054 0.2944795 0.2880117 0.2944714 0.3338354 0.2944714 0.3338354 0.1170767 0.3334031 0.1170772 0.2874054 0.8805353 0.1372982 0.8491434 0.1393718 0.859615 0.1807727 0.1169639 0.3308048 0.1169634 0.2848656 0.2943665 0.2854902 0.2943665 0.2854902 0.2943746 0.3316038 0.1169639 0.3308048 0.1170772 0.2874054 0.1170767 0.3334031 0.2944714 0.3338354 0.2944714 0.3338354 0.2944795 0.2880117 0.1170772 0.2874054 0.8805353 0.1372982 0.859615 0.1807727 0.8491434 0.1393718 0.438498 0.278451 0.3557097 0.278451 0.3557097 0.256388 0.3557097 0.256388 0.438498 0.256388 0.438498 0.278451 0.1107151 0.2754984 0.1107151 0.2499288 0.2623105 0.2499289 0.2623105 0.2499289 0.2623103 0.2754984 0.1107151 0.2754984 0.2328894 0.2499289 0.2328895 0.2754984 0.1117575 0.2754984 0.1117575 0.2754984 0.1117575 0.2499288 0.2328894 0.2499289 0.2563168 0.2739354 0.1945071 0.2740018 0.1945071 0.2517073 0.1945071 0.2517073 0.2563168 0.2518724 0.2563168 0.2739354 0.1109585 0.2759361 0.1109585 0.2503667 0.2623103 0.2503668 0.2623103 0.2503668 0.2623105 0.2759363 0.1109585 0.2759361 0.2726408 0.278451 0.2726408 0.256388 0.3557097 0.256388 0.3557097 0.256388 0.3557097 0.278451 0.2726408 0.278451 0.1071443 0.2517073 0.1945071 0.2517073 0.1945071 0.2740018 0.1945071 0.2740018 0.1071443 0.2740018 0.1071443 0.2517073 0.6574536 0.5687575 0.6677445 0.5663376 0.6759817 0.5731883 0.6759625 0.5841507 0.6677013 0.5909702 0.6574189 0.5885114 0.6759817 0.5731883 0.6759625 0.5841507 0.6574189 0.5885114 0.6574536 0.5687575 0.6759817 0.5731883 0.6574189 0.5885114 0.6574536 0.5687575 0.6574189 0.5885114 0.6528583 0.5786257 0.5327427 0.3497219 0.5327427 0.2834331 0.6003419 0.2834331 0.6003419 0.2834331 0.6003417 0.3497219 0.5327427 0.3497219 0.5327427 0.3497219 0.5327427 0.2834331 0.6003419 0.2834331 0.6003419 0.2834331 0.6003417 0.3497219 0.5327427 0.3497219 0.5327427 0.3497219 0.6003417 0.3497219 0.6003419 0.2834331 0.6003419 0.2834331 0.5327427 0.2834331 0.5327427 0.3497219</float_array>
          <technique_common>
            <accessor source="#monitor_white_Mesh-mesh-map-0-array" count="2226" stride="2">
              <param name="S" type="float"/>
              <param name="T" type="float"/>
            </accessor>
          </technique_common>
        </source>
        <vertices id="monitor_white_Mesh-mesh-vertices">
          <input semantic="POSITION" source="#monitor_white_Mesh-mesh-positions"/>
        </vertices>
        <triangles material="grass_rock-material" count="742">
          <input semantic="VERTEX" source="#monitor_white_Mesh-mesh-vertices" offset="0"/>
          <input semantic="NORMAL" source="#monitor_white_Mesh-mesh-normals" offset="1"/>
          <input semantic="TEXCOORD" source="#monitor_white_Mesh-mesh-map-0" offset="2" set="0"/>
          <p>24 0 0 2 1 1 5 2 2 4 3 3 28 4 4 23 5 5 29 6 6 6 7 7 0 8 8 1 9 9 25 10 10 30 11 11 32 12 12 9 13 13 970 13 14 971 14 15 972 15 16 33 16 17 34 17 18 10 18 19 7 19 20 8 20 21 31 21 22 35 22 23 38 23 24 13 24 25 12 25 26 11 26 27 36 27 28 37 28 29 41 29 30 16 30 31 15 29 32 14 31 33 39 32 34 40 33 35 44 34 36 19 34 37 973 35 38 974 36 39 975 37 40 43 37 41 47 38 42 22 38 43 18 38 44 17 39 45 42 39 46 45 39 47 26 40 48 3 40 49 20 40 50 21 41 51 46 41 52 27 41 53 48 42 54 979 43 55 977 44 56 978 45 57 53 46 58 49 47 59 54 48 60 982 49 61 980 50 62 981 51 63 50 52 64 55 53 65 57 54 66 987 55 67 983 56 68 984 57 69 988 58 70 58 59 71 59 60 72 989 61 73 985 62 74 986 63 75 56 64 76 60 65 77 62 66 78 992 67 79 990 68 80 991 69 81 61 70 82 63 71 83 66 72 84 995 72 85 994 72 86 993 73 87 64 74 88 65 75 89 997 76 90 67 76 91 70 76 92 69 77 93 1000 77 94 996 77 95 73 78 96 1003 78 97 999 78 98 998 79 99 68 79 100 72 79 101 52 80 102 976 80 103 1002 80 104 1001 81 105 71 81 106 51 81 107 1009 82 108 1006 82 109 1004 82 110 1010 83 111 1005 83 112 1013 83 113 1014 84 114 1018 84 115 1017 84 116 1016 85 117 1023 85 118 1022 85 119 1012 86 120 1015 86 121 1021 86 122 1008 87 123 1011 87 124 1020 87 125 1007 88 126 1019 88 127 1024 88 128 82 89 129 79 90 130 75 91 131 74 92 132 84 93 133 81 94 134 78 95 135 88 96 136 86 97 137 87 98 138 76 99 139 77 100 140 1025 101 141 94 102 142 90 103 143 91 104 144 1027 105 145 1026 106 146 92 107 147 100 108 148 96 109 149 97 110 150 89 111 151 93 112 152 99 113 153 104 113 154 102 113 155 101 114 156 95 114 157 98 114 158 106 115 159 109 116 160 108 115 161 107 117 162 103 117 163 105 117 164 1028 118 165 115 119 166 111 119 167 112 120 168 1030 120 169 1029 121 170 114 122 171 121 123 172 118 124 173 117 125 174 110 126 175 113 127 176 119 128 177 80 129 178 83 130 179 85 131 180 116 132 181 120 133 182 1034 134 183 1031 135 184 122 136 185 123 137 186 127 138 187 1036 137 188 1032 139 189 1037 140 190 128 141 191 129 142 192 124 143 193 1033 144 194 1041 145 195 1040 146 196 131 147 197 132 148 198 1043 149 199 1042 150 200 1038 151 201 1046 152 202 134 153 203 135 154 204 130 155 205 1039 156 206 1044 157 207 1047 157 208 136 157 209 137 158 210 133 158 211 1045 158 212 1052 159 213 1048 160 214 140 161 215 139 162 216 138 162 217 1051 162 218 143 163 219 141 163 220 1049 163 221 1050 164 222 1055 164 223 144 164 224 1054 165 225 1058 166 226 147 167 227 146 168 228 142 169 229 1053 170 230 1057 171 231 1035 172 232 126 173 233 125 174 234 145 175 235 1056 176 236 1066 177 237 1063 177 238 1062 177 239 1060 178 240 1071 178 241 1070 178 242 1068 179 243 1076 179 244 1072 179 245 1059 180 246 1069 180 247 1073 180 248 1065 181 249 1061 181 250 1074 181 251 1067 182 252 1075 182 253 1078 182 254 1064 183 255 1077 183 256 1079 183 257 148 184 258 158 184 259 155 184 260 156 185 261 153 186 262 149 185 263 161 187 264 150 187 265 152 188 266 151 189 267 162 190 268 160 190 269 165 191 270 1082 192 271 1081 193 272 1080 194 273 168 195 274 164 196 275 171 197 276 163 198 277 167 199 278 166 200 279 174 201 280 170 202 281 175 203 282 169 204 283 172 205 284 173 206 285 178 207 286 176 208 287 181 209 288 177 210 289 179 211 290 180 212 291 183 213 292 182 214 293 185 215 294 1085 216 295 1084 217 296 1083 218 297 189 219 298 186 220 299 190 221 300 184 222 301 187 223 302 188 224 303 195 225 304 192 226 305 159 227 306 191 228 307 194 229 308 193 230 309 154 231 310 157 232 311 197 233 312 201 234 313 1088 235 314 1087 236 315 1089 237 316 196 238 317 203 239 318 198 240 319 1091 241 320 1090 242 321 1092 243 322 202 244 323 206 245 324 1095 246 325 1094 247 326 1093 248 327 1098 249 328 205 250 329 208 251 330 204 252 331 1097 253 332 1096 254 333 1100 255 334 207 256 335 211 257 336 209 258 337 1101 259 338 1099 260 339 1102 261 340 210 262 341 213 263 342 212 264 343 1103 265 344 1104 266 345 1107 266 346 215 266 347 1106 267 348 1110 268 349 218 269 350 217 270 351 214 271 352 1105 272 353 220 273 354 216 273 355 1108 273 356 1109 274 357 1113 274 358 221 274 359 199 275 360 219 275 361 1111 275 362 1112 276 363 1086 276 364 200 276 365 1119 277 366 1118 278 367 1114 279 368 1117 280 369 1126 281 370 1125 282 371 1123 283 372 1131 284 373 1127 285 374 1115 286 375 1124 287 376 1128 288 377 1120 289 378 1116 290 379 1129 291 380 1121 292 381 1130 293 382 1132 294 383 1122 295 384 1133 296 385 1134 297 386 223 298 387 233 299 388 228 300 389 229 301 390 225 302 391 224 303 392 226 304 393 230 305 394 236 306 395 235 307 396 234 308 397 227 309 398 1137 310 399 1135 310 400 242 310 401 241 311 402 239 311 403 1136 311 404 238 312 405 240 312 406 247 312 407 246 313 408 243 313 409 237 313 410 244 314 411 248 315 412 252 316 413 253 317 414 249 318 415 245 319 416 250 320 417 254 321 418 256 322 419 257 323 420 255 324 421 251 325 422 1140 326 423 1138 327 424 263 328 425 262 329 426 260 330 427 1139 331 428 258 332 429 261 333 430 267 334 431 269 335 432 266 336 433 259 337 434 265 338 435 268 339 436 232 340 437 231 341 438 222 342 439 264 343 440 1143 344 441 275 345 442 271 346 443 270 347 444 1144 348 445 1142 347 446 1146 349 447 272 350 448 277 351 449 276 352 450 1147 353 451 1145 354 452 1150 355 453 1148 356 454 280 357 455 279 358 456 1153 359 457 1149 360 458 1152 361 459 278 362 460 283 363 461 282 364 462 1156 365 463 1151 366 464 1155 367 465 281 367 466 285 367 467 284 368 468 1157 369 469 1154 370 470 1158 371 471 286 372 472 287 373 473 288 374 474 1160 375 475 1159 376 476 292 377 477 1165 378 478 1162 379 479 1161 380 480 289 381 481 291 382 482 1163 383 483 290 384 484 294 385 485 295 386 486 1168 387 487 1164 388 488 1166 389 489 293 390 490 273 391 491 274 392 492 1141 393 493 1167 394 494 1172 395 495 1171 396 496 1169 397 497 1175 398 498 1170 399 499 1179 400 500 1176 401 501 1183 402 502 1180 403 503 1182 404 504 1188 405 505 1186 406 506 1177 407 507 1181 408 508 1185 409 509 1174 410 510 1178 411 511 1187 412 512 1173 413 513 1184 414 514 1189 415 515 321 416 516 298 416 517 297 416 518 296 417 519 319 417 520 320 417 521 324 418 522 301 419 523 299 420 524 300 421 525 322 422 526 323 423 527 318 424 528 304 425 529 302 426 530 303 427 531 325 428 532 317 429 533 315 430 534 305 430 535 1191 431 536 1190 432 537 1192 433 538 314 434 539 311 435 540 308 436 541 307 437 542 306 438 543 316 439 544 312 440 545 1194 441 546 1193 442 547 309 443 548 310 444 549 313 445 550 1195 446 551 1201 447 552 1199 448 553 1197 449 554 1196 450 555 1206 451 556 1203 452 557 1202 453 558 1198 454 559 1205 455 560 1200 456 561 1204 457 562 1207 458 563 330 459 564 329 459 565 326 459 566 327 460 567 328 460 568 331 460 569 513 461 570 510 462 571 425 463 572 424 464 573 426 465 574 514 466 575 356 467 576 353 468 577 337 469 578 360 470 579 1211 470 580 1208 470 581 429 471 582 1214 472 583 1212 472 584 1213 473 585 427 473 586 428 474 587 549 475 588 505 476 589 523 477 590 520 478 591 519 479 592 361 480 593 521 481 594 364 482 595 560 483 596 548 484 597 522 485 598 561 486 599 365 487 600 528 488 601 524 489 602 527 490 603 509 491 604 551 492 605 526 493 606 550 494 607 554 495 608 368 496 609 525 497 610 553 498 611 1221 499 612 435 500 613 1215 501 614 1218 502 615 1217 503 616 555 504 617 1219 505 618 556 506 619 1222 507 620 370 508 621 570 509 622 355 510 623 375 511 624 1225 511 625 1209 511 626 1210 512 627 359 512 628 376 512 629 441 513 630 372 514 631 357 514 632 358 515 633 1228 516 634 436 517 635 532 518 636 559 519 637 363 520 638 362 521 639 377 522 640 531 523 641 530 524 642 378 525 643 367 526 644 366 527 645 552 528 646 529 529 647 1230 530 648 1216 531 649 432 532 650 430 533 651 446 534 652 1231 535 653 567 536 654 369 537 655 391 538 656 392 539 657 387 540 658 568 541 659 396 542 660 1235 543 661 1224 544 662 1223 545 663 374 545 664 395 546 665 450 547 666 371 548 667 440 549 668 1237 550 669 1236 551 670 379 552 671 380 553 672 534 554 673 1238 555 674 540 556 675 382 557 676 1240 558 677 1239 559 678 1241 560 679 539 561 680 1232 562 681 442 563 682 455 564 683 457 565 684 1243 566 685 1233 567 686 401 568 687 536 569 688 533 570 689 535 571 690 381 572 691 402 573 692 404 574 693 383 575 694 541 576 695 538 577 696 537 578 697 403 579 698 542 580 699 1242 581 700 454 582 701 543 583 702 458 584 703 463 585 704 544 586 705 466 587 706 493 586 707 385 588 708 468 589 709 453 590 710 393 591 711 460 592 712 474 593 713 415 594 714 486 595 715 498 596 716 497 597 717 405 597 718 414 597 719 495 598 720 494 599 721 464 600 722 465 601 723 478 602 724 496 603 725 412 604 726 1244 604 727 517 604 728 518 605 729 411 606 730 413 605 731 1250 607 732 516 607 733 1246 607 734 1245 608 735 1251 608 736 1248 608 737 1256 609 738 1254 610 739 1253 611 740 1252 612 741 1257 613 742 1255 614 743 511 615 744 1260 616 745 1259 617 746 1258 618 747 1261 618 748 512 619 749 1262 620 750 437 621 751 1229 622 752 558 623 753 1264 624 754 1226 625 755 557 626 756 1227 627 757 1265 628 758 443 629 759 565 630 760 388 631 761 1267 632 762 447 633 763 439 634 764 438 635 765 1263 636 766 1266 637 767 456 638 768 445 639 769 389 640 770 451 641 771 1268 642 772 1272 643 773 1271 644 774 459 645 775 448 646 776 476 647 777 461 648 778 1270 649 779 472 650 780 1269 651 781 545 651 782 475 652 783 546 653 784 502 654 785 489 655 786 480 656 787 470 657 788 473 658 789 503 659 790 490 660 791 1275 661 792 1274 661 793 1273 661 794 482 662 795 1278 663 796 1277 664 797 1276 665 798 491 666 799 483 667 800 1283 668 801 1281 669 802 1280 670 803 1279 671 804 1284 672 805 1282 673 806 500 674 807 547 675 808 1286 676 809 499 677 810 1285 678 811 1287 679 812 501 680 813 1288 681 814 406 682 815 1295 683 816 1291 684 817 1290 685 818 1289 686 819 1297 687 820 1294 688 821 488 689 822 416 689 823 421 689 824 420 690 825 492 690 826 487 690 827 1300 691 828 1298 692 829 410 693 830 409 694 831 484 695 832 1299 696 833 1305 697 834 400 698 835 1302 699 836 1301 700 837 1308 701 838 1304 702 839 1307 703 840 1303 704 841 1309 705 842 1310 706 843 1311 707 844 1306 708 845 1313 709 846 1312 710 847 1292 711 848 1293 712 849 1296 713 850 1314 714 851 1316 715 852 338 716 853 333 717 854 332 718 855 504 719 856 1315 720 857 506 721 858 334 722 859 346 723 860 347 724 861 1318 725 862 507 726 863 1325 727 864 1323 728 865 1320 729 866 1321 730 867 1328 731 868 1327 732 869 1330 733 870 562 734 871 340 735 872 339 736 873 1317 737 874 1329 738 875 1332 739 876 1319 740 877 349 741 878 348 742 879 563 733 880 1331 743 881 1334 744 882 1333 743 883 1324 742 884 1322 745 885 1326 746 886 1335 747 887 1338 748 888 1336 749 889 336 750 890 335 751 891 508 752 892 1337 753 893 1247 754 894 1341 754 895 1339 754 896 1340 755 897 515 755 898 1249 755 899 1348 756 900 1346 756 901 1343 756 902 1342 757 903 1350 758 904 1347 757 905 1352 759 906 1349 760 907 1344 761 908 1345 735 909 1353 733 910 1351 762 911 1354 763 912 485 764 913 407 765 914 408 766 915 1356 767 916 1355 768 917 1359 769 918 1358 769 919 1357 769 920 1367 770 921 1362 771 922 1361 772 923 1365 773 924 1360 774 925 1369 775 926 1368 776 927 1371 777 928 343 778 929 1366 779 930 1370 780 931 345 781 932 1364 782 933 344 783 934 342 784 935 1363 785 936 341 786 937 1372 787 938 1377 788 939 1375 789 940 1373 790 941 1378 791 942 1374 792 943 1380 793 944 1376 794 945 1379 794 946 1381 794 947 1387 795 948 1384 796 949 1382 797 950 1388 798 951 1383 799 952 1391 800 953 1390 801 954 1398 802 955 1394 803 956 1395 804 957 1401 805 958 1399 806 959 1397 807 960 1400 808 961 1406 809 962 1393 810 963 1396 811 964 1405 812 965 1389 813 966 1392 814 967 1404 815 968 1403 816 969 1410 817 970 1409 818 971 1385 819 972 1402 820 973 1407 821 974 1386 822 975 1408 823 976 1411 824 977 1414 825 978 1413 826 979 1412 827 980 1417 828 981 1416 829 982 1415 830 983 1421 831 984 1420 832 985 1419 833 986 1418 834 987 1423 835 988 1422 836 989 1429 837 990 1426 838 991 1425 839 992 1427 840 993 1424 841 994 1431 840 995 1430 842 996 1435 843 997 1433 844 998 1428 845 999 1432 846 1000 1434 847 1001 1438 848 1002 1437 849 1003 1436 850 1004 1441 851 1005 1440 852 1006 1439 853 1007 1447 854 1008 1444 855 1009 1443 856 1010 1446 857 1011 1442 858 1012 1449 859 1013 1445 860 1014 1448 861 1015 1450 862 1016 444 863 1017 431 864 1018 564 865 1019 433 866 1020 1220 867 1021 351 868 1022 350 869 1023 566 870 1024 434 871 1025 352 872 1026 354 873 1027 569 874 1028 449 875 1029 462 876 1030 398 877 1031 452 878 1032 397 879 1033 373 880 1034 423 881 1035 1453 882 1036 1451 883 1037 418 884 1038 479 885 1039 467 886 1040 469 887 1041 386 888 1042 417 889 1043 384 890 1044 390 891 1045 419 892 1046 1452 893 1047 1454 894 1048 422 895 1049 1458 896 1050 1457 897 1051 1456 898 1052 1459 899 1053 1455 900 1054 1460 901 1055 1462 902 1056 1234 903 1057 399 904 1058 471 905 1059 481 906 1060 1461 907 1061 1463 908 1062 394 909 1063 477 910 1064 1703 911 1065 1705 912 1066 1706 913 1067 1707 914 1068 1700 915 1069 1704 916 1070 1693 917 1071 1694 917 1072 1698 917 1073 1701 918 1074 1699 919 1075 1708 920 1076 1709 921 1077 1692 922 1078 1702 923 1079 1713 924 1080 1712 924 1081 1710 924 1082 1711 925 1083 1696 925 1084 1715 925 1085 1717 926 1086 1714 927 1087 1695 928 1088 1697 929 1089 1721 930 1090 1718 931 1091 1722 932 1092 1716 933 1093 1719 934 1094 1720 935 1095 1724 936 1096 1723 937 1097 2117 938 1098 2122 939 1099 2116 940 1100 2120 941 1101 2115 942 1102 2121 943 1103 2125 944 1104 2118 945 1105 2124 946 1106 2123 947 1107 2119 948 1108 2126 949 1109 1950 950 1110 573 951 1111 572 951 1112 571 952 1113 1952 953 1114 1951 954 1115 575 955 1116 1953 956 1117 1954 957 1118 1955 958 1119 576 959 1120 574 960 1121 1958 961 1122 1956 962 1123 578 963 1124 579 964 1125 577 965 1126 1957 966 1127 1959 967 1128 1961 968 1129 581 969 1130 582 970 1131 580 971 1132 1960 972 1133 1963 973 1134 1964 973 1135 1962 973 1136 1968 974 1137 1967 975 1138 1966 976 1139 1965 977 1140 1970 978 1141 1969 979 1142 1974 980 1143 1971 981 1144 2054 982 1145 2053 983 1146 2056 984 1147 1973 985 1148 2057 986 1149 1972 987 1150 2055 988 1151 1975 989 1152 1980 990 1153 1979 991 1154 1978 992 1155 1977 993 1156 1976 994 1157 1982 995 1158 2061 996 1159 2058 997 1160 2059 998 1161 1984 999 1162 1983 1000 1163 2062 1001 1164 2060 1002 1165 1981 1003 1166 1996 1004 1167 1992 1005 1168 1989 1006 1169 1990 1007 1170 2003 1008 1171 1997 1009 1172 2000 1010 1173 2001 1011 1174 1986 1012 1175 1985 1013 1176 1995 1014 1177 1999 1015 1178 2004 1016 1179 1991 1017 1180 1987 1018 1181 1988 1019 1182 2002 1020 1183 2005 1021 1184 2065 1022 1185 2063 1023 1186 1994 1024 1187 1993 1025 1188 1998 1026 1189 2064 1027 1190 596 1028 1191 594 1029 1192 591 1030 1193 590 1031 1194 592 1032 1195 595 1033 1196 1465 1034 1197 1464 1035 1198 584 1036 1199 585 1037 1200 587 1038 1201 1466 1039 1202 1470 1040 1203 1469 1041 1204 1467 1042 1205 1468 1043 1206 586 1044 1207 1471 1045 1208 589 1046 1209 593 1046 1210 1473 1046 1211 1472 1047 1212 583 1047 1213 588 1047 1214 2008 1048 1215 2025 1049 1216 2018 1050 1217 2017 1051 1218 2010 1052 1219 2007 1053 1220 2013 1054 1221 2029 1055 1222 2022 1056 1223 2012 1057 1224 2021 1058 1225 2024 1059 1226 2011 1060 1227 2023 1061 1228 2006 1062 1229 2067 1063 1230 2066 1064 1231 2026 1065 1232 2027 1066 1233 2009 1067 1234 2068 1068 1235 2074 1069 1236 2073 1070 1237 2015 1071 1238 2016 1072 1239 2069 1073 1240 2075 1074 1241 2071 1075 1242 2076 1075 1243 2020 1076 1244 2070 1077 1245 2019 1078 1246 2028 1079 1247 2072 1080 1248 2030 1081 1249 2014 1082 1250 1726 1083 1251 1728 1083 1252 1725 1083 1253 1730 1084 1254 1727 1085 1255 1729 1086 1256 1731 1087 1257 599 1088 1258 598 1088 1259 597 1089 1260 1733 1090 1261 1732 1091 1262 600 1092 1263 1734 1093 1264 1736 1094 1265 1735 1095 1266 602 1096 1267 601 1097 1268 1738 1098 1269 1737 1099 1270 605 1100 1271 604 1101 1272 603 1102 1273 1739 1103 1274 1741 1104 1275 1742 1105 1276 608 1106 1277 607 1107 1278 606 1108 1279 1740 1109 1280 1746 1110 1281 1745 1111 1282 1744 1112 1283 1743 1113 1284 1748 1114 1285 1747 1115 1286 1752 1116 1287 1749 1117 1288 1868 1118 1289 1867 1119 1290 1870 1120 1291 1751 1121 1292 1871 1122 1293 1750 1122 1294 1869 1122 1295 1753 1123 1296 1758 1124 1297 1756 1125 1298 1757 1126 1299 1755 1127 1300 1754 1128 1301 1760 1129 1302 1875 1130 1303 1872 1131 1304 1873 1132 1305 1762 1133 1306 1761 1134 1307 1876 1135 1308 1874 1136 1309 1759 1137 1310 622 1138 1311 620 1139 1312 617 1140 1313 616 1141 1314 618 1142 1315 621 1143 1316 1475 1144 1317 1474 1145 1318 611 1146 1319 610 1147 1320 613 1148 1321 1476 1149 1322 1480 1150 1323 1479 1151 1324 1477 1152 1325 1478 1153 1326 612 1154 1327 1481 1155 1328 615 1156 1329 619 1156 1330 1483 1156 1331 1482 1157 1332 609 1157 1333 614 1157 1334 1765 1158 1335 1781 1159 1336 1775 1160 1337 1774 1161 1338 1767 1162 1339 1764 1163 1340 1770 1164 1341 1784 1165 1342 1778 1166 1343 1769 1167 1344 1777 1168 1345 1780 1169 1346 1768 1170 1347 1779 1171 1348 1763 1172 1349 1878 1173 1350 1877 1174 1351 1782 1175 1352 1783 1176 1353 1766 1177 1354 1880 1178 1355 1884 1179 1356 1883 1180 1357 1772 1181 1358 1773 1182 1359 1879 1183 1360 1885 1184 1361 1887 1185 1362 1776 1186 1363 1787 1187 1364 1881 1188 1365 1886 1188 1366 1785 1188 1367 1882 1189 1368 1786 1190 1369 1771 1191 1370 1796 1192 1371 1817 1193 1372 1807 1194 1373 1806 1195 1374 1800 1196 1375 1795 1197 1376 1826 1198 1377 1828 1199 1378 1812 1200 1379 1827 1201 1380 1813 1202 1381 1816 1203 1382 1825 1204 1383 1814 1205 1384 1789 1206 1385 1824 1207 1386 1788 1208 1387 1805 1209 1388 1792 1210 1389 1815 1211 1390 1818 1212 1391 1819 1213 1392 1799 1214 1393 1793 1215 1394 1798 1216 1395 1801 1217 1396 1823 1218 1397 1790 1219 1398 1797 1220 1399 1821 1221 1400 1822 1222 1401 1820 1223 1402 1791 1224 1403 1889 1225 1404 1794 1226 1405 1804 1227 1406 1810 1228 1407 1811 1229 1408 1891 1230 1409 1808 1231 1410 1890 1232 1411 1892 1233 1412 1894 1234 1413 1888 1234 1414 1803 1234 1415 1809 1235 1416 1893 1236 1417 1802 1237 1418 1840 1238 1419 1842 1239 1420 1843 1240 1421 1844 1241 1422 1837 1242 1423 1841 1243 1424 1830 1244 1425 1831 1245 1426 1835 1246 1427 1838 1247 1428 1836 1248 1429 1895 1249 1430 1896 1250 1431 1829 1251 1432 1839 1252 1433 1900 1253 1434 1899 1254 1435 1897 1255 1436 1898 1256 1437 1833 1257 1438 1902 1258 1439 1904 1259 1440 1901 1260 1441 1832 1261 1442 1834 1262 1443 1908 1263 1444 1905 1264 1445 1909 1265 1446 1903 1266 1447 1906 1267 1448 1907 1268 1449 1911 1269 1450 1910 1270 1451 706 1271 1452 689 1272 1453 677 1273 1454 678 1274 1455 704 1275 1456 707 1276 1457 702 1277 1458 676 1278 1459 681 1279 1460 682 1280 1461 710 1281 1462 703 1282 1463 716 1283 1464 708 1284 1465 680 1285 1466 679 1286 1467 683 1287 1468 715 1286 1469 1485 1288 1470 684 1289 1471 719 1290 1472 718 1291 1473 1486 1292 1474 1484 1293 1475 630 1294 1476 637 1295 1477 720 1296 1478 632 1297 1479 717 1298 1480 731 1299 1481 631 1300 1482 727 1301 1483 633 1302 1484 725 1303 1485 688 1304 1486 1489 1305 1487 1488 1306 1488 1491 1307 1489 730 1308 1490 733 1309 1491 738 1310 1492 652 1311 1493 653 1312 1494 644 1313 1495 734 1314 1496 1495 1315 1497 1492 1315 1498 735 1315 1499 736 1316 1500 741 1317 1501 1496 1316 1502 746 1318 1503 1499 1318 1504 1497 1318 1505 1498 1319 1506 1500 1320 1507 747 1319 1508 750 1321 1509 1504 1322 1510 1503 1323 1511 1502 1324 1512 1506 1325 1513 749 1326 1514 649 1327 1515 650 1328 1516 758 1329 1517 647 1330 1518 762 1331 1519 748 1332 1520 648 1333 1521 751 1334 1522 654 1335 1523 1512 1336 1524 1510 1337 1525 759 1338 1526 761 1339 1527 1514 1340 1528 1511 1341 1529 697 1342 1530 660 1343 1531 764 1344 1532 765 1345 1533 771 1346 1534 698 1347 1535 773 1348 1536 662 1349 1537 659 1350 1538 658 1351 1539 1515 1352 1540 775 1353 1541 667 1354 1542 661 1355 1543 772 1356 1544 777 1357 1545 778 1358 1546 668 1359 1547 670 1360 1548 669 1361 1549 782 1362 1550 783 1363 1551 786 1364 1552 671 1365 1553 789 1366 1554 672 1367 1555 1519 1368 1556 1518 1369 1557 1520 1369 1558 788 1370 1559 673 1371 1560 1526 1372 1561 1524 1373 1562 1523 1374 1563 766 1375 1564 674 1376 1565 635 1377 1566 705 1378 1567 700 1379 1568 701 1380 1569 625 1381 1570 636 1382 1571 623 1383 1572 699 1384 1573 711 1385 1574 709 1386 1575 627 1387 1576 624 1388 1577 639 1389 1578 629 1390 1579 628 1391 1580 641 1392 1581 626 1393 1582 713 1394 1583 640 1395 1584 712 1396 1585 714 1397 1586 1527 1398 1587 1487 1398 1588 722 1398 1589 723 1399 1590 638 1399 1591 1528 1399 1592 728 1400 1593 721 1401 1594 686 1402 1595 685 1403 1596 687 1404 1597 724 1405 1598 729 1406 1599 1490 1407 1600 1529 1407 1601 1530 1408 1602 634 1409 1603 726 1410 1604 740 1411 1605 737 1411 1606 1494 1411 1607 1493 1412 1608 1531 1412 1609 739 1412 1610 742 1413 1611 732 1414 1612 642 1414 1613 643 1415 1614 645 1416 1615 743 1417 1616 1532 1418 1617 646 1419 1618 656 1420 1619 1534 1421 1620 657 1422 1621 745 1423 1622 1533 1424 1623 744 1425 1624 1501 1426 1625 754 1427 1626 1507 1428 1627 1535 1429 1628 1536 1430 1629 655 1431 1630 755 1432 1631 752 1433 1632 757 1434 1633 1508 1435 1634 1509 1436 1635 1505 1437 1636 753 1438 1637 1537 1439 1638 1513 1440 1639 760 1441 1640 756 1442 1641 651 1443 1642 1538 1444 1643 770 1445 1644 763 1446 1645 1540 1447 1646 1539 1448 1647 675 1449 1648 769 1450 1649 663 1451 1650 774 1452 1651 1516 1453 1652 1517 1454 1653 1541 1455 1654 666 1456 1655 781 1457 1656 776 1458 1657 665 1459 1658 664 1460 1659 692 1461 1660 780 1462 1661 785 1463 1662 779 1464 1663 691 1465 1664 690 1466 1665 693 1467 1666 784 1468 1667 695 1469 1668 787 1470 1669 1522 1471 1670 1521 1472 1671 1542 1473 1672 694 1474 1673 767 1475 1674 1525 1476 1675 1544 1477 1676 1543 1478 1677 696 1479 1678 768 1480 1679 790 1481 1680 795 1482 1681 793 1483 1682 794 1484 1683 792 1485 1684 791 1486 1685 813 1487 1686 810 1487 1687 799 1487 1688 798 1488 1689 817 1489 1690 812 1490 1691 805 1491 1692 804 1492 1693 802 1493 1694 801 1494 1695 803 1494 1696 800 1494 1697 808 1495 1698 811 1496 1699 814 1497 1700 796 1498 1701 1548 1499 1702 1545 1500 1703 815 1501 1704 797 1502 1705 1546 1503 1706 809 1504 1707 816 1505 1708 1547 1505 1709 818 1506 1710 1551 1507 1711 1549 1508 1712 1557 1509 1713 1556 1509 1714 1554 1509 1715 1552 1510 1716 819 1511 1717 1561 1512 1718 1553 1513 1719 1550 1514 1720 1559 1515 1721 1558 1516 1722 1555 1516 1723 1560 1516 1724 1563 1517 1725 1562 1518 1726 806 1519 1727 1564 1520 1728 807 1521 1729 1566 1522 1730 1567 1523 1731 1571 1524 1732 1569 1525 1733 1565 1526 1734 1568 1527 1735 1570 1528 1736 820 1529 1737 825 1530 1738 823 1531 1739 824 1532 1740 822 1533 1741 821 1534 1742 833 1535 1743 841 1536 1744 828 1537 1745 829 1538 1746 837 1538 1747 834 1538 1748 842 1539 1749 844 1540 1750 843 1541 1751 830 1542 1752 831 1542 1753 845 1542 1754 838 1543 1755 832 1544 1756 835 1545 1757 839 1546 1758 836 1547 1759 1572 1548 1760 1573 1549 1761 1575 1550 1762 826 1551 1763 840 1552 1764 1574 1553 1765 827 1554 1766 846 1555 1767 1579 1555 1768 1576 1555 1769 1585 1556 1770 1582 1557 1771 1581 1558 1772 1583 1559 1773 1580 1560 1774 1586 1561 1775 1588 1562 1776 847 1562 1777 1578 1562 1778 1584 1563 1779 1587 1563 1780 1577 1563 1781 849 1564 1782 1592 1565 1783 1590 1566 1784 1598 1567 1785 1596 1568 1786 1595 1569 1787 1591 1570 1788 1597 1571 1789 1594 1572 1790 848 1573 1791 1589 1574 1792 1593 1575 1793 858 1576 1794 859 1577 1795 851 1578 1796 850 1579 1797 852 1580 1798 856 1581 1799 1600 1582 1800 854 1583 1801 1599 1584 1802 853 1585 1803 1602 1586 1804 1601 1587 1805 1603 1588 1806 860 1589 1807 855 1590 1808 857 1591 1809 1605 1592 1810 1604 1593 1811 862 1594 1812 867 1595 1813 869 1596 1814 868 1597 1815 863 1598 1816 861 1599 1817 1607 1600 1818 1606 1601 1819 878 1602 1820 879 1603 1821 873 1604 1822 1608 1605 1823 864 1606 1824 872 1606 1825 871 1607 1826 870 1608 1827 866 1609 1828 865 1609 1829 877 1610 1830 1611 1611 1831 1610 1612 1832 875 1613 1833 1609 1614 1834 1612 1615 1835 876 1616 1836 1613 1617 1837 1614 1618 1838 1619 1619 1839 1617 1620 1840 1615 1621 1841 1616 1622 1842 874 1623 1843 1618 1624 1844 880 1625 1845 888 1626 1846 887 1627 1847 886 1628 1848 882 1629 1849 881 1629 1850 1620 1630 1851 889 1631 1852 890 1632 1853 891 1633 1854 1622 1634 1855 1621 1635 1856 893 1636 1857 883 1637 1858 885 1638 1859 884 1639 1860 894 1640 1861 892 1641 1862 896 1642 1863 1625 1643 1864 1623 1644 1865 897 1645 1866 1624 1646 1867 1627 1647 1868 895 1648 1869 1626 1649 1870 1628 1650 1871 1631 1651 1872 898 1652 1873 1629 1653 1874 1630 1654 1875 1633 1655 1876 1632 1656 1877 899 1657 1878 907 1658 1879 906 1659 1880 905 1660 1881 901 1661 1882 900 1661 1883 1634 1662 1884 908 1663 1885 909 1664 1886 910 1665 1887 1636 1666 1888 1635 1667 1889 912 1668 1890 902 1669 1891 904 1670 1892 903 1671 1893 913 1672 1894 911 1673 1895 915 1674 1896 1639 1675 1897 1637 1676 1898 916 1677 1899 1638 1678 1900 1641 1679 1901 914 1680 1902 1640 1681 1903 1642 1682 1904 1646 1683 1905 917 1684 1906 1643 1685 1907 1644 1686 1908 1647 1687 1909 1645 1688 1910 919 1689 1911 926 1690 1912 922 1691 1913 921 1692 1914 920 1693 1915 918 1694 1916 1649 1695 1917 1648 1696 1918 928 1697 1919 929 1698 1920 927 1699 1921 1650 1700 1922 930 1701 1923 932 1701 1924 924 1702 1925 923 1703 1926 925 1704 1927 931 1704 1928 935 1705 1929 1653 1706 1930 1652 1707 1931 934 1708 1932 1651 1709 1933 1655 1710 1934 933 1711 1935 1654 1712 1936 1656 1713 1937 1661 1714 1938 1659 1715 1939 1657 1716 1940 1658 1717 1941 936 1718 1942 1660 1719 1943 1854 1720 1944 1853 1721 1945 1851 1722 1946 1850 1723 1947 1852 1724 1948 1855 1725 1949 1914 1726 1950 1912 1726 1951 1846 1726 1952 1845 1727 1953 1847 1728 1954 1913 1729 1955 1919 1730 1956 1917 1731 1957 1916 1732 1958 1915 1733 1959 1849 1734 1960 1918 1735 1961 1924 1736 1962 1922 1737 1963 1921 1738 1964 1920 1739 1965 1848 1740 1966 1923 1741 1967 1929 1742 1968 1927 1742 1969 1926 1742 1970 1925 1743 1971 1930 1743 1972 1928 1743 1973 1861 1744 1974 1863 1745 1975 1866 1746 1976 1865 1747 1977 1864 1748 1978 1862 1749 1979 1857 1750 1980 1858 1750 1981 1932 1750 1982 1931 1751 1983 1933 1751 1984 1856 1751 1985 1937 1752 1986 1860 1753 1987 1935 1754 1988 1934 1755 1989 1938 1756 1990 1936 1757 1991 1941 1758 1992 1859 1759 1993 1939 1760 1994 1940 1761 1995 1943 1762 1996 1942 1763 1997 1948 1764 1998 1946 1765 1999 1945 1766 2000 1944 1767 2001 1949 1768 2002 1947 1769 2003 2040 1770 2004 2039 1771 2005 2036 1772 2006 2037 1773 2007 2038 1774 2008 2041 1775 2009 2078 1776 2010 2077 1777 2011 2031 1778 2012 2032 1779 2013 2033 1779 2014 2079 1779 2015 2083 1780 2016 2082 1781 2017 2080 1782 2018 2081 1783 2019 2035 1784 2020 2084 1785 2021 2089 1786 2022 2087 1787 2023 2086 1788 2024 2085 1789 2025 2034 1790 2026 2088 1791 2027 2093 1792 2028 2092 1792 2029 2090 1792 2030 2091 1793 2031 2095 1794 2032 2094 1795 2033 2047 1796 2034 2049 1797 2035 2051 1798 2036 2052 1799 2037 2050 1800 2038 2048 1801 2039 2043 1802 2040 2044 1802 2041 2097 1802 2042 2096 1803 2043 2098 1804 2044 2042 1805 2045 2102 1806 2046 2046 1807 2047 2100 1808 2048 2099 1809 2049 2103 1810 2050 2101 1811 2051 2106 1812 2052 2045 1813 2053 2104 1814 2054 2105 1815 2055 2108 1816 2056 2107 1817 2057 2113 1818 2058 2111 1819 2059 2110 1820 2060 2109 1821 2061 2114 1821 2062 2112 1821 2063 2131 1822 2064 2129 1823 2065 2128 1824 2066 2127 1825 2067 2132 1826 2068 2130 1827 2069 2134 1828 2070 2133 1829 2071 2163 1830 2072 2164 1831 2073 2165 1832 2074 2135 1833 2075 2168 1834 2076 2166 1835 2077 2137 1836 2078 2138 1837 2079 2136 1838 2080 2167 1839 2081 2140 1840 2082 2139 1840 2083 2143 1840 2084 2144 1841 2085 2142 1841 2086 2141 1841 2087 2149 1842 2088 2145 1843 2089 2169 1844 2090 2170 1845 2091 2171 1846 2092 2148 1847 2093 2147 1848 2094 2150 1849 2095 2173 1850 2096 2172 1851 2097 2174 1852 2098 2146 1853 2099 2178 1854 2100 2177 1854 2101 2175 1854 2102 2176 1855 2103 2180 1855 2104 2179 1855 2105 2186 1856 2106 2184 1857 2107 2181 1858 2108 2193 1859 2109 2192 1860 2110 2189 1861 2111 2183 1862 2112 2194 1863 2113 2191 1864 2114 2187 1865 2115 2182 1866 2116 2190 1867 2117 2185 1868 2118 2188 1869 2119 2195 1870 2120 2199 1871 2121 2198 1872 2122 2197 1873 2123 2196 1874 2124 2201 1875 2125 2200 1876 2126 2207 1877 2127 2205 1878 2128 2203 1879 2129 2202 1880 2130 2204 1881 2131 2206 1882 2132 2210 1883 2133 2209 1883 2134 2208 1883 2135 2214 1884 2136 2213 1885 2137 2211 1886 2138 2212 1887 2139 2216 1888 2140 2215 1889 2141 2220 1890 2142 2219 1891 2143 2217 1892 2144 2218 1893 2145 2222 1894 2146 2221 1895 2147 2225 1802 2148 2224 1802 2149 2223 1802 2150 944 1896 2151 941 1896 2152 938 1896 2153 937 1897 2154 945 1897 2155 943 1897 2156 947 1898 2157 946 1898 2158 1662 1898 2159 1663 1899 2160 1664 1899 2161 948 1899 2162 1666 1900 2163 1665 1901 2164 951 1902 2165 950 1903 2166 949 1904 2167 1667 1905 2168 955 1906 2169 952 1907 2170 958 1908 2171 959 1909 2172 957 1910 2173 956 1911 2174 962 1912 2175 961 1913 2176 1668 1914 2177 1669 1915 2178 1670 1916 2179 963 1917 2180 1672 1918 2181 1671 1919 2182 940 1920 2183 939 1921 2184 942 1922 2185 1673 1923 2186 1675 1924 2187 960 1925 2188 954 1926 2189 953 1927 2190 1676 1928 2191 1674 1929 2192 1681 1930 2193 1680 1931 2194 1678 1932 2195 1690 1933 2196 1688 1934 2197 1685 1935 2198 1677 1936 2199 1689 1937 2200 1684 1938 2201 1683 1939 2202 1679 1940 2203 1686 1941 2204 1682 1942 2205 1687 1943 2206 1691 1944 2207 968 1945 2208 967 1945 2209 964 1945 2210 965 1946 2211 966 1946 2212 969 1946 2213 2155 1947 2214 2154 1947 2215 2151 1947 2216 2152 1948 2217 2153 1948 2218 2156 1948 2219 2160 1949 2220 2159 1949 2221 2157 1949 2222 2158 1950 2223 2162 1950 2224 2161 1950 2225</p>
        </triangles>
      </mesh>
    </geometry>
  </library_geometries>
  <library_controllers>
    <controller id="monitor_white_Skin_monitor_white-skin" name="monitor_white_Skin">
      <skin source="#monitor_white_Mesh-mesh">
        <bind_shape_matrix>1 0 0 0 0 1 0 0 0 0 1 0 0 0 0 1</bind_shape_matrix>
        <source id="monitor_white_Skin_monitor_white-skin-joints">
          <Name_array id="monitor_white_Skin_monitor_white-skin-joints-array" count="42">root body ammo_node_3 barbette_fore pivot_node_0 turret_A gun_bow ammo_node_0 gun_bow01 ammo_node_1 mast_pivot mast_main mainmast_flag_pivot mainmast_flag mainmast_flag_end port_tackle port_block port_tackle01 port_block01 star_tackle star_block star_tackle01 star_block01 mast_pivot_1 mast_main01 mainmast_flag_pivot01 port_tackle02 port_block02 port_tackle03 port_block03 star_tackle02 star_block02 star_tackle03 star_block03 mast_pivot_2 mast_main02 mainmast_flag_pivot02 mainmast_flag02 mainmast_flag_end02 smoke_node_0 smoke_node_1 rudder_con</Name_array>
          <technique_common>
            <accessor source="#monitor_white_Skin_monitor_white-skin-joints-array" count="42" stride="1">
              <param name="JOINT" type="name"/>
            </accessor>
          </technique_common>
        </source>
        <source id="monitor_white_Skin_monitor_white-skin-bind_poses">
          <float_array id="monitor_white_Skin_monitor_white-skin-bind_poses-array" count="672">1 0 0 0 0 1 0 7.700001 0 0 1 -7 0 0 0 1 1 0 0 0 0 1 0 0 0 0 1 -45.04208 0 0 0 1 1 0 0 0 0 1 0 -36.43468 0 0 1 -64.72641 0 0 0 1 1 0 0 2.41547e-7 0 0 1 -15.05763 0 -1 0 -18.887 0 0 0 1 -1 -1.50996e-7 0 8.51229e-5 0 0 1 -21.65616 -1.50996e-7 1 0 18.703 0 0 0 1 1 0 0 6.54919e-7 0 -1 0 -18.70301 0 0 -1 36.7317 0 0 0 1 1 0 0 -4.822868 0 -1 0 -34.10075 0 0 -1 32.70019 0 0 0 1 1 0 0 -4.822867 0 -1 0 -49.40757 0 0 -1 32.70019 0 0 0 1 1 0 0 5.935561 0 -1 0 -34.10075 0 0 -1 32.70019 0 0 0 1 1 0 0 5.935562 0 -1 0 -49.40757 0 0 -1 32.70019 0 0 0 1 1 0 0 -1.07926e-6 0 0 1 -20.95089 0 -1 0 -74.84601 0 0 0 1 1 0 0 5.55659e-6 0 0 -1 166.7276 0 1 0 76.90191 0 0 0 1 1 0 0 -1.43292e-5 0 -1 0 -77.00257 0 0 -1 150.493 0 0 0 1 1 0 0 -1.07604e-4 0 -1 0 -90.69006 0 0 -1 151.4818 0 0 0 1 1 0 0 -1.08251e-4 0 -1 0 -107.5402 0 0 -1 151.4818 0 0 0 1 1 0 0 -32 0 0 -1 124.9239 0 1 0 80.04227 0 0 0 1 1 0 0 -32 0 0 -1 99.36952 0 1 0 80.57144 0 0 0 1 1 0 0 -40 0 0 -1 79.02084 0 1 0 79.39235 0 0 0 1 1 0 0 -40 0 0 -1 34.23807 0 1 0 82.59677 0 0 0 1 1 0 0 32 0 0 -1 124.9239 0 1 0 80.04227 0 0 0 1 1 0 0 32 0 0 -1 99.36952 0 1 0 80.57143 0 0 0 1 1 0 0 40 0 0 -1 79.02084 0 1 0 79.39235 0 0 0 1 1 0 0 40 0 0 -1 34.23807 0 1 0 82.59677 0 0 0 1 1 0 0 4.60192e-6 0 0 1 -13.25226 0 -1 0 55.12427 0 0 0 1 1 0 0 -1.24589e-7 0 0 -1 165.4818 0 1 0 -53.06837 0 0 0 1 1 0 0 4.50852e-6 0 0 -1 149.2472 0 1 0 -52.96772 0 0 0 1 1 0 0 -32 0 0 -1 123.6782 0 1 0 -49.92801 0 0 0 1 1 0 0 -32 0 0 -1 98.12377 0 1 0 -49.39884 0 0 0 1 1 0 0 -40 0 0 -1 77.77508 0 1 0 -50.57792 0 0 0 1 1 0 0 -40 0 0 -1 32.99232 0 1 0 -47.3735 0 0 0 1 1 0 0 32 0 0 -1 123.6782 0 1 0 -49.92801 0 0 0 1 1 0 0 32 0 0 -1 98.12377 0 1 0 -49.39885 0 0 0 1 1 0 0 40 0 0 -1 77.77508 0 1 0 -50.57792 0 0 0 1 1 0 0 40 0 0 -1 32.99232 0 1 0 -47.3735 0 0 0 1 1 0 0 8.56628e-6 0 0 1 -28.8871 0 -1 0 145.8182 0 0 0 1 1 0 0 -4.16374e-6 0 0 -1 93.58673 0 1 0 -145.4733 0 0 0 1 1 0 0 1.78533e-6 0 -1 0 145.3727 0 0 -1 77.35213 0 0 0 1 1 0 0 -9.1489e-5 0 -1 0 131.6852 0 0 -1 78.34096 0 0 0 1 1 0 0 -9.21363e-5 0 -1 0 114.8351 0 0 -1 78.34096 0 0 0 1 1 0 0 -3.53218e-6 0 1 0 -113.2581 0 0 1 -26.83469 0 0 0 1 1 0 0 -8.93267e-5 0 1 0 99.4915 0 0 1 -26.22386 0 0 0 1 1 0 0 0 0 1 0 -214.5553 0 0 1 2.497147 0 0 0 1</float_array>
          <technique_common>
            <accessor source="#monitor_white_Skin_monitor_white-skin-bind_poses-array" count="42" stride="16">
              <param name="TRANSFORM" type="float4x4"/>
            </accessor>
          </technique_common>
        </source>
        <source id="monitor_white_Skin_monitor_white-skin-weights">
          <float_array id="monitor_white_Skin_monitor_white-skin-weights-array" count="2226">1 1 1 1 1 1 1 1 1 1 1 1 1 1 1 1 1 1 1 1 1 1 1 1 1 1 1 1 1 1 1 1 1 1 1 1 1 1 1 1 1 1 1 1 1 1 1 1 1 1 1 1 1 1 1 1 1 1 1 1 1 1 1 1 1 1 1 1 1 1 1 1 1 1 1 1 1 1 1 1 1 1 1 1 1 1 1 1 1 1 1 1 1 1 1 1 1 1 1 1 1 1 1 1 1 1 1 1 1 1 1 1 1 1 1 1 1 1 1 1 1 1 1 1 1 1 1 1 1 1 1 1 1 1 1 1 1 1 1 1 1 1 1 1 1 1 1 1 1 1 1 1 1 1 1 1 1 1 1 1 1 1 1 1 1 1 1 1 1 1 1 1 1 1 1 1 1 1 1 1 1 1 1 1 1 1 1 1 1 1 1 1 1 1 1 1 1 1 1 1 1 1 1 1 1 1 1 1 1 1 1 1 1 1 1 1 1 1 1 1 1 1 1 1 1 1 1 1 1 1 1 1 1 1 1 1 1 1 1 1 1 1 1 1 1 1 1 1 1 1 1 1 1 1 1 1 1 1 1 1 1 1 1 1 1 1 1 1 1 1 1 1 1 1 1 1 1 1 1 1 1 1 1 1 1 1 1 1 1 1 1 1 1 1 1 1 1 1 1 1 1 1 1 1 1 1 1 1 1 1 1 1 1 1 1 1 1 1 1 1 1 1 1 1 1 1 1 1 1 1 1 1 1 1 1 1 1 1 1 1 1 1 1 1 1 1 1 1 1 1 1 1 1 1 1 1 1 1 1 1 1 1 1 1 1 1 1 1 1 1 1 1 1 1 1 1 1 1 1 1 1 1 1 1 1 1 1 1 1 1 1 1 1 1 1 1 1 1 1 1 1 1 1 1 1 1 1 1 1 1 1 1 1 1 1 1 1 1 1 1 1 1 1 1 1 1 1 1 1 1 1 1 1 1 1 1 1 1 1 1 1 1 1 1 1 1 1 1 1 1 1 1 1 1 1 1 1 1 1 1 1 1 1 1 1 1 1 1 1 1 1 1 1 1 1 1 1 1 1 1 1 1 1 1 1 1 1 1 1 1 1 1 1 1 1 1 1 1 1 1 1 1 1 1 1 1 1 1 1 1 1 1 1 1 1 1 1 1 1 1 1 1 1 1 1 1 1 1 1 1 1 1 1 1 1 1 1 1 1 1 1 1 1 1 1 1 1 1 1 1 1 1 1 1 1 1 1 1 1 1 1 1 1 1 1 1 1 1 1 1 1 1 1 1 1 1 1 1 1 1 1 1 1 1 1 1 1 1 1 1 1 1 1 1 1 1 1 1 1 1 1 1 1 1 1 1 1 1 1 1 1 1 1 1 1 1 1 1 1 1 1 1 1 1 1 1 1 1 1 1 1 1 1 1 1 1 1 1 1 1 1 1 1 1 1 1 1 1 1 1 1 1 1 1 1 1 1 1 1 1 1 1 1 1 1 1 1 1 1 1 1 1 1 1 1 1 1 1 1 1 1 1 1 1 1 1 1 1 1 1 1 1 1 1 1 1 1 1 1 1 1 1 1 1 1 1 1 1 1 1 1 1 1 1 1 1 1 1 1 1 1 1 1 1 1 1 1 1 1 1 1 1 1 1 1 1 1 1 1 1 1 1 1 1 1 1 1 1 1 1 1 1 1 1 1 1 1 1 1 1 1 1 1 1 1 1 1 1 1 1 1 1 1 1 1 1 1 1 1 1 1 1 1 1 1 1 1 1 1 1 1 1 1 1 1 1 1 1 1 1 1 1 1 1 1 1 1 1 1 1 1 1 1 1 1 1 1 1 1 1 1 1 1 1 1 1 1 1 1 1 1 1 1 1 1 1 1 1 1 1 1 1 1 1 1 1 1 1 1 1 1 1 1 1 1 1 1 1 1 1 1 1 1 1 1 1 1 1 1 1 1 1 1 1 1 1 1 1 1 1 1 1 1 1 1 1 1 1 1 1 1 1 1 1 1 1 1 1 1 1 1 1 1 1 1 1 1 1 1 1 1 1 1 1 1 1 1 1 1 1 1 1 1 1 1 1 1 1 1 1 1 1 1 1 1 1 1 1 1 1 1 1 1 1 1 1 1 1 1 1 1 1 1 1 1 1 1 1 1 1 1 1 1 1 1 1 1 1 1 1 1 1 1 1 1 1 1 1 1 1 1 1 1 1 1 1 1 1 1 1 1 1 1 1 1 1 1 1 1 1 1 1 1 1 1 1 1 1 1 1 1 1 1 1 1 1 1 1 1 1 1 1 1 1 1 1 1 1 1 1 1 1 1 1 1 1 1 1 1 1 1 1 1 1 1 1 1 1 1 1 1 1 1 1 1 1 1 1 1 1 1 1 1 1 1 1 1 1 1 1 1 1 1 1 1 1 1 1 1 1 1 1 1 1 1 1 1 1 1 1 1 1 1 1 1 1 1 1 1 1 1 1 1 1 1 1 1 1 1 1 1 1 1 1 1 1 1 1 1 1 1 1 1 1 1 1 1 1 1 1 1 1 1 1 1 1 1 1 1 1 1 1 1 1 1 1 1 1 1 1 1 1 1 1 1 1 1 1 1 1 1 1 1 1 1 1 1 1 1 1 1 1 1 1 1 1 1 1 1 1 1 1 1 1 1 1 1 1 1 1 1 1 1 1 1 1 1 1 1 1 1 1 1 1 1 1 1 1 1 1 1 1 1 1 1 1 1 1 1 1 1 1 1 1 1 1 1 1 1 1 1 1 1 1 1 1 1 1 1 1 1 1 1 1 1 1 1 1 1 1 1 1 1 1 1 1 1 1 1 1 1 1 1 1 1 1 1 1 1 1 1 1 1 1 1 1 1 1 1 1 1 1 1 1 1 1 1 1 1 1 1 1 1 1 1 1 1 1 1 1 1 1 1 1 1 1 1 1 1 1 1 1 1 1 1 1 1 1 1 1 1 1 1 1 1 1 1 1 1 1 1 1 1 1 1 1 1 1 1 1 1 1 1 1 1 1 1 1 1 1 1 1 1 1 1 1 1 1 1 1 1 1 1 1 1 1 1 1 1 1 1 1 1 1 1 1 1 1 1 1 1 1 1 1 1 1 1 1 1 1 1 1 1 1 1 1 1 1 1 1 1 1 1 1 1 1 1 1 1 1 1 1 1 1 1 1 1 1 1 1 1 1 1 1 1 1 1 1 1 1 1 1 1 1 1 1 1 1 1 1 1 1 1 1 1 1 1 1 1 1 1 1 1 1 1 1 1 1 1 1 1 1 1 1 1 1 1 1 1 1 1 1 1 1 1 1 1 1 1 1 1 1 1 1 1 1 1 1 1 1 1 1 1 1 1 1 1 1 1 1 1 1 1 1 1 1 1 1 1 1 1 1 1 1 1 1 1 1 1 1 1 1 1 1 1 1 1 1 1 1 1 1 1 1 1 1 1 1 1 1 1 1 1 1 1 1 1 1 1 1 1 1 1 1 1 1 1 1 1 1 1 1 1 1 1 1 1 1 1 1 1 1 1 1 1 1 1 1 1 1 1 1 1 1 1 1 1 1 1 1 1 1 1 1 1 1 1 1 1 1 1 1 1 1 1 1 1 1 1 1 1 1 1 1 1 1 1 1 1 1 1 1 1 1 1 1 1 1 1 1 1 1 1 1 1 1 1 1 1 1 1 1 1 1 1 1 1 1 1 1 1 1 1 1 1 1 1 1 1 1 1 1 1 1 1 1 1 1 1 1 1 1 1 1 1 1 1 1 1 1 1 1 1 1 1 1 1 1 1 1 1 1 1 1 1 1 1 1 1 1 1 1 1 1 1 1 1 1 1 1 1 1 1 1 1 1 1 1 1 1 1 1 1 1 1 1 1 1 1 1 1 1 1 1 1 1 1 1 1 1 1 1 1 1 1 1 1 1 1 1 1 1 1 1 1 1 1 1 1 1 1 1 1 1 1 1 1 1 1 1 1 1 1 1 1 1 1 1 1 1 1 1 1 1 1 1 1 1 1 1 1 1 1 1 1 1 1 1 1 1 1 1 1 1 1 1 1 1 1 1 1 1 1 1 1 1 1 1 1 1 1 1 1 1 1 1 1 1 1 1 1 1 1 1 1 1 1 1 1 1 1 1 1 1 1 1 1 1 1 1 1 1 1 1 1 1 1 1 1 1 1 1 1 1 1 1 1 1 1 1 1 1 1 1 1 1 1 1 1 1 1 1 1 1 1 1 1 1 1 1 1 1 1 1 1 1 1 1 1 1 1 1 1 1 1 1 1 1 1 1 1 1 1 1 1 1 1 1 1 1 1 1 1 1 1 1 1 1 1 1 1 1 1 1 1 1 1 1 1 1 1 1 1 1 1 1 1 1 1 1 1 1 1 1 1 1 1 1 1 1 1 1 1 1 1 1 1 1 1 1 1 1 1 1 1 1 1 1 1 1 1 1 1 1 1 1 1 1 1 1 1 1 1 1 1 1 1 1 1 1 1 1 1 1 1 1 1 1 1 1 1 1 1 1 1 1 1 1 1 1 1 1 1 1 1 1 1 1 1 1 1 1 1 1 1 1 1 1 1 1 1 1 1 1 1 1 1 1 1 1 1 1 1 1 1 1 1 1 1 1 1 1 1 1 1 1 1 1 1 1 1 1 1 1 1 1 1 1 1 1 1 1 1 1 1 1 1 1 1 1 1 1 1 1 1 1 1 1 1 1 1 1 1 1 1 1 1 1 1 1 1 1 1 1 1 1 1 1 1 1 1 1 1 1 1 1 1 1 1 1 1 1 1 1 1 1 1 1 1 1 1 1 1 1 1 1 1 1 1 1 1 1 1 1 1 1 1 1 1 1 1 1 1 1 1 1 1 1 1 1 1 1 1 1 1 1 1 1 1 1 1 1 1 1 1 1 1 1 1 1 1 1 1 1 1 1 1 1 1 1 1 1 1 1 1 1 1 1 1 1 1 1 1 1 1 1 1 1 1 1 1 1 1 1 1 1</float_array>
          <technique_common>
            <accessor source="#monitor_white_Skin_monitor_white-skin-weights-array" count="2226" stride="1">
              <param name="WEIGHT" type="float"/>
            </accessor>
          </technique_common>
        </source>
        <joints>
          <input semantic="JOINT" source="#monitor_white_Skin_monitor_white-skin-joints"/>
          <input semantic="INV_BIND_MATRIX" source="#monitor_white_Skin_monitor_white-skin-bind_poses"/>
        </joints>
        <vertex_weights count="2226">
          <input semantic="JOINT" source="#monitor_white_Skin_monitor_white-skin-joints" offset="0"/>
          <input semantic="WEIGHT" source="#monitor_white_Skin_monitor_white-skin-weights" offset="1"/>
          <vcount>1 1 1 1 1 1 1 1 1 1 1 1 1 1 1 1 1 1 1 1 1 1 1 1 1 1 1 1 1 1 1 1 1 1 1 1 1 1 1 1 1 1 1 1 1 1 1 1 1 1 1 1 1 1 1 1 1 1 1 1 1 1 1 1 1 1 1 1 1 1 1 1 1 1 1 1 1 1 1 1 1 1 1 1 1 1 1 1 1 1 1 1 1 1 1 1 1 1 1 1 1 1 1 1 1 1 1 1 1 1 1 1 1 1 1 1 1 1 1 1 1 1 1 1 1 1 1 1 1 1 1 1 1 1 1 1 1 1 1 1 1 1 1 1 1 1 1 1 1 1 1 1 1 1 1 1 1 1 1 1 1 1 1 1 1 1 1 1 1 1 1 1 1 1 1 1 1 1 1 1 1 1 1 1 1 1 1 1 1 1 1 1 1 1 1 1 1 1 1 1 1 1 1 1 1 1 1 1 1 1 1 1 1 1 1 1 1 1 1 1 1 1 1 1 1 1 1 1 1 1 1 1 1 1 1 1 1 1 1 1 1 1 1 1 1 1 1 1 1 1 1 1 1 1 1 1 1 1 1 1 1 1 1 1 1 1 1 1 1 1 1 1 1 1 1 1 1 1 1 1 1 1 1 1 1 1 1 1 1 1 1 1 1 1 1 1 1 1 1 1 1 1 1 1 1 1 1 1 1 1 1 1 1 1 1 1 1 1 1 1 1 1 1 1 1 1 1 1 1 1 1 1 1 1 1 1 1 1 1 1 1 1 1 1 1 1 1 1 1 1 1 1 1 1 1 1 1 1 1 1 1 1 1 1 1 1 1 1 1 1 1 1 1 1 1 1 1 1 1 1 1 1 1 1 1 1 1 1 1 1 1 1 1 1 1 1 1 1 1 1 1 1 1 1 1 1 1 1 1 1 1 1 1 1 1 1 1 1 1 1 1 1 1 1 1 1 1 1 1 1 1 1 1 1 1 1 1 1 1 1 1 1 1 1 1 1 1 1 1 1 1 1 1 1 1 1 1 1 1 1 1 1 1 1 1 1 1 1 1 1 1 1 1 1 1 1 1 1 1 1 1 1 1 1 1 1 1 1 1 1 1 1 1 1 1 1 1 1 1 1 1 1 1 1 1 1 1 1 1 1 1 1 1 1 1 1 1 1 1 1 1 1 1 1 1 1 1 1 1 1 1 1 1 1 1 1 1 1 1 1 1 1 1 1 1 1 1 1 1 1 1 1 1 1 1 1 1 1 1 1 1 1 1 1 1 1 1 1 1 1 1 1 1 1 1 1 1 1 1 1 1 1 1 1 1 1 1 1 1 1 1 1 1 1 1 1 1 1 1 1 1 1 1 1 1 1 1 1 1 1 1 1 1 1 1 1 1 1 1 1 1 1 1 1 1 1 1 1 1 1 1 1 1 1 1 1 1 1 1 1 1 1 1 1 1 1 1 1 1 1 1 1 1 1 1 1 1 1 1 1 1 1 1 1 1 1 1 1 1 1 1 1 1 1 1 1 1 1 1 1 1 1 1 1 1 1 1 1 1 1 1 1 1 1 1 1 1 1 1 1 1 1 1 1 1 1 1 1 1 1 1 1 1 1 1 1 1 1 1 1 1 1 1 1 1 1 1 1 1 1 1 1 1 1 1 1 1 1 1 1 1 1 1 1 1 1 1 1 1 1 1 1 1 1 1 1 1 1 1 1 1 1 1 1 1 1 1 1 1 1 1 1 1 1 1 1 1 1 1 1 1 1 1 1 1 1 1 1 1 1 1 1 1 1 1 1 1 1 1 1 1 1 1 1 1 1 1 1 1 1 1 1 1 1 1 1 1 1 1 1 1 1 1 1 1 1 1 1 1 1 1 1 1 1 1 1 1 1 1 1 1 1 1 1 1 1 1 1 1 1 1 1 1 1 1 1 1 1 1 1 1 1 1 1 1 1 1 1 1 1 1 1 1 1 1 1 1 1 1 1 1 1 1 1 1 1 1 1 1 1 1 1 1 1 1 1 1 1 1 1 1 1 1 1 1 1 1 1 1 1 1 1 1 1 1 1 1 1 1 1 1 1 1 1 1 1 1 1 1 1 1 1 1 1 1 1 1 1 1 1 1 1 1 1 1 1 1 1 1 1 1 1 1 1 1 1 1 1 1 1 1 1 1 1 1 1 1 1 1 1 1 1 1 1 1 1 1 1 1 1 1 1 1 1 1 1 1 1 1 1 1 1 1 1 1 1 1 1 1 1 1 1 1 1 1 1 1 1 1 1 1 1 1 1 1 1 1 1 1 1 1 1 1 1 1 1 1 1 1 1 1 1 1 1 1 1 1 1 1 1 1 1 1 1 1 1 1 1 1 1 1 1 1 1 1 1 1 1 1 1 1 1 1 1 1 1 1 1 1 1 1 1 1 1 1 1 1 1 1 1 1 1 1 1 1 1 1 1 1 1 1 1 1 1 1 1 1 1 1 1 1 1 1 1 1 1 1 1 1 1 1 1 1 1 1 1 1 1 1 1 1 1 1 1 1 1 1 1 1 1 1 1 1 1 1 1 1 1 1 1 1 1 1 1 1 1 1 1 1 1 1 1 1 1 1 1 1 1 1 1 1 1 1 1 1 1 1 1 1 1 1 1 1 1 1 1 1 1 1 1 1 1 1 1 1 1 1 1 1 1 1 1 1 1 1 1 1 1 1 1 1 1 1 1 1 1 1 1 1 1 1 1 1 1 1 1 1 1 1 1 1 1 1 1 1 1 1 1 1 1 1 1 1 1 1 1 1 1 1 1 1 1 1 1 1 1 1 1 1 1 1 1 1 1 1 1 1 1 1 1 1 1 1 1 1 1 1 1 1 1 1 1 1 1 1 1 1 1 1 1 1 1 1 1 1 1 1 1 1 1 1 1 1 1 1 1 1 1 1 1 1 1 1 1 1 1 1 1 1 1 1 1 1 1 1 1 1 1 1 1 1 1 1 1 1 1 1 1 1 1 1 1 1 1 1 1 1 1 1 1 1 1 1 1 1 1 1 1 1 1 1 1 1 1 1 1 1 1 1 1 1 1 1 1 1 1 1 1 1 1 1 1 1 1 1 1 1 1 1 1 1 1 1 1 1 1 1 1 1 1 1 1 1 1 1 1 1 1 1 1 1 1 1 1 1 1 1 1 1 1 1 1 1 1 1 1 1 1 1 1 1 1 1 1 1 1 1 1 1 1 1 1 1 1 1 1 1 1 1 1 1 1 1 1 1 1 1 1 1 1 1 1 1 1 1 1 1 1 1 1 1 1 1 1 1 1 1 1 1 1 1 1 1 1 1 1 1 1 1 1 1 1 1 1 1 1 1 1 1 1 1 1 1 1 1 1 1 1 1 1 1 1 1 1 1 1 1 1 1 1 1 1 1 1 1 1 1 1 1 1 1 1 1 1 1 1 1 1 1 1 1 1 1 1 1 1 1 1 1 1 1 1 1 1 1 1 1 1 1 1 1 1 1 1 1 1 1 1 1 1 1 1 1 1 1 1 1 1 1 1 1 1 1 1 1 1 1 1 1 1 1 1 1 1 1 1 1 1 1 1 1 1 1 1 1 1 1 1 1 1 1 1 1 1 1 1 1 1 1 1 1 1 1 1 1 1 1 1 1 1 1 1 1 1 1 1 1 1 1 1 1 1 1 1 1 1 1 1 1 1 1 1 1 1 1 1 1 1 1 1 1 1 1 1 1 1 1 1 1 1 1 1 1 1 1 1 1 1 1 1 1 1 1 1 1 1 1 1 1 1 1 1 1 1 1 1 1 1 1 1 1 1 1 1 1 1 1 1 1 1 1 1 1 1 1 1 1 1 1 1 1 1 1 1 1 1 1 1 1 1 1 1 1 1 1 1 1 1 1 1 1 1 1 1 1 1 1 1 1 1 1 1 1 1 1 1 1 1 1 1 1 1 1 1 1 1 1 1 1 1 1 1 1 1 1 1 1 1 1 1 1 1 1 1 1 1 1 1 1 1 1 1 1 1 1 1 1 1 1 1 1 1 1 1 1 1 1 1 1 1 1 1 1 1 1 1 1 1 1 1 1 1 1 1 1 1 1 1 1 1 1 1 1 1 1 1 1 1 1 1 1 1 1 1 1 1 1 1 1 1 1 1 1 1 1 1 1 1 1 1 1 1 1 1 1 1 1 1 1 1 1 1 1 1 1 1 1 1 1 1 1 1 1 1 1 1 1 1 1 1 1 1 1 1 1 1 1 1 1 1 1 1 1 1 1 1 1 1 1 1 1 1 1 1 1 1 1 1 1 1 1 1 1 1 1 1 1 1 1 1 1 1 1 1 1 1 1 1 1 1 1 1 1 1 1 1 1 1 1 1 1 1 1 1 1 1 1 1 1 1 1 1 1 1 1 1 1 1 1 1 1 1 1 1 1 1 1 1 1 1 1 1 1 1 1 1 1 1 1 1 1 1 1 1 1 1 1 1 1 1 1 1 1 1 1 1 1 1 1 1 1 1 1 1 1 1 1 1 1 1 1 1 1 1 1 1 1 1 1 1 1 1 1 1 1 1 1 1 1 1 1 1 1 1 1 1 1 1 1 1 1 1 1 1 1 1 1 1 1 1 1 1 1 1 1 1 1 1 1 1 1 1 1 1 1 1 1 1 1 1 1 1 1 1 1 1 1 1 1 1 1 1 1 1 1 1 1 1 1 1 1 1 1 1 1 1 1 1 1 1 1 1 1 1 1 1 1 1 1 1 1 1 1 1 1 1 1 1 1 1 1 1 1 1 1 1 1 1 1 1 1 1 1 1 1 1 1 1 1 1 1 1 1 1 1 1 1 1 1 1 1 1 1 1 1 1 1 1 1 1 1 1 1 1 1 1 1 1 1 1 1 1 1 1 1 1 1 1 1 1 1 1 1 1 1 1 1 1 1 1 1 1 1 1 1 1 1 1 1 1 1 1 1 1 1 1 1 1 1 1 1 1 1 1 1 1 1 1 1 1 1 1 1 1 1 1 </vcount>
          <v>0 0 0 1 0 2 0 3 0 4 0 5 0 6 0 7 0 8 0 9 0 10 0 11 0 12 0 13 0 14 0 15 0 16 0 17 0 18 0 19 0 20 0 21 0 22 0 23 0 24 0 25 0 26 0 27 0 28 0 29 0 30 0 31 0 32 0 33 0 34 0 35 0 36 0 37 0 38 0 39 0 40 0 41 0 42 0 43 0 44 0 45 0 46 0 47 0 48 0 49 0 50 0 51 0 52 0 53 0 54 0 55 0 56 0 57 0 58 0 59 0 60 0 61 0 62 0 63 0 64 0 65 0 66 0 67 0 68 0 69 0 70 0 71 0 72 0 73 0 74 0 75 0 76 0 77 0 78 0 79 0 80 0 81 0 82 0 83 0 84 0 85 0 86 0 87 0 88 0 89 0 90 0 91 0 92 0 93 0 94 0 95 0 96 0 97 0 98 0 99 0 100 0 101 0 102 0 103 0 104 0 105 0 106 0 107 0 108 0 109 0 110 0 111 0 112 0 113 0 114 0 115 0 116 0 117 0 118 0 119 0 120 0 121 0 122 0 123 0 124 0 125 0 126 0 127 0 128 0 129 0 130 0 131 0 132 0 133 0 134 0 135 0 136 0 137 0 138 0 139 0 140 0 141 0 142 0 143 0 144 0 145 0 146 0 147 0 148 0 149 0 150 0 151 0 152 0 153 0 154 0 155 0 156 0 157 0 158 0 159 0 160 0 161 0 162 0 163 0 164 0 165 0 166 0 167 0 168 0 169 0 170 0 171 0 172 0 173 0 174 0 175 0 176 0 177 0 178 0 179 0 180 0 181 0 182 0 183 0 184 0 185 0 186 0 187 0 188 0 189 0 190 0 191 0 192 0 193 0 194 0 195 0 196 0 197 0 198 0 199 0 200 0 201 0 202 0 203 0 204 0 205 0 206 0 207 0 208 0 209 0 210 0 211 0 212 0 213 0 214 0 215 0 216 0 217 0 218 0 219 0 220 0 221 0 222 0 223 0 224 0 225 0 226 0 227 0 228 0 229 0 230 0 231 0 232 0 233 0 234 0 235 0 236 0 237 0 238 0 239 0 240 0 241 0 242 0 243 0 244 0 245 0 246 0 247 0 248 0 249 0 250 0 251 0 252 0 253 0 254 0 255 0 256 0 257 0 258 0 259 0 260 0 261 0 262 0 263 0 264 0 265 0 266 0 267 0 268 0 269 0 270 0 271 0 272 0 273 0 274 0 275 0 276 0 277 0 278 0 279 0 280 0 281 0 282 0 283 0 284 0 285 0 286 0 287 0 288 0 289 0 290 0 291 0 292 0 293 0 294 0 295 0 296 0 297 0 298 0 299 0 300 0 301 0 302 0 303 0 304 0 305 0 306 0 307 0 308 0 309 0 310 0 311 0 312 0 313 0 314 0 315 0 316 0 317 0 318 0 319 0 320 0 321 0 322 0 323 0 324 0 325 0 326 0 327 0 328 0 329 0 330 0 331 0 332 0 333 0 334 0 335 0 336 0 337 0 338 0 339 0 340 0 341 0 342 0 343 0 344 0 345 0 346 0 347 0 348 0 349 0 350 0 351 0 352 0 353 0 354 0 355 0 356 0 357 0 358 0 359 0 360 0 361 0 362 0 363 0 364 0 365 0 366 0 367 0 368 0 369 0 370 0 371 0 372 0 373 0 374 0 375 0 376 0 377 0 378 0 379 0 380 0 381 0 382 0 383 0 384 0 385 0 386 0 387 0 388 0 389 0 390 0 391 0 392 0 393 0 394 0 395 0 396 0 397 0 398 0 399 0 400 0 401 0 402 0 403 0 404 0 405 0 406 0 407 0 408 0 409 0 410 0 411 0 412 0 413 0 414 0 415 0 416 0 417 0 418 0 419 0 420 0 421 0 422 0 423 0 424 0 425 0 426 0 427 0 428 0 429 0 430 0 431 0 432 0 433 0 434 0 435 0 436 0 437 0 438 0 439 0 440 0 441 0 442 0 443 0 444 0 445 0 446 0 447 0 448 0 449 0 450 0 451 0 452 0 453 0 454 0 455 0 456 0 457 0 458 0 459 0 460 0 461 0 462 0 463 0 464 0 465 0 466 0 467 0 468 0 469 0 470 0 471 0 472 0 473 0 474 0 475 0 476 0 477 0 478 0 479 0 480 0 481 0 482 0 483 0 484 0 485 0 486 0 487 0 488 0 489 0 490 0 491 0 492 0 493 0 494 0 495 0 496 0 497 0 498 0 499 0 500 0 501 0 502 0 503 0 504 0 505 0 506 0 507 0 508 0 509 0 510 0 511 0 512 0 513 0 514 0 515 0 516 0 517 0 518 0 519 0 520 0 521 0 522 0 523 0 524 0 525 0 526 0 527 0 528 0 529 0 530 0 531 0 532 0 533 0 534 0 535 0 536 0 537 0 538 0 539 0 540 0 541 0 542 0 543 0 544 0 545 0 546 0 547 0 548 0 549 0 550 0 551 0 552 0 553 0 554 0 555 0 556 0 557 0 558 0 559 0 560 0 561 0 562 0 563 0 564 0 565 0 566 0 567 0 568 0 569 0 570 0 571 0 572 0 573 0 574 0 575 0 576 0 577 0 578 0 579 0 580 0 581 0 582 0 583 0 584 0 585 0 586 0 587 0 588 0 589 0 590 0 591 0 592 0 593 0 594 0 595 0 596 0 597 0 598 0 599 0 600 0 601 0 602 0 603 0 604 0 605 0 606 0 607 0 608 0 609 0 610 0 611 0 612 0 613 0 614 0 615 0 616 0 617 0 618 0 619 0 620 0 621 0 622 0 623 0 624 0 625 0 626 0 627 0 628 0 629 0 630 0 631 0 632 0 633 0 634 0 635 0 636 0 637 0 638 0 639 0 640 0 641 0 642 0 643 0 644 0 645 0 646 0 647 0 648 0 649 0 650 0 651 0 652 0 653 0 654 0 655 0 656 0 657 0 658 0 659 0 660 0 661 0 662 0 663 0 664 0 665 0 666 0 667 0 668 0 669 0 670 0 671 0 672 0 673 0 674 0 675 0 676 0 677 0 678 0 679 0 680 0 681 0 682 0 683 0 684 0 685 0 686 0 687 0 688 0 689 0 690 0 691 0 692 0 693 0 694 0 695 0 696 0 697 0 698 0 699 0 700 0 701 0 702 0 703 0 704 0 705 0 706 0 707 0 708 0 709 0 710 0 711 0 712 0 713 0 714 0 715 0 716 0 717 0 718 0 719 0 720 0 721 0 722 0 723 0 724 0 725 0 726 0 727 0 728 0 729 0 730 0 731 0 732 0 733 0 734 0 735 0 736 0 737 0 738 0 739 0 740 0 741 0 742 0 743 0 744 0 745 0 746 0 747 0 748 0 749 0 750 0 751 0 752 0 753 0 754 0 755 0 756 0 757 0 758 0 759 0 760 0 761 0 762 0 763 0 764 0 765 0 766 0 767 0 768 0 769 0 770 0 771 0 772 0 773 0 774 0 775 0 776 0 777 0 778 0 779 0 780 0 781 0 782 0 783 0 784 0 785 0 786 0 787 0 788 0 789 0 790 0 791 0 792 0 793 0 794 0 795 0 796 0 797 0 798 0 799 0 800 0 801 0 802 0 803 0 804 0 805 0 806 0 807 0 808 0 809 0 810 0 811 0 812 0 813 0 814 0 815 0 816 0 817 0 818 0 819 0 820 0 821 0 822 0 823 0 824 0 825 0 826 0 827 0 828 0 829 0 830 0 831 0 832 0 833 0 834 0 835 0 836 0 837 0 838 0 839 0 840 0 841 0 842 0 843 0 844 0 845 0 846 0 847 0 848 0 849 0 850 0 851 0 852 0 853 0 854 0 855 0 856 0 857 0 858 0 859 0 860 0 861 0 862 0 863 0 864 0 865 0 866 0 867 0 868 0 869 0 870 0 871 0 872 0 873 0 874 0 875 0 876 0 877 0 878 0 879 0 880 0 881 0 882 0 883 0 884 0 885 0 886 0 887 0 888 0 889 0 890 0 891 0 892 0 893 0 894 0 895 0 896 0 897 0 898 0 899 0 900 0 901 0 902 0 903 0 904 0 905 0 906 0 907 0 908 0 909 0 910 0 911 0 912 0 913 0 914 0 915 0 916 0 917 0 918 0 919 0 920 0 921 0 922 0 923 0 924 0 925 0 926 0 927 0 928 0 929 0 930 0 931 0 932 0 933 0 934 0 935 0 936 0 937 0 938 0 939 0 940 0 941 0 942 0 943 0 944 0 945 0 946 0 947 0 948 0 949 0 950 0 951 0 952 0 953 0 954 0 955 0 956 0 957 0 958 0 959 0 960 0 961 0 962 0 963 0 964 0 965 0 966 0 967 0 968 0 969 0 970 0 971 0 972 0 973 0 974 0 975 0 976 0 977 0 978 0 979 0 980 0 981 0 982 0 983 0 984 0 985 0 986 0 987 0 988 0 989 0 990 0 991 0 992 0 993 0 994 0 995 0 996 0 997 0 998 0 999 0 1000 0 1001 0 1002 0 1003 0 1004 0 1005 0 1006 0 1007 0 1008 0 1009 0 1010 0 1011 0 1012 0 1013 0 1014 0 1015 0 1016 0 1017 0 1018 0 1019 0 1020 0 1021 0 1022 0 1023 0 1024 0 1025 0 1026 0 1027 0 1028 0 1029 0 1030 0 1031 0 1032 0 1033 0 1034 0 1035 0 1036 0 1037 0 1038 0 1039 0 1040 0 1041 0 1042 0 1043 0 1044 0 1045 0 1046 0 1047 0 1048 0 1049 0 1050 0 1051 0 1052 0 1053 0 1054 0 1055 0 1056 0 1057 0 1058 0 1059 0 1060 0 1061 0 1062 0 1063 0 1064 0 1065 0 1066 0 1067 0 1068 0 1069 0 1070 0 1071 0 1072 0 1073 0 1074 0 1075 0 1076 0 1077 0 1078 0 1079 0 1080 0 1081 0 1082 0 1083 0 1084 0 1085 0 1086 0 1087 0 1088 0 1089 0 1090 0 1091 0 1092 0 1093 0 1094 0 1095 0 1096 0 1097 0 1098 0 1099 0 1100 0 1101 0 1102 0 1103 0 1104 0 1105 0 1106 0 1107 0 1108 0 1109 0 1110 0 1111 0 1112 0 1113 0 1114 0 1115 0 1116 0 1117 0 1118 0 1119 0 1120 0 1121 0 1122 0 1123 0 1124 0 1125 0 1126 0 1127 0 1128 0 1129 0 1130 0 1131 0 1132 0 1133 0 1134 0 1135 0 1136 0 1137 0 1138 0 1139 0 1140 0 1141 0 1142 0 1143 0 1144 0 1145 0 1146 0 1147 0 1148 0 1149 0 1150 0 1151 0 1152 0 1153 0 1154 0 1155 0 1156 0 1157 0 1158 0 1159 0 1160 0 1161 0 1162 0 1163 0 1164 0 1165 0 1166 0 1167 0 1168 0 1169 0 1170 0 1171 0 1172 0 1173 0 1174 0 1175 0 1176 0 1177 0 1178 0 1179 0 1180 0 1181 0 1182 0 1183 0 1184 0 1185 0 1186 0 1187 0 1188 0 1189 0 1190 0 1191 0 1192 0 1193 0 1194 0 1195 0 1196 0 1197 0 1198 0 1199 0 1200 0 1201 0 1202 0 1203 0 1204 0 1205 0 1206 0 1207 0 1208 0 1209 0 1210 0 1211 0 1212 0 1213 0 1214 0 1215 0 1216 0 1217 0 1218 0 1219 0 1220 0 1221 0 1222 0 1223 0 1224 0 1225 0 1226 0 1227 0 1228 0 1229 0 1230 0 1231 0 1232 0 1233 0 1234 0 1235 0 1236 0 1237 0 1238 0 1239 0 1240 0 1241 0 1242 0 1243 0 1244 0 1245 0 1246 0 1247 0 1248 0 1249 0 1250 0 1251 0 1252 0 1253 0 1254 0 1255 0 1256 0 1257 0 1258 0 1259 0 1260 0 1261 0 1262 0 1263 0 1264 0 1265 0 1266 0 1267 0 1268 0 1269 0 1270 0 1271 0 1272 0 1273 0 1274 0 1275 0 1276 0 1277 0 1278 0 1279 0 1280 0 1281 0 1282 0 1283 0 1284 0 1285 0 1286 0 1287 0 1288 0 1289 0 1290 0 1291 0 1292 0 1293 0 1294 0 1295 0 1296 0 1297 0 1298 0 1299 0 1300 0 1301 0 1302 0 1303 0 1304 0 1305 0 1306 0 1307 0 1308 0 1309 0 1310 0 1311 0 1312 0 1313 0 1314 0 1315 0 1316 0 1317 0 1318 0 1319 0 1320 0 1321 0 1322 0 1323 0 1324 0 1325 0 1326 0 1327 0 1328 0 1329 0 1330 0 1331 0 1332 0 1333 0 1334 0 1335 0 1336 0 1337 0 1338 0 1339 0 1340 0 1341 0 1342 0 1343 0 1344 0 1345 0 1346 0 1347 0 1348 0 1349 0 1350 0 1351 0 1352 0 1353 0 1354 0 1355 0 1356 0 1357 0 1358 0 1359 0 1360 0 1361 0 1362 0 1363 0 1364 0 1365 0 1366 0 1367 0 1368 0 1369 0 1370 0 1371 0 1372 0 1373 0 1374 0 1375 0 1376 0 1377 0 1378 0 1379 0 1380 0 1381 0 1382 0 1383 0 1384 0 1385 0 1386 0 1387 0 1388 0 1389 0 1390 0 1391 0 1392 0 1393 0 1394 0 1395 0 1396 0 1397 0 1398 0 1399 0 1400 0 1401 0 1402 0 1403 0 1404 0 1405 0 1406 0 1407 0 1408 0 1409 0 1410 0 1411 0 1412 0 1413 0 1414 0 1415 0 1416 0 1417 0 1418 0 1419 0 1420 0 1421 0 1422 0 1423 0 1424 0 1425 0 1426 0 1427 0 1428 0 1429 0 1430 0 1431 0 1432 0 1433 0 1434 0 1435 0 1436 0 1437 0 1438 0 1439 0 1440 0 1441 0 1442 0 1443 0 1444 0 1445 0 1446 0 1447 0 1448 0 1449 0 1450 0 1451 0 1452 0 1453 0 1454 0 1455 0 1456 0 1457 0 1458 0 1459 0 1460 0 1461 0 1462 0 1463 0 1464 0 1465 0 1466 0 1467 0 1468 0 1469 0 1470 0 1471 0 1472 0 1473 0 1474 0 1475 0 1476 0 1477 0 1478 0 1479 0 1480 0 1481 0 1482 0 1483 0 1484 0 1485 0 1486 0 1487 0 1488 0 1489 0 1490 0 1491 0 1492 0 1493 0 1494 0 1495 0 1496 0 1497 0 1498 0 1499 0 1500 0 1501 0 1502 0 1503 0 1504 0 1505 0 1506 0 1507 0 1508 0 1509 0 1510 0 1511 0 1512 0 1513 0 1514 0 1515 0 1516 0 1517 0 1518 0 1519 0 1520 0 1521 0 1522 0 1523 0 1524 0 1525 0 1526 0 1527 0 1528 0 1529 0 1530 0 1531 0 1532 0 1533 0 1534 0 1535 0 1536 0 1537 0 1538 0 1539 0 1540 0 1541 0 1542 0 1543 0 1544 0 1545 0 1546 0 1547 0 1548 0 1549 0 1550 0 1551 0 1552 0 1553 0 1554 0 1555 0 1556 0 1557 0 1558 0 1559 0 1560 0 1561 0 1562 0 1563 0 1564 0 1565 0 1566 0 1567 0 1568 0 1569 0 1570 0 1571 0 1572 0 1573 0 1574 0 1575 0 1576 0 1577 0 1578 0 1579 0 1580 0 1581 0 1582 0 1583 0 1584 0 1585 0 1586 0 1587 0 1588 0 1589 0 1590 0 1591 0 1592 0 1593 0 1594 0 1595 0 1596 0 1597 0 1598 0 1599 0 1600 0 1601 0 1602 0 1603 0 1604 0 1605 0 1606 0 1607 0 1608 0 1609 0 1610 0 1611 0 1612 0 1613 0 1614 0 1615 0 1616 0 1617 0 1618 0 1619 0 1620 0 1621 0 1622 0 1623 0 1624 0 1625 0 1626 0 1627 0 1628 0 1629 0 1630 0 1631 0 1632 0 1633 0 1634 0 1635 0 1636 0 1637 0 1638 0 1639 0 1640 0 1641 0 1642 0 1643 0 1644 0 1645 0 1646 0 1647 0 1648 0 1649 0 1650 0 1651 0 1652 0 1653 0 1654 0 1655 0 1656 0 1657 0 1658 0 1659 0 1660 0 1661 0 1662 0 1663 0 1664 0 1665 0 1666 0 1667 0 1668 0 1669 0 1670 0 1671 0 1672 0 1673 0 1674 0 1675 0 1676 0 1677 0 1678 0 1679 0 1680 0 1681 0 1682 0 1683 0 1684 0 1685 0 1686 0 1687 0 1688 0 1689 0 1690 0 1691 34 1692 34 1693 34 1694 34 1695 34 1696 34 1697 34 1698 34 1699 34 1700 34 1701 34 1702 34 1703 34 1704 34 1705 34 1706 34 1707 34 1708 34 1709 34 1710 34 1711 34 1712 34 1713 34 1714 34 1715 34 1716 34 1717 34 1718 34 1719 34 1720 34 1721 34 1722 34 1723 34 1724 36 1725 36 1726 36 1727 36 1728 36 1729 36 1730 23 1731 23 1732 23 1733 23 1734 23 1735 23 1736 23 1737 23 1738 23 1739 23 1740 23 1741 23 1742 23 1743 23 1744 23 1745 23 1746 23 1747 23 1748 23 1749 23 1750 23 1751 23 1752 23 1753 23 1754 23 1755 23 1756 23 1757 23 1758 23 1759 23 1760 23 1761 23 1762 23 1763 23 1764 23 1765 23 1766 23 1767 23 1768 23 1769 23 1770 23 1771 23 1772 23 1773 23 1774 23 1775 23 1776 23 1777 23 1778 23 1779 23 1780 23 1781 23 1782 23 1783 23 1784 23 1785 23 1786 23 1787 23 1788 23 1789 23 1790 23 1791 23 1792 23 1793 23 1794 23 1795 23 1796 23 1797 23 1798 23 1799 23 1800 23 1801 23 1802 23 1803 23 1804 23 1805 23 1806 23 1807 23 1808 23 1809 23 1810 23 1811 23 1812 23 1813 23 1814 23 1815 23 1816 23 1817 23 1818 23 1819 23 1820 23 1821 23 1822 23 1823 23 1824 23 1825 23 1826 23 1827 23 1828 23 1829 23 1830 23 1831 23 1832 23 1833 23 1834 23 1835 23 1836 23 1837 23 1838 23 1839 23 1840 23 1841 23 1842 23 1843 23 1844 23 1845 23 1846 23 1847 23 1848 23 1849 23 1850 23 1851 23 1852 23 1853 23 1854 23 1855 23 1856 23 1857 23 1858 23 1859 23 1860 23 1861 23 1862 23 1863 23 1864 23 1865 23 1866 23 1867 23 1868 23 1869 23 1870 23 1871 23 1872 23 1873 23 1874 23 1875 23 1876 23 1877 23 1878 23 1879 23 1880 23 1881 23 1882 23 1883 23 1884 23 1885 23 1886 23 1887 23 1888 23 1889 23 1890 23 1891 23 1892 23 1893 23 1894 23 1895 23 1896 23 1897 23 1898 23 1899 23 1900 23 1901 23 1902 23 1903 23 1904 23 1905 23 1906 23 1907 23 1908 23 1909 23 1910 23 1911 23 1912 23 1913 23 1914 23 1915 23 1916 23 1917 23 1918 23 1919 23 1920 23 1921 23 1922 23 1923 23 1924 23 1925 23 1926 23 1927 23 1928 23 1929 23 1930 23 1931 23 1932 23 1933 23 1934 23 1935 23 1936 23 1937 23 1938 23 1939 23 1940 23 1941 23 1942 23 1943 23 1944 23 1945 23 1946 23 1947 23 1948 23 1949 10 1950 10 1951 10 1952 10 1953 10 1954 10 1955 10 1956 10 1957 10 1958 10 1959 10 1960 10 1961 10 1962 10 1963 10 1964 10 1965 10 1966 10 1967 10 1968 10 1969 10 1970 10 1971 10 1972 10 1973 10 1974 10 1975 10 1976 10 1977 10 1978 10 1979 10 1980 10 1981 10 1982 10 1983 10 1984 10 1985 10 1986 10 1987 10 1988 10 1989 10 1990 10 1991 10 1992 10 1993 10 1994 10 1995 10 1996 10 1997 10 1998 10 1999 10 2000 10 2001 10 2002 10 2003 10 2004 10 2005 10 2006 10 2007 10 2008 10 2009 10 2010 10 2011 10 2012 10 2013 10 2014 10 2015 10 2016 10 2017 10 2018 10 2019 10 2020 10 2021 10 2022 10 2023 10 2024 10 2025 10 2026 10 2027 10 2028 10 2029 10 2030 10 2031 10 2032 10 2033 10 2034 10 2035 10 2036 10 2037 10 2038 10 2039 10 2040 10 2041 10 2042 10 2043 10 2044 10 2045 10 2046 10 2047 10 2048 10 2049 10 2050 10 2051 10 2052 10 2053 10 2054 10 2055 10 2056 10 2057 10 2058 10 2059 10 2060 10 2061 10 2062 10 2063 10 2064 10 2065 10 2066 10 2067 10 2068 10 2069 10 2070 10 2071 10 2072 10 2073 10 2074 10 2075 10 2076 10 2077 10 2078 10 2079 10 2080 10 2081 10 2082 10 2083 10 2084 10 2085 10 2086 10 2087 10 2088 10 2089 10 2090 10 2091 10 2092 10 2093 10 2094 10 2095 10 2096 10 2097 10 2098 10 2099 10 2100 10 2101 10 2102 10 2103 10 2104 10 2105 10 2106 10 2107 10 2108 10 2109 10 2110 10 2111 10 2112 10 2113 10 2114 12 2115 12 2116 12 2117 12 2118 12 2119 12 2120 12 2121 12 2122 12 2123 12 2124 12 2125 12 2126 4 2127 4 2128 4 2129 4 2130 4 2131 4 2132 4 2133 4 2134 4 2135 4 2136 4 2137 4 2138 4 2139 4 2140 4 2141 4 2142 4 2143 4 2144 4 2145 4 2146 4 2147 4 2148 4 2149 4 2150 4 2151 4 2152 4 2153 4 2154 4 2155 4 2156 4 2157 4 2158 4 2159 4 2160 4 2161 4 2162 4 2163 4 2164 4 2165 4 2166 4 2167 4 2168 4 2169 4 2170 4 2171 4 2172 4 2173 4 2174 4 2175 4 2176 4 2177 4 2178 4 2179 4 2180 4 2181 4 2182 4 2183 4 2184 4 2185 4 2186 4 2187 4 2188 4 2189 4 2190 4 2191 4 2192 4 2193 4 2194 4 2195 6 2196 6 2197 6 2198 6 2199 6 2200 6 2201 6 2202 6 2203 6 2204 6 2205 6 2206 6 2207 6 2208 6 2209 6 2210 8 2211 8 2212 8 2213 8 2214 8 2215 8 2216 8 2217 8 2218 8 2219 8 2220 8 2221 8 2222 8 2223 8 2224 8 2225</v>
        </vertex_weights>
      </skin>
    </controller>
  </library_controllers>
  <library_visual_scenes>
    <visual_scene id="Scene" name="Scene">
      <node id="monitor_white_Skin" name="monitor_white_Skin" type="NODE">
        <matrix sid="transform">1 0 0 0 0 1 0 0 0 0 1 0 0 0 0 1</matrix>
        <node id="monitor_white_Skin_root" name="root" sid="root" type="JOINT">
          <matrix sid="transform">1 0 0 0 0 1 0 -7.700001 0 0 1 7 0 0 0 1</matrix>
          <node id="monitor_white_Skin_body" name="body" sid="body" type="JOINT">
            <matrix sid="transform">1 0 0 0 0 1 0 7.700001 0 0 1 38.04208 0 0 0 1</matrix>
            <node id="monitor_white_Skin_ammo_node_3" name="ammo node 3" sid="ammo_node_3" type="JOINT">
              <matrix sid="transform">1 0 0 -9.02312e-8 0 1 0 36.43468 0 0 1 19.68433 0 0 0 1</matrix>
              <extra>
                <technique profile="blender">
                  <layer sid="layer" type="string">0</layer>
                  <tip_x sid="tip_x" type="float">0</tip_x>
                  <tip_y sid="tip_y" type="float">35.43707</tip_y>
                  <tip_z sid="tip_z" type="float">0</tip_z>
                </technique>
              </extra>
            </node>
            <node id="monitor_white_Skin_barbette_fore" name="barbette fore" sid="barbette_fore" type="JOINT">
              <matrix sid="transform">1 0 0 -2.41547e-7 0 0 -1 -18.887 0 1 0 -29.98446 0 0 0 1</matrix>
              <node id="monitor_white_Skin_pivot_node_0" name="pivot node 0" sid="pivot_node_0" type="JOINT">
                <matrix sid="transform">-1 0 -1.50996e-7 8.81885e-5 0 1 0 6.598528 1.50996e-7 0 -1 -0.1839981 0 0 0 1</matrix>
                <node id="monitor_white_Skin_turret_A" name="turret A" sid="turret_A" type="JOINT">
                  <matrix sid="transform">-1 1.50996e-7 -2.13163e-13 8.86019e-5 2.13163e-13 0 -1 15.07555 -1.50996e-7 -1 -2.27998e-14 -1.90735e-6 0 0 0 1</matrix>
                  <node id="monitor_white_Skin_gun_bow" name="gun bow" sid="gun_bow" type="JOINT">
                    <matrix sid="transform">1 0 8.74226e-8 4.822865 0 1 0 15.39775 -8.74226e-8 0 1 4.031513 0 0 0 1</matrix>
                    <node id="monitor_white_Skin_ammo_node_0" name="ammo node 0" sid="ammo_node_0" type="JOINT">
                      <matrix sid="transform">1 2.11675e-13 0 -9.53674e-7 -2.11675e-13 1 0 15.30682 0 0 1 4.23633e-6 0 0 0 1</matrix>
                      <extra>
                        <technique profile="blender">
                          <layer sid="layer" type="string">0</layer>
                          <roll sid="roll" type="float">3.141593</roll>
                          <tip_x sid="tip_x" type="float">0</tip_x>
                          <tip_y sid="tip_y" type="float">-15.30682</tip_y>
                          <tip_z sid="tip_z" type="float">0</tip_z>
                        </technique>
                      </extra>
                    </node>
                    <extra>
                      <technique profile="blender">
                        <layer sid="layer" type="string">0</layer>
                        <roll sid="roll" type="float">3.141593</roll>
                        <tip_x sid="tip_x" type="float">0</tip_x>
                        <tip_y sid="tip_y" type="float">-15.30682</tip_y>
                        <tip_z sid="tip_z" type="float">0</tip_z>
                      </technique>
                    </extra>
                  </node>
                  <node id="monitor_white_Skin_gun_bow01" name="gun bow01" sid="gun_bow01" type="JOINT">
                    <matrix sid="transform">1 0 8.74226e-8 -5.935564 0 1 0 15.39775 -8.74226e-8 0 1 4.031513 0 0 0 1</matrix>
                    <node id="monitor_white_Skin_ammo_node_1" name="ammo node 1" sid="ammo_node_1" type="JOINT">
                      <matrix sid="transform">1 2.11675e-13 0 -9.53674e-7 -2.11675e-13 1 0 15.30682 0 0 1 3.29579e-6 0 0 0 1</matrix>
                      <extra>
                        <technique profile="blender">
                          <layer sid="layer" type="string">0</layer>
                          <roll sid="roll" type="float">3.141593</roll>
                          <tip_x sid="tip_x" type="float">0</tip_x>
                          <tip_y sid="tip_y" type="float">-15.30682</tip_y>
                          <tip_z sid="tip_z" type="float">0</tip_z>
                        </technique>
                      </extra>
                    </node>
                    <extra>
                      <technique profile="blender">
                        <layer sid="layer" type="string">0</layer>
                        <roll sid="roll" type="float">3.141593</roll>
                        <tip_x sid="tip_x" type="float">0</tip_x>
                        <tip_y sid="tip_y" type="float">-15.30682</tip_y>
                        <tip_z sid="tip_z" type="float">0</tip_z>
                      </technique>
                    </extra>
                  </node>
                  <extra>
                    <technique profile="blender">
                      <layer sid="layer" type="string">0</layer>
                      <roll sid="roll" type="float">3.141593</roll>
                      <tip_x sid="tip_x" type="float">0</tip_x>
                      <tip_y sid="tip_y" type="float">-16.6314</tip_y>
                      <tip_z sid="tip_z" type="float">0</tip_z>
                    </technique>
                  </extra>
                </node>
                <extra>
                  <technique profile="blender">
                    <layer sid="layer" type="string">0</layer>
                    <roll sid="roll" type="float">3.141593</roll>
                    <tip_x sid="tip_x" type="float">0</tip_x>
                    <tip_y sid="tip_y" type="float">0</tip_y>
                    <tip_z sid="tip_z" type="float">15.07555</tip_z>
                  </technique>
                </extra>
              </node>
              <extra>
                <technique profile="blender">
                  <layer sid="layer" type="string">0</layer>
                  <tip_x sid="tip_x" type="float">0</tip_x>
                  <tip_y sid="tip_y" type="float">0</tip_y>
                  <tip_z sid="tip_z" type="float">6.601091</tip_z>
                </technique>
              </extra>
            </node>
            <node id="monitor_white_Skin_mast_pivot" name="mast pivot" sid="mast_pivot" type="JOINT">
              <matrix sid="transform">1 0 0 1.07926e-6 0 0 -1 -74.84601 0 1 0 -24.09119 0 0 0 1</matrix>
              <node id="monitor_white_Skin_mast_main" name="mast main" sid="mast_main" type="JOINT">
                <matrix sid="transform">1 0 -8.74228e-8 8.71265e-8 0 -1 0 145.7767 -8.74228e-8 0 -1 2.055901 0 0 0 1</matrix>
                <node id="monitor_white_Skin_mainmast_flag_pivot" name="mainmast flag pivot" sid="mainmast_flag_pivot" type="JOINT">
                  <matrix sid="transform">1 -8.74228e-8 8.74228e-8 -2.52385e-9 -8.74228e-8 0 1 16.2346 -8.74228e-8 -1 -1.52855e-14 -0.1006546 0 0 0 1</matrix>
                  <node id="monitor_white_Skin_mainmast_flag" name="mainmast flag" sid="mainmast_flag" type="JOINT">
                    <matrix sid="transform">1 0 0 9.32744e-5 0 1 0 13.68749 0 0 1 -0.9888306 0 0 0 1</matrix>
                    <node id="monitor_white_Skin_mainmast_flag_end" name="mainmast flag end" sid="mainmast_flag_end" type="JOINT">
                      <matrix sid="transform">1 0 0 6.47298e-7 0 1 0 16.85014 0 0 1 8.30585e-12 0 0 0 1</matrix>
                      <extra>
                        <technique profile="blender">
                          <layer sid="layer" type="string">0</layer>
                          <roll sid="roll" type="float">3.141593</roll>
                          <tip_x sid="tip_x" type="float">0</tip_x>
                          <tip_y sid="tip_y" type="float">-16.85013</tip_y>
                          <tip_z sid="tip_z" type="float">0</tip_z>
                        </technique>
                      </extra>
                    </node>
                    <extra>
                      <technique profile="blender">
                        <layer sid="layer" type="string">0</layer>
                        <roll sid="roll" type="float">3.141593</roll>
                        <tip_x sid="tip_x" type="float">0</tip_x>
                        <tip_y sid="tip_y" type="float">-16.85013</tip_y>
                        <tip_z sid="tip_z" type="float">0</tip_z>
                      </technique>
                    </extra>
                  </node>
                  <extra>
                    <technique profile="blender">
                      <layer sid="layer" type="string">0</layer>
                      <roll sid="roll" type="float">3.141593</roll>
                      <tip_x sid="tip_x" type="float">0</tip_x>
                      <tip_y sid="tip_y" type="float">-13.72316</tip_y>
                      <tip_z sid="tip_z" type="float">0</tip_z>
                    </technique>
                  </extra>
                </node>
                <node id="monitor_white_Skin_port_tackle" name="port tackle" sid="port_tackle" type="JOINT">
                  <matrix sid="transform">1 0 8.74228e-8 32 0 1 0 41.80366 -8.74228e-8 0 1 -3.140358 0 0 0 1</matrix>
                  <node id="monitor_white_Skin_port_block" name="port block" sid="port_block" type="JOINT">
                    <matrix sid="transform">1 0 0 0 0 1 0 25.55441 0 0 1 -0.5291672 0 0 0 1</matrix>
                    <extra>
                      <technique profile="blender">
                        <layer sid="layer" type="string">0</layer>
                        <tip_x sid="tip_x" type="float">0</tip_x>
                        <tip_y sid="tip_y" type="float">0</tip_y>
                        <tip_z sid="tip_z" type="float">-25.55988</tip_z>
                      </technique>
                    </extra>
                  </node>
                  <extra>
                    <technique profile="blender">
                      <layer sid="layer" type="string">0</layer>
                      <tip_x sid="tip_x" type="float">0</tip_x>
                      <tip_y sid="tip_y" type="float">0</tip_y>
                      <tip_z sid="tip_z" type="float">-25.55988</tip_z>
                    </technique>
                  </extra>
                </node>
                <node id="monitor_white_Skin_port_tackle01" name="port tackle01" sid="port_tackle01" type="JOINT">
                  <matrix sid="transform">1 0 8.74228e-8 40 0 1 0 87.70675 -8.74228e-8 0 1 -2.49044 0 0 0 1</matrix>
                  <node id="monitor_white_Skin_port_block01" name="port block01" sid="port_block01" type="JOINT">
                    <matrix sid="transform">1 0 0 0 0 1 0 44.78276 0 0 1 -3.204422 0 0 0 1</matrix>
                    <extra>
                      <technique profile="blender">
                        <layer sid="layer" type="string">0</layer>
                        <tip_x sid="tip_x" type="float">0</tip_x>
                        <tip_y sid="tip_y" type="float">0</tip_y>
                        <tip_z sid="tip_z" type="float">-44.89726</tip_z>
                      </technique>
                    </extra>
                  </node>
                  <extra>
                    <technique profile="blender">
                      <layer sid="layer" type="string">0</layer>
                      <tip_x sid="tip_x" type="float">0</tip_x>
                      <tip_y sid="tip_y" type="float">0</tip_y>
                      <tip_z sid="tip_z" type="float">-44.89726</tip_z>
                    </technique>
                  </extra>
                </node>
                <node id="monitor_white_Skin_star_tackle" name="star tackle" sid="star_tackle" type="JOINT">
                  <matrix sid="transform">1 0 8.74228e-8 -32 0 1 0 41.80366 -8.74228e-8 0 1 -3.140358 0 0 0 1</matrix>
                  <node id="monitor_white_Skin_star_block" name="star block" sid="star_block" type="JOINT">
                    <matrix sid="transform">1 0 0 0 0 1 0 25.55441 0 0 1 -0.5291595 0 0 0 1</matrix>
                    <extra>
                      <technique profile="blender">
                        <layer sid="layer" type="string">0</layer>
                        <tip_x sid="tip_x" type="float">0</tip_x>
                        <tip_y sid="tip_y" type="float">0</tip_y>
                        <tip_z sid="tip_z" type="float">-25.55988</tip_z>
                      </technique>
                    </extra>
                  </node>
                  <extra>
                    <technique profile="blender">
                      <layer sid="layer" type="string">0</layer>
                      <tip_x sid="tip_x" type="float">0</tip_x>
                      <tip_y sid="tip_y" type="float">0</tip_y>
                      <tip_z sid="tip_z" type="float">-25.55988</tip_z>
                    </technique>
                  </extra>
                </node>
                <node id="monitor_white_Skin_star_tackle01" name="star tackle01" sid="star_tackle01" type="JOINT">
                  <matrix sid="transform">1 0 8.74228e-8 -40 0 1 0 87.70675 -8.74228e-8 0 1 -2.49044 0 0 0 1</matrix>
                  <node id="monitor_white_Skin_star_block01" name="star block01" sid="star_block01" type="JOINT">
                    <matrix sid="transform">1 0 0 0 0 1 0 44.78276 0 0 1 -3.204422 0 0 0 1</matrix>
                    <extra>
                      <technique profile="blender">
                        <layer sid="layer" type="string">0</layer>
                        <tip_x sid="tip_x" type="float">0</tip_x>
                        <tip_y sid="tip_y" type="float">0</tip_y>
                        <tip_z sid="tip_z" type="float">-44.89726</tip_z>
                      </technique>
                    </extra>
                  </node>
                  <extra>
                    <technique profile="blender">
                      <layer sid="layer" type="string">0</layer>
                      <tip_x sid="tip_x" type="float">0</tip_x>
                      <tip_y sid="tip_y" type="float">0</tip_y>
                      <tip_z sid="tip_z" type="float">-44.89726</tip_z>
                    </technique>
                  </extra>
                </node>
                <extra>
                  <technique profile="blender">
                    <layer sid="layer" type="string">0</layer>
                    <tip_x sid="tip_x" type="float">0</tip_x>
                    <tip_y sid="tip_y" type="float">0</tip_y>
                    <tip_z sid="tip_z" type="float">-16.23491</tip_z>
                  </technique>
                </extra>
              </node>
              <extra>
                <technique profile="blender">
                  <layer sid="layer" type="string">0</layer>
                  <tip_x sid="tip_x" type="float">0</tip_x>
                  <tip_y sid="tip_y" type="float">0</tip_y>
                  <tip_z sid="tip_z" type="float">145.7912</tip_z>
                </technique>
              </extra>
            </node>
            <node id="monitor_white_Skin_mast_pivot_1" name="mast pivot 1" sid="mast_pivot_1" type="JOINT">
              <matrix sid="transform">1 0 0 -4.60192e-6 0 0 -1 55.12427 0 1 0 -31.78983 0 0 0 1</matrix>
              <node id="monitor_white_Skin_mast_main01" name="mast main01" sid="mast_main01" type="JOINT">
                <matrix sid="transform">1 0 -8.74228e-8 8.71264e-8 0 -1 0 152.2296 -8.74228e-8 0 -1 2.055901 0 0 0 1</matrix>
                <node id="monitor_white_Skin_mainmast_flag_pivot01" name="mainmast flag pivot01" sid="mainmast_flag_pivot01" type="JOINT">
                  <matrix sid="transform">1 0 8.74228e-8 -2.52339e-9 0 1 0 16.2346 -8.74228e-8 0 1 -0.1006508 0 0 0 1</matrix>
                  <extra>
                    <technique profile="blender">
                      <layer sid="layer" type="string">0</layer>
                      <tip_x sid="tip_x" type="float">0</tip_x>
                      <tip_y sid="tip_y" type="float">0</tip_y>
                      <tip_z sid="tip_z" type="float">-16.23493</tip_z>
                    </technique>
                  </extra>
                </node>
                <node id="monitor_white_Skin_port_tackle02" name="port tackle02" sid="port_tackle02" type="JOINT">
                  <matrix sid="transform">1 0 8.74228e-8 32 0 1 0 41.80366 -8.74228e-8 0 1 -3.140362 0 0 0 1</matrix>
                  <node id="monitor_white_Skin_port_block02" name="port block02" sid="port_block02" type="JOINT">
                    <matrix sid="transform">1 0 0 0 0 1 0 25.55441 0 0 1 -0.5291634 0 0 0 1</matrix>
                    <extra>
                      <technique profile="blender">
                        <layer sid="layer" type="string">0</layer>
                        <tip_x sid="tip_x" type="float">0</tip_x>
                        <tip_y sid="tip_y" type="float">0</tip_y>
                        <tip_z sid="tip_z" type="float">-25.55988</tip_z>
                      </technique>
                    </extra>
                  </node>
                  <extra>
                    <technique profile="blender">
                      <layer sid="layer" type="string">0</layer>
                      <tip_x sid="tip_x" type="float">0</tip_x>
                      <tip_y sid="tip_y" type="float">0</tip_y>
                      <tip_z sid="tip_z" type="float">-25.55988</tip_z>
                    </technique>
                  </extra>
                </node>
                <node id="monitor_white_Skin_port_tackle03" name="port tackle03" sid="port_tackle03" type="JOINT">
                  <matrix sid="transform">1 0 8.74228e-8 40 0 1 0 87.70675 -8.74228e-8 0 1 -2.490448 0 0 0 1</matrix>
                  <node id="monitor_white_Skin_port_block03" name="port block03" sid="port_block03" type="JOINT">
                    <matrix sid="transform">1 0 0 0 0 1 0 44.78276 0 0 1 -3.204422 0 0 0 1</matrix>
                    <extra>
                      <technique profile="blender">
                        <layer sid="layer" type="string">0</layer>
                        <tip_x sid="tip_x" type="float">0</tip_x>
                        <tip_y sid="tip_y" type="float">0</tip_y>
                        <tip_z sid="tip_z" type="float">-44.89726</tip_z>
                      </technique>
                    </extra>
                  </node>
                  <extra>
                    <technique profile="blender">
                      <layer sid="layer" type="string">0</layer>
                      <tip_x sid="tip_x" type="float">0</tip_x>
                      <tip_y sid="tip_y" type="float">0</tip_y>
                      <tip_z sid="tip_z" type="float">-44.89726</tip_z>
                    </technique>
                  </extra>
                </node>
                <node id="monitor_white_Skin_star_tackle02" name="star tackle02" sid="star_tackle02" type="JOINT">
                  <matrix sid="transform">1 0 8.74228e-8 -32 0 1 0 41.80366 -8.74228e-8 0 1 -3.140354 0 0 0 1</matrix>
                  <node id="monitor_white_Skin_star_block02" name="star block02" sid="star_block02" type="JOINT">
                    <matrix sid="transform">1 0 0 0 0 1 0 25.55441 0 0 1 -0.5291557 0 0 0 1</matrix>
                    <extra>
                      <technique profile="blender">
                        <layer sid="layer" type="string">0</layer>
                        <tip_x sid="tip_x" type="float">0</tip_x>
                        <tip_y sid="tip_y" type="float">0</tip_y>
                        <tip_z sid="tip_z" type="float">-25.55988</tip_z>
                      </technique>
                    </extra>
                  </node>
                  <extra>
                    <technique profile="blender">
                      <layer sid="layer" type="string">0</layer>
                      <tip_x sid="tip_x" type="float">0</tip_x>
                      <tip_y sid="tip_y" type="float">0</tip_y>
                      <tip_z sid="tip_z" type="float">-25.55988</tip_z>
                    </technique>
                  </extra>
                </node>
                <node id="monitor_white_Skin_star_tackle03" name="star tackle03" sid="star_tackle03" type="JOINT">
                  <matrix sid="transform">1 0 8.74228e-8 -40 0 1 0 87.70675 -8.74228e-8 0 1 -2.49044 0 0 0 1</matrix>
                  <node id="monitor_white_Skin_star_block03" name="star block03" sid="star_block03" type="JOINT">
                    <matrix sid="transform">1 0 0 0 0 1 0 44.78276 0 0 1 -3.204422 0 0 0 1</matrix>
                    <extra>
                      <technique profile="blender">
                        <layer sid="layer" type="string">0</layer>
                        <tip_x sid="tip_x" type="float">0</tip_x>
                        <tip_y sid="tip_y" type="float">0</tip_y>
                        <tip_z sid="tip_z" type="float">-44.89726</tip_z>
                      </technique>
                    </extra>
                  </node>
                  <extra>
                    <technique profile="blender">
                      <layer sid="layer" type="string">0</layer>
                      <tip_x sid="tip_x" type="float">0</tip_x>
                      <tip_y sid="tip_y" type="float">0</tip_y>
                      <tip_z sid="tip_z" type="float">-44.89726</tip_z>
                    </technique>
                  </extra>
                </node>
                <extra>
                  <technique profile="blender">
                    <layer sid="layer" type="string">0</layer>
                    <tip_x sid="tip_x" type="float">0</tip_x>
                    <tip_y sid="tip_y" type="float">0</tip_y>
                    <tip_z sid="tip_z" type="float">-16.23491</tip_z>
                  </technique>
                </extra>
              </node>
              <extra>
                <technique profile="blender">
                  <layer sid="layer" type="string">0</layer>
                  <tip_x sid="tip_x" type="float">0</tip_x>
                  <tip_y sid="tip_y" type="float">0</tip_y>
                  <tip_z sid="tip_z" type="float">152.2434</tip_z>
                </technique>
              </extra>
            </node>
            <node id="monitor_white_Skin_mast_pivot_2" name="mast pivot 2" sid="mast_pivot_2" type="JOINT">
              <matrix sid="transform">1 0 0 -8.56628e-6 0 0 -1 145.8182 0 1 0 -16.15498 0 0 0 1</matrix>
              <node id="monitor_white_Skin_mast_main02" name="mast main02" sid="mast_main02" type="JOINT">
                <matrix sid="transform">1 0 -8.74228e-8 1.23364e-8 0 -1 0 64.69962 -8.74228e-8 0 -1 0.3448944 0 0 0 1</matrix>
                <node id="monitor_white_Skin_mainmast_flag_pivot02" name="mainmast flag pivot02" sid="mainmast_flag_pivot02" type="JOINT">
                  <matrix sid="transform">1 -8.74228e-8 8.74228e-8 -2.52294e-9 -8.74228e-8 0 1 16.2346 -8.74228e-8 -1 -1.52855e-14 -0.100647 0 0 0 1</matrix>
                  <node id="monitor_white_Skin_mainmast_flag02" name="mainmast flag02" sid="mainmast_flag02" type="JOINT">
                    <matrix sid="transform">1 0 0 9.32744e-5 0 1 0 13.68748 0 0 1 -0.9888306 0 0 0 1</matrix>
                    <node id="monitor_white_Skin_mainmast_flag_end02" name="mainmast flag end02" sid="mainmast_flag_end02" type="JOINT">
                      <matrix sid="transform">1 0 0 6.47298e-7 0 1 0 16.85014 0 0 1 7.45608e-12 0 0 0 1</matrix>
                      <extra>
                        <technique profile="blender">
                          <layer sid="layer" type="string">0</layer>
                          <roll sid="roll" type="float">3.141593</roll>
                          <tip_x sid="tip_x" type="float">0</tip_x>
                          <tip_y sid="tip_y" type="float">-16.85013</tip_y>
                          <tip_z sid="tip_z" type="float">0</tip_z>
                        </technique>
                      </extra>
                    </node>
                    <extra>
                      <technique profile="blender">
                        <layer sid="layer" type="string">0</layer>
                        <roll sid="roll" type="float">3.141593</roll>
                        <tip_x sid="tip_x" type="float">0</tip_x>
                        <tip_y sid="tip_y" type="float">-16.85013</tip_y>
                        <tip_z sid="tip_z" type="float">0</tip_z>
                      </technique>
                    </extra>
                  </node>
                  <extra>
                    <technique profile="blender">
                      <layer sid="layer" type="string">0</layer>
                      <roll sid="roll" type="float">3.141593</roll>
                      <tip_x sid="tip_x" type="float">0</tip_x>
                      <tip_y sid="tip_y" type="float">-13.72316</tip_y>
                      <tip_z sid="tip_z" type="float">0</tip_z>
                    </technique>
                  </extra>
                </node>
                <extra>
                  <technique profile="blender">
                    <layer sid="layer" type="string">0</layer>
                    <tip_x sid="tip_x" type="float">0</tip_x>
                    <tip_y sid="tip_y" type="float">0</tip_y>
                    <tip_z sid="tip_z" type="float">-16.23491</tip_z>
                  </technique>
                </extra>
              </node>
              <extra>
                <technique profile="blender">
                  <layer sid="layer" type="string">0</layer>
                  <tip_x sid="tip_x" type="float">0</tip_x>
                  <tip_y sid="tip_y" type="float">0</tip_y>
                  <tip_z sid="tip_z" type="float">64.70053</tip_z>
                </technique>
              </extra>
            </node>
            <node id="monitor_white_Skin_smoke_node_0" name="smoke node 0" sid="smoke_node_0" type="JOINT">
              <matrix sid="transform">1 0 0 3.53218e-6 0 1 0 113.2581 0 0 1 -18.20739 0 0 0 1</matrix>
              <extra>
                <technique profile="blender">
                  <layer sid="layer" type="string">0</layer>
                  <tip_x sid="tip_x" type="float">0</tip_x>
                  <tip_y sid="tip_y" type="float">35.43706</tip_y>
                  <tip_z sid="tip_z" type="float">0</tip_z>
                </technique>
              </extra>
            </node>
            <node id="monitor_white_Skin_smoke_node_1" name="smoke node 1" sid="smoke_node_1" type="JOINT">
              <matrix sid="transform">1 0 0 8.93267e-5 0 1 0 -99.4915 0 0 1 -18.81823 0 0 0 1</matrix>
              <extra>
                <technique profile="blender">
                  <layer sid="layer" type="string">0</layer>
                  <tip_x sid="tip_x" type="float">0</tip_x>
                  <tip_y sid="tip_y" type="float">35.43707</tip_y>
                  <tip_z sid="tip_z" type="float">0</tip_z>
                </technique>
              </extra>
            </node>
            <extra>
              <technique profile="blender">
                <layer sid="layer" type="string">0</layer>
                <tip_x sid="tip_x" type="float">0</tip_x>
                <tip_y sid="tip_y" type="float">35.43707</tip_y>
                <tip_z sid="tip_z" type="float">0</tip_z>
              </technique>
            </extra>
          </node>
          <node id="monitor_white_Skin_rudder_con" name="rudder con" sid="rudder_con" type="JOINT">
            <matrix sid="transform">1 0 0 1.57523e-8 0 1 0 222.2553 0 0 1 -9.497147 0 0 0 1</matrix>
            <extra>
              <technique profile="blender">
                <layer sid="layer" type="string">0</layer>
                <tip_x sid="tip_x" type="float">0</tip_x>
                <tip_y sid="tip_y" type="float">38.81352</tip_y>
                <tip_z sid="tip_z" type="float">0</tip_z>
              </technique>
            </extra>
          </node>
          <extra>
            <technique profile="blender">
              <layer sid="layer" type="string">0</layer>
              <tip_x sid="tip_x" type="float">0</tip_x>
              <tip_y sid="tip_y" type="float">38.81352</tip_y>
              <tip_z sid="tip_z" type="float">0</tip_z>
            </technique>
          </extra>
        </node>
        <node id="monitor_white" name="monitor_white" type="NODE">
          <matrix sid="transform">1 0 0 0 0 1 0 0 0 0 1 0 0 0 0 1</matrix>
          <instance_controller url="#monitor_white_Skin_monitor_white-skin">
            <skeleton>#monitor_white_Skin_root</skeleton>
            <bind_material>
              <technique_common>
                <instance_material symbol="grass_rock-material" target="#grass_rock-material">
                  <bind_vertex_input semantic="UVMap" input_semantic="TEXCOORD" input_set="0"/>
                </instance_material>
              </technique_common>
            </bind_material>
          </instance_controller>
        </node>
      </node>
    </visual_scene>
  </library_visual_scenes>
  <scene>
    <instance_visual_scene url="#Scene"/>
  </scene>
</COLLADA>