<?xml version="1.0" encoding="utf-8"?>
<COLLADA xmlns="http://www.collada.org/2005/11/COLLADASchema" version="1.4.1" xmlns:xsi="http://www.w3.org/2001/XMLSchema-instance">
  <asset>
    <contributor>
      <author>Blender User</author>
      <authoring_tool>Blender 3.0.1 commit date:2022-01-25, commit time:17:19, hash:dc2d18018171</authoring_tool>
    </contributor>
    <created>2025-07-24T07:42:00</created>
    <modified>2025-07-24T07:42:00</modified>
    <unit name="meter" meter="1"/>
    <up_axis>Z_UP</up_axis>
  </asset>
  <library_effects>
    <effect id="trenteres_Ma-effect">
      <profile_COMMON>
        <technique sid="common">
          <lambert>
            <emission>
              <color sid="emission">0 0 0 1</color>
            </emission>
            <diffuse>
              <color sid="diffuse">0.8 0.8 0.8 1</color>
            </diffuse>
            <reflectivity>
              <float sid="specular">0.5</float>
            </reflectivity>
          </lambert>
        </technique>
      </profile_COMMON>
    </effect>
  </library_effects>
  <library_images/>
  <library_materials>
    <material id="trenteres_Ma-material" name="trenteres_Ma">
      <instance_effect url="#trenteres_Ma-effect"/>
    </material>
  </library_materials>
  <library_geometries>
    <geometry id="penteres_Mesh-mesh" name="penteres_Mesh">
      <mesh>
        <source id="penteres_Mesh-mesh-positions">
          <float_array id="penteres_Mesh-mesh-positions-array" count="4626">-1.213596 -155.8944 8.327225 33.69238 -0.4776077 48.64471 -35.68748 -0.4775982 48.64471 33.69238 -0.4776077 48.64471 33.38901 30.87188 48.64472 -35.38409 30.87187 48.64466 47.72092 137.0394 -2.493179 38.3078 127.6115 38.7805 30.03248 116.6445 79.03745 38.31604 130.9932 39.96701 38.31992 132.5742 40.52176 47.75138 149.5223 1.88652 38.3043 126.1735 38.27597 30.02658 114.6354 78.33249 -30.86188 116.6445 79.03745 -39.13722 127.6115 38.7805 -39.13372 126.1735 38.27597 -48.58083 149.5223 1.886513 -30.85604 114.6354 78.33246 -39.14549 130.9932 39.967 -48.55035 137.0394 -2.493168 -39.14939 132.5742 40.52176 34.1023 -90.40705 46.16418 34.91361 -90.40705 46.16418 -36.11936 -90.40705 46.1403 -36.93064 -90.40704 46.14029 -36.93061 115.2914 60.18027 34.96824 124.4011 46.15543 26.33933 -135.2745 39.39315 -28.83456 -135.1531 39.39315 -34.23225 124.4011 46.15002 -1.765008 214.2334 52.35164 31.36805 116.9753 8.01215 26.90878 -148.3885 8.012223 -29.54364 -148.3885 8.012223 -29.75068 116.9754 8.012162 18.07019 115.5567 -2.171284 34.95234 -92.4843 11.17918 -37.02663 -92.46466 11.17916 -23.27792 115.5567 -2.171291 -0.995964 114.5441 -8.59932 26.90878 -148.3885 8.012223 -29.54364 -148.3885 8.012223 30.45795 116.9305 47.71735 34.63638 116.9898 22.91106 34.95639 116.8193 46.14413 -37.01864 116.8143 46.15001 -1.611503 211.2775 8.620987 34.32495 -93.00511 46.10519 -37.02658 -92.46465 8.012169 17.62622 -69.93724 -2.171305 -22.83944 -68.21524 -2.171299 -0.9957632 -93.49684 -8.577305 -36.39902 -92.88091 46.10519 26.84058 135.3368 17.53238 -1.048832 226.6708 21.74533 -29.22155 132.2394 10.08219 -37.02658 -92.46465 11.17918 34.95234 -92.4843 11.17918 27.04344 132.2393 10.08219 -18.10965 -87.87923 46.10519 -18.51503 56.14358 46.10526 16.10769 56.59713 46.10525 15.69547 -88.0661 46.10519 -18.10965 -87.87923 37.55434 -18.515 56.14358 37.55434 16.1077 56.59713 37.55433 15.69547 -88.0661 37.55433 34.32495 -93.00514 45.706 26.3393 -135.3327 42.89538 -1.11963 -165.0013 41.87636 -28.97425 -135.33 42.89544 -36.3989 -92.88092 45.70601 -30.93232 -87.94472 47.835 28.8599 -87.94734 47.835 26.33927 -135.3272 53.3941 34.32494 -93.00511 47.82695 28.85993 -87.94802 47.82695 -30.93228 -87.9472 47.82694 -36.3989 -92.88091 47.82694 -28.97425 -135.3271 53.39411 -1.408378 -172.454 91.75821 15.73032 -66.07592 37.55433 -18.02048 -65.89891 37.55433 -18.02048 -65.89892 46.10509 -30.50388 -87.94653 46.63383 29.28833 -87.94707 46.63383 15.73032 -66.07592 46.10509 24.51575 -135.3251 46.06236 32.49348 -93.63883 46.06242 28.05045 -89.62348 46.06242 -30.22388 -89.48793 46.06242 -34.56739 -93.55086 46.06243 -27.15058 -135.325 46.06236 -1.021477 -149.6664 46.06235 16.09186 48.98664 46.10519 -18.43441 48.74655 46.1052 -18.43442 48.74654 37.55433 16.09186 48.98662 37.55433 46.81869 116.9461 12.98231 46.7983 116.9895 33.20343 46.75617 116.819 44.12639 46.69544 -93.03438 44.1397 46.75578 -92.48777 12.98238 -48.73081 116.9896 33.10359 -48.73796 116.946 13.16243 -48.71514 -92.46808 13.16242 -48.69297 -92.91022 44.0941 -48.7148 116.814 44.12631 26.93286 133.3412 46.15005 -29.10441 133.3412 46.14998 2.777318 -163.2338 8.093483 -0.943531 -174.6991 7.803314 26.47696 -135.1719 18.80555 -0.9031302 -162.7838 19.83741 33.54633 -60.49376 11.04611 17.99302 55.41077 -2.171293 11.85778 113.7878 -4.987305 -13.80204 113.7624 -5.027733 -23.1991 54.91836 -2.171295 -35.69327 -61.36201 11.05312 -0.9271394 -162.3848 39.65637 -28.79291 -135.4573 18.77285 -6.306564 -151.7474 60.20082 -4.758175 -153.4401 41.76495 4.216981 -151.7247 60.20082 3.044975 -153.5129 41.76496 3.225225 -155.2201 18.8027 -5.042608 -155.2534 18.79969 3.074494 -154.8918 39.39323 -4.732975 -154.769 39.39323 -4.244744 -163.2466 8.035599 -1.11963 -165.0013 41.87636 3.607792 -155.9889 63.16904 -5.743213 -155.988 63.16836 -1.114408 -167.6279 49.69071 3.418569 -160.556 66.30019 -5.584988 -160.556 66.29989 -1.111366 -169.6644 56.10017 3.56531 -163.8788 71.2722 -5.740675 -163.8789 71.27203 -1.11135 -171.4795 61.1726 2.925168 -165.0268 75.53694 -5.004668 -165.0268 75.5369 -1.112196 -172.4761 65.2489 2.568569 -165.9289 79.67729 -4.39443 -165.929 79.67723 -1.113735 -174.9926 77.40673 2.220824 -166.3322 83.75815 -4.056183 -166.3322 83.75815 -1.116945 -174.7426 82.19911 1.157684 -167.0627 92.49389 -3.38324 -167.0627 92.49383 -1.131253 -174.5725 85.94033 -1.124358 -163.7178 100.3037 -1.124389 -163.7178 100.3037 -1.256291 -173.6106 90.0504 -1.171066 -173.2892 90.13751 -1.340546 -166.4545 103.6309 -1.255615 -165.7146 103.6674 27.54545 -103.023 10.0906 -29.60602 -103.0175 10.08891 12.76599 -155.9009 8.3461 -15.02136 -155.9155 8.345734 -1.110823 -112.7262 -5.985012 5.800064 -141.5891 2.063042 -8.220006 -141.589 2.06303 -1.210039 -141.5891 2.063042 -1.613646 229.8752 57.81352 -1.548442 240.1351 78.11178 -5.942781 221.2369 73.66875 2.869505 221.2876 73.66841 -1.522416 242.0101 94.52572 -3.852417 229.9351 90.97689 0.8124988 229.9623 90.97527 -1.516629 227.8295 118.9929 -2.253959 219.1623 115.7625 -0.7717132 219.1708 115.7603 34.9136 115.2914 46.16419 34.95233 -92.4843 8.012158 -33.569 -93.04441 12.08854 31.80128 -93.04441 12.08856 -0.8678655 -149.0387 8.93985 -16.51798 -148.9438 7.350082 -8.661589 -148.7903 -7.167397 6.925639 -148.7902 -7.167397 14.78206 -148.9438 7.35009 -0.8680795 -167.5802 8.064194 -5.954785 -167.4853 1.388611 -6.058651 -167.3318 -6.871841 4.322737 -167.3318 -6.871849 4.218965 -167.4853 1.388634 -0.8667458 -218.2598 7.478523 -0.8675371 -218.1649 2.467003 -0.8676409 -218.0114 -5.793465 34.91361 -90.40705 60.21202 34.1023 -90.40705 46.16418 34.91361 -90.40705 46.16418 -36.93064 -90.40704 46.14029 -36.11936 -90.40705 46.1403 -36.93064 -90.40704 60.21201 -36.11936 115.2914 46.1403 34.9136 115.2914 46.16419 34.1023 115.2914 46.16419 -36.11936 115.2914 46.1403 -36.93064 115.2914 46.14028 26.74125 189.6911 46.15965 24.07728 189.6904 13.11279 -29.74188 189.7035 61.74354 -30.2413 189.2397 61.60727 -17.55656 190.896 12.96433 -0.1393125 -177.0855 108.7986 49.47788 -175.2126 109.1233 49.49018 -176.2727 111.5984 -0.1270446 -178.1457 111.2737 -0.1270446 -178.1457 111.2737 49.49018 -176.2727 111.5984 49.48713 -174.1208 111.5846 -0.1300965 -175.9937 111.26 -49.74427 -176.4291 112.0901 -49.75657 -175.3688 109.6149 -49.74729 -174.2769 112.0763 -49.74427 -176.4291 112.0901 26.9345 133.3411 61.70037 15.05817 214.348 71.03849 -0.9957632 -93.49684 -8.577305 24.68992 189.6852 61.74021 18.15617 214.0507 52.31877 33.12247 -181.9289 110.168 23.44318 -179.7556 51.37237 -46.67139 -181.9289 110.168 -36.99209 -179.7556 51.37238 33.12247 -181.9289 110.168 23.44318 -179.7556 51.37237 -46.67137 -181.9289 110.168 -36.99207 -179.7556 51.3724 18.15609 214.0507 52.31872 -15.95947 214.8737 71.03165 -18.58977 213.9851 52.24052 15.05817 214.348 71.03849 -36.93066 115.2914 60.21202 -36.11936 115.2914 60.21202 34.96824 124.4011 46.15543 34.96824 124.4011 46.15543 -34.23225 124.4011 46.15002 -1.765795 214.2334 52.35161 31.36805 116.9753 8.01215 31.36805 116.9753 8.01215 -29.75068 116.9754 8.012162 18.07019 115.5567 -2.171284 18.07019 115.5567 -2.171284 18.07019 115.5567 -2.171284 -23.27792 115.5567 -2.171291 -23.27792 115.5567 -2.171291 -23.27792 115.5567 -2.171291 -0.995964 114.5441 -8.59932 -0.995964 114.5441 -8.59932 -0.995964 114.5441 -8.59932 30.45795 116.9305 47.71735 30.45795 116.9305 47.71735 30.45795 116.9305 47.71735 34.63638 116.9898 22.91106 34.63638 116.9898 22.91106 34.63638 116.9898 22.91106 34.63638 116.9898 22.91106 34.95639 116.8193 46.14413 34.95639 116.8193 46.14413 34.95639 116.8193 46.14413 34.95639 116.8193 46.14413 34.95639 116.8193 46.14413 -37.01864 116.8143 46.15001 -37.01864 116.8143 46.15001 -37.01864 116.8143 46.15001 -37.01864 116.8143 46.15001 -36.76361 116.9898 22.56588 -36.76361 116.9898 22.56588 -36.76361 116.9898 22.56588 -36.76361 116.9898 22.56588 -1.611503 211.2775 8.620987 -1.611503 211.2775 8.620987 -1.611503 211.2775 8.620987 -1.611503 211.2775 8.620987 -1.611503 211.2775 8.620987 -1.611503 211.2775 8.620987 -1.611503 211.2775 8.620987 26.84058 135.3368 17.53238 26.84058 135.3368 17.53238 -1.048832 226.6708 21.74533 -1.048832 226.6708 21.74533 -1.048832 226.6708 21.74533 -29.22155 132.2394 10.08219 -29.22155 132.2394 10.08219 27.04344 132.2393 10.08219 27.04344 132.2393 10.08219 -18.51503 56.14358 46.10526 -18.51503 56.14358 46.10526 -18.51503 56.14358 46.10526 16.10769 56.59713 46.10525 16.10769 56.59713 46.10525 16.10769 56.59713 46.10525 -18.515 56.14358 37.55434 16.1077 56.59713 37.55433 16.09186 48.98664 46.10519 -18.43441 48.74655 46.1052 46.81869 116.9461 12.98231 46.7983 116.9895 33.20343 46.7983 116.9895 33.20343 46.75617 116.819 44.12639 46.75617 116.819 44.12639 -48.73081 116.9896 33.10359 -48.73081 116.9896 33.10359 -48.73796 116.946 13.16243 -48.7148 116.814 44.12631 -48.7148 116.814 44.12631 34.97077 123.1943 46.16067 -32.44576 133.3411 61.69749 -32.44576 133.3411 61.69749 -35.46156 115.4542 47.11459 35.28345 115.4539 47.11228 26.93286 133.3412 46.15005 26.93286 133.3412 46.15005 -29.10441 133.3412 46.14998 -29.10441 133.3412 46.14998 -36.41574 115.4544 47.11485 -36.41574 115.4544 47.11485 -36.41574 115.4544 47.11485 35.28345 115.4539 47.11228 35.28345 115.4539 47.11228 26.93286 133.3412 46.15005 26.93286 133.3412 46.15005 -29.10441 133.3412 46.14998 -36.41574 115.4544 47.11485 -36.41574 115.4544 47.11485 35.28345 115.4539 47.11228 35.28345 115.4539 47.11228 17.99302 55.41077 -2.171293 17.99302 55.41077 -2.171293 17.99302 55.41077 -2.171293 11.85778 113.7878 -4.987305 11.85778 113.7878 -4.987305 -13.80204 113.7624 -5.027733 -13.80204 113.7624 -5.027733 -23.1991 54.91836 -2.171295 -23.1991 54.91836 -2.171295 -23.1991 54.91836 -2.171295 -15.95938 214.8737 71.03166 -15.95938 214.8737 71.03166 -1.613646 229.8752 57.81352 -1.613646 229.8752 57.81352 -1.613646 229.8752 57.81352 -1.613646 229.8752 57.81352 -1.613646 229.8752 57.81352 15.05817 214.348 71.03849 15.05817 214.348 71.03849 -1.548442 240.1351 78.11178 -1.548442 240.1351 78.11178 -1.548442 240.1351 78.11178 -1.522416 242.0101 94.52572 -1.522416 242.0101 94.52572 -1.522416 242.0101 94.52572 -1.516629 227.8295 118.9929 -1.516629 227.8295 118.9929 -1.516629 227.8295 118.9929 34.10231 115.2914 60.21204 34.91357 115.2914 60.21204 24.07728 189.6904 13.11279 24.07728 189.6904 13.11279 24.68992 189.6852 61.74021 -28.4255 189.5902 45.63399 -28.4255 189.5902 45.63399 -28.4255 189.5902 45.63399 -28.4255 189.5902 45.63399 -28.4255 189.5902 45.63399 -28.4255 189.5902 45.63399 -17.55656 190.896 12.96433 26.74128 189.6911 46.15964 26.74128 189.6911 46.15964 26.74128 189.6911 46.15964 26.74128 189.6911 46.15964 26.74128 189.6911 46.15964 26.74128 189.6911 46.15964 26.74128 189.6911 46.15964 18.15609 214.0507 52.31872 18.15609 214.0507 52.31872 18.15609 214.0507 52.31872 18.15609 214.0507 52.31872 18.15609 214.0507 52.31872 18.15609 214.0507 52.31872 -30.2413 189.2397 61.60727 -18.58977 213.9851 52.24052 -18.58977 213.9851 52.24052 -18.58977 213.9851 52.24052 -18.58977 213.9851 52.24052 -18.58977 213.9851 52.24052 -18.58977 213.9851 52.24052 -18.58977 213.9851 52.24052 -1.213595 -155.8943 8.327225 -1.408378 -172.454 91.75821 -1.131251 -174.5724 85.94033 -1.193849 -169.5926 94.59178 -1.256276 -173.6105 90.05041 -1.17109 -173.2892 90.13751 -1.131251 -174.5724 85.94033 -1.131251 -174.5724 85.94033 -1.256276 -173.6105 90.05041 -1.17109 -173.2892 90.13751 17.90172 190.3764 63.34026 -20.08407 190.3763 63.34025 -11.0854 190.3763 80.16727 19.3933 153.5648 63.20541 -21.60146 153.5648 63.20539 9.953042 155.0543 80.2327 -12.10617 155.0543 80.23266 8.932122 190.3763 80.16729 -19.57526 189.1889 45.06694 -20.46381 152.3773 43.4319 18.02857 152.3773 43.43193 17.59872 189.1888 45.06695 -20.95911 150.5834 54.72253 18.76189 150.5834 54.72253 17.90172 190.3763 63.34025 -20.08407 190.3763 63.34025 8.749779 151.9178 67.98548 -11.0854 190.3763 80.16727 19.3933 153.5648 63.20539 -21.60146 153.5648 63.20539 9.953042 155.0543 80.2327 -1.076218 152.2293 73.47484 -1.077712 190.3763 82.72849 -12.10617 155.0543 80.23266 -10.90297 151.9178 67.98548 8.932122 190.3763 80.16729 -1.076712 155.3091 82.3227 -19.57526 189.1889 45.06694 -20.46381 152.3773 43.4319 18.02857 152.3773 43.43191 17.59872 189.1888 45.06695 -7.332556 192.4444 73.02761 -12.1403 192.4444 62.50975 9.987113 192.4444 62.50976 5.179017 192.4444 73.02761 -1.076573 192.4444 74.62851 -1.193849 -169.5926 94.59178 -1.193849 -169.5926 94.59178 33.38901 30.87188 48.64472 33.38901 30.87188 48.64472 -35.38409 30.87187 48.64466 -35.38409 30.87187 48.64466 38.3078 127.6115 38.7805 30.03246 116.6445 79.03746 47.72092 137.0394 -2.493179 38.3078 127.6115 38.7805 38.31992 132.5742 40.52176 47.72092 137.0394 -2.493179 47.72092 137.0394 -2.493179 38.31992 132.5742 40.52176 38.3078 127.6115 38.7805 47.72092 137.0394 -2.493179 30.03246 116.6445 79.03746 38.3078 127.6115 38.7805 -30.86188 116.6445 79.03745 -39.13723 127.6115 38.78052 -39.13723 127.6115 38.78052 -30.86188 116.6445 79.03745 -48.55035 137.0394 -2.493168 -39.14939 132.5742 40.52176 -39.14939 132.5742 40.52176 -48.55035 137.0394 -2.493168 -39.13722 127.6115 38.7805 -39.14549 130.9932 39.967 -39.13722 127.6115 38.7805 -48.55035 137.0394 -2.493168 -35.68748 -0.4775982 48.64471 38.31604 130.9932 39.96701 47.75138 149.5223 1.88652 38.3043 126.1735 38.27597 30.02658 114.6354 78.33249 -39.13372 126.1735 38.27597 -48.58083 149.5223 1.886513 -30.85598 114.6354 78.33251 -39.14549 130.9932 39.96701 -48.55035 137.0394 -2.493168 -1.765008 214.2334 52.35164 17.62622 -69.93724 -2.171305 -22.83944 -68.21524 -2.171299 -18.10965 -87.87923 46.10519 15.69547 -88.0661 46.10519 -18.10965 -87.87923 37.55434 15.69547 -88.0661 37.55433 35.29135 115.4539 47.11114 33.54633 -60.49376 11.04611 -35.69327 -61.36201 11.05312 34.9136 115.2914 46.16419 34.10231 115.2914 60.21204 -36.93067 115.2914 46.10851 -36.11936 115.2914 60.21202 26.74125 189.6911 46.15965 -30.2413 189.2397 61.60727 18.15617 214.0507 52.31877 -15.95947 214.8737 71.03165 -18.58977 213.9851 52.24052 15.05817 214.348 71.03849 38.31604 130.9932 39.96701 -39.14549 130.9932 39.967 26.93286 133.3412 46.15005 -36.93064 115.2914 46.14028 15.05817 214.348 71.03849 38.31604 130.9932 39.96701 35.29135 115.4539 47.11114 34.1023 115.2914 46.16419 -36.93064 115.2914 46.14028 -0.2015487 -181.0104 125.4077 0.9787914 -182.1788 124.2789 2.60456 -136.6343 41.92113 -0.4794133 -133.5814 44.87052 -2.111388 -182.1812 124.2975 -0.2015487 -181.0104 125.4077 -0.4794133 -133.5814 44.87052 -5.469358 -136.6792 41.93275 -0.2015403 -183.3552 123.1583 -0.4795039 -139.708 38.99348 0.9787946 -182.1788 124.2789 -0.2015487 -181.0104 125.4077 -2.11139 -182.1812 124.2975 -0.2015403 -183.3552 123.1583 33.88469 133.3412 46.156 -33.46627 133.3411 46.08194 -48.87098 -92.68605 64.83098 -48.87097 -54.92267 64.83101 -48.87097 -54.81934 44.18626 -48.87098 -92.70878 44.18624 -48.46118 -92.68605 64.83098 -48.46119 -92.70877 44.18626 -48.46118 -54.81935 44.18625 -48.46119 -54.92268 64.831 -30.47931 -92.40756 64.90547 -48.31363 -92.40757 64.90547 -48.37067 -92.40761 44.26071 -30.46677 -92.40757 44.26073 -30.47931 -91.66525 64.90547 -30.46677 -91.66526 44.26073 -48.37067 -91.66529 44.26072 -48.31363 -91.66525 64.90547 45.58875 -92.68606 64.83098 45.58875 -54.92268 64.831 45.58875 -54.81935 44.18625 45.58875 -92.70878 44.18625 45.17895 -92.68605 64.83098 45.17895 -92.70877 44.18625 45.17895 -54.81935 44.18625 45.17895 -54.92268 64.831 27.19709 -92.40757 64.90547 45.0314 -92.40757 64.90548 45.08845 -92.4076 44.26073 27.18454 -92.40757 44.26073 27.19709 -91.66526 64.90547 27.18454 -91.66525 44.26073 45.08845 -91.66528 44.26073 45.0314 -91.66525 64.90548 -36.93064 -56.16886 60.18026 -36.93064 -56.16886 46.10855 -37.22422 -56.16886 60.18026 -37.22423 115.2914 60.18027 -37.22422 115.2914 46.10852 -37.22422 -56.16886 46.10855 36.93064 -56.16886 60.18026 36.93065 115.2914 60.18027 36.93063 115.2914 46.10852 36.93063 -56.16887 46.10854 37.22421 -56.16886 60.18026 37.22421 -56.16887 46.10854 37.22423 115.2914 46.10851 37.22421 115.2914 60.18027 6.879821 191.7982 108.1708 -0.4448544 191.1246 137.0309 -0.5006632 239.0036 119.9809 -7.851018 191.4863 108.1775 -48.85221 133.7173 47.33829 46.63016 133.7173 47.33827 -48.87096 133.7521 47.62889 -48.871 133.6487 63.73642 -48.46116 133.7521 47.6289 -48.46118 133.6487 63.73644 48.87097 133.6487 63.73644 48.87098 133.7521 47.6289 48.46117 133.7521 47.6289 48.46119 133.6487 63.73645 -30.47935 133.6022 63.81091 -30.46675 133.6022 47.70339 -48.37067 133.6022 47.70338 -48.31359 133.6022 63.81093 -30.47932 133.3185 63.8109 -48.31362 133.3185 63.81094 -48.37067 133.3185 47.70338 -30.46679 133.3185 47.70337 26.86785 133.6022 63.81092 26.85529 133.6022 47.70338 48.37067 133.6022 47.70336 48.31361 133.6022 63.81093 26.86782 133.3185 63.81091 48.31362 133.3185 63.81093 48.37067 133.3185 47.70337 26.85527 133.3185 47.70337 -48.85219 115.1657 46.15402 46.63014 115.1657 46.15402 -48.85223 133.3411 46.15399 46.63016 133.3412 46.15401 -48.85222 115.1657 48.91133 46.63016 115.1657 48.91132 46.63016 133.3412 48.91133 -48.8522 133.3411 48.91134 -0.9957632 -93.49684 -8.577305 -1.110823 -112.7262 -5.985012 -36.39902 -92.88091 46.10519 34.32495 -93.00511 46.10519 32.49348 -93.63883 46.06242 -34.56739 -93.55086 46.06243 -36.3989 -92.88092 45.70601 -36.39902 -92.88091 46.10519 -18.10965 -87.87923 46.10519 34.32495 -93.00511 46.10519 34.32495 -93.00514 45.706 15.69547 -88.0661 46.10519 34.32494 -93.00511 47.82695 -18.02048 -65.89892 46.10509 15.73032 -66.07592 46.10509 -36.3989 -92.88091 47.82694 -28.97425 -135.33 42.89544 -28.97425 -135.3271 53.39411 26.3393 -135.3327 42.89538 26.33927 -135.3272 53.3941 29.28833 -87.94707 46.63383 28.85993 -87.94802 47.82695 -30.50388 -87.94653 46.63383 32.49348 -93.63883 46.06242 34.32494 -93.00511 47.82695 26.33927 -135.3272 53.3941 24.51575 -135.3251 46.06236 28.05045 -89.62348 46.06242 -30.93228 -87.9472 47.82694 28.85993 -87.94802 47.82695 -34.56739 -93.55086 46.06243 -36.3989 -92.88091 47.82694 -30.93228 -87.9472 47.82694 -30.22388 -89.48793 46.06242 -27.15058 -135.325 46.06236 -28.97425 -135.3271 53.39411 -1.021477 -149.6664 46.06235 -6.306564 -151.7474 60.20082 3.044975 -153.5129 41.76496 26.3393 -135.3327 42.89538 26.33933 -135.2745 39.39315 -28.83456 -135.1531 39.39315 46.69544 -93.03438 44.1397 34.32495 -93.00511 46.10519 46.75578 -92.48777 12.98238 34.95233 -92.4843 8.012158 34.32495 -93.00511 46.10519 46.69544 -93.03438 44.1397 -48.69297 -92.91022 44.0941 -36.39902 -92.88091 46.10519 -37.02658 -92.46465 8.012169 -48.71514 -92.46808 13.16242 -36.39902 -92.88091 46.10519 -48.69297 -92.91022 44.0941 24.68992 189.6852 61.74021 26.9345 133.3411 61.70037 26.90878 -148.3885 8.012223 26.47696 -135.1719 18.80555 -29.54364 -148.3885 8.012223 -28.79291 -135.4573 18.77285 -4.758175 -153.4401 41.76495 -6.306564 -151.7474 60.20082 4.216981 -151.7247 60.20082 3.044975 -153.5129 41.76496 -1.11963 -165.0013 41.87636 -1.11963 -165.0013 41.87636 -5.743213 -155.988 63.16836 -6.306564 -151.7474 60.20082 4.216981 -151.7247 60.20082 3.607792 -155.9889 63.16904 3.074494 -154.8918 39.39323 -0.9271394 -162.3848 39.65637 -4.732975 -154.769 39.39323 3.225225 -155.2201 18.8027 2.777318 -163.2338 8.093483 -0.943531 -174.6991 7.803314 -4.244744 -163.2466 8.035599 -5.042608 -155.2534 18.79969 -0.9031302 -162.7838 19.83741 -1.114408 -167.6279 49.69071 3.418569 -160.556 66.30019 -5.584988 -160.556 66.29989 -1.111366 -169.6644 56.10017 3.56531 -163.8788 71.2722 -5.740675 -163.8789 71.27203 -1.11135 -171.4795 61.1726 2.925168 -165.0268 75.53694 -5.004668 -165.0268 75.5369 -1.112196 -172.4761 65.2489 2.568569 -165.9289 79.67729 -4.39443 -165.929 79.67723 -1.113735 -174.9926 77.40673 2.220824 -166.3322 83.75815 -4.056183 -166.3322 83.75815 -1.116945 -174.7426 82.19911 1.157684 -167.0627 92.49389 -3.38324 -167.0627 92.49383 -1.131253 -174.5725 85.94033 1.157684 -167.0627 92.49389 -1.124358 -163.7178 100.3037 -1.124389 -163.7178 100.3037 -3.38324 -167.0627 92.49383 -1.256291 -173.6106 90.0504 -1.255615 -165.7146 103.6674 -1.124389 -163.7178 100.3037 -1.408378 -172.454 91.75821 -1.210039 -141.5891 2.063042 -5.942781 221.2369 73.66875 -5.942781 221.2369 73.66875 2.869505 221.2876 73.66841 2.869505 221.2876 73.66841 -5.942781 221.2369 73.66875 -3.852417 229.9351 90.97689 0.8124988 229.9623 90.97527 -0.9957632 -93.49684 -8.577305 -8.661589 -148.7903 -7.167397 -0.8675371 -218.1649 2.467003 -6.058651 -167.3318 -6.871841 -0.8680795 -167.5802 8.064194 -0.8678655 -149.0387 8.93985 -0.8680795 -167.5802 8.064194 -0.8667458 -218.2598 7.478523 -0.8675371 -218.1649 2.467003 -5.954785 -167.4853 1.388611 -0.8676409 -218.0114 -5.793465 -6.058651 -167.3318 -6.871841 4.322737 -167.3318 -6.871849 -6.058651 -167.3318 -6.871841 4.218965 -167.4853 1.388634 -0.8680795 -167.5802 8.064194 18.15617 214.0507 52.31877 26.74125 189.6911 46.15965 -28.4255 189.5902 45.63399 -30.2413 189.2397 61.60727 -28.4255 189.5902 45.63399 -29.74188 189.7035 61.74354 -15.95947 214.8737 71.03165 -18.58977 213.9851 52.24052 -18.58977 213.9851 52.24052 4.216981 -151.7247 60.20082 -1.021477 -149.6664 46.06235 4.216981 -151.7247 60.20082 -1.256276 -173.6105 90.05041 -1.408378 -172.454 91.75821 -1.193849 -169.5926 94.59178 19.3933 153.5648 63.20539 9.953042 155.0543 80.2327 -21.60146 153.5648 63.20539 -12.10617 155.0543 80.23266 8.932122 190.3763 80.16729 -11.0854 190.3763 80.16727 -11.0854 190.3763 80.16727 -20.08407 190.3763 63.34025 17.90172 190.3763 63.34025 8.932122 190.3763 80.16729 -1.077712 190.3763 82.72849 -0.5006632 239.0036 119.9809 -0.4448544 191.1246 137.0309 46.63016 115.1657 48.91132 -48.85222 115.1657 48.91133 46.63016 133.3412 48.91133 -48.8522 133.3411 48.91134 76.14136 10.22556 168.2721 76.15552 12.35771 170.677 76.16019 9.914544 171.4706 0.2478336 7.977884 168.5799 76.14136 10.22556 168.2721 76.16019 9.914544 171.4706 0.2666315 7.666879 171.7785 76.16019 9.914544 171.4706 76.15552 12.35771 170.677 0.2619631 10.10958 170.9849 -75.63159 12.35729 171.2927 -75.64575 10.22562 168.8878 -75.62696 9.914525 172.0864 -0.4924625 9.237115 167.1807 -1.962371 14.3315 167.1807 1.243347 14.33147 167.1807 -0.2265627 9.237145 167.1807 0.2620849 14.47433 192.0159 2.297759 11.67242 192.0064 2.604583 14.08871 37.36335 -0.4794006 18.3335 37.37792 -5.469358 14.06437 37.40279 0.2620851 8.870477 192.0166 -0.4793695 9.843912 37.3789 72.27782 9.33358 168.0028 -74.06754 9.333612 168.0028 15.49563 5.651926 170.6974 -17.28531 5.651926 170.6974 72.27776 9.333584 168.0028 -3.031738 11.69167 192.0323 16.2861 -4.697899 172.7453 16.2861 27.8743 172.7453 16.2861 -4.697899 172.7453 -16.2861 27.87431 172.7452 -16.28611 -4.697903 172.7452 0.2478336 7.977884 168.5799 0.2478336 7.977884 168.5799 0.2478336 7.977884 168.5799 0.2478336 7.977884 168.5799 0.2478336 7.977884 168.5799 0.2666315 7.666879 171.7785 0.2666315 7.666879 171.7785 0.2666315 7.666879 171.7785 0.2666315 7.666879 171.7785 0.2619637 10.10959 170.9849 0.2619631 10.10958 170.9849 0.2619631 10.10958 170.9849 0.2619637 10.10959 170.9849 0.2619631 10.10958 170.9849 -75.62696 9.914525 172.0864 -75.64575 10.22562 168.8878 -75.64575 10.22562 168.8878 -75.63159 12.35729 171.2927 -75.63159 12.35729 171.2927 0.2620849 14.47433 192.0159 2.297759 11.67242 192.0064 2.297759 11.67242 192.0064 2.604583 14.08871 37.36335 2.604583 14.08871 37.36335 -0.4794006 18.3335 37.37792 -5.469358 14.06437 37.40279 -5.469358 14.06437 37.40279 0.2620851 8.870477 192.0166 0.2620845 8.870485 192.0166 -0.4793686 9.843918 37.3789 -0.4793695 9.843912 37.3789 -3.031738 11.69169 192.0323 -3.031738 11.69169 192.0323 -17.28531 5.651926 170.6974 -74.06751 9.333613 168.0028 15.49563 5.651925 170.6975 15.49563 5.651925 170.6975 15.49563 5.651925 170.6975 -17.28534 5.651934 170.6974 -74.06754 9.333612 168.0028 15.4956 5.651928 170.6974 15.4956 5.651928 170.6974 15.4956 5.651928 170.6974 -0.4924625 9.237115 167.1807 -0.4924625 9.237115 167.1807 -0.2265627 9.237145 167.1807 -0.2265627 9.237145 167.1807 76.14136 10.22556 168.2721 76.16019 9.914544 171.4706 0.2666315 7.666879 171.7785 76.15552 12.35771 170.677 -75.63159 12.35729 171.2927 -75.64575 10.22562 168.8878 -75.62696 9.914525 172.0864 -1.962371 14.3315 167.1807 1.243347 14.33147 167.1807 -0.4794006 18.3335 37.37792 0.2620851 8.870477 192.0166 -74.06754 9.333612 168.0028 15.49563 5.651926 170.6974 -17.28531 5.651926 170.6974 76.14136 10.22556 168.2721 76.15552 12.35771 170.677 -75.62696 9.914525 172.0864 -17.28531 5.651926 170.6974 -17.28531 5.651926 170.6974 0.2620849 14.47433 192.0159 2.297759 11.67242 192.0064 -3.031738 11.69167 192.0323 0.2620849 14.47433 192.0159 -54.88171 -20.69477 73.91452 -20.61071 -26.22636 79.13728 -20.28988 -21.32195 109.7294 -19.11478 -13.18733 137.801 -20.61068 -26.22635 79.13726 -20.28989 -21.32197 109.7294 -19.11478 -13.18733 137.801 -20.61075 -26.22636 79.13723 -54.88174 -20.69477 73.91448 -74.07984 -8.841736 62.3271 -20.28992 -21.32197 109.7294 -54.44931 -16.95481 103.9544 -74.66901 -7.807585 95.22434 -19.11481 -13.18732 137.801 -49.71432 -8.749698 136.1705 -75.05643 -2.818492 133.6039 -41.4566 6.774161 170.0442 -20.61075 -26.22636 79.13723 -20.28995 -21.32198 109.7294 -19.11481 -13.18732 137.801 -54.44931 -16.95482 103.9544 -54.44931 -16.95482 103.9544 -54.44931 -16.95481 103.9544 -54.44931 -16.95481 103.9544 -74.66901 -7.807573 95.22434 -74.66901 -7.807573 95.22434 -49.71433 -8.749711 136.1705 -49.71432 -8.749704 136.1705 -49.71432 -8.749704 136.1705 -49.71432 -8.749704 136.1705 -49.71433 -8.749711 136.1705 -49.71432 -8.749704 136.1705 -75.05643 -2.818501 133.6039 -75.05643 -2.818505 133.6039 -41.45657 6.774157 170.0442 -54.44931 -16.95481 103.9544 -54.44931 -16.95481 103.9544 -54.44931 -16.9548 103.9544 -54.44931 -16.95481 103.9544 -74.66904 -7.807581 95.22434 -74.66904 -7.807581 95.22434 -49.71433 -8.749703 136.1705 -49.71432 -8.749686 136.1705 -49.71433 -8.749703 136.1705 -49.71432 -8.749693 136.1705 -49.71432 -8.749686 136.1705 -49.71433 -8.749703 136.1705 -75.05646 -2.818502 133.6039 -75.05646 -2.818502 133.6039 -41.4566 6.774157 170.0442 -54.88171 -20.69477 73.91452 -20.28988 -21.32195 109.7294 -19.11478 -13.18731 137.801 -19.11478 -13.18733 137.801 -54.88174 -20.69477 73.91448 -74.07984 -8.841736 62.3271 -20.28992 -21.32197 109.7294 -54.44931 -16.95481 103.9544 -74.66901 -7.807573 95.22434 -19.11481 -13.18732 137.801 -49.71432 -8.749698 136.1705 -75.05643 -2.818492 133.6039 -41.4566 6.774161 170.0442 -19.11481 -13.18732 137.801 -54.88171 -20.69477 73.91452 -20.28989 -21.32197 109.7294 -54.88171 -20.69477 73.91448 -20.28992 -21.32197 109.7294 18.82564 -26.22635 79.13723 53.09198 -20.69477 73.91448 72.29007 -8.841744 62.32705 18.50486 -21.32196 109.7294 52.65958 -16.95482 103.9544 72.87928 -7.807603 95.22434 17.32899 -13.18731 137.801 47.9246 -8.749699 136.1705 73.2667 -2.81851 133.6039 39.66685 6.774165 170.0442 18.82558 -26.22634 79.13719 53.09195 -20.69477 73.91444 72.29001 -8.841732 62.32706 18.50483 -21.32196 109.7294 52.65951 -16.95481 103.9544 72.87921 -7.807608 95.22433 17.32893 -13.1873 137.801 47.92454 -8.749691 136.1705 73.26663 -2.818502 133.6038 39.66682 6.774169 170.0442 -130.4977 -17.63995 14.86175 -131.9503 -24.67962 18.88993 -111.4363 -27.73773 18.17438 -111.1989 -26.58538 17.19709 -46.57193 -39.25646 16.85874 -46.35589 -38.20946 16.25967 -110.7318 -24.32171 15.90177 -110.461 -23.0111 15.46979 -110.6763 -24.05633 16.38575 -46.30032 -37.94396 16.74363 -46.51636 -38.99102 17.34272 -111.1433 -26.31988 17.68102 -111.1989 8.747139 17.19705 -46.57196 -3.924004 16.85874 -46.35593 -2.876945 16.25965 -110.7319 11.01074 15.9018 -110.461 12.32141 15.46979 -110.6763 11.27618 16.38574 -46.30038 -2.611504 16.74362 -46.51639 -3.658501 17.34271 -111.1434 9.01265 17.68102 -130.4977 60.06373 14.86175 -131.9503 53.02413 18.88989 -111.4363 49.96607 18.17438 -111.1989 51.11835 17.19706 -46.57196 38.44721 16.85874 -46.35593 39.49427 16.25966 -110.7318 53.3819 15.90177 -110.461 54.69263 15.4698 -110.6763 53.64741 16.38575 -46.30035 39.75965 16.74362 -46.51639 38.71271 17.34271 -112.0235 91.68239 18.17439 -111.7862 92.83467 17.19707 -47.15918 80.16352 16.85874 -46.94314 81.21052 16.25967 -111.3191 95.09828 15.90179 -111.0483 96.40888 15.46979 -111.2635 95.36378 16.38577 -46.88757 81.47602 16.74363 -47.10361 80.42903 17.34272 -111.7306 93.10017 17.68103 -110.1342 -61.30248 18.17441 -130.1831 -55.99058 18.88993 -131.6357 -63.03026 14.86176 -111.1095 -66.02905 15.4698 -110.8394 -64.71826 15.90179 -46.22436 -77.4472 16.25966 -46.00833 -76.40025 16.85875 -110.3723 -62.45464 17.19707 -110.4264 -62.72045 17.68103 -110.8935 -64.984 16.38577 -46.06237 -76.66595 17.34271 -46.27841 -77.71301 16.74363 -130.4977 -17.63995 14.86175 -111.4363 -27.73773 18.17438 -111.4363 -27.73773 18.17438 -130.4977 -17.63995 14.86175 -111.4363 7.594803 18.17438 -130.4977 17.69257 14.86177 -131.085 101.7801 14.86176 -131.6357 -63.03026 14.86176 -110.1342 -61.30248 18.17441 -110.1342 -61.30248 18.17441 -131.6357 -63.03026 14.86176 -131.9503 -24.67962 18.88993 -111.1433 -26.31988 17.68102 -131.9503 10.6529 18.8899 -111.1433 51.38386 17.68102 -132.5375 94.74037 18.88991 -130.1831 -55.99058 18.88993 -110.4264 -62.72045 17.68103 -130.4977 17.69257 14.86177 -111.4363 7.594803 18.17438 -111.1989 8.747139 17.19705 -111.1989 8.747139 17.19705 -110.7319 11.01074 15.9018 -110.7319 11.01074 15.9018 -110.461 12.32141 15.46979 -110.461 12.32141 15.46979 -110.6763 11.27618 16.38574 -110.6763 11.27618 16.38574 -130.4977 60.06373 14.86175 -111.4363 49.96607 18.17438 -111.1989 51.11835 17.19706 -111.1989 51.11835 17.19706 -46.57196 38.44721 16.85874 -46.57196 38.44721 16.85874 -46.35593 39.49427 16.25966 -46.35593 39.49427 16.25966 -110.7318 53.3819 15.90177 -110.7318 53.3819 15.90177 -110.461 54.69263 15.4698 -110.461 54.69263 15.4698 -110.6763 53.64741 16.38575 -110.6763 53.64741 16.38575 -46.30035 39.75965 16.74362 -46.30035 39.75965 16.74362 -46.51639 38.71271 17.34271 -46.51639 38.71271 17.34271 -131.085 101.7801 14.86176 -112.0235 91.68239 18.17439 -111.7862 92.83467 17.19707 -111.7862 92.83467 17.19707 -47.15918 80.16352 16.85874 -47.15918 80.16352 16.85874 -46.94314 81.21052 16.25967 -46.94314 81.21052 16.25967 -111.3191 95.09828 15.90179 -111.3191 95.09828 15.90179 -111.0483 96.40888 15.46979 -111.0483 96.40888 15.46979 -111.2635 95.36378 16.38577 -111.2635 95.36378 16.38577 -46.88757 81.47602 16.74363 -46.88757 81.47602 16.74363 -47.10361 80.42903 17.34272 -47.10361 80.42903 17.34272 -111.1434 9.01265 17.68102 -111.1434 9.01265 17.68102 -111.1433 51.38386 17.68102 -111.1433 51.38386 17.68102 -111.7306 93.10017 17.68103 -111.7306 93.10017 17.68103 -130.4977 17.69257 14.86177 -111.4363 7.594803 18.17438 -111.4363 7.594803 18.17438 -130.4977 17.69257 14.86177 -130.4977 60.06373 14.86175 -111.4363 49.96607 18.17438 -111.4363 49.96607 18.17438 -130.4977 60.06373 14.86175 -131.085 101.7801 14.86176 -112.0235 91.68239 18.17439 -112.0235 91.68239 18.17439 -131.085 101.7801 14.86176 -111.1434 9.01265 17.68102 -131.9503 53.02413 18.88989 -111.7306 93.10017 17.68103 -131.9503 10.6529 18.8899 -111.1433 51.38386 17.68102 -132.5375 94.74037 18.88991 130.4977 -17.63993 14.86176 110.461 -23.01109 15.4698 110.7318 -24.32171 15.90179 46.35593 -38.20946 16.25967 46.57193 -39.25648 16.85874 111.1989 -26.58538 17.19707 111.4363 -27.73773 18.1744 131.9503 -24.67962 18.88991 110.6763 -24.05633 16.38576 111.1434 -26.31988 17.68104 46.51639 -38.99102 17.34272 46.30032 -37.94398 16.74363 130.4978 17.69257 14.86175 110.4611 12.3214 15.46979 110.7319 11.01075 15.90179 46.35593 -2.87693 16.25965 46.57199 -3.924004 16.85874 111.199 8.747147 17.19705 111.4364 7.594795 18.17438 131.9503 10.6529 18.88991 110.6764 11.27619 16.38575 111.1434 9.012642 17.68102 46.51639 -3.658501 17.34271 46.30038 -2.611488 16.74362 130.4978 60.06373 14.86175 110.461 54.69263 15.4698 110.7319 53.3819 15.90179 46.35593 39.49427 16.25966 46.57199 38.44721 16.85874 111.199 51.11835 17.19706 111.4364 49.96607 18.17439 131.9503 53.02412 18.88992 110.6764 53.64742 16.38575 111.1434 51.38386 17.68103 46.51639 38.71271 17.34271 46.30038 39.75965 16.74362 111.0483 96.40888 15.46979 111.3191 95.09828 15.90179 46.94314 81.21052 16.25967 47.15921 80.16352 16.85874 111.7862 92.83466 17.19708 111.2636 95.36378 16.38577 111.7306 93.10017 17.68103 47.10361 80.42903 17.34272 46.8876 81.47602 16.74363 110.1343 -61.30248 18.1744 110.3723 -62.45466 17.19707 46.00833 -76.40026 16.85875 46.22439 -77.44721 16.25966 110.8395 -64.71826 15.90179 111.1095 -66.02905 15.4698 131.6357 -63.03028 14.86176 130.1831 -55.99061 18.88992 110.4264 -62.72043 17.68103 110.8935 -64.984 16.38576 46.27841 -77.71299 16.74363 46.06241 -76.66596 17.34271 111.4363 -27.73773 18.1744 130.4977 -17.63993 14.86176 130.4977 -17.63993 14.86176 111.4363 -27.73773 18.1744 111.4364 7.594795 18.17438 130.4978 17.69257 14.86175 130.4978 17.69257 14.86175 111.4364 7.594795 18.17438 111.4364 49.96607 18.17439 130.4978 60.06373 14.86175 130.4978 60.06373 14.86175 111.4364 49.96607 18.17439 112.0236 91.68239 18.1744 131.085 101.7801 14.86176 110.1343 -61.30248 18.1744 131.6357 -63.03028 14.86176 131.6357 -63.03028 14.86176 110.1343 -61.30248 18.1744 131.9503 -24.67962 18.88991 111.1434 -26.31988 17.68104 131.9503 10.6529 18.88991 111.1434 9.012642 17.68102 131.9503 53.02412 18.88992 111.1434 51.38386 17.68103 132.5376 94.74036 18.88993 130.1831 -55.99061 18.88992 110.4264 -62.72043 17.68103 46.35593 39.49427 16.25966 46.35593 39.49427 16.25966 46.57199 38.44721 16.85874 46.57199 38.44721 16.85874 46.51639 38.71271 17.34271 46.51639 38.71271 17.34271 46.30038 39.75965 16.74362 46.30038 39.75965 16.74362 131.085 101.7801 14.86176 111.0483 96.40888 15.46979 111.0483 96.40888 15.46979 111.3191 95.09828 15.90179 111.3191 95.09828 15.90179 46.94314 81.21052 16.25967 46.94314 81.21052 16.25967 47.15921 80.16352 16.85874 47.15921 80.16352 16.85874 111.7862 92.83466 17.19708 111.7862 92.83466 17.19708 112.0236 91.68239 18.1744 111.2636 95.36378 16.38577 111.2636 95.36378 16.38577 111.7306 93.10017 17.68103 111.7306 93.10017 17.68103 47.10361 80.42903 17.34272 47.10361 80.42903 17.34272 46.8876 81.47602 16.74363 46.8876 81.47602 16.74363 112.0236 91.68239 18.1744 131.085 101.7801 14.86176 131.085 101.7801 14.86176 112.0236 91.68239 18.1744 111.1434 51.38386 17.68103 111.7306 93.10017 17.68103 132.5376 94.74036 18.88993 -0.1293985 -86.51494 128.5675 1.576225 -88.86257 128.5595 2.604581 -84.29708 37.36334 -0.4793844 -80.05228 37.37788 -2.889199 -88.84645 128.5812 -0.1293985 -86.51494 128.5675 -0.4793844 -80.05228 37.37788 -5.469357 -84.32142 37.40279 -0.1293989 -91.21025 128.5681 -0.4793698 -88.54188 37.37893 1.576264 -88.8626 128.5595 -0.1293985 -86.51494 128.5675 -2.889193 -88.84645 128.5812 -0.1293989 -91.21025 128.5681 -101.6675 -12.87945 8.867502 -122.1796 -9.812249 8.137315 -100.6992 -8.187127 11.63364 -100.9689 -9.492241 11.18455 -36.59207 -23.37548 10.81914 -36.80655 -24.41485 10.20643 -101.4326 -11.73944 9.859804 -101.3758 -11.46789 9.379343 -100.9121 -9.220757 10.70409 -36.74969 -24.14336 9.725968 -36.53528 -23.10394 10.33868 -101.6674 31.9889 8.867486 -122.1796 35.05604 8.137313 -100.6992 36.68122 11.63366 -100.9689 35.37611 11.18457 -36.59201 21.49287 10.81915 -36.80652 20.45344 10.20643 -101.4326 33.12885 9.859824 -101.3758 33.40033 9.379361 -100.9121 35.64759 10.70411 -36.74966 20.72498 9.725969 -36.53525 21.76435 10.33868 -122.7669 73.32936 8.137317 -101.2865 74.95442 11.63365 -101.5562 73.64936 11.18457 -37.17932 59.76612 10.81914 -37.39383 58.72675 10.20643 -102.0199 71.40216 9.85982 -101.4994 73.92085 10.70411 -37.33697 58.99824 9.725968 -37.12256 60.03767 10.33868 -122.7669 114.0903 8.137304 -121.3248 121.0789 12.25711 -101.2865 115.7155 11.63366 -101.5562 114.4104 11.18455 -37.17935 100.5272 10.81914 -37.39386 99.4878 10.20643 -102.0199 112.1632 9.859795 -101.9631 112.4347 9.379346 -101.4994 114.6819 10.70409 -37.33697 99.75929 9.725968 -37.12256 100.7987 10.33868 -101.6675 -46.63799 8.867503 -122.1796 -43.57079 8.137341 -120.7375 -36.58214 12.25711 -100.6992 -41.94567 11.63364 -100.9689 -43.25078 11.18455 -36.59201 -57.13396 10.81914 -36.80652 -58.17333 10.20643 -101.4326 -45.49798 9.859806 -101.3758 -45.22643 9.379345 -100.9121 -42.97924 10.70409 -36.74966 -57.90191 9.725968 -36.53525 -56.86242 10.33868 -101.6675 -12.87945 8.867502 -101.6675 -12.87945 8.867502 -120.7375 -2.823662 12.25713 -120.7375 42.04469 12.25713 -102.2547 70.26216 8.867518 -121.3248 80.318 12.25712 -102.2548 111.0231 8.867492 -120.7375 -36.58214 12.25711 -101.6675 -46.63799 8.867503 -101.6675 -46.63799 8.867503 -120.7375 -36.58214 12.25711 -101.3758 -11.46789 9.379343 -101.9631 71.67371 9.37937 -122.1796 -43.57079 8.137341 -101.3758 -45.22643 9.379345 -120.7375 -2.823662 12.25713 -101.6674 31.9889 8.867486 -120.7375 42.04469 12.25713 -100.6992 36.68122 11.63366 -100.6992 36.68122 11.63366 -100.9689 35.37611 11.18457 -100.9689 35.37611 11.18457 -36.59201 21.49287 10.81915 -36.59201 21.49287 10.81915 -36.80652 20.45344 10.20643 -36.80652 20.45344 10.20643 -101.4326 33.12885 9.859824 -101.4326 33.12885 9.859824 -100.9121 35.64759 10.70411 -100.9121 35.64759 10.70411 -36.74966 20.72498 9.725969 -36.74966 20.72498 9.725969 -36.53525 21.76435 10.33868 -36.53525 21.76435 10.33868 -102.2547 70.26216 8.867518 -121.3248 80.318 12.25712 -101.2865 74.95442 11.63365 -101.2865 74.95442 11.63365 -101.5562 73.64936 11.18457 -101.5562 73.64936 11.18457 -37.17932 59.76612 10.81914 -37.17932 59.76612 10.81914 -37.39383 58.72675 10.20643 -37.39383 58.72675 10.20643 -102.0199 71.40216 9.85982 -102.0199 71.40216 9.85982 -101.4994 73.92085 10.70411 -101.4994 73.92085 10.70411 -37.33697 58.99824 9.725968 -37.33697 58.99824 9.725968 -37.12256 60.03767 10.33868 -37.12256 60.03767 10.33868 -102.2548 111.0231 8.867492 -121.3248 121.0789 12.25711 -101.2865 115.7155 11.63366 -101.2865 115.7155 11.63366 -101.5562 114.4104 11.18455 -101.5562 114.4104 11.18455 -37.17935 100.5272 10.81914 -37.17935 100.5272 10.81914 -37.39386 99.4878 10.20643 -37.39386 99.4878 10.20643 -102.0199 112.1632 9.859795 -102.0199 112.1632 9.859795 -101.4994 114.6819 10.70409 -101.4994 114.6819 10.70409 -37.33697 99.75929 9.725968 -37.33697 99.75929 9.725968 -37.12256 100.7987 10.33868 -37.12256 100.7987 10.33868 -101.3758 33.40033 9.379361 -101.3758 33.40033 9.379361 -101.9631 71.67371 9.37937 -101.9631 71.67371 9.37937 -101.9631 112.4347 9.379346 -101.9631 112.4347 9.379346 -120.7375 42.04469 12.25713 -101.6674 31.9889 8.867486 -101.6674 31.9889 8.867486 -120.7375 42.04469 12.25713 -121.3248 80.318 12.25712 -102.2547 70.26216 8.867518 -102.2547 70.26216 8.867518 -121.3248 80.318 12.25712 -121.3248 121.0789 12.25711 -102.2548 111.0231 8.867492 -102.2548 111.0231 8.867492 -121.3248 121.0789 12.25711 -122.1796 35.05604 8.137313 -101.3758 33.40033 9.379361 -122.7669 73.32936 8.137317 -122.7669 114.0903 8.137304 -101.9631 112.4347 9.379346 -120.7375 -2.823662 12.25713 -101.9631 71.67371 9.37937 101.6675 -12.87945 8.867505 101.4326 -11.73944 9.859807 36.80655 -24.41485 10.20643 36.59207 -23.37548 10.81914 100.969 -9.492241 11.18456 100.6993 -8.187127 11.63364 120.7376 -2.823662 12.25713 122.1796 -9.812249 8.137325 101.3759 -11.46789 9.379361 100.9121 -9.220757 10.7041 36.53531 -23.10394 10.33868 36.74972 -24.14336 9.725968 101.6674 31.98889 8.867498 101.4326 33.12885 9.859809 36.80655 20.45344 10.20643 36.59201 21.49287 10.81914 100.9689 35.3761 11.18456 100.6992 36.68122 11.63364 120.7375 42.04468 12.25713 122.1796 35.05604 8.137326 101.3758 33.40034 9.379354 100.9121 35.64759 10.7041 36.53525 21.76435 10.33868 36.74966 20.72498 9.725968 102.0199 71.40216 9.859807 37.39383 58.72675 10.20643 37.17871 59.76612 10.81914 101.5562 73.64936 11.18456 101.2866 74.95441 11.63364 101.4994 73.92084 10.7041 37.12259 60.03767 10.33868 37.337 58.99824 9.725968 102.2548 111.0231 8.867504 102.0199 112.1632 9.859807 37.39389 99.4878 10.20643 37.17871 100.5272 10.81914 101.5562 114.4104 11.18456 101.2866 115.7155 11.63364 121.3248 121.0789 12.25713 101.9631 112.4347 9.37936 101.4994 114.6819 10.7041 37.12259 100.7987 10.33868 37.337 99.75929 9.725968 101.6675 -46.63799 8.867505 101.4326 -45.49798 9.859807 36.80655 -58.17333 10.20643 36.59204 -57.13396 10.81914 100.969 -43.25078 11.18456 100.6992 -41.94567 11.63364 120.7375 -36.58214 12.25713 122.1796 -43.57079 8.137325 101.3758 -45.22643 9.379353 100.9121 -42.97924 10.7041 36.53525 -56.86242 10.33868 36.74966 -57.90191 9.725968 101.6675 -12.87945 8.867505 120.7376 -2.823662 12.25713 120.7376 -2.823662 12.25713 101.6675 -12.87945 8.867505 101.6674 31.98889 8.867498 120.7375 42.04468 12.25713 120.7375 42.04468 12.25713 101.6674 31.98889 8.867498 121.3248 80.318 12.25713 102.2548 70.26215 8.867503 101.6675 -46.63799 8.867505 120.7375 -36.58214 12.25713 120.7375 -36.58214 12.25713 101.6675 -46.63799 8.867505 122.1796 -9.812249 8.137325 101.3759 -11.46789 9.379361 122.1796 35.05604 8.137326 101.3758 33.40034 9.379354 122.7669 73.32935 8.137327 101.9631 71.67371 9.379359 122.7669 114.0903 8.137317 122.1796 -43.57079 8.137325 101.3758 -45.22643 9.379353 102.2548 70.26215 8.867503 102.0199 71.40216 9.859807 102.0199 71.40216 9.859807 37.39383 58.72675 10.20643 37.39383 58.72675 10.20643 37.17871 59.76612 10.81914 37.17871 59.76612 10.81914 101.5562 73.64936 11.18456 101.5562 73.64936 11.18456 101.2866 74.95441 11.63364 101.2866 74.95441 11.63364 121.3248 80.318 12.25713 101.4994 73.92084 10.7041 101.4994 73.92084 10.7041 37.12259 60.03767 10.33868 37.12259 60.03767 10.33868 37.337 58.99824 9.725968 37.337 58.99824 9.725968 102.2548 111.0231 8.867504 102.0199 112.1632 9.859807 102.0199 112.1632 9.859807 37.39389 99.4878 10.20643 37.39389 99.4878 10.20643 37.17871 100.5272 10.81914 37.17871 100.5272 10.81914 101.5562 114.4104 11.18456 101.5562 114.4104 11.18456 101.2866 115.7155 11.63364 101.2866 115.7155 11.63364 121.3248 121.0789 12.25713 101.4994 114.6819 10.7041 101.4994 114.6819 10.7041 37.12259 100.7987 10.33868 37.12259 100.7987 10.33868 37.337 99.75929 9.725968 37.337 99.75929 9.725968 101.9631 71.67371 9.379359 101.9631 71.67371 9.379359 101.9631 112.4347 9.37936 101.9631 112.4347 9.37936 102.2548 70.26215 8.867503 121.3248 80.318 12.25713 121.3248 80.318 12.25713 102.2548 70.26215 8.867503 102.2548 111.0231 8.867504 121.3248 121.0789 12.25713 121.3248 121.0789 12.25713 102.2548 111.0231 8.867504 101.9631 112.4347 9.37936 122.7669 73.32935 8.137327 101.9631 71.67371 9.379359 122.7669 114.0903 8.137317 7.674437 -186.8818 106.6651 29.595 -183.5539 82.36074 6.798977 -187.5112 82.18515 5.436069 -180.8175 51.13558 7.674408 -186.8818 106.6651 -21.22684 -186.8818 106.6651 6.798977 -187.5112 82.18515 -20.35083 -187.5112 82.18515 -43.14395 -183.5539 82.36077 5.436069 -180.8175 51.13558 -18.98505 -180.8175 51.13554 7.674468 -186.8818 106.6651 6.799014 -187.5112 82.18512 29.59504 -183.5539 82.36077 5.436097 -180.8175 51.1356 -21.22681 -186.8819 106.6651 7.674469 -186.8819 106.6651 -20.3508 -187.5112 82.18513 6.799013 -187.5112 82.18514 -43.14389 -183.5539 82.3608 -18.98502 -180.8175 51.13559 5.436097 -180.8175 51.1356</float_array>
          <technique_common>
            <accessor source="#penteres_Mesh-mesh-positions-array" count="1542" stride="3">
              <param name="X" type="float"/>
              <param name="Y" type="float"/>
              <param name="Z" type="float"/>
            </accessor>
          </technique_common>
        </source>
        <source id="penteres_Mesh-mesh-normals">
          <float_array id="penteres_Mesh-mesh-normals-array" count="3768">0.9999827 -1.00814e-6 -0.005886912 0.02907145 -0.9948686 -0.09690976 0.02907061 -0.9948691 -0.09690451 -0.005291402 0.3089356 0.9510684 -0.005294799 0.3089887 0.9510511 -0.02485007 0.7481003 -0.6631203 -0.02484732 0.7481785 -0.6630321 -0.9999828 8.06652e-6 0.005878269 -0.02985596 -0.9948794 -0.09655886 -0.02985674 -0.9948765 -0.09658813 0.01300877 0.3089984 0.9509736 0.01300877 0.3090023 0.9509723 0.01946687 0.7481373 -0.6632584 0.01946705 0.7481378 -0.6632577 0.9615023 -1.75128e-4 0.2747969 0.9260396 -0.3155298 0.2071031 0.9387505 -0.265313 0.2199017 0.9610025 0.009299516 0.2763833 -0.936608 -0.2647821 0.229469 -0.9240876 -0.3148657 0.2166143 -0.9587266 -1.45544e-4 0.2843297 -0.9582155 0.009273827 0.2858973 -0.9260396 0.3155298 -0.2071032 -0.9610025 -0.009299516 -0.2763833 0.9240875 0.3148658 -0.2166143 0.9582155 -0.009273886 -0.2858973 0.09199464 0.8048764 0.5862687 0.5161957 0.3724259 0.7712594 0.8089921 0.5877207 0.0107882 0.8089911 0.5877219 0.0107882 -0.4662424 0.5559588 0.6881337 0.09200125 0.8049102 0.5862213 -0.6451212 0.7637591 0.02215379 -0.649872 0.7597281 0.0219022 -0.6505199 -0.759488 -0.001398801 -0.645782 -0.7635201 -0.001709878 0.8089874 -0.5877773 -0.007578909 0.8089871 -0.5877776 -0.007578849 -0.4662094 0.5559623 0.6881531 0.004875481 1.1015e-4 0.9999881 0.5162323 0.3723687 0.7712625 0.09203928 0.8048939 0.5862377 -0.9758101 0.0745095 -0.2055312 -0.975811 0.07449406 -0.2055326 -0.975811 0.07449418 -0.2055326 -0.9758108 0.07448828 -0.2055355 -0.9775106 0.07193851 -0.1982371 -0.9807575 0.06719732 -0.183301 -0.9807579 0.06717324 -0.1833077 -0.9775139 0.0719375 -0.1982215 0.9807574 -0.06718772 0.1833051 0.9758111 -0.0744872 0.2055347 0.975811 -0.0744943 0.2055326 0.9758096 -0.07451343 0.2055321 0.9758114 -0.07448977 0.2055323 0.980765 -0.06674641 0.1834259 0.975811 0.07449549 -0.205532 0.975811 0.07449483 -0.2055321 0.9758108 0.07451635 -0.2055256 0.9775138 0.07194566 -0.1982189 0.9807582 0.06714874 -0.183315 0.9807578 0.06717091 -0.1833088 0.9775103 0.07194453 -0.1982368 0.9758108 0.0744912 -0.2055345 -0.9807572 -0.06719744 0.1833025 -0.9807648 -0.06675088 0.1834256 -0.975811 -0.07449477 0.2055319 -0.9758106 -0.07452112 0.2055246 -0.9758107 -0.07449722 0.2055326 -0.975811 -0.07449054 0.2055337 0.1624494 0.9767636 -0.139797 0.1464771 0.9813749 -0.1242895 0.1652161 0.9759109 -0.1424842 0.1807081 0.9708384 -0.1575359 0.5327023 0.8461308 -0.01705837 0.4507403 0.884998 -0.1166697 0.166395 0.9494289 -0.2662661 0.1523858 0.9475442 -0.2809603 0.448935 0.8866772 -0.1107302 0.2453576 0.9302065 -0.2729754 0.05344831 0.9027825 -0.4267634 0.1504017 0.8542726 -0.497592 0.2466663 0.911509 -0.3291007 0.0974642 0.8955405 -0.434175 -2.4483e-7 0.9873921 -0.1582936 -3.71173e-7 0.9760047 -0.2177499 -0.0817191 0.9728047 -0.2167326 -0.0947321 0.9828912 -0.1579588 -0.3659327 0.926003 -0.0927999 -0.2867134 0.9429792 -0.1690738 -0.4715353 0.8773153 -0.08928912 -0.5327025 0.8461307 -0.01705747 -4.5554e-7 0.9348757 -0.3549752 -0.07621008 0.9167718 -0.3920736 -0.1757391 0.9208543 -0.3480565 -0.2880579 0.918815 -0.2698177 0 0.8677734 -0.4969601 -3.82114e-7 0.867774 -0.4969591 -0.1504212 0.8542621 -0.4976041 -0.05344974 0.9027824 -0.4267634 -0.07220447 0.8999246 -0.4300258 -0.1560142 0.905356 -0.3949559 -0.1624496 -0.9767635 0.1397967 -0.1807081 -0.9708384 0.1575354 -0.1652163 -0.9759109 0.1424838 -0.1464775 -0.9813748 0.1242894 -0.4507399 -0.8849981 0.1166704 -0.5327021 -0.8461309 0.01705795 -0.1523863 -0.9475442 0.28096 -0.1663957 -0.9494288 0.266266 -0.2453572 -0.9302065 0.2729759 -0.4489341 -0.8866775 0.1107302 -0.1504027 -0.8542721 0.4975925 -0.05344742 -0.902783 0.4267627 -0.09746414 -0.895541 0.4341742 -0.2466647 -0.9115094 0.3291006 5.6858e-7 -0.9873921 0.1582935 0.09470999 -0.982798 0.15855 0.08203339 -0.9726957 0.2171034 5.00854e-7 -0.9760046 0.21775 0.3659329 -0.9260029 0.09279984 0.2867134 -0.942979 0.1690742 0.532703 -0.8461304 0.01705712 0.4715352 -0.8773152 0.08928948 0.07621014 -0.9167717 0.3920739 5.56668e-7 -0.9348757 0.3549753 0.1757394 -0.9208542 0.3480564 0.2880584 -0.918815 0.2698174 7.06862e-7 -0.8677738 0.4969594 0 -0.8677736 0.4969599 0.07220417 -0.8999248 0.4300256 0.05344921 -0.9027826 0.4267633 0.1504213 -0.8542618 0.4976046 0.1560145 -0.9053561 0.3949555 0 0 1 0 0 1 0 0 1 0 0 1 2.82132e-5 1 2.5268e-7 -1.49406e-5 0 1 -3.26605e-6 0 1 -3.29538e-6 0 1 -1.49699e-5 0 1 0 1 0 0.9999039 -0.001541435 -0.01378357 -0.7275452 -0.685505 0.02758443 -0.6381194 -0.5082042 0.5783877 -0.8914861 -0.4009402 0.2109494 -0.8676775 -0.4968919 -0.01530021 -0.9908918 -0.1342394 -0.01063978 -0.419329 -0.04413449 0.9067609 -0.5629932 0.1918842 0.8038777 -0.8374722 -0.5421072 -0.06899476 0.03803187 -0.7166516 0.6963936 0.9123673 0.4093326 -0.005734026 0.9408867 0.3378258 -0.02461695 0.7576407 0.5994871 -0.2580618 0.6400135 0.6922358 -0.3334549 0.6357757 0.008465826 -0.7718275 0.629957 0.02445828 -0.7762449 0.6345831 0.01178807 -0.7727648 0.6394316 -0.001870989 -0.7688457 -0.6931495 0.2295029 -0.6832805 -0.4067166 0.1253471 -0.9049143 -0.5131999 0.1636981 -0.8425135 -0.709181 0.2354494 -0.6645494 -0.8696618 0.3383006 -0.3595014 0.8566669 0.3162049 -0.4075984 0.280564 -0.01435798 -0.959728 0.2694976 -0.01812201 -0.9628306 0.3146554 -0.002139568 -0.9492036 0.3847258 -0.05375009 -0.9214646 0.0153768 -0.1236687 -0.9922044 -0.4974433 -0.205756 -0.8427423 -0.3550996 -0.07083463 -0.932141 0.01538729 -0.1236713 -0.992204 0.005663633 -0.1027739 -0.9946887 -0.5303415 -0.1878379 -0.8267133 0.3196599 0.1741739 -0.9313867 0.2758508 0.1701637 -0.9460184 0.3063403 0.1729877 -0.9360721 0.3638045 0.177892 -0.9143307 -0.003555536 0.6987261 0.7153805 -0.5660218 0.4440001 0.6946102 -0.4507007 -0.1139668 0.8853703 0.4282706 -0.1427098 0.8923106 0.5604601 0.4512655 0.6944379 -0.008662402 0.9999621 9.2957e-4 0.6297501 -0.7767342 -0.009938657 0.9999995 -3.00406e-4 0.001008927 0.9999969 -4.45311e-4 0.00251013 0.9999932 -5.47938e-4 0.003670036 0.6135409 -0.5930867 0.5213596 -0.9386686 0.3447374 -0.007583558 0.3702936 0.04787719 -0.9276802 0.1102858 -0.07497859 -0.9910678 0.9120372 0.3102299 -0.268227 0.7853496 0.2744666 -0.5548823 0.6267378 0.2133656 -0.7494498 -0.909695 0.3471758 -0.2278685 -0.8683841 0.4144149 -0.2723405 -0.9940303 0.06711924 -0.08601647 -0.9199833 0.1934162 -0.3409122 -0.9474124 0.1905103 -0.2571297 -0.9929208 0.08906704 0.07858365 -0.6156022 -0.5910906 0.5211967 -0.9999991 -1.04342e-4 0.001450419 -0.9999997 -1.3403e-4 8.83873e-4 -0.9999998 -1.07667e-4 7.23816e-4 -0.6268176 -0.7790921 -0.0107358 -0.7136569 0.01296269 -0.7003756 -0.7096326 0.0275672 -0.7040325 -0.7144078 0.01016521 -0.6996558 -0.717624 -0.002096056 -0.6964277 0.4763635 -0.1982242 -0.8566125 0.4856538 -0.1315953 -0.8641892 0.005666315 -0.1027942 -0.9946865 -0.2860391 -8.35456e-4 -0.9582176 -0.2696515 -0.001723647 -0.9629566 -0.2696095 -0.001645684 -0.9629684 1.69925e-7 0 1 1.99688e-7 0 1 0 0 1 0 0 1 0.3828669 -0.1067047 0.9176204 0.8996424 -0.4365692 0.007149755 0.8613374 -0.5080266 -0.002602875 0.8940492 -0.4008597 0.199969 0.642468 -0.5082094 0.5735489 0.7219951 -0.6915258 0.0226984 -0.2540812 -0.7035335 0.6636892 0.8637322 -0.503934 0.004169225 0.5706699 0.2233317 0.7902271 0.67893 -0.4972246 0.5402054 0.5199894 0.8039973 0.2884433 0.8708357 0.4911754 0.0198009 0.9576668 0.2556737 -0.1323084 -0.8876433 0.460453 0.008504688 -0.5659375 0.7790156 0.2699067 -0.6870028 -0.5025299 0.5248724 -0.9595819 0.2523968 -0.124493 0.9703918 0.2414984 -0.004290521 0.9547539 0.2829287 -0.09163284 0.9690131 0.2465701 -0.01472777 0.9733299 0.2282971 0.02256774 0.03809428 -0.7166876 0.6963531 -0.01921832 0.08342325 0.9963289 0.00165981 -1.99678e-4 0.9999987 0.001734256 -2.08609e-4 0.9999986 5.76796e-5 -6.92348e-4 0.9999998 9.94473e-6 -7.34528e-4 0.9999998 4.89706e-5 -7.00044e-4 0.9999998 8.17116e-5 -6.71114e-4 0.9999998 -0.001466453 -5.21955e-5 0.9999989 -0.002080023 5.47881e-6 0.9999979 0.0214681 0.0814296 0.9964479 -0.254032 -0.7035178 0.6637247 -0.4506832 -0.1140347 0.8853704 -0.1542894 -0.4142876 0.8969731 0.1658782 -0.435087 0.8849766 0.4282745 -0.1426958 0.8923111 0.9999961 0.002814471 -5.09125e-7 0.9999961 0.002814471 -6.6907e-7 0.9999961 0.00281465 3.40762e-6 0.9999961 0.00281465 3.56756e-6 0.006953477 -0.9999759 9.54737e-7 0.006953418 -0.9999759 8.26931e-7 0.006953656 -0.9999759 1.52606e-6 0.006953716 -0.9999759 1.65386e-6 -0.999996 0.002849519 -4.34547e-7 -0.999996 0.002849519 -4.47152e-7 -0.999996 0.002849519 -1.24394e-7 -0.999996 0.002849519 0 0.003138959 0.6058238 0.7955927 0.005244255 0.9999864 0 0.005244076 0.9999864 0 0.003260493 0.6145586 0.7888644 -0.01924771 0.0834223 0.9963284 0.03808057 -0.7166547 0.6963878 -0.8374938 -0.5420725 -0.06900328 0.2472327 0.2095143 -0.9460338 -0.2843123 0.01764249 -0.9585695 0.8636336 -0.504103 0.004165232 -0.2540605 -0.7035104 0.6637217 0.02147626 0.08144611 0.9964464 -0.6288571 -0.3297412 0.7041375 0.5707088 0.2232549 0.7902207 0.003062129 0.605847 0.7955754 0.003251373 0.6145849 0.7888439 -1.64756e-5 0.8783031 0.4781043 -4.40776e-5 0.775945 0.6308007 -0.5630391 0.1917987 0.8038658 0.5498176 -0.5240367 0.6504508 -0.6698263 0.5218104 0.5282487 -0.4193348 -0.04404348 0.9067626 -0.9908851 -0.1342887 -0.01063913 -0.7779278 -0.6112135 0.1457625 0.6676073 0.5159952 0.5367025 0.7808199 -0.5976005 0.182192 0.8996297 -0.4365953 0.007147014 0.382903 -0.1066978 0.9176061 0.5498636 -0.5239931 0.650447 -0.628857 -0.3296886 0.7041622 4.68503e-5 0.7759463 0.630799 3.78191e-5 0.8783039 0.4781028 0.3828503 -0.1067101 0.9176267 0.5706556 0.2232699 0.7902549 -0.4507079 -0.113997 0.8853628 -0.5660554 0.4439806 0.6945952 -0.6288308 -0.3297554 0.7041543 -0.154273 -0.4142749 0.8969817 -0.6288491 -0.329763 0.7041344 0.5498282 -0.5240257 0.6504508 0.5498389 -0.5240239 0.6504432 -0.5629577 0.1918644 0.8039072 0.4282823 -0.1427073 0.8923055 0.1658857 -0.4350756 0.884981 -0.4193127 -0.04405927 0.9067722 0.5605097 0.4512458 0.6944106 -0.6698686 0.5218294 0.5281764 -0.00353533 0.6987375 0.7153695 0 -8.12072e-6 1 4.76572e-7 -8.76335e-6 1 4.11044e-7 -8.66117e-6 1 0 -8.02021e-6 1 0.899657 -0.4365389 0.007163763 0.7808145 -0.5976043 0.1822032 0.8062525 -0.5769959 0.1305095 0.8613269 -0.5080447 -0.002584278 -0.7812153 -0.6035594 0.1594321 -0.867678 -0.4968932 -0.01523911 0.002089321 0.9999961 -0.001842796 0.001035332 0.9999988 -0.001196205 0.002016425 0.9999964 -0.001798033 0.002584636 0.9999945 -0.002146601 -0.003352403 0.9999435 0.01008743 -0.006261885 0.9999529 0.007424771 -0.002082645 0.9999346 0.01124942 0.002694249 0.9998744 0.01562052 0.1681107 -1.16002e-5 0.9857681 -0.2540804 -0.7035154 0.6637088 0.6135713 -0.5930793 0.5213323 0.1685511 1.37575e-5 0.985693 -0.2540395 -0.7035015 0.6637392 0.7219981 -0.6915225 0.02270257 0.6297375 -0.7767451 -0.009894192 0.6135724 -0.5930846 0.5213249 -0.002015471 0.9999959 -0.002090334 -0.002088129 0.9999959 -0.001998066 -0.002017319 0.9999959 -0.00208795 -0.001944541 0.9999958 -0.002180397 -0.7275362 -0.685514 0.02759963 0.03804105 -0.7166686 0.6963757 -0.6155613 -0.5910688 0.5212696 -0.6268271 -0.7790852 -0.01067978 0.03801882 -0.716678 0.6963672 -0.170489 -7.14372e-4 0.9853593 -0.1701474 -6.93748e-4 0.9854184 -0.615612 -0.5910756 0.521202 0.002153992 0.9999316 0.0115019 0.006594121 0.99995 0.007515549 0.003607153 0.9999416 0.01019734 -0.002780556 0.9998693 0.01593154 0.9817534 0.05367732 0.1824254 -0.9390345 -0.3201668 -0.1253293 -0.1733118 0.261288 0.9495745 0.9068529 0.1149344 0.4054725 0.9443198 -0.001275837 -0.329027 0.8464627 -5.31824e-4 -0.5324479 0.8515681 -5.53805e-4 -0.5242439 0.9443579 -0.001276195 -0.3289173 -0.001430213 -0.3261381 0.9453212 0.2865847 -0.145725 0.9469074 0.9171758 -0.3908352 0.07769447 0.9004721 -0.4322788 -0.04780226 1 -1.60821e-5 -2.24337e-5 1.62018e-5 0.9999772 0.006763339 2.25638e-5 -0.7513591 0.6598936 9.95719e-6 -0.7513898 0.6598587 4.05544e-6 0.9999773 0.006746172 -0.1733555 0.2612478 0.9495776 -0.9392572 -0.3201141 -0.1237856 -0.9796363 -0.1598883 -0.1214439 1 -3.77628e-6 2.17716e-5 0 0 -1 1 -3.74461e-6 -5.91159e-5 -0.9999942 -0.003400504 1.05112e-4 1 2.92957e-5 -2.16206e-5 1 -1.87755e-5 -4.95791e-5 1 -5.44749e-5 2.40366e-5 1 -6.70373e-6 -2.40048e-5 0 0 1 1 8.07643e-6 3.33905e-5 1 -8.7738e-5 -2.99652e-5 0.7211931 -0.6415104 0.2614288 0.7706229 -0.5013536 0.3934276 0.6424561 -0.5082274 0.5735462 0.8940424 -0.4008569 0.2000051 -0.7193838 -0.6405544 0.2686578 -0.8914722 -0.400973 0.2109455 -0.6381334 -0.5082021 0.5783741 -0.8303135 -0.4751359 0.2912485 0.7403433 0.01995474 -0.6719328 0.807473 -0.001035988 -0.5899039 0.7876664 0.005471646 -0.6160778 0.7352998 0.02142137 -0.6774033 0.4129799 -5.29769e-4 -0.91074 -0.2886805 -3.75172e-4 -0.9574255 -0.8817939 0.006054341 -0.4715961 -0.9003647 -0.001170277 -0.4351348 -0.8311601 0.02330195 -0.5555447 -0.8263349 0.02480107 -0.5626327 -0.6698462 0.5218408 0.5281935 -0.7779262 -0.6112194 0.1457459 0.1225693 -0.8785593 -0.4616387 -0.6698188 0.5218315 0.5282373 -0.4042124 -0.8606989 -0.3095316 -0.7746292 0.3081817 0.5522442 0.1225868 -0.8785588 -0.4616352 0.7808262 -0.5975932 0.1821889 0.6676516 0.5159657 0.5366758 0.7756133 0.3024454 0.5540316 0.667639 0.515941 0.5367152 -0.6698404 0.5218427 0.528199 -0.7746214 0.3081471 0.5522745 0.7756357 0.3024218 0.554013 0.806238 -0.5770221 0.1304834 -0.06414455 -0.8649286 -0.4977794 -0.7779624 -0.6111698 0.1457605 -0.7812201 -0.6035493 0.1594472 -0.06415176 -0.8649389 -0.4977603 0.1225938 -0.8785817 -0.4615897 0.7706078 -0.5013586 0.3934504 0.721186 -0.6415094 0.2614508 0.03074795 -0.9060111 0.4221357 -0.003171205 -0.7604246 0.6494185 -0.7193707 -0.6405742 0.2686457 -0.830304 -0.475136 0.2912749 -0.003205716 -0.7604111 0.6494343 0.0307163 -0.9059855 0.4221928 -0.002326488 -0.9358277 -0.3524502 -0.8461696 0.3630224 0.3901436 0.7756429 0.3024886 0.5539664 0.8470618 0.3598711 0.3911257 -0.002350211 -0.9357818 -0.3525719 -0.4042181 -0.8606978 -0.3095273 -0.8461822 0.3630595 0.3900815 0.8470687 0.3598275 0.3911507 -0.001795053 -0.9390261 -0.3438411 -0.8856443 0.3540594 0.3004601 0.8858097 0.3619582 0.2903923 -0.001791059 -0.9390506 -0.3437744 -0.8856319 0.3540582 0.3004977 0.8858218 0.3619905 0.290315 -0.002234637 -0.9588276 -0.2839801 -0.8531228 0.4620604 0.2422433 0.8503832 0.4844081 0.2054199 -0.002249002 -0.9588271 -0.2839818 -0.8531146 0.4620644 0.2422646 0.8503662 0.4844136 0.2054772 -0.007495701 -0.9774776 -0.2109063 -0.834035 0.5312566 0.1488357 0.8457598 0.5154166 0.1379719 -0.007472872 -0.9774677 -0.2109526 -0.8340387 0.5312532 0.1488268 0.8457561 0.5154345 0.1379277 -0.01799345 -0.9966121 -0.08025383 -0.816226 0.5664123 0.1138082 0.8294226 0.542445 0.13346 -0.01798421 -0.996622 -0.08013296 -0.8162195 0.5664244 0.1137947 0.8294122 0.5424389 0.1335494 -0.01825338 -0.9965828 0.08055853 -0.8928832 0.363917 0.2651872 0.889342 0.3622385 0.2790238 -0.01822209 -0.9965839 0.08055162 -0.8928581 0.3639364 0.2652447 0.8893295 0.36225 0.2790486 -0.006016492 -0.9827825 0.1846685 -0.5954456 0.8014412 0.05600541 0.6232438 0.7783768 0.07547801 -0.006055712 -0.9827813 0.1846737 -0.5954086 0.8014693 0.05599689 0.6232233 0.7783988 0.07541882 0.8893297 0.3622462 0.2790524 -0.8928526 0.3639564 0.265236 -0.1821594 -0.8953171 0.4064791 -0.08913606 -0.6181819 0.7809647 0.971204 -0.1915588 0.1416615 -0.1821456 -0.895281 0.4065648 0.04469412 0.4397381 0.8970134 0.044757 0.439835 0.8969627 -0.5954338 0.8014499 0.05600547 0.9310291 -0.3087462 0.1945778 0.931037 -0.3087195 0.1945828 -0.2861965 -0.1777866 -0.9415325 0.2868514 -0.179583 -0.9409922 -0.1279838 -0.2565187 -0.9580284 -0.152453 -0.3353263 -0.9296851 3.99547e-7 -0.2685915 -0.9632542 0.1289292 -0.2563256 -0.9579533 0 -0.2685915 -0.9632542 0.1548988 -0.3329463 -0.9301362 -3.35059e-4 -0.9825417 0.1860422 -0.009149253 -0.9998549 0.01437234 -0.235337 -0.9472218 0.2176866 0.678992 -0.4972255 0.5401264 -0.6869953 -0.5025309 0.5248811 0.2811412 -0.9277553 0.2454177 0.01444476 -0.998873 0.04521149 -0.6929623 0.7182127 0.06303828 0.6134913 0.7873924 -0.06034755 -0.6869983 -0.5025394 0.5248691 -0.8666469 -0.4922095 0.08156603 -0.9774953 0.2109373 -0.002922534 -0.9724014 0.231976 -0.02495652 0.9770403 0.212974 -0.005861699 0.8698798 -0.4867818 0.07970368 0.6789529 -0.4971849 0.5402131 0.9717152 0.2344513 -0.02832132 -0.8666291 -0.4922525 0.08149647 -0.6869686 -0.5024669 0.5249774 0.6789559 -0.4972221 0.5401751 0.8698748 -0.4867988 0.07965445 -0.8666589 -0.4921976 0.08150994 -0.7079986 -0.6632127 -0.2426664 -0.992733 0.08114403 0.08886593 -0.9823133 0.1619017 0.09406638 0.992673 0.08198636 0.08876264 0.7102642 -0.6608989 -0.2423582 0.8698918 -0.4867587 0.07971471 0.9821944 0.1626424 0.09403127 -0.6133511 -0.001228034 -0.7898095 0.04128301 -0.003243803 -0.9991422 -0.4975917 -0.08874797 -0.8628594 -0.9263285 -0.3706527 -0.06732088 0.5669307 -0.06592214 -0.8211236 -0.4976019 -0.08875995 -0.8628523 0.04125601 -0.00327754 -0.9991433 0.5318108 -0.09054052 -0.8420094 0.9589282 -0.1879602 -0.2124329 -0.03971678 -0.8301365 0.5561439 -0.01657342 -0.9816941 0.189742 -8.15012e-4 -0.8456285 -0.5337713 -0.01662176 -0.9816963 0.1897269 -0.8907185 -0.2444613 0.3832224 -0.1122444 -0.1923494 0.9748861 -0.09731632 -0.1761767 0.9795362 -0.6424551 -0.1713675 -0.7469168 0.6997866 -0.09764653 -0.7076467 -0.6424807 -0.1713535 -0.7468979 0.9425606 -0.2473658 0.2244765 -0.1122376 -0.1922947 0.9748977 -0.09729355 -0.176166 0.9795405 -0.01657783 -0.9817031 0.1896954 -0.03971529 -0.8301023 0.556195 -0.1122346 -0.19231 0.974895 -0.8907105 -0.2444808 0.3832283 -8.03672e-4 -0.8456785 -0.5336921 -0.6424812 -0.1713377 -0.7469012 -0.6424643 -0.171344 -0.7469143 0.6997478 -0.09763342 -0.7076869 0.9425538 -0.2473744 0.2244956 -0.1122293 -0.192354 0.9748869 0.6378703 0.7644572 0.09341651 -0.6679275 0.740312 -0.07623118 -0.2649521 0.1660686 -0.9498535 -0.2558229 0.165296 -0.9524873 -0.2663762 0.1661879 -0.9494342 -0.274315 0.1668473 -0.9470551 0 -1 1.33882e-6 -1.88083e-5 -1 -1.3366e-6 0 1 -2.20334e-6 -1.88083e-5 1 1.3366e-6 -0.5920993 0.193939 -0.7821804 -0.8601981 0.4892876 -0.1437253 -0.7935615 0.3796911 -0.4754944 -0.2753375 -0.03463232 -0.9607236 0.9950636 0.04766273 -0.08704531 0.9957968 0.04409837 -0.08027499 0.9954894 0.04562842 -0.08318114 0.9947949 0.04890096 -0.08939737 0.9408853 0.3378298 -0.02461415 0.9123654 0.4093368 -0.005729198 0.9436407 0.2942653 0.1514931 0.9392476 0.3201436 0.1237823 -0.9422631 -0.3033503 -0.1418415 -0.9436401 -0.2942697 -0.1514886 -0.004561364 -0.2555255 0.9667916 -0.008776605 -0.2480234 0.9687143 -0.006897509 -0.2513702 0.9678665 -0.001589477 -0.2608023 0.9653909 -0.001431643 -0.3260579 0.9453488 0.9811183 -0.01505726 0.192822 0.9776292 -0.009872436 0.2101044 0.990988 -0.03381359 0.1296135 0.9929413 -0.03897774 0.1120191 -0.9097213 0.3471108 -0.2278627 0.2864809 -0.1458479 0.9469198 -0.5429725 -0.648328 0.5337151 -0.8883241 0.4419298 -0.1248137 -0.9096895 0.3471832 -0.2278791 -0.5430225 -0.6483414 0.533648 0.286521 -0.1458062 0.9469142 -0.8883167 0.4419381 -0.1248365 0.286589 -0.1457819 0.9468973 1 -6.27339e-5 -3.31625e-5 -0.8883299 0.441917 -0.1248172 -0.8114456 0.5069319 -0.2908199 -0.004899799 -0.0272327 -0.9996172 0.005976915 0.01497375 -0.9998701 0.03724753 -0.9185227 -0.3936101 -5.1703e-4 -0.9192235 -0.393736 0.004945814 0.006388604 0.9999674 -0.006782948 0.006382405 0.9999567 -0.03531527 0.8423663 0.5377473 0.001399338 0.8370513 0.5471227 -0.03825324 -0.9186097 -0.3933105 -0.01593464 0.01472324 -0.9997646 0.03799045 0.8421456 0.5379104 0.01667177 0.006406784 0.9998405 0.8084847 0.5872556 0.03851604 0.9997679 -0.0189132 0.01032656 0.9997527 0.01859182 0.01220428 0.8084854 0.5872545 0.03851604 -0.9993957 -0.02119773 0.027552 -0.6441472 0.7628096 0.05653303 -0.6484211 0.759214 0.05607378 -0.9993554 0.02097046 0.0291379 0.1147677 -0.9929636 -0.02918255 0.1218947 -0.9921047 -0.02949857 0.004864275 1.16997e-4 0.9999883 0.004860281 1.1471e-4 0.9999882 0.004864275 1.16988e-4 0.9999882 0.004868268 1.19283e-4 0.9999882 -9.42883e-7 0 1 1 0 0 -1 0 0 0 0 0 9.20462e-7 0 -1 -0.003525733 0.6987099 0.7153965 0.667647 0.5159919 0.5366563 0.6676569 0.5159588 0.5366757 -0.1795083 0.983379 -0.02725243 -0.1864591 0.9818837 -0.03372746 -0.159189 0.9847549 0.07011926 -0.170921 0.9801176 0.1007751 -0.06008911 0.9892678 0.1331856 -0.1045786 0.9804236 0.1668319 0.09590423 0.995044 -0.02626538 0 0.9996696 -0.0257042 4.88332e-7 0.9959245 0.09019082 0.0854339 0.9917255 0.09582126 0.1592078 0.9847514 0.07012653 0.1864838 0.9818791 -0.03372365 -3.93427e-7 0.9775422 0.2107399 0.05095267 0.9805212 0.1896895 0.06009131 0.9892677 0.1331861 0.1795082 -0.9833789 0.02725303 0.17092 -0.9801179 -0.1007744 0.1591887 -0.984755 -0.0701186 0.1864602 -0.9818835 0.03372752 0.1045783 -0.9804236 -0.1668319 0.06008911 -0.9892678 -0.1331861 -0.09590536 -0.9950342 0.02663147 -0.08543419 -0.9917253 -0.09582197 3.0836e-7 -0.9959245 -0.09019196 0 -0.9996697 0.02570086 -0.1864863 -0.9818787 0.03372299 -0.1592094 -0.9847511 -0.07012718 -0.05095237 -0.9805212 -0.1896898 1.41634e-6 -0.9775419 -0.210741 -0.06009095 -0.9892678 -0.1331859 -0.121951 -0.4819508 0.8676701 1 -6.65617e-5 3.03518e-5 0.04526066 -0.6285387 0.7764603 0.08489263 -0.7992967 0.5949102 0.4090707 -0.8871025 0.2137998 0.6098626 0.08666318 0.7877545 0.230038 -0.1909874 0.954257 0.695824 0.5864222 0.414654 0.1039602 0.4890745 -0.8660246 0.01141792 0.3387791 -0.9407967 0.414344 0.6864091 -0.5976302 0.727261 0.6523823 -0.2132812 0.5266181 -0.3211066 -0.7871239 0.3871666 -0.05822587 -0.9201695 0.1119189 0.5480861 -0.8289005 0.04727369 -0.6187479 -0.784166 -0.1017128 -0.4781821 -0.8723511 -0.1040087 -0.4680539 -0.8775578 0.6968787 0.5915763 -0.4054598 0.2325422 -0.1789942 -0.9559735 0.6118811 0.09652298 -0.7850381 0.409649 -0.8843529 -0.2238476 0.08645445 -0.7917667 -0.6046745 0.4127592 0.6788521 0.6072807 0.3847741 -0.06978046 0.9203693 0.5245537 -0.3309636 0.7844148 0.7267049 0.6496384 0.2233157 0.008983314 0.3269672 0.944993 0.1017128 0.4781823 0.8723511 -0.1070179 -0.4878752 0.8663285 -0.1039577 -0.4890712 0.8660266 -0.1723761 -0.5922228 0.7871205 -0.1415243 -0.5421116 0.828303 -0.1006971 -0.4897299 0.8660396 -0.1006971 -0.4897296 0.8660399 -0.09295606 -0.4367812 0.8947522 -0.05476367 -0.3147526 0.9475926 0.1039577 0.4890712 -0.8660266 0.01144278 0.3388232 -0.9407805 0.1124106 0.5400132 -0.8341161 0.1007027 0.4897548 -0.8660249 0.1007027 0.4897544 -0.8660252 0.0961861 0.4906657 -0.8660229 0.111915 0.5480725 -0.8289099 0.1490469 0.6440683 -0.7503073 0.1852815 0.8459958 0.4999619 0.1852815 0.8459957 0.4999621 0.1852852 0.8460139 0.49993 0.1852852 0.8460139 0.4999299 0.979229 -0.2027543 0.001166343 0.9792298 -0.2027507 0.001124978 0.9792276 -0.2027605 0.001236438 0.9792269 -0.202764 0.001277863 -0.1640972 -0.8503301 -0.500011 -0.1640971 -0.8503296 -0.5000116 -0.1641114 -0.8503988 -0.4998894 -0.1641115 -0.8503991 -0.4998888 0.9792354 -0.2027237 0.001132607 0.979224 -0.202778 0.001291096 -0.1703208 -0.5822921 -0.7949383 -0.1017115 -0.4781777 -0.8723537 -0.1047701 -0.476977 -0.872649 -0.05230635 -0.3028487 -0.9516022 -0.0906347 -0.4255328 -0.9003928 0.6118938 0.09657019 -0.7850224 0.4096519 -0.8843623 -0.2238051 -0.1393685 -0.531679 -0.8354004 0.1102471 0.5295244 0.8411002 0.1470882 0.63459 0.758723 0.1097659 0.537647 0.8359947 0.09394538 0.4797958 0.8723362 0.5245659 -0.3309081 0.78443 0.7266985 0.6496328 0.2233532 0.008983612 0.3269682 0.9449927 0.1017115 0.4781777 0.8723537 0.1865567 0.8521888 -0.4888467 0.1865566 0.8521886 -0.4888468 -0.1653749 -0.8565258 0.4888913 -0.1653749 -0.8565258 0.4888913 0.979228 -0.202759 -0.001206755 0.9792274 -0.2027616 -0.001234054 -0.1070201 -0.4878745 0.8663286 -0.1039603 -0.4890704 0.8660269 -0.1723673 -0.5922069 0.7871345 -0.1415214 -0.5421075 0.8283063 -0.1007022 -0.4897519 0.8660267 -0.1007022 -0.4897519 0.8660266 -0.09295928 -0.4367879 0.8947486 -0.05476707 -0.3147577 0.9475908 0.1039603 0.4890704 -0.8660269 0.01142561 0.338791 -0.9407924 0.1124173 0.5400289 -0.834105 0.1006978 0.489735 -0.8660367 0.1006979 0.4897356 -0.8660365 0.09619212 0.4906833 -0.8660122 0.1119232 0.5480877 -0.8288988 0.1490545 0.6440795 -0.7502962 0.1852821 0.8459959 0.4999616 0.1852821 0.845996 0.4999614 0.1852783 0.8459767 0.4999955 0.1852783 0.8459766 0.4999957 0.97923 -0.2027496 0.001158475 0.9792314 -0.2027431 0.001105308 0.9792277 -0.2027604 0.001248538 0.9792262 -0.2027668 0.001301705 -0.1641073 -0.8503781 -0.499926 -0.1641074 -0.8503783 -0.4999256 -0.1641004 -0.8503395 -0.499994 -0.1641003 -0.8503392 -0.4999943 0.9792313 -0.2027433 0.001156508 0.9792259 -0.2027687 0.001245617 -0.1703252 -0.5823069 -0.7949265 -0.1017101 -0.4781823 -0.8723514 -0.1047692 -0.4769814 -0.8726467 -0.05229502 -0.3028132 -0.9516142 -0.09063524 -0.4255353 -0.9003916 -0.09844541 -0.4788235 -0.8723741 -0.09844571 -0.4788247 -0.8723734 -0.1393743 -0.5316969 -0.8353882 0.110245 0.5295236 0.8411011 0.1470847 0.6345885 0.7587251 0.1097624 0.5376452 0.8359964 0.09394377 0.4797943 0.8723371 0.09845626 0.4788684 0.8723484 0.09845626 0.4788683 0.8723484 0.008987724 0.326978 0.9449893 0.10171 0.478182 0.8723515 0.1865509 0.8521556 -0.4889065 0.1865706 0.8522415 -0.4887495 0.1865705 0.8522409 -0.4887503 0.1865508 0.8521552 -0.4889074 0.979228 -0.2027583 -0.00124669 0.9792283 -0.2027569 -0.001209855 0.9792283 -0.2027574 -0.001223504 0.979228 -0.2027588 -0.001260399 -0.1653778 -0.8565319 0.4888796 -0.1653758 -0.8565286 0.4888861 -0.1653758 -0.8565286 0.4888861 -0.1653779 -0.856532 0.4888796 0.979223 -0.2027829 -0.001259386 0.9792347 -0.2027266 -0.001161277 -0.1070197 -0.4878771 0.8663271 -0.10396 -0.489073 0.8660253 -0.1723627 -0.5922033 0.7871381 -0.1415188 -0.5421065 0.8283073 -0.1007019 -0.4897519 0.8660267 -0.1007019 -0.4897519 0.8660268 -0.09295928 -0.4367913 0.8947468 -0.05476826 -0.3147646 0.9475884 0.10396 0.489073 -0.8660253 0.01142305 0.3387889 -0.9407931 0.112415 0.5400288 -0.8341054 0.1006973 0.489731 -0.866039 0.1006974 0.4897316 -0.8660388 0.09618812 0.4906749 -0.8660174 0.1119189 0.5480863 -0.8289002 0.1490556 0.6440945 -0.7502831 0.1852744 0.8459626 0.5000209 0.1852744 0.8459625 0.5000209 0.1852725 0.8459541 0.5000357 0.1852725 0.8459541 0.5000358 0.9792243 -0.2027764 0.001203358 0.9792257 -0.20277 0.00115019 0.979222 -0.2027873 0.00129342 0.9792206 -0.2027937 0.001346588 -0.1641043 -0.850367 -0.4999458 -0.1641044 -0.8503671 -0.4999456 -0.1640993 -0.8503391 -0.4999948 -0.1640993 -0.850339 -0.4999951 0.9792315 -0.2027419 0.001165628 0.9792256 -0.2027706 0.001216828 -0.1703274 -0.5823094 -0.7949241 -0.1017086 -0.4781776 -0.8723542 -0.1047682 -0.4769783 -0.8726485 -0.05230879 -0.3028538 -0.9516005 -0.09063667 -0.4255385 -0.90039 -0.09845024 -0.478841 -0.8723641 -0.09845036 -0.4788415 -0.8723638 -0.1393737 -0.5316923 -0.8353911 0.1102482 0.5295317 0.8410956 0.147105 0.634643 0.7586755 0.1097653 0.5376549 0.8359897 0.09393894 0.4797787 0.8723462 0.09845292 0.4788526 0.8723574 0.09845292 0.4788526 0.8723574 0.008989512 0.3269827 0.9449876 0.1017085 0.4781775 0.8723542 0.1865543 0.852161 -0.4888959 0.1865504 0.8521448 -0.4889256 0.1865504 0.8521449 -0.4889255 0.1865543 0.8521611 -0.4888958 0.9792306 -0.2027462 -0.001217246 0.9792309 -0.2027447 -0.00120908 0.9792308 -0.2027452 -0.00121212 0.9792305 -0.2027468 -0.001220345 -0.1653766 -0.8565279 0.4888871 -0.1653756 -0.8565254 0.4888917 -0.1653756 -0.8565254 0.4888917 -0.1653766 -0.8565279 0.4888871 0.9792297 -0.2027506 -0.001211404 0.9792298 -0.2027502 -0.001205623 0.08976048 0.4709932 -0.8775582 0.09587848 0.479384 -0.8723523 0.2883408 0.5495254 -0.7841438 0.3927814 0.6928864 -0.6046744 0.7262504 0.6499578 -0.2238643 0.523692 -0.3308262 -0.7850483 0.2843803 0.07234394 -0.9559782 0.4058169 -0.819093 -0.4054619 -0.09587848 -0.479384 0.8723523 -0.1211745 -0.3038379 0.9449864 0.1103513 -0.7867851 0.6072823 0.4102162 -0.8842226 0.2233226 0.612705 0.09633386 0.7844187 0.3809983 -0.08819591 0.9203596 -0.1062685 -0.4790053 0.8713559 -0.1039583 -0.4890673 0.8660289 0.04525548 -0.6285384 0.776461 0.08488804 -0.7992944 0.594914 0.4090728 -0.887092 0.2138398 0.6098887 0.08666479 0.7877342 0.2300149 -0.1909862 0.9542627 0.6958231 0.5864157 0.414665 0.1039583 0.4890673 -0.8660289 0.01142096 0.3387794 -0.9407966 0.4143622 0.6864061 -0.5976209 0.7272491 0.6523863 -0.2133095 0.5266157 -0.3211517 -0.7871071 0.3871628 -0.05825686 -0.9201691 -0.04525554 -0.6285423 0.7764577 0.1039599 -0.4890739 0.8660249 0.1062697 -0.4790121 0.871352 -0.6958149 0.5864299 0.4146584 -0.2300389 -0.1909827 0.9542577 -0.6098811 0.0866658 0.7877399 -0.4090896 -0.8870953 0.2137935 -0.08489215 -0.7993038 0.5949007 -0.1039599 0.4890741 -0.8660249 -0.01142317 0.3387892 -0.940793 -0.4143453 0.6864109 -0.5976271 -0.3871649 -0.0582236 -0.9201704 -0.5266015 -0.321103 -0.7871365 -0.7272467 0.6523935 -0.2132957 0.1040077 -0.4680511 -0.8775594 0.1017112 -0.4781786 -0.8723532 -0.04727983 -0.618762 -0.7841545 -0.08644026 -0.7917718 -0.6046697 -0.4096631 -0.8843502 -0.2238326 -0.6118533 0.09653407 -0.7850584 -0.2325426 -0.1789914 -0.9559739 -0.6968833 0.5915716 -0.405459 -0.4127594 0.6788512 0.6072815 -0.7267183 0.6496265 0.2233067 -0.5245285 -0.3309513 0.784437 -0.3847923 -0.06976664 0.9203627 -0.008983433 0.3269689 0.9449925 -0.1017112 0.4781786 0.8723532 -0.04524415 -0.6285539 0.7764489 0.1039575 -0.4890705 0.8660271 0.1062685 -0.4790107 0.8713529 -0.6958193 0.5864287 0.4146528 -0.2300181 -0.1910088 0.9542575 -0.609892 0.08669888 0.7877279 -0.4090451 -0.88712 0.2137764 -0.08485746 -0.7992963 0.5949158 -0.1039575 0.4890706 -0.8660271 -0.01143598 0.3388096 -0.9407855 -0.4143592 0.6864145 -0.5976133 -0.3871996 -0.05828559 -0.9201518 -0.5266389 -0.3210625 -0.787128 -0.7272654 0.6523647 -0.21332 0.1040086 -0.4680529 -0.8775584 0.1017122 -0.4781808 -0.8723519 -0.04727524 -0.6187601 -0.7841563 -0.08643728 -0.7917562 -0.6046907 -0.409633 -0.8843687 -0.2238144 -0.6118999 0.09656548 -0.7850183 -0.2325153 -0.179001 -0.9559787 -0.6968847 0.5915626 -0.4054694 -0.4127812 0.6788437 0.6072751 -0.7267031 0.6496268 0.2233555 -0.5245864 -0.3309081 0.7844163 -0.3847863 -0.0698235 0.9203609 -0.008983254 0.3269674 0.944993 -0.1017122 0.4781808 0.8723519 0.1723638 -0.5922017 0.7871391 0.103959 -0.4890698 0.8660273 0.107019 -0.4878743 0.8663289 0.05476713 -0.3147604 0.9475899 0.09295958 -0.4367905 0.8947472 0.1006912 -0.489708 0.8660528 0.1006915 -0.4897091 0.8660521 0.1415201 -0.5421065 0.8283072 -0.1039591 0.4890697 -0.8660274 -0.01142382 0.3387863 -0.9407941 -0.1124178 0.5400329 -0.8341025 -0.1490559 0.6440871 -0.7502893 -0.1119235 0.5480923 -0.8288957 -0.09619235 0.4906855 -0.866011 -0.1006979 0.4897356 -0.8660364 -0.1006978 0.489735 -0.8660368 -0.1852838 0.8460173 0.4999248 -0.1852971 0.8460739 0.4998238 -0.185297 0.8460737 0.4998244 -0.1852837 0.8460169 0.4999254 -0.9792532 -0.2026404 2.55957e-4 -0.979232 -0.2027397 0.001254022 -0.97924 -0.2027028 8.83752e-4 -0.9792609 -0.2026035 -1.14325e-4 0.1641076 -0.8503795 -0.4999236 0.1640992 -0.8503358 -0.5000007 0.1640992 -0.850336 -0.5000002 0.1641076 -0.8503797 -0.4999232 -0.979224 -0.2027779 0.001202166 -0.9792302 -0.2027481 0.001246869 0.1040078 -0.4680566 -0.8775565 0.1017107 -0.4781838 -0.8723504 -0.0472728 -0.6187818 -0.7841393 -0.08642894 -0.7917758 -0.6046664 0.09844517 -0.4788218 -0.872375 0.09844487 -0.4788207 -0.8723757 -0.2324765 -0.1790096 -0.9559866 -0.6969053 0.5915575 -0.4054417 -0.4128083 0.6788251 0.6072773 -0.09845715 0.4788712 0.8723466 -0.09845715 0.4788712 0.8723467 -0.09394305 0.4797928 0.8723381 -0.008990228 0.3269816 0.944988 -0.1017107 0.4781838 0.8723504 -0.1865718 0.8522462 -0.4887409 -0.186572 0.8522467 -0.4887399 -0.9792284 -0.2027572 -0.001218974 -0.9792292 -0.2027531 -0.001200735 -0.979227 -0.202764 -0.001249849 -0.979226 -0.202768 -0.001268029 0.1653775 -0.8565335 0.488877 0.1653775 -0.8565336 0.488877 -0.5213329 -0.7716413 0.3643922 0.1723618 -0.5922013 0.7871398 0.1039604 -0.489075 0.8660242 0.1070196 -0.487878 0.8663266 0.05476135 -0.3147466 0.9475948 0.09295761 -0.4367883 0.8947485 0.1006895 -0.4897017 0.8660566 0.1006899 -0.4897031 0.8660557 0.1415185 -0.5421068 0.8283072 -0.1039604 0.4890751 -0.8660242 -0.01142317 0.3387899 -0.9407927 -0.1124126 0.5400231 -0.8341095 -0.1490512 0.6440847 -0.7502924 -0.1119162 0.5480809 -0.8289042 -0.09618699 0.4906718 -0.8660192 -0.1006981 0.4897363 -0.866036 -0.100698 0.489736 -0.8660361 -0.1852727 0.8459659 0.5000159 -0.1852967 0.8460683 0.4998337 -0.1852965 0.8460677 0.4998347 -0.1852726 0.8459652 0.5000168 -0.9792441 -0.2026849 2.56699e-4 -0.9792218 -0.2027881 0.001349389 -0.9792302 -0.2027498 9.44013e-4 -0.979252 -0.2026466 -1.48691e-4 0.1641072 -0.8503798 -0.4999231 0.164099 -0.8503413 -0.4999911 0.164099 -0.8503416 -0.4999907 0.1641072 -0.85038 -0.4999228 -0.9792352 -0.2027249 0.001124501 -0.9792337 -0.2027313 0.001226842 0.1047683 -0.4769793 -0.872648 0.1017086 -0.4781781 -0.8723538 0.170328 -0.5823126 -0.7949218 0.1393741 -0.5316941 -0.8353899 0.09844809 -0.478832 -0.8723692 0.09844791 -0.4788312 -0.8723697 0.09063684 -0.4255399 -0.9003893 0.05230873 -0.3028562 -0.9515997 -0.1102489 0.529533 0.8410946 -0.09845387 0.4788572 0.8723546 -0.09845387 0.4788572 0.8723546 -0.09394037 0.4797815 0.8723446 -0.109766 0.5376557 0.8359892 -0.1471042 0.634642 0.7586765 -0.008993506 0.3269932 0.9449839 -0.1017086 0.4781781 0.8723538 -0.1865522 0.8521619 -0.4888952 -0.1865522 0.8521618 -0.4888953 -0.1865549 0.8521687 -0.4888823 -0.1865549 0.8521687 -0.4888822 -0.9792319 -0.2027403 -0.001191794 -0.9792326 -0.2027366 -0.001161396 -0.9792305 -0.2027466 -0.001243233 -0.9792296 -0.2027503 -0.001273572 0.165379 -0.8565421 0.4888613 0.1653791 -0.8565424 0.4888609 0.1653705 -0.8564962 0.4889448 0.1653705 -0.8564959 0.4889453 -0.9792218 -0.2027883 -0.001252532 -0.9792352 -0.2027243 -0.001164495 -0.2883358 0.5495262 -0.7841452 -0.09587764 0.4793844 -0.872352 -0.08975988 0.4709935 -0.8775582 -0.4058138 -0.819095 -0.405461 -0.284379 0.07234793 -0.9559783 -0.523661 -0.3308553 -0.7850566 -0.7262641 0.6499498 -0.2238432 -0.3927829 0.6928986 -0.6046595 0.0958777 -0.4793841 0.8723523 0.1211745 -0.3038364 0.9449869 -0.1103551 -0.7867881 0.6072778 -0.3810018 -0.08820736 0.9203571 -0.6126767 0.09632045 0.7844422 -0.410227 -0.8842152 0.2233323 -0.04525339 -0.6285387 0.7764608 0.1039595 -0.4890702 0.8660271 0.1062695 -0.4790082 0.8713541 -0.6958345 0.5864086 0.4146556 -0.2300109 -0.190994 0.9542623 -0.6098715 0.08665251 0.7877488 -0.4090527 -0.8870996 0.2138463 -0.08488947 -0.7992877 0.5949228 -0.1039595 0.4890702 -0.8660271 -0.01142174 0.338783 -0.9407953 -0.4143615 0.6863996 -0.5976288 -0.3871577 -0.05828273 -0.9201696 -0.5266326 -0.321156 -0.787094 -0.7272642 0.6523748 -0.2132932 -0.9966415 0.0676468 -0.04614889 0.9186112 -0.3136883 0.2403191 0.9489352 -0.2834764 0.138431 0.9556718 -0.2789095 0.09434467 0.9998925 -0.008360505 0.01204687 0.5250454 0.5976692 -0.6059033 0.9116171 -0.3217145 0.2558405 0.9489501 -0.2834473 0.1383891 0.5250111 0.5976617 -0.6059406 0.9116299 -0.3216967 0.255817 0.8763785 -0.03188586 -0.4805665 0.9768761 -0.03381276 -0.2111155 0.9705703 -0.03613764 -0.2380911 0.8815187 -0.02634751 -0.4714135 -0.8773971 -0.03150326 -0.4787295 -0.8821509 -0.02636766 -0.4702284 -0.9715498 -0.0273084 -0.2352555 -0.9791313 -0.03894305 -0.1994627 0.9978997 -0.0267083 0.05901706 0.9985513 -0.03680896 0.03925222 -0.9997714 -0.01244658 0.01738679 -0.9979562 -0.03223866 0.05517554 0.8140099 -0.5010436 0.2938423 0.4901198 -0.5149365 0.7032944 0.2031143 -0.9498547 0.2377406 0.2761526 -0.9129873 0.3003229 -0.4795667 -0.5318522 0.6979606 -0.5073246 0.5533856 0.6605954 -0.9029573 0.355247 0.2418011 -0.8106603 -0.5022701 0.3009228 0.4901506 -0.5149487 0.703264 0.8139941 -0.5010531 0.2938698 0.9049243 0.3495469 0.2427529 0.5066388 0.5510081 0.6631044 -0.1944038 -0.9480227 0.2519131 -0.4795507 -0.5318639 0.6979627 -0.8106496 -0.5023194 0.3008693 -0.2747616 -0.9134373 0.3002306 -0.007389187 -0.554149 0.8323848 0.5066412 0.5509831 0.6631233 0.004203021 0.568946 0.8223643 -0.03980571 -0.9514796 0.3051265 -0.5073022 0.5534359 0.6605703 -0.9985512 0.03680896 -0.03925222 -0.9978997 0.0267083 -0.05901706 0.9979561 0.03223878 -0.05517554 0.9997714 0.01244646 -0.01738667 -0.9029353 0.3552772 0.2418384 -0.5073425 0.5533741 0.6605912 -0.1705281 0.9678114 0.1850981 -0.23968 0.9646506 0.1095579 0.5066767 0.5509788 0.6630997 0.9049177 0.3496018 0.2426984 0.246932 0.9606395 0.1272647 0.1842558 0.9657161 0.1828723 0.004225373 0.568978 0.822342 5.51869e-6 0.968918 0.247382 0.8007863 0.5173081 0.3018836 0.9952089 0.07590818 0.06162315 0.9945499 -0.09830701 -0.03473186 0.8007887 0.5173051 0.3018822 -0.9914884 0.09230333 0.09182101 -0.6357741 0.6641489 0.3933159 -0.6404648 0.6608744 0.391216 -0.9898689 -0.137419 -0.03571742 0.1309645 -0.8800369 -0.4564905 0.1044651 -0.8827298 -0.4581214 0.004872024 -0.6922617 0.7216301 0.004868388 -0.6922713 0.721621 0.004872024 -0.6922618 0.72163 0.004875659 -0.6922522 0.7216393 -0.9982609 0.04814344 0.03402262 -0.9970955 0.03942757 0.06516188 -0.9935237 0.07978862 -0.08089888 -0.9899749 0.08783584 -0.1106098 -0.004781663 0.004468321 0.9999787 -1.39413e-6 0.009172797 0.9999579 -0.004705607 0.004543185 0.9999786 -0.009527325 -2.02438e-4 0.9999547 -1 2.13327e-7 1.26528e-7 -1 0 0 -1 0 0 -1 3.13155e-7 1.85789e-7 1 1.48413e-7 0 1 2.95102e-7 1.85789e-7 1 0 -1.93134e-7 1 -1.65053e-7 -3.69446e-7 1.35818e-6 -1 1.48099e-6 2.13065e-6 -1 8.15969e-7 1.20226e-6 -1 1.61523e-6 4.27793e-7 -1 2.28197e-6 -9.313e-7 1 -1.2032e-6 0 1 -2.65237e-6 -7.7522e-7 1 -1.44607e-6 -1.70452e-6 1 0 1 0 0 1 0 0 1 0 0 1 0 0 -1 0 0 -1 0 1.84778e-7 -1 0 1.25909e-7 -1 0 0 -7.7522e-7 -1 7.23033e-7 -1.70452e-6 -1 0 -9.31299e-7 -1 6.01597e-7 0 -1 1.32618e-6 5.41988e-7 1 -6.16423e-7 -4.27791e-7 1 -1.77688e-6 7.3724e-7 1 -3.8278e-7 1.70452e-6 1 7.74687e-7 -1 -1.91524e-7 4.34e-6 -1 -2.13835e-7 4.60851e-6 -1 1.91836e-7 -2.7367e-7 -1 2.14147e-7 -5.42179e-7 1 0 7.70871e-7 1 0 0 1 0 8.13267e-7 1 0 -1.31305e-6 1 0 -5.42179e-7 1 0 -5.84575e-7 1 0 -1.35545e-6 -1 0 -1.28478e-6 -1 0 -1.35545e-6 -1 0 0 -1 0 0 -0.01460427 0.3354644 0.9419397 0.9649195 0.08907389 0.2469745 0.004714369 0.3355398 0.9420143 -0.9646261 0.08743882 0.2486987 -0.01457673 0.3353645 0.9419757 0.004741847 0.3354123 0.9420595 0 1 -9.04806e-7 0 1 -1.69975e-6 0 1 -7.92761e-7 0 1 0 0 -1 0 0 -1 0 0 -1 0 0 -1 0 0 1 -3.04585e-7 0 1 -2.30466e-7 0 1 -2.81877e-7 0 1 -3.56138e-7 0 -1 0 0 -4.19764e-7 1 1.40679e-7 -4.19762e-7 1 1.23833e-7 -4.19762e-7 1 0 -4.19764e-7 1 1.21593e-5 -1 -2.5267e-5 -1.32621e-5 -1 -5.25017e-6 1.92545e-5 4.44525e-5 1 -3.43201e-6 1.30672e-5 1 1 -9.71558e-6 -2.30031e-4 8.98057e-6 4.84706e-5 1 9.29843e-6 1 4.41049e-6 1.74e-5 -2.79502e-5 1</float_array>
          <technique_common>
            <accessor source="#penteres_Mesh-mesh-normals-array" count="1256" stride="3">
              <param name="X" type="float"/>
              <param name="Y" type="float"/>
              <param name="Z" type="float"/>
            </accessor>
          </technique_common>
        </source>
        <source id="penteres_Mesh-mesh-map-0">
          <float_array id="penteres_Mesh-mesh-map-0-array" count="5946">0.1443094 0.6332723 0.1443094 0.6332723 0.1302936 0.6332723 0.1448035 0.7962143 0.1443094 0.6332723 0.1622118 0.6332723 0.1622118 0.6332723 0.1622118 0.7962142 0.1448035 0.7962143 0.1302936 0.7962142 0.1302936 0.6332723 0.1443094 0.6332723 0.1443094 0.6332723 0.1448035 0.7962143 0.1302936 0.7962142 0.1448035 0.7962143 0.1443094 0.6332723 0.1443094 0.6332723 0.1443094 0.6332723 0.1448035 0.7962143 0.1448035 0.7962143 0.1475487 0.9608267 0.1622117 0.9608267 0.1475487 0.9608267 0.1448035 0.7962143 0.1622118 0.7962142 0.1622117 0.9608267 0.1622117 0.9608267 0.1475487 0.9608267 0.1448035 0.7962143 0.1302936 0.7962142 0.1448035 0.7962143 0.1475487 0.9608267 0.1475487 0.9608267 0.1302936 0.9608267 0.1302936 0.7962142 0.1448035 0.7962143 0.1448035 0.7962143 0.1475487 0.9608267 0.1475487 0.9608267 0.1475487 0.9608267 0.1448035 0.7962143 0.4924113 0.8415036 0.2110918 0.856593 0.2110931 0.866431 0.2110931 0.866431 0.4924262 0.8817905 0.4924113 0.8415036 0.211328 0.8564172 0.2113267 0.8662572 0.4925063 0.8814151 0.4925063 0.8814151 0.4925211 0.8409891 0.211328 0.8564172 0.2110931 0.866431 0.2110918 0.856593 0.4924113 0.8415036 0.4924113 0.8415036 0.4924262 0.8817905 0.2110931 0.866431 0.4925063 0.8814151 0.2113267 0.8662572 0.211328 0.8564172 0.211328 0.8564172 0.4925211 0.8409891 0.4925063 0.8814151 0.1290729 0.9427073 0.1290729 0.9427073 0.1319641 0.5776348 0.1319641 0.5776348 0.1319641 0.5776348 0.1290729 0.9427073 0.1669891 0.945585 0.1669891 0.945585 0.1670024 0.5761958 0.1670024 0.5761958 0.1670024 0.5761958 0.1669891 0.945585 0.1290729 0.9427073 0.1669891 0.945585 0.1670024 0.5761958 0.1670024 0.5761958 0.1319641 0.5776348 0.1290729 0.9427073 0.1290729 0.9427073 0.1290729 0.9427073 0.1319641 0.5776348 0.1319641 0.5776348 0.1319641 0.5776348 0.1290729 0.9427073 0.1441236 0.5520538 0.1305029 0.567686 0.1438204 0.5776051 0.1438204 0.5776051 0.1573693 0.5680047 0.1441236 0.5520538 0.5523248 0.1062304 0.5535807 0.006435334 0.5711072 0.005616724 0.5711072 0.005616724 0.5722317 0.1054118 0.5667968 0.1053819 0.5667968 0.1053819 0.5667316 0.2321195 0.5591377 0.2320777 0.5667968 0.1053819 0.5591377 0.2320777 0.5583001 0.1062635 0.5711072 0.005616724 0.5667968 0.1053819 0.5583001 0.1062635 0.5523248 0.1062304 0.5711072 0.005616724 0.5583001 0.1062635 0.5591377 0.2320777 0.5667316 0.2321195 0.5667968 0.1053819 0.5667968 0.1053819 0.5722317 0.1054118 0.5711072 0.005616724 0.5711072 0.005616724 0.5535807 0.006435334 0.5523248 0.1062304 0.5711072 0.005616724 0.5523248 0.1062304 0.5583001 0.1062635 0.5667968 0.1053819 0.5711072 0.005616724 0.5583001 0.1062635 0.5591377 0.2320777 0.5667968 0.1053819 0.5583001 0.1062635 0.5711072 0.005616724 0.5535807 0.006435334 0.5523248 0.1062304 0.5711072 0.005616724 0.5523248 0.1062304 0.5583001 0.1062635 0.5591377 0.2320777 0.5667316 0.2321195 0.5667968 0.1053819 0.5583001 0.1062635 0.5591377 0.2320777 0.5667968 0.1053819 0.5711072 0.005616724 0.5583001 0.1062635 0.5667968 0.1053819 0.5711072 0.005616724 0.5667968 0.1053819 0.5722317 0.1054118 0.5667968 0.1053819 0.5667316 0.2321195 0.5591377 0.2320777 0.5667968 0.1053819 0.5591377 0.2320777 0.5583001 0.1062635 0.5523248 0.1062304 0.5535807 0.006435334 0.5711072 0.005616724 0.5583001 0.1062635 0.5523248 0.1062304 0.5711072 0.005616724 0.5667968 0.1053819 0.5583001 0.1062635 0.5711072 0.005616724 0.5667968 0.1053819 0.5711072 0.005616724 0.5722317 0.1054118 0.7642886 0.9433807 0.8272059 0.9440329 0.8413208 0.8683069 0.8413208 0.8683069 0.7756214 0.8667842 0.7642886 0.9433807 0.7642886 0.9433807 0.7679713 0.9895942 0.8260461 0.9900647 0.8260461 0.9900647 0.8272059 0.9440329 0.7642886 0.9433807 0.8413208 0.8683069 0.8272059 0.9440329 0.89761 0.9451794 0.89761 0.9451794 0.9001693 0.8682488 0.8413208 0.8683069 0.8272059 0.9440329 0.8260461 0.9900647 0.8940522 0.9912281 0.8940522 0.9912281 0.89761 0.9451794 0.8272059 0.9440329 0.89761 0.9451794 0.9789368 0.9463451 0.9799112 0.8691166 0.9799112 0.8691166 0.9001693 0.8682488 0.89761 0.9451794 0.89761 0.9451794 0.8940522 0.9912281 0.9765212 0.9924783 0.9765212 0.9924783 0.9789368 0.9463451 0.89761 0.9451794 0.7752536 0.8667312 0.8402275 0.8680555 0.8409096 0.7768326 0.8409096 0.7768326 0.776961 0.7758753 0.7752536 0.8667312 0.7705796 0.7102578 0.776961 0.7758753 0.8409096 0.7768326 0.8409096 0.7768326 0.8341138 0.7109368 0.7705796 0.7102578 0.7705796 0.7102578 0.8341138 0.7109368 0.8402066 0.6567625 0.8402066 0.6567625 0.7831702 0.6561717 0.7705796 0.7102578 0.8409096 0.7768326 0.8402275 0.8680555 0.9000126 0.8682486 0.9000126 0.8682486 0.902224 0.7779326 0.8409096 0.7768326 0.8409096 0.7768326 0.902224 0.7779326 0.9047621 0.7124402 0.9047621 0.7124402 0.8341138 0.7109368 0.8409096 0.7768326 0.8341138 0.7109368 0.9047621 0.7124402 0.9070019 0.6573407 0.9070019 0.6573407 0.8402066 0.6567625 0.8341138 0.7109368 0.9000126 0.8682486 0.9798308 0.8690685 0.9764999 0.7793436 0.9764999 0.7793436 0.902224 0.7779326 0.9000126 0.8682486 0.9047621 0.7124402 0.902224 0.7779326 0.9764999 0.7793436 0.9764999 0.7793436 0.9807118 0.7145444 0.9047621 0.7124402 0.9047621 0.7124402 0.9807118 0.7145444 0.9748096 0.6578629 0.9748096 0.6578629 0.9070019 0.6573407 0.9047621 0.7124402 0.7645558 0.9432921 0.7734385 0.8661315 0.8371558 0.866296 0.8371558 0.866296 0.8303784 0.9439548 0.7645558 0.9432921 0.7645558 0.9432921 0.8303784 0.9439548 0.8317739 0.9900292 0.8317739 0.9900292 0.7651305 0.9901556 0.7645558 0.9432921 0.8371558 0.866296 0.8994588 0.8678115 0.8979097 0.9449799 0.8979097 0.9449799 0.8303784 0.9439548 0.8371558 0.866296 0.8303784 0.9439548 0.8979097 0.9449799 0.8970984 0.9909583 0.8970984 0.9909583 0.8317739 0.9900292 0.8303784 0.9439548 0.8979097 0.9449799 0.8994588 0.8678115 0.9801583 0.8676753 0.9801583 0.8676753 0.9794015 0.9462332 0.8979097 0.9449799 0.8979097 0.9449799 0.9794015 0.9462332 0.9753115 0.9920235 0.9753115 0.9920235 0.8970984 0.9909583 0.8979097 0.9449799 0.7734385 0.8661315 0.7740848 0.7764194 0.8395345 0.7772422 0.8395345 0.7772422 0.8371558 0.866296 0.7734385 0.8661315 0.7683901 0.7102003 0.8297871 0.7107992 0.8395345 0.7772422 0.8395345 0.7772422 0.7740848 0.7764194 0.7683901 0.7102003 0.7683901 0.7102003 0.7623266 0.6559007 0.829224 0.6567264 0.829224 0.6567264 0.8297871 0.7107992 0.7683901 0.7102003 0.8395345 0.7772422 0.9009585 0.7781159 0.8994588 0.8678115 0.8994588 0.8678115 0.8371558 0.866296 0.8395345 0.7772422 0.8395345 0.7772422 0.8297871 0.7107992 0.9018667 0.7123073 0.9018667 0.7123073 0.9009585 0.7781159 0.8395345 0.7772422 0.8297871 0.7107992 0.829224 0.6567264 0.8948068 0.6573277 0.8948068 0.6573277 0.9018667 0.7123073 0.8297871 0.7107992 0.8994588 0.8678115 0.9009585 0.7781159 0.9797271 0.7808201 0.9797271 0.7808201 0.9801583 0.8676753 0.8994588 0.8678115 0.9018667 0.7123073 0.9766384 0.7139223 0.9797271 0.7808201 0.9797271 0.7808201 0.9009585 0.7781159 0.9018667 0.7123073 0.9018667 0.7123073 0.8948068 0.6573277 0.976888 0.6579835 0.976888 0.6579835 0.9766384 0.7139223 0.9018667 0.7123073 0.8922884 0.8439856 0.8922884 0.8439856 0.892183 0.8492679 0.892183 0.8492679 0.892183 0.8492679 0.8922884 0.8439856 0.4347434 0.5568749 0.4347434 0.5568749 0.4347434 0.501815 0.8922884 0.8439856 0.892183 0.8492679 0.892183 0.8492679 0.892183 0.8492679 0.8922884 0.8439856 0.8922884 0.8439856 0.4347434 0.501815 0.4347434 0.5568749 0.4347434 0.5568749 0.6745225 0.08267879 0.690862 0.1246952 0.6769512 0.1245959 0.8292207 0.03137987 0.9262226 0.03138005 0.9069623 0.06360828 0.9060511 0.09876143 0.9065809 0.1092507 0.9064529 0.1240403 0.9060511 0.09876143 0.9064529 0.1240403 0.8304674 0.1240207 0.9069623 0.06360828 0.9060511 0.09876143 0.8304674 0.1240207 0.9069623 0.06360828 0.8304674 0.1240207 0.8304674 0.1176685 0.8292207 0.03137987 0.9069623 0.06360828 0.8304674 0.1176685 0.8292207 0.03137987 0.8304674 0.1176685 0.8304674 0.1188639 0.7758835 0.1245033 0.7472343 0.1239297 0.7393302 0.04979693 0.7393302 0.04979693 0.7623808 0.03577131 0.7758835 0.1245033 0.7583485 0.05304056 0.8455032 0.05306017 0.7839346 0.01888936 0.7839346 0.01888936 0.7519157 0.01855546 0.7583485 0.05304056 0.7017647 0.04919058 0.7398807 0.05154579 0.7600675 0.03662121 0.7600675 0.03662121 0.6754953 0.02112478 0.7017647 0.04919058 0.7758886 0.1245439 0.7845558 0.06822115 0.7607518 0.03713595 0.78406 0.06572008 0.7758835 0.1245033 0.7623808 0.03577131 0.6999673 0.002185523 0.6938248 0.01151502 0.7519157 0.01855546 0.6999673 0.002185523 0.7519157 0.01855546 0.7839346 0.01888936 0.6999673 0.002185523 0.7839346 0.01888936 0.8484074 0.002087712 0.8450554 0.05298817 0.7786902 0.01911157 0.846975 0.002009928 0.8450554 0.05298817 0.846975 0.002009928 0.8998635 0.008328914 0.8450554 0.05298817 0.8998635 0.008328914 0.8737796 0.04995226 0.6938248 0.01151502 0.674623 0.004032015 0.7601609 0.03253757 0.7601609 0.03253757 0.674987 0.01950043 0.6938248 0.01151502 0.7812203 0.430271 0.7671533 0.4553198 0.7437511 0.4631449 0.7812203 0.430271 0.7437511 0.4631449 0.7436648 0.3973668 0.7812203 0.430271 0.7436648 0.3973668 0.7671533 0.4046417 0.6814448 0.04359096 0.6904838 0.124632 0.6741129 0.08171367 0.5609132 0.5825906 0.98293 0.5825905 0.9830176 0.6233369 0.5609132 0.5825906 0.9830176 0.6233369 0.982674 0.645347 0.5609132 0.5825906 0.982674 0.645347 0.5598117 0.6453738 0.6929295 0.123062 0.6864327 0.08338057 0.6923179 0.1243861 0.7590835 0.03978675 0.7393302 0.04979693 0.708112 0.06561702 0.7590835 0.03978675 0.708112 0.06561702 0.7012998 0.04737031 0.7590835 0.03978675 0.7012998 0.04737031 0.674987 0.01950043 0.7489995 0.1087156 0.7398807 0.05154579 0.7017647 0.04919058 0.7489995 0.1087156 0.7017647 0.04919058 0.6810797 0.04660958 0.7489995 0.1087156 0.6810797 0.04660958 0.6864327 0.08338057 0.7489995 0.1087156 0.6864327 0.08338057 0.6929295 0.123062 0.5599223 0.6452093 0.9825241 0.6452741 0.9828779 0.6230629 0.5599223 0.6452093 0.9828779 0.6230629 0.9827903 0.5828807 0.5599223 0.6452093 0.9827903 0.5828807 0.5608133 0.5828807 0.7786902 0.01911157 0.8450554 0.05298817 0.7603206 0.05333173 0.7603206 0.05333173 0.7527121 0.01997888 0.7786902 0.01911157 0.8484074 0.002087712 0.7839346 0.01888936 0.8455032 0.05306017 0.8484074 0.002087712 0.8455032 0.05306017 0.8742026 0.0501489 0.8484074 0.002087712 0.8742026 0.0501489 0.9004659 0.008630692 0.7786902 0.01911157 0.7527121 0.01997888 0.6933156 0.01308745 0.7786902 0.01911157 0.6933156 0.01308745 0.6993461 0.00383687 0.7786902 0.01911157 0.6993461 0.00383687 0.846975 0.002009928 0.9049648 0.263157 0.9053443 0.33179 0.6116413 0.3326269 0.6116413 0.3326269 0.6125621 0.262334 0.9049648 0.263157 0.9063897 0.1240507 0.906287 0.1093002 0.9061124 0.09881103 0.9058053 0.06375586 0.9259204 0.03142964 0.8289775 0.03142952 0.9061124 0.09881103 0.9058053 0.06375586 0.8289775 0.03142952 0.9063897 0.1240507 0.9061124 0.09881103 0.8289775 0.03142952 0.8289775 0.03142952 0.8305373 0.1189136 0.8305373 0.1177181 0.9063897 0.1240507 0.8289775 0.03142952 0.8305373 0.1177181 0.9063897 0.1240507 0.8305373 0.1177181 0.8305373 0.1240703 0.7275125 0.6425562 0.7278841 0.6425979 0.6864571 0.5692028 0.6864571 0.5692028 0.6854444 0.6423711 0.7275125 0.6425562 0.6853519 0.5690979 0.7270647 0.6426061 0.7268256 0.6424089 0.7268256 0.6424089 0.6845753 0.6422174 0.6853519 0.5690979 0.6806278 0.04496127 0.7012998 0.04737031 0.708112 0.06561702 0.708112 0.06561702 0.6920439 0.1228246 0.6806278 0.04496127 0.8829898 0.4165851 0.8762664 0.4411701 0.6826677 0.4406252 0.6826677 0.4406252 0.6011129 0.4157522 0.8829898 0.4165851 0.7193818 0.395238 0.7788919 0.4133877 0.778447 0.4473481 0.778447 0.4473481 0.7193769 0.4658362 0.7193818 0.395238 0.5990021 0.4423732 0.6799541 0.4170363 0.8744137 0.4164822 0.8744137 0.4164822 0.8810529 0.4415243 0.5990021 0.4423732 0.7431606 0.4646801 0.7392221 0.460322 0.7390891 0.4031624 0.7390891 0.4031624 0.7430743 0.398902 0.7431606 0.4646801 0.6206839 0.2938396 0.6206839 0.2938396 0.9130867 0.2930167 0.9130867 0.2930167 0.9130867 0.2930167 0.6206839 0.2938396 0.8474182 0.4315902 0.8474182 0.480775 0.6420056 0.4818598 0.6420056 0.4818598 0.6420056 0.4326751 0.8474182 0.4315902 0.916998 0.2991996 0.916998 0.2991996 0.6232951 0.2983627 0.6232951 0.2983627 0.6232951 0.2983627 0.916998 0.2991996 0.6423508 0.4810448 0.6423508 0.4332627 0.8473146 0.4332627 0.8473146 0.4332627 0.8473146 0.4810448 0.6423508 0.4810448 0.8331554 0.1201864 0.8467813 0.1200789 0.8467722 0.1190505 0.8467722 0.1190505 0.8333731 0.124642 0.8331554 0.1201864 0.8334395 0.1246646 0.8471961 0.1191279 0.8472003 0.1201565 0.8472003 0.1201565 0.8337447 0.1202063 0.8334395 0.1246646 0.8471961 0.1191279 0.8334395 0.1246646 0.8334413 0.1246439 0.8334413 0.1246439 0.8472188 0.1245927 0.8471961 0.1191279 0.7797104 0.3970727 0.7794793 0.463384 0.7359496 0.4875316 0.7359496 0.4875316 0.7369736 0.370061 0.7797104 0.3970727 0.8468204 0.124515 0.8333796 0.124621 0.8333731 0.124642 0.8333731 0.124642 0.8467722 0.1190505 0.8468204 0.124515 0.9391919 0.1244376 0.9139044 0.1240814 0.9234091 0.1108509 0.9234091 0.1108509 0.9744271 0.1108213 0.9391919 0.1244376 0.8802956 0.1236178 0.8963696 0.1119241 0.845222 0.1118643 0.845222 0.1118643 0.8356823 0.1251342 0.8802956 0.1236178 0.8333796 0.124621 0.8333817 0.124621 0.8333798 0.1246652 0.8333798 0.1246652 0.8333782 0.1246653 0.8333796 0.124621 0.9139044 0.1240814 0.8471589 0.1245124 0.8488451 0.1199524 0.8488451 0.1199524 0.9138423 0.1194396 0.9139044 0.1240814 0.8471589 0.1245124 0.8333817 0.124621 0.8379063 0.1200387 0.8379063 0.1200387 0.8488451 0.1199524 0.8471589 0.1245124 0.7375786 0.461116 0.7375779 0.4024676 0.7390891 0.4031624 0.7390891 0.4031624 0.7392221 0.460322 0.7375786 0.461116 0.8334391 0.1246439 0.8468803 0.124594 0.8486866 0.1200408 0.8486866 0.1200408 0.8376177 0.1200819 0.8334391 0.1246439 0.8468803 0.124594 0.9139169 0.1241543 0.9139251 0.1197987 0.9139251 0.1197987 0.8486866 0.1200408 0.8468803 0.124594 0.9139169 0.1241543 0.9391922 0.1244394 0.9374445 0.1197114 0.9374445 0.1197114 0.9139251 0.1197987 0.9139169 0.1241543 0.778447 0.4473481 0.7788919 0.4133877 0.7861475 0.4134668 0.7861475 0.4134668 0.7859119 0.4473326 0.778447 0.4473481 0.9234413 0.1109408 0.974513 0.1109496 0.9779999 0.09266477 0.9779999 0.09266477 0.9435738 0.09253847 0.9234413 0.1109408 0.9775013 0.09215092 0.9744271 0.1108213 0.9234091 0.1108509 0.9234091 0.1108509 0.9430802 0.09218299 0.9775013 0.09215092 0.877296 0.5649799 0.880096 0.5958615 0.8855109 0.6165902 0.8855109 0.6165902 0.885541 0.5649694 0.877296 0.5649799 0.8855109 0.6165902 0.880096 0.5958615 0.8802088 0.6448644 0.8802088 0.6448644 0.8854921 0.6447303 0.8855109 0.6165902 8.76108e-4 0.1712597 0.3664908 0.1708492 0.3666279 0.1296019 0.3666279 0.1296019 8.76227e-4 0.1299552 8.76108e-4 0.1712597 0.978101 0.6440055 0.9768626 0.565526 0.9768707 0.5655357 0.9768707 0.5655357 0.9781706 0.6441574 0.978101 0.6440055 0.8800714 0.5954765 0.8772142 0.5645138 0.8854551 0.5648253 0.8854551 0.5648253 0.8854727 0.6163744 0.8800714 0.5954765 0.9790361 0.5653733 0.9780461 0.6438528 0.9779765 0.6438437 0.9779765 0.6438437 0.9790279 0.5660185 0.9790361 0.5653733 0.3664679 0.171085 8.78484e-4 0.1707146 8.79371e-4 0.1301673 8.79371e-4 0.1301673 0.3664329 0.1303889 0.3664679 0.171085 0.8801915 0.6447672 0.8800714 0.5954765 0.8854727 0.6163744 0.8854727 0.6163744 0.8854654 0.644609 0.8801915 0.6447672 0.8103885 0.5684255 0.7895588 0.6425884 0.872333 0.6425679 0.872333 0.6425679 0.8946829 0.5680564 0.8103885 0.5684255 0.9256455 0.5686272 0.9058338 0.5687164 0.9089791 0.5687015 0.9089791 0.5687015 0.9251883 0.6424904 0.9256455 0.5686272 0.8830626 0.804511 0.8830654 0.8045112 0.8830632 0.8045023 0.7895038 0.6425884 0.8058792 0.5687735 0.7538055 0.5687475 0.7538055 0.5687475 0.7367366 0.6426014 0.7895038 0.6425884 0.9251829 0.6424905 0.9251787 0.6424905 0.9251795 0.6424905 0.9251795 0.6424905 0.9251829 0.6424905 0.9251829 0.6424905 0.8715841 0.6425742 0.7887286 0.6425958 0.8048401 0.5671493 0.8048401 0.5671493 0.8836259 0.5687371 0.8836258 0.5687373 0.8715841 0.6425742 0.8048401 0.5671493 0.8836258 0.5687373 0.9251787 0.6424905 0.884542 0.5688129 0.884542 0.5688129 0.884542 0.5688129 0.9251787 0.6424905 0.9251787 0.6424905 0.9251829 0.6424905 0.9251787 0.6424905 0.9251787 0.6424905 0.9251787 0.6424905 0.9251829 0.6424905 0.9251829 0.6424905 0.884545 0.5688128 0.9251829 0.6424905 0.9251829 0.6424905 0.9251829 0.6424905 0.884545 0.5688128 0.884545 0.5688128 0.9787695 0.06462973 0.9740957 0.04463261 0.9336512 0.04457324 0.9336512 0.04457324 0.9431695 0.06451535 0.9787695 0.06462973 0.9785549 0.06410181 0.9436422 0.06406891 0.9332166 0.04413235 0.9332166 0.04413235 0.9736948 0.04387331 0.9785549 0.06410181 0.7519157 0.01855546 0.6890358 0.01878857 0.6437175 0.05052924 0.6437175 0.05052924 0.7583485 0.05304056 0.7519157 0.01855546 0.6890358 0.01878857 0.7519157 0.01855546 0.6938248 0.01151502 0.6884924 0.02048563 0.6933156 0.01308745 0.7527121 0.01997888 0.643323 0.05241531 0.6884924 0.02048563 0.7527121 0.01997888 0.7527121 0.01997888 0.7603206 0.05333173 0.643323 0.05241531 0.9779999 0.09266477 0.9787695 0.06462973 0.9431695 0.06451535 0.9431695 0.06451535 0.9435738 0.09253847 0.9779999 0.09266477 0.9430802 0.09218299 0.9436422 0.06406891 0.9785549 0.06410181 0.9785549 0.06410181 0.9775013 0.09215092 0.9430802 0.09218299 0.8843851 0.8292647 0.8842197 0.8294492 0.884223 0.8298105 0.8843851 0.8292647 0.884223 0.8298105 0.884223 0.8298105 0.8843851 0.8292647 0.884223 0.8298105 0.8844604 0.8294194 0.8842294 0.8298123 0.8842247 0.8294537 0.8843901 0.8292647 0.8842294 0.8298123 0.8843901 0.8292647 0.8844658 0.8294198 0.8842294 0.8298123 0.8844658 0.8294198 0.8842294 0.8298123 0.5494073 0.4944714 0.5494585 0.4706963 0.559039 0.471969 0.559039 0.471969 0.5590411 0.4930953 0.5494073 0.4944714 0.8841581 0.8296964 0.8842247 0.8294537 0.8842294 0.8298123 0.8842294 0.8298123 0.8841664 0.8297728 0.8841581 0.8296964 0.8842197 0.8294492 0.8841529 0.8296898 0.8841603 0.8297707 0.8841603 0.8297707 0.884223 0.8298105 0.8842197 0.8294492 0.8835816 0.8296676 0.8838528 0.8297035 0.8838813 0.8297829 0.8838813 0.8297829 0.8835698 0.8300811 0.8835816 0.8296676 0.8838475 0.8297006 0.8835741 0.8296622 0.8835623 0.8300753 0.8835623 0.8300753 0.8838752 0.8297789 0.8838475 0.8297006 0.8838528 0.8297035 0.8841581 0.8296964 0.8841664 0.8297728 0.8841664 0.8297728 0.8838813 0.8297829 0.8838528 0.8297035 0.8841529 0.8296898 0.8838475 0.8297006 0.8838752 0.8297789 0.8838752 0.8297789 0.8841603 0.8297707 0.8841529 0.8296898 0.8844259 0.8298386 0.8845398 0.8295859 0.8844604 0.8294194 0.8844604 0.8294194 0.884223 0.8298105 0.8844259 0.8298386 0.8844658 0.8294198 0.8845456 0.8295858 0.8844326 0.8298393 0.8844326 0.8298393 0.8842294 0.8298123 0.8844658 0.8294198 0.5693592 0.4723265 0.5693592 0.4926677 0.5590411 0.4930953 0.5590411 0.4930953 0.559039 0.471969 0.5693592 0.4723265 0.8845919 0.8299157 0.8846686 0.8296408 0.8845398 0.8295859 0.8845398 0.8295859 0.8844259 0.8298386 0.8845919 0.8299157 0.8845456 0.8295858 0.8846747 0.8296399 0.8845989 0.8299153 0.8845989 0.8299153 0.8844326 0.8298393 0.8845456 0.8295858 0.5768663 0.4719747 0.5768662 0.4929991 0.5693592 0.4926677 0.5693592 0.4926677 0.5693592 0.4723265 0.5768663 0.4719747 0.8847232 0.8299841 0.8847793 0.8296794 0.8846686 0.8296408 0.8846686 0.8296408 0.8845919 0.8299157 0.8847232 0.8299841 0.8846747 0.8296399 0.8847855 0.8296779 0.8847304 0.8299829 0.8847304 0.8299829 0.8845989 0.8299153 0.8846747 0.8296399 0.5794598 0.4736376 0.5794597 0.491553 0.5768662 0.4929991 0.5768662 0.4929991 0.5768663 0.4719747 0.5794598 0.4736376 0.8848289 0.8300223 0.8848867 0.8297144 0.8847793 0.8296794 0.8847793 0.8296794 0.8847232 0.8299841 0.8848289 0.8300223 0.8847855 0.8296779 0.884893 0.8297122 0.8848362 0.8300205 0.8848362 0.8300205 0.8847304 0.8299829 0.8847855 0.8296779 0.5814979 0.4750164 0.5814979 0.4907475 0.5794597 0.491553 0.5794597 0.491553 0.5794598 0.4736376 0.5814979 0.4750164 0.8850062 0.8300676 0.8849928 0.8297368 0.8848867 0.8297144 0.8848867 0.8297144 0.8848289 0.8300223 0.8850062 0.8300676 0.884893 0.8297122 0.8849992 0.829734 0.8850137 0.8300646 0.8850137 0.8300646 0.8848362 0.8300205 0.884893 0.8297122 0.5824089 0.4757805 0.5824089 0.4899619 0.5814979 0.4907475 0.5814979 0.4907475 0.5814979 0.4750164 0.5824089 0.4757805 0.8851306 0.8301107 0.8851587 0.8297316 0.8849928 0.8297368 0.8849928 0.8297368 0.8850062 0.8300676 0.8851306 0.8301107 0.8849992 0.829734 0.885165 0.8297277 0.8851381 0.8301069 0.8851381 0.8301069 0.8850137 0.8300646 0.8849992 0.829734 0.5840594 0.4773008 0.5840594 0.4875599 0.5824089 0.4899619 0.5824089 0.4899619 0.5824089 0.4757805 0.5840594 0.4773008 0.8852281 0.8301066 0.8852587 0.8297085 0.8851587 0.8297316 0.8851587 0.8297316 0.8851306 0.8301107 0.8852281 0.8301066 0.885165 0.8297277 0.8852574 0.829725 0.8852357 0.8301023 0.8852357 0.8301023 0.8851381 0.8301069 0.885165 0.8297277 0.5474541 0.4839748 0.5487737 0.4806635 0.5554509 0.4777152 0.5554509 0.4777152 0.5554509 0.4879743 0.5474541 0.4839748 0.8853358 0.8300742 0.8853415 0.8298161 0.8852587 0.8297085 0.8852587 0.8297085 0.8852281 0.8301066 0.8853358 0.8300742 0.8853456 0.8300577 0.8853431 0.8300693 0.8852357 0.8301023 0.8852357 0.8301023 0.8852574 0.829725 0.8853456 0.8300577 0.8853415 0.8298161 0.8853428 0.8297894 0.8852587 0.8297085 0.8853494 0.8297845 0.8853456 0.8300577 0.8852574 0.829725 0.8852574 0.829725 0.8852726 0.8296831 0.8853494 0.8297845 0.8853808 0.8300334 0.8853415 0.8298161 0.8853358 0.8300742 0.8853881 0.8300281 0.8853431 0.8300693 0.8853456 0.8300577 0.8853808 0.8300334 0.8853428 0.8297894 0.8853415 0.8298161 0.8853881 0.8300281 0.8853456 0.8300577 0.8853494 0.8297845 0.9332166 0.04413241 0.8737796 0.04995226 0.8998635 0.008328914 0.9336512 0.04457324 0.9004659 0.008630692 0.8742026 0.0501489 0.930109 0.02882766 0.9537301 0.0448299 0.9332166 0.04413241 0.930109 0.02882766 0.9332166 0.04413241 0.8998635 0.008328914 0.930109 0.02882766 0.8998635 0.008328914 0.9301093 0.0288276 0.9306153 0.02925562 0.9306153 0.02925562 0.9004659 0.008630692 0.9306153 0.02925562 0.9004659 0.008630692 0.9336512 0.04457324 0.9306153 0.02925562 0.9336512 0.04457324 0.9541215 0.04535758 0.7535133 0.5687488 0.7540955 0.5687462 0.7278841 0.6425979 0.7535133 0.5687488 0.7278841 0.6425979 0.7275125 0.6425562 0.7535133 0.5687488 0.7275125 0.6425562 0.7270296 0.64208 0.7535133 0.5687488 0.7270296 0.64208 0.7355479 0.6172451 0.7535133 0.5687488 0.7355479 0.6172451 0.7529867 0.5676503 0.7530519 0.5686485 0.7270647 0.6426061 0.6853519 0.5690979 0.7758835 0.1245033 0.78406 0.06572008 0.8109676 0.1244521 0.8826364 0.8089312 0.8832967 0.8091739 0.8834322 0.8088323 0.8834322 0.8088323 0.8826745 0.808559 0.8826364 0.8089312 0.8833828 0.8088254 0.8832495 0.8091662 0.8825877 0.8089249 0.8825877 0.8089249 0.8826234 0.8085544 0.8833828 0.8088254 0.8832497 0.8091675 0.8825877 0.8089267 0.8826364 0.8089294 0.8826364 0.8089294 0.8832967 0.8091727 0.8832497 0.8091675 0.8832967 0.8091739 0.8843725 0.8096737 0.8844192 0.8095051 0.8844192 0.8095051 0.8834322 0.8088323 0.8832967 0.8091739 0.8843742 0.8094952 0.8843284 0.8096637 0.8832495 0.8091662 0.8832495 0.8091662 0.8833828 0.8088254 0.8843742 0.8094952 0.8843725 0.8096737 0.8832967 0.8091739 0.8832495 0.8091662 0.8832495 0.8091662 0.8843284 0.8096637 0.8843725 0.8096737 0.7729529 0.05028772 0.8474621 0.0021196 0.9339663 0.005013227 0.9339663 0.005013227 0.9347146 0.04241448 0.7729529 0.05028772 0.9345838 0.005457639 0.9345838 0.005457639 0.8480938 0.002202332 0.8480938 0.002202332 0.7733603 0.05005866 0.9351572 0.04286164 0.9351572 0.04286164 0.9345838 0.005457639 0.8480938 0.002202332 0.5686295 0.04052007 0.5689411 0.02760833 0.5694479 0.006326138 0.5686295 0.04052007 0.5694479 0.006326138 0.5689411 0.02760839 0.9850912 0.02665615 0.9855014 0.04385387 0.935009 0.04650837 0.935009 0.04650837 0.9347146 0.04241448 0.9850912 0.02665615 0.9844852 0.005376279 0.9850912 0.02665615 0.9347146 0.04241448 0.9347146 0.04241448 0.9339663 0.005013227 0.9844852 0.005376279 0.9851003 0.006031811 0.9851003 0.006031811 0.9345838 0.005457639 0.9345838 0.005457639 0.9345838 0.005457639 0.9851003 0.006031811 0.9856069 0.02731406 0.9851003 0.006031811 0.9345838 0.005457639 0.9345838 0.005457639 0.9351572 0.04286164 0.9856069 0.02731406 0.9859366 0.04451316 0.9856069 0.02731406 0.9351572 0.04286164 0.9351572 0.04286164 0.9354326 0.04695677 0.9859366 0.04451316 0.5694467 0.02656108 0.5690745 0.03947138 0.6622043 0.04171514 0.6622043 0.04171514 0.6626145 0.02451741 0.5694467 0.02656108 0.5700525 0.005281269 0.5694467 0.02656108 0.6626145 0.02451741 0.6626145 0.02451741 0.6632205 0.003237545 0.5700525 0.005281269 0.6626054 0.003893136 0.6626054 0.003893136 0.5694479 0.006326138 0.5689411 0.02760839 0.5694479 0.006326138 0.6626054 0.003893136 0.6626054 0.003893136 0.6620988 0.02517533 0.5689411 0.02760839 0.5686295 0.04052007 0.5689411 0.02760839 0.6620988 0.02517533 0.6620988 0.02517533 0.661769 0.04237443 0.5686295 0.04052007 0.6864571 0.5692028 0.7278841 0.6425979 0.7540208 0.5687455 0.8109819 0.1245586 0.7845558 0.06822115 0.7758886 0.1245439 0.672106 0.01421874 0.6754953 0.02112478 0.7600675 0.03662121 0.7600675 0.03662121 0.674623 0.004032015 0.672106 0.01421874 0.9979731 0.501815 0.9979731 0.501815 0.9979731 0.5568749 0.9979731 0.5568749 0.9979731 0.501815 0.9979731 0.501815 0.4347434 0.501815 0.4347434 0.501815 0.4347434 0.5568749 0.4347434 0.5568749 0.4347434 0.501815 0.4347434 0.501815 0.6929293 0.1230618 0.6865593 0.08425271 0.692318 0.1244968 0.692318 0.1244968 0.7455167 0.1240013 0.6929293 0.1230618 0.708112 0.06561702 0.7393302 0.04979693 0.7472343 0.1239297 0.7472343 0.1239297 0.6920439 0.1228246 0.708112 0.06561702 0.8103885 0.5684255 0.7544394 0.5687396 0.7366642 0.6426014 0.8103885 0.5684255 0.7366642 0.6426014 0.7895588 0.6425884 0.7357821 0.6426095 0.7529762 0.566104 0.8048401 0.5671493 0.7357821 0.6426095 0.8048401 0.5671493 0.7887286 0.6425958 0.7382892 0.414876 0.7383251 0.4463339 0.7199624 0.4415204 0.7199624 0.4415204 0.7198451 0.4207418 0.7382892 0.414876 0.7198451 0.4207418 0.7199624 0.4415204 0.7197417 0.4298463 0.8723334 0.6425679 0.884542 0.5688129 0.8058792 0.5687735 0.8058792 0.5687735 0.7914807 0.6425879 0.8723334 0.6425679 0.8058792 0.5687735 0.7895038 0.6425884 0.7914807 0.6425879 0.7542331 0.5686502 0.8105342 0.5686476 0.7906525 0.6425952 0.7542331 0.5686502 0.7906525 0.6425952 0.7886738 0.6425958 0.7533528 0.5686423 0.7886738 0.6425958 0.7358548 0.6426095 0.7489995 0.1087156 0.7758886 0.1245439 0.7607518 0.03713595 0.7607518 0.03713595 0.7398807 0.05154579 0.7489995 0.1087156 0.1448035 0.7962143 0.1443094 0.6332723 0.1622118 0.6332723 0.1622118 0.6332723 0.1622118 0.7962142 0.1448035 0.7962143 0.1302936 0.7962142 0.1302936 0.6332723 0.1443094 0.6332723 0.1443094 0.6332723 0.1448035 0.7962143 0.1302936 0.7962142 0.1448035 0.7962143 0.1443094 0.6332723 0.1443094 0.6332723 0.1443094 0.6332723 0.1448035 0.7962143 0.1448035 0.7962143 0.1448035 0.7962143 0.1622118 0.7962142 0.1622117 0.9608267 0.1622117 0.9608267 0.1475487 0.9608267 0.1448035 0.7962143 0.1302936 0.7962142 0.1448035 0.7962143 0.1475487 0.9608267 0.1475487 0.9608267 0.1302936 0.9608267 0.1302936 0.7962142 0.1448035 0.7962143 0.1448035 0.7962143 0.1475487 0.9608267 0.1475487 0.9608267 0.1475487 0.9608267 0.1448035 0.7962143 0.1290729 0.9427073 0.1290729 0.9427073 0.1319641 0.5776348 0.1319641 0.5776348 0.1319641 0.5776348 0.1290729 0.9427073 0.1669891 0.945585 0.1669891 0.945585 0.1670024 0.5761958 0.1670024 0.5761958 0.1670024 0.5761958 0.1669891 0.945585 0.1290729 0.9427073 0.1669891 0.945585 0.1670024 0.5761958 0.1670024 0.5761958 0.1319641 0.5776348 0.1290729 0.9427073 0.1290729 0.9427073 0.1290729 0.9427073 0.1319641 0.5776348 0.1319641 0.5776348 0.1319641 0.5776348 0.1290729 0.9427073 0.1441236 0.5520538 0.1305029 0.567686 0.1438204 0.5776051 0.1438204 0.5776051 0.1573693 0.5680047 0.1441236 0.5520538 0.5891184 0.3564322 0.7277309 0.3564322 0.7277309 0.4950447 0.7277309 0.4950447 0.5891184 0.4950447 0.5891184 0.3564322 0.5891184 0.3564322 0.5891184 0.4950447 0.7277309 0.4950447 0.7277309 0.4950447 0.7277309 0.3564322 0.5891184 0.3564322 0.9373609 0.119254 0.9391917 0.1244376 0.9139044 0.1240814 0.9139044 0.1240814 0.9138423 0.1194396 0.9373609 0.119254 0.9391922 0.1244394 0.9391003 0.1243858 0.9374445 0.1197114 0.6108466 0.876704 0.5971683 0.9846264 0.6653949 0.9862603 0.6653949 0.9862603 0.667875 0.8766213 0.6108466 0.876704 0.6653949 0.9862603 0.7442064 0.9879217 0.7451508 0.8778579 0.7451508 0.8778579 0.667875 0.8766213 0.6653949 0.9862603 0.610448 0.7463376 0.6097871 0.8763456 0.6677231 0.8766209 0.6677231 0.8766209 0.6698662 0.7479052 0.610448 0.7463376 0.610448 0.7463376 0.6698662 0.7479052 0.6723257 0.6545674 0.6723257 0.6545674 0.6038624 0.6524249 0.610448 0.7463376 0.6677231 0.8766209 0.7450727 0.8777894 0.7418449 0.7499162 0.7418449 0.7499162 0.6698662 0.7479052 0.6677231 0.8766209 0.6723257 0.6545674 0.6698662 0.7479052 0.7418449 0.7499162 0.7418449 0.7499162 0.7459265 0.6575664 0.6723257 0.6545674 0.6068103 0.873838 0.6671865 0.8759979 0.6656853 0.985976 0.6656853 0.985976 0.6002425 0.984515 0.6068103 0.873838 0.6656853 0.985976 0.6671865 0.8759979 0.7453902 0.8758039 0.7453902 0.8758039 0.7446568 0.9877622 0.6656853 0.985976 0.6091156 0.7469213 0.6686398 0.7481665 0.6671865 0.8759979 0.6671865 0.8759979 0.6068103 0.873838 0.6091156 0.7469213 0.6091156 0.7469213 0.5996696 0.6522287 0.66952 0.6543782 0.66952 0.6543782 0.6686398 0.7481665 0.6091156 0.7469213 0.6671865 0.8759979 0.6686398 0.7481665 0.7449723 0.7520205 0.7449723 0.7520205 0.7453902 0.8758039 0.6671865 0.8759979 0.66952 0.6543782 0.7419793 0.6566797 0.7449723 0.7520205 0.7449723 0.7520205 0.6686398 0.7481665 0.66952 0.6543782 0.5264943 0.002085566 0.5452282 0.002249062 0.5454689 0.1376333 0.5264943 0.002085566 0.5454689 0.1376333 0.5408415 0.137593 0.5455685 0.3195773 0.5396875 0.319526 0.5309435 0.1375058 0.5408415 0.137593 0.5455685 0.3195773 0.5309435 0.1375058 0.5264943 0.002085566 0.5408415 0.137593 0.5309435 0.1375058 0.5264943 0.002085566 0.5309435 0.1375058 0.526735 0.1374691 0.5264943 0.002085566 0.5454689 0.1376333 0.5452282 0.002249062 0.5264943 0.002085566 0.5408415 0.137593 0.5454689 0.1376333 0.5309435 0.1375058 0.5396875 0.319526 0.5455685 0.3195773 0.5309435 0.1375058 0.5455685 0.3195773 0.5408415 0.137593 0.5309435 0.1375058 0.5408415 0.137593 0.5264943 0.002085566 0.5309435 0.1375058 0.5264943 0.002085566 0.526735 0.1374691 0.5309435 0.1375058 0.5309435 0.1375058 0.5396875 0.319526 0.5396875 0.319526 0.5396875 0.319526 0.5309435 0.1375058 0.5396875 0.319526 0.5396875 0.319526 0.5455685 0.3195773 0.5455685 0.3195773 0.5455685 0.3195773 0.5396875 0.319526 0.5455685 0.3195773 0.5455685 0.3195773 0.5408415 0.137593 0.5408415 0.137593 0.5408415 0.137593 0.5455685 0.3195773 0.5408415 0.137593 0.5408415 0.137593 0.5454689 0.1376333 0.526735 0.1374691 0.5309435 0.1375058 0.5309435 0.1375058 0.5454689 0.1376333 0.5452282 0.002249062 0.5264943 0.002085566 0.5264943 0.002085566 0.526735 0.1374691 0.5309435 0.1375058 0.5309435 0.1375058 0.5396875 0.319526 0.5455685 0.3195773 0.5309435 0.1375058 0.5455685 0.3195773 0.5408415 0.137593 0.5264943 0.002085566 0.5309435 0.1375058 0.5408415 0.137593 0.5454689 0.1376333 0.5264943 0.002085566 0.5408415 0.137593 0.5309435 0.1375058 0.526735 0.1374691 0.5264943 0.002085566 0.5309435 0.1375058 0.5264943 0.002085566 0.5408415 0.137593 0.5309435 0.1375058 0.5408415 0.137593 0.5455685 0.3195773 0.5309435 0.1375058 0.5455685 0.3195773 0.5396875 0.319526 0.5264943 0.002085566 0.5454689 0.1376333 0.5408415 0.137593 0.5264943 0.002085566 0.5452282 0.002249062 0.5454689 0.1376333 0.5309435 0.1375058 0.5396875 0.319526 0.5396875 0.319526 0.5396875 0.319526 0.5309435 0.1375058 0.5309435 0.1375058 0.5396875 0.319526 0.5455685 0.3195773 0.5455685 0.3195773 0.5455685 0.3195773 0.5396875 0.319526 0.5396875 0.319526 0.5455685 0.3195773 0.5408415 0.137593 0.5408415 0.137593 0.5408415 0.137593 0.5455685 0.3195773 0.5455685 0.3195773 0.5408415 0.137593 0.5454689 0.1376333 0.5408415 0.137593 0.526735 0.1374691 0.5309435 0.1375058 0.5309435 0.1375058 0.5264943 0.002085566 0.5452282 0.002249062 0.5454689 0.1376333 0.5264943 0.002085566 0.5454689 0.1376333 0.5408415 0.137593 0.5455685 0.3195773 0.5396875 0.319526 0.5309435 0.1375058 0.5408415 0.137593 0.5455685 0.3195773 0.5309435 0.1375058 0.5264943 0.002085566 0.5408415 0.137593 0.5309435 0.1375058 0.5264943 0.002085566 0.5309435 0.1375058 0.526735 0.1374691 0.5264943 0.002085566 0.5454689 0.1376333 0.5452282 0.002249062 0.5264943 0.002085566 0.5408415 0.137593 0.5454689 0.1376333 0.5309435 0.1375058 0.5396875 0.319526 0.5455685 0.3195773 0.5309435 0.1375058 0.5455685 0.3195773 0.5408415 0.137593 0.5309435 0.1375058 0.5408415 0.137593 0.5264943 0.002085566 0.5309435 0.1375058 0.5264943 0.002085566 0.526735 0.1374691 0.5309435 0.1375058 0.5309435 0.1375058 0.5396875 0.319526 0.5396875 0.319526 0.5396875 0.319526 0.5309435 0.1375058 0.5396875 0.319526 0.5396875 0.319526 0.5455685 0.3195773 0.5455685 0.3195773 0.5455685 0.3195773 0.5396875 0.319526 0.5455685 0.3195773 0.5455685 0.3195773 0.5408415 0.137593 0.5408415 0.137593 0.5408415 0.137593 0.5455685 0.3195773 0.5408415 0.137593 0.5408415 0.137593 0.5454689 0.1376333 0.526735 0.1374691 0.5309435 0.1375058 0.5309435 0.1375058 0.5454689 0.1376333 0.5452282 0.002249062 0.5264943 0.002085566 0.5264943 0.002085566 0.526735 0.1374691 0.5309435 0.1375058 0.5309435 0.1375058 0.5396875 0.319526 0.5455685 0.3195773 0.5309435 0.1375058 0.5455685 0.3195773 0.5408415 0.137593 0.5264943 0.002085566 0.5309435 0.1375058 0.5408415 0.137593 0.5454689 0.1376333 0.5264943 0.002085566 0.5408415 0.137593 0.5309435 0.1375058 0.526735 0.1374691 0.5264943 0.002085566 0.5309435 0.1375058 0.5264943 0.002085566 0.5408415 0.137593 0.5309435 0.1375058 0.5408415 0.137593 0.5455685 0.3195773 0.5309435 0.1375058 0.5455685 0.3195773 0.5396875 0.319526 0.5264943 0.002085566 0.5454689 0.1376333 0.5408415 0.137593 0.5264943 0.002085566 0.5452282 0.002249062 0.5454689 0.1376333 0.5309435 0.1375058 0.5396875 0.319526 0.5396875 0.319526 0.5396875 0.319526 0.5309435 0.1375058 0.5309435 0.1375058 0.5396875 0.319526 0.5455685 0.3195773 0.5455685 0.3195773 0.5455685 0.3195773 0.5396875 0.319526 0.5396875 0.319526 0.5455685 0.3195773 0.5408415 0.137593 0.5408415 0.137593 0.5408415 0.137593 0.5455685 0.3195773 0.5455685 0.3195773 0.5408415 0.137593 0.5454689 0.1376333 0.5408415 0.137593 0.526735 0.1374691 0.5309435 0.1375058 0.5309435 0.1375058 0.5264943 0.002085566 0.5452282 0.002249062 0.5454689 0.1376333 0.5264943 0.002085566 0.5454689 0.1376333 0.5408415 0.137593 0.5455685 0.3195773 0.5396875 0.319526 0.5309435 0.1375058 0.5408415 0.137593 0.5455685 0.3195773 0.5309435 0.1375058 0.5264943 0.002085566 0.5408415 0.137593 0.5309435 0.1375058 0.5264943 0.002085566 0.5309435 0.1375058 0.526735 0.1374691 0.5264943 0.002085566 0.5454689 0.1376333 0.5452282 0.002249062 0.5264943 0.002085566 0.5408415 0.137593 0.5454689 0.1376333 0.5309435 0.1375058 0.5396875 0.319526 0.5455685 0.3195773 0.5309435 0.1375058 0.5455685 0.3195773 0.5408415 0.137593 0.5309435 0.1375058 0.5408415 0.137593 0.5264943 0.002085566 0.5309435 0.1375058 0.5264943 0.002085566 0.526735 0.1374691 0.5309435 0.1375058 0.5309435 0.1375058 0.5396875 0.319526 0.5396875 0.319526 0.5396875 0.319526 0.5309435 0.1375058 0.5396875 0.319526 0.5396875 0.319526 0.5455685 0.3195773 0.5455685 0.3195773 0.5455685 0.3195773 0.5396875 0.319526 0.5455685 0.3195773 0.5455685 0.3195773 0.5408415 0.137593 0.5408415 0.137593 0.5408415 0.137593 0.5455685 0.3195773 0.5408415 0.137593 0.5408415 0.137593 0.5454689 0.1376333 0.526735 0.1374691 0.5309435 0.1375058 0.5309435 0.1375058 0.5454689 0.1376333 0.5452282 0.002249062 0.5264943 0.002085566 0.5264943 0.002085566 0.526735 0.1374691 0.5309435 0.1375058 0.5309435 0.1375058 0.5396875 0.319526 0.5455685 0.3195773 0.5309435 0.1375058 0.5455685 0.3195773 0.5408415 0.137593 0.5264943 0.002085566 0.5309435 0.1375058 0.5408415 0.137593 0.5454689 0.1376333 0.5264943 0.002085566 0.5408415 0.137593 0.5309435 0.1375058 0.526735 0.1374691 0.5264943 0.002085566 0.5309435 0.1375058 0.5264943 0.002085566 0.5408415 0.137593 0.5309435 0.1375058 0.5408415 0.137593 0.5455685 0.3195773 0.5309435 0.1375058 0.5455685 0.3195773 0.5396875 0.319526 0.5264943 0.002085566 0.5454689 0.1376333 0.5408415 0.137593 0.5264943 0.002085566 0.5452282 0.002249062 0.5454689 0.1376333 0.5309435 0.1375058 0.5396875 0.319526 0.5396875 0.319526 0.5396875 0.319526 0.5309435 0.1375058 0.5309435 0.1375058 0.5396875 0.319526 0.5455685 0.3195773 0.5455685 0.3195773 0.5455685 0.3195773 0.5396875 0.319526 0.5396875 0.319526 0.5455685 0.3195773 0.5408415 0.137593 0.5408415 0.137593 0.5408415 0.137593 0.5455685 0.3195773 0.5455685 0.3195773 0.5408415 0.137593 0.5454689 0.1376333 0.5408415 0.137593 0.526735 0.1374691 0.5309435 0.1375058 0.5309435 0.1375058 0.5264943 0.002085566 0.5452282 0.002249062 0.5454689 0.1376333 0.5264943 0.002085566 0.5454689 0.1376333 0.5408415 0.137593 0.5455685 0.3195773 0.5396875 0.319526 0.5309435 0.1375058 0.5408415 0.137593 0.5455685 0.3195773 0.5309435 0.1375058 0.5264943 0.002085566 0.5408415 0.137593 0.5309435 0.1375058 0.5264943 0.002085566 0.5309435 0.1375058 0.526735 0.1374691 0.5264943 0.002085566 0.5454689 0.1376333 0.5452282 0.002249062 0.5264943 0.002085566 0.5408415 0.137593 0.5454689 0.1376333 0.5309435 0.1375058 0.5396875 0.319526 0.5455685 0.3195773 0.5309435 0.1375058 0.5455685 0.3195773 0.5408415 0.137593 0.5309435 0.1375058 0.5408415 0.137593 0.5264943 0.002085566 0.5309435 0.1375058 0.5264943 0.002085566 0.526735 0.1374691 0.5309435 0.1375058 0.5309435 0.1375058 0.5396875 0.319526 0.5396875 0.319526 0.5396875 0.319526 0.5309435 0.1375058 0.5396875 0.319526 0.5396875 0.319526 0.5455685 0.3195773 0.5455685 0.3195773 0.5455685 0.3195773 0.5396875 0.319526 0.5455685 0.3195773 0.5455685 0.3195773 0.5408415 0.137593 0.5408415 0.137593 0.5408415 0.137593 0.5455685 0.3195773 0.5408415 0.137593 0.5408415 0.137593 0.5454689 0.1376333 0.526735 0.1374691 0.5309435 0.1375058 0.5309435 0.1375058 0.5454689 0.1376333 0.5452282 0.002249062 0.5264943 0.002085566 0.5264943 0.002085566 0.526735 0.1374691 0.5309435 0.1375058 0.5309435 0.1375058 0.5396875 0.319526 0.5455685 0.3195773 0.5309435 0.1375058 0.5455685 0.3195773 0.5408415 0.137593 0.5264943 0.002085566 0.5309435 0.1375058 0.5408415 0.137593 0.5454689 0.1376333 0.5264943 0.002085566 0.5408415 0.137593 0.5309435 0.1375058 0.526735 0.1374691 0.5264943 0.002085566 0.5309435 0.1375058 0.5264943 0.002085566 0.5408415 0.137593 0.5309435 0.1375058 0.5408415 0.137593 0.5455685 0.3195773 0.5309435 0.1375058 0.5455685 0.3195773 0.5396875 0.319526 0.5264943 0.002085566 0.5454689 0.1376333 0.5408415 0.137593 0.5264943 0.002085566 0.5452282 0.002249062 0.5454689 0.1376333 0.5309435 0.1375058 0.5396875 0.319526 0.5396875 0.319526 0.5396875 0.319526 0.5309435 0.1375058 0.5309435 0.1375058 0.5396875 0.319526 0.5455685 0.3195773 0.5455685 0.3195773 0.5455685 0.3195773 0.5396875 0.319526 0.5396875 0.319526 0.5455685 0.3195773 0.5408415 0.137593 0.5408415 0.137593 0.5408415 0.137593 0.5455685 0.3195773 0.5455685 0.3195773 0.5408415 0.137593 0.5454689 0.1376333 0.5408415 0.137593 0.526735 0.1374691 0.5309435 0.1375058 0.5309435 0.1375058 0.5264943 0.002085566 0.5452282 0.002249062 0.5454689 0.1376333 0.5264943 0.002085566 0.5454689 0.1376333 0.5408415 0.137593 0.5455685 0.3195773 0.5396875 0.319526 0.5309435 0.1375058 0.5408415 0.137593 0.5455685 0.3195773 0.5309435 0.1375058 0.5264943 0.002085566 0.5408415 0.137593 0.5309435 0.1375058 0.5264943 0.002085566 0.5309435 0.1375058 0.526735 0.1374691 0.5264943 0.002085566 0.5454689 0.1376333 0.5452282 0.002249062 0.5264943 0.002085566 0.5408415 0.137593 0.5454689 0.1376333 0.5309435 0.1375058 0.5396875 0.319526 0.5455685 0.3195773 0.5309435 0.1375058 0.5455685 0.3195773 0.5408415 0.137593 0.5309435 0.1375058 0.5408415 0.137593 0.5264943 0.002085566 0.5309435 0.1375058 0.5264943 0.002085566 0.526735 0.1374691 0.5309435 0.1375058 0.5309435 0.1375058 0.5396875 0.319526 0.5396875 0.319526 0.5396875 0.319526 0.5309435 0.1375058 0.5396875 0.319526 0.5396875 0.319526 0.5455685 0.3195773 0.5455685 0.3195773 0.5455685 0.3195773 0.5396875 0.319526 0.5455685 0.3195773 0.5455685 0.3195773 0.5408415 0.137593 0.5408415 0.137593 0.5408415 0.137593 0.5455685 0.3195773 0.5408415 0.137593 0.5408415 0.137593 0.5454689 0.1376333 0.526735 0.1374691 0.5309435 0.1375058 0.5309435 0.1375058 0.5264943 0.002085566 0.5452282 0.002249062 0.5454689 0.1376333 0.5264943 0.002085566 0.5454689 0.1376333 0.5408415 0.137593 0.5455685 0.3195773 0.5396875 0.319526 0.5309435 0.1375058 0.5408415 0.137593 0.5455685 0.3195773 0.5309435 0.1375058 0.5264943 0.002085566 0.5408415 0.137593 0.5309435 0.1375058 0.5264943 0.002085566 0.5309435 0.1375058 0.526735 0.1374691 0.5264943 0.002085566 0.5454689 0.1376333 0.5452282 0.002249062 0.5264943 0.002085566 0.5408415 0.137593 0.5454689 0.1376333 0.5309435 0.1375058 0.5396875 0.319526 0.5455685 0.3195773 0.5309435 0.1375058 0.5455685 0.3195773 0.5408415 0.137593 0.5309435 0.1375058 0.5408415 0.137593 0.5264943 0.002085566 0.5309435 0.1375058 0.5264943 0.002085566 0.526735 0.1374691 0.5309435 0.1375058 0.5309435 0.1375058 0.5396875 0.319526 0.5396875 0.319526 0.5396875 0.319526 0.5309435 0.1375058 0.5396875 0.319526 0.5396875 0.319526 0.5455685 0.3195773 0.5455685 0.3195773 0.5455685 0.3195773 0.5396875 0.319526 0.5455685 0.3195773 0.5455685 0.3195773 0.5408415 0.137593 0.5408415 0.137593 0.5408415 0.137593 0.5455685 0.3195773 0.5408415 0.137593 0.5408415 0.137593 0.5454689 0.1376333 0.526735 0.1374691 0.5309435 0.1375058 0.5309435 0.1375058 0.5454689 0.1376333 0.5452282 0.002249062 0.5264943 0.002085566 0.5264943 0.002085566 0.526735 0.1374691 0.5309435 0.1375058 0.5309435 0.1375058 0.5396875 0.319526 0.5455685 0.3195773 0.5309435 0.1375058 0.5455685 0.3195773 0.5408415 0.137593 0.5264943 0.002085566 0.5309435 0.1375058 0.5408415 0.137593 0.5454689 0.1376333 0.5264943 0.002085566 0.5408415 0.137593 0.5264943 0.002085566 0.5452282 0.002249062 0.5454689 0.1376333 0.5264943 0.002085566 0.5454689 0.1376333 0.5408415 0.137593 0.5309435 0.1375058 0.526735 0.1374691 0.5264943 0.002085566 0.5309435 0.1375058 0.5264943 0.002085566 0.5408415 0.137593 0.5309435 0.1375058 0.5408415 0.137593 0.5455685 0.3195773 0.5309435 0.1375058 0.5455685 0.3195773 0.5396875 0.319526 0.5309435 0.1375058 0.5396875 0.319526 0.5396875 0.319526 0.5396875 0.319526 0.5309435 0.1375058 0.5309435 0.1375058 0.5396875 0.319526 0.5455685 0.3195773 0.5455685 0.3195773 0.5455685 0.3195773 0.5396875 0.319526 0.5396875 0.319526 0.5455685 0.3195773 0.5408415 0.137593 0.5408415 0.137593 0.5408415 0.137593 0.5455685 0.3195773 0.5455685 0.3195773 0.5408415 0.137593 0.5454689 0.1376333 0.5408415 0.137593 0.526735 0.1374691 0.5309435 0.1375058 0.5309435 0.1375058 0.5264943 0.002085566 0.5452282 0.002249062 0.5454689 0.1376333 0.5264943 0.002085566 0.5454689 0.1376333 0.5408415 0.137593 0.5455685 0.3195773 0.5396875 0.319526 0.5309435 0.1375058 0.5408415 0.137593 0.5455685 0.3195773 0.5309435 0.1375058 0.5264943 0.002085566 0.5408415 0.137593 0.5309435 0.1375058 0.5264943 0.002085566 0.5309435 0.1375058 0.526735 0.1374691 0.5309435 0.1375058 0.5396875 0.319526 0.5455685 0.3195773 0.5309435 0.1375058 0.5455685 0.3195773 0.5408415 0.137593 0.5309435 0.1375058 0.5408415 0.137593 0.5264943 0.002085566 0.5309435 0.1375058 0.5264943 0.002085566 0.526735 0.1374691 0.5264943 0.002085566 0.5408415 0.137593 0.5454689 0.1376333 0.5264943 0.002085566 0.5454689 0.1376333 0.5452282 0.002249062 0.5309435 0.1375058 0.5309435 0.1375058 0.5396875 0.319526 0.5396875 0.319526 0.5396875 0.319526 0.5309435 0.1375058 0.5396875 0.319526 0.5396875 0.319526 0.5455685 0.3195773 0.5455685 0.3195773 0.5455685 0.3195773 0.5396875 0.319526 0.5455685 0.3195773 0.5455685 0.3195773 0.5408415 0.137593 0.5408415 0.137593 0.5408415 0.137593 0.5455685 0.3195773 0.5408415 0.137593 0.5408415 0.137593 0.5454689 0.1376333 0.526735 0.1374691 0.5309435 0.1375058 0.5309435 0.1375058 0.5454689 0.1376333 0.5452282 0.002249062 0.5264943 0.002085566 0.5264943 0.002085566 0.526735 0.1374691 0.5309435 0.1375058 0.5309435 0.1375058 0.5396875 0.319526 0.5455685 0.3195773 0.5309435 0.1375058 0.5455685 0.3195773 0.5408415 0.137593 0.5264943 0.002085566 0.5309435 0.1375058 0.5408415 0.137593 0.5454689 0.1376333 0.5264943 0.002085566 0.5408415 0.137593 0.5264943 0.002085566 0.5452282 0.002249062 0.5454689 0.1376333 0.5264943 0.002085566 0.5454689 0.1376333 0.5408415 0.137593 0.5309435 0.1375058 0.526735 0.1374691 0.5264943 0.002085566 0.5309435 0.1375058 0.5264943 0.002085566 0.5408415 0.137593 0.5309435 0.1375058 0.5408415 0.137593 0.5455685 0.3195773 0.5309435 0.1375058 0.5455685 0.3195773 0.5396875 0.319526 0.5309435 0.1375058 0.5396875 0.319526 0.5396875 0.319526 0.5396875 0.319526 0.5309435 0.1375058 0.5309435 0.1375058 0.5396875 0.319526 0.5455685 0.3195773 0.5455685 0.3195773 0.5455685 0.3195773 0.5396875 0.319526 0.5396875 0.319526 0.5455685 0.3195773 0.5408415 0.137593 0.5408415 0.137593 0.5408415 0.137593 0.5455685 0.3195773 0.5455685 0.3195773 0.5408415 0.137593 0.5454689 0.1376333 0.5408415 0.137593 0.526735 0.1374691 0.5309435 0.1375058 0.5309435 0.1375058 0.5264943 0.002085566 0.5452282 0.002249062 0.5454689 0.1376333 0.5264943 0.002085566 0.5454689 0.1376333 0.5408415 0.137593 0.5455685 0.3195773 0.5396875 0.319526 0.5309435 0.1375058 0.5408415 0.137593 0.5455685 0.3195773 0.5309435 0.1375058 0.5264943 0.002085566 0.5408415 0.137593 0.5309435 0.1375058 0.5264943 0.002085566 0.5309435 0.1375058 0.526735 0.1374691 0.5309435 0.1375058 0.5396875 0.319526 0.5455685 0.3195773 0.5309435 0.1375058 0.5455685 0.3195773 0.5408415 0.137593 0.5309435 0.1375058 0.5408415 0.137593 0.5264943 0.002085566 0.5309435 0.1375058 0.5264943 0.002085566 0.526735 0.1374691 0.5264943 0.002085566 0.5408415 0.137593 0.5454689 0.1376333 0.5264943 0.002085566 0.5454689 0.1376333 0.5452282 0.002249062 0.5309435 0.1375058 0.5309435 0.1375058 0.5396875 0.319526 0.5396875 0.319526 0.5396875 0.319526 0.5309435 0.1375058 0.5396875 0.319526 0.5396875 0.319526 0.5455685 0.3195773 0.5455685 0.3195773 0.5455685 0.3195773 0.5396875 0.319526 0.5455685 0.3195773 0.5455685 0.3195773 0.5408415 0.137593 0.5408415 0.137593 0.5408415 0.137593 0.5455685 0.3195773 0.5408415 0.137593 0.5408415 0.137593 0.5454689 0.1376333 0.526735 0.1374691 0.5309435 0.1375058 0.5309435 0.1375058 0.5454689 0.1376333 0.5452282 0.002249062 0.5264943 0.002085566 0.5264943 0.002085566 0.526735 0.1374691 0.5309435 0.1375058 0.5309435 0.1375058 0.5396875 0.319526 0.5455685 0.3195773 0.5309435 0.1375058 0.5455685 0.3195773 0.5408415 0.137593 0.5264943 0.002085566 0.5309435 0.1375058 0.5408415 0.137593 0.5454689 0.1376333 0.5264943 0.002085566 0.5408415 0.137593 0.5264943 0.002085566 0.5452282 0.002249062 0.5454689 0.1376333 0.5264943 0.002085566 0.5454689 0.1376333 0.5408415 0.137593 0.5309435 0.1375058 0.526735 0.1374691 0.5264943 0.002085566 0.5309435 0.1375058 0.5264943 0.002085566 0.5408415 0.137593 0.5309435 0.1375058 0.5408415 0.137593 0.5455685 0.3195773 0.5309435 0.1375058 0.5455685 0.3195773 0.5396875 0.319526 0.5309435 0.1375058 0.5396875 0.319526 0.5396875 0.319526 0.5396875 0.319526 0.5309435 0.1375058 0.5309435 0.1375058 0.5396875 0.319526 0.5455685 0.3195773 0.5455685 0.3195773 0.5455685 0.3195773 0.5396875 0.319526 0.5396875 0.319526 0.5455685 0.3195773 0.5408415 0.137593 0.5408415 0.137593 0.5408415 0.137593 0.5455685 0.3195773 0.5455685 0.3195773 0.5408415 0.137593 0.5454689 0.1376333 0.5408415 0.137593 0.526735 0.1374691 0.5309435 0.1375058 0.5309435 0.1375058 0.5264943 0.002085566 0.5452282 0.002249062 0.5454689 0.1376333 0.5264943 0.002085566 0.5454689 0.1376333 0.5408415 0.137593 0.5455685 0.3195773 0.5396875 0.319526 0.5309435 0.1375058 0.5408415 0.137593 0.5455685 0.3195773 0.5309435 0.1375058 0.5264943 0.002085566 0.5408415 0.137593 0.5309435 0.1375058 0.5264943 0.002085566 0.5309435 0.1375058 0.526735 0.1374691 0.5309435 0.1375058 0.5396875 0.319526 0.5455685 0.3195773 0.5309435 0.1375058 0.5455685 0.3195773 0.5408415 0.137593 0.5309435 0.1375058 0.5408415 0.137593 0.5264943 0.002085566 0.5309435 0.1375058 0.5264943 0.002085566 0.526735 0.1374691 0.5264943 0.002085566 0.5408415 0.137593 0.5454689 0.1376333 0.5264943 0.002085566 0.5454689 0.1376333 0.5452282 0.002249062 0.5309435 0.1375058 0.5309435 0.1375058 0.5396875 0.319526 0.5396875 0.319526 0.5396875 0.319526 0.5309435 0.1375058 0.5396875 0.319526 0.5396875 0.319526 0.5455685 0.3195773 0.5455685 0.3195773 0.5455685 0.3195773 0.5396875 0.319526 0.5455685 0.3195773 0.5455685 0.3195773 0.5408415 0.137593 0.5408415 0.137593 0.5408415 0.137593 0.5455685 0.3195773 0.5408415 0.137593 0.5408415 0.137593 0.5454689 0.1376333 0.526735 0.1374691 0.5309435 0.1375058 0.5309435 0.1375058 0.5454689 0.1376333 0.5452282 0.002249062 0.5264943 0.002085566 0.5264943 0.002085566 0.526735 0.1374691 0.5309435 0.1375058 0.5309435 0.1375058 0.5396875 0.319526 0.5455685 0.3195773 0.5309435 0.1375058 0.5455685 0.3195773 0.5408415 0.137593 0.5264943 0.002085566 0.5309435 0.1375058 0.5408415 0.137593 0.5454689 0.1376333 0.5264943 0.002085566 0.5408415 0.137593 0.5264943 0.002085566 0.5452282 0.002249062 0.5454689 0.1376333 0.5264943 0.002085566 0.5454689 0.1376333 0.5408415 0.137593 0.5309435 0.1375058 0.526735 0.1374691 0.5264943 0.002085566 0.5309435 0.1375058 0.5264943 0.002085566 0.5408415 0.137593 0.5309435 0.1375058 0.5408415 0.137593 0.5455685 0.3195773 0.5309435 0.1375058 0.5455685 0.3195773 0.5396875 0.319526 0.5309435 0.1375058 0.5396875 0.319526 0.5396875 0.319526 0.5396875 0.319526 0.5309435 0.1375058 0.5309435 0.1375058 0.5396875 0.319526 0.5455685 0.3195773 0.5455685 0.3195773 0.5455685 0.3195773 0.5396875 0.319526 0.5396875 0.319526 0.5455685 0.3195773 0.5408415 0.137593 0.5408415 0.137593 0.5408415 0.137593 0.5455685 0.3195773 0.5455685 0.3195773 0.5408415 0.137593 0.5454689 0.1376333 0.5408415 0.137593 0.526735 0.1374691 0.5309435 0.1375058 0.5309435 0.1375058 0.5264943 0.002085566 0.5452282 0.002249062 0.5454689 0.1376333 0.5264943 0.002085566 0.5454689 0.1376333 0.5408415 0.137593 0.5455685 0.3195773 0.5396875 0.319526 0.5309435 0.1375058 0.5408415 0.137593 0.5455685 0.3195773 0.5309435 0.1375058 0.5264943 0.002085566 0.5408415 0.137593 0.5309435 0.1375058 0.5264943 0.002085566 0.5309435 0.1375058 0.526735 0.1374691 0.5309435 0.1375058 0.5396875 0.319526 0.5455685 0.3195773 0.5309435 0.1375058 0.5455685 0.3195773 0.5408415 0.137593 0.5309435 0.1375058 0.5408415 0.137593 0.5264943 0.002085566 0.5309435 0.1375058 0.5264943 0.002085566 0.526735 0.1374691 0.5264943 0.002085566 0.5408415 0.137593 0.5454689 0.1376333 0.5264943 0.002085566 0.5454689 0.1376333 0.5452282 0.002249062 0.5309435 0.1375058 0.5309435 0.1375058 0.5396875 0.319526 0.5396875 0.319526 0.5396875 0.319526 0.5309435 0.1375058 0.5396875 0.319526 0.5396875 0.319526 0.5455685 0.3195773 0.5455685 0.3195773 0.5455685 0.3195773 0.5396875 0.319526 0.5455685 0.3195773 0.5455685 0.3195773 0.5408415 0.137593 0.5408415 0.137593 0.5408415 0.137593 0.5455685 0.3195773 0.5408415 0.137593 0.5408415 0.137593 0.5454689 0.1376333 0.526735 0.1374691 0.5309435 0.1375058 0.5309435 0.1375058 0.5454689 0.1376333 0.5452282 0.002249062 0.5264943 0.002085566 0.5264943 0.002085566 0.526735 0.1374691 0.5309435 0.1375058 0.5309435 0.1375058 0.5396875 0.319526 0.5455685 0.3195773 0.5309435 0.1375058 0.5455685 0.3195773 0.5408415 0.137593 0.5264943 0.002085566 0.5309435 0.1375058 0.5408415 0.137593 0.5454689 0.1376333 0.5264943 0.002085566 0.5408415 0.137593 0.5264943 0.002085566 0.5452282 0.002249062 0.5454689 0.1376333 0.5264943 0.002085566 0.5454689 0.1376333 0.5408415 0.137593 0.5309435 0.1375058 0.526735 0.1374691 0.5264943 0.002085566 0.5309435 0.1375058 0.5264943 0.002085566 0.5408415 0.137593 0.5309435 0.1375058 0.5408415 0.137593 0.5455685 0.3195773 0.5309435 0.1375058 0.5455685 0.3195773 0.5396875 0.319526 0.5309435 0.1375058 0.5396875 0.319526 0.5396875 0.319526 0.5396875 0.319526 0.5309435 0.1375058 0.5309435 0.1375058 0.5396875 0.319526 0.5455685 0.3195773 0.5455685 0.3195773 0.5455685 0.3195773 0.5396875 0.319526 0.5396875 0.319526 0.5455685 0.3195773 0.5408415 0.137593 0.5408415 0.137593 0.5408415 0.137593 0.5455685 0.3195773 0.5455685 0.3195773 0.5408415 0.137593 0.5454689 0.1376333 0.5408415 0.137593 0.526735 0.1374691 0.5309435 0.1375058 0.5309435 0.1375058 0.5454689 0.1376333 0.5452282 0.002249062 0.5264943 0.002085566 0.5264943 0.002085566 0.526735 0.1374691 0.5309435 0.1375058 0.5309435 0.1375058 0.5396875 0.319526 0.5455685 0.3195773 0.5309435 0.1375058 0.5455685 0.3195773 0.5408415 0.137593 0.5264943 0.002085566 0.5309435 0.1375058 0.5408415 0.137593 0.5454689 0.1376333 0.5264943 0.002085566 0.5408415 0.137593 0.5264943 0.002085566 0.5452282 0.002249062 0.5454689 0.1376333 0.5264943 0.002085566 0.5454689 0.1376333 0.5408415 0.137593 0.5309435 0.1375058 0.526735 0.1374691 0.5264943 0.002085566 0.5309435 0.1375058 0.5264943 0.002085566 0.5408415 0.137593 0.5309435 0.1375058 0.5408415 0.137593 0.5455685 0.3195773 0.5309435 0.1375058 0.5455685 0.3195773 0.5396875 0.319526 0.5309435 0.1375058 0.5396875 0.319526 0.5396875 0.319526 0.5396875 0.319526 0.5309435 0.1375058 0.5309435 0.1375058 0.5396875 0.319526 0.5455685 0.3195773 0.5455685 0.3195773 0.5455685 0.3195773 0.5396875 0.319526 0.5396875 0.319526 0.5455685 0.3195773 0.5408415 0.137593 0.5408415 0.137593 0.5408415 0.137593 0.5455685 0.3195773 0.5455685 0.3195773 0.5408415 0.137593 0.5454689 0.1376333 0.5408415 0.137593 0.526735 0.1374691 0.5309435 0.1375058 0.5309435 0.1375058 0.7892467 0.1626625 0.8021841 0.1507773 0.7947971 0.1545266 0.7945032 0.1550434 0.7943906 0.1545575 0.8017529 0.1507863 0.8017529 0.1507863 0.7888936 0.1627099 0.7945032 0.1550434 0.7923967 0.1571072 0.7892467 0.1626625 0.7947971 0.1545266 0.7920071 0.1571453 0.7943906 0.1545575 0.7945032 0.1550434 0.7920071 0.1571453 0.7945032 0.1550434 0.7888936 0.1627099 0.395905 0.5546196 0.3250449 0.5471271 0.3268721 0.733537 0.3268721 0.733537 0.3968778 0.7334956 0.395905 0.5546196 0.3960228 0.5533966 0.3969957 0.7322728 0.3269899 0.7323141 0.3269899 0.7323141 0.3251628 0.5459042 0.3960228 0.5533966 0.3250449 0.5471271 0.2616509 0.5428825 0.2606968 0.7265051 0.2606968 0.7265051 0.3268721 0.733537 0.3250449 0.5471271 0.3269899 0.7323141 0.2606824 0.7253 0.2616365 0.5416774 0.2616365 0.5416774 0.3251628 0.5459042 0.3269899 0.7323141 0.3932843 0.5528792 0.3470321 0.5600394 0.349038 0.5449616 0.349038 0.5449616 0.3836933 0.5385466 0.3932843 0.5528792 0.3960228 0.5533966 0.3969957 0.7322728 0.3269899 0.7323141 0.3269899 0.7323141 0.3251628 0.5459042 0.3960228 0.5533966 0.395905 0.5546196 0.3250449 0.5471271 0.3268721 0.733537 0.3268721 0.733537 0.3968778 0.7334956 0.395905 0.5546196 0.2669999 0.5449616 0.2690058 0.5600394 0.2227534 0.5528792 0.2227534 0.5528792 0.2323445 0.5385466 0.2669999 0.5449616 0.3080188 0.5612648 0.3470321 0.5600394 0.343421 0.7339824 0.343421 0.7339824 0.3080189 0.7339824 0.3080188 0.5612648 0.3080188 0.5464591 0.349038 0.5449616 0.3470321 0.5600394 0.3470321 0.5600394 0.3080188 0.5612648 0.3080188 0.5464591 0.2690058 0.5600394 0.3080188 0.5612648 0.3080189 0.7339824 0.3080189 0.7339824 0.2726169 0.7339824 0.2690058 0.5600394 0.2669999 0.5449616 0.3080188 0.5464591 0.3080188 0.5612648 0.3080188 0.5612648 0.2690058 0.5600394 0.2669999 0.5449616 0.3251628 0.5459042 0.3269899 0.7323141 0.2606824 0.7253 0.2606824 0.7253 0.2616365 0.5416774 0.3251628 0.5459042 0.3268721 0.733537 0.3250449 0.5471271 0.2616509 0.5428825 0.2616509 0.5428825 0.2606968 0.7265051 0.3268721 0.733537 0.2231991 0.5538381 0.2705819 0.5603255 0.2664739 0.5458579 0.2664739 0.5458579 0.2337749 0.5383562 0.2231991 0.5538381 0.3477306 0.5610085 0.3928593 0.5541794 0.3827266 0.5412414 0.3827266 0.5412414 0.3484327 0.5435495 0.3477306 0.5610085 0.3076226 0.5613499 0.3477306 0.5610085 0.3484327 0.5435495 0.3484327 0.5435495 0.3072539 0.548743 0.3076226 0.5613499 0.2705819 0.5603255 0.3076226 0.5613499 0.3072539 0.548743 0.3072539 0.548743 0.2664739 0.5458579 0.2705819 0.5603255 0.1290729 0.9427073 0.1290729 0.9427073 0.1319641 0.5776348 0.1319641 0.5776348 0.1319641 0.5776348 0.1290729 0.9427073 0.1669891 0.945585 0.1669891 0.945585 0.1670024 0.5761958 0.1670024 0.5761958 0.1670024 0.5761958 0.1669891 0.945585 0.1290729 0.9427073 0.1669891 0.945585 0.1670024 0.5761958 0.1670024 0.5761958 0.1319641 0.5776348 0.1290729 0.9427073 0.1290729 0.9427073 0.1290729 0.9427073 0.1319641 0.5776348 0.1319641 0.5776348 0.1319641 0.5776348 0.1290729 0.9427073 0.1441236 0.5520538 0.1305029 0.567686 0.1438204 0.5776051 0.1438204 0.5776051 0.1573693 0.5680047 0.1441236 0.5520538 0.8944153 0.5686438 0.8715844 0.6425742 0.7906525 0.6425952 0.7906525 0.6425952 0.8105342 0.5686476 0.8944153 0.5686438 0.7382892 0.414876 0.7662186 0.4060152 0.7662197 0.4536461 0.7662197 0.4536461 0.7383251 0.4463339 0.7382892 0.414876 0.4526289 0.7048544 0.4121067 0.7048544 0.4121351 0.7413108 0.4121351 0.7413108 0.4524998 0.7413108 0.4526289 0.7048544 0.4527018 0.7047014 0.4525726 0.7411578 0.4122079 0.7411578 0.4122079 0.7411578 0.4121795 0.7047014 0.4527018 0.7047014 0.4526289 0.7048544 0.4121067 0.7048544 0.4121351 0.7413108 0.4121351 0.7413108 0.4524998 0.7413108 0.4526289 0.7048544 0.4527018 0.7047014 0.4525726 0.7411578 0.4122079 0.7411578 0.4122079 0.7411578 0.4121795 0.7047014 0.4527018 0.7047014 0.4121351 0.7413108 0.4121067 0.7048544 0.4526289 0.7048544 0.4526289 0.7048544 0.4524998 0.7413108 0.4121351 0.7413108 0.4122079 0.7411578 0.4525726 0.7411578 0.4527018 0.7047014 0.4527018 0.7047014 0.4121795 0.7047014 0.4122079 0.7411578 0.4121351 0.7413108 0.4121067 0.7048544 0.4526289 0.7048544 0.4526289 0.7048544 0.4524998 0.7413108 0.4121351 0.7413108 0.4122079 0.7411578 0.4525726 0.7411578 0.4527018 0.7047014 0.4527018 0.7047014 0.4121795 0.7047014 0.4122079 0.7411578 0.4347434 0.5568749 0.4347434 0.501815 0.9261582 0.5019728 0.9261582 0.5019728 0.9261582 0.5570327 0.4347434 0.5568749 0.4347434 0.5568749 0.9261582 0.5570327 0.9261582 0.5019728 0.9261582 0.5019728 0.4347434 0.501815 0.4347434 0.5568749 0.4347434 0.5568749 0.9261582 0.5570327 0.9261582 0.5019728 0.9261582 0.5019728 0.4347434 0.501815 0.4347434 0.5568749 0.4347434 0.5568749 0.4347434 0.501815 0.9261582 0.5019728 0.9261582 0.5019728 0.9261582 0.5570327 0.4347434 0.5568749 0.3714549 0.003534555 0.497502 0.003448247 0.4248375 0.2252275 0.4971538 0.003105759 0.371616 0.003682374 0.4249048 0.2260159 0.503718 0.50189 0.5034962 0.5573342 0.4341757 0.557334 0.4341757 0.557334 0.4341268 0.50189 0.503718 0.50189 0.5038431 0.5016572 0.434252 0.5016572 0.4343007 0.5571014 0.4343007 0.5571014 0.5036213 0.5571014 0.5038431 0.5016572 0.503718 0.50189 0.4341268 0.50189 0.4341757 0.557334 0.4341757 0.557334 0.5034962 0.5573342 0.503718 0.50189 0.5038431 0.5016572 0.5036213 0.5571014 0.4343007 0.5571014 0.4343007 0.5571014 0.434252 0.5016572 0.5038431 0.5016572 0.6408067 0.4387805 0.8461455 0.4387804 0.8461455 0.4771339 0.8461455 0.4771339 0.6408067 0.4771339 0.6408067 0.4387805 0.6408067 0.4769418 0.8461455 0.4769418 0.8461455 0.4769418 0.8461455 0.4769418 0.6408067 0.4769418 0.6408067 0.4769418 0.8461455 0.4769418 0.8461455 0.4385883 0.8461455 0.4385883 0.8461455 0.4385883 0.8461455 0.4769418 0.8461455 0.4769418 0.8461455 0.4385883 0.6408067 0.4385883 0.6408067 0.4385883 0.6408067 0.4385883 0.8461455 0.4385883 0.8461455 0.4385883 0.6408067 0.4385883 0.6408067 0.4769418 0.6408067 0.4769418 0.6408067 0.4769418 0.6408067 0.4385883 0.6408067 0.4385883</float_array>
          <technique_common>
            <accessor source="#penteres_Mesh-mesh-map-0-array" count="2973" stride="2">
              <param name="S" type="float"/>
              <param name="T" type="float"/>
            </accessor>
          </technique_common>
        </source>
        <vertices id="penteres_Mesh-mesh-vertices">
          <input semantic="POSITION" source="#penteres_Mesh-mesh-positions"/>
        </vertices>
        <triangles material="trenteres_Ma-material" count="991">
          <input semantic="VERTEX" source="#penteres_Mesh-mesh-vertices" offset="0"/>
          <input semantic="NORMAL" source="#penteres_Mesh-mesh-normals" offset="1"/>
          <input semantic="TEXCOORD" source="#penteres_Mesh-mesh-map-0" offset="2" set="0"/>
          <p>773 0 0 774 0 1 775 0 2 776 1 3 777 1 4 778 1 5 856 2 6 779 2 7 808 2 8 857 3 9 780 3 10 781 3 11 858 4 12 782 4 13 814 4 14 817 5 15 870 5 16 855 5 17 869 6 18 809 6 19 818 6 20 784 7 21 785 7 22 783 7 23 810 8 24 813 8 25 861 8 26 822 9 27 860 9 28 811 9 29 815 10 30 819 10 31 859 10 32 825 11 33 871 11 34 816 11 35 820 12 36 812 12 37 823 12 38 824 13 39 826 13 40 821 13 41 4 14 42 788 15 43 786 16 44 786 16 45 1 17 46 4 14 47 789 18 48 787 19 49 5 20 50 5 20 51 2 21 52 789 18 53 851 22 54 863 22 55 444 22 56 445 23 57 3 23 58 852 23 59 446 24 60 862 24 61 853 24 62 854 25 63 472 25 64 447 25 65 790 26 66 791 27 67 792 28 68 830 29 69 793 29 70 827 29 71 802 30 72 874 31 73 864 32 74 832 33 75 794 33 76 839 33 77 795 34 78 840 34 79 833 34 80 834 35 81 796 35 82 835 35 83 828 36 84 836 36 85 837 36 86 838 37 87 831 37 88 829 37 89 876 38 90 865 39 91 875 40 92 875 40 93 877 41 94 876 38 95 10 42 96 11 43 97 6 44 98 6 44 99 12 45 100 7 46 101 7 46 102 13 47 103 8 48 104 7 46 105 8 48 106 9 49 107 6 44 108 7 46 109 9 49 110 10 42 111 6 44 112 9 49 113 449 50 114 476 50 115 448 50 116 451 51 117 475 51 118 450 51 119 453 52 120 474 52 121 452 52 122 454 53 123 455 53 124 473 53 125 456 54 126 457 54 127 502 54 128 458 55 129 459 55 130 507 55 131 20 56 132 17 57 133 21 58 134 20 56 135 21 58 136 19 59 137 14 60 138 18 61 139 15 62 140 19 59 141 14 60 142 15 62 143 20 56 144 19 59 145 15 62 146 20 56 147 15 62 148 16 63 149 461 64 150 479 64 151 460 64 152 462 65 153 463 65 154 480 65 155 465 66 156 478 66 157 464 66 158 503 67 159 466 67 160 467 67 161 468 68 162 469 68 163 481 68 164 470 69 165 471 69 166 477 69 167 878 70 168 889 71 169 880 72 170 880 72 171 879 73 172 878 70 173 928 74 174 887 74 175 890 74 176 902 75 177 898 75 178 942 75 179 929 76 180 899 76 181 892 76 182 904 77 183 881 77 184 943 77 185 900 78 186 903 78 187 893 78 188 910 79 189 905 79 190 901 79 191 906 80 192 894 80 193 800 80 194 841 81 195 930 81 196 907 81 197 908 82 198 911 82 199 798 82 200 842 83 201 912 83 202 909 83 203 882 84 204 883 85 205 949 86 206 949 86 207 946 87 208 882 84 209 947 88 210 946 87 211 949 86 212 949 86 213 950 89 214 947 88 215 947 88 216 950 89 217 951 90 218 951 90 219 948 91 220 947 88 221 949 86 222 883 85 223 931 92 224 931 92 225 952 93 226 949 86 227 949 86 228 952 93 229 953 94 230 953 94 231 950 89 232 949 86 233 950 89 234 953 94 235 954 95 236 954 95 237 951 90 238 950 89 239 884 96 240 868 96 241 799 96 242 843 97 243 952 93 244 931 92 245 953 94 246 952 93 247 844 98 248 845 99 249 955 100 250 953 94 251 953 94 252 955 100 253 797 101 254 797 101 255 954 95 256 953 94 257 886 102 258 885 103 259 888 104 260 888 104 261 935 105 262 886 102 263 932 106 264 913 106 265 936 106 266 917 107 267 933 107 268 944 107 269 934 108 270 891 108 271 938 108 272 919 109 273 914 109 274 945 109 275 915 110 276 920 110 277 939 110 278 925 111 279 918 111 280 916 111 281 921 112 282 937 112 283 872 112 284 846 113 285 940 113 286 922 113 287 923 114 288 927 114 289 866 114 290 847 115 291 926 115 292 924 115 293 895 116 294 956 117 295 959 118 296 959 118 297 896 119 298 895 116 299 957 120 300 960 121 301 959 118 302 959 118 303 956 117 304 957 120 305 957 120 306 958 122 307 961 123 308 961 123 309 960 121 310 957 120 311 959 118 312 962 124 313 897 125 314 897 125 315 896 119 316 959 118 317 959 118 318 960 121 319 963 126 320 963 126 321 962 124 322 959 118 323 960 121 324 961 123 325 964 127 326 964 127 327 963 126 328 960 121 329 897 125 330 962 124 331 867 128 332 848 129 333 873 129 334 941 129 335 963 126 336 965 130 337 849 131 338 850 132 339 962 124 340 963 126 341 963 126 342 964 127 343 801 133 344 801 133 345 965 130 346 963 126 347 178 134 348 203 135 349 22 136 350 22 136 351 23 137 352 178 134 353 363 138 354 364 138 355 492 138 356 205 139 357 25 140 358 24 141 359 24 141 360 201 142 361 205 139 362 505 143 363 240 143 364 241 143 365 44 144 366 27 144 367 45 144 368 49 145 369 34 146 370 122 147 371 29 148 372 71 149 373 80 150 374 29 148 375 80 150 376 79 151 377 122 147 378 29 148 379 79 151 380 122 147 381 79 151 382 72 152 383 49 145 384 122 147 385 72 152 386 49 145 387 72 152 388 53 153 389 227 154 390 206 155 391 207 156 392 207 156 393 47 157 394 227 154 395 115 158 396 58 159 397 50 160 398 50 160 399 116 161 400 115 158 401 56 162 402 210 163 403 278 164 404 278 164 405 39 165 406 56 162 407 389 166 408 55 166 409 279 166 410 287 167 411 382 167 412 280 167 413 40 168 414 117 169 415 335 170 416 40 168 417 335 170 418 483 171 419 40 168 420 483 171 421 225 172 422 38 173 423 484 174 424 611 175 425 38 173 426 611 175 427 164 176 428 38 173 429 164 176 430 161 177 431 338 178 432 255 179 433 281 180 434 281 180 435 36 181 436 338 178 437 94 182 438 88 183 439 89 184 440 94 182 441 89 184 442 92 185 443 94 182 444 92 185 445 93 186 446 32 187 447 43 187 448 261 187 449 103 188 450 99 189 451 100 190 452 103 188 453 100 190 454 101 191 455 103 188 456 101 191 457 102 192 458 244 193 459 274 193 460 46 193 461 282 194 462 365 195 463 54 196 464 282 194 465 54 196 466 59 197 467 282 194 468 59 197 469 249 198 470 369 199 471 374 200 472 290 201 473 369 199 474 290 201 475 35 202 476 369 199 477 35 202 478 275 203 479 369 199 480 275 203 481 30 204 482 107 205 483 108 206 484 104 207 485 107 205 486 104 207 487 105 208 488 107 205 489 105 208 490 106 209 491 51 210 492 57 211 493 120 212 494 120 212 495 119 213 496 51 210 497 225 172 498 483 171 499 37 214 500 225 172 501 37 214 502 160 215 503 225 172 504 160 215 505 612 216 506 484 174 507 342 217 508 118 218 509 484 174 510 118 218 511 256 219 512 484 174 513 256 219 514 611 175 515 64 220 516 67 221 517 66 222 518 66 222 519 65 223 520 64 220 521 75 224 522 69 225 523 28 226 524 113 227 525 33 228 526 179 229 527 28 226 528 113 227 529 179 229 530 75 224 531 28 226 532 179 229 533 179 229 534 48 230 535 68 231 536 75 224 537 179 229 538 68 231 539 75 224 540 68 231 541 76 232 542 171 233 543 239 234 544 168 235 545 168 235 546 169 236 547 171 233 548 347 237 549 237 238 550 170 239 551 170 239 552 354 240 553 347 237 554 246 241 555 292 242 556 285 243 557 285 243 558 258 244 559 246 241 560 613 245 561 60 246 562 61 247 563 61 247 564 270 248 565 613 245 566 271 249 567 294 250 568 62 251 569 62 251 570 265 252 571 271 249 572 266 253 573 297 254 574 486 255 575 486 255 576 614 256 577 266 253 578 615 257 579 90 258 580 91 259 581 91 259 582 616 260 583 615 257 584 485 261 585 487 262 586 300 263 587 300 263 588 295 264 589 485 261 590 96 265 591 97 266 592 98 267 593 98 267 594 95 268 595 96 265 596 298 269 597 301 270 598 488 271 599 488 271 600 63 272 601 298 269 602 87 273 603 82 274 604 83 275 605 83 275 606 84 276 607 87 273 608 619 277 609 618 278 610 617 279 611 617 279 612 73 280 613 619 277 614 74 281 615 621 282 616 620 283 617 620 283 618 622 284 619 74 281 620 621 282 621 74 281 622 77 285 623 77 285 624 623 286 625 621 282 626 625 287 627 624 288 628 85 289 629 85 289 630 86 290 631 625 287 632 626 291 633 78 292 634 73 280 635 73 280 636 617 279 637 626 291 638 123 293 639 628 294 640 627 295 641 627 295 642 124 296 643 123 293 644 125 297 645 126 298 646 629 299 647 629 299 648 630 300 649 125 297 650 78 301 651 632 302 652 631 303 653 631 303 654 633 304 655 78 301 656 636 305 657 635 306 658 634 307 659 634 307 660 637 308 661 636 305 662 635 306 663 632 309 664 638 310 665 638 310 666 634 307 667 635 306 668 640 311 669 639 312 670 91 259 671 91 259 672 90 258 673 640 311 674 643 313 675 642 314 676 641 315 677 641 315 678 644 316 679 643 313 680 642 314 681 646 317 682 645 318 683 645 318 684 641 315 685 642 314 686 646 317 687 648 319 688 647 320 689 647 320 690 645 318 691 646 317 692 299 321 693 296 322 694 303 323 695 303 323 696 302 324 697 299 321 698 650 325 699 649 326 700 129 327 701 129 327 702 651 328 703 650 325 704 130 329 705 124 296 706 627 295 707 627 295 708 652 330 709 130 329 710 247 331 711 262 332 712 305 333 713 305 333 714 304 334 715 247 331 716 306 335 717 263 336 718 267 337 719 267 337 720 307 338 721 306 335 722 268 339 723 654 340 724 653 341 725 653 341 726 308 342 727 268 339 728 657 343 729 656 344 730 655 345 731 655 345 732 658 346 733 657 343 734 276 347 735 248 348 736 311 349 737 311 349 738 309 350 739 276 347 740 661 351 741 660 352 742 659 353 743 659 353 744 662 354 745 661 351 746 663 355 747 272 356 748 312 357 749 312 357 750 664 358 751 663 355 752 273 359 753 277 360 754 310 361 755 310 361 756 313 362 757 273 359 758 376 363 759 226 364 760 223 365 761 223 365 762 525 366 763 376 363 764 269 367 765 242 368 766 314 369 767 314 369 768 489 370 769 269 367 770 390 371 771 383 371 772 31 371 773 208 372 774 370 373 775 391 374 776 391 374 777 499 375 778 208 372 779 508 376 780 323 377 781 317 378 782 317 378 783 318 379 784 508 376 785 666 380 786 665 381 787 496 382 788 377 383 789 328 384 790 319 385 791 666 380 792 496 382 793 504 386 794 331 387 795 330 384 796 321 388 797 321 388 798 324 384 799 331 387 800 333 389 801 332 384 802 325 390 803 325 390 804 326 391 805 333 389 806 329 392 807 334 384 808 327 393 809 327 393 810 320 391 811 329 392 812 127 394 813 111 395 814 667 396 815 667 396 816 668 397 817 127 394 818 128 398 819 670 399 820 669 400 821 669 400 822 131 401 823 128 398 824 336 402 825 250 403 826 293 404 827 293 404 828 490 405 829 336 402 830 251 406 831 337 406 832 339 406 833 252 407 834 340 407 835 343 407 836 291 408 837 253 409 838 344 410 839 344 410 840 491 411 841 291 408 842 129 327 843 127 394 844 668 397 845 668 397 846 651 328 847 129 327 848 652 330 849 670 399 850 128 398 851 128 398 852 130 329 853 652 330 854 672 412 855 671 413 856 70 414 857 672 415 858 70 384 859 132 416 860 672 415 861 132 416 862 134 417 863 675 418 864 674 419 865 673 420 866 675 418 867 673 420 868 133 421 869 675 418 870 133 421 871 676 384 872 679 422 873 678 423 874 677 424 875 677 424 876 680 425 877 679 422 878 681 426 879 674 419 880 675 418 881 675 418 882 121 427 883 681 426 884 671 428 885 683 429 886 682 430 887 682 430 888 70 431 889 671 428 890 685 432 891 684 433 892 114 434 893 114 434 894 112 435 895 685 432 896 688 436 897 687 437 898 686 438 899 686 438 900 689 439 901 688 436 902 684 433 903 681 426 904 121 427 905 121 427 906 114 434 907 684 433 908 683 429 909 688 436 910 689 439 911 689 439 912 682 430 913 683 429 914 135 440 915 137 441 916 134 417 917 134 417 918 132 416 919 135 440 920 133 442 921 136 443 922 690 444 923 690 444 924 676 445 925 133 442 926 692 446 927 691 447 928 680 425 929 680 425 930 677 424 931 692 446 932 138 448 933 140 449 934 137 441 935 137 441 936 135 440 937 138 448 938 136 443 939 139 450 940 693 451 941 693 451 942 690 444 943 136 443 944 695 452 945 694 453 946 691 447 947 691 447 948 692 446 949 695 452 950 141 454 951 143 455 952 140 449 953 140 449 954 138 448 955 141 454 956 139 450 957 142 456 958 696 457 959 696 457 960 693 451 961 139 450 962 698 458 963 697 459 964 694 453 965 694 453 966 695 452 967 698 458 968 144 460 969 146 461 970 143 455 971 143 455 972 141 454 973 144 460 974 142 456 975 145 462 976 699 463 977 699 463 978 696 457 979 142 456 980 701 464 981 700 465 982 697 459 983 697 459 984 698 458 985 701 464 986 147 466 987 149 467 988 146 461 989 146 461 990 144 460 991 147 466 992 145 462 993 148 468 994 702 469 995 702 469 996 699 463 997 145 462 998 704 470 999 703 471 1000 700 465 1001 700 465 1002 701 464 1003 704 470 1004 150 472 1005 152 473 1006 149 467 1007 149 467 1008 147 466 1009 150 472 1010 148 468 1011 151 474 1012 705 475 1013 705 475 1014 702 469 1015 148 468 1016 707 476 1017 706 477 1018 703 471 1019 703 471 1020 704 470 1021 707 476 1022 153 478 1023 155 479 1024 152 473 1025 152 473 1026 150 472 1027 153 478 1028 151 474 1029 154 480 1030 708 481 1031 708 481 1032 705 475 1033 151 474 1034 711 482 1035 710 483 1036 709 484 1037 709 484 1038 712 485 1039 711 482 1040 156 486 1041 158 487 1042 155 479 1043 155 479 1044 153 478 1045 156 486 1046 157 488 1047 713 489 1048 708 481 1049 708 481 1050 154 480 1051 157 488 1052 158 487 1053 159 490 1054 155 479 1055 714 491 1056 157 488 1057 154 480 1058 154 480 1059 715 492 1060 714 491 1061 81 493 1062 158 487 1063 156 486 1064 716 494 1065 713 489 1066 157 488 1067 81 493 1068 159 490 1069 158 487 1070 716 494 1071 157 488 1072 714 491 1073 42 495 1074 161 177 1075 164 176 1076 41 496 1077 612 216 1078 160 215 1079 166 497 1080 163 498 1081 42 495 1082 166 497 1083 42 495 1084 164 176 1085 166 497 1086 164 176 1087 167 499 1088 165 500 1089 717 501 1090 612 216 1091 165 500 1092 612 216 1093 41 496 1094 165 500 1095 41 496 1096 162 502 1097 245 503 1098 384 504 1099 352 505 1100 245 503 1101 352 505 1102 171 506 1103 245 503 1104 171 506 1105 718 507 1106 245 503 1107 718 507 1108 345 508 1109 245 503 1110 345 508 1111 392 509 1112 393 510 1113 346 510 1114 348 510 1115 385 511 1116 288 511 1117 349 511 1118 719 512 1119 173 513 1120 172 514 1121 172 514 1122 355 515 1123 719 512 1124 357 516 1125 174 517 1126 720 518 1127 720 518 1128 356 519 1129 357 516 1130 723 520 1131 722 521 1132 721 522 1133 721 522 1134 724 523 1135 723 520 1136 173 524 1137 176 525 1138 175 526 1139 175 526 1140 358 527 1141 173 524 1142 360 528 1143 177 529 1144 174 530 1145 174 530 1146 359 531 1147 360 528 1148 176 525 1149 173 524 1150 174 530 1151 174 530 1152 177 529 1153 176 525 1154 180 532 1155 52 533 1156 184 534 1157 184 534 1158 183 535 1159 180 532 1160 185 536 1161 726 537 1162 725 538 1163 725 538 1164 181 539 1165 186 540 1166 186 540 1167 185 536 1168 725 538 1169 192 541 1170 193 542 1171 194 543 1172 192 541 1173 194 543 1174 727 544 1175 188 545 1176 187 546 1177 182 547 1178 182 547 1179 183 535 1180 188 545 1181 189 548 1182 188 545 1183 183 535 1184 183 535 1185 184 534 1186 189 548 1187 190 549 1188 728 550 1189 726 537 1190 726 537 1191 185 536 1192 190 549 1193 191 551 1194 190 549 1195 185 536 1196 185 536 1197 186 540 1198 191 551 1199 729 552 1200 191 551 1201 186 540 1202 186 540 1203 730 553 1204 729 552 1205 733 554 1206 732 555 1207 731 556 1208 731 556 1209 734 557 1210 733 554 1211 735 558 1212 733 554 1213 734 557 1214 734 557 1215 736 559 1216 735 558 1217 738 560 1218 737 561 1219 194 543 1220 727 544 1221 194 543 1222 737 561 1223 737 561 1224 739 562 1225 727 544 1226 192 541 1227 727 544 1228 739 562 1229 739 562 1230 740 563 1231 192 541 1232 350 564 1233 353 564 1234 386 564 1235 351 565 1236 289 565 1237 394 565 1238 341 566 1239 254 567 1240 283 568 1241 283 568 1242 257 569 1243 341 566 1244 196 570 1245 197 570 1246 195 570 1247 200 571 1248 198 571 1249 199 571 1250 202 572 1251 509 572 1252 493 572 1253 495 573 1254 204 573 1255 510 573 1256 243 574 1257 264 575 1258 259 576 1259 259 576 1260 378 577 1261 243 574 1262 286 578 1263 366 579 1264 379 580 1265 379 580 1266 260 581 1267 286 578 1268 742 582 1269 741 583 1270 224 584 1271 380 585 1272 501 585 1273 367 585 1274 506 586 1275 236 587 1276 496 382 1277 506 586 1278 496 382 1279 665 381 1280 372 588 1281 381 589 1282 387 590 1283 387 590 1284 395 591 1285 372 588 1286 238 592 1287 498 592 1288 482 592 1289 316 593 1290 322 594 1291 373 595 1292 373 595 1293 388 596 1294 316 593 1295 743 597 1296 208 598 1297 497 599 1298 500 600 1299 745 601 1300 744 602 1301 500 600 1302 744 602 1303 746 603 1304 748 604 1305 746 605 1306 747 606 1307 369 199 1308 749 607 1309 284 608 1310 284 608 1311 374 200 1312 369 199 1313 211 609 1314 212 610 1315 213 611 1316 213 611 1317 214 612 1318 211 609 1319 215 613 1320 216 614 1321 217 615 1322 217 615 1323 218 616 1324 215 613 1325 218 616 1326 217 615 1327 212 610 1328 212 610 1329 211 609 1330 218 616 1331 211 609 1332 214 612 1333 219 617 1334 219 617 1335 220 618 1336 211 609 1337 215 613 1338 218 616 1339 221 619 1340 221 619 1341 222 620 1342 215 613 1343 218 616 1344 211 609 1345 220 618 1346 220 618 1347 221 619 1348 218 616 1349 1227 621 1350 1228 622 1351 1229 623 1352 1229 623 1353 1230 624 1354 1227 621 1355 1231 625 1356 1232 626 1357 1233 627 1358 1233 627 1359 1234 628 1360 1231 625 1361 1235 629 1362 1231 625 1363 1234 628 1364 1234 628 1365 1236 630 1366 1235 629 1367 1228 622 1368 1235 629 1369 1236 630 1370 1236 630 1371 1229 623 1372 1228 622 1373 1239 631 1374 1240 632 1375 1237 633 1376 1237 633 1377 1238 634 1378 1239 631 1379 803 635 1380 804 636 1381 806 637 1382 806 637 1383 807 638 1384 803 635 1385 805 639 1386 807 638 1387 806 637 1388 806 637 1389 804 636 1390 805 639 1391 751 640 1392 750 641 1393 636 305 1394 636 305 1395 637 308 1396 751 640 1397 648 319 1398 752 642 1399 647 320 1400 1520 643 1401 228 644 1402 1521 645 1403 1521 645 1404 1522 646 1405 1520 643 1406 1521 645 1407 229 647 1408 1523 648 1409 1523 648 1410 1522 646 1411 1521 645 1412 1525 649 1413 1524 650 1414 1526 651 1415 1526 651 1416 1527 652 1417 1525 649 1418 1525 649 1419 1527 652 1420 1528 653 1421 1528 653 1422 230 654 1423 1525 649 1424 1526 651 1425 1529 655 1426 1530 656 1427 1530 656 1428 1527 652 1429 1526 651 1430 1528 653 1431 1527 652 1432 1530 656 1433 1530 656 1434 231 657 1435 1528 653 1436 1531 658 1437 1532 659 1438 1533 660 1439 1533 660 1440 232 661 1441 1531 658 1442 1533 660 1443 1532 659 1444 1534 662 1445 1534 662 1446 233 663 1447 1533 660 1448 1535 664 1449 1537 665 1450 1538 666 1451 1538 666 1452 1536 667 1453 1535 664 1454 1535 664 1455 234 668 1456 1539 669 1457 1539 669 1458 1537 665 1459 1535 664 1460 1538 666 1461 1537 665 1462 1540 670 1463 1540 670 1464 1541 671 1465 1538 666 1466 1539 669 1467 235 672 1468 1540 670 1469 1540 670 1470 1537 665 1471 1539 669 1472 1297 673 1473 1242 674 1474 1241 675 1475 1297 673 1476 1241 675 1477 1247 676 1478 1246 677 1479 1245 678 1480 1244 679 1481 1247 676 1482 1246 677 1483 1244 679 1484 1297 673 1485 1247 676 1486 1244 679 1487 1297 673 1488 1244 679 1489 1243 680 1490 1297 673 1491 1295 681 1492 1242 674 1493 1388 682 1494 1248 682 1495 1296 682 1496 1249 683 1497 1251 684 1498 1250 685 1499 1249 683 1500 1250 685 1501 1306 686 1502 1249 683 1503 1306 686 1504 1310 687 1505 1249 683 1506 1310 687 1507 1243 680 1508 1249 683 1509 1244 679 1510 1245 678 1511 1245 678 1512 1251 684 1513 1249 683 1514 1251 684 1515 1245 678 1516 1246 677 1517 1246 677 1518 1250 685 1519 1251 684 1520 1250 685 1521 1246 677 1522 1247 676 1523 1247 676 1524 1306 686 1525 1250 685 1526 1306 686 1527 1247 676 1528 1241 675 1529 1243 680 1530 1244 679 1531 1249 683 1532 968 688 1533 967 689 1534 966 690 1535 966 690 1536 973 691 1537 972 692 1538 972 692 1539 971 693 1540 970 694 1541 972 692 1542 970 694 1543 969 695 1544 966 690 1545 972 692 1546 969 695 1547 968 688 1548 966 690 1549 969 695 1550 974 696 1551 973 691 1552 966 690 1553 974 696 1554 966 690 1555 1032 697 1556 974 696 1557 1032 697 1558 976 698 1559 974 696 1560 976 698 1561 975 699 1562 1020 700 1563 1021 700 1564 977 700 1565 1023 701 1566 1031 701 1567 1022 701 1568 974 696 1569 975 699 1570 971 693 1571 971 693 1572 972 692 1573 974 696 1574 975 699 1575 976 698 1576 970 694 1577 970 694 1578 971 693 1579 975 699 1580 976 698 1581 1032 697 1582 969 695 1583 969 695 1584 970 694 1585 976 698 1586 1032 697 1587 968 688 1588 969 695 1589 973 691 1590 974 696 1591 972 692 1592 1298 702 1593 1253 703 1594 1252 704 1595 1298 702 1596 1252 704 1597 1258 705 1598 1257 706 1599 1256 707 1600 1255 708 1601 1258 705 1602 1257 706 1603 1255 708 1604 1298 702 1605 1258 705 1606 1255 708 1607 1298 702 1608 1255 708 1609 1254 709 1610 1371 710 1611 1372 710 1612 1383 710 1613 1374 711 1614 1259 711 1615 1373 711 1616 1260 712 1617 1262 713 1618 1261 714 1619 1260 712 1620 1261 714 1621 1384 715 1622 1260 712 1623 1384 715 1624 1312 716 1625 1260 712 1626 1312 716 1627 1313 717 1628 1323 718 1629 1315 719 1630 1317 720 1631 1317 720 1632 1327 721 1633 1323 718 1634 1328 722 1635 1318 723 1636 1319 724 1637 1319 724 1638 1325 725 1639 1328 722 1640 1326 726 1641 1320 727 1642 1321 728 1643 1321 728 1644 1365 729 1645 1326 726 1646 1366 730 1647 1322 730 1648 1311 730 1649 1314 731 1650 1316 731 1651 1324 731 1652 1024 732 1653 1033 733 1654 1025 734 1655 1025 734 1656 982 735 1657 981 736 1658 981 736 1659 980 737 1660 979 738 1661 981 736 1662 979 738 1663 978 739 1664 1025 734 1665 981 736 1666 978 739 1667 1024 732 1668 1025 734 1669 978 739 1670 983 740 1671 1044 741 1672 1038 742 1673 983 740 1674 1038 742 1675 986 743 1676 983 740 1677 986 743 1678 985 744 1679 983 740 1680 985 744 1681 984 745 1682 1090 746 1683 1091 746 1684 1102 746 1685 1093 747 1686 1105 747 1687 1092 747 1688 1046 748 1689 984 745 1690 980 737 1691 980 737 1692 1042 749 1693 1046 748 1694 984 745 1695 985 744 1696 979 738 1697 979 738 1698 980 737 1699 984 745 1700 985 744 1701 1084 750 1702 1040 751 1703 1040 751 1704 979 738 1705 985 744 1706 1085 752 1707 1039 752 1708 1041 752 1709 1045 753 1710 1047 753 1711 1043 753 1712 1300 754 1713 1263 755 1714 1299 756 1715 1300 754 1716 1299 756 1717 1268 757 1718 1267 758 1719 1266 759 1720 1265 760 1721 1268 757 1722 1267 758 1723 1265 760 1724 1300 754 1725 1268 757 1726 1265 760 1727 1300 754 1728 1265 760 1729 1264 761 1730 1375 762 1731 1376 762 1732 1385 762 1733 1378 763 1734 1307 763 1735 1377 763 1736 1269 764 1737 1271 765 1738 1270 766 1739 1269 764 1740 1270 766 1741 1389 767 1742 1269 764 1743 1389 767 1744 1330 768 1745 1269 764 1746 1330 768 1747 1331 769 1748 1341 770 1749 1333 771 1750 1335 772 1751 1335 772 1752 1345 773 1753 1341 770 1754 1346 774 1755 1336 775 1756 1337 776 1757 1337 776 1758 1343 777 1759 1346 774 1760 1344 778 1761 1338 779 1762 1339 780 1763 1339 780 1764 1367 781 1765 1344 778 1766 1368 782 1767 1340 782 1768 1329 782 1769 1332 783 1770 1334 783 1771 1342 783 1772 989 784 1773 988 785 1774 987 786 1775 987 786 1776 994 787 1777 993 788 1778 993 788 1779 992 789 1780 991 790 1781 993 788 1782 991 790 1783 990 791 1784 987 786 1785 993 788 1786 990 791 1787 989 784 1788 987 786 1789 990 791 1790 995 792 1791 1058 793 1792 1048 794 1793 995 792 1794 1048 794 1795 1034 795 1796 995 792 1797 1034 795 1798 997 796 1799 995 792 1800 997 796 1801 996 797 1802 1094 798 1803 1095 798 1804 1106 798 1805 1097 799 1806 1103 799 1807 1096 799 1808 1060 800 1809 1062 801 1810 1054 802 1811 1054 802 1812 1056 803 1813 1060 800 1814 1063 804 1815 1064 805 1816 1052 806 1817 1052 806 1818 1055 807 1819 1063 804 1820 1065 808 1821 1086 809 1822 1050 810 1823 1050 810 1824 1053 811 1825 1065 808 1826 1087 812 1827 1049 812 1828 1051 812 1829 1059 813 1830 1061 813 1831 1057 813 1832 1273 814 1833 1272 815 1834 1301 816 1835 1273 814 1836 1301 816 1837 1278 817 1838 1277 818 1839 1276 819 1840 1275 820 1841 1278 817 1842 1277 818 1843 1275 820 1844 1273 814 1845 1278 817 1846 1275 820 1847 1273 814 1848 1275 820 1849 1274 821 1850 1379 822 1851 1380 822 1852 1386 822 1853 1382 823 1854 1279 823 1855 1381 823 1856 1280 824 1857 1282 825 1858 1281 826 1859 1280 824 1860 1281 826 1861 1387 827 1862 1280 824 1863 1387 827 1864 1348 828 1865 1280 824 1866 1348 828 1867 1349 829 1868 1359 830 1869 1351 831 1870 1353 832 1871 1353 832 1872 1363 833 1873 1359 830 1874 1364 834 1875 1354 835 1876 1355 836 1877 1355 836 1878 1361 837 1879 1364 834 1880 1362 838 1881 1356 839 1882 1357 840 1883 1357 840 1884 1369 841 1885 1362 838 1886 1370 842 1887 1358 842 1888 1347 842 1889 1350 843 1890 1352 843 1891 1360 843 1892 998 844 1893 1035 845 1894 1026 846 1895 1026 846 1896 1003 847 1897 1002 848 1898 1002 848 1899 1001 849 1900 1000 850 1901 1002 848 1902 1000 850 1903 999 851 1904 1026 846 1905 1002 848 1906 999 851 1907 998 844 1908 1026 846 1909 999 851 1910 1004 852 1911 1076 853 1912 1066 854 1913 1004 852 1914 1066 854 1915 1007 855 1916 1004 852 1917 1007 855 1918 1006 856 1919 1004 852 1920 1006 856 1921 1005 857 1922 1098 858 1923 1099 858 1924 1104 858 1925 1101 859 1926 1107 859 1927 1100 859 1928 1078 860 1929 1080 861 1930 1072 862 1931 1072 862 1932 1074 863 1933 1078 860 1934 1081 864 1935 1082 865 1936 1070 866 1937 1070 866 1938 1073 867 1939 1081 864 1940 1083 868 1941 1088 869 1942 1068 870 1943 1068 870 1944 1071 871 1945 1083 868 1946 1089 872 1947 1067 872 1948 1069 872 1949 1077 873 1950 1079 873 1951 1075 873 1952 1010 874 1953 1009 875 1954 1008 876 1955 1010 874 1956 1008 876 1957 1015 877 1958 1014 878 1959 1013 879 1960 1012 880 1961 1015 877 1962 1014 878 1963 1012 880 1964 1010 874 1965 1015 877 1966 1012 880 1967 1010 874 1968 1012 880 1969 1011 881 1970 1027 882 1971 1028 882 1972 1036 882 1973 1030 883 1974 1016 883 1975 1029 883 1976 1017 884 1977 1019 885 1978 1018 886 1979 1017 884 1980 1018 886 1981 1037 887 1982 1017 884 1983 1037 887 1984 1010 874 1985 1017 884 1986 1010 874 1987 1011 881 1988 1017 884 1989 1012 880 1990 1013 879 1991 1013 879 1992 1019 885 1993 1017 884 1994 1019 885 1995 1013 879 1996 1014 878 1997 1014 878 1998 1018 886 1999 1019 885 2000 1018 886 2001 1014 878 2002 1015 877 2003 1015 877 2004 1037 887 2005 1018 886 2006 1037 887 2007 1015 877 2008 1008 876 2009 1011 881 2010 1012 880 2011 1017 884 2012 1285 888 2013 1284 889 2014 1283 890 2015 1285 888 2016 1283 890 2017 1290 891 2018 1289 892 2019 1288 893 2020 1287 894 2021 1290 891 2022 1289 892 2023 1287 894 2024 1285 888 2025 1290 891 2026 1287 894 2027 1285 888 2028 1287 894 2029 1286 895 2030 1302 896 2031 1303 896 2032 1308 896 2033 1305 897 2034 1291 897 2035 1304 897 2036 1292 898 2037 1294 899 2038 1293 900 2039 1292 898 2040 1293 900 2041 1309 901 2042 1292 898 2043 1309 901 2044 1285 888 2045 1292 898 2046 1285 888 2047 1286 895 2048 1292 898 2049 1287 894 2050 1288 893 2051 1288 893 2052 1294 899 2053 1292 898 2054 1294 899 2055 1288 893 2056 1289 892 2057 1289 892 2058 1293 900 2059 1294 899 2060 1293 900 2061 1289 892 2062 1290 891 2063 1290 891 2064 1309 901 2065 1293 900 2066 1309 901 2067 1290 891 2068 1283 890 2069 1286 895 2070 1287 894 2071 1292 898 2072 1390 902 2073 1397 903 2074 1396 904 2075 1396 904 2076 1395 905 2077 1394 906 2078 1394 906 2079 1393 907 2080 1392 908 2081 1394 906 2082 1392 908 2083 1391 909 2084 1396 904 2085 1394 906 2086 1391 909 2087 1390 902 2088 1396 904 2089 1391 909 2090 1446 910 2091 1459 910 2092 1445 910 2093 1447 911 2094 1448 911 2095 1398 911 2096 1399 912 2097 1395 905 2098 1396 904 2099 1399 912 2100 1396 904 2101 1460 913 2102 1399 912 2103 1460 913 2104 1401 914 2105 1399 912 2106 1401 914 2107 1400 915 2108 1399 912 2109 1400 915 2110 1393 907 2111 1393 907 2112 1394 906 2113 1399 912 2114 1400 915 2115 1401 914 2116 1392 908 2117 1392 908 2118 1393 907 2119 1400 915 2120 1401 914 2121 1460 913 2122 1391 909 2123 1391 909 2124 1392 908 2125 1401 914 2126 1460 913 2127 1390 902 2128 1391 909 2129 1395 905 2130 1399 912 2131 1394 906 2132 1108 916 2133 1115 917 2134 1114 918 2135 1108 916 2136 1114 918 2137 1113 919 2138 1112 920 2139 1111 921 2140 1110 922 2141 1113 919 2142 1112 920 2143 1110 922 2144 1108 916 2145 1113 919 2146 1110 922 2147 1108 916 2148 1110 922 2149 1109 923 2150 1116 924 2151 1119 925 2152 1118 926 2153 1116 924 2154 1118 926 2155 1117 927 2156 1116 924 2157 1117 927 2158 1108 916 2159 1116 924 2160 1108 916 2161 1109 923 2162 1166 928 2163 1184 928 2164 1165 928 2165 1167 929 2166 1168 929 2167 1183 929 2168 1116 924 2169 1110 922 2170 1111 921 2171 1111 921 2172 1119 925 2173 1116 924 2174 1119 925 2175 1111 921 2176 1112 920 2177 1112 920 2178 1118 926 2179 1119 925 2180 1118 926 2181 1112 920 2182 1113 919 2183 1113 919 2184 1117 927 2185 1118 926 2186 1117 927 2187 1113 919 2188 1114 918 2189 1109 923 2190 1110 922 2191 1116 924 2192 1402 930 2193 1409 931 2194 1408 932 2195 1408 932 2196 1407 933 2197 1406 934 2198 1406 934 2199 1405 935 2200 1404 936 2201 1406 934 2202 1404 936 2203 1403 937 2204 1408 932 2205 1406 934 2206 1403 937 2207 1402 930 2208 1408 932 2209 1403 937 2210 1450 938 2211 1461 938 2212 1449 938 2213 1451 939 2214 1452 939 2215 1410 939 2216 1411 940 2217 1407 933 2218 1408 932 2219 1411 940 2220 1408 932 2221 1462 941 2222 1411 940 2223 1462 941 2224 1413 942 2225 1411 940 2226 1413 942 2227 1412 943 2228 1411 940 2229 1412 943 2230 1405 935 2231 1405 935 2232 1406 934 2233 1411 940 2234 1412 943 2235 1413 942 2236 1404 936 2237 1404 936 2238 1405 935 2239 1412 943 2240 1413 942 2241 1462 941 2242 1403 937 2243 1403 937 2244 1404 936 2245 1413 942 2246 1462 941 2247 1402 930 2248 1403 937 2249 1407 933 2250 1411 940 2251 1406 934 2252 1120 944 2253 1127 945 2254 1126 946 2255 1120 944 2256 1126 946 2257 1125 947 2258 1124 948 2259 1123 949 2260 1122 950 2261 1125 947 2262 1124 948 2263 1122 950 2264 1120 944 2265 1125 947 2266 1122 950 2267 1120 944 2268 1122 950 2269 1121 951 2270 1128 952 2271 1131 953 2272 1130 954 2273 1128 952 2274 1130 954 2275 1129 955 2276 1128 952 2277 1129 955 2278 1120 944 2279 1128 952 2280 1120 944 2281 1121 951 2282 1170 956 2283 1186 956 2284 1169 956 2285 1171 957 2286 1172 957 2287 1185 957 2288 1128 952 2289 1122 950 2290 1123 949 2291 1123 949 2292 1131 953 2293 1128 952 2294 1131 953 2295 1123 949 2296 1124 948 2297 1124 948 2298 1130 954 2299 1131 953 2300 1130 954 2301 1124 948 2302 1125 947 2303 1125 947 2304 1129 955 2305 1130 954 2306 1129 955 2307 1125 947 2308 1126 946 2309 1121 951 2310 1122 950 2311 1128 952 2312 1454 958 2313 1463 959 2314 1453 960 2315 1453 960 2316 1418 961 2317 1417 962 2318 1417 962 2319 1416 963 2320 1415 964 2321 1417 962 2322 1415 964 2323 1414 965 2324 1453 960 2325 1417 962 2326 1414 965 2327 1454 958 2328 1453 960 2329 1414 965 2330 1509 966 2331 1517 966 2332 1508 966 2333 1510 967 2334 1511 967 2335 1464 967 2336 1419 968 2337 1477 969 2338 1479 970 2339 1419 968 2340 1479 970 2341 1518 971 2342 1419 968 2343 1518 971 2344 1421 972 2345 1419 968 2346 1421 972 2347 1420 973 2348 1480 974 2349 1482 975 2350 1473 976 2351 1473 976 2352 1475 977 2353 1480 974 2354 1483 978 2355 1484 979 2356 1471 980 2357 1471 980 2358 1474 981 2359 1483 978 2360 1485 982 2361 1504 983 2362 1469 984 2363 1469 984 2364 1472 985 2365 1485 982 2366 1505 986 2367 1468 986 2368 1470 986 2369 1478 987 2370 1481 987 2371 1476 987 2372 1132 988 2373 1139 989 2374 1138 990 2375 1132 988 2376 1138 990 2377 1137 991 2378 1136 992 2379 1135 993 2380 1134 994 2381 1137 991 2382 1136 992 2383 1134 994 2384 1132 988 2385 1137 991 2386 1134 994 2387 1132 988 2388 1134 994 2389 1133 995 2390 1140 996 2391 1143 997 2392 1142 998 2393 1140 996 2394 1142 998 2395 1141 999 2396 1140 996 2397 1141 999 2398 1132 988 2399 1140 996 2400 1132 988 2401 1133 995 2402 1174 1000 2403 1188 1000 2404 1173 1000 2405 1175 1001 2406 1176 1001 2407 1187 1001 2408 1140 996 2409 1134 994 2410 1192 1002 2411 1192 1002 2412 1198 1003 2413 1140 996 2414 1199 1004 2415 1193 1005 2416 1194 1006 2417 1194 1006 2418 1196 1007 2419 1199 1004 2420 1197 1008 2421 1195 1009 2422 1137 991 2423 1137 991 2424 1224 1010 2425 1197 1008 2426 1224 1010 2427 1137 991 2428 1138 990 2429 1133 995 2430 1134 994 2431 1140 996 2432 1422 1011 2433 1465 1012 2434 1428 1013 2435 1428 1013 2436 1427 1014 2437 1426 1015 2438 1426 1015 2439 1425 1016 2440 1424 1017 2441 1426 1015 2442 1424 1017 2443 1423 1018 2444 1428 1013 2445 1426 1015 2446 1423 1018 2447 1422 1011 2448 1428 1013 2449 1423 1018 2450 1513 1019 2451 1519 1019 2452 1512 1019 2453 1514 1020 2454 1515 1020 2455 1429 1020 2456 1430 1021 2457 1495 1022 2458 1497 1023 2459 1430 1021 2460 1497 1023 2461 1516 1024 2462 1430 1021 2463 1516 1024 2464 1432 1025 2465 1430 1021 2466 1432 1025 2467 1431 1026 2468 1498 1027 2469 1500 1028 2470 1491 1029 2471 1491 1029 2472 1493 1030 2473 1498 1027 2474 1501 1031 2475 1502 1032 2476 1489 1033 2477 1489 1033 2478 1492 1034 2479 1501 1031 2480 1503 1035 2481 1506 1036 2482 1487 1037 2483 1487 1037 2484 1490 1038 2485 1503 1035 2486 1507 1039 2487 1486 1039 2488 1488 1039 2489 1496 1040 2490 1499 1040 2491 1494 1040 2492 1178 1041 2493 1189 1042 2494 1177 1043 2495 1178 1041 2496 1177 1043 2497 1148 1044 2498 1147 1045 2499 1146 1046 2500 1145 1047 2501 1148 1044 2502 1147 1045 2503 1145 1047 2504 1178 1041 2505 1148 1044 2506 1145 1047 2507 1178 1041 2508 1145 1047 2509 1144 1048 2510 1149 1049 2511 1152 1050 2512 1151 1051 2513 1149 1049 2514 1151 1051 2515 1150 1052 2516 1149 1049 2517 1150 1052 2518 1200 1053 2519 1149 1049 2520 1200 1053 2521 1201 1054 2522 1221 1055 2523 1225 1055 2524 1220 1055 2525 1222 1056 2526 1223 1056 2527 1226 1056 2528 1212 1057 2529 1203 1058 2530 1205 1059 2531 1205 1059 2532 1218 1060 2533 1212 1057 2534 1219 1061 2535 1206 1062 2536 1207 1063 2537 1207 1063 2538 1216 1064 2539 1219 1061 2540 1217 1065 2541 1208 1066 2542 1209 1067 2543 1209 1067 2544 1214 1068 2545 1217 1065 2546 1215 1069 2547 1210 1069 2548 1211 1069 2549 1202 1070 2550 1204 1070 2551 1213 1070 2552 1153 1071 2553 1160 1072 2554 1159 1073 2555 1159 1073 2556 1158 1074 2557 1157 1075 2558 1157 1075 2559 1156 1076 2560 1155 1077 2561 1157 1075 2562 1155 1077 2563 1154 1078 2564 1159 1073 2565 1157 1075 2566 1154 1078 2567 1153 1071 2568 1159 1073 2569 1154 1078 2570 1180 1079 2571 1190 1079 2572 1179 1079 2573 1181 1080 2574 1182 1080 2575 1161 1080 2576 1162 1081 2577 1158 1074 2578 1159 1073 2579 1162 1081 2580 1159 1073 2581 1191 1082 2582 1162 1081 2583 1191 1082 2584 1164 1083 2585 1162 1081 2586 1164 1083 2587 1163 1084 2588 1162 1081 2589 1163 1084 2590 1156 1076 2591 1156 1076 2592 1157 1075 2593 1162 1081 2594 1163 1084 2595 1164 1083 2596 1155 1077 2597 1155 1077 2598 1156 1076 2599 1163 1084 2600 1164 1083 2601 1191 1082 2602 1154 1078 2603 1154 1078 2604 1155 1077 2605 1164 1083 2606 1191 1082 2607 1153 1071 2608 1154 1078 2609 1158 1074 2610 1162 1081 2611 1157 1075 2612 1433 1085 2613 1440 1086 2614 1439 1087 2615 1439 1087 2616 1438 1088 2617 1437 1089 2618 1437 1089 2619 1436 1090 2620 1435 1091 2621 1437 1089 2622 1435 1091 2623 1434 1092 2624 1439 1087 2625 1437 1089 2626 1434 1092 2627 1433 1085 2628 1439 1087 2629 1434 1092 2630 1456 1093 2631 1466 1093 2632 1455 1093 2633 1457 1094 2634 1458 1094 2635 1441 1094 2636 1442 1095 2637 1438 1088 2638 1439 1087 2639 1442 1095 2640 1439 1087 2641 1467 1096 2642 1442 1095 2643 1467 1096 2644 1444 1097 2645 1442 1095 2646 1444 1097 2647 1443 1098 2648 1442 1095 2649 1443 1098 2650 1436 1090 2651 1436 1090 2652 1437 1089 2653 1442 1095 2654 1443 1098 2655 1444 1097 2656 1435 1091 2657 1435 1091 2658 1436 1090 2659 1443 1098 2660 1444 1097 2661 1467 1096 2662 1434 1092 2663 1434 1092 2664 1435 1091 2665 1444 1097 2666 1467 1096 2667 1433 1085 2668 1434 1092 2669 1438 1088 2670 1442 1095 2671 1437 1089 2672 399 1099 2673 402 1099 2674 400 1099 2675 405 1100 2676 404 1101 2677 398 1102 2678 403 1103 2679 442 1103 2680 401 1103 2681 397 1104 2682 443 1105 2683 753 1106 2684 754 1107 2685 404 1101 2686 405 1100 2687 754 1107 2688 405 1100 2689 755 1108 2690 412 1109 2691 410 1110 2692 407 1111 2693 407 1111 2694 408 1112 2695 412 1109 2696 411 1113 2697 413 1114 2698 406 1115 2699 406 1115 2700 409 1116 2701 411 1113 2702 410 1110 2703 415 1117 2704 414 1118 2705 414 1118 2706 407 1111 2707 410 1110 2708 406 1115 2709 417 1119 2710 416 1120 2711 416 1120 2712 409 1116 2713 406 1115 2714 424 1121 2715 426 1122 2716 422 1123 2717 422 1123 2718 419 1124 2719 424 1121 2720 429 1125 2721 423 1126 2722 421 1127 2723 421 1127 2724 425 1128 2725 429 1125 2726 757 1129 2727 756 1130 2728 420 1131 2729 420 1131 2730 431 1132 2731 757 1129 2732 430 1133 2733 759 1134 2734 758 1135 2735 758 1135 2736 418 1136 2737 430 1133 2738 432 1137 2739 426 1122 2740 760 1138 2741 760 1138 2742 428 1139 2743 432 1137 2744 427 1140 2745 422 1123 2746 426 1122 2747 426 1122 2748 432 1137 2749 427 1140 2750 759 1134 2751 432 1137 2752 428 1139 2753 428 1139 2754 761 1141 2755 759 1134 2756 430 1133 2757 427 1140 2758 432 1137 2759 432 1137 2760 759 1134 2761 430 1133 2762 425 1128 2763 421 1127 2764 433 1142 2765 433 1142 2766 434 1143 2767 425 1128 2768 420 1131 2769 756 1130 2770 435 1144 2771 435 1144 2772 436 1145 2773 420 1131 2774 763 1146 2775 762 1147 2776 437 1148 2777 437 1148 2778 438 1149 2779 763 1146 2780 765 1150 2781 764 1151 2782 439 1152 2783 439 1152 2784 440 1153 2785 765 1150 2786 766 1154 2787 765 1150 2788 440 1153 2789 440 1153 2790 441 1155 2791 766 1154 2792 762 1147 2793 766 1154 2794 441 1155 2795 441 1155 2796 437 1148 2797 762 1147 2798 511 1156 2799 512 1157 2800 513 1158 2801 513 1158 2802 514 1159 2803 511 1156 2804 515 1160 2805 516 1161 2806 517 1162 2807 517 1162 2808 518 1163 2809 515 1160 2810 519 1164 2811 515 1160 2812 518 1163 2813 518 1163 2814 520 1165 2815 519 1164 2816 512 1157 2817 519 1164 2818 520 1165 2819 520 1165 2820 513 1158 2821 512 1157 2822 523 1166 2823 524 1167 2824 521 1168 2825 521 1168 2826 522 1169 2827 523 1166 2828 526 1170 2829 315 1171 2830 209 1172 2831 209 1172 2832 371 1173 2833 526 1170 2834 368 1174 2835 110 1175 2836 109 1176 2837 109 1176 2838 375 1177 2839 368 1174 2840 529 1178 2841 530 1179 2842 527 1180 2843 527 1180 2844 528 1181 2845 529 1178 2846 533 1182 2847 534 1183 2848 531 1184 2849 531 1184 2850 532 1185 2851 533 1182 2852 537 1186 2853 538 1187 2854 535 1188 2855 535 1188 2856 536 1189 2857 537 1186 2858 541 1190 2859 542 1191 2860 539 1192 2861 539 1192 2862 540 1193 2863 541 1190 2864 543 1194 2865 546 1195 2866 545 1196 2867 545 1196 2868 544 1197 2869 543 1194 2870 547 1198 2871 550 1199 2872 549 1200 2873 549 1200 2874 548 1201 2875 547 1198 2876 551 1202 2877 554 1203 2878 553 1204 2879 553 1204 2880 552 1205 2881 551 1202 2882 555 1206 2883 558 1207 2884 557 1208 2885 557 1208 2886 556 1209 2887 555 1206 2888 26 1210 2889 494 1211 2890 560 1212 2891 560 1212 2892 559 1213 2893 26 1210 2894 562 1214 2895 561 1195 2896 564 1215 2897 564 1215 2898 563 1216 2899 562 1214 2900 566 1217 2901 565 1218 2902 568 1219 2903 568 1219 2904 567 1220 2905 566 1217 2906 572 1221 2907 571 1222 2908 570 1223 2909 570 1223 2910 569 1224 2911 572 1221 2912 574 1225 2913 573 1226 2914 575 1227 2915 576 1228 2916 768 1229 2917 767 1230 2918 589 1231 2919 590 1232 2920 587 1233 2921 587 1233 2922 588 1234 2923 589 1231 2924 593 1235 2925 594 1236 2926 591 1237 2927 591 1237 2928 592 1238 2929 593 1235 2930 597 1239 2931 596 1240 2932 595 1241 2933 595 1241 2934 598 1242 2935 597 1239 2936 601 1243 2937 600 1243 2938 599 1243 2939 599 1243 2940 602 1243 2941 601 1243 2942 607 1244 2943 608 1245 2944 609 1246 2945 609 1246 2946 610 1247 2947 607 1244 2948 603 1248 2949 604 1249 2950 769 1250 2951 769 1250 2952 770 1251 2953 603 1248 2954 604 1249 2955 606 1252 2956 771 1253 2957 771 1253 2958 769 1250 2959 604 1249 2960 606 1252 2961 605 1254 2962 772 1255 2963 772 1255 2964 771 1253 2965 606 1252 2966 605 1254 2967 603 1248 2968 770 1251 2969 770 1251 2970 772 1255 2971 605 1254 2972</p>
        </triangles>
      </mesh>
    </geometry>
  </library_geometries>
  <library_controllers>
    <controller id="penteres_Skin_penteres-skin" name="penteres_Skin">
      <skin source="#penteres_Mesh-mesh">
        <bind_shape_matrix>1 0 0 -7.65371e-8 0 1 0 0 0 0 1 -2.79052e-7 0 0 0 1</bind_shape_matrix>
        <source id="penteres_Skin_penteres-skin-joints">
          <Name_array id="penteres_Skin_penteres-skin-joints-array" count="10">root A_flag_pivot port_tackle star_tackle B_flag_pivot fore_tackle04 port_axle port_axle01 sbr_axle sbr_axle01</Name_array>
          <technique_common>
            <accessor source="#penteres_Skin_penteres-skin-joints-array" count="10" stride="1">
              <param name="JOINT" type="name"/>
            </accessor>
          </technique_common>
        </source>
        <source id="penteres_Skin_penteres-skin-bind_poses">
          <float_array id="penteres_Skin_penteres-skin-bind_poses-array" count="160">1 0 0 0 0 1 -1.62921e-7 0 0 1.62921e-7 1 -7 0 0 0 1 1 0 0 1.64824e-5 0 1 -1.62921e-7 -13.71954 0 1.62921e-7 1 -36.66165 0 0 0 1 1 0 0 -60.78017 0 0.9995734 -0.02920544 -4.692796 0 0.02920544 0.9995735 -170.7704 0 0 0 1 1 0 0 59.92159 0 0.9995744 -0.02917492 -4.698012 0 0.02917492 0.9995744 -170.7703 0 0 0 1 1 0 0 1.37459e-5 0 1 -1.62921e-7 84.55458 0 1.62921e-7 1 -37.30153 0 0 0 1 1 0 0 1.03892e-5 0 0.9995741 -0.02918261 185.3584 0 0.02918261 0.9995741 -108.8166 0 0 0 1 1 0 0 -46.67445 0 1 -1.62921e-7 -126.9035 0 1.62921e-7 1 -16.801 0 0 0 1 1 0 0 -37.17871 0 1 -1.62921e-7 -111.8666 0 1.62921e-7 1 -10.273 0 0 0 1 1 0 0 46.05856 0 1 -1.62921e-7 -126.8447 0 1.62921e-7 1 -16.801 0 0 0 1 1 0 0 37.45375 0 1 -1.62921e-7 -111.8666 0 1.62921e-7 1 -10.273 0 0 0 1</float_array>
          <technique_common>
            <accessor source="#penteres_Skin_penteres-skin-bind_poses-array" count="10" stride="16">
              <param name="TRANSFORM" type="float4x4"/>
            </accessor>
          </technique_common>
        </source>
        <source id="penteres_Skin_penteres-skin-weights">
          <float_array id="penteres_Skin_penteres-skin-weights-array" count="1542">1 1 1 1 1 1 1 1 1 1 1 1 1 1 1 1 1 1 1 1 1 1 1 1 1 1 1 1 1 1 1 1 1 1 1 1 1 1 1 1 1 1 1 1 1 1 1 1 1 1 1 1 1 1 1 1 1 1 1 1 1 1 1 1 1 1 1 1 1 1 1 1 1 1 1 1 1 1 1 1 1 1 1 1 1 1 1 1 1 1 1 1 1 1 1 1 1 1 1 1 1 1 1 1 1 1 1 1 1 1 1 1 1 1 1 1 1 1 1 1 1 1 1 1 1 1 1 1 1 1 1 1 1 1 1 1 1 1 1 1 1 1 1 1 1 1 1 1 1 1 1 1 1 1 1 1 1 1 1 1 1 1 1 1 1 1 1 1 1 1 1 1 1 1 1 1 1 1 1 1 1 1 1 1 1 1 1 1 1 1 1 1 1 1 1 1 1 1 1 1 1 1 1 1 1 1 1 1 1 1 1 1 1 1 1 1 1 1 1 1 1 1 1 1 1 1 1 1 1 1 1 1 1 1 1 1 1 1 1 1 1 1 1 1 1 1 1 1 1 1 1 1 1 1 1 1 1 1 1 1 1 1 1 1 1 1 1 1 1 1 1 1 1 1 1 1 1 1 1 1 1 1 1 1 1 1 1 1 1 1 1 1 1 1 1 1 1 1 1 1 1 1 1 1 1 1 1 1 1 1 1 1 1 1 1 1 1 1 1 1 1 1 1 1 1 1 1 1 1 1 1 1 1 1 1 1 1 1 1 1 1 1 1 1 1 1 1 1 1 1 1 1 1 1 1 1 1 1 1 1 1 1 1 1 1 1 1 1 1 1 1 1 1 1 1 1 1 1 1 1 1 1 1 1 1 1 1 1 1 1 1 1 1 1 1 1 1 1 1 1 1 1 1 1 1 1 1 1 1 1 1 1 1 1 1 1 1 1 1 1 1 1 1 1 1 1 1 1 1 1 1 1 1 1 1 1 1 1 1 1 1 1 1 1 1 1 1 1 1 1 1 1 1 1 1 1 1 1 1 1 1 1 1 1 1 1 1 1 1 1 1 1 1 1 1 1 1 1 1 1 1 1 1 1 1 1 1 1 1 1 1 1 1 1 1 1 1 1 1 1 1 1 1 1 1 1 1 1 1 1 1 1 1 1 1 1 1 1 1 1 1 1 1 1 1 1 1 1 1 1 1 1 1 1 1 1 1 1 1 1 1 1 1 1 1 1 1 1 1 1 1 1 1 1 1 1 1 1 1 1 1 1 1 1 1 1 1 1 1 1 1 1 1 1 1 1 1 1 1 1 1 1 1 1 1 1 1 1 1 1 1 1 1 1 1 1 1 1 1 1 1 1 1 1 1 1 1 1 1 1 1 1 1 1 1 1 1 1 1 1 1 1 1 1 1 1 1 1 1 1 1 1 1 1 1 1 1 1 1 1 1 1 1 1 1 1 1 1 1 1 1 1 1 1 1 1 1 1 1 1 1 1 1 1 1 1 1 1 1 1 1 1 1 1 1 1 1 1 1 1 1 1 1 1 1 1 1 1 1 1 1 1 1 1 1 1 1 1 1 1 1 1 1 1 1 1 1 1 1 1 1 1 1 1 1 1 1 1 1 1 1 1 1 1 1 1 1 1 1 1 1 1 1 1 1 1 1 1 1 1 1 1 1 1 1 1 1 1 1 1 1 1 1 1 1 1 1 1 1 1 1 1 1 1 1 1 1 1 1 1 1 1 1 1 1 1 1 1 1 1 1 1 1 1 1 1 1 1 1 1 1 1 1 1 1 1 1 1 1 1 1 1 1 1 1 1 1 1 1 1 1 1 1 1 1 1 1 1 1 1 1 1 1 1 1 1 1 1 1 1 1 1 1 1 1 1 1 1 1 1 1 1 1 1 1 1 1 1 1 1 1 1 1 1 1 1 1 1 1 1 1 1 1 1 1 1 1 1 1 1 1 1 1 1 1 1 1 1 1 1 1 1 1 1 1 1 1 1 1 1 1 1 1 1 1 1 1 1 1 1 1 1 1 1 1 1 1 1 1 1 1 1 1 1 1 1 1 1 1 1 1 1 1 1 1 1 1 1 1 1 1 1 1 1 1 1 1 1 1 1 1 1 1 1 1 1 1 1 1 1 1 1 1 1 1 1 1 1 1 1 1 1 1 1 1 1 1 1 1 1 1 1 1 1 1 1 1 1 1 1 1 1 1 1 1 1 1 1 1 1 1 1 1 1 1 1 1 1 1 1 1 1 1 1 1 1 1 1 1 1 1 1 1 1 1 1 1 1 1 1 1 1 1 1 1 1 1 1 1 1 1 1 1 1 1 1 1 1 1 1 1 1 1 1 1 1 1 1 1 1 1 1 1 1 1 1 1 1 1 1 1 1 1 1 1 1 1 1 1 1 1 1 1 1 1 1 1 1 1 1 1 1 1 1 1 1 1 1 1 1 1 1 1 1 1 1 1 1 1 1 1 1 1 1 1 1 1 1 1 1 1 1 1 1 1 1 1 1 1 1 1 1 1 1 1 1 1 1 1 1 1 1 1 1 1 1 1 1 1 1 1 1 1 1 1 1 1 1 1 1 1 1 1 1 1 1 1 1 1 1 1 1 1 1 1 1 1 1 1 1 1 1 1 1 1 1 1 1 1 1 1 1 1 1 1 1 1 1 1 1 1 1 1 1 1 1 1 1 1 1 1 1 1 1 1 1 1 1 1 1 1 1 1 1 1 1 1 1 1 1 1 1 1 1 1 1 1 1 1 1 1 1 1 1 1 1 1 1 1 1 1 1 1 1 1 1 1 1 1 1 1 1 1 1 1 1 1 1 1 1 1 1 1 1 1 1 1 1 1 1 1 1 1 1 1 1 1 1 1 1 1 1 1 1 1 1 1 1 1 1 1 1 1 1 1 1 1 1 1 1 1 1 1 1 1 1 1 1 1 1 1 1 1 1 1 1 1 1 1 1 1 1 1 1 1 1 1 1 1 1 1 1 1 1 1 1 1 1 1 1 1 1 1 1 1 1 1 1 1 1 1 1 1 1 1 1 1 1 1 1 1 1 1 1 1 1 1 1 1 1 1 1 1 1 1 1 1 1 1 1 1 1 1 1 1 1 1 1 1 1 1 1 1 1 1 1 1 1 1 1 1 1 1 1 1 1 1 1 1 1 1 1 1 1 1 1 1 1 1 1 1 1 1 1 1 1 1 1 1 1 1 1 1 1 1 1 1 1 1 1 1 1 1 1 1 1 1 1 1 1 1 1 1 1 1 1 1 1 1 1 1 1 1 1 1 1 1 1 1 1 1 1 1 1 1 1 1 1 1 1 1 1 1 1 1 1 1 1 1 1 1 1 1 1 1 1 1 1 1 1 1 1 1 1 1 1 1 1 1 1 1 1 1 1 1 1 1 1 1 1 1 1 1 1 1 1 1 1 1 1 1 1 1 1 1 1 1 1 1 1 1 1</float_array>
          <technique_common>
            <accessor source="#penteres_Skin_penteres-skin-weights-array" count="1542" stride="1">
              <param name="WEIGHT" type="float"/>
            </accessor>
          </technique_common>
        </source>
        <joints>
          <input semantic="JOINT" source="#penteres_Skin_penteres-skin-joints"/>
          <input semantic="INV_BIND_MATRIX" source="#penteres_Skin_penteres-skin-bind_poses"/>
        </joints>
        <vertex_weights count="1542">
          <input semantic="JOINT" source="#penteres_Skin_penteres-skin-joints" offset="0"/>
          <input semantic="WEIGHT" source="#penteres_Skin_penteres-skin-weights" offset="1"/>
          <vcount>1 1 1 1 1 1 1 1 1 1 1 1 1 1 1 1 1 1 1 1 1 1 1 1 1 1 1 1 1 1 1 1 1 1 1 1 1 1 1 1 1 1 1 1 1 1 1 1 1 1 1 1 1 1 1 1 1 1 1 1 1 1 1 1 1 1 1 1 1 1 1 1 1 1 1 1 1 1 1 1 1 1 1 1 1 1 1 1 1 1 1 1 1 1 1 1 1 1 1 1 1 1 1 1 1 1 1 1 1 1 1 1 1 1 1 1 1 1 1 1 1 1 1 1 1 1 1 1 1 1 1 1 1 1 1 1 1 1 1 1 1 1 1 1 1 1 1 1 1 1 1 1 1 1 1 1 1 1 1 1 1 1 1 1 1 1 1 1 1 1 1 1 1 1 1 1 1 1 1 1 1 1 1 1 1 1 1 1 1 1 1 1 1 1 1 1 1 1 1 1 1 1 1 1 1 1 1 1 1 1 1 1 1 1 1 1 1 1 1 1 1 1 1 1 1 1 1 1 1 1 1 1 1 1 1 1 1 1 1 1 1 1 1 1 1 1 1 1 1 1 1 1 1 1 1 1 1 1 1 1 1 1 1 1 1 1 1 1 1 1 1 1 1 1 1 1 1 1 1 1 1 1 1 1 1 1 1 1 1 1 1 1 1 1 1 1 1 1 1 1 1 1 1 1 1 1 1 1 1 1 1 1 1 1 1 1 1 1 1 1 1 1 1 1 1 1 1 1 1 1 1 1 1 1 1 1 1 1 1 1 1 1 1 1 1 1 1 1 1 1 1 1 1 1 1 1 1 1 1 1 1 1 1 1 1 1 1 1 1 1 1 1 1 1 1 1 1 1 1 1 1 1 1 1 1 1 1 1 1 1 1 1 1 1 1 1 1 1 1 1 1 1 1 1 1 1 1 1 1 1 1 1 1 1 1 1 1 1 1 1 1 1 1 1 1 1 1 1 1 1 1 1 1 1 1 1 1 1 1 1 1 1 1 1 1 1 1 1 1 1 1 1 1 1 1 1 1 1 1 1 1 1 1 1 1 1 1 1 1 1 1 1 1 1 1 1 1 1 1 1 1 1 1 1 1 1 1 1 1 1 1 1 1 1 1 1 1 1 1 1 1 1 1 1 1 1 1 1 1 1 1 1 1 1 1 1 1 1 1 1 1 1 1 1 1 1 1 1 1 1 1 1 1 1 1 1 1 1 1 1 1 1 1 1 1 1 1 1 1 1 1 1 1 1 1 1 1 1 1 1 1 1 1 1 1 1 1 1 1 1 1 1 1 1 1 1 1 1 1 1 1 1 1 1 1 1 1 1 1 1 1 1 1 1 1 1 1 1 1 1 1 1 1 1 1 1 1 1 1 1 1 1 1 1 1 1 1 1 1 1 1 1 1 1 1 1 1 1 1 1 1 1 1 1 1 1 1 1 1 1 1 1 1 1 1 1 1 1 1 1 1 1 1 1 1 1 1 1 1 1 1 1 1 1 1 1 1 1 1 1 1 1 1 1 1 1 1 1 1 1 1 1 1 1 1 1 1 1 1 1 1 1 1 1 1 1 1 1 1 1 1 1 1 1 1 1 1 1 1 1 1 1 1 1 1 1 1 1 1 1 1 1 1 1 1 1 1 1 1 1 1 1 1 1 1 1 1 1 1 1 1 1 1 1 1 1 1 1 1 1 1 1 1 1 1 1 1 1 1 1 1 1 1 1 1 1 1 1 1 1 1 1 1 1 1 1 1 1 1 1 1 1 1 1 1 1 1 1 1 1 1 1 1 1 1 1 1 1 1 1 1 1 1 1 1 1 1 1 1 1 1 1 1 1 1 1 1 1 1 1 1 1 1 1 1 1 1 1 1 1 1 1 1 1 1 1 1 1 1 1 1 1 1 1 1 1 1 1 1 1 1 1 1 1 1 1 1 1 1 1 1 1 1 1 1 1 1 1 1 1 1 1 1 1 1 1 1 1 1 1 1 1 1 1 1 1 1 1 1 1 1 1 1 1 1 1 1 1 1 1 1 1 1 1 1 1 1 1 1 1 1 1 1 1 1 1 1 1 1 1 1 1 1 1 1 1 1 1 1 1 1 1 1 1 1 1 1 1 1 1 1 1 1 1 1 1 1 1 1 1 1 1 1 1 1 1 1 1 1 1 1 1 1 1 1 1 1 1 1 1 1 1 1 1 1 1 1 1 1 1 1 1 1 1 1 1 1 1 1 1 1 1 1 1 1 1 1 1 1 1 1 1 1 1 1 1 1 1 1 1 1 1 1 1 1 1 1 1 1 1 1 1 1 1 1 1 1 1 1 1 1 1 1 1 1 1 1 1 1 1 1 1 1 1 1 1 1 1 1 1 1 1 1 1 1 1 1 1 1 1 1 1 1 1 1 1 1 1 1 1 1 1 1 1 1 1 1 1 1 1 1 1 1 1 1 1 1 1 1 1 1 1 1 1 1 1 1 1 1 1 1 1 1 1 1 1 1 1 1 1 1 1 1 1 1 1 1 1 1 1 1 1 1 1 1 1 1 1 1 1 1 1 1 1 1 1 1 1 1 1 1 1 1 1 1 1 1 1 1 1 1 1 1 1 1 1 1 1 1 1 1 1 1 1 1 1 1 1 1 1 1 1 1 1 1 1 1 1 1 1 1 1 1 1 1 1 1 1 1 1 1 1 1 1 1 1 1 1 1 1 1 1 1 1 1 1 1 1 1 1 1 1 1 1 1 1 1 1 1 1 1 1 1 1 1 1 1 1 1 1 1 1 1 1 1 1 1 1 1 1 1 1 1 1 1 1 1 1 1 1 1 1 1 1 1 1 1 1 1 1 1 1 1 1 1 1 1 1 1 1 1 1 1 1 1 1 1 1 1 1 1 1 1 1 1 1 1 1 1 1 1 1 1 1 1 1 1 1 1 1 1 1 1 1 1 1 1 1 1 1 1 1 1 1 1 1 1 1 1 1 1 1 1 1 1 1 1 1 1 1 1 1 1 1 1 1 1 1 1 1 1 1 1 1 1 1 1 1 1 1 1 1 1 1 1 1 1 1 1 1 1 1 1 1 1 1 1 1 1 1 1 1 1 1 1 1 1 1 1 1 1 1 1 1 1 1 1 1 1 1 1 1 1 1 1 1 1 1 1 1 1 1 1 1 1 1 1 1 1 1 1 1 1 1 1 1 1 1 1 1 1 1 1 1 1 1 1 1 1 1 1 1 1 1 1 1 1 1 1 1 1 1 1 1 1 1 1 1 1 1 1 1 1 1 1 1 1 1 1 1 1 1 1 1 1 1 1 1 1 1 1 1 1 1 1 1 1 1 1 1 1 1 1 1 1 1 1 1 1 1 1 1 1 1 1 1 1 1 1 1 1 1 1 1 1 1 1 1 1 1 1 1 1 1 1 1 1 1 1 1 1 1 1 1 1 1 1 1 1 1 1 1 1 1 1 1 1 1 1 1 1 1 </vcount>
          <v>0 0 0 1 0 2 0 3 0 4 0 5 0 6 0 7 0 8 0 9 0 10 0 11 0 12 0 13 0 14 0 15 0 16 0 17 0 18 0 19 0 20 0 21 0 22 0 23 0 24 0 25 0 26 0 27 0 28 0 29 0 30 0 31 0 32 0 33 0 34 0 35 0 36 0 37 0 38 0 39 0 40 0 41 0 42 0 43 0 44 0 45 0 46 0 47 0 48 0 49 0 50 0 51 0 52 0 53 0 54 0 55 0 56 0 57 0 58 0 59 0 60 0 61 0 62 0 63 0 64 0 65 0 66 0 67 0 68 0 69 0 70 0 71 0 72 0 73 0 74 0 75 0 76 0 77 0 78 0 79 0 80 0 81 0 82 0 83 0 84 0 85 0 86 0 87 0 88 0 89 0 90 0 91 0 92 0 93 0 94 0 95 0 96 0 97 0 98 0 99 0 100 0 101 0 102 0 103 0 104 0 105 0 106 0 107 0 108 0 109 0 110 0 111 0 112 0 113 0 114 0 115 0 116 0 117 0 118 0 119 0 120 0 121 0 122 0 123 0 124 0 125 0 126 0 127 0 128 0 129 0 130 0 131 0 132 0 133 0 134 0 135 0 136 0 137 0 138 0 139 0 140 0 141 0 142 0 143 0 144 0 145 0 146 0 147 0 148 0 149 0 150 0 151 0 152 0 153 0 154 0 155 0 156 0 157 0 158 0 159 0 160 0 161 0 162 0 163 0 164 0 165 0 166 0 167 0 168 0 169 0 170 0 171 0 172 0 173 0 174 0 175 0 176 0 177 0 178 0 179 0 180 0 181 0 182 0 183 0 184 0 185 0 186 0 187 0 188 0 189 0 190 0 191 0 192 0 193 0 194 0 195 0 196 0 197 0 198 0 199 0 200 0 201 0 202 0 203 0 204 0 205 0 206 0 207 0 208 0 209 0 210 0 211 0 212 0 213 0 214 0 215 0 216 0 217 0 218 0 219 0 220 0 221 0 222 0 223 0 224 0 225 0 226 0 227 0 228 0 229 0 230 0 231 0 232 0 233 0 234 0 235 0 236 0 237 0 238 0 239 0 240 0 241 0 242 0 243 0 244 0 245 0 246 0 247 0 248 0 249 0 250 0 251 0 252 0 253 0 254 0 255 0 256 0 257 0 258 0 259 0 260 0 261 0 262 0 263 0 264 0 265 0 266 0 267 0 268 0 269 0 270 0 271 0 272 0 273 0 274 0 275 0 276 0 277 0 278 0 279 0 280 0 281 0 282 0 283 0 284 0 285 0 286 0 287 0 288 0 289 0 290 0 291 0 292 0 293 0 294 0 295 0 296 0 297 0 298 0 299 0 300 0 301 0 302 0 303 0 304 0 305 0 306 0 307 0 308 0 309 0 310 0 311 0 312 0 313 0 314 0 315 0 316 0 317 0 318 0 319 0 320 0 321 0 322 0 323 0 324 0 325 0 326 0 327 0 328 0 329 0 330 0 331 0 332 0 333 0 334 0 335 0 336 0 337 0 338 0 339 0 340 0 341 0 342 0 343 0 344 0 345 0 346 0 347 0 348 0 349 0 350 0 351 0 352 0 353 0 354 0 355 0 356 0 357 0 358 0 359 0 360 0 361 0 362 0 363 0 364 0 365 0 366 0 367 0 368 0 369 0 370 0 371 0 372 0 373 0 374 0 375 0 376 0 377 0 378 0 379 0 380 0 381 0 382 0 383 0 384 0 385 0 386 0 387 0 388 0 389 0 390 0 391 0 392 0 393 0 394 0 395 0 396 0 397 0 398 0 399 0 400 0 401 0 402 0 403 0 404 0 405 0 406 0 407 0 408 0 409 0 410 0 411 0 412 0 413 0 414 0 415 0 416 0 417 0 418 0 419 0 420 0 421 0 422 0 423 0 424 0 425 0 426 0 427 0 428 0 429 0 430 0 431 0 432 0 433 0 434 0 435 0 436 0 437 0 438 0 439 0 440 0 441 0 442 0 443 0 444 0 445 0 446 0 447 0 448 0 449 0 450 0 451 0 452 0 453 0 454 0 455 0 456 0 457 0 458 0 459 0 460 0 461 0 462 0 463 0 464 0 465 0 466 0 467 0 468 0 469 0 470 0 471 0 472 0 473 0 474 0 475 0 476 0 477 0 478 0 479 0 480 0 481 0 482 0 483 0 484 0 485 0 486 0 487 0 488 0 489 0 490 0 491 0 492 0 493 0 494 0 495 0 496 0 497 0 498 0 499 0 500 0 501 0 502 0 503 0 504 0 505 0 506 0 507 0 508 0 509 0 510 0 511 0 512 0 513 0 514 0 515 0 516 0 517 0 518 0 519 0 520 0 521 0 522 0 523 0 524 0 525 0 526 0 527 0 528 0 529 0 530 0 531 0 532 0 533 0 534 0 535 0 536 0 537 0 538 0 539 0 540 0 541 0 542 0 543 0 544 0 545 0 546 0 547 0 548 0 549 0 550 0 551 0 552 0 553 0 554 0 555 0 556 0 557 0 558 0 559 0 560 0 561 0 562 0 563 0 564 0 565 0 566 0 567 0 568 0 569 0 570 0 571 0 572 0 573 0 574 0 575 0 576 0 577 0 578 0 579 0 580 0 581 0 582 0 583 0 584 0 585 0 586 0 587 0 588 0 589 0 590 0 591 0 592 0 593 0 594 0 595 0 596 0 597 0 598 0 599 0 600 0 601 0 602 0 603 0 604 0 605 0 606 0 607 0 608 0 609 0 610 0 611 0 612 0 613 0 614 0 615 0 616 0 617 0 618 0 619 0 620 0 621 0 622 0 623 0 624 0 625 0 626 0 627 0 628 0 629 0 630 0 631 0 632 0 633 0 634 0 635 0 636 0 637 0 638 0 639 0 640 0 641 0 642 0 643 0 644 0 645 0 646 0 647 0 648 0 649 0 650 0 651 0 652 0 653 0 654 0 655 0 656 0 657 0 658 0 659 0 660 0 661 0 662 0 663 0 664 0 665 0 666 0 667 0 668 0 669 0 670 0 671 0 672 0 673 0 674 0 675 0 676 0 677 0 678 0 679 0 680 0 681 0 682 0 683 0 684 0 685 0 686 0 687 0 688 0 689 0 690 0 691 0 692 0 693 0 694 0 695 0 696 0 697 0 698 0 699 0 700 0 701 0 702 0 703 0 704 0 705 0 706 0 707 0 708 0 709 0 710 0 711 0 712 0 713 0 714 0 715 0 716 0 717 0 718 0 719 0 720 0 721 0 722 0 723 0 724 0 725 0 726 0 727 0 728 0 729 0 730 0 731 0 732 0 733 0 734 0 735 0 736 0 737 0 738 0 739 0 740 0 741 0 742 0 743 0 744 0 745 0 746 0 747 0 748 0 749 0 750 0 751 0 752 0 753 0 754 0 755 0 756 0 757 0 758 0 759 0 760 0 761 0 762 0 763 0 764 0 765 0 766 0 767 0 768 0 769 0 770 0 771 0 772 1 773 1 774 1 775 1 776 1 777 1 778 1 779 1 780 1 781 1 782 1 783 1 784 1 785 1 786 1 787 1 788 1 789 1 790 1 791 1 792 1 793 1 794 1 795 1 796 1 797 1 798 1 799 1 800 1 801 1 802 1 803 1 804 1 805 1 806 1 807 1 808 1 809 1 810 1 811 1 812 1 813 1 814 1 815 1 816 1 817 1 818 1 819 1 820 1 821 1 822 1 823 1 824 1 825 1 826 1 827 1 828 1 829 1 830 1 831 1 832 1 833 1 834 1 835 1 836 1 837 1 838 1 839 1 840 1 841 1 842 1 843 1 844 1 845 1 846 1 847 1 848 1 849 1 850 1 851 1 852 1 853 1 854 1 855 1 856 1 857 1 858 1 859 1 860 1 861 1 862 1 863 1 864 1 865 1 866 1 867 1 868 1 869 1 870 1 871 1 872 1 873 1 874 1 875 1 876 1 877 3 878 3 879 3 880 3 881 3 882 3 883 3 884 3 885 3 886 3 887 3 888 3 889 3 890 3 891 3 892 3 893 3 894 3 895 3 896 3 897 3 898 3 899 3 900 3 901 3 902 3 903 3 904 3 905 3 906 3 907 3 908 3 909 3 910 3 911 3 912 3 913 3 914 3 915 3 916 3 917 3 918 3 919 3 920 3 921 3 922 3 923 3 924 3 925 3 926 3 927 3 928 3 929 3 930 3 931 3 932 3 933 3 934 3 935 3 936 3 937 3 938 3 939 3 940 3 941 3 942 3 943 3 944 3 945 2 946 2 947 2 948 2 949 2 950 2 951 2 952 2 953 2 954 2 955 2 956 2 957 2 958 2 959 2 960 2 961 2 962 2 963 2 964 2 965 8 966 8 967 8 968 8 969 8 970 8 971 8 972 8 973 8 974 8 975 8 976 8 977 8 978 8 979 8 980 8 981 8 982 8 983 8 984 8 985 8 986 8 987 8 988 8 989 8 990 8 991 8 992 8 993 8 994 8 995 8 996 8 997 8 998 8 999 8 1000 8 1001 8 1002 8 1003 8 1004 8 1005 8 1006 8 1007 8 1008 8 1009 8 1010 8 1011 8 1012 8 1013 8 1014 8 1015 8 1016 8 1017 8 1018 8 1019 8 1020 8 1021 8 1022 8 1023 8 1024 8 1025 8 1026 8 1027 8 1028 8 1029 8 1030 8 1031 8 1032 8 1033 8 1034 8 1035 8 1036 8 1037 8 1038 8 1039 8 1040 8 1041 8 1042 8 1043 8 1044 8 1045 8 1046 8 1047 8 1048 8 1049 8 1050 8 1051 8 1052 8 1053 8 1054 8 1055 8 1056 8 1057 8 1058 8 1059 8 1060 8 1061 8 1062 8 1063 8 1064 8 1065 8 1066 8 1067 8 1068 8 1069 8 1070 8 1071 8 1072 8 1073 8 1074 8 1075 8 1076 8 1077 8 1078 8 1079 8 1080 8 1081 8 1082 8 1083 8 1084 8 1085 8 1086 8 1087 8 1088 8 1089 8 1090 8 1091 8 1092 8 1093 8 1094 8 1095 8 1096 8 1097 8 1098 8 1099 8 1100 8 1101 8 1102 8 1103 8 1104 8 1105 8 1106 8 1107 6 1108 6 1109 6 1110 6 1111 6 1112 6 1113 6 1114 6 1115 6 1116 6 1117 6 1118 6 1119 6 1120 6 1121 6 1122 6 1123 6 1124 6 1125 6 1126 6 1127 6 1128 6 1129 6 1130 6 1131 6 1132 6 1133 6 1134 6 1135 6 1136 6 1137 6 1138 6 1139 6 1140 6 1141 6 1142 6 1143 6 1144 6 1145 6 1146 6 1147 6 1148 6 1149 6 1150 6 1151 6 1152 6 1153 6 1154 6 1155 6 1156 6 1157 6 1158 6 1159 6 1160 6 1161 6 1162 6 1163 6 1164 6 1165 6 1166 6 1167 6 1168 6 1169 6 1170 6 1171 6 1172 6 1173 6 1174 6 1175 6 1176 6 1177 6 1178 6 1179 6 1180 6 1181 6 1182 6 1183 6 1184 6 1185 6 1186 6 1187 6 1188 6 1189 6 1190 6 1191 6 1192 6 1193 6 1194 6 1195 6 1196 6 1197 6 1198 6 1199 6 1200 6 1201 6 1202 6 1203 6 1204 6 1205 6 1206 6 1207 6 1208 6 1209 6 1210 6 1211 6 1212 6 1213 6 1214 6 1215 6 1216 6 1217 6 1218 6 1219 6 1220 6 1221 6 1222 6 1223 6 1224 6 1225 6 1226 4 1227 4 1228 4 1229 4 1230 4 1231 4 1232 4 1233 4 1234 4 1235 4 1236 4 1237 4 1238 4 1239 4 1240 9 1241 9 1242 9 1243 9 1244 9 1245 9 1246 9 1247 9 1248 9 1249 9 1250 9 1251 9 1252 9 1253 9 1254 9 1255 9 1256 9 1257 9 1258 9 1259 9 1260 9 1261 9 1262 9 1263 9 1264 9 1265 9 1266 9 1267 9 1268 9 1269 9 1270 9 1271 9 1272 9 1273 9 1274 9 1275 9 1276 9 1277 9 1278 9 1279 9 1280 9 1281 9 1282 9 1283 9 1284 9 1285 9 1286 9 1287 9 1288 9 1289 9 1290 9 1291 9 1292 9 1293 9 1294 9 1295 9 1296 9 1297 9 1298 9 1299 9 1300 9 1301 9 1302 9 1303 9 1304 9 1305 9 1306 9 1307 9 1308 9 1309 9 1310 9 1311 9 1312 9 1313 9 1314 9 1315 9 1316 9 1317 9 1318 9 1319 9 1320 9 1321 9 1322 9 1323 9 1324 9 1325 9 1326 9 1327 9 1328 9 1329 9 1330 9 1331 9 1332 9 1333 9 1334 9 1335 9 1336 9 1337 9 1338 9 1339 9 1340 9 1341 9 1342 9 1343 9 1344 9 1345 9 1346 9 1347 9 1348 9 1349 9 1350 9 1351 9 1352 9 1353 9 1354 9 1355 9 1356 9 1357 9 1358 9 1359 9 1360 9 1361 9 1362 9 1363 9 1364 9 1365 9 1366 9 1367 9 1368 9 1369 9 1370 9 1371 9 1372 9 1373 9 1374 9 1375 9 1376 9 1377 9 1378 9 1379 9 1380 9 1381 9 1382 9 1383 9 1384 9 1385 9 1386 9 1387 9 1388 9 1389 7 1390 7 1391 7 1392 7 1393 7 1394 7 1395 7 1396 7 1397 7 1398 7 1399 7 1400 7 1401 7 1402 7 1403 7 1404 7 1405 7 1406 7 1407 7 1408 7 1409 7 1410 7 1411 7 1412 7 1413 7 1414 7 1415 7 1416 7 1417 7 1418 7 1419 7 1420 7 1421 7 1422 7 1423 7 1424 7 1425 7 1426 7 1427 7 1428 7 1429 7 1430 7 1431 7 1432 7 1433 7 1434 7 1435 7 1436 7 1437 7 1438 7 1439 7 1440 7 1441 7 1442 7 1443 7 1444 7 1445 7 1446 7 1447 7 1448 7 1449 7 1450 7 1451 7 1452 7 1453 7 1454 7 1455 7 1456 7 1457 7 1458 7 1459 7 1460 7 1461 7 1462 7 1463 7 1464 7 1465 7 1466 7 1467 7 1468 7 1469 7 1470 7 1471 7 1472 7 1473 7 1474 7 1475 7 1476 7 1477 7 1478 7 1479 7 1480 7 1481 7 1482 7 1483 7 1484 7 1485 7 1486 7 1487 7 1488 7 1489 7 1490 7 1491 7 1492 7 1493 7 1494 7 1495 7 1496 7 1497 7 1498 7 1499 7 1500 7 1501 7 1502 7 1503 7 1504 7 1505 7 1506 7 1507 7 1508 7 1509 7 1510 7 1511 7 1512 7 1513 7 1514 7 1515 7 1516 7 1517 7 1518 7 1519 5 1520 5 1521 5 1522 5 1523 5 1524 5 1525 5 1526 5 1527 5 1528 5 1529 5 1530 5 1531 5 1532 5 1533 5 1534 5 1535 5 1536 5 1537 5 1538 5 1539 5 1540 5 1541</v>
        </vertex_weights>
      </skin>
    </controller>
  </library_controllers>
  <library_visual_scenes>
    <visual_scene id="Scene" name="Scene">
      <node id="penteres_Skin" name="penteres_Skin" type="NODE">
        <matrix sid="transform">1 0 0 0 0 1 1.62921e-7 0 0 -1.62921e-7 1 0 0 0 0 1</matrix>
        <node id="penteres_Skin_root" name="root" sid="root" type="JOINT">
          <matrix sid="transform">1 0 0 0 0 1 0 0 0 0 1 7 0 0 0 1</matrix>
          <node id="penteres_Skin_A_flag_pivot" name="A flag pivot" sid="A_flag_pivot" type="JOINT">
            <matrix sid="transform">1 0 0 -1.64824e-5 0 1 0 13.71954 0 0 1 29.66165 0 0 0 1</matrix>
            <node id="penteres_Skin_A_mast" name="A mast" sid="A_mast" type="JOINT">
              <matrix sid="transform">1 0 0 1.54291e-5 0 1 0 -1.174484 0 0 1 151.22 0 0 0 1</matrix>
              <node id="penteres_Skin_port_tackle" name="port tackle" sid="port_tackle" type="JOINT">
                <matrix sid="transform">1 0 0 60.78017 0 0.9995735 0.02920529 -2.866859 0 -0.02920529 0.9995734 -17.32121 0 0 0 1</matrix>
                <node id="penteres_Skin_port_block" name="port block" sid="port_block" type="JOINT">
                  <matrix sid="transform">1 0 1.86265e-9 -7.62939e-6 0 1 0 -16.85821 -1.86265e-9 0 1 -77.79156 0 0 0 1</matrix>
                  <node id="penteres_Skin_port_block_end" name="port block_end" sid="port_block_end" type="JOINT">
                    <matrix sid="transform">1 0 0 0 0 1 2.79397e-8 1.000001 0 -2.79397e-8 1 -6.10948e-7 0 0 0 1</matrix>
                    <extra>
                      <technique profile="blender">
                        <connect sid="connect" type="bool">1</connect>
                        <layer sid="layer" type="string">0</layer>
                        <roll sid="roll" type="float">0</roll>
                        <tip_x sid="tip_x" type="float">0</tip_x>
                        <tip_y sid="tip_y" type="float">0.9995737</tip_y>
                        <tip_z sid="tip_z" type="float">-0.02920532</tip_z>
                      </technique>
                    </extra>
                  </node>
                  <extra>
                    <technique profile="blender">
                      <layer sid="layer" type="string">0</layer>
                      <roll sid="roll" type="float">0</roll>
                    </technique>
                  </extra>
                </node>
                <extra>
                  <technique profile="blender">
                    <layer sid="layer" type="string">0</layer>
                    <tip_x sid="tip_x" type="float">0</tip_x>
                    <tip_y sid="tip_y" type="float">79.56333</tip_y>
                    <tip_z sid="tip_z" type="float">-2.324661</tip_z>
                  </technique>
                </extra>
              </node>
              <node id="penteres_Skin_star_tackle" name="star tackle" sid="star_tackle" type="JOINT">
                <matrix sid="transform">1 0 3.72529e-9 -59.92159 -1.08684e-10 0.9995743 0.02917475 -2.866859 -3.72371e-9 -0.02917475 0.9995743 -17.32121 0 0 0 1</matrix>
                <node id="penteres_Skin_star_block" name="star block" sid="star_block" type="JOINT">
                  <matrix sid="transform">1 4.54747e-13 -6.66134e-16 -3.8147e-6 -4.54747e-13 1 7.62753e-6 -16.85867 8.88178e-16 -7.62753e-6 1 -77.7911 0 0 0 1</matrix>
                  <node id="penteres_Skin_star_block_end" name="star block_end" sid="star_block_end" type="JOINT">
                    <matrix sid="transform">1 -4.26298e-13 -2.22045e-16 0 4.26298e-13 1 9.31323e-9 1 2.22045e-16 -9.31323e-9 1 4.08292e-6 0 0 0 1</matrix>
                    <extra>
                      <technique profile="blender">
                        <connect sid="connect" type="bool">1</connect>
                        <layer sid="layer" type="string">0</layer>
                        <roll sid="roll" type="float">0</roll>
                        <tip_x sid="tip_x" type="float">0</tip_x>
                        <tip_y sid="tip_y" type="float">0.9995756</tip_y>
                        <tip_z sid="tip_z" type="float">-0.02918243</tip_z>
                      </technique>
                    </extra>
                  </node>
                  <extra>
                    <technique profile="blender">
                      <layer sid="layer" type="string">0</layer>
                      <roll sid="roll" type="float">0</roll>
                    </technique>
                  </extra>
                </node>
                <extra>
                  <technique profile="blender">
                    <layer sid="layer" type="string">0</layer>
                    <roll sid="roll" type="float">0</roll>
                    <tip_x sid="tip_x" type="float">0</tip_x>
                    <tip_y sid="tip_y" type="float">79.56301</tip_y>
                    <tip_z sid="tip_z" type="float">-2.32222</tip_z>
                  </technique>
                </extra>
              </node>
              <extra>
                <technique profile="blender">
                  <layer sid="layer" type="string">0</layer>
                  <tip_x sid="tip_x" type="float">0</tip_x>
                  <tip_y sid="tip_y" type="float">62.85289</tip_y>
                  <tip_z sid="tip_z" type="float">0</tip_z>
                </technique>
              </extra>
            </node>
            <extra>
              <technique profile="blender">
                <layer sid="layer" type="string">0</layer>
                <tip_x sid="tip_x" type="float">0</tip_x>
                <tip_y sid="tip_y" type="float">151.2246</tip_y>
                <tip_z sid="tip_z" type="float">0</tip_z>
              </technique>
            </extra>
          </node>
          <node id="penteres_Skin_B_flag_pivot" name="B flag pivot" sid="B_flag_pivot" type="JOINT">
            <matrix sid="transform">1 0 0 -1.37459e-5 0 1 0 -84.55457 0 0 1 30.30153 0 0 0 1</matrix>
            <node id="penteres_Skin_B_mast01" name="B mast01" sid="B_mast01" type="JOINT">
              <matrix sid="transform">1 0 0 1.30387e-5 0 1 0 -0.8956146 0 0 1 132.8137 0 0 0 1</matrix>
              <node id="penteres_Skin_port_tackle01" name="port tackle01" sid="port_tackle01" type="JOINT">
                <matrix sid="transform">1 0 0 61.90547 0 0.9995735 0.02920537 -3.740311 0 -0.02920537 0.9995734 -20.97063 0 0 0 1</matrix>
                <node id="penteres_Skin_port_block01" name="port block01" sid="port_block01" type="JOINT">
                  <matrix sid="transform">1 0 1.86265e-9 -3.8147e-6 1.42109e-14 1 -7.62939e-6 -19.20267 -1.86265e-9 7.62939e-6 1 -78.29221 0 0 0 1</matrix>
                  <node id="penteres_Skin_port_block01_end" name="port block01_end" sid="port_block01_end" type="JOINT">
                    <matrix sid="transform">1 0 0 -3.8147e-6 0 1 -2.23517e-8 0.9999924 -2.22045e-16 2.23517e-8 1 5.48363e-6 0 0 0 1</matrix>
                    <extra>
                      <technique profile="blender">
                        <connect sid="connect" type="bool">1</connect>
                        <layer sid="layer" type="string">0</layer>
                        <roll sid="roll" type="float">0</roll>
                        <tip_x sid="tip_x" type="float">0</tip_x>
                        <tip_y sid="tip_y" type="float">0.9995728</tip_y>
                        <tip_z sid="tip_z" type="float">-0.02919769</tip_z>
                      </technique>
                    </extra>
                  </node>
                  <extra>
                    <technique profile="blender">
                      <layer sid="layer" type="string">0</layer>
                      <roll sid="roll" type="float">0</roll>
                    </technique>
                  </extra>
                </node>
                <extra>
                  <technique profile="blender">
                    <layer sid="layer" type="string">0</layer>
                    <tip_x sid="tip_x" type="float">0</tip_x>
                    <tip_y sid="tip_y" type="float">80.57835</tip_y>
                    <tip_z sid="tip_z" type="float">-2.354324</tip_z>
                  </technique>
                </extra>
              </node>
              <node id="penteres_Skin_star_tackle01" name="star tackle01" sid="star_tackle01" type="JOINT">
                <matrix sid="transform">1 0 3.72529e-9 -58.63215 -1.08685e-10 0.9995742 0.02917485 -3.740311 -3.72371e-9 -0.02917485 0.9995743 -20.97063 0 0 0 1</matrix>
                <node id="penteres_Skin_star_block01" name="star block01" sid="star_block01" type="JOINT">
                  <matrix sid="transform">1 0 4.44089e-16 3.8147e-6 0 1 0 -19.20315 0 0 1 -78.29167 0 0 0 1</matrix>
                  <node id="penteres_Skin_star_block01_end" name="star block01_end" sid="star_block01_end" type="JOINT">
                    <matrix sid="transform">1 0 -4.44089e-16 3.8147e-6 0 1 -7.45058e-9 1 2.22045e-16 7.45058e-9 1 -4.76837e-7 0 0 0 1</matrix>
                    <extra>
                      <technique profile="blender">
                        <connect sid="connect" type="bool">1</connect>
                        <layer sid="layer" type="string">0</layer>
                        <roll sid="roll" type="float">0</roll>
                        <tip_x sid="tip_x" type="float">0</tip_x>
                        <tip_y sid="tip_y" type="float">0.9995728</tip_y>
                        <tip_z sid="tip_z" type="float">-0.0291748</tip_z>
                      </technique>
                    </extra>
                  </node>
                  <extra>
                    <technique profile="blender">
                      <layer sid="layer" type="string">0</layer>
                      <roll sid="roll" type="float">0</roll>
                    </technique>
                  </extra>
                </node>
                <extra>
                  <technique profile="blender">
                    <layer sid="layer" type="string">0</layer>
                    <roll sid="roll" type="float">0</roll>
                    <tip_x sid="tip_x" type="float">0</tip_x>
                    <tip_y sid="tip_y" type="float">80.578</tip_y>
                    <tip_z sid="tip_z" type="float">-2.351852</tip_z>
                  </technique>
                </extra>
              </node>
              <extra>
                <technique profile="blender">
                  <layer sid="layer" type="string">0</layer>
                  <tip_x sid="tip_x" type="float">0</tip_x>
                  <tip_y sid="tip_y" type="float">63.92483</tip_y>
                  <tip_z sid="tip_z" type="float">0</tip_z>
                </technique>
              </extra>
            </node>
            <extra>
              <technique profile="blender">
                <layer sid="layer" type="string">0</layer>
                <tip_x sid="tip_x" type="float">0</tip_x>
                <tip_y sid="tip_y" type="float">132.8167</tip_y>
                <tip_z sid="tip_z" type="float">0</tip_z>
              </technique>
            </extra>
          </node>
          <node id="penteres_Skin_fore_tackle04" name="fore tackle04" sid="fore_tackle04" type="JOINT">
            <matrix sid="transform">1 0 3.72529e-9 -9.98379e-6 -1.08713e-10 0.9995741 0.02918245 -182.1039 -3.7237e-9 -0.02918245 0.9995741 107.1795 0 0 0 1</matrix>
            <node id="penteres_Skin_star_block04" name="star block04" sid="star_block04" type="JOINT">
              <matrix sid="transform">1 -4.61859e-13 3.46783e-6 7.51311e-6 1.01187e-7 0.9995744 -0.02917867 1.79541 -3.46636e-6 0.02917867 0.9995742 -52.24808 0 0 0 1</matrix>
              <node id="penteres_Skin_star_block04_end" name="star block04_end" sid="star_block04_end" type="JOINT">
                <matrix sid="transform">1 6.38413e-14 0 2.50111e-12 -6.38404e-14 1 2.04896e-8 1 0 -2.04896e-8 1 5.23694e-7 0 0 0 1</matrix>
                <extra>
                  <technique profile="blender">
                    <connect sid="connect" type="bool">1</connect>
                    <layer sid="layer" type="string">0</layer>
                    <roll sid="roll" type="float">3.47156e-6</roll>
                    <tip_x sid="tip_x" type="float">0</tip_x>
                    <tip_y sid="tip_y" type="float">1</tip_y>
                    <tip_z sid="tip_z" type="float">-3.8147e-6</tip_z>
                  </technique>
                </extra>
              </node>
              <extra>
                <technique profile="blender">
                  <layer sid="layer" type="string">0</layer>
                  <roll sid="roll" type="float">3.47156e-6</roll>
                </technique>
              </extra>
            </node>
            <extra>
              <technique profile="blender">
                <layer sid="layer" type="string">0</layer>
                <roll sid="roll" type="float">0</roll>
                <tip_x sid="tip_x" type="float">0</tip_x>
                <tip_y sid="tip_y" type="float">52.25665</tip_y>
                <tip_z sid="tip_z" type="float">-1.525627</tip_z>
              </technique>
            </extra>
          </node>
          <node id="penteres_Skin_pivot_node_0" name="pivot node 0" sid="pivot_node_0" type="JOINT">
            <matrix sid="transform">1 0 0 1.63231e-6 0 1 0 87.60548 0 0 1 37.79121 0 0 0 1</matrix>
            <node id="penteres_Skin_ammo_node_0" name="ammo node 0" sid="ammo_node_0" type="JOINT">
              <matrix sid="transform">1 0 0 -3.66211e-4 0 1 0 -0.4082565 0 0 1 13.12432 0 0 0 1</matrix>
              <node id="penteres_Skin_ammo_node_0_end" name="ammo node 0_end" sid="ammo_node_0_end" type="JOINT">
                <matrix sid="transform">1 0 0 0 0 1 0 1 0 0 1 0 0 0 0 1</matrix>
                <extra>
                  <technique profile="blender">
                    <connect sid="connect" type="bool">1</connect>
                    <layer sid="layer" type="string">0</layer>
                    <tip_x sid="tip_x" type="float">0</tip_x>
                    <tip_y sid="tip_y" type="float">1</tip_y>
                    <tip_z sid="tip_z" type="float">0</tip_z>
                  </technique>
                </extra>
              </node>
              <extra>
                <technique profile="blender">
                  <layer sid="layer" type="string">0</layer>
                </technique>
              </extra>
            </node>
            <extra>
              <technique profile="blender">
                <layer sid="layer" type="string">0</layer>
                <tip_x sid="tip_x" type="float">0</tip_x>
                <tip_y sid="tip_y" type="float">13.13068</tip_y>
                <tip_z sid="tip_z" type="float">0</tip_z>
              </technique>
            </extra>
          </node>
          <node id="penteres_Skin_pivot_node_1" name="pivot node 1" sid="pivot_node_1" type="JOINT">
            <matrix sid="transform">1 0 0 -4.11041e-6 0 1 0 -113.1554 0 0 1 37.66434 0 0 0 1</matrix>
            <node id="penteres_Skin_ammo_node_1" name="ammo node 1" sid="ammo_node_1" type="JOINT">
              <matrix sid="transform">1 0 0 0 0 1 0 -0.6999893 0 0 1 13.11369 0 0 0 1</matrix>
              <node id="penteres_Skin_ammo_node_1_end" name="ammo node 1_end" sid="ammo_node_1_end" type="JOINT">
                <matrix sid="transform">1 0 0 0 0 1 0 1 0 0 1 0 0 0 0 1</matrix>
                <extra>
                  <technique profile="blender">
                    <connect sid="connect" type="bool">1</connect>
                    <layer sid="layer" type="string">0</layer>
                    <tip_x sid="tip_x" type="float">0</tip_x>
                    <tip_y sid="tip_y" type="float">1</tip_y>
                    <tip_z sid="tip_z" type="float">0</tip_z>
                  </technique>
                </extra>
              </node>
              <extra>
                <technique profile="blender">
                  <layer sid="layer" type="string">0</layer>
                </technique>
              </extra>
            </node>
            <extra>
              <technique profile="blender">
                <layer sid="layer" type="string">0</layer>
                <tip_x sid="tip_x" type="float">0</tip_x>
                <tip_y sid="tip_y" type="float">13.13235</tip_y>
                <tip_z sid="tip_z" type="float">0</tip_z>
              </technique>
            </extra>
          </node>
          <node id="penteres_Skin_port_axle" name="port axle" sid="port_axle" type="JOINT">
            <matrix sid="transform">1 0 0 46.67445 0 1 0 126.9035 0 0 1 9.801001 0 0 0 1</matrix>
            <node id="penteres_Skin_thranite_port" name="thranite port" sid="thranite_port" type="JOINT">
              <matrix sid="transform">1 0 3.46783e-6 7.62939e-6 0 1 0 -201.2273 -3.46783e-6 0 1 -0.329031 0 0 0 1</matrix>
              <node id="penteres_Skin_thranite_port_end" name="thranite port_end" sid="thranite_port_end" type="JOINT">
                <matrix sid="transform">1 0 0 0 0 1 0 1 0 0 1 -2.65441e-7 0 0 0 1</matrix>
                <extra>
                  <technique profile="blender">
                    <connect sid="connect" type="bool">1</connect>
                    <layer sid="layer" type="string">0</layer>
                    <roll sid="roll" type="float">3.46783e-6</roll>
                    <tip_x sid="tip_x" type="float">0</tip_x>
                    <tip_y sid="tip_y" type="float">1</tip_y>
                    <tip_z sid="tip_z" type="float">0</tip_z>
                  </technique>
                </extra>
              </node>
              <extra>
                <technique profile="blender">
                  <layer sid="layer" type="string">0</layer>
                  <roll sid="roll" type="float">3.46783e-6</roll>
                </technique>
              </extra>
            </node>
            <extra>
              <technique profile="blender">
                <layer sid="layer" type="string">0</layer>
                <tip_x sid="tip_x" type="float">0</tip_x>
                <tip_y sid="tip_y" type="float">201.2275</tip_y>
                <tip_z sid="tip_z" type="float">0</tip_z>
              </technique>
            </extra>
          </node>
          <node id="penteres_Skin_port_axle01" name="port axle01" sid="port_axle01" type="JOINT">
            <matrix sid="transform">1 0 0 37.17871 0 1 0 111.8666 0 0 1 3.272998 0 0 0 1</matrix>
            <node id="penteres_Skin_thalamite_port" name="thalamite port" sid="thalamite_port" type="JOINT">
              <matrix sid="transform">1 0 3.46783e-6 7.62939e-6 0 1 0 -186.1767 -3.46783e-6 0 1 -3.8147e-6 0 0 0 1</matrix>
              <node id="penteres_Skin_thalamite_port_end" name="thalamite port_end" sid="thalamite_port_end" type="JOINT">
                <matrix sid="transform">1 0 0 0 0 1 0 1 0 0 1 1.83529e-7 0 0 0 1</matrix>
                <extra>
                  <technique profile="blender">
                    <connect sid="connect" type="bool">1</connect>
                    <layer sid="layer" type="string">0</layer>
                    <roll sid="roll" type="float">3.46783e-6</roll>
                    <tip_x sid="tip_x" type="float">0</tip_x>
                    <tip_y sid="tip_y" type="float">1</tip_y>
                    <tip_z sid="tip_z" type="float">0</tip_z>
                  </technique>
                </extra>
              </node>
              <extra>
                <technique profile="blender">
                  <layer sid="layer" type="string">0</layer>
                  <roll sid="roll" type="float">3.46783e-6</roll>
                </technique>
              </extra>
            </node>
            <extra>
              <technique profile="blender">
                <layer sid="layer" type="string">0</layer>
                <tip_x sid="tip_x" type="float">0</tip_x>
                <tip_y sid="tip_y" type="float">186.1767</tip_y>
                <tip_z sid="tip_z" type="float">0</tip_z>
              </technique>
            </extra>
          </node>
          <node id="penteres_Skin_sbr_axle" name="sbr axle" sid="sbr_axle" type="JOINT">
            <matrix sid="transform">1 0 0 -46.05856 0 1 0 126.8447 0 0 1 9.801001 0 0 0 1</matrix>
            <node id="penteres_Skin_thranite_starboard" name="thranite starboard" sid="thranite_starboard" type="JOINT">
              <matrix sid="transform">1 0 0 0 0 1 0 -201.2275 0 0 1 -3.64304e-4 0 0 0 1</matrix>
              <node id="penteres_Skin_thranite_starboard_end" name="thranite starboard_end" sid="thranite_starboard_end" type="JOINT">
                <matrix sid="transform">1 0 0 0 0 1 0 1 0 0 1 0 0 0 0 1</matrix>
                <extra>
                  <technique profile="blender">
                    <connect sid="connect" type="bool">1</connect>
                    <layer sid="layer" type="string">0</layer>
                    <tip_x sid="tip_x" type="float">0</tip_x>
                    <tip_y sid="tip_y" type="float">1</tip_y>
                    <tip_z sid="tip_z" type="float">0</tip_z>
                  </technique>
                </extra>
              </node>
              <extra>
                <technique profile="blender">
                  <layer sid="layer" type="string">0</layer>
                </technique>
              </extra>
            </node>
            <extra>
              <technique profile="blender">
                <layer sid="layer" type="string">0</layer>
                <tip_x sid="tip_x" type="float">0</tip_x>
                <tip_y sid="tip_y" type="float">201.2275</tip_y>
                <tip_z sid="tip_z" type="float">0</tip_z>
              </technique>
            </extra>
          </node>
          <node id="penteres_Skin_sbr_axle01" name="sbr axle01" sid="sbr_axle01" type="JOINT">
            <matrix sid="transform">1 0 7.45058e-9 -37.45375 0 1 0 111.8666 -7.45058e-9 0 1 3.272998 0 0 0 1</matrix>
            <node id="penteres_Skin_thalamite_sbr" name="thalamite sbr" sid="thalamite_sbr" type="JOINT">
              <matrix sid="transform">1 0 0 -3.8147e-6 0 1 0 -186.1767 0 0 1 -3.60768e-4 0 0 0 1</matrix>
              <node id="penteres_Skin_thalamite_sbr_end" name="thalamite sbr_end" sid="thalamite_sbr_end" type="JOINT">
                <matrix sid="transform">1 0 0 0 0 1 0 1 0 0 1 -2.79052e-7 0 0 0 1</matrix>
                <extra>
                  <technique profile="blender">
                    <connect sid="connect" type="bool">1</connect>
                    <layer sid="layer" type="string">0</layer>
                    <roll sid="roll" type="float">0</roll>
                    <tip_x sid="tip_x" type="float">0</tip_x>
                    <tip_y sid="tip_y" type="float">1</tip_y>
                    <tip_z sid="tip_z" type="float">0</tip_z>
                  </technique>
                </extra>
              </node>
              <extra>
                <technique profile="blender">
                  <layer sid="layer" type="string">0</layer>
                  <roll sid="roll" type="float">0</roll>
                </technique>
              </extra>
            </node>
            <extra>
              <technique profile="blender">
                <layer sid="layer" type="string">0</layer>
                <roll sid="roll" type="float">0</roll>
                <tip_x sid="tip_x" type="float">0</tip_x>
                <tip_y sid="tip_y" type="float">186.1767</tip_y>
                <tip_z sid="tip_z" type="float">0</tip_z>
              </technique>
            </extra>
          </node>
          <extra>
            <technique profile="blender">
              <layer sid="layer" type="string">0</layer>
              <tip_x sid="tip_x" type="float">0</tip_x>
              <tip_y sid="tip_y" type="float">117.2544</tip_y>
              <tip_z sid="tip_z" type="float">0</tip_z>
            </technique>
          </extra>
        </node>
        <node id="penteres" name="penteres" type="NODE">
          <matrix sid="transform">1 0 0 0 0 1 0 0 0 0 1 0 0 0 0 1</matrix>
          <instance_controller url="#penteres_Skin_penteres-skin">
            <skeleton>#penteres_Skin_root</skeleton>
            <bind_material>
              <technique_common>
                <instance_material symbol="trenteres_Ma-material" target="#trenteres_Ma-material">
                  <bind_vertex_input semantic="penteres_UV" input_semantic="TEXCOORD" input_set="0"/>
                </instance_material>
              </technique_common>
            </bind_material>
          </instance_controller>
        </node>
      </node>
    </visual_scene>
  </library_visual_scenes>
  <scene>
    <instance_visual_scene url="#Scene"/>
  </scene>
</COLLADA>