<?xml version="1.0" encoding="utf-8"?>
<COLLADA xmlns="http://www.collada.org/2005/11/COLLADASchema" version="1.4.1" xmlns:xsi="http://www.w3.org/2001/XMLSchema-instance">
  <asset>
    <contributor>
      <author>Blender User</author>
      <authoring_tool>Blender 3.0.1 commit date:2022-01-25, commit time:17:19, hash:dc2d18018171</authoring_tool>
    </contributor>
    <created>2025-07-24T07:49:03</created>
    <modified>2025-07-24T07:49:03</modified>
    <unit name="meter" meter="1"/>
    <up_axis>Z_UP</up_axis>
  </asset>
  <library_effects>
    <effect id="trenteres_Ma-effect">
      <profile_COMMON>
        <technique sid="common">
          <lambert>
            <emission>
              <color sid="emission">0 0 0 1</color>
            </emission>
            <diffuse>
              <color sid="diffuse">0.8 0.8 0.8 1</color>
            </diffuse>
            <reflectivity>
              <float sid="specular">0.5</float>
            </reflectivity>
          </lambert>
        </technique>
      </profile_COMMON>
    </effect>
  </library_effects>
  <library_images/>
  <library_materials>
    <material id="trenteres_Ma-material" name="trenteres_Ma">
      <instance_effect url="#trenteres_Ma-effect"/>
    </material>
  </library_materials>
  <library_geometries>
    <geometry id="feiting_Mesh_002-mesh" name="feiting_Mesh.002">
      <mesh>
        <source id="feiting_Mesh_002-mesh-positions">
          <float_array id="feiting_Mesh_002-mesh-positions-array" count="8433">27.75054 71.06143 42.40316 27.75054 71.06143 42.40316 27.75054 71.06143 42.40316 27.75054 71.06143 42.40316 27.75054 71.06143 42.40316 27.75054 71.06143 42.40316 27.75054 71.06143 42.40316 27.75054 71.06143 42.40316 18.06142 65.70153 49.23001 18.06142 65.70153 49.23001 18.06142 65.70153 49.23001 18.06142 65.70153 49.23001 18.06142 65.70153 49.23001 21.44357 65.70153 51.8925 21.44357 65.70153 51.8925 21.44357 65.70153 51.8925 21.44357 65.70153 51.8925 21.44357 65.70153 51.8925 26.04661 65.70153 52.65369 26.04661 65.70153 52.65369 26.04661 65.70153 52.65369 26.04661 65.70153 52.65369 26.04661 65.70153 52.65369 30.95844 65.70153 51.36226 30.95844 65.70153 51.36226 30.95844 65.70153 51.36226 35.20528 65.70152 48.27265 27.75054 71.06143 42.40316 27.75054 71.06143 42.40316 27.75054 71.06143 42.40316 27.75054 71.06143 42.40316 27.75054 71.06143 42.40316 27.75054 71.06143 42.40316 35.20528 65.70152 48.27265 35.20528 65.70152 48.27265 35.20528 65.70152 48.27265 37.94595 65.70153 43.99685 37.94595 65.70153 43.99685 37.94595 65.70153 43.99685 37.94595 65.70153 43.99685 37.94595 65.70153 43.99685 38.6386 65.70152 39.38299 38.6386 65.70152 39.38299 38.6386 65.70152 39.38299 38.6386 65.70152 39.38299 38.6386 65.70152 39.38299 37.14646 65.70153 35.3455 37.14646 65.70153 35.3455 37.14646 65.70153 35.3455 37.14646 65.70153 35.3455 37.14646 65.70153 35.3455 33.76431 65.70152 32.683 33.76431 65.70152 32.683 33.76431 65.70152 32.683 33.76431 65.70152 32.683 33.76431 65.70152 32.683 29.16128 65.70153 31.92181 29.16128 65.70153 31.92181 29.16128 65.70153 31.92181 29.16128 65.70153 31.92181 29.16128 65.70153 31.92181 24.24944 65.70152 33.21325 24.24944 65.70152 33.21325 24.24944 65.70152 33.21325 24.24944 65.70152 33.21325 24.24944 65.70152 33.21325 20.00262 65.70153 36.30284 20.00262 65.70153 36.30284 20.00262 65.70153 36.30284 20.00262 65.70153 36.30284 17.26194 65.70153 40.57866 17.26194 65.70153 40.57866 17.26194 65.70153 40.57866 17.26194 65.70153 40.57866 17.26194 65.70153 40.57866 16.56929 65.70152 45.19251 16.56929 65.70152 45.19251 16.56929 65.70152 45.19251 16.56929 65.70152 45.19251 16.56929 65.70152 45.19251 14.66259 59.58128 51.92474 14.66259 59.58128 51.92474 14.66259 59.58128 51.92474 14.66259 59.58128 51.92474 14.66259 59.58128 51.92474 14.66259 59.58128 51.92474 19.46562 59.58128 55.80225 19.46562 59.58128 55.80225 19.46562 59.58128 55.80225 19.46562 59.58128 55.80225 19.46562 59.58128 55.80225 19.46562 59.58128 55.80225 25.91712 59.58129 57.03631 25.91712 59.58129 57.03631 25.91712 59.58129 57.03631 25.91712 59.58129 57.03631 25.91712 59.58129 57.03631 25.91712 59.58129 57.03631 32.73513 59.5813 55.37671 32.73513 59.5813 55.37671 32.73513 59.5813 55.37671 30.95844 65.70153 51.36226 30.95844 65.70153 51.36226 32.73513 59.5813 55.37671 32.73513 59.5813 55.37671 32.73513 59.5813 55.37671 38.55983 59.58129 51.13921 38.55983 59.58129 51.13921 38.55983 59.58129 51.13921 35.20528 65.70152 48.27265 38.55983 59.58129 51.13921 38.55983 59.58129 51.13921 38.55983 59.58129 51.13921 42.23754 59.58128 45.1631 42.23754 59.58128 45.1631 42.23754 59.58128 45.1631 42.23754 59.58128 45.1631 42.23754 59.58128 45.1631 42.23754 59.58128 45.1631 43.04928 59.58128 38.64496 43.04928 59.58128 38.64496 43.04928 59.58128 38.64496 43.04928 59.58128 38.64496 43.04928 59.58128 38.64496 43.04928 59.58128 38.64496 40.83848 59.58129 32.88159 40.83848 59.58129 32.88159 40.83848 59.58129 32.88159 40.83848 59.58129 32.88159 40.83848 59.58129 32.88159 40.83848 59.58129 32.88159 36.03546 59.58128 29.00408 36.03546 59.58128 29.00408 36.03546 59.58128 29.00408 36.03546 59.58128 29.00408 36.03546 59.58128 29.00408 36.03546 59.58128 29.00408 29.58395 59.58126 27.77003 29.58395 59.58126 27.77003 29.58395 59.58126 27.77003 29.58395 59.58126 27.77003 29.58395 59.58126 27.77003 29.58395 59.58126 27.77003 22.76594 59.58129 29.42962 22.76594 59.58129 29.42962 22.76594 59.58129 29.42962 22.76594 59.58129 29.42962 22.76594 59.58129 29.42962 22.76594 59.58129 29.42962 16.94125 59.58128 33.66712 16.94125 59.58128 33.66712 16.94125 59.58128 33.66712 16.94125 59.58128 33.66712 16.94125 59.58128 33.66712 16.94125 59.58128 33.66712 20.00262 65.70153 36.30284 13.26354 59.58128 39.64323 13.26354 59.58128 39.64323 13.26354 59.58128 39.64323 13.26354 59.58128 39.64323 13.26354 59.58128 39.64323 13.26354 59.58128 39.64323 12.4518 59.58128 46.16136 12.4518 59.58128 46.16136 12.4518 59.58128 46.16136 12.4518 59.58128 46.16136 12.4518 59.58128 46.16136 12.4518 59.58128 46.16136 13.71478 23.08808 54.31817 13.71478 23.08808 54.31817 13.71478 23.08808 54.31817 13.71478 23.08808 54.31817 13.71478 23.08808 54.31817 13.71478 23.08808 54.31817 19.89356 23.08807 59.48178 19.89356 23.08807 59.48178 19.89356 23.08807 59.48178 19.89356 23.08807 59.48178 19.89356 23.08807 59.48178 19.89356 23.08807 59.48178 28.02437 23.08808 61.32901 28.02437 23.08808 61.32901 28.02437 23.08808 61.32901 28.02437 23.08808 61.32901 28.02437 23.08808 61.32901 28.02437 23.08808 61.32901 36.49235 23.08808 59.48793 36.49235 23.08808 59.48793 36.49235 23.08808 59.48793 36.49235 23.08808 59.48793 36.49235 23.08808 59.48793 36.49235 23.08808 59.48793 43.61039 23.08808 54.30949 43.61039 23.08808 54.30949 43.61039 23.08808 54.30949 43.61039 23.08808 54.30949 43.61039 23.08808 54.30949 43.61039 23.08808 54.30949 47.96868 23.08809 46.81938 47.96868 23.08809 46.81938 47.96868 23.08809 46.81938 47.96868 23.08809 46.81938 47.96868 23.08809 46.81938 47.96868 23.08809 46.81938 48.71393 23.08808 38.51475 48.71393 23.08808 38.51475 48.71393 23.08808 38.51475 48.71393 23.08808 38.51475 48.71393 23.08808 38.51475 48.71393 23.08808 38.51475 45.70297 23.08808 31.04653 45.70297 23.08808 31.04653 45.70297 23.08808 31.04653 45.70297 23.08808 31.04653 45.70297 23.08808 31.04653 45.70297 23.08808 31.04653 39.52418 23.08808 25.88293 39.52418 23.08808 25.88293 39.52418 23.08808 25.88293 39.52418 23.08808 25.88293 39.52418 23.08808 25.88293 39.52418 23.08808 25.88293 31.39338 23.08808 24.03569 31.39338 23.08808 24.03569 31.39338 23.08808 24.03569 31.39338 23.08808 24.03569 31.39338 23.08808 24.03569 31.39338 23.08808 24.03569 22.18011 23.08807 24.85235 22.18011 23.08807 24.85235 22.18011 23.08807 24.85235 22.18011 23.08807 24.85235 15.06207 23.08807 30.03077 15.06207 23.08807 30.03077 15.06207 23.08807 30.03077 15.06207 23.08807 30.03077 15.06207 23.08807 30.03077 11.44906 23.08808 38.54532 11.44906 23.08808 38.54532 11.44906 23.08808 38.54532 11.44906 23.08808 38.54532 11.44906 23.08808 38.54532 11.44906 23.08808 38.54532 10.70381 23.08808 46.84995 10.70381 23.08808 46.84995 10.70381 23.08808 46.84995 10.70381 23.08808 46.84995 10.70381 23.08808 46.84995 10.70381 23.08808 46.84995 13.71478 -10.88174 54.31818 13.71478 -10.88174 54.31818 13.71478 -10.88174 54.31818 13.71478 -10.88174 54.31818 13.71478 -10.88174 54.31818 13.71478 -10.88174 54.31818 20.24427 -10.88174 59.96384 20.24427 -10.88174 59.96384 20.24427 -10.88174 59.96384 20.24427 -10.88174 59.96384 20.24427 -10.88174 59.96384 20.24427 -10.88174 59.96384 28.64037 -10.88174 62.17574 28.64037 -10.88174 62.17574 28.64037 -10.88174 62.17574 28.64037 -10.88174 62.17574 28.64037 -10.88174 62.17574 28.64037 -10.88174 62.17574 37.24454 -10.88173 60.52186 37.24454 -10.88173 60.52186 37.24454 -10.88173 60.52186 37.24454 -10.88173 60.52186 37.24454 -10.88173 60.52186 37.24454 -10.88173 60.52186 44.36259 -10.88174 55.34342 44.36259 -10.88174 55.34342 44.36259 -10.88174 55.34342 44.36259 -10.88174 55.34342 44.36259 -10.88174 55.34342 44.36259 -10.88174 55.34342 48.58467 -10.88174 47.6661 48.58467 -10.88174 47.6661 48.58467 -10.88174 47.6661 48.58467 -10.88174 47.6661 48.58467 -10.88174 47.6661 48.58467 -10.88174 47.6661 49.06464 -10.88173 38.99682 49.06464 -10.88173 38.99682 49.06464 -10.88173 38.99682 49.06464 -10.88173 38.99682 49.06464 -10.88173 38.99682 49.06464 -10.88173 38.99682 45.70297 -10.88173 31.04654 45.70297 -10.88173 31.04654 45.70297 -10.88173 31.04654 45.70297 -10.88173 31.04654 45.70297 -10.88173 31.04654 45.70297 -10.88173 31.04654 39.17348 -10.88173 25.40086 39.17348 -10.88173 25.40086 39.17348 -10.88173 25.40086 39.17348 -10.88173 25.40086 39.17348 -10.88173 25.40086 39.17348 -10.88173 25.40086 30.77739 -10.88174 23.18897 30.77739 -10.88174 23.18897 30.77739 -10.88174 23.18897 30.77739 -10.88174 23.18897 30.77739 -10.88174 23.18897 30.77739 -10.88174 23.18897 22.17321 -10.88175 24.84285 22.17321 -10.88175 24.84285 22.17321 -10.88175 24.84285 15.05516 -10.88174 30.02128 15.05516 -10.88174 30.02128 15.05516 -10.88174 30.02128 15.05516 -10.88174 30.02128 10.83307 -10.88174 37.69859 10.83307 -10.88174 37.69859 10.83307 -10.88174 37.69859 10.83307 -10.88174 37.69859 10.83307 -10.88174 37.69859 10.83307 -10.88174 37.69859 10.35311 -10.88174 46.36788 10.35311 -10.88174 46.36788 10.35311 -10.88174 46.36788 10.35311 -10.88174 46.36788 10.35311 -10.88174 46.36788 10.35311 -10.88174 46.36788 16.88261 -41.48748 52.01356 16.88261 -41.48748 52.01356 16.88261 -41.48748 52.01356 16.88261 -41.48748 52.01356 16.88261 -41.48748 52.01356 16.88261 -41.48748 52.01356 22.36686 -41.48749 56.88194 22.36686 -41.48749 56.88194 22.36686 -41.48749 56.88194 22.36686 -41.48749 56.88194 22.36686 -41.48749 56.88194 22.36686 -41.48749 56.88194 29.29788 -41.48749 58.92774 29.29788 -41.48749 58.92774 29.29788 -41.48749 58.92774 29.29788 -41.48749 58.92774 29.29788 -41.48749 58.92774 29.29788 -41.48749 58.92774 36.307 -41.48748 57.75139 36.307 -41.48748 57.75139 36.307 -41.48748 57.75139 36.307 -41.48748 57.75139 36.307 -41.48748 57.75139 36.307 -41.48748 57.75139 42.01525 -41.48748 53.59861 42.01525 -41.48748 53.59861 42.01525 -41.48748 53.59861 42.01525 -41.48748 53.59861 42.01525 -41.48748 53.59861 42.01525 -41.48748 53.59861 45.29198 -41.48748 47.29191 45.29198 -41.48748 47.29191 45.29198 -41.48748 47.29191 45.29198 -41.48748 47.29191 45.29198 -41.48748 47.29191 45.29198 -41.48748 47.29191 45.47901 -41.48749 40.06769 45.47901 -41.48749 40.06769 45.47901 -41.48749 40.06769 45.47901 -41.48749 40.06769 45.47901 -41.48749 40.06769 45.47901 -41.48749 40.06769 42.53514 -41.48749 33.35115 42.53514 -41.48749 33.35115 42.53514 -41.48749 33.35115 42.53514 -41.48749 33.35115 42.53514 -41.48749 33.35115 42.53514 -41.48749 33.35115 37.0509 -41.48749 28.48277 37.0509 -41.48749 28.48277 37.0509 -41.48749 28.48277 37.0509 -41.48749 28.48277 37.0509 -41.48749 28.48277 37.0509 -41.48749 28.48277 30.11988 -41.48749 26.43698 30.11988 -41.48749 26.43698 30.11988 -41.48749 26.43698 30.11988 -41.48749 26.43698 30.11988 -41.48749 26.43698 30.11988 -41.48749 26.43698 23.11075 -41.48748 27.61331 23.11075 -41.48748 27.61331 23.11075 -41.48748 27.61331 22.17321 -10.88175 24.84285 22.17321 -10.88175 24.84285 23.11075 -41.48748 27.61331 23.11075 -41.48748 27.61331 23.11075 -41.48748 27.61331 17.40252 -41.48748 31.76609 17.40252 -41.48748 31.76609 17.40252 -41.48748 31.76609 17.40252 -41.48748 31.76609 17.40252 -41.48748 31.76609 17.40252 -41.48748 31.76609 14.12578 -41.48749 38.07279 14.12578 -41.48749 38.07279 14.12578 -41.48749 38.07279 14.12578 -41.48749 38.07279 14.12578 -41.48749 38.07279 14.12578 -41.48749 38.07279 13.93876 -41.48749 45.29701 13.93876 -41.48749 45.29701 13.93876 -41.48749 45.29701 13.93876 -41.48749 45.29701 13.93876 -41.48749 45.29701 13.93876 -41.48749 45.29701 22.59084 -48.4694 47.86077 22.59084 -48.4694 47.86077 22.59084 -48.4694 47.86077 22.59084 -48.4694 47.86077 22.59084 -48.4694 47.86077 25.72371 -48.4694 50.68533 25.72371 -48.4694 50.68533 25.72371 -48.4694 50.68533 25.72371 -48.4694 50.68533 25.72371 -48.4694 50.68533 29.64533 -48.4694 51.92402 29.64533 -48.4694 51.92402 29.64533 -48.4694 51.92402 29.64533 -48.4694 51.92402 29.64533 -48.4694 51.92402 33.57929 -48.4694 51.33194 33.57929 -48.4694 51.33194 33.57929 -48.4694 51.33194 33.57929 -48.4694 51.33194 36.74711 -48.4694 49.02732 36.74711 -48.4694 49.02732 36.74711 -48.4694 49.02732 36.74711 -48.4694 49.02732 38.52138 -48.4694 45.46662 38.52138 -48.4694 45.46662 38.52138 -48.4694 45.46662 38.52138 -48.4694 45.46662 38.52138 -48.4694 45.46662 38.54998 -48.4694 41.35412 38.54998 -48.4694 41.35412 38.54998 -48.4694 41.35412 38.54998 -48.4694 41.35412 38.54998 -48.4694 41.35412 36.82692 -48.4694 37.50393 36.82692 -48.4694 37.50393 36.82692 -48.4694 37.50393 36.82692 -48.4694 37.50393 36.82692 -48.4694 37.50393 33.69406 -48.4694 34.67938 33.69406 -48.4694 34.67938 33.69406 -48.4694 34.67938 33.69406 -48.4694 34.67938 33.69406 -48.4694 34.67938 29.77244 -48.4694 33.44069 29.77244 -48.4694 33.44069 29.77244 -48.4694 33.44069 29.77244 -48.4694 33.44069 29.77244 -48.4694 33.44069 25.83848 -48.4694 34.03277 25.83848 -48.4694 34.03277 25.83848 -48.4694 34.03277 25.83848 -48.4694 34.03277 25.83848 -48.4694 34.03277 22.67065 -48.4694 36.33739 22.67065 -48.4694 36.33739 22.67065 -48.4694 36.33739 22.67065 -48.4694 36.33739 20.89638 -48.4694 39.89809 20.89638 -48.4694 39.89809 20.89638 -48.4694 39.89809 20.89638 -48.4694 39.89809 20.89638 -48.4694 39.89809 20.86779 -48.4694 44.01058 20.86779 -48.4694 44.01058 20.86779 -48.4694 44.01058 20.86779 -48.4694 44.01058 20.86779 -48.4694 44.01058 29.70888 -51.88194 42.68235 29.70888 -51.88194 42.68235 29.70888 -51.88194 42.68235 29.70888 -51.88194 42.68235 29.70888 -51.88194 42.68235 29.70888 -51.88194 42.68235 29.70888 -51.88194 42.68235 36.74711 -48.4694 49.02732 33.57929 -48.4694 51.33194 29.70888 -51.88194 42.68235 29.70888 -51.88194 42.68235 29.70888 -51.88194 42.68235 29.70888 -51.88194 42.68235 29.70888 -51.88194 42.68235 29.70888 -51.88194 42.68235 29.70888 -51.88194 42.68235 22.67065 -48.4694 36.33739 -41.64813 -41.48748 52.66291 -41.64813 -41.48748 52.66291 -41.64813 -41.48748 52.66291 -46.62631 -41.48748 47.65818 -46.62631 -41.48748 47.65818 -46.62631 -41.48748 47.65818 -46.62631 -41.48748 47.65818 -46.62631 -41.48748 47.65818 -46.62631 -41.48748 47.65818 -48.86246 -41.48749 40.91197 -48.86246 -41.48749 40.91197 -48.86246 -41.48749 40.91197 -48.86246 -41.48749 40.91197 -48.86246 -41.48749 40.91197 -48.86246 -41.48749 40.91197 -38.14831 59.58129 51.15057 -38.14831 59.58129 51.15057 -38.14831 59.58129 51.15057 -35.82945 65.70152 47.3965 -38.14831 59.58129 51.15057 -38.14831 59.58129 51.15057 -38.14831 59.58129 51.15057 -43.22806 59.5813 46.04374 -43.22806 59.5813 46.04374 -43.22806 59.5813 46.04374 -39.53314 65.70153 43.67307 -39.53314 65.70153 43.67307 -43.22806 59.5813 46.04374 -43.22806 59.5813 46.04374 -43.22806 59.5813 46.04374 -47.90252 -41.48749 33.74937 -47.90252 -41.48749 33.74937 -47.90252 -41.48749 33.74937 -47.90252 -41.48749 33.74937 -47.90252 -41.48749 33.74937 -47.90252 -41.48749 33.74937 -43.9317 -41.48748 27.5841 -43.9317 -41.48748 27.5841 -43.9317 -41.48748 27.5841 -43.9317 -41.48748 27.5841 -43.9317 -41.48748 27.5841 -43.9317 -41.48748 27.5841 -39.35286 -10.88175 20.26684 -39.35286 -10.88175 20.26684 -39.35286 -10.88175 20.26684 -39.35286 -10.88175 20.26684 -39.35286 -10.88175 20.26684 -39.35286 -10.88175 20.26684 -30.71237 -10.88175 19.41313 -30.71237 -10.88175 19.41313 -30.71237 -10.88175 19.41313 -30.71237 -10.88175 19.41313 -30.71237 -10.88175 19.41313 -30.71237 -10.88175 19.41313 -22.47891 -10.88174 22.40935 -22.47891 -10.88174 22.40935 -22.47891 -10.88174 22.40935 -22.47891 -10.88174 22.40935 -16.27123 -10.88175 28.65015 -16.27123 -10.88175 28.65015 -16.27123 -10.88175 28.65015 -13.31885 -10.88174 36.89942 -13.31885 -10.88174 36.89942 -13.31885 -10.88174 36.89942 -13.31885 -10.88174 36.89942 -13.31885 -10.88174 36.89942 -13.31885 -10.88174 36.89942 -14.21849 -10.88174 45.53525 -14.21849 -10.88174 45.53525 -14.21849 -10.88174 45.53525 -14.21849 -10.88174 45.53525 -14.21849 -10.88174 45.53525 -14.21849 -10.88174 45.53525 -18.79732 -10.88173 52.85251 -18.79732 -10.88173 52.85251 -18.79732 -10.88173 52.85251 -18.79732 -10.88173 52.85251 -18.79732 -10.88173 52.85251 -18.79732 -10.88173 52.85251 -26.13883 -10.88173 57.39234 -26.13883 -10.88173 57.39234 -26.13883 -10.88173 57.39234 -26.13883 -10.88173 57.39234 -26.13883 -10.88173 57.39234 -26.13883 -10.88173 57.39234 -34.77931 -10.88174 58.24604 -34.77931 -10.88174 58.24604 -34.77931 -10.88174 58.24604 -34.77931 -10.88174 58.24604 -34.77931 -10.88174 58.24604 -34.77931 -10.88174 58.24604 -45.91247 59.58129 39.56042 -45.91247 59.58129 39.56042 -45.91247 59.58129 39.56042 -45.91247 59.58129 39.56042 -45.91247 59.58129 39.56042 -45.91247 59.58129 39.56042 -45.68124 59.58127 32.99602 -45.68124 59.58127 32.99602 -45.68124 59.58127 32.99602 -45.68124 59.58127 32.99602 -45.68124 59.58127 32.99602 -45.68124 59.58127 32.99602 -42.58524 59.58128 27.65571 -42.58524 59.58128 27.65571 -42.58524 59.58128 27.65571 -42.58524 59.58128 27.65571 -42.58524 59.58128 27.65571 -42.58524 59.58128 27.65571 -43.01277 -10.88174 55.24983 -43.01277 -10.88174 55.24983 -43.01277 -10.88174 55.24983 -43.01277 -10.88174 55.24983 -43.01277 -10.88174 55.24983 -43.01277 -10.88174 55.24983 -49.22046 -10.88174 49.00904 -49.22046 -10.88174 49.00904 -49.22046 -10.88174 49.00904 -49.22046 -10.88174 49.00904 -49.22046 -10.88174 49.00904 -49.22046 -10.88174 49.00904 -52.17284 -10.88174 40.75976 -52.17284 -10.88174 40.75976 -52.17284 -10.88174 40.75976 -52.17284 -10.88174 40.75976 -52.17284 -10.88174 40.75976 -52.17284 -10.88174 40.75976 -35.64039 65.70152 28.50864 -35.64039 65.70152 28.50864 -35.64039 65.70152 28.50864 -35.64039 65.70152 28.50864 -35.64039 65.70152 28.50864 -30.97489 65.70153 28.48635 -30.97489 65.70153 28.48635 -30.97489 65.70153 28.48635 -30.97489 65.70153 28.48635 -30.97489 65.70153 28.48635 -26.32972 65.70153 30.5397 -26.32972 65.70153 30.5397 -26.32972 65.70153 30.5397 -26.32972 65.70153 30.5397 -22.62604 65.70152 34.26312 -22.62604 65.70152 34.26312 -22.62604 65.70152 34.26312 -22.62604 65.70152 34.26312 -22.62604 65.70152 34.26312 -20.59743 65.70155 38.91915 -20.59743 65.70155 38.91915 -20.59743 65.70155 38.91915 -20.59743 65.70155 38.91915 -20.59743 65.70155 38.91915 -51.2732 -10.88174 32.12393 -51.2732 -10.88174 32.12393 -51.2732 -10.88174 32.12393 -51.2732 -10.88174 32.12393 -51.2732 -10.88174 32.12393 -51.2732 -10.88174 32.12393 -46.69437 -10.88175 24.80668 -46.69437 -10.88175 24.80668 -46.69437 -10.88175 24.80668 -46.69437 -10.88175 24.80668 -46.69437 -10.88175 24.80668 -46.69437 -10.88175 24.80668 -39.77552 23.08808 20.68724 -39.77552 23.08808 20.68724 -39.77552 23.08808 20.68724 -39.77552 23.08808 20.68724 -39.77552 23.08808 20.68724 -39.77552 23.08808 20.68724 -31.45474 23.08808 20.15156 -31.45474 23.08808 20.15156 -31.45474 23.08808 20.15156 -31.45474 23.08808 20.15156 -31.45474 23.08808 20.15156 -31.45474 23.08808 20.15156 -20.64453 65.70152 43.58447 -20.64453 65.70152 43.58447 -20.64453 65.70152 43.58447 -20.64453 65.70152 43.58447 -20.64453 65.70152 43.58447 -22.75751 65.70153 47.33456 -22.75751 65.70153 47.33456 -22.75751 65.70153 47.33456 -22.75751 65.70153 47.33456 -22.75751 65.70153 47.33456 -26.51878 65.70152 49.42757 -26.51878 65.70152 49.42757 -26.51878 65.70152 49.42757 -26.51878 65.70152 49.42757 -26.51878 65.70152 49.42757 -22.48723 23.08807 22.41764 -22.48723 23.08807 22.41764 -22.48723 23.08807 22.41764 -22.48723 23.08807 22.41764 -22.48723 23.08807 22.41764 -16.27955 23.08807 28.65842 -16.27955 23.08807 28.65842 -16.27955 23.08807 28.65842 -16.27955 23.08807 28.65842 -14.06122 23.08808 37.63785 -14.06122 23.08808 37.63785 -14.06122 23.08808 37.63785 -14.06122 23.08808 37.63785 -14.06122 23.08808 37.63785 -14.06122 23.08808 37.63785 -14.64115 23.08808 45.95566 -14.64115 23.08808 45.95566 -14.64115 23.08808 45.95566 -14.64115 23.08808 45.95566 -14.64115 23.08808 45.95566 -14.64115 23.08808 45.95566 -18.79732 23.08808 52.85251 -18.79732 23.08808 52.85251 -18.79732 23.08808 52.85251 -18.79732 23.08808 52.85251 -18.79732 23.08808 52.85251 -18.79732 23.08808 52.85251 -25.71617 23.08808 56.97193 -25.71617 23.08808 56.97193 -25.71617 23.08808 56.97193 -25.71617 23.08808 56.97193 -25.71617 23.08808 56.97193 -25.71617 23.08808 56.97193 -34.03694 23.08808 57.50761 -34.03694 23.08808 57.50761 -34.03694 23.08808 57.50761 -34.03694 23.08808 57.50761 -34.03694 23.08808 57.50761 -34.03694 23.08808 57.50761 -42.10626 23.08808 54.34812 -42.10626 23.08808 54.34812 -42.10626 23.08808 54.34812 -42.10626 23.08808 54.34812 -42.10626 23.08808 54.34812 -42.10626 23.08808 54.34812 -48.31396 23.08808 48.10735 -48.31396 23.08808 48.10735 -48.31396 23.08808 48.10735 -48.31396 23.08808 48.10735 -48.31396 23.08808 48.10735 -48.31396 23.08808 48.10735 -51.43047 23.08808 40.02133 -51.43047 23.08808 40.02133 -51.43047 23.08808 40.02133 -51.43047 23.08808 40.02133 -51.43047 23.08808 40.02133 -51.43047 23.08808 40.02133 -50.85054 23.08807 31.70351 -50.85054 23.08807 31.70351 -50.85054 23.08807 31.70351 -50.85054 23.08807 31.70351 -50.85054 23.08807 31.70351 -50.85054 23.08807 31.70351 -46.69437 23.08807 24.80668 -46.69437 23.08807 24.80668 -46.69437 23.08807 24.80668 -46.69437 23.08807 24.80668 -46.69437 23.08807 24.80668 -46.69437 23.08807 24.80668 -37.22854 59.58127 24.58816 -37.22854 59.58127 24.58816 -37.22854 59.58127 24.58816 -37.22854 59.58127 24.58816 -37.22854 59.58127 24.58816 -37.22854 59.58127 24.58816 -30.663 59.58129 24.39185 -30.663 59.58129 24.39185 -30.663 59.58129 24.39185 -30.663 59.58129 24.39185 -30.663 59.58129 24.39185 -30.663 59.58129 24.39185 -26.32972 65.70153 30.5397 -24.19405 59.58129 27.11071 -24.19405 59.58129 27.11071 -24.19405 59.58129 27.11071 -24.19405 59.58129 27.11071 -24.19405 59.58129 27.11071 -24.19405 59.58129 27.11071 -31.18429 65.70155 49.44986 -31.18429 65.70155 49.44986 -31.18429 65.70155 49.44986 -31.18429 65.70155 49.44986 -31.18429 65.70155 49.44986 -35.82945 65.70152 47.3965 -35.82945 65.70152 47.3965 -35.82945 65.70152 47.3965 -31.17118 71.06143 39.13064 -31.17118 71.06143 39.13064 -31.17118 71.06143 39.13064 -31.17118 71.06143 39.13064 -31.17118 71.06143 39.13064 -31.17118 71.06143 39.13064 -19.11431 59.58129 32.21753 -19.11431 59.58129 32.21753 -19.11431 59.58129 32.21753 -19.11431 59.58129 32.21753 -19.11431 59.58129 32.21753 -19.11431 59.58129 32.21753 -16.4299 59.58125 38.70085 -16.4299 59.58125 38.70085 -16.4299 59.58125 38.70085 -16.4299 59.58125 38.70085 -16.4299 59.58125 38.70085 -16.4299 59.58125 38.70085 -16.66112 59.58128 45.26526 -16.66112 59.58128 45.26526 -16.66112 59.58128 45.26526 -16.66112 59.58128 45.26526 -16.66112 59.58128 45.26526 -16.66112 59.58128 45.26526 -19.75713 59.5813 50.60557 -19.75713 59.5813 50.60557 -19.75713 59.5813 50.60557 -19.75713 59.5813 50.60557 -19.75713 59.5813 50.60557 -19.75713 59.5813 50.60557 -35.82945 65.70152 47.3965 -39.53314 65.70153 43.67307 -39.53314 65.70153 43.67307 -39.53314 65.70153 43.67307 -41.56174 65.70153 39.01704 -41.56174 65.70153 39.01704 -41.56174 65.70153 39.01704 -41.56174 65.70153 39.01704 -41.56174 65.70153 39.01704 -41.51465 65.70153 34.35172 -41.51465 65.70153 34.35172 -41.51465 65.70153 34.35172 -41.51465 65.70153 34.35172 -41.51465 65.70153 34.35172 -39.40167 65.70153 30.60163 -39.40167 65.70153 30.60163 -39.40167 65.70153 30.60163 -39.40167 65.70153 30.60163 -39.40167 65.70153 30.60163 -31.17118 71.06143 39.13064 -31.17118 71.06143 39.13064 -31.17118 71.06143 39.13064 -31.17118 71.06143 39.13064 -31.17118 71.06143 39.13064 -31.17118 71.06143 39.13064 -31.17118 71.06143 39.13064 -31.17118 71.06143 39.13064 -25.11383 59.58128 53.67313 -25.11383 59.58128 53.67313 -25.11383 59.58128 53.67313 -25.11383 59.58128 53.67313 -25.11383 59.58128 53.67313 -25.11383 59.58128 53.67313 -31.67938 59.58127 53.86944 -31.67938 59.58127 53.86944 -31.67938 59.58127 53.86944 -31.67938 59.58127 53.86944 -31.67938 59.58127 53.86944 -31.67938 59.58127 53.86944 -27.55391 -48.4694 30.90249 -32.74584 -51.88194 38.8296 -32.74584 -51.88194 38.8296 -32.74584 -51.88194 38.8296 -32.74584 -51.88194 38.8296 -32.74584 -51.88194 38.8296 -32.74584 -51.88194 38.8296 -32.74584 -51.88194 38.8296 -40.70045 -48.4694 43.9793 -37.93778 -48.4694 46.75671 -32.74584 -51.88194 38.8296 -32.74584 -51.88194 38.8296 -32.74584 -51.88194 38.8296 -32.74584 -51.88194 38.8296 -32.74584 -51.88194 38.8296 -32.74584 -51.88194 38.8296 -32.74584 -51.88194 38.8296 -35.41271 -48.4694 30.29632 -35.41271 -48.4694 30.29632 -35.41271 -48.4694 30.29632 -35.41271 -48.4694 30.29632 -35.41271 -48.4694 30.29632 -31.34437 -48.4694 29.6946 -31.34437 -48.4694 29.6946 -31.34437 -48.4694 29.6946 -31.34437 -48.4694 29.6946 -31.34437 -48.4694 29.6946 -27.55391 -48.4694 30.90249 -27.55391 -48.4694 30.90249 -27.55391 -48.4694 30.90249 -27.55391 -48.4694 30.90249 -24.79124 -48.4694 33.6799 -24.79124 -48.4694 33.6799 -24.79124 -48.4694 33.6799 -24.79124 -48.4694 33.6799 -24.79124 -48.4694 33.6799 -23.60352 -48.4694 37.47673 -23.60352 -48.4694 37.47673 -23.60352 -48.4694 37.47673 -23.60352 -48.4694 37.47673 -23.60352 -48.4694 37.47673 -24.22686 -48.4694 41.54182 -24.22686 -48.4694 41.54182 -24.22686 -48.4694 41.54182 -24.22686 -48.4694 41.54182 -24.22686 -48.4694 41.54182 -26.53817 -48.4694 45.07038 -26.53817 -48.4694 45.07038 -26.53817 -48.4694 45.07038 -26.53817 -48.4694 45.07038 -26.53817 -48.4694 45.07038 -30.07898 -48.4694 47.36288 -30.07898 -48.4694 47.36288 -30.07898 -48.4694 47.36288 -30.07898 -48.4694 47.36288 -30.07898 -48.4694 47.36288 -34.14732 -48.4694 47.9646 -34.14732 -48.4694 47.9646 -34.14732 -48.4694 47.9646 -34.14732 -48.4694 47.9646 -34.14732 -48.4694 47.9646 -37.93778 -48.4694 46.75671 -37.93778 -48.4694 46.75671 -37.93778 -48.4694 46.75671 -37.93778 -48.4694 46.75671 -40.70045 -48.4694 43.9793 -40.70045 -48.4694 43.9793 -40.70045 -48.4694 43.9793 -40.70045 -48.4694 43.9793 -41.88817 -48.4694 40.18247 -41.88817 -48.4694 40.18247 -41.88817 -48.4694 40.18247 -41.88817 -48.4694 40.18247 -41.88817 -48.4694 40.18247 -41.26482 -48.4694 36.11739 -41.26482 -48.4694 36.11739 -41.26482 -48.4694 36.11739 -41.26482 -48.4694 36.11739 -41.26482 -48.4694 36.11739 -38.95351 -48.4694 32.58882 -38.95351 -48.4694 32.58882 -38.95351 -48.4694 32.58882 -38.95351 -48.4694 32.58882 -38.95351 -48.4694 32.58882 -37.74537 -41.48749 23.64612 -37.74537 -41.48749 23.64612 -37.74537 -41.48749 23.64612 -37.74537 -41.48749 23.64612 -37.74537 -41.48749 23.64612 -37.74537 -41.48749 23.64612 -30.57777 -41.48749 22.7243 -30.57777 -41.48749 22.7243 -30.57777 -41.48749 22.7243 -30.57777 -41.48749 22.7243 -30.57777 -41.48749 22.7243 -30.57777 -41.48749 22.7243 -23.84355 -41.48748 24.99629 -23.84355 -41.48748 24.99629 -23.84355 -41.48748 24.99629 -23.84355 -41.48748 24.99629 -23.84355 -41.48748 24.99629 -23.84355 -41.48748 24.99629 -18.86538 -41.48748 30.00101 -18.86538 -41.48748 30.00101 -18.86538 -41.48748 30.00101 -16.27123 -10.88175 28.65015 -16.27123 -10.88175 28.65015 -18.86538 -41.48748 30.00101 -18.86538 -41.48748 30.00101 -18.86538 -41.48748 30.00101 -16.62925 -41.48749 36.74721 -16.62925 -41.48749 36.74721 -16.62925 -41.48749 36.74721 -16.62925 -41.48749 36.74721 -16.62925 -41.48749 36.74721 -16.62925 -41.48749 36.74721 -17.58917 -41.48749 43.90982 -17.58917 -41.48749 43.90982 -17.58917 -41.48749 43.90982 -17.58917 -41.48749 43.90982 -17.58917 -41.48749 43.90982 -17.58917 -41.48749 43.90982 -21.56 -41.48749 50.0751 -21.56 -41.48749 50.0751 -21.56 -41.48749 50.0751 -21.56 -41.48749 50.0751 -21.56 -41.48749 50.0751 -21.56 -41.48749 50.0751 -27.74631 -41.48749 54.01308 -27.74631 -41.48749 54.01308 -27.74631 -41.48749 54.01308 -27.74631 -41.48749 54.01308 -27.74631 -41.48749 54.01308 -27.74631 -41.48749 54.01308 -34.91392 -41.48748 54.93489 -34.91392 -41.48748 54.93489 -34.91392 -41.48748 54.93489 -34.91392 -41.48748 54.93489 -34.91392 -41.48748 54.93489 -34.91392 -41.48748 54.93489 -41.64813 -41.48748 52.66291 -41.64813 -41.48748 52.66291 -41.64813 -41.48748 52.66291 -40.88302 -46.3202 15.74616 -40.88302 -46.3202 15.74616 -40.88302 -46.3202 15.74616 -40.88302 -46.3202 15.74616 -40.88302 -46.3202 15.74616 -40.82971 -45.08201 17.08786 -40.82971 -45.08201 17.08786 -40.82971 -45.08201 17.08786 -40.82971 -45.08201 17.08786 -40.82971 -45.08201 17.08786 -40.82846 -45.04223 15.86205 -40.82846 -45.04223 15.86205 -40.82846 -45.04223 15.86205 -40.82846 -45.04223 15.86205 -40.82846 -45.04223 15.86205 -40.88293 -46.33015 17.1953 -40.88293 -46.33015 17.1953 -40.88293 -46.33015 17.1953 3.016837 -45.26693 14.01155 3.016837 -45.26693 14.01155 3.016837 -45.26693 14.01155 3.016837 -45.26693 14.01155 3.016837 -45.26693 14.01155 3.016837 -45.26693 14.01155 3.016837 -45.26693 14.01155 46.73652 -46.08394 18.48646 46.73652 -46.08394 18.48646 46.73652 -46.08394 18.48646 46.73652 -46.08394 18.48646 46.79253 -44.76979 18.37335 46.79253 -44.76979 18.37335 46.79253 -44.76979 18.37335 46.79253 -44.76979 18.37335 3.018919 -45.21871 12.52547 3.018919 -45.21871 12.52547 3.018919 -45.21871 12.52547 3.018919 -45.21871 12.52547 3.018919 -45.21871 12.52547 46.73641 -46.07345 16.96071 46.73641 -46.07345 16.96071 46.73641 -46.07345 16.96071 46.73641 -46.07345 16.96071 46.73641 -46.07345 16.96071 46.73641 -46.07345 16.96071 2.928938 -46.76802 12.38498 2.928938 -46.76802 12.38498 2.928938 -46.76802 12.38498 2.928938 -46.76802 12.38498 2.928938 -46.76802 12.38498 2.929106 -46.78009 14.14179 2.929106 -46.78009 14.14179 2.929106 -46.78009 14.14179 2.929106 -46.78009 14.14179 2.929106 -46.78009 14.14179 2.929106 -46.78009 14.14179 2.929106 -46.78009 14.14179 46.79387 -44.72791 17.08272 46.79387 -44.72791 17.08272 46.79387 -44.72791 17.08272 46.79387 -44.72791 17.08272 -7.652084 -40.32832 5.009644 -7.652084 -40.32832 5.009644 11.18206 -40.44074 5.009644 11.38977 34.55356 5.010107 11.38977 34.55356 5.010107 0.03854751 58.38749 -13.02315 0.03854751 58.38749 -13.02315 0.03854751 58.38749 -13.02315 0.03854751 58.38749 -13.02315 0.03854751 58.38749 -13.02315 0.03854751 58.38749 -13.02315 0.2373504 -49.25031 -13.02394 0.2373504 -49.25031 -13.02394 0.2373504 -49.25031 -13.02394 0.2373504 -49.25031 -13.02394 0.2373504 -49.25031 -13.02394 0.2373504 -49.25031 -13.02394 -4.801792 -51.61084 -13.03092 -4.801792 -51.61084 -13.03092 -4.801792 -51.61084 -13.03092 -4.801792 -51.61084 -13.03092 -7.856396 34.28078 5.010107 3.294907 -49.42695 -13.02394 3.294907 -49.42695 -13.02394 3.294907 -49.42695 -13.02394 3.294907 -49.42695 -13.02394 3.294907 -49.42695 -13.02394 3.294907 -49.42695 -13.02394 3.494144 58.38749 -13.02315 3.494144 58.38749 -13.02315 3.494144 58.38749 -13.02315 3.494144 58.38749 -13.02315 8.488572 55.1439 -9.659286 8.488572 55.1439 -9.659286 8.488572 55.1439 -9.659286 8.488572 55.1439 -9.659286 8.488572 55.1439 -9.659286 8.488572 55.1439 -9.659286 8.488572 55.1439 -9.659286 8.488572 55.1439 -9.659286 8.488572 55.1439 -9.659286 9.000918 67.03746 12.6373 9.000918 67.03746 12.6373 9.000918 67.03746 12.6373 9.000918 67.03746 12.6373 7.04006 74.33062 12.89498 7.04006 74.33062 12.89498 -3.498817 74.33062 13.10581 -3.498817 74.33062 13.10581 -3.498817 74.33062 13.10581 -3.498817 74.33062 13.10581 -5.797306 66.81968 13.10105 -5.797306 66.81968 13.10105 -11.78362 40.05759 -1.027057 -11.78362 40.05759 -1.027057 -11.78362 40.05759 -1.027057 -11.78362 40.05759 -1.027057 -11.78362 40.05759 -1.027057 -11.78362 40.05759 -1.027057 -11.37912 -45.94212 5.069238 -11.37912 -45.94212 5.069238 -11.37912 -45.94212 5.069238 -11.37912 -45.94212 5.069238 -11.57616 37.09275 5.069784 -11.57616 37.09275 5.069784 -11.57616 37.09275 5.069784 -11.57616 37.09275 5.069784 -11.57616 37.09275 5.069784 1.978462 -79.93398 5.479834 1.978462 -79.93398 5.479834 1.978462 -79.93398 5.479834 1.978462 -79.93398 5.479834 -2.863819 -73.05595 -3.176144 -2.863819 -73.05595 -3.176144 -2.863819 -73.05595 -3.176144 -2.863819 -73.05595 -3.176144 -2.863819 -73.05595 -3.176144 1.503296 -79.56795 5.688016 1.503296 -79.56795 5.688016 1.503296 -79.56795 5.688016 1.503296 -79.56795 5.688016 15.10941 37.42052 5.069783 15.10941 37.42052 5.069783 15.10941 37.42052 5.069783 15.10941 37.42052 5.069783 15.10941 37.42052 5.069783 14.90867 -46.01677 5.069245 14.90867 -46.01677 5.069245 14.90867 -46.01677 5.069245 14.90867 -46.01677 5.069245 15.10813 -46.32659 -1.216896 15.10813 -46.32659 -1.216896 15.10813 -46.32659 -1.216896 15.10813 -46.32659 -1.216896 15.10813 -46.32659 -1.216896 15.10813 -46.32659 -1.216896 15.10813 -46.32659 -1.216896 1.98053 -82.39862 14.77864 1.98053 -82.39862 14.77864 1.98053 -82.39862 14.77864 13.10175 -46.01229 13.05886 13.10175 -46.01229 13.05886 -9.584992 -45.94846 13.00852 -9.584992 -45.94846 13.00852 -5.436733 66.76277 0.6521537 -5.436733 66.76277 0.6521537 -5.436733 66.76277 0.6521537 -5.797306 66.81968 13.10105 -5.797306 66.81968 13.10105 -5.797306 66.81968 13.10105 -5.797306 66.81968 13.10105 -3.498817 74.33062 13.10581 -3.498817 74.33062 13.10581 -3.498817 74.33062 13.10581 -3.332035 74.33058 5.597649 -3.332035 74.33058 5.597649 6.062111 74.33058 -1.098519 6.062111 74.33058 -1.098519 6.062111 74.33058 -1.098519 6.062111 74.33058 -1.098519 6.062111 74.33058 -1.098519 6.062111 74.33058 -1.098519 1.766327 63.84533 -11.16199 1.766327 63.84533 -11.16199 1.766327 63.84533 -11.16199 1.766327 63.84533 -11.16199 1.766327 63.84533 -11.16199 1.766327 63.84533 -11.16199 1.766327 63.84533 -11.16199 -11.57864 -46.22631 -1.027732 -11.57864 -46.22631 -1.027732 -11.57864 -46.22631 -1.027732 -11.57864 -46.22631 -1.027732 -11.57864 -46.22631 -1.027732 -11.57864 -46.22631 -1.027732 -11.57864 -46.22631 -1.027732 -1.9463 -82.32266 14.09004 -9.795693 37.1104 13.09153 -9.795693 37.1104 13.09153 13.3292 37.4382 13.09153 13.3292 37.4382 13.09153 13.3292 37.4382 13.09153 13.3292 37.4382 13.09153 1.978462 -79.93398 5.479834 1.978462 -79.93398 5.479834 1.978462 -79.93398 5.479834 1.978462 -79.93398 5.479834 1.978462 -79.93398 5.479834 1.978462 -79.93398 5.479834 1.978462 -79.93398 5.479834 1.978462 -79.93398 5.479834 -1.9463 -82.32266 14.09004 -1.9463 -82.32266 14.09004 -1.9463 -82.32266 14.09004 1.665524 -83.42656 11.96308 1.665524 -83.42656 11.96308 1.665524 -83.42656 11.96308 1.665524 -83.42656 11.96308 1.665524 -83.42656 11.96308 1.665524 -83.42656 11.96308 1.98575 -83.23166 11.26056 1.98575 -83.23166 11.26056 1.98575 -83.23166 11.26056 1.98575 -83.23166 11.26056 1.98575 -83.23166 11.26056 1.98575 -83.23166 11.26056 1.98575 -83.23166 11.26056 1.98575 -83.23166 11.26056 1.98575 -83.23166 11.26056 1.98575 -83.23166 11.26056 1.98575 -83.23166 11.26056 1.98575 -83.23166 11.26056 1.98575 -83.23166 11.26056 1.98575 -83.23166 11.26056 1.98575 -83.23166 11.26056 1.98575 -83.23166 11.26056 1.98575 -83.23166 11.26056 1.98575 -83.23166 11.26056 6.4188 -79.86459 5.479834 6.4188 -79.86459 5.479834 13.3278 -46.30899 -4.33091 13.3278 -46.30899 -4.33091 13.3278 -46.30899 -4.33091 5.895866 -82.32266 14.1178 5.895866 -82.32266 14.1178 1.98053 -82.39862 14.77864 1.98053 -82.39862 14.77864 1.98053 -82.39862 14.77864 -1.9463 -82.32266 14.09004 -1.9463 -82.32266 14.09004 -1.9463 -82.32266 14.09004 1.665524 -83.42656 11.96308 1.665524 -83.42656 11.96308 1.665524 -83.42656 11.96308 1.98592 -83.4447 12.04695 1.98592 -83.4447 12.04695 -9.584992 -45.94846 13.00852 -9.584992 -45.94846 13.00852 -9.584992 -45.94846 13.00852 -9.584992 -45.94846 13.00852 -1.9463 -82.32266 14.09004 -1.9463 -82.32266 14.09004 -4.956249 55.1439 -9.659278 -4.956249 55.1439 -9.659278 -4.956249 55.1439 -9.659278 -4.956249 55.1439 -9.659278 -0.0374298 79.91828 -3.203157 -0.0374298 79.91828 -3.203157 -0.0374298 79.91828 -3.203157 -0.0374298 79.91828 -3.203157 -0.0374298 79.91828 -3.203157 -0.0374298 79.91828 -3.203157 1.197182 79.91828 -3.726701 1.197182 79.91828 -3.726701 1.197182 79.91828 -3.726701 1.197182 79.91828 -3.726701 1.197182 79.91828 -3.726701 1.755585 -57.33873 -13.0241 1.755585 -57.33873 -13.0241 1.755585 -57.33873 -13.0241 1.755585 -57.33873 -13.0241 1.755585 -57.33873 -13.0241 3.562881 -56.45318 -13.02409 3.562881 -56.45318 -13.02409 3.562881 -56.45318 -13.02409 3.562881 -56.45318 -13.02409 3.562881 -56.45318 -13.02409 3.562881 -56.45318 -13.02409 3.562881 -56.45318 -13.02409 7.035255 -73.05592 -3.176144 7.035255 -73.05592 -3.176144 7.035255 -73.05592 -3.176144 7.035255 -73.05592 -3.176144 7.035255 -73.05592 -3.176144 7.035255 -73.05592 -3.176144 2.499153 -79.62095 5.690999 2.499153 -79.62095 5.690999 2.499153 -79.62095 5.690999 2.499153 -79.62095 5.690999 -9.795693 37.1104 13.09153 -9.795693 37.1104 13.09153 8.332243 -52.64644 -13.03093 8.332243 -52.64644 -13.03093 8.332243 -52.64644 -13.03093 8.332243 -52.64644 -13.03093 8.332243 -52.64644 -13.03093 13.3278 -46.30899 -2.67353 13.3278 -46.30899 -2.67353 13.3278 -46.30899 -2.67353 13.3278 -46.30899 -2.67353 13.3278 -46.30899 -2.67353 13.3278 -46.30899 -2.67353 9.000918 67.03746 12.6373 13.3292 37.4382 13.09153 13.3292 37.4382 13.09153 15.21662 40.04218 13.1911 10.76861 55.99715 -4.330061 10.76861 55.99715 -4.330061 10.76861 55.99715 -4.330061 15.31612 40.0576 -1.216221 15.31612 40.0576 -1.216221 15.31612 40.0576 -1.216221 15.31612 40.0576 -1.216221 15.31612 40.0576 -1.216221 15.31612 40.0576 -1.216221 -7.501213 -34.62474 5.009696 -7.501213 -34.62474 5.009696 -7.501194 -34.62471 13.09893 11.33292 -34.73111 13.09892 11.33292 -34.73111 13.09892 -9.584992 -45.94846 13.00852 -9.584992 -45.94846 13.00852 -7.652084 -40.32827 13.09496 -7.856396 34.28083 13.09151 -7.856396 34.28083 13.09151 -0.05171585 -56.45319 -13.02409 -0.05171585 -56.45319 -13.02409 -0.05171585 -56.45319 -13.02409 -0.05171585 -56.45319 -13.02409 -0.05171585 -56.45319 -13.02409 -0.05171585 -56.45319 -13.02409 -7.652084 -40.32827 13.09496 -7.652084 -40.32827 13.09496 -7.652084 -40.32827 13.09496 11.18206 -40.44068 13.09495 11.18206 -40.44068 13.09495 11.18206 -40.44068 13.09495 11.33292 -34.73111 13.09892 11.33292 -34.73111 13.09892 11.18206 -40.44068 13.09495 11.18206 -40.44068 13.09495 13.10175 -46.01229 13.05886 13.3292 37.4382 13.09153 13.3292 37.4382 13.09153 -7.402546 -41.29574 12.92607 -7.402546 -41.29574 12.92607 -7.402546 -41.29574 12.92607 -7.402546 -41.29574 12.92607 -9.584992 -45.94846 13.00852 13.10175 -46.01229 13.05886 13.10175 -46.01229 13.05886 -1.521606 37.07511 13.10068 -1.521606 37.07511 13.10068 -1.52161 -36.29359 13.10024 5.059387 -36.29358 13.10024 5.059387 -36.29358 13.10024 5.059376 -47.11969 -0.9216838 5.059376 -47.11969 -0.9216838 5.059376 -47.11969 -0.9216838 -1.521614 -47.11969 -0.9216838 -1.521614 -47.11969 -0.9216838 -1.521614 -47.11969 -0.9216838 -1.521614 37.075 -0.9211229 -1.521614 37.075 -0.9211229 5.059376 37.07511 13.10068 5.05938 37.075 -0.9211229 9.000918 67.03746 12.6373 9.000918 67.03746 12.6373 9.000918 67.03746 12.6373 9.000918 67.03746 12.6373 11.33292 -34.73117 5.009696 5.059376 37.07511 13.10068 5.059376 37.07511 13.10068 5.059387 -36.29358 13.10024 5.059376 -47.11969 -0.9216838 5.059376 -47.11969 -0.9216838 5.059387 -36.29358 13.10024 5.059387 -36.29358 13.10024 -1.52161 -36.29359 13.10024 -1.52161 -36.29359 13.10024 -1.521606 37.07511 13.10068 -1.521614 37.075 -0.9211229 -1.521614 37.075 -0.9211229 11.38977 34.55361 13.09151 11.38977 34.55361 13.09151 11.38977 34.55356 5.010107 11.18206 -40.44074 5.009644 11.18206 -40.44074 5.009644 11.41447 30.74447 5.010069 11.41447 30.74447 5.010069 11.41447 30.74453 13.09146 -7.831696 30.47176 13.09146 -7.831696 30.47176 13.09146 -5.797306 66.81968 13.10105 -10.83707 40.04338 13.01049 -9.795693 37.1104 13.09153 -9.795693 37.1104 13.09153 -9.795693 37.1104 13.09153 -7.235939 55.99714 -4.330077 -7.235939 55.99714 -4.330077 -7.235939 55.99714 -4.330077 -7.235939 55.99714 -4.330077 -7.235939 55.99714 -4.330077 -7.235939 55.99714 -4.330077 -7.831699 30.47171 5.010069 -7.856396 34.28078 5.010107 -7.856396 34.28078 5.010107 -7.856396 34.28083 13.09151 -7.652084 -40.32827 13.09496 -7.652084 -40.32827 13.09496 -9.798443 -46.2087 -1.973686 -9.798443 -46.2087 -1.973686 -9.798443 -46.2087 -1.973686 -9.798443 -46.2087 -1.973686 -9.798443 -46.2087 -1.973686 -9.798443 -46.2087 -1.973686 -4.801792 -51.61084 -13.03092 -4.801792 -51.61084 -13.03092 -2.863819 -73.05595 -3.176144 -2.863819 -73.05595 -3.176144 5.05938 37.075 -0.9211229 -1.52161 -36.29359 13.10024 -1.521614 -47.11969 -0.9216838 -12.46813 -48.36928 -1.027747 -12.46813 -48.36928 -1.027747 -12.67311 37.91464 -1.02708 -8.125432 53.85416 -4.330099 -8.125432 53.85416 -4.330099 -7.501194 -34.62471 13.09893 11.33292 -34.73117 5.009696 11.33292 -34.73117 5.009696 11.33292 -34.73117 5.009696 11.33292 -34.73111 13.09892 11.18206 -40.44068 13.09495 11.18206 -40.44068 13.09495 11.18206 -40.44068 13.09495 5.895866 -82.32266 14.1178 5.895866 -82.32266 14.1178 5.895866 -82.32266 14.1178 1.98592 -83.4447 12.04695 2.305376 -83.42656 11.96535 6.4188 -79.86459 5.479834 6.4188 -79.86459 5.479834 6.4188 -79.86459 5.479834 -7.652084 -40.32832 5.009644 -7.652084 -40.32832 5.009644 -7.652084 -40.32827 13.09496 -7.652084 -40.32827 13.09496 -7.501194 -34.62471 13.09893 -7.501194 -34.62471 13.09893 -7.652084 -40.32832 5.009644 -2.457748 -79.8646 5.479834 -2.457748 -79.8646 5.479834 -2.457748 -79.8646 5.479834 -2.457748 -79.8646 5.479834 -2.457748 -79.8646 5.479834 -5.436733 66.76277 0.6521537 -5.436733 66.76277 0.6521537 -5.436733 66.76277 0.6521537 -5.436733 66.76277 0.6521537 -1.579716 79.91828 -3.14847 -1.579716 79.91828 -3.14847 -1.579716 79.91828 -3.14847 -1.579716 79.91828 -3.14847 11.38977 34.55361 13.09151 11.38977 34.55361 13.09151 11.38977 34.55361 13.09151 11.38977 34.55361 13.09151 11.38977 34.55361 13.09151 -7.856396 34.28083 13.09151 -7.856396 34.28083 13.09151 -7.856396 34.28083 13.09151 -9.795693 37.1104 13.09153 -10.83707 40.04338 13.01049 -10.83707 40.04338 13.01049 -10.83707 40.04338 13.01049 -10.68793 -48.35168 -4.330932 10.76861 55.99715 -4.330061 10.76861 55.99715 -4.330061 10.76861 55.99715 -4.330061 13.3278 -46.30899 -4.33091 13.3278 -46.30899 -4.33091 7.92087 67.03981 0.6521689 7.92087 67.03981 0.6521689 7.92087 67.03981 0.6521689 6.148056 74.33058 4.895851 6.148056 74.33058 4.895851 6.148056 74.33058 4.895851 6.148056 74.33058 4.895851 6.549545 74.33058 5.480782 -4.956249 55.1439 -9.659278 -4.956249 55.1439 -9.659278 -7.235939 55.99714 -4.330077 15.21662 40.04218 13.1911 15.21662 40.04218 13.1911 15.21662 40.04218 13.1911 -9.798443 -46.20874 -4.33091 -9.798443 -46.20874 -4.33091 -9.798443 -46.20874 -4.33091 -9.798443 -46.20874 -4.33091 13.10175 -46.01229 13.05886 13.10175 -46.01229 13.05886 13.10175 -46.01229 13.05886 1.962662 -74.12286 -3.898502 1.962662 -74.12286 -3.898502 1.962662 -74.12286 -3.898502 1.962662 -74.12286 -3.898502 1.962662 -74.12286 -3.898502 1.981052 -80.10903 5.837057 1.981052 -80.10903 5.837057 2.499153 -79.62095 5.690999 10.89698 -41.37725 13.02678 10.89698 -41.37725 13.02678 2.729828 95.46063 10.05305 2.729828 95.46063 10.05305 2.729828 95.46063 10.05305 2.729828 95.46063 10.05305 2.729828 95.46063 10.05305 2.729828 95.46063 10.05305 2.729828 95.46063 10.05305 1.590034 79.91828 -4.459185 1.590034 79.91828 -4.459185 1.590034 79.91828 -4.459185 1.590034 79.91828 -4.459185 1.981052 -80.10903 5.837057 1.981052 -80.10903 5.837057 7.92087 67.03981 0.6521689 7.92087 67.03981 0.6521689 7.92087 67.03981 0.6521689 7.04006 74.33062 12.89498 7.04006 74.33062 12.89498 7.04006 74.33062 12.89498 6.549545 74.33058 5.480782 6.549545 74.33058 5.480782 6.549545 74.33058 5.480782 -9.584992 -45.94846 13.00852 -7.402546 -41.29574 12.92607 -3.332035 74.33058 5.597649 -3.332035 74.33058 5.597649 -3.332035 74.33058 5.597649 1.503296 -79.56795 5.688016 5.895866 -82.32266 14.1178 5.895866 -82.32266 14.1178 5.895866 -82.32266 14.1178 2.305376 -83.42656 11.96535 2.305376 -83.42656 11.96535 2.305376 -83.42656 11.96535 2.305376 -83.42656 11.96535 2.305376 -83.42656 11.96535 2.305376 -83.42656 11.96535 11.18206 -40.44074 5.009644 11.18206 -40.44074 5.009644 11.18206 -40.44074 5.009644 -7.501213 -34.62474 5.009696 -7.501213 -34.62474 5.009696 -7.501213 -34.62474 5.009696 -7.652084 -40.32832 5.009644 11.38977 34.55356 5.010107 11.38977 34.55356 5.010107 11.38977 34.55356 5.010107 11.38977 34.55361 13.09151 11.41447 30.74453 13.09146 11.41447 30.74453 13.09146 -7.831696 30.47176 13.09146 -7.831696 30.47176 13.09146 11.41447 30.74453 13.09146 11.41447 30.74447 5.010069 11.41447 30.74447 5.010069 11.41447 30.74447 5.010069 -7.856396 34.28078 5.010107 -7.856396 34.28078 5.010107 5.895866 -82.32266 14.1178 -7.831699 30.47171 5.010069 -7.831699 30.47171 5.010069 -7.856396 34.28078 5.010107 -7.831699 30.47171 5.010069 -7.831696 30.47176 13.09146 -7.856396 34.28083 13.09151 2.41235 91.28256 15.96534 -0.9475288 91.37239 16.08453 -0.9475288 91.37239 16.08453 5.407219 80.4038 13.10955 5.407219 80.4038 13.10955 5.407219 80.4038 13.10955 2.41235 91.28256 15.96534 2.41235 91.28256 15.96534 2.729828 95.46063 10.05305 2.729828 95.46063 10.05305 2.729828 95.46063 10.05305 2.779396 100.7257 17.3808 2.779396 100.7257 17.3808 2.779396 100.7257 17.3808 2.94545 98.25632 18.76977 1.98592 -83.4447 12.04695 1.98592 -83.4447 12.04695 1.98592 -83.4447 12.04695 1.986534 -85.25616 12.24378 1.986534 -85.25616 12.24378 1.986534 -85.25616 12.24378 1.986456 -85.38721 11.91198 1.986456 -85.38721 11.91198 1.986456 -85.38721 11.91198 1.986456 -85.38721 11.91198 1.986456 -85.38721 11.91198 1.986456 -85.38721 11.91198 1.986456 -85.38721 11.91198 1.986456 -85.38721 11.91198 1.986456 -85.38721 11.91198 1.986456 -85.38721 11.91198 1.986456 -85.38721 11.91198 1.986456 -85.38721 11.91198 1.665524 -83.42656 11.96308 1.665524 -83.42656 11.96308 1.623795 -83.226 11.26056 1.81939 -85.38646 11.90947 1.81939 -85.38646 11.90947 1.838652 -85.29085 12.22469 6.4188 -79.86459 5.479834 6.4188 -79.86459 5.479834 6.4188 -79.86459 5.479834 2.305376 -83.42656 11.96535 2.305376 -83.42656 11.96535 2.348043 -83.226 11.26056 2.348043 -83.226 11.26056 2.348043 -83.226 11.26056 1.978462 -79.93398 5.479834 1.978462 -79.93398 5.479834 1.978462 -79.93398 5.479834 1.98053 -82.39862 14.77864 1.98053 -82.39862 14.77864 1.98053 -82.39862 14.77864 1.98592 -83.4447 12.04695 1.98592 -83.4447 12.04695 1.98592 -83.4447 12.04695 1.98592 -83.4447 12.04695 1.98592 -83.4447 12.04695 1.98592 -83.4447 12.04695 1.98575 -83.23166 11.26056 1.98575 -83.23166 11.26056 1.98575 -83.23166 11.26056 -2.457748 -79.8646 5.479834 -2.457748 -79.8646 5.479834 1.978462 -79.93398 5.479834 1.978462 -79.93398 5.479834 1.978462 -79.93398 5.479834 1.98575 -83.23166 11.26056 1.98575 -83.23166 11.26056 -2.457748 -79.8646 5.479834 1.98575 -83.23166 11.26056 1.623795 -83.226 11.26056 2.348043 -83.226 11.26056 2.153679 -85.38646 11.90947 2.153679 -85.38646 11.90947 1.623795 -83.226 11.26056 1.623795 -83.226 11.26056 1.623795 -83.226 11.26056 1.623795 -83.226 11.26056 1.81939 -85.38646 11.90947 -0.9475288 91.37239 16.08453 2.41235 91.28256 15.96534 5.407219 80.4038 13.10955 5.407219 80.4038 13.10955 5.407219 80.4038 13.10955 6.148056 74.33058 4.895851 6.148056 74.33058 4.895851 2.41235 91.28256 15.96534 2.41235 91.28256 15.96534 -0.9475288 91.37239 16.08453 -8.399575 -68.76217 23.19117 -8.399575 -68.76217 23.19117 -8.399575 -68.76217 23.19117 -7.964413 -54.07403 21.20386 -7.964413 -54.07403 21.20386 -7.964413 -54.07403 21.20386 -7.964413 -54.07403 21.20386 -7.964413 -54.07403 21.20386 -9.577404 -52.99312 13.09092 -9.577404 -52.99312 13.09092 -9.577404 -52.99312 13.09092 -7.652073 -47.39699 13.0949 -7.652073 -47.39699 13.0949 11.4341 -54.14876 21.20386 11.4341 -54.14876 21.20386 11.4341 -54.14876 21.20386 11.4341 -54.14876 21.20386 11.4341 -54.14876 21.20386 11.4341 -54.14876 21.20386 13.10683 -53.06787 13.09092 13.10683 -53.06787 13.09092 11.18206 -47.50939 13.0949 11.18206 -47.50939 13.0949 9.874194 -75.98155 13.09071 9.874194 -75.98155 13.09071 12.28788 -68.76219 23.19117 12.28788 -68.76219 23.19117 12.28788 -68.76219 23.19117 10.78907 -53.44894 13.02666 10.78907 -53.44894 13.02666 10.78907 -53.44894 13.02666 10.89697 -48.44598 13.02671 10.89697 -48.44598 13.02671 1.961308 -77.03698 23.39726 1.961308 -77.03698 23.39726 1.961308 -77.03698 23.39726 1.961308 -77.03698 23.39726 1.961308 -77.03698 23.39726 1.961308 -77.03698 23.39726 12.28788 -68.76219 23.19117 12.28788 -68.76219 23.19117 12.28788 -68.76219 23.19117 8.256722 -75.25928 13.02647 8.256722 -75.25928 13.02647 8.256722 -75.25928 13.02647 -4.375858 -75.25929 12.92577 -4.375858 -75.25929 12.92577 -7.319336 -53.39601 12.92595 -7.319336 -53.39601 12.92595 1.961304 -75.22665 13.02647 1.961304 -75.22665 13.02647 1.961304 -75.22665 13.02647 -4.375858 -75.25929 12.92577 -8.399575 -68.76217 23.19117 -8.399575 -68.76217 23.19117 -8.399575 -68.76217 23.19117 1.961304 -76.02404 14.87325 1.961304 -76.02404 14.87325 1.961304 -76.02404 14.87325 9.874194 -75.98155 13.09071 -5.951584 -75.98153 13.09071 -5.951584 -75.98153 13.09071 -5.951584 -75.98153 13.09071 1.986534 -85.25616 12.24378 1.986534 -85.25616 12.24378 1.986534 -85.25616 12.24378 1.986534 -85.25616 12.24378 1.986534 -85.25616 12.24378 1.838652 -85.29085 12.22469 1.838652 -85.29085 12.22469 1.838652 -85.29085 12.22469 1.838652 -85.29085 12.22469 1.986456 -85.38721 11.91198 1.986456 -85.38721 11.91198 1.986456 -85.38721 11.91198 1.986456 -85.38721 11.91198 2.133985 -85.28985 12.22498 2.133985 -85.28985 12.22498 2.133985 -85.28985 12.22498 2.153679 -85.38646 11.90947 1.81939 -85.38646 11.90947 2.348043 -83.226 11.26056 2.348043 -83.226 11.26056 2.305376 -83.42656 11.96535 2.133985 -85.28985 12.22498 2.133985 -85.28985 12.22498 2.153679 -85.38646 11.90947 2.305376 -83.42656 11.96535 2.305376 -83.42656 11.96535 1.665524 -83.42656 11.96308 2.133985 -85.28985 12.22498 2.133985 -85.28985 12.22498 2.133985 -85.28985 12.22498 1.838652 -85.29085 12.22469 1.838652 -85.29085 12.22469 1.838652 -85.29085 12.22469 -0.3595276 98.3689 18.86402 -0.3595276 98.3689 18.86402 -0.3595276 98.3689 18.86402 1.274193 95.1695 20.19707 1.274193 95.1695 20.19707 1.274193 95.1695 20.19707 1.274193 95.1695 20.19707 1.274193 95.1695 20.19707 1.274193 95.1695 20.19707 2.042889 98.86246 24.33303 2.042889 98.86246 24.33303 2.042889 98.86246 24.33303 2.042889 98.86246 24.33303 2.042889 98.86246 24.33303 2.042889 98.86246 24.33303 0.2970924 100.9647 25.27268 0.2970924 100.9647 25.27268 0.2970924 100.9647 25.27268 -0.9475288 91.37239 16.08453 -0.3595276 98.3689 18.86402 -0.3595276 98.3689 18.86402 -0.9475288 91.37239 16.08453 -0.9475288 91.37239 16.08453 3.71859 100.9323 25.24087 3.71859 100.9323 25.24087 3.71859 100.9323 25.24087 2.467899 102.5361 25.30267 2.467899 102.5361 25.30267 2.467899 102.5361 25.30267 2.467899 102.5361 25.30267 2.467899 102.5361 25.30267 2.467899 102.5361 25.30267 2.488338 102.552 29.5611 2.488338 102.552 29.5611 2.488338 102.552 29.5611 3.632015 101.0985 29.35735 2.41235 91.28256 15.96534 2.41235 91.28256 15.96534 2.94545 98.25632 18.76977 2.94545 98.25632 18.76977 2.779396 100.7257 17.3808 2.779396 100.7257 17.3808 2.779396 100.7257 17.3808 -0.3595276 98.3689 18.86402 0.2970924 100.9647 25.27268 0.2970924 100.9647 25.27268 0.2970924 100.9647 25.27268 2.94545 98.25632 18.76977 2.94545 98.25632 18.76977 3.71859 100.9323 25.24087 3.71859 100.9323 25.24087 3.71859 100.9323 25.24087 0.5032501 101.1251 29.38928 0.5032501 101.1251 29.38928 0.5032501 101.1251 29.38928 2.099686 99.29892 28.34101 2.099686 99.29892 28.34101 2.099686 99.29892 28.34101 1.9594 93.39972 32.10493 1.9594 93.39972 32.10493 1.9594 93.39972 32.10493 -3.166386 99.2633 35.47065 -3.166386 99.2633 35.47065 -3.166386 99.2633 35.47065 0.5032501 101.1251 29.38928 0.5032501 101.1251 29.38928 2.099686 99.29892 28.34101 2.099686 99.29892 28.34101 2.099686 99.29892 28.34101 0.5032501 101.1251 29.38928 3.632015 101.0985 29.35735 3.632015 101.0985 29.35735 6.879375 99.17791 35.36816 6.879375 99.17791 35.36816 3.207272 103.8447 36.02236 2.579452 101.7583 33.76673 2.579452 101.7583 33.76673 2.579452 101.7583 33.76673 3.815487 100.1875 33.54653 3.815487 100.1875 33.54653 3.815487 100.1875 33.54653 2.488338 102.552 29.5611 2.488338 102.552 29.5611 2.488338 102.552 29.5611 3.207272 103.8447 36.02236 3.207272 103.8447 36.02236 3.207272 103.8447 36.02236 3.632015 101.0985 29.35735 3.632015 101.0985 29.35735 3.632015 101.0985 29.35735 6.879375 99.17791 35.36816 6.879375 99.17791 35.36816 6.879375 99.17791 35.36816 0.4340706 100.2162 33.58103 0.4340706 100.2162 33.58103 2.15942 98.24256 32.44813 -3.166386 99.2633 35.47065 -3.166386 99.2633 35.47065 -3.166386 99.2633 35.47065 1.9594 93.39972 32.10493 1.9594 93.39972 32.10493 1.9594 93.39972 32.10493 2.15942 98.24256 32.44813 2.15942 98.24256 32.44813 2.15942 98.24256 32.44813 0.4340706 100.2162 33.58103 0.4340706 100.2162 33.58103 0.4340706 100.2162 33.58103 6.879375 99.17791 35.36816 3.815487 100.1875 33.54653 3.815487 100.1875 33.54653 3.207272 103.8447 36.02236 3.207272 103.8447 36.02236 2.579452 101.7583 33.76673 3.027405 -38.23593 0.154159 3.027405 -38.23593 0.154159 3.191402 -39.11675 -0.1309361 3.216991 -39.25296 0.2466731 3.216991 -39.25296 0.2466731 3.052998 -38.37212 0.5317683 -2.277203 -38.23592 0.154159 -2.277203 -38.23592 0.154159 -2.302799 -38.37212 0.5317683 -2.466793 -39.25296 0.2466731 -2.466793 -39.25296 0.2466731 -2.441204 -39.11675 -0.1309361 -2.277203 -23.59072 0.154157 -2.277203 -23.59072 0.154157 -2.302799 -23.72693 0.5317663 -2.466793 -24.60777 0.2466711 -2.466793 -24.60777 0.2466711 -2.441204 -24.47155 -0.1309381 -3.346447 29.0966 8.361511 -3.346447 29.0966 8.361511 -3.346447 29.0966 8.361511 -3.346447 29.0966 8.361511 -3.346447 29.0966 8.361511 -3.346447 29.0966 8.361511 0.9870491 23.13208 8.361512 0.9870491 23.13208 8.361512 0.9870491 23.13208 8.361512 0.9870491 23.13208 8.361512 1.203575 23.79844 8.93808 1.203575 23.79844 8.93808 -2.645771 29.0966 8.93811 -2.645771 29.0966 8.93811 -2.645771 29.0966 8.93811 7.998808 25.41032 8.361511 7.998808 25.41032 8.361511 7.998808 25.41032 8.361511 7.998808 25.41032 8.361511 7.998808 32.78291 8.36151 7.998808 32.78291 8.36151 7.998808 32.78291 8.36151 7.431944 32.37106 8.938109 7.431944 32.37106 8.938109 1.203575 34.39477 8.938109 0.9870491 35.06115 8.36151 0.9870491 35.06115 8.36151 1.203575 22.70742 8.938111 0.9870491 23.3738 8.361512 -2.645771 29.0966 8.93811 -2.645771 29.0966 8.93811 1.203575 23.79844 8.93808 1.203575 23.79844 12.53551 1.203575 23.79844 12.53551 -2.645771 29.0966 12.53551 7.431944 25.82216 8.938079 7.431944 32.37106 8.938109 7.431944 32.37106 8.938109 7.431944 32.37106 8.938109 7.431944 32.37106 12.53551 7.431944 32.37106 12.53551 1.203575 34.39477 8.938109 1.203575 34.39477 8.938109 1.203575 34.39477 8.938109 1.203575 34.39477 12.53551 1.203575 34.39477 12.53551 1.203575 34.39477 12.53551 -2.645771 29.0966 8.93811 -2.645771 29.0966 12.53551 -2.645771 29.0966 12.53551 7.998793 25.41032 13.11211 0.9870644 23.13208 13.11211 1.203575 23.79844 12.53551 7.998808 25.41032 6.679634 7.998808 25.41032 6.679634 7.998808 25.41032 6.679634 7.998808 25.41032 6.679634 0.9870644 23.13208 6.679634 0.9870644 23.13208 6.679634 0.9870644 23.13208 6.679634 0.9870644 23.13208 6.679634 -3.346447 29.0966 6.679633 -3.346447 29.0966 6.679633 -3.346447 29.0966 6.679633 -3.346447 29.0966 6.679633 -3.346447 29.0966 6.679633 7.998808 32.78291 6.679633 0.9870491 35.06115 6.679632 0.9870491 35.06115 6.679632 3.999703 -77.20395 10.70552 3.999703 -77.20395 10.70552 1.637737 -77.17968 10.67048 1.812847 -74.4453 12.56733 1.812847 -74.4453 12.56733 3.810818 -74.39703 12.64459 12.46703 -48.66051 11.14662 12.46703 -48.66051 11.14662 12.46703 -48.66051 11.14662 12.46703 -48.66051 11.14662 12.46703 -48.66051 11.14662 11.38622 -48.64529 11.13443 11.38622 -48.64529 11.13443 11.38622 -48.64529 11.13443 11.46635 -47.6937 12.32329 11.46635 -47.6937 12.32329 11.46635 -47.6937 12.32329 11.46635 -47.6937 12.32329 11.46635 -47.6937 12.32329 12.38059 -47.68261 12.36348 12.38059 -47.68261 12.36348 12.38059 -47.68261 12.36348 12.38059 -47.68261 12.36348 12.38059 -47.68261 12.36348 13.9633 -56.61286 26.71344 13.9633 -56.61286 26.71344 13.9633 -56.61286 26.71344 13.9633 -56.61286 26.71344 13.9633 -56.61286 26.71344 13.69302 -56.35171 27.03126 13.69302 -56.35171 27.03126 13.69302 -56.35171 27.03126 13.69302 -56.35171 27.03126 13.69302 -56.35171 27.03126 13.67138 -56.60875 26.71014 13.67138 -56.60875 26.71014 13.67138 -56.60875 26.71014 13.67138 -56.60875 26.71014 13.67138 -56.60875 26.71014 13.93996 -56.34872 27.0421 13.93996 -56.34872 27.0421 13.93996 -56.34872 27.0421 -8.097149 -48.82004 11.68258 -8.097149 -48.82004 11.68258 -8.097149 -48.82004 11.68258 -8.097149 -48.82004 11.68258 -9.177956 -48.80483 11.67038 -9.177956 -48.80483 11.67038 -9.177956 -48.80483 11.67038 -9.177956 -48.80483 11.67038 -9.097828 -47.85323 12.85925 -9.097828 -47.85323 12.85925 -9.097828 -47.85323 12.85925 -9.097828 -47.85323 12.85925 -9.097828 -47.85323 12.85925 -9.097828 -47.85323 12.85925 -8.183583 -47.84215 12.89944 -8.183583 -47.84215 12.89944 -8.183583 -47.84215 12.89944 -8.183583 -47.84215 12.89944 -11.12956 -56.49153 26.3058 -11.12956 -56.49153 26.3058 -11.12956 -56.49153 26.3058 -11.12956 -56.49153 26.3058 -11.12956 -56.49153 26.3058 -11.12956 -56.49153 26.3058 -11.39984 -56.23038 26.62363 -11.39984 -56.23038 26.62363 -11.39984 -56.23038 26.62363 -11.39984 -56.23038 26.62363 -11.42149 -56.48741 26.30251 -11.42149 -56.48741 26.30251 -11.42149 -56.48741 26.30251 -11.42149 -56.48741 26.30251 -11.1529 -56.22739 26.63448 -11.1529 -56.22739 26.63448 -11.1529 -56.22739 26.63448 -11.1529 -56.22739 26.63448 12.46703 24.03814 11.95827 12.46703 24.03814 11.95827 12.46703 24.03814 11.95827 12.46703 24.03814 11.95827 12.46703 24.03814 11.95827 11.38622 24.04151 11.93906 11.38622 24.04151 11.93906 11.38622 24.04151 11.93906 11.46635 25.54114 12.20371 11.46635 25.54114 12.20371 11.46635 25.54114 12.20371 11.46635 25.54114 12.20371 11.46635 25.54114 12.20371 12.38059 25.576 12.22658 12.38059 25.576 12.22658 12.38059 25.576 12.22658 12.38059 25.576 12.22658 12.38059 25.576 12.22658 13.9633 31.06263 28.19528 13.9633 31.06263 28.19528 13.9633 31.06263 28.19528 13.9633 31.06263 28.19528 13.9633 31.06263 28.19528 13.69302 31.46859 28.26156 13.69302 31.46859 28.26156 13.69302 31.46859 28.26156 13.69302 31.46859 28.26156 13.69302 31.46859 28.26156 13.67138 31.06353 28.19009 13.67138 31.06353 28.19009 13.67138 31.06353 28.19009 13.67138 31.06353 28.19009 13.67138 31.06353 28.19009 13.93996 31.47801 28.26775 13.93996 31.47801 28.26775 13.93996 31.47801 28.26775 -8.097149 23.86014 12.5565 -8.097149 23.86014 12.5565 -8.097149 23.86014 12.5565 -8.097149 23.86014 12.5565 -9.177956 23.86351 12.53729 -9.177956 23.86351 12.53729 -9.177956 23.86351 12.53729 -9.177956 23.86351 12.53729 -9.097828 25.36315 12.80195 -9.097828 25.36315 12.80195 -9.097828 25.36315 12.80195 -9.097828 25.36315 12.80195 -9.097828 25.36315 12.80195 -9.097828 25.36315 12.80195 -8.183583 25.398 12.82481 -8.183583 25.398 12.82481 -8.183583 25.398 12.82481 -8.183583 25.398 12.82481 -11.12956 30.88464 27.80901 -11.12956 30.88464 27.80901 -11.12956 30.88464 27.80901 -11.12956 30.88464 27.80901 -11.12956 30.88464 27.80901 -11.12956 30.88464 27.80901 -11.39984 31.2906 27.87531 -11.39984 31.2906 27.87531 -11.39984 31.2906 27.87531 -11.39984 31.2906 27.87531 -11.42149 30.88555 27.80383 -11.42149 30.88555 27.80383 -11.42149 30.88555 27.80383 -11.42149 30.88555 27.80383 -11.1529 31.30001 27.88148 -11.1529 31.30001 27.88148 -11.1529 31.30001 27.88148 -11.1529 31.30001 27.88148 0.5370677 -11.41421 5.450941 0.5370677 -11.41421 5.450941 0.5370677 -11.41421 5.450941 0.5370677 -11.41421 5.450941 0.5370677 -11.41421 5.450941 0.5370677 -11.41421 5.450941 0.5370677 -11.41421 5.450941 76.35265 -10.1233 16.77717 76.35265 -10.1233 16.77717 76.35265 -10.1233 16.77717 76.35265 -10.1233 16.77717 76.35471 -10.01455 13.42582 76.35471 -10.01455 13.42582 76.35471 -10.01455 13.42582 76.35471 -10.01455 13.42582 -74.40485 -10.93405 13.43915 -74.40485 -10.93405 13.43915 -74.40485 -10.93405 13.43915 -74.40485 -10.93405 13.43915 -74.40485 -10.93405 13.43915 -74.48702 -14.17507 13.71815 -74.48702 -14.17507 13.71815 -74.48702 -14.17507 13.71815 0.3092593 -15.34342 5.789137 0.3092593 -15.34342 5.789137 0.3092593 -15.34342 5.789137 0.3092593 -15.34342 5.789137 0.3092593 -15.34342 5.789137 0.3092593 -15.34342 5.789137 0.3092593 -15.34342 5.789137 -74.40291 -10.83074 10.25612 -74.40291 -10.83074 10.25612 -74.40291 -10.83074 10.25612 -74.40291 -10.83074 10.25612 -74.40291 -10.83074 10.25612 -74.48716 -14.14922 9.955186 -74.48716 -14.14922 9.955186 -74.48716 -14.14922 9.955186 -74.48716 -14.14922 9.955186 -74.48716 -14.14922 9.955186 0.3088235 -15.31206 1.227246 0.3088235 -15.31206 1.227246 0.3088235 -15.31206 1.227246 0.3088235 -15.31206 1.227246 0.3088235 -15.31206 1.227246 0.5424761 -11.28899 1.592069 0.5424761 -11.28899 1.592069 0.5424761 -11.28899 1.592069 0.5424761 -11.28899 1.592069 0.5424761 -11.28899 1.592069 76.26618 -13.53573 17.07089 76.26618 -13.53573 17.07089 76.26618 -13.53573 17.07089 76.26618 -13.53573 17.07089 76.26602 -13.50851 13.10898 76.26602 -13.50851 13.10898 76.26602 -13.50851 13.10898 76.26602 -13.50851 13.10898 76.26602 -13.50851 13.10898 76.26602 -13.50851 13.10898 2.095421 28.7128 -13.07043 3.374725 68.38275 -35.43155 3.374725 68.38275 -35.43155 3.050522 42.70215 -15.08983 3.050522 42.70215 -15.08983 2.206387 59.89406 -14.53032 3.727535 60.89262 -11.05036 3.727535 60.89262 -11.05036 3.727535 60.89262 -11.05036 3.727535 60.89262 -11.05036 1.986767 60.87665 -11.02332 1.986767 60.87665 -11.02332 1.986767 60.87665 -11.02332 1.986767 60.87665 -11.02332 2.115822 58.76569 -12.27209 2.115822 58.76569 -12.27209 2.115822 58.76569 -12.27209 2.115822 58.76569 -12.27209 2.115822 58.76569 -12.27209 2.115822 58.76569 -12.27209 3.588325 58.7261 -12.32632 3.588325 58.7261 -12.32632 3.588325 58.7261 -12.32632 3.588325 58.7261 -12.32632 2.17334 70.13393 -36.12067 2.17334 70.13393 -36.12067 2.17334 70.13393 -36.12067 2.17334 70.13393 -36.12067 2.17334 70.13393 -36.12067 2.17334 70.13393 -36.12067 1.73801 69.55941 -36.45063 1.73801 69.55941 -36.45063 1.73801 69.55941 -36.45063 1.73801 69.55941 -36.45063 1.703155 70.1296 -36.11334 1.703155 70.1296 -36.11334 1.703155 70.1296 -36.11334 1.703155 70.1296 -36.11334 2.135742 69.54872 -36.46528 2.135742 69.54872 -36.46528 2.135742 69.54872 -36.46528 2.135742 69.54872 -36.46528 1.789074 28.60576 -12.96086 2.744175 42.59508 -14.98029 2.744175 42.59508 -14.98029 3.068382 68.27568 -35.322 3.068382 68.27568 -35.322 1.900036 59.78699 -14.42081 -27.17012 -44.20129 19.8559 -27.17012 -44.20129 19.8559 -27.17012 -44.20129 19.8559 -27.17012 -44.20129 19.8559 -27.17012 -44.20129 19.8559 -27.17012 -44.20129 19.8559 -27.17012 -44.20129 19.8559 -4.021623 -32.78226 14.494 -4.021623 -32.78226 14.494 -28.84635 -29.48339 14.89409 -28.84635 -29.48339 14.89409 -28.84635 -29.48339 14.89409 -34.23007 -39.43117 19.48702 -34.23007 -39.43117 19.48702 -34.23007 -39.43117 19.48702 -41.29656 -45.57737 17.44452 -41.29656 -45.57737 17.44452 -6.984899 -44.73166 19.62725 -6.984899 -44.73166 19.62725 -6.984899 -44.73166 19.62725 -6.984899 -44.73166 19.62725 -41.29656 -45.57737 17.44452 -26.95868 -61.08958 14.76372 -26.95868 -61.08958 14.76372 -26.95868 -61.08958 14.76372 -26.95868 -61.08958 14.76372 -21.42892 -49.18704 20.56124 -21.42892 -49.18704 20.56124 -21.42892 -49.18704 20.56124 -4.135663 -57.2134 15.2898 32.71177 -47.00493 19.8559 32.71177 -47.00493 19.8559 32.71177 -47.00493 19.8559 32.71177 -47.00493 19.8559 32.71177 -47.00493 19.8559 32.71177 -47.00493 19.8559 32.71177 -47.00493 19.8559 9.657782 -59.40896 14.494 9.657782 -59.40896 14.494 34.51026 -61.67501 14.8941 34.51026 -61.67501 14.8941 34.51026 -61.67501 14.8941 39.81061 -51.58019 20.45751 39.81061 -51.58019 20.45751 39.81061 -51.58019 20.45751 47.36067 -45.72595 17.52711 47.36067 -45.72595 17.52711 32.35986 -30.1244 14.76371 32.35986 -30.1244 14.76371 32.35986 -30.1244 14.76371 32.35986 -30.1244 14.76371 9.584967 -34.97719 15.2898 12.53078 -47.47181 19.62725 12.53078 -47.47181 19.62725 12.53078 -47.47181 19.62725 12.53078 -47.47181 19.62725 26.92975 -42.17774 15.47851 26.92975 -42.17774 15.47851 26.92975 -42.17774 15.47851 47.36067 -45.72595 17.52711 0.4951758 76.35375 8.680653 0.4951758 76.35375 8.680653 0.4951758 76.35375 8.680653 0.4951758 76.35375 8.680653 0.4951758 76.35375 8.680653 0.4951758 76.35375 8.680653 0.4951758 76.35375 8.680653 77.10794 75.1818 17.04663 77.10794 75.1818 17.04663 77.10794 75.1818 17.04663 77.10794 75.1818 17.04663 77.11029 75.88067 14.6621 77.11029 75.88067 14.6621 77.11029 75.88067 14.6621 77.11029 75.88067 14.6621 -76.01728 75.21845 14.50133 -76.01728 75.21845 14.50133 -76.01728 75.21845 14.50133 -76.01728 75.21845 14.50133 -76.01728 75.21845 14.50133 -76.11029 72.84126 14.10111 -76.11029 72.84126 14.10111 -76.11029 72.84126 14.10111 0.3263581 73.47181 8.195425 0.3263581 73.47181 8.195425 0.3263581 73.47181 8.195425 0.3263581 73.47181 8.195425 0.3263581 73.47181 8.195425 0.3263581 73.47181 8.195425 0.3263581 73.47181 8.195425 -76.01509 75.88224 12.23657 -76.01509 75.88224 12.23657 -76.01509 75.88224 12.23657 -76.01509 75.88224 12.23657 -76.01509 75.88224 12.23657 -76.11045 73.5569 11.40588 -76.11045 73.5569 11.40588 -76.11045 73.5569 11.40588 -76.11045 73.5569 11.40588 -76.11045 73.5569 11.40588 0.3260352 74.33941 4.927971 0.3260352 74.33941 4.927971 0.3260352 74.33941 4.927971 0.3260352 74.33941 4.927971 0.3260352 74.33941 4.927971 0.4991838 77.15847 5.935022 0.4991838 77.15847 5.935022 0.4991838 77.15847 5.935022 0.4991838 77.15847 5.935022 0.4991838 77.15847 5.935022 77.01007 72.6789 16.62522 77.01007 72.6789 16.62522 77.01007 72.6789 16.62522 77.01007 72.6789 16.62522 77.00988 73.43238 13.7875 77.00988 73.43238 13.7875 77.00988 73.43238 13.7875 77.00988 73.43238 13.7875 77.00988 73.43238 13.7875 77.00988 73.43238 13.7875 48.58252 -13.22076 16.65827 48.58252 -13.22076 16.65827 48.58252 -13.22076 16.65827 48.58252 -13.22076 16.65827 48.58252 -13.22076 16.65827 48.58252 -13.22076 16.65827 48.58252 -13.22076 16.65827 14.01451 -24.62068 11.69956 14.01451 -24.62068 11.69956 14.63262 -12.87424 16.46812 14.63262 -12.87424 16.46812 15.25073 -1.127829 11.72137 15.25073 -1.127829 11.72137 72.56306 -3.670052 11.98682 72.56306 -3.670052 11.98682 48.55574 3.069535 11.89968 48.55574 3.069535 11.89968 77.38417 -12.13568 16.75334 77.38417 -12.13568 16.75334 77.38417 -12.13568 16.75334 48.60936 -29.51105 11.90155 48.60936 -29.51105 11.90155 48.60936 -29.51105 11.90155 -44.97328 -11.81761 16.65827 -44.97328 -11.81761 16.65827 -44.97328 -11.81761 16.65827 -44.97328 -11.81761 16.65827 -44.97328 -11.81761 16.65827 -44.97328 -11.81761 16.65827 -44.97328 -11.81761 16.65827 -9.898518 -1.08338 11.69956 -9.898518 -1.08338 11.69956 -10.68626 -12.81966 16.46812 -10.68626 -12.81966 16.46812 -11.47397 -24.55593 11.72138 -11.47397 -24.55593 11.72138 -71.22975 -20.80389 11.98682 -71.22975 -20.80389 11.98682 -45.13617 -28.10669 14.61834 -45.13617 -28.10669 14.61834 -75.87021 -12.33582 16.75334 -75.87021 -12.33582 16.75334 -75.87021 -12.33582 16.75334 -44.81046 4.471455 11.90154 -44.81046 4.471455 11.90154 -44.81046 4.471455 11.90154 14.01451 -24.62068 12.56934 14.01451 -24.62068 12.56934 48.58252 -13.22076 17.52804 48.58252 -13.22076 17.52804 48.58252 -13.22076 17.52804 48.58252 -13.22076 17.52804 48.58252 -13.22076 17.52804 48.58252 -13.22076 17.52804 48.58252 -13.22076 17.52804 14.63262 -12.87424 17.3379 14.63262 -12.87424 17.3379 15.25073 -1.127829 12.59114 15.25073 -1.127829 12.59114 48.55574 3.069535 12.76945 48.55574 3.069535 12.76945 72.56306 -3.670052 12.85659 72.56306 -3.670052 12.85659 48.60936 -29.51105 12.77132 48.60936 -29.51105 12.77132 48.60936 -29.51105 12.77132 77.38417 -12.13568 17.62311 77.38417 -12.13568 17.62311 77.38417 -12.13568 17.62311 -9.898518 -1.08338 12.56934 -9.898518 -1.08338 12.56934 -44.97328 -11.81761 17.52804 -44.97328 -11.81761 17.52804 -44.97328 -11.81761 17.52804 -44.97328 -11.81761 17.52804 -44.97328 -11.81761 17.52804 -44.97328 -11.81761 17.52804 -44.97328 -11.81761 17.52804 -10.68626 -12.81966 17.3379 -10.68626 -12.81966 17.3379 -11.47397 -24.55593 12.59115 -11.47397 -24.55593 12.59115 -45.13617 -28.10669 15.48812 -45.13617 -28.10669 15.48812 -71.22975 -20.80389 12.85659 -71.22975 -20.80389 12.85659 -44.81046 4.471455 12.77131 -44.81046 4.471455 12.77131 -44.81046 4.471455 12.77131 -75.87021 -12.33582 17.62311 -75.87021 -12.33582 17.62311 -75.87021 -12.33582 17.62311 40.75369 73.19446 18.2899 40.75369 73.19446 18.2899 40.75369 73.19446 18.2899 40.75369 73.19446 18.2899 40.75369 73.19446 18.2899 40.75369 73.19446 18.2899 40.75369 73.19446 18.2899 9.357998 67.52782 14.87968 9.357998 67.52782 14.87968 9.779856 73.39047 18.21378 9.779856 73.39047 18.21378 10.20171 79.91665 16.52942 10.20171 79.91665 16.52942 57.84022 73.09644 18.32796 57.84022 73.09644 18.32796 57.84022 73.09644 18.32796 57.84022 73.09644 18.32796 57.84022 73.09644 18.32796 57.84022 73.09644 18.32796 57.84022 73.09644 18.32796 71.81876 69.59333 17.91963 71.81876 69.59333 17.91963 58.10054 64.7826 14.68037 58.10054 64.7826 14.68037 71.39214 76.98237 18.88894 71.39214 76.98237 18.88894 57.57995 82.07382 16.95708 57.57995 82.07382 16.95708 57.57995 82.07382 16.95708 40.73101 82.11795 16.91616 40.73101 82.11795 16.91616 40.77642 64.9345 14.64518 40.77642 64.9345 14.64518 40.77642 64.9345 14.64518 -38.46737 73.93449 18.38775 -38.46737 73.93449 18.38775 -38.46737 73.93449 18.38775 -38.46737 73.93449 18.38775 -38.46737 73.93449 18.38775 -38.46737 73.93449 18.38775 -38.46737 73.93449 18.38775 -6.962567 79.94161 16.52101 -6.962567 79.94161 16.52101 -7.500195 73.41926 18.21759 -7.500195 73.41926 18.21759 -8.037807 67.56044 14.8957 -8.037807 67.56044 14.8957 -55.57287 74.36246 18.49535 -55.57287 74.36246 18.49535 -55.57287 74.36246 18.49535 -55.57287 74.36246 18.49535 -55.57287 74.36246 18.49535 -55.57287 74.36246 18.49535 -55.57287 74.36246 18.49535 -69.49728 78.04457 19.03704 -69.49728 78.04457 19.03704 -55.70294 83.15172 18.56803 -55.70294 83.15172 18.56803 -69.18202 70.65238 18.052 -69.18202 70.65238 18.052 -55.44289 66.04714 14.83805 -55.44289 66.04714 14.83805 -55.44289 66.04714 14.83805 -38.60529 65.48571 16.17598 -38.60529 65.48571 16.17598 -38.32949 82.8572 17.0149 -38.32949 82.8572 17.0149 -38.32949 82.8572 17.0149 9.357998 67.46717 15.33841 9.357998 67.46717 15.33841 40.75369 73.13381 18.74863 40.75369 73.13381 18.74863 40.75369 73.13381 18.74863 40.75369 73.13381 18.74863 40.75369 73.13381 18.74863 40.75369 73.13381 18.74863 40.75369 73.13381 18.74863 9.779856 73.32982 18.67251 9.779856 73.32982 18.67251 10.20171 79.856 16.98814 10.20171 79.856 16.98814 40.73101 82.0573 17.37488 40.73101 82.0573 17.37488 57.84022 73.03578 18.78669 57.84022 73.03578 18.78669 57.84022 73.03578 18.78669 57.84022 73.03578 18.78669 57.84022 73.03578 18.78669 57.84022 73.03578 18.78669 57.84022 73.03578 18.78669 71.81876 69.53267 18.37836 71.81876 69.53267 18.37836 74.17118 73.2272 18.86301 74.17118 73.2272 18.86301 71.39214 76.92172 19.34767 71.39214 76.92172 19.34767 57.57995 82.01317 17.41581 57.57995 82.01317 17.41581 57.57995 82.01317 17.41581 40.77642 64.87384 15.10391 40.77642 64.87384 15.10391 40.77642 64.87384 15.10391 -6.962567 79.88096 16.97974 -6.962567 79.88096 16.97974 -38.46737 73.87384 18.84648 -38.46737 73.87384 18.84648 -38.46737 73.87384 18.84648 -38.46737 73.87384 18.84648 -38.46737 73.87384 18.84648 -38.46737 73.87384 18.84648 -38.46737 73.87384 18.84648 -7.500195 73.35861 18.67631 -7.500195 73.35861 18.67631 -8.037807 67.49978 15.35442 -8.037807 67.49978 15.35442 -38.60529 65.42506 16.6347 -38.60529 65.42506 16.6347 -55.57287 74.30181 18.95408 -55.57287 74.30181 18.95408 -55.57287 74.30181 18.95408 -55.57287 74.30181 18.95408 -55.57287 74.30181 18.95408 -55.57287 74.30181 18.95408 -55.57287 74.30181 18.95408 -69.49728 77.98391 19.49577 -69.49728 77.98391 19.49577 -71.90512 74.32335 19.00795 -71.90512 74.32335 19.00795 -69.18202 70.59172 18.51073 -69.18202 70.59172 18.51073 -55.44289 65.98648 15.29678 -55.44289 65.98648 15.29678 -55.44289 65.98648 15.29678 -38.32949 82.79655 17.47362 -38.32949 82.79655 17.47362 -38.32949 82.79655 17.47362 73.28489 -19.34889 12.00455 -71.59031 -5.120156 14.72321 73.28489 -19.34889 12.87432 -71.59031 -5.120156 12.87432 74.17118 73.28784 18.40429 74.17118 73.28784 18.40429 -71.90512 74.38401 18.54922 -71.90512 74.38401 18.54922 58.10054 64.72195 15.1391 58.10054 64.72195 15.1391 -55.70294 83.28065 17.59291 -55.70294 83.28065 17.59291 1.572477 42.04842 -0.2381649 1.572477 42.04842 -0.2381649 1.572477 42.04842 -0.2381649 1.572477 42.04842 -0.2381649 3.553285 43.44763 -4.056742 3.553285 43.44763 -4.056742 3.553285 43.44763 -4.056742 3.553285 43.44763 -4.056742 1.652954 41.51416 -3.855189 1.652954 41.51416 -3.855189 1.616776 45.07238 -0.4126381 1.616776 45.07238 -0.4126381 1.616776 45.07238 -0.4126381 1.616776 45.07238 -0.4126381 -0.3392668 43.628 -3.899443 -0.3392668 43.628 -3.899443 -0.3392668 43.628 -3.899443 -0.3392668 43.628 -3.899443 1.531419 45.48974 -4.094649 1.531419 45.48974 -4.094649 0.1234102 43.58599 -0.2681829 0.1234102 43.58599 -0.2681829 3.085952 43.58847 -0.3869879 3.085952 43.58847 -0.3869879 0.1234102 43.58599 -0.2681829 0.1234102 43.58599 -0.2681829 1.616776 45.07238 -0.4126381 1.572477 42.04842 -0.2381649 3.085952 43.58847 -0.3869879 3.085952 43.58847 -0.3869879 16.98673 33.75791 26.1327 16.98673 33.75791 26.1327 -14.33638 33.69149 25.92076 -13.66245 -56.01567 25.2552 -13.66245 -56.01567 25.2552 18.03714 -58.16972 25.4831 4.196463 -63.1691 30.43025 4.196463 -63.1691 30.43025 4.196463 -63.1691 30.43025 4.196463 -63.1691 30.43025 2.472913 -63.72727 53.77033 2.472913 -63.72727 53.77033 2.472913 -63.72727 53.77033 2.472913 -63.72727 53.77033 2.455967 -64.93996 30.61485 2.455967 -64.93996 30.61485 2.339426 -62.36021 5.099344 2.339426 -62.36021 5.099344 0.6313175 -63.00392 30.57434 0.6313175 -63.00392 30.57434 2.344657 -61.29879 30.39546 1.603004 -62.60417 51.59398 1.603004 -62.60417 51.59398 1.603004 -62.60417 51.59398 2.403298 -61.44998 53.63314 2.403298 -61.44998 53.63314 2.403298 -61.44998 53.63314 1.33173 -62.51641 53.74502 1.33173 -62.51641 53.74502 1.33173 -62.51641 53.74502 2.453345 -61.7578 51.51175 2.453345 -61.7578 51.51175 2.453345 -61.7578 51.51175 3.561461 -62.61973 53.65486 3.561461 -62.61973 53.65486 3.561461 -62.61973 53.65486 3.561461 -62.61973 53.65486 2.403298 -61.44998 53.63314 2.403298 -61.44998 53.63314 2.403298 -61.44998 53.63314 2.403298 -61.44998 53.63314 3.561461 -62.61973 53.65486 3.561461 -62.61973 53.65486 2.363503 -64.37789 7.360422 2.363503 -64.37789 7.360422 2.363503 -64.37789 7.360422 2.363503 -64.37789 7.360422 3.52486 -63.55751 5.121568 3.52486 -63.55751 5.121568 3.52486 -63.55751 5.121568 3.52486 -63.55751 5.121568 2.410688 -64.69112 5.23974 2.410688 -64.69112 5.23974 2.389473 -62.60491 7.258127 2.389473 -62.60491 7.258127 2.389473 -62.60491 7.258127 2.389473 -62.60491 7.258127 1.242635 -63.45177 5.213796 1.242635 -63.45177 5.213796 1.242635 -63.45177 5.213796 1.242635 -63.45177 5.213796 2.339426 -62.36021 5.099344 2.339426 -62.36021 5.099344 1.513905 -63.47639 7.342821 1.513905 -63.47639 7.342821 3.287457 -62.60027 51.52622 3.287457 -62.60027 51.52622 2.453345 -61.7578 51.51175 1.603004 -62.60417 51.59398 1.603004 -62.60417 51.59398 2.42573 -63.47714 51.61101 3.250859 -63.47494 7.273165 3.250859 -63.47494 7.273165 1.513905 -63.47639 7.342821 1.513905 -63.47639 7.342821 2.389473 -62.60491 7.258127 2.363503 -64.37789 7.360422 2.410688 -64.69112 5.23974 2.410688 -64.69112 5.23974 0.6313175 -63.00392 30.57434 0.6313175 -63.00392 30.57434 1.242635 -63.45177 5.213796 2.339426 -62.36021 5.099344 2.339426 -62.36021 5.099344 4.196463 -63.1691 30.43025 4.196463 -63.1691 30.43025 3.52486 -63.55751 5.121568 0.6313175 -63.00392 30.57434 0.6313175 -63.00392 30.57434 0.6313175 -63.00392 30.57434 0.6313175 -63.00392 30.57434 1.33173 -62.51641 53.74502 1.33173 -62.51641 53.74502 2.344657 -61.29879 30.39546 2.344657 -61.29879 30.39546 2.410688 -64.69112 5.23974 2.410688 -64.69112 5.23974 4.196463 -63.1691 30.43025 4.196463 -63.1691 30.43025 2.455967 -64.93996 30.61485 3.250859 -63.47494 7.273165 3.250859 -63.47494 7.273165 2.42573 -63.47714 51.61101 2.42573 -63.47714 51.61101 2.42573 -63.47714 51.61101 2.42573 -63.47714 51.61101 3.287457 -62.60027 51.52622 3.287457 -62.60027 51.52622 2.472913 -63.72727 53.77033 2.472913 -63.72727 53.77033 1.242635 -63.45177 5.213796 2.455967 -64.93996 30.61485 2.344657 -61.29879 30.39546 3.52486 -63.55751 5.121568 4.698761 44.11011 39.10961 4.698761 44.11011 39.10961 4.698761 44.11011 39.10961 4.698761 44.11011 39.10961 1.759087 43.15811 85.30089 1.759087 43.15811 85.30089 1.759087 43.15811 85.30089 1.759087 43.15811 85.30089 1.730186 41.08973 39.42447 1.730186 41.08973 39.42447 1.531418 45.48975 -4.094657 1.531418 45.48975 -4.094657 -1.381927 44.39185 39.35536 -1.381927 44.39185 39.35536 1.540333 47.30012 39.05028 0.2753754 45.07365 81.58891 0.2753754 45.07365 81.58891 0.2753754 45.07365 81.58891 1.64035 47.04224 85.06687 1.64035 47.04224 85.06687 1.64035 47.04224 85.06687 -0.1873054 45.22333 85.2577 -0.1873054 45.22333 85.2577 -0.1873054 45.22333 85.2577 1.725708 46.51723 81.44865 1.725708 46.51723 81.44865 1.725708 46.51723 81.44865 3.615711 45.04712 85.10395 3.615711 45.04712 85.10395 3.615711 45.04712 85.10395 3.615711 45.04712 85.10395 1.64035 47.04224 85.06687 1.64035 47.04224 85.06687 1.64035 47.04224 85.06687 1.64035 47.04224 85.06687 3.615711 45.04712 85.10395 3.615711 45.04712 85.10395 3.148373 45.08031 81.47335 3.148373 45.08031 81.47335 1.725708 46.51723 81.44865 0.2753754 45.07365 81.58891 0.2753754 45.07365 81.58891 1.678612 43.58472 81.61795 1.65295 41.51418 -3.8552 1.65295 41.51418 -3.8552 -1.381927 44.39185 39.35536 -1.381927 44.39185 39.35536 -0.3392716 43.62801 -3.899451 1.531418 45.48975 -4.094657 1.531418 45.48975 -4.094657 4.698761 44.11011 39.10961 4.698761 44.11011 39.10961 3.55328 43.44764 -4.056754 -1.381927 44.39185 39.35536 -1.381927 44.39185 39.35536 -1.381927 44.39185 39.35536 -1.381927 44.39185 39.35536 -0.1873054 45.22333 85.2577 -0.1873054 45.22333 85.2577 1.540333 47.30012 39.05028 1.540333 47.30012 39.05028 1.65295 41.51418 -3.8552 1.65295 41.51418 -3.8552 4.698761 44.11011 39.10961 4.698761 44.11011 39.10961 1.730186 41.08973 39.42447 1.678612 43.58472 81.61795 1.678612 43.58472 81.61795 1.678612 43.58472 81.61795 1.678612 43.58472 81.61795 3.148373 45.08031 81.47335 3.148373 45.08031 81.47335 1.759087 43.15811 85.30089 1.759087 43.15811 85.30089 -0.3392716 43.62801 -3.899451 1.730186 41.08973 39.42447 1.540333 47.30012 39.05028 3.55328 43.44764 -4.056754</float_array>
          <technique_common>
            <accessor source="#feiting_Mesh_002-mesh-positions-array" count="2811" stride="3">
              <param name="X" type="float"/>
              <param name="Y" type="float"/>
              <param name="Z" type="float"/>
            </accessor>
          </technique_common>
        </source>
        <source id="feiting_Mesh_002-mesh-normals">
          <float_array id="feiting_Mesh_002-mesh-normals-array" count="8394">0.5822551 0.04653519 0.8116734 0.5793994 0.4943252 0.6480271 0.4232111 0.4819558 0.7672099 0.5781639 0.1300522 0.8054892 0.3845407 0.5481296 0.7427532 0.2636665 0.4424713 0.857146 0.5824351 0.1834616 0.7919036 0.2272104 0.4635759 0.8564303 0.1836988 0.2922697 0.9385272 0.5739382 0.1977435 0.7946651 0.1587022 0.2787122 0.9471712 0.1986123 0.07864069 0.9769181 0.5687963 0.1835022 0.8017467 0.1924824 0.03829646 0.9805529 0.2950699 -0.1400323 0.9451586 0.5847854 0.1299085 0.8007184 0.3020036 -0.2042462 0.9311699 0.4439325 -0.3127156 0.8397219 0.5915752 0.04651266 0.8049072 0.4418876 -0.3938789 0.8059745 0.6010227 -0.4061317 0.6883523 0.5895303 -0.05065435 0.8061565 0.5758857 -0.4928686 0.6522548 0.7274006 -0.4140591 0.5472143 0.582053 -0.1367406 0.8015712 0.6887967 -0.4940284 0.5305611 0.8127971 -0.3528981 0.4634912 0.5762264 -0.193913 0.7939527 0.7779793 -0.4165045 0.4703961 0.8623672 -0.2435918 0.443831 0.5772421 -0.2141126 0.7880022 0.8388325 -0.2850566 0.4637917 0.8798659 -0.1005893 0.4644544 0.582517 -0.1941137 0.7892996 0.8642055 -0.1118317 0.4905534 0.8522959 0.07249855 0.5180115 0.5861706 -0.1372714 0.798474 0.8382574 0.09744596 0.5364968 0.7600063 0.2532224 0.5985556 0.5862014 -0.05108636 0.8085531 0.7418524 0.3178589 0.5904411 0.6079417 0.4055483 0.6825962 0.5760532 0.6756822 0.4600178 0.4835373 0.7979387 0.3598412 0.1392211 0.9120046 0.3858305 0.5949765 0.522018 0.6111466 0.2010727 0.8477113 0.4908721 0.4423335 0.5242722 0.7276537 0.3546342 0.697166 0.6230522 0.1622046 0.8448531 0.5098168 -0.09491211 0.7049953 0.7028324 0.3914306 0.5950568 0.7019185 -0.054533 0.6975796 0.7144291 0.2743549 0.5019367 0.8202372 0.2500421 0.5295535 0.8105875 -0.09942793 0.6927314 0.714309 -0.1753492 0.389528 0.9041686 0.2511738 0.5306407 0.8095259 -0.1034065 0.3068812 0.9461137 0.1879623 0.3541746 0.9160953 0.1710268 0.3214625 0.9313495 -0.2122415 0.3640859 0.90686 -0.1281008 -0.01288729 0.9916774 0.261166 0.2423475 0.9343768 0.03556483 -0.1466003 0.9885563 0.1995362 0.1349566 0.9705525 0.2145752 0.06037223 0.9748398 -0.1511738 -0.05499976 0.9869759 0.06452542 -0.4029814 0.9129309 0.3462484 -0.07044535 0.9354943 0.2259758 -0.5294565 0.8176862 0.306214 -0.09873503 0.9468286 0.3285585 -0.1986932 0.9233474 0.03840136 -0.4483857 0.8930149 0.3155635 -0.6704798 0.6714735 0.4511102 -0.3527977 0.8197765 0.3948672 -0.7582841 0.5187341 0.4650077 -0.2879483 0.83717 0.4661106 -0.3966312 0.7908381 0.2723429 -0.7085185 0.6510229 0.5343207 -0.7595078 0.3710111 0.5312046 -0.5596964 0.6360517 0.52353 -0.8234342 0.2187978 0.6218604 -0.3945618 0.6764693 0.5924001 -0.4997481 0.631913 0.486107 -0.7888857 0.3759779 0.7044507 -0.6926911 0.1546878 0.5775254 -0.6675292 0.4699675 0.6294681 -0.7768214 0.01784646 0.7385831 -0.4151861 0.5311456 0.6960552 -0.5114074 0.5039539 0.6744437 -0.7156251 0.1816771 0.8462109 -0.5250865 0.09061717 0.6341343 -0.6714443 0.3834533 0.7327027 -0.6795443 -0.0369656 0.8142636 -0.363165 0.4528645 0.7776726 -0.4535286 0.4353587 0.8261404 -0.5512698 0.1165924 0.9532964 -0.2567477 0.1590806 0.73246 -0.5740197 0.3660652 0.868667 -0.4949555 0.02089756 0.8589054 -0.2553246 0.4439492 0.8441801 -0.336331 0.4174225 0.9362923 -0.3054302 0.1734047 0.9897512 -0.08516341 0.114629 0.840771 -0.3821249 0.3835163 0.9783167 -0.2052798 0.02751028 0.8706506 -0.109053 0.4796614 0.9015727 -0.1403949 0.409214 0.9761566 -0.01330965 0.2166594 0.986953 0.1589491 -0.02567118 0.8941671 -0.1300125 0.4284412 0.9873842 0.1553063 -0.03086221 0.842124 0.06564152 0.5352741 0.9075898 0.151677 0.3915036 0.9305155 0.28635 0.228352 0.8208277 0.5708534 0.01919597 0.8642322 0.1135083 0.4901211 0.7822389 0.5695956 0.2523157 0.7621859 0.2548434 0.5950862 0.7959733 0.4623346 0.3907343 0.7621452 0.5839384 0.2795546 0.4998872 0.8537798 0.1455091 0.7638934 0.3381537 0.5496535 0.5195079 0.7873606 0.3319261 0.6236686 0.4248334 0.6561663 0.3194785 0.7768644 0.5426005 0.04190874 0.9778817 0.204917 -0.1853017 0.8491297 0.4946131 0.3235556 0.7722212 0.5467963 -0.2237449 0.8577375 0.4628443 0.07162231 0.6792023 0.7304482 0.1011539 0.6740413 0.7317352 -0.2214841 0.8583188 0.462854 -0.3792632 0.5983932 0.7057515 0.1115872 0.6687666 0.7350507 -0.3787794 0.5985339 0.7058919 -0.07831186 0.4381961 0.8954616 -0.07012408 0.4516676 0.8894262 -0.4056566 0.5870127 0.7006132 -0.5132302 0.2069635 0.8329231 -0.05737745 0.4607148 0.8856917 -0.511272 0.2195891 0.8308921 -0.1621282 0.135775 0.977384 -0.1606932 0.1406002 0.9769387 -0.5138614 0.1912108 0.8362925 -0.5201069 -0.2431974 0.8187453 -0.1617016 0.1786543 0.9705336 -0.5285786 -0.2185182 0.8202771 -0.16599 -0.198463 0.9659503 -0.1642334 -0.1922788 0.9675 -0.5128774 -0.2567263 0.8191755 -0.3962393 -0.6325758 0.6654641 -0.1775177 -0.1399737 0.9741124 -0.4097275 -0.6065261 0.6813586 -0.07400673 -0.5001556 0.8627673 -0.0747745 -0.4895189 0.8687808 -0.3886123 -0.6416795 0.6612321 -0.1692851 -0.8822669 0.4392582 -0.08423346 -0.4395399 0.8942647 -0.1739243 -0.8642851 0.4719765 0.108082 -0.7082712 0.6976175 0.1087821 -0.695088 0.710647 -0.16828 -0.8864925 0.4310602 0.1275365 -0.9695054 0.2092694 0.1177568 -0.6533093 0.7478772 0.1437121 -0.9567654 0.2528773 0.3567826 -0.7786462 0.5161554 0.366008 -0.7622058 0.5339293 0.1187198 -0.9711016 0.2070444 0.4559566 -0.8898468 0.01662391 0.3950784 -0.724339 0.5650187 0.4998394 -0.8641588 0.05822414 0.6252501 -0.6952564 0.3545154 0.6479721 -0.6656641 0.3701668 0.4551631 -0.8899447 0.02872359 0.7262533 -0.6768829 -0.1199405 0.6788133 -0.6268226 0.3824996 0.7827737 -0.6143334 -0.09929728 0.8425228 -0.475696 0.2527229 0.8690779 -0.4212594 0.259315 0.739762 -0.663748 -0.1104126 0.9217134 -0.3734899 -0.1046416 0.8851407 -0.3817484 0.2660716 0.9601755 -0.2633 -0.09346801 0.9681811 -0.1208606 0.2191308 0.9742203 -0.04794031 0.2204462 0.9426499 -0.317877 -0.101811 0.8814713 0.456319 -0.1215786 0.9744091 -0.03179788 0.2225215 0.8579789 0.5042669 -0.09791439 0.9468356 0.273259 0.1697995 0.9309329 0.3127153 0.1886082 0.8787971 0.4594442 -0.1289451 0.6236682 0.7740914 -0.1087222 0.9329524 0.3050582 0.1911529 0.6209362 0.7773389 -0.1009082 0.7941689 0.5824356 0.1733916 0.7834817 0.5827148 0.2158704 0.6464392 0.7480729 -0.1500114 0.3443707 0.9380543 0.03824853 0.7856506 0.5833488 0.2060517 0.3507293 0.9364104 -0.01116126 0.5422977 0.77969 0.3130446 0.5585524 0.7477379 0.3590368 0.3531811 0.9352959 -0.02201652 0.05554437 0.9652161 0.2554854 0.5569823 0.7516435 0.3532743 0.03621792 0.9785032 0.2030264 0.2841758 0.8071208 0.5174942 0.1529281 0.9690095 0.1939942 -0.1235973 0.9767639 -0.175089 -0.3819 0.9203673 0.08412176 0.1416406 0.9724504 0.1851439 -0.3788002 0.9214022 0.08676838 -0.157844 0.8919805 0.4236226 -0.133701 0.892429 0.4309229 -0.4121729 0.9091889 0.05906766 -0.6501957 0.6955638 0.305674 -0.1441421 0.8915147 0.429447 -0.641319 0.70282 0.3078213 -0.3850705 0.6349042 0.6697891 -0.3699252 0.6462209 0.6674982 -0.6716437 0.6766957 0.3016253 -0.8442924 0.2621413 0.4673887 -0.3696481 0.6459598 0.6679044 -0.8355247 0.2933045 0.4646192 -0.5151776 0.2266954 0.8265599 -0.5119655 0.2427736 0.8239857 -0.8460438 0.2547571 0.468304 -0.8476375 -0.2558956 0.4647881 -0.5095214 0.2556354 0.8216072 -0.8551827 -0.2213835 0.4686703 -0.5168632 -0.240564 0.8215725 -0.5183225 -0.2294048 0.8238418 -0.8471816 -0.2573423 0.4648207 -0.6799941 -0.6683332 0.3015607 -0.5213527 -0.2052731 0.828284 -0.6869882 -0.6551954 0.3142712 -0.3891334 -0.640504 0.6620649 -0.3889791 -0.6368659 0.6656555 -0.6756258 -0.6744634 0.2977063 -0.4201753 -0.9044759 0.07332181 -0.3900746 -0.6128185 0.6872375 -0.4198241 -0.9038521 0.08245694 -0.1638247 -0.8918232 0.4216786 -0.1628054 -0.8912144 0.4233572 -0.4167732 -0.907004 0.06036442 -0.1227565 -0.9801536 -0.1556594 -0.1479821 -0.8764945 0.4581035 -0.1199303 -0.9813489 -0.1502367 0.1266897 -0.9755336 0.1796778 0.128033 -0.9751463 0.1808236 -0.1285169 -0.9767665 -0.171495 0.1931666 -0.9104914 -0.3656396 0.1601656 -0.9647455 0.2088373 0.2002015 -0.9115971 -0.3590408 0.4518713 -0.8918952 -0.01830875 0.4558668 -0.8898875 -0.01690906 0.181715 -0.9096598 -0.3734954 0.4984027 -0.673507 -0.5458784 0.4885725 -0.8724916 -0.007448494 0.5133084 -0.6660776 -0.541161 0.7201679 -0.6760118 -0.1560976 0.72664 -0.6689603 -0.1564819 0.4926615 -0.6778798 -0.5456773 0.5804895 -0.366503 -0.7271229 0.7466694 -0.645227 -0.1617626 0.5914497 -0.3420723 -0.7301875 0.9148727 -0.3812857 -0.1327753 0.9205666 0.3782739 -0.09729439 0.5656825 0.3475137 -0.7478219 0.4560275 0.7106195 -0.5357788 0.918421 0.3840429 -0.09494221 0.4507646 0.7215485 -0.5255274 0.7219896 0.6789995 -0.1330066 0.7217705 0.6821107 -0.1173566 0.4638847 0.6879217 -0.5581889 0.1803013 0.9237345 -0.337944 0.7226214 0.6808961 -0.1191594 0.1801027 0.9249142 -0.3348085 0.4508547 0.8922584 -0.02459514 0.4607692 0.8875154 -0.002866446 0.1840506 0.9068104 -0.3792368 -0.1062353 0.9855398 -0.1320056 0.4574068 0.889171 -0.01241141 -0.1103983 0.9836418 -0.1423416 0.1319459 0.9755403 0.1758167 -0.08634132 0.9806441 -0.1757335 -0.341138 0.7911502 -0.5076477 -0.5585076 0.7626515 -0.3262391 -0.09395557 0.9787564 -0.1822316 -0.5516067 0.7707918 -0.3187632 -0.39911 0.916115 0.0380094 -0.3821218 0.9230863 0.04352724 -0.5798409 0.7371983 -0.3468763 -0.7985987 0.5732173 -0.1834723 -0.3900737 0.9198352 0.04178464 -0.7868041 0.590976 -0.1780073 -0.670156 0.6862762 0.2826941 -0.6581763 0.6979331 0.2823003 -0.8138706 0.5496386 -0.1884467 -0.97468 0.212266 -0.07030028 -0.6590046 0.6969496 0.2827975 -0.9670479 0.2452502 -0.06834334 -0.8482829 0.2595743 0.4615596 -0.845134 0.2703031 0.4611775 -0.9771738 0.2006978 -0.06965458 -0.9727204 -0.2240412 -0.06017273 -0.8426076 0.2794137 0.4603702 -0.9783324 -0.2000405 -0.05338013 -0.842581 -0.2628092 0.4700943 -0.8420011 -0.260238 0.4725575 -0.9707629 -0.2319609 -0.0617547 -0.8077865 -0.5673353 -0.1600366 -0.8433657 -0.2425329 0.4794916 -0.811021 -0.5648304 -0.152354 -0.6585854 -0.688843 0.3029204 -0.6570844 -0.690002 0.3035413 -0.8015493 -0.5727874 -0.1715618 -0.5745609 -0.7568312 -0.3115864 -0.6562002 -0.6780049 0.3312262 -0.5738028 -0.7571731 -0.3121526 -0.3929446 -0.9179666 0.05414664 -0.3868516 -0.9195789 0.06870698 -0.5728881 -0.7482731 -0.3344947 -0.3362434 -0.8079097 -0.483965 -0.376074 -0.9218194 0.09390121 -0.337101 -0.8052656 -0.4877605 -0.1067394 -0.976579 -0.186816 -0.08597373 -0.9821623 -0.16723 -0.3461446 -0.7889331 -0.5077091 -0.1101512 -0.737857 -0.6659083 -0.07550919 -0.9846268 -0.1575072 -0.1120713 -0.7361342 -0.6674927 0.1949232 -0.897738 -0.3950588 0.1949796 -0.8976522 -0.3952258 -0.1274089 -0.7222647 -0.67978 0.09500277 -0.5340424 -0.8401032 0.2271472 -0.8941327 -0.3859155 0.09666091 -0.5354391 -0.8390244 0.4943671 -0.6609469 -0.5645799 0.4969295 -0.6577243 -0.5660918 0.0825107 -0.5331591 -0.8419818 0.2366496 -0.1893212 -0.9529714 0.5129799 -0.6417739 -0.5700684 0.2398815 -0.1755717 -0.9547939 0.5764603 -0.3547316 -0.7361109 0.5772125 -0.3479316 -0.7387621 0.2350663 -0.1945925 -0.9523013 0.2372812 0.2375949 -0.9419376 0.5813814 -0.3296599 -0.7438549 0.2293652 0.2581145 -0.9384927 0.5699155 0.3523293 -0.7423345 0.5678198 0.3607133 -0.7399099 0.242137 0.2213358 -0.9446588 0.08842593 0.5789731 -0.8105376 0.5655543 0.3695082 -0.7373006 0.08210927 0.5926694 -0.8012498 0.4800992 0.6844655 -0.5486456 0.4807975 0.6896008 -0.5415576 0.09941411 0.5536757 -0.8267769 -0.1153997 0.7614232 -0.6379011 0.4810735 0.6904799 -0.5401905 -0.1164733 0.7691476 -0.6283676 0.208332 0.9023342 -0.3773471 0.2153472 0.90538 -0.3659411 -0.1116245 0.735308 -0.6684775 -0.3293971 0.8160709 -0.4748958 0.2135905 0.9036723 -0.3711543 -0.3266565 0.8217274 -0.4669687 -0.1003006 0.9772896 -0.1866676 -0.5963401 0.7168727 -0.3612094 -0.6427981 0.4196192 -0.6408825 -0.7357438 0.3326627 -0.5899293 -0.5908982 0.7331034 -0.3367476 -0.7008754 0.2528027 -0.6669816 -0.7696404 0.6283528 -0.1132542 -0.7323538 0.6688594 -0.1276131 -0.7010803 0.4948595 -0.5134205 -0.7926593 0.3774982 -0.4787343 -0.7213242 0.6832389 -0.1134728 -0.7714994 0.2911905 -0.5656828 -0.8713827 0.4895945 0.03145527 -0.8323588 0.5542364 -0.001000642 -0.7307961 0.5136591 -0.449546 -0.8153837 0.3553119 -0.4570589 -0.8291631 0.5590066 -4.63925e-4 -0.7972903 0.2861148 -0.5314759 -0.9586159 0.2827887 0.03295558 -0.9267612 0.3753757 -0.01438534 -0.7597576 0.4520434 -0.46736 -0.8037301 0.2497388 -0.540045 -0.93248 0.3600855 -0.02862799 -0.7852233 0.2329412 -0.5737273 -0.9954211 0.06009608 -0.07433223 -0.9833044 0.1264626 -0.130842 -0.7930558 0.2830421 -0.5393977 -0.7514891 0.1141723 -0.6497914 -0.97724 0.1061334 -0.1836785 -0.7583537 0.1136351 -0.641862 -0.9635254 -0.1857204 -0.192683 -0.9383132 -0.1658498 -0.3034176 -0.7993865 0.03652393 -0.5997061 -0.6887321 -0.04290801 -0.7237452 -0.9226648 -0.1503489 -0.3550846 -0.7220159 -0.07168364 -0.688153 -0.8456798 -0.457338 -0.2750775 -0.8033303 -0.4174113 -0.4247685 -0.7565218 -0.2219446 -0.6151548 -0.6161753 -0.2230287 -0.7553716 -0.8105279 -0.4383516 -0.3884488 -0.6581227 -0.2836784 -0.6974247 -0.6376139 -0.7018581 -0.3175593 -0.6068023 -0.6735368 -0.4220656 -0.6536612 -0.4493355 -0.6089538 -0.5102873 -0.3935252 -0.7646861 -0.6005575 -0.7071158 -0.3732532 -0.5429723 -0.4693228 -0.69636 -0.3355218 -0.8605487 -0.3832505 -0.3053245 -0.8526235 -0.4240402 -0.4909555 -0.604761 -0.6270779 -0.3596535 -0.4992455 -0.7882913 -0.2895467 -0.8669599 -0.4056395 -0.3820834 -0.5623152 -0.733358 0.01603937 -0.8343656 -0.5509782 0.1067717 -0.8358606 -0.538458 -0.3045205 -0.6262445 -0.7176944 -0.197524 -0.4731761 -0.8585388 0.09057641 -0.8465098 -0.5246114 -0.259959 -0.4897844 -0.8321855 0.26136 -0.5402829 -0.799866 0.3495536 -0.5009821 -0.7917256 -0.1764425 -0.4780421 -0.8604324 -0.167776 -0.3035604 -0.9379246 0.3553442 -0.5131611 -0.7812786 -0.1448388 -0.3183112 -0.9368563 0.213239 -0.04135781 -0.9761244 0.2712817 0.02434504 -0.9621921 -0.215724 -0.1906186 -0.9576678 -0.3027959 -0.06774902 -0.9506444 0.2719432 0.01962739 -0.9621131 -0.2529581 -0.1111688 -0.9610691 -0.0915054 0.3967232 -0.9133661 -0.05002564 0.4548528 -0.8891605 -0.3741372 0.08962154 -0.9230328 -0.4809495 0.1195417 -0.8685606 -0.06082469 0.4615842 -0.8850087 -0.422716 0.0568453 -0.9044777 -0.4122542 0.6271653 -0.6608405 -0.3735161 0.6674224 -0.6442307 -0.5335969 0.289682 -0.7945809 -0.6324851 0.2491178 -0.7334187 -0.3816251 0.6817337 -0.6241806 -0.5822501 0.1757857 -0.7937785 -0.6329938 0.6842032 -0.3621947 -0.5883983 -0.00100553 -0.8085706 -0.6444922 0.381191 -0.6628147 -0.5342523 0.4110988 -0.7386286 -0.5883516 -0.002997756 -0.8085998 -0.7523353 0.2824229 -0.5951715 -0.645389 0.3792251 -0.6630698 -0.5882064 -0.004445791 -0.8086987 -0.8301425 0.1054181 -0.5474948 -0.7531241 0.2807529 -0.5949638 -0.5882204 -0.004938304 -0.8086856 -0.8300748 -0.1155236 -0.5455548 -0.8306182 0.1041944 -0.5470075 -0.5883734 -0.004447221 -0.8085772 -0.7518992 -0.2912372 -0.591463 -0.8302769 -0.115917 -0.5451639 -0.588235 -0.0029971 -0.8086847 -0.6443693 -0.3860166 -0.660136 -0.7520738 -0.2904867 -0.59161 -0.5881918 -0.001007616 -0.8087208 -0.5344558 -0.4129182 -0.7374656 -0.6447557 -0.3844716 -0.6606601 -0.5880435 0.001229166 -0.8088285 -0.4287877 -0.3796849 -0.8197442 -0.5351119 -0.4109847 -0.7380697 -0.5880104 0.003176391 -0.8088471 -0.3324916 -0.2801967 -0.9005216 -0.4297598 -0.3781298 -0.8199539 -0.5879064 0.004558861 -0.8089162 -0.2646464 -0.1037995 -0.958743 -0.3333796 -0.2794444 -0.9004271 -0.5882836 0.00498569 -0.8086393 -0.2631291 0.115516 -0.9578201 -0.2651757 -0.1041386 -0.9585599 -0.5886734 0.004557907 -0.8083582 -0.3299091 0.2899291 -0.8983882 -0.2633312 0.1143127 -0.9579088 -0.5885745 0.003177702 -0.8084368 -0.4269105 0.3850196 -0.8182343 -0.3300886 0.288334 -0.8988354 -0.5885471 0.001228928 -0.8084621 -0.5335556 0.4130365 -0.7380511 -0.4272989 0.3831662 -0.8189013 0.8184624 -0.3479316 0.4572341 0.9770702 -0.1945925 0.08641535 0.9671682 0.2375948 0.0901916 0.6419203 -0.6417741 0.4196004 0.9802711 -0.1755718 0.09079158 0.8157274 -0.3547317 0.4568964 0.4161564 -0.8941327 0.16535 0.8439288 -0.535439 -0.03300529 0.6336458 -0.6609469 0.4020476 -0.1271556 -0.9195789 -0.371761 0.2427899 -0.748273 -0.617366 0.4267455 -0.8079096 -0.4064118 -0.7476045 -0.6364071 0.1899304 -0.2687605 -0.9555577 0.1211504 -0.4875227 -0.7850984 0.382024 -0.5037994 -0.7668467 0.3976589 -0.237997 -0.9655495 0.1052209 0.003895282 -0.9097597 0.4151172 -0.8904514 -0.454346 0.02581292 -0.7273582 -0.6051392 -0.3236612 -0.4705119 -0.8684924 -0.1560119 -0.8705062 0.484495 0.08650839 -0.7286928 0.6296537 -0.2693384 -0.8968916 0.2257776 -0.3802763 -0.3663475 0.6756818 0.6397215 -0.2815247 0.7979384 0.5329526 -0.3599516 0.912004 0.1966813 -0.7092148 -0.05108565 0.7031393 -0.4698324 0.3178601 0.8235426 -0.5814132 0.4055505 0.7053281 -0.6902788 -0.2141102 0.6911383 -0.3298232 -0.2850568 0.8999774 -0.3241922 -0.1005894 0.9406282 -0.6963135 -0.1939141 0.6910462 -0.3456705 -0.4165052 0.8408541 -0.3064922 -0.2435903 0.9201774 -0.67968 0.6900996 0.2485916 -0.4527242 0.8861794 -0.09862607 -0.7268198 0.6444377 -0.2375566 -0.4472603 0.7821676 0.4337882 -0.4535942 0.885833 -0.09773522 -0.6755611 0.7053848 0.2145918 -0.4006131 -0.690002 -0.6028321 0.0467531 -0.5727877 -0.8183695 0.2198962 -0.756832 -0.6155088 0.6355323 -0.6577243 0.4043482 0.844684 -0.533159 -0.04744142 0.9779751 -0.1893211 0.08787643 -0.8716576 0.48255 0.08578187 -0.8851755 0.2791538 -0.3722065 -0.9885005 0.1507878 -0.01139259 -0.7155467 -0.6766388 0.1736457 -0.4871687 -0.859319 -0.1556844 -0.2255359 -0.9694953 0.09598106 -0.2641937 0.462336 0.8464321 -0.1595074 0.5839396 0.7959724 -0.067218 0.8537801 0.5162764 -0.4261499 0.3381541 0.8390758 -0.2484291 0.7873613 0.564221 -0.5528863 0.4248343 0.7168212 0.7087647 0.001229107 -0.705444 0.6476078 0.4130358 -0.6403168 0.743781 0.3831658 -0.5476987 0.7093116 0.00455904 -0.7048803 0.906888 -0.1038004 -0.4083869 0.8387317 -0.2794448 -0.4673756 0.7087354 0.003178238 -0.7054674 0.7431809 0.385021 -0.5472121 0.8376625 0.2883358 -0.4638794 0.7089802 0.004986166 -0.7052108 0.9062088 0.1155171 -0.4067452 0.9066265 -0.1041379 -0.4088811 0.7086427 0.004558503 -0.7055529 0.8372485 0.2899284 -0.463634 0.9062654 0.1143138 -0.4069588 -0.2478536 0.1516787 0.9568501 -0.08311516 0.2863504 0.9545132 0.1067684 0.5708529 0.8140807 -0.351952 0.113506 0.9291105 -0.1295126 0.5695976 0.8116557 -0.4713103 0.2548429 0.844347 -0.2662788 -0.1403957 0.9536166 -0.06457197 -0.01331049 0.9978244 0.1765528 0.1589486 0.9713725 -0.2864124 -0.1300128 0.9492443 0.181749 0.1553061 0.9710033 -0.3999565 0.06564146 0.9141806 -0.2831817 -0.3363308 0.8981592 -0.02793413 -0.3054309 0.9518045 0.0383374 -0.0851643 0.9956291 -0.2501965 -0.3821265 0.8895961 0.1226781 -0.2052806 0.9709841 -0.3406303 -0.1090551 0.9338511 -0.704789 0.04650998 0.7078908 -0.7287715 -0.3938822 0.560133 -0.5881596 -0.4061336 0.6993739 -0.7063345 -0.05065029 0.7060639 -0.5563405 -0.4928655 0.669006 -0.4293308 -0.4140576 0.8026404 -0.7051567 0.1835004 0.6848954 -0.9394963 0.03829288 0.3404122 -0.8888047 -0.1400336 0.4363675 -0.7016867 0.1299124 0.7005416 -0.8739181 -0.2042409 0.4410814 -0.7618091 -0.3127114 0.5673257 -0.3110951 -0.4535281 0.835184 0.01133358 -0.5512703 0.8342497 -0.01117432 -0.2567483 0.9664137 -0.2495431 -0.5740181 0.779892 0.112415 -0.4949549 0.8616163 -0.3071392 -0.2553219 0.9167749 -0.5840095 0.2794137 -0.7621424 -0.09711343 -0.2000407 -0.974963 -0.5936154 -0.2628094 -0.7606261 -0.3804093 0.6969494 -0.6079066 -0.08059978 0.2452507 -0.9661034 -0.5860556 0.2595743 -0.7675677 -0.1010439 0.9198353 -0.3790692 0.05538117 0.5909757 -0.8047861 -0.3820146 0.6862763 -0.6189425 -0.3797898 0.6979333 -0.6071646 0.06155145 0.5496388 -0.8331319 -0.07983398 0.2122656 -0.9739455 0.1656889 0.9787563 -0.1207615 0.230504 0.7707919 -0.5939258 -0.09869807 0.9161149 -0.3885775 -0.1015486 0.9230862 -0.3709443 0.2539592 0.7371986 -0.6261334 0.05897504 0.5732173 -0.8172783 -0.5959605 -0.260238 -0.7596759 -0.08767849 -0.2319607 -0.9687656 0.03440868 -0.5673351 -0.8227679 -0.5851975 0.2703032 -0.7645131 -0.08085763 0.2006977 -0.9763107 -0.08954393 -0.2240412 -0.9704574 0.1440814 -0.9846268 -0.09874582 0.6424474 -0.7361341 -0.2129978 0.4202552 -0.897738 0.1321061 0.1520866 -0.9821622 -0.1105763 0.4486929 -0.7889331 -0.4198324 0.6411754 -0.7378571 -0.2108583 0.4204287 -0.8976524 0.1321365 0.6522401 -0.7222648 -0.2300358 0.8447409 -0.5340425 -0.03480798 -0.1504014 -0.9218192 -0.3572517 0.4303655 -0.805266 -0.4078387 0.1682602 -0.9765791 -0.1340961 -0.9096448 -0.4146825 0.02418637 -0.527768 -0.8352425 -0.1543734 -0.6896746 -0.7043575 0.1680169 -0.9882605 -0.1491428 -0.03313201 -0.8908253 -0.2180145 -0.3986225 -0.7132062 -0.6254253 -0.3165125 -0.9924449 -0.116512 -0.03844839 -0.7571165 -0.5566819 -0.3418771 -0.8675898 -0.4961766 0.03311985 -0.2817924 -0.671446 0.6853856 0.1487653 -0.6795456 0.7183918 -0.3227888 -0.3631676 0.8740232 -0.5127941 0.5220178 0.6815714 -0.454279 0.8477109 0.2738922 -0.6513084 0.5242716 0.5485771 -0.6992585 -0.1372695 0.7015659 -0.4017574 0.09744566 0.9105468 -0.4750708 0.2532224 0.8427254 -0.6907518 -0.1941152 0.6965497 -0.3523814 -0.1118329 0.9291506 -0.38134 0.07249736 0.9215878 -0.7029507 -0.1367422 0.69797 -0.4187871 -0.4940307 0.761939 -0.3335134 -0.352901 0.8742024 -0.6791508 0.6963276 0.2321255 -0.7268728 0.6455031 -0.2344819 -0.8767986 0.4759312 0.06865769 -0.4550201 0.7711906 0.4452213 -0.1520954 0.979804 0.1298123 -0.4782915 0.8763188 -0.05746865 -0.4278363 -0.6780048 -0.5977171 0.2205709 -0.7571725 -0.6148481 -0.1137005 -0.9179666 -0.3800129 -0.6030218 -0.2425327 -0.7599622 0.02632135 -0.5648304 -0.8247871 -0.4002293 -0.688843 -0.6044104 -0.9831011 0.1828028 -0.009769499 -0.8965121 0.2330363 -0.3767762 -0.8870701 -0.2436988 -0.3920683 -0.9797813 0.1998327 -0.009784579 -0.8950878 -0.1578431 -0.4170172 -0.9806653 -0.1943456 -0.02292591 0.7089049 -0.004449129 -0.70529 0.4693036 -0.2912383 -0.8336272 0.4115442 -0.1159177 -0.9039881 0.7090315 -0.002997219 -0.7051705 0.5536382 -0.3860144 -0.7378875 0.4694219 -0.2904869 -0.8338229 0.708931 -0.002995789 -0.7052714 0.4729022 0.2824234 -0.8346261 0.5563814 0.379226 -0.7393426 0.7088941 -0.001007795 -0.7053143 0.5562663 0.3811913 -0.7384179 0.6480727 0.411098 -0.6410929 0.7090504 -0.004446625 -0.7051438 0.413868 0.1054171 -0.9042127 0.4725748 0.2807515 -0.8353752 0.7090355 -0.004936158 -0.7051556 0.4119618 -0.1155236 -0.9038484 0.4133145 0.1041948 -0.9046075 -0.3759531 -0.6675286 0.6427012 0.07878983 -0.7768206 0.6247736 -0.411738 -0.415185 0.8112294 -0.3913809 -0.511407 0.7650385 -0.07621914 -0.7156244 0.6943144 0.04007685 -0.5250852 0.8501055 -0.5337094 -0.4997485 0.6822065 -0.2970772 -0.7888855 0.5379637 -0.04495161 -0.6926908 0.7198325 -0.7101041 -0.3966316 0.5817522 -0.6016215 -0.7085189 0.3688532 -0.2847843 -0.7595089 0.5848455 -0.547173 -0.5596983 0.6223662 -0.1360197 -0.8234348 0.5508666 -0.5732261 -0.3945632 0.7181447 -0.8621203 -0.1986952 0.4661211 -0.8765926 -0.4483869 0.1747422 -0.6152088 -0.6704819 0.4146953 -0.8714146 -0.07044893 0.4854623 -0.7734195 -0.5294601 0.3485605 -0.8887476 -0.0987395 0.4476363 0.5794111 0.667423 -0.467792 0.703465 0.2896822 -0.6490157 0.6278757 0.2491177 -0.7373687 0.5583552 0.6817336 -0.4727355 0.6952183 0.1757848 -0.6969729 0.2609559 0.6842039 -0.6810045 0.992392 0.02434605 0.1206883 0.9133201 -0.1906179 -0.3598766 0.8930414 -0.06774896 -0.444845 0.8652462 0.4615843 -0.1956758 0.8290499 0.05684578 -0.5562776 0.5898904 0.6271653 -0.5086188 0.3564977 -0.8669605 -0.3482657 0.6661734 -0.5623162 -0.4899117 0.5469316 -0.8343661 -0.06854945 0.5484594 -0.8358601 0.02302765 0.6625766 -0.6262437 -0.4108664 0.8181486 -0.4731751 -0.3267079 0.2966983 -0.4174117 -0.8589166 0.4920075 -0.221944 -0.8418251 0.652068 -0.2230275 -0.7246145 0.2597051 -0.438352 -0.8604656 0.5883808 -0.283679 -0.7571884 0.2161402 -0.7018582 -0.678733 -0.02132749 0.1264617 -0.9917423 0.4115492 0.2830399 -0.866323 0.5270072 0.1141705 -0.8421571 0.03181368 0.1061337 -0.9938428 0.518119 0.1136363 -0.8477261 0.04281258 -0.1857203 -0.9816696 -0.1265139 0.5542362 -0.8226886 0.3322937 0.5136576 -0.7910353 0.3267602 0.3553102 -0.8757754 -0.126556 0.5590062 -0.8194484 0.4030709 0.2861143 -0.8692942 -0.1794106 0.2827885 -0.9422539 0.2655963 0.7168726 -0.6446334 0.5348523 0.4196197 -0.7333842 0.4702624 0.332663 -0.8174281 0.2422569 0.7331033 -0.6355086 0.5517462 0.2528025 -0.7947748 -0.005978465 0.6283528 -0.7779057 0.6075077 0.6904801 0.3926472 0.6031097 0.7691476 -0.2113545 0.4048066 0.9023343 0.1480693 0.6088162 0.6896008 0.3921653 0.8322476 0.5536759 -0.02840822 0.6126949 0.7614233 -0.2117535 0.8359276 -0.5009806 0.2241507 0.8232504 -0.4780414 -0.3061625 0.901155 -0.30356 -0.3094691 0.8710029 0.4548541 -0.1856384 0.8548274 0.08962279 -0.5111144 0.7846358 0.1195425 -0.6083227 0.2768524 -0.7071157 -0.650646 0.6049665 -0.469322 -0.6432359 0.3273306 -0.8605486 -0.3902702 0.8264908 -0.5131612 0.2314706 0.9036123 -0.318311 -0.286641 0.9972686 -0.04135757 0.06119585 0.3722655 -0.8526239 -0.3666753 0.5444717 -0.6047616 -0.5812178 0.7238956 -0.4992465 -0.4761598 0.3241324 -0.6735365 -0.6642943 0.5016363 -0.4493361 -0.7392281 0.6774933 -0.3935249 -0.6214025 0.2095561 -0.1503477 -0.9661687 0.5694291 -0.07168143 -0.8189093 0.1422863 -0.4573376 -0.8778366 0.1561009 -0.1658501 -0.9737178 0.4701744 0.03652125 -0.8818176 0.6097001 -0.04290974 -0.7914699 -0.1145499 0.3600867 -0.9258596 0.4466732 0.2329429 -0.8638408 -0.07902801 0.0600962 -0.9950593 -0.1277496 0.3753752 -0.918027 0.3454607 0.4520427 -0.8223833 0.4105527 0.2497394 -0.8769702 0.001637697 0.6832385 -0.7301935 0.4408249 0.2911906 -0.8490475 -0.1645655 0.4895943 -0.8562801 0.0139212 0.6688592 -0.7432588 0.3999676 0.4948607 -0.7714524 0.3516621 0.3774992 -0.8566377 0.3994925 0.9036723 0.154215 0.4114195 0.8217271 -0.3943331 0.1691001 0.9772897 -0.1277111 0.3946098 0.90538 0.1567488 0.643489 0.7353081 -0.2127068 0.4188328 0.8160707 -0.3982559 0.8152324 0.3695081 0.4459372 0.8043709 0.5926694 -0.04159814 0.6157135 0.6844656 0.3903894 0.8181582 0.3607133 0.4477758 0.9706012 0.2213358 0.09457236 0.8145168 0.5789731 -0.03677886 0.709227 0.003177762 -0.7049731 0.8389611 -0.2801956 -0.4665134 0.7444445 -0.3781296 -0.5502912 0.7090747 -0.001007676 -0.7051327 0.6468917 -0.4129196 -0.6411151 0.5540969 -0.3844721 -0.738348 0.7092043 0.001227855 -0.705002 0.7443861 -0.3796864 -0.5492975 0.6473882 -0.4109858 -0.641856 0.8241338 -0.3296601 0.4605736 0.9625514 0.2581145 0.08289682 0.8208748 0.352329 0.4494763 0.9924154 0.01962661 0.1213528 0.9109773 -0.1111689 -0.3971925 0.8885692 0.3967225 -0.2303389 0.5322939 -0.8465103 0.009145498 0.7825418 -0.4897851 -0.3843684 0.8304614 -0.5402836 0.1357486 -0.9304654 0.06037122 0.361372 -0.9984847 -0.0550003 0.001797497 -0.8922725 -0.4029807 0.2036081 -0.7409989 -0.3527968 0.5713625 -0.4521251 -0.7582836 0.4696689 -0.7560586 -0.2879468 0.5877603 -0.894158 0.3214626 0.3116783 -0.9286688 0.3640868 -0.07081717 -0.9995962 -0.01288807 0.02532213 -0.8833432 0.2423463 0.4012147 -0.9714411 -0.146601 0.1865756 -0.9285321 0.1349561 0.3458541 -0.7627177 0.5295547 0.3712593 -0.7211083 0.6927324 0.01116538 -0.9203571 0.3895297 -0.03477632 -0.761496 0.5306411 0.3722149 -0.9507874 0.3068819 0.04274243 -0.8764906 0.354175 0.326074 -0.6933378 0.1834618 0.6968677 -0.8115182 0.4635753 0.3557193 -0.8993113 0.2922689 0.3252971 -0.6973671 0.1977438 0.6888951 -0.9116808 0.2787138 0.301922 -0.9349635 0.07864212 0.3459175 -0.7129024 0.0465359 0.6997176 -0.5516251 0.4943251 0.6718277 -0.6933263 0.481956 0.5357398 -0.7074174 0.1300519 0.6947281 -0.675081 0.5481296 0.4937811 -0.8066399 0.4424713 0.3918564 -0.6336722 0.5950573 0.4943345 -0.7143502 0.6975802 0.05555087 -0.7685288 0.5019372 0.3967651 -0.5613771 0.697165 0.4458888 -0.478955 0.8448521 0.2383847 -0.7090781 0.7049936 0.0138691 0.2284469 0.6808962 0.6958394 0.3584457 0.9249143 0.1266897 0.09336858 0.8922585 0.4417659 0.2265351 0.6821106 0.6952748 0.6226609 0.6879215 0.3729042 0.3615747 0.9237346 0.1264057 0.2371609 0.3782737 0.8947982 0.8256487 0.3475138 0.444453 0.5993111 0.7106196 0.3685731 0.2742303 -0.6452268 0.713078 0.8121699 -0.342072 0.4726172 0.2713513 -0.3812856 0.8837364 0.1604326 0.9806444 -0.1122418 0.4494 0.7911502 -0.4148747 0.2368344 0.7626515 -0.6018905 0.08233231 0.889171 0.4501073 0.1237502 0.9836418 -0.1308996 -0.1535296 0.9755402 0.1573216 0.07341456 0.8875155 0.4548919 0.4029545 0.9068103 0.1237854 0.1141742 0.9855397 -0.1252027 0.2345089 0.3840432 0.8930378 0.5883748 0.7215485 0.3649423 0.2420336 0.6789997 0.6930939 0.265945 -0.6689603 0.6940932 0.6147053 -0.6778798 0.4032573 0.8074628 -0.3665034 0.4622545 0.08220177 -0.8724915 0.4816651 0.6134043 -0.6660778 0.4243531 0.2645731 -0.6760119 0.6877565 -0.4432995 -0.8912144 -0.09603333 -0.1234944 -0.9070038 -0.4026081 0.1350187 -0.9801537 -0.1451511 0.08654075 -0.8898874 0.4478963 0.3969228 -0.9096599 0.1223571 0.615783 -0.6735069 0.4089008 -0.159077 -0.9751464 0.1542209 0.1497839 -0.9767667 -0.1532706 0.3909144 -0.9104912 0.134877 -0.7388806 -0.6128187 -0.2801944 -0.1457957 -0.9038521 -0.4022377 -0.4417972 -0.8918232 -0.09729665 -0.4753649 -0.8764948 -0.07606053 0.1300921 -0.9813489 -0.1415286 -0.1581506 -0.9755336 0.1527176 -0.1818374 -0.9647457 0.190266 0.3854711 -0.9115969 0.1428395 0.08731222 -0.8918953 0.4437335 -0.8926855 0.2427734 -0.3797021 -0.5923767 0.2547569 -0.7643225 -0.5891466 -0.2558956 -0.7664358 -0.7166463 0.6459594 -0.2629724 -0.5871253 0.2933046 -0.7544907 -0.8957217 0.2266955 -0.3824812 -0.893517 -0.2294045 -0.3860067 -0.5891087 -0.2573421 -0.7659804 -0.4021657 -0.6683327 -0.6257749 -0.898371 -0.2052728 -0.3883205 -0.415797 -0.6551953 -0.6307392 -0.71386 -0.6405038 -0.2831233 -0.7162863 0.6462211 -0.2633104 -0.4009489 0.6766957 -0.6175135 -0.5912039 0.2621411 -0.7627319 -0.4464601 0.8915142 -0.07665544 -0.4024289 0.7028201 -0.5865962 -0.7208707 0.6349047 -0.2779236 -0.7173844 -0.6368657 -0.282421 -0.3976873 -0.6744637 -0.622048 -0.1368198 -0.9044763 -0.4039838 -0.8899613 0.2556356 -0.3776499 -0.5941401 -0.2213839 -0.7732961 -0.8910517 -0.2405639 -0.3849104 -0.168278 0.9690095 0.1808402 0.1540899 0.9767638 -0.1489592 -0.1416298 0.9203673 -0.3645067 -0.1612617 0.9724505 0.1683297 -0.1437706 0.9214021 -0.3610377 -0.442802 0.8919805 -0.09108948 -0.06727921 0.5348469 0.8422662 0.2790174 0.6975941 0.6599332 0.05213159 0.9133889 0.4037363 -0.2354903 0.7204176 0.6523365 -0.1528071 0.9799441 0.1279048 -0.4354736 0.800601 0.4115833 -0.4463175 0.8924292 -0.06611269 -0.1215084 0.909189 -0.3982601 -0.4016656 0.6955638 -0.5956978 -0.04084193 0.2593024 0.9649323 0.2281362 0.7311722 0.6429162 -0.04925692 0.5466951 0.8358818 -0.2377652 0.7191599 0.6528988 0.1157435 0.9078968 0.402898 -0.2036597 0.9666995 0.1549673 -0.07538276 0.532362 0.8431538 0.1053819 0.909583 0.401937 -0.211522 0.7455024 0.6320479 -0.1372546 -0.4699825 0.8719391 0.200744 -0.6909599 0.6944611 0.234525 -0.378872 0.8952397 -0.2991573 -0.6485987 0.6998748 0.193946 -0.6684693 0.7180069 -0.1408922 -0.4877235 0.861554 -0.02596044 0.2554373 0.966477 0.281275 0.3990413 0.8727259 0.2299566 0.7307183 0.6427837 -0.06333464 -0.1057293 0.992376 0.2422673 -0.3597429 0.9010503 0.2630029 0.4281982 0.8645668 -0.2929905 -0.6951943 0.6564005 0.001080274 -0.9033688 0.4288634 0.1980728 -0.6958071 0.6903765 -0.5303636 -0.7265138 0.4369121 -0.01771992 -0.8936771 0.4483606 -0.2897442 -0.7129269 0.6385794 -0.06659632 -0.07047808 0.9952878 0.2546635 0.4441694 0.8589879 -0.02290308 0.2593165 0.9655208 -0.1356858 -0.4142162 0.900008 0.2346403 -0.3285616 0.9148722 -0.06978726 -0.1166701 0.9907158 -0.8113856 -0.5681067 -0.1375074 -0.6657788 0.3973143 0.6315696 -0.360096 0.707957 -0.6075589 -0.8113921 -0.5681123 -0.1374458 -0.5936405 -0.531912 0.6038715 -0.6657763 0.3972886 0.6315882 -0.05159914 0.8226433 0.5662116 0.1842058 -0.08481276 0.9792217 0.7906623 0.4299495 0.435886 0.04913318 0.6131496 -0.7884375 0.509597 -0.6060081 -0.6107906 -0.1526411 -0.4850353 -0.86107 -0.8220571 -0.5533456 -0.1342789 -0.0577504 -0.8201532 0.5692219 -0.5975747 -0.5211793 0.6093248 -0.3624169 0.7128017 -0.6004729 -0.1962058 -0.4827352 -0.8535046 -0.8181672 -0.5619506 -0.1217123 -0.6459184 0.4102445 0.6438082 -0.06080949 -0.8201507 0.5689069 -0.02422684 0.8221802 0.5687115 -0.35888 0.7138631 -0.6013357 -0.03027015 0.822772 0.567565 0.01590257 0.6144247 -0.7888153 0.5015615 -0.5975971 -0.6255508 0.4124721 0.8279068 -0.3800488 0.7996657 0.4329168 0.4160746 0.5016139 -0.5975821 -0.6255232 0.7996597 0.4329729 0.4160273 0.2099174 -0.08349204 0.9741477 -0.04569083 0.8225381 0.5668717 0.4315482 0.8228968 -0.369604 0.03776538 0.6146867 -0.7878669 -0.07483512 -0.8207076 0.5664265 0.5005649 -0.6030842 -0.6210671 0.1935124 -0.0861237 0.9773104 -0.04879331 0.8234862 0.5652343 -0.07695627 -0.8195454 0.5678231 0.1829743 -0.08537077 0.9794041 0.04634821 0.6142182 -0.7877741 0.4295436 0.8242153 -0.3690009 0.5111885 -0.6039707 -0.6114786 -0.8235243 -0.5533919 -0.1247605 -0.1901109 -0.4825626 -0.8549804 -0.06331592 -0.820099 0.5687081 -0.3586496 0.7152836 -0.5997832 0.009762227 0.6152374 -0.7882815 -0.1975577 -0.4814233 -0.8539337 -0.6489027 0.4049964 0.6441299 -0.5870991 -0.5263565 0.6150313 -0.05807465 -0.8198738 0.5695912 -0.3521048 0.7139605 -0.605213 -0.653071 0.4084218 0.6377225 -0.02537035 0.8227447 0.5678446 -0.05217689 0.8224498 0.5664398 0.8001863 0.4234762 0.4246996 0.4255488 0.8230292 -0.3762063 -0.06757032 -0.8205929 0.5675047 -0.1601246 -0.4837153 -0.8604531 0.5096099 -0.6029857 -0.6137639 -0.7062985 0.03936564 0.7068188 -0.365107 -0.0363965 -0.9302539 0.9312252 0.01219308 0.3642401 -0.2100344 0.2133104 -0.9541406 0.006517767 0.006024241 -0.9999607 -0.5267423 -0.1229809 -0.8410816 0.9312267 0.01209008 0.36424 0.7071233 -6.95614e-4 -0.7070899 -0.7063035 0.03927266 0.7068189 0.09903621 0.002925693 -0.9950796 0.1466094 0.1461592 -0.9783369 0.759529 0.2315424 -0.6078683 0.6229817 0.1621214 0.7652521 0.838077 0.196366 0.5089868 -0.5691819 0.09549498 0.8166472 -0.5691825 0.09551692 0.8166443 -0.7852306 0.1834595 0.5914015 0.623005 0.1621207 0.7652332 -0.9890381 0.09091311 -0.1163552 -0.9536691 -0.284863 0.0967909 -0.9872972 -0.05174094 0.1502242 0.6775703 -0.2100049 -0.704838 -0.3285536 -0.5252797 -0.7849419 -0.2847405 -0.4123262 -0.8653959 0.9865828 -0.1315003 0.09675848 0.9454592 -0.2840492 0.159446 0.9503884 -0.2857055 -0.1230215 -0.2686313 -0.5895162 0.7617795 0.4440597 -0.2103249 0.8709619 -0.4712045 -0.1825777 0.8629204 -0.9267563 0.2256992 -0.3003044 -0.7852227 0.1834663 0.5914099 -0.5691716 0.09553229 0.8166502 -0.5691421 0.09559804 0.816663 -0.9607802 0.265318 -0.08067226 -0.9267466 0.2257293 -0.3003118 0.9194777 0.2660649 -0.2894312 0.7595166 0.2315462 -0.6078824 0.1655967 0.3280498 -0.9300329 -0.9890335 0.09092932 -0.1163814 -0.9132505 -0.3055527 -0.2694647 -0.9536713 -0.2848612 0.0967729 -0.2686052 -0.5895405 0.7617698 -0.4712637 -0.1825323 0.8628977 -0.6187787 -0.7845805 0.03932523 0.6229969 0.162136 0.7652364 -0.2894553 -0.0468086 0.9560464 0.4402224 -0.09109461 0.8932559 0.9454602 -0.2840582 0.1594241 0.9865842 -0.131489 0.09675985 0.4402447 -0.09112757 0.8932416 0.6775345 -0.2100073 -0.7048717 -0.6187132 -0.7846303 0.03936171 -0.8144322 -0.5344068 0.2260745 0.6775006 -0.2099379 -0.704925 -0.8144221 -0.5344235 0.2260715 0.03390079 -0.5181739 -0.8546033 0.5713368 -0.6645691 -0.4815831 0.1030129 -0.05988746 -0.9928756 0.95039 -0.2857108 -0.1229971 0.9503914 -0.2856994 -0.1230127 0.3489875 -0.5013341 0.7917525 0.571317 -0.6646 -0.4815641 -0.268619 -0.5895282 0.7617747 -0.618725 -0.7846238 0.0393095 -0.8144367 -0.534376 0.226131 -0.2686116 -0.589542 0.7617664 -0.8144421 -0.5343871 0.2260851 -0.01104241 -0.5068728 0.8619503 -0.4712218 -0.1825285 0.8629214 -0.9536713 -0.284869 0.09675073 -0.913241 -0.305576 -0.2694706 -0.9132559 -0.3055837 -0.2694112 -0.6187316 -0.7846186 0.03930407 -0.4712204 -0.1825156 0.862925 -0.5267581 -0.122976 -0.8410724 -0.8289472 0.164435 -0.5346098 -0.2100008 0.2133201 -0.9541458 -0.2099838 0.2133506 -0.9541428 -0.8289492 0.1644272 -0.5346093 -0.4313701 0.3847671 -0.8160113 -0.4313416 0.3847983 -0.8160116 -0.5575573 0.4370027 -0.7058035 -0.2100422 0.2133273 -0.9541351 -0.3285477 -0.5253411 -0.7849033 -0.1364958 -0.4123676 -0.9007341 -0.2847843 -0.4123188 -0.865385 0.1726891 -0.2789669 -0.944646 0.3534315 -0.5236924 -0.7751339 0.1833455 -0.4662029 -0.8654706 0.6229916 0.1621041 0.7652476 -0.7852322 0.1834328 0.5914076 -0.2894609 -0.04680889 0.9560447 -0.4712311 -0.1825087 0.8629206 -0.2894539 -0.04687684 0.9560434 -0.9872956 -0.05175298 0.1502301 0.3534282 -0.5237054 -0.7751266 0.5000606 -0.1514177 -0.8526501 0.6981132 -0.1338842 -0.7033584 0.6229895 0.1620719 0.7652562 0.4402297 -0.09111118 0.8932505 0.9133701 -0.1359465 0.3837625 0.1030097 -0.0598675 -0.9928771 0.8258766 0.2734207 -0.4931218 0.9684529 0.08057147 -0.2358116 -0.3279778 0.6723699 -0.6635882 -0.8415208 0.3375057 0.4218208 0.3385959 0.660641 0.6700049 -0.4712353 -0.1825627 0.8629068 0.1762126 -0.05340087 0.9829026 -0.2520891 0.007322192 0.9676764 -0.1027782 -0.1581725 -0.982048 -0.3285335 -0.5253148 -0.7849269 -0.526757 -0.1230001 -0.8410696 0.1762145 -0.05342406 0.982901 0.1970231 -0.05749326 0.9787117 0.3386757 0.6606314 0.6699739 0.1969955 -0.05748468 0.9787178 0.4440404 -0.2103368 0.8709688 0.4402468 -0.09105157 0.8932482 0.04939329 -0.06572109 0.9966148 -0.4712113 -0.1825492 0.8629227 0.4440674 -0.2102777 0.8709693 -0.4472244 -1.0873e-5 0.8944218 -0.7441848 -0.2945617 0.5995185 0.2683072 -0.4248002 0.8646132 0.5498324 -0.4135401 -0.7257197 -0.3020966 -0.9439657 0.1329156 -0.7071238 4.04119e-5 -0.7070899 0.2682953 -0.4248077 0.8646132 0.8944218 -4.54132e-5 0.4472246 -0.4472246 -2.48887e-5 0.8944217 -0.7071237 2.06453e-4 -0.7070899 0.7071238 -2.92619e-5 -0.7070899 0.5498312 -0.4135417 -0.7257197 0.6229856 0.1622025 0.7652316 0.9684585 0.08057272 -0.2357883 0.8258551 0.2734495 -0.4931418 0.3386952 0.6606411 0.6699545 0.8550525 0.294488 -0.4268047 -0.3278784 0.6723685 -0.6636388 0.9865805 -0.1315081 0.09677064 0.9503914 -0.2856982 -0.1230152 0.9684545 0.08059954 -0.2357957 0.8944222 2.19373e-5 0.4472238 0.2683383 -0.4248328 0.8645876 0.5498317 -0.4134822 -0.7257532 -0.3021326 -0.9439579 0.1328887 0.549878 -0.413479 -0.7257199 0.2683452 -0.4247803 0.8646113 -0.7442107 -0.2945508 0.5994918 -0.4472241 -4.42093e-5 0.8944221 -0.7070902 3.09944e-6 -0.7071234 -0.1961243 0.00243622 0.980576 0.9312377 0.01220148 0.3642083 -0.3650563 -0.03632587 -0.9302765 0.3784018 -0.5544236 -0.7412332 0.7120201 -0.4942112 0.4987813 -0.2109975 -0.6919162 0.6904578 -0.7852358 0.183452 0.5913968 -0.9129137 -0.01717388 0.4077912 -0.2894438 -0.04682862 0.9560489 -0.7852338 0.1834294 0.5914065 -0.8531201 0.1756681 -0.4912502 -0.9890363 0.09093934 -0.1163499 -0.2110796 -0.6919196 0.6904294 -0.8126589 -0.4156288 -0.4084586 0.3784592 -0.5544204 -0.7412063 0.7070944 -7.17646e-4 -0.7071188 -0.252112 0.007366716 0.9676701 0.176213 -0.05345261 0.9828997 -0.9132463 -0.3055868 -0.2694402 -0.9890404 0.09090048 -0.1163459 -0.8531445 0.1756519 -0.4912139 -0.6994675 -0.1366363 -0.7014811 -0.5267742 -0.1229443 -0.8410671 -0.3285496 -0.5253626 -0.7848882 0.5000885 -0.1513592 -0.8526441 0.3534117 -0.5236486 -0.7751725 0.1726761 -0.2790123 -0.9446349 0.7595056 0.231543 -0.6078973 0.5000923 -0.1513906 -0.8526363 0.09903031 0.002914249 -0.9950802 0.5498325 -0.4134466 -0.7257728 0.70709 3.74192e-4 -0.7071235 0.8944217 -2.98992e-5 0.4472249 0.2683088 -0.4247665 0.8646294 -0.7441846 -0.294527 0.5995358 -0.3021683 -0.943944 0.1329066 -0.70709 6.02924e-5 -0.7071236 -0.3021519 -0.9439616 0.1328182 -0.7442108 -0.2945675 0.5994834 -0.7515065 0.01039344 -0.659644 -0.584485 -0.001382172 -0.8114035 -0.7516779 0.005028724 -0.6595114 0.3386673 0.660636 0.6699736 -0.8415296 0.3374978 0.4218095 0.1762173 -0.05341339 0.9829012 0.8550424 0.2944526 -0.4268493 0.3386695 0.660668 0.6699409 0.1970283 -0.05755472 0.978707 -0.3650564 -0.03638321 -0.9302743 0.1970059 -0.05753654 0.9787126 -0.1961244 0.002397775 0.9805761 0.3489637 -0.5013399 0.7917592 -0.2686728 -0.5895457 0.7617421 -0.01103264 -0.5068849 0.8619433 0.3490412 -0.5013265 0.7917337 -0.01100832 -0.5068768 0.8619483 0.7367086 -0.6497281 0.1873872 0.6981164 -0.1338464 -0.7033624 0.5713052 -0.6646063 -0.4815691 0.3534137 -0.5236836 -0.775148 -0.7062972 0.03932076 0.7068227 0.1761761 -0.05346113 0.9829059 -0.8415316 0.3374831 0.4218174 0.1762129 -0.05343061 0.982901 -0.7062844 0.03932011 0.7068355 0.7070944 -7.18154e-4 -0.7071189 -0.3285487 -0.5253087 -0.7849245 -0.5046534 -0.6760128 -0.5369652 -0.6994501 -0.1366675 -0.7014924 0.6775135 -0.2099299 -0.7049148 -0.5046697 -0.6760289 -0.5369297 -0.3285307 -0.5253143 -0.7849284 -0.4313561 0.3847738 -0.8160153 -0.8289462 0.1644489 -0.5346072 -0.9267449 0.2257269 -0.3003188 -0.9267383 0.225752 -0.3003202 -0.7016849 0.3451837 -0.623287 -0.4313485 0.3847826 -0.8160153 0.4402248 -0.09106439 0.8932578 -0.1961491 0.002368688 0.9805713 0.1970286 -0.05749624 0.9787104 -0.1961162 0.002354085 0.9805778 0.4402229 -0.09104901 0.8932603 -0.2894683 -0.04681229 0.9560422 -0.2894619 -0.04685068 0.9560423 -0.2520763 0.007342875 0.9676796 -0.1961159 0.002358794 0.9805779 -0.2520601 0.007339894 0.9676837 -0.2894271 -0.04684191 0.9560533 -0.4712468 -0.1825407 0.8629052 0.9684596 0.08059549 -0.2357763 0.9504011 -0.2856826 -0.1229768 0.1030087 -0.05985188 -0.9928782 -0.9872923 -0.05174225 0.1502559 -0.9536709 -0.2848506 0.09681004 -0.4712467 -0.1825244 0.8629088 -0.9129189 -0.01719588 0.4077788 -0.987293 -0.05177021 0.1502414 -0.2894731 -0.04680436 0.9560412 -0.9890354 0.09094417 -0.1163539 -0.9872947 -0.05173897 0.1502414 -0.9129179 -0.01719987 0.4077807 -0.7516704 0.005029082 -0.6595199 -0.8801319 0.02207046 -0.4742159 -0.7515048 0.01038712 -0.6596459 0.8258907 0.2734375 -0.4930887 0.1030316 -0.05987173 -0.9928746 0.6981404 -0.133855 -0.703337 0.6981049 -0.1338684 -0.7033696 0.5000722 -0.151373 -0.8526512 0.7595158 0.2315289 -0.6078901 0.8258688 0.2734363 -0.4931262 0.6981041 -0.1339072 -0.7033631 0.7595323 0.2315207 -0.6078724 0.8878887 0.3619923 -0.283928 0.8258634 0.2734591 -0.4931225 0.7595219 0.2315145 -0.607888 0.8879018 0.3619738 -0.2839112 0.759516 0.2315545 -0.6078799 0.8739594 0.4029718 -0.2716776 0.8878877 0.3620076 -0.2839118 0.873973 0.4029551 -0.2716585 0.8617677 0.4280163 -0.2723208 -0.8289489 0.1644137 -0.5346137 -0.5267529 -0.1229957 -0.8410729 -0.6994531 -0.13665 -0.7014929 -0.8289516 0.1644235 -0.5346066 -0.6994544 -0.1366834 -0.701485 -0.8531275 0.1756836 -0.4912321 -0.9267567 0.2256961 -0.3003057 -0.828938 0.1644399 -0.5346226 -0.8531267 0.1756884 -0.4912316 -0.785224 0.1834058 0.5914269 -0.9267523 0.2257123 -0.3003069 -0.8531199 0.1756908 -0.4912427 0.9133748 -0.1359065 0.3837656 0.4401952 -0.09111446 0.8932673 0.986586 -0.1314762 0.09675902 0.986581 -0.1315068 0.09676808 0.9684577 0.08056306 -0.2357949 0.9133577 -0.1359086 0.3838052 0.006517589 0.006021559 -0.9999607 0.1466139 0.1461688 -0.9783349 0.09902691 0.002914369 -0.9950805 -0.328533 -0.5253137 -0.7849279 -0.1027756 -0.1581912 -0.9820452 -0.1364782 -0.4123249 -0.9007564 -0.8531293 0.1756743 -0.4912322 0.269109 -0.09357118 -0.9585535 -0.9132574 -0.3055682 -0.2694237 0.6775386 -0.2099587 -0.7048821 0.3534049 -0.5236682 -0.7751623 0.5713269 -0.6645711 -0.4815921 0.6775464 -0.209993 -0.7048644 0.1833392 -0.4662078 -0.8654693 0.3534532 -0.5237199 -0.7751054 0.9503826 -0.285717 -0.1230395 0.945462 -0.284049 0.1594297 0.4440295 -0.2103384 0.870974 0.440226 -0.09113287 0.8932502 0.4440463 -0.2102836 0.8709787 0.9454546 -0.2840659 0.1594435 -0.1364952 -0.4123024 -0.900764 0.04549866 -0.7279479 -0.6841211 -0.2847954 -0.4122734 -0.8654029 0.6775268 -0.2099295 -0.7049022 0.01859951 0.4963968 -0.8678964 0.1833608 -0.4662914 -0.8654196 0.4440338 -0.2103275 0.8709744 -0.00905466 -0.03323876 0.9994065 0.04938858 -0.06572878 0.9966146 0.006507456 0.006015658 -0.9999608 -0.2100032 0.2133312 -0.9541428 0.1656271 0.3280986 -0.9300102 -0.3243038 0.7204461 -0.6130127 -0.03566133 0.5417388 -0.8397902 -0.5575675 0.4370122 -0.7057895 0.6961392 -0.1433361 -0.7034521 0.1029956 -0.05982464 -0.9928812 0.5713621 -0.6645658 -0.4815577 0.01898592 0.4966084 -0.8677671 0.04547828 -0.7279894 -0.6840783 0.1833541 -0.4662373 -0.8654503 0.04546296 -0.7279328 -0.6841396 0.1726688 -0.2790435 -0.9446271 0.1833675 -0.466185 -0.8654755 -0.102748 -0.1582063 -0.9820457 0.1727042 -0.2789934 -0.9446355 -0.1364948 -0.4123473 -0.9007436 0.04545539 -0.7279611 -0.6841101 -0.1364943 -0.4123287 -0.9007521 0.1726779 -0.2790012 -0.9446379 0.8878919 0.3619955 -0.2839146 0.6229768 0.1621581 0.7652481 0.8258544 0.2734445 -0.4931455 0.8380814 0.1963559 0.5089834 0.6229805 0.162192 0.7652381 0.8878844 0.3620076 -0.2839223 0.8878922 0.3619827 -0.2839297 0.8617626 0.4280221 -0.272328 0.8380888 0.1963273 0.5089822 0.2691043 -0.09356284 -0.9585556 -0.6993995 -0.1366804 -0.7015404 -0.5046474 -0.6760053 -0.5369803 -0.6994611 -0.1366958 -0.701476 0.2691245 -0.0935375 -0.9585525 -0.8530917 0.1756643 -0.4913009 -0.4712501 -0.1824871 0.8629148 0.04939699 -0.06573396 0.9966139 0.1762443 -0.05342459 0.9828957 0.1970144 -0.05746603 0.978715 0.1762284 -0.05342245 0.9828985 0.04940462 -0.06574493 0.9966127 0.006526529 0.006077647 -0.9999603 0.1656106 0.3280676 -0.9300241 0.1465842 0.1461876 -0.9783365 0.7595191 0.2315379 -0.6078824 0.1466174 0.1461375 -0.978339 0.1655974 0.3281028 -0.930014 -0.9267563 0.2257136 -0.3002937 -0.9607806 0.2653159 -0.08067339 -0.7017124 0.3451154 -0.6232938 0.04941087 -0.06573241 0.9966132 -0.009052753 -0.03325027 0.999406 0.196994 -0.05748254 0.9787181 -0.2847948 -0.4123497 -0.8653668 0.04549324 -0.7279478 -0.6841217 0.01859813 0.4964231 -0.8678815 0.6775383 -0.2099574 -0.7048828 -0.2848356 -0.4123721 -0.8653427 0.01858168 0.4963923 -0.8678995 0.165621 0.3280542 -0.930027 -0.03565466 0.5417675 -0.8397719 0.9194746 0.2660729 -0.2894335 0.3489792 -0.501329 0.7917594 0.6775286 -0.2099866 -0.7048835 0.03389662 -0.5181117 -0.8546411 0.3490155 -0.5012794 0.7917747 0.03398436 -0.5182446 -0.8545571 0.7367201 -0.649689 0.1874775 0.1970316 -0.0574429 0.9787129 -0.3650155 -0.03638488 -0.9302903 0.8550428 0.2944741 -0.4268337 -0.3278821 0.6723947 -0.6636105 0.8550624 0.2944257 -0.4268277 -0.3650649 -0.03636598 -0.9302716 -0.841531 0.3375054 0.4218005 -0.3279326 0.6723975 -0.6635826 -0.7063284 0.03935647 0.7067894 -0.3650594 -0.03642177 -0.9302716 -0.7063344 0.03933006 0.7067849 -0.3279205 0.6723759 -0.6636104 -0.1027584 -0.1581869 -0.9820477 0.09902733 0.002914786 -0.9950805 0.1726697 -0.2790024 -0.944639 0.1727181 -0.2789966 -0.9446319 0.09905719 0.002900779 -0.9950776 0.5000646 -0.151409 -0.8526492 -0.1027688 -0.1581799 -0.9820478 0.006525218 0.006028115 -0.9999606 0.09902888 0.002900302 -0.9950804 -0.5267368 -0.1229677 -0.8410869 0.006504118 0.006008446 -0.9999608 -0.1027621 -0.1581839 -0.9820479 0.9312281 0.01221048 0.3642323 -0.1961959 0.002341687 0.9805619 0.7120019 -0.4942057 0.4988128 -0.2110635 -0.6919372 0.6904167 0.7120156 -0.4941812 0.4988174 -0.1961159 0.002372264 0.980578 0.7120025 -0.4941979 0.4988197 0.3784461 -0.5544669 -0.7411783 0.9312281 0.01217412 0.3642336 0.7071233 -7.0473e-4 -0.70709 0.9312435 0.01213413 0.3641955 0.3784682 -0.5544238 -0.7411991 -0.268616 -0.589551 0.7617579 0.3490049 -0.5013293 0.7917477 0.4440339 -0.2103351 0.8709725 0.3783859 -0.55448 -0.7411991 -0.8126301 -0.4156898 -0.4084539 0.7071233 -6.8441e-4 -0.7070899 -0.2520506 0.007273435 0.9676867 0.7071094 -7.3391e-4 -0.7071038 -0.8126541 -0.4156483 -0.4084482 -0.812654 -0.415635 -0.4084618 -0.2110689 -0.6919195 0.6904329 -0.2520508 0.007383227 0.9676858 -0.1961162 0.002346932 0.9805779 -0.2520769 0.00732547 0.9676795 -0.2110128 -0.6919526 0.6904167 0.942103 -0.1482731 0.300761 -0.8215833 -0.2099428 0.5300235 0.7572957 0.2123172 0.6175959 0.9421017 -0.14822 0.3007912 -0.3243448 0.7204282 -0.613012 0.4502633 0.8116545 -0.3721289 0.9421015 -0.1482065 0.300798 0.4502453 0.8116754 -0.3721053 0.9998963 -8.26676e-4 0.0143845 0.0339455 -0.5180921 -0.854651 -0.0110861 -0.5069307 0.8619155 0.5538309 -0.3136606 0.7712902 0.03391814 -0.5181506 -0.8546166 0.5538337 -0.3136153 0.7713066 -0.652897 -0.5000842 -0.568895 -0.8144418 -0.5343953 0.2260667 -0.4832115 -0.5797461 -0.6560497 -0.839062 -0.4758768 -0.2636595 -0.8144567 -0.5343717 0.2260692 -0.8390474 -0.4758875 -0.2636864 -0.1413625 -0.2270658 0.9635652 0.5713416 -0.664555 -0.4815969 0.3490442 -0.5013194 0.7917369 0.736756 -0.6496794 0.1873695 0.5713107 -0.6645816 -0.4815967 0.7367439 -0.6496843 0.1873999 0.6093783 -0.5994964 -0.5189048 0.6775484 -0.2099673 -0.7048702 -0.2686569 -0.5894964 0.7617858 -0.01108914 -0.5068264 0.8619769 0.6775371 -0.2099037 -0.7049 -0.01108402 -0.5069459 0.8619067 0.03392207 -0.5181989 -0.8545872 -0.2686522 -0.5895724 0.7617287 0.677553 -0.20993 -0.7048769 0.03397589 -0.5181697 -0.8546028 -0.2686464 -0.5895665 0.7617351 0.03395903 -0.5181055 -0.8546423 -0.01107531 -0.5068957 0.8619363 -0.6188203 -0.7845497 0.03928589 0.6775835 -0.2099973 -0.7048275 0.03395968 -0.5181822 -0.8545958 -0.6187487 -0.7846048 0.03931409 0.03393799 -0.5181785 -0.8545989 -0.8144442 -0.5343895 0.2260721 0.6775322 -0.2099419 -0.7048934 0.348968 -0.5013334 0.7917615 0.7367237 -0.6497037 0.1874126 0.6775822 -0.2099443 -0.7048445 0.736715 -0.6497145 0.1874092 0.03390878 -0.5181531 -0.8546155 -0.5046831 -0.67606 -0.5368779 0.6775227 -0.2099147 -0.7049105 0.03392928 -0.5181665 -0.8546066 -0.5046508 -0.6760555 -0.5369139 0.03389877 -0.5181778 -0.8546009 -0.4831916 -0.5797466 -0.6560639 0.03393167 -0.5181404 -0.8546223 0.6094089 -0.5994582 -0.518913 0.428429 -0.5699647 -0.701134 0.03392368 -0.5181739 -0.8546023 0.4284538 -0.5699558 -0.701126 -0.6528442 -0.5001106 -0.5689322 -0.618734 -0.7846167 0.03930717 -0.5046603 -0.6760447 -0.5369186 -0.4831769 -0.5798044 -0.6560236 -0.6187043 -0.784639 0.03932821 -0.4831644 -0.579795 -0.6560412 -0.8144528 -0.5343813 0.2260606 0.6775778 -0.2099744 -0.7048398 0.5713042 -0.6645694 -0.4816212 0.6093663 -0.5995089 -0.5189045 0.677556 -0.2099623 -0.7048643 0.6093726 -0.5995249 -0.5188786 0.03393983 -0.5181603 -0.85461 -0.4831976 -0.5797777 -0.656032 0.03394186 -0.5181639 -0.8546077 -0.6528299 -0.5001423 -0.5689207 -0.4831596 -0.5798261 -0.6560172 -0.6528278 -0.5001699 -0.568899 -0.8390586 -0.4758904 -0.263646 0.6229558 0.1621973 0.7652568 0.9133557 -0.1359335 0.3838013 0.9684615 0.0805754 -0.2357756 -0.9890353 0.09093648 -0.1163615 -0.9129139 -0.0172168 0.4077889 -0.7852225 0.1834673 0.5914097 -0.5691732 0.09553807 0.8166483 0.8380662 0.1964072 0.5089886 0.7572977 0.2122634 0.617612 0.7573114 0.2122802 0.6175893 -0.8215748 -0.2099695 0.5300262 -0.5691564 0.09558564 0.8166544 -0.5691593 0.09559166 0.8166517 -0.8215937 -0.2098888 0.5300288 -0.9607812 0.265309 -0.08068925 0.9421066 -0.1482253 0.3007732 0.7572778 0.2122892 0.6176276 0.8739624 0.4029673 -0.271675 0.873977 0.402952 -0.2716504 0.9194687 0.2660727 -0.2894527 0.9421012 -0.1481918 0.3008067 -0.4313569 0.3847617 -0.8160206 -0.3242974 0.720426 -0.6130397 -0.5575646 0.4370217 -0.7057859 -0.7016757 0.3451478 -0.6233171 -0.3243012 0.7204261 -0.6130376 -0.4313728 0.3847777 -0.8160048 0.8739746 0.4029629 -0.271642 0.7572868 0.2123205 0.6176058 0.8617701 0.4280087 -0.272325 -0.5575672 0.4370143 -0.7057885 -0.03568971 0.5417374 -0.8397899 0.1655914 0.3281333 -0.9300044 0.1655943 0.3280698 -0.9300262 -0.2100259 0.2133144 -0.9541416 -0.5575573 0.4369989 -0.7058058 0.8617683 0.4280161 -0.2723194 0.7572734 0.2123192 0.6176224 0.8380749 0.1963519 0.5089954 -0.9607827 0.2652983 -0.08070719 -0.8215985 -0.2098854 0.5300229 -0.324312 0.7203994 -0.6130632 -0.3242969 0.720475 -0.6129825 -0.701671 0.3452032 -0.6232917 -0.9607817 0.2653136 -0.08066856 0.9194756 0.2660775 -0.2894262 -0.03565859 0.5417124 -0.8398073 -0.324321 0.7203951 -0.6130635 -0.3243327 0.7203938 -0.6130588 0.942096 -0.1482469 0.300796 0.9194737 0.2661003 -0.289411 0.9504005 -0.2856793 -0.1229891 0.4440604 -0.2103314 0.8709598 0.348994 -0.5013794 0.7917209 -0.9132537 -0.3055698 -0.2694343 0.2691277 -0.09358477 -0.958547 -0.5046647 -0.6760259 -0.5369381 -0.5046793 -0.6760399 -0.5369068 -0.6187334 -0.7846149 0.0393511 -0.9132555 -0.3055831 -0.2694135 -0.7433685 0.6571652 0.1246486 0.7487561 0.4593774 0.477846 -0.9901849 0.06379187 0.1243567 0.1537104 0.8038969 0.5745632 -0.9901862 0.06376487 0.1243602 0.7486876 0.4594051 0.4779269 -0.1403871 0.5411474 0.8291267 0.9723201 0.09270137 0.2144764 -0.01848095 0.8147423 0.5795287 0.9723166 0.09273397 0.2144784 -0.1404216 0.5411898 0.8290931 0.886498 -0.4205867 0.1929458 -0.6699708 -0.6491931 0.3601217 -0.1404312 0.5412174 0.8290735 -0.9882359 0.02795487 0.1503609 -0.9753999 0.1447747 0.166239 -0.9882366 0.02796363 0.1503548 -0.1404228 0.5411446 0.8291224 0.1770893 0.03733074 0.9834866 -0.6699734 -0.6492379 0.3600359 -0.645159 0.761446 0.06300723 -0.9882339 0.02797549 0.1503698 -0.6451409 0.7614598 0.06302583 -0.6699919 -0.6492004 0.3600692 0.8734492 0.4851978 -0.0408622 0.9920092 0.09296137 0.08529871 0.7487289 0.4594002 0.4778667 0.1537292 0.8038959 0.5745597 0.748722 0.4594023 0.4778753 0.9920072 0.09298193 0.0853002 0.2224116 0.9690622 -0.1070129 0.8734499 0.4851963 -0.04086494 -0.7433381 0.6571912 0.1246926 0.7487452 0.459379 0.4778616 -0.7433704 0.6571559 0.1246864 0.8734428 0.4852107 -0.04084736 -0.1404015 0.5412374 0.8290656 -0.01848119 0.8147122 0.5795711 -0.9753962 0.1447924 0.1662448 -0.7433537 0.6571664 0.124731 0.1770915 0.03739011 0.9834839 0.2224197 0.9690638 -0.1069816 0.275997 -0.9519733 0.1325616 0.8864955 -0.4205772 0.192978 -0.6699737 -0.649195 0.3601127 -0.1404669 0.5411416 0.8291169 -0.6699364 -0.6492453 0.3600913 0.8865026 -0.4205585 0.1929863 0.1771454 0.03736311 0.9834753 -0.7433245 0.6571958 0.1247497 -0.6328433 -0.7635562 0.1284192 -0.9901859 0.06378078 0.1243542 -0.6328206 -0.7635692 0.128453 -0.7433515 0.6571689 0.12473 -0.6699756 -0.6491994 0.3601011 0.1771529 0.03742092 0.9834718 0.2759724 -0.9519832 0.1325415 -0.63283 -0.7635669 0.1284208 0.2759811 -0.9519755 0.1325781 0.1772106 0.03729957 0.9834659 -0.6451623 0.7614421 0.06302177 0.2224025 0.9690648 -0.1070075 0.1771879 0.03737455 0.9834672 0.5538477 -0.3136885 0.7712667 -0.1414223 -0.2270941 0.9635497 -0.6528726 -0.5001406 -0.5688734 0.8497824 -0.4601072 0.2572376 -0.652874 -0.5001404 -0.568872 0.4284805 -0.5699408 -0.7011221 -0.1413507 -0.2270826 0.963563 -0.8390706 -0.4758599 -0.2636625 -0.6527877 -0.5001735 -0.5689418 0.8497784 -0.4600697 0.2573186 0.55379 -0.3137021 0.7713025 -0.6528216 -0.5001686 -0.5689073 0.6093707 -0.5995275 -0.5188779 0.7367543 -0.6496806 0.187372 0.8497839 -0.4600778 0.2572856 0.6093716 -0.5994622 -0.5189523 0.849776 -0.4601121 0.2572503 0.428438 -0.5699146 -0.7011693 0.7367074 -0.6497301 0.1873847 -0.01105612 -0.5068957 0.8619366 0.5538275 -0.3136505 0.7712966 0.7366923 -0.6497411 0.1874061 0.553819 -0.3136807 0.7712906 0.8498213 -0.4600289 0.2572492 -0.01104921 -0.5069277 0.8619178 0.03396373 -0.5181241 -0.854631 -0.6528346 -0.5001004 -0.5689522 -0.0110476 -0.5069172 0.8619241 -0.6528409 -0.5001015 -0.5689441 0.5537984 -0.3136667 0.771311 -0.01108127 -0.5068972 0.8619354 -0.814422 -0.5344126 0.2260979 -0.1413422 -0.2270897 0.9635625 -0.01105159 -0.5068745 0.8619491 -0.1413589 -0.2270843 0.9635614 0.5538164 -0.3137037 0.771283 0.7367413 -0.6496905 0.1873891 0.03386706 -0.5181373 -0.8546267 -0.6528342 -0.5001742 -0.5688878 0.7367615 -0.6496582 0.1874216 -0.6528362 -0.5001007 -0.5689502 0.849779 -0.4601134 0.2572383 0.03392285 -0.5182104 -0.8545802 0.7367262 -0.6497081 0.1873871 0.8497988 -0.4600685 0.2572529 0.03390657 -0.518103 -0.854646 0.8497964 -0.4600536 0.2572875 -0.6528364 -0.5001057 -0.5689456 0.03390169 -0.5181622 -0.8546102 -0.8144502 -0.5343984 0.2260295 -0.1413738 -0.227053 0.9635666 0.03387933 -0.5180882 -0.8546561 -0.1413675 -0.2270396 0.9635706 -0.6528128 -0.5001497 -0.5689339 -0.8144255 -0.5344182 0.2260714 0.03390806 -0.5181968 -0.8545891 -0.6528574 -0.5001174 -0.5689111 -0.814441 -0.5343781 0.2261106 -0.6528328 -0.5001335 -0.5689252 -0.1413239 -0.2271059 0.9635614 -0.9957584 0.07605159 0.05178266 0.2026279 -0.7172338 0.6667215 -0.03961104 -0.9475166 0.3172434 -0.9957501 0.07611638 0.05184739 -0.03962475 -0.9474995 0.3172927 -0.9972845 0.07142663 -0.01794224 -0.3243032 0.7204531 -0.6130048 -0.8215801 -0.2099264 0.530035 -0.9957565 0.07606709 0.05179744 -0.3243032 0.7204269 -0.6130355 -0.9957561 0.07606893 0.05180233 0.4502394 0.8116845 -0.3720924 -0.8215845 -0.2099366 0.5300242 0.2026121 -0.7172076 0.6667547 -0.9957591 0.07603371 0.05179524 0.9977175 0.006280183 0.06723433 0.2135119 0.9729961 -0.08770054 0.1395746 0.9865881 -0.084634 0.9977224 0.006270766 0.06716263 0.1395828 0.9865893 -0.0846064 0.985017 0.03113675 -0.1696236 0.2026269 -0.7171829 0.6667767 0.9421041 -0.1482228 0.3007823 0.9998958 -7.97853e-4 0.01441782 0.9420998 -0.1482032 0.3008055 0.2026281 -0.717201 0.6667569 -0.8215966 -0.2099624 0.5299953 0.4502373 0.8117102 -0.3720387 -0.9957549 0.07608646 0.05179852 -0.9972824 0.0714671 -0.01789724 0.4502462 0.8117139 -0.3720201 -0.9972839 0.07145041 -0.01788026 0.2135484 0.9729908 -0.08766913 0.999896 -8.13156e-4 0.01440685 0.4502385 0.8116732 -0.3721182 0.2135503 0.9729869 -0.08770853 0.9998959 -7.89732e-4 0.01441586 0.21352 0.9729939 -0.08770531 0.9977164 0.006281018 0.06725043 0.2026254 -0.7171627 0.6667988 0.9998963 -8.00401e-4 0.01438593 0.9977171 0.006279528 0.06723988 0.2026298 -0.7172082 0.6667486 0.9977228 0.006240904 0.06715857 -0.03960663 -0.9475131 0.3172546 -0.9314489 0.2602106 -0.254349 0.007167696 -0.8957518 -0.4444968 -0.6955085 -0.6823144 0.2252002 -0.9314429 0.2602199 -0.2543615 -0.6955642 -0.6822461 0.225235 -0.463664 0.3627216 0.8083618 0.2135127 0.972998 -0.08767622 -0.9972836 0.07145267 -0.01789003 -0.9314276 0.2602389 -0.2543982 0.2135136 0.9729941 -0.08771753 -0.931444 0.2602235 -0.2543538 0.1396075 0.9865877 -0.08458596 -0.9972824 0.07145875 -0.01793527 -0.03962296 -0.9475144 0.3172488 0.007177591 -0.8957722 -0.4444556 -0.9972817 0.0714693 -0.01792812 0.007169842 -0.8957502 -0.4445 -0.9314439 0.260254 -0.2543228 -0.03961211 -0.947502 0.3172869 0.9977202 0.006272912 0.06719458 0.985022 0.0311433 -0.1695937 -0.03962862 -0.9475198 0.3172316 0.9850251 0.03112542 -0.1695784 0.007139742 -0.8957808 -0.4444389 0.5836808 -0.7040179 0.4045686 0.7836273 0.3540427 0.5104723 -0.1971923 -0.5444689 0.8152722 0.5836867 -0.7040007 0.4045898 -0.1971948 -0.5445016 0.8152498 -0.3338924 -0.2702295 0.903046 0.1396123 0.9865838 -0.08462095 -0.931432 0.260258 -0.2543628 -0.463639 0.3627287 0.808373 0.1396086 0.9865899 -0.08455675 -0.4636638 0.3627212 0.8083621 0.7836344 0.3540534 0.510454 0.007187247 -0.8957864 -0.4444268 0.9850214 0.03112393 -0.1696006 0.5836642 -0.7040028 0.4046186 0.007181525 -0.8957825 -0.4444345 0.5836917 -0.7039715 0.4046334 -0.6955472 -0.6822555 0.2252591 0.9850182 0.03114008 -0.1696155 0.1395711 0.9865928 -0.08458536 0.7836779 0.3539585 0.5104531 0.9850137 0.03113645 -0.1696423 0.7836268 0.3540309 0.5104814 0.5837205 -0.7039601 0.4046117 0.3164283 -0.4676755 0.8253199 0.128529 -0.1848418 0.9743275 -0.3339099 -0.2702396 0.9030365 0.3163897 -0.4676761 0.8253343 -0.3339017 -0.2702381 0.9030399 -0.1971676 -0.5444648 0.815281 -0.4636569 0.3626865 0.8083816 -0.6955521 -0.6822776 0.2251769 0.128549 -0.1848375 0.9743255 -0.463614 0.3627824 0.8083632 0.1285539 -0.1848602 0.9743207 0.3164166 -0.4676913 0.8253154 -0.6955139 -0.6822982 0.2252327 0.5836972 -0.7039725 0.4046239 -0.3339025 -0.2702224 0.9030443 -0.6955531 -0.6822634 0.2252168 -0.3339068 -0.2702373 0.9030383 0.1285331 -0.1848431 0.9743267 0.7836238 0.3540021 0.5105058 -0.4636926 0.3626918 0.8083588 0.3164025 -0.467665 0.8253358 0.7836512 0.3539971 0.5104674 0.3164148 -0.4676893 0.8253173 -0.1971755 -0.5444923 0.8152607 0.8739705 0.4029384 -0.2716916 0.7595052 0.2315718 -0.6078868 0.9194764 0.2660747 -0.2894261 -0.9830741 -0.1832082 5.351e-4 -0.9830744 -0.1832063 5.51505e-4 0.9830739 -0.1832086 5.57812e-4 0.9830735 -0.183211 5.32572e-4 0.9830744 -0.1832062 5.50232e-4 0.983074 -0.1832087 5.26255e-4 -0.9323737 -0.00539577 0.3614559 -0.5699394 -0.7759566 0.2702974 -0.7297864 -0.5312337 0.4303517 -0.7297881 -0.5312146 0.4303725 -0.7885599 0.121097 0.602917 -0.932375 -0.005385935 0.3614525 0.7574749 -0.5437049 0.3614095 0.7511466 0.5523886 0.3614493 0.6403448 0.5427279 0.5435118 -0.3317669 0.9041713 0.2690819 0.6403369 0.5427389 0.54351 0.7511431 0.5523903 0.3614541 -0.7487621 0.5439766 0.3787411 -0.9323779 -0.005377769 0.3614451 -0.7885712 0.1210771 0.602906 -0.7885503 0.1210234 0.6029443 0.8259462 0.4976149 0.2649388 -0.7885284 0.1210609 0.6029654 -0.730256 -0.5305634 0.430382 -0.4626669 -0.6524213 -0.6002383 -0.4626271 -0.6524763 -0.6002091 -0.8370559 0.06266802 -0.5435164 -0.7885823 0.1211357 0.6028799 0.7140383 -0.4413084 0.5435037 0.6403566 0.5427089 0.5435168 0.7140383 0.4412755 -0.5435303 0.6403568 0.5427203 0.5435052 -0.3317097 0.9042032 0.2690455 -0.06762629 0.8861246 -0.4584866 -0.06760513 0.8861179 -0.4585027 0.7140278 0.4413097 -0.5435164 0.6403275 0.5427298 0.5435304 -0.3317275 0.9041889 0.2690711 -0.7885648 0.1210618 0.6029176 -0.8370443 0.0627017 -0.5435305 -0.8370626 0.06267625 -0.5435052 -0.06764876 0.8861392 -0.458455 -0.3317091 0.9042146 0.2690079 0.7058559 -0.6138754 -0.3534467 -0.2590314 -0.9321937 -0.2528198 -0.4626759 -0.6524319 -0.6002196 0.5088464 -0.3696611 -0.7774485 -0.1349672 -0.8575552 -0.49637 -0.8139314 0.01408487 -0.5807904 0 -1.29354e-7 -1 0.5088039 -0.3697194 -0.7774486 -0.8139309 0.01411694 -0.5807903 -0.5699495 -0.7759491 0.2702975 -0.9323781 -0.005388915 0.3614443 -0.8139064 0.0141077 -0.5808247 -0.8139105 0.01411861 -0.5808189 -0.1349911 -0.8575666 -0.4963437 -0.5699587 -0.7759388 0.2703077 -0.9323602 -0.005349934 0.3614913 -0.7487555 0.54398 0.3787493 -0.4903187 0.4151375 -0.7663214 -0.4903059 0.4151554 -0.76632 -0.8139101 0.01411956 -0.5808194 -0.9323763 -0.005372881 0.3614494 0.7511507 0.5524227 0.3613891 0.7574765 -0.5436792 0.3614451 0.5088441 -0.3696894 -0.7774365 0.7575023 -0.5436779 0.3613926 -0.5699641 -0.7759302 0.2703208 -0.1349776 -0.8575628 -0.4963539 -0.1349541 -0.8575527 -0.4963777 0.5088614 -0.3696914 -0.7774242 0.7574653 -0.5436919 0.3614489 0.122856 0.4946231 -0.8603804 -0.2727267 0.4331299 -0.8590801 0.02468639 0.6105881 -0.7915635 0.12286 0.4946242 -0.8603792 0.02468413 0.610585 -0.791566 0.02426791 0.5633413 -0.8258679 0.419768 -0.009762942 -0.9075791 -0.6640271 -0.1205385 -0.7379285 -0.6318877 0.7539033 -0.1798548 0.4197257 -0.009771406 -0.9075984 -0.6318849 0.7539082 -0.1798447 0.5706438 0.8151228 0.09970235 0.6364261 -0.7589483 0.1376931 -0.4563863 0.03662878 0.8890276 -0.5934991 -0.8025552 0.06053251 0.6364139 -0.7589581 0.1376956 0.6426238 0.1393307 0.7534067 -0.4563651 0.0366609 0.889037 0.4197824 -0.009791553 -0.907572 -0.5934994 -0.8025606 0.06045687 -0.6640082 -0.1205706 -0.7379404 0.5706329 0.8151345 0.09966892 -0.4564473 0.03664594 0.8889955 0.6426633 0.1393405 0.7533712 -0.6318451 0.7539609 -0.1797636 -0.5934465 -0.8025946 0.06052529 -0.4564379 0.036614 0.8890017 0.5706503 0.8151224 0.0996685 0.6364468 -0.7589224 0.1377404 0.4197606 -0.009777784 -0.9075822 0.5297803 0.2242507 -0.8179514 -0.4976649 -0.2454038 -0.8319295 -0.48229 0.8693501 -0.1078272 0.5297871 0.2242517 -0.8179467 -0.4822596 0.8693697 -0.1078054 0.8025479 0.5909001 0.08218318 0.4960596 -0.8627223 0.09815967 -0.5522213 -0.2215763 0.8037137 -0.7620703 -0.6457121 0.04800945 0.4960807 -0.8627092 0.0981673 0.4151837 0.3820096 0.825646 -0.5522038 -0.2215808 0.8037244 -0.4977364 -0.245428 -0.8318797 0.496085 -0.8627049 0.09818452 -0.7620589 -0.6457328 0.04791021 -0.4822416 0.8693777 -0.1078219 0.4150828 0.3820021 0.8257002 0.8025588 0.5908828 0.0822016 -0.4822522 0.8693705 -0.1078328 -0.7620598 -0.6457284 0.04795736 -0.5522471 -0.221612 0.8036861 0.8025557 0.5908943 0.08214801 0.4960751 -0.862713 0.09816241 0.5298135 0.2242506 -0.8179299 0.4506317 -0.6410079 -0.6213212 -0.6897121 -0.6019344 -0.4024577 -0.6160009 0.4214648 -0.6655152 0.4507078 -0.6409597 -0.6213157 -0.616041 0.4213857 -0.6655281 0.5511715 0.6296496 -0.5474957 0.6287713 -0.4509661 0.6334637 -0.4964646 0.6476424 0.5779986 -0.5837038 -0.511126 0.6309041 0.6287445 -0.4510148 0.6334556 0.6915508 0.6152398 0.3784675 -0.4964102 0.6476878 0.5779944 0.4507082 -0.6410068 -0.6212669 -0.583682 -0.5111584 0.6308982 -0.6897705 -0.6018823 -0.4024356 0.551205 0.6296141 -0.5475027 -0.4964758 0.6476141 0.5780206 0.6916089 0.6151788 0.3784603 -0.6160553 0.4213446 -0.6655408 -0.5836842 -0.5111262 0.6309222 -0.4965081 0.6475992 0.5780097 0.5511854 0.6296324 -0.5475013 0.6287941 -0.4509639 0.6334425 0.4506677 -0.6409752 -0.6213288 0.565187 -0.3905137 -0.7266793 -0.5286942 -0.7735534 -0.349425 -0.4538444 0.5277248 -0.7180055 0.5652445 -0.3904532 -0.726667 -0.4538041 0.5277708 -0.7179971 0.7903953 0.4666393 -0.3968918 0.4773671 -0.5299842 0.7008834 -0.5971006 0.3781535 0.7074396 -0.7619978 -0.4092886 0.5018389 0.4773456 -0.5299799 0.7009013 0.4636344 0.8595964 0.2147959 -0.5971069 0.3781208 0.7074518 -0.5287678 -0.7735018 -0.3494276 0.477397 -0.5299492 0.7008895 -0.7620382 -0.4092345 0.5018216 -0.453831 0.527746 -0.7179983 0.4636069 0.8596048 0.2148217 0.7903763 0.4666953 -0.3968636 -0.4538121 0.5277424 -0.7180129 -0.7620165 -0.4092156 0.5018702 -0.5971052 0.3781094 0.7074595 0.7903789 0.4667071 -0.3968448 0.4774026 -0.5299862 0.7008576 0.5651927 -0.3904905 -0.7266873 -0.04448026 0.8222151 0.5674362 0.7995021 0.4271692 0.4222832 0.4203734 0.8260384 -0.3754288 -0.6432183 0.4051966 0.6496814 -0.5836804 -0.5350905 0.6107336 -0.05038636 -0.8202959 0.5697157 -0.3591099 0.7110691 -0.6045004 -0.6503182 0.4046238 0.6429355 -0.0150302 0.8225829 0.5684468 -0.8227502 -0.5552195 -0.1217108 -0.2047455 -0.4813625 -0.8522731 -0.05626356 -0.820609 0.5687137 -0.3663797 0.712422 -0.5985155 -0.002691209 0.6156592 -0.788008 -0.2129695 -0.4804255 -0.8507851 -0.04068613 0.8232591 0.566206 -0.07099038 -0.819957 0.5680061 0.1936634 -0.07891583 0.977889 0.03743362 0.6144685 -0.7880528 0.4281345 0.8254001 -0.3679887 0.5024643 -0.6068327 -0.6158601 -0.06876182 -0.8213396 0.5662803 0.4941787 -0.6036006 -0.6256626 0.2053475 -0.07959771 0.9754469 -0.03758645 0.8223648 0.5677177 0.4267308 0.8259431 -0.3684005 0.02778083 0.6151698 -0.787905 0.4888662 -0.6030749 -0.6303257 0.4147592 0.8268583 -0.3798422 0.8034657 0.4291099 0.4126835 0.4888666 -0.6030853 -0.6303154 0.8034642 0.4290987 0.412698 0.221876 -0.07891291 0.9718765 -0.6420622 0.4068416 0.649797 -0.05338984 -0.8205974 0.5690075 -0.01379102 0.821979 0.5693508 -0.3666338 0.7110006 -0.6000481 -0.02052062 0.8226439 0.5681865 0.004181265 0.6148948 -0.7885981 -0.821145 -0.5551735 -0.1323 -0.05002099 -0.820712 0.5691483 -0.5922181 -0.5328437 0.6044464 -0.3675382 0.7111595 -0.5993062 -0.2116085 -0.4817734 -0.8503624 -0.8199985 -0.5601563 -0.1175906 -0.04384088 0.8224829 0.5670977 0.1940234 -0.07961452 0.9777609 0.7915531 0.4293515 0.4348575 0.04027169 0.613555 -0.7886244 0.5038279 -0.6069961 -0.6145837 -0.1641376 -0.4842508 -0.8593952 -0.815414 -0.5627545 -0.1356744 -0.5933752 -0.53825 0.5984922 -0.6599168 0.3995589 0.6362881 -0.8154098 -0.562756 -0.1356925 -0.6599195 0.3995482 0.636292 -0.3602823 0.7082071 -0.6071569 -0.0609458 -0.8211559 0.5674405 -0.172334 -0.4826609 -0.8586847 0.5039991 -0.6034071 -0.6179683 0.9942045 -0.0943697 -0.0514965 0.9999455 0.007420599 0.007358551 0.9998186 -0.0188933 -0.002438962 0.999818 -0.01891911 -0.002454936 0.999945 0.007447004 0.007389485 0.99879 0.02631574 0.04154497 0.4748697 0.007162392 0.8800271 -0.4903082 0.4393469 0.7527099 -0.5511547 -0.7904077 0.2673659 0.4749259 0.007116138 0.879997 -0.5511588 -0.7904033 0.2673704 0.7960374 -0.5925986 0.1230911 0.5544574 0.7888658 -0.2650811 -0.4925449 -0.003806293 -0.8702787 -0.7273721 0.6313037 -0.2690458 0.5544745 0.788851 -0.2650889 0.3812642 -0.5651748 -0.7315841 -0.4925631 -0.003848075 -0.8702682 -0.4902713 0.4393418 0.7527369 0.5545048 0.7888321 -0.2650821 -0.7273962 0.6312649 -0.2690716 -0.5511274 -0.7904279 0.2673619 0.3812918 -0.5651172 -0.7316141 0.7960481 -0.592565 0.1231847 -0.5511464 -0.790424 0.2673346 -0.7274083 0.6312774 -0.2690095 -0.4925782 -0.003872275 -0.8702597 0.7960655 -0.592545 0.1231672 0.5544993 0.7888122 -0.2651528 0.4748813 0.007164835 0.8800207 -0.9938739 0.09710562 0.05277508 -0.999796 0.02019238 -3.86424e-4 -0.9998231 -0.01875621 -0.001397192 -0.9997959 0.02020353 -3.84905e-4 -0.9987902 -0.02588254 -0.04181432 -0.9998235 -0.01873803 -0.001372039 0.4197122 -0.009772479 -0.9076046 0.6364123 -0.7589487 0.1377544 -0.5934694 -0.8025806 0.06048655 0.5706797 0.8150944 0.09972995 -0.6318854 0.753916 -0.1798096 -0.4563553 0.03659528 0.8890448 -0.6318482 0.7539525 -0.1797876 -0.6639735 -0.1205006 -0.7379829 -0.5934908 -0.8025653 0.06047886 0.5706583 0.8151146 0.09968566 0.6425936 0.1393332 0.753432 0.6364414 -0.7589374 0.1376834 -0.4976678 -0.2454086 -0.8319264 0.5297918 0.2242684 -0.8179391 0.4961109 -0.8626987 0.09810817 -0.4823207 0.8693417 -0.1077585 -0.5522657 -0.2216174 0.8036719 0.4151 0.3820035 0.8256908 -0.4822562 0.8693717 -0.1078057 -0.4976871 -0.2453539 -0.8319309 -0.7620259 -0.6457695 0.04794162 0.8025438 0.590901 0.08221679 0.4151487 0.3820025 0.8256668 0.4961138 -0.8626863 0.09820038 0.4506226 -0.6410111 -0.6213245 0.6287895 -0.4509512 0.6334562 -0.5836921 -0.5111466 0.6308984 0.5511993 0.6296265 -0.5474942 -0.6160159 0.4214202 -0.6655294 -0.4965425 0.6476233 0.577953 -0.6160473 0.4214231 -0.6654986 -0.6897473 -0.6018564 -0.4025141 -0.5836877 -0.5111433 0.6309051 0.5511914 0.6296128 -0.547518 0.6916154 0.6151528 0.3784908 0.6287884 -0.4509598 0.6334514 -0.5287509 -0.7735105 -0.349434 0.5651903 -0.3904958 -0.7266864 0.477378 -0.5299844 0.7008758 -0.4538348 0.5277411 -0.7179995 -0.5971114 0.378093 0.7074629 0.4636474 0.8595938 0.2147781 -0.4538522 0.5277298 -0.7179968 -0.5287355 -0.7735378 -0.3493967 -0.7620149 -0.4092972 0.5018057 0.7903944 0.4666538 -0.3968765 0.4636501 0.8595857 0.2148051 0.4773842 -0.5299502 0.7008975 -0.4902907 0.4393672 0.7527095 0.4748823 0.007132291 0.8800205 0.5544607 0.7888399 -0.2651513 -0.5511856 -0.7903953 0.2673385 -0.4926142 -0.003835797 -0.8702394 0.3813378 -0.5651594 -0.7315574 -0.5511435 -0.7904173 0.26736 -0.4903033 0.439331 0.7527224 -0.7274112 0.6312756 -0.2690059 0.7960677 -0.5925389 0.123183 0.3813139 -0.5651908 -0.7315457 0.5545066 0.7888438 -0.2650431 0.04830539 0.3775739 0.9247187 0.02663439 0.3782664 0.9253137 -0.01358276 0.4282377 0.9035641 -0.01357328 0.4282512 0.9035578 -0.005488514 0.2629672 0.9647893 0.04828399 0.3775754 0.9247192 -0.4764711 0.2620692 0.8392229 -0.4685637 0.459361 0.7546097 -0.4884392 0.5889092 0.6439048 -0.03028553 0.2735731 0.9613744 -0.1466675 0.1620209 0.9758268 -0.2111056 -0.09073042 0.9732433 -0.07544481 0.4768079 -0.8757639 0.02661919 0.3782858 0.9253062 0.04832744 0.3775672 0.9247202 -0.03551763 0.3811133 0.9238459 -0.1648545 0.04027193 0.9854955 0.03592503 0.4041777 -0.9139748 -0.06707042 0.3695569 -0.9267844 0.03846544 0.2258901 -0.9733931 -0.0754317 0.4767792 -0.8757806 -0.07545548 0.4767906 -0.8757723 -0.03276902 0.32139 -0.9463798 -0.06706833 0.3695751 -0.9267774 -0.07543873 0.4767636 -0.8757885 0.03846675 0.225887 -0.9733937 0.04830652 0.377574 0.9247186 0.04825448 0.3775861 0.9247164 0.0384888 0.2259101 -0.9733875 -0.06708997 0.3695648 -0.9267798 -0.1026696 0.09617274 0.9900555 -0.008461713 -0.3797436 0.9250532 0.05863195 -0.4780397 0.8763791 0.05860054 -0.4780277 0.8763878 0.06836003 -0.2198459 0.9731366 -0.1026653 0.09618633 0.9900546 0.5511422 -0.08003294 0.8305643 0.4897199 -0.3707348 0.7891326 0.5012773 -0.5943538 0.6288598 -0.04109203 0.1826021 0.9823278 0.2249891 -0.121205 0.9667932 0.3619439 0.2007922 0.9103182 -0.04184705 0.1774615 0.9832376 -0.04586875 0.3179333 0.947003 0.06973534 0.1384193 0.9879156 0.06974828 0.1384252 0.9879138 -0.0690875 0.3126615 0.9473488 -0.04185974 0.1774592 0.9832376 0.06977814 0.1384282 0.9879113 -0.008473277 -0.3797296 0.9250587 -0.1027184 0.09616327 0.9900513 -0.1027059 0.09617686 0.9900513 -0.06911331 0.3126761 0.9473421 0.06970852 0.1383934 0.9879211 -0.03205275 0.09344762 0.9951082 0.3055122 0.03271889 0.9516259 0.01778012 0.1839294 0.9827787 -0.04184359 0.1774817 0.9832341 -0.06909978 0.3126544 0.9473503 -0.102678 0.09616172 0.9900557 -0.05321544 0.6549965 0.7537558 0.7962954 0.312874 0.51771 0.4280871 0.8900001 -0.1569756 -0.6480969 0.2284065 0.7264991 -0.5857959 -0.6712913 0.4541049 -0.0560286 -0.9354322 0.3490381 -0.3582952 0.8395931 -0.4082992 -0.6521735 0.2312247 0.7219452 -0.03161048 0.6549337 0.7550249 -0.8217161 -0.506884 -0.2604827 -0.1898602 -0.2543905 -0.9482819 -0.0602613 -0.9354459 0.3482953 -0.3636283 0.839518 -0.4037128 0.01768332 0.7927954 -0.6092314 -0.1959334 -0.2537733 -0.9472114 -0.05051916 0.6560433 0.7530306 -0.07119727 -0.9348533 0.3478222 0.1717067 -0.3231892 0.9306265 0.0471245 0.7918376 -0.6089109 0.4322095 0.8889874 -0.1513153 0.5167973 -0.4239549 -0.7437626 -0.06952774 -0.9354972 0.346426 0.5091322 -0.4206712 -0.7508795 0.1801525 -0.3234511 0.9289374 -0.0480622 0.6549659 0.7541284 0.4328302 0.88859 -0.1518741 0.04022985 0.7922707 -0.6088421 0.5081778 -0.4169743 -0.7535833 0.4200104 0.8934064 -0.1594249 0.7971341 0.3196804 0.5122321 0.5081695 -0.4170014 -0.753574 0.7971387 0.3197091 0.512207 0.1929962 -0.3214979 0.9270338 -0.6462793 0.2314739 0.7271471 -0.05816918 -0.9355293 0.3484271 -0.0308156 0.654297 0.7556097 -0.3637314 0.8387359 -0.4052428 -0.03564274 0.6550109 0.7547784 0.02273267 0.792289 -0.6097224 -0.8205178 -0.5049048 -0.267996 -0.05568408 -0.9355936 0.3486604 -0.5933619 -0.6670904 0.4504578 -0.3658238 0.8381041 -0.4046662 -0.1948501 -0.2548506 -0.9471455 -0.8182688 -0.5130422 -0.2592757 -0.05280661 0.6552013 0.7536065 0.1723824 -0.3231952 0.9304995 0.7893599 0.3143998 0.5273177 0.04934906 0.7911733 -0.6095978 0.5163436 -0.4251818 -0.7433773 -0.1598677 -0.2550835 -0.9536114 -0.813614 -0.5134537 -0.2727593 -0.5916443 -0.6725934 0.4444944 -0.6612222 0.2257717 0.7154107 -0.8136139 -0.5134668 -0.272735 -0.6611874 0.2256911 0.7154683 -0.3625532 0.836382 -0.4111208 -0.06370806 -0.9356057 0.347251 -0.1659122 -0.254194 -0.9528163 0.5163526 -0.4221044 -0.7451227 0.05487906 -0.09718501 -0.9937522 -0.2717823 0.179695 -0.9454333 -0.216632 0.0838384 -0.9726467 -0.0287075 -0.2635295 -0.9642241 0.043621 -0.1009791 -0.9939318 -0.2182094 0.08374929 -0.9723018 0.04105037 -0.22168 -0.974255 0.00484997 -0.09687769 -0.9952846 -0.003447294 -0.2505897 -0.9680873 -0.03154027 0.2346578 -0.9715663 0.07300162 0.1989622 -0.9772844 0.02239799 -0.09886884 -0.9948484 -0.05339914 0.06330025 -0.996565 0.2681451 -0.1844668 -0.9455528 0.1876406 -0.1296554 -0.973643 0.003498375 0.1759711 -0.9843892 -0.04638355 0.06693363 -0.9966787 0.1920747 -0.1297522 -0.972765 0.003229498 0.1433796 -0.9896625 0.003611505 0.05698633 -0.9983685 0.02697962 0.1725996 -0.9846225 -0.005038976 -0.2005416 -0.9796723 -0.1134103 -0.1271529 -0.9853783 -0.02598845 0.0642032 -0.9975984 0.2535964 -0.1797991 0.9504532 -0.0319634 0.09987419 0.9944866 0.2296443 -0.08864372 0.9692296 0.02127724 0.2640066 0.9642862 -0.0412079 0.09970158 0.9941638 -0.02058994 0.2466844 0.9688771 5.38558e-4 0.09707766 0.9952767 -0.03657454 0.2109973 0.9768021 0.003750264 0.2474799 0.9688858 -0.0678448 -0.1953667 0.9783808 0.03402477 -0.2378554 0.9707044 -0.02131301 0.09995537 0.9947636 -0.2503798 0.1848067 0.9503455 0.02617269 -0.04981589 0.9984155 -0.213216 0.1327991 0.9679377 0.01756012 -0.1842737 0.9827181 0.04399621 -0.04723894 0.9979143 0.02647113 -0.16459 0.9860068 -0.01115828 -0.04623109 0.9988685 -0.006003141 -0.1560807 0.9877261 -0.02464586 -0.1655796 0.9858885 0.07379287 0.1893283 0.9791372 -0.03378999 0.2570767 0.9658001 0.01721632 -0.04958719 0.9986215 0.01899427 0.03042423 -0.9993567 -0.2845922 0.3096588 -0.9072589 -0.2234554 0.2118968 -0.951403 -0.03778088 -0.1356397 -0.9900377 0.01900529 0.03039449 -0.9993574 -0.2234726 0.2118825 -0.951402 -0.01917475 0.221321 -0.9750126 0.2213608 0.2653124 -0.9384076 0.161037 0.2781851 -0.946932 0.07442557 -0.05781757 -0.9955491 -0.0147016 0.2206338 -0.975246 0.05936235 -0.06223058 -0.996295 0.03475338 -0.06106412 -0.9975287 0.01698344 0.0306819 -0.999385 0.01107978 -0.1187565 -0.9928617 0.002069473 0.2175641 -0.9760439 0.09121268 0.3123678 -0.9455721 0.02076756 0.03039693 -0.9993222 -0.02180123 0.1959001 -0.9803815 0.2829019 -0.06741803 -0.9567766 0.1994983 -0.002808034 -0.9798942 0.02107626 0.3030021 -0.9527568 -0.02177983 0.195903 -0.9803814 0.1995255 -0.002824306 -0.9798886 0.02843797 0.08075052 -0.9963286 -0.1975636 0.1008015 -0.9750937 -0.1476803 0.06840062 -0.9866672 -0.07174712 0.3155654 -0.9461876 0.0200988 0.0815463 -0.996467 -0.04512649 0.2684792 -0.9622279 0.01214313 0.2622835 -0.9649145 0.02403622 0.1871252 -0.982042 0.03098797 0.2956704 -0.9547873 -0.005423486 0.08493185 -0.996372 -0.1177685 2.93659e-4 -0.993041 -0.02581822 0.1959919 -0.9802656 0.2707087 -0.3134298 0.910208 -0.01776677 -0.03049075 0.9993772 0.2346077 -0.2154408 0.9479159 0.0356577 0.1387729 0.9896821 -0.0177865 -0.0305202 0.9993759 -0.01122182 0.1178901 0.9929633 0.03194522 -0.2215785 0.9746192 -0.2324115 -0.2540529 0.9388515 -0.04331111 -0.125518 0.9911456 0.03284436 -0.2166263 0.975702 -0.06972891 0.05950093 0.99579 -0.05888557 0.06465834 0.9961686 0.003976106 -0.03114181 0.9995071 -0.02638626 0.05970436 0.9978673 -0.01211136 0.1179058 0.9929509 -0.08052986 -0.3042708 0.9491756 0.02321493 -0.2184338 0.9755756 -0.01909869 -0.03047943 0.9993529 -0.2687572 0.06957989 0.9606916 0.0153104 -0.180775 0.9834054 -0.2216475 0.004275739 0.9751176 -0.01547569 -0.3095608 0.9507537 0.01531046 -0.1807676 0.9834067 0.008138239 -0.2920748 0.9563609 -0.03305643 -0.0279693 0.9990621 0.2339563 -0.002266943 0.9722446 0.04325526 -0.1372832 0.989587 -0.03558409 -0.03310543 0.9988182 0.06705081 -0.3171865 0.94599 0.04065507 -0.2731751 0.9611049 -0.02971029 -0.1746032 0.9841907 -0.01479059 -0.2732375 0.9618329 -0.02987003 -0.2915238 0.9560971 0.08407592 0.04592877 0.9954003 -0.02454698 -0.03146922 0.9992033 0.01723462 -0.1808815 0.9833539 0.03451377 -0.09894073 -0.9944946 0.07803976 0.1930439 -0.9780817 -0.2678954 0.1835222 -0.9458075 -0.02416479 -0.2634847 -0.964361 0.0192269 -0.2480843 -0.9685477 0.03431797 -0.09875386 -0.99452 0.06003093 -0.2217509 -0.9732537 0.02458858 0.2386191 -0.970802 0.0038293 -0.09922581 -0.9950577 -0.04061323 0.2524272 -0.9667633 0.1023855 0.3698497 -0.923433 0.05362546 0.2117959 -0.9758417 -0.03789734 0.06443339 -0.9972022 -0.1124089 -0.1188892 -0.9865241 0.2648627 -0.1889972 -0.9455834 -0.008684456 0.1724489 -0.9849802 -0.02562648 0.1695439 -0.9851894 -0.05251395 0.06213152 -0.9966856 -0.02418553 0.1447698 -0.9891697 -0.05331099 -0.1992264 -0.9785023 -0.004442811 0.06406003 -0.9979362 -0.007393896 -0.2000996 -0.9797477 -0.2065927 -0.2376273 -0.9491327 -0.1148748 -0.1273733 -0.9851801 0.2492928 -0.17366 0.9527305 -0.07862275 -0.1939503 0.9778557 -0.05020081 0.1004573 0.9936741 0.02962881 0.2671023 0.9632126 0.2300631 -0.08865284 0.9691293 -0.0281763 0.100606 0.9945274 -0.01515614 0.1001023 0.9948617 0.01506209 -0.23981 0.970703 -0.0670917 0.2193 0.973348 -0.05999857 -0.2166547 0.9744029 -0.1034882 -0.3711651 0.922782 0.04221886 -0.2539542 0.9662944 -0.2466619 0.1793944 0.9523527 0.08411157 0.1878439 0.9785909 0.04315894 -0.05047965 0.9977922 -0.007799506 -0.1831297 0.9830579 -0.2142793 0.1328973 0.9676895 0.02444213 -0.05024021 0.9984381 0.0097391 -0.04954904 0.9987242 -0.01488757 0.2591047 0.9657346 0.03678989 -0.1515615 0.9877629 0.06831794 0.2076365 0.9758176 0.1293779 0.353841 0.9263142 -0.03985065 0.2707012 0.9618383 0.01900565 0.03039753 -0.9993572 0.0740869 0.3015975 -0.9505526 -0.2846099 0.3096601 -0.9072529 -0.03778684 -0.1356344 -0.9900382 0.01015985 -0.1187451 -0.9928729 0.01900452 0.03041189 -0.9993569 -0.02945399 0.2206752 -0.9749026 0.04251021 0.1268838 -0.9910063 0.1904527 0.2801834 -0.940864 0.04178917 -0.0615909 -0.9972263 0.04187458 0.1223042 -0.991609 -0.03411394 0.218937 -0.9751424 0.03085696 -0.05974495 -0.9977367 -0.02826321 0.2204876 -0.9749802 -0.009929358 0.03099071 -0.9994704 -0.02390402 0.2195491 -0.9753086 0.1421902 0.2746839 -0.950963 0.0795778 0.3035429 -0.9494889 -0.02262425 0.1959362 -0.9803557 -0.09140068 0.01352435 -0.9957224 0.2829234 -0.06739991 -0.9567714 0.02108561 0.3030042 -0.9527559 -0.007042884 0.2961991 -0.9551002 -0.02178841 0.1958912 -0.9803836 0.03327345 0.08077037 -0.9961772 -0.03489851 0.189381 -0.9812834 -0.1866561 0.08997404 -0.9782966 -0.03952908 0.3194089 -0.9467923 -0.0278114 0.19273 -0.9808576 0.03582412 0.08269858 -0.9959306 -0.006216108 0.2682407 -0.9633319 0.0353713 0.08132761 -0.9960597 0.01356965 0.1948353 -0.9807422 -0.01381421 0.09080255 -0.9957731 -0.1754509 0.07427501 -0.9816824 -0.1302326 0.01320368 -0.9913956 0.2707188 -0.3134166 0.9102096 -0.07605272 -0.3026954 0.9500482 -0.01779514 -0.03052473 0.9993756 0.03560006 0.1385442 0.9897163 0.2346158 -0.2154232 0.9479178 -0.01780456 -0.03051507 0.9993758 0.02862197 -0.223651 0.974249 -0.1557512 -0.2826979 0.9464796 -0.2379234 -0.2522331 0.9379611 0.036677 -0.2197191 0.9748735 -0.04316669 -0.1245275 0.9912767 -0.05513209 0.059695 0.9966931 -0.008499443 -0.03115022 0.9994786 0.0341283 -0.2203467 0.9748244 -0.03579682 0.062698 0.9973904 -0.0918954 -0.312525 0.9454541 -0.1431722 -0.2827181 0.9484579 0.01199185 -0.2172628 0.9760395 -0.2687668 0.06956839 0.9606897 0.07720607 0.04438585 0.9960268 0.01530593 -0.1807752 0.9834054 -0.0154798 -0.3095605 0.9507538 -0.2216484 0.004307866 0.9751171 0.01527673 -0.180785 0.983404 -0.02944248 -0.02573341 0.9992352 0.1580422 0.02523171 0.98711 0.2395635 -0.003702342 0.9708737 -0.03833192 -0.02991551 0.9988173 0.0430575 -0.1382749 0.9894576 0.05274754 -0.3176373 0.946744 0.003031611 -0.1802791 0.9836109 -0.03656584 -0.0292676 0.9989027 0.01742768 -0.2735337 0.9617046 0.09480804 0.05415576 0.9940215 0.1464076 0.02412706 0.9889301 -0.01337659 -0.03315812 0.9993606 -8.87886e-4 0.8867332 -0.4622807 -0.9292753 0.01585209 -0.3690475 0.001527786 0.9895743 -0.144015 -0.07213473 -0.9954138 -0.06283408 0.9784898 0.0311672 -0.2039277 0.07734924 -0.8672441 -0.4918382 -8.94845e-4 0.8867216 -0.4623031 0.9784793 0.03112739 -0.2039841 0.4816126 -0.02350318 -0.876069 -0.4159609 -0.02548336 -0.9090254 0.48162 -0.02348983 -0.8760654 -0.07215899 -0.9954138 -0.06280511 -0.4159413 -0.02551418 -0.9090335 -8.70526e-4 0.8867233 -0.4622997 0.4816079 -0.0235216 -0.8760711 -0.07214492 -0.9954159 -0.06278705 -0.9292672 0.01588129 -0.3690668 -0.4159188 -0.02548211 -0.9090446 -0.07215452 -0.9954156 -0.06278061 0.4816246 -0.02348417 -0.876063 0.9784769 0.03115236 -0.2039915 -0.07212698 -0.995415 -0.06282258 0.07735031 -0.8672151 -0.4918893 -0.9292421 0.01582902 -0.3691323 -9.02036e-4 0.8867319 -0.4622833 -0.4159542 -0.02549475 -0.9090282 -0.92926 0.01584827 -0.3690865 -9.16392e-4 0.8867327 -0.4622818 0.001539289 0.9895697 -0.1440472 0.9784854 0.03113907 -0.2039533 0.08285123 0.09101796 0.9923968 -0.2928921 0.1329267 0.9468604 0.005526304 -0.05531644 0.9984536 0.08284908 0.09100872 0.9923979 0.005535364 -0.05534815 0.9984518 -0.001825332 7.592e-5 0.9999983 0.9987939 0.009875237 0.04809755 -0.01127314 -0.9767537 0.2140681 -0.01019686 -0.9997248 0.02113431 -0.05017757 0.776816 -0.6277254 -0.9994577 0.02616006 0.01999735 0.001671671 0.9997672 -0.02151376 0.699687 -0.1860508 0.6897995 0.2916093 0.597437 0.7470161 0.5632535 0.6720855 0.4806731 -0.3494255 -0.9037244 0.2473541 -0.5955151 -0.004364848 0.8033323 0.2916336 0.5974416 0.747003 0.9987946 0.009879112 0.04808253 0.2915922 0.5974568 0.747007 -0.5955393 -0.004416406 0.8033142 -8.89048e-4 0.8867343 -0.4622787 -0.6322051 0.01313304 -0.7746898 -0.004874825 -0.9872487 -0.1591107 -0.07212835 -0.995414 -0.06283682 0.8856686 0.0553404 -0.4610083 -0.05018013 0.7768055 -0.6277384 -8.99985e-4 0.8867295 -0.4622876 0.8856467 0.05533677 -0.461051 0.4816109 -0.02350926 -0.8760699 -0.4772028 0.04738008 0.877515 -0.3494682 -0.903712 0.2473393 0.6997062 -0.1860006 0.6897935 -0.4772044 0.04790675 0.8774856 0.6997016 -0.1860392 0.6897878 0.02197605 0.9062889 0.4220871 -0.4159618 -0.02549052 -0.9090248 0.4816197 -0.02348989 -0.8760656 -0.07216024 -0.9954137 -0.06280618 -0.4159413 -0.02551454 -0.9090335 -9.13203e-4 0.8867235 -0.4622992 0.4816079 -0.02352398 -0.876071 -0.004903018 -0.9872497 -0.1591039 -0.9994572 0.02619826 0.01997554 0.8856833 0.05536311 -0.4609774 -0.05020123 0.7768406 -0.6276932 0.9987923 0.00988239 0.04813057 -0.6322025 0.01317071 -0.7746913 -0.9994562 0.02617996 0.0200535 -0.01129609 -0.9767732 0.2139782 0.5633256 0.672052 0.4806354 -0.9994569 0.02618801 0.02000582 0.2916685 0.597454 0.7469795 0.001685202 0.9997668 -0.02153217 -0.004926502 -0.987246 -0.1591263 0.9987938 0.009860098 0.04810321 -0.01019132 -0.9997242 0.02116274 -0.07214206 -0.9954151 -0.06280457 -0.632233 0.01313817 -0.774667 -0.4159204 -0.02548372 -0.909044 0.02197688 0.9062927 0.4220792 -0.5954595 -0.004350602 0.8033736 -0.4772133 0.04741662 0.8775075 0.02197533 0.9062949 0.4220744 0.563293 0.6720668 0.4806529 -0.01129621 -0.9767718 0.2139841 -0.9994581 0.02618628 0.01994806 0.5632991 0.6720829 0.4806234 0.2915903 0.5973761 0.7470723 0.9987922 0.00987643 0.04813265 -0.5954808 -0.004419624 0.8033574 -0.01128208 -0.976767 0.2140073 -0.05014485 0.7768589 -0.6276749 0.8856744 0.05531054 -0.4610006 -0.9994564 0.02619737 0.02001994 -0.004902541 -0.9872546 -0.1590733 -0.01018804 -0.9997243 0.02115982 -0.9994572 0.02620255 0.01996564 -0.05019903 0.7768307 -0.6277055 0.0017035 0.9997676 -0.02149277 0.9987929 0.009890019 0.04811513 -0.004918038 -0.9872385 -0.1591728 -0.6322222 0.01314067 -0.7746758 0.99879 0.00985682 0.04818004 -0.999457 0.0261752 0.02001422 -0.01017206 -0.9997244 0.02115958 -0.01130288 -0.9767588 0.2140433 0.9987945 0.009886145 0.04808348 0.001680374 0.9997683 -0.0214641 0.29166 0.5973872 0.7470362 -0.07215982 -0.995414 -0.062801 0.4816258 -0.02348971 -0.8760622 0.8856785 0.05532729 -0.4609909 -0.07212984 -0.9954144 -0.06282889 -0.0500878 0.7768271 -0.6277187 -0.6322159 0.01310819 -0.7746813 -9.05108e-4 0.8867314 -0.462284 -0.4159534 -0.02549666 -0.9090284 -0.6322311 0.0131157 -0.7746688 -9.197e-4 0.8867337 -0.4622797 -0.004915058 -0.9872529 -0.1590838 0.8856502 0.05535513 -0.4610419 0.6996772 -0.1860663 0.6898053 -0.3494471 -0.903715 0.2473583 0.2916156 0.5973631 0.7470727 -0.3494637 -0.9037113 0.2473479 -0.4772012 0.04743582 0.8775128 -0.5955163 -0.004340529 0.8033315 0.0219534 0.9062994 0.422066 -0.01125949 -0.9767785 0.2139559 -0.5955157 -0.00441581 0.8033315 0.02196753 0.906288 0.4220896 0.6996762 -0.1860499 0.6898106 0.5633036 0.6720645 0.4806438 0.9989045 0.009872794 0.04574519 -0.01169335 -0.9797059 0.2000991 -0.01025068 -0.9997934 0.01755011 -0.06807798 0.9379838 -0.3399294 -0.9995027 0.02606534 0.01775258 0.001724898 0.9997584 -0.02191627 0.6996897 -0.1860503 0.6897969 0.2920132 0.5961481 0.7478876 0.5646344 0.6738268 0.4765979 -0.3494232 -0.9037254 0.2473536 -0.5969994 -0.005199134 0.802225 0.2919903 0.5961676 0.7478809 0.9989012 0.009850025 0.04582035 0.2920278 0.5961005 0.7479198 -0.5970405 -0.005228459 0.8021941 -0.477205 0.047387 0.8775135 -0.3494665 -0.9037113 0.2473441 0.6997043 -0.1859984 0.689796 -0.4772096 0.04790818 0.8774827 0.6996974 -0.1860415 0.6897914 0.02197432 0.9062889 0.4220874 -0.003264486 -0.999952 -0.009247779 -0.9995034 0.02606981 0.0176984 -0.9983504 -0.005742013 -0.05712819 -0.06807595 0.9379717 -0.3399629 0.9989048 0.009858846 0.04573953 0.9922125 -0.01463574 -0.1236938 -0.9995022 0.02607154 0.01776874 -0.01168256 -0.9796988 0.2001342 0.5646298 0.6737799 0.4766697 -0.999502 0.02606678 0.0177918 0.2919542 0.5960866 0.7479596 0.001733243 0.9997581 -0.02193105 -0.003275752 -0.9999517 -0.009275019 0.9989045 0.009860694 0.04574513 -0.0102483 -0.9997949 0.01747673 0.02197289 0.9062829 0.4221001 -0.5969756 -0.005123078 0.8022431 -0.477213 0.04741936 0.8775073 0.02197253 0.9062944 0.4220756 0.5646691 0.6737776 0.4766262 -0.01174825 -0.9797043 0.2001041 -0.9995023 0.02606499 0.01777392 0.5646698 0.6737576 0.4766536 0.2919619 0.5960955 0.7479495 0.9989048 0.009867429 0.04573768 -0.5969535 -0.005174934 0.8022592 -0.01169496 -0.9797012 0.200122 -0.06809449 0.9379668 -0.3399729 -0.9983559 -0.005738437 -0.05703383 -0.9995018 0.02606654 0.01779842 -0.003270626 -0.9999514 -0.009314119 -0.01024079 -0.9997942 0.01751083 -0.9995017 0.02607339 0.01779574 -0.06807267 0.9379606 -0.3399943 0.001696944 0.9997587 -0.02190232 0.9989039 0.009867131 0.0457555 -0.003283858 -0.9999522 -0.009216845 0.9922116 -0.01462036 -0.1237035 0.9989042 0.009852111 0.04575383 -0.9995017 0.02607554 0.01779723 -0.01027131 -0.9997947 0.01746469 -0.01168942 -0.979694 0.2001578 0.998903 0.009850502 0.04577916 0.001734197 0.9997577 -0.02194482 0.2919938 0.596134 0.7479063 0.699682 -0.186065 0.6898006 -0.3494418 -0.9037168 0.2473589 0.2920624 0.5961094 0.7478992 -0.3494652 -0.9037106 0.2473487 -0.4772025 0.04743897 0.8775121 -0.5970587 -0.00512135 0.8021813 0.02195382 0.9062995 0.4220656 -0.01175028 -0.9796833 0.2002062 -0.597007 -0.005163192 0.8022195 0.02196866 0.9062879 0.4220898 0.6996764 -0.1860529 0.6898096 0.5646582 0.6738025 0.4766041</float_array>
          <technique_common>
            <accessor source="#feiting_Mesh_002-mesh-normals-array" count="2798" stride="3">
              <param name="X" type="float"/>
              <param name="Y" type="float"/>
              <param name="Z" type="float"/>
            </accessor>
          </technique_common>
        </source>
        <source id="feiting_Mesh_002-mesh-map-0">
          <float_array id="feiting_Mesh_002-mesh-map-0-array" count="5622">0.4095391 0.622223 0.3987759 0.6222205 0.398764 0.6308661 0.4095391 0.622223 0.398764 0.6308661 0.3987545 0.6378021 0.4095391 0.622223 0.3987545 0.6378021 0.3987492 0.6410927 0.4095391 0.622223 0.3987492 0.6410927 0.3987492 0.6410927 0.409539 0.6223661 0.3986759 0.6412288 0.3986957 0.6379381 0.409539 0.6223661 0.3986957 0.6379381 0.3987314 0.6310021 0.409539 0.6223661 0.3987314 0.6310021 0.3987758 0.6223565 0.409539 0.6223661 0.3987758 0.6223565 0.3988202 0.6137109 0.409539 0.6223661 0.3988202 0.6137109 0.3988559 0.606775 0.409539 0.6223661 0.3988559 0.606775 0.3988757 0.6029239 0.4095391 0.622223 0.3988026 0.6027879 0.3988026 0.6027879 0.4095391 0.622223 0.3988026 0.6027879 0.3987973 0.6066389 0.4095391 0.622223 0.3987973 0.6066389 0.3987877 0.6135749 0.4095391 0.622223 0.3987877 0.6135749 0.3987759 0.6222205 0.3987759 0.6222205 0.3686178 0.6222133 0.3685955 0.6385579 0.3987759 0.6222205 0.3685955 0.6385579 0.398764 0.6308661 0.398764 0.6308661 0.3685955 0.6385579 0.3685775 0.6517003 0.398764 0.6308661 0.3685775 0.6517003 0.3987545 0.6378021 0.3987545 0.6378021 0.3685775 0.6517003 0.3685674 0.6584579 0.3987545 0.6378021 0.3685674 0.6584579 0.3987492 0.6410927 0.3987329 0.640363 0.3684909 0.6561133 0.3684664 0.6534891 0.3987329 0.640363 0.3684664 0.6534891 0.3987081 0.6394009 0.3986759 0.6412288 0.3684287 0.6585742 0.3684663 0.6518167 0.3986759 0.6412288 0.3684663 0.6518167 0.3986957 0.6379381 0.3986957 0.6379381 0.3684663 0.6518167 0.3685339 0.6386741 0.3986957 0.6379381 0.3685339 0.6386741 0.3987314 0.6310021 0.3987314 0.6310021 0.3685339 0.6386741 0.3686178 0.6223297 0.3987314 0.6310021 0.3686178 0.6223297 0.3987758 0.6223565 0.3987758 0.6223565 0.3686178 0.6223297 0.3687019 0.6059853 0.3987758 0.6223565 0.3687019 0.6059853 0.3988202 0.6137109 0.3988202 0.6137109 0.3687019 0.6059853 0.3687694 0.5928428 0.3988202 0.6137109 0.3687694 0.5928428 0.3988559 0.606775 0.3988559 0.606775 0.3687694 0.5928428 0.3688071 0.5855249 0.3988559 0.606775 0.3688071 0.5855249 0.3988757 0.6029239 0.3988026 0.6027879 0.3686683 0.5854084 0.3686683 0.5854084 0.3988757 0.6029239 0.3688071 0.5855249 0.3988757 0.6029239 0.3988026 0.6027879 0.3686683 0.5854084 0.3686583 0.5927264 0.3988026 0.6027879 0.3686583 0.5927264 0.3987973 0.6066389 0.3987973 0.6066389 0.3686583 0.5927264 0.3686403 0.6058689 0.3987973 0.6066389 0.3686403 0.6058689 0.3987877 0.6135749 0.3987877 0.6135749 0.3686403 0.6058689 0.3686178 0.6222133 0.3987877 0.6135749 0.3686178 0.6222133 0.3987759 0.6222205 0.3686178 0.6222133 0.3250384 0.622203 0.3250084 0.6440551 0.3686178 0.6222133 0.3250084 0.6440551 0.3685955 0.6385579 0.3685955 0.6385579 0.3250084 0.6440551 0.3249843 0.6616169 0.3685955 0.6385579 0.3249843 0.6616169 0.3685775 0.6517003 0.3685775 0.6517003 0.3249843 0.6616169 0.3249709 0.670829 0.3685775 0.6517003 0.3249709 0.670829 0.3685674 0.6584579 0.3684909 0.6561133 0.3248949 0.6691195 0.3248835 0.6630337 0.3684909 0.6561133 0.3248835 0.6630337 0.3684664 0.6534891 0.3684287 0.6585742 0.3247856 0.6709169 0.3248358 0.6617048 0.3684287 0.6585742 0.3248358 0.6617048 0.3684663 0.6518167 0.3684663 0.6518167 0.3248358 0.6617048 0.3249261 0.644143 0.3684663 0.6518167 0.3249261 0.644143 0.3685339 0.6386741 0.3685339 0.6386741 0.3249261 0.644143 0.3250384 0.622291 0.3685339 0.6386741 0.3250384 0.622291 0.3686178 0.6223297 0.3686178 0.6223297 0.3250384 0.622291 0.3251507 0.6004391 0.3686178 0.6223297 0.3251507 0.6004391 0.3687019 0.6059853 0.3687019 0.6059853 0.3251507 0.6004391 0.325241 0.5828772 0.3687019 0.6059853 0.325241 0.5828772 0.3687694 0.5928428 0.3687694 0.5928428 0.325241 0.5828772 0.3253095 0.5695605 0.3687694 0.5928428 0.3253095 0.5695605 0.3688071 0.5855249 0.3686683 0.5854084 0.3251107 0.5694724 0.3251107 0.5694724 0.3686683 0.5854084 0.3251107 0.5694724 0.3686683 0.5854084 0.3686683 0.5854084 0.3251107 0.5694724 0.3250924 0.5827891 0.3686683 0.5854084 0.3250924 0.5827891 0.3686583 0.5927264 0.3686583 0.5927264 0.3250924 0.5827891 0.3250683 0.600351 0.3686583 0.5927264 0.3250683 0.600351 0.3686403 0.6058689 0.3686403 0.6058689 0.3250683 0.600351 0.3250384 0.622203 0.3686403 0.6058689 0.3250384 0.622203 0.3686178 0.6222133 0.3250384 0.622203 0.2766687 0.6221916 0.2766364 0.6457114 0.3250384 0.622203 0.2766364 0.6457114 0.3250084 0.6440551 0.3250084 0.6440551 0.2766364 0.6457114 0.2766106 0.664535 0.3250084 0.6440551 0.2766106 0.664535 0.3249843 0.6616169 0.3249843 0.6616169 0.2766106 0.664535 0.2765963 0.6743947 0.3249843 0.6616169 0.2765963 0.6743947 0.3249709 0.670829 0.3248949 0.6691195 0.2764445 0.6721161 0.2764273 0.6662216 0.3248949 0.6691195 0.2764273 0.6662216 0.3248835 0.6630337 0.3247856 0.6709169 0.2763977 0.6744511 0.2764512 0.6645914 0.3247856 0.6709169 0.2764512 0.6645914 0.3248358 0.6617048 0.3248358 0.6617048 0.2764512 0.6645914 0.276548 0.6457679 0.3248358 0.6617048 0.276548 0.6457679 0.3249261 0.644143 0.3249261 0.644143 0.276548 0.6457679 0.2766689 0.6222481 0.3249261 0.644143 0.2766689 0.6222481 0.3250384 0.622291 0.3250384 0.622291 0.2766689 0.6222481 0.2767898 0.5987282 0.3250384 0.622291 0.2767898 0.5987282 0.3251507 0.6004391 0.3251507 0.6004391 0.2767898 0.5987282 0.2768865 0.5799047 0.3251507 0.6004391 0.2768865 0.5799047 0.325241 0.5828772 0.325241 0.5828772 0.2768865 0.5799047 0.2769401 0.5694847 0.325241 0.5828772 0.2769401 0.5694847 0.3253095 0.5695605 0.3251107 0.5694724 0.2767411 0.5694282 0.2767268 0.5798482 0.3251107 0.5694724 0.2767268 0.5798482 0.3250924 0.5827891 0.3250924 0.5827891 0.2767268 0.5798482 0.276701 0.5986717 0.3250924 0.5827891 0.276701 0.5986717 0.3250683 0.600351 0.3250683 0.600351 0.276701 0.5986717 0.2766687 0.6221916 0.3250683 0.600351 0.2766687 0.6221916 0.3250384 0.622203 0.2766687 0.6221916 0.2330892 0.6221812 0.2330616 0.6422222 0.2766687 0.6221916 0.2330616 0.6422222 0.2766364 0.6457114 0.2766364 0.6457114 0.2330616 0.6422222 0.2330397 0.6582586 0.2766364 0.6457114 0.2330397 0.6582586 0.2766106 0.664535 0.2766106 0.664535 0.2330397 0.6582586 0.2330275 0.6665734 0.2766106 0.664535 0.2330275 0.6665734 0.2765963 0.6743947 0.2764445 0.6721161 0.2329524 0.6642593 0.2328447 0.6594983 0.2764445 0.6721161 0.2328447 0.6594983 0.2764273 0.6662216 0.2763977 0.6744511 0.2328583 0.6666014 0.232904 0.6582866 0.2763977 0.6744511 0.232904 0.6582866 0.2764512 0.6645914 0.2764512 0.6645914 0.232904 0.6582866 0.2329864 0.6422503 0.2764512 0.6645914 0.2329864 0.6422503 0.276548 0.6457679 0.276548 0.6457679 0.2329864 0.6422503 0.2330894 0.6222094 0.276548 0.6457679 0.2330894 0.6222094 0.2766689 0.6222481 0.2766689 0.6222481 0.2330894 0.6222094 0.2331925 0.6021685 0.2766689 0.6222481 0.2331925 0.6021685 0.2767898 0.5987282 0.2767898 0.5987282 0.2331925 0.6021685 0.2332748 0.5861322 0.2767898 0.5987282 0.2332748 0.5861322 0.2768865 0.5799047 0.2768865 0.5799047 0.2332748 0.5861322 0.2333205 0.577257 0.2768865 0.5799047 0.2333205 0.577257 0.2769401 0.5694847 0.276741 0.5694282 0.2331507 0.5772288 0.2331507 0.5772289 0.276741 0.5694282 0.2331507 0.5772289 0.2767411 0.5694282 0.2767411 0.5694282 0.2331507 0.5772289 0.2331386 0.5861039 0.2767411 0.5694282 0.2331386 0.5861039 0.2767268 0.5798482 0.2767268 0.5798482 0.2331386 0.5861039 0.2331166 0.6021403 0.2767268 0.5798482 0.2331166 0.6021403 0.276701 0.5986717 0.276701 0.5986717 0.2331166 0.6021403 0.2330892 0.6221812 0.276701 0.5986717 0.2330892 0.6221812 0.2766687 0.6221916 0.2330892 0.6221812 0.2029311 0.6221741 0.2029153 0.6337208 0.2330892 0.6221812 0.2029153 0.6337208 0.2330616 0.6422222 0.2330616 0.6422222 0.2029153 0.6337208 0.2029026 0.642978 0.2330616 0.6422222 0.2029026 0.642978 0.2330397 0.6582586 0.2330397 0.6582586 0.2029026 0.642978 0.2028956 0.6475532 0.2330397 0.6582586 0.2028956 0.6475532 0.2330275 0.6665734 0.2329524 0.6642593 0.2028602 0.6460005 0.2028602 0.6435314 0.2329524 0.6642593 0.2028602 0.6435314 0.2328447 0.6594983 0.2328583 0.6666014 0.2027982 0.6475616 0.2028245 0.6429864 0.2328583 0.6666014 0.2028245 0.6429864 0.232904 0.6582866 0.232904 0.6582866 0.2028245 0.6429864 0.2028722 0.6337293 0.232904 0.6582866 0.2028722 0.6337293 0.2329864 0.6422503 0.2329864 0.6422503 0.2028722 0.6337293 0.2029315 0.6221826 0.2329864 0.6422503 0.2029315 0.6221826 0.2330894 0.6222094 0.2330894 0.6222094 0.2029315 0.6221826 0.2029908 0.6106358 0.2330894 0.6222094 0.2029908 0.6106358 0.2331925 0.6021685 0.2331925 0.6021685 0.2029908 0.6106358 0.2030384 0.6013788 0.2331925 0.6021685 0.2030384 0.6013788 0.2332748 0.5861322 0.2332748 0.5861322 0.2030384 0.6013788 0.2030648 0.5962433 0.2332748 0.5861322 0.2030648 0.5962433 0.2333205 0.577257 0.2331507 0.5772288 0.2029667 0.5962348 0.2029667 0.5962348 0.2331507 0.5772288 0.2029667 0.5962348 0.2331507 0.5772289 0.2331507 0.5772289 0.2029667 0.5962348 0.2029597 0.6013702 0.2331507 0.5772289 0.2029597 0.6013702 0.2331386 0.5861039 0.2331386 0.5861039 0.2029597 0.6013702 0.2029469 0.6106274 0.2331386 0.5861039 0.2029469 0.6106274 0.2331166 0.6021403 0.2331166 0.6021403 0.2029469 0.6106274 0.2029311 0.6221741 0.2331166 0.6021403 0.2029311 0.6221741 0.2330892 0.6221812 0.1971104 0.6221727 0.2029153 0.6337208 0.2029311 0.6221741 0.1971104 0.6221727 0.2029026 0.642978 0.2029153 0.6337208 0.1971104 0.6221727 0.2028956 0.6475532 0.2029026 0.642978 0.2001118 0.6222819 0.200818 0.6474697 0.2020372 0.6474798 0.1971108 0.6221774 0.2028245 0.6429864 0.2027982 0.6475616 0.1971108 0.6221774 0.2028722 0.6337293 0.2028245 0.6429864 0.1971108 0.6221774 0.2029315 0.6221826 0.2028722 0.6337293 0.1971108 0.6221774 0.2029908 0.6106358 0.2029315 0.6221826 0.1971108 0.6221774 0.2030384 0.6013788 0.2029908 0.6106358 0.1971108 0.6221774 0.2030648 0.5962433 0.2030384 0.6013788 0.1971108 0.6221774 0.2030648 0.5962433 0.2030648 0.5962433 0.1971104 0.6221727 0.2029597 0.6013702 0.2029667 0.5962348 0.1971104 0.6221727 0.2029469 0.6106274 0.2029597 0.6013702 0.1971104 0.6221727 0.2029311 0.6221741 0.2029469 0.6106274 0.276741 0.5694282 0.2331507 0.5772288 0.2331507 0.5772289 0.2768865 0.5799047 0.2333205 0.577257 0.2769401 0.5694847 0.2767898 0.5987282 0.2332748 0.5861322 0.2768865 0.5799047 0.276548 0.6457679 0.2329864 0.6422503 0.2330894 0.6222094 0.3685339 0.6386741 0.3250384 0.622291 0.3686178 0.6223297 0.3686178 0.6223297 0.3250384 0.622291 0.3251507 0.6004391 0.3684663 0.6518167 0.3248358 0.6617048 0.3249261 0.644143 0.3685775 0.6517003 0.3249843 0.6616169 0.3249709 0.670829 0.3987759 0.6222205 0.3686178 0.6222133 0.3685955 0.6385579 0.4095391 0.622223 0.3987877 0.6135749 0.3987759 0.6222205 0.4095391 0.622223 0.3988026 0.6027879 0.3988026 0.6027879 0.409539 0.6223661 0.3988559 0.606775 0.3988757 0.6029239 0.3685955 0.6385579 0.3250084 0.6440551 0.3249843 0.6616169 0.3686178 0.6222133 0.3250084 0.6440551 0.3685955 0.6385579 0.2764512 0.6645914 0.232904 0.6582866 0.2329864 0.6422503 0.2768865 0.5799047 0.2332748 0.5861322 0.2333205 0.577257 0.3685775 0.6517003 0.3249709 0.670829 0.3685674 0.6584579 0.3685339 0.6386741 0.3249261 0.644143 0.3250384 0.622291 0.3987877 0.6135749 0.3686403 0.6058689 0.3686178 0.6222133 0.3987877 0.6135749 0.3686178 0.6222133 0.3987759 0.6222205 0.1971104 0.6221727 0.2029311 0.6221741 0.2029469 0.6106274 0.1971108 0.6221774 0.2030648 0.5962433 0.2030384 0.6013788 0.1971104 0.6221727 0.2029469 0.6106274 0.2029597 0.6013702 0.1971108 0.6221774 0.2030648 0.5962433 0.2030648 0.5962433 0.1971104 0.6221727 0.2029597 0.6013702 0.2029667 0.5962348 0.3987973 0.6066389 0.3686583 0.5927264 0.3686403 0.6058689 0.3987973 0.6066389 0.3686403 0.6058689 0.3987877 0.6135749 0.3988026 0.6027879 0.3686683 0.5854084 0.3686583 0.5927264 0.3988026 0.6027879 0.3686583 0.5927264 0.3987973 0.6066389 0.3988026 0.6027879 0.3686683 0.5854084 0.3686683 0.5854084 0.3988757 0.6029239 0.3688071 0.5855249 0.3988757 0.6029239 0.409539 0.6223661 0.3987314 0.6310021 0.3987758 0.6223565 0.409539 0.6223661 0.3987758 0.6223565 0.3988202 0.6137109 0.409539 0.6223661 0.3986759 0.6412288 0.3986957 0.6379381 0.409539 0.6223661 0.3986957 0.6379381 0.3987314 0.6310021 0.3988559 0.606775 0.3687694 0.5928428 0.3688071 0.5855249 0.3988559 0.606775 0.3688071 0.5855249 0.3988757 0.6029239 0.2764445 0.6721161 0.2328447 0.6594983 0.2764273 0.6662216 0.2766106 0.664535 0.2330275 0.6665734 0.2765963 0.6743947 0.2766364 0.6457114 0.2330397 0.6582586 0.2766106 0.664535 0.2766106 0.664535 0.2330397 0.6582586 0.2330275 0.6665734 0.2766687 0.6221916 0.2330616 0.6422222 0.2766364 0.6457114 0.2766364 0.6457114 0.2330616 0.6422222 0.2330397 0.6582586 0.2763977 0.6744511 0.2328583 0.6666014 0.232904 0.6582866 0.2764445 0.6721161 0.2329524 0.6642593 0.2328447 0.6594983 0.2766689 0.6222481 0.2331925 0.6021685 0.2767898 0.5987282 0.2766689 0.6222481 0.2330894 0.6222094 0.2331925 0.6021685 0.2767898 0.5987282 0.2331925 0.6021685 0.2332748 0.5861322 0.276548 0.6457679 0.2330894 0.6222094 0.2766689 0.6222481 0.3684663 0.6518167 0.3249261 0.644143 0.3685339 0.6386741 0.3684287 0.6585742 0.3247856 0.6709169 0.3248358 0.6617048 0.3684287 0.6585742 0.3248358 0.6617048 0.3684663 0.6518167 0.3988202 0.6137109 0.3687694 0.5928428 0.3988559 0.606775 0.3987759 0.6222205 0.3685955 0.6385579 0.398764 0.6308661 0.4095391 0.622223 0.3987973 0.6066389 0.3987877 0.6135749 0.4095391 0.622223 0.3988026 0.6027879 0.3987973 0.6066389 0.409539 0.6223661 0.3988202 0.6137109 0.3988559 0.606775 0.3685955 0.6385579 0.3249843 0.6616169 0.3685775 0.6517003 0.3686178 0.6222133 0.3250384 0.622203 0.3250084 0.6440551 0.2764512 0.6645914 0.2329864 0.6422503 0.276548 0.6457679 0.2763977 0.6744511 0.232904 0.6582866 0.2764512 0.6645914 0.3684909 0.6561133 0.3248949 0.6691195 0.3248835 0.6630337 0.3684909 0.6561133 0.3248835 0.6630337 0.3684664 0.6534891 0.1971108 0.6221774 0.2028245 0.6429864 0.2027982 0.6475616 0.1971108 0.6221774 0.2028722 0.6337293 0.2028245 0.6429864 0.1971104 0.6221727 0.2029026 0.642978 0.2029153 0.6337208 0.1971104 0.6221727 0.2029153 0.6337208 0.2029311 0.6221741 0.1971104 0.6221727 0.2028956 0.6475532 0.2029026 0.642978 0.2001118 0.6222819 0.200818 0.6474697 0.2020372 0.6474798 0.3987758 0.6223565 0.3687019 0.6059853 0.3988202 0.6137109 0.3988202 0.6137109 0.3687019 0.6059853 0.3687694 0.5928428 0.3987758 0.6223565 0.3686178 0.6223297 0.3687019 0.6059853 0.3987314 0.6310021 0.3685339 0.6386741 0.3686178 0.6223297 0.3987314 0.6310021 0.3686178 0.6223297 0.3987758 0.6223565 0.3986957 0.6379381 0.3684663 0.6518167 0.3685339 0.6386741 0.3986759 0.6412288 0.3684663 0.6518167 0.3986957 0.6379381 0.2331166 0.6021403 0.2029469 0.6106274 0.2029311 0.6221741 0.2331166 0.6021403 0.2029311 0.6221741 0.2330892 0.6221812 0.2331507 0.5772289 0.2029667 0.5962348 0.2029597 0.6013702 0.2331386 0.5861039 0.2029469 0.6106274 0.2331166 0.6021403 0.2331925 0.6021685 0.2030384 0.6013788 0.2332748 0.5861322 0.2332748 0.5861322 0.2030384 0.6013788 0.2030648 0.5962433 0.2329864 0.6422503 0.2028722 0.6337293 0.2029315 0.6221826 0.2329864 0.6422503 0.2029315 0.6221826 0.2330894 0.6222094 0.2328583 0.6666014 0.2027982 0.6475616 0.2028245 0.6429864 0.2328583 0.6666014 0.2028245 0.6429864 0.232904 0.6582866 0.2330397 0.6582586 0.2029026 0.642978 0.2028956 0.6475532 0.2330397 0.6582586 0.2028956 0.6475532 0.2330275 0.6665734 0.2330892 0.6221812 0.2029311 0.6221741 0.2029153 0.6337208 0.2330892 0.6221812 0.2029153 0.6337208 0.2330616 0.6422222 0.2767268 0.5798482 0.2331166 0.6021403 0.276701 0.5986717 0.2767268 0.5798482 0.2331386 0.5861039 0.2331166 0.6021403 0.2331507 0.5772288 0.2029667 0.5962348 0.2029667 0.5962348 0.2331386 0.5861039 0.2029597 0.6013702 0.2029469 0.6106274 0.2330894 0.6222094 0.2029908 0.6106358 0.2331925 0.6021685 0.2331507 0.5772288 0.2029667 0.5962348 0.2331507 0.5772289 0.2331925 0.6021685 0.2029908 0.6106358 0.2030384 0.6013788 0.2330894 0.6222094 0.2029315 0.6221826 0.2029908 0.6106358 0.232904 0.6582866 0.2028722 0.6337293 0.2329864 0.6422503 0.232904 0.6582866 0.2028245 0.6429864 0.2028722 0.6337293 0.2329524 0.6642593 0.2028602 0.6435314 0.2328447 0.6594983 0.2329524 0.6642593 0.2028602 0.6460005 0.2028602 0.6435314 0.2330616 0.6422222 0.2029026 0.642978 0.2330397 0.6582586 0.2330616 0.6422222 0.2029153 0.6337208 0.2029026 0.642978 0.276701 0.5986717 0.2330892 0.6221812 0.2766687 0.6221916 0.276701 0.5986717 0.2331166 0.6021403 0.2330892 0.6221812 0.2767411 0.5694282 0.2331386 0.5861039 0.2767268 0.5798482 0.2767411 0.5694282 0.2331507 0.5772289 0.2331386 0.5861039 0.1971108 0.6221774 0.2030384 0.6013788 0.2029908 0.6106358 0.1971108 0.6221774 0.2029315 0.6221826 0.2028722 0.6337293 0.1971108 0.6221774 0.2029908 0.6106358 0.2029315 0.6221826 0.276741 0.5694282 0.2331507 0.5772289 0.2767411 0.5694282 0.2331507 0.5772289 0.2029597 0.6013702 0.2331386 0.5861039 0.2332748 0.5861322 0.2030648 0.5962433 0.2333205 0.577257 0.3986759 0.6412288 0.3684287 0.6585742 0.3684663 0.6518167 0.3986957 0.6379381 0.3685339 0.6386741 0.3987314 0.6310021 0.3987329 0.640363 0.3684909 0.6561133 0.3684664 0.6534891 0.3987329 0.640363 0.3684664 0.6534891 0.3987081 0.6394009 0.3987545 0.6378021 0.3685775 0.6517003 0.3685674 0.6584579 0.3987545 0.6378021 0.3685674 0.6584579 0.3987492 0.6410927 0.4095391 0.622223 0.3987545 0.6378021 0.3987492 0.6410927 0.4095391 0.622223 0.3987492 0.6410927 0.3987492 0.6410927 0.4095391 0.622223 0.3987759 0.6222205 0.398764 0.6308661 0.4095391 0.622223 0.398764 0.6308661 0.3987545 0.6378021 0.398764 0.6308661 0.3685775 0.6517003 0.3987545 0.6378021 0.398764 0.6308661 0.3685955 0.6385579 0.3685775 0.6517003 0.3250924 0.5827891 0.276701 0.5986717 0.3250683 0.600351 0.3250924 0.5827891 0.2767268 0.5798482 0.276701 0.5986717 0.3251107 0.5694724 0.2767411 0.5694282 0.2767268 0.5798482 0.325241 0.5828772 0.2769401 0.5694847 0.3253095 0.5695605 0.2766687 0.6221916 0.2330892 0.6221812 0.2330616 0.6422222 0.3250683 0.600351 0.2766687 0.6221916 0.3250384 0.622203 0.3250683 0.600351 0.276701 0.5986717 0.2766687 0.6221916 0.3251107 0.5694724 0.2767268 0.5798482 0.3250924 0.5827891 0.325241 0.5828772 0.2768865 0.5799047 0.2769401 0.5694847 0.3251507 0.6004391 0.2768865 0.5799047 0.325241 0.5828772 0.3249261 0.644143 0.276548 0.6457679 0.2766689 0.6222481 0.3251507 0.6004391 0.2767898 0.5987282 0.2768865 0.5799047 0.3250384 0.622291 0.2766689 0.6222481 0.2767898 0.5987282 0.3248358 0.6617048 0.276548 0.6457679 0.3249261 0.644143 0.3249261 0.644143 0.2766689 0.6222481 0.3250384 0.622291 0.3250384 0.622291 0.2767898 0.5987282 0.3251507 0.6004391 0.3248949 0.6691195 0.2764445 0.6721161 0.2764273 0.6662216 0.3249843 0.6616169 0.2765963 0.6743947 0.3249709 0.670829 0.3247856 0.6709169 0.2763977 0.6744511 0.2764512 0.6645914 0.3247856 0.6709169 0.2764512 0.6645914 0.3248358 0.6617048 0.3249843 0.6616169 0.2766106 0.664535 0.2765963 0.6743947 0.3250084 0.6440551 0.2766106 0.664535 0.3249843 0.6616169 0.3248358 0.6617048 0.2764512 0.6645914 0.276548 0.6457679 0.3248949 0.6691195 0.2764273 0.6662216 0.3248835 0.6630337 0.3250384 0.622203 0.2766687 0.6221916 0.2766364 0.6457114 0.3250384 0.622203 0.2766364 0.6457114 0.3250084 0.6440551 0.3686583 0.5927264 0.3250924 0.5827891 0.3250683 0.600351 0.3686403 0.6058689 0.3250384 0.622203 0.3686178 0.6222133 0.3250084 0.6440551 0.2766364 0.6457114 0.2766106 0.664535 0.3686683 0.5854084 0.3250924 0.5827891 0.3686583 0.5927264 0.3686403 0.6058689 0.3250683 0.600351 0.3250384 0.622203 0.3686583 0.5927264 0.3250683 0.600351 0.3686403 0.6058689 0.3687694 0.5928428 0.325241 0.5828772 0.3253095 0.5695605 0.3687019 0.6059853 0.325241 0.5828772 0.3687694 0.5928428 0.3686683 0.5854084 0.3251107 0.5694724 0.3250924 0.5827891 0.3686683 0.5854084 0.3251107 0.5694724 0.3251107 0.5694724 0.3687019 0.6059853 0.3251507 0.6004391 0.325241 0.5828772 0.3686178 0.6223297 0.3251507 0.6004391 0.3687019 0.6059853 0.3686683 0.5854084 0.3251107 0.5694724 0.3686683 0.5854084 0.3687694 0.5928428 0.3253095 0.5695605 0.3688071 0.5855249 0.08484685 0.5509285 0.0665372 0.5501559 0.08418071 0.5512858 0.08484685 0.5509285 0.06629717 0.5499657 0.0665372 0.5501559 0.06189411 0.8808484 0.06675791 0.5499282 0.06701052 0.5501284 0.07002997 0.8814902 0.08633685 0.550874 0.07083743 0.8810571 0.08484685 0.5509285 0.06121802 0.8803127 0.06629717 0.5499657 0.08418071 0.5512858 0.07083743 0.8810571 0.08484685 0.5509285 0.0665372 0.5501559 0.06121802 0.8803127 0.06189411 0.8808484 0.08418071 0.5512858 0.06189411 0.8808484 0.07002997 0.8814902 0.08633685 0.550874 0.0856356 0.5512498 0.06701052 0.5501284 0.08633685 0.550874 0.06701052 0.5501284 0.06675791 0.5499282 0.06189411 0.8808484 0.0856356 0.5512498 0.07002997 0.8814902 0.06121802 0.8803127 0.08633685 0.550874 0.06675791 0.5499282 0.06189411 0.8808484 0.06121802 0.8803127 0.06675791 0.5499282 0.07002997 0.8814902 0.0856356 0.5512498 0.08633685 0.550874 0.08484685 0.5509285 0.07083743 0.8810571 0.06121802 0.8803127 0.08418071 0.5512858 0.07002997 0.8814902 0.07083743 0.8810571 0.0665372 0.5501559 0.06629717 0.5499657 0.06121802 0.8803127 0.08418071 0.5512858 0.0665372 0.5501559 0.06189411 0.8808484 0.06189411 0.8808484 0.06701052 0.5501284 0.0856356 0.5512498 0.06121802 0.8803127 0.07083743 0.8810571 0.08633685 0.550874 0.7002821 0.3118241 0.7001906 0.2736206 0.8523085 0.2737427 0.2777507 0.1795216 0.07543689 0.1802704 0.07100003 0.1802777 0.8523085 0.2737427 0.8516158 0.3127791 0.7002821 0.3118241 0.07510489 0.1802717 0.2777507 0.1795216 0.2716873 0.184017 0.1541772 0.7244883 0.1474773 0.7433632 0.101139 0.7461943 0.101139 0.7461943 0.08905351 0.727916 0.1541772 0.7244883 0.724954 0.05294102 0.905647 0.07910972 0.7308669 0.07547974 0.01794683 0.2050884 0.03078931 0.1935307 0.01863688 0.2053627 0.730177 0.07546544 0.905804 0.079113 0.9067942 0.05602174 0.1109157 0.8111556 0.05787837 0.6482837 0.1599909 0.6461395 0.6601148 0.05794495 0.6597031 0.1110204 0.6544725 0.1108465 0.6544725 0.1108465 0.6547573 0.07579118 0.6601148 0.05794495 0.3078345 0.1952664 0.2716873 0.184017 0.2880275 0.1819583 0.724954 0.05294102 0.906573 0.05671268 0.905647 0.07910972 0.1109157 0.8111556 0.1599909 0.6461395 0.1285849 0.8104923 0.1541772 0.7244883 0.0636444 0.6542479 0.1654088 0.6488601 0.905804 0.079113 0.730177 0.07546544 0.7292597 0.1116982 0.05353474 0.7837945 0.05941849 0.7861394 0.05812531 0.7931479 0.05353474 0.7837945 0.05812531 0.7931479 0.05315595 0.7944595 0.9770281 0.08210265 0.9069246 0.04457539 0.9067942 0.05602174 0.9067942 0.05602174 0.9813652 0.1141549 0.9770281 0.08210265 0.8690512 0.1148454 0.8851632 0.1122128 0.8704751 0.1033315 0.8690512 0.1148454 0.8704751 0.1033315 0.8691592 0.1036597 0.904801 0.1136379 0.905647 0.07910972 0.906573 0.05671268 0.906573 0.05671268 0.9813654 0.1141629 0.904801 0.1136379 0.07100003 0.1802777 0.2716873 0.184017 0.2777507 0.1795216 0.2777507 0.1795216 0.2716873 0.184017 0.3183164 0.192429 0.3183164 0.192429 0.3183112 0.1917328 0.2777507 0.1795216 0.03078931 0.1935307 0.06023406 0.1803267 0.01863688 0.2053627 0.06189852 0.1803205 0.03078937 0.1935307 0.01853722 0.205367 0.1541772 0.7244883 0.08905351 0.727916 0.0636444 0.6542479 0.904801 0.1136379 0.7299498 0.1117057 0.7308669 0.07547974 0.03078937 0.1935307 0.06905353 0.1802848 0.08106732 0.1940127 0.1143987 0.6626598 0.1076896 0.6931753 0.1059168 0.6903222 0.9069246 0.04457539 0.6676996 0.04010361 0.7249642 0.05224579 0.1178163 0.6588787 0.06701159 0.660901 0.07171982 0.7791895 0.08486837 0.7454186 0.08828246 0.7553455 0.08792161 0.8871276 0.06189846 0.1803205 0.03078931 0.1935307 0.07100003 0.1802777 0.11136 0.7705821 0.1096936 0.6557456 0.1445003 0.6545282 0.1552835 0.7533069 0.1586743 0.7434657 0.1590759 0.8908644 0.1054477 0.769111 0.07719099 0.7826609 0.07562035 0.64433 0.132845 0.8902231 0.132845 0.7606319 0.144469 0.7606319 0.0633412 0.792575 0.0633412 0.792575 0.07283776 0.6976406 0.144469 0.7606319 0.144469 0.8902231 0.132845 0.8902231 0.07283776 0.6976406 0.07283776 0.6976406 0.0633412 0.792575 0.6595526 0.1111487 0.7249642 0.05224579 0.6676996 0.04010361 0.07171982 0.7791895 0.1225244 0.7771672 0.1178163 0.6588787 0.730177 0.07546544 0.9067942 0.05602174 0.7249642 0.05224579 0.1181985 0.9143057 0.1182371 0.6738684 0.164194 0.6383971 0.0633412 0.792575 0.0633412 0.792575 0.07200604 0.787276 0.1182371 0.6738684 0.1181985 0.9143057 0.1641495 0.9143125 0.1642907 0.604371 0.1351473 0.6041429 0.1330267 0.8745892 0.1225427 0.7776796 0.07178705 0.7796999 0.06697571 0.6588234 0.1297996 0.6639865 0.1330602 0.6922572 0.1317573 0.6952354 0.6597031 0.1110204 0.6676996 0.04010355 0.724954 0.05294102 0.06697571 0.6588234 0.1177315 0.6568031 0.1225427 0.7776796 0.1351396 0.6051266 0.164283 0.6053547 0.1621874 0.8744121 0.906573 0.05671268 0.724954 0.05294102 0.6676996 0.04010355 0.9065867 0.05323505 0.9185523 0.01283025 0.9631621 0.0499897 0.06905353 0.1802848 0.03078937 0.1935307 0.06189852 0.1803205 0.2716873 0.184017 0.06905353 0.1802848 0.07510489 0.1802717 0.164194 0.6383971 0.1641495 0.9143125 0.1181985 0.9143057 0.07200604 0.787276 0.07200604 0.787276 0.0633412 0.792575 0.1641495 0.9143125 0.164194 0.6383971 0.1182371 0.6738684 0.9110837 0.05680638 0.7294647 0.05303466 0.6691918 0.04019725 0.1445003 0.6545282 0.1461299 0.769365 0.11136 0.7705821 0.06749194 0.7858827 0.07210242 0.7863854 0.07174515 0.7896396 0.1330267 0.8745892 0.1621842 0.8748174 0.1642907 0.604371 0.8530505 0.111953 0.8690512 0.1148454 0.8691592 0.1036597 0.07516992 0.7319971 0.07366734 0.7342505 0.0736373 0.734051 0.08106732 0.1940127 0.01807725 0.2050879 0.03078937 0.1935307 0.1237689 0.7757536 0.1237689 0.7757535 0.1240355 0.7698002 0.1621874 0.8744121 0.1330299 0.8741838 0.1351396 0.6051266 0.9631621 0.0499897 0.9770283 0.08210265 0.9065867 0.05323505 0.01794683 0.2050884 0.01807719 0.2050879 0.03078931 0.1935307 0.3183164 0.192429 0.2716873 0.184017 0.2936275 0.197647 0.2936275 0.197647 0.3183169 0.1925017 0.3183164 0.192429 0.1590759 0.8908644 0.1556503 0.8857693 0.1552835 0.7533069 0.1094958 0.6963247 0.1076896 0.6931753 0.1317573 0.6952354 0.1317573 0.6952354 0.1295266 0.6980392 0.1094958 0.6963247 0.08792161 0.8871276 0.0844962 0.8921254 0.08486837 0.7454186 0.7249642 0.05224579 0.9067942 0.05602174 0.9069246 0.04457539 0.7308669 0.07547974 0.905647 0.07910972 0.904801 0.1136379 0.7237761 0.1116616 0.7308669 0.07547974 0.7299498 0.1117057 0.724954 0.05294102 0.7308669 0.07547974 0.7237761 0.1116616 0.6691918 0.04019725 0.9112243 0.04466468 0.9110837 0.05680638 0.2733436 0.1910972 0.08105099 0.1918089 0.08106732 0.1940127 0.08106732 0.1940127 0.06905353 0.1802848 0.2716873 0.184017 0.2733436 0.1910972 0.08106732 0.1940127 0.2716873 0.184017 0.2941482 0.1976451 0.2733436 0.1910972 0.2716873 0.184017 0.2941482 0.1976451 0.2716873 0.184017 0.3078936 0.2032371 0.2941482 0.1976451 0.3078936 0.2032371 0.3078993 0.2040148 0.6683886 0.02055335 0.9185523 0.01283025 0.9065867 0.05323505 0.6683886 0.02055335 0.9065867 0.05323505 0.6676996 0.04010355 0.2936275 0.197647 0.2716873 0.184017 0.2733435 0.1910972 0.6597031 0.1110204 0.6601148 0.05794495 0.6676996 0.04010355 0.7237772 0.1116098 0.7292597 0.1116982 0.730177 0.07546544 0.730177 0.07546544 0.7249642 0.05224579 0.7237772 0.1116098 0.07543689 0.1802704 0.2777507 0.1795216 0.07510489 0.1802717 0.03078931 0.1935307 0.06189846 0.1803205 0.06023406 0.1803267 0.6676996 0.04010355 0.9067137 0.04457098 0.906573 0.05671268 0.01794683 0.2050884 0.03078937 0.1935307 0.01807725 0.2050879 0.01794683 0.2050884 0.01853722 0.205367 0.03078937 0.1935307 0.9067942 0.05602174 0.905804 0.079113 0.9049349 0.1136249 0.7292597 0.1116982 0.9049349 0.1136249 0.905804 0.079113 0.06023406 0.1803267 0.02877688 0.1925777 0.01863688 0.2053627 0.05353474 0.7837945 0.05377274 0.7839453 0.05370754 0.7835903 0.07562035 0.64433 0.1039975 0.6575325 0.1054477 0.769111 0.07543689 0.1802704 0.2777507 0.1795216 0.2880275 0.1819583 0.34766 0.2099472 0.318304 0.1907589 0.3183112 0.1917328 0.08106732 0.1940127 0.08105099 0.1918089 0.01807725 0.2050879 0.01762133 0.2055646 0.02877688 0.1925777 0.01853722 0.205367 0.02877688 0.1925777 0.06189852 0.1803205 0.01853722 0.205367 0.06189846 0.1803205 0.06189852 0.1803205 0.06023406 0.1803267 0.02877688 0.1925777 0.06023406 0.1803267 0.06189852 0.1803205 0.6599218 0.05793285 0.6595526 0.1111487 0.6676996 0.04010361 0.6544731 0.110907 0.6595526 0.1111487 0.6599218 0.05793285 0.6599218 0.05793285 0.6547594 0.0753616 0.6544731 0.110907 0.9067137 0.04457098 0.9065867 0.05323505 0.9770283 0.08210265 0.9065867 0.05323505 0.9067137 0.04457098 0.6676996 0.04010355 0.125365 0.7817524 0.123437 0.7767429 0.1237689 0.7757535 0.1096936 0.6557456 0.11136 0.7705821 0.1054477 0.769111 0.07543689 0.1802704 0.2880275 0.1819583 0.2777507 0.1795216 0.2716873 0.184017 0.2777507 0.1795216 0.2880275 0.1819583 0.2936275 0.197647 0.3079005 0.2041702 0.3183169 0.1925017 0.1054477 0.769111 0.1039975 0.6575325 0.1096936 0.6557456 0.01863688 0.2053627 0.02877688 0.1925777 0.01762133 0.2055646 0.05353474 0.7837945 0.05370926 0.7835524 0.05377274 0.7839453 0.2880275 0.1819583 0.318304 0.1907589 0.3078345 0.1952664 0.0594381 0.7861419 0.05353474 0.7837945 0.05315595 0.7944595 0.0594381 0.7861419 0.05315595 0.7944595 0.05813723 0.7931491 0.07174515 0.7896396 0.0671373 0.7891371 0.06749194 0.7858827 0.0674988 0.7858217 0.06749194 0.7858827 0.0671373 0.7891371 0.1240355 0.7698002 0.1240355 0.7698003 0.1237689 0.7757536 0.0671373 0.7891371 0.06714403 0.7890727 0.0674988 0.7858217 0.06189846 0.1803205 0.07510489 0.1802717 0.06189852 0.1803205 0.06189852 0.1803205 0.07510489 0.1802717 0.06905353 0.1802848 0.06189846 0.1803205 0.07543689 0.1802704 0.07510489 0.1802717 0.07100003 0.1802777 0.07543689 0.1802704 0.06189846 0.1803205 0.0760616 0.6994464 0.08066737 0.6999486 0.08043044 0.7021196 0.1292178 0.7020058 0.109187 0.7002913 0.1094958 0.6963247 0.08043044 0.7021196 0.07582473 0.7016174 0.0760616 0.6994464 0.07604455 0.6996018 0.0760616 0.6994464 0.07582473 0.7016174 0.1109157 0.8111556 0.09328573 0.811134 0.05787837 0.6482837 0.07582473 0.7016174 0.07580757 0.7017732 0.07604455 0.6996018 0.1295266 0.6980392 0.1295266 0.6980393 0.1292178 0.7020059 0.07580757 0.7017732 0.08041375 0.7022754 0.08065026 0.7001043 0.1094958 0.6963247 0.1295266 0.6980392 0.1292178 0.7020058 0.1315968 0.7872537 0.1168474 0.7883825 0.1418984 0.7590805 0.6504122 0.5004113 0.6516783 0.5243053 0.6961209 0.5220931 0.6504122 0.5004113 0.6961209 0.5220931 0.6956149 0.5101171 0.05315595 0.7944595 0.0585578 0.7932918 0.05940157 0.8026578 0.05315595 0.7944595 0.05940157 0.8026578 0.05933076 0.8056937 0.1175738 0.6173006 0.1064193 0.6077843 0.1285256 0.602736 0.1175738 0.6173006 0.1285256 0.602736 0.1304278 0.609067 0.8513206 0.07655823 0.8530505 0.111953 0.867855 0.1033104 0.8513206 0.07655823 0.867855 0.1033104 0.8677138 0.1004225 0.1107921 0.8162999 0.1106068 0.8188675 0.1101325 0.8254528 0.1107921 0.8162999 0.1101325 0.8254528 0.1102525 0.8237894 0.1106068 0.8188675 0.1107921 0.8162999 0.1102525 0.8237894 0.1106068 0.8188675 0.1102525 0.8237894 0.1101325 0.8254528 0.05941849 0.7861394 0.05353474 0.7837945 0.05315595 0.7944595 0.05941849 0.7861394 0.05315595 0.7944595 0.05812531 0.7931479 0.05353474 0.7837945 0.0594381 0.7861419 0.05813723 0.7931491 0.05353474 0.7837945 0.05813723 0.7931491 0.05315595 0.7944595 0.8876674 0.07698094 0.8695025 0.0767697 0.8691973 0.1004397 0.06939339 0.7365516 0.07318836 0.7342022 0.07316607 0.7344226 0.05315595 0.7944595 0.05315899 0.7944297 0.05931681 0.8057108 0.05315595 0.7944595 0.05931681 0.8057108 0.05933076 0.8056937 0.8851632 0.1122128 0.8876674 0.07698094 0.8706794 0.1004569 0.8851632 0.1122128 0.8706794 0.1004569 0.8704751 0.1033315 0.8695025 0.0767697 0.8513206 0.07655823 0.8677138 0.1004225 0.8695025 0.0767697 0.8677138 0.1004225 0.8691973 0.1004397 0.05315899 0.7944297 0.05315595 0.7944595 0.05933076 0.8056937 0.05315899 0.7944297 0.05933076 0.8056937 0.05931681 0.8057108 0.6595526 0.1111487 0.7237772 0.1116098 0.7249642 0.05224579 0.724954 0.05294102 0.7237761 0.1116616 0.6597031 0.1110204 0.101139 0.7461943 0.1474773 0.7433632 0.1418984 0.7590805 0.1418984 0.7590805 0.1168474 0.7883825 0.101139 0.7461943 0.6544725 0.1108465 0.6425972 0.1095992 0.6547573 0.07579118 0.64266 0.1096355 0.6502432 0.1107059 0.6547697 0.07321166 0.3078936 0.2032371 0.3078345 0.1952664 0.3401956 0.2165658 0.3183164 0.192429 0.34766 0.2099472 0.3183112 0.1917328 0.3183169 0.1925017 0.34766 0.2099472 0.3183164 0.192429 0.6547697 0.07321166 0.6502432 0.1107059 0.6547594 0.0753616 0.3183112 0.1917328 0.318304 0.1907589 0.2880275 0.1819583 0.2880275 0.1819583 0.2777507 0.1795216 0.3183112 0.1917328 0.6547594 0.0753616 0.6502432 0.1107059 0.6544731 0.110907 0.3079005 0.2041702 0.3403657 0.2165535 0.34766 0.2099472 0.34766 0.2099472 0.3183169 0.1925017 0.3079005 0.2041702 0.3078345 0.1952664 0.318304 0.1907589 0.34766 0.2099472 0.34766 0.2099472 0.3401956 0.2165658 0.3078345 0.1952664 0.9067942 0.05602174 0.9049349 0.1136249 0.9813652 0.1141549 0.906573 0.05671268 0.9067137 0.04457098 0.9770283 0.08210265 0.9770283 0.08210265 0.9813654 0.1141629 0.906573 0.05671268 0.6776573 0.5877282 0.5975914 0.5985308 0.591683 0.6427506 0.5611796 0.6427177 0.591683 0.6427506 0.5975914 0.5985308 0.5979986 0.5985309 0.5920904 0.6427508 0.5617924 0.6427178 0.5920904 0.6427508 0.5979986 0.5985309 0.7169883 0.6427984 0.6776576 0.5877282 0.5979986 0.5985309 0.5941675 0.6431018 0.5668973 0.6430914 0.5941675 0.6431018 0.5979986 0.5985309 0.6382018 0.5694711 0.5639206 0.5719377 0.5938937 0.6446899 0.5941675 0.6431018 0.7130512 0.643147 0.6776576 0.5877282 0.7130511 0.6436959 0.5938787 0.6436506 0.5975914 0.5985308 0.5611796 0.6427177 0.5975914 0.5985308 0.5938787 0.6436506 0.6391898 0.6440901 0.684796 0.6442109 0.7127691 0.5699669 0.5975914 0.5985308 0.6776573 0.5877282 0.7130511 0.6436959 0.5979986 0.5985309 0.5617924 0.6427178 0.5668973 0.6430914 0.7127691 0.5699669 0.6382018 0.5694711 0.6391898 0.6440901 0.639014 0.6308024 0.5822496 0.6443818 0.5639206 0.5719377 0.5979986 0.5985309 0.6776576 0.5877282 0.7169883 0.6427984 0.6382018 0.5694711 0.7127691 0.5699669 0.6961179 0.6428741 0.591683 0.6427506 0.7169882 0.6427984 0.6776573 0.5877282 0.5639206 0.5719377 0.6382018 0.5694711 0.639014 0.6308024 0.6961179 0.6428741 0.639014 0.6308024 0.6382018 0.5694711 0.5938937 0.6446899 0.6391898 0.6440901 0.6382018 0.5694711 0.1091188 0.8395962 0.1102542 0.8399494 0.1090465 0.8406196 0.1079488 0.8397771 0.1090465 0.8406196 0.1077412 0.8405206 0.1102542 0.8399494 0.1103513 0.8407068 0.1090465 0.8406196 0.1079488 0.8397771 0.1091188 0.8395962 0.1090465 0.8406196 0.1064193 0.6077843 0.117599 0.6173384 0.1304144 0.6090831 0.1064193 0.6077843 0.1304144 0.6090831 0.1285256 0.602736 0.1076484 0.8251331 0.1101325 0.8254528 0.1091188 0.8395962 0.1076484 0.8251331 0.1091188 0.8395962 0.1079488 0.8397771 0.0585578 0.7932918 0.05315595 0.7944595 0.05933076 0.8056937 0.0585578 0.7932918 0.05933076 0.8056937 0.05940157 0.8026578 0.1101325 0.8254528 0.1126444 0.8254895 0.1102542 0.8399494 0.1101325 0.8254528 0.1102542 0.8399494 0.1091188 0.8395962 0.05813723 0.7931491 0.05315595 0.7944595 0.05933076 0.8056937 0.05813723 0.7931491 0.05933076 0.8056937 0.05960327 0.802917 0.05315595 0.7944595 0.05813723 0.7931491 0.05960327 0.802917 0.05315595 0.7944595 0.05960327 0.802917 0.05933076 0.8056937 0.05315595 0.7944595 0.05812531 0.7931479 0.05961042 0.8029226 0.05315595 0.7944595 0.05961042 0.8029226 0.05933076 0.8056937 0.05812531 0.7931479 0.05315595 0.7944595 0.05933076 0.8056937 0.05812531 0.7931479 0.05933076 0.8056937 0.05961042 0.8029226 0.7028307 0.5261432 0.7117599 0.5118364 0.7427614 0.5096408 0.7028307 0.5261432 0.7427614 0.5096408 0.7479621 0.5230448 0.6516783 0.5243053 0.6508736 0.5002366 0.6962044 0.5103119 0.6516783 0.5243053 0.6962044 0.5103119 0.6961209 0.5220931 0.6710535 0.5280601 0.7117599 0.5118364 0.7028307 0.5261432 0.4840855 0.6142624 0.4624985 0.6169046 0.4636108 0.6061902 0.4840855 0.6142624 0.4636108 0.6061902 0.4857462 0.6054971 0.7117599 0.5118364 0.6708884 0.4969963 0.702628 0.501969 0.6708884 0.4969963 0.7117599 0.5118364 0.6710535 0.5280601 0.456016 0.6281369 0.4851099 0.6270527 0.4835368 0.6139988 0.456016 0.6281369 0.4835368 0.6139988 0.4624985 0.6169046 0.4854699 0.6278792 0.456016 0.6281369 0.4624985 0.6169046 0.4854699 0.6278792 0.4624985 0.6169046 0.4840855 0.6142624 0.7117599 0.5118364 0.702628 0.501969 0.747875 0.5002239 0.7117599 0.5118364 0.747875 0.5002239 0.7427614 0.5096408 0.1345783 0.5628888 0.1328462 0.5766668 0.1718812 0.5801499 0.1345783 0.5628888 0.1718812 0.5801499 0.1748808 0.5629966 0.4624985 0.6169046 0.4835368 0.6139988 0.4852465 0.605149 0.4624985 0.6169046 0.4852465 0.605149 0.4636108 0.6061902 0.7479621 0.5230448 0.7427614 0.5096408 0.7703635 0.5100231 0.7479621 0.5230448 0.7703635 0.5100231 0.7750973 0.5220473 0.7427614 0.5096408 0.747875 0.5002239 0.7747867 0.5014458 0.7427614 0.5096408 0.7747867 0.5014458 0.7703635 0.5100231 0.01989394 0.6655403 0.02109432 0.6639983 0.02109432 0.6639983 0.01989394 0.6655403 0.02109432 0.6639983 0.01989394 0.6655403 0.1319939 0.5537698 0.1345783 0.5628888 0.1748808 0.5629966 0.1319939 0.5537698 0.1748808 0.5629966 0.1721923 0.5514197 0.1328462 0.5766668 0.1344517 0.5631315 0.1747073 0.5632932 0.1328462 0.5766668 0.1747073 0.5632932 0.1718812 0.5801499 0.1344517 0.5631315 0.1319939 0.5537698 0.1721923 0.5514197 0.1344517 0.5631315 0.1721923 0.5514197 0.1747073 0.5632932 0.01981586 0.6655237 0.01985758 0.6655327 0.01989394 0.6655403 0.01981586 0.6655237 0.01989394 0.6655403 0.02109432 0.6639983 0.1323106 0.656807 0.1323106 0.656807 0.1323106 0.656807 0.1323106 0.656807 0.1323106 0.656807 0.1323106 0.656807 0.1323106 0.656807 0.1323106 0.656807 0.1323106 0.656807 0.1323106 0.656807 0.1323106 0.656807 0.1323106 0.656807 0.1323106 0.656807 0.1323106 0.656807 0.1323106 0.656807 0.1323106 0.656807 0.1323106 0.656807 0.1323106 0.656807 0.3078936 0.2032371 0.2716873 0.184017 0.3078345 0.1952664 0.07030141 0.865855 0.07039022 0.8642244 0.07039022 0.8642244 0.07039022 0.8642244 0.07030141 0.865855 0.07030141 0.865855 0.07030141 0.865855 0.07030141 0.865855 0.07039022 0.8642244 0.07039022 0.8642244 0.07039022 0.8642244 0.07030141 0.865855 0.07030141 0.865855 0.07030141 0.865855 0.07039022 0.8642244 0.07039022 0.8642244 0.07039022 0.8642244 0.07030141 0.865855 0.06965303 0.9309927 0.05864852 0.9016523 0.05961149 0.8978093 0.05961149 0.8978093 0.06938648 0.9238721 0.06965303 0.9309927 0.05955523 0.8247814 0.07112014 0.806613 0.07068973 0.8133892 0.07623326 0.8716979 0.07068973 0.8133892 0.07112014 0.806613 0.07736092 0.8722562 0.06965303 0.9309927 0.06938648 0.9238721 0.06938648 0.9238721 0.07623326 0.8716979 0.07736092 0.8722562 0.02515101 0.6735752 0.0222904 0.6100993 0.1181524 0.6068342 0.1181524 0.6068342 0.1210123 0.6703101 0.02515101 0.6735752 0.02461701 0.6738101 0.02419692 0.6257808 0.1200717 0.6229458 0.02419692 0.6257808 0.02406704 0.6109389 0.1199418 0.608104 0.1199418 0.608104 0.1200717 0.6229458 0.02419692 0.6257808 0.02406704 0.6109389 0.02440732 0.6497955 0.120282 0.6469604 0.120282 0.6469604 0.1199418 0.608104 0.02406704 0.6109389 0.05955523 0.8247814 0.05864852 0.9016515 0.05961149 0.8978093 0.05955523 0.8247814 0.05864852 0.9016515 0.06965303 0.9309927 0.07112014 0.806613 0.05955523 0.8247814 0.06965303 0.9309927 0.05864852 0.9016523 0.06965303 0.9309927 0.06965303 0.9309927 0.06965303 0.9309927 0.05864852 0.9016515 0.05864852 0.9016523 0.06965303 0.9309927 0.07736092 0.8722562 0.07736092 0.8722562 0.07736092 0.8722562 0.06965303 0.9309927 0.06965303 0.9309927 0.07112014 0.806613 0.05955523 0.8247814 0.05955523 0.8247814 0.05955523 0.8247814 0.05864852 0.9016523 0.05864852 0.9016515 0.05864852 0.9016515 0.05955523 0.8247814 0.05955523 0.8247814 0.1075178 0.8087114 0.1074667 0.8088067 0.1000251 0.8048046 0.1075178 0.8087114 0.1000251 0.8048046 0.09988117 0.8046234 0.09872257 0.6882574 0.09876418 0.688165 0.1059771 0.6914246 0.09872257 0.6882574 0.1059771 0.6914246 0.1061233 0.6915845 0.09724432 0.7785186 0.09920376 0.7793741 0.09725558 0.7784937 0.09724432 0.7785186 0.09924334 0.7794173 0.09920376 0.7793741 0.09872257 0.6882574 0.09725558 0.7784937 0.09876418 0.688165 0.1061233 0.6915845 0.09920376 0.7793741 0.09924334 0.7794173 0.1059771 0.6914246 0.09725558 0.7784937 0.09920376 0.7793741 0.1061233 0.6915845 0.09724432 0.7785186 0.09872257 0.6882574 0.09924876 0.6911159 0.09929043 0.6910235 0.1065034 0.6942831 0.09924876 0.6911159 0.1065034 0.6942831 0.1066495 0.6944431 0.09684407 0.7763445 0.09880352 0.7771999 0.09685528 0.7763195 0.09684407 0.7763445 0.09884309 0.7772431 0.09880352 0.7771999 0.09929043 0.6910235 0.09684407 0.7763445 0.09685528 0.7763195 0.1065034 0.6942831 0.09884309 0.7772431 0.1066495 0.6944431 0.1065034 0.6942831 0.09685528 0.7763195 0.09880352 0.7771999 0.1066495 0.6944431 0.09684407 0.7763445 0.09924876 0.6911159 0.1015114 0.6884091 0.1015723 0.688328 0.1078996 0.6930835 0.1015114 0.6884091 0.1078996 0.6930835 0.1080074 0.6932715 0.09585797 0.7801917 0.09758353 0.7814542 0.09587448 0.7801696 0.09585797 0.7801917 0.09761267 0.7815049 0.09758353 0.7814542 0.1015114 0.6884091 0.09587448 0.7801696 0.1015723 0.688328 0.1080074 0.6932715 0.09758353 0.7814542 0.09761267 0.7815049 0.1078996 0.6930835 0.09587448 0.7801696 0.09758353 0.7814542 0.1080074 0.6932715 0.09585797 0.7801917 0.1015114 0.6884091 0.09927874 0.6907628 0.09933948 0.6906818 0.1056669 0.6954373 0.09927874 0.6907628 0.1056669 0.6954373 0.1057747 0.6956252 0.09594202 0.7779825 0.09766751 0.7792451 0.09595841 0.7779606 0.09594202 0.7779825 0.09769654 0.7792958 0.09766751 0.7792451 0.09933948 0.6906818 0.09594202 0.7779825 0.09595841 0.7779606 0.1056669 0.6954373 0.09769654 0.7792958 0.1057747 0.6956252 0.1056669 0.6954373 0.09595841 0.7779606 0.09766751 0.7792451 0.1057747 0.6956252 0.09594202 0.7779825 0.09927874 0.6907628 0.06128728 0.9414568 0.06640368 0.6107367 0.08502882 0.6118583 0.0659303 0.6107643 0.06569039 0.6105741 0.06061118 0.9409211 0.08357393 0.6118943 0.0659303 0.6107643 0.06128728 0.9414568 0.08423995 0.611537 0.07023066 0.9416655 0.06061118 0.9409211 0.08357393 0.6118943 0.06942307 0.9420986 0.07023066 0.9416655 0.06128728 0.9414568 0.06061118 0.9409211 0.06615108 0.6105366 0.06942307 0.9420986 0.08502882 0.6118583 0.08572995 0.6114823 0.06061118 0.9409211 0.08572995 0.6114823 0.06615108 0.6105366 0.06128728 0.9414568 0.08502882 0.6118583 0.06942307 0.9420986 0.08572995 0.6114823 0.08502882 0.6118583 0.06640368 0.6107367 0.08572995 0.6114823 0.06640368 0.6107367 0.06615108 0.6105366 0.0659303 0.6107643 0.06061118 0.9409211 0.06128728 0.9414568 0.08357393 0.6118943 0.06128728 0.9414568 0.06942307 0.9420986 0.08423995 0.611537 0.06061118 0.9409211 0.06569039 0.6105741 0.08357393 0.6118943 0.07023066 0.9416655 0.08423995 0.611537 0.06128728 0.9414568 0.06615108 0.6105366 0.06640368 0.6107367 0.06942307 0.9420986 0.08572995 0.6114823 0.07023066 0.9416655 0.08423995 0.611537 0.06569039 0.6105741 0.0659303 0.6107643 0.08423995 0.611537 0.0659303 0.6107643 0.08357393 0.6118943 0.06061118 0.9409211 0.07023066 0.9416655 0.08572995 0.6114823 0.3613805 0.6427059 0.3610262 0.7325323 0.3389836 0.6679475 0.3389836 0.6679475 0.3610262 0.7325323 0.2880431 0.7061724 0.1075178 0.8087114 0.1074667 0.8088067 0.1000251 0.8048046 0.1075178 0.8087114 0.1000251 0.8048046 0.09988117 0.8046234 0.11455 0.6632974 0.1096386 0.6634106 0.1145361 0.6633231 0.11455 0.6632974 0.1095998 0.6633616 0.1096386 0.6634106 0.1074667 0.8088067 0.11455 0.6632974 0.1145361 0.6633231 0.1000251 0.8048046 0.1095998 0.6633616 0.09988117 0.8046234 0.1000251 0.8048046 0.1145361 0.6633231 0.1096386 0.6634106 0.09988117 0.8046234 0.11455 0.6632974 0.1075178 0.8087114 0.3613805 0.6427059 0.3389836 0.6679475 0.3610262 0.7325323 0.3389836 0.6679475 0.2880431 0.7061724 0.3610262 0.7325323 0.09872257 0.6882574 0.09724432 0.7785186 0.09725558 0.7784937 0.1061233 0.6915845 0.1059771 0.6914246 0.09920376 0.7793741 0.1059771 0.6914246 0.09876418 0.688165 0.09725558 0.7784937 0.1061233 0.6915845 0.09924334 0.7794173 0.09724432 0.7785186 0.09929043 0.6910235 0.09924876 0.6911159 0.09684407 0.7763445 0.1065034 0.6942831 0.09880352 0.7771999 0.09884309 0.7772431 0.1065034 0.6942831 0.09929043 0.6910235 0.09685528 0.7763195 0.1066495 0.6944431 0.09884309 0.7772431 0.09684407 0.7763445 0.1015114 0.6884091 0.09585797 0.7801917 0.09587448 0.7801696 0.1080074 0.6932715 0.1078996 0.6930835 0.09758353 0.7814542 0.1078996 0.6930835 0.1015723 0.688328 0.09587448 0.7801696 0.1080074 0.6932715 0.09761267 0.7815049 0.09585797 0.7801917 0.09933948 0.6906818 0.09927874 0.6907628 0.09594202 0.7779825 0.1056669 0.6954373 0.09766751 0.7792451 0.09769654 0.7792958 0.1056669 0.6954373 0.09933948 0.6906818 0.09595841 0.7779606 0.1057747 0.6956252 0.09769654 0.7792958 0.09594202 0.7779825 0.1074667 0.8088067 0.1075178 0.8087114 0.11455 0.6632974 0.1000251 0.8048046 0.1096386 0.6634106 0.1095998 0.6633616 0.1000251 0.8048046 0.1074667 0.8088067 0.1145361 0.6633231 0.09988117 0.8046234 0.1095998 0.6633616 0.11455 0.6632974 0.2994002 0.6328821 0.2568387 0.6063306 0.3050349 0.5986353 0.3050349 0.5986353 0.3137361 0.6217775 0.2994002 0.6328821 0.3592162 0.6347951 0.3137361 0.6217775 0.3050349 0.5986353 0.2994002 0.6328821 0.3137361 0.6217775 0.3592162 0.6347951 0.2605648 0.6341321 0.2568387 0.6063306 0.2994002 0.6328821 0.2994002 0.6328821 0.3444237 0.6503738 0.2962209 0.6721779 0.2962209 0.6721779 0.2875604 0.6444875 0.2605648 0.6341321 0.2605648 0.6341321 0.2530456 0.6631768 0.2962209 0.6721779 0.2605648 0.6341321 0.2875604 0.6444875 0.2994002 0.6328821 0.2994002 0.6328821 0.2875604 0.6444875 0.2962209 0.6721779 0.2997561 0.6369197 0.2530492 0.6646544 0.3001952 0.6711338 0.3001952 0.6711338 0.3124179 0.6479081 0.2997561 0.6369197 0.3602956 0.6353923 0.3124179 0.6479081 0.3001952 0.6711338 0.2997561 0.6369197 0.3124179 0.6479081 0.3602956 0.6353923 0.3025413 0.5976336 0.2579165 0.6078156 0.2609994 0.6370248 0.2609994 0.6370248 0.2896687 0.6254091 0.3025413 0.5976336 0.2609994 0.6370248 0.2530492 0.6646544 0.2997561 0.6369197 0.2997561 0.6369197 0.2896687 0.6254091 0.2609994 0.6370248 0.2997561 0.6369197 0.3477872 0.6197239 0.3025413 0.5976336 0.3025413 0.5976336 0.2896687 0.6254091 0.2997561 0.6369197 0.06189411 0.8808484 0.06701052 0.5501284 0.0856356 0.5512498 0.0665372 0.5501559 0.06629717 0.5499657 0.06121802 0.8803127 0.08418071 0.5512858 0.0665372 0.5501559 0.06189411 0.8808484 0.08484685 0.5509285 0.07083743 0.8810571 0.06121802 0.8803127 0.08418071 0.5512858 0.07002997 0.8814902 0.07083743 0.8810571 0.06189411 0.8808484 0.06121802 0.8803127 0.06675791 0.5499282 0.07002997 0.8814902 0.0856356 0.5512498 0.08633685 0.550874 0.06121802 0.8803127 0.08633685 0.550874 0.06675791 0.5499282 0.06189411 0.8808484 0.0856356 0.5512498 0.07002997 0.8814902 0.08633685 0.550874 0.0856356 0.5512498 0.06701052 0.5501284 0.08633685 0.550874 0.06701052 0.5501284 0.06675791 0.5499282 0.0665372 0.5501559 0.06121802 0.8803127 0.06189411 0.8808484 0.08418071 0.5512858 0.06189411 0.8808484 0.07002997 0.8814902 0.08484685 0.5509285 0.06121802 0.8803127 0.06629717 0.5499657 0.08418071 0.5512858 0.07083743 0.8810571 0.08484685 0.5509285 0.06189411 0.8808484 0.06675791 0.5499282 0.06701052 0.5501284 0.07002997 0.8814902 0.08633685 0.550874 0.07083743 0.8810571 0.08484685 0.5509285 0.06629717 0.5499657 0.0665372 0.5501559 0.08484685 0.5509285 0.0665372 0.5501559 0.08418071 0.5512858 0.06121802 0.8803127 0.07083743 0.8810571 0.08633685 0.550874 0.6623257 0.7600156 0.7432023 0.7792 0.7410582 0.7541819 0.7389141 0.7291638 0.6623257 0.7600156 0.7410582 0.7541819 0.5834774 0.730381 0.6623257 0.7600156 0.6608975 0.7252196 0.5841511 0.765442 0.6637538 0.7948113 0.6623257 0.7600156 0.6623257 0.7600156 0.7432023 0.7792 0.7410582 0.7541819 0.7389141 0.7291638 0.6623257 0.7600156 0.7410582 0.7541819 0.5834774 0.730381 0.6623257 0.7600156 0.6608975 0.7252196 0.5841511 0.765442 0.6637538 0.7948113 0.6623257 0.7600156 0.7432023 0.7792 0.6623257 0.7600156 0.7410582 0.7541819 0.7389141 0.7291638 0.6623257 0.7600156 0.6608975 0.7252196 0.6623257 0.7600156 0.5834774 0.730381 0.6608975 0.7252196 0.6637538 0.7948113 0.5841511 0.765442 0.6623257 0.7600156 0.7432023 0.7792 0.6623257 0.7600156 0.7410582 0.7541819 0.7389141 0.7291638 0.6623257 0.7600156 0.6608975 0.7252196 0.6623257 0.7600156 0.5834774 0.730381 0.6608975 0.7252196 0.6637538 0.7948113 0.5841511 0.765442 0.6623257 0.7600156 0.6623257 0.7600156 0.7432023 0.7792 0.7410582 0.7541819 0.7389141 0.7291638 0.6623257 0.7600156 0.7410582 0.7541819 0.5841511 0.765442 0.5406531 0.7824512 0.5848248 0.8005033 0.5407215 0.7524462 0.5841511 0.765442 0.5834774 0.730381 0.5834774 0.730381 0.6623257 0.7600156 0.6608975 0.7252196 0.5841511 0.765442 0.6637538 0.7948113 0.6623257 0.7600156 0.6623257 0.7600156 0.7432023 0.7792 0.7410582 0.7541819 0.7389141 0.7291638 0.6623257 0.7600156 0.7410582 0.7541819 0.5841511 0.765442 0.5406531 0.7824512 0.5848248 0.8005033 0.5407215 0.7524462 0.5841511 0.765442 0.5834774 0.730381 0.5834774 0.730381 0.6623257 0.7600156 0.6608975 0.7252196 0.5841511 0.765442 0.6637538 0.7948113 0.6623257 0.7600156 0.7432023 0.7792 0.6623257 0.7600156 0.7410582 0.7541819 0.7389141 0.7291638 0.6623257 0.7600156 0.6608975 0.7252196 0.5841511 0.765442 0.5406531 0.7824512 0.5325922 0.7679721 0.5841511 0.765442 0.5407215 0.7524462 0.5834774 0.730381 0.6623257 0.7600156 0.5834774 0.730381 0.6608975 0.7252196 0.6637538 0.7948113 0.5841511 0.765442 0.6623257 0.7600156 0.7432023 0.7792 0.6623257 0.7600156 0.7410582 0.7541819 0.7389141 0.7291638 0.6623257 0.7600156 0.6608975 0.7252196 0.5841511 0.765442 0.5406531 0.7824512 0.5325922 0.7679721 0.5841511 0.765442 0.5407215 0.7524462 0.5834774 0.730381 0.6623257 0.7600156 0.5834774 0.730381 0.6608975 0.7252196 0.6637538 0.7948113 0.5841511 0.765442 0.6623257 0.7600156 0.6623257 0.7600156 0.6637538 0.7948113 0.7432023 0.7792 0.7389141 0.7291638 0.6608975 0.7252196 0.6623257 0.7600156 0.5834774 0.730381 0.5841511 0.765442 0.6623257 0.7600156 0.5841511 0.765442 0.5848248 0.8005033 0.6637538 0.7948113 0.6623257 0.7600156 0.6637538 0.7948113 0.7432023 0.7792 0.7389141 0.7291638 0.6608975 0.7252196 0.6623257 0.7600156 0.5834774 0.730381 0.5841511 0.765442 0.6623257 0.7600156 0.5841511 0.765442 0.5848248 0.8005033 0.6637538 0.7948113 0.7432023 0.7792 0.6637538 0.7948113 0.6623257 0.7600156 0.7389141 0.7291638 0.7410582 0.7541819 0.6623257 0.7600156 0.6623257 0.7600156 0.5841511 0.765442 0.5834774 0.730381 0.6637538 0.7948113 0.5848248 0.8005033 0.5841511 0.765442 0.7432023 0.7792 0.6637538 0.7948113 0.6623257 0.7600156 0.7389141 0.7291638 0.7410582 0.7541819 0.6623257 0.7600156 0.6623257 0.7600156 0.5841511 0.765442 0.5834774 0.730381 0.6637538 0.7948113 0.5848248 0.8005033 0.5841511 0.765442 0.6623257 0.7600156 0.6637538 0.7948113 0.7432023 0.7792 0.7389141 0.7291638 0.6608975 0.7252196 0.6623257 0.7600156 0.5841511 0.765442 0.5325922 0.7679721 0.5406531 0.7824512 0.5407215 0.7524462 0.5325922 0.7679721 0.5841511 0.765442 0.5834774 0.730381 0.5841511 0.765442 0.6623257 0.7600156 0.5841511 0.765442 0.5848248 0.8005033 0.6637538 0.7948113 0.6623257 0.7600156 0.6637538 0.7948113 0.7432023 0.7792 0.7389141 0.7291638 0.6608975 0.7252196 0.6623257 0.7600156 0.5841511 0.765442 0.5325922 0.7679721 0.5406531 0.7824512 0.5407215 0.7524462 0.5325922 0.7679721 0.5841511 0.765442 0.5834774 0.730381 0.5841511 0.765442 0.6623257 0.7600156 0.5841511 0.765442 0.5848248 0.8005033 0.6637538 0.7948113 0.7432023 0.7792 0.6637538 0.7948113 0.6623257 0.7600156 0.7389141 0.7291638 0.7410582 0.7541819 0.6623257 0.7600156 0.5841511 0.765442 0.5848248 0.8005033 0.5406531 0.7824512 0.5841511 0.765442 0.5325922 0.7679721 0.5407215 0.7524462 0.6623257 0.7600156 0.5841511 0.765442 0.5834774 0.730381 0.6637538 0.7948113 0.5848248 0.8005033 0.5841511 0.765442 0.7432023 0.7792 0.6637538 0.7948113 0.6623257 0.7600156 0.7389141 0.7291638 0.7410582 0.7541819 0.6623257 0.7600156 0.5841511 0.765442 0.5848248 0.8005033 0.5406531 0.7824512 0.5841511 0.765442 0.5325922 0.7679721 0.5407215 0.7524462 0.6623257 0.7600156 0.5841511 0.765442 0.5834774 0.730381 0.6637538 0.7948113 0.5848248 0.8005033 0.5841511 0.765442 0.05306309 0.6235411 0.1011396 0.6189137 0.04794239 0.6154432 0.09335428 0.6672879 0.04646003 0.6725075 0.09828191 0.6753138 0.05306309 0.6235411 0.04646003 0.6725075 0.05198484 0.6650477 0.1142042 0.7534247 0.1201921 0.7602679 0.1206027 0.7538092 0.1142042 0.7534247 0.1137104 0.7600386 0.1201921 0.7602679 0.09335428 0.6672879 0.1011396 0.6189137 0.09543085 0.6263051 0.09335428 0.6672879 0.05198484 0.6650477 0.04646003 0.6725075 0.09335428 0.6672879 0.09828191 0.6753138 0.1011396 0.6189137 0.05306309 0.6235411 0.09543085 0.6263051 0.1011396 0.6189137 0.05306309 0.6235411 0.04794239 0.6154432 0.04646003 0.6725075 0.2187587 0.4403687 0.2209552 0.248418 0.4682022 0.2479686 0.2187587 0.4403687 0.4682022 0.2479686 0.4721024 0.442113 0.2303703 0.6580762 0.08405971 0.6526873 0.2293559 0.6469571 0.05849176 0.6632092 0.07813495 0.9118521 0.05776238 0.9025366 0.09761607 0.6599055 0.08473581 0.666978 0.08412033 0.660282 0.09806299 0.6652194 0.0846942 0.6596414 0.08473581 0.666978 0.2303703 0.6580762 0.08473581 0.666978 0.0846942 0.6596414 0.05306309 0.6235411 0.1011396 0.6189137 0.04794239 0.6154432 0.09335428 0.6672879 0.04646003 0.6725075 0.09828191 0.6753138 0.05306309 0.6235411 0.04646003 0.6725075 0.05198484 0.6650477 0.09804052 0.6599356 0.09806299 0.6652194 0.09761607 0.6599055 0.09804052 0.6599356 0.09761607 0.6599055 0.09757965 0.6544302 0.1142042 0.7534247 0.1201921 0.7602679 0.1206027 0.7538092 0.1142042 0.7534247 0.1137104 0.7600386 0.1201921 0.7602679 0.05800181 0.6669726 0.07917487 0.9142886 0.08134323 0.6859449 0.08139777 0.6849966 0.05742442 0.9045932 0.05812287 0.6664196 0.2294534 0.6591005 0.08405971 0.6526873 0.08412033 0.660282 0.2294534 0.6591005 0.08473581 0.666978 0.2304369 0.6698068 0.08142679 0.6806979 0.05775833 0.9028161 0.07868319 0.9123904 0.09335428 0.6672879 0.1011396 0.6189137 0.09543085 0.6263051 0.09757965 0.6544302 0.0846942 0.6596414 0.09804052 0.6599356 0.09757965 0.6544302 0.08412033 0.660282 0.08405971 0.6526873 0.2294534 0.6591005 0.08412033 0.660282 0.08473581 0.666978 0.2303703 0.6580762 0.0846942 0.6596414 0.08405971 0.6526873 0.05849176 0.6632092 0.08107584 0.6803527 0.07813495 0.9118521 0.05800181 0.6669726 0.05710941 0.9060335 0.07917487 0.9142886 0.08139777 0.6849966 0.07925999 0.9128074 0.05742442 0.9045932 0.08142679 0.6806979 0.05849015 0.6633165 0.05775833 0.9028161 0.2294534 0.6591005 0.2293559 0.6469571 0.08405971 0.6526873 0.2303703 0.6580762 0.2304369 0.6698068 0.08473581 0.666978 0.09335428 0.6672879 0.05198484 0.6650477 0.04646003 0.6725075 0.09335428 0.6672879 0.09828191 0.6753138 0.1011396 0.6189137 0.05306309 0.6235411 0.09543085 0.6263051 0.1011396 0.6189137 0.05306309 0.6235411 0.04794239 0.6154432 0.04646003 0.6725075 0.09761607 0.6599055 0.09806299 0.6652194 0.08473581 0.666978 0.09806299 0.6652194 0.09804052 0.6599356 0.0846942 0.6596414 0.09757965 0.6544302 0.08405971 0.6526873 0.0846942 0.6596414 0.09757965 0.6544302 0.09761607 0.6599055 0.08412033 0.660282 0.2285978 0.6568575 0.0908218 0.651441 0.227852 0.6486803 0.05849176 0.6632092 0.07813495 0.9118521 0.05776238 0.9025366 0.1007912 0.6567497 0.09131896 0.661951 0.09086638 0.6570265 0.1011201 0.6606577 0.09128838 0.6565553 0.09131896 0.661951 0.2285978 0.6568575 0.09131896 0.661951 0.09128838 0.6565553 0.1011036 0.6567719 0.1011201 0.6606577 0.1007912 0.6567497 0.1011036 0.6567719 0.1007912 0.6567497 0.1007646 0.652723 0.05800181 0.6669726 0.07917487 0.9142886 0.08134323 0.6859449 0.08139777 0.6849966 0.05742442 0.9045932 0.05812287 0.6664196 0.2279235 0.6576107 0.0908218 0.651441 0.09086638 0.6570265 0.2279235 0.6576107 0.09131896 0.661951 0.228647 0.6654846 0.08142679 0.6806979 0.05775833 0.9028161 0.07868319 0.9123904 0.1007646 0.652723 0.09128838 0.6565553 0.1011036 0.6567719 0.1007646 0.652723 0.09086638 0.6570265 0.0908218 0.651441 0.2279235 0.6576107 0.09086638 0.6570265 0.09131896 0.661951 0.2285978 0.6568575 0.09128838 0.6565553 0.0908218 0.651441 0.05849176 0.6632092 0.08107584 0.6803527 0.07813495 0.9118521 0.05800181 0.6669726 0.05710941 0.9060335 0.07917487 0.9142886 0.08139777 0.6849966 0.07925999 0.9128074 0.05742442 0.9045932 0.08142679 0.6806979 0.05849015 0.6633165 0.05775833 0.9028161 0.2279235 0.6576107 0.227852 0.6486803 0.0908218 0.651441 0.2285978 0.6568575 0.228647 0.6654846 0.09131896 0.661951 0.1007912 0.6567497 0.1011201 0.6606577 0.09131896 0.661951 0.1011201 0.6606577 0.1011036 0.6567719 0.09128838 0.6565553 0.1007646 0.652723 0.0908218 0.651441 0.09128838 0.6565553 0.1007646 0.652723 0.1007912 0.6567497 0.09086638 0.6570265</float_array>
          <technique_common>
            <accessor source="#feiting_Mesh_002-mesh-map-0-array" count="2811" stride="2">
              <param name="S" type="float"/>
              <param name="T" type="float"/>
            </accessor>
          </technique_common>
        </source>
        <vertices id="feiting_Mesh_002-mesh-vertices">
          <input semantic="POSITION" source="#feiting_Mesh_002-mesh-positions"/>
        </vertices>
        <triangles material="trenteres_Ma-material" count="937">
          <input semantic="VERTEX" source="#feiting_Mesh_002-mesh-vertices" offset="0"/>
          <input semantic="NORMAL" source="#feiting_Mesh_002-mesh-normals" offset="1"/>
          <input semantic="TEXCOORD" source="#feiting_Mesh_002-mesh-map-0" offset="2" set="0"/>
          <p>3 0 0 9 1 1 16 2 2 2 3 3 14 4 4 21 5 5 4 6 6 18 7 7 24 8 8 0 9 9 23 10 10 26 11 11 27 12 12 33 13 13 36 14 14 30 15 15 37 16 16 42 17 17 32 18 18 41 19 19 49 20 20 31 21 21 46 22 22 54 23 23 29 24 24 52 25 25 59 26 26 28 27 27 58 28 28 63 29 29 1 30 30 64 31 31 67 32 32 5 33 33 66 34 34 72 35 35 6 36 36 70 37 37 76 38 38 7 39 39 75 40 40 11 41 41 8 42 42 83 43 43 89 44 44 10 45 45 91 46 46 17 47 47 13 48 48 90 49 49 93 50 50 15 51 51 97 52 52 22 53 53 19 54 54 92 55 55 98 56 56 20 57 57 100 58 58 25 59 59 101 60 60 103 61 61 107 62 62 102 63 63 108 64 64 109 65 65 34 66 66 112 67 67 117 68 68 35 69 69 118 70 70 38 71 71 39 72 72 116 73 73 123 74 74 40 75 75 124 76 76 43 77 77 44 78 78 122 79 79 130 80 80 45 81 81 129 82 82 50 83 83 48 84 84 128 85 85 136 86 86 47 87 87 132 88 88 55 89 89 53 90 90 134 91 91 140 92 92 51 93 93 137 94 94 60 95 95 57 96 96 138 97 97 144 98 98 56 99 99 143 100 100 62 101 101 65 102 102 146 103 103 153 104 104 61 105 105 154 106 106 155 107 107 69 108 108 152 109 109 160 110 110 68 111 111 161 112 112 71 113 113 74 114 114 159 115 115 167 116 116 73 117 117 166 118 118 77 119 119 79 120 120 165 121 121 84 122 122 78 123 123 85 124 124 12 125 125 81 126 126 169 127 127 176 128 128 82 129 129 174 130 130 86 131 131 87 132 132 175 133 133 182 134 134 88 135 135 183 136 136 94 137 137 95 138 138 180 139 139 187 140 140 96 141 141 188 142 142 99 143 143 105 144 144 189 145 145 193 146 146 104 147 147 192 148 148 106 149 149 111 150 150 197 151 151 199 152 152 110 153 153 198 154 154 115 155 155 114 156 156 203 157 157 205 158 158 113 159 159 204 160 160 119 161 161 120 162 162 206 163 163 212 164 164 121 165 165 214 166 166 125 167 167 126 168 168 210 169 169 219 170 170 127 171 171 221 172 172 131 173 173 133 174 174 217 175 175 223 176 176 135 177 177 227 178 178 139 179 179 141 180 180 225 181 181 229 182 182 142 183 183 230 184 184 145 185 185 147 186 186 231 187 187 234 188 188 148 189 189 232 190 190 151 191 191 149 192 192 233 193 193 238 194 194 150 195 195 237 196 196 158 197 197 156 198 198 239 199 199 243 200 200 157 201 201 244 202 202 162 203 203 164 204 204 245 205 205 170 206 206 163 207 207 168 208 208 80 209 209 173 210 210 249 211 211 259 212 212 172 213 213 260 214 214 177 215 215 179 216 216 255 217 217 265 218 218 178 219 219 266 220 220 181 221 221 184 222 222 261 223 223 268 224 224 185 225 225 269 226 226 186 227 227 190 228 228 270 229 229 274 230 230 191 231 231 273 232 232 194 233 233 196 234 234 276 235 235 280 236 236 195 237 237 279 238 238 201 239 239 202 240 240 281 241 241 285 242 242 200 243 243 286 244 244 207 245 245 208 246 246 287 247 247 292 248 248 209 249 249 293 250 250 211 251 251 213 252 252 291 253 253 298 254 254 215 255 255 301 256 256 216 257 257 218 258 258 297 259 259 306 260 260 220 261 261 308 262 262 222 263 263 224 264 264 303 265 265 310 266 266 226 267 267 311 268 268 228 269 269 236 270 270 313 271 271 317 272 272 235 273 273 316 274 274 241 275 275 240 276 276 318 277 277 323 278 278 242 279 279 322 280 280 246 281 281 248 282 282 324 283 283 251 284 284 247 285 285 250 286 286 171 287 287 254 288 288 331 289 289 338 290 290 253 291 291 339 292 292 256 293 293 258 294 294 337 295 295 344 296 296 257 297 297 345 298 298 262 299 299 264 300 300 343 301 301 346 302 302 263 303 303 347 304 304 267 305 305 271 306 306 349 307 307 354 308 308 272 309 309 353 310 310 275 311 311 278 312 312 357 313 313 362 314 314 277 315 315 361 316 316 282 317 317 283 318 318 363 319 319 367 320 320 284 321 321 368 322 322 288 323 323 289 324 324 369 325 325 375 326 326 290 327 327 374 328 328 294 329 329 295 330 330 373 331 331 381 332 332 296 333 333 380 334 334 299 335 335 300 336 336 379 337 337 385 338 338 302 339 339 386 340 340 304 341 341 305 342 342 383 343 343 388 344 344 307 345 345 389 346 346 309 347 347 391 348 348 393 349 349 398 350 350 392 351 351 397 352 352 315 353 353 314 354 354 399 355 355 406 356 356 312 357 357 405 358 358 319 359 359 320 360 360 407 361 361 412 362 362 321 363 363 411 364 364 325 365 365 327 366 366 413 367 367 332 368 368 326 369 369 333 370 370 252 371 371 329 372 372 414 373 373 419 374 374 330 375 375 421 376 376 334 377 377 335 378 378 420 379 379 424 380 380 336 381 381 425 382 382 340 383 383 341 384 384 428 385 385 430 386 386 342 387 387 431 388 388 348 389 389 351 390 390 432 391 391 433 392 392 350 393 393 434 394 394 352 395 395 355 396 396 436 397 397 441 398 398 356 399 399 438 400 400 358 401 401 359 402 402 437 403 403 444 404 404 360 405 405 443 406 406 364 407 407 366 408 408 442 409 409 449 410 410 365 411 411 447 412 412 370 413 413 371 414 414 448 415 415 453 416 416 372 417 417 452 418 418 376 419 419 377 420 420 454 421 421 458 422 422 378 423 423 457 424 424 382 425 425 387 426 426 461 427 427 465 428 428 384 429 429 464 430 430 390 431 431 394 432 432 466 433 433 469 434 434 395 435 435 470 436 436 396 437 437 400 438 438 468 439 439 474 440 440 401 441 441 475 442 442 402 443 443 404 444 444 471 445 445 477 446 446 403 447 447 480 448 448 408 449 449 410 450 450 476 451 451 415 452 452 409 453 453 416 454 454 328 455 455 484 456 456 423 457 457 417 458 458 485 459 459 427 460 460 422 461 461 486 462 462 429 463 463 426 464 464 487 465 465 488 466 466 489 467 467 490 468 468 440 469 469 435 470 470 492 471 471 446 472 472 439 473 473 493 474 474 451 475 475 445 476 476 494 477 477 456 478 478 450 479 479 495 480 480 460 481 481 455 482 482 496 483 483 463 484 484 459 485 485 491 486 486 497 487 487 462 488 488 481 489 489 473 490 490 467 491 491 482 492 492 479 493 493 472 494 494 483 495 495 418 496 496 478 497 497 958 498 498 957 499 499 950 500 500 564 501 501 962 502 502 558 503 503 568 504 504 966 505 505 562 506 506 580 507 507 984 508 508 978 509 509 841 510 510 709 511 511 810 512 512 809 513 513 710 514 514 705 515 515 849 516 516 723 517 517 718 518 518 591 519 519 739 520 520 736 521 521 832 522 522 604 523 523 600 524 524 834 525 525 627 526 526 828 527 527 840 528 528 639 529 529 636 530 530 789 531 531 644 532 532 642 533 533 595 534 534 747 535 535 741 536 536 602 537 537 746 538 538 597 539 539 586 540 540 990 541 541 982 542 542 563 543 543 967 544 544 961 545 545 590 546 546 738 547 547 525 548 548 842 549 549 716 550 550 711 551 551 629 552 552 760 553 553 606 554 554 628 555 555 605 556 556 829 557 557 866 558 558 934 559 559 872 560 560 860 561 561 888 562 562 892 563 563 865 564 564 871 565 565 876 566 566 855 567 567 853 568 568 887 569 569 864 570 570 875 571 571 882 572 572 634 573 573 763 574 574 762 575 575 633 576 576 761 577 577 626 578 578 638 579 579 771 580 580 767 581 581 637 582 582 768 583 583 631 584 584 640 585 585 792 586 586 775 587 587 643 588 588 770 589 589 769 590 590 786 591 591 685 592 592 678 593 593 784 594 594 680 595 595 673 596 596 785 597 597 781 598 598 776 599 599 788 600 600 778 601 601 683 602 602 647 603 603 799 604 604 794 605 605 648 606 606 795 607 607 641 608 608 615 609 609 498 610 610 611 611 611 623 612 612 505 613 613 618 614 614 653 615 615 510 616 616 622 617 617 624 618 618 512 619 619 506 620 620 659 621 621 531 622 622 654 623 623 652 624 624 533 625 625 511 626 626 608 627 627 993 628 628 988 629 629 614 630 630 503 631 631 499 632 632 573 633 633 973 634 634 569 635 635 575 636 636 980 637 637 972 638 638 570 639 639 974 640 640 968 641 641 577 642 642 979 643 643 576 644 644 847 645 645 715 646 646 843 647 647 515 648 648 729 649 649 726 650 650 514 651 651 721 652 652 851 653 653 677 654 654 801 655 655 646 656 656 831 657 657 599 658 658 825 659 659 836 660 660 630 661 661 625 662 662 839 663 663 635 664 664 632 665 665 787 666 666 674 667 667 645 668 668 596 669 669 740 670 670 589 671 671 601 672 672 756 673 673 745 674 674 583 675 675 983 676 676 582 677 677 607 678 678 987 679 679 587 680 680 520 681 681 733 682 682 732 683 683 521 684 684 730 685 685 518 686 686 854 687 687 909 688 688 914 689 689 856 690 690 905 691 691 910 692 692 868 693 693 926 694 694 931 695 695 867 696 696 930 697 697 935 698 698 869 699 699 921 700 700 925 701 701 863 702 702 862 703 703 861 704 704 682 705 705 807 706 706 675 707 707 676 708 708 805 709 709 800 710 710 681 711 711 811 712 712 806 713 713 686 714 714 845 715 715 812 716 716 687 717 717 813 718 718 679 719 719 779 720 720 850 721 721 844 722 722 783 723 723 852 724 724 777 725 725 938 726 726 870 727 727 933 728 728 937 729 729 936 730 730 535 731 731 952 732 732 883 733 733 878 734 734 946 735 735 874 736 736 939 737 737 970 738 738 890 739 739 964 740 740 965 741 741 889 742 742 886 743 743 986 744 744 904 745 745 903 746 746 985 747 747 900 748 748 975 749 749 994 750 750 915 751 751 913 752 752 995 753 753 912 754 754 989 755 755 509 756 756 922 757 757 919 758 758 508 759 759 920 760 760 504 761 761 536 762 762 932 763 763 928 764 764 534 765 765 929 766 766 528 767 767 548 768 768 940 769 769 545 770 770 549 771 771 945 772 772 941 773 773 956 774 774 884 775 775 880 776 776 947 777 777 877 778 778 873 779 779 976 780 780 895 781 781 969 782 782 955 783 783 881 784 784 954 785 785 971 786 786 894 787 787 891 788 788 977 789 789 899 790 790 896 791 791 992 792 792 907 793 793 981 794 794 991 795 795 911 796 796 908 797 797 502 798 798 917 799 799 500 800 800 501 801 801 918 802 802 916 803 803 529 804 804 924 805 805 507 806 806 530 807 807 927 808 808 923 809 809 543 810 810 537 811 811 660 812 812 542 813 813 942 814 814 538 815 815 552 816 816 943 817 817 550 818 818 553 819 819 951 820 820 944 821 821 859 822 822 893 823 823 898 824 824 857 825 825 901 826 826 906 827 827 858 828 828 897 829 829 902 830 830 959 831 831 949 832 832 554 833 833 953 834 834 879 835 835 948 836 836 963 837 837 885 838 838 960 839 839 782 840 840 513 841 841 848 842 842 780 843 843 846 844 844 684 845 845 523 846 846 522 847 847 517 848 848 524 849 849 519 850 850 516 851 851 821 852 852 592 853 853 527 854 854 822 855 855 526 856 856 817 857 857 838 858 858 818 859 859 816 860 860 837 861 861 815 862 862 814 863 863 833 864 864 830 865 865 823 866 866 835 867 867 824 868 868 819 869 869 826 870 870 593 871 871 820 872 872 827 873 873 598 874 874 594 875 875 669 876 876 540 877 877 664 878 878 667 879 879 551 880 880 541 881 881 689 882 882 555 883 883 547 884 884 702 885 885 557 886 886 696 887 887 658 888 888 539 889 889 532 890 890 663 891 891 656 892 892 754 893 893 662 894 894 544 895 895 655 896 896 688 897 897 546 898 898 671 899 899 701 900 900 560 901 901 556 902 902 706 903 903 559 904 904 700 905 905 719 906 906 581 907 907 572 908 908 707 909 909 567 910 910 561 911 911 713 912 912 574 913 913 566 914 914 722 915 915 578 916 916 720 917 917 717 918 918 571 919 919 714 920 920 712 921 921 565 922 922 708 923 923 734 924 924 613 925 925 612 926 926 743 927 927 617 928 928 737 929 929 728 930 930 609 931 931 585 932 932 727 933 933 584 934 934 725 935 935 744 936 936 621 937 937 616 938 938 748 939 939 619 940 940 742 941 941 724 942 942 588 943 943 579 944 944 735 945 945 610 946 946 731 947 947 752 948 948 657 949 949 650 950 950 753 951 951 649 952 952 750 953 953 765 954 954 672 955 955 661 956 956 758 957 957 755 958 958 603 959 959 749 960 960 651 961 961 620 962 962 772 963 963 668 964 964 766 965 965 757 966 966 666 967 967 751 968 968 764 969 969 665 970 970 759 971 971 797 972 972 699 973 973 694 974 974 802 975 975 697 976 976 796 977 977 773 978 978 692 979 979 670 980 980 791 981 981 693 982 982 691 983 983 803 984 984 704 985 985 698 986 986 808 987 987 703 988 988 804 989 989 790 990 990 690 991 991 774 992 992 798 993 993 695 994 994 793 995 995 1000 996 996 1001 997 997 1007 998 998 999 999 999 1012 1000 1000 1002 1001 1001 1015 1002 1002 1022 1003 1003 1025 1004 1004 1033 1005 1005 1037 1006 1006 1044 1007 1007 997 1008 1008 1051 1009 1009 1011 1010 1010 1006 1011 1011 1041 1012 1012 998 1013 1013 1005 1014 1014 1049 1015 1015 1020 1016 1016 1008 1017 1017 1018 1018 1018 1030 1019 1019 1035 1020 1020 1052 1021 1021 1027 1022 1022 1036 1023 1023 1026 1024 1024 1024 1025 1025 1017 1026 1026 1055 1027 1027 1031 1028 1028 1046 1029 1029 1034 1030 1030 1023 1031 1031 1016 1032 1032 1045 1033 1033 1021 1034 1034 1032 1035 1035 1054 1036 1036 1039 1037 1037 996 1038 1038 1042 1039 1039 1048 1040 1040 1009 1041 1041 1029 1042 1042 1040 1043 1043 1004 1044 1044 1013 1045 1045 1050 1046 1046 1010 1047 1047 1003 1048 1048 1019 1049 1049 1014 1050 1050 1028 1051 1051 1053 1052 1052 1047 1053 1053 1043 1054 1054 1038 1055 1055 1057 1056 1056 1058 1057 1057 1059 1058 1058 1062 1059 1059 1070 1060 1060 1075 1061 1061 1060 1062 1062 1077 1063 1063 1056 1064 1064 1082 1065 1065 1085 1066 1066 1095 1067 1067 1097 1068 1068 1102 1069 1069 1104 1070 1070 1103 1071 1071 1108 1072 1072 1100 1073 1073 1110 1074 1074 1118 1075 1075 1119 1076 1076 1127 1077 1077 1128 1078 1078 1136 1079 1079 1139 1080 1080 1143 1081 1081 1147 1082 1082 1153 1083 1083 1157 1084 1084 1159 1085 1085 1160 1086 1086 1165 1087 1087 1167 1088 1088 1169 1089 1089 1171 1090 1090 1162 1091 1091 1177 1092 1092 1092 1093 1093 1181 1094 1094 1114 1095 1095 1189 1096 1096 1115 1097 1097 1155 1098 1098 1158 1099 1099 1192 1100 1100 1099 1101 1101 1194 1102 1102 1195 1103 1103 1144 1104 1104 1140 1105 1105 1198 1106 1106 1204 1107 1107 1209 1108 1108 1213 1109 1109 1199 1110 1110 1215 1111 1111 1218 1112 1112 1235 1113 1113 1238 1114 1114 1148 1115 1115 1149 1116 1116 1239 1117 1117 1234 1118 1118 1242 1119 1119 1245 1120 1120 1249 1121 1121 1243 1122 1122 1248 1123 1123 1250 1124 1124 1254 1125 1125 1116 1126 1126 1191 1127 1127 1186 1128 1128 1257 1129 1129 1255 1130 1130 1073 1131 1131 1259 1132 1132 1065 1133 1133 1066 1134 1134 1258 1135 1135 1263 1136 1136 1267 1137 1137 1271 1138 1138 1061 1139 1139 1129 1140 1140 1273 1141 1141 1135 1142 1142 1282 1143 1143 1289 1144 1144 1292 1145 1145 1098 1146 1146 1107 1147 1147 1193 1148 1148 1253 1149 1149 1296 1150 1150 1120 1151 1151 1288 1152 1152 1297 1153 1153 1305 1154 1154 1308 1155 1155 1310 1156 1156 1311 1157 1157 1237 1158 1158 1314 1159 1159 1315 1160 1160 1321 1161 1161 1323 1162 1162 1324 1163 1163 1327 1164 1164 1328 1165 1165 1329 1166 1166 1331 1167 1167 1130 1168 1168 1074 1169 1169 1337 1170 1170 1342 1171 1171 1344 1172 1172 1345 1173 1173 1347 1174 1174 1349 1175 1175 1351 1176 1176 1354 1177 1177 1356 1178 1178 1358 1179 1179 1359 1180 1180 1361 1181 1181 1363 1182 1182 1367 1183 1183 1368 1184 1184 1360 1185 1185 1370 1186 1186 1357 1187 1187 1369 1188 1188 1371 1189 1189 1362 1190 1190 1375 1191 1191 1318 1192 1192 1313 1193 1193 1325 1194 1194 1376 1195 1195 1322 1196 1196 1137 1197 1197 1150 1198 1198 1316 1199 1199 1378 1200 1200 1379 1201 1201 1380 1202 1202 1366 1203 1203 1364 1204 1204 1383 1205 1205 1385 1206 1206 1386 1207 1207 1387 1208 1208 1390 1209 1209 1391 1210 1210 1393 1211 1211 1394 1212 1212 1396 1213 1213 1398 1214 1214 1399 1215 1215 1400 1216 1216 1403 1217 1217 1163 1218 1218 1407 1219 1219 1111 1220 1220 1397 1221 1221 1410 1222 1222 1395 1223 1223 1412 1224 1224 1413 1225 1225 1415 1226 1226 1190 1227 1227 1109 1228 1228 1404 1229 1229 1416 1230 1230 1422 1231 1231 1424 1232 1232 1300 1233 1233 1286 1234 1234 1280 1235 1235 1089 1236 1236 1301 1237 1237 1081 1238 1238 1381 1239 1239 1426 1240 1240 1377 1241 1241 1382 1242 1242 1427 1243 1243 1365 1244 1244 1388 1245 1245 1428 1246 1246 1384 1247 1247 1429 1248 1248 1431 1249 1249 1432 1250 1250 1343 1251 1251 1434 1252 1252 1338 1253 1253 1435 1254 1254 1438 1255 1255 1439 1256 1256 1392 1257 1257 1441 1258 1258 1389 1259 1259 1442 1260 1260 1241 1261 1261 1251 1262 1262 1444 1263 1263 1445 1264 1264 1446 1265 1265 1306 1266 1266 1447 1267 1267 1287 1268 1268 1451 1269 1269 1452 1270 1270 1454 1271 1271 1414 1272 1272 1456 1273 1273 1411 1274 1274 1425 1275 1275 1459 1276 1276 1420 1277 1277 1124 1278 1278 1461 1279 1279 1132 1280 1280 1265 1281 1281 1260 1282 1282 1464 1283 1283 1465 1284 1284 1467 1285 1285 1266 1286 1286 1348 1287 1287 1470 1288 1288 1346 1289 1289 1471 1290 1290 1309 1291 1291 1401 1292 1292 1402 1293 1293 1476 1294 1294 1473 1295 1295 1330 1296 1296 1478 1297 1297 1326 1298 1298 1319 1299 1299 1152 1300 1300 1236 1301 1301 1123 1302 1302 1117 1303 1303 1252 1304 1304 1479 1305 1305 1122 1306 1306 1295 1307 1307 1112 1308 1308 1121 1309 1309 1480 1310 1310 1433 1311 1311 1482 1312 1312 1430 1313 1313 1485 1314 1314 1487 1315 1315 1307 1316 1316 1304 1317 1317 1299 1318 1318 1090 1319 1319 1484 1320 1320 1303 1321 1321 1096 1322 1322 1489 1323 1323 1483 1324 1324 1094 1325 1325 1490 1326 1326 1091 1327 1327 1491 1328 1328 1488 1329 1329 1493 1330 1330 1495 1331 1331 1497 1332 1332 1423 1333 1333 1419 1334 1334 1496 1335 1335 1418 1336 1336 1406 1337 1337 1462 1338 1338 1261 1339 1339 1498 1340 1340 1164 1341 1341 1161 1342 1342 1408 1343 1343 1501 1344 1344 1196 1345 1345 1141 1346 1346 1138 1347 1347 1317 1348 1348 1500 1349 1349 1069 1350 1350 1086 1351 1351 1078 1352 1352 1131 1353 1353 1332 1354 1354 1277 1355 1355 1405 1356 1356 1503 1357 1357 1185 1358 1358 1125 1359 1359 1285 1360 1360 1448 1361 1361 1126 1362 1362 1291 1363 1363 1290 1364 1364 1146 1365 1365 1145 1366 1366 1506 1367 1367 1197 1368 1368 1507 1369 1369 1142 1370 1370 1274 1371 1371 1513 1372 1372 1133 1373 1373 1200 1374 1374 1515 1375 1375 1516 1376 1376 1355 1377 1377 1517 1378 1378 1350 1379 1379 1068 1380 1380 1064 1381 1381 1184 1382 1382 1522 1383 1383 1527 1384 1384 1268 1385 1385 1302 1386 1386 1486 1387 1387 1449 1388 1388 1531 1389 1389 1511 1390 1390 1293 1391 1391 1510 1392 1392 1278 1393 1393 1294 1394 1394 1336 1395 1395 1283 1396 1396 1276 1397 1397 1509 1398 1398 1275 1399 1399 1281 1400 1400 1533 1401 1401 1373 1402 1402 1312 1403 1403 1536 1404 1404 1374 1405 1405 1532 1406 1406 1534 1407 1407 1538 1408 1408 1537 1409 1409 1502 1410 1410 1421 1411 1411 1460 1412 1412 1417 1413 1413 1504 1414 1414 1409 1415 1415 1541 1416 1416 1542 1417 1417 1453 1418 1418 1341 1419 1419 1339 1420 1420 1352 1421 1421 1072 1422 1422 1182 1423 1423 1084 1424 1424 1093 1425 1425 1087 1426 1426 1180 1427 1427 1463 1428 1428 1545 1429 1429 1466 1430 1430 1353 1431 1431 1518 1432 1432 1340 1433 1433 1134 1434 1434 1512 1435 1435 1530 1436 1436 1203 1437 1437 1546 1438 1438 1514 1439 1439 1183 1440 1440 1529 1441 1441 1174 1442 1442 1548 1443 1443 1201 1444 1444 1219 1445 1445 1549 1446 1446 1230 1447 1447 1552 1448 1448 1440 1449 1449 1558 1450 1450 1436 1451 1451 1560 1452 1452 1437 1453 1453 1556 1454 1454 1455 1455 1455 1561 1456 1456 1450 1457 1457 1557 1458 1458 1562 1459 1459 1559 1460 1460 1335 1461 1461 1079 1462 1462 1279 1463 1463 1284 1464 1464 1083 1465 1465 1298 1466 1466 1333 1467 1467 1071 1468 1468 1080 1469 1469 1076 1470 1470 1067 1471 1471 1334 1472 1472 1564 1473 1473 1566 1474 1474 1567 1475 1475 1569 1476 1476 1571 1477 1477 1474 1478 1478 1568 1479 1479 1573 1480 1480 1563 1481 1481 1575 1482 1482 1565 1483 1483 1574 1484 1484 1154 1485 1485 1577 1486 1486 1156 1487 1487 1572 1488 1488 1579 1489 1489 1576 1490 1490 1477 1491 1491 1580 1492 1492 1581 1493 1493 1578 1494 1494 1582 1495 1495 1583 1496 1496 1472 1497 1497 1475 1498 1498 1570 1499 1499 1584 1500 1500 1585 1501 1501 1587 1502 1502 1591 1503 1503 1592 1504 1504 1597 1505 1505 1590 1506 1506 1596 1507 1507 1598 1508 1508 1231 1509 1509 1599 1510 1510 1603 1511 1511 1224 1512 1512 1604 1513 1513 1605 1514 1514 1618 1515 1515 1619 1516 1516 1620 1517 1517 1617 1518 1518 1621 1519 1519 1622 1520 1520 1625 1521 1521 1443 1522 1522 1627 1523 1523 1624 1524 1524 1626 1525 1525 1630 1526 1526 1632 1527 1527 1634 1528 1528 1637 1529 1529 1631 1530 1530 1639 1531 1531 1643 1532 1532 1635 1533 1533 1633 1534 1534 1645 1535 1535 1636 1536 1536 1644 1537 1537 1640 1538 1538 1207 1539 1539 1205 1540 1540 1232 1541 1541 1208 1542 1542 1228 1543 1543 1210 1544 1544 1202 1545 1545 1547 1546 1546 1551 1547 1547 1206 1548 1548 1550 1549 1549 1223 1550 1550 1646 1551 1551 1648 1552 1552 1651 1553 1553 1653 1554 1554 1654 1555 1555 1655 1556 1556 1227 1557 1557 1656 1558 1558 1657 1559 1559 1225 1560 1560 1658 1561 1561 1607 1562 1562 1244 1563 1563 1647 1564 1564 1659 1565 1565 1246 1566 1566 1660 1567 1567 1247 1568 1568 1650 1569 1569 1623 1570 1570 1628 1571 1571 1649 1572 1572 1629 1573 1573 1652 1574 1574 1661 1575 1575 1229 1576 1576 1614 1577 1577 1662 1578 1578 1615 1579 1579 1663 1580 1580 1372 1581 1581 1499 1582 1582 1320 1583 1583 1113 1584 1584 1481 1585 1585 1166 1586 1586 1105 1587 1587 1101 1588 1588 1588 1589 1589 1589 1590 1590 1586 1591 1591 1106 1592 1592 1168 1593 1593 1664 1594 1594 1170 1595 1595 1665 1596 1596 1667 1597 1597 1669 1598 1598 1494 1599 1599 1172 1600 1600 1672 1601 1601 1264 1602 1602 1524 1603 1603 1270 1604 1604 1468 1605 1605 1523 1606 1606 1262 1607 1607 1670 1608 1608 1668 1609 1609 1540 1610 1610 1269 1611 1611 1526 1612 1612 1178 1613 1613 1179 1614 1614 1063 1615 1615 1272 1616 1616 1539 1617 1617 1666 1618 1618 1535 1619 1619 1543 1620 1620 1673 1621 1621 1521 1622 1622 1525 1623 1623 1469 1624 1624 1544 1625 1625 1175 1626 1626 1528 1627 1627 1520 1628 1628 1519 1629 1629 1671 1630 1630 1173 1631 1631 1151 1632 1632 1508 1633 1633 1240 1634 1634 1188 1635 1635 1505 1636 1636 1458 1637 1637 1457 1638 1638 1256 1639 1639 1187 1640 1640 1675 1641 1641 1681 1642 1642 1684 1643 1643 1685 1644 1644 1682 1645 1645 1677 1646 1646 1692 1647 1647 1694 1648 1648 1695 1649 1649 1693 1650 1650 1690 1651 1651 1697 1652 1652 1700 1653 1653 1688 1654 1654 1703 1655 1655 1705 1656 1656 1702 1657 1657 1689 1658 1658 1707 1659 1659 1715 1660 1660 1717 1661 1661 1704 1662 1662 1718 1663 1663 1699 1664 1664 1720 1665 1665 1722 1666 1666 1679 1667 1667 1686 1668 1668 1678 1669 1669 1721 1670 1670 1724 1671 1671 1726 1672 1672 1728 1673 1673 1680 1674 1674 1674 1675 1675 1719 1676 1676 1691 1677 1677 1696 1678 1678 1706 1679 1679 1727 1680 1680 1708 1681 1681 1725 1682 1682 1732 1683 1683 1733 1684 1684 1714 1685 1685 1687 1686 1686 1701 1687 1687 1698 1688 1688 1709 1689 1689 1729 1690 1690 1734 1691 1691 1683 1692 1692 1736 1693 1693 1676 1694 1694 1713 1695 1695 1710 1696 1696 1730 1697 1697 1735 1698 1698 1731 1699 1699 1712 1700 1700 1716 1701 1701 1723 1702 1702 1711 1703 1703 1741 1704 1704 1742 1705 1705 1747 1706 1706 1750 1707 1707 1746 1708 1708 1753 1709 1709 1744 1710 1710 1754 1711 1711 1749 1712 1712 1751 1713 1713 1737 1714 1714 1748 1715 1715 1756 1716 1716 1757 1717 1717 1759 1718 1718 1755 1719 1719 1758 1720 1720 1760 1721 1721 1762 1722 1722 1641 1723 1723 1740 1724 1724 1761 1725 1725 1739 1726 1726 1752 1727 1727 1600 1728 1728 1233 1729 1729 1611 1730 1730 1601 1731 1731 1608 1732 1732 1602 1733 1733 1638 1734 1734 1763 1735 1735 1745 1736 1736 1642 1737 1737 1743 1738 1738 1738 1739 1739 1554 1740 1740 1216 1741 1741 1612 1742 1742 1555 1743 1743 1609 1744 1744 1764 1745 1745 1226 1746 1746 1553 1747 1747 1766 1748 1748 1220 1749 1749 1765 1750 1750 1610 1751 1751 1221 1752 1752 1211 1753 1753 1767 1754 1754 1217 1755 1755 1768 1756 1756 1616 1757 1757 1214 1758 1758 1222 1759 1759 1606 1760 1760 1212 1761 1761 1613 1762 1762 1769 1763 1763 1771 1764 1764 1777 1765 1765 1783 1766 1766 1772 1767 1767 1780 1768 1768 1785 1769 1769 1594 1770 1770 1788 1771 1771 1789 1772 1772 1593 1773 1773 1790 1774 1774 1595 1775 1775 1792 1776 1776 1773 1777 1777 1770 1778 1778 1794 1779 1779 1797 1780 1780 1802 1781 1781 1795 1782 1782 1803 1783 1783 1805 1784 1784 1775 1785 1785 1807 1786 1786 1808 1787 1787 1806 1788 1788 1776 1789 1789 1791 1790 1790 1810 1791 1791 1813 1792 1792 1816 1793 1793 1812 1794 1794 1814 1795 1795 1800 1796 1796 1818 1797 1797 1811 1798 1798 1801 1799 1799 1817 1800 1800 1799 1801 1801 1793 1802 1802 1774 1803 1803 1809 1804 1804 1819 1805 1805 1778 1806 1806 1821 1807 1807 1784 1808 1808 1822 1809 1809 1825 1810 1810 1830 1811 1811 1823 1812 1812 1828 1813 1813 1831 1814 1814 1796 1815 1815 1815 1816 1816 1835 1817 1817 1798 1818 1818 1834 1819 1819 1804 1820 1820 1786 1821 1821 1781 1822 1822 1838 1823 1823 1787 1824 1824 1837 1825 1825 1839 1826 1826 1782 1827 1827 1820 1828 1828 1840 1829 1829 1779 1830 1830 1841 1831 1831 1836 1832 1832 1842 1833 1833 1844 1834 1834 1845 1835 1835 1843 1836 1836 1846 1837 1837 1850 1838 1838 1853 1839 1839 1824 1840 1840 1833 1841 1841 1852 1842 1842 1832 1843 1843 1855 1844 1844 1827 1845 1845 1859 1846 1846 1860 1847 1847 1826 1848 1848 1861 1849 1849 1829 1850 1850 1858 1851 1851 1851 1852 1852 1856 1853 1853 1857 1854 1854 1854 1855 1855 1862 1856 1856 1864 1857 1857 1865 1858 1858 1848 1859 1859 1863 1860 1860 1849 1861 1861 1847 1862 1862 1867 1863 1863 1870 1864 1864 1873 1865 1865 1868 1866 1866 1874 1867 1867 1876 1868 1868 1871 1869 1869 1878 1870 1870 1880 1871 1871 1869 1872 1872 1879 1873 1873 1872 1874 1874 1881 1875 1875 1866 1876 1876 1875 1877 1877 1882 1878 1878 1877 1879 1879 1883 1880 1880 1492 1881 1881 1088 1882 1882 1176 1883 1883 1885 1884 1884 1886 1884 1885 1888 1884 1886 1887 1885 1887 1889 1885 1888 1884 1885 1889 1891 1886 1890 1892 1886 1891 1894 1886 1892 1893 1887 1893 1895 1887 1894 1890 1887 1895 1897 1888 1896 1898 1888 1897 1900 1888 1898 1899 1889 1899 1901 1889 1900 1896 1889 1901 1906 1890 1902 1911 1891 1903 1913 1892 1904 1912 1893 1905 1915 1894 1906 1905 1895 1907 1918 1896 1908 1922 1897 1909 1925 1898 1910 1926 1899 1911 1924 1900 1912 1921 1901 1913 1927 1902 1914 1903 1903 1915 1914 1904 1916 1916 1905 1917 1929 1906 1918 1930 1906 1919 1932 1907 1920 1933 1908 1921 1934 1909 1922 1935 1910 1923 1936 1911 1924 1931 1912 1925 1937 1913 1926 1939 1914 1927 1942 1915 1928 1940 1916 1929 1944 1917 1930 1947 1918 1931 1948 1919 1932 1941 1920 1933 1938 1921 1934 1943 1922 1935 1949 1923 1936 1951 1924 1937 1950 1925 1938 1946 1926 1939 1945 1927 1940 1952 1928 1941 1953 1929 1942 1954 1930 1943 1957 1931 1944 1961 1932 1945 1963 1933 1946 1968 1934 1947 1955 1935 1948 1964 1936 1949 1910 1937 1950 1902 1938 1951 1967 1939 1952 1965 1940 1953 1959 1941 1954 1909 1942 1955 1907 1943 1956 1928 1944 1957 1969 1945 1958 1970 1946 1959 1966 1947 1960 1904 1948 1961 1923 1949 1962 1919 1950 1963 1956 1951 1964 1920 1952 1965 1908 1953 1966 1960 1954 1967 1962 1955 1968 1958 1956 1969 1917 1957 1970 1971 1958 1971 1973 1959 1972 1975 1960 1973 1972 1961 1974 1974 1962 1975 1976 1963 1976 1980 1964 1977 1982 1965 1978 1985 1966 1979 1978 1967 1980 1986 1968 1981 1991 1969 1982 1997 1970 1983 2002 1971 1984 2005 1972 1985 1996 1973 1986 2011 1974 1987 2003 1975 1988 1981 1976 1989 2006 1977 1990 1983 1978 1991 1990 1979 1992 2000 1980 1993 2012 1981 1994 1989 1982 1995 2009 1983 1996 2001 1984 1997 1992 1985 1998 1999 1986 1999 1979 1987 2000 2013 1988 2001 2020 1989 2002 2022 1990 2003 2014 1991 2004 2024 1992 2005 2028 1993 2006 2031 1994 2007 2039 1995 2008 2041 1996 2009 2033 1997 2010 2048 1998 2011 2040 1999 2012 2017 2000 2013 2034 2001 2014 2042 2002 2015 2026 2003 2016 2045 2004 2017 2030 2005 2018 2023 2006 2019 2043 2007 2020 2038 2008 2021 2029 2009 2022 2032 2010 2023 2016 2011 2024 2050 2012 2025 2056 2013 2026 2061 2014 2027 2053 2015 2028 2059 2016 2029 2062 2017 2030 2068 2018 2031 2075 2019 2032 2077 2020 2033 2067 2021 2034 2082 2022 2035 2076 2023 2036 2052 2024 2037 2081 2025 2038 2054 2026 2039 2066 2027 2040 2074 2028 2041 2083 2029 2042 2057 2030 2043 2080 2031 2044 2073 2032 2045 2063 2033 2046 2071 2034 2047 2051 2035 2048 2085 2036 2049 2092 2037 2050 2094 2038 2051 2088 2039 2052 2098 2040 2053 2102 2041 2054 2104 2042 2055 2112 2043 2056 2116 2044 2057 2103 2045 2058 2118 2046 2059 2110 2047 2060 2089 2048 2061 2107 2049 2062 2113 2050 2063 2096 2051 2064 2117 2052 2065 2099 2053 2066 2097 2054 2067 2115 2055 2068 2111 2056 2069 2100 2057 2070 2108 2058 2071 2087 2059 2072 2121 2060 2073 2129 2061 2074 2133 2062 2075 2139 2063 2076 2143 2064 2077 2149 2065 2078 2155 2066 2079 2138 2067 2080 2126 2068 2081 2156 2069 2082 2163 2070 2083 2147 2071 2084 2153 2072 2085 2166 2073 2086 2161 2074 2087 2123 2075 2088 2144 2076 2089 2171 2077 2090 2169 2078 2091 2135 2079 2092 2178 2080 2093 2145 2081 2094 2177 2082 2095 2173 2083 2096 2124 2084 2097 2134 2085 2098 2168 2086 2099 2175 2087 2100 2132 2088 2101 2131 2089 2102 2176 2090 2103 2130 2091 2104 2174 2092 2105 2140 2093 2106 2148 2094 2107 2127 2095 2108 2152 2096 2109 2125 2097 2110 2167 2098 2111 2157 2099 2112 2150 2100 2113 2142 2101 2114 2151 2102 2115 2162 2103 2116 2158 2104 2117 2122 2105 2118 2172 2106 2119 2128 2107 2120 2170 2108 2121 2179 2109 2122 2165 2110 2123 2159 2111 2124 2141 2112 2125 2137 2113 2126 2160 2114 2127 2136 2115 2128 2154 2116 2129 2146 2117 2130 2164 2118 2131 2180 2119 2132 2181 2120 2133 2183 2121 2134 2185 2122 2135 2184 2123 2136 2182 2124 2137 2186 2125 2138 2187 2126 2139 2191 2127 2140 2197 2128 2141 2190 2129 2142 2196 2130 2143 2201 2131 2144 2205 2132 2145 2214 2133 2146 2218 2134 2147 2207 2135 2148 2219 2136 2149 2213 2137 2150 2194 2138 2151 2209 2139 2152 2217 2140 2153 2200 2141 2154 2220 2142 2155 2202 2143 2156 2198 2144 2157 2216 2145 2158 2212 2146 2159 2203 2147 2160 2208 2148 2161 2188 2149 2162 2223 2150 2163 2224 2151 2164 2227 2152 2165 2225 2153 2166 2228 2154 2167 2226 2155 2168 1977 2156 2169 1995 2157 2170 2008 2158 2171 1994 2159 2172 1987 2160 2173 2004 2161 2174 1988 2162 2175 1984 2163 2176 2007 2164 2177 1993 2165 2178 2010 2166 2179 1998 2167 2180 2019 2168 2181 2015 2169 2182 2036 2170 2183 2021 2171 2184 2037 2172 2185 2046 2173 2186 2025 2174 2187 2018 2175 2188 2044 2176 2189 2027 2177 2190 2047 2178 2191 2035 2179 2192 2049 2180 2193 2069 2181 2194 2078 2182 2195 2065 2183 2196 2060 2184 2197 2072 2185 2198 2058 2186 2199 2055 2187 2200 2079 2188 2201 2064 2189 2202 2084 2190 2203 2070 2191 2204 2090 2192 2205 2086 2193 2206 2105 2194 2207 2095 2195 2208 2109 2196 2209 2119 2197 2210 2093 2198 2211 2091 2199 2212 2114 2200 2213 2101 2201 2214 2120 2202 2215 2106 2203 2216 2193 2204 2217 2189 2205 2218 2206 2206 2219 2195 2207 2220 2211 2208 2221 2222 2209 2222 2199 2210 2223 2192 2211 2224 2215 2212 2225 2204 2213 2226 2221 2214 2227 2210 2215 2228 2233 2216 2229 2237 2217 2230 2239 2218 2231 2240 2219 2232 2243 2220 2233 2232 2221 2234 2244 2222 2235 2241 2223 2236 2238 2224 2237 2230 2225 2238 2242 2226 2239 2245 2227 2240 2247 2228 2241 2236 2229 2242 2235 2230 2243 2229 2231 2244 2250 2232 2245 2254 2233 2246 2252 2234 2247 2255 2235 2248 2249 2236 2249 2246 2237 2250 2258 2238 2251 2253 2239 2252 2248 2240 2253 2256 2241 2254 2234 2242 2255 2231 2243 2256 2257 2244 2257 2251 2245 2258 2262 2246 2259 2267 2247 2260 2269 2248 2261 2268 2249 2262 2271 2250 2263 2263 2251 2264 2275 2252 2265 2273 2253 2266 2270 2254 2267 2264 2255 2268 2272 2256 2269 2274 2257 2270 2277 2258 2271 2280 2259 2272 2282 2260 2273 2283 2261 2274 2287 2262 2275 2276 2263 2276 2284 2264 2277 2266 2265 2278 2259 2266 2279 2260 2267 2280 2285 2268 2281 2281 2269 2282 2265 2270 2283 2288 2271 2284 2279 2272 2285 2278 2273 2286 2286 2274 2287 2261 2275 2288 2289 2276 2289 2297 2277 2290 2301 2278 2291 2307 2279 2292 2311 2280 2293 2317 2281 2294 2323 2282 2295 2306 2283 2296 2294 2284 2297 2324 2285 2298 2331 2286 2299 2315 2287 2300 2321 2288 2301 2334 2289 2302 2329 2290 2303 2291 2291 2304 2312 2292 2305 2339 2293 2306 2337 2294 2307 2302 2295 2308 2348 2296 2309 2313 2297 2310 2345 2298 2311 2341 2299 2312 2292 2300 2313 2303 2301 2314 2336 2302 2315 2344 2303 2316 2300 2304 2317 2298 2305 2318 2343 2306 2319 2299 2307 2320 2342 2308 2321 2308 2309 2322 2316 2310 2323 2295 2311 2324 2320 2312 2325 2293 2313 2326 2335 2314 2327 2325 2315 2328 2318 2316 2329 2309 2317 2330 2319 2318 2331 2330 2319 2332 2326 2320 2333 2290 2321 2334 2340 2322 2335 2296 2323 2336 2338 2324 2337 2346 2325 2338 2333 2326 2339 2327 2327 2340 2310 2328 2341 2304 2329 2342 2328 2330 2343 2305 2331 2344 2322 2332 2345 2314 2333 2346 2332 2334 2347 2347 2335 2348 2355 2336 2349 2356 2337 2350 2359 2338 2351 2360 2339 2352 2354 2340 2353 2358 2341 2354 2362 2342 2355 2350 2343 2356 2364 2344 2357 2367 2345 2358 2370 2346 2359 2351 2347 2360 2372 2348 2361 2380 2349 2362 2381 2350 2363 2384 2351 2364 2374 2352 2365 2382 2353 2366 2386 2354 2367 2378 2355 2368 2388 2356 2369 2391 2357 2370 2393 2358 2371 2376 2359 2372 2396 2360 2373 2399 2361 2374 2404 2362 2375 2406 2363 2376 2398 2364 2377 2408 2365 2378 2403 2366 2379 2411 2367 2380 2409 2368 2381 2413 2369 2382 2416 2370 2383 2401 2371 2384 2418 2372 2385 2424 2373 2386 2428 2374 2387 2430 2375 2388 2426 2376 2389 2432 2377 2390 2420 2378 2391 2433 2379 2392 2431 2380 2393 2436 2381 2394 2439 2382 2395 2422 2383 2396 2443 2384 2397 2449 2385 2398 2451 2386 2399 2453 2387 2400 2445 2388 2401 2450 2389 2402 2458 2390 2403 2462 2391 2404 2464 2392 2405 2466 2393 2406 2459 2394 2407 2469 2395 2408 2468 2396 2409 2442 2397 2410 2471 2398 2411 2460 2399 2412 2474 2400 2413 2447 2401 2414 2477 2402 2415 2482 2403 2416 2484 2404 2417 2486 2405 2418 2479 2406 2419 2485 2407 2420 2491 2408 2421 2495 2409 2422 2498 2410 2423 2499 2411 2424 2490 2412 2425 2501 2413 2426 2503 2414 2427 2481 2415 2428 2505 2416 2429 2489 2417 2430 2507 2418 2431 2475 2419 2432 2509 2420 2433 2515 2421 2434 2518 2422 2435 2521 2423 2436 2514 2424 2437 2523 2425 2438 2527 2426 2439 2532 2427 2440 2533 2428 2441 2528 2429 2442 2535 2430 2443 2537 2431 2444 2517 2432 2445 2539 2433 2446 2522 2434 2447 2541 2435 2448 2525 2436 2449 2511 2437 2450 2544 2438 2451 2549 2439 2452 2553 2440 2453 2555 2441 2454 2550 2442 2455 2557 2443 2456 2561 2444 2457 2565 2445 2458 2568 2446 2459 2560 2447 2460 2570 2448 2461 2573 2449 2462 2545 2450 2463 2571 2451 2464 2556 2452 2465 2575 2453 2466 2563 2454 2467 2551 2455 2468 2353 2456 2469 2371 2457 2470 2357 2458 2471 2361 2459 2472 2365 2460 2473 2352 2461 2474 2363 2462 2475 2368 2463 2476 2349 2464 2477 2366 2465 2478 2577 2466 2479 2369 2467 2480 2375 2468 2481 2394 2469 2482 2379 2470 2483 2383 2471 2484 2387 2472 2485 2373 2473 2486 2385 2474 2487 2389 2475 2488 2377 2476 2489 2390 2477 2490 2578 2478 2491 2392 2479 2492 2395 2480 2493 2412 2481 2494 2397 2482 2495 2407 2483 2496 2405 2484 2497 2400 2485 2498 2402 2486 2499 2415 2487 2500 2410 2488 2501 2414 2489 2502 2579 2490 2503 2417 2491 2504 2419 2492 2505 2437 2493 2506 2425 2494 2507 2429 2495 2508 2427 2496 2509 2423 2497 2510 2421 2498 2511 2440 2499 2512 2434 2500 2513 2435 2501 2514 2580 2502 2515 2438 2503 2516 2446 2504 2517 2472 2505 2518 2448 2506 2519 2452 2507 2520 2470 2508 2521 2444 2509 2522 2455 2510 2523 2582 2511 2524 2461 2512 2525 2465 2513 2526 2581 2514 2527 2454 2515 2528 2467 2516 2529 2456 2517 2530 2441 2518 2531 2457 2519 2532 2463 2520 2533 2473 2521 2534 2476 2522 2535 2508 2523 2536 2483 2524 2537 2487 2525 2538 2504 2526 2539 2478 2527 2540 2492 2528 2541 2583 2529 2542 2496 2530 2543 2500 2531 2544 2584 2532 2545 2494 2533 2546 2502 2534 2547 2493 2535 2548 2480 2536 2549 2488 2537 2550 2497 2538 2551 2506 2539 2552 2510 2540 2553 2542 2541 2554 2513 2542 2555 2520 2543 2556 2519 2544 2557 2512 2545 2558 2526 2546 2559 2585 2547 2560 2531 2548 2561 2530 2549 2562 2534 2550 2563 2536 2551 2564 2516 2552 2565 2529 2553 2566 2538 2554 2567 2540 2555 2568 2586 2556 2569 2524 2557 2570 2543 2558 2571 2574 2559 2572 2548 2560 2573 2554 2561 2574 2552 2562 2575 2547 2563 2576 2562 2564 2577 2588 2565 2578 2566 2566 2579 2558 2567 2580 2567 2568 2581 2569 2569 2582 2546 2570 2583 2559 2571 2584 2572 2572 2585 2576 2573 2586 2587 2574 2587 2564 2575 2588 2592 2576 2589 2593 2577 2590 2597 2578 2591 2601 2579 2592 2606 2580 2593 2607 2581 2594 2591 2582 2595 2604 2583 2596 2609 2584 2597 2611 2585 2598 2614 2586 2599 2615 2587 2600 2612 2588 2601 2616 2589 2602 2613 2590 2603 2600 2591 2604 2594 2592 2605 2618 2593 2606 2599 2594 2607 2610 2595 2608 2603 2596 2609 2602 2597 2610 2608 2598 2611 2596 2599 2612 2590 2600 2613 2617 2601 2614 2595 2602 2615 2589 2603 2616 2598 2604 2617 2605 2605 2618 2620 2606 2619 2621 2607 2620 2622 2608 2621 2619 2609 2622 2623 2610 2623 2624 2611 2624 2626 2612 2625 2632 2613 2626 2633 2614 2627 2635 2615 2628 2637 2616 2629 2639 2617 2630 2642 2618 2631 2643 2619 2632 2646 2620 2633 2651 2621 2634 2654 2622 2635 2645 2623 2636 2628 2624 2637 2657 2625 2638 2660 2626 2639 2665 2627 2640 2669 2628 2641 2671 2629 2642 2675 2630 2643 2678 2631 2644 2680 2632 2645 2664 2633 2646 2676 2634 2647 2682 2635 2648 2685 2636 2649 2686 2637 2650 2688 2638 2651 2684 2639 2652 2687 2640 2653 2689 2641 2654 2690 2642 2655 2693 2643 2656 2694 2644 2657 2691 2645 2658 2695 2646 2659 2692 2647 2660 2697 2648 2661 2699 2649 2662 2700 2650 2663 2701 2651 2664 2703 2652 2665 2705 2653 2666 2709 2654 2667 2630 2655 2668 2711 2656 2669 2708 2657 2670 2659 2658 2671 2713 2659 2672 2714 2660 2673 2717 2661 2674 2718 2662 2675 2673 2663 2676 2666 2664 2677 2720 2665 2678 2724 2666 2679 2655 2667 2680 2725 2668 2681 2723 2669 2682 2647 2670 2683 2727 2671 2684 2706 2672 2685 2710 2673 2686 2656 2674 2687 2625 2675 2688 2661 2676 2689 2631 2677 2690 2636 2678 2691 2729 2679 2692 2638 2680 2693 2696 2681 2694 2730 2682 2695 2698 2683 2696 2702 2684 2697 2731 2685 2698 2704 2686 2699 2715 2687 2700 2732 2688 2701 2716 2689 2702 2707 2690 2703 2634 2691 2704 2629 2692 2705 2627 2693 2706 2712 2694 2707 2658 2695 2708 2672 2696 2709 2683 2697 2710 2679 2698 2711 2674 2699 2712 2681 2700 2713 2668 2701 2714 2663 2702 2715 2719 2703 2716 2667 2704 2717 2662 2705 2718 2670 2706 2719 2677 2707 2720 2641 2708 2721 2650 2709 2722 2644 2710 2723 2649 2711 2724 2726 2712 2725 2652 2713 2726 2721 2714 2727 2728 2715 2728 2653 2716 2729 2722 2717 2730 2640 2718 2731 2648 2719 2732 2735 2720 2733 2738 2721 2734 2742 2722 2735 2744 2723 2736 2745 2724 2737 2747 2725 2738 2750 2726 2739 2752 2727 2740 2754 2728 2741 2759 2729 2742 2762 2730 2743 2751 2731 2744 2733 2732 2745 2767 2733 2746 2768 2734 2747 2771 2735 2748 2772 2736 2749 2774 2737 2750 2770 2738 2751 2773 2739 2752 2775 2740 2753 2777 2741 2754 2778 2742 2755 2780 2743 2756 2781 2744 2757 2784 2745 2758 2785 2746 2759 2787 2747 2760 2740 2748 2761 2790 2749 2762 2788 2750 2763 2764 2751 2764 2792 2752 2765 2795 2753 2766 2797 2754 2767 2798 2755 2768 2802 2756 2769 2763 2757 2770 2803 2758 2771 2801 2759 2772 2756 2760 2773 2806 2761 2774 2786 2762 2775 2791 2763 2776 2765 2764 2777 2736 2765 2778 2769 2766 2779 2737 2767 2780 2743 2768 2781 2807 2769 2782 2746 2770 2783 2776 2771 2784 2808 2772 2785 2779 2773 2786 2782 2774 2787 2809 2775 2788 2783 2776 2789 2794 2777 2790 2810 2778 2791 2796 2779 2792 2789 2780 2793 2741 2781 2794 2739 2782 2795 2734 2783 2796 2793 2784 2797 2766 2785 2798 2749 2786 2799 2758 2787 2800 2753 2788 2801 2757 2789 2802 2804 2790 2803 2760 2791 2804 2799 2792 2805 2805 2793 2806 2761 2794 2807 2800 2795 2808 2748 2796 2809 2755 2797 2810</p>
        </triangles>
      </mesh>
    </geometry>
  </library_geometries>
  <library_controllers>
    <controller id="ornit_UK_galleon2_Skin_joybags-skin" name="ornit_UK_galleon2_Skin">
      <skin source="#feiting_Mesh_002-mesh">
        <bind_shape_matrix>1 0 0 0 0 1 0 0 0 0 1 0 0 0 0 1</bind_shape_matrix>
        <source id="ornit_UK_galleon2_Skin_joybags-skin-joints">
          <Name_array id="ornit_UK_galleon2_Skin_joybags-skin-joints-array" count="8">root port_tackle01 star_tackle_001 ammo_node_0 ammo_node_1 sbr_axle pivot_node_0 pivot_node_1</Name_array>
          <technique_common>
            <accessor source="#ornit_UK_galleon2_Skin_joybags-skin-joints-array" count="8" stride="1">
              <param name="JOINT" type="name"/>
            </accessor>
          </technique_common>
        </source>
        <source id="ornit_UK_galleon2_Skin_joybags-skin-bind_poses">
          <float_array id="ornit_UK_galleon2_Skin_joybags-skin-bind_poses-array" count="128">0 1 2.3841e-7 0.003927171 0 -2.3841e-7 1 0.004104554 1 0 0 0.001933872 0 0 0 1 0 1 4.74674e-7 6.553005 0 -4.74674e-7 1 -37.66134 1 0 0 -29.30891 0 0 0 1 0 1 4.74674e-7 6.55301 0 -4.74674e-7 1 -37.66136 1 0 0 30.05059 0 0 0 1 1 0 1.20404e-7 11.07079 0 -1 0 -3.126821 1.20396e-7 0 -1 16.58073 0 0 0 1 1 0 0 -10.7761 0 -1 0 -76.97033 0 0 -1 15.96561 0 0 0 1 1 0 -1.21019e-7 17.69556 0 -1 -2.3841e-7 72.17001 -1.21028e-7 2.3841e-7 -1 3.00963 0 0 0 1 1 2.33734e-7 -1.50996e-7 -2.001825 2.33734e-7 -1 0 44.84663 -1.51005e-7 0 -1 68.91764 0 0 0 1 1 2.59503e-7 -1.50996e-7 -2.460223 2.59503e-7 -1 0 -62.8354 -1.51004e-7 0 -1 39.96202 0 0 0 1</float_array>
          <technique_common>
            <accessor source="#ornit_UK_galleon2_Skin_joybags-skin-bind_poses-array" count="8" stride="16">
              <param name="TRANSFORM" type="float4x4"/>
            </accessor>
          </technique_common>
        </source>
        <source id="ornit_UK_galleon2_Skin_joybags-skin-weights">
          <float_array id="ornit_UK_galleon2_Skin_joybags-skin-weights-array" count="2811">1 1 1 1 1 1 1 1 1 1 1 1 1 1 1 1 1 1 1 1 1 1 1 1 1 1 1 1 1 1 1 1 1 1 1 1 1 1 1 1 1 1 1 1 1 1 1 1 1 1 1 1 1 1 1 1 1 1 1 1 1 1 1 1 1 1 1 1 1 1 1 1 1 1 1 1 1 1 1 1 1 1 1 1 1 1 1 1 1 1 1 1 1 1 1 1 1 1 1 1 1 1 1 1 1 1 1 1 1 1 1 1 1 1 1 1 1 1 1 1 1 1 1 1 1 1 1 1 1 1 1 1 1 1 1 1 1 1 1 1 1 1 1 1 1 1 1 1 1 1 1 1 1 1 1 1 1 1 1 1 1 1 1 1 1 1 1 1 1 1 1 1 1 1 1 1 1 1 1 1 1 1 1 1 1 1 1 1 1 1 1 1 1 1 1 1 1 1 1 1 1 1 1 1 1 1 1 1 1 1 1 1 1 1 1 1 1 1 1 1 1 1 1 1 1 1 1 1 1 1 1 1 1 1 1 1 1 1 1 1 1 1 1 1 1 1 1 1 1 1 1 1 1 1 1 1 1 1 1 1 1 1 1 1 1 1 1 1 1 1 1 1 1 1 1 1 1 1 1 1 1 1 1 1 1 1 1 1 1 1 1 1 1 1 1 1 1 1 1 1 1 1 1 1 1 1 1 1 1 1 1 1 1 1 1 1 1 1 1 1 1 1 1 1 1 1 1 1 1 1 1 1 1 1 1 1 1 1 1 1 1 1 1 1 1 1 1 1 1 1 1 1 1 1 1 1 1 1 1 1 1 1 1 1 1 1 1 1 1 1 1 1 1 1 1 1 1 1 1 1 1 1 1 1 1 1 1 1 1 1 1 1 1 1 1 1 1 1 1 1 1 1 1 1 1 1 1 1 1 1 1 1 1 1 1 1 1 1 1 1 1 1 1 1 1 1 1 1 1 1 1 1 1 1 1 1 1 1 1 1 1 1 1 1 1 1 1 1 1 1 1 1 1 1 1 1 1 1 1 1 1 1 1 1 1 1 1 1 1 1 1 1 1 1 1 1 1 1 1 1 1 1 1 1 1 1 1 1 1 1 1 1 1 1 1 1 1 1 1 1 1 1 1 1 1 1 1 1 1 1 1 1 1 1 1 1 1 1 1 1 1 1 1 1 1 1 1 1 1 1 1 1 1 1 1 1 1 1 1 1 1 1 1 1 1 1 1 1 1 1 1 1 1 1 1 1 1 1 1 1 1 1 1 1 1 1 1 1 1 1 1 1 1 1 1 1 1 1 1 1 1 1 1 1 1 1 1 1 1 1 1 1 1 1 1 1 1 1 1 1 1 1 1 1 1 1 1 1 1 1 1 1 1 1 1 1 1 1 1 1 1 1 1 1 1 1 1 1 1 1 1 1 1 1 1 1 1 1 1 1 1 1 1 1 1 1 1 1 1 1 1 1 1 1 1 1 1 1 1 1 1 1 1 1 1 1 1 1 1 1 1 1 1 1 1 1 1 1 1 1 1 1 1 1 1 1 1 1 1 1 1 1 1 1 1 1 1 1 1 1 1 1 1 1 1 1 1 1 1 1 1 1 1 1 1 1 1 1 1 1 1 1 1 1 1 1 1 1 1 1 1 1 1 1 1 1 1 1 1 1 1 1 1 1 1 1 1 1 1 1 1 1 1 1 1 1 1 1 1 1 1 1 1 1 1 1 1 1 1 1 1 1 1 1 1 1 1 1 1 1 1 1 1 1 1 1 1 1 1 1 1 1 1 1 1 1 1 1 1 1 1 1 1 1 1 1 1 1 1 1 1 1 1 1 1 1 1 1 1 1 1 1 1 1 1 1 1 1 1 1 1 1 1 1 1 1 1 1 1 1 1 1 1 1 1 1 1 1 1 1 1 1 1 1 1 1 1 1 1 1 1 1 1 1 1 1 1 1 1 1 1 1 1 1 1 1 1 1 1 1 1 1 1 1 1 1 1 1 1 1 1 1 1 1 1 1 1 1 1 1 1 1 1 1 1 1 1 1 1 1 1 1 1 1 1 1 1 1 1 1 1 1 1 1 1 1 1 1 1 1 1 1 1 1 1 1 1 1 1 1 1 1 1 1 1 1 1 1 1 1 1 1 1 1 1 1 1 1 1 1 1 1 1 1 1 1 1 1 1 1 1 1 1 1 1 1 1 1 1 1 1 1 1 1 1 1 1 1 1 1 1 1 1 1 1 1 1 1 1 1 1 1 1 1 1 1 1 1 1 1 1 1 1 1 1 1 1 1 1 1 1 1 1 1 1 1 1 1 1 1 1 1 1 1 1 1 1 1 1 1 1 1 1 1 1 1 1 1 1 1 1 1 1 1 1 1 1 1 1 1 1 1 1 1 1 1 1 1 1 1 1 1 1 1 1 1 1 1 1 1 1 1 1 1 1 1 1 1 1 1 1 1 1 1 1 1 1 1 1 1 1 1 1 1 1 1 1 1 1 1 1 1 1 1 1 1 1 1 1 1 1 1 1 1 1 1 1 1 1 1 1 1 1 1 1 1 1 1 1 1 1 1 1 1 1 1 1 1 1 1 1 1 1 1 1 1 1 1 1 1 1 1 1 1 1 1 1 1 1 1 1 1 1 1 1 1 1 1 1 1 1 1 1 1 1 1 1 1 1 1 1 1 1 1 1 1 1 1 1 1 1 1 1 1 1 1 1 1 1 1 1 1 1 1 1 1 1 1 1 1 1 1 1 1 1 1 1 1 1 1 1 1 1 1 1 1 1 1 1 1 1 1 1 1 1 1 1 1 1 1 1 1 1 1 1 1 1 1 1 1 1 1 1 1 1 1 1 1 1 1 1 1 1 1 1 1 1 1 1 1 1 1 1 1 1 1 1 1 1 1 1 1 1 1 1 1 1 1 1 1 1 1 1 1 1 1 1 1 1 1 1 1 1 1 1 1 1 1 1 1 1 1 1 1 1 1 1 1 1 1 1 1 1 1 1 1 1 1 1 1 1 1 1 1 1 1 1 1 1 1 1 1 1 1 1 1 1 1 1 1 1 1 1 1 1 1 1 1 1 1 1 1 1 1 1 1 1 1 1 1 1 1 1 1 1 1 1 1 1 1 1 1 1 1 1 1 1 1 1 1 1 1 1 1 1 1 1 1 1 1 1 1 1 1 1 1 1 1 1 1 1 1 1 1 1 1 1 1 1 1 1 1 1 1 1 1 1 1 1 1 1 1 1 1 1 1 1 1 1 1 1 1 1 1 1 1 1 1 1 1 1 1 1 1 1 1 1 1 1 1 1 1 1 1 1 1 1 1 1 1 1 1 1 1 1 1 1 1 1 1 1 1 1 1 1 1 1 1 1 1 1 1 1 1 1 1 1 1 1 1 1 1 1 1 1 1 1 1 1 1 1 1 1 1 1 1 1 1 1 1 1 1 1 1 1 1 1 1 1 1 1 1 1 1 1 1 1 1 1 1 1 1 1 1 1 1 1 1 1 1 1 1 1 1 1 1 1 1 1 1 1 1 1 1 1 1 1 1 1 1 1 1 1 1 1 1 1 1 1 1 1 1 1 1 1 1 1 1 1 1 1 1 1 1 1 1 1 1 1 1 1 1 1 1 1 1 1 1 1 1 1 1 1 1 1 1 1 1 1 1 1 1 1 1 1 1 1 1 1 1 1 1 1 1 1 1 1 1 1 1 1 1 1 1 1 1 1 1 1 1 1 1 1 1 1 1 1 1 1 1 1 1 1 1 1 1 1 1 1 1 1 1 1 1 1 1 1 1 1 1 1 1 1 1 1 1 1 1 1 1 1 1 1 1 1 1 1 1 1 1 1 1 1 1 1 1 1 1 1 1 1 1 1 1 1 1 1 1 1 1 1 1 1 1 1 1 1 1 1 1 1 1 1 1 1 1 1 1 1 1 1 1 1 1 1 1 1 1 1 1 1 1 1 1 1 1 1 1 1 1 1 1 1 1 1 1 1 1 1 1 1 1 1 1 1 1 1 1 1 1 1 1 1 1 1 1 1 1 1 1 1 1 1 1 1 1 1 1 1 1 1 1 1 1 1 1 1 1 1 1 1 1 1 1 1 1 1 1 1 1 1 1 1 1 1 1 1 1 1 1 1 1 1 1 1 1 1 1 1 1 1 1 1 1 1 1 1 1 1 1 1 1 1 1 1 1 1 1 1 1 1 1 1 1 1 1 1 1 1 1 1 1 1 1 1 1 1 1 1 1 1 1 1 1 1 1 1 1 1 1 1 1 1 1 1 1 1 1 1 1 1 1 1 1 1 1 1 1 1 1 1 1 1 1 1 1 1 1 1 1 1 1 1 1 1 1 1 1 1 1 1 1 1 1 1 1 1 1 1 1 1 1 1 1 1 1 1 1 1 1 1 1 1 1 1 1 1 1 1 1 1 1 1 1 1 1 1 1 1 1 1 1 1 1 1 1 1 1 1 1 1 1 1 1 1 1 1 1 1 1 1 1 1 1 1 1 1 1 1 1 1 1 1 1 1 1 1 1 1 1 1 1 1 1 1 1 1 1 1 1 1 1 1 1 1 1 1 1 1 1 1 1 1 1 1 1 1 1 1 1 1 1 1 1 1 1 1 1 1 1 1 1 1 1 1 1 1 1 1 1 1 1 1 1 1 1 1 1 1 1 1 1 1 1 1 1 1 1 1 1 1 1 1 1 1 1 1 1 1 1 1 1 1 1 1 1 1 1 1 1 1 1 1 1 1 1 1 1 1 1 1 1 1 1 1 1 1 1 1 1 1 1 1 1 1 1 1 1 1 1 1 1 1 1 1 1 1 1 1 1 1 1 1 1 1 1 1 1 1 1 1 1 1 1 1 1 1 1 1 1 1 1 1 1 1 1 1 1 1 1 1 1 1 1 1 1 1 1 1 1 1 1 1 1 1 1 1 1 1 1 1 1 1 1 1 1 1 1 1 1 1 1 1 1 1 1 1 1 1 1 1 1 1 1 1 1 1 1 1 1 1 1 1 1 1 1 1 1 1 1 1 1 1 1 1 1 1 1 1 1 1 1 1 1 1 1 1 1 1 1 1 1 1 1 1 1 1 1 1 1 1 1 1 1 1 1 1 1 1 1 1 1 1 1 1 1 1 1 1 1 1 1 1 1 1 1 1 1 1 1 1 1 1 1 1 1 1 1 1 1 1 1 1 1 1 1 1 1 1 1 1 1 1 1 1 1 1 1 1 1 1 1 1 1 1 1 1 1 1 1 1 1 1 1 1 1 1 1 1 1 1 1 1 1 1 1 1 1 1 1 1 1 1 1 1 1 1 1 1 1 1 1 1 1 1 1 1 1 1 1 1 1 1 1 1 1 1 1 1 1 1 1 1 1 1 1 1 1 1 1 1 1 1 1 1 1 1 1 1 1 1 1 1 1 1 1 1 1 1 1 1 1 1 1 1 1 1 1 1 1 1 1 1 1 1 1 1 1 1 1 1 1 1 1 1 1 1 1 1 1 1 1 1 1 1 1 1 1 1 1 1 1 1 1 1 1 1 1 1 1 1 1 1 1 1 1 1 1 1 1 1 1 1 1 1 1 1 1 1 1 1 1 1 1 1 1 1 1 1 1 1 1 1 1 1 1 1 1 1 1 1 1 1 1 1 1 1 1 1 1 1 1 1 1 1 1 1 1 1 1 1 1 1 1 1 1 1 1 1 1 1 1 1 1 1 1 1 1 1 1 1 1 1 1 1 1 1 1 1 1 1 1 1 1 1 1 1 1 1 1 1 1 1 1 1 1 1 1 1 1 1 1 1 1 1 1 1 1 1 1 1 1 1 1 1 1 1 1 1 1 1 1 1 1 1 1 1 1 1 1 1 1 1 1 1 1 1 1 1 1 1 1 1 1 1 1 1 1 1 1 1 1 1 1 1 1 1 1 1 1 1 1 1 1 1 1 1 1 1 1 1 1 1 1 1 1 1 1 1 1 1 1 1 1 1 1 1 1 1 1 1 1 1 1 1 1 1 1 1 1 1 1 1 1 1 1 1 1 1 1 1 1 1 1 1 1 1 1 1 1 1 1 1 1 1 1 1 1 1 1 1 1 1 1 1 1 1 1 1 1 1 1 1 1 1 1 1 1 1 1 1 1 1 1 1 1 1 1 1 1 1 1 1 1 1 1 1 1 1 1 1 1 1 1 1 1 1 1 1 1 1 1 1 1 1 1 1 1 1 1 1 1 1 1 1 1 1 1 1 1 1 1 1 1 1 1 1 1 1 1 1 1 1 1 1 1 1 1 1 1 1 1 1 1 1 1 1 1 1 1 1</float_array>
          <technique_common>
            <accessor source="#ornit_UK_galleon2_Skin_joybags-skin-weights-array" count="2811" stride="1">
              <param name="WEIGHT" type="float"/>
            </accessor>
          </technique_common>
        </source>
        <joints>
          <input semantic="JOINT" source="#ornit_UK_galleon2_Skin_joybags-skin-joints"/>
          <input semantic="INV_BIND_MATRIX" source="#ornit_UK_galleon2_Skin_joybags-skin-bind_poses"/>
        </joints>
        <vertex_weights count="2811">
          <input semantic="JOINT" source="#ornit_UK_galleon2_Skin_joybags-skin-joints" offset="0"/>
          <input semantic="WEIGHT" source="#ornit_UK_galleon2_Skin_joybags-skin-weights" offset="1"/>
          <vcount>1 1 1 1 1 1 1 1 1 1 1 1 1 1 1 1 1 1 1 1 1 1 1 1 1 1 1 1 1 1 1 1 1 1 1 1 1 1 1 1 1 1 1 1 1 1 1 1 1 1 1 1 1 1 1 1 1 1 1 1 1 1 1 1 1 1 1 1 1 1 1 1 1 1 1 1 1 1 1 1 1 1 1 1 1 1 1 1 1 1 1 1 1 1 1 1 1 1 1 1 1 1 1 1 1 1 1 1 1 1 1 1 1 1 1 1 1 1 1 1 1 1 1 1 1 1 1 1 1 1 1 1 1 1 1 1 1 1 1 1 1 1 1 1 1 1 1 1 1 1 1 1 1 1 1 1 1 1 1 1 1 1 1 1 1 1 1 1 1 1 1 1 1 1 1 1 1 1 1 1 1 1 1 1 1 1 1 1 1 1 1 1 1 1 1 1 1 1 1 1 1 1 1 1 1 1 1 1 1 1 1 1 1 1 1 1 1 1 1 1 1 1 1 1 1 1 1 1 1 1 1 1 1 1 1 1 1 1 1 1 1 1 1 1 1 1 1 1 1 1 1 1 1 1 1 1 1 1 1 1 1 1 1 1 1 1 1 1 1 1 1 1 1 1 1 1 1 1 1 1 1 1 1 1 1 1 1 1 1 1 1 1 1 1 1 1 1 1 1 1 1 1 1 1 1 1 1 1 1 1 1 1 1 1 1 1 1 1 1 1 1 1 1 1 1 1 1 1 1 1 1 1 1 1 1 1 1 1 1 1 1 1 1 1 1 1 1 1 1 1 1 1 1 1 1 1 1 1 1 1 1 1 1 1 1 1 1 1 1 1 1 1 1 1 1 1 1 1 1 1 1 1 1 1 1 1 1 1 1 1 1 1 1 1 1 1 1 1 1 1 1 1 1 1 1 1 1 1 1 1 1 1 1 1 1 1 1 1 1 1 1 1 1 1 1 1 1 1 1 1 1 1 1 1 1 1 1 1 1 1 1 1 1 1 1 1 1 1 1 1 1 1 1 1 1 1 1 1 1 1 1 1 1 1 1 1 1 1 1 1 1 1 1 1 1 1 1 1 1 1 1 1 1 1 1 1 1 1 1 1 1 1 1 1 1 1 1 1 1 1 1 1 1 1 1 1 1 1 1 1 1 1 1 1 1 1 1 1 1 1 1 1 1 1 1 1 1 1 1 1 1 1 1 1 1 1 1 1 1 1 1 1 1 1 1 1 1 1 1 1 1 1 1 1 1 1 1 1 1 1 1 1 1 1 1 1 1 1 1 1 1 1 1 1 1 1 1 1 1 1 1 1 1 1 1 1 1 1 1 1 1 1 1 1 1 1 1 1 1 1 1 1 1 1 1 1 1 1 1 1 1 1 1 1 1 1 1 1 1 1 1 1 1 1 1 1 1 1 1 1 1 1 1 1 1 1 1 1 1 1 1 1 1 1 1 1 1 1 1 1 1 1 1 1 1 1 1 1 1 1 1 1 1 1 1 1 1 1 1 1 1 1 1 1 1 1 1 1 1 1 1 1 1 1 1 1 1 1 1 1 1 1 1 1 1 1 1 1 1 1 1 1 1 1 1 1 1 1 1 1 1 1 1 1 1 1 1 1 1 1 1 1 1 1 1 1 1 1 1 1 1 1 1 1 1 1 1 1 1 1 1 1 1 1 1 1 1 1 1 1 1 1 1 1 1 1 1 1 1 1 1 1 1 1 1 1 1 1 1 1 1 1 1 1 1 1 1 1 1 1 1 1 1 1 1 1 1 1 1 1 1 1 1 1 1 1 1 1 1 1 1 1 1 1 1 1 1 1 1 1 1 1 1 1 1 1 1 1 1 1 1 1 1 1 1 1 1 1 1 1 1 1 1 1 1 1 1 1 1 1 1 1 1 1 1 1 1 1 1 1 1 1 1 1 1 1 1 1 1 1 1 1 1 1 1 1 1 1 1 1 1 1 1 1 1 1 1 1 1 1 1 1 1 1 1 1 1 1 1 1 1 1 1 1 1 1 1 1 1 1 1 1 1 1 1 1 1 1 1 1 1 1 1 1 1 1 1 1 1 1 1 1 1 1 1 1 1 1 1 1 1 1 1 1 1 1 1 1 1 1 1 1 1 1 1 1 1 1 1 1 1 1 1 1 1 1 1 1 1 1 1 1 1 1 1 1 1 1 1 1 1 1 1 1 1 1 1 1 1 1 1 1 1 1 1 1 1 1 1 1 1 1 1 1 1 1 1 1 1 1 1 1 1 1 1 1 1 1 1 1 1 1 1 1 1 1 1 1 1 1 1 1 1 1 1 1 1 1 1 1 1 1 1 1 1 1 1 1 1 1 1 1 1 1 1 1 1 1 1 1 1 1 1 1 1 1 1 1 1 1 1 1 1 1 1 1 1 1 1 1 1 1 1 1 1 1 1 1 1 1 1 1 1 1 1 1 1 1 1 1 1 1 1 1 1 1 1 1 1 1 1 1 1 1 1 1 1 1 1 1 1 1 1 1 1 1 1 1 1 1 1 1 1 1 1 1 1 1 1 1 1 1 1 1 1 1 1 1 1 1 1 1 1 1 1 1 1 1 1 1 1 1 1 1 1 1 1 1 1 1 1 1 1 1 1 1 1 1 1 1 1 1 1 1 1 1 1 1 1 1 1 1 1 1 1 1 1 1 1 1 1 1 1 1 1 1 1 1 1 1 1 1 1 1 1 1 1 1 1 1 1 1 1 1 1 1 1 1 1 1 1 1 1 1 1 1 1 1 1 1 1 1 1 1 1 1 1 1 1 1 1 1 1 1 1 1 1 1 1 1 1 1 1 1 1 1 1 1 1 1 1 1 1 1 1 1 1 1 1 1 1 1 1 1 1 1 1 1 1 1 1 1 1 1 1 1 1 1 1 1 1 1 1 1 1 1 1 1 1 1 1 1 1 1 1 1 1 1 1 1 1 1 1 1 1 1 1 1 1 1 1 1 1 1 1 1 1 1 1 1 1 1 1 1 1 1 1 1 1 1 1 1 1 1 1 1 1 1 1 1 1 1 1 1 1 1 1 1 1 1 1 1 1 1 1 1 1 1 1 1 1 1 1 1 1 1 1 1 1 1 1 1 1 1 1 1 1 1 1 1 1 1 1 1 1 1 1 1 1 1 1 1 1 1 1 1 1 1 1 1 1 1 1 1 1 1 1 1 1 1 1 1 1 1 1 1 1 1 1 1 1 1 1 1 1 1 1 1 1 1 1 1 1 1 1 1 1 1 1 1 1 1 1 1 1 1 1 1 1 1 1 1 1 1 1 1 1 1 1 1 1 1 1 1 1 1 1 1 1 1 1 1 1 1 1 1 1 1 1 1 1 1 1 1 1 1 1 1 1 1 1 1 1 1 1 1 1 1 1 1 1 1 1 1 1 1 1 1 1 1 1 1 1 1 1 1 1 1 1 1 1 1 1 1 1 1 1 1 1 1 1 1 1 1 1 1 1 1 1 1 1 1 1 1 1 1 1 1 1 1 1 1 1 1 1 1 1 1 1 1 1 1 1 1 1 1 1 1 1 1 1 1 1 1 1 1 1 1 1 1 1 1 1 1 1 1 1 1 1 1 1 1 1 1 1 1 1 1 1 1 1 1 1 1 1 1 1 1 1 1 1 1 1 1 1 1 1 1 1 1 1 1 1 1 1 1 1 1 1 1 1 1 1 1 1 1 1 1 1 1 1 1 1 1 1 1 1 1 1 1 1 1 1 1 1 1 1 1 1 1 1 1 1 1 1 1 1 1 1 1 1 1 1 1 1 1 1 1 1 1 1 1 1 1 1 1 1 1 1 1 1 1 1 1 1 1 1 1 1 1 1 1 1 1 1 1 1 1 1 1 1 1 1 1 1 1 1 1 1 1 1 1 1 1 1 1 1 1 1 1 1 1 1 1 1 1 1 1 1 1 1 1 1 1 1 1 1 1 1 1 1 1 1 1 1 1 1 1 1 1 1 1 1 1 1 1 1 1 1 1 1 1 1 1 1 1 1 1 1 1 1 1 1 1 1 1 1 1 1 1 1 1 1 1 1 1 1 1 1 1 1 1 1 1 1 1 1 1 1 1 1 1 1 1 1 1 1 1 1 1 1 1 1 1 1 1 1 1 1 1 1 1 1 1 1 1 1 1 1 1 1 1 1 1 1 1 1 1 1 1 1 1 1 1 1 1 1 1 1 1 1 1 1 1 1 1 1 1 1 1 1 1 1 1 1 1 1 1 1 1 1 1 1 1 1 1 1 1 1 1 1 1 1 1 1 1 1 1 1 1 1 1 1 1 1 1 1 1 1 1 1 1 1 1 1 1 1 1 1 1 1 1 1 1 1 1 1 1 1 1 1 1 1 1 1 1 1 1 1 1 1 1 1 1 1 1 1 1 1 1 1 1 1 1 1 1 1 1 1 1 1 1 1 1 1 1 1 1 1 1 1 1 1 1 1 1 1 1 1 1 1 1 1 1 1 1 1 1 1 1 1 1 1 1 1 1 1 1 1 1 1 1 1 1 1 1 1 1 1 1 1 1 1 1 1 1 1 1 1 1 1 1 1 1 1 1 1 1 1 1 1 1 1 1 1 1 1 1 1 1 1 1 1 1 1 1 1 1 1 1 1 1 1 1 1 1 1 1 1 1 1 1 1 1 1 1 1 1 1 1 1 1 1 1 1 1 1 1 1 1 1 1 1 1 1 1 1 1 1 1 1 1 1 1 1 1 1 1 1 1 1 1 1 1 1 1 1 1 1 1 1 1 1 1 1 1 1 1 1 1 1 1 1 1 1 1 1 1 1 1 1 1 1 1 1 1 1 1 1 1 1 1 1 1 1 1 1 1 1 1 1 1 1 1 1 1 1 1 1 1 1 1 1 1 1 1 1 1 1 1 1 1 1 1 1 1 1 1 1 1 1 1 1 1 1 1 1 1 1 1 1 1 1 1 1 1 1 1 1 1 1 1 1 1 1 1 1 1 1 1 1 1 1 1 1 1 1 1 1 1 1 1 1 1 1 1 1 1 1 1 1 1 1 1 1 1 1 1 1 1 1 1 1 1 1 1 1 1 1 1 1 1 1 1 1 1 1 1 1 1 1 1 1 1 1 1 1 1 1 1 1 1 1 1 1 1 1 1 1 1 1 1 1 1 1 1 1 1 1 1 1 1 1 1 1 1 1 1 1 1 1 1 1 1 1 1 1 1 1 1 1 1 1 1 1 1 1 1 1 1 1 1 1 1 1 1 1 1 1 1 1 1 1 1 1 1 1 1 1 1 1 1 1 1 1 1 1 1 1 1 1 1 1 1 1 1 1 1 1 1 1 1 1 1 1 1 1 1 1 1 1 1 1 1 1 1 1 1 1 1 1 1 1 1 1 1 1 1 1 1 1 1 1 1 1 1 1 1 1 1 1 1 1 1 1 1 1 1 1 1 1 1 1 1 1 1 1 1 1 1 1 1 1 1 1 1 1 1 1 1 1 1 1 1 1 1 1 1 1 1 1 1 1 1 1 1 1 1 1 1 1 1 1 1 1 1 1 1 1 1 1 1 1 1 1 1 1 1 1 1 1 1 1 1 1 1 1 1 1 1 1 1 1 1 1 1 1 1 1 1 1 1 1 1 1 1 1 1 1 1 1 1 1 1 1 1 1 1 1 1 1 1 1 1 1 1 1 1 1 1 1 1 1 1 1 1 1 1 1 1 1 1 1 1 1 1 1 1 1 1 1 1 1 1 1 1 1 1 1 1 1 1 1 1 1 1 1 1 1 1 1 1 1 1 1 1 1 1 1 1 1 1 1 1 1 1 1 1 1 1 1 1 1 1 1 1 1 1 1 1 1 1 1 1 1 1 1 1 1 1 1 1 1 1 1 1 1 1 1 1 1 1 1 1 1 1 1 1 1 1 1 1 1 1 1 1 1 1 1 1 1 1 1 1 1 1 1 1 1 1 1 1 1 1 1 1 1 1 1 1 1 1 1 1 1 1 1 1 1 1 1 1 1 1 1 1 1 1 1 1 1 1 1 1 1 1 1 1 1 1 1 1 1 1 1 1 1 1 1 1 1 1 1 1 1 1 1 1 1 1 1 1 1 1 1 1 1 1 1 1 1 1 1 1 1 1 1 1 1 1 1 1 1 1 1 1 1 1 1 1 1 1 1 1 1 1 1 1 1 1 1 1 1 1 1 1 1 1 1 1 1 1 1 1 1 1 1 1 1 1 1 1 1 1 1 1 1 1 1 1 1 1 1 1 1 1 1 1 1 1 1 1 1 1 1 1 1 1 1 1 1 1 1 1 1 1 1 1 1 1 1 </vcount>
          <v>0 0 0 1 0 2 0 3 0 4 0 5 0 6 0 7 0 8 0 9 0 10 0 11 0 12 0 13 0 14 0 15 0 16 0 17 0 18 0 19 0 20 0 21 0 22 0 23 0 24 0 25 0 26 0 27 0 28 0 29 0 30 0 31 0 32 0 33 0 34 0 35 0 36 0 37 0 38 0 39 0 40 0 41 0 42 0 43 0 44 0 45 0 46 0 47 0 48 0 49 0 50 0 51 0 52 0 53 0 54 0 55 0 56 0 57 0 58 0 59 0 60 0 61 0 62 0 63 0 64 0 65 0 66 0 67 0 68 0 69 0 70 0 71 0 72 0 73 0 74 0 75 0 76 0 77 0 78 0 79 0 80 0 81 0 82 0 83 0 84 0 85 0 86 0 87 0 88 0 89 0 90 0 91 0 92 0 93 0 94 0 95 0 96 0 97 0 98 0 99 0 100 0 101 0 102 0 103 0 104 0 105 0 106 0 107 0 108 0 109 0 110 0 111 0 112 0 113 0 114 0 115 0 116 0 117 0 118 0 119 0 120 0 121 0 122 0 123 0 124 0 125 0 126 0 127 0 128 0 129 0 130 0 131 0 132 0 133 0 134 0 135 0 136 0 137 0 138 0 139 0 140 0 141 0 142 0 143 0 144 0 145 0 146 0 147 0 148 0 149 0 150 0 151 0 152 0 153 0 154 0 155 0 156 0 157 0 158 0 159 0 160 0 161 0 162 0 163 0 164 0 165 0 166 0 167 0 168 0 169 0 170 0 171 0 172 0 173 0 174 0 175 0 176 0 177 0 178 0 179 0 180 0 181 0 182 0 183 0 184 0 185 0 186 0 187 0 188 0 189 0 190 0 191 0 192 0 193 0 194 0 195 0 196 0 197 0 198 0 199 0 200 0 201 0 202 0 203 0 204 0 205 0 206 0 207 0 208 0 209 0 210 0 211 0 212 0 213 0 214 0 215 0 216 0 217 0 218 0 219 0 220 0 221 0 222 0 223 0 224 0 225 0 226 0 227 0 228 0 229 0 230 0 231 0 232 0 233 0 234 0 235 0 236 0 237 0 238 0 239 0 240 0 241 0 242 0 243 0 244 0 245 0 246 0 247 0 248 0 249 0 250 0 251 0 252 0 253 0 254 0 255 0 256 0 257 0 258 0 259 0 260 0 261 0 262 0 263 0 264 0 265 0 266 0 267 0 268 0 269 0 270 0 271 0 272 0 273 0 274 0 275 0 276 0 277 0 278 0 279 0 280 0 281 0 282 0 283 0 284 0 285 0 286 0 287 0 288 0 289 0 290 0 291 0 292 0 293 0 294 0 295 0 296 0 297 0 298 0 299 0 300 0 301 0 302 0 303 0 304 0 305 0 306 0 307 0 308 0 309 0 310 0 311 0 312 0 313 0 314 0 315 0 316 0 317 0 318 0 319 0 320 0 321 0 322 0 323 0 324 0 325 0 326 0 327 0 328 0 329 0 330 0 331 0 332 0 333 0 334 0 335 0 336 0 337 0 338 0 339 0 340 0 341 0 342 0 343 0 344 0 345 0 346 0 347 0 348 0 349 0 350 0 351 0 352 0 353 0 354 0 355 0 356 0 357 0 358 0 359 0 360 0 361 0 362 0 363 0 364 0 365 0 366 0 367 0 368 0 369 0 370 0 371 0 372 0 373 0 374 0 375 0 376 0 377 0 378 0 379 0 380 0 381 0 382 0 383 0 384 0 385 0 386 0 387 0 388 0 389 0 390 0 391 0 392 0 393 0 394 0 395 0 396 0 397 0 398 0 399 0 400 0 401 0 402 0 403 0 404 0 405 0 406 0 407 0 408 0 409 0 410 0 411 0 412 0 413 0 414 0 415 0 416 0 417 0 418 0 419 0 420 0 421 0 422 0 423 0 424 0 425 0 426 0 427 0 428 0 429 0 430 0 431 0 432 0 433 0 434 0 435 0 436 0 437 0 438 0 439 0 440 0 441 0 442 0 443 0 444 0 445 0 446 0 447 0 448 0 449 0 450 0 451 0 452 0 453 0 454 0 455 0 456 0 457 0 458 0 459 0 460 0 461 0 462 0 463 0 464 0 465 0 466 0 467 0 468 0 469 0 470 0 471 0 472 0 473 0 474 0 475 0 476 0 477 0 478 0 479 0 480 0 481 0 482 0 483 0 484 0 485 0 486 0 487 0 488 0 489 0 490 0 491 0 492 0 493 0 494 0 495 0 496 0 497 0 498 0 499 0 500 0 501 0 502 0 503 0 504 0 505 0 506 0 507 0 508 0 509 0 510 0 511 0 512 0 513 0 514 0 515 0 516 0 517 0 518 0 519 0 520 0 521 0 522 0 523 0 524 0 525 0 526 0 527 0 528 0 529 0 530 0 531 0 532 0 533 0 534 0 535 0 536 0 537 0 538 0 539 0 540 0 541 0 542 0 543 0 544 0 545 0 546 0 547 0 548 0 549 0 550 0 551 0 552 0 553 0 554 0 555 0 556 0 557 0 558 0 559 0 560 0 561 0 562 0 563 0 564 0 565 0 566 0 567 0 568 0 569 0 570 0 571 0 572 0 573 0 574 0 575 0 576 0 577 0 578 0 579 0 580 0 581 0 582 0 583 0 584 0 585 0 586 0 587 0 588 0 589 0 590 0 591 0 592 0 593 0 594 0 595 0 596 0 597 0 598 0 599 0 600 0 601 0 602 0 603 0 604 0 605 0 606 0 607 0 608 0 609 0 610 0 611 0 612 0 613 0 614 0 615 0 616 0 617 0 618 0 619 0 620 0 621 0 622 0 623 0 624 0 625 0 626 0 627 0 628 0 629 0 630 0 631 0 632 0 633 0 634 0 635 0 636 0 637 0 638 0 639 0 640 0 641 0 642 0 643 0 644 0 645 0 646 0 647 0 648 0 649 0 650 0 651 0 652 0 653 0 654 0 655 0 656 0 657 0 658 0 659 0 660 0 661 0 662 0 663 0 664 0 665 0 666 0 667 0 668 0 669 0 670 0 671 0 672 0 673 0 674 0 675 0 676 0 677 0 678 0 679 0 680 0 681 0 682 0 683 0 684 0 685 0 686 0 687 0 688 0 689 0 690 0 691 0 692 0 693 0 694 0 695 0 696 0 697 0 698 0 699 0 700 0 701 0 702 0 703 0 704 0 705 0 706 0 707 0 708 0 709 0 710 0 711 0 712 0 713 0 714 0 715 0 716 0 717 0 718 0 719 0 720 0 721 0 722 0 723 0 724 0 725 0 726 0 727 0 728 0 729 0 730 0 731 0 732 0 733 0 734 0 735 0 736 0 737 0 738 0 739 0 740 0 741 0 742 0 743 0 744 0 745 0 746 0 747 0 748 0 749 0 750 0 751 0 752 0 753 0 754 0 755 0 756 0 757 0 758 0 759 0 760 0 761 0 762 0 763 0 764 0 765 0 766 0 767 0 768 0 769 0 770 0 771 0 772 0 773 0 774 0 775 0 776 0 777 0 778 0 779 0 780 0 781 0 782 0 783 0 784 0 785 0 786 0 787 0 788 0 789 0 790 0 791 0 792 0 793 0 794 0 795 0 796 0 797 0 798 0 799 0 800 0 801 0 802 0 803 0 804 0 805 0 806 0 807 0 808 0 809 0 810 0 811 0 812 0 813 0 814 0 815 0 816 0 817 0 818 0 819 0 820 0 821 0 822 0 823 0 824 0 825 0 826 0 827 0 828 0 829 0 830 0 831 0 832 0 833 0 834 0 835 0 836 0 837 0 838 0 839 0 840 0 841 0 842 0 843 0 844 0 845 0 846 0 847 0 848 0 849 0 850 0 851 0 852 0 853 0 854 0 855 0 856 0 857 0 858 0 859 0 860 0 861 0 862 0 863 0 864 0 865 0 866 0 867 0 868 0 869 0 870 0 871 0 872 0 873 0 874 0 875 0 876 0 877 0 878 0 879 0 880 0 881 0 882 0 883 0 884 0 885 0 886 0 887 0 888 0 889 0 890 0 891 0 892 0 893 0 894 0 895 0 896 0 897 0 898 0 899 0 900 0 901 0 902 0 903 0 904 0 905 0 906 0 907 0 908 0 909 0 910 0 911 0 912 0 913 0 914 0 915 0 916 0 917 0 918 0 919 0 920 0 921 0 922 0 923 0 924 0 925 0 926 0 927 0 928 0 929 0 930 0 931 0 932 0 933 0 934 0 935 0 936 0 937 0 938 0 939 0 940 0 941 0 942 0 943 0 944 0 945 0 946 0 947 0 948 0 949 0 950 0 951 0 952 0 953 0 954 0 955 0 956 0 957 0 958 0 959 0 960 0 961 0 962 0 963 0 964 0 965 0 966 0 967 0 968 0 969 0 970 0 971 0 972 0 973 0 974 0 975 0 976 0 977 0 978 0 979 0 980 0 981 0 982 0 983 0 984 0 985 0 986 0 987 0 988 0 989 0 990 0 991 0 992 0 993 0 994 0 995 0 996 0 997 0 998 0 999 0 1000 0 1001 0 1002 0 1003 0 1004 0 1005 0 1006 0 1007 0 1008 0 1009 0 1010 0 1011 0 1012 0 1013 0 1014 0 1015 0 1016 0 1017 0 1018 0 1019 0 1020 0 1021 0 1022 0 1023 0 1024 0 1025 0 1026 0 1027 0 1028 0 1029 0 1030 0 1031 0 1032 0 1033 0 1034 0 1035 0 1036 0 1037 0 1038 0 1039 0 1040 0 1041 0 1042 0 1043 0 1044 0 1045 0 1046 0 1047 0 1048 0 1049 0 1050 0 1051 0 1052 0 1053 0 1054 0 1055 0 1056 0 1057 0 1058 0 1059 0 1060 0 1061 0 1062 0 1063 0 1064 0 1065 0 1066 0 1067 0 1068 0 1069 0 1070 0 1071 0 1072 0 1073 0 1074 0 1075 0 1076 0 1077 0 1078 0 1079 0 1080 0 1081 0 1082 0 1083 0 1084 0 1085 0 1086 0 1087 0 1088 0 1089 0 1090 0 1091 0 1092 0 1093 0 1094 0 1095 0 1096 0 1097 0 1098 0 1099 0 1100 0 1101 0 1102 0 1103 0 1104 0 1105 0 1106 0 1107 0 1108 0 1109 0 1110 0 1111 0 1112 0 1113 0 1114 0 1115 0 1116 0 1117 0 1118 0 1119 0 1120 0 1121 0 1122 0 1123 0 1124 0 1125 0 1126 0 1127 0 1128 0 1129 0 1130 0 1131 0 1132 0 1133 0 1134 0 1135 0 1136 0 1137 0 1138 0 1139 0 1140 0 1141 0 1142 0 1143 0 1144 0 1145 0 1146 0 1147 0 1148 0 1149 0 1150 0 1151 0 1152 0 1153 0 1154 0 1155 0 1156 0 1157 0 1158 0 1159 0 1160 0 1161 0 1162 0 1163 0 1164 0 1165 0 1166 0 1167 0 1168 0 1169 0 1170 0 1171 0 1172 0 1173 0 1174 0 1175 0 1176 0 1177 0 1178 0 1179 0 1180 0 1181 0 1182 0 1183 0 1184 0 1185 0 1186 0 1187 0 1188 0 1189 0 1190 0 1191 0 1192 0 1193 0 1194 0 1195 0 1196 0 1197 0 1198 0 1199 0 1200 0 1201 0 1202 0 1203 0 1204 0 1205 0 1206 0 1207 0 1208 0 1209 0 1210 0 1211 0 1212 0 1213 0 1214 0 1215 0 1216 0 1217 0 1218 0 1219 0 1220 0 1221 0 1222 0 1223 0 1224 0 1225 0 1226 0 1227 0 1228 0 1229 0 1230 0 1231 0 1232 0 1233 0 1234 0 1235 0 1236 0 1237 0 1238 0 1239 0 1240 0 1241 0 1242 0 1243 0 1244 0 1245 0 1246 0 1247 0 1248 0 1249 0 1250 0 1251 0 1252 0 1253 0 1254 0 1255 0 1256 0 1257 0 1258 0 1259 0 1260 0 1261 0 1262 0 1263 0 1264 0 1265 0 1266 0 1267 0 1268 0 1269 0 1270 0 1271 0 1272 0 1273 0 1274 0 1275 0 1276 0 1277 0 1278 0 1279 0 1280 0 1281 0 1282 0 1283 0 1284 0 1285 0 1286 0 1287 0 1288 0 1289 0 1290 0 1291 0 1292 0 1293 0 1294 0 1295 0 1296 0 1297 0 1298 0 1299 0 1300 0 1301 0 1302 0 1303 0 1304 0 1305 0 1306 0 1307 0 1308 0 1309 0 1310 0 1311 0 1312 0 1313 0 1314 0 1315 0 1316 0 1317 0 1318 0 1319 0 1320 0 1321 0 1322 0 1323 0 1324 0 1325 0 1326 0 1327 0 1328 0 1329 0 1330 0 1331 0 1332 0 1333 0 1334 0 1335 0 1336 0 1337 0 1338 0 1339 0 1340 0 1341 0 1342 0 1343 0 1344 0 1345 0 1346 0 1347 0 1348 0 1349 0 1350 0 1351 0 1352 0 1353 0 1354 0 1355 0 1356 0 1357 0 1358 0 1359 0 1360 0 1361 0 1362 0 1363 0 1364 0 1365 0 1366 0 1367 0 1368 0 1369 0 1370 0 1371 0 1372 0 1373 0 1374 0 1375 0 1376 0 1377 0 1378 0 1379 0 1380 0 1381 0 1382 0 1383 0 1384 0 1385 0 1386 0 1387 0 1388 0 1389 0 1390 0 1391 0 1392 0 1393 0 1394 0 1395 0 1396 0 1397 0 1398 0 1399 0 1400 0 1401 0 1402 0 1403 0 1404 0 1405 0 1406 0 1407 0 1408 0 1409 0 1410 0 1411 0 1412 0 1413 0 1414 0 1415 0 1416 0 1417 0 1418 0 1419 0 1420 0 1421 0 1422 0 1423 0 1424 0 1425 0 1426 0 1427 0 1428 0 1429 0 1430 0 1431 0 1432 0 1433 0 1434 0 1435 0 1436 0 1437 0 1438 0 1439 0 1440 0 1441 0 1442 0 1443 0 1444 0 1445 0 1446 0 1447 0 1448 0 1449 0 1450 0 1451 0 1452 0 1453 0 1454 0 1455 0 1456 0 1457 0 1458 0 1459 0 1460 0 1461 0 1462 0 1463 0 1464 0 1465 0 1466 0 1467 0 1468 0 1469 0 1470 0 1471 0 1472 0 1473 0 1474 0 1475 0 1476 0 1477 0 1478 0 1479 0 1480 0 1481 0 1482 0 1483 0 1484 0 1485 0 1486 0 1487 0 1488 0 1489 0 1490 0 1491 0 1492 0 1493 0 1494 0 1495 0 1496 0 1497 0 1498 0 1499 0 1500 0 1501 0 1502 0 1503 0 1504 0 1505 0 1506 0 1507 0 1508 0 1509 0 1510 0 1511 0 1512 0 1513 0 1514 0 1515 0 1516 0 1517 0 1518 0 1519 0 1520 0 1521 0 1522 0 1523 0 1524 0 1525 0 1526 0 1527 0 1528 0 1529 0 1530 0 1531 0 1532 0 1533 0 1534 0 1535 0 1536 0 1537 0 1538 0 1539 0 1540 0 1541 0 1542 0 1543 0 1544 0 1545 0 1546 0 1547 0 1548 0 1549 0 1550 0 1551 0 1552 0 1553 0 1554 0 1555 0 1556 0 1557 0 1558 0 1559 0 1560 0 1561 0 1562 0 1563 0 1564 0 1565 0 1566 0 1567 0 1568 0 1569 0 1570 0 1571 0 1572 0 1573 0 1574 0 1575 0 1576 0 1577 0 1578 0 1579 0 1580 0 1581 0 1582 0 1583 0 1584 0 1585 0 1586 0 1587 0 1588 0 1589 0 1590 0 1591 0 1592 0 1593 0 1594 0 1595 0 1596 0 1597 0 1598 0 1599 0 1600 0 1601 0 1602 0 1603 0 1604 0 1605 0 1606 0 1607 0 1608 0 1609 0 1610 0 1611 0 1612 0 1613 0 1614 0 1615 0 1616 0 1617 0 1618 0 1619 0 1620 0 1621 0 1622 0 1623 0 1624 0 1625 0 1626 0 1627 0 1628 0 1629 0 1630 0 1631 0 1632 0 1633 0 1634 0 1635 0 1636 0 1637 0 1638 0 1639 0 1640 0 1641 0 1642 0 1643 0 1644 0 1645 0 1646 0 1647 0 1648 0 1649 0 1650 0 1651 0 1652 0 1653 0 1654 0 1655 0 1656 0 1657 0 1658 0 1659 0 1660 0 1661 0 1662 0 1663 0 1664 0 1665 0 1666 0 1667 0 1668 0 1669 0 1670 0 1671 0 1672 0 1673 0 1674 0 1675 0 1676 0 1677 0 1678 0 1679 0 1680 0 1681 0 1682 0 1683 0 1684 0 1685 0 1686 0 1687 0 1688 0 1689 0 1690 0 1691 0 1692 0 1693 0 1694 0 1695 0 1696 0 1697 0 1698 0 1699 0 1700 0 1701 0 1702 0 1703 0 1704 0 1705 0 1706 0 1707 0 1708 0 1709 0 1710 0 1711 0 1712 0 1713 0 1714 0 1715 0 1716 0 1717 0 1718 0 1719 0 1720 0 1721 0 1722 0 1723 0 1724 0 1725 0 1726 0 1727 0 1728 0 1729 0 1730 0 1731 0 1732 0 1733 0 1734 0 1735 0 1736 0 1737 0 1738 0 1739 0 1740 0 1741 0 1742 0 1743 0 1744 0 1745 0 1746 0 1747 0 1748 0 1749 0 1750 0 1751 0 1752 0 1753 0 1754 0 1755 0 1756 0 1757 0 1758 0 1759 0 1760 0 1761 0 1762 0 1763 0 1764 0 1765 0 1766 0 1767 0 1768 0 1769 0 1770 0 1771 0 1772 0 1773 0 1774 0 1775 0 1776 0 1777 0 1778 0 1779 0 1780 0 1781 0 1782 0 1783 0 1784 0 1785 0 1786 0 1787 0 1788 0 1789 0 1790 0 1791 0 1792 0 1793 0 1794 0 1795 0 1796 0 1797 0 1798 0 1799 0 1800 0 1801 0 1802 0 1803 0 1804 0 1805 0 1806 0 1807 0 1808 0 1809 0 1810 0 1811 0 1812 0 1813 0 1814 0 1815 0 1816 0 1817 0 1818 0 1819 0 1820 0 1821 0 1822 0 1823 0 1824 0 1825 0 1826 0 1827 0 1828 0 1829 0 1830 0 1831 0 1832 0 1833 0 1834 0 1835 0 1836 0 1837 0 1838 0 1839 0 1840 0 1841 0 1842 0 1843 0 1844 0 1845 0 1846 0 1847 0 1848 0 1849 0 1850 0 1851 0 1852 0 1853 0 1854 0 1855 0 1856 0 1857 0 1858 0 1859 0 1860 0 1861 0 1862 0 1863 0 1864 0 1865 0 1866 0 1867 0 1868 0 1869 0 1870 0 1871 0 1872 0 1873 0 1874 0 1875 0 1876 0 1877 0 1878 0 1879 0 1880 0 1881 0 1882 0 1883 0 1884 0 1885 0 1886 0 1887 0 1888 0 1889 0 1890 0 1891 0 1892 0 1893 0 1894 0 1895 0 1896 0 1897 0 1898 0 1899 0 1900 0 1901 0 1902 0 1903 0 1904 0 1905 0 1906 0 1907 0 1908 0 1909 0 1910 0 1911 0 1912 0 1913 0 1914 0 1915 0 1916 0 1917 0 1918 0 1919 0 1920 0 1921 0 1922 0 1923 0 1924 0 1925 0 1926 0 1927 0 1928 0 1929 0 1930 0 1931 0 1932 0 1933 0 1934 0 1935 0 1936 0 1937 0 1938 0 1939 0 1940 0 1941 0 1942 0 1943 0 1944 0 1945 0 1946 0 1947 0 1948 0 1949 0 1950 0 1951 0 1952 0 1953 0 1954 0 1955 0 1956 0 1957 0 1958 0 1959 0 1960 0 1961 0 1962 0 1963 0 1964 0 1965 0 1966 0 1967 0 1968 0 1969 0 1970 0 1971 0 1972 0 1973 0 1974 0 1975 0 1976 0 1977 0 1978 0 1979 0 1980 0 1981 0 1982 0 1983 0 1984 0 1985 0 1986 0 1987 0 1988 0 1989 0 1990 0 1991 0 1992 0 1993 0 1994 0 1995 0 1996 0 1997 0 1998 0 1999 0 2000 0 2001 0 2002 0 2003 0 2004 0 2005 0 2006 0 2007 0 2008 0 2009 0 2010 0 2011 0 2012 0 2013 0 2014 0 2015 0 2016 0 2017 0 2018 0 2019 0 2020 0 2021 0 2022 0 2023 0 2024 0 2025 0 2026 0 2027 0 2028 0 2029 0 2030 0 2031 0 2032 0 2033 0 2034 0 2035 0 2036 0 2037 0 2038 0 2039 0 2040 0 2041 0 2042 0 2043 0 2044 0 2045 0 2046 0 2047 0 2048 0 2049 0 2050 0 2051 0 2052 0 2053 0 2054 0 2055 0 2056 0 2057 0 2058 0 2059 0 2060 0 2061 0 2062 0 2063 0 2064 0 2065 0 2066 0 2067 0 2068 0 2069 0 2070 0 2071 0 2072 0 2073 0 2074 0 2075 0 2076 0 2077 0 2078 0 2079 0 2080 0 2081 0 2082 0 2083 0 2084 0 2085 0 2086 0 2087 0 2088 0 2089 0 2090 0 2091 0 2092 0 2093 0 2094 0 2095 0 2096 0 2097 0 2098 0 2099 0 2100 0 2101 0 2102 0 2103 0 2104 0 2105 0 2106 0 2107 0 2108 0 2109 0 2110 0 2111 0 2112 0 2113 0 2114 0 2115 0 2116 0 2117 0 2118 0 2119 0 2120 0 2121 0 2122 0 2123 0 2124 0 2125 0 2126 0 2127 0 2128 0 2129 0 2130 0 2131 0 2132 0 2133 0 2134 0 2135 0 2136 0 2137 0 2138 0 2139 0 2140 0 2141 0 2142 0 2143 0 2144 0 2145 0 2146 0 2147 0 2148 0 2149 0 2150 0 2151 0 2152 0 2153 0 2154 0 2155 0 2156 0 2157 0 2158 0 2159 0 2160 0 2161 0 2162 0 2163 0 2164 0 2165 0 2166 0 2167 0 2168 0 2169 0 2170 0 2171 0 2172 0 2173 0 2174 0 2175 0 2176 0 2177 0 2178 0 2179 0 2180 0 2181 0 2182 0 2183 0 2184 0 2185 0 2186 0 2187 0 2188 0 2189 0 2190 0 2191 0 2192 0 2193 0 2194 0 2195 0 2196 0 2197 0 2198 0 2199 0 2200 0 2201 0 2202 0 2203 0 2204 0 2205 0 2206 0 2207 0 2208 0 2209 0 2210 0 2211 0 2212 0 2213 0 2214 0 2215 0 2216 0 2217 0 2218 0 2219 0 2220 0 2221 0 2222 0 2223 0 2224 0 2225 0 2226 0 2227 0 2228 0 2229 0 2230 0 2231 0 2232 0 2233 0 2234 0 2235 0 2236 0 2237 0 2238 0 2239 0 2240 0 2241 0 2242 0 2243 0 2244 0 2245 0 2246 0 2247 0 2248 0 2249 0 2250 0 2251 0 2252 0 2253 0 2254 0 2255 0 2256 0 2257 0 2258 0 2259 0 2260 0 2261 0 2262 0 2263 0 2264 0 2265 0 2266 0 2267 0 2268 0 2269 0 2270 0 2271 0 2272 0 2273 0 2274 0 2275 0 2276 0 2277 0 2278 0 2279 0 2280 0 2281 0 2282 0 2283 0 2284 0 2285 0 2286 0 2287 0 2288 0 2289 0 2290 0 2291 0 2292 0 2293 0 2294 0 2295 0 2296 0 2297 0 2298 0 2299 0 2300 0 2301 0 2302 0 2303 0 2304 0 2305 0 2306 0 2307 0 2308 0 2309 0 2310 0 2311 0 2312 0 2313 0 2314 0 2315 0 2316 0 2317 0 2318 0 2319 0 2320 0 2321 0 2322 0 2323 0 2324 0 2325 0 2326 0 2327 0 2328 0 2329 0 2330 0 2331 0 2332 0 2333 0 2334 0 2335 0 2336 0 2337 0 2338 0 2339 0 2340 0 2341 0 2342 0 2343 0 2344 0 2345 0 2346 0 2347 0 2348 0 2349 0 2350 0 2351 0 2352 0 2353 0 2354 0 2355 0 2356 0 2357 0 2358 0 2359 0 2360 0 2361 0 2362 0 2363 0 2364 0 2365 0 2366 0 2367 0 2368 0 2369 0 2370 0 2371 0 2372 0 2373 0 2374 0 2375 0 2376 0 2377 0 2378 0 2379 0 2380 0 2381 0 2382 0 2383 0 2384 0 2385 0 2386 0 2387 0 2388 0 2389 0 2390 0 2391 0 2392 0 2393 0 2394 0 2395 0 2396 0 2397 0 2398 0 2399 0 2400 0 2401 0 2402 0 2403 0 2404 0 2405 0 2406 0 2407 0 2408 0 2409 0 2410 0 2411 0 2412 0 2413 0 2414 0 2415 0 2416 0 2417 0 2418 0 2419 0 2420 0 2421 0 2422 0 2423 0 2424 0 2425 0 2426 0 2427 0 2428 0 2429 0 2430 0 2431 0 2432 0 2433 0 2434 0 2435 0 2436 0 2437 0 2438 0 2439 0 2440 0 2441 0 2442 0 2443 0 2444 0 2445 0 2446 0 2447 0 2448 0 2449 0 2450 0 2451 0 2452 0 2453 0 2454 0 2455 0 2456 0 2457 0 2458 0 2459 0 2460 0 2461 0 2462 0 2463 0 2464 0 2465 0 2466 0 2467 0 2468 0 2469 0 2470 0 2471 0 2472 0 2473 0 2474 0 2475 0 2476 0 2477 0 2478 0 2479 0 2480 0 2481 0 2482 0 2483 0 2484 0 2485 0 2486 0 2487 0 2488 0 2489 0 2490 0 2491 0 2492 0 2493 0 2494 0 2495 0 2496 0 2497 0 2498 0 2499 0 2500 0 2501 0 2502 0 2503 0 2504 0 2505 0 2506 0 2507 0 2508 0 2509 0 2510 0 2511 0 2512 0 2513 0 2514 0 2515 0 2516 0 2517 0 2518 0 2519 0 2520 0 2521 0 2522 0 2523 0 2524 0 2525 0 2526 0 2527 0 2528 0 2529 0 2530 0 2531 0 2532 0 2533 0 2534 0 2535 0 2536 0 2537 0 2538 0 2539 0 2540 0 2541 0 2542 0 2543 0 2544 0 2545 0 2546 0 2547 0 2548 0 2549 0 2550 0 2551 0 2552 0 2553 0 2554 0 2555 0 2556 0 2557 0 2558 0 2559 0 2560 0 2561 0 2562 0 2563 0 2564 0 2565 0 2566 0 2567 0 2568 0 2569 0 2570 0 2571 0 2572 0 2573 0 2574 0 2575 0 2576 0 2577 0 2578 0 2579 0 2580 0 2581 0 2582 0 2583 0 2584 0 2585 0 2586 0 2587 0 2588 0 2589 0 2590 0 2591 0 2592 0 2593 0 2594 0 2595 0 2596 0 2597 0 2598 0 2599 0 2600 0 2601 0 2602 0 2603 0 2604 0 2605 0 2606 0 2607 0 2608 0 2609 0 2610 0 2611 0 2612 0 2613 0 2614 0 2615 0 2616 0 2617 0 2618 0 2619 0 2620 0 2621 0 2622 0 2623 0 2624 0 2625 0 2626 0 2627 0 2628 0 2629 0 2630 0 2631 0 2632 0 2633 0 2634 0 2635 0 2636 0 2637 0 2638 0 2639 0 2640 0 2641 0 2642 0 2643 0 2644 0 2645 0 2646 0 2647 0 2648 0 2649 0 2650 0 2651 0 2652 0 2653 0 2654 0 2655 0 2656 0 2657 0 2658 0 2659 0 2660 0 2661 0 2662 0 2663 0 2664 0 2665 0 2666 0 2667 0 2668 0 2669 0 2670 0 2671 0 2672 0 2673 0 2674 0 2675 0 2676 0 2677 0 2678 0 2679 0 2680 0 2681 0 2682 0 2683 0 2684 0 2685 0 2686 0 2687 0 2688 0 2689 0 2690 0 2691 0 2692 0 2693 0 2694 0 2695 0 2696 0 2697 0 2698 0 2699 0 2700 0 2701 0 2702 0 2703 0 2704 0 2705 0 2706 0 2707 0 2708 0 2709 0 2710 0 2711 0 2712 0 2713 0 2714 0 2715 0 2716 0 2717 0 2718 0 2719 0 2720 0 2721 0 2722 0 2723 0 2724 0 2725 0 2726 0 2727 0 2728 0 2729 0 2730 0 2731 0 2732 0 2733 0 2734 0 2735 0 2736 0 2737 0 2738 0 2739 0 2740 0 2741 0 2742 0 2743 0 2744 0 2745 0 2746 0 2747 0 2748 0 2749 0 2750 0 2751 0 2752 0 2753 0 2754 0 2755 0 2756 0 2757 0 2758 0 2759 0 2760 0 2761 0 2762 0 2763 0 2764 0 2765 0 2766 0 2767 0 2768 0 2769 0 2770 0 2771 0 2772 0 2773 0 2774 0 2775 0 2776 0 2777 0 2778 0 2779 0 2780 0 2781 0 2782 0 2783 0 2784 0 2785 0 2786 0 2787 0 2788 0 2789 0 2790 0 2791 0 2792 0 2793 0 2794 0 2795 0 2796 0 2797 0 2798 0 2799 0 2800 0 2801 0 2802 0 2803 0 2804 0 2805 0 2806 0 2807 0 2808 0 2809 0 2810</v>
        </vertex_weights>
      </skin>
    </controller>
  </library_controllers>
  <library_visual_scenes>
    <visual_scene id="Scene" name="Scene">
      <node id="ornit_UK_galleon2_Skin" name="ornit_UK_galleon2_Skin" type="NODE">
        <matrix sid="transform">1 0 0 0 0 1 0 0 0 0 1 0 0 0 0 1</matrix>
        <node id="ornit_UK_galleon2_Skin_root" name="root" sid="root" type="JOINT">
          <matrix sid="transform">7.54979e-8 0 1 -0.001933873 1 -2.3841e-7 -7.54979e-8 -0.003927171 2.3841e-7 1 -8.68283e-12 -0.004104614 0 0 0 1</matrix>
          <node id="ornit_UK_galleon2_Skin_port_tackle01" name="port tackle01" sid="port_tackle01" type="JOINT">
            <matrix sid="transform">1 -2.36264e-7 7.10336e-15 -6.549087 2.36264e-7 1 0 37.66544 -7.10544e-15 0 1 29.31084 0 0 0 1</matrix>
            <extra>
              <technique profile="blender">
                <layer sid="layer" type="string">0</layer>
                <roll sid="roll" type="float">1.570796</roll>
                <tip_x sid="tip_x" type="float">0</tip_x>
                <tip_y sid="tip_y" type="float">-9.53674e-6</tip_y>
                <tip_z sid="tip_z" type="float">20.18237</tip_z>
              </technique>
            </extra>
          </node>
          <node id="ornit_UK_galleon2_Skin_star_tackle_001" name="star tackle.001" sid="star_tackle_001" type="JOINT">
            <matrix sid="transform">1 -2.36264e-7 7.10336e-15 -6.549091 2.36264e-7 1 0 37.66546 -7.10544e-15 0 1 -30.04866 0 0 0 1</matrix>
            <extra>
              <technique profile="blender">
                <layer sid="layer" type="string">0</layer>
                <roll sid="roll" type="float">1.570796</roll>
                <tip_x sid="tip_x" type="float">0</tip_x>
                <tip_y sid="tip_y" type="float">-9.53674e-6</tip_y>
                <tip_z sid="tip_z" type="float">20.18237</tip_z>
              </technique>
            </extra>
          </node>
          <node id="ornit_UK_galleon2_Skin_ammo_node_0" name="ammo node 0" sid="ammo_node_0" type="JOINT">
            <matrix sid="transform">7.43334e-8 -1 -2.38388e-7 -3.122891 1.20404e-7 2.38388e-7 -1 16.58483 1 7.43028e-8 1.20404e-7 -11.06885 0 0 0 1</matrix>
            <node id="ornit_UK_galleon2_Skin_ammo_node_1" name="ammo node 1" sid="ammo_node_1" type="JOINT">
              <matrix sid="transform">1 0 -3.29817e-8 21.84688 0 1 0 73.84351 3.29817e-8 0 1 0.6151155 0 0 0 1</matrix>
              <extra>
                <technique profile="blender">
                  <layer sid="layer" type="string">0</layer>
                  <roll sid="roll" type="float">3.141593</roll>
                  <tip_x sid="tip_x" type="float">0</tip_x>
                  <tip_y sid="tip_y" type="float">-77.00987</tip_y>
                  <tip_z sid="tip_z" type="float">0</tip_z>
                </technique>
              </extra>
            </node>
            <extra>
              <technique profile="blender">
                <layer sid="layer" type="string">0</layer>
                <roll sid="roll" type="float">3.141593</roll>
                <tip_x sid="tip_x" type="float">0</tip_x>
                <tip_y sid="tip_y" type="float">-77.00988</tip_y>
                <tip_z sid="tip_z" type="float">0</tip_z>
              </technique>
            </extra>
          </node>
          <node id="ornit_UK_galleon2_Skin_sbr_axle" name="sbr axle" sid="sbr_axle" type="JOINT">
            <matrix sid="transform">7.73079e-8 -0.9999999 -1.42109e-14 72.17393 -1.21019e-7 0 -1 3.013737 1 7.7308e-8 -1.21019e-7 -17.69363 0 0 0 1</matrix>
            <node id="ornit_UK_galleon2_Skin_pivot_node_0" name="pivot node 0" sid="pivot_node_0" type="JOINT">
              <matrix sid="transform">1 2.31924e-7 -2.99765e-8 19.69738 -2.31924e-7 1 2.06155e-7 27.32336 2.99765e-8 -2.06155e-7 1 -65.908 0 0 0 1</matrix>
              <extra>
                <technique profile="blender">
                  <layer sid="layer" type="string">0</layer>
                  <roll sid="roll" type="float">3.141592</roll>
                  <tip_x sid="tip_x" type="float">1.7643e-5</tip_x>
                  <tip_y sid="tip_y" type="float">-74.01628</tip_y>
                  <tip_z sid="tip_z" type="float">0</tip_z>
                </technique>
              </extra>
            </node>
            <node id="ornit_UK_galleon2_Skin_pivot_node_1" name="pivot node 1" sid="pivot_node_1" type="JOINT">
              <matrix sid="transform">1 2.57693e-7 -2.99764e-8 20.1558 -2.57693e-7 1 2.57693e-7 135.0054 2.99765e-8 -2.57693e-7 1 -36.9524 0 0 0 1</matrix>
              <extra>
                <technique profile="blender">
                  <layer sid="layer" type="string">0</layer>
                  <roll sid="roll" type="float">3.141592</roll>
                  <tip_x sid="tip_x" type="float">1.7643e-5</tip_x>
                  <tip_y sid="tip_y" type="float">-74.01628</tip_y>
                  <tip_z sid="tip_z" type="float">0</tip_z>
                </technique>
              </extra>
            </node>
            <extra>
              <technique profile="blender">
                <layer sid="layer" type="string">0</layer>
                <roll sid="roll" type="float">3.141592</roll>
                <tip_x sid="tip_x" type="float">0</tip_x>
                <tip_y sid="tip_y" type="float">-74.01628</tip_y>
                <tip_z sid="tip_z" type="float">-1.7643e-5</tip_z>
              </technique>
            </extra>
          </node>
          <extra>
            <technique profile="blender">
              <layer sid="layer" type="string">0</layer>
              <roll sid="roll" type="float">1.570796</roll>
              <tip_x sid="tip_x" type="float">0</tip_x>
              <tip_y sid="tip_y" type="float">-4.81168e-6</tip_y>
              <tip_z sid="tip_z" type="float">20.18238</tip_z>
            </technique>
          </extra>
        </node>
        <node id="joybags" name="joybags" type="NODE">
          <matrix sid="transform">1 0 0 0 0 1 0 0 0 0 1 0 0 0 0 1</matrix>
          <instance_controller url="#ornit_UK_galleon2_Skin_joybags-skin">
            <skeleton>#ornit_UK_galleon2_Skin_root</skeleton>
            <bind_material>
              <technique_common>
                <instance_material symbol="trenteres_Ma-material" target="#trenteres_Ma-material">
                  <bind_vertex_input semantic="UVMap" input_semantic="TEXCOORD" input_set="0"/>
                </instance_material>
              </technique_common>
            </bind_material>
          </instance_controller>
        </node>
      </node>
    </visual_scene>
  </library_visual_scenes>
  <scene>
    <instance_visual_scene url="#Scene"/>
  </scene>
</COLLADA>