<?xml version="1.0" encoding="utf-8"?>
<COLLADA xmlns="http://www.collada.org/2005/11/COLLADASchema" version="1.4.1" xmlns:xsi="http://www.w3.org/2001/XMLSchema-instance">
  <asset>
    <contributor>
      <author>Blender User</author>
      <authoring_tool>Blender 3.0.1 commit date:2022-01-25, commit time:17:19, hash:dc2d18018171</authoring_tool>
    </contributor>
    <created>2025-07-24T07:51:30</created>
    <modified>2025-07-24T07:51:30</modified>
    <unit name="meter" meter="1"/>
    <up_axis>Z_UP</up_axis>
  </asset>
  <library_effects>
    <effect id="trenteres_Ma-effect">
      <profile_COMMON>
        <technique sid="common">
          <lambert>
            <emission>
              <color sid="emission">0 0 0 1</color>
            </emission>
            <diffuse>
              <color sid="diffuse">0.8 0.8 0.8 1</color>
            </diffuse>
            <reflectivity>
              <float sid="specular">0.5</float>
            </reflectivity>
          </lambert>
        </technique>
      </profile_COMMON>
    </effect>
  </library_effects>
  <library_images/>
  <library_materials>
    <material id="trenteres_Ma-material" name="trenteres_Ma">
      <instance_effect url="#trenteres_Ma-effect"/>
    </material>
  </library_materials>
  <library_geometries>
    <geometry id="feiting_Mesh_004-mesh" name="feiting_Mesh.004">
      <mesh>
        <source id="feiting_Mesh_004-mesh-positions">
          <float_array id="feiting_Mesh_004-mesh-positions-array" count="3591">0.08180481 110.9709 93.10023 0.08180481 110.9709 93.10023 0.08180481 110.9709 93.10023 0.08180481 110.9709 93.10023 0.08180481 110.9709 93.10023 0.08180481 110.9709 93.10023 0.08180481 110.9709 93.10023 0.08180481 110.9709 93.10023 -21.39977 100.1868 93.10023 -21.39977 100.1868 93.10023 -21.39977 100.1868 93.10023 -21.39977 100.1868 93.10023 -21.39977 100.1868 93.10023 -19.27243 100.1868 100.6415 -19.27243 100.1868 100.6415 -19.27243 100.1868 100.6415 -19.27243 100.1868 100.6415 -19.27243 100.1868 100.6415 -13.31175 100.1868 106.6915 -13.31175 100.1868 106.6915 -13.31175 100.1868 106.6915 -13.31175 100.1868 106.6915 -13.31175 100.1868 106.6915 -4.698314 100.1868 110.0506 -4.698314 100.1868 110.0506 -4.698314 100.1868 110.0506 4.861897 100.1868 110.0506 13.47533 100.1868 106.6915 13.47533 100.1868 106.6915 13.47533 100.1868 106.6915 13.47533 100.1868 106.6915 13.47533 100.1868 106.6915 19.436 100.1868 100.6415 19.436 100.1868 100.6415 19.436 100.1868 100.6415 19.436 100.1868 100.6415 19.436 100.1868 100.6415 21.56334 100.1868 93.10023 21.56334 100.1868 93.10023 21.56334 100.1868 93.10023 21.56334 100.1868 93.10023 21.56334 100.1868 93.10023 19.436 100.1868 85.55892 19.436 100.1868 85.55892 19.436 100.1868 85.55892 19.436 100.1868 85.55892 19.436 100.1868 85.55892 13.47532 100.1868 79.50892 13.47532 100.1868 79.50892 13.47532 100.1868 79.50892 13.47532 100.1868 79.50892 13.47532 100.1868 79.50892 4.861883 100.1868 76.14981 4.861883 100.1868 76.14981 4.861883 100.1868 76.14981 -4.698306 100.1868 76.14981 -4.698306 100.1868 76.14981 -4.698306 100.1868 76.14981 -4.698306 100.1868 76.14981 -13.31175 100.1868 79.50892 -13.31175 100.1868 79.50892 -13.31175 100.1868 79.50892 -13.31175 100.1868 79.50892 -13.31175 100.1868 79.50892 -19.27242 100.1868 85.55892 -19.27242 100.1868 85.55892 -19.27242 100.1868 85.55892 -19.27242 100.1868 85.55892 -19.27242 100.1868 85.55892 -38.62661 69.97044 93.10023 -38.62661 69.97044 93.10023 -38.62661 69.97044 93.10023 -38.62661 69.97044 93.10023 -38.62661 69.97044 93.10023 -38.62661 69.97044 93.10023 -34.79327 69.97042 107.357 -34.79327 69.97042 107.357 -34.79327 69.97042 107.357 -34.79327 69.97042 107.357 -34.79327 69.97042 107.357 -34.79327 69.97042 107.357 -24.05252 69.97043 118.8208 -24.05252 69.97043 118.8208 -24.05252 69.97043 118.8208 -24.05252 69.97043 118.8208 -24.05252 69.97043 118.8208 -24.05252 69.97043 118.8208 -8.531637 69.97046 125.204 -8.531637 69.97046 125.204 -8.531637 69.97046 125.204 8.695247 69.97045 125.204 8.695247 69.97045 125.204 8.695247 69.97045 125.204 24.21611 69.97043 118.8208 24.21611 69.97043 118.8208 24.21611 69.97043 118.8208 24.21611 69.97043 118.8208 24.21611 69.97043 118.8208 24.21611 69.97043 118.8208 34.95688 69.97043 107.357 34.95688 69.97043 107.357 34.95688 69.97043 107.357 34.95688 69.97043 107.357 34.95688 69.97043 107.357 34.95688 69.97043 107.357 38.79021 69.97045 93.10022 38.79021 69.97045 93.10022 38.79021 69.97045 93.10022 38.79021 69.97045 93.10022 38.79021 69.97045 93.10022 38.79021 69.97045 93.10022 34.95688 69.97042 78.84345 34.95688 69.97042 78.84345 34.95688 69.97042 78.84345 34.95688 69.97042 78.84345 34.95688 69.97042 78.84345 34.95688 69.97042 78.84345 24.2161 69.97041 67.37968 24.2161 69.97041 67.37968 24.2161 69.97041 67.37968 24.2161 69.97041 67.37968 24.2161 69.97041 67.37968 24.2161 69.97041 67.37968 8.695228 69.97045 60.99648 8.695228 69.97045 60.99648 8.695228 69.97045 60.99648 -8.531654 69.97044 60.99649 -8.531654 69.97044 60.99649 -8.531654 69.97044 60.99649 -8.531654 69.97044 60.99649 -8.531654 69.97044 60.99649 -24.05251 69.97042 67.37967 -24.05251 69.97042 67.37967 -24.05251 69.97042 67.37967 -24.05251 69.97042 67.37967 -24.05251 69.97042 67.37967 -24.05251 69.97042 67.37967 -34.79328 69.97042 78.84346 -34.79328 69.97042 78.84346 -34.79328 69.97042 78.84346 -34.79328 69.97042 78.84346 -34.79328 69.97042 78.84346 -34.79328 69.97042 78.84346 -48.1868 26.30655 93.10025 -48.1868 26.30655 93.10025 -48.1868 26.30655 93.10025 -48.1868 26.30655 93.10025 -48.1868 26.30655 93.10025 -48.1868 26.30655 93.10025 -43.40673 26.30654 112.161 -43.40673 26.30654 112.161 -43.40673 26.30654 112.161 -43.40673 26.30654 112.161 -43.40673 26.30654 112.161 -43.40673 26.30654 112.161 -30.01317 26.30654 127.4797 -30.01317 26.30654 127.4797 -30.01317 26.30654 127.4797 -30.01317 26.30654 127.4797 -30.01317 26.30654 127.4797 -30.01317 26.30654 127.4797 -10.65898 26.30655 136.0038 -10.65898 26.30655 136.0038 -10.65898 26.30655 136.0038 10.8226 26.30654 136.0038 10.8226 26.30654 136.0038 10.8226 26.30654 136.0038 30.17679 26.30655 127.4797 30.17679 26.30655 127.4797 30.17679 26.30655 127.4797 30.17679 26.30655 127.4797 30.17679 26.30655 127.4797 30.17679 26.30655 127.4797 43.57032 26.30655 112.161 43.57032 26.30655 112.161 43.57032 26.30655 112.161 43.57032 26.30655 112.161 43.57032 26.30655 112.161 43.57032 26.30655 112.161 48.35042 26.30655 93.10022 48.35042 26.30655 93.10022 48.35042 26.30655 93.10022 48.35042 26.30655 93.10022 48.35042 26.30655 93.10022 48.35042 26.30655 93.10022 43.57031 26.30654 74.03942 43.57031 26.30654 74.03942 43.57031 26.30654 74.03942 43.57031 26.30654 74.03942 43.57031 26.30654 74.03942 43.57031 26.30654 74.03942 30.17678 26.30654 58.72076 30.17678 26.30654 58.72076 30.17678 26.30654 58.72076 30.17678 26.30654 58.72076 30.17678 26.30654 58.72076 30.17678 26.30654 58.72076 10.82258 26.30654 47.10501 10.82258 26.30654 47.10501 10.82258 26.30654 47.10501 -10.65897 26.30654 47.10501 -10.65897 26.30654 47.10501 -10.65897 26.30654 47.10501 -10.65897 26.30654 47.10501 -10.65897 26.30654 47.10501 -30.0132 26.30655 58.72075 -30.0132 26.30655 58.72075 -30.0132 26.30655 58.72075 -30.0132 26.30655 58.72075 -30.0132 26.30655 58.72075 -30.0132 26.30655 58.72075 -43.40672 26.30656 74.03942 -43.40672 26.30656 74.03942 -43.40672 26.30656 74.03942 -43.40672 26.30656 74.03942 -43.40672 26.30656 74.03942 -43.40672 26.30656 74.03942 -48.1868 -22.15672 93.10024 -48.1868 -22.15672 93.10024 -48.1868 -22.15672 93.10024 -48.1868 -22.15672 93.10024 -48.1868 -22.15672 93.10024 -48.1868 -22.15672 93.10024 -43.40672 -22.15672 113.6159 -43.40672 -22.15672 113.6159 -43.40672 -22.15672 113.6159 -43.40672 -22.15672 113.6159 -43.40672 -22.15672 113.6159 -43.40672 -22.15672 113.6159 -30.01319 -22.15672 130.035 -30.01319 -22.15672 130.035 -30.01319 -22.15672 130.035 -30.01319 -22.15672 130.035 -30.01319 -22.15672 130.035 -30.01319 -22.15672 130.035 -10.65898 -22.15672 139.1241 -10.65898 -22.15672 139.1241 -10.65898 -22.15672 139.1241 10.8226 -22.15673 139.1241 10.8226 -22.15673 139.1241 10.8226 -22.15673 139.1241 30.1768 -22.15672 130.035 30.1768 -22.15672 130.035 30.1768 -22.15672 130.035 30.1768 -22.15672 130.035 30.1768 -22.15672 130.035 30.1768 -22.15672 130.035 43.57032 -22.15672 113.6158 43.57032 -22.15672 113.6158 43.57032 -22.15672 113.6158 43.57032 -22.15672 113.6158 43.57032 -22.15672 113.6158 43.57032 -22.15672 113.6158 48.35042 -22.15671 93.10022 48.35042 -22.15671 93.10022 48.35042 -22.15671 93.10022 48.35042 -22.15671 93.10022 48.35042 -22.15671 93.10022 48.35042 -22.15671 93.10022 43.57032 -22.15672 72.58458 43.57032 -22.15672 72.58458 43.57032 -22.15672 72.58458 43.57032 -22.15672 72.58458 43.57032 -22.15672 72.58458 43.57032 -22.15672 72.58458 30.17679 -22.15673 56.16542 30.17679 -22.15673 56.16542 30.17679 -22.15673 56.16542 30.17679 -22.15673 56.16542 30.17679 -22.15673 56.16542 30.17679 -22.15673 56.16542 10.82258 -22.15673 47.07636 10.82258 -22.15673 47.07636 10.82258 -22.15673 47.07636 -10.65899 -22.15673 47.07636 -10.65899 -22.15673 47.07636 -10.65899 -22.15673 47.07636 -10.65899 -22.15673 47.07636 -30.01318 -22.15672 56.16542 -30.01318 -22.15672 56.16542 -30.01318 -22.15672 56.16542 -30.01318 -22.15672 56.16542 -30.01318 -22.15672 56.16542 -30.01318 -22.15672 56.16542 -43.40672 -22.15672 72.5846 -43.40672 -22.15672 72.5846 -43.40672 -22.15672 72.5846 -43.40672 -22.15672 72.5846 -43.40672 -22.15672 72.5846 -43.40672 -22.15672 72.5846 -38.62662 -65.82061 93.10023 -38.62662 -65.82061 93.10023 -38.62662 -65.82061 93.10023 -38.62662 -65.82061 93.10023 -38.62662 -65.82061 93.10023 -38.62662 -65.82061 93.10023 -34.79328 -65.82061 110.5813 -34.79328 -65.82061 110.5813 -34.79328 -65.82061 110.5813 -34.79328 -65.82061 110.5813 -34.79328 -65.82061 110.5813 -34.79328 -65.82061 110.5813 -24.05251 -65.82061 124.5693 -24.05251 -65.82061 124.5693 -24.05251 -65.82061 124.5693 -24.05251 -65.82061 124.5693 -24.05251 -65.82061 124.5693 -24.05251 -65.82061 124.5693 -8.531639 -65.82061 132.3108 -8.531639 -65.82061 132.3108 -8.531639 -65.82061 132.3108 8.695264 -65.82061 132.3108 8.695264 -65.82061 132.3108 8.695264 -65.82061 132.3108 24.21612 -65.82061 124.5693 24.21612 -65.82061 124.5693 24.21612 -65.82061 124.5693 24.21612 -65.82061 124.5693 24.21612 -65.82061 124.5693 24.21612 -65.82061 124.5693 34.9569 -65.82063 110.5813 34.9569 -65.82063 110.5813 34.9569 -65.82063 110.5813 34.9569 -65.82063 110.5813 34.9569 -65.82063 110.5813 34.9569 -65.82063 110.5813 38.79023 -65.82064 93.10021 38.79023 -65.82064 93.10021 38.79023 -65.82064 93.10021 38.79023 -65.82064 93.10021 38.79023 -65.82064 93.10021 38.79023 -65.82064 93.10021 34.95689 -65.82064 75.61914 34.95689 -65.82064 75.61914 34.95689 -65.82064 75.61914 34.95689 -65.82064 75.61914 34.95689 -65.82064 75.61914 34.95689 -65.82064 75.61914 24.21611 -65.82064 61.63117 24.21611 -65.82064 61.63117 24.21611 -65.82064 61.63117 24.21611 -65.82064 61.63117 24.21611 -65.82064 61.63117 24.21611 -65.82064 61.63117 8.695243 -65.82062 53.88967 8.695243 -65.82062 53.88967 8.695243 -65.82062 53.88967 -8.531635 -65.82062 53.88968 -8.531635 -65.82062 53.88968 -8.531635 -65.82062 53.88968 -8.531635 -65.82062 53.88968 -8.531635 -65.82062 53.88968 -8.531635 -65.82062 53.88968 -24.0525 -65.82062 61.63116 -24.0525 -65.82062 61.63116 -24.0525 -65.82062 61.63116 -24.0525 -65.82062 61.63116 -24.0525 -65.82062 61.63116 -24.0525 -65.82062 61.63116 -34.79327 -65.82062 75.61915 -34.79327 -65.82062 75.61915 -34.79327 -65.82062 75.61915 -34.79327 -65.82062 75.61915 -34.79327 -65.82062 75.61915 -34.79327 -65.82062 75.61915 -21.39974 -96.03696 93.10021 -21.39974 -96.03696 93.10021 -21.39974 -96.03696 93.10021 -21.39974 -96.03696 93.10021 -21.39974 -96.03696 93.10021 -19.2724 -96.03699 103.1721 -19.2724 -96.03699 103.1721 -19.2724 -96.03699 103.1721 -19.2724 -96.03699 103.1721 -19.2724 -96.03699 103.1721 -13.31172 -96.03696 111.2468 -13.31172 -96.03696 111.2468 -13.31172 -96.03696 111.2468 -13.31172 -96.03696 111.2468 -13.31172 -96.03696 111.2468 -4.698283 -96.03696 115.7263 -4.698283 -96.03696 115.7263 -4.698283 -96.03696 115.7263 4.861916 -96.03696 115.7262 4.861916 -96.03696 115.7262 13.47534 -96.03696 111.2468 13.47534 -96.03696 111.2468 13.47534 -96.03696 111.2468 13.47534 -96.03696 111.2468 13.47534 -96.03696 111.2468 19.43602 -96.03696 103.1721 19.43602 -96.03696 103.1721 19.43602 -96.03696 103.1721 19.43602 -96.03696 103.1721 19.43602 -96.03696 103.1721 21.56336 -96.03695 93.10022 21.56336 -96.03695 93.10022 21.56336 -96.03695 93.10022 21.56336 -96.03695 93.10022 21.56336 -96.03695 93.10022 19.43602 -96.03697 83.02836 19.43602 -96.03697 83.02836 19.43602 -96.03697 83.02836 19.43602 -96.03697 83.02836 19.43602 -96.03697 83.02836 13.47534 -96.03697 74.95368 13.47534 -96.03697 74.95368 13.47534 -96.03697 74.95368 13.47534 -96.03697 74.95368 13.47534 -96.03697 74.95368 4.861909 -96.03697 70.47419 4.861909 -96.03697 70.47419 4.861909 -96.03697 70.47419 4.861909 -96.03697 70.47419 -4.698289 -96.03697 70.4742 -4.698289 -96.03697 70.4742 -4.698289 -96.03697 70.4742 -4.698289 -96.03697 70.4742 -13.31173 -96.03696 74.95369 -13.31173 -96.03696 74.95369 -13.31173 -96.03696 74.95369 -13.31173 -96.03696 74.95369 -13.31173 -96.03696 74.95369 -19.2724 -96.03697 83.02837 -19.2724 -96.03697 83.02837 -19.2724 -96.03697 83.02837 -19.2724 -96.03697 83.02837 -19.2724 -96.03697 83.02837 0.08180892 -101.8689 93.10023 0.08180892 -101.8689 93.10023 0.08180892 -101.8689 93.10023 0.08180892 -101.8689 93.10023 0.08180892 -101.8689 93.10023 0.08180892 -101.8689 93.10023 15.06254 9.40783 21.60447 15.24422 -26.98865 28.00224 -15.21407 -26.98864 28.00223 0.9353058 79.87355 92.3269 0.7580841 100.4743 72.53851 -0.43454 100.4743 72.53851 -0.6113359 79.87355 92.32688 -0.6113656 79.87355 93.87347 -0.4355618 86.42315 120.2017 0.7581468 86.42317 120.2018 0.9353206 127.7422 92.3269 0.9353409 127.7422 60.364 0.9353409 127.7422 60.364 -0.61115 127.7422 60.364 -0.61115 127.7422 60.364 -0.6112539 127.7422 92.3269 -0.6112539 127.7422 92.3269 -0.6112532 127.7422 93.87348 -0.6111187 127.7423 125.8364 -0.6111187 127.7423 125.8364 0.9353696 127.7422 125.8364 0.9353696 127.7422 125.8364 4.861897 100.1868 110.0506 4.861897 100.1868 110.0506 4.861897 100.1868 110.0506 0.08180481 110.9709 93.10023 0.08180481 110.9709 93.10023 0.08180481 110.9709 93.10023 0.08180481 110.9709 93.10023 0.08180481 110.9709 93.10023 0.08180481 110.9709 93.10023 4.861883 100.1868 76.14981 4.861883 100.1868 76.14981 -8.531637 69.97046 125.204 -8.531637 69.97046 125.204 -8.531637 69.97046 125.204 -4.698314 100.1868 110.0506 -4.698314 100.1868 110.0506 4.861897 100.1868 110.0506 8.695247 69.97045 125.204 8.695247 69.97045 125.204 8.695247 69.97045 125.204 8.695228 69.97045 60.99648 8.695228 69.97045 60.99648 8.695228 69.97045 60.99648 -4.698306 100.1868 76.14981 -8.531654 69.97044 60.99649 -10.65898 26.30655 136.0038 -10.65898 26.30655 136.0038 -10.65898 26.30655 136.0038 10.8226 26.30654 136.0038 10.8226 26.30654 136.0038 10.8226 26.30654 136.0038 10.82258 26.30654 47.10501 -10.65898 -22.15672 139.1241 -10.65898 -22.15672 139.1241 -10.65898 -22.15672 139.1241 10.8226 -22.15673 139.1241 10.8226 -22.15673 139.1241 10.8226 -22.15673 139.1241 -8.531639 -65.82061 132.3108 -8.531639 -65.82061 132.3108 -8.531639 -65.82061 132.3108 8.695264 -65.82061 132.3108 8.695264 -65.82061 132.3108 8.695264 -65.82061 132.3108 8.695243 -65.82062 53.88967 8.695243 -65.82062 53.88967 8.695243 -65.82062 53.88967 10.82258 -22.15673 47.07636 10.82258 -22.15673 47.07636 -4.698283 -96.03696 115.7263 4.861916 -96.03696 115.7262 4.861916 -96.03696 115.7262 4.861909 -96.03697 70.47419 -4.698283 -96.03696 115.7263 4.861916 -96.03696 115.7262 0.08180892 -101.8689 93.10023 0.08180892 -101.8689 93.10023 0.08180892 -101.8689 93.10023 0.08180892 -101.8689 93.10023 0.08180892 -101.8689 93.10023 0.08180892 -101.8689 93.10023 0.08180892 -101.8689 93.10023 0.08180892 -101.8689 93.10023 -4.698289 -96.03697 70.4742 14.74041 9.617762 28.13349 -14.74043 9.617766 28.13348 11.56518 -27.34321 33.12295 14.74041 9.617762 28.13349 -11.56733 -27.34319 33.12295 11.56518 -27.34321 33.12295 -15.04203 9.407834 21.60447 -14.74043 9.617766 28.13348 -11.56733 -27.34319 33.12295 32.8982 79.87354 92.3269 0.9353058 79.87355 92.3269 0.9353058 79.87355 92.3269 0.9353206 127.7422 92.3269 0.7580841 100.4743 72.53851 0.7580841 100.4743 72.53851 0.9353409 127.7422 60.364 -0.43454 100.4743 72.53851 -0.43454 100.4743 72.53851 -0.61115 127.7422 60.364 -32.57419 79.87354 93.87348 -0.6113656 79.87355 93.87347 -0.6113656 79.87355 93.87347 -0.6112532 127.7422 93.87348 -0.4355618 86.42315 120.2017 -0.4355618 86.42315 120.2017 -0.6111187 127.7423 125.8364 0.9353216 127.7422 93.87348 0.9353216 127.7422 93.87348 0.9353086 79.87355 93.87348 0.7581468 86.42317 120.2018 0.7581468 86.42317 120.2018 0.9353696 127.7422 125.8364 -32.57419 79.87354 93.87348 -0.6113656 79.87355 93.87347 -0.6113656 79.87355 93.87347 -0.6113656 79.87355 93.87347 -0.6113656 79.87355 93.87347 -0.6113656 79.87355 93.87347 -32.57419 79.87354 92.3269 -32.57419 79.87354 92.3269 -0.6113359 79.87355 92.32688 -0.6113359 79.87355 92.32688 -0.6113359 79.87355 92.32688 -0.6113359 79.87355 92.32688 32.8982 79.87354 92.3269 0.9353058 79.87355 92.3269 0.9353058 79.87355 92.3269 0.9353058 79.87355 92.3269 0.9353058 79.87355 92.3269 0.9353058 79.87355 92.3269 32.8982 79.87354 93.87348 32.8982 79.87354 93.87348 0.9353086 79.87355 93.87348 0.9353086 79.87355 93.87348 0.9353086 79.87355 93.87348 0.9353086 79.87355 93.87348 0.7581468 86.42317 120.2018 -0.4355618 86.42315 120.2017 -0.4355618 86.42315 120.2017 0.7580841 100.4743 72.53851 0.7580841 100.4743 72.53851 -0.43454 100.4743 72.53851 -0.6112532 127.7422 93.87348 -0.6112532 127.7422 93.87348 -0.6112532 127.7422 93.87348 -0.6112539 127.7422 92.3269 -0.6112539 127.7422 92.3269 -0.6112539 127.7422 92.3269 0.9353206 127.7422 92.3269 0.9353206 127.7422 92.3269 0.9353206 127.7422 92.3269 0.9353216 127.7422 93.87348 0.9353216 127.7422 93.87348 0.9353216 127.7422 93.87348 0.9353696 127.7422 125.8364 -0.6111187 127.7423 125.8364 -0.6111187 127.7423 125.8364 0.9353409 127.7422 60.364 0.9353409 127.7422 60.364 -0.61115 127.7422 60.364 15.78094 64.9865 33.20248 15.78094 64.9865 33.20248 15.78094 64.9865 33.20248 -0.002817034 83.10472 33.20243 -0.002817034 83.10472 33.20243 12.49427 75.15037 33.20245 12.49427 75.15037 33.20245 6.323524 81.68045 33.20243 6.323524 81.68045 33.20243 -0.002818167 64.97963 33.20248 -0.002818167 64.97963 33.20248 -0.002818167 64.97963 33.20248 -0.002818167 64.97963 33.20248 -0.002818167 64.97963 33.20248 -0.002818167 64.97963 33.20248 -0.002817511 75.126 33.20246 -0.002817511 75.126 33.20246 -0.002817511 75.126 33.20246 -0.002817511 75.126 33.20246 -0.002817511 75.126 33.20246 -0.002817511 75.126 33.20246 -0.002817511 75.126 33.20246 -0.002817511 75.126 33.20246 0.006989836 -73.23019 32.589 0.006989836 -73.23019 32.589 0.006990611 -60.96203 32.58897 0.006990611 -60.96203 32.58897 0.006990611 -60.96203 32.58897 0.006990611 -60.96203 32.58897 0.006990611 -60.96203 32.58897 0.006990611 -60.96203 32.58897 0.006991863 -40.85128 32.5889 0.006991863 -40.85128 32.5889 0.006991863 -40.85128 32.5889 0.006991863 -40.85128 32.5889 0.006991863 -40.85128 32.5889 0.006991863 -40.85128 32.5889 0.01026546 3.137985 27.41348 0.01026546 3.137985 27.41348 0.01026546 3.137985 27.41348 0.01026546 3.137985 27.41348 0.01026546 3.137985 27.41348 0.01026546 3.137985 27.41348 0.01026564 6.000394 27.41338 0.01026564 6.000394 27.41338 0.01026564 6.000394 27.41338 0.01026564 6.000394 27.41338 0.01026564 6.000394 27.41338 0.01026564 6.000394 27.41338 0.01026582 8.895626 27.41329 0.01026582 8.895626 27.41329 0.01026582 8.895626 27.41329 0.01026582 8.895626 27.41329 0.01026582 8.895626 27.41329 0.01026582 8.895626 27.41329 -0.002819418 45.34883 33.20254 -0.002819418 45.34883 33.20254 -0.002819418 45.34883 33.20254 -0.002819418 45.34883 33.20254 -0.002819418 45.34883 33.20254 -0.002819418 45.34883 33.20254 6.538674 -73.18595 32.58901 6.538674 -73.18595 32.58901 12.68127 -60.91781 32.58897 12.68127 -60.91781 32.58897 12.68127 -60.91781 32.58897 19.89617 -40.80703 32.58891 19.89617 -40.80703 32.58891 19.89617 -40.80703 32.58891 30.977 3.143324 27.41347 30.977 3.143324 27.41347 30.977 3.143324 27.41347 33.87173 6.005733 27.41338 33.87173 6.005733 27.41338 33.87173 6.005733 27.41338 31.73108 8.900966 27.4133 31.73108 8.900966 27.4133 31.73108 8.900966 27.4133 20.79168 45.39234 33.20254 20.79168 45.39234 33.20254 20.79168 45.39234 33.20254 2.40435 -76.65937 19.2573 2.40435 -76.65937 19.2573 2.40435 -76.65937 19.2573 2.40435 -76.65937 19.2573 2.40436 -73.23019 29.34037 2.40436 -73.23019 29.34037 2.40433 -91.06562 7.713668 2.404328 -83.73042 12.91972 2.404328 -83.73042 12.91972 6.538668 -73.18595 29.34036 6.538668 -73.18595 29.34036 6.538668 -73.18595 29.34036 6.538668 -73.18595 29.34036 6.560105 -75.45054 32.58901 6.560105 -75.45054 32.58901 6.560107 -75.45054 29.34037 -0.02705961 72.53505 8.722034 -0.02705961 72.53505 8.722034 -0.02701252 77.51745 20.09172 -0.02701252 77.51745 20.09172 -0.02701252 77.51745 20.09172 -0.02701252 77.51745 20.09172 -0.02701252 77.51745 20.09172 -0.02701252 77.51745 20.09172 -0.002817273 80.18884 30.00766 -0.002817273 80.18884 30.00766 -0.002817273 80.18884 30.00766 -0.002817273 80.18884 30.00766 2.404354 -80.19016 7.695945 2.404354 -80.19016 7.695945 2.404354 -80.19016 7.695945 6.565372 -57.7674 7.695874 6.565372 -57.7674 7.695874 6.565372 -57.7674 7.695874 13.78027 -39.1878 7.695821 13.78027 -39.1878 7.695821 13.78027 -39.1878 7.695821 23.18269 3.137982 -4.311123 23.18269 3.137982 -4.311123 23.18269 3.137982 -4.311123 23.18269 3.137982 -4.311123 26.07743 6.000391 -4.31122 26.07743 6.000391 -4.31122 26.07743 6.000391 -4.31122 23.93676 8.895623 -4.311306 23.93676 8.895623 -4.311306 23.93676 8.895623 -4.311306 14.77717 42.11389 8.72213 14.77717 42.11389 8.72213 14.77717 42.11389 8.72213 9.409929 57.48901 8.72208 9.409929 57.48901 8.72208 9.409929 57.48901 8.72208 4.698085 69.40222 8.722043 4.698085 69.40222 8.722043 4.698085 69.40222 8.722043 8.546952 -59.45403 19.25724 8.546952 -59.45403 19.25724 8.546952 -59.45403 19.25724 8.546952 -59.45403 19.25724 8.546952 -59.45403 19.25724 8.546952 -59.45403 19.25724 15.76185 -40.85128 19.25719 15.76185 -40.85128 19.25719 15.76185 -40.85128 19.25719 15.76185 -40.85128 19.25719 15.76185 -40.85128 19.25719 15.76185 -40.85128 19.25719 15.76185 -40.85128 19.25719 25.70808 3.137982 10.42307 25.70808 3.137982 10.42307 25.70808 3.137982 10.42307 25.70808 3.137982 10.42307 25.70808 3.137982 10.42307 28.60282 6.000391 10.42298 28.60282 6.000391 10.42298 28.60282 6.000391 10.42298 28.60282 6.000391 10.42298 28.60282 6.000391 10.42298 28.60282 6.000391 10.42298 26.46216 8.895622 10.42289 26.46216 8.895622 10.42289 26.46216 8.895622 10.42289 26.46216 8.895622 10.42289 26.46216 8.895622 10.42289 26.46216 8.895622 10.42289 16.7259 44.70777 20.09182 16.7259 44.70777 20.09182 16.7259 44.70777 20.09182 16.7259 44.70777 20.09182 16.7259 44.70777 20.09182 16.7259 44.70777 20.09182 11.26026 62.47138 20.09177 11.26026 62.47138 20.09177 11.26026 62.47138 20.09177 11.26026 62.47138 20.09177 11.26026 62.47138 20.09177 11.26026 62.47138 20.09177 6.167914 74.38459 20.09173 6.167914 74.38459 20.09173 6.167914 74.38459 20.09173 6.167914 74.38459 20.09173 6.167914 74.38459 20.09173 6.167914 74.38459 20.09173 8.546955 -60.96206 29.34032 8.546955 -60.96206 29.34032 8.546955 -60.96206 29.34032 15.76185 -40.85128 29.34026 15.76185 -40.85128 29.34026 25.70808 3.137983 23.2733 25.70808 3.137983 23.2733 25.70808 3.137983 23.2733 28.60281 6.000391 23.27321 28.60281 6.000391 23.27321 28.60281 6.000391 23.27321 26.46216 8.895623 23.27312 26.46216 8.895623 23.27312 26.46216 8.895623 23.27312 16.72589 45.34885 30.00775 16.72589 45.34885 30.00775 16.72589 45.34885 30.00775 10.42624 64.95944 30.00769 10.42624 64.95944 30.00769 10.42624 64.95944 30.00769 6.167912 76.89044 30.00766 6.167912 76.89044 30.00766 6.167912 76.89044 30.00766 12.68127 -60.9178 29.34032 12.68127 -60.9178 29.34032 12.68127 -60.9178 29.34032 19.89618 -40.80704 29.34026 19.89618 -40.80704 29.34026 19.89618 -40.80704 29.34026 30.977 3.143324 23.27329 30.977 3.143324 23.27329 30.977 3.143324 23.27329 33.87173 6.005733 23.2732 33.87173 6.005733 23.2732 33.87173 6.005733 23.2732 31.73108 8.900966 23.27311 31.73108 8.900966 23.27311 31.73108 8.900966 23.27311 20.79168 45.39233 30.00775 20.79168 45.39233 30.00775 20.79168 45.39233 30.00775 15.78094 65.00288 30.00769 15.78094 65.00288 30.00769 -0.002817094 83.10475 30.00765 -0.002817094 83.10475 30.00765 -0.002817094 83.10475 30.00765 -0.002817094 83.10475 30.00765 12.4962 75.15037 30.00766 12.4962 75.15037 30.00766 12.4962 75.15037 30.00766 12.4962 75.15037 30.00766 6.32545 81.68045 30.00764 6.32545 81.68045 30.00764 -15.80276 64.9865 33.20248 -15.80276 64.9865 33.20248 -15.80276 64.9865 33.20248 -12.52416 75.1504 33.20245 -12.52416 75.1504 33.20245 -6.35343 81.68045 33.20242 -6.35343 81.68045 33.20242 -6.548336 -73.18595 32.58901 -6.548336 -73.18595 32.58901 -12.69191 -60.91781 32.58897 -12.69191 -60.91781 32.58897 -12.69191 -60.91781 32.58897 -19.90682 -40.80704 32.58891 -19.90682 -40.80704 32.58891 -19.90682 -40.80704 32.58891 -30.98786 3.143331 27.41347 -30.98786 3.143331 27.41347 -30.98786 3.143331 27.41347 -33.88261 6.005741 27.41338 -33.88261 6.005741 27.41338 -33.88261 6.005741 27.41338 -31.74197 8.900974 27.4133 -31.74197 8.900974 27.4133 -31.74197 8.900974 27.4133 -20.82158 45.39237 33.20254 -20.82158 45.39237 33.20254 -20.82158 45.39237 33.20254 -2.413022 -76.65937 19.2573 -2.413022 -76.65937 19.2573 -2.413022 -76.65937 19.2573 -2.41303 -73.23019 29.34037 -2.412999 -91.06562 7.713668 -2.412999 -91.06562 7.713668 -2.412998 -83.73042 12.91972 -2.412998 -83.73042 12.91972 -2.412998 -83.73042 12.91972 -6.566807 -75.45054 32.58901 -6.566807 -75.45054 32.58901 -6.566814 -75.45054 29.34037 -6.438103 -75.45054 32.58901 -6.438103 -75.45054 32.58901 -6.573971 -73.18595 29.34036 -6.573971 -73.18595 29.34036 -6.573971 -73.18595 29.34036 -6.573971 -73.18595 29.34036 -2.439646 -80.19016 7.695945 -2.439646 -80.19016 7.695945 -2.439646 -80.19016 7.695945 -6.60067 -57.76738 7.695873 -6.60067 -57.76738 7.695873 -6.60067 -57.76738 7.695873 -13.81558 -39.18778 7.69582 -13.81558 -39.18778 7.69582 -13.81558 -39.18778 7.69582 -23.22498 3.137986 -4.311125 -23.22498 3.137986 -4.311125 -23.22498 3.137986 -4.311125 -23.22498 3.137986 -4.311125 -26.11973 6.000398 -4.311222 -26.11973 6.000398 -4.311222 -26.11973 6.000398 -4.311222 -23.97908 8.895628 -4.311317 -23.97908 8.895628 -4.311317 -23.97908 8.895628 -4.311317 -14.83131 42.11389 8.72213 -14.83131 42.11389 8.72213 -14.83131 42.11389 8.72213 -9.464073 57.48902 8.72208 -9.464073 57.48902 8.72208 -9.464073 57.48902 8.72208 -4.752231 69.40222 8.722047 -4.752231 69.40222 8.722047 -4.752231 69.40222 8.722047 -8.582246 -59.45403 19.25724 -8.582246 -59.45403 19.25724 -8.582246 -59.45403 19.25724 -8.582246 -59.45403 19.25724 -8.582246 -59.45403 19.25724 -8.582246 -59.45403 19.25724 -15.79715 -40.85128 19.25719 -15.79715 -40.85128 19.25719 -15.79715 -40.85128 19.25719 -15.79715 -40.85128 19.25719 -15.79715 -40.85128 19.25719 -15.79715 -40.85128 19.25719 -15.79715 -40.85128 19.25719 -25.75037 3.137987 10.42307 -25.75037 3.137987 10.42307 -25.75037 3.137987 10.42307 -25.75037 3.137987 10.42307 -25.75037 3.137987 10.42307 -28.64512 6.000398 10.42298 -28.64512 6.000398 10.42298 -28.64512 6.000398 10.42298 -28.64512 6.000398 10.42298 -28.64512 6.000398 10.42298 -28.64512 6.000398 10.42298 -26.50448 8.895627 10.42288 -26.50448 8.895627 10.42288 -26.50448 8.895627 10.42288 -26.50448 8.895627 10.42288 -26.50448 8.895627 10.42288 -26.50448 8.895627 10.42288 -16.78004 44.70777 20.09183 -16.78004 44.70777 20.09183 -16.78004 44.70777 20.09183 -16.78004 44.70777 20.09183 -16.78004 44.70777 20.09183 -16.78004 44.70777 20.09183 -11.31441 62.47141 20.09177 -11.31441 62.47141 20.09177 -11.31441 62.47141 20.09177 -11.31441 62.47141 20.09177 -11.31441 62.47141 20.09177 -11.31441 62.47141 20.09177 -6.222064 74.38459 20.09174 -6.222064 74.38459 20.09174 -6.222064 74.38459 20.09174 -6.222064 74.38459 20.09174 -6.222064 74.38459 20.09174 -6.222064 74.38459 20.09174 -8.582249 -60.96206 29.34032 -8.582249 -60.96206 29.34032 -8.582249 -60.96206 29.34032 -15.79716 -40.85126 29.34026 -15.79716 -40.85126 29.34026 -25.75037 3.137991 23.2733 -25.75037 3.137991 23.2733 -25.75037 3.137991 23.2733 -28.64512 6.000397 23.27321 -28.64512 6.000397 23.27321 -28.64512 6.000397 23.27321 -26.50448 8.895628 23.27311 -26.50448 8.895628 23.27311 -26.50448 8.895628 23.27311 -16.78004 45.34886 30.00775 -16.78004 45.34886 30.00775 -16.78004 45.34886 30.00775 -10.48039 64.95944 30.00769 -10.48039 64.95944 30.00769 -10.48039 64.95944 30.00769 -6.222062 76.89044 30.00766 -6.222062 76.89044 30.00766 -6.222062 76.89044 30.00766 -12.71657 -60.9178 29.34033 -12.71657 -60.9178 29.34033 -12.71657 -60.9178 29.34033 -19.93147 -40.80704 29.34026 -19.93147 -40.80704 29.34026 -19.93147 -40.80704 29.34026 -31.0193 3.143334 23.27329 -31.0193 3.143334 23.27329 -31.0193 3.143334 23.27329 -33.91403 6.005741 23.2732 -33.91403 6.005741 23.2732 -33.91403 6.005741 23.2732 -31.77339 8.900974 23.27311 -31.77339 8.900974 23.27311 -31.77339 8.900974 23.27311 -20.84582 45.39236 30.00776 -20.84582 45.39236 30.00776 -20.84582 45.39236 30.00776 -15.83508 65.00288 30.00769 -15.83508 65.00288 30.00769 -12.55035 75.15041 30.00766 -12.55035 75.15041 30.00766 -12.55035 75.15041 30.00766 -12.55035 75.15041 30.00766 -6.379604 81.68045 30.00764 -6.379604 81.68045 30.00764 -0.002817153 81.00477 33.20243 -0.002817153 81.00477 33.20243 4.062955 79.5805 33.20243 4.062955 79.5805 33.20243 4.062955 79.5805 33.20243 -0.002816796 83.88734 41.46341 -0.002816796 83.88734 41.46341 -0.002816796 83.88734 41.46341 -0.002816796 83.88734 41.46341 -0.002816796 83.88734 41.46341 -0.002816796 83.88734 41.46341 9.654494 73.67798 40.1723 9.654494 73.67798 40.1723 9.654494 73.67798 40.1723 4.062953 82.48057 41.23223 4.062953 82.48057 41.23223 4.062953 82.48057 41.23223 4.062953 82.48057 41.23223 4.062953 82.48057 41.23223 4.062953 82.48057 41.23223 -0.002816617 82.92162 50.68829 -0.002816617 82.92162 50.68829 -0.002816617 82.92162 50.68829 -0.002816617 82.92162 50.68829 8.543913 75.17729 47.46335 4.06295 81.61055 50.11082 4.06295 81.61055 50.11082 4.06295 81.61055 50.11082 -4.068613 79.5805 33.20243 -4.068613 79.5805 33.20243 -4.068613 79.5805 33.20243 -9.660148 73.67798 40.1723 -9.660148 73.67798 40.1723 -9.660148 73.67798 40.1723 -4.068606 82.48057 41.23223 -4.068606 82.48057 41.23223 -4.068606 82.48057 41.23223 -4.068606 82.48057 41.23223 -4.068606 82.48057 41.23223 -4.068606 82.48057 41.23223 -9.895961 85.29888 48.88485 -4.06862 81.61055 50.11082 -4.06862 81.61055 50.11082 -4.06862 81.61055 50.11082 15.78094 65.39096 33.20248 15.78094 65.39096 33.20248 4.062936 82.88504 41.23222 4.062936 82.88504 41.23222 4.062936 82.88504 41.23222 4.062936 82.88504 41.23222 4.062936 82.88504 41.23222 4.062936 82.88504 41.23222 4.062956 79.98495 33.20243 4.062956 79.98495 33.20243 4.062956 79.98495 33.20243 9.654494 74.08243 40.1723 9.654494 74.08243 40.1723 9.654494 74.08243 40.1723 -0.002816796 84.2918 41.46341 -0.002816796 84.2918 41.46341 -0.002816796 84.2918 41.46341 -0.002816796 84.2918 41.46341 -0.002816796 84.2918 41.46341 -0.002816796 84.2918 41.46341 -0.002817153 81.40927 33.20243 -0.002817153 81.40927 33.20243 4.062964 82.01503 50.11082 4.062964 82.01503 50.11082 4.062964 82.01503 50.11082 8.543912 75.58174 47.46334 -0.002816617 83.32607 50.68827 -0.002816617 83.32607 50.68827 -0.002816617 83.32607 50.68827 -0.002816617 83.32607 50.68827 -15.80276 65.39096 33.20247 -15.80276 65.39096 33.20247 -4.068621 79.98495 33.20243 -4.068621 79.98495 33.20243 -4.068621 79.98495 33.20243 -4.068608 82.88503 41.23222 -4.068608 82.88503 41.23222 -4.068608 82.88503 41.23222 -4.068608 82.88503 41.23222 -4.068608 82.88503 41.23222 -4.068608 82.88503 41.23222 -9.660148 74.08243 40.1723 -9.660148 74.08243 40.1723 -9.660148 74.08243 40.1723 -4.068634 82.01499 50.11083 -4.068634 82.01499 50.11083 -4.068634 82.01499 50.11083 -9.895973 85.76648 48.88484 6.538674 -73.18595 32.58901 6.538674 -73.18595 32.58901 12.68127 -60.91781 32.58897 12.68127 -60.91781 32.58897 12.68127 -60.91781 32.58897 19.89617 -40.80703 32.58891 19.89617 -40.80703 32.58891 19.89617 -40.80703 32.58891 30.977 3.143324 27.41347 30.977 3.143324 27.41347 30.977 3.143324 27.41347 33.87173 6.005733 27.41338 33.87173 6.005733 27.41338 33.87173 6.005733 27.41338 31.73108 8.900966 27.4133 31.73108 8.900966 27.4133 31.73108 8.900966 27.4133 20.79168 45.39234 33.20254 20.79168 45.39234 33.20254 20.79168 45.39234 33.20254 15.78094 64.9865 33.20248 15.78094 64.9865 33.20248 15.78094 64.9865 33.20248 15.78094 64.9865 33.20248 6.323524 81.68045 33.20243 6.323524 81.68045 33.20243 6.323524 81.68045 33.20243 6.323524 81.68045 33.20243 12.49427 75.15037 33.20245 12.49427 75.15037 33.20245 -0.002817034 83.10472 33.20243 -0.002817034 83.10472 33.20243 2.40433 -91.06562 7.713668 2.404328 -83.73042 12.91972 2.404328 -83.73042 12.91972 2.404328 -83.73042 12.91972 2.40435 -76.65937 19.2573 2.40435 -76.65937 19.2573 2.40435 -76.65937 19.2573 2.40436 -73.23019 29.34037 2.40436 -73.23019 29.34037 6.560107 -75.45054 29.34037 6.560107 -75.45054 29.34037 6.560105 -75.45054 32.58901 -6.548336 -73.18595 32.58901 0.006989836 -73.23019 32.589 0.006989836 -73.23019 32.589 0.006989836 -73.23019 32.589 6.538674 -73.18595 32.58901 6.560105 -75.45054 32.58901 6.560105 -75.45054 32.58901 -6.566807 -75.45054 32.58901 -6.566807 -75.45054 32.58901 -6.548336 -73.18595 32.58901 -6.548336 -73.18595 32.58901 -6.566814 -75.45054 29.34037 -2.413022 -76.65937 19.2573 -2.413022 -76.65937 19.2573 -2.413022 -76.65937 19.2573 -2.413022 -76.65937 19.2573 -2.41303 -73.23019 29.34037 -2.41303 -73.23019 29.34037 -2.412998 -83.73042 12.91972 -2.412998 -83.73042 12.91972 -2.412999 -91.06562 7.713668 -12.69191 -60.91781 32.58897 -12.69191 -60.91781 32.58897 -12.69191 -60.91781 32.58897 -19.90682 -40.80704 32.58891 -19.90682 -40.80704 32.58891 -19.90682 -40.80704 32.58891 -30.98786 3.143331 27.41347 -30.98786 3.143331 27.41347 -30.98786 3.143331 27.41347 -33.88261 6.005741 27.41338 -33.88261 6.005741 27.41338 -33.88261 6.005741 27.41338 -31.74197 8.900974 27.4133 -31.74197 8.900974 27.4133 -31.74197 8.900974 27.4133 -20.82158 45.39237 33.20254 -20.82158 45.39237 33.20254 -20.82158 45.39237 33.20254 -15.80276 64.9865 33.20248 -15.80276 64.9865 33.20248 -15.80276 64.9865 33.20248 -15.80276 64.9865 33.20248 -6.35343 81.68045 33.20242 -6.35343 81.68045 33.20242 -6.35343 81.68045 33.20242 -6.35343 81.68045 33.20242 -12.52416 75.1504 33.20245 -12.52416 75.1504 33.20245 15.78094 64.9865 33.20248 15.78094 64.9865 33.20248 -15.80276 64.9865 33.20248 -15.80276 64.9865 33.20248</float_array>
          <technique_common>
            <accessor source="#feiting_Mesh_004-mesh-positions-array" count="1197" stride="3">
              <param name="X" type="float"/>
              <param name="Y" type="float"/>
              <param name="Z" type="float"/>
            </accessor>
          </technique_common>
        </source>
        <source id="feiting_Mesh_004-mesh-normals">
          <float_array id="feiting_Mesh_004-mesh-normals-array" count="3495">0.001518547 0.02619063 0.9996559 0.03489309 0.5383198 0.8420181 -0.1489198 0.5050062 0.8501715 -9.64701e-5 0.06716197 0.9977421 -0.1578145 0.5331566 0.8311672 -0.3116706 0.4047421 0.8596776 0.00367695 0.09342014 0.99562 -0.323094 0.4145482 0.8507409 -0.4102192 0.2131086 0.8867384 5.06639e-6 0.1000323 0.9949842 -0.4194074 0.2069106 0.8839036 -0.41671 -0.02876877 0.9085842 -0.003677666 0.09342062 0.99562 -0.418807 -0.04843598 0.9067826 -0.3262329 -0.2605059 0.9086852 9.4384e-5 0.06716048 0.9977422 -0.3208096 -0.2909646 0.901344 -0.1616503 -0.4269366 0.8897159 -0.001519441 0.02619028 0.9996559 -0.1570014 -0.4631632 0.8722559 0.03334963 -0.4987847 0.8660842 -0.005735456 -0.02103286 0.9997624 0.02882874 -0.5353739 0.8441232 0.2139939 -0.4728654 0.8547544 -0.008411228 -0.06239253 0.9980162 0.2001341 -0.5050253 0.8395807 0.3486816 -0.3607031 0.8650518 -0.00653541 -0.09008753 0.9959124 0.332414 -0.3857474 0.8606392 0.4211682 -0.1844667 0.8880257 -6.93649e-5 -0.1000794 0.9949795 0.4083563 -0.2014971 0.8903056 0.427381 0.02442926 0.9037414 0.006536066 -0.09008646 0.9959126 0.4172783 0.01966762 0.9085659 0.3607458 0.2350618 0.9025566 0.008413076 -0.062397 0.998016 0.3510042 0.2453647 0.9036549 0.2219668 0.4058715 0.8865659 0.005735754 -0.02103388 0.9997623 0.2143136 0.4316876 0.8761938 0.04121261 0.5022953 0.8637135 0.03256392 0.5498253 0.8346446 0.04458075 0.8402579 0.5403511 -0.2418953 0.8037024 0.5436443 0.02848798 0.5370432 0.8430736 -0.2433986 0.7978317 0.551563 -0.1565769 0.5003154 0.8515681 -0.1620334 0.5260334 0.8348857 -0.251584 0.7994556 0.5455055 -0.5153214 0.6091148 0.6028459 -0.1636806 0.518405 0.8393241 -0.5140846 0.6078032 0.6052209 -0.3171933 0.3859726 0.8662641 -0.3216349 0.3895267 0.8630295 -0.5213007 0.6066614 0.6001729 -0.6920386 0.2636823 0.6719779 -0.3217708 0.3895636 0.8629623 -0.6906016 0.2526295 0.6776783 -0.4120911 0.1845602 0.8922548 -0.4170182 0.1793099 0.8910352 -0.6976104 0.2562621 0.6690812 -0.6998892 -0.1651824 0.6948885 -0.4097128 0.163568 0.8974302 -0.6866223 -0.1878848 0.702317 -0.4164618 -0.05890059 0.9072433 -0.416079 -0.07282227 0.9064079 -0.6993474 -0.1785875 0.6921126 -0.5290707 -0.5372297 0.6568627 -0.4028635 -0.09670841 0.9101366 -0.506314 -0.5600528 0.655734 -0.3262411 -0.2856953 0.9010799 -0.3213791 -0.3063748 0.896019 -0.5226771 -0.5522051 0.6495216 -0.2561414 -0.7611221 0.5958898 -0.3058469 -0.3310012 0.8926903 -0.2365066 -0.7765675 0.5839586 -0.1647439 -0.4441394 0.8806815 -0.1610758 -0.4671822 0.869365 -0.2509287 -0.7735604 0.5819272 0.04366612 -0.8309746 0.5545939 -0.1477248 -0.4908577 0.8586245 0.05262356 -0.8411731 0.5381994 0.02753472 -0.5075815 0.8611637 0.0244652 -0.5291481 0.8481768 0.04042834 -0.8412361 0.5391545 0.3262041 -0.7621529 0.5592083 0.03168553 -0.5537385 0.8320876 0.3267219 -0.7727596 0.5441466 0.2078273 -0.4737529 0.8557839 0.2000882 -0.4917362 0.8474434 0.3167238 -0.772425 0.5504959 0.5430169 -0.5668669 0.6195117 0.2013443 -0.5166024 0.8322154 0.5399207 -0.5842818 0.6058882 0.3445189 -0.3522904 0.8701714 0.3374979 -0.3681081 0.866367 0.533801 -0.5778907 0.6173321 0.6582928 -0.2224943 0.7191293 0.3385417 -0.3883475 0.857074 0.6602102 -0.252207 0.7074702 0.419192 -0.1640323 0.8929567 0.4171898 -0.1800047 0.8908148 0.6529456 -0.2361621 0.7196455 0.6730678 0.1605167 0.7219517 0.4208199 -0.1881763 0.8874122 0.6819173 0.1451541 0.7168815 0.4198462 0.05507439 0.9059227 0.4283217 0.04762542 0.9023705 0.6659364 0.1621778 0.728167 0.5851154 0.4932768 0.6436755 0.4268701 0.04851889 0.9030104 0.5860052 0.4928319 0.6432065 0.3457155 0.2638875 0.900469 0.3609717 0.279233 0.8897913 0.5639957 0.5013185 0.6561925 0.3448988 0.7385708 0.5792738 0.3517134 0.2718203 0.8957743 0.333499 0.7355781 0.5896638 0.208629 0.4253855 0.8806368 0.2198135 0.4607594 0.8598737 0.3280968 0.738748 0.5887309 0.05733901 0.841599 0.5370506 0.2112338 0.4450169 0.870253 0.05198669 0.8355568 0.546939 0.03113794 0.5107293 0.8591775 0.01904642 0.8535697 0.5206305 0.02621793 0.9821252 0.1863945 -0.3119521 0.9328014 0.1804649 0.02091956 0.8450517 0.5342753 -0.3065676 0.9297223 0.2040413 -0.2674232 0.7813468 0.563899 -0.2789931 0.790501 0.5452257 -0.3070264 0.9295971 0.2039215 -0.6490936 0.7120989 0.2675682 -0.2739372 0.7881616 0.5511441 -0.6546218 0.7089273 0.2624738 -0.5274778 0.5814495 0.619422 -0.5378991 0.5758422 0.615687 -0.6402958 0.7181574 0.2725276 -0.8893175 0.290566 0.3531091 -0.5394652 0.5750712 0.6150369 -0.8962277 0.2632883 0.3570088 -0.6957421 0.2370262 0.6780571 -0.6991649 0.2217154 0.6797137 -0.8907023 0.28876 0.3510943 -0.8911102 -0.2676289 0.3664664 -0.7007069 0.204345 0.6835591 -0.8773617 -0.3032776 0.3718321 -0.7005397 -0.1844449 0.6893651 -0.6965986 -0.2015611 0.6885663 -0.8897933 -0.2742575 0.3647612 -0.639837 -0.7058239 0.3040085 -0.6869381 -0.2309002 0.6890582 -0.6199936 -0.7253273 0.2991794 -0.5356612 -0.547185 0.6431608 -0.5298011 -0.5591017 0.6377431 -0.6393514 -0.7077565 0.3005172 -0.3071328 -0.9246196 0.2252734 -0.5132859 -0.5871708 0.6259139 -0.2954379 -0.9311541 0.2137019 -0.2738999 -0.7659811 0.5815941 -0.271162 -0.7723765 0.5743744 -0.3097432 -0.9243394 0.2228363 0.02315789 -0.9828615 0.1828857 -0.2600442 -0.7941094 0.5493336 0.02653187 -0.9851481 0.1696451 0.01792567 -0.83552 0.5491677 0.01700466 -0.8400441 0.5422517 0.02011996 -0.9827805 0.1836783 0.3475395 -0.9156136 0.2021586 0.01414823 -0.8588082 0.5121019 0.344446 -0.9200569 0.1866878 0.3040446 -0.7664442 0.5657917 0.2997139 -0.7730037 0.5591394 0.3463928 -0.9157506 0.2035012 0.6322699 -0.7317633 0.2544748 0.28584 -0.794976 0.5350781 0.6207776 -0.7469976 0.2379705 0.5324967 -0.5649488 0.6303017 0.5263858 -0.5775755 0.6239588 0.6320741 -0.7319001 0.2545679 0.7998648 -0.4407093 0.4074208 0.5151811 -0.604706 0.6073871 0.7866367 -0.4792194 0.3892964 0.6573873 -0.2134448 0.7226918 0.653936 -0.2336123 0.7195784 0.794462 -0.4538453 0.4035525 0.7994777 0.386182 0.4601076 0.652941 -0.250133 0.7149137 0.8114597 0.3651635 0.4562771 0.6643941 0.1893754 0.722992 0.6712812 0.1786688 0.7193463 0.791597 0.3959996 0.4653587 0.6496247 0.6983586 0.3004715 0.67316 0.1814389 0.716893 0.6523949 0.6965891 0.2985709 0.550171 0.5309971 0.6444796 0.5637086 0.5332728 0.6307559 0.6240449 0.7160742 0.312739 0.3749794 0.904477 0.2032535 0.5591632 0.5333461 0.6347271 0.3570036 0.9071673 0.2227014 0.3054041 0.7524694 0.5835394 0.3135802 0.7689829 0.5570751 0.3524578 0.9077738 0.2274211 0.03532189 0.9865983 0.1592994 0.3094299 0.7614424 0.5696129 0.02717357 0.9821789 0.1859738 0.02191424 0.8350232 0.5497782 -0.00280857 0.9866169 0.1630318 0.002664029 0.983214 -0.1824371 -0.330852 0.9186053 -0.2161053 7.12715e-4 0.9844948 0.1754126 -0.3296968 0.9200185 -0.2118158 -0.327443 0.9200809 0.215017 -0.3411071 0.9191032 0.1972186 -0.318966 0.9316182 -0.1742082 -0.6791824 0.7158005 -0.1622992 -0.3341187 0.9202519 0.2037187 -0.685621 0.7081562 -0.1686375 -0.6509319 0.7026255 0.2874112 -0.6653478 0.6913752 0.2816254 -0.6622963 0.734619 -0.1473045 -0.9502795 0.2865761 -0.1218324 -0.6652598 0.6916458 0.2811681 -0.9604439 0.2493812 -0.123922 -0.8915887 0.2772653 0.3580416 -0.8968865 0.2581732 0.3590838 -0.9476749 0.2951223 -0.1217178 -0.9445841 -0.3068712 -0.1165812 -0.9006842 0.2429482 0.3602002 -0.9310892 -0.3464162 -0.1143189 -0.8915452 -0.2743183 0.360412 -0.8879076 -0.2874549 0.3591516 -0.945038 -0.3052738 -0.1170943 -0.6542814 -0.7434046 -0.1388002 -0.8793987 -0.31576 0.3563055 -0.6394597 -0.7551618 -0.1442981 -0.6514739 -0.7003901 0.2916088 -0.6490438 -0.7039498 0.2884388 -0.6608164 -0.7376632 -0.1384733 -0.3127094 -0.9334791 -0.1755839 -0.6318938 -0.726402 0.2702783 -0.3080111 -0.9337245 -0.1824499 -0.3308936 -0.9180621 0.2183381 -0.3307753 -0.9185352 0.2165198 -0.3223083 -0.9315533 -0.1683033 0.001472949 -0.9804585 -0.196721 -0.3218668 -0.9291225 0.1820258 0.002405166 -0.9793291 -0.202259 -0.002778947 -0.9823156 0.1872123 -0.003110706 -0.9826233 0.185585 -0.002603054 -0.98321 -0.1824588 0.3160386 -0.9305723 -0.1848108 -0.01145952 -0.9888328 0.1485877 0.3145408 -0.9293463 -0.1933376 0.3280372 -0.9201165 0.2139562 0.3257395 -0.9216898 0.2106699 0.3201436 -0.9314252 -0.1730762 0.6586246 -0.7373672 -0.1500111 0.3053784 -0.9340459 0.1852088 0.6486862 -0.7436283 -0.1619356 0.622159 -0.7358101 0.2673981 0.6160854 -0.7422822 0.2635456 0.6637262 -0.7333469 -0.1472069 0.8723751 -0.4223534 -0.2461284 0.5935721 -0.7634064 0.2547214 0.8579203 -0.4490911 -0.24958 0.7952472 -0.4383512 0.4188438 0.7943587 0.4126909 0.4457358 0.8765682 0.4014136 -0.2655098 0.6671533 0.7254552 -0.1691783 0.7980212 0.4057447 0.4455711 0.6779734 0.714101 -0.17439 0.6124034 0.731875 0.2988666 0.6216737 0.7287688 0.2870853 0.6457685 0.747498 -0.155659 0.3450682 0.9190239 -0.1905861 0.619941 0.7299327 0.2878741 0.3505219 0.915549 -0.197242 0.3325622 0.9176222 0.2176512 0.3361815 0.9211171 0.1962789 0.3228027 0.9317296 -0.1663688 0.01245754 0.9748989 -0.2222992 0.3337323 0.9201277 0.2049093 0.0101158 0.9770591 -0.2127279 0.00273168 0.9823385 0.1870929 -0.02424103 0.9793142 -0.2008884 -0.01808857 0.8379884 -0.5453881 -0.276921 0.7651966 -0.5811961 -0.02240771 0.9810518 -0.1924457 -0.2779492 0.7570867 -0.5912395 -0.3405094 0.9254872 -0.1659119 -0.3498275 0.9195463 -0.1790403 -0.2716434 0.7890518 -0.5510056 -0.5429109 0.5930702 -0.5945717 -0.3448293 0.9224992 -0.1734588 -0.5493378 0.5739822 -0.6072663 -0.6757907 0.7248572 -0.1337504 -0.686306 0.7135248 -0.1409484 -0.5323071 0.6174151 -0.5791786 -0.7463785 0.2430608 -0.6195487 -0.6852056 0.7146266 -0.1407201 -0.751204 0.2040923 -0.6277253 -0.9503877 0.2891344 -0.1147368 -0.95379 0.2767045 -0.1171292 -0.7433906 0.2569277 -0.6175424 -0.742946 -0.2396551 -0.6249774 -0.9566357 0.2661631 -0.1183443 -0.731979 -0.2671342 -0.6267744 -0.94626 -0.2986462 -0.1241065 -0.9450364 -0.301355 -0.1268529 -0.7460594 -0.2301648 -0.6248356 -0.5258681 -0.603832 -0.5990408 -0.9377403 -0.3211405 -0.1323321 -0.5187821 -0.6059628 -0.6030542 -0.6733974 -0.7233411 -0.1526889 -0.6744866 -0.7220175 -0.1541389 -0.5378929 -0.5981891 -0.5940044 -0.2633177 -0.7721496 -0.5783156 -0.6580329 -0.7321429 -0.1759532 -0.2642658 -0.7718006 -0.5783489 -0.344162 -0.92209 -0.1769253 -0.3410588 -0.920509 -0.1906363 -0.276618 -0.780318 -0.56088 -0.01506716 -0.823045 -0.5677765 -0.3356767 -0.9172967 -0.2142149 -0.01648813 -0.8254156 -0.5642848 -0.02645301 -0.982791 -0.1828172 -0.03052246 -0.9778373 -0.2071294 -0.02107018 -0.8399271 -0.5422903 0.2362906 -0.7885012 -0.5678316 -0.03254652 -0.9751168 -0.2192898 0.2366243 -0.7902275 -0.565287 0.2974936 -0.940585 -0.1636986 0.2974907 -0.9406509 -0.1633261 0.2401312 -0.8028454 -0.5456889 0.5070203 -0.6336731 -0.5842849 0.2794637 -0.9418444 -0.1866264 0.5066484 -0.632198 -0.5862024 0.6487025 -0.749404 -0.1325854 0.6453813 -0.7522895 -0.1324522 0.5156834 -0.6347289 -0.5754911 0.7394208 -0.2705216 -0.6165021 0.6281391 -0.7658264 -0.1376633 0.7339947 -0.28613 -0.6159395 0.8686244 -0.4358873 -0.2355712 0.8655113 -0.4433374 -0.2331141 0.7417443 -0.264225 -0.6164419 0.74888 0.2237339 -0.6237965 0.8560512 -0.4627926 -0.2302159 0.7574144 0.1988385 -0.6219219 0.8769454 0.3956982 -0.2727451 0.8810732 0.386225 -0.2730211 0.7425121 0.2431953 -0.624125 0.5372812 0.5920245 -0.6006963 0.8851633 0.3762884 -0.2736656 0.5485388 0.5770944 -0.6050351 0.6380155 0.7504773 -0.1723949 0.6420625 0.7457456 -0.1778183 0.5166873 0.6185002 -0.5920234 0.2630783 0.7679443 -0.5839961 0.6426632 0.7449354 -0.17904 0.2696352 0.7603409 -0.5909134 0.3054772 0.9348656 -0.1808589 0.3068334 0.9321444 -0.1922504 0.2410983 0.7924618 -0.5602464 -0.008144795 0.8153687 -0.5788848 0.3050183 0.9336895 -0.1875847 -0.005565345 0.8097582 -0.5867373 -0.02032142 0.9822983 -0.1862183 -0.03992432 0.831676 -0.5538242 -0.02170693 0.4755169 -0.8794388 -0.1490268 0.431185 -0.8898711 -0.04029798 0.8342425 -0.5499233 -0.1423037 0.410697 -0.9005985 -0.2972031 0.7819072 -0.5479887 -0.2931429 0.783978 -0.5472165 -0.1473115 0.4611586 -0.8750041 -0.2686459 0.3496481 -0.8975387 -0.2920116 0.7862296 -0.5445843 -0.2629565 0.3261449 -0.9080108 -0.5505737 0.6121416 -0.5675838 -0.543686 0.6178995 -0.567984 -0.2619836 0.3741275 -0.8896028 -0.3513859 0.1757183 -0.9195929 -0.5433275 0.61817 -0.5680326 -0.344361 0.1558019 -0.9258193 -0.7484667 0.2619184 -0.6092589 -0.7408517 0.2741788 -0.6131597 -0.3460229 0.1933014 -0.9180974 -0.347043 -0.06512463 -0.9355853 -0.7408319 0.2693856 -0.6153044 -0.3406541 -0.07036197 -0.9375521 -0.7477548 -0.2022379 -0.632426 -0.7444078 -0.1932536 -0.6391479 -0.3509202 -0.05784541 -0.9346171 -0.2563434 -0.2631816 -0.9300665 -0.7371354 -0.2000952 -0.6454404 -0.2578052 -0.2630008 -0.9297135 -0.552627 -0.5642289 -0.6133915 -0.5414994 -0.5609565 -0.6261838 -0.2699344 -0.2776646 -0.921975 -0.1374745 -0.3804332 -0.9145334 -0.5347052 -0.5585653 -0.6341098 -0.1442139 -0.3874451 -0.910543 -0.3003013 -0.7585157 -0.5783365 -0.286412 -0.7471139 -0.5998242 -0.1527961 -0.4158302 -0.8965147 -0.01433175 -0.4371867 -0.8992566 -0.2891726 -0.750872 -0.5937765 -0.02208787 -0.4520601 -0.891714 -0.04907506 -0.8341688 -0.5493216 -0.04153972 -0.8238158 -0.5653336 -0.0252552 -0.4824483 -0.8755603 0.1136844 -0.4385338 -0.8914955 -0.04267328 -0.8296127 -0.5567064 0.1069875 -0.4568883 -0.8830667 0.2113103 -0.8155444 -0.5387349 0.2138332 -0.8106542 -0.5450828 0.1091133 -0.4817641 -0.8694812 0.2446622 -0.3680664 -0.8970326 0.2151134 -0.8129785 -0.541103 0.239047 -0.3838325 -0.8919245 0.4931701 -0.6666291 -0.5589177 0.4998575 -0.6674781 -0.5519199 0.2450624 -0.395448 -0.8851923 0.3526721 -0.1963418 -0.9149165 0.4961685 -0.6702716 -0.551863 0.3410446 -0.201233 -0.9182559 0.7329504 -0.3088992 -0.6061065 0.7402057 -0.3066449 -0.5983849 0.3501143 -0.1998937 -0.9151298 0.3633058 0.05098593 -0.9302738 0.740015 -0.3105649 -0.5965963 0.367199 0.04744434 -0.9289317 0.7450332 0.2069211 -0.6341209 0.7493807 0.2120624 -0.6272625 0.3527098 0.07308709 -0.9328742 0.2640175 0.2677798 -0.9266007 0.7499008 0.210386 -0.6272053 0.2726259 0.2570471 -0.9271472 0.5124258 0.5993976 -0.6149328 0.5149379 0.6029361 -0.6093497 0.250063 0.2982596 -0.921146 0.1246415 0.3932527 -0.9109429 0.5135611 0.6043258 -0.6091349 0.134881 0.377949 -0.9159485 0.2245649 0.7823874 -0.5808964 0.2270779 0.7839948 -0.5777438 0.113064 0.4255914 -0.8978244 -0.01619845 0.4435631 -0.8960967 0.2251259 0.7865291 -0.575057 -0.007201492 0.4254326 -0.9049616 -0.04266101 0.8305474 -0.5553117 0.001040101 0.01292288 -0.999916 -0.1495239 0.4415313 -0.8846992 -0.01916211 0.4812198 -0.8763906 -7.41869e-4 0.03783506 -0.9992838 -0.2681184 0.35121 -0.8970865 -0.1441165 0.4627759 -0.8746822 -8.52153e-4 0.05518025 -0.998476 -0.3531316 0.1696094 -0.9200711 -0.25995 0.3710627 -0.8914812 8.47429e-5 0.06135755 -0.9981159 -0.3529358 -0.07348471 -0.9327574 -0.3454427 0.1842588 -0.9201729 8.51572e-4 0.05517947 -0.9984762 -0.2666241 -0.2771962 -0.9230785 -0.3484268 -0.06951761 -0.9347546 7.41243e-4 0.03783303 -0.9992838 -0.1489607 -0.4014448 -0.9036886 -0.2658997 -0.2858625 -0.9206411 -0.001039147 0.01291936 -0.999916 -0.02413409 -0.4604648 -0.8873499 -0.1492025 -0.4196112 -0.8953576 -0.003274857 -0.01454067 -0.9998889 0.1065974 -0.4577822 -0.8826509 -0.02220207 -0.4818096 -0.8759946 -0.004636347 -0.03903329 -0.9992272 0.2394171 -0.3763896 -0.8949918 0.1124491 -0.4756641 -0.8724099 -0.004375874 -0.05566036 -0.9984402 0.3433457 -0.1888079 -0.9200355 0.2471654 -0.3853363 -0.8890587 -6.10948e-6 -0.06126236 -0.9981217 0.3496448 0.07398927 -0.9339562 0.3490547 -0.1847729 -0.9187056 0.00437498 -0.05566006 -0.9984403 0.2509794 0.2914938 -0.9230605 0.3498548 0.08913576 -0.9325538 0.004635274 -0.03903329 -0.9992272 0.1152263 0.4139123 -0.9029948 0.2479048 0.3115585 -0.9173192 0.003274619 -0.01454049 -0.999889 -0.02071404 0.4599228 -0.8877173 0.1134165 0.4350714 -0.8932243 0.7574766 0.6525253 -0.02098089 0.9321756 0.143018 0.3325574 -0.052509 0.8238661 0.5643469 0.8040233 -0.4516618 0.3867149 0.9022935 0.2193703 -0.3711377 -0.2712282 -0.93002 -0.2479882 0.8511462 -0.02651405 -0.5242589 0.8664073 0.4889597 0.1012768 -0.3168666 0.8065865 -0.499013 0.8151108 0.5083274 0.2778449 0.2699266 0.7948155 0.5435144 -0.8434173 0.3317585 0.4225915 0 0 -1 -0.999391 0.01958096 0.02888184 -0.9993935 0.01933598 0.0289641 -0.9993907 0.01916384 0.02917391 -1 -3.75318e-5 -2.97931e-5 -1 -3.77103e-5 -2.956e-5 -1 -3.61338e-5 -3.15227e-5 0 -0.4076875 -0.9131215 -4.37974e-4 -0.4081577 -0.9129114 -3.74177e-4 -0.4080923 -0.9129407 -4.43589e-4 -0.4081534 -0.9129134 -0.9999109 -0.00133419 -0.01328563 -0.9999098 -2.37004e-4 -0.01343172 -0.9999174 -0.003360629 -0.01241576 -0.9999577 -0.009073317 -0.001547813 -0.9999616 -0.008529901 -0.002018868 -0.9999561 -0.00928086 -0.001250982 -8.02831e-4 -8.89545e-4 -0.9999993 -7.73857e-4 -9.14858e-4 -0.9999993 -8.3273e-4 -8.61625e-4 -0.9999993 -0.9999538 -0.005340278 0.008005559 -0.9999934 -0.002711772 -0.002426207 -0.9999934 -0.002660989 -0.002481758 -0.999993 -0.002852797 -0.002410233 -3.83569e-4 0.1346541 -0.9908927 -3.89223e-4 0.1346458 -0.9908938 -3.88081e-4 0.1346511 -0.9908931 -0.001890182 0.1329061 -0.9911269 -0.001896321 0.1329119 -0.9911261 -0.001977682 0.1327916 -0.9911421 -0.999966 -0.002356946 -0.007910311 -0.9999644 -0.002227842 -0.008138775 -0.9999635 -0.001913964 -0.008325874 -0.9999949 0.003047704 -0.0010553 -0.9999951 0.003005087 -0.001003146 -0.9999946 0.003106355 -0.001120567 -6.43679e-4 -0.9999996 -6.4395e-4 -6.43643e-4 -0.9999996 -6.43986e-4 -6.43652e-4 -0.9999996 -6.43977e-4 -0.002707421 -0.9999927 -0.002715587 -0.002707481 -0.9999927 -0.002715528 -0.002707719 -0.9999927 -0.002715349 -4.77393e-7 -1 0 -4.77386e-7 -1 0 -0.002179265 -0.9709535 0.2392585 -0.002174317 -0.9709547 0.2392538 -0.002141177 -0.9709464 0.2392874 -6.78999e-4 -0.9705872 0.240749 -6.42851e-4 -0.9705796 0.2407796 -6.12688e-4 -0.9705706 0.2408162 -0.001561284 -0.9999976 -0.001555323 -0.001561284 -0.9999976 -0.001555323 -0.001561284 -0.9999976 -0.001555323 0 -1 -6.37906e-6 -8.0506e-4 -0.692111 -0.7217907 -8.06127e-4 -0.6921117 -0.72179 -8.0422e-4 -0.6921105 -0.7217912 0 -0.6927448 -0.7211828 -4.24202e-5 -1 -3.50798e-5 -4.24226e-5 -1 -3.50776e-5 -4.24351e-5 -1 -3.50658e-5 -3.37331e-5 -1 -3.32081e-5 -3.40735e-5 -1 -3.35421e-5 -3.37335e-5 -1 -3.32077e-5 -0.001355767 -0.9999982 -0.001356005 -0.001355767 -0.9999982 -0.001356005 -0.001355767 -0.9999982 -0.001355946 -3.38206e-5 -1 -3.3738e-5 -3.3819e-5 -1 -3.37396e-5 -3.3819e-5 -1 -3.37396e-5 -9.48698e-4 -0.9999991 -9.49285e-4 -9.48835e-4 -0.9999991 -9.49148e-4 -9.48994e-4 -0.9999991 -9.49327e-4 -4.35511e-5 -1 -3.51605e-5 -4.32344e-5 -1 -3.48033e-5 -4.35528e-5 -1 -3.51589e-5 -3.17159e-5 -3.95301e-5 -1 0.6113618 0.3676679 0.7007547 1.51756e-6 2.82287e-6 1 -3.81118e-7 1.87984e-6 1 -3.07787e-5 -3.87164e-5 -1 0.438162 0.7935841 0.4221828 2.53708e-7 4.07444e-6 1 0.6113426 0.3676989 0.7007551 3.15844e-4 0.7525753 0.6585062 1.81378e-6 3.82487e-6 1 0.438242 0.7935405 0.4221817 0.6518352 -0.2947491 0.6987373 -4.78915e-7 3.22463e-6 1 -6.10859e-7 3.36493e-6 1 0.6518421 -0.2947334 0.6987376 0.6798415 -0.2075169 0.7033864 0.6422252 -0.2460703 0.7259452 -2.6023e-4 0.1168461 0.99315 -2.01321e-5 0.1169534 0.9931374 0.6544811 -0.2156342 0.7246769 0.6966466 -0.05544221 0.715269 0.6758508 0.2235434 0.7023205 3.44289e-7 3.26509e-5 1 0 3.19327e-5 1 0.6540331 -0.2894062 0.6989169 0.6243537 -0.3567259 0.694931 0.6495729 0.2996479 0.6987606 0 3.29395e-5 1 -4.98379e-7 2.66514e-5 1 0.5945854 0.4118314 0.6905528 0.6372408 0.3303123 0.6962888 0.7058042 -0.09842848 0.7015357 2.58567e-5 -0.1568475 0.9876229 3.27414e-4 -0.1565916 0.9876635 0.7012214 -0.004622995 0.7129287 0.6873014 0.08046889 0.7219014 0.6956792 0.1354841 0.7054606 -2.99036e-7 3.10915e-6 1 0 3.50395e-6 1 0.6956673 0.1355459 0.7054603 -3.08534e-5 -3.99752e-5 -1 0.534918 -0.125793 0.8354873 -1.52337e-6 3.10943e-6 1 0 3.10532e-6 1 0.534911 -0.1258289 0.8354862 0.65187 -0.2946731 0.698737 0.6539484 -0.3804785 0.6539019 0.973461 -0.2288529 4.65367e-6 0.5349315 -0.1258025 0.8354772 0.9734618 -0.2288498 2.04891e-6 0.6539476 -0.3804378 0.6539263 0.3907617 -0.9204918 4.62961e-5 0.9245585 -0.3661448 -0.1054978 0.7052407 -0.6158246 0.3512771 0.9486417 -0.2920978 -0.1214824 0.9979503 -0.06120181 0.0187 0.9486407 -0.2921004 -0.1214834 0.7052446 -0.6158369 0.3512479 0.9596263 -0.2666929 -0.08939987 0.9245609 -0.3661454 -0.1054744 0.9297505 -0.3066958 -0.2037203 0.9486488 -0.2920823 -0.1214649 0.9297559 -0.3066794 -0.20372 0.9245601 -0.366141 -0.105497 0.9809603 -0.1807727 -0.07097983 0.9469666 -0.310774 -0.08169406 0.9638016 -0.2031789 -0.1726409 0.90996 -0.3625035 -0.2014053 0.961068 -0.204858 -0.185423 0.9416123 -0.3229949 -0.09508186 0.7306362 -0.6822909 -0.02549332 0.6668183 -0.7317504 -0.1410489 0.7612572 -0.6357609 -0.1276546 0.6646043 -0.7352107 -0.1332911 0.7324287 -0.6803303 -0.02643966 0.6804233 -0.7324154 -0.02432835 0.8090619 0.5856232 -0.04964274 0.8181388 0.552417 -0.1596384 0.7555003 0.6390022 -0.1445535 0.8210182 0.5499687 -0.1531785 0.7963615 0.6027849 -0.04958695 0.8466665 0.5287419 -0.05989927 0.9135039 0.3853825 -0.1303503 0.9301794 0.2963399 -0.2166773 0.8715507 0.4187867 -0.2549843 0.944797 0.2759397 -0.1766802 0.9305421 0.3549373 -0.0900619 0.9659383 0.2434274 -0.08778631 0.9291289 0.3362224 -0.1538639 0.9343972 0.2633651 -0.2398767 0.8921306 0.3482466 -0.2877975 0.9344053 0.2633305 -0.239883 0.9291326 0.3362167 -0.1538544 0.9661818 0.2358151 -0.104326 0.6977259 0.6618191 -0.2741792 0.8921326 0.3482277 -0.2878141 0.6289995 0.6893228 -0.3594353 0.8921455 0.348222 -0.2877812 0.697719 0.6618416 -0.2741425 0.9291374 0.3361985 -0.153865 0.9229686 -0.3827429 -0.04045981 0.5168105 -0.8275785 0.2191368 0.9245639 -0.3661301 -0.1055015 0.705215 -0.6158617 0.3512638 0.9245525 -0.3661559 -0.1055112 0.5168225 -0.8275742 0.2191246 0.9632558 -0.2685858 -3.48029e-5 0.9229649 -0.3827516 -0.0404607 0.9596228 -0.2667078 -0.08939254 0.9245636 -0.3661426 -0.1054599 0.959625 -0.2666934 -0.08941245 0.9229618 -0.3827591 -0.0404585 0.982314 -0.1872228 -0.002613961 0.9482011 -0.3088576 -0.07430952 0.9834378 -0.1666283 -0.07131105 0.9496423 -0.3031233 -0.07934659 0.9821911 -0.1877885 -0.00600773 0.956687 -0.2911091 0.002364277 0.7348547 -0.6781202 0.01189935 0.6921324 -0.7184648 -0.06900173 0.7500073 -0.6566506 -0.07936698 0.700915 -0.7097849 -0.07016873 0.7324565 -0.6805264 0.01978361 0.6602537 -0.7510428 -2.36238e-6 0.7878187 0.6158666 0.007077336 0.8225259 0.5600827 -0.09878629 0.7749475 0.6267732 -0.08131235 0.8160312 0.5690202 -0.1015351 0.7891094 0.6141411 0.01171594 0.8598107 0.510613 -3.07355e-6 0.9505012 0.3103176 -0.01583415 0.9676446 0.2325725 -0.09784644 0.933561 0.3435631 -0.1021179 0.9722258 0.2173104 -0.08690994 0.9516143 0.3072398 -0.005829393 0.9801622 0.1981797 -0.002653002 0.9500338 0.3120878 -0.006097495 0.9661784 0.2358151 -0.1043576 0.9291321 0.3362191 -0.1538514 0.9661769 0.2358285 -0.1043414 0.9500257 0.3121125 -0.006079792 0.9770635 0.2127015 -0.01025027 0.8098704 0.5746223 -0.1179802 0.9291343 0.3361994 -0.1538813 0.6977359 0.6618004 -0.2741987 0.9291374 0.3362151 -0.1538285 0.8098639 0.5746358 -0.1179593 0.9500227 0.3121212 -0.006103515 -5.58495e-5 0.9286195 -0.3710336 0.6289899 0.6893329 -0.3594329 1.26064e-5 0.9159023 -0.4014013 0.6290205 0.689308 -0.3594271 -3.12899e-5 0.928605 -0.3710696 0.6977401 0.661808 -0.2741698 6.61045e-4 0.9675606 -0.2526382 0.6977088 0.6618388 -0.2741749 -9.2417e-5 0.9286453 -0.3709692 0.6977413 0.6618045 -0.274175 6.70815e-4 0.9675741 -0.2525868 0.8098626 0.5746364 -0.1179655 0.5337525 -0.5154571 0.6703822 0.9979526 -0.06116807 0.018687 0.7052535 -0.6158324 0.3512378 0.9979528 -0.06116753 0.01868277 0.5337526 -0.5154238 0.6704078 0.6891724 -0.4194069 0.59088 0.6518563 -0.2946921 0.6987418 0.9734528 -0.228888 -4.63956e-6 0.926921 -0.3752565 -1.27339e-7 0.9734526 -0.2288888 -1.41859e-5 0.6518549 -0.2946911 0.6987435 0.5349178 -0.1257425 0.8354949 0.6798605 -0.2075085 0.7033705 0.9269019 -0.3753038 5.51265e-6 0.9695219 -0.245005 6.93514e-6 0.9269024 -0.3753029 -1.82493e-6 0.6798937 -0.2074301 0.7033615 0.6518073 -0.2947955 0.6987439 0.7099255 -0.06665968 0.701115 0.9567412 -0.2908855 0.005657732 0.9840651 -0.177795 -0.002206444 0.9566439 -0.2912524 0.002147018 0.7115936 -0.05794191 0.700198 0.6819518 -0.1895402 0.706411 0.346119 -0.7095218 0.6138246 0.6829766 -0.7303904 -0.008536994 0.7680582 -0.6403802 3.90451e-6 0.6823354 -0.7310185 -0.005510389 0.4570152 -0.5871038 0.6681663 0.4866603 -0.5535537 0.6758254 0.7478366 0.1562741 0.6452278 0.8310188 0.5560367 -0.01520156 0.7697039 0.6384011 2.21624e-6 0.8320475 0.5546172 -0.009838104 0.6451302 0.3312089 0.6885547 0.6189693 0.3674916 0.6941376 0.6890128 0.1722573 0.7039807 0.9661426 0.2579882 -0.003255128 0.9399905 0.3411889 0.002850115 0.966214 0.25774 -8.54278e-4 0.7002577 0.1264964 0.7025937 0.7071911 0.09366941 0.7007902 -0.968864 -0.2475903 -0.001305341 0.9755994 0.2195582 4.26461e-4 0.9605957 0.2779459 0.001424491 0.9755889 0.2196043 4.25478e-4 -0.9688152 -0.2477846 -3.57237e-5 0.6956296 0.135571 0.7054927 0.4381302 0.7936092 0.4221689 0.8568933 0.5154935 7.21614e-4 0.4833099 0.8754492 3.03793e-4 0.8568938 0.5154926 7.58298e-4 0.4381403 0.7935975 0.4221802 0.6113404 0.367752 0.7007293 0.4380946 0.793609 0.4222061 5.91531e-4 0.9999997 5.04596e-4 2.52105e-4 0.7525814 0.6584992 6.24724e-4 0.9999998 4.8577e-4 0.4381437 0.7936086 0.422156 0.4832895 0.8754606 3.32927e-4 -0.9513866 -0.3079952 -0.001616299 0.9605823 0.2779923 0.001423656 0.8568724 0.515528 7.88421e-4 0.6113234 0.3677778 0.7007305 -0.9514799 -0.3077103 -6.14197e-4 0.8568776 0.5155193 7.68984e-4 -9.58574e-7 2.822e-6 1 -0.6094498 0.3662759 0.703145 -2.1567e-4 -2.59066e-4 -1 2.12114e-7 1.87983e-6 1 -3.1117e-5 -3.89306e-5 -1 -0.6094456 0.3662825 0.7031452 0 4.65645e-6 1 -0.4370697 0.792912 0.4245712 -0.4370528 0.7929217 0.4245702 -2.40913e-6 3.82487e-6 1 3.03164e-4 0.7525753 0.6585062 4.77986e-7 3.22463e-6 1 -0.6495317 -0.2937346 0.701305 -0.6773859 -0.2067684 0.7059711 -0.6495799 -0.2936283 0.7013049 3.05051e-7 3.17493e-6 1 2.59908e-4 0.1168461 0.9931501 -0.6399434 -0.2446068 0.7284504 -0.694027 -0.0546121 0.7178748 -0.6520964 -0.2143698 0.7271974 2.01117e-5 0.1169533 0.9931375 -1.7197e-7 3.26509e-5 1 -0.6733608 0.2224769 0.7050455 -0.6220639 -0.3554179 0.6976494 -0.6515803 -0.2883954 0.7016205 -1.57307e-7 3.25991e-5 1 0 3.29395e-5 1 -0.6472077 0.2984451 0.7014647 -0.634896 0.3290967 0.6990011 -0.5924909 0.410255 0.693286 1.65962e-7 2.87611e-5 1 -2.60394e-5 -0.1568475 0.9876229 -0.703123 -0.09920674 0.7041138 -0.6847751 0.07922136 0.7244358 -0.6986149 -0.005913734 0.7154735 -3.27032e-4 -0.1565919 0.9876633 2.98688e-7 3.10915e-6 1 -0.6930376 0.1352226 0.7081058 -3.0889e-5 -3.9945e-5 -1 -0.6930606 0.1351058 0.7081056 0 3.50395e-6 1 1.51787e-6 3.10943e-6 1 -0.5329892 -0.1257651 0.8367232 -0.6495631 -0.293666 0.7013045 -0.5329962 -0.1257416 0.8367223 0 3.26556e-6 1 0.533751 -0.5154408 0.6703959 -0.4287369 -0.5228704 0.7367436 0.6891406 -0.4193714 0.5909425 -0.4287803 -0.5228597 0.7367261 0.5337487 -0.5154698 0.6703755 -0.5305068 -0.5417395 0.6519824 0.5168429 -0.8275368 0.2192178 -0.6900097 -0.6718841 0.2691809 0.705217 -0.6158509 0.3512786 -0.6900103 -0.6718893 0.2691667 0.516836 -0.8275567 0.2191584 -0.6926927 -0.7042341 0.1556638 -0.5304979 -0.5417772 0.6519582 0.7052166 -0.6158828 0.3512237 -0.6899597 -0.6719264 0.2692035 0.7052442 -0.6158182 0.3512814 -0.5304964 -0.5417613 0.6519726 0.5337882 -0.5154472 0.6703614 0.3907847 -0.9204821 3.25218e-5 -0.6465157 -0.7628964 0.002583384 -0.6447284 -0.7644118 2.89476e-5 -0.6465165 -0.7628957 0.002562046 0.3907847 -0.9204821 -2.70045e-5 0.6538905 -0.3804357 0.6539847 0 3.39845e-6 1 -0.5330063 -0.1256993 0.8367223 0 3.36325e-6 1 0.6539139 -0.3805132 0.6539162 0.5349234 -0.1257767 0.8354862 0 5.15417e-6 1 0.653986 -0.3803882 0.6539169 -0.5330288 -0.1256647 0.8367131 -0.9726483 -0.2322157 0.005601704 -0.6464901 -0.7629183 0.002517759 -0.6446943 -0.7644406 3.89093e-5 -0.6465247 -0.7628888 0.002559006 -0.9726396 -0.2322517 0.005608916 -0.9485917 -0.2925584 -0.1207626 -0.6899713 -0.6719185 0.2691939 -0.9242797 -0.366859 -0.1054589 -0.690003 -0.6718464 0.2692926 -0.9485889 -0.2925703 -0.1207554 -0.9977833 -0.06293225 0.02163386 -0.9297503 -0.3066959 -0.2037205 -0.9242787 -0.3668554 -0.1054809 -0.9596262 -0.2666932 -0.08940005 -0.9242838 -0.3668505 -0.1054521 -0.9297556 -0.3066799 -0.2037202 -0.9485997 -0.2925384 -0.1207474 -0.9637725 -0.2033224 -0.1726347 -0.9469206 -0.3109156 -0.08168786 -0.980934 -0.1809179 -0.07097357 -0.9415599 -0.323144 -0.09509539 -0.9610328 -0.2050108 -0.1854362 -0.9098998 -0.3626481 -0.2014173 -0.761257 -0.6357612 -0.1276545 -0.666818 -0.7317507 -0.1410488 -0.730636 -0.6822912 -0.0254932 -0.6804218 -0.7324169 -0.02432781 -0.7324273 -0.6803318 -0.02643913 -0.6646028 -0.7352121 -0.1332905 -0.7555018 0.6390001 -0.144554 -0.8181374 0.5524171 -0.159645 -0.8090635 0.585621 -0.04964321 -0.8466687 0.5287383 -0.05989968 -0.796364 0.6027815 -0.04958736 -0.8210204 0.5499653 -0.1531788 -0.8717053 0.4184921 -0.25494 -0.9302905 0.296025 -0.2166306 -0.9136404 0.3850746 -0.1303025 -0.9660098 0.2431381 -0.08780086 -0.9306479 0.3546561 -0.09007555 -0.9448773 0.2756554 -0.1766948 -0.8921306 0.3482463 -0.2877979 -0.9343971 0.2633647 -0.239877 -0.9291289 0.336222 -0.1538643 -0.966182 0.2358143 -0.1043262 -0.9291328 0.336216 -0.1538546 -0.9344054 0.2633298 -0.2398833 -0.6289992 0.6893229 -0.3594357 -0.8921324 0.3482278 -0.2878147 -0.6973593 0.6623148 -0.2739146 -0.9291371 0.3361989 -0.1538658 -0.6973163 0.6623511 -0.2739362 -0.892145 0.3482186 -0.2877869 -0.9242796 -0.366852 -0.1054843 -0.6926969 -0.7042264 0.1556794 -0.9227324 -0.3833022 -0.04055035 -0.6927098 -0.7042207 0.155649 -0.9242954 -0.3668164 -0.1054696 -0.689986 -0.6718937 0.2692178 -0.9596229 -0.266708 -0.089392 -0.9227461 -0.3832716 -0.04053008 -0.9632558 -0.2685859 -3.04688e-6 -0.9227303 -0.3833092 -0.04053211 -0.959625 -0.2666938 -0.08941239 -0.9242789 -0.3668507 -0.1054948 -0.9834126 -0.1667767 -0.07131087 -0.9481544 -0.3090006 -0.07430982 -0.9822857 -0.1873713 -0.002614021 -0.9566429 -0.2912537 0.002364397 -0.9821628 -0.187937 -0.006007611 -0.9495964 -0.303267 -0.07934629 -0.7500067 -0.6566513 -0.07936757 -0.6921315 -0.7184655 -0.06900233 -0.734854 -0.6781211 0.01189869 -0.6602506 -0.7510454 -2.21593e-6 -0.732458 -0.6805251 0.01977068 -0.7009122 -0.7097877 -0.07016861 -0.7749565 0.6267613 -0.08131903 -0.8225277 0.5600801 -0.09878671 -0.7878208 0.615864 0.007076859 -0.8598127 0.5106098 -3.7232e-6 -0.7891116 0.6141381 0.01171541 -0.8160332 0.5690172 -0.1015357 -0.9336698 0.3432732 -0.102099 -0.9677183 0.2322733 -0.09782904 -0.9505981 0.3100212 -0.01581543 -0.9802221 0.197883 -0.002653598 -0.9517072 0.3069518 -0.00582832 -0.9722911 0.2170176 -0.0869109 -0.9291324 0.3362186 -0.1538507 -0.9661787 0.2358145 -0.1043571 -0.9500339 0.3120871 -0.00609678 -0.9770635 0.2127016 -0.01025176 -0.9500257 0.3121125 -0.006081283 -0.9661768 0.2358285 -0.1043429 -0.6973672 0.6623241 -0.2738718 -0.9291342 0.3361999 -0.1538811 -0.8091638 0.5755761 -0.1181794 -0.9500377 0.3120756 -0.006104946 -0.8092061 0.5755169 -0.1181775 -0.9291374 0.3362153 -0.153828 -1.13714e-5 0.9159029 -0.4014002 -0.6289818 0.6893308 -0.3594508 -3.81172e-5 0.9286177 -0.3710382 -0.6973562 0.662323 -0.2739024 -2.05934e-5 0.9286257 -0.3710181 -0.6290147 0.6893125 -0.3594286 -5.64903e-5 0.9286381 -0.3709869 -0.6973387 0.662344 -0.2738963 6.24478e-4 0.967571 -0.2525984 -0.8091717 0.5755666 -0.1181712 6.50585e-4 0.9675623 -0.2526321 -0.6973549 0.6623113 -0.2739343 -0.6900193 -0.6718745 0.2691805 -0.9977841 -0.06291526 0.02164769 -0.5305156 -0.5417348 0.651979 -0.4287757 -0.5229064 0.7366957 -0.5305151 -0.5417821 0.6519402 -0.9977821 -0.0629456 0.02165234 -0.9268988 -0.3752458 0.007037699 -0.9726422 -0.2322414 0.005595326 -0.64954 -0.2936557 0.7013303 -0.533006 -0.1257244 0.8367186 -0.6495205 -0.2937235 0.7013199 -0.9726491 -0.2322123 0.005595624 -0.9694961 -0.244996 0.007363498 -0.9268788 -0.3752952 0.007033884 -0.6773908 -0.2067012 0.7059861 -0.6495051 -0.2937761 0.7013123 -0.6774011 -0.2066761 0.7059836 -0.9268968 -0.3752503 0.007038176 -0.9842031 -0.1769657 0.005255341 -0.9569158 -0.2900769 0.0129404 -0.7073074 -0.06596541 0.7038217 -0.6795982 -0.1883212 0.7090004 -0.7090456 -0.05713248 0.7028444 -0.9568451 -0.2904459 0.009414851 -0.768047 -0.6403688 0.00564593 -0.6829796 -0.7304301 -0.003280997 -0.3447387 -0.709506 0.6146189 -0.485122 -0.5532869 0.6771488 -0.4560087 -0.5863064 0.6695528 -0.6823648 -0.7310119 -3.14908e-4 -0.7696936 0.6383864 0.005904257 -0.8310736 0.5560897 -0.008997201 -0.745023 0.1581381 0.6480225 -0.6168202 0.3674899 0.6960489 -0.6432636 0.3307719 0.6905084 -0.8321048 0.5546072 -0.003546059 -0.9404413 0.3397851 0.01078361 -0.9665604 0.2564071 0.004052639 -0.6866739 0.1709792 0.7065727 -0.7047468 0.09243601 0.7034114 -0.6979058 0.1250576 0.7051866 -0.9666016 0.2562022 0.00647509 -0.9605365 0.2779307 0.01113772 -0.9755331 0.2196832 0.008643567 -0.8305627 -0.3800574 -0.4070897 -0.6930686 0.135095 0.7080998 -0.8320723 -0.3768793 -0.4069617 -0.9755358 0.2196707 0.008645474 -0.4825508 0.875859 0.003969609 -0.8569382 0.5153589 0.007882654 -0.4370234 0.7929356 0.424575 -0.6094768 0.3662416 0.7031394 -0.4370577 0.7928965 0.4246125 -0.8569389 0.515358 0.007881045 2.7056e-4 0.7525649 0.6585181 5.63953e-4 0.9999998 4.92558e-4 -0.4370921 0.7928861 0.4245969 -0.4825242 0.8758738 0.003943979 -0.4370737 0.7929028 0.4245844 5.70971e-4 0.9999998 5.15057e-4 -0.8569518 0.5153362 0.007898151 -0.9605247 0.2779718 0.01114225 -0.7975251 -0.4119068 -0.4407796 -0.8569474 0.5153437 0.007874488 -0.7996106 -0.4087156 -0.4399711 -0.609443 0.3663552 0.7031097 -0.7605517 -0.6106699 0.2205525 -0.5930192 -0.8042545 0.0387687 -0.4636893 -0.8345426 0.2975419 -0.593021 -0.8042528 0.03877633 -0.8456183 -0.5267423 -0.08644336 -0.8384329 -0.5428159 -0.0487976 -0.4637295 -0.8345206 0.2975404 2.53916e-5 -0.9813683 0.1921359 3.71854e-5 -0.9441693 0.3294607 1.71363e-6 -0.9813705 0.1921252 -0.4636896 -0.8345446 0.2975355 -0.5930317 -0.8042469 0.03873765 -0.8384357 -0.5428102 -0.0488159 -0.6219105 -0.7037951 -0.3433655 -0.5930335 -0.8042442 0.03876262 -0.621892 -0.7038189 -0.3433501 -0.8384264 -0.5428268 -0.0487886 -0.8401152 -0.4680279 -0.2741467 -0.5930027 -0.8042677 0.03874808 2.47657e-5 -0.9520844 -0.3058356 1.7168e-5 -0.9813666 0.1921451 -7.10785e-6 -0.9520884 -0.3058232 -0.5929943 -0.804273 0.03876543 -0.6219115 -0.7037897 -0.3433748 -0.6908289 -0.4553898 -0.5615833 0.4635109 -0.8346269 0.2975828 0.592951 -0.8043224 0.03840035 0.5929675 -0.804307 0.03846985 0.83845 -0.5427178 -0.049591 -0.6526923 -0.5524996 -0.5183985 0.4635156 -0.8346289 0.2975702 -3.88622e-5 -0.9441742 0.3294469 -2.77162e-5 -0.981368 0.1921377 -3.11062e-6 -0.9813705 0.1921252 0.592948 -0.8043238 0.03841662 0.4635186 -0.8346277 0.2975687 0.8384509 -0.5427169 -0.04958498 0.5929728 -0.804306 0.03840982 0.6219109 -0.7037956 -0.3433639 -0.4823075 -0.799084 0.3589488 -0.3681001 -0.7601101 0.5354765 -0.4444778 -0.5692671 0.6916463 0.592966 -0.804311 0.03840655 -1.86861e-5 -0.9813669 0.192143 -2.63453e-5 -0.952084 -0.3058368 4.27291e-6 -0.9520888 -0.3058218 0.6219096 -0.7037917 -0.343374 0.5929508 -0.8043217 0.038419 0.5930146 0.8042576 -0.03877323 0.8138996 0.5768771 -0.06914079 0.4636887 0.8345471 -0.2975298 0.813886 0.5768934 -0.06916409 0.5930161 0.8042573 -0.03875881 0.8384332 0.542816 0.04879343 -2.22325e-5 0.9813667 -0.1921445 0.4636956 0.8345408 -0.2975369 -2.74777e-5 0.9441622 -0.3294811 0.4636869 0.8345472 -0.2975323 -7.44872e-6 0.9813691 -0.1921318 0.5929954 0.8042722 -0.03876572 0.6218988 0.7038176 0.3433406 0.8384352 0.5428109 0.04881435 0.593034 0.8042435 -0.03877061 0.8384259 0.5428273 0.04879349 0.6219251 0.7037717 0.343387 0.8401218 0.4680173 0.2741447 -1.80453e-5 0.9520797 0.3058503 0.5929977 0.8042709 -0.03875571 1.15633e-5 0.9813601 -0.1921781 0.5929917 0.8042753 -0.03875631 2.25455e-5 0.9520782 0.305855 0.6219022 0.7037968 0.3433772 -0.4635108 0.8346267 -0.2975835 -0.8138135 0.5771224 -0.06809806 -0.5929405 0.8043295 -0.03841614 -0.8384496 0.5427181 0.04959118 -0.5929496 0.8043237 -0.03839719 -0.8138201 0.5771108 -0.06811785 3.01711e-5 0.9441764 -0.3294404 -0.4635236 0.8346279 -0.2975605 2.46763e-5 0.9813665 -0.1921456 -0.5929521 0.8043204 -0.03842586 7.21216e-6 0.981369 -0.1921324 -0.4635174 0.8346293 -0.2975663 -0.5929716 0.8043073 -0.03840231 -0.8384509 0.5427168 0.04958432 -0.6218988 0.7038165 0.3433426 0.4521701 0.7444881 -0.4912024 0.6765967 0.6496143 -0.3467251 0.4493433 0.5676175 -0.6898558 -1.22394e-5 0.9813603 -0.1921776 -0.5929692 0.8043091 -0.0383991 1.78814e-5 0.9520796 0.3058506 -0.6219071 0.7037909 0.3433805 -2.86102e-5 0.9520773 0.3058576 -0.5929561 0.8043184 -0.03840631</float_array>
          <technique_common>
            <accessor source="#feiting_Mesh_004-mesh-normals-array" count="1165" stride="3">
              <param name="X" type="float"/>
              <param name="Y" type="float"/>
              <param name="Z" type="float"/>
            </accessor>
          </technique_common>
        </source>
        <source id="feiting_Mesh_004-mesh-map-0">
          <float_array id="feiting_Mesh_004-mesh-map-0-array" count="2394">0.4095391 0.622223 0.3987759 0.6222205 0.398764 0.6308661 0.4095391 0.622223 0.398764 0.6308661 0.3987545 0.6378021 0.4095391 0.622223 0.3987545 0.6378021 0.3987492 0.6410927 0.4095391 0.622223 0.3987492 0.6410927 0.3987492 0.6410927 0.409539 0.6223661 0.3986759 0.6412288 0.3986957 0.6379381 0.409539 0.6223661 0.3986957 0.6379381 0.3987314 0.6310021 0.409539 0.6223661 0.3987314 0.6310021 0.3987758 0.6223565 0.409539 0.6223661 0.3987758 0.6223565 0.3988202 0.6137109 0.409539 0.6223661 0.3988202 0.6137109 0.3988559 0.606775 0.409539 0.6223661 0.3988559 0.606775 0.3988757 0.6029239 0.4095391 0.622223 0.3988026 0.6027879 0.3988026 0.6027879 0.4095391 0.622223 0.3988026 0.6027879 0.3987973 0.6066389 0.4095391 0.622223 0.3987973 0.6066389 0.3987877 0.6135749 0.4095391 0.622223 0.3987877 0.6135749 0.3987759 0.6222205 0.3987759 0.6222205 0.3686178 0.6222133 0.3685955 0.6385579 0.3987759 0.6222205 0.3685955 0.6385579 0.398764 0.6308661 0.398764 0.6308661 0.3685955 0.6385579 0.3685775 0.6517003 0.398764 0.6308661 0.3685775 0.6517003 0.3987545 0.6378021 0.3987545 0.6378021 0.3685775 0.6517003 0.3685674 0.6584579 0.3987545 0.6378021 0.3685674 0.6584579 0.3987492 0.6410927 0.3987329 0.640363 0.3684909 0.6561133 0.3684664 0.6534891 0.3987329 0.640363 0.3684664 0.6534891 0.3987081 0.6394009 0.3986759 0.6412288 0.3684287 0.6585742 0.3684663 0.6518167 0.3986759 0.6412288 0.3684663 0.6518167 0.3986957 0.6379381 0.3986957 0.6379381 0.3684663 0.6518167 0.3685339 0.6386741 0.3986957 0.6379381 0.3685339 0.6386741 0.3987314 0.6310021 0.3987314 0.6310021 0.3685339 0.6386741 0.3686178 0.6223297 0.3987314 0.6310021 0.3686178 0.6223297 0.3987758 0.6223565 0.3987758 0.6223565 0.3686178 0.6223297 0.3687019 0.6059853 0.3987758 0.6223565 0.3687019 0.6059853 0.3988202 0.6137109 0.3988202 0.6137109 0.3687019 0.6059853 0.3687694 0.5928428 0.3988202 0.6137109 0.3687694 0.5928428 0.3988559 0.606775 0.3988559 0.606775 0.3687694 0.5928428 0.3688071 0.5855249 0.3988559 0.606775 0.3688071 0.5855249 0.3988757 0.6029239 0.3988026 0.6027879 0.3686683 0.5854084 0.3686683 0.5854084 0.3988757 0.6029239 0.3688071 0.5855249 0.3988757 0.6029239 0.3988026 0.6027879 0.3686683 0.5854084 0.3686583 0.5927264 0.3988026 0.6027879 0.3686583 0.5927264 0.3987973 0.6066389 0.3987973 0.6066389 0.3686583 0.5927264 0.3686403 0.6058689 0.3987973 0.6066389 0.3686403 0.6058689 0.3987877 0.6135749 0.3987877 0.6135749 0.3686403 0.6058689 0.3686178 0.6222133 0.3987877 0.6135749 0.3686178 0.6222133 0.3987759 0.6222205 0.3686178 0.6222133 0.3250384 0.622203 0.3250084 0.6440551 0.3686178 0.6222133 0.3250084 0.6440551 0.3685955 0.6385579 0.3685955 0.6385579 0.3250084 0.6440551 0.3249843 0.6616169 0.3685955 0.6385579 0.3249843 0.6616169 0.3685775 0.6517003 0.3685775 0.6517003 0.3249843 0.6616169 0.3249709 0.670829 0.3685775 0.6517003 0.3249709 0.670829 0.3685674 0.6584579 0.3684909 0.6561133 0.3248949 0.6691195 0.3248835 0.6630337 0.3684909 0.6561133 0.3248835 0.6630337 0.3684664 0.6534891 0.3684287 0.6585742 0.3247856 0.6709169 0.3248358 0.6617048 0.3684287 0.6585742 0.3248358 0.6617048 0.3684663 0.6518167 0.3684663 0.6518167 0.3248358 0.6617048 0.3249261 0.644143 0.3684663 0.6518167 0.3249261 0.644143 0.3685339 0.6386741 0.3685339 0.6386741 0.3249261 0.644143 0.3250384 0.622291 0.3685339 0.6386741 0.3250384 0.622291 0.3686178 0.6223297 0.3686178 0.6223297 0.3250384 0.622291 0.3251507 0.6004391 0.3686178 0.6223297 0.3251507 0.6004391 0.3687019 0.6059853 0.3687019 0.6059853 0.3251507 0.6004391 0.325241 0.5828772 0.3687019 0.6059853 0.325241 0.5828772 0.3687694 0.5928428 0.3687694 0.5928428 0.325241 0.5828772 0.3253095 0.5695605 0.3687694 0.5928428 0.3253095 0.5695605 0.3688071 0.5855249 0.3686683 0.5854084 0.3251107 0.5694724 0.3251107 0.5694724 0.3686683 0.5854084 0.3251107 0.5694724 0.3686683 0.5854084 0.3686683 0.5854084 0.3251107 0.5694724 0.3250924 0.5827891 0.3686683 0.5854084 0.3250924 0.5827891 0.3686583 0.5927264 0.3686583 0.5927264 0.3250924 0.5827891 0.3250683 0.600351 0.3686583 0.5927264 0.3250683 0.600351 0.3686403 0.6058689 0.3686403 0.6058689 0.3250683 0.600351 0.3250384 0.622203 0.3686403 0.6058689 0.3250384 0.622203 0.3686178 0.6222133 0.3250384 0.622203 0.2766687 0.6221916 0.2766364 0.6457114 0.3250384 0.622203 0.2766364 0.6457114 0.3250084 0.6440551 0.3250084 0.6440551 0.2766364 0.6457114 0.2766106 0.664535 0.3250084 0.6440551 0.2766106 0.664535 0.3249843 0.6616169 0.3249843 0.6616169 0.2766106 0.664535 0.2765963 0.6743947 0.3249843 0.6616169 0.2765963 0.6743947 0.3249709 0.670829 0.3248949 0.6691195 0.2764445 0.6721161 0.2764273 0.6662216 0.3248949 0.6691195 0.2764273 0.6662216 0.3248835 0.6630337 0.3247856 0.6709169 0.2763977 0.6744511 0.2764512 0.6645914 0.3247856 0.6709169 0.2764512 0.6645914 0.3248358 0.6617048 0.3248358 0.6617048 0.2764512 0.6645914 0.276548 0.6457679 0.3248358 0.6617048 0.276548 0.6457679 0.3249261 0.644143 0.3249261 0.644143 0.276548 0.6457679 0.2766689 0.6222481 0.3249261 0.644143 0.2766689 0.6222481 0.3250384 0.622291 0.3250384 0.622291 0.2766689 0.6222481 0.2767898 0.5987282 0.3250384 0.622291 0.2767898 0.5987282 0.3251507 0.6004391 0.3251507 0.6004391 0.2767898 0.5987282 0.2768865 0.5799047 0.3251507 0.6004391 0.2768865 0.5799047 0.325241 0.5828772 0.325241 0.5828772 0.2768865 0.5799047 0.2769401 0.5694847 0.325241 0.5828772 0.2769401 0.5694847 0.3253095 0.5695605 0.3251107 0.5694724 0.2767411 0.5694282 0.2767268 0.5798482 0.3251107 0.5694724 0.2767268 0.5798482 0.3250924 0.5827891 0.3250924 0.5827891 0.2767268 0.5798482 0.276701 0.5986717 0.3250924 0.5827891 0.276701 0.5986717 0.3250683 0.600351 0.3250683 0.600351 0.276701 0.5986717 0.2766687 0.6221916 0.3250683 0.600351 0.2766687 0.6221916 0.3250384 0.622203 0.2766687 0.6221916 0.2330892 0.6221812 0.2330616 0.6422222 0.2766687 0.6221916 0.2330616 0.6422222 0.2766364 0.6457114 0.2766364 0.6457114 0.2330616 0.6422222 0.2330397 0.6582586 0.2766364 0.6457114 0.2330397 0.6582586 0.2766106 0.664535 0.2766106 0.664535 0.2330397 0.6582586 0.2330275 0.6665734 0.2766106 0.664535 0.2330275 0.6665734 0.2765963 0.6743947 0.2764445 0.6721161 0.2329524 0.6642593 0.2328447 0.6594983 0.2764445 0.6721161 0.2328447 0.6594983 0.2764273 0.6662216 0.2763977 0.6744511 0.2328583 0.6666014 0.232904 0.6582866 0.2763977 0.6744511 0.232904 0.6582866 0.2764512 0.6645914 0.2764512 0.6645914 0.232904 0.6582866 0.2329864 0.6422503 0.2764512 0.6645914 0.2329864 0.6422503 0.276548 0.6457679 0.276548 0.6457679 0.2329864 0.6422503 0.2330894 0.6222094 0.276548 0.6457679 0.2330894 0.6222094 0.2766689 0.6222481 0.2766689 0.6222481 0.2330894 0.6222094 0.2331925 0.6021685 0.2766689 0.6222481 0.2331925 0.6021685 0.2767898 0.5987282 0.2767898 0.5987282 0.2331925 0.6021685 0.2332748 0.5861322 0.2767898 0.5987282 0.2332748 0.5861322 0.2768865 0.5799047 0.2768865 0.5799047 0.2332748 0.5861322 0.2333205 0.577257 0.2768865 0.5799047 0.2333205 0.577257 0.2769401 0.5694847 0.276741 0.5694282 0.2331507 0.5772288 0.2331507 0.5772289 0.276741 0.5694282 0.2331507 0.5772289 0.2767411 0.5694282 0.2767411 0.5694282 0.2331507 0.5772289 0.2331386 0.5861039 0.2767411 0.5694282 0.2331386 0.5861039 0.2767268 0.5798482 0.2767268 0.5798482 0.2331386 0.5861039 0.2331166 0.6021403 0.2767268 0.5798482 0.2331166 0.6021403 0.276701 0.5986717 0.276701 0.5986717 0.2331166 0.6021403 0.2330892 0.6221812 0.276701 0.5986717 0.2330892 0.6221812 0.2766687 0.6221916 0.2330892 0.6221812 0.2029311 0.6221741 0.2029153 0.6337208 0.2330892 0.6221812 0.2029153 0.6337208 0.2330616 0.6422222 0.2330616 0.6422222 0.2029153 0.6337208 0.2029026 0.642978 0.2330616 0.6422222 0.2029026 0.642978 0.2330397 0.6582586 0.2330397 0.6582586 0.2029026 0.642978 0.2028956 0.6475532 0.2330397 0.6582586 0.2028956 0.6475532 0.2330275 0.6665734 0.2329524 0.6642593 0.2028602 0.6460005 0.2028602 0.6435314 0.2329524 0.6642593 0.2028602 0.6435314 0.2328447 0.6594983 0.2328583 0.6666014 0.2027982 0.6475616 0.2028245 0.6429864 0.2328583 0.6666014 0.2028245 0.6429864 0.232904 0.6582866 0.232904 0.6582866 0.2028245 0.6429864 0.2028722 0.6337293 0.232904 0.6582866 0.2028722 0.6337293 0.2329864 0.6422503 0.2329864 0.6422503 0.2028722 0.6337293 0.2029315 0.6221826 0.2329864 0.6422503 0.2029315 0.6221826 0.2330894 0.6222094 0.2330894 0.6222094 0.2029315 0.6221826 0.2029908 0.6106358 0.2330894 0.6222094 0.2029908 0.6106358 0.2331925 0.6021685 0.2331925 0.6021685 0.2029908 0.6106358 0.2030384 0.6013788 0.2331925 0.6021685 0.2030384 0.6013788 0.2332748 0.5861322 0.2332748 0.5861322 0.2030384 0.6013788 0.2030648 0.5962433 0.2332748 0.5861322 0.2030648 0.5962433 0.2333205 0.577257 0.2331507 0.5772288 0.2029667 0.5962348 0.2029667 0.5962348 0.2331507 0.5772288 0.2029667 0.5962348 0.2331507 0.5772289 0.2331507 0.5772289 0.2029667 0.5962348 0.2029597 0.6013702 0.2331507 0.5772289 0.2029597 0.6013702 0.2331386 0.5861039 0.2331386 0.5861039 0.2029597 0.6013702 0.2029469 0.6106274 0.2331386 0.5861039 0.2029469 0.6106274 0.2331166 0.6021403 0.2331166 0.6021403 0.2029469 0.6106274 0.2029311 0.6221741 0.2331166 0.6021403 0.2029311 0.6221741 0.2330892 0.6221812 0.1971104 0.6221727 0.2029153 0.6337208 0.2029311 0.6221741 0.1971104 0.6221727 0.2029026 0.642978 0.2029153 0.6337208 0.1971104 0.6221727 0.2028956 0.6475532 0.2029026 0.642978 0.2001118 0.6222819 0.200818 0.6474697 0.2020372 0.6474798 0.1971108 0.6221774 0.2028245 0.6429864 0.2027982 0.6475616 0.1971108 0.6221774 0.2028722 0.6337293 0.2028245 0.6429864 0.1971108 0.6221774 0.2029315 0.6221826 0.2028722 0.6337293 0.1971108 0.6221774 0.2029908 0.6106358 0.2029315 0.6221826 0.1971108 0.6221774 0.2030384 0.6013788 0.2029908 0.6106358 0.1971108 0.6221774 0.2030648 0.5962433 0.2030384 0.6013788 0.1971108 0.6221774 0.2030648 0.5962433 0.2030648 0.5962433 0.1971104 0.6221727 0.2029597 0.6013702 0.2029667 0.5962348 0.1971104 0.6221727 0.2029469 0.6106274 0.2029597 0.6013702 0.1971104 0.6221727 0.2029311 0.6221741 0.2029469 0.6106274 0.5948067 0.6443727 0.5960105 0.6890382 0.5704418 0.7013981 0.5998443 0.8591876 0.5959658 0.7193818 0.5701364 0.7054037 0.5948071 0.644386 0.5960109 0.6890515 0.5704421 0.7014115 0.5959655 0.7193815 0.5998441 0.8591872 0.5748828 0.8774198 0.3587207 0.6955679 0.3009095 0.6960582 0.299877 0.5743188 0.3587207 0.695568 0.3009093 0.6960583 0.2998768 0.574319 0.3587207 0.695568 0.2998768 0.574319 0.3576882 0.5738286 0.6873661 0.6673234 0.6906243 0.6672356 0.6944457 0.809028 0.6873661 0.6673234 0.6944457 0.809028 0.6911876 0.8091158 0.3587229 0.6955673 0.3009117 0.6960576 0.2998793 0.5743182 0.3587229 0.6955673 0.2998793 0.5743182 0.3576905 0.5738279 0.3587229 0.6955672 0.3009117 0.6960575 0.2998793 0.5743182 0.3587229 0.6955675 0.3009116 0.6960577 0.2998791 0.5743184 0.3587229 0.6955675 0.2998791 0.5743184 0.3576905 0.5738282 0.6873636 0.6673241 0.6906216 0.6672363 0.6944431 0.8090287 0.6873636 0.6673241 0.6944431 0.8090287 0.691185 0.8091165 0.3587207 0.6955677 0.3009095 0.696058 0.299877 0.5743187 0.3587207 0.6955677 0.299877 0.5743187 0.3576883 0.5738285 0.6261506 0.8228048 0.6246493 0.8902254 0.6228926 0.8228898 0.6279074 0.8901404 0.6246493 0.8902254 0.6261506 0.8228048 0.626491 0.9608191 0.6279925 0.8933985 0.6297492 0.960734 0.6247343 0.8934835 0.6279925 0.8933985 0.626491 0.9608191 0.5573137 0.8919821 0.6247343 0.8934835 0.5573987 0.8952404 0.6246493 0.8902254 0.6247343 0.8934835 0.5573137 0.8919821 0.6246493 0.8902254 0.6279925 0.8933985 0.6247343 0.8934835 0.6279074 0.8901404 0.6279925 0.8933985 0.6246493 0.8902254 0.6279074 0.8901404 0.6953279 0.8916417 0.6279925 0.8933985 0.695243 0.8883836 0.6953279 0.8916417 0.6279074 0.8901404 0.557402 0.8952485 0.5573171 0.8919903 0.6246526 0.8902335 0.6247376 0.8934916 0.557402 0.8952485 0.6246526 0.8902335 0.6247376 0.8934916 0.6246526 0.8902335 0.6279107 0.8901485 0.6279957 0.8934066 0.6247376 0.8934916 0.6279107 0.8901485 0.6279957 0.8934066 0.6279107 0.8901485 0.6952462 0.8883917 0.6953313 0.8916499 0.6279957 0.8934066 0.6952462 0.8883917 0.8715528 0.3838793 0.8933046 0.392111 0.8932523 0.4233847 0.8715029 0.4233847 0.8715528 0.3838793 0.8932523 0.4233847 0.9073023 0.4075571 0.8932523 0.4233847 0.8933046 0.392111 0.9103553 0.423388 0.8932523 0.4233847 0.9073023 0.4075571 0.5925256 0.3921887 0.6348266 0.4233784 0.5924323 0.4233784 0.6348266 0.4233784 0.5925256 0.3921887 0.6349198 0.3744283 0.6349198 0.3744283 0.681016 0.4233784 0.6348266 0.4233784 0.681016 0.4233784 0.6349198 0.3744283 0.6811092 0.3635744 0.6811092 0.3635744 0.7309789 0.4233784 0.681016 0.4233784 0.7309789 0.4233784 0.6811092 0.3635744 0.7310721 0.357983 0.7310721 0.357983 0.7815147 0.4233784 0.7309789 0.4233784 0.7815147 0.4233784 0.7310721 0.357983 0.7816079 0.3621178 0.7816079 0.3621178 0.8294229 0.4233783 0.7815147 0.4233784 0.8294229 0.4233783 0.7816079 0.3621178 0.8295162 0.3713368 0.8295162 0.3713368 0.8715029 0.4233847 0.8294229 0.4233783 0.8715029 0.4233847 0.8295162 0.3713368 0.8715528 0.3838793 0.5686788 0.4073095 0.5924323 0.4233784 0.5685856 0.4233784 0.5924323 0.4233784 0.5686788 0.4073095 0.5925256 0.3921887 0.9908214 0.04793047 0.9860039 0.03388708 0.9860039 0.04793047 0.9860039 0.03388708 0.9908214 0.04793047 0.9908214 0.03388708 0.9577515 0.07767981 0.9783368 0.07767981 0.9557335 0.05850934 0.9825612 0.05850934 0.9557335 0.05850934 0.9783368 0.07767981 0.9354943 0.07767981 0.9577515 0.07767981 0.933504 0.05850934 0.9557335 0.05850934 0.933504 0.05850934 0.9577515 0.07767981 0.9092788 0.07767975 0.9354943 0.07767981 0.9092788 0.05850934 0.933504 0.05850934 0.9092788 0.05850934 0.9354943 0.07767981 0.8809216 0.07767975 0.9092788 0.05850934 0.8809216 0.05850929 0.9092788 0.05850934 0.8809216 0.07767975 0.9092788 0.07767975 0.8522391 0.07767975 0.8809216 0.05850929 0.8522391 0.05850929 0.8809216 0.05850929 0.8522391 0.07767975 0.8809216 0.07767975 0.8258281 0.07767975 0.8522391 0.05850929 0.8289838 0.05850929 0.8522391 0.05850929 0.8258281 0.07767975 0.8522391 0.07767975 0.8042166 0.07767975 0.8289838 0.05850929 0.8102782 0.05850929 0.8289838 0.05850929 0.8042166 0.07767975 0.8258281 0.07767975 0.7897228 0.07767975 0.8102782 0.05850929 0.7957844 0.05850929 0.8102782 0.05850929 0.7897228 0.07767975 0.8042166 0.07767975 0.9595558 0.09568762 0.9755685 0.09568762 0.9577515 0.07767981 0.9783368 0.07767981 0.9577515 0.07767981 0.9755685 0.09568762 0.9354943 0.09568762 0.9595558 0.09568762 0.9354943 0.07767981 0.9577515 0.07767981 0.9354943 0.07767981 0.9595558 0.09568762 0.9092788 0.09568762 0.9354943 0.07767981 0.9092788 0.07767975 0.9354943 0.07767981 0.9092788 0.09568762 0.9354943 0.09568762 0.8809216 0.09568756 0.9092788 0.07767975 0.8809216 0.07767975 0.9092788 0.07767975 0.8809216 0.09568756 0.9092788 0.09568762 0.8522391 0.09568756 0.8809216 0.07767975 0.8522391 0.07767975 0.8809216 0.07767975 0.8522391 0.09568756 0.8809216 0.09568756 0.825048 0.09568756 0.8522391 0.07767975 0.8258281 0.07767975 0.8522391 0.07767975 0.825048 0.09568756 0.8522391 0.09568756 0.8011895 0.0956875 0.8258281 0.07767975 0.8042166 0.07767975 0.8258281 0.07767975 0.8011895 0.0956875 0.825048 0.09568756 0.786674 0.0956875 0.8042166 0.07767975 0.7897228 0.07767975 0.8042166 0.07767975 0.786674 0.0956875 0.8011895 0.0956875 0.7859112 0.07767975 0.7957844 0.05850929 0.7919728 0.05850929 0.7957844 0.05850929 0.7859112 0.07767975 0.7897228 0.07767975 0.7826611 0.0956875 0.7897228 0.07767975 0.7859112 0.07767975 0.7897228 0.07767975 0.7826611 0.0956875 0.786674 0.0956875 0.9843084 0.06526273 0.9825612 0.05850934 0.9783368 0.07767981 0.9825612 0.05850934 0.9843084 0.06526273 0.9914362 0.05854398 0.9575334 0.04793047 0.9860039 0.03388708 0.9575334 0.03388708 0.9860039 0.03388708 0.9575334 0.04793047 0.9860039 0.04793047 0.914752 0.04793047 0.9575334 0.03388708 0.914752 0.03388708 0.9575334 0.03388708 0.914752 0.04793047 0.9575334 0.04793047 0.868141 0.04793047 0.914752 0.03388708 0.868141 0.03388708 0.914752 0.03388708 0.868141 0.04793047 0.914752 0.04793047 0.8177219 0.04793047 0.868141 0.03388708 0.8177219 0.03388702 0.868141 0.03388708 0.8177219 0.04793047 0.868141 0.04793047 0.7667246 0.04793041 0.8177219 0.03388702 0.7667246 0.03388702 0.8177219 0.03388702 0.7667246 0.04793041 0.8177219 0.04793047 0.718379 0.04793041 0.7667246 0.03388702 0.718379 0.03388702 0.7667246 0.03388702 0.718379 0.04793041 0.7667246 0.04793041 0.6759586 0.04793041 0.718379 0.03388702 0.6759586 0.03388696 0.718379 0.03388702 0.6759586 0.04793041 0.718379 0.04793041 0.6398828 0.04793035 0.6540081 0.03388696 0.6398828 0.0338869 0.6540081 0.03388696 0.6398828 0.04793035 0.6540081 0.04793041 0.6398828 0.04793035 0.6470512 0.0338869 0.6470512 0.04793035 0.6470512 0.0338869 0.6398828 0.04793035 0.6398828 0.0338869 0.6759586 0.04793041 0.6759586 0.03388696 0.6540081 0.03388696 0.6540081 0.04793041 0.6759586 0.04793041 0.6540081 0.03388696 0.8932523 0.4233847 0.8933046 0.392111 0.8715528 0.3838793 0.8932523 0.4233847 0.8715528 0.3838793 0.8715029 0.4233847 0.8933046 0.392111 0.8932523 0.4233847 0.9073023 0.4075571 0.9073023 0.4075571 0.8932523 0.4233847 0.9103553 0.423388 0.5924323 0.4233784 0.6348266 0.4233784 0.5925256 0.3921887 0.6349198 0.3744283 0.5925256 0.3921887 0.6348266 0.4233784 0.6348266 0.4233784 0.681016 0.4233784 0.6349198 0.3744283 0.6811092 0.3635744 0.6349198 0.3744283 0.681016 0.4233784 0.681016 0.4233784 0.7309789 0.4233784 0.6811092 0.3635744 0.7310721 0.357983 0.6811092 0.3635744 0.7309789 0.4233784 0.7309789 0.4233784 0.7815147 0.4233784 0.7310721 0.357983 0.7816079 0.3621178 0.7310721 0.357983 0.7815147 0.4233784 0.7815147 0.4233784 0.8294229 0.4233783 0.7816079 0.3621178 0.8295162 0.3713368 0.7816079 0.3621178 0.8294229 0.4233783 0.8294229 0.4233783 0.8715029 0.4233847 0.8295162 0.3713368 0.8715528 0.3838793 0.8295162 0.3713368 0.8715029 0.4233847 0.5685856 0.4233784 0.5924323 0.4233784 0.5686788 0.4073095 0.5925256 0.3921887 0.5686788 0.4073095 0.5924323 0.4233784 0.956825 0.06208151 0.9605598 0.05892902 0.956825 0.05892896 0.9605598 0.05892902 0.956825 0.06208151 0.9605598 0.06208157 0.9568248 0.09515887 0.9605601 0.07772612 0.9568248 0.07772606 0.9605601 0.07772612 0.9568248 0.09515887 0.9605601 0.09515887 0.9605598 0.06208157 0.9568248 0.07772606 0.9605601 0.07772612 0.9568248 0.07772606 0.9605598 0.06208157 0.956825 0.06208151 0.9877247 0.03759324 0.9946256 0.0478608 0.9946256 0.03759324 0.9946256 0.0478608 0.9877247 0.03759324 0.9877247 0.04786086 0.56848 0.4152301 0.5685573 0.4241947 0.5646029 0.4240813 0.56848 0.4152301 0.5646029 0.4062415 0.5685573 0.4062709 0.5646029 0.4240813 0.5646029 0.4062415 0.56848 0.4152301 0.9860039 0.04793047 0.9860039 0.03388708 0.9908214 0.04793047 0.9908214 0.03388708 0.9908214 0.04793047 0.9860039 0.03388708 0.9557335 0.05850934 0.9783368 0.07767981 0.9577515 0.07767981 0.9783368 0.07767981 0.9557335 0.05850934 0.9825612 0.05850934 0.933504 0.05850934 0.9577515 0.07767981 0.9354943 0.07767981 0.9577515 0.07767981 0.933504 0.05850934 0.9557335 0.05850934 0.9092788 0.05850934 0.9354943 0.07767981 0.9092788 0.07767975 0.9354943 0.07767981 0.9092788 0.05850934 0.933504 0.05850934 0.8809216 0.05850929 0.9092788 0.05850934 0.8809216 0.07767975 0.9092788 0.07767975 0.8809216 0.07767975 0.9092788 0.05850934 0.8522391 0.05850929 0.8809216 0.05850929 0.8522391 0.07767975 0.8809216 0.07767975 0.8522391 0.07767975 0.8809216 0.05850929 0.8289838 0.05850929 0.8522391 0.05850929 0.8258281 0.07767975 0.8522391 0.07767975 0.8258281 0.07767975 0.8522391 0.05850929 0.8102782 0.05850929 0.8289838 0.05850929 0.8042166 0.07767975 0.8258281 0.07767975 0.8042166 0.07767975 0.8289838 0.05850929 0.7957844 0.05850929 0.8102782 0.05850929 0.7897228 0.07767975 0.8042166 0.07767975 0.7897228 0.07767975 0.8102782 0.05850929 0.9577515 0.07767981 0.9755685 0.09568762 0.9595558 0.09568762 0.9755685 0.09568762 0.9577515 0.07767981 0.9783368 0.07767981 0.9354943 0.07767981 0.9595558 0.09568762 0.9354943 0.09568762 0.9595558 0.09568762 0.9354943 0.07767981 0.9577515 0.07767981 0.9092788 0.07767975 0.9354943 0.07767981 0.9092788 0.09568762 0.9354943 0.09568762 0.9092788 0.09568762 0.9354943 0.07767981 0.8809216 0.07767975 0.9092788 0.07767975 0.8809216 0.09568756 0.9092788 0.09568762 0.8809216 0.09568756 0.9092788 0.07767975 0.8522391 0.07767975 0.8809216 0.07767975 0.8522391 0.09568756 0.8809216 0.09568756 0.8522391 0.09568756 0.8809216 0.07767975 0.8258281 0.07767975 0.8522391 0.07767975 0.825048 0.09568756 0.8522391 0.09568756 0.825048 0.09568756 0.8522391 0.07767975 0.8042166 0.07767975 0.8258281 0.07767975 0.8011895 0.0956875 0.825048 0.09568756 0.8011895 0.0956875 0.8258281 0.07767975 0.7897228 0.07767975 0.8042166 0.07767975 0.786674 0.0956875 0.8011895 0.0956875 0.786674 0.0956875 0.8042166 0.07767975 0.7919728 0.05850929 0.7957844 0.05850929 0.7859112 0.07767975 0.7897228 0.07767975 0.7859112 0.07767975 0.7957844 0.05850929 0.7859112 0.07767975 0.7897228 0.07767975 0.7826611 0.0956875 0.786674 0.0956875 0.7826611 0.0956875 0.7897228 0.07767975 0.9783368 0.07767981 0.9825612 0.05850934 0.9843084 0.06526273 0.9914362 0.05854398 0.9843084 0.06526273 0.9825612 0.05850934 0.9575334 0.03388708 0.9860039 0.03388708 0.9575334 0.04793047 0.9860039 0.04793047 0.9575334 0.04793047 0.9860039 0.03388708 0.914752 0.03388708 0.9575334 0.03388708 0.914752 0.04793047 0.9575334 0.04793047 0.914752 0.04793047 0.9575334 0.03388708 0.868141 0.03388708 0.914752 0.03388708 0.868141 0.04793047 0.914752 0.04793047 0.868141 0.04793047 0.914752 0.03388708 0.8177219 0.03388702 0.868141 0.03388708 0.8177219 0.04793047 0.868141 0.04793047 0.8177219 0.04793047 0.868141 0.03388708 0.7667246 0.03388702 0.8177219 0.03388702 0.7667246 0.04793041 0.8177219 0.04793047 0.7667246 0.04793041 0.8177219 0.03388702 0.718379 0.03388702 0.7667246 0.03388702 0.718379 0.04793041 0.7667246 0.04793041 0.718379 0.04793041 0.7667246 0.03388702 0.6759586 0.03388696 0.718379 0.03388702 0.6759586 0.04793041 0.718379 0.04793041 0.6759586 0.04793041 0.718379 0.03388702 0.6398828 0.0338869 0.6540081 0.03388696 0.6398828 0.04793035 0.6540081 0.04793041 0.6398828 0.04793035 0.6540081 0.03388696 0.6470512 0.04793035 0.6470512 0.0338869 0.6398828 0.04793035 0.6398828 0.0338869 0.6398828 0.04793035 0.6470512 0.0338869 0.6540081 0.03388696 0.6759586 0.03388696 0.6759586 0.04793041 0.6540081 0.03388696 0.6759586 0.04793041 0.6540081 0.04793041 0.4789631 0.01520836 0.4017133 0.04811835 0.3991215 0.01232099 0.4017133 0.04811835 0.4789631 0.01520836 0.4619297 0.04809182 0.3991215 0.01232099 0.3920649 0.04841881 0.3913294 0.01203924 0.3920649 0.04841881 0.3991215 0.01232099 0.4017133 0.04811835 0.4619297 0.04809182 0.4103736 0.09162902 0.4017133 0.04811835 0.4103736 0.09162902 0.4619297 0.04809182 0.4509589 0.09249496 0.4017133 0.04811835 0.402054 0.09160721 0.3920649 0.04841881 0.402054 0.09160721 0.4017133 0.04811835 0.4103736 0.09162902 0.4789631 0.01520836 0.3991215 0.01232099 0.4017133 0.04811835 0.4017133 0.04811835 0.4619297 0.04809182 0.4789631 0.01520836 0.3991215 0.01232099 0.3913294 0.01203924 0.3920649 0.04841881 0.3920649 0.04841881 0.4017133 0.04811835 0.3991215 0.01232099 0.4619297 0.04809182 0.4017133 0.04811835 0.4103736 0.09162902 0.4103736 0.09162902 0.4509589 0.09249496 0.4619297 0.04809182 0.4017133 0.04811835 0.3920649 0.04841881 0.402054 0.09160721 0.402054 0.09160721 0.4103736 0.09162902 0.4017133 0.04811835 0.4017133 0.04811835 0.4789631 0.01520836 0.3991215 0.01232099 0.4789631 0.01520836 0.4017133 0.04811835 0.4619297 0.04809182 0.3920649 0.04841881 0.3991215 0.01232099 0.3913294 0.01203924 0.3991215 0.01232099 0.3920649 0.04841881 0.4017133 0.04811835 0.4103736 0.09162902 0.4619297 0.04809182 0.4017133 0.04811835 0.4619297 0.04809182 0.4103736 0.09162902 0.4509589 0.09249496 0.402054 0.09160721 0.4017133 0.04811835 0.3920649 0.04841881 0.4017133 0.04811835 0.402054 0.09160721 0.4103736 0.09162902 0.3991215 0.01232099 0.4789631 0.01520836 0.4017133 0.04811835 0.4619297 0.04809182 0.4017133 0.04811835 0.4789631 0.01520836 0.3913294 0.01203924 0.3991215 0.01232099 0.3920649 0.04841881 0.4017133 0.04811835 0.3920649 0.04841881 0.3991215 0.01232099 0.4017133 0.04811835 0.4619297 0.04809182 0.4103736 0.09162902 0.4509589 0.09249496 0.4103736 0.09162902 0.4619297 0.04809182 0.3920649 0.04841881 0.4017133 0.04811835 0.402054 0.09160721 0.4103736 0.09162902 0.402054 0.09160721 0.4017133 0.04811835</float_array>
          <technique_common>
            <accessor source="#feiting_Mesh_004-mesh-map-0-array" count="1197" stride="2">
              <param name="S" type="float"/>
              <param name="T" type="float"/>
            </accessor>
          </technique_common>
        </source>
        <vertices id="feiting_Mesh_004-mesh-vertices">
          <input semantic="POSITION" source="#feiting_Mesh_004-mesh-positions"/>
        </vertices>
        <triangles material="trenteres_Ma-material" count="399">
          <input semantic="VERTEX" source="#feiting_Mesh_004-mesh-vertices" offset="0"/>
          <input semantic="NORMAL" source="#feiting_Mesh_004-mesh-normals" offset="1"/>
          <input semantic="TEXCOORD" source="#feiting_Mesh_004-mesh-map-0" offset="2" set="0"/>
          <p>3 0 0 11 1 1 17 2 2 0 3 3 15 4 4 22 5 5 4 6 6 18 7 7 25 8 8 2 9 9 23 10 10 26 11 11 462 12 12 456 13 13 28 14 14 464 15 15 30 16 16 33 17 17 463 18 18 35 19 19 41 20 20 461 21 21 39 22 22 46 23 23 459 24 24 43 25 25 51 26 26 460 27 27 47 28 28 54 29 29 1 30 30 465 31 31 57 32 32 6 33 33 55 34 34 62 35 35 7 36 36 60 37 37 68 38 38 5 39 39 66 40 40 12 41 41 10 42 42 72 43 43 80 44 44 8 45 45 79 46 46 16 47 47 14 48 48 78 49 49 85 50 50 13 51 51 86 52 52 21 53 53 20 54 54 84 55 55 88 56 56 19 57 57 89 58 58 24 59 59 470 60 60 469 61 61 91 62 62 471 63 63 92 64 64 472 65 65 457 66 66 473 67 67 95 68 68 458 69 69 98 70 70 27 71 71 29 72 72 96 73 73 102 74 74 31 75 75 104 76 76 32 77 77 34 78 78 103 79 79 109 80 80 36 81 81 110 82 82 38 83 83 37 84 84 108 85 85 115 86 86 40 87 87 116 88 88 45 89 89 42 90 90 114 91 91 122 92 92 44 93 93 121 94 94 50 95 95 48 96 96 120 97 97 124 98 98 49 99 99 125 100 100 52 101 101 466 102 102 477 103 103 129 104 104 53 105 105 480 106 106 479 107 107 58 108 108 127 109 109 135 110 110 56 111 111 136 112 112 59 113 113 63 114 114 134 115 115 142 116 116 61 117 117 141 118 118 64 119 119 67 120 120 140 121 121 74 122 122 65 123 123 73 124 124 9 125 125 69 126 126 146 127 127 152 128 128 70 129 129 154 130 130 77 131 131 75 132 132 153 133 133 158 134 134 76 135 135 157 136 136 83 137 137 82 138 138 160 139 139 163 140 140 81 141 141 161 142 142 87 143 143 468 144 144 483 145 145 165 146 146 467 147 147 166 148 148 90 149 149 474 150 150 484 151 151 169 152 152 475 153 153 172 154 154 93 155 155 94 156 156 170 157 157 177 158 158 97 159 159 178 160 160 99 161 161 100 162 162 176 163 163 183 164 164 101 165 165 184 166 166 107 167 167 106 168 168 182 169 169 190 170 170 105 171 171 188 172 172 113 173 173 112 174 174 189 175 175 196 176 176 111 177 177 193 178 178 119 179 179 118 180 180 195 181 181 199 182 182 117 183 183 197 184 184 123 185 185 478 186 186 487 187 187 203 188 188 476 189 189 204 190 190 126 191 191 128 192 192 200 193 193 209 194 194 130 195 195 210 196 196 131 197 197 133 198 198 208 199 199 216 200 200 132 201 201 215 202 202 137 203 203 139 204 204 214 205 205 148 206 206 138 207 207 147 208 208 71 209 209 143 210 210 220 211 211 226 212 212 144 213 213 227 214 214 151 215 215 149 216 216 228 217 217 232 218 218 150 219 219 230 220 220 159 221 221 155 222 222 234 223 223 237 224 224 156 225 225 235 226 226 162 227 227 482 228 228 490 229 229 239 230 230 481 231 231 240 232 232 164 233 233 485 234 234 492 235 235 245 236 236 486 237 237 246 238 238 167 239 239 168 240 240 243 241 241 251 242 242 171 243 243 252 244 244 173 245 245 174 246 246 250 247 247 257 248 248 175 249 249 258 250 250 181 251 251 180 252 252 256 253 253 263 254 254 179 255 255 262 256 256 187 257 257 186 258 258 264 259 259 269 260 260 185 261 261 267 262 262 194 263 263 192 264 264 270 265 265 273 266 266 191 267 267 271 268 268 198 269 269 201 270 270 274 271 271 282 272 272 202 273 273 283 274 274 205 275 275 207 276 276 281 277 277 288 278 278 206 279 279 289 280 280 211 281 281 213 282 282 287 283 283 222 284 284 212 285 285 221 286 286 145 287 287 217 288 288 293 289 289 300 290 290 218 291 291 299 292 292 225 293 293 223 294 294 301 295 295 306 296 296 224 297 297 303 298 298 233 299 299 229 300 300 307 301 301 310 302 302 231 303 303 308 304 304 236 305 305 489 306 306 494 307 307 312 308 308 488 309 309 313 310 310 238 311 311 491 312 312 497 313 313 318 314 314 493 315 315 319 316 316 242 317 317 241 318 318 316 319 319 325 320 320 244 321 321 324 322 322 247 323 323 248 324 324 323 325 325 331 326 326 249 327 327 330 328 328 255 329 329 254 330 330 329 331 331 335 332 332 253 333 333 336 334 334 261 335 335 260 336 336 337 337 337 342 338 338 259 339 339 341 340 340 268 341 341 266 342 342 343 343 343 346 344 344 265 345 345 345 346 346 272 347 347 504 348 348 502 349 349 349 350 350 503 351 351 352 352 352 275 353 353 276 354 354 347 355 355 357 356 356 277 357 357 358 358 358 278 359 359 279 360 360 356 361 361 363 362 362 280 363 363 364 364 364 285 365 365 286 366 366 362 367 367 294 368 368 284 369 369 295 370 370 219 371 371 292 372 372 365 373 373 371 374 374 291 375 375 374 376 376 296 377 377 297 378 378 372 379 379 375 380 380 298 381 381 377 382 382 302 383 383 304 384 384 378 385 385 381 386 386 305 387 387 382 388 388 309 389 389 495 390 390 505 391 391 383 392 392 496 393 393 384 394 394 311 395 395 498 396 396 506 397 397 389 398 398 499 399 399 388 400 400 314 401 401 315 402 402 385 403 403 394 404 404 317 405 405 393 406 406 320 407 407 322 408 408 390 409 409 399 410 410 321 411 411 398 412 412 326 413 413 328 414 414 395 415 415 404 416 416 327 417 417 401 418 418 332 419 419 333 420 420 402 421 421 407 422 422 334 423 423 405 424 424 338 425 425 340 426 426 408 427 427 413 428 428 339 429 429 410 430 430 344 431 431 501 432 432 508 433 433 416 434 434 500 435 435 417 436 436 348 437 437 350 438 438 415 439 439 421 440 440 351 441 441 422 442 442 353 443 443 355 444 444 419 445 445 426 446 446 354 447 447 427 448 448 359 449 449 361 450 450 423 451 451 368 452 452 360 453 453 369 454 454 290 455 455 430 456 456 370 457 457 367 458 458 429 459 459 376 460 460 373 461 461 428 462 462 380 463 463 379 464 464 511 465 465 510 466 466 509 467 467 518 468 468 386 469 469 507 470 470 517 471 471 392 472 472 387 473 473 515 474 474 396 475 475 391 476 476 514 477 477 400 478 478 397 479 479 512 480 480 406 481 481 403 482 482 513 483 483 411 484 484 409 485 485 516 486 486 519 487 487 412 488 488 432 489 489 420 490 490 414 491 491 433 492 492 425 493 493 418 494 494 431 495 495 366 496 496 424 497 497 521 498 498 520 499 499 434 500 500 523 501 501 522 502 502 435 503 503 525 504 504 524 505 505 436 506 506 528 507 507 527 508 508 526 509 509 529 510 510 437 510 511 444 510 512 531 511 513 438 512 514 446 513 515 530 514 516 445 515 517 532 516 518 534 517 519 439 517 520 448 517 521 533 518 522 447 519 523 535 520 524 537 521 525 440 522 526 450 523 527 536 524 528 449 525 529 538 526 530 539 527 531 441 528 532 451 529 533 541 530 534 442 530 535 453 530 536 540 531 537 452 532 538 542 533 539 544 534 540 443 535 541 455 536 542 543 537 543 454 538 544 545 539 545 550 540 546 548 541 547 547 542 548 549 543 549 546 544 550 551 545 551 559 546 552 556 547 553 552 548 554 560 549 555 553 550 556 558 551 557 570 552 558 567 552 559 564 552 560 575 553 561 568 553 562 571 553 563 577 554 564 572 555 565 576 556 566 555 557 567 574 558 568 578 559 569 554 560 570 565 561 571 573 562 572 563 563 573 569 563 574 557 563 575 561 564 576 579 565 577 566 566 578 581 567 579 580 567 580 562 567 581 595 568 582 594 569 583 592 570 584 584 571 585 596 572 586 593 573 587 582 574 588 591 575 589 588 576 590 587 577 591 583 578 592 590 579 593 585 580 594 589 581 595 597 582 596 599 583 597 586 584 598 598 585 599 602 586 600 605 587 601 621 588 602 612 589 603 601 590 604 618 589 605 608 591 606 620 592 607 606 593 608 603 594 609 622 595 610 607 596 611 664 597 612 634 598 613 628 598 614 632 599 615 663 600 616 668 601 617 666 602 618 637 603 619 631 603 620 638 604 621 667 605 622 671 606 623 670 607 624 648 608 625 640 608 626 647 609 627 669 610 628 673 611 629 674 612 630 652 613 631 644 613 632 650 614 633 672 615 634 675 616 635 677 617 636 659 618 637 654 618 638 660 619 639 676 620 640 678 621 641 680 622 642 609 623 643 657 623 644 611 624 645 679 625 646 600 626 647 662 627 648 625 628 649 623 628 650 626 629 651 661 630 652 665 631 653 694 632 654 692 633 655 1101 634 656 693 635 657 695 636 658 696 637 659 740 638 660 683 639 661 714 640 662 709 641 663 712 642 664 682 643 665 747 644 666 742 645 667 717 646 668 713 647 669 716 648 670 739 649 671 753 650 672 744 651 673 721 652 674 715 653 675 720 654 676 743 655 677 755 656 678 719 657 679 722 658 680 718 659 681 756 660 682 750 661 683 763 662 684 723 663 685 725 664 686 724 665 687 762 666 688 760 667 689 767 668 690 726 669 691 728 670 692 727 671 693 768 672 694 764 673 695 773 674 696 729 675 697 731 676 698 730 677 699 776 678 700 771 679 701 781 680 702 732 681 703 734 682 704 733 683 705 779 684 706 778 685 707 787 686 708 686 687 709 738 688 710 681 689 711 737 690 712 685 691 713 789 692 714 786 693 715 749 694 716 741 695 717 748 696 718 785 697 719 792 698 720 745 699 721 754 700 722 746 701 723 791 702 724 788 703 725 794 704 726 751 705 727 757 706 728 752 707 729 793 708 730 790 709 731 796 710 732 759 711 733 761 712 734 758 713 735 797 714 736 795 715 737 799 716 738 765 717 739 769 718 740 766 719 741 800 720 742 798 721 743 804 722 744 772 723 745 775 724 746 770 725 747 803 726 748 801 727 749 805 728 750 774 729 751 782 730 752 777 731 753 806 732 754 802 733 755 704 734 756 735 735 757 698 736 758 736 737 759 702 738 760 783 739 761 705 740 762 780 741 763 699 742 764 784 743 765 708 744 766 807 745 767 689 746 768 710 747 769 684 748 770 711 749 771 688 750 772 687 751 773 1103 752 774 691 753 775 810 754 776 690 755 777 1104 756 778 1100 757 779 1105 758 780 808 759 781 813 760 782 809 761 783 1106 762 784 1102 763 785 1109 764 786 812 765 787 816 766 788 811 767 789 1110 768 790 1107 769 791 1111 770 792 815 771 793 817 772 794 814 773 795 1112 774 796 1108 775 797 1116 776 798 818 777 799 820 778 800 819 779 801 1114 780 802 1113 781 803 1117 782 804 821 783 805 823 784 806 822 785 807 1119 786 808 1115 787 809 1120 788 810 825 789 811 827 790 812 824 791 813 1121 792 814 1118 793 815 1124 794 816 835 795 817 837 796 818 834 797 819 1127 798 820 1129 799 821 1125 800 822 830 801 823 1130 802 824 831 803 825 1126 804 826 836 805 827 1123 806 828 826 807 829 832 808 830 1128 809 831 1122 810 832 833 811 833 616 812 834 842 813 835 838 814 836 619 815 837 839 816 838 613 815 839 841 817 840 617 818 841 843 819 842 844 820 843 615 821 844 604 822 845 629 823 846 635 823 847 849 824 848 850 825 849 847 826 850 633 827 851 636 828 852 642 828 853 852 829 854 853 830 855 851 831 856 641 832 857 639 833 858 646 833 859 854 834 860 857 835 861 855 836 862 645 837 863 643 838 864 651 838 865 856 839 866 861 840 867 858 841 868 653 842 869 649 843 870 656 843 871 859 844 872 864 845 873 860 846 874 655 847 875 658 848 876 614 848 877 863 849 878 840 850 879 862 851 880 610 852 881 624 853 882 630 853 883 846 854 884 848 855 885 845 856 886 627 857 887 1133 858 888 870 859 889 1132 860 890 869 861 891 1134 862 892 873 863 893 1140 864 894 865 865 895 1138 866 896 866 867 897 1139 868 898 868 869 899 872 870 900 1137 871 901 867 872 902 1136 873 903 871 874 904 1135 875 905 1142 876 906 875 877 907 876 878 908 874 879 909 1141 880 910 1143 881 911 1147 882 912 1144 883 913 878 882 914 1145 884 915 1149 885 916 1148 886 917 877 887 918 1150 888 919 1146 887 920 1153 889 921 880 890 922 1152 891 923 1155 892 924 1151 893 925 881 894 926 886 895 927 1159 896 928 912 897 929 1157 898 930 888 899 931 883 900 932 889 901 933 915 902 934 919 903 935 913 904 936 890 905 937 887 906 938 892 907 939 922 908 940 925 909 941 923 910 942 893 911 943 891 912 944 898 913 945 894 914 946 934 915 947 928 916 948 933 917 949 895 918 950 901 919 951 897 920 952 938 921 953 929 922 954 939 923 955 896 924 956 904 925 957 900 926 958 946 927 959 937 928 960 945 929 961 899 930 962 907 931 963 903 932 964 952 933 965 942 934 966 949 935 967 902 936 968 910 937 969 906 938 970 953 939 971 947 940 972 958 941 973 905 942 974 916 943 975 1160 944 976 959 945 977 1161 946 978 911 947 979 1158 948 980 917 949 981 960 950 982 962 951 983 961 952 984 918 953 985 914 954 986 924 955 987 921 956 988 964 957 989 963 958 990 965 959 991 920 960 992 932 961 993 927 962 994 968 963 995 966 964 996 969 965 997 926 966 998 940 967 999 930 968 1000 972 969 1001 967 970 1002 971 971 1003 931 972 1004 944 973 1005 936 974 1006 975 975 1007 970 976 1008 974 977 1009 935 978 1010 950 979 1011 941 980 1012 977 981 1013 973 982 1014 978 983 1015 943 984 1016 954 985 1017 951 986 1018 981 987 1019 976 988 1020 979 989 1021 948 990 1022 697 991 1023 909 992 1024 700 993 1025 956 994 1026 703 995 1027 908 996 1028 701 997 1029 957 998 1030 706 999 1031 980 1000 1032 707 1001 1033 955 1002 1034 1156 1003 1035 884 1004 1036 1162 1005 1037 1164 1006 1038 1163 1007 1039 885 1008 1040 983 1009 1041 882 1010 1042 1165 1011 1043 1154 1012 1044 1166 1013 1045 879 1014 1046 985 1015 1047 984 1016 1048 1169 1017 1049 1167 1018 1050 1170 1019 1051 982 1020 1052 988 1021 1053 986 1022 1054 1172 1023 1055 1168 1024 1056 1171 1025 1057 987 1026 1058 993 1027 1059 989 1028 1060 1176 1029 1061 1173 1030 1062 1175 1031 1063 990 1032 1064 996 1033 1065 992 1034 1066 1177 1035 1067 1174 1036 1068 1179 1037 1069 991 1038 1070 999 1039 1071 995 1040 1072 1182 1041 1073 1178 1042 1074 1180 1043 1075 994 1044 1076 1000 1045 1077 998 1046 1078 1184 1047 1079 1181 1048 1080 1183 1049 1081 997 1050 1082 1006 1051 1083 1003 1052 1084 1190 1053 1085 1191 1054 1086 1187 1055 1087 1002 1056 1088 1131 1057 1089 828 1058 1090 1189 1059 1091 1007 1060 1092 1188 1061 1093 829 1062 1094 1005 1063 1095 1001 1064 1096 1186 1065 1097 1004 1066 1098 1185 1067 1099 1192 1068 1100 1194 1069 1101 1024 1070 1102 1012 1071 1103 1022 1072 1104 1193 1073 1105 1019 1074 1106 1010 1075 1107 1018 1076 1108 1009 1077 1109 1017 1078 1110 1011 1079 1111 1025 1080 1112 1020 1081 1113 1034 1082 1114 1023 1083 1115 1035 1084 1116 1021 1085 1117 1032 1086 1118 1026 1087 1119 1029 1088 1120 1016 1089 1121 1031 1090 1122 1027 1091 1123 1033 1092 1124 1195 1093 1125 1036 1094 1126 1046 1095 1127 1047 1096 1128 1041 1097 1129 1196 1098 1130 1037 1099 1131 1008 1100 1132 1013 1101 1133 1014 1102 1134 1044 1103 1135 1038 1104 1136 1040 1105 1137 1045 1106 1138 1050 1107 1139 1049 1108 1140 1048 1109 1141 1039 1110 1142 1043 1111 1143 1015 1112 1144 1030 1113 1145 1028 1114 1146 1051 1115 1147 1042 1116 1148 1059 1117 1149 1053 1118 1150 1062 1119 1151 1052 1120 1152 1058 1121 1153 1065 1122 1154 1066 1123 1155 1060 1124 1156 1072 1125 1157 1061 1126 1158 1067 1127 1159 1054 1128 1160 1075 1129 1161 1064 1130 1162 1057 1131 1163 1063 1132 1164 1076 1133 1165 1077 1134 1166 1081 1135 1167 1055 1136 1168 1069 1137 1169 1056 1138 1170 1080 1139 1171 1074 1140 1172 1086 1141 1173 1083 1142 1174 1092 1143 1175 1093 1144 1176 1087 1145 1177 1082 1146 1178 1073 1147 1179 1085 1148 1180 1071 1149 1181 1089 1150 1182 1070 1151 1183 1084 1152 1184 1088 1153 1185 1094 1154 1186 1096 1155 1187 1099 1156 1188 1098 1157 1189 1095 1158 1190 1068 1159 1191 1090 1160 1192 1078 1161 1193 1097 1162 1194 1079 1163 1195 1091 1164 1196</p>
        </triangles>
      </mesh>
    </geometry>
  </library_geometries>
  <library_controllers>
    <controller id="feiting_Skin_diri-skin" name="feiting_Skin">
      <skin source="#feiting_Mesh_004-mesh">
        <bind_shape_matrix>1 0 0 0 0 1 0 0 0 0 1 0 0 0 0 1</bind_shape_matrix>
        <source id="feiting_Skin_diri-skin-joints">
          <Name_array id="feiting_Skin_diri-skin-joints-array" count="3">Bone01 Bone02 ammo_node_0</Name_array>
          <technique_common>
            <accessor source="#feiting_Skin_diri-skin-joints-array" count="3" stride="1">
              <param name="JOINT" type="name"/>
            </accessor>
          </technique_common>
        </source>
        <source id="feiting_Skin_diri-skin-bind_poses">
          <float_array id="feiting_Skin_diri-skin-bind_poses-array" count="48">0 0 1.111111 -40.08152 -0.007968306 1.111082 0 34.66611 -1.111083 -0.007968306 0 0.1350026 0 0 0 1 9.88142e-4 -0.1377832 1.102535 -36.70745 -0.007906794 1.102506 0.1377868 -29.49326 -1.111082 -0.007968306 0 0.1349722 0 0 0 1 -2.21731e-7 0 1.111111 2.110939 1.111111 1.03532e-6 2.21728e-7 -0.2960312 -1.07619e-6 1.111111 0 -1.354274 0 0 0 1</float_array>
          <technique_common>
            <accessor source="#feiting_Skin_diri-skin-bind_poses-array" count="3" stride="16">
              <param name="TRANSFORM" type="float4x4"/>
            </accessor>
          </technique_common>
        </source>
        <source id="feiting_Skin_diri-skin-weights">
          <float_array id="feiting_Skin_diri-skin-weights-array" count="1197">1 1 1 1 1 1 1 1 1 1 1 1 1 1 1 1 1 1 1 1 1 1 1 1 1 1 1 1 1 1 1 1 1 1 1 1 1 1 1 1 1 1 1 1 1 1 1 1 1 1 1 1 1 1 1 1 1 1 1 1 1 1 1 1 1 1 1 1 1 1 1 1 1 1 1 1 1 1 1 1 1 1 1 1 1 1 1 1 1 1 1 1 1 1 1 1 1 1 1 1 1 1 1 1 1 1 1 1 1 1 1 1 1 1 1 1 1 1 1 1 1 1 1 1 1 1 1 1 1 1 1 1 1 1 1 1 1 1 1 1 1 1 1 1 1 1 1 1 1 1 1 1 1 1 1 1 1 1 1 1 1 1 1 1 1 1 1 1 1 1 1 1 1 1 1 1 1 1 1 1 1 1 1 1 1 1 1 1 1 1 1 1 1 1 1 1 1 1 1 1 1 1 1 1 1 1 1 1 1 1 1 1 1 1 1 1 1 1 1 1 1 1 1 1 1 1 1 1 1 1 1 1 1 1 1 1 1 1 1 1 1 1 1 1 1 1 1 1 1 1 1 1 1 1 1 1 1 1 1 1 1 1 1 1 1 1 1 1 1 1 1 1 1 1 1 1 1 1 1 1 1 1 1 1 1 1 1 1 1 1 1 1 1 1 1 1 1 1 1 1 1 1 1 1 1 1 1 1 1 1 1 1 1 1 1 1 1 1 1 1 1 1 1 1 1 1 1 1 1 1 1 1 1 1 1 1 1 1 1 1 1 1 1 1 1 1 1 1 1 1 1 1 1 1 1 1 1 1 1 1 1 1 1 1 1 1 1 1 1 1 1 1 1 1 1 1 1 1 1 1 1 1 1 1 1 1 1 1 1 1 1 1 1 1 1 1 1 1 1 1 1 1 1 1 1 1 1 1 1 1 1 1 1 1 1 1 1 1 1 1 1 1 1 1 1 1 1 1 1 1 1 1 1 1 1 1 1 1 1 1 1 1 1 1 1 1 1 1 1 1 1 1 1 1 1 1 1 1 1 1 1 1 1 1 1 1 1 1 1 1 1 1 1 1 1 1 1 1 1 1 1 1 1 1 1 1 1 1 1 1 1 1 1 1 1 1 1 1 1 1 1 1 1 1 1 1 1 1 1 1 1 1 1 1 1 1 1 1 1 1 1 1 1 1 1 1 1 1 1 1 1 1 1 1 1 1 1 1 1 1 1 1 1 1 1 1 1 1 1 1 1 1 1 1 1 1 1 1 1 1 1 1 1 1 1 1 1 1 1 1 1 1 1 1 1 1 1 1 1 1 1 1 1 1 1 1 1 1 1 1 1 1 1 1 1 1 1 1 1 1 1 1 1 1 1 1 1 1 1 1 1 1 1 1 1 1 1 1 1 1 1 1 1 1 1 1 1 1 1 1 1 1 1 1 1 1 1 1 1 1 1 1 1 1 1 1 1 1 1 1 1 1 1 1 1 1 1 1 1 1 1 1 1 1 1 1 1 1 1 1 1 1 1 1 1 1 1 1 1 1 1 1 1 1 1 1 1 1 1 1 1 1 1 1 1 1 1 1 1 1 1 1 1 1 1 1 1 1 1 1 1 1 1 1 1 1 1 1 1 1 1 1 1 1 1 1 1 1 1 1 1 1 1 1 1 1 1 1 1 1 1 1 1 1 1 1 1 1 1 1 1 1 1 1 1 1 1 1 1 1 1 1 1 1 1 1 1 1 1 1 1 1 1 1 1 1 1 1 1 1 1 1 1 1 1 1 1 1 1 1 1 1 1 1 1 1 1 1 1 1 1 1 1 1 1 1 1 1 1 1 1 1 1 1 1 1 1 1 1 1 1 1 1 1 1 1 1 1 1 1 1 1 1 1 1 1 1 1 1 1 1 1 1 1 1 1 1 1 1 1 1 1 1 1 1 1 1 1 1 1 1 1 1 1 1 1 1 1 1 1 1 1 1 1 1 1 1 1 1 1 1 1 1 1 1 1 1 1 1 1 1 1 1 1 1 1 1 1 1 1 1 1 1 1 1 1 1 1 1 1 1 1 1 1 1 1 1 1 1 1 1 1 1 1 1 1 1 1 1 1 1 1 1 1 1 1 1 1 1 1 1 1 1 1 1 1 1 1 1 1 1 1 1 1 1 1 1 1 1 1 1 1 1 1 1 1 1 1 1 1 1 1 1 1 1 1 1 1 1 1 1 1 1 1 1 1 1 1 1 1 1 1 1 1 1 1 1 1 1 1 1 1 1 1 1 1 1 1 1 1 1 1 1 1 1 1 1 1 1 1 1 1 1 1 1 1 1 1 1 1 1 1 1 1 1 1 1 1 1 1 1 1 1 1 1 1 1 1 1 1 1 1 1 1 1 1 1 1 1 1 1 1 1 1 1 1 1 1 1 1 1 1 1 1 1 1 1 1 1 1 1 1 1 1 1 1 1 1 1 1 1 1 1 1 1 1 1 1 1 1 1 1 1 1 1 1 1 1 1 1 1 1 1 1 1 1 1 1 1 1 1 1 1 1 1 1 1 1 1 1 1 1 1 1 1 1 1 1 1 1 1 1 1 1 1 1 1 1 1 1 1 1 1 1 1 1 1 1 1 1 1 1 1 1 1 1 1 1 1 1 1 1 1 1 1 1 1 1 1 1 1 1 1 1 1 1 1 1 1 1 1 1 1 1 1 1 1</float_array>
          <technique_common>
            <accessor source="#feiting_Skin_diri-skin-weights-array" count="1197" stride="1">
              <param name="WEIGHT" type="float"/>
            </accessor>
          </technique_common>
        </source>
        <joints>
          <input semantic="JOINT" source="#feiting_Skin_diri-skin-joints"/>
          <input semantic="INV_BIND_MATRIX" source="#feiting_Skin_diri-skin-bind_poses"/>
        </joints>
        <vertex_weights count="1197">
          <input semantic="JOINT" source="#feiting_Skin_diri-skin-joints" offset="0"/>
          <input semantic="WEIGHT" source="#feiting_Skin_diri-skin-weights" offset="1"/>
          <vcount>1 1 1 1 1 1 1 1 1 1 1 1 1 1 1 1 1 1 1 1 1 1 1 1 1 1 1 1 1 1 1 1 1 1 1 1 1 1 1 1 1 1 1 1 1 1 1 1 1 1 1 1 1 1 1 1 1 1 1 1 1 1 1 1 1 1 1 1 1 1 1 1 1 1 1 1 1 1 1 1 1 1 1 1 1 1 1 1 1 1 1 1 1 1 1 1 1 1 1 1 1 1 1 1 1 1 1 1 1 1 1 1 1 1 1 1 1 1 1 1 1 1 1 1 1 1 1 1 1 1 1 1 1 1 1 1 1 1 1 1 1 1 1 1 1 1 1 1 1 1 1 1 1 1 1 1 1 1 1 1 1 1 1 1 1 1 1 1 1 1 1 1 1 1 1 1 1 1 1 1 1 1 1 1 1 1 1 1 1 1 1 1 1 1 1 1 1 1 1 1 1 1 1 1 1 1 1 1 1 1 1 1 1 1 1 1 1 1 1 1 1 1 1 1 1 1 1 1 1 1 1 1 1 1 1 1 1 1 1 1 1 1 1 1 1 1 1 1 1 1 1 1 1 1 1 1 1 1 1 1 1 1 1 1 1 1 1 1 1 1 1 1 1 1 1 1 1 1 1 1 1 1 1 1 1 1 1 1 1 1 1 1 1 1 1 1 1 1 1 1 1 1 1 1 1 1 1 1 1 1 1 1 1 1 1 1 1 1 1 1 1 1 1 1 1 1 1 1 1 1 1 1 1 1 1 1 1 1 1 1 1 1 1 1 1 1 1 1 1 1 1 1 1 1 1 1 1 1 1 1 1 1 1 1 1 1 1 1 1 1 1 1 1 1 1 1 1 1 1 1 1 1 1 1 1 1 1 1 1 1 1 1 1 1 1 1 1 1 1 1 1 1 1 1 1 1 1 1 1 1 1 1 1 1 1 1 1 1 1 1 1 1 1 1 1 1 1 1 1 1 1 1 1 1 1 1 1 1 1 1 1 1 1 1 1 1 1 1 1 1 1 1 1 1 1 1 1 1 1 1 1 1 1 1 1 1 1 1 1 1 1 1 1 1 1 1 1 1 1 1 1 1 1 1 1 1 1 1 1 1 1 1 1 1 1 1 1 1 1 1 1 1 1 1 1 1 1 1 1 1 1 1 1 1 1 1 1 1 1 1 1 1 1 1 1 1 1 1 1 1 1 1 1 1 1 1 1 1 1 1 1 1 1 1 1 1 1 1 1 1 1 1 1 1 1 1 1 1 1 1 1 1 1 1 1 1 1 1 1 1 1 1 1 1 1 1 1 1 1 1 1 1 1 1 1 1 1 1 1 1 1 1 1 1 1 1 1 1 1 1 1 1 1 1 1 1 1 1 1 1 1 1 1 1 1 1 1 1 1 1 1 1 1 1 1 1 1 1 1 1 1 1 1 1 1 1 1 1 1 1 1 1 1 1 1 1 1 1 1 1 1 1 1 1 1 1 1 1 1 1 1 1 1 1 1 1 1 1 1 1 1 1 1 1 1 1 1 1 1 1 1 1 1 1 1 1 1 1 1 1 1 1 1 1 1 1 1 1 1 1 1 1 1 1 1 1 1 1 1 1 1 1 1 1 1 1 1 1 1 1 1 1 1 1 1 1 1 1 1 1 1 1 1 1 1 1 1 1 1 1 1 1 1 1 1 1 1 1 1 1 1 1 1 1 1 1 1 1 1 1 1 1 1 1 1 1 1 1 1 1 1 1 1 1 1 1 1 1 1 1 1 1 1 1 1 1 1 1 1 1 1 1 1 1 1 1 1 1 1 1 1 1 1 1 1 1 1 1 1 1 1 1 1 1 1 1 1 1 1 1 1 1 1 1 1 1 1 1 1 1 1 1 1 1 1 1 1 1 1 1 1 1 1 1 1 1 1 1 1 1 1 1 1 1 1 1 1 1 1 1 1 1 1 1 1 1 1 1 1 1 1 1 1 1 1 1 1 1 1 1 1 1 1 1 1 1 1 1 1 1 1 1 1 1 1 1 1 1 1 1 1 1 1 1 1 1 1 1 1 1 1 1 1 1 1 1 1 1 1 1 1 1 1 1 1 1 1 1 1 1 1 1 1 1 1 1 1 1 1 1 1 1 1 1 1 1 1 1 1 1 1 1 1 1 1 1 1 1 1 1 1 1 1 1 1 1 1 1 1 1 1 1 1 1 1 1 1 1 1 1 1 1 1 1 1 1 1 1 1 1 1 1 1 1 1 1 1 1 1 1 1 1 1 1 1 1 1 1 1 1 1 1 1 1 1 1 1 1 1 1 1 1 1 1 1 1 1 1 1 1 1 1 1 1 1 1 1 1 1 1 1 1 1 1 1 1 1 1 1 1 1 1 1 1 1 1 1 1 1 1 1 1 1 1 1 1 1 1 1 1 1 1 1 1 1 1 1 1 1 1 1 1 1 1 1 1 1 1 1 1 1 1 1 1 1 1 1 1 1 1 1 1 1 1 1 1 1 1 1 1 1 1 1 1 1 1 1 1 1 1 1 1 1 1 1 1 1 1 1 1 1 1 1 1 1 1 1 1 1 1 1 1 1 1 1 1 1 1 1 1 1 1 1 1 1 1 1 1 1 1 1 1 1 1 1 1 1 1 1 1 1 1 1 1 1 1 1 1 1 1 1 1 1 1 1 1 1 1 1 1 1 1 1 1 1 1 1 </vcount>
          <v>0 0 0 1 0 2 0 3 0 4 0 5 0 6 0 7 0 8 0 9 0 10 0 11 0 12 0 13 0 14 0 15 0 16 0 17 0 18 0 19 0 20 0 21 0 22 0 23 0 24 0 25 0 26 0 27 0 28 0 29 0 30 0 31 0 32 0 33 0 34 0 35 0 36 0 37 0 38 0 39 0 40 0 41 0 42 0 43 0 44 0 45 0 46 0 47 0 48 0 49 0 50 0 51 0 52 0 53 0 54 0 55 0 56 0 57 0 58 0 59 0 60 0 61 0 62 0 63 0 64 0 65 0 66 0 67 0 68 0 69 0 70 0 71 0 72 0 73 0 74 0 75 0 76 0 77 0 78 0 79 0 80 0 81 0 82 0 83 0 84 0 85 0 86 0 87 0 88 0 89 0 90 0 91 0 92 0 93 0 94 0 95 0 96 0 97 0 98 0 99 0 100 0 101 0 102 0 103 0 104 0 105 0 106 0 107 0 108 0 109 0 110 0 111 0 112 0 113 0 114 0 115 0 116 0 117 0 118 0 119 0 120 0 121 0 122 0 123 0 124 0 125 0 126 0 127 0 128 0 129 0 130 0 131 0 132 0 133 0 134 0 135 0 136 0 137 0 138 0 139 0 140 0 141 0 142 0 143 0 144 0 145 0 146 0 147 0 148 0 149 0 150 0 151 0 152 0 153 0 154 0 155 0 156 0 157 0 158 0 159 0 160 0 161 0 162 0 163 0 164 0 165 0 166 0 167 0 168 0 169 0 170 0 171 0 172 0 173 0 174 0 175 0 176 0 177 0 178 0 179 0 180 0 181 0 182 0 183 0 184 0 185 0 186 0 187 0 188 0 189 0 190 0 191 0 192 0 193 0 194 0 195 0 196 0 197 0 198 0 199 0 200 0 201 0 202 0 203 0 204 0 205 0 206 0 207 0 208 0 209 0 210 0 211 0 212 0 213 0 214 0 215 0 216 0 217 0 218 0 219 0 220 0 221 0 222 0 223 0 224 0 225 0 226 0 227 0 228 0 229 0 230 0 231 0 232 0 233 0 234 0 235 0 236 0 237 0 238 0 239 0 240 0 241 0 242 0 243 0 244 0 245 0 246 0 247 0 248 0 249 0 250 0 251 0 252 0 253 0 254 0 255 0 256 0 257 0 258 0 259 0 260 0 261 0 262 0 263 0 264 0 265 0 266 0 267 0 268 0 269 0 270 0 271 0 272 0 273 0 274 0 275 0 276 0 277 0 278 0 279 0 280 0 281 0 282 0 283 0 284 0 285 0 286 0 287 0 288 0 289 0 290 0 291 0 292 0 293 0 294 0 295 0 296 0 297 0 298 0 299 0 300 0 301 0 302 0 303 0 304 0 305 0 306 0 307 0 308 0 309 0 310 0 311 0 312 0 313 0 314 0 315 0 316 0 317 0 318 0 319 0 320 0 321 0 322 0 323 0 324 0 325 0 326 0 327 0 328 0 329 0 330 0 331 0 332 0 333 0 334 0 335 0 336 0 337 0 338 0 339 0 340 0 341 0 342 0 343 0 344 0 345 0 346 0 347 0 348 0 349 0 350 0 351 0 352 0 353 0 354 0 355 0 356 0 357 0 358 0 359 0 360 0 361 0 362 0 363 0 364 0 365 0 366 0 367 0 368 0 369 0 370 0 371 0 372 0 373 0 374 0 375 0 376 0 377 0 378 0 379 0 380 0 381 0 382 0 383 0 384 0 385 0 386 0 387 0 388 0 389 0 390 0 391 0 392 0 393 0 394 0 395 0 396 0 397 0 398 0 399 0 400 0 401 0 402 0 403 0 404 0 405 0 406 0 407 0 408 0 409 0 410 0 411 0 412 0 413 0 414 0 415 0 416 0 417 0 418 0 419 0 420 0 421 0 422 0 423 0 424 0 425 0 426 0 427 0 428 0 429 0 430 0 431 0 432 0 433 0 434 0 435 0 436 0 437 0 438 0 439 0 440 0 441 0 442 0 443 0 444 0 445 0 446 0 447 0 448 0 449 0 450 0 451 0 452 0 453 0 454 0 455 0 456 0 457 0 458 0 459 0 460 0 461 0 462 0 463 0 464 0 465 0 466 0 467 0 468 0 469 0 470 0 471 0 472 0 473 0 474 0 475 0 476 0 477 0 478 0 479 0 480 0 481 0 482 0 483 0 484 0 485 0 486 0 487 0 488 0 489 0 490 0 491 0 492 0 493 0 494 0 495 0 496 0 497 0 498 0 499 0 500 0 501 0 502 0 503 0 504 0 505 0 506 0 507 0 508 0 509 0 510 0 511 0 512 0 513 0 514 0 515 0 516 0 517 0 518 0 519 0 520 0 521 0 522 0 523 0 524 0 525 0 526 0 527 0 528 0 529 0 530 0 531 0 532 0 533 0 534 0 535 0 536 0 537 0 538 0 539 0 540 0 541 0 542 0 543 0 544 0 545 0 546 0 547 0 548 0 549 0 550 0 551 0 552 0 553 0 554 0 555 0 556 0 557 0 558 0 559 0 560 0 561 0 562 0 563 0 564 0 565 0 566 0 567 0 568 0 569 0 570 0 571 0 572 0 573 0 574 0 575 0 576 0 577 0 578 0 579 0 580 0 581 0 582 0 583 0 584 0 585 0 586 0 587 0 588 0 589 0 590 0 591 0 592 0 593 0 594 0 595 0 596 0 597 0 598 0 599 0 600 0 601 0 602 0 603 0 604 0 605 0 606 0 607 0 608 0 609 0 610 0 611 0 612 0 613 0 614 0 615 0 616 0 617 0 618 0 619 0 620 0 621 0 622 0 623 0 624 0 625 0 626 0 627 0 628 0 629 0 630 0 631 0 632 0 633 0 634 0 635 0 636 0 637 0 638 0 639 0 640 0 641 0 642 0 643 0 644 0 645 0 646 0 647 0 648 0 649 0 650 0 651 0 652 0 653 0 654 0 655 0 656 0 657 0 658 0 659 0 660 0 661 0 662 0 663 0 664 0 665 0 666 0 667 0 668 0 669 0 670 0 671 0 672 0 673 0 674 0 675 0 676 0 677 0 678 0 679 0 680 0 681 0 682 0 683 0 684 0 685 0 686 0 687 0 688 0 689 0 690 0 691 0 692 0 693 0 694 0 695 0 696 0 697 0 698 0 699 0 700 0 701 0 702 0 703 0 704 0 705 0 706 0 707 0 708 0 709 0 710 0 711 0 712 0 713 0 714 0 715 0 716 0 717 0 718 0 719 0 720 0 721 0 722 0 723 0 724 0 725 0 726 0 727 0 728 0 729 0 730 0 731 0 732 0 733 0 734 0 735 0 736 0 737 0 738 0 739 0 740 0 741 0 742 0 743 0 744 0 745 0 746 0 747 0 748 0 749 0 750 0 751 0 752 0 753 0 754 0 755 0 756 0 757 0 758 0 759 0 760 0 761 0 762 0 763 0 764 0 765 0 766 0 767 0 768 0 769 0 770 0 771 0 772 0 773 0 774 0 775 0 776 0 777 0 778 0 779 0 780 0 781 0 782 0 783 0 784 0 785 0 786 0 787 0 788 0 789 0 790 0 791 0 792 0 793 0 794 0 795 0 796 0 797 0 798 0 799 0 800 0 801 0 802 0 803 0 804 0 805 0 806 0 807 0 808 0 809 0 810 0 811 0 812 0 813 0 814 0 815 0 816 0 817 0 818 0 819 0 820 0 821 0 822 0 823 0 824 0 825 0 826 0 827 0 828 0 829 0 830 0 831 0 832 0 833 0 834 0 835 0 836 0 837 0 838 0 839 0 840 0 841 0 842 0 843 0 844 0 845 0 846 0 847 0 848 0 849 0 850 0 851 0 852 0 853 0 854 0 855 0 856 0 857 0 858 0 859 0 860 0 861 0 862 0 863 0 864 0 865 0 866 0 867 0 868 0 869 0 870 0 871 0 872 0 873 0 874 0 875 0 876 0 877 0 878 0 879 0 880 0 881 0 882 0 883 0 884 0 885 0 886 0 887 0 888 0 889 0 890 0 891 0 892 0 893 0 894 0 895 0 896 0 897 0 898 0 899 0 900 0 901 0 902 0 903 0 904 0 905 0 906 0 907 0 908 0 909 0 910 0 911 0 912 0 913 0 914 0 915 0 916 0 917 0 918 0 919 0 920 0 921 0 922 0 923 0 924 0 925 0 926 0 927 0 928 0 929 0 930 0 931 0 932 0 933 0 934 0 935 0 936 0 937 0 938 0 939 0 940 0 941 0 942 0 943 0 944 0 945 0 946 0 947 0 948 0 949 0 950 0 951 0 952 0 953 0 954 0 955 0 956 0 957 0 958 0 959 0 960 0 961 0 962 0 963 0 964 0 965 0 966 0 967 0 968 0 969 0 970 0 971 0 972 0 973 0 974 0 975 0 976 0 977 0 978 0 979 0 980 0 981 0 982 0 983 0 984 0 985 0 986 0 987 0 988 0 989 0 990 0 991 0 992 0 993 0 994 0 995 0 996 0 997 0 998 0 999 0 1000 0 1001 0 1002 0 1003 0 1004 0 1005 0 1006 0 1007 0 1008 0 1009 0 1010 0 1011 0 1012 0 1013 0 1014 0 1015 0 1016 0 1017 0 1018 0 1019 0 1020 0 1021 0 1022 0 1023 0 1024 0 1025 0 1026 0 1027 0 1028 0 1029 0 1030 0 1031 0 1032 0 1033 0 1034 0 1035 0 1036 0 1037 0 1038 0 1039 0 1040 0 1041 0 1042 0 1043 0 1044 0 1045 0 1046 0 1047 0 1048 0 1049 0 1050 0 1051 0 1052 0 1053 0 1054 0 1055 0 1056 0 1057 0 1058 0 1059 0 1060 0 1061 0 1062 0 1063 0 1064 0 1065 0 1066 0 1067 0 1068 0 1069 0 1070 0 1071 0 1072 0 1073 0 1074 0 1075 0 1076 0 1077 0 1078 0 1079 0 1080 0 1081 0 1082 0 1083 0 1084 0 1085 0 1086 0 1087 0 1088 0 1089 0 1090 0 1091 0 1092 0 1093 0 1094 0 1095 0 1096 0 1097 0 1098 0 1099 0 1100 0 1101 0 1102 0 1103 0 1104 0 1105 0 1106 0 1107 0 1108 0 1109 0 1110 0 1111 0 1112 0 1113 0 1114 0 1115 0 1116 0 1117 0 1118 0 1119 0 1120 0 1121 0 1122 0 1123 0 1124 0 1125 0 1126 0 1127 0 1128 0 1129 0 1130 0 1131 0 1132 0 1133 0 1134 0 1135 0 1136 0 1137 0 1138 0 1139 0 1140 0 1141 0 1142 0 1143 0 1144 0 1145 0 1146 0 1147 0 1148 0 1149 0 1150 0 1151 0 1152 0 1153 0 1154 0 1155 0 1156 0 1157 0 1158 0 1159 0 1160 0 1161 0 1162 0 1163 0 1164 0 1165 0 1166 0 1167 0 1168 0 1169 0 1170 0 1171 0 1172 0 1173 0 1174 0 1175 0 1176 0 1177 0 1178 0 1179 0 1180 0 1181 0 1182 0 1183 0 1184 0 1185 0 1186 0 1187 0 1188 0 1189 0 1190 0 1191 0 1192 0 1193 0 1194 0 1195 0 1196</v>
        </vertex_weights>
      </skin>
    </controller>
  </library_controllers>
  <library_visual_scenes>
    <visual_scene id="Scene" name="Scene">
      <node id="feiting_Skin" name="feiting_Skin" type="NODE">
        <matrix sid="transform">0.9 0 0 0 0 0.9 0 0 0 0 0.9 0 0 0 0 1</matrix>
        <node id="feiting_Skin_Bone01" name="Bone01" sid="Bone01" type="JOINT">
          <matrix sid="transform">7.5499e-8 -0.00717149 -0.9999743 0.3836098 9.31323e-10 0.9999744 -0.00717149 -34.66425 1 0 7.54979e-8 40.08152 0 0 0 1</matrix>
          <node id="feiting_Skin_Bone02" name="Bone02" sid="Bone02" type="JOINT">
            <matrix sid="transform">0.9922812 0.1240081 -7.3791e-8 1.01901e-8 -0.1240081 0.9922812 -2.468e-8 59.3797 7.01479e-8 3.35775e-8 1 3.38852e-5 0 0 0 1</matrix>
            <extra>
              <technique profile="blender">
                <layer sid="layer" type="string">0</layer>
                <roll sid="roll" type="float">-1.57035</roll>
                <tip_x sid="tip_x" type="float">-0.3947732</tip_x>
                <tip_y sid="tip_y" type="float">55.04599</tip_y>
                <tip_z sid="tip_z" type="float">6.879425</tip_z>
              </technique>
            </extra>
          </node>
          <node id="feiting_Skin_ammo_node_0" name="ammo node 0" sid="ammo_node_0" type="JOINT">
            <matrix sid="transform">1 2.75054e-7 -4.52143e-8 -42.19246 4.71854e-8 -0.00717052 0.9999743 36.01823 2.74723e-7 -0.9999743 -0.007170558 -0.1707326 0 0 0 1</matrix>
            <extra>
              <technique profile="blender">
                <layer sid="layer" type="string">0</layer>
                <roll sid="roll" type="float">-1.570797</roll>
                <tip_x sid="tip_x" type="float">55.47561</tip_x>
                <tip_y sid="tip_y" type="float">5.29289e-5</tip_y>
                <tip_z sid="tip_z" type="float">1.3113e-5</tip_z>
              </technique>
            </extra>
          </node>
          <extra>
            <technique profile="blender">
              <layer sid="layer" type="string">0</layer>
              <roll sid="roll" type="float">-1.570796</roll>
              <tip_x sid="tip_x" type="float">-0.3978428</tip_x>
              <tip_y sid="tip_y" type="float">55.47419</tip_y>
              <tip_z sid="tip_z" type="float">0</tip_z>
            </technique>
          </extra>
        </node>
        <node id="diri" name="diri" type="NODE">
          <matrix sid="transform">1 0 0 0 0 1 0 0 0 0 1 0 0 0 0 1</matrix>
          <instance_controller url="#feiting_Skin_diri-skin">
            <skeleton>#feiting_Skin_Bone01</skeleton>
            <bind_material>
              <technique_common>
                <instance_material symbol="trenteres_Ma-material" target="#trenteres_Ma-material">
                  <bind_vertex_input semantic="UVMap" input_semantic="TEXCOORD" input_set="0"/>
                </instance_material>
              </technique_common>
            </bind_material>
          </instance_controller>
        </node>
      </node>
    </visual_scene>
  </library_visual_scenes>
  <scene>
    <instance_visual_scene url="#Scene"/>
  </scene>
</COLLADA>