<?xml version="1.0" encoding="utf-8"?>
<COLLADA xmlns="http://www.collada.org/2005/11/COLLADASchema" version="1.4.1" xmlns:xsi="http://www.w3.org/2001/XMLSchema-instance">
  <asset>
    <contributor>
      <author>Blender User</author>
      <authoring_tool>Blender 3.0.1 commit date:2022-01-25, commit time:17:19, hash:dc2d18018171</authoring_tool>
    </contributor>
    <created>2025-07-24T17:54:12</created>
    <modified>2025-07-24T17:54:12</modified>
    <unit name="meter" meter="1"/>
    <up_axis>Z_UP</up_axis>
  </asset>
  <library_effects>
    <effect id="Constitution_001-effect">
      <profile_COMMON>
        <newparam sid="constitution-surface">
          <surface type="2D">
            <init_from>constitution</init_from>
          </surface>
        </newparam>
        <newparam sid="constitution-sampler">
          <sampler2D>
            <source>constitution-surface</source>
          </sampler2D>
        </newparam>
        <technique sid="common">
          <lambert>
            <emission>
              <color sid="emission">0 0 0 1</color>
            </emission>
            <diffuse>
              <texture texture="constitution-sampler" texcoord="UVMap"/>
            </diffuse>
            <index_of_refraction>
              <float sid="ior">1.45</float>
            </index_of_refraction>
          </lambert>
        </technique>
      </profile_COMMON>
    </effect>
  </library_effects>
  <library_images>
    <image id="constitution" name="constitution">
      <init_from>constitution.png</init_from>
    </image>
  </library_images>
  <library_materials>
    <material id="Constitution_001-material" name="Constitution.001">
      <instance_effect url="#Constitution_001-effect"/>
    </material>
  </library_materials>
  <library_geometries>
    <geometry id="feiting_Mesh_005-mesh" name="feiting_Mesh.005">
      <mesh>
        <source id="feiting_Mesh_005-mesh-positions">
          <float_array id="feiting_Mesh_005-mesh-positions-array" count="4074">-8.85129e-6 98.27527 42.67839 -8.85129e-6 98.27527 42.67839 -8.85129e-6 98.27527 42.67839 -8.85129e-6 98.27527 42.67839 -8.85129e-6 98.27527 42.67839 -8.85129e-6 98.27527 42.67839 -8.85129e-6 98.27527 42.67839 -8.85129e-6 98.27527 42.67839 -13.7875 88.54296 42.67839 -13.7875 88.54296 42.67839 -13.7875 88.54296 42.67839 -13.7875 88.54296 42.67839 -13.7875 88.54296 42.67839 -12.42211 88.54296 47.51861 -12.42211 88.54296 47.51861 -12.42211 88.54296 47.51861 -12.42211 88.54296 47.51861 -12.42211 88.54296 47.51861 -8.596375 88.54296 51.40167 -8.596375 88.54296 51.40167 -8.596375 88.54296 51.40167 -8.596375 88.54296 51.40167 -8.596375 88.54296 51.40167 -3.068025 88.54295 53.55765 -3.068025 88.54295 53.55765 -3.068025 88.54295 53.55765 3.067992 88.54295 53.55765 8.596337 88.54296 51.40168 8.596337 88.54296 51.40168 8.596337 88.54296 51.40168 8.596337 88.54296 51.40168 8.596337 88.54296 51.40168 12.42207 88.54295 47.51861 12.42207 88.54295 47.51861 12.42207 88.54295 47.51861 12.42207 88.54295 47.51861 12.42207 88.54295 47.51861 13.78746 88.54296 42.67839 13.78746 88.54296 42.67839 13.78746 88.54296 42.67839 13.78746 88.54296 42.67839 13.78746 88.54296 42.67839 12.42207 88.54295 37.83816 12.42207 88.54295 37.83816 12.42207 88.54295 37.83816 12.42207 88.54295 37.83816 12.42207 88.54295 37.83816 8.596332 88.54296 33.9551 8.596332 88.54296 33.9551 8.596332 88.54296 33.9551 8.596332 88.54296 33.9551 8.596332 88.54296 33.9551 3.067982 88.54295 31.79913 3.067982 88.54295 31.79913 3.067982 88.54295 31.79913 -3.06802 88.54295 31.79913 -3.06802 88.54295 31.79913 -3.06802 88.54295 31.79913 -3.06802 88.54295 31.79913 -8.596376 88.54296 33.9551 -8.596376 88.54296 33.9551 -8.596376 88.54296 33.9551 -8.596376 88.54296 33.9551 -8.596376 88.54296 33.9551 -12.4221 88.54294 37.83816 -12.4221 88.54294 37.83816 -12.4221 88.54294 37.83816 -12.4221 88.54294 37.83816 -12.4221 88.54294 37.83816 -24.84418 61.27362 42.67839 -24.84418 61.27362 42.67839 -24.84418 61.27362 42.67839 -24.84418 61.27362 42.67839 -24.84418 61.27362 42.67839 -24.84418 61.27362 42.67839 -22.38383 61.27361 51.8288 -22.38383 61.27361 51.8288 -22.38383 61.27361 51.8288 -22.38383 61.27361 51.8288 -22.38383 61.27361 51.8288 -22.38383 61.27361 51.8288 -15.4901 61.27362 59.18657 -15.4901 61.27362 59.18657 -15.4901 61.27362 59.18657 -15.4901 61.27362 59.18657 -15.4901 61.27362 59.18657 -15.4901 61.27362 59.18657 -5.52836 61.27363 63.28348 -5.52836 61.27363 63.28348 -5.52836 61.27363 63.28348 5.528346 61.27363 63.28348 5.528346 61.27363 63.28348 5.528346 61.27363 63.28348 15.49008 61.27362 59.18658 15.49008 61.27362 59.18658 15.49008 61.27362 59.18658 15.49008 61.27362 59.18658 15.49008 61.27362 59.18658 15.49008 61.27362 59.18658 22.38382 61.27362 51.82879 22.38382 61.27362 51.82879 22.38382 61.27362 51.82879 22.38382 61.27362 51.82879 22.38382 61.27362 51.82879 22.38382 61.27362 51.82879 24.84416 61.27363 42.67839 24.84416 61.27363 42.67839 24.84416 61.27363 42.67839 24.84416 61.27363 42.67839 24.84416 61.27363 42.67839 24.84416 61.27363 42.67839 22.38381 61.27361 33.52798 22.38381 61.27361 33.52798 22.38381 61.27361 33.52798 22.38381 61.27361 33.52798 22.38381 61.27361 33.52798 22.38381 61.27361 33.52798 15.49007 61.2736 26.17021 15.49007 61.2736 26.17021 15.49007 61.2736 26.17021 15.49007 61.2736 26.17021 15.49007 61.2736 26.17021 15.49007 61.2736 26.17021 5.528334 61.27363 22.07329 5.528334 61.27363 22.07329 5.528334 61.27363 22.07329 -5.528371 61.27362 22.07329 -5.528371 61.27362 22.07329 -5.528371 61.27362 22.07329 -5.528371 61.27362 22.07329 -5.528371 61.27362 22.07329 -15.4901 61.27362 26.1702 -15.4901 61.27362 26.1702 -15.4901 61.27362 26.1702 -15.4901 61.27362 26.1702 -15.4901 61.27362 26.1702 -15.4901 61.27362 26.1702 -22.38384 61.2736 33.52799 -22.38384 61.2736 33.52799 -22.38384 61.2736 33.52799 -22.38384 61.2736 33.52799 -22.38384 61.2736 33.52799 -22.38384 61.2736 33.52799 -30.98018 21.86831 42.67841 -30.98018 21.86831 42.67841 -30.98018 21.86831 42.67841 -30.98018 21.86831 42.67841 -30.98018 21.86831 42.67841 -30.98018 21.86831 42.67841 -27.91219 21.86831 54.91217 -27.91219 21.86831 54.91217 -27.91219 21.86831 54.91217 -27.91219 21.86831 54.91217 -27.91219 21.86831 54.91217 -27.91219 21.86831 54.91217 -19.31582 21.86831 64.74414 -19.31582 21.86831 64.74414 -19.31582 21.86831 64.74414 -19.31582 21.86831 64.74414 -19.31582 21.86831 64.74414 -19.31582 21.86831 64.74414 -6.89375 21.86832 70.21516 -6.89375 21.86832 70.21516 -6.89375 21.86832 70.21516 6.893743 21.86832 70.21514 6.893743 21.86832 70.21514 6.893743 21.86832 70.21514 19.31582 21.86832 64.74414 19.31582 21.86832 64.74414 19.31582 21.86832 64.74414 19.31582 21.86832 64.74414 19.31582 21.86832 64.74414 19.31582 21.86832 64.74414 27.91217 21.86832 54.91217 27.91217 21.86832 54.91217 27.91217 21.86832 54.91217 27.91217 21.86832 54.91217 27.91217 21.86832 54.91217 27.91217 21.86832 54.91217 30.98017 21.86832 42.67839 30.98017 21.86832 42.67839 30.98017 21.86832 42.67839 30.98017 21.86832 42.67839 30.98017 21.86832 42.67839 30.98017 21.86832 42.67839 27.91216 21.86831 30.44463 27.91216 21.86831 30.44463 27.91216 21.86831 30.44463 27.91216 21.86831 30.44463 27.91216 21.86831 30.44463 27.91216 21.86831 30.44463 19.31581 21.86831 20.61267 19.31581 21.86831 20.61267 19.31581 21.86831 20.61267 19.31581 21.86831 20.61267 19.31581 21.86831 20.61267 19.31581 21.86831 20.61267 6.893731 21.86831 13.15735 6.893731 21.86831 13.15735 6.893731 21.86831 13.15735 -6.893745 21.86831 13.15735 -6.893745 21.86831 13.15735 -6.893745 21.86831 13.15735 -6.893745 21.86831 13.15735 -6.893745 21.86831 13.15735 -19.31584 21.86832 20.61266 -19.31584 21.86832 20.61266 -19.31584 21.86832 20.61266 -19.31584 21.86832 20.61266 -19.31584 21.86832 20.61266 -19.31584 21.86832 20.61266 -27.91219 21.86832 30.44463 -27.91219 21.86832 30.44463 -27.91219 21.86832 30.44463 -27.91219 21.86832 30.44463 -27.91219 21.86832 30.44463 -27.91219 21.86832 30.44463 -30.98018 -21.86828 42.67841 -30.98018 -21.86828 42.67841 -30.98018 -21.86828 42.67841 -30.98018 -21.86828 42.67841 -30.98018 -21.86828 42.67841 -30.98018 -21.86828 42.67841 -27.91218 -21.86828 55.84592 -27.91218 -21.86828 55.84592 -27.91218 -21.86828 55.84592 -27.91218 -21.86828 55.84592 -27.91218 -21.86828 55.84592 -27.91218 -21.86828 55.84592 -19.31583 -21.86828 66.38423 -19.31583 -21.86828 66.38423 -19.31583 -21.86828 66.38423 -19.31583 -21.86828 66.38423 -19.31583 -21.86828 66.38423 -19.31583 -21.86828 66.38423 -6.893748 -21.86828 72.21784 -6.893748 -21.86828 72.21784 -6.893748 -21.86828 72.21784 6.893746 -21.86828 72.21784 6.893746 -21.86828 72.21784 6.893746 -21.86828 72.21784 19.31583 -21.86828 66.38421 19.31583 -21.86828 66.38421 19.31583 -21.86828 66.38421 19.31583 -21.86828 66.38421 19.31583 -21.86828 66.38421 19.31583 -21.86828 66.38421 27.91217 -21.86828 55.84592 27.91217 -21.86828 55.84592 27.91217 -21.86828 55.84592 27.91217 -21.86828 55.84592 27.91217 -21.86828 55.84592 27.91217 -21.86828 55.84592 30.98017 -21.86827 42.6784 30.98017 -21.86827 42.6784 30.98017 -21.86827 42.6784 30.98017 -21.86827 42.6784 30.98017 -21.86827 42.6784 30.98017 -21.86827 42.6784 27.91217 -21.86828 29.51088 27.91217 -21.86828 29.51088 27.91217 -21.86828 29.51088 27.91217 -21.86828 29.51088 27.91217 -21.86828 29.51088 27.91217 -21.86828 29.51088 19.31582 -21.86828 18.97259 19.31582 -21.86828 18.97259 19.31582 -21.86828 18.97259 19.31582 -21.86828 18.97259 19.31582 -21.86828 18.97259 19.31582 -21.86828 18.97259 6.893734 -21.86829 13.13897 6.893734 -21.86829 13.13897 6.893734 -21.86829 13.13897 -6.893754 -21.86828 13.13897 -6.893754 -21.86828 13.13897 -6.893754 -21.86828 13.13897 -6.893754 -21.86828 13.13897 -19.31582 -21.86829 18.97259 -19.31582 -21.86829 18.97259 -19.31582 -21.86829 18.97259 -19.31582 -21.86829 18.97259 -19.31582 -21.86829 18.97259 -19.31582 -21.86829 18.97259 -27.91218 -21.86828 29.51089 -27.91218 -21.86828 29.51089 -27.91218 -21.86828 29.51089 -27.91218 -21.86828 29.51089 -27.91218 -21.86828 29.51089 -27.91218 -21.86828 29.51089 -24.84417 -61.27359 42.67841 -24.84417 -61.27359 42.67841 -24.84417 -61.27359 42.67841 -24.84417 -61.27359 42.67841 -24.84417 -61.27359 42.67841 -24.84417 -61.27359 42.67841 -22.38383 -61.27359 53.89826 -22.38383 -61.27359 53.89826 -22.38383 -61.27359 53.89826 -22.38383 -61.27359 53.89826 -22.38383 -61.27359 53.89826 -22.38383 -61.27359 53.89826 -15.49009 -61.27359 62.87615 -15.49009 -61.27359 62.87615 -15.49009 -61.27359 62.87615 -15.49009 -61.27359 62.87615 -15.49009 -61.27359 62.87615 -15.49009 -61.27359 62.87615 -5.528356 -61.27359 67.84486 -5.528356 -61.27359 67.84486 -5.528356 -61.27359 67.84486 5.528363 -61.27359 67.84486 5.528363 -61.27359 67.84486 5.528363 -61.27359 67.84486 15.49009 -61.27359 62.87615 15.49009 -61.27359 62.87615 15.49009 -61.27359 62.87615 15.49009 -61.27359 62.87615 15.49009 -61.27359 62.87615 15.49009 -61.27359 62.87615 22.38383 -61.27359 53.89826 22.38383 -61.27359 53.89826 22.38383 -61.27359 53.89826 22.38383 -61.27359 53.89826 22.38383 -61.27359 53.89826 22.38383 -61.27359 53.89826 24.84417 -61.27359 42.6784 24.84417 -61.27359 42.6784 24.84417 -61.27359 42.6784 24.84417 -61.27359 42.6784 24.84417 -61.27359 42.6784 24.84417 -61.27359 42.6784 22.38383 -61.2736 31.45855 22.38383 -61.2736 31.45855 22.38383 -61.2736 31.45855 22.38383 -61.2736 31.45855 22.38383 -61.2736 31.45855 22.38383 -61.2736 31.45855 15.49009 -61.2736 22.48066 15.49009 -61.2736 22.48066 15.49009 -61.2736 22.48066 15.49009 -61.2736 22.48066 15.49009 -61.2736 22.48066 15.49009 -61.2736 22.48066 5.528349 -61.27359 17.51195 5.528349 -61.27359 17.51195 5.528349 -61.27359 17.51195 -5.528353 -61.27359 17.51196 -5.528353 -61.27359 17.51196 -5.528353 -61.27359 17.51196 -5.528353 -61.27359 17.51196 -5.528353 -61.27359 17.51196 -5.528353 -61.27359 17.51196 -15.49009 -61.27359 22.48066 -15.49009 -61.27359 22.48066 -15.49009 -61.27359 22.48066 -15.49009 -61.27359 22.48066 -15.49009 -61.27359 22.48066 -15.49009 -61.27359 22.48066 -22.38382 -61.27359 31.45855 -22.38382 -61.27359 31.45855 -22.38382 -61.27359 31.45855 -22.38382 -61.27359 31.45855 -22.38382 -61.27359 31.45855 -22.38382 -61.27359 31.45855 -13.78747 -88.54291 42.6784 -13.78747 -88.54291 42.6784 -13.78747 -88.54291 42.6784 -13.78747 -88.54291 42.6784 -13.78747 -88.54291 42.6784 -12.42208 -88.54292 49.14282 -12.42208 -88.54292 49.14282 -12.42208 -88.54292 49.14282 -12.42208 -88.54292 49.14282 -12.42208 -88.54292 49.14282 -8.596349 -88.54291 54.32538 -8.596349 -88.54291 54.32538 -8.596349 -88.54291 54.32538 -8.596349 -88.54291 54.32538 -8.596349 -88.54291 54.32538 -3.067997 -88.54291 57.20044 -3.067997 -88.54291 57.20044 -3.067997 -88.54291 57.20044 3.068011 -88.54291 57.20044 3.068011 -88.54291 57.20044 8.596358 -88.54291 54.32538 8.596358 -88.54291 54.32538 8.596358 -88.54291 54.32538 8.596358 -88.54291 54.32538 8.596358 -88.54291 54.32538 12.42209 -88.54291 49.14282 12.42209 -88.54291 49.14282 12.42209 -88.54291 49.14282 12.42209 -88.54291 49.14282 12.42209 -88.54291 49.14282 13.78748 -88.5429 42.6784 13.78748 -88.5429 42.6784 13.78748 -88.5429 42.6784 13.78748 -88.5429 42.6784 13.78748 -88.5429 42.6784 12.42209 -88.54291 36.214 12.42209 -88.54291 36.214 12.42209 -88.54291 36.214 12.42209 -88.54291 36.214 12.42209 -88.54291 36.214 8.596354 -88.54291 31.03144 8.596354 -88.54291 31.03144 8.596354 -88.54291 31.03144 8.596354 -88.54291 31.03144 8.596354 -88.54291 31.03144 3.068007 -88.54292 28.15638 3.068007 -88.54292 28.15638 3.068007 -88.54292 28.15638 3.068007 -88.54292 28.15638 -3.068002 -88.54292 28.15638 -3.068002 -88.54292 28.15638 -3.068002 -88.54292 28.15638 -3.068002 -88.54292 28.15638 -8.596354 -88.5429 31.03145 -8.596354 -88.5429 31.03145 -8.596354 -88.5429 31.03145 -8.596354 -88.5429 31.03145 -8.596354 -88.5429 31.03145 -12.42208 -88.54291 36.21401 -12.42208 -88.54291 36.21401 -12.42208 -88.54291 36.21401 -12.42208 -88.54291 36.21401 -12.42208 -88.54291 36.21401 2.38717e-6 -93.80609 42.67841 2.38717e-6 -93.80609 42.67841 2.38717e-6 -93.80609 42.67841 2.38717e-6 -93.80609 42.67841 2.38717e-6 -93.80609 42.67841 2.38717e-6 -93.80609 42.67841 9.052258 23.48616 11.79486 9.052258 23.48616 11.79486 9.052258 23.48616 11.79486 -9.019078 23.48616 11.79486 -9.019078 23.48616 11.79486 -9.019078 23.48616 11.79486 9.052261 -22.84984 11.78237 9.052261 -22.84984 11.78237 9.052261 -22.84984 11.78237 -9.019077 -22.84984 11.78237 -9.019077 -22.84984 11.78237 -9.019077 -22.84984 11.78237 9.052255 23.48568 8.860493 9.052255 23.48568 8.860493 9.052255 23.48568 8.860493 -9.019091 23.48568 8.860493 -9.019091 23.48568 8.860493 -9.019091 23.48568 8.860493 -9.019091 23.48568 8.860493 9.052263 -22.85191 8.848004 9.052263 -22.85191 8.848004 9.052263 -22.85191 8.848004 9.052263 -22.85191 8.848004 -9.01909 -22.8519 8.848009 -9.01909 -22.8519 8.848009 -9.01909 -22.8519 8.848009 -9.01909 -22.8519 8.848009 0.5477955 70.21088 43.17469 0.5477955 70.21088 43.17469 21.0625 70.21087 43.17469 21.0625 70.21087 42.18204 0.5477937 70.21088 42.18204 0.5477992 70.21087 21.66733 -0.4450743 70.21087 21.66734 -0.4448851 70.21088 42.18204 -20.95956 70.21086 42.18204 -20.95956 70.21086 43.17469 -0.4449042 70.21088 43.17468 -0.4459241 70.21087 63.68939 0.547852 70.21088 63.68939 0.5478019 113.4109 43.17468 21.0625 113.4109 43.17468 21.0625 113.4109 43.17468 21.0625 113.4109 42.18204 21.0625 113.4109 42.18204 0.5478013 113.4109 42.18204 0.5478143 113.4109 21.66733 0.5478143 113.4109 21.66733 -0.4447677 113.4109 21.66733 -0.4447677 113.4109 21.66733 -0.4448344 113.4109 42.18204 -0.4448344 113.4109 42.18204 -20.95955 113.4109 42.18204 -20.95955 113.4109 42.18204 -20.95955 113.4109 43.17469 -20.95955 113.4109 43.17469 -0.444834 113.4109 43.17468 -0.444834 113.4109 43.17468 -0.4447476 113.4109 63.68939 -0.4447476 113.4109 63.68939 0.5478327 113.4109 63.68939 0.5478327 113.4109 63.68939 3.067992 88.54295 53.55765 3.067992 88.54295 53.55765 3.067992 88.54295 53.55765 -8.85129e-6 98.27527 42.67839 -8.85129e-6 98.27527 42.67839 -8.85129e-6 98.27527 42.67839 -8.85129e-6 98.27527 42.67839 -8.85129e-6 98.27527 42.67839 -8.85129e-6 98.27527 42.67839 3.067982 88.54295 31.79913 3.067982 88.54295 31.79913 -5.52836 61.27363 63.28348 -5.52836 61.27363 63.28348 -5.52836 61.27363 63.28348 -3.068025 88.54295 53.55765 -3.068025 88.54295 53.55765 3.067992 88.54295 53.55765 5.528346 61.27363 63.28348 5.528346 61.27363 63.28348 5.528346 61.27363 63.28348 5.528334 61.27363 22.07329 5.528334 61.27363 22.07329 5.528334 61.27363 22.07329 -3.06802 88.54295 31.79913 -5.528371 61.27362 22.07329 -6.89375 21.86832 70.21516 -6.89375 21.86832 70.21516 -6.89375 21.86832 70.21516 6.893743 21.86832 70.21514 6.893743 21.86832 70.21514 6.893743 21.86832 70.21514 6.893731 21.86831 13.15735 -6.893748 -21.86828 72.21784 -6.893748 -21.86828 72.21784 -6.893748 -21.86828 72.21784 6.893746 -21.86828 72.21784 6.893746 -21.86828 72.21784 6.893746 -21.86828 72.21784 -5.528356 -61.27359 67.84486 -5.528356 -61.27359 67.84486 -5.528356 -61.27359 67.84486 5.528363 -61.27359 67.84486 5.528363 -61.27359 67.84486 5.528363 -61.27359 67.84486 5.528349 -61.27359 17.51195 5.528349 -61.27359 17.51195 5.528349 -61.27359 17.51195 6.893734 -21.86829 13.13897 6.893734 -21.86829 13.13897 -3.067997 -88.54291 57.20044 3.068011 -88.54291 57.20044 3.068011 -88.54291 57.20044 3.068007 -88.54292 28.15638 -3.067997 -88.54291 57.20044 3.068011 -88.54291 57.20044 2.38717e-6 -93.80609 42.67841 2.38717e-6 -93.80609 42.67841 2.38717e-6 -93.80609 42.67841 2.38717e-6 -93.80609 42.67841 2.38717e-6 -93.80609 42.67841 2.38717e-6 -93.80609 42.67841 2.38717e-6 -93.80609 42.67841 2.38717e-6 -93.80609 42.67841 -3.068002 -88.54292 28.15638 6.893731 21.86831 13.15735 -6.893745 21.86831 13.15735 -6.893745 21.86831 13.15735 6.893734 -21.86829 13.13897 6.893731 21.86831 13.15735 6.893731 21.86831 13.15735 9.052258 23.48616 11.79486 9.052258 23.48616 11.79486 9.052258 23.48616 11.79486 -6.893754 -21.86828 13.13897 6.893734 -21.86829 13.13897 6.893734 -21.86829 13.13897 9.052261 -22.84984 11.78237 9.052261 -22.84984 11.78237 9.052261 -22.84984 11.78237 -9.019078 23.48616 11.79486 -9.019078 23.48616 11.79486 -9.019078 23.48616 11.79486 -6.893745 21.86831 13.15735 -6.893754 -21.86828 13.13897 -6.893754 -21.86828 13.13897 -9.019077 -22.84984 11.78237 -9.019077 -22.84984 11.78237 -9.019077 -22.84984 11.78237 9.052263 -22.85191 8.848004 9.052263 -22.85191 8.848004 9.052263 -22.85191 8.848004 -9.01909 -22.8519 8.848009 -9.01909 -22.8519 8.848009 -9.01909 -22.8519 8.848009 9.052255 23.48568 8.860493 9.052255 23.48568 8.860493 9.052255 23.48568 8.860493 9.052255 23.48568 8.860493 -9.019091 23.48568 8.860493 -9.019091 23.48568 8.860493 -9.019091 23.48568 8.860493 21.0625 70.21087 43.17469 21.0625 70.21087 43.17469 21.0625 113.4109 43.17468 21.0625 70.21087 42.18204 21.0625 113.4109 42.18204 0.5477937 70.21088 42.18204 0.5477937 70.21088 42.18204 0.5478013 113.4109 42.18204 0.5477992 70.21087 21.66733 0.5477992 70.21087 21.66733 0.5478143 113.4109 21.66733 -0.4450743 70.21087 21.66734 -0.4450743 70.21087 21.66734 -0.4447677 113.4109 21.66733 -0.4448851 70.21088 42.18204 -0.4448851 70.21088 42.18204 -0.4448344 113.4109 42.18204 -20.95956 70.21086 42.18204 -20.95956 70.21086 42.18204 -20.95955 113.4109 42.18204 -20.95956 70.21086 43.17469 -20.95956 70.21086 43.17469 -20.95955 113.4109 43.17469 -0.4449042 70.21088 43.17468 -0.4449042 70.21088 43.17468 -0.444834 113.4109 43.17468 -0.4459241 70.21087 63.68939 -0.4459241 70.21087 63.68939 -0.4447476 113.4109 63.68939 0.5478019 113.4109 43.17468 0.5478019 113.4109 43.17468 0.5477955 70.21088 43.17469 0.547852 70.21088 63.68939 0.547852 70.21088 63.68939 0.5478327 113.4109 63.68939 -20.95956 70.21086 43.17469 -0.4449042 70.21088 43.17468 -0.4449042 70.21088 43.17468 -0.4449042 70.21088 43.17468 -0.4449042 70.21088 43.17468 -0.4449042 70.21088 43.17468 -20.95956 70.21086 42.18204 -20.95956 70.21086 42.18204 -0.4448851 70.21088 42.18204 -0.4448851 70.21088 42.18204 -0.4448851 70.21088 42.18204 21.0625 70.21087 42.18204 0.5477937 70.21088 42.18204 0.5477937 70.21088 42.18204 0.5477937 70.21088 42.18204 0.5477937 70.21088 42.18204 0.5477937 70.21088 42.18204 21.0625 70.21087 43.17469 21.0625 70.21087 43.17469 0.5477955 70.21088 43.17469 0.5477955 70.21088 43.17469 0.5477955 70.21088 43.17469 0.5477955 70.21088 43.17469 0.547852 70.21088 63.68939 -0.4459241 70.21087 63.68939 -0.4459241 70.21087 63.68939 0.5477992 70.21087 21.66733 0.5477992 70.21087 21.66733 -0.4450743 70.21087 21.66734 -0.444834 113.4109 43.17468 -0.444834 113.4109 43.17468 -0.444834 113.4109 43.17468 -0.444834 113.4109 43.17468 -0.444834 113.4109 43.17468 -20.95955 113.4109 43.17469 -20.95955 113.4109 42.18204 -20.95955 113.4109 42.18204 -0.4448344 113.4109 42.18204 -0.4448344 113.4109 42.18204 -0.4448344 113.4109 42.18204 -0.4448344 113.4109 42.18204 0.5478013 113.4109 42.18204 0.5478013 113.4109 42.18204 0.5478013 113.4109 42.18204 0.5478013 113.4109 42.18204 0.5478013 113.4109 42.18204 21.0625 113.4109 42.18204 21.0625 113.4109 43.17468 21.0625 113.4109 43.17468 0.5478019 113.4109 43.17468 0.5478019 113.4109 43.17468 0.5478019 113.4109 43.17468 0.5478019 113.4109 43.17468 0.5478327 113.4109 63.68939 -0.4447476 113.4109 63.68939 -0.4447476 113.4109 63.68939 0.5478143 113.4109 21.66733 0.5478143 113.4109 21.66733 -0.4447677 113.4109 21.66733 -12.86354 -24.2235 7.293845 -12.86354 -24.2235 7.293845 -12.86354 -24.2235 7.293845 -12.86354 -24.2235 7.293845 -1.470524 56.91062 8.776451 -1.470524 56.91062 8.776451 -1.470524 56.91062 8.776451 -1.470524 56.91062 8.776451 -1.470524 56.91062 8.776451 -1.470524 56.91062 8.776451 -12.86354 -19.59561 7.293844 -12.86354 -19.59561 7.293844 -12.86354 -19.59561 7.293844 -12.86354 -19.59561 7.293844 -12.86354 -19.59561 7.293844 -12.86354 -19.59561 7.293844 -12.86355 20.34955 7.293838 -12.86355 20.34955 7.293838 -12.86355 20.34955 7.293838 -12.86355 20.34955 7.293838 -12.86355 20.34955 7.293838 -11.52016 -24.45537 5.716454 -11.52016 -24.45537 5.716454 -11.52016 -24.45537 5.716454 -11.52016 -24.45537 5.716454 -11.52016 -24.45537 5.716454 -11.52016 -24.45537 5.716454 -11.17253 25.6462 5.716446 -11.17253 25.6462 5.716446 -11.17253 25.6462 5.716446 -11.17253 25.6462 5.716446 -11.17253 25.6462 5.716446 0.01659852 47.70668 5.786388 0.01659852 47.70668 5.786388 0.01659852 47.70668 5.786388 0.01659852 47.70668 5.786388 0.01659852 47.70668 5.786388 0.01659852 47.70668 5.786388 0.01659852 47.70668 5.786388 0.01659852 47.70668 5.786388 0.01659852 47.70668 5.786388 -8.029236 -29.9149 0.1519281 -8.029236 -29.9149 0.1519281 -8.029236 -29.9149 0.1519281 -8.029236 -29.9149 0.1519281 -8.029236 -29.9149 0.1519281 -7.824477 31.99295 0.1519218 -7.824477 31.99295 0.1519218 -7.824477 31.99295 0.1519218 -7.824477 31.99295 0.1519218 -7.824477 31.99295 0.1519218 -1.986799 -48.23871 6.882137 -1.986799 -48.23871 6.882137 -3.142108 -48.26074 8.17782 -3.142108 -48.26074 8.17782 -3.142108 -48.26074 8.17782 -3.142108 -48.26074 8.17782 -3.142108 -48.26074 8.17782 -1.986799 -48.23871 8.028137 -1.986799 -48.23871 8.028137 -1.986799 -48.23871 8.028137 -1.986799 -48.23871 8.028137 -1.986799 -48.23871 8.028137 0.01659852 -52.21103 5.716453 0.01659852 -52.21103 5.716453 0.01659852 -52.21103 5.716453 0.01659852 -52.21103 5.716453 0.01659852 -52.21103 5.716453 0.01659852 -52.21103 5.716453 0.01659852 -47.71036 -5.143395 0.01659852 -47.71036 -5.143395 0.01659852 -47.71036 -5.143395 0.01659852 -47.71036 -5.143395 0.01659852 -47.71036 -5.143395 0.01659852 -47.71036 -5.143395 0.01659858 -55.94898 8.17782 0.01659858 -55.94898 8.17782 0.01659858 -55.94898 8.17782 0.01659858 -55.94898 8.17782 0.01659858 -53.34334 8.028138 0.01659858 -53.34334 8.028138 0.01659858 -53.34334 8.028138 0.01659858 -53.34334 8.028138 0.01659858 -53.34334 8.028138 0.01659858 -53.34334 8.028138 6.292279 45.80374 7.30851 6.292279 45.80374 7.30851 6.292279 45.80374 7.30851 6.292279 45.80374 7.30851 6.292279 45.80374 7.30851 6.292279 45.80374 7.30851 6.292279 45.80374 7.30851 6.292279 45.80374 7.30851 3.346696 59.80485 5.786388 3.346696 59.80485 5.786388 3.346696 59.80485 5.786388 3.346696 59.80485 5.786388 3.346696 59.80485 5.786388 3.346696 59.80485 5.786388 14.27245 -24.48971 5.716448 14.27245 -24.48971 5.716448 14.27245 -24.48971 5.716448 14.27245 -24.48971 5.716448 14.27245 -24.48971 5.716448 14.27245 -24.48971 5.716448 11.55335 -24.45537 5.620453 11.55335 -24.45537 5.620453 11.55335 -24.45537 5.620453 11.55335 -24.45537 5.620453 11.55335 -24.45537 5.620453 11.55335 -24.45537 5.620453 11.20572 25.6462 5.620449 11.20572 25.6462 5.620449 11.20572 25.6462 5.620449 11.20572 25.6462 5.620449 11.20572 25.6462 5.620449 8.062427 -29.9149 0.1519262 8.062427 -29.9149 0.1519262 8.062427 -29.9149 0.1519262 8.062427 -29.9149 0.1519262 8.062427 -29.9149 0.1519262 7.857666 31.99295 0.1519199 7.857666 31.99295 0.1519199 7.857666 31.99295 0.1519199 7.857666 31.99295 0.1519199 7.857666 31.99295 0.1519199 0.01659852 47.08751 -5.177092 0.01659852 47.08751 -5.177092 0.01659852 47.08751 -5.177092 0.01659852 47.08751 -5.177092 3.175307 -48.26074 8.177818 3.175307 -48.26074 8.177818 3.175307 -48.26074 8.177818 3.175307 -48.26074 8.177818 3.175307 -48.26074 8.177818 2.019998 -48.23871 8.028136 2.019998 -48.23871 8.028136 2.019998 -48.23871 8.028136 2.019998 -48.23871 8.028136 2.019998 -48.23871 8.028136 2.019997 -48.23871 6.882137 2.019997 -48.23871 6.882137 0.01659858 -53.34334 6.882137 0.01659858 -53.34334 6.882137 0.01659858 -53.34334 6.882137 0.01659858 -53.34334 6.882137 0.01659858 -56.25751 7.293844 0.01659858 -56.25751 7.293844 0.01659858 -56.25751 7.293844 0.01659858 -56.25751 7.293844 0.01659858 -56.25751 7.293844 0.01659858 -56.25751 7.293844 0.01659858 -56.25751 7.293844 0.01659858 -55.94898 6.732456 0.01659858 -55.94898 6.732456 0.01659858 -55.94898 6.732456 0.01659858 -55.94898 6.732456 0.01659858 -52.39334 6.827259 0.01659858 -52.39334 6.827259 0.0165987 -52.39334 10.85952 0.0165987 -52.39334 10.85952 0.0165987 -52.39334 10.85952 0.0165987 -52.39334 10.85952 0.0165987 -52.39334 10.85952 0.0165987 -52.39334 10.85952 0.0165987 -46.9907 11.87068 0.0165987 -46.9907 11.87068 0.0165987 -46.9907 11.87068 0.0165987 -46.9907 11.87068 0.0165987 -46.9907 11.87068 0.0165987 -46.9907 11.87068 0.01659864 -46.629 9.060384 0.01659864 -46.629 9.060384 0.01659864 -46.629 9.060384 0.01659864 -46.629 9.060384 0.5086596 -48.00077 9.060384 0.5086569 -48.15534 10.48954 0.5086569 -48.15534 10.48954 0.5086569 -48.15534 10.48954 0.5086588 -51.2287 9.940779 0.5086588 -51.2287 9.940779 0.5086588 -51.2287 9.940779 0.5086592 -51.2287 6.82726 0.5086592 -51.2287 6.82726 -0.4754644 -48.00077 9.060384 -0.4754644 -48.15534 10.48954 -0.4754644 -48.15534 10.48954 -0.4754644 -48.15534 10.48954 -0.4754642 -51.2287 9.940779 -0.4754642 -51.2287 9.940779 -0.4754642 -51.2287 9.940779 -0.4754641 -51.2287 6.82726 -0.4754641 -51.2287 6.82726 0.01659852 47.63992 -5.177092 0.01659852 47.63992 -5.177092 -0.7911385 48.25909 5.786389 -0.7911385 48.25909 5.786389 -0.7911385 48.25909 5.786389 0.8243284 48.25909 5.786388 0.8243284 48.25909 5.786388 0.8243284 48.25909 5.786388 0.01659852 52.14648 -5.335891 0.01659852 52.14648 -5.335891 0.01659852 52.14648 -5.335891 0.01659852 52.14648 -5.335891 0.01659852 52.76564 5.62759 0.01659852 52.76564 5.62759 0.01659852 52.76564 5.62759 3.981352 36.62494 1.978691 3.981352 36.62494 1.978691 3.981352 36.62494 1.978691 5.199801 36.62494 2.533633 5.199801 36.62494 2.533633 5.199801 36.62494 2.533633 3.981354 42.9088 1.97869 3.981354 42.9088 1.97869 3.981354 42.9088 1.97869 5.199802 42.9088 2.533633 5.199802 42.9088 2.533633 5.199802 42.9088 2.533633 5.199803 42.9088 1.423747 5.199803 42.9088 1.423747 5.199803 42.9088 1.423747 -3.948159 36.62494 1.978691 -3.948159 36.62494 1.978691 -3.948159 36.62494 1.978691 -5.16661 36.62494 2.533634 -5.16661 36.62494 2.533634 -5.16661 36.62494 2.533634 -3.948159 42.9088 1.97869 -3.948159 42.9088 1.97869 -3.948159 42.9088 1.97869 -5.166608 42.9088 2.533632 -5.166608 42.9088 2.533632 -5.166608 42.9088 2.533632 -1.260979 -32.9202 7.249924 -1.260979 -32.9202 7.249924 -1.260979 -32.9202 7.249924 -3.227212 -32.9202 7.249923 -3.227212 -32.9202 7.249923 -3.227212 -32.9202 7.249923 -3.227212 -32.9202 7.249923 -2.244095 -31.97027 9.461542 -2.244095 -31.97027 9.461542 -2.244095 -31.97027 9.461542 -2.244095 -31.97027 9.461542 -2.244095 -31.97027 9.461542 -2.244095 -31.97027 9.461542 -2.244095 -31.97027 9.461542 -2.244095 -31.97027 9.461542 -0.6067264 -34.03345 9.233282 -0.6067264 -34.03345 9.233282 -0.6067264 -34.03345 9.233282 -0.6067264 -34.03345 9.233282 -2.244095 -31.33249 7.249924 -2.244095 -31.33249 7.249924 3.843212 -32.9202 7.249924 3.843212 -32.9202 7.249924 3.843212 -32.9202 7.249924 2.860096 -31.33249 7.249924 2.860096 -31.33249 7.249924 2.860096 -31.97027 9.461541 2.860096 -31.97027 9.461541 2.860096 -31.97027 9.461541 2.860096 -31.97027 9.461541 2.860096 -31.97027 9.461541 2.860096 -31.97027 9.461541 2.860096 -31.97027 9.461541 2.860096 -31.97027 9.461541 1.876979 -32.9202 7.249924 1.876979 -32.9202 7.249924 1.876979 -32.9202 7.249924 1.876979 -32.9202 7.249924 1.876978 -33.31395 8.971993 1.876978 -33.31395 8.971993 1.876978 -33.31395 8.971993 1.876978 -33.31395 8.971993 2.860096 -34.04548 11.07708 2.860096 -34.04548 11.07708 2.860096 -34.04548 11.07708 -2.244095 30.20067 7.249917 -2.244095 30.20067 7.249917 -2.244094 29.56288 9.461535 -2.244094 29.56288 9.461535 -2.244094 29.56288 9.461535 -2.244094 29.56288 9.461535 -2.244094 29.56288 9.461535 -2.244094 29.56288 9.461535 -2.244094 29.56288 9.461535 -2.244094 29.56288 9.461535 -3.227212 28.2192 8.971986 -3.227212 28.2192 8.971986 -3.227212 28.2192 8.971986 -3.227212 28.2192 8.971986 -3.881464 27.4997 9.233275 -3.881464 27.4997 9.233275 -3.881464 27.4997 9.233275 -3.881464 27.4997 9.233275 -3.881464 27.4997 9.233275 -2.244095 27.48767 11.07707 -2.244095 27.48767 11.07707 -2.244095 27.48767 11.07707 2.860096 30.20067 7.249917 2.860096 30.20067 7.249917 2.860096 29.56288 9.461535 2.860096 29.56288 9.461535 2.860096 29.56288 9.461535 2.860096 29.56288 9.461535 2.860096 29.56288 9.461535 2.860096 29.56288 9.461535 2.860096 29.56288 9.461535 2.860096 29.56288 9.461535 2.860097 27.48767 11.07707 2.860097 27.48767 11.07707 2.860097 27.48767 11.07707 -1.260979 38.51228 7.249917 -1.260979 38.51228 7.249917 -1.260979 38.51228 7.249917 -2.244095 40.1 7.249917 -2.244095 40.1 7.249917 -2.244094 39.46221 9.461533 -2.244094 39.46221 9.461533 -2.244094 39.46221 9.461533 -2.244094 39.46221 9.461533 -2.244094 39.46221 9.461533 -2.244094 39.46221 9.461533 -2.244094 39.46221 9.461533 -2.244094 39.46221 9.461533 -1.260979 38.11853 8.971985 -1.260979 38.11853 8.971985 -1.260979 38.11853 8.971985 -1.260979 38.11853 8.971985 -1.260979 38.11853 8.971985 -1.260979 38.11853 8.971985 -3.227213 38.11853 8.971985 -3.227213 38.11853 8.971985 -3.227213 38.11853 8.971985 -3.227213 38.11853 8.971985 -2.244095 37.387 11.07707 -2.244095 37.387 11.07707 -2.244095 37.387 11.07707 2.860096 40.1 7.249917 2.860096 40.1 7.249917 2.860096 39.46221 9.461533 2.860096 39.46221 9.461533 2.860096 39.46221 9.461533 2.860096 39.46221 9.461533 2.860096 39.46221 9.461533 2.860096 39.46221 9.461533 2.860096 39.46221 9.461533 2.860096 39.46221 9.461533 3.843212 38.11853 8.971985 3.843212 38.11853 8.971985 3.843212 38.11853 8.971985 3.843212 38.11853 8.971985 3.843212 38.11853 8.971985 3.843212 38.11853 8.971985 1.876978 38.11853 8.971985 1.876978 38.11853 8.971985 1.876978 38.11853 8.971985 1.876978 38.11853 8.971985 1.222726 37.39902 9.233274 1.222726 37.39902 9.233274 1.222726 37.39902 9.233274 1.222726 37.39902 9.233274 1.222726 37.39902 9.233274 7.948194 -24.14748 7.293839 7.948194 -24.14748 7.293839 7.948194 -24.14748 7.293839 7.948194 -24.14748 7.293839 7.948194 -24.14748 7.293839 -7.914999 -24.14748 7.293842 -7.914999 -24.14748 7.293842 -7.914999 -24.14748 7.293842 -7.914999 -24.14748 7.293842 -7.914999 -24.14748 7.293842 12.89674 -19.59561 7.293838 12.89674 -19.59561 7.293838 12.89674 -19.59561 7.293838 12.89674 -19.59561 7.293838 12.89674 -19.59561 7.293838 12.89674 -19.59561 7.293838 12.89674 20.34955 7.293835 12.89674 20.34955 7.293835 12.89674 20.34955 7.293835 12.89674 20.34955 7.293835 12.89674 20.34955 7.293835 7.948192 24.90142 7.293835 7.948192 24.90142 7.293835 7.948192 24.90142 7.293835 7.948192 24.90142 7.293835 7.948192 24.90142 7.293835 7.948192 24.90142 7.293835 -7.915 24.90142 7.293837 -7.915 24.90142 7.293837 -7.915 24.90142 7.293837 -7.915 24.90142 7.293837 -7.915 24.90142 7.293837 -14.06929 25.60079 5.620454 -14.06929 25.60079 5.620454 -14.06929 25.60079 5.620454 -14.06929 25.60079 5.620454 -14.06929 25.60079 5.620454 -14.06929 25.60079 5.620454 -14.06929 25.60079 5.620454 -14.06929 25.60079 5.620454 -14.06929 25.60079 5.620454 -3.313507 59.80485 5.786389 -3.313507 59.80485 5.786389 -3.313507 59.80485 5.786389 -3.313507 59.80485 5.786389 -3.313507 59.80485 5.786389 -14.23925 -24.48972 5.71645 -14.23925 -24.48972 5.71645 -14.23925 -24.48972 5.71645 -14.23925 -24.48972 5.71645 -14.23925 -24.48972 5.71645 -14.23925 -24.48972 5.71645 0.01659852 -59.94523 5.716454 0.01659852 -59.94523 5.716454 0.01659852 -59.94523 5.716454 0.01659852 -59.94523 5.716454 0.01659852 -59.94523 5.716454 0.01659852 -59.94523 5.716454 12.74044 25.32265 7.200759 12.74044 25.32265 7.200759 12.74044 25.32265 7.200759 12.74044 25.32265 7.200759 3.60948 49.46921 8.995965 3.60948 49.46921 8.995965 3.60948 49.46921 8.995965 3.60948 49.46921 8.995965 14.10248 25.60079 5.620449 14.10248 25.60079 5.620449 14.10248 25.60079 5.620449 14.10248 25.60079 5.620449 14.10248 25.60079 5.620449 14.10248 25.60079 5.620449 14.10248 25.60079 5.620449 14.10248 25.60079 5.620449 14.10248 25.60079 5.620449 -12.70725 25.32264 7.200766 -12.70725 25.32264 7.200766 -12.70725 25.32264 7.200766 -12.70725 25.32264 7.200766 1.503714 56.91062 8.776451 1.503714 56.91062 8.776451 1.503714 56.91062 8.776451 1.503714 56.91062 8.776451 -3.57629 49.46921 8.995965 -3.57629 49.46921 8.995965 -3.57629 49.46921 8.995965 -3.57629 49.46921 8.995965 -6.259089 45.80374 7.308512 -6.259089 45.80374 7.308512 -6.259089 45.80374 7.308512 -6.259089 45.80374 7.308512 -6.259089 45.80374 7.308512 -6.259089 45.80374 7.308512 -6.259089 45.80374 7.308512 -6.259089 45.80374 7.308512 -3.142108 -48.26074 6.732455 -3.142108 -48.26074 6.732455 -3.142108 -48.26074 6.732455 12.89674 -24.22349 7.293838 12.89674 -24.22349 7.293838 12.89674 -24.22349 7.293838 12.89674 -24.22349 7.293838 3.175306 -48.26074 6.732454 3.175306 -48.26074 6.732454 3.175306 -48.26074 6.732454 5.199802 36.62494 1.423748 5.199802 36.62494 1.423748 5.199802 36.62494 1.423748 -5.166608 42.9088 1.423747 -5.166608 42.9088 1.423747 -5.166608 42.9088 1.423747 -5.166609 36.62494 1.423747 -5.166609 36.62494 1.423747 -5.166609 36.62494 1.423747 -1.260979 -33.31395 8.971993 -1.260979 -33.31395 8.971993 -1.260979 -33.31395 8.971993 -1.260979 -33.31395 8.971993 -1.260979 -33.31395 8.971993 -1.260979 -33.31395 8.971993 -3.227212 -33.31395 8.971993 -3.227212 -33.31395 8.971993 -3.227212 -33.31395 8.971993 -3.227212 -33.31395 8.971993 -3.881464 -34.03345 9.233281 -3.881464 -34.03345 9.233281 -3.881464 -34.03345 9.233281 -3.881464 -34.03345 9.233281 -3.881464 -34.03345 9.233281 -2.244094 -34.04548 11.07708 -2.244094 -34.04548 11.07708 -2.244094 -34.04548 11.07708 3.843212 -33.31395 8.971993 3.843212 -33.31395 8.971993 3.843212 -33.31395 8.971993 3.843212 -33.31395 8.971993 3.843212 -33.31395 8.971993 3.843212 -33.31395 8.971993 1.222726 -34.03345 9.233281 1.222726 -34.03345 9.233281 1.222726 -34.03345 9.233281 1.222726 -34.03345 9.233281 1.222726 -34.03345 9.233281 4.497464 -34.03345 9.233282 4.497464 -34.03345 9.233282 4.497464 -34.03345 9.233282 4.497464 -34.03345 9.233282 -1.260978 28.2192 8.971986 -1.260978 28.2192 8.971986 -1.260978 28.2192 8.971986 -1.260978 28.2192 8.971986 -1.260978 28.2192 8.971986 -1.260978 28.2192 8.971986 -0.6067268 27.4997 9.233275 -0.6067268 27.4997 9.233275 -0.6067268 27.4997 9.233275 -0.6067268 27.4997 9.233275 -1.260979 28.61295 7.249918 -1.260979 28.61295 7.249918 -1.260979 28.61295 7.249918 -3.227212 28.61295 7.249918 -3.227212 28.61295 7.249918 -3.227212 28.61295 7.249918 -3.227212 28.61295 7.249918 3.843212 28.2192 8.971986 3.843212 28.2192 8.971986 3.843212 28.2192 8.971986 3.843212 28.2192 8.971986 3.843212 28.2192 8.971986 3.843212 28.2192 8.971986 1.876978 28.2192 8.971986 1.876978 28.2192 8.971986 1.876978 28.2192 8.971986 1.876978 28.2192 8.971986 1.222726 27.4997 9.233274 1.222726 27.4997 9.233274 1.222726 27.4997 9.233274 1.222726 27.4997 9.233274 1.222726 27.4997 9.233274 4.497463 27.4997 9.233275 4.497463 27.4997 9.233275 4.497463 27.4997 9.233275 4.497463 27.4997 9.233275 3.843212 28.61295 7.249918 3.843212 28.61295 7.249918 3.843212 28.61295 7.249918 1.876978 28.61295 7.249918 1.876978 28.61295 7.249918 1.876978 28.61295 7.249918 1.876978 28.61295 7.249918 -3.881464 37.39902 9.233274 -3.881464 37.39902 9.233274 -3.881464 37.39902 9.233274 -3.881464 37.39902 9.233274 -3.881464 37.39902 9.233274 -0.6067269 37.39902 9.233274 -0.6067269 37.39902 9.233274 -0.6067269 37.39902 9.233274 -0.6067269 37.39902 9.233274 -3.227212 38.51228 7.249917 -3.227212 38.51228 7.249917 -3.227212 38.51228 7.249917 -3.227212 38.51228 7.249917 2.860097 37.387 11.07707 2.860097 37.387 11.07707 2.860097 37.387 11.07707 4.497464 37.39902 9.233274 4.497464 37.39902 9.233274 4.497464 37.39902 9.233274 4.497464 37.39902 9.233274 3.843212 38.51228 7.249917 3.843212 38.51228 7.249917 3.843212 38.51228 7.249917 1.876979 38.51228 7.249917 1.876979 38.51228 7.249917 1.876979 38.51228 7.249917 1.876979 38.51228 7.249917 2.550181 -2.263759 4.730127 2.550181 -2.263759 4.730127 2.550181 -2.263759 4.730127 -2.439857 -2.263881 4.719526 -2.439857 -2.263881 4.719526 -0.7728896 76.59732 5.990869 -0.7728896 76.59732 5.990869 -0.7728896 76.59732 5.990869 -0.7728896 76.59732 5.990869 -0.7728896 76.59732 5.990869 -0.7728896 76.59732 5.990869 0.9585599 76.59747 5.994464 0.9585599 76.59747 5.994464 0.9585599 76.59747 5.994464 0.9585599 76.59747 5.994464 2.547889 -2.261611 8.563838 2.547889 -2.261611 8.563838 2.547889 -2.261611 8.563838 2.547889 -2.261611 8.563838 -2.44215 -2.261729 8.553236 -2.44215 -2.261729 8.553236 -2.44215 -2.261729 8.553236 -0.7736666 76.5997 7.291192 -0.7736666 76.5997 7.291192 -0.7736666 76.5997 7.291192 -0.7736666 76.5997 7.291192 0.957783 76.59983 7.294787 0.957783 76.59983 7.294787 0.957783 76.59983 7.294787 0.957783 76.59983 7.294787 -6.360554 -0.4109001 -1.588462 -6.360554 -0.4109001 -1.588462 -6.383125 10.64041 -1.588463 -6.383125 10.64041 -1.588463 -6.383125 10.64041 -1.588463 6.413993 -0.346139 -1.583776 6.413993 -0.346139 -1.583776 6.413993 -0.346139 -1.583776 6.391419 10.70517 -1.583778 6.391419 10.70517 -1.583778 6.391419 10.70517 -1.583778 6.391419 10.70517 -1.583778 3.130908 4.918931 -14.3914 3.130908 4.918931 -14.3914 3.130908 4.918931 -14.3914 3.130908 4.918931 -14.3914 3.115573 7.943948 -14.3914 3.115573 7.943948 -14.3914 3.115573 7.943948 -14.3914 3.115573 7.943948 -14.3914 -2.481246 4.89048 -14.39458 -2.481246 4.89048 -14.39458 -2.481246 4.89048 -14.39458 -2.481246 4.89048 -14.39458 -2.481246 4.89048 -14.39458 -2.481246 4.89048 -14.39458 -2.49658 7.915495 -14.39458 -2.49658 7.915495 -14.39458 -2.49658 7.915495 -14.39458 -2.49658 7.915495 -14.39458 2.293932 -5.63671 -14.43619 2.293932 -5.63671 -14.43619 2.278475 -5.678578 -13.4104 2.221495 4.835601 -14.19386 2.206038 4.793732 -13.16807 2.206038 4.793732 -13.16807 2.022717 -5.63671 -14.43619 2.022717 -5.63671 -14.43619 2.00726 -5.678578 -13.4104 1.95028 4.835601 -14.19386 1.934823 4.793732 -13.16807 1.934823 4.793732 -13.16807 -0.9606545 -5.63671 -14.43619 -0.9606545 -5.63671 -14.43619 -0.9761117 -5.678578 -13.4104 -1.033092 4.835601 -14.19386 -1.048549 4.793732 -13.16807 -1.048549 4.793732 -13.16807 -1.23187 -5.63671 -14.43619 -1.23187 -5.63671 -14.43619 -1.247327 -5.678578 -13.4104 -1.304307 4.835601 -14.19386 -1.319764 4.793732 -13.16807 -1.319764 4.793732 -13.16807</float_array>
          <technique_common>
            <accessor source="#feiting_Mesh_005-mesh-positions-array" count="1358" stride="3">
              <param name="X" type="float"/>
              <param name="Y" type="float"/>
              <param name="Z" type="float"/>
            </accessor>
          </technique_common>
        </source>
        <source id="feiting_Mesh_005-mesh-normals">
          <float_array id="feiting_Mesh_005-mesh-normals-array" count="3717">-6.44848e-5 -4.50462e-5 1 9.49457e-4 0.4578456 0.8890313 -0.1893525 0.4096786 0.8923615 -5.43892e-5 -5.71609e-5 1 -0.1892993 0.4097101 0.8923584 -0.3379494 0.2797453 0.8986283 -4.91738e-6 -1.16229e-6 1 -0.3379395 0.2797232 0.8986389 -0.4181238 0.09824824 0.9030614 4.29153e-6 3.73274e-6 1 -0.4180998 0.09825414 0.9030719 -0.4191015 -0.1003521 0.9023765 4.02331e-6 -5.4948e-7 1 -0.4191589 -0.1003341 0.9023519 -0.340056 -0.2821183 0.8970904 5.44786e-5 -5.51501e-5 1 -0.3400267 -0.2821542 0.8970902 -0.1913211 -0.4113515 0.8911713 6.21974e-5 -4.71845e-5 1 -0.1913934 -0.4113861 0.8911398 -9.06534e-4 -0.4578472 0.8890305 8.60542e-6 5.77569e-5 1 -8.94599e-4 -0.4578124 0.8890485 0.1892476 -0.4096982 0.8923748 -1.14143e-5 3.09497e-5 1 0.189282 -0.4097084 0.8923628 0.3379648 -0.2796829 0.8986419 2.39611e-5 -5.88074e-5 1 0.3379254 -0.2797735 0.8986286 0.4181433 -0.09824132 0.9030531 -6.62655e-5 -5.30072e-5 1 0.4181703 -0.09823358 0.9030415 0.4191692 0.1003769 0.9023424 -2.40803e-5 -5.67883e-5 1 0.4191436 0.1003546 0.9023568 0.3401218 0.2821275 0.8970627 1.38283e-5 2.90014e-5 1 0.3400653 0.282051 0.8971081 0.1913263 0.4114009 0.8911474 -9.80496e-6 5.86808e-5 1 0.1913617 0.4113536 0.8911616 9.45777e-4 0.4578293 0.8890396 9.70304e-4 0.4578412 0.8890334 0.002363622 0.7915576 0.6110901 -0.3138079 0.7122132 0.6279149 9.45687e-4 0.4578897 0.8890085 -0.3138528 0.7121667 0.6279452 -0.1893299 0.4096813 0.8923651 -0.1892802 0.4097505 0.892344 -0.3138172 0.7122166 0.6279063 -0.5655552 0.4906972 0.6628451 -0.1893145 0.4096937 0.8923627 -0.5655379 0.4907099 0.6628504 -0.3379286 0.279742 0.8986372 -0.3379424 0.2797018 0.8986445 -0.5655563 0.4907128 0.6628327 -0.7036669 0.1732062 0.6890954 -0.3379532 0.2797428 0.8986276 -0.703673 0.1731866 0.6890942 -0.4181183 0.09826213 0.9030625 -0.4181368 0.0982517 0.903055 -0.7036742 0.1731791 0.6890948 -0.7044138 -0.1778255 0.687153 -0.4181282 0.0982353 0.9030608 -0.7043878 -0.1778694 0.6871684 -0.419156 -0.1003735 0.9023489 -0.4191142 -0.1004036 0.902365 -0.7043932 -0.1778471 0.6871686 -0.5672201 -0.4941939 0.6588125 -0.4191305 -0.1003921 0.9023586 -0.5672217 -0.4941843 0.6588183 -0.3400564 -0.2821111 0.8970926 -0.3400406 -0.2821812 0.8970766 -0.5672707 -0.4941827 0.6587773 -0.3171337 -0.7132455 0.6250656 -0.3400247 -0.2821333 0.8970975 -0.3171575 -0.7132534 0.6250447 -0.1913716 -0.4113463 0.8911628 -0.1913496 -0.41136 0.8911612 -0.3171331 -0.7132923 0.6250126 -0.002304136 -0.7915217 0.6111368 -0.1913116 -0.4112727 0.8912097 -0.002342522 -0.7916217 0.6110072 -9.71899e-4 -0.4578431 0.8890326 -9.39235e-4 -0.4578863 0.8890103 -0.002335846 -0.7915538 0.611095 0.3137664 -0.7122676 0.6278739 -8.9702e-4 -0.4578102 0.8890495 0.3137578 -0.7121872 0.6279693 0.1893635 -0.4096901 0.8923538 0.1893358 -0.4097497 0.8923324 0.3138426 -0.7122135 0.6278972 0.547747 -0.4977552 0.6724678 0.1893144 -0.4097245 0.8923485 0.5478261 -0.4976156 0.6725068 0.3380128 -0.279685 0.8986232 0.3379312 -0.2796742 0.8986573 0.5478134 -0.4977005 0.6724544 0.6590188 -0.1644909 0.733919 0.3379054 -0.2796933 0.8986611 0.6590167 -0.1644167 0.7339374 0.4181099 -0.09822958 0.9030699 0.4180842 -0.09824723 0.9030799 0.6590586 -0.1643894 0.733906 0.6676074 0.1905387 0.719719 0.4180951 -0.09827023 0.9030722 0.6676167 0.1905239 0.7197144 0.4191551 0.100374 0.9023493 0.4191461 0.1003637 0.9023545 0.6675596 0.19049 0.7197763 0.5672004 0.4941945 0.658829 0.4191627 0.1003585 0.9023475 0.5672071 0.4942002 0.6588189 0.3400475 0.2820923 0.8971018 0.3400266 0.2821334 0.8970968 0.5672201 0.4942025 0.658806 0.3171921 0.7132763 0.6250008 0.3400204 0.2820985 0.8971101 0.3171392 0.713244 0.6250645 0.1913319 0.4113087 0.8911888 0.1913087 0.4113479 0.8911756 0.3171011 0.7132982 0.6250222 0.002315521 0.7915551 0.6110935 0.1912832 0.4113676 0.8911719 0.002309978 0.791542 0.6111105 9.36046e-4 0.4579208 0.8889925 0.002358317 0.7915704 0.6110735 0.003269195 0.9755361 0.219815 -0.3763398 0.892557 0.2484163 0.002325057 0.79161 0.6110222 -0.3763481 0.8925589 0.2483965 -0.3138457 0.7121941 0.6279177 -0.3138009 0.7122054 0.6279271 -0.3763224 0.8925701 0.2483953 -0.7038383 0.6378639 0.3126363 -0.3138297 0.7121983 0.6279209 -0.7038589 0.6378496 0.312619 -0.5655485 0.4907237 0.6628313 -0.5655534 0.4907233 0.6628274 -0.703821 0.6378752 0.3126521 -0.9021922 0.2317721 0.3637733 -0.5655544 0.4906935 0.6628486 -0.9022051 0.2317102 0.3637807 -0.7036724 0.1731839 0.6890954 -0.7036725 0.1731361 0.6891074 -0.9022063 0.2317405 0.3637586 -0.9012894 -0.2376047 0.3622453 -0.7036666 0.17323 0.6890898 -0.9012942 -0.2375912 0.3622418 -0.7044008 -0.1778135 0.6871696 -0.7043971 -0.1778717 0.6871583 -0.901284 -0.2376784 0.3622102 -0.703301 -0.6396281 0.310232 -0.7044095 -0.177811 0.6871613 -0.7033561 -0.6395079 0.3103547 -0.5672051 -0.4942103 0.6588129 -0.5672506 -0.4942392 0.6587522 -0.7033097 -0.6395562 0.3103601 -0.380141 -0.8912084 0.2474687 -0.5671783 -0.4941807 0.6588584 -0.3801062 -0.891221 0.2474761 -0.3171324 -0.7133055 0.6249979 -0.3171131 -0.7133414 0.6249668 -0.3800708 -0.8912416 0.2474564 -0.003216624 -0.9755434 0.219783 -0.3171573 -0.7133125 0.6249772 -0.003296196 -0.9755339 0.2198247 -0.00235337 -0.7915635 0.6110826 -0.002406954 -0.7915422 0.6111097 -0.003227651 -0.9755176 0.2198978 0.376371 -0.8925681 0.2483288 -0.002396464 -0.7915683 0.611076 0.3763855 -0.8925392 0.2484105 0.3138244 -0.7122097 0.6279105 0.3138265 -0.7121626 0.627963 0.376345 -0.8925767 0.2483367 0.6753022 -0.6763221 0.2942032 0.3137782 -0.7122268 0.6279143 0.6753137 -0.6763038 0.2942188 0.5477898 -0.4977058 0.6724695 0.5477709 -0.4977018 0.672488 0.6753093 -0.6763371 0.2941523 0.8178904 -0.3813287 0.4308643 0.5477697 -0.4976652 0.672516 0.8179538 -0.3812149 0.4308446 0.659088 -0.1644466 0.7338668 0.6590481 -0.1644402 0.733904 0.8179021 -0.3813166 0.4308525 0.8079662 0.3682158 0.4600084 0.6590487 -0.1644796 0.7338947 0.8079884 0.3681783 0.4599995 0.6675504 0.1905196 0.7197769 0.6676181 0.1905689 0.7197011 0.8079915 0.3682162 0.4599636 0.6636419 0.6757922 0.3207558 0.6675508 0.1904988 0.719782 0.6636419 0.6757678 0.3208072 0.5672156 0.4941958 0.6588149 0.5672423 0.4941873 0.6587982 0.6635785 0.675861 0.3207424 0.380043 0.8912609 0.2474299 0.5672094 0.4942057 0.6588128 0.3801638 0.891201 0.2474602 0.3171586 0.7133093 0.6249803 0.3171038 0.7133353 0.6249784 0.3801681 0.8912053 0.2474377 0.003249883 0.9755392 0.219802 0.317106 0.7133458 0.6249653 0.003259181 0.9755386 0.2198041 0.002333223 0.7916071 0.6110261 0.003266274 0.9755126 0.2199196 0.003058254 0.976764 -0.2142965 -0.3688833 0.9072555 -0.2020213 0.003242135 0.9755379 0.2198075 -0.3677658 0.9087663 -0.1972112 -0.3763926 0.8925587 0.2483299 -0.3763462 0.8925612 0.2483907 -0.3677469 0.908764 -0.1972566 -0.7203092 0.6759862 -0.1555553 -0.3763732 0.8925608 0.2483518 -0.720294 0.676004 -0.1555481 -0.7038521 0.6378446 0.3126445 -0.7038196 0.6378855 0.3126343 -0.7202646 0.6760277 -0.1555816 -0.9596577 0.2537863 -0.1210353 -0.7038304 0.637867 0.3126477 -0.9596683 0.2537533 -0.1210206 -0.9022088 0.2317527 0.3637447 -0.9022087 0.2316973 0.3637802 -0.959651 0.2537801 -0.121102 -0.9581984 -0.2594403 -0.12061 -0.9021782 0.231827 0.3637732 -0.9582 -0.2594338 -0.1206107 -0.9012586 -0.2376613 0.3622845 -0.9012675 -0.2375978 0.362304 -0.9581912 -0.2594524 -0.1206413 -0.7202251 -0.6764724 -0.1538215 -0.9012411 -0.2377035 0.3623003 -0.7201511 -0.6765418 -0.1538626 -0.7032992 -0.6395928 0.3103086 -0.7033268 -0.6395733 0.310286 -0.7202156 -0.6764877 -0.1537985 -0.3720263 -0.9074767 -0.1951475 -0.70328 -0.6396064 0.3103238 -0.3719671 -0.9075015 -0.1951448 -0.3800785 -0.8912415 0.2474449 -0.380132 -0.8912134 0.2474638 -0.3720056 -0.9074755 -0.1951923 -0.003085613 -0.9767824 -0.2142118 -0.3801603 -0.891197 0.2474793 -0.003010809 -0.976759 -0.2143194 -0.003256261 -0.9755336 0.2198267 -0.00325036 -0.9755393 0.2198014 -0.003035187 -0.9767666 -0.2142846 0.3677604 -0.9087581 -0.1972589 -0.003213524 -0.9755317 0.2198357 0.3677277 -0.9087693 -0.1972689 0.376368 -0.8925527 0.2483887 0.3763899 -0.8925459 0.2483796 0.3677612 -0.9087618 -0.1972401 0.7203382 -0.6759558 -0.1555524 0.3763744 -0.8925462 0.2484024 0.7203446 -0.6759549 -0.1555272 0.6753014 -0.6763183 0.2942134 0.6753757 -0.676253 0.2941932 0.7203045 -0.6759813 -0.1555981 0.8962944 -0.3666331 -0.2494726 0.6753101 -0.6763146 0.294202 0.8962963 -0.3666237 -0.2494793 0.8179286 -0.3812913 0.4308248 0.8079937 0.368249 0.4599336 0.8973799 0.3475263 -0.2719099 0.7038264 0.6886664 -0.1742615 0.8079865 0.3682078 0.4599794 0.7038577 0.6886301 -0.1742788 0.6636279 0.6757909 0.3207877 0.6635926 0.6758311 0.3207762 0.7038598 0.6886378 -0.1742397 0.3720012 0.9074741 -0.1952077 0.6636652 0.675784 0.3207252 0.3719992 0.9074641 -0.1952575 0.3801953 0.8911964 0.2474277 0.3800575 0.8912526 0.2474376 0.371989 0.9074898 -0.1951575 0.003029525 0.976763 -0.2143014 0.3801106 0.8912477 0.2473735 0.00304383 0.9767729 -0.2142561 0.003265619 0.9755401 0.2197972 0.003058016 0.9767886 -0.2141838 0.001827955 0.7920095 -0.6105061 -0.281822 0.7366827 -0.6147154 0.003062188 0.9767604 -0.2143124 -0.281831 0.7366679 -0.6147291 -0.367735 0.9087807 -0.1972023 -0.3677484 0.908767 -0.19724 -0.2817857 0.7367176 -0.6146902 -0.5553837 0.5514354 -0.6224693 -0.3677614 0.9087626 -0.1972362 -0.5553392 0.551434 -0.6225103 -0.7203033 0.6759912 -0.1555607 -0.720338 0.6759477 -0.1555892 -0.5553362 0.5514072 -0.6225365 -0.7497784 0.2097504 -0.6275645 -0.7203471 0.6759393 -0.1555838 -0.7498006 0.2097509 -0.6275378 -0.959668 0.2537389 -0.1210529 -0.9596681 0.2537395 -0.1210513 -0.7498189 0.2097871 -0.6275039 -0.7501585 -0.2145928 -0.6254697 -0.9596699 0.2537335 -0.1210501 -0.750193 -0.2145027 -0.625459 -0.9581999 -0.2594628 -0.1205487 -0.9581906 -0.2594746 -0.1205981 -0.7502373 -0.2145944 -0.6253745 -0.5572966 -0.5539737 -0.618493 -0.9582107 -0.2594369 -0.1205193 -0.5573065 -0.5539739 -0.6184839 -0.7202088 -0.6764832 -0.1538497 -0.7202596 -0.6764448 -0.1537812 -0.5572946 -0.5539973 -0.6184738 -0.2851195 -0.7375462 -0.6121541 -0.7201879 -0.6765043 -0.1538557 -0.2851089 -0.737545 -0.6121604 -0.3719994 -0.9074776 -0.1951946 -0.3720375 -0.9074642 -0.1951843 -0.2850567 -0.7376002 -0.6121181 -0.001874148 -0.7919578 -0.6105731 -0.372051 -0.9074548 -0.1952021 -0.00181514 -0.7919542 -0.6105779 -0.003002643 -0.9767696 -0.2142717 -0.003043651 -0.9767736 -0.2142522 -0.001830279 -0.7919773 -0.6105479 0.2818568 -0.7366781 -0.614705 -0.003038406 -0.9767652 -0.2142911 0.2818523 -0.7367151 -0.6146627 0.3677351 -0.9087731 -0.197237 0.3677869 -0.9087586 -0.1972069 0.2818675 -0.7366898 -0.6146861 0.5553749 -0.5514621 -0.6224534 0.3677785 -0.9087569 -0.1972306 0.5553623 -0.5514678 -0.6224596 0.7203112 -0.6759786 -0.1555787 0.7202926 -0.6760021 -0.1555631 0.5553508 -0.5514708 -0.6224673 0.7497892 -0.2097592 -0.6275485 0.7203086 -0.6759824 -0.1555746 0.7497991 -0.20973 -0.6275464 0.896304 -0.3666166 -0.2494624 0.8962916 -0.3666571 -0.2494474 0.7497911 -0.2097684 -0.6275433 0.7501882 0.2145984 -0.625432 0.8962984 -0.36664 -0.2494481 0.7502107 0.2145401 -0.625425 0.897392 0.347542 -0.2718496 0.8974146 0.347497 -0.2718325 0.7501815 0.2146215 -0.6254321 0.557305 0.55399 -0.618471 0.8973988 0.3474902 -0.2718932 0.5573081 0.5539434 -0.61851 0.7038654 0.6886313 -0.1742429 0.7038362 0.6886605 -0.1742455 0.5573091 0.5540228 -0.6184379 0.285117 0.7375676 -0.6121296 0.7037773 0.6887095 -0.1742896 0.2851092 0.7376023 -0.6120913 0.3720161 0.9074633 -0.1952293 0.3720512 0.9074642 -0.195158 0.2850635 0.7376148 -0.6120974 0.001837432 0.7919777 -0.6105474 0.3719596 0.9074941 -0.1951939 0.001874029 0.7919415 -0.6105942 0.003067135 0.9767887 -0.2141832 0.001823008 0.7919973 -0.610522 5.79573e-4 0.4120356 -0.9111677 -0.133264 0.3814982 -0.914713 0.001802206 0.7919684 -0.6105595 -0.13323 0.3814989 -0.9147177 -0.2818922 0.7367128 -0.614647 -0.2818785 0.736715 -0.6146509 -0.1332821 0.3815307 -0.9146969 -0.2595815 0.2841438 -0.9229733 -0.2818207 0.7366984 -0.6146972 -0.2595191 0.2841383 -0.9229927 -0.5553452 0.5514528 -0.6224883 -0.5553663 0.5515111 -0.6224178 -0.2594898 0.2841638 -0.922993 -0.3495965 0.1087837 -0.9305635 -0.5553179 0.5514958 -0.6224746 -0.3496662 0.1088097 -0.9305343 -0.749814 0.2097467 -0.6275231 -0.7498031 0.2097723 -0.6275276 -0.3496404 0.1087979 -0.9305453 -0.3505823 -0.110898 -0.9299429 -0.7497997 0.2097333 -0.6275446 -0.350555 -0.1109179 -0.9299508 -0.7501713 -0.2145636 -0.6254644 -0.7502095 -0.2145341 -0.6254287 -0.3505961 -0.1109297 -0.9299339 -0.2609905 -0.2865491 -0.9218317 -0.7502178 -0.2146269 -0.6253868 -0.2609595 -0.286428 -0.9218782 -0.5572951 -0.5539746 -0.6184937 -0.5572995 -0.5539737 -0.6184905 -0.260969 -0.2864677 -0.9218631 -0.1344988 -0.3827291 -0.9140178 -0.557308 -0.5539768 -0.61848 -0.1345601 -0.3826703 -0.9140334 -0.2851239 -0.7375831 -0.6121076 -0.2850711 -0.7375569 -0.6121636 -0.1345139 -0.3827388 -0.9140115 -7.14168e-4 -0.4120153 -0.9111767 -0.2851014 -0.7375777 -0.6121245 -6.68719e-4 -0.4120352 -0.9111677 -0.00187397 -0.7920289 -0.6104808 -0.001831173 -0.7919875 -0.6105347 -6.48089e-4 -0.4119776 -0.9111938 0.1332601 -0.3815371 -0.9146974 -0.00185424 -0.7919962 -0.6105232 0.1332787 -0.3814253 -0.9147413 0.2818628 -0.7366575 -0.614727 0.2818166 -0.7366632 -0.6147413 0.1332838 -0.3814967 -0.9147107 0.2595139 -0.2841929 -0.9229772 0.2818261 -0.736697 -0.6146964 0.2595015 -0.284221 -0.922972 0.5553641 -0.551436 -0.6224861 0.5553373 -0.5514588 -0.6224899 0.2595226 -0.2841847 -0.9229774 0.3496491 -0.1087963 -0.9305423 0.5553449 -0.5514628 -0.6224795 0.3496454 -0.1087829 -0.9305452 0.749774 -0.2097337 -0.6275754 0.7497997 -0.209732 -0.6275451 0.3496325 -0.1087896 -0.9305494 0.3505873 0.1108939 -0.9299415 0.7498018 -0.2097818 -0.627526 0.3505664 0.1109089 -0.9299476 0.7502145 0.2145522 -0.6254163 0.7501853 0.2146226 -0.6254273 0.350575 0.1108703 -0.9299489 0.2609878 0.2864676 -0.9218578 0.7502076 0.2145838 -0.6254138 0.2609542 0.2864851 -0.9218618 0.5573236 0.5539542 -0.6184861 0.5572775 0.5540202 -0.6184687 0.261006 0.2864405 -0.921861 0.1345025 0.3827316 -0.9140162 0.5573189 0.5539863 -0.6184617 0.1345089 0.3827349 -0.914014 0.285124 0.7375923 -0.6120963 0.2851179 0.7375257 -0.6121795 0.1345652 0.3827691 -0.9139913 6.64175e-4 0.4119936 -0.9111866 0.2851254 0.7375624 -0.6121317 6.0153e-4 0.4120281 -0.911171 0.001853823 0.7919797 -0.6105446 1.41263e-5 2.51457e-5 -1 -0.1332065 0.3815091 -0.9147169 5.97872e-4 0.412014 -0.9111773 -6.24359e-5 7.08066e-5 -1 -0.2594915 0.2842108 -0.922978 -0.1332339 0.381424 -0.9147483 7.26432e-5 2.8139e-5 -1 -0.3496477 0.1088266 -0.9305393 -0.2594879 0.2842279 -0.9229738 8.39531e-5 3.91323e-5 -1 -0.350567 -0.1108574 -0.9299535 -0.3496178 0.1087926 -0.9305545 -7.35819e-5 3.06386e-5 -1 -0.2609764 -0.2865292 -0.9218419 -0.3505442 -0.1109274 -0.9299538 6.1512e-5 7.06464e-5 -1 -0.1345279 -0.3827115 -0.9140209 -0.2609639 -0.2864956 -0.9218558 -1.64006e-5 2.87443e-5 -1 -5.759e-4 -0.4119699 -0.9111973 -0.1345341 -0.3827316 -0.9140115 7.06315e-6 1.96919e-5 -1 0.1333096 -0.3814713 -0.9147176 -6.29405e-4 -0.41198 -0.9111928 -4.81009e-5 -1.60858e-5 -1 0.2595333 -0.2841623 -0.9229812 0.1333014 -0.3814861 -0.9147126 8.00639e-5 1.85911e-5 -1 0.3496407 -0.1087821 -0.9305472 0.259534 -0.284174 -0.9229775 -5.73695e-6 4.89876e-6 -1 0.3506251 0.1108958 -0.929927 0.3495995 -0.1087924 -0.9305613 -8.03769e-5 1.88183e-5 -1 0.2610231 0.2864293 -0.9218597 0.3505316 0.1109172 -0.9299598 4.75049e-5 -1.57841e-5 -1 0.1345158 0.3827889 -0.9139902 0.2609239 0.2865 -0.9218658 -6.63288e-6 2.32533e-5 -1 7.17819e-4 0.4120157 -0.9111764 0.1345124 0.3827714 -0.9139981 0.8080522 0.3794822 0.4506052 0.6967546 -0.4724141 0.539776 -0.4802576 0.1377397 0.866245 -0.4347501 0.1041829 0.8945046 -0.1634215 -0.005105495 0.9865432 0.7935488 0.2629045 0.5487819 0.6334034 -0.391746 0.6673344 0.9910955 -0.1329314 -0.007685542 -0.3928975 -0.8825551 -0.258318 -0.5583335 -0.8152925 -0.1534992 -0.5717927 0.1699207 0.8026084 0.6247615 -0.3968098 0.6724695 0.8234359 -0.3831933 -0.4184691 0.8978688 0.3907509 -0.2028437 -0.4485296 0.2540081 -0.8569136 -0.3196179 0.2046067 -0.9251922 -0.5226697 -0.8306664 -0.1918586 0.9867557 -0.1398649 -0.08216464 0.7814131 0.3447595 -0.5201293 0.8704041 0.4577814 0.1811987 -0.03318452 0.08868545 0.9955068 -0.02522414 -0.0223276 0.9994325 -0.5360381 0.08395445 -0.8400088 0.8100884 0.3018215 -0.5026535 -0.3167396 0.004059076 0.9485039 -0.5609543 -0.8278465 -7.95648e-4 1.56032e-7 -0.9999845 0.005589306 1.33036e-7 -0.9999627 0.008638203 1.24684e-7 -1 6.61899e-5 -0.3167381 0.01058483 0.9484541 -0.5609943 -0.8278195 5.84023e-4 -0.2687571 -1.04497e-4 -0.9632081 -0.02693551 -1.30728e-4 -0.9996373 -0.01099818 -1.31119e-4 -0.9999396 -4.38052e-7 -1 3.70651e-4 -0.560592 -0.8278045 0.02182835 -0.2688035 0.01230263 -0.9631165 -0.3167802 6.5348e-4 0.9484988 0 0.999985 0.005472302 0 0.9999613 0.008795201 -1.48392e-4 -2.95325e-4 -1 -0.2688036 -1.47156e-4 -0.963195 -0.3291036 1.11077e-5 0.9442939 -0.3167845 1.27562e-5 0.9484975 9.63998e-6 -1 -1.70575e-4 6.41413e-7 -1 1.12539e-4 0 1 -1.60306e-4 -0.3395158 6.31384e-6 0.9406003 -0.4908034 -0.5335753 -0.6887738 -0.1062039 0.3366291 -0.935629 0.6653378 0.7233197 0.184755 0.6542745 0.7312031 0.1930469 0.4908068 -0.5335789 -0.6887686 -0.6653545 0.7233137 0.1847182 -0.6569058 0.7260074 0.2034404 -0.6742057 0.7143905 0.1873308 0.7289679 -0.6179609 0.2945001 -0.6699383 -0.7403841 0.05490207 -0.6711186 -0.7296044 0.131443 0 0 -1 -0.505676 0.5497443 -0.6648856 0.6713859 -0.7292871 0.1318385 0.6711115 -0.7295978 0.1315158 0.669938 -0.7403842 0.05490356 -0.7493516 -0.4235557 -0.5089918 3.7063e-7 -0.7681145 0.6403126 -1.26272e-7 -0.7681164 0.6403104 4.52883e-4 -0.7682167 0.6401898 0.7389731 -0.6029281 -0.3006604 -0.4338904 -0.8834865 0.1766091 0.3811025 -0.07710498 0.921312 0.3876846 0.002603352 0.9217884 3.64015e-5 -0.7419208 -0.6704876 -0.002567708 0.7523788 0.6587258 0.0071671 0.7513737 0.6598381 0 0.7419404 0.6704658 0.4415932 0.8792281 0.1787557 -0.3876863 0.002601921 0.9217877 -0.3811044 -0.07710492 0.9213113 -0.3978646 -0.903231 -0.1608651 -3.46746e-5 -3.41976e-5 -1 -3.43359e-5 -3.38619e-5 -1 -3.43289e-5 -3.38689e-5 -1 -3.38062e-5 -3.39289e-5 -1 -3.38002e-5 -3.3935e-5 -1 -3.37979e-5 -3.39373e-5 -1 -0.9999999 -4.40446e-4 -4.4056e-4 -0.9999999 -4.40393e-4 -4.40612e-4 -0.9999999 -4.40418e-4 -4.40588e-4 -0.9999999 -3.38714e-4 -3.38953e-4 -0.9999999 -3.38727e-4 -3.3894e-4 -0.9999999 -3.38753e-4 -3.38914e-4 0 -1.76606e-7 -1 0 -1.76606e-7 -1 -0.9999999 -4.40261e-4 -4.40817e-4 -0.9999999 -4.40262e-4 -4.40816e-4 -0.9999999 -4.40216e-4 -4.40862e-4 -1 -3.36079e-5 -3.44119e-5 -1 -3.36084e-5 -3.44115e-5 -1 -3.36079e-5 -3.44119e-5 -2.84598e-6 0 -1 -4.0562e-4 -4.06779e-4 -0.9999998 -4.05606e-4 -4.06792e-4 -0.9999998 -4.05577e-4 -4.06821e-4 -0.9999998 -0.9999902 -0.003151118 -0.00314337 -0.9999902 -0.003151178 -0.00314331 -0.9999902 -0.003151357 -0.003143072 -0.9999965 -0.001891314 -0.001901328 -0.9999965 -0.001891136 -0.001901507 -0.9999965 -0.001891195 -0.001901447 -5.50962e-7 0 -1 -2.7548e-7 0 -1 -1 3.55833e-7 -1.9215e-6 -0.9999998 -4.74413e-4 -4.7454e-4 -0.9999998 -4.74395e-4 -4.74558e-4 -0.9999998 -4.74399e-4 -4.74554e-4 -7.46039e-4 -7.45772e-4 -0.9999995 -7.46017e-4 -7.45794e-4 -0.9999995 -7.4597e-4 -7.45841e-4 -0.9999995 -3.40577e-5 -3.37764e-5 -1 -3.40583e-5 -3.37758e-5 -1 -3.40588e-5 -3.37752e-5 -1 -1 2.72321e-5 -4.97182e-5 -0.9999943 -0.002404868 -0.002402663 -0.9999943 -0.002405047 -0.002402484 -0.9999943 -0.002405107 -0.002402424 -4.40584e-4 -4.40666e-4 -0.9999998 -4.40588e-4 -4.40661e-4 -0.9999998 -4.4062e-4 -4.4063e-4 -0.9999998 -0.001966297 -0.001966238 -0.9999961 -0.001966357 -0.001966178 -0.9999961 -0.001966297 -0.001966178 -0.9999961 -0.9999973 -0.001660943 -0.001658082 -0.9999973 -0.001660704 -0.00165832 -0.9999973 -0.001660764 -0.00165826 -0.999999 -0.001051127 -0.00104916 -0.999999 -0.001051127 -0.001049101 -0.999999 -0.001051068 -0.00104922 -8.18933e-4 -0.9999994 -8.07359e-4 -8.18742e-4 -0.9999994 -8.07552e-4 -8.18838e-4 -0.9999994 -8.07455e-4 -0.003219544 -0.9999896 -0.00322014 -0.003219485 -0.9999896 -0.0032202 -0.003219544 -0.9999896 -0.00322014 -3.719e-7 -1 0 -3.71899e-7 -1 0 -0.002602458 -0.9999932 -0.002609968 -0.002602219 -0.9999932 -0.002610266 -0.002602577 -0.9999932 -0.002609908 -8.13693e-4 -0.9999994 -8.13389e-4 -8.13612e-4 -0.9999994 -8.13469e-4 -8.13557e-4 -0.9999994 -8.13526e-4 -0.001864314 -0.9999966 -0.001864433 -0.001864314 -0.9999966 -0.001864433 -0.001864433 -0.9999966 -0.001864254 0 -1 0 -8.814e-4 -0.9999992 -8.80924e-4 -8.81304e-4 -0.9999992 -8.8102e-4 -8.8144e-4 -0.9999992 -8.80884e-4 0 -1 7.49136e-7 -3.38485e-5 -1 -3.371e-5 -3.38464e-5 -1 -3.3712e-5 -3.38406e-5 -1 -3.37179e-5 -3.38481e-5 -1 -3.37104e-5 -3.38441e-5 -1 -3.37144e-5 -3.3847e-5 -1 -3.37114e-5 -3.3847e-5 -1 -3.37114e-5 -3.3848e-5 -1 -3.37104e-5 -3.38441e-5 -1 -3.37144e-5 -3.38464e-5 -1 -3.3712e-5 -3.3847e-5 -1 -3.37115e-5 -3.38485e-5 -1 -3.371e-5 -4.95564e-5 -1 -3.33551e-5 -4.95555e-5 -1 -3.33559e-5 -4.90527e-5 -1 -3.28472e-5 -3.41827e-5 -1 -3.40502e-5 -3.36834e-5 -1 -3.35378e-5 -3.41843e-5 -1 -3.40486e-5 -0.001562654 -0.9999976 -0.001543223 -0.001563966 -0.9999976 -0.001544296 -0.001551687 -0.9999977 -0.001532316 -2.41272e-4 -1 -2.55823e-4 -2.31438e-4 -1 -2.45762e-4 -2.40404e-4 -1 -2.55004e-4 -0.001152575 -0.9999988 -0.001152634 -0.001152753 -0.9999988 -0.001152455 -0.001152813 -0.9999988 -0.001152753 -4.86751e-5 -1 -3.31669e-5 -4.95192e-5 -1 -3.40088e-5 -4.86779e-5 -1 -3.31642e-5 -0.7187022 0.2228073 0.6586533 -0.7187024 0.2228072 0.658653 -0.7187024 0.2228072 0.6586531 -0.7187042 0.2228078 0.6586508 -0.7553126 0.001122891 0.6553637 -0.7536436 3.08804e-7 0.6572834 -0.7592998 0.00313431 0.6507335 -0.7688159 0.0274589 0.6388805 -0.7556602 0.001206696 0.6549629 -0.7595125 0.003346085 0.6504841 -0.7723237 0.0248053 0.6347448 -0.7637857 0.003331661 0.6454613 -0.8043446 0.005013823 0.5941419 -0.7689595 0.02552437 0.638788 -0.8011705 0.005515694 0.5984108 -0.7538501 0.03597116 0.6560612 3.33143e-7 0 1 -0.01869493 0.008235812 0.9997913 -0.01772099 0.01926583 0.9996574 -0.009919464 1.36536e-4 0.9999508 0.009488046 0.00508821 0.9999421 0.01826113 0.01315087 0.9997468 -0.002206027 -8.78347e-4 0.9999972 0.01466035 0.005491852 0.9998775 0.002963066 -4.67189e-4 0.9999955 -0.002962648 -4.67503e-4 0.9999955 0.002206385 -8.78451e-4 0.9999972 -0.01825654 0.01319849 0.9997463 -0.009487688 0.00508809 0.9999421 0.01465988 0.005492806 0.9998775 -0.002962708 -4.6756e-4 0.9999955 -0.01465898 0.005493998 0.9998775 1.20874e-6 5.24341e-7 -1 -0.001659274 -0.001660883 -0.9999973 0 -1.23306e-7 -1 0.008226096 0.00226432 -0.9999637 -0.1074849 -0.1125104 -0.98782 -0.1318222 -0.1685052 -0.9768465 -0.1318334 -0.1684933 -0.9768469 0.001522898 0.006536006 -0.9999775 2.59924e-5 -0.001916527 -0.9999982 -4.61284e-6 4.80188e-4 -1 0.01040345 0.003375113 -0.9999403 0.001552283 0.002933979 -0.9999946 -0.1763695 -0.200141 -0.9637622 -0.1763733 -0.2001371 -0.9637622 -0.8348981 -0.1743715 -0.5220535 -0.916766 -0.3689917 -0.1529221 -0.8063514 -0.1733369 -0.5654659 -0.8444887 0.005859315 -0.5355412 -0.8582815 0.002838671 -0.5131715 -0.8391498 0.2228064 -0.4961703 -0.8035815 -0.1710099 -0.5700986 -0.5469665 0.001808941 -0.8371526 -0.796889 -0.163307 -0.5816347 -0.8249647 0.2241064 -0.5188542 -0.8283167 0.2156423 -0.5170976 -0.5617122 -2.94078e-4 -0.8273327 -0.1349648 -0.9835084 -0.1203982 -0.1245658 -0.9833101 -0.1326072 -0.1300074 -0.9834139 -0.1264725 -0.1269747 -0.9833561 -0.1299554 -0.1198595 -0.9832203 -0.1375192 -0.1324643 -0.9834607 -0.1235244 1.97589e-5 1 0 -0.9308665 -0.3653596 -4.15398e-5 -0.9308663 -0.3653604 -4.10379e-5 -0.9308657 -0.3653615 -4.00895e-5 -0.9308665 -0.3653594 -4.06413e-5 4.48259e-4 0.9989082 -0.04671645 -0.6992377 -0.2811475 0.6572844 -0.699238 -0.2811477 0.657284 0.01044517 0.002875208 -0.9999414 -1.89371e-7 0 -1 -0.904999 -0.3761665 -0.1986847 -0.8294825 -0.1731039 -0.5310311 -0.1384555 -0.0570628 -0.9887234 -0.1384553 -0.05706268 -0.9887235 -0.1384553 -0.05706268 -0.9887235 -0.1274201 -0.0500307 -0.9905863 -0.1274201 -0.0500307 -0.9905863 -0.1274193 -0.05002987 -0.9905864 -4.64618e-5 -0.9999137 0.0131461 -0.9249761 -0.3800254 0 -0.9249761 -0.3800252 0 -1.05087e-4 -0.9997716 0.02137374 0.7187032 0.2228077 0.6586521 0.7187024 0.2228072 0.658653 0.7187033 0.2228072 0.658652 0.7187038 0.2228077 0.6586514 0.7689604 0.02552449 0.6387868 0.753851 0.03597128 0.65606 0.8011714 0.005515754 0.5984097 0.7723233 0.02480536 0.6347452 0.8043443 0.005013823 0.5941424 0.7637853 0.00333184 0.6454619 0.7556601 0.001206815 0.654963 0.7688158 0.02745896 0.6388805 0.7595371 0.002916276 0.6504577 0.7536432 3.93826e-7 0.6572839 0.7553982 0.001181483 0.655265 0.7592994 0.003134369 0.650734 0 0 1 0.01869559 0.008236289 0.9997914 0.00992006 1.37003e-4 0.9999509 0.01772165 0.01926624 0.9996573 0.002224922 1.17835e-6 -0.9999976 -0.008321344 -1.24245e-7 -0.9999654 -0.1361413 -0.1740598 -0.9752789 0.03510087 -0.01411312 -0.9992841 -0.009365916 0.003772616 -0.999949 1.18898e-4 0.007582068 -0.9999713 -0.09821593 -0.0917378 -0.9909278 -0.09820097 -0.09175264 -0.9909279 -0.008226335 0.00226438 -0.9999637 0.002218902 -6.11388e-4 -0.9999974 0.002366304 0.009012877 -0.9999567 -4.74795e-4 -4.74451e-4 -0.9999998 -4.74794e-4 -4.74452e-4 -0.9999998 1.50535e-4 0.009634196 -0.9999536 -0.009290099 0.01009649 -0.999906 0.03505659 -0.01742142 -0.9992335 -0.1768222 -0.2031018 -0.9630595 0.8339771 -0.1750656 -0.5232919 -0.7272201 -0.418784 -0.5438483 -0.7340456 -0.4505513 -0.5081148 0.8020852 -0.1715763 -0.5720323 0.8383541 0.2231395 -0.4973641 -0.7740143 -0.5158545 -0.3671458 -0.7545352 -0.5508002 -0.3567852 -0.7339358 -0.5962257 -0.3253509 0.8049354 -0.1736406 -0.5673869 -0.6099107 -0.5781996 -0.5419356 -0.6149278 -0.5696163 -0.5453451 0.8279057 0.2163625 -0.5174549 0.8245179 0.2247697 -0.5192773 0.7959303 -0.1640111 -0.5827481 -0.5947747 -0.5906071 -0.5453681 -0.01965522 -0.9998066 -6.95827e-4 -0.01971781 -0.9998054 -6.37785e-4 -0.01909887 -0.9998176 -3.63745e-5 -0.01910001 -0.9998176 -3.58636e-5 -0.01910108 -0.9998176 -3.48771e-5 -0.01910114 -0.9998176 -3.48118e-5 -4.47631e-4 0.9989081 -0.04671609 -0.7650077 -0.4012091 -0.5037805 -0.7738051 -0.4236255 -0.4709216 -0.7716354 -0.4180971 -0.4793471 -0.7650161 -0.4012323 -0.5037491 -1.94572e-5 1 7.00355e-7 0.6992374 -0.281147 0.657285 0.6992384 -0.2811477 0.6572836 0 -0.4181791 0.9083646 1.50636e-7 -0.4181785 0.908365 0 0 1 0 0 1 6.10617e-7 2.16242e-7 1 -0.7177926 -0.454131 -0.5277678 0.8283054 -0.1736338 -0.5326928 -0.7285688 -0.5305227 -0.4332819 -0.2417339 -0.3368679 -0.9099916 -0.2420525 -0.3364715 -0.9100536 -0.2419975 -0.3365395 -0.9100432 -0.2478947 -0.3475885 -0.9042845 -0.247862 -0.3476299 -0.9042776 -0.2471495 -0.3485296 -0.9041263 1.05012e-4 -0.9997715 0.0213744 -0.756959 -0.4085841 -0.5099726 -0.76271 -0.4225786 -0.4895926 -0.7647785 -0.4276125 -0.4819353 -0.7569507 -0.4085608 -0.5100039 4.61182e-5 -0.9999136 0.01314616 0 0.02948606 0.9995653 0 0.02948617 0.9995652 0 0.7185278 0.6954984 1.37637e-7 0.7185272 0.6954989 -0.005801498 -0.7802256 0.6254714 7.4504e-6 -1 3.08795e-4 0.9211581 -0.3891887 0 0.9211583 -0.3891882 9.69059e-7 0.9520696 -0.25647 0.1666936 -0.02040541 -0.8147896 0.5793977 -0.9701918 0.1477724 0.192071 0.01657283 0.5996149 0.8001171 9.94667e-4 0.9897497 0.14281 2.19247e-4 0.9871252 0.1599499 -0.9406475 0.3374176 0.03649479 -0.9757874 0.1353375 0.1718217 -9.92e-4 0.9897498 0.1428091 -0.01656848 0.5996156 0.8001167 0.9701926 0.1477693 0.1920692 0.9757869 0.1353359 0.1718255 0.9406478 0.3374162 0.03649842 -2.1784e-4 0.987125 0.1599506 0.02040636 -0.8147901 0.5793969 -0.9520692 -0.2564721 0.1666929 -0.9211575 -0.3891901 1.9555e-7 -0.9211575 -0.38919 3.586e-7 -6.04987e-6 -1 4.37925e-5 0.005802989 -0.7802255 0.6254715 -0.9438865 -0.2389245 0.2280202 0.0461629 -0.7735133 0.6320966 0.04591959 0.6260295 0.7784462 0.03626501 0.6472809 0.7613884 -0.9625604 0.1340221 0.2356172 -0.9364282 -0.2540296 0.2420151 -0.04591858 0.6260305 0.7784454 -0.04616183 -0.7735136 0.6320965 0.943887 -0.2389242 0.2280189 0.9364314 -0.2539919 0.2420426 0.9625612 0.1340233 0.2356134 -0.0362631 0.6472817 0.7613879 -0.8915439 -0.4524691 0.02052628 0.8706008 0.2345026 -0.4325075 -0.8915212 -0.4525128 0.02054721 -0.6992591 -0.3981741 -0.5937122 -0.7379598 -0.469505 -0.484748 -0.8710185 0.2338043 -0.4320445 -0.9973044 -0.00258398 -0.07333081 -0.9976302 6.69013e-5 -0.06880515 -0.9843264 0.1760762 -0.009943902 -0.9976618 -8.40128e-5 -0.06834459 -0.998321 -0.002012372 -0.05788922 5.23658e-7 0.03521537 0.9993798 -0.9843508 0.1761111 -0.006205022 -0.9985684 -0.001775681 -0.05346143 -0.9843528 0.1760478 -0.007542073 0.006925165 0.01775103 0.9998185 0.01546889 0.01508128 0.9997667 -0.9990959 -0.002322614 -0.04244995 -0.9990948 5.8281e-4 -0.04253661 0.8707569 0.2331854 -0.4329054 -0.8907467 -0.4537951 0.02530735 -0.8907354 -0.4538167 0.02531749 -0.7354415 -0.4638088 -0.4939708 -0.7050911 -0.4090337 -0.5792564 -0.8711639 0.232458 -0.4324775 -0.9953586 -0.005729019 0.09606534 0.5809023 4.14287e-5 0.8139734 0.5808996 0.002262651 0.8139721 0.5808848 0.005729138 0.8139657 -0.9953759 -4.12624e-5 0.09605729 -0.9953731 -0.002262115 0.09605854 0.4999858 -0.02560484 0.8656551 0.4999865 4.12543e-5 -0.8660333 0.4999867 0.01013803 -0.8659738 0.4999869 0.0256046 -0.8656545 0.4999854 -4.16278e-5 0.8660339 0.4999854 -0.01013821 0.8659744 0.5808847 -0.00572896 -0.8139658 -0.9953759 4.17478e-5 -0.09605735 -0.9953731 0.002262532 -0.09605854 -0.9953586 0.00572896 -0.09606552 0.5809023 -4.17254e-5 -0.8139733 0.5808997 -0.002262532 -0.813972 0.995373 -0.002262771 0.09605973 0.9953758 -4.13147e-5 0.09605848 -0.5808858 0.005729496 0.813965 -0.580899 0.002263188 0.8139725 -0.5809016 4.21042e-5 0.8139738 0.9953587 -0.005729317 0.09606474 -0.4999859 -0.01013803 0.8659742 -0.4999858 -5.3933e-4 0.8660335 -0.4999865 0.02508842 -0.8656698 -0.499985 0.01013869 -0.8659747 -0.4999851 5.39672e-4 -0.8660339 -0.4999873 -0.02508813 0.8656693 -0.5808997 -0.002262532 -0.813972 -0.5809023 -4.13714e-5 -0.8139733 0.9953586 0.005729138 -0.09606552 0.9953733 0.002262532 -0.09605783 0.9953759 2.90534e-4 -0.09605664 -0.5808841 -0.005729198 -0.8139662 -0.01789802 0.9327492 0.3600813 0.8053315 0.02977681 -0.5920765 0.9172922 -0.3961306 -0.04068744 0.9144666 -0.4045525 0.009401679 -0.006629824 0.9643598 0.2645117 -0.01101648 0.9036544 0.4281208 0.01101648 0.9036545 0.4281207 0.006629943 0.9643597 0.264512 -0.9144666 -0.4045524 0.009401261 -0.9172926 -0.39613 -0.04068738 -0.8053317 0.0297774 -0.5920763 0.01789879 0.932749 0.3600816 0.7964882 0.06593006 -0.601049 0 -0.3413439 -0.9399386 0 -0.3413378 -0.9399408 -0.7958841 0.06762373 -0.6016607 0.800122 0.05551302 -0.597263 -0.7596164 -0.6233655 0.1854681 0.7705621 0.002380371 -0.6373606 -0.00550431 0.9334884 0.3585656 -0.05127471 0.8701283 0.4901507 -0.6622998 -0.4602575 -0.5912039 -0.6623001 -0.4602572 -0.5912038 -0.5250728 -0.6108957 -0.5925411 -0.5249553 -0.6118251 -0.5916858 0.05127501 0.8701281 0.4901509 0.005512297 0.933484 0.3585767 -0.7705699 0.002389967 -0.637351 -0.6243675 -0.4864488 -0.6111733 0 -0.9999788 -0.006522417 -0.9130706 -0.4075849 -0.01329702 0.9162207 -0.3941107 -0.07222527 0.7875403 0.04010945 -0.6149565 0.7496992 0.05037701 -0.6598585 -0.7989907 0.0367403 -0.60022 -0.9152111 -0.4005672 -0.0439856 -0.01789778 0.9327492 0.3600815 0.8053317 0.02977627 -0.5920762 0.9172921 -0.396131 -0.04068696 0.9144665 -0.4045524 0.009402155 -0.006629884 0.9643598 0.2645118 -0.01101666 0.9036544 0.4281209 0.01101738 0.9036545 0.4281206 0.006631016 0.9643597 0.2645115 -0.914467 -0.4045515 0.009401857 -0.9172925 -0.39613 -0.04068744 -0.8053317 0.02977716 -0.5920762 0.01789855 0.9327493 0.3600813 0.7964887 0.06593137 -0.6010482 0 -0.3413419 -0.9399393 0 -0.3413411 -0.9399395 -0.7958836 0.06762146 -0.6016618 0.8001219 0.05551069 -0.5972635 -0.7596153 -0.6233671 0.1854676 0.7705616 0.002381503 -0.6373612 -0.005507051 0.9334883 0.3585658 -0.05127447 0.8701279 0.4901514 -0.6622999 -0.4602565 -0.5912046 -0.6622997 -0.4602565 -0.5912048 -0.5250731 -0.6108958 -0.5925409 -0.5249558 -0.6118251 -0.5916854 0.05127519 0.8701283 0.4901506 0.005510509 0.9334852 0.3585737 -0.7705678 0.00238794 -0.6373535 -0.6243657 -0.4864504 -0.6111738 0 -0.9999788 -0.006521165 -0.9130706 -0.4075847 -0.01329702 0.9162208 -0.3941105 -0.07222515 0.7875404 0.04010939 -0.6149564 0.7496992 0.05037707 -0.6598585 -0.7989906 0.03674048 -0.6002201 -0.915211 -0.4005674 -0.04398578 -0.01789629 0.9327494 0.360081 0.8053312 0.02977591 -0.5920769 0.9172915 -0.3961322 -0.04068815 0.9144661 -0.4045534 0.009402394 -0.006628811 0.9643597 0.2645118 -0.01106375 0.9036518 0.4281249 0.01101666 0.9036546 0.4281204 0.006630361 0.9643597 0.2645116 -0.9144667 -0.4045522 0.009401917 -0.9172921 -0.3961309 -0.04068744 -0.8053319 0.02977669 -0.592076 0.01789772 0.9327492 0.3600817 0.796489 0.06593275 -0.6010477 0 -0.3413403 -0.9399399 0 -0.3413406 -0.9399398 -0.7958839 0.06762176 -0.6016612 0.800122 0.05551123 -0.5972633 -0.7596175 -0.623369 0.1854523 0.7705706 0.002389907 -0.6373502 -0.005512714 0.9334841 0.3585765 -0.05127388 0.870128 0.4901511 -0.6623003 -0.4602559 -0.5912047 -0.6623003 -0.4602559 -0.5912047 -0.5250741 -0.6108954 -0.5925404 -0.5249549 -0.6118249 -0.5916863 0.05122834 0.8701853 0.4900544 0.005510687 0.933485 0.3585742 -0.7705684 0.002387642 -0.6373529 -0.624395 -0.4864126 -0.6111741 0 -0.9999788 -0.006521165 -0.9130703 -0.4075854 -0.01329666 0.9162204 -0.3941113 -0.07222515 0.7875407 0.04011046 -0.6149562 0.7496992 0.05037808 -0.6598584 -0.7989906 0.03674113 -0.6002201 -0.9152112 -0.4005669 -0.04398638 -0.01789522 0.9327495 0.3600808 0.8053312 0.02977538 -0.592077 0.9172911 -0.3961333 -0.04068851 0.9144661 -0.4045532 0.009402334 -0.006629049 0.9643598 0.2645118 -0.01101607 0.9036543 0.428121 0.01101762 0.9036543 0.4281208 0.00663048 0.9643597 0.2645121 -0.9144669 -0.4045518 0.009402573 -0.9172922 -0.3961308 -0.04068744 -0.8053318 0.02977681 -0.592076 0.0178979 0.9327492 0.3600818 0.7964895 0.06593292 -0.6010469 7.60888e-7 -0.34134 -0.93994 -0.7958834 0.0676217 -0.6016618 0.8001219 0.05551046 -0.5972633 -0.7596184 -0.6233679 0.1854522 0.7705707 0.002389729 -0.6373502 -0.005512535 0.933484 0.3585768 -0.0512731 0.870128 0.4901512 -0.6623006 -0.4602566 -0.5912038 -0.6623013 -0.460256 -0.5912034 -0.5250738 -0.6108955 -0.5925407 -0.5249554 -0.6118249 -0.591686 0.05094724 0.8705298 0.4894714 0.005508601 0.9334851 0.3585738 -0.7705684 0.002386748 -0.6373528 -0.6243934 -0.4864146 -0.6111742 0 -0.9999788 -0.006522417 -0.9130703 -0.4075854 -0.01329648 0.9162204 -0.3941115 -0.07222455 0.7875406 0.04011058 -0.6149561 0.7496992 0.05037808 -0.6598585 -0.7989906 0.03674113 -0.6002201 -0.01789754 0.9327492 0.3600813 0.8053315 0.02977627 -0.5920766 0.9172921 -0.396131 -0.04068756 0.9144667 -0.4045519 0.009402632 -0.006630063 0.9643595 0.2645124 -0.01101779 0.9036541 0.4281214 0.01101768 0.9036542 0.4281211 0.006630361 0.9643596 0.2645123 -0.9144667 -0.404552 0.009402573 -0.9172924 -0.3961303 -0.04068821 -0.8053311 0.0297774 -0.592077 0.01789826 0.9327495 0.3600805 0.7964894 0.0659331 -0.601047 0 -0.3413383 -0.9399406 0 -0.3413423 -0.9399391 -0.795884 0.06761896 -0.6016615 0.8001217 0.05551016 -0.5972637 -0.75962 -0.6233682 0.1854443 0.7705743 0.002393305 -0.6373457 -0.005514919 0.9334823 0.3585811 -0.05127328 0.8701286 0.4901504 -0.6623004 -0.4602566 -0.5912039 -0.6623014 -0.4602558 -0.5912034 -0.5250718 -0.6108967 -0.592541 -0.5249555 -0.6118252 -0.5916856 0.05122774 0.8701859 0.4900532 0.005515217 0.9334823 0.3585812 -0.7705743 0.002393305 -0.6373458 -0.6244004 -0.4864077 -0.6111723 0 -0.9999788 -0.006521165 -0.9130707 -0.4075845 -0.01329684 0.9162208 -0.3941103 -0.07222586 0.7875402 0.04010915 -0.6149567 0.749699 0.05037665 -0.6598589 -0.7989906 0.03674024 -0.6002203 -0.9152106 -0.4005684 -0.04398548 -0.01789754 0.9327492 0.3600813 0.8053316 0.02977621 -0.5920764 0.9172921 -0.3961312 -0.04068714 0.9144666 -0.4045522 0.009402513 -0.006629645 0.9643596 0.2645123 -0.01101768 0.9036542 0.4281213 0.01101791 0.9036542 0.428121 0.006630718 0.9643597 0.264512 -0.914467 -0.4045516 0.009402334 -0.9172921 -0.396131 -0.04068827 -0.8053311 0.02977657 -0.5920771 0.01789736 0.9327495 0.3600807 0.7964893 0.06593322 -0.6010471 0 -0.3413383 -0.9399406 0 -0.3413389 -0.9399403 -0.7958842 0.06762182 -0.6016607 0.8001219 0.05551236 -0.5972632 -0.7596201 -0.6233681 0.1854443 0.7705745 0.002393245 -0.6373456 -0.005515038 0.9334823 0.3585811 -0.05127376 0.8701284 0.4901506 -0.6620871 -0.4604054 -0.591327 -0.6623009 -0.4602552 -0.5912045 -0.525072 -0.6108966 -0.5925409 -0.5249556 -0.6118252 -0.5916854 0.05127465 0.8701281 0.490151 0.005515277 0.9334823 0.3585813 -0.7705743 0.002393603 -0.6373457 -0.6243716 -0.4864459 -0.6111714 0 -0.9999788 -0.006521165 -0.9130703 -0.4075856 -0.01329576 0.9162202 -0.3941119 -0.07222419 0.7875407 0.04010981 -0.6149561 0.7496994 0.05037587 -0.6598585 -0.7989907 0.03673994 -0.60022 -0.9152101 -0.4005693 -0.04398483 0.002074658 0.01607215 -0.9998687 0.002123773 0.01607424 -0.9998686 -0.002076983 0.01604813 0.9998692 -0.002124726 0.01604616 0.999869 0.9997964 0.02016901 5.8636e-4 -0.9997763 0.02114224 -6.36185e-4 -8.43508e-5 0.9999983 -0.00181967 0.9997965 0.02016818 5.60698e-4 -0.9997764 0.02114307 -6.09832e-4 -7.55127e-5 0.9999984 -0.001829862 0.04698121 -0.9988941 -0.001845836 0.005022823 -0.9999856 -0.001869678 0.005070567 -0.9999855 -0.001869618 0.1037879 -0.9945978 -0.00181359 0.1306559 -0.9914262 -0.001797854 0.005070149 -0.9999854 -0.001869618 0.7431857 -0.1348698 -0.6553513 0.9999762 0.006897985 1.75405e-4 -0.5984792 -0.1688953 -0.7831329 0.05470985 -0.3821576 0.9224763 -0.9971267 -0.0349453 0.06721085 0.2525564 -0.3694871 0.8942565 0.003714501 -0.999993 -4.27037e-4 -0.2405052 0.2459782 -0.9389633 -0.05720645 -0.9682725 -0.243261 0.07140535 -0.9691814 -0.2357728 0.2868741 0.07165724 -0.9552846 -0.2856736 0.1995121 0.9373289 -0.01200699 -0.1828377 0.9830698 0.01023417 -0.9926416 -0.1206565 -0.005223393 0.999377 0.03490453 0.0124107 -0.961052 -0.2760891 -0.005045592 0.999719 0.02316182 -0.01074063 -0.3043608 0.9524964 0.01200652 0.1828928 -0.9830595 0.005222558 -0.999379 -0.03484755 -0.01023346 0.9926479 0.1206046 -0.01241075 0.9610506 0.2760938 0.01074129 0.3043053 -0.9525141 0.005046427 -0.9997177 -0.02321785 -0.01200699 -0.1828377 0.9830698 0.01023423 -0.9926416 -0.1206565 -0.005223453 0.999377 0.03490453 0.0124107 -0.961052 -0.2760891 -0.005045592 0.999719 0.02316182 -0.01074069 -0.3043608 0.9524964 0.01200646 0.1828928 -0.9830595 0.005222558 -0.999379 -0.03484755 -0.01023346 0.9926479 0.1206046 -0.01241075 0.9610506 0.2760938 0.01074129 0.3043053 -0.9525141 0.005046427 -0.9997177 -0.02321785 0.7438151 -0.1346707 -0.6546778 0.2845627 -0.1976894 -0.9380527 0.9783431 0.04970717 0.2009328 -0.07802635 -0.3820757 0.9208312 0.9879119 0.06171303 -0.1422027 -0.9936845 0.03661155 -0.10607 -0.05742156 -0.9693163 -0.2390163 0.2450681 0.2044682 0.9476996 -0.240071 0.2438488 -0.9396296 1.16176e-4 -0.9999998 -5.8504e-4 0.008801758 -0.9996555 -0.02472746 0.2866239 0.04978048 -0.9567491</float_array>
          <technique_common>
            <accessor source="#feiting_Mesh_005-mesh-normals-array" count="1239" stride="3">
              <param name="X" type="float"/>
              <param name="Y" type="float"/>
              <param name="Z" type="float"/>
            </accessor>
          </technique_common>
        </source>
        <source id="feiting_Mesh_005-mesh-map-0">
          <float_array id="feiting_Mesh_005-mesh-map-0-array" count="2754">0.9698174 0.8663669 0.947579 0.8668097 0.9479144 0.8846734 0.9698174 0.8663669 0.9479144 0.8846734 0.9481834 0.8990043 0.9698174 0.8663669 0.9481834 0.8990043 0.9483096 0.9058036 0.9698174 0.8663669 0.9483096 0.9058036 0.9483096 0.9058036 0.9698232 0.8666624 0.9481636 0.9060876 0.9480676 0.8992878 0.9698232 0.8666624 0.9480676 0.8992878 0.9478526 0.8849557 0.9698232 0.8666624 0.9478526 0.8849557 0.9475845 0.8670907 0.9698232 0.8666624 0.9475845 0.8670907 0.9473165 0.8492259 0.9698232 0.8666624 0.9473165 0.8492259 0.9471014 0.8348938 0.9698232 0.8666624 0.9471014 0.8348938 0.946982 0.8269363 0.9698174 0.8663669 0.9468252 0.8266582 0.9468252 0.8266582 0.9698174 0.8663669 0.9468252 0.8266582 0.9469745 0.8346151 0.9698174 0.8663669 0.9469745 0.8346151 0.9472435 0.8489461 0.9698174 0.8663669 0.9472435 0.8489461 0.947579 0.8668097 0.947579 0.8668097 0.885268 0.8680503 0.8859021 0.9018213 0.947579 0.8668097 0.8859021 0.9018213 0.9479144 0.8846734 0.9479144 0.8846734 0.8859021 0.9018213 0.8864119 0.9289763 0.9479144 0.8846734 0.8864119 0.9289763 0.9481834 0.8990043 0.9481834 0.8990043 0.8864119 0.9289763 0.8866724 0.9429388 0.9481834 0.8990043 0.8866724 0.9429388 0.9483096 0.9058036 0.9482453 0.9042966 0.8864169 0.9380978 0.8862569 0.9326769 0.9482453 0.9042966 0.8862569 0.9326769 0.948154 0.9023097 0.9481636 0.9060876 0.8863907 0.943185 0.8861871 0.9292212 0.9481636 0.9060876 0.8861871 0.9292212 0.9480676 0.8992878 0.9480676 0.8992878 0.8861871 0.9292212 0.8857796 0.9020642 0.9480676 0.8992878 0.8857796 0.9020642 0.9478526 0.8849557 0.9478526 0.8849557 0.8857796 0.9020642 0.8852728 0.8682907 0.9478526 0.8849557 0.8852728 0.8682907 0.9475845 0.8670907 0.9475845 0.8670907 0.8852728 0.8682907 0.884766 0.8345174 0.9475845 0.8670907 0.884766 0.8345174 0.9473165 0.8492259 0.9473165 0.8492259 0.884766 0.8345174 0.8843585 0.8073603 0.9473165 0.8492259 0.8843585 0.8073603 0.9471014 0.8348938 0.9471014 0.8348938 0.8843585 0.8073603 0.8841317 0.7922388 0.9471014 0.8348938 0.8841317 0.7922388 0.946982 0.8269363 0.9468252 0.8266582 0.8838402 0.7920039 0.8838402 0.7920039 0.946982 0.8269363 0.8841317 0.7922388 0.946982 0.8269363 0.9468252 0.8266582 0.8838402 0.7920039 0.8841241 0.8071243 0.9468252 0.8266582 0.8841241 0.8071243 0.9469745 0.8346151 0.9469745 0.8346151 0.8841241 0.8071243 0.8846339 0.8342794 0.9469745 0.8346151 0.8846339 0.8342794 0.9472435 0.8489461 0.9472435 0.8489461 0.8846339 0.8342794 0.885268 0.8680503 0.9472435 0.8489461 0.885268 0.8680503 0.947579 0.8668097 0.885268 0.8680503 0.7952261 0.8698431 0.7960737 0.9149937 0.885268 0.8680503 0.7960737 0.9149937 0.8859021 0.9018213 0.8859021 0.9018213 0.7960737 0.9149937 0.796755 0.9512801 0.8859021 0.9018213 0.796755 0.9512801 0.8864119 0.9289763 0.8864119 0.9289763 0.796755 0.9512801 0.7971108 0.9703139 0.8864119 0.9289763 0.7971108 0.9703139 0.8866724 0.9429388 0.8864169 0.9380978 0.7968826 0.9667851 0.7966057 0.9542113 0.8864169 0.9380978 0.7966057 0.9542113 0.8862569 0.9326769 0.8863907 0.943185 0.7967317 0.9705032 0.7964519 0.9514678 0.8863907 0.943185 0.7964519 0.9514678 0.8861871 0.9292212 0.8861871 0.9292212 0.7964519 0.9514678 0.7959074 0.9151788 0.8861871 0.9292212 0.7959074 0.9151788 0.8857796 0.9020642 0.8857796 0.9020642 0.7959074 0.9151788 0.7952298 0.8700248 0.8857796 0.9020642 0.7952298 0.8700248 0.8852728 0.8682907 0.8852728 0.8682907 0.7952298 0.8700248 0.7945523 0.8248709 0.8852728 0.8682907 0.7945523 0.8248709 0.884766 0.8345174 0.884766 0.8345174 0.7945523 0.8248709 0.7940078 0.7885819 0.884766 0.8345174 0.7940078 0.7885819 0.8843585 0.8073603 0.8843585 0.8073603 0.7940078 0.7885819 0.793595 0.7610649 0.8843585 0.8073603 0.793595 0.7610649 0.8841317 0.7922388 0.8838402 0.7920039 0.7931805 0.7608911 0.7931805 0.7608911 0.8838402 0.7920039 0.7931805 0.7608911 0.8838402 0.7920039 0.8838402 0.7920039 0.7931805 0.7608911 0.793697 0.7884061 0.8838402 0.7920039 0.793697 0.7884061 0.8841241 0.8071243 0.8841241 0.8071243 0.793697 0.7884061 0.7943784 0.8246924 0.8841241 0.8071243 0.7943784 0.8246924 0.8846339 0.8342794 0.8846339 0.8342794 0.7943784 0.8246924 0.7952261 0.8698431 0.8846339 0.8342794 0.7952261 0.8698431 0.885268 0.8680503 0.7952261 0.8698431 0.6952871 0.8718329 0.6961994 0.9204296 0.7952261 0.8698431 0.6961994 0.9204296 0.7960737 0.9149937 0.7960737 0.9149937 0.6961994 0.9204296 0.6969298 0.9593227 0.7960737 0.9149937 0.6969298 0.9593227 0.796755 0.9512801 0.796755 0.9512801 0.6969298 0.9593227 0.6973106 0.979695 0.796755 0.9512801 0.6973106 0.979695 0.7971108 0.9703139 0.7968826 0.9667851 0.6969019 0.9749932 0.6966211 0.9628152 0.7968826 0.9667851 0.6966211 0.9628152 0.7966057 0.9542113 0.7967317 0.9705032 0.6969023 0.9798197 0.6966027 0.9594459 0.7967317 0.9705032 0.6966027 0.9594459 0.7964519 0.9514678 0.7964519 0.9514678 0.6966027 0.9594459 0.6960189 0.9205498 0.7964519 0.9514678 0.6960189 0.9205498 0.7959074 0.9151788 0.7959074 0.9151788 0.6960189 0.9205498 0.6952897 0.8719496 0.7959074 0.9151788 0.6952897 0.8719496 0.7952298 0.8700248 0.7952298 0.8700248 0.6952897 0.8719496 0.6945605 0.8233492 0.7952298 0.8700248 0.6945605 0.8233492 0.7945523 0.8248709 0.7945523 0.8248709 0.6945605 0.8233492 0.6939769 0.7844532 0.7945523 0.8248709 0.6939769 0.7844532 0.7940078 0.7885819 0.7940078 0.7885819 0.6939769 0.7844532 0.6936538 0.7629217 0.7940078 0.7885819 0.6936538 0.7629217 0.793595 0.7610649 0.7931805 0.7608911 0.6932402 0.7628131 0.6936444 0.7843429 0.7931805 0.7608911 0.6936444 0.7843429 0.793697 0.7884061 0.793697 0.7884061 0.6936444 0.7843429 0.6943746 0.8232361 0.793697 0.7884061 0.6943746 0.8232361 0.7943784 0.8246924 0.7943784 0.8246924 0.6943746 0.8232361 0.6952871 0.8718329 0.7943784 0.8246924 0.6952871 0.8718329 0.7952261 0.8698431 0.6952871 0.8718329 0.6052451 0.8736255 0.6060225 0.9150342 0.6952871 0.8718329 0.6060225 0.9150342 0.6961994 0.9204296 0.6961994 0.9204296 0.6060225 0.9150342 0.6066446 0.9481685 0.6961994 0.9204296 0.6066446 0.9481685 0.6969298 0.9593227 0.6969298 0.9593227 0.6066446 0.9481685 0.6069656 0.9653485 0.6969298 0.9593227 0.6069656 0.9653485 0.6973106 0.979695 0.6969019 0.9749932 0.606714 0.9605704 0.6062933 0.9507381 0.6969019 0.9749932 0.6062933 0.9507381 0.6966211 0.9628152 0.6969023 0.9798197 0.6066173 0.9654134 0.6063654 0.9482321 0.6969023 0.9798197 0.6063654 0.9482321 0.6966027 0.9594459 0.6966027 0.9594459 0.6063654 0.9482321 0.6058682 0.9150952 0.6966027 0.9594459 0.6058682 0.9150952 0.6960189 0.9205498 0.6960189 0.9205498 0.6058682 0.9150952 0.6052468 0.8736836 0.6960189 0.9205498 0.6052468 0.8736836 0.6952897 0.8719496 0.6952897 0.8719496 0.6052468 0.8736836 0.6046254 0.8322721 0.6952897 0.8719496 0.6046254 0.8322721 0.6945605 0.8233492 0.6945605 0.8233492 0.6046254 0.8322721 0.6041281 0.7991352 0.6945605 0.8233492 0.6041281 0.7991352 0.6939769 0.7844532 0.6939769 0.7844532 0.6041281 0.7991352 0.6038531 0.7807961 0.6939769 0.7844532 0.6038531 0.7807961 0.6936538 0.7629217 0.6932401 0.7628131 0.6035011 0.7807449 0.6035011 0.7807449 0.6932401 0.7628131 0.6035011 0.7807449 0.6932402 0.7628131 0.6932402 0.7628131 0.6035011 0.7807449 0.6038454 0.7990828 0.6932402 0.7628131 0.6038454 0.7990828 0.6936444 0.7843429 0.6936444 0.7843429 0.6038454 0.7990828 0.6044676 0.832217 0.6936444 0.7843429 0.6044676 0.832217 0.6943746 0.8232361 0.6943746 0.8232361 0.6044676 0.832217 0.6052451 0.8736255 0.6943746 0.8232361 0.6052451 0.8736255 0.6952871 0.8718329 0.8832324 0.8667943 0.8209213 0.8680348 0.8213693 0.8918928 0.8832324 0.8667943 0.8213693 0.8918928 0.8840098 0.9082029 0.8840098 0.9082029 0.8213693 0.8918928 0.8217283 0.9110198 0.8840098 0.9082029 0.8217283 0.9110198 0.8846319 0.9413372 0.8846319 0.9413372 0.8217283 0.9110198 0.8219043 0.9204729 0.8846319 0.9413372 0.8219043 0.9204729 0.8849529 0.9585173 0.8847013 0.9537392 0.8217667 0.9172664 0.821664 0.9121649 0.8847013 0.9537392 0.821664 0.9121649 0.8842806 0.9439069 0.8846045 0.9585822 0.8217034 0.9204944 0.8215674 0.9110404 0.8846045 0.9585822 0.8215674 0.9110404 0.8843526 0.9414008 0.8843526 0.9414008 0.8215674 0.9110404 0.8212805 0.891912 0.8843526 0.9414008 0.8212805 0.891912 0.8838555 0.9082641 0.8838555 0.9082641 0.8212805 0.891912 0.8209224 0.8680525 0.8838555 0.9082641 0.8209224 0.8680525 0.8832341 0.8668524 0.8832341 0.8668524 0.8209224 0.8680525 0.8205644 0.8441928 0.8832341 0.8668524 0.8205644 0.8441928 0.8826127 0.8254408 0.8826127 0.8254408 0.8205644 0.8441928 0.8202773 0.8250643 0.8826127 0.8254408 0.8202773 0.8250643 0.8821154 0.792304 0.8821154 0.792304 0.8202773 0.8250643 0.8201182 0.8144527 0.8821154 0.792304 0.8201182 0.8144527 0.8818404 0.7739649 0.8814884 0.7739136 0.8199151 0.8144392 0.8199151 0.8144392 0.8814884 0.7739136 0.8199151 0.8144392 0.8814884 0.7739136 0.8814884 0.7739136 0.8199151 0.8144392 0.8201143 0.82505 0.8814884 0.7739136 0.8201143 0.82505 0.8818327 0.7922516 0.8818327 0.7922516 0.8201143 0.82505 0.8204733 0.844177 0.8818327 0.7922516 0.8204733 0.844177 0.8824549 0.8253858 0.8824549 0.8253858 0.8204733 0.844177 0.8209213 0.8680348 0.8824549 0.8253858 0.8209213 0.8680348 0.8832324 0.8667943 0.8088949 0.8682743 0.8213693 0.8918928 0.8209213 0.8680348 0.8088949 0.8682743 0.8217283 0.9110198 0.8213693 0.8918928 0.8088949 0.8682743 0.8219043 0.9204729 0.8217283 0.9110198 0.8151006 0.868375 0.8176082 0.9203872 0.8201277 0.9203572 0.8088958 0.868284 0.8215674 0.9110404 0.8217034 0.9204944 0.8088958 0.868284 0.8212805 0.891912 0.8215674 0.9110404 0.8088958 0.868284 0.8209224 0.8680525 0.8212805 0.891912 0.8088958 0.868284 0.8205644 0.8441928 0.8209224 0.8680525 0.8088958 0.868284 0.8202773 0.8250643 0.8205644 0.8441928 0.8088958 0.868284 0.8201182 0.8144527 0.8202773 0.8250643 0.8088958 0.868284 0.8201182 0.8144527 0.8201182 0.8144527 0.8088949 0.8682743 0.8201143 0.82505 0.8199151 0.8144392 0.8088949 0.8682743 0.8204733 0.844177 0.8201143 0.82505 0.8088949 0.8682743 0.8209213 0.8680348 0.8204733 0.844177 0.8571816 0.5763827 0.767894 0.5781816 0.7435382 0.5269102 0.7435382 0.5269102 0.8794527 0.524172 0.8571816 0.5763827 0.4277704 0.5835314 0.7072477 0.5776797 0.7355365 0.5262455 0.7355365 0.5262455 0.3916689 0.5333945 0.4277704 0.5835314 0.8571549 0.5763832 0.7678673 0.5781821 0.7435114 0.5269108 0.7435114 0.5269108 0.879426 0.5241725 0.8571549 0.5763832 0.7072482 0.5776792 0.4277712 0.5835309 0.3916697 0.533394 0.3916697 0.533394 0.7355372 0.5262449 0.7072482 0.5776792 0.01097786 0.03190231 0.02142506 0.2911986 0.08822911 0.2894271 0.08822911 0.2894271 0.07778161 0.03012192 0.01097786 0.03190231 0.02461498 0.3997173 0.02059817 0.2972281 0.0885809 0.2954134 0.0885809 0.2954134 0.09259772 0.3979027 0.02461498 0.3997173 0.02142578 0.2911991 0.01097851 0.0319029 0.07778215 0.03012251 0.07778215 0.03012251 0.08822989 0.2894274 0.02142578 0.2911991 0.02461582 0.3997374 0.02059894 0.2972481 0.08858168 0.2954336 0.08858168 0.2954336 0.09259855 0.3979228 0.02461582 0.3997374 0.5066882 0.4335402 0.5066882 0.4335402 0.4838553 0.4055373 0.5066882 0.4335402 0.4838553 0.4055373 0.5169963 0.4415832 0.5066579 0.5651466 0.5066579 0.5651466 0.5169697 0.5571084 0.5066579 0.5651466 0.5169697 0.5571084 0.483812 0.5931391 0.02839964 0.7984843 0.04553067 0.7876424 0.02128833 0.7881308 0.02839964 0.7984843 0.02128833 0.7881308 0.02839964 0.7984843 0.02839964 0.7984843 0.02839964 0.7984843 0.02128833 0.7881308 0.02839964 0.7984843 0.02128833 0.7881308 0.04553067 0.7876424 0.5234018 0.5642304 0.5185824 0.5566197 0.5189986 0.4481628 0.5234018 0.5642304 0.5189986 0.4481628 0.5238759 0.4406763 0.2751864 0.7935966 0.02839964 0.7984843 0.04553067 0.7876424 0.2751864 0.7935966 0.04553067 0.7876424 0.2582709 0.7833563 0.5066882 0.4335402 0.5169963 0.4415832 0.5169697 0.5571084 0.5066882 0.4335402 0.5169697 0.5571084 0.5066579 0.5651466 0.2751864 0.7935966 0.2582709 0.7833563 0.04553067 0.7876424 0.2751864 0.7935966 0.04553067 0.7876424 0.02839964 0.7984843 0.3075618 0.8972398 0.3087678 0.9571002 0.1827135 0.9596397 0.3075618 0.8972398 0.1827135 0.9596397 0.1815074 0.8997793 0.3089257 0.966362 0.3089841 0.9692585 0.1829297 0.9717981 0.3089257 0.966362 0.1829297 0.9717981 0.1828714 0.9689016 0.3075622 0.897242 0.3087682 0.9571022 0.1827139 0.9596418 0.3075622 0.897242 0.1827139 0.9596418 0.1815079 0.8997816 0.3075624 0.897242 0.3087684 0.9571024 0.182714 0.9596419 0.3075624 0.897242 0.182714 0.9596419 0.181508 0.8997816 0.3089257 0.966362 0.3089841 0.9692585 0.1829298 0.9717981 0.3089257 0.966362 0.1829298 0.9717981 0.1828714 0.9689016 0.3075616 0.8972397 0.3087676 0.9571 0.1827133 0.9596396 0.3075616 0.8972397 0.1827133 0.9596396 0.1815072 0.8997793 0.3075625 0.897242 0.3087685 0.9571024 0.1827141 0.9596419 0.3075625 0.897242 0.1827141 0.9596419 0.1815081 0.8997816 0.3089251 0.9663597 0.3089835 0.9692561 0.1829291 0.9717957 0.3089251 0.9663597 0.1829291 0.9717957 0.1828708 0.9688993 0.3075616 0.8972397 0.3087676 0.9571 0.1827132 0.9596396 0.3075616 0.8972397 0.1827132 0.9596396 0.1815072 0.8997793 0.2023704 0.8105566 0.1752694 0.8107202 0.1749247 0.7536508 0.2023704 0.8105566 0.1749247 0.7536508 0.2020257 0.7534871 0.3089251 0.9663597 0.3089835 0.9692561 0.1829291 0.9717957 0.3089251 0.9663597 0.1829291 0.9717957 0.1828708 0.9688993 0.2023693 0.8105567 0.1752684 0.8107203 0.1749237 0.7536509 0.2023693 0.8105567 0.1749237 0.7536509 0.2020247 0.7534872 0.171097 0.9110112 0.1111799 0.9092692 0.1710413 0.9081147 0.1112358 0.9121657 0.1111799 0.9092692 0.171097 0.9110112 0.04842203 0.9104796 0.1083392 0.9122216 0.04847794 0.913376 0.1082833 0.909325 0.1083392 0.9122216 0.04842203 0.9104796 0.1100254 0.8494079 0.1082833 0.909325 0.1071289 0.8494637 0.1111799 0.9092692 0.1082833 0.909325 0.1100254 0.8494079 0.1111799 0.9092692 0.1083392 0.9122216 0.1082833 0.909325 0.1112358 0.9121657 0.1083392 0.9122216 0.1111799 0.9092692 0.1112358 0.9121657 0.1094937 0.972083 0.1083392 0.9122216 0.1123902 0.9720271 0.1094937 0.972083 0.1112358 0.9121657 0.04847067 0.9133788 0.04841476 0.9104824 0.1082761 0.9093281 0.1083319 0.9122245 0.04847067 0.9133788 0.1082761 0.9093281 0.1710339 0.9081177 0.1710898 0.911014 0.1112285 0.9121686 0.1111726 0.909272 0.1710339 0.9081177 0.1112285 0.9121686 0.1071217 0.8494667 0.1100181 0.8494107 0.1111726 0.909272 0.1082761 0.9093281 0.1071217 0.8494667 0.1111726 0.909272 0.1082761 0.9093281 0.1111726 0.909272 0.1112285 0.9121686 0.1083319 0.9122245 0.1082761 0.9093281 0.1112285 0.9121686 0.1083319 0.9122245 0.1112285 0.9121686 0.112383 0.9720301 0.1094865 0.9720858 0.1083319 0.9122245 0.112383 0.9720301 -0.009806215 0.01014047 -0.009806215 0.01014047 -0.009806215 0.01014047 -0.009806215 0.01014047 -0.009806215 0.01014047 -0.009806215 0.01014047 -0.009806215 0.01014047 -0.009806215 0.01014047 -0.009806215 0.01014047 -0.009806215 0.01014047 -0.009806215 0.01014047 -0.009806215 0.01014047 -0.009806215 0.01014047 -0.009806215 0.01014047 -0.009806215 0.01014047 -0.009806215 0.01014047 -0.009806215 0.01014047 -0.009806215 0.01014047 -0.009806215 0.01014047 -0.009806215 0.01014047 -0.009806215 0.01014047 -0.009806215 0.01014047 -0.009806215 0.01014047 -0.009806215 0.01014047 -0.009806215 0.01014047 -0.009806215 0.01014047 -0.009806215 0.01014047 0.5200294 0.5920091 0.483812 0.5931391 0.5169697 0.5571084 0.5169963 0.4415832 0.5200723 0.4066837 0.669217 0.4536772 0.5169963 0.4415832 0.669217 0.4536772 0.669196 0.5450841 0.669196 0.5450841 0.5200294 0.5920091 0.5169697 0.5571084 0.5169963 0.4415832 0.669196 0.5450841 0.5169697 0.5571084 -0.009806215 0.01014047 -0.009806215 0.01014047 -0.009806215 0.01014047 -0.009806215 0.01014047 -0.009806215 0.01014047 -0.009806215 0.01014047 -0.009806215 0.01014047 -0.009806215 0.01014047 -0.009806215 0.01014047 -0.009806215 0.01014047 -0.009806215 0.01014047 -0.009806215 0.01014047 -0.009806215 0.01014047 -0.009806215 0.01014047 -0.009806215 0.01014047 -0.009806215 0.01014047 -0.009806215 0.01014047 -0.009806215 0.01014047 0.3149189 0.115473 0.1693392 0.06388396 0.13505 0.1763904 0.3149189 0.115473 0.3603989 0.1718504 0.7671746 0.1636552 0.7671746 0.1636552 0.8175502 0.1053465 0.3149189 0.115473 0.1693392 0.06388396 0.3149189 0.115473 0.8175502 0.1053465 0.8175502 0.1053465 0.9389983 0.04803097 0.1693392 0.06388396 0.8423063 0.6671889 0.8429275 0.6358779 0.8425336 0.6317788 0.8425336 0.6317788 0.8417502 0.6712691 0.8423063 0.6671889 0.7329059 0.6336954 0.8429275 0.6358779 0.8423063 0.6671889 0.8423063 0.6671889 0.7322847 0.6650064 0.7329059 0.6336954 -0.009806215 0.01014047 -0.009806215 0.01014047 -0.009806215 0.01014047 -0.009806215 0.01014047 -0.009806215 0.01014047 -0.009806215 0.01014047 -0.009806215 0.01014047 -0.009806215 0.01014047 -0.009806215 0.01014047 0.13505 0.1763904 0.3603989 0.1718504 0.3149189 0.115473 0.8417502 0.6712691 0.6760433 0.6679819 0.7322847 0.6650064 0.7322847 0.6650064 0.8423063 0.6671889 0.8417502 0.6712691 0.6768266 0.6284916 0.6760433 0.6679819 0.8417502 0.6712691 0.8417502 0.6712691 0.8425336 0.6317788 0.6768266 0.6284916 -0.009806215 0.01014047 -0.009806215 0.01014047 -0.009806215 0.01014047 -0.009806215 0.01014047 -0.009806215 0.01014047 -0.009806215 0.01014047 -0.009806215 0.01014047 -0.009806215 0.01014047 -0.009806215 0.01014047 -0.009806215 0.01014047 -0.009806215 0.01014047 -0.009806215 0.01014047 -0.009806215 0.01014047 -0.009806215 0.01014047 -0.009806215 0.01014047 -0.009806215 0.01014047 -0.009806215 0.01014047 -0.009806215 0.01014047 -0.009806215 0.01014047 -0.009806215 0.01014047 -0.009806215 0.01014047 -0.009806215 0.01014047 -0.009806215 0.01014047 -0.009806215 0.01014047 -0.009806215 0.01014047 -0.009806215 0.01014047 -0.009806215 0.01014047 0.5200723 0.4066837 0.5169963 0.4415832 0.4838553 0.4055373 -0.009806215 0.01014047 -0.009806215 0.01014047 -0.009806215 0.01014047 -0.009806215 0.01014047 -0.009806215 0.01014047 -0.009806215 0.01014047 -0.009806215 0.01014047 -0.009806215 0.01014047 -0.009806215 0.01014047 -0.009806215 0.01014047 -0.009806215 0.01014047 -0.009806215 0.01014047 -0.009806215 0.01014047 -0.009806215 0.01014047 -0.009806215 0.01014047 -0.009806215 0.01014047 -0.009806215 0.01014047 -0.009806215 0.01014047 0.3149191 0.115473 0.13505 0.1763904 0.1693392 0.06388396 0.3149191 0.115473 0.8175502 0.1053465 0.7671548 0.1626672 0.7671548 0.1626672 0.360379 0.1708624 0.3149191 0.115473 0.1693392 0.06388396 0.9389983 0.04803097 0.8175502 0.1053465 0.8175502 0.1053465 0.3149191 0.115473 0.1693392 0.06388396 0.8423063 0.6671889 0.8417502 0.6712691 0.8425336 0.6317788 0.8425336 0.6317788 0.8429275 0.6358779 0.8423063 0.6671889 0.7329059 0.6336954 0.7322847 0.6650064 0.8423063 0.6671889 0.8423063 0.6671889 0.8429275 0.6358779 0.7329059 0.6336954 -0.009806215 0.01014047 -0.009806215 0.01014047 -0.009806215 0.01014047 -0.009806215 0.01014047 -0.009806215 0.01014047 -0.009806215 0.01014047 0.755605 0.6222866 0.7713497 0.6345226 0.7704405 0.666054 0.7704405 0.666054 0.7540168 0.6773623 0.755605 0.6222866 0.3986269 0.5008521 0.518844 0.4143259 0.5189986 0.4481628 0.3986269 0.5008521 0.5189986 0.4481628 0.5185824 0.5566197 0.3986269 0.5008521 0.5185824 0.5566197 0.5181681 0.5904492 0.13505 0.1763904 0.3149191 0.115473 0.360379 0.1708624 0.8417502 0.6712691 0.8423063 0.6671889 0.7322847 0.6650064 0.7322847 0.6650064 0.6760433 0.6679819 0.8417502 0.6712691 0.6768266 0.6284916 0.8425336 0.6317788 0.8417502 0.6712691 0.8417502 0.6712691 0.6760433 0.6679819 0.6768266 0.6284916 0.7713497 0.6345226 0.8037363 0.6447044 0.8033601 0.6577553 0.8033601 0.6577553 0.7704405 0.666054 0.7713497 0.6345226 0.8033601 0.6577553 0.8037363 0.6447044 0.8166695 0.6369833 0.8166695 0.6369833 0.8158268 0.6662086 0.8033601 0.6577553 -0.009806215 0.01014047 -0.009806215 0.01014047 -0.009806215 0.01014047 -0.009806215 0.01014047 -0.009806215 0.01014047 -0.009806215 0.01014047 -0.009806215 0.01014047 -0.009806215 0.01014047 -0.009806215 0.01014047 -0.009806215 0.01014047 -0.009806215 0.01014047 -0.009806215 0.01014047 -0.009806215 0.01014047 -0.009806215 0.01014047 -0.009806215 0.01014047 -0.009806215 0.01014047 -0.009806215 0.01014047 -0.009806215 0.01014047 -0.009806215 0.01014047 -0.009806215 0.01014047 -0.009806215 0.01014047 -0.009806215 0.01014047 -0.009806215 0.01014047 -0.009806215 0.01014047 -0.009806215 0.01014047 -0.009806215 0.01014047 -0.009806215 0.01014047 -0.009806215 0.01014047 -0.009806215 0.01014047 -0.009806215 0.01014047 -0.009806215 0.01014047 -0.009806215 0.01014047 -0.009806215 0.01014047 -0.009806215 0.01014047 -0.009806215 0.01014047 -0.009806215 0.01014047 0.7671548 0.1626672 0.8175502 0.1053465 0.9462985 0.1607666 0.7671746 0.1636552 0.9462985 0.1607666 0.8175502 0.1053465 0.9800392 0.04556918 0.9434832 0.04794061 0.9507837 0.1606762 0.9507837 0.1606762 0.9873394 0.1583048 0.9800392 0.04556918 -0.009806215 0.01014047 -0.009806215 0.01014047 -0.009806215 0.01014047 0.9800392 0.04556918 0.9873394 0.1583048 0.9507837 0.1606762 0.9507837 0.1606762 0.9434832 0.04794061 0.9800392 0.04556918 0.8175502 0.1053465 0.9389983 0.04803097 0.9462985 0.1607666 0.9462985 0.1607666 0.9389983 0.04803097 0.8175502 0.1053465 0.8555362 0.1233901 0.8556513 0.1291016 0.9066701 0.1280738 0.9066701 0.1280738 0.906555 0.1223623 0.8555362 0.1233901 0.8556513 0.1291016 0.8554211 0.1176787 0.9064399 0.1166508 0.9064399 0.1166508 0.9066701 0.1280738 0.8556513 0.1291016 0.8554211 0.1176787 0.8555362 0.1233901 0.906555 0.1223623 0.906555 0.1223623 0.9064399 0.1166508 0.8554211 0.1176787 0.8555362 0.1233901 0.906555 0.1223623 0.9066701 0.1280738 0.9066701 0.1280738 0.8556513 0.1291016 0.8555362 0.1233901 0.8556513 0.1291016 0.9066701 0.1280738 0.9064399 0.1166508 0.9064399 0.1166508 0.8554211 0.1176787 0.8556513 0.1291016 0.8554211 0.1176787 0.9064399 0.1166508 0.906555 0.1223623 0.906555 0.1223623 0.8555362 0.1233901 0.8554211 0.1176787 0.9913045 0.5665286 0.9772837 0.5603927 0.9808997 0.5377423 0.9808997 0.5377423 0.9973141 0.5374115 0.9913045 0.5665286 0.9913045 0.5665286 0.9973141 0.5374115 0.9808997 0.5377423 0.9808997 0.5377423 0.9772837 0.5603927 0.9913045 0.5665286 0.9772837 0.5603927 0.9699141 0.5639668 0.9699141 0.5639668 0.9699141 0.5639668 0.9772837 0.5603927 0.9772837 0.5603927 0.9699141 0.5639668 0.9772837 0.5603927 0.9913045 0.5665286 0.9913045 0.5665286 0.9702767 0.5881331 0.9699141 0.5639668 0.9699141 0.5639668 0.9702767 0.5881331 0.9913045 0.5665286 0.9913045 0.5665286 0.9772837 0.5603927 0.9699141 0.5639668 0.9699141 0.5639668 0.9699141 0.5639668 0.9702767 0.5881331 0.9808997 0.5377423 0.9808997 0.5377423 0.9772837 0.5603927 0.9772837 0.5603927 0.9772837 0.5603927 0.9808997 0.5377423 0.9913045 0.5665284 0.9772837 0.5603927 0.9808997 0.5377423 0.9808997 0.5377423 0.9973141 0.5374115 0.9913045 0.5665284 0.9913045 0.5665284 0.9973141 0.5374115 0.9808997 0.5377423 0.9808997 0.5377423 0.9772837 0.5603927 0.9913045 0.5665284 0.9772837 0.5603927 0.9699141 0.5639668 0.9699141 0.5639668 0.9699141 0.5639668 0.9772837 0.5603927 0.9772837 0.5603927 0.9699141 0.5639668 0.9772837 0.5603927 0.9913045 0.5665284 0.9913045 0.5665284 0.9702767 0.5881331 0.9699141 0.5639668 0.9699141 0.5639668 0.9702767 0.5881331 0.9913045 0.5665284 0.9913045 0.5665284 0.9772837 0.5603927 0.9699141 0.5639668 0.9699141 0.5639668 0.9699141 0.5639668 0.9702767 0.5881331 0.9808997 0.5377423 0.9808997 0.5377423 0.9772837 0.5603927 0.9772837 0.5603927 0.9772837 0.5603927 0.9808997 0.5377423 0.9915307 0.5662733 0.9775101 0.5601373 0.9811258 0.537487 0.9811258 0.537487 0.9975405 0.5371563 0.9915307 0.5662733 0.9915307 0.5662733 0.9975405 0.5371563 0.9811258 0.537487 0.9811258 0.537487 0.9775101 0.5601373 0.9915307 0.5662733 0.9775101 0.5601373 0.9701406 0.5637115 0.9701406 0.5637115 0.9701406 0.5637115 0.9775101 0.5601373 0.9775101 0.5601373 0.9701406 0.5637115 0.9775101 0.5601373 0.9915307 0.5662733 0.9915307 0.5662733 0.9705027 0.5878778 0.9701406 0.5637115 0.9701406 0.5637115 0.9705027 0.5878778 0.9915307 0.5662733 0.9915307 0.5662733 0.9775101 0.5601373 0.9701406 0.5637115 0.9701406 0.5637115 0.9701406 0.5637115 0.9705027 0.5878778 0.9811258 0.537487 0.9811258 0.537487 0.9775101 0.5601373 0.9775101 0.5601373 0.9775101 0.5601373 0.9811258 0.537487 0.9915307 0.5662733 0.9775101 0.5601373 0.9811258 0.537487 0.9811258 0.537487 0.9975405 0.5371563 0.9915307 0.5662733 0.9915307 0.5662733 0.9975405 0.5371563 0.9811258 0.537487 0.9811258 0.537487 0.9775101 0.5601373 0.9915307 0.5662733 0.9775101 0.5601373 0.9701406 0.5637115 0.9701406 0.5637115 0.9701406 0.5637115 0.9775101 0.5601373 0.9775101 0.5601373 0.9701406 0.5637115 0.9775101 0.5601373 0.9915307 0.5662733 0.9915307 0.5662733 0.9705027 0.5878778 0.9701406 0.5637115 0.9701406 0.5637115 0.9705027 0.5878778 0.9915307 0.5662733 0.9915307 0.5662733 0.9775101 0.5601373 0.9701406 0.5637115 0.9701406 0.5637115 0.9701406 0.5637115 0.9705027 0.5878778 0.9811258 0.537487 0.9811258 0.537487 0.9775101 0.5601373 0.9775101 0.5601373 0.9775101 0.5601373 0.9811258 0.537487 0.9919475 0.5658004 0.977927 0.5596644 0.9815428 0.5370141 0.9815428 0.5370141 0.9979574 0.5366833 0.9919475 0.5658004 0.9919475 0.5658004 0.9979574 0.5366833 0.9815428 0.5370141 0.9815428 0.5370141 0.977927 0.5596644 0.9919475 0.5658004 0.977927 0.5596644 0.9705575 0.5632386 0.9705575 0.5632386 0.9705575 0.5632386 0.977927 0.5596644 0.977927 0.5596644 0.9705575 0.5632386 0.977927 0.5596644 0.9919475 0.5658004 0.9919475 0.5658004 0.9709195 0.5874049 0.9705575 0.5632386 0.9705575 0.5632386 0.9709195 0.5874049 0.9919475 0.5658004 0.9919475 0.5658004 0.977927 0.5596644 0.9705575 0.5632386 0.9705575 0.5632386 0.9705575 0.5632386 0.9709195 0.5874049 0.9815428 0.5370141 0.9815428 0.5370141 0.977927 0.5596644 0.977927 0.5596644 0.977927 0.5596644 0.9815428 0.5370141 0.9919475 0.5658004 0.977927 0.5596644 0.9815428 0.5370141 0.9815428 0.5370141 0.9979574 0.5366833 0.9919475 0.5658004 0.9919475 0.5658004 0.9979574 0.5366833 0.9815428 0.5370141 0.9815428 0.5370141 0.977927 0.5596644 0.9919475 0.5658004 0.977927 0.5596644 0.9705575 0.5632386 0.9705575 0.5632386 0.9705575 0.5632386 0.977927 0.5596644 0.977927 0.5596644 0.9705575 0.5632386 0.977927 0.5596644 0.9919475 0.5658004 0.9919475 0.5658004 0.9709195 0.5874049 0.9705575 0.5632386 0.9705575 0.5632386 0.9709195 0.5874049 0.9919475 0.5658004 0.9919475 0.5658004 0.977927 0.5596644 0.9705575 0.5632386 0.9705575 0.5632386 0.9705575 0.5632386 0.9709195 0.5874049 0.9815428 0.5370141 0.9815428 0.5370141 0.977927 0.5596644 0.977927 0.5596644 0.977927 0.5596644 0.9815428 0.5370141 0.1665641 0.7120218 0.3801776 0.7154369 0.380178 0.7154467 0.3801776 0.7154369 0.1665641 0.7120218 0.1665638 0.7119932 0.1665699 0.7224064 0.3801844 0.7189689 0.380184 0.7189592 0.380184 0.7189592 0.1665696 0.7223777 0.1665699 0.7224064 0.380178 0.7154467 0.1665699 0.7224064 0.1665641 0.7120218 0.3801776 0.7154369 0.1665696 0.7223777 0.380184 0.7189592 0.3801776 0.7154369 0.3801844 0.7189689 0.380178 0.7154467 0.380178 0.7154467 0.3801844 0.7189689 0.1665699 0.7224064 0.3801776 0.7154369 0.1665638 0.7119932 0.1665696 0.7223777 0.3801776 0.7154369 0.380184 0.7189592 0.3801844 0.7189689 0.3024308 0.1136372 0.3027802 0.1136763 0.3399427 0.1136763 0.3024308 0.1136372 0.3399427 0.1136763 0.3395931 0.1136372 0.3802554 0.200952 0.3395931 0.1136372 0.3399427 0.1136763 0.2444895 0.200952 0.3024308 0.1136372 0.243694 0.2008944 0.3802554 0.200952 0.3027802 0.1136763 0.2444895 0.200952 0.3794597 0.2008944 0.3024308 0.1136372 0.3395931 0.1136372 0.004930078 0.05344033 0.02514094 0.2447493 0.02568036 0.05362868 0.004930078 0.05344033 0.004390716 0.2445609 0.02514094 0.2447493 0.004930078 0.05344033 0.02568036 0.05362868 0.02514094 0.2447493 0.004930078 0.05344033 0.02514094 0.2447493 0.004390716 0.2445609 0.004930078 0.05344033 0.02514094 0.2447493 0.02568036 0.05362868 0.004930078 0.05344033 0.004390716 0.2445609 0.02514094 0.2447493 0.004930078 0.05344033 0.02568036 0.05362868 0.02514094 0.2447493 0.004930078 0.05344033 0.02514094 0.2447493 0.004390716 0.2445609 0.3802554 0.200952 0.3794597 0.2008944 0.3395931 0.1136372 0.2444895 0.200952 0.3027802 0.1136763 0.3024308 0.1136372 0.3802554 0.200952 0.3399427 0.1136763 0.3027802 0.1136763 0.3794597 0.2008944 0.243694 0.2008944 0.3024308 0.1136372</float_array>
          <technique_common>
            <accessor source="#feiting_Mesh_005-mesh-map-0-array" count="1377" stride="2">
              <param name="S" type="float"/>
              <param name="T" type="float"/>
            </accessor>
          </technique_common>
        </source>
        <vertices id="feiting_Mesh_005-mesh-vertices">
          <input semantic="POSITION" source="#feiting_Mesh_005-mesh-positions"/>
        </vertices>
        <triangles material="Constitution_001-material" count="459">
          <input semantic="VERTEX" source="#feiting_Mesh_005-mesh-vertices" offset="0"/>
          <input semantic="NORMAL" source="#feiting_Mesh_005-mesh-normals" offset="1"/>
          <input semantic="TEXCOORD" source="#feiting_Mesh_005-mesh-map-0" offset="2" set="0"/>
          <p>1 0 0 10 1 1 13 2 2 2 3 3 16 4 4 19 5 5 5 6 6 21 7 7 23 8 8 6 9 9 25 10 10 26 11 11 500 12 12 496 13 13 28 14 14 503 15 15 30 16 16 35 17 17 504 18 18 32 19 19 39 20 20 501 21 21 40 22 22 42 23 23 499 24 24 43 25 25 50 26 26 502 27 27 48 28 28 54 29 29 0 30 30 506 31 31 58 32 32 3 33 33 55 34 34 63 35 35 7 36 36 62 37 37 66 38 38 4 39 39 68 40 40 11 41 41 12 42 42 74 43 43 79 44 44 9 45 45 75 46 46 14 47 47 17 48 48 78 49 49 82 50 50 15 51 51 86 52 52 22 53 53 20 54 54 81 55 55 89 56 56 18 57 57 88 58 58 24 59 59 510 60 60 507 61 61 90 62 62 511 63 63 92 64 64 512 65 65 498 66 66 515 67 67 96 68 68 497 69 69 95 70 70 27 71 71 29 72 72 93 73 73 101 74 74 31 75 75 99 76 76 33 77 77 34 78 78 102 79 79 110 80 80 36 81 81 108 82 82 37 83 83 38 84 84 109 85 85 112 86 86 41 87 87 111 88 88 46 89 89 45 90 90 116 91 91 117 92 92 44 93 93 122 94 94 51 95 95 49 96 96 121 97 97 124 98 98 47 99 99 123 100 100 53 101 101 505 102 102 518 103 103 129 104 104 52 105 105 520 106 106 519 107 107 56 108 108 128 109 109 131 110 110 57 111 111 132 112 112 61 113 113 60 114 114 135 115 115 142 116 116 59 117 117 140 118 118 67 119 119 65 120 120 137 121 121 70 122 122 64 123 123 69 124 124 8 125 125 73 126 126 148 127 127 153 128 128 71 129 129 151 130 130 76 131 131 80 132 132 154 133 133 157 134 134 77 135 135 155 136 136 85 137 137 84 138 138 159 139 139 163 140 140 83 141 141 162 142 142 87 143 143 508 144 144 522 145 145 165 146 146 509 147 147 164 148 148 91 149 149 514 150 150 524 151 151 170 152 152 513 153 153 167 154 154 97 155 155 94 156 156 169 157 157 174 158 158 98 159 159 176 160 160 103 161 161 104 162 162 178 163 163 183 164 164 100 165 165 179 166 166 107 167 167 105 168 168 182 169 169 187 170 170 106 171 171 189 172 172 114 173 173 115 174 174 185 175 175 192 176 176 113 177 177 195 178 178 120 179 179 119 180 180 193 181 181 197 182 182 118 183 183 199 184 184 125 185 185 516 186 186 527 187 187 200 188 188 517 189 189 202 190 190 127 191 191 130 192 192 203 193 193 208 194 194 126 195 195 209 196 196 134 197 197 136 198 198 205 199 199 211 200 200 133 201 201 214 202 202 141 203 203 138 204 204 215 205 205 144 206 206 139 207 207 145 208 208 72 209 209 147 210 210 220 211 211 223 212 212 143 213 213 224 214 214 149 215 215 152 216 216 227 217 217 231 218 218 150 219 219 233 220 220 156 221 221 160 222 222 234 223 223 237 224 224 158 225 225 235 226 226 161 227 227 521 228 228 530 229 229 240 230 230 523 231 231 238 232 232 166 233 233 525 234 234 532 235 235 242 236 236 526 237 237 246 238 238 171 239 239 168 240 240 243 241 241 249 242 242 172 243 243 252 244 244 177 245 245 175 246 246 250 247 247 253 248 248 173 249 249 257 250 250 180 251 251 181 252 252 256 253 253 261 254 254 184 255 255 259 256 256 186 257 257 190 258 258 262 259 259 269 260 260 188 261 261 270 262 262 191 263 263 196 264 264 266 265 265 271 266 266 194 267 267 272 268 268 198 269 269 204 270 270 274 271 271 279 272 272 201 273 273 281 274 274 207 275 275 206 276 276 282 277 277 287 278 278 210 279 279 286 280 280 216 281 281 212 282 282 285 283 283 217 284 284 213 285 285 218 286 286 146 287 287 219 288 288 292 289 289 299 290 290 221 291 291 298 292 292 228 293 293 226 294 294 301 295 295 302 296 296 225 297 297 305 298 298 232 299 299 230 300 300 306 301 301 310 302 302 229 303 303 309 304 304 236 305 305 529 306 306 534 307 307 313 308 308 528 309 309 311 310 310 239 311 311 533 312 312 537 313 313 317 314 314 531 315 315 315 316 316 244 317 317 241 318 318 319 319 319 321 320 320 245 321 321 322 322 322 251 323 323 248 324 324 325 325 325 326 326 326 247 327 327 331 328 328 258 329 329 254 330 330 330 331 331 335 332 332 255 333 333 334 334 334 260 335 335 264 336 336 337 337 337 343 338 338 263 339 339 341 340 340 268 341 341 265 342 342 340 343 343 345 344 344 267 345 345 346 346 346 273 347 347 543 348 348 540 349 349 349 350 350 544 351 351 351 352 352 275 353 353 277 354 354 347 355 355 354 356 356 276 357 357 355 358 358 283 359 359 280 360 360 356 361 361 361 362 362 278 363 363 360 364 364 288 365 365 289 366 366 359 367 367 293 368 368 284 369 369 295 370 370 222 371 371 291 372 372 365 373 373 371 374 374 290 375 375 373 376 376 296 377 377 297 378 378 370 379 379 375 380 380 300 381 381 376 382 382 304 383 383 303 384 384 378 385 385 382 386 386 307 387 387 380 388 388 308 389 389 535 390 390 545 391 391 383 392 392 536 393 393 384 394 394 312 395 395 539 396 396 546 397 397 385 398 398 538 399 399 389 400 400 318 401 401 316 402 402 387 403 403 394 404 404 314 405 405 390 406 406 320 407 407 324 408 408 393 409 409 395 410 410 323 411 411 396 412 412 327 413 413 329 414 414 397 415 415 400 416 416 328 417 417 401 418 418 336 419 419 332 420 420 402 421 421 406 422 422 333 423 423 405 424 424 342 425 425 338 426 426 407 427 427 413 428 428 339 429 429 412 430 430 344 431 431 541 432 432 548 433 433 417 434 434 542 435 435 415 436 436 352 437 437 348 438 438 416 439 439 420 440 440 350 441 441 419 442 442 358 443 443 353 444 444 421 445 445 423 446 446 357 447 447 424 448 448 363 449 449 362 450 450 427 451 451 368 452 452 364 453 453 367 454 454 294 455 455 431 456 456 374 457 457 366 458 458 429 459 459 377 460 460 372 461 461 433 462 462 381 463 463 379 464 464 551 465 465 550 466 466 549 467 467 552 468 468 386 469 469 547 470 470 557 471 471 392 472 472 388 473 473 554 474 474 399 475 475 391 476 476 556 477 477 404 478 478 398 479 479 553 480 480 408 481 481 403 482 482 558 483 483 411 484 484 409 485 485 555 486 486 559 487 487 410 488 488 428 489 489 422 490 490 414 491 491 432 492 492 426 493 493 418 494 494 430 495 495 369 496 496 425 497 497 562 498 498 560 499 499 434 500 500 435 501 501 439 502 502 561 503 503 565 504 504 563 505 505 442 506 506 441 507 507 566 508 508 564 509 509 570 510 510 569 511 511 443 512 512 444 513 513 574 514 514 571 515 515 579 516 516 578 517 517 576 518 518 577 519 519 581 520 520 580 521 521 567 522 522 440 523 523 456 524 524 455 525 525 447 526 526 568 527 527 572 528 528 445 529 529 458 530 530 459 531 531 584 532 532 573 533 533 583 534 534 575 535 535 449 536 536 450 537 537 588 538 538 582 539 539 438 540 540 436 541 541 592 542 542 591 543 543 595 544 544 437 545 545 590 546 546 446 547 547 1075 548 548 590 546 549 1075 548 550 1083 549 551 452 550 552 594 551 553 1084 552 554 452 550 555 1084 552 556 709 553 557 589 554 558 704 555 559 1062 556 560 589 554 561 1062 556 562 460 557 563 453 558 564 586 559 565 1061 560 566 453 558 567 1061 560 568 1069 561 569 457 562 570 1063 563 571 1057 564 572 457 562 573 1057 564 574 585 565 575 448 566 576 454 567 577 1068 568 578 448 566 579 1068 568 580 1074 569 581 593 570 582 1078 571 583 1088 572 584 593 570 585 1088 572 586 596 573 587 451 574 588 710 575 589 705 576 590 451 574 591 705 576 592 587 577 593 461 578 594 463 579 595 475 580 596 462 581 597 476 582 598 474 583 599 598 584 600 464 585 601 478 586 602 597 587 603 477 588 604 599 589 605 600 590 606 465 590 607 479 590 608 600 591 609 479 591 610 601 591 611 603 592 612 466 593 613 481 594 614 602 595 615 480 596 616 604 597 617 606 598 618 467 598 619 483 598 620 605 599 621 482 600 622 607 601 623 609 602 624 468 603 625 485 604 626 608 605 627 484 606 628 610 607 629 612 608 630 469 608 631 487 608 632 611 609 633 486 609 634 613 609 635 614 610 636 470 610 637 488 610 638 615 611 639 489 612 640 616 613 641 617 614 642 471 615 643 490 616 644 618 617 645 491 618 646 619 619 647 620 620 648 472 620 649 492 620 650 621 621 651 493 622 652 622 623 653 624 624 654 473 625 655 495 626 656 623 627 657 494 628 658 625 629 659 630 630 660 628 631 661 627 632 662 629 633 663 626 634 664 631 635 665 639 636 666 636 637 667 632 638 668 640 639 669 633 640 670 638 641 671 650 642 672 647 642 673 643 642 674 654 643 675 646 643 676 649 643 677 656 644 678 651 645 679 655 646 680 635 647 681 653 648 682 657 649 683 634 650 684 644 651 685 652 652 686 642 653 687 648 653 688 637 653 689 641 654 690 658 655 691 645 656 692 660 657 693 659 657 694 642 657 695 668 658 696 666 659 697 664 660 698 672 661 699 667 662 700 663 663 701 680 664 702 678 665 703 676 666 704 684 667 705 679 668 706 677 669 707 686 670 708 685 671 709 682 672 710 662 673 711 687 674 712 683 675 713 661 676 714 681 677 715 673 678 716 671 679 717 665 680 718 675 681 719 669 682 720 674 683 721 688 684 722 690 685 723 670 686 724 689 687 725 1092 688 726 1133 688 727 1146 688 728 1099 689 729 1093 689 730 1147 689 731 696 690 732 1098 690 733 1145 690 734 1140 691 735 695 691 736 1144 691 737 1104 692 738 691 693 739 703 694 740 1091 695 741 1103 696 742 702 697 743 1089 698 744 701 699 745 707 700 746 1090 701 747 708 702 748 1132 703 749 1065 704 750 706 704 751 693 704 752 1134 705 753 711 706 754 1086 707 755 1079 708 756 1115 709 757 776 710 758 1082 711 759 779 712 760 1149 713 761 1151 714 762 1135 715 763 1087 716 764 1081 717 765 1148 718 766 1085 719 767 1112 720 768 1108 720 769 715 721 770 716 722 771 759 722 772 1111 722 773 1096 723 774 1101 723 775 728 724 776 727 725 777 722 726 778 1094 727 779 717 728 780 1107 729 781 1097 730 782 1095 731 783 721 732 784 714 733 785 732 734 786 760 735 787 754 735 788 734 736 789 713 737 790 719 737 791 718 738 792 739 739 793 735 740 794 765 741 795 736 742 796 741 743 797 740 744 798 820 745 799 764 745 800 751 746 801 743 747 802 1153 748 803 1154 749 804 748 750 805 752 751 806 835 752 807 742 753 808 749 754 809 750 755 810 770 756 811 836 757 812 1106 758 813 1109 758 814 838 758 815 837 759 816 692 759 817 1105 759 818 1102 760 819 784 761 820 731 761 821 755 762 822 712 762 823 733 763 824 746 764 825 769 765 826 774 766 827 775 767 828 753 768 829 747 769 830 845 770 831 766 771 832 745 771 833 744 772 834 1152 772 835 844 773 836 782 774 837 1117 774 838 1128 774 839 781 775 840 1127 775 841 789 775 842 780 776 843 788 776 844 1138 776 845 1122 777 846 783 777 847 1139 777 848 1130 778 849 1118 779 850 1076 780 851 1131 781 852 1077 782 853 1072 783 854 795 784 855 1129 785 856 1071 786 857 1158 787 858 794 788 859 1070 789 860 1060 790 861 1156 790 862 1067 790 863 1116 791 864 1080 792 865 1073 793 866 1113 794 867 758 795 868 800 795 869 799 796 870 791 797 871 1110 798 872 1124 799 873 805 800 874 729 801 875 730 802 876 787 803 877 1126 804 878 801 805 879 806 806 880 1125 807 881 1123 808 882 790 809 883 798 810 884 811 811 885 756 812 886 761 813 887 808 814 888 814 815 889 803 816 890 804 817 891 796 818 892 809 819 893 762 820 894 819 821 895 813 822 896 812 823 897 807 824 898 763 825 899 829 826 900 825 827 901 1161 828 902 1160 829 903 832 830 904 830 831 905 833 832 906 771 833 907 826 834 908 827 835 909 831 836 910 834 837 911 792 838 912 1157 838 913 842 838 914 843 839 915 1114 839 916 793 839 917 777 840 918 1119 840 919 1141 840 920 1143 841 921 1150 841 922 778 841 923 839 842 924 1155 842 925 1058 842 926 840 843 927 1059 843 928 1064 843 929 841 844 930 1066 844 931 694 844 932 757 845 933 810 846 934 797 847 935 824 848 936 828 849 937 773 850 938 772 851 939 768 852 940 823 853 941 847 854 942 1159 855 943 822 856 944 821 857 945 767 858 946 846 859 947 1120 860 948 1137 860 949 698 860 950 699 861 951 1142 861 952 1121 861 953 697 862 954 1136 862 955 785 862 956 786 863 957 1100 863 958 700 863 959 852 864 960 849 865 961 873 866 962 874 867 963 872 868 964 851 869 965 877 870 966 859 871 967 865 872 968 864 873 969 875 874 970 876 875 971 862 876 972 858 877 973 868 878 974 869 879 975 866 880 976 863 881 977 854 882 978 879 883 979 882 884 980 883 885 981 848 886 982 853 887 983 880 888 984 855 889 985 861 890 986 860 891 987 878 892 988 881 893 989 856 894 990 850 895 991 871 896 992 870 897 993 867 898 994 857 899 995 802 900 996 815 901 997 723 902 998 720 903 999 725 904 1000 738 905 1001 895 906 1002 885 906 1003 888 906 1004 887 907 1005 898 908 1006 894 909 1007 886 910 1008 889 911 1009 897 912 1010 893 913 1011 896 914 1012 890 915 1013 891 916 1014 884 917 1015 892 918 1016 816 919 1017 817 920 1018 724 921 1019 726 922 1020 818 923 1021 737 924 1022 901 925 1023 904 926 1024 910 927 1025 909 928 1026 905 929 1027 900 930 1028 903 931 1029 1162 932 1030 911 933 1031 912 934 1032 908 935 1033 902 936 1034 1163 937 1035 899 938 1036 906 939 1037 907 940 1038 913 941 1039 1164 942 1040 915 943 1041 922 944 1042 924 945 1043 923 946 1044 917 947 1045 914 948 1046 919 949 1047 925 950 1048 1166 951 1049 1167 952 1050 1170 953 1051 918 954 1052 1168 955 1053 1165 956 1054 920 957 1055 921 958 1056 916 959 1057 1169 960 1058 934 961 1059 1176 962 1060 928 963 1061 926 964 1062 945 965 1063 935 966 1064 938 967 1065 946 968 1066 931 969 1067 929 970 1068 1177 971 1069 939 972 1070 1174 973 1071 943 974 1072 1183 974 1073 1184 975 1074 1179 976 1075 1175 977 1076 941 978 1077 1172 979 1078 936 980 1079 933 981 1080 1186 982 1081 942 983 1082 1182 984 1083 1187 985 1084 940 986 1085 937 987 1086 1180 988 1087 1181 989 1088 1185 990 1089 944 990 1090 1188 990 1091 932 991 1092 927 992 1093 1173 993 1094 1171 994 1095 1178 995 1096 930 996 1097 953 997 1098 1194 998 1099 949 999 1100 947 1000 1101 950 1001 1102 954 1002 1103 957 1003 1104 951 1004 1105 962 1005 1106 960 1006 1107 964 1007 1108 958 1008 1109 1192 1009 1110 1202 1010 1111 1197 1010 1112 1198 1011 1113 966 1012 1114 1193 1013 1115 1200 1014 1116 1190 1015 1117 955 1016 1118 952 1017 1119 968 1018 1120 1201 1019 1121 1196 1020 1122 969 1021 1123 959 1022 1124 956 1023 1125 967 1024 1126 1195 1025 1127 1199 1026 1128 1203 1026 1129 970 1026 1130 963 1027 1131 948 1028 1132 1191 1029 1133 1189 1030 1134 965 1031 1135 961 1032 1136 974 1033 1137 1209 1034 1138 1216 1035 1139 1214 1036 1140 971 1037 1141 975 1038 1142 978 1039 1143 972 1040 1144 1219 1041 1145 1217 1042 1146 981 1043 1147 979 1044 1148 1207 1045 1149 1212 1046 1150 987 1046 1151 988 1047 1152 983 1048 1153 1208 1049 1154 1210 1050 1155 1205 1051 1156 976 1052 1157 973 1053 1158 990 1054 1159 1211 1055 1160 986 1056 1161 991 1057 1162 980 1058 1163 977 1059 1164 984 1060 1165 985 1061 1166 989 1062 1167 1213 1062 1168 992 1062 1169 1220 1063 1170 1215 1064 1171 1206 1065 1172 1204 1066 1173 982 1067 1174 1218 1068 1175 996 1069 1176 1226 1070 1177 1242 1071 1178 1240 1072 1179 993 1073 1180 997 1074 1181 1000 1075 1182 994 1076 1183 1245 1077 1184 1243 1078 1185 1227 1079 1186 1001 1080 1187 1224 1081 1188 1238 1082 1189 1234 1082 1190 1233 1011 1191 1229 1083 1192 1225 1084 1193 1236 1085 1194 1222 1086 1195 998 1087 1196 995 1088 1197 1003 1089 1198 1237 1090 1199 1232 1091 1200 1004 1092 1201 1002 1093 1202 999 1094 1203 1230 1095 1204 1231 1096 1205 1235 1097 1206 1239 1097 1207 1005 1097 1208 1246 1098 1209 1241 1099 1210 1223 1100 1211 1221 1101 1212 1228 1102 1213 1244 1068 1214 1012 1103 1215 1024 1104 1216 1008 1105 1217 1006 1106 1218 1009 1107 1219 1013 1108 1220 1016 1109 1221 1010 1110 1222 1258 1111 1223 1256 1112 1224 1025 1113 1225 1017 1114 1226 1022 1115 1227 1254 1116 1228 1249 1116 1229 1250 1117 1230 1027 1118 1231 1023 1119 1232 1252 1120 1233 1020 1121 1234 1014 1122 1235 1011 1123 1236 1029 1124 1237 1253 1125 1238 1248 1126 1239 1030 1127 1240 1018 1128 1241 1015 1129 1242 1028 1130 1243 1247 1131 1244 1251 1132 1245 1255 1132 1246 1031 1132 1247 1259 1133 1248 1007 1134 1249 1021 1135 1250 1019 1136 1251 1026 1137 1252 1257 1138 1253 1035 1139 1254 1047 1140 1255 1269 1141 1256 1267 1142 1257 1032 1143 1258 1036 1144 1259 1039 1145 1260 1033 1146 1261 1272 1147 1262 1270 1148 1263 1048 1149 1264 1040 1150 1265 1045 1151 1266 1265 1152 1267 1055 1152 1268 1054 1153 1269 1050 1154 1270 1046 1155 1271 1263 1156 1272 1043 1157 1273 1037 1158 1274 1034 1159 1275 1260 1160 1276 1264 1161 1277 1053 1162 1278 1261 1163 1279 1041 1164 1280 1038 1165 1281 1051 1166 1282 1052 1167 1283 1056 1168 1284 1266 1168 1285 1262 1168 1286 1273 1169 1287 1268 1170 1288 1044 1171 1289 1042 1172 1290 1049 1173 1291 1271 1174 1292 1274 1175 1293 1283 1175 1294 1286 1175 1295 1284 1176 1296 1275 1176 1297 1278 1176 1298 1290 1177 1299 1300 1177 1300 1298 1177 1301 1297 1178 1302 1295 1178 1303 1289 1178 1304 1287 1179 1305 1291 1179 1306 1276 1179 1307 1279 1180 1308 1293 1180 1309 1296 1180 1310 1281 1181 1311 1301 1181 1312 1285 1181 1313 1288 1182 1314 1303 1182 1315 1292 1182 1316 1280 1183 1317 1277 1183 1318 1294 1183 1319 1282 1184 1320 1299 1184 1321 1302 1184 1322 1326 1185 1323 1318 1186 1324 1321 1187 1325 1327 1188 1326 1322 1189 1327 1331 1190 1328 1314 1191 1329 1333 1192 1330 1320 1193 1331 1311 1194 1332 1324 1195 1333 1305 1196 1334 1313 1197 1335 1316 1198 1336 1310 1199 1337 1307 1200 1338 1329 1201 1339 1330 1202 1340 1334 1203 1341 1339 1204 1342 1337 1205 1343 1335 1206 1344 1336 1207 1345 1338 1208 1346 1341 1209 1347 1343 1210 1348 1344 1211 1349 1340 1212 1350 1345 1213 1351 1342 1214 1352 1346 1215 1353 1351 1216 1354 1349 1217 1355 1347 1218 1356 1348 1219 1357 1350 1220 1358 1353 1221 1359 1355 1222 1360 1356 1223 1361 1352 1224 1362 1357 1225 1363 1354 1226 1364 1315 1227 1365 1308 1228 1366 1332 1229 1367 1309 1230 1368 1319 1231 1369 1325 1232 1370 1312 1233 1371 1323 1234 1372 1317 1235 1373 1306 1236 1374 1304 1237 1375 1328 1238 1376</p>
        </triangles>
      </mesh>
    </geometry>
  </library_geometries>
  <library_controllers>
    <controller id="balloon_dread_Skin_feiting_ironclad-skin" name="balloon_dread_Skin">
      <skin source="#feiting_Mesh_005-mesh">
        <bind_shape_matrix>1 0 0 0 0 1 0 0 0 0 1 0 0 0 0 1</bind_shape_matrix>
        <source id="balloon_dread_Skin_feiting_ironclad-skin-joints">
          <Name_array id="balloon_dread_Skin_feiting_ironclad-skin-joints-array" count="4">Root Dummy02 ammo_node_0 pivot_node_0</Name_array>
          <technique_common>
            <accessor source="#balloon_dread_Skin_feiting_ironclad-skin-joints-array" count="4" stride="1">
              <param name="JOINT" type="name"/>
            </accessor>
          </technique_common>
        </source>
        <source id="balloon_dread_Skin_feiting_ironclad-skin-bind_poses">
          <float_array id="balloon_dread_Skin_feiting_ironclad-skin-bind_poses-array" count="64">1 0 0 -0.6400311 0 1 0 -0.008515894 0 0 1 0.001969337 0 0 0 1 1 0 0 -0.6400311 0 1 0 13.21571 0 0 1 0.001969337 0 0 0 1 1 0 0 -0.6400311 0 1 0 6.338275 0 0 1 13.89321 0 0 0 1 1 0 0 -0.01608479 0 1 0 -73.15826 0 0 1 -6.684391 0 0 0 1</float_array>
          <technique_common>
            <accessor source="#balloon_dread_Skin_feiting_ironclad-skin-bind_poses-array" count="4" stride="16">
              <param name="TRANSFORM" type="float4x4"/>
            </accessor>
          </technique_common>
        </source>
        <source id="balloon_dread_Skin_feiting_ironclad-skin-weights">
          <float_array id="balloon_dread_Skin_feiting_ironclad-skin-weights-array" count="1358">1 1 1 1 1 1 1 1 1 1 1 1 1 1 1 1 1 1 1 1 1 1 1 1 1 1 1 1 1 1 1 1 1 1 1 1 1 1 1 1 1 1 1 1 1 1 1 1 1 1 1 1 1 1 1 1 1 1 1 1 1 1 1 1 1 1 1 1 1 1 1 1 1 1 1 1 1 1 1 1 1 1 1 1 1 1 1 1 1 1 1 1 1 1 1 1 1 1 1 1 1 1 1 1 1 1 1 1 1 1 1 1 1 1 1 1 1 1 1 1 1 1 1 1 1 1 1 1 1 1 1 1 1 1 1 1 1 1 1 1 1 1 1 1 1 1 1 1 1 1 1 1 1 1 1 1 1 1 1 1 1 1 1 1 1 1 1 1 1 1 1 1 1 1 1 1 1 1 1 1 1 1 1 1 1 1 1 1 1 1 1 1 1 1 1 1 1 1 1 1 1 1 1 1 1 1 1 1 1 1 1 1 1 1 1 1 1 1 1 1 1 1 1 1 1 1 1 1 1 1 1 1 1 1 1 1 1 1 1 1 1 1 1 1 1 1 1 1 1 1 1 1 1 1 1 1 1 1 1 1 1 1 1 1 1 1 1 1 1 1 1 1 1 1 1 1 1 1 1 1 1 1 1 1 1 1 1 1 1 1 1 1 1 1 1 1 1 1 1 1 1 1 1 1 1 1 1 1 1 1 1 1 1 1 1 1 1 1 1 1 1 1 1 1 1 1 1 1 1 1 1 1 1 1 1 1 1 1 1 1 1 1 1 1 1 1 1 1 1 1 1 1 1 1 1 1 1 1 1 1 1 1 1 1 1 1 1 1 1 1 1 1 1 1 1 1 1 1 1 1 1 1 1 1 1 1 1 1 1 1 1 1 1 1 1 1 1 1 1 1 1 1 1 1 1 1 1 1 1 1 1 1 1 1 1 1 1 1 1 1 1 1 1 1 1 1 1 1 1 1 1 1 1 1 1 1 1 1 1 1 1 1 1 1 1 1 1 1 1 1 1 1 1 1 1 1 1 1 1 1 1 1 1 1 1 1 1 1 1 1 1 1 1 1 1 1 1 1 1 1 1 1 1 1 1 1 1 1 1 1 1 1 1 1 1 1 1 1 1 1 1 1 1 1 1 1 1 1 1 1 1 1 1 1 1 1 1 1 1 1 1 1 1 1 1 1 1 1 1 1 1 1 1 1 1 1 1 1 1 1 1 1 1 1 1 1 1 1 1 1 1 1 1 1 1 1 1 1 1 1 1 1 1 1 1 1 1 1 1 1 1 1 1 1 1 1 1 1 1 1 1 1 1 1 1 1 1 1 1 1 1 1 1 1 1 1 1 1 1 1 1 1 1 1 1 1 1 1 1 1 1 1 1 1 1 1 1 1 1 1 1 1 1 1 1 1 1 1 1 1 1 1 1 1 1 1 1 1 1 1 1 1 1 1 1 1 1 1 1 1 1 1 1 1 1 1 1 1 1 1 1 1 1 1 1 1 1 1 1 1 1 1 1 1 1 1 1 1 1 1 1 1 1 1 1 1 1 1 1 1 1 1 1 1 1 1 1 1 1 1 1 1 1 1 1 1 1 1 1 1 1 1 1 1 1 1 1 1 1 1 1 1 1 1 1 1 1 1 1 1 1 1 1 1 1 1 1 1 1 1 1 1 1 1 1 1 1 1 1 1 1 1 1 1 1 1 1 1 1 1 1 1 1 1 1 1 1 1 1 1 1 1 1 1 1 1 1 1 1 1 1 1 1 1 1 1 1 1 1 1 1 1 1 1 1 1 1 1 1 1 1 1 1 1 1 1 1 1 1 1 1 1 1 1 1 1 1 1 1 1 1 1 1 1 1 1 1 1 1 1 1 1 1 1 1 1 1 1 1 1 1 1 1 1 1 1 1 1 1 1 1 1 1 1 1 1 1 1 1 1 1 1 1 1 1 1 1 1 1 1 1 1 1 1 1 1 1 1 1 1 1 1 1 1 1 1 1 1 1 1 1 1 1 1 1 1 1 1 1 1 1 1 1 1 1 1 1 1 1 1 1 1 1 1 1 1 1 1 1 1 1 1 1 1 1 1 1 1 1 1 1 1 1 1 1 1 1 1 1 1 1 1 1 1 1 1 1 1 1 1 1 1 1 1 1 1 1 1 1 1 1 1 1 1 1 1 1 1 1 1 1 1 1 1 1 1 1 1 1 1 1 1 1 1 1 1 1 1 1 1 1 1 1 1 1 1 1 1 1 1 1 1 1 1 1 1 1 1 1 1 1 1 1 1 1 1 1 1 1 1 1 1 1 1 1 1 1 1 1 1 1 1 1 1 1 1 1 1 1 1 1 1 1 1 1 1 1 1 1 1 1 1 1 1 1 1 1 1 1 1 1 1 1 1 1 1 1 1 1 1 1 1 1 1 1 1 1 1 1 1 1 1 1 1 1 1 1 1 1 1 1 1 1 1 1 1 1 1 1 1 1 1 1 1 1 1 1 1 1 1 1 1 1 1 1 1 1 1 1 1 1 1 1 1 1 1 1 1 1 1 1 1 1 1 1 1 1 1 1 1 1 1 1 1 1 1 1 1 1 1 1 1 1 1 1 1 1 1 1 1 1 1 1 1 1 1 1 1 1 1 1 1 1 1 1 1 1 1 1 1 1 1 1 1 1 1 1 1 1 1 1 1 1 1 1 1 1 1 1 1 1 1 1 1 1 1 1 1 1 1 1 1 1 1 1 1 1 1 1 1 1 1 1 1 1 1 1 1 1 1 1 1 1 1 1 1 1 1 1 1 1 1 1 1 1 1 1 1 1 1 1 1 1 1 1 1 1 1 1 1 1 1 1 1 1 1 1 1 1 1 1 1 1 1 1 1 1 1 1 1 1 1 1 1 1 1 1 1 1 1 1 1 1 1 1 1 1 1 1 1 1 1 1 1 1 1 1 1 1 1 1 1 1 1 1 1 1 1 1 1 1 1 1 1 1 1 1 1 1 1 1 1 1 1 1 1 1 1 1 1 1 1 1 1 1 1 1 1 1 1 1 1 1 1 1 1 1 1</float_array>
          <technique_common>
            <accessor source="#balloon_dread_Skin_feiting_ironclad-skin-weights-array" count="1358" stride="1">
              <param name="WEIGHT" type="float"/>
            </accessor>
          </technique_common>
        </source>
        <joints>
          <input semantic="JOINT" source="#balloon_dread_Skin_feiting_ironclad-skin-joints"/>
          <input semantic="INV_BIND_MATRIX" source="#balloon_dread_Skin_feiting_ironclad-skin-bind_poses"/>
        </joints>
        <vertex_weights count="1358">
          <input semantic="JOINT" source="#balloon_dread_Skin_feiting_ironclad-skin-joints" offset="0"/>
          <input semantic="WEIGHT" source="#balloon_dread_Skin_feiting_ironclad-skin-weights" offset="1"/>
          <vcount>1 1 1 1 1 1 1 1 1 1 1 1 1 1 1 1 1 1 1 1 1 1 1 1 1 1 1 1 1 1 1 1 1 1 1 1 1 1 1 1 1 1 1 1 1 1 1 1 1 1 1 1 1 1 1 1 1 1 1 1 1 1 1 1 1 1 1 1 1 1 1 1 1 1 1 1 1 1 1 1 1 1 1 1 1 1 1 1 1 1 1 1 1 1 1 1 1 1 1 1 1 1 1 1 1 1 1 1 1 1 1 1 1 1 1 1 1 1 1 1 1 1 1 1 1 1 1 1 1 1 1 1 1 1 1 1 1 1 1 1 1 1 1 1 1 1 1 1 1 1 1 1 1 1 1 1 1 1 1 1 1 1 1 1 1 1 1 1 1 1 1 1 1 1 1 1 1 1 1 1 1 1 1 1 1 1 1 1 1 1 1 1 1 1 1 1 1 1 1 1 1 1 1 1 1 1 1 1 1 1 1 1 1 1 1 1 1 1 1 1 1 1 1 1 1 1 1 1 1 1 1 1 1 1 1 1 1 1 1 1 1 1 1 1 1 1 1 1 1 1 1 1 1 1 1 1 1 1 1 1 1 1 1 1 1 1 1 1 1 1 1 1 1 1 1 1 1 1 1 1 1 1 1 1 1 1 1 1 1 1 1 1 1 1 1 1 1 1 1 1 1 1 1 1 1 1 1 1 1 1 1 1 1 1 1 1 1 1 1 1 1 1 1 1 1 1 1 1 1 1 1 1 1 1 1 1 1 1 1 1 1 1 1 1 1 1 1 1 1 1 1 1 1 1 1 1 1 1 1 1 1 1 1 1 1 1 1 1 1 1 1 1 1 1 1 1 1 1 1 1 1 1 1 1 1 1 1 1 1 1 1 1 1 1 1 1 1 1 1 1 1 1 1 1 1 1 1 1 1 1 1 1 1 1 1 1 1 1 1 1 1 1 1 1 1 1 1 1 1 1 1 1 1 1 1 1 1 1 1 1 1 1 1 1 1 1 1 1 1 1 1 1 1 1 1 1 1 1 1 1 1 1 1 1 1 1 1 1 1 1 1 1 1 1 1 1 1 1 1 1 1 1 1 1 1 1 1 1 1 1 1 1 1 1 1 1 1 1 1 1 1 1 1 1 1 1 1 1 1 1 1 1 1 1 1 1 1 1 1 1 1 1 1 1 1 1 1 1 1 1 1 1 1 1 1 1 1 1 1 1 1 1 1 1 1 1 1 1 1 1 1 1 1 1 1 1 1 1 1 1 1 1 1 1 1 1 1 1 1 1 1 1 1 1 1 1 1 1 1 1 1 1 1 1 1 1 1 1 1 1 1 1 1 1 1 1 1 1 1 1 1 1 1 1 1 1 1 1 1 1 1 1 1 1 1 1 1 1 1 1 1 1 1 1 1 1 1 1 1 1 1 1 1 1 1 1 1 1 1 1 1 1 1 1 1 1 1 1 1 1 1 1 1 1 1 1 1 1 1 1 1 1 1 1 1 1 1 1 1 1 1 1 1 1 1 1 1 1 1 1 1 1 1 1 1 1 1 1 1 1 1 1 1 1 1 1 1 1 1 1 1 1 1 1 1 1 1 1 1 1 1 1 1 1 1 1 1 1 1 1 1 1 1 1 1 1 1 1 1 1 1 1 1 1 1 1 1 1 1 1 1 1 1 1 1 1 1 1 1 1 1 1 1 1 1 1 1 1 1 1 1 1 1 1 1 1 1 1 1 1 1 1 1 1 1 1 1 1 1 1 1 1 1 1 1 1 1 1 1 1 1 1 1 1 1 1 1 1 1 1 1 1 1 1 1 1 1 1 1 1 1 1 1 1 1 1 1 1 1 1 1 1 1 1 1 1 1 1 1 1 1 1 1 1 1 1 1 1 1 1 1 1 1 1 1 1 1 1 1 1 1 1 1 1 1 1 1 1 1 1 1 1 1 1 1 1 1 1 1 1 1 1 1 1 1 1 1 1 1 1 1 1 1 1 1 1 1 1 1 1 1 1 1 1 1 1 1 1 1 1 1 1 1 1 1 1 1 1 1 1 1 1 1 1 1 1 1 1 1 1 1 1 1 1 1 1 1 1 1 1 1 1 1 1 1 1 1 1 1 1 1 1 1 1 1 1 1 1 1 1 1 1 1 1 1 1 1 1 1 1 1 1 1 1 1 1 1 1 1 1 1 1 1 1 1 1 1 1 1 1 1 1 1 1 1 1 1 1 1 1 1 1 1 1 1 1 1 1 1 1 1 1 1 1 1 1 1 1 1 1 1 1 1 1 1 1 1 1 1 1 1 1 1 1 1 1 1 1 1 1 1 1 1 1 1 1 1 1 1 1 1 1 1 1 1 1 1 1 1 1 1 1 1 1 1 1 1 1 1 1 1 1 1 1 1 1 1 1 1 1 1 1 1 1 1 1 1 1 1 1 1 1 1 1 1 1 1 1 1 1 1 1 1 1 1 1 1 1 1 1 1 1 1 1 1 1 1 1 1 1 1 1 1 1 1 1 1 1 1 1 1 1 1 1 1 1 1 1 1 1 1 1 1 1 1 1 1 1 1 1 1 1 1 1 1 1 1 1 1 1 1 1 1 1 1 1 1 1 1 1 1 1 1 1 1 1 1 1 1 1 1 1 1 1 1 1 1 1 1 1 1 1 1 1 1 1 1 1 1 1 1 1 1 1 1 1 1 1 1 1 1 1 1 1 1 1 1 1 1 1 1 1 1 1 1 1 1 1 1 1 1 1 1 1 1 1 1 1 1 1 1 1 1 1 1 1 1 1 1 1 1 1 1 1 1 1 1 1 1 1 1 1 1 1 1 1 1 1 1 1 1 1 1 1 1 1 1 1 1 1 1 1 1 1 1 1 1 1 1 1 1 1 1 1 1 1 1 1 1 1 1 1 1 1 1 1 1 1 1 1 1 1 1 1 1 1 1 1 1 1 1 1 1 1 1 1 1 1 1 1 1 1 1 1 1 1 1 1 1 1 1 1 1 1 1 1 1 1 1 1 1 1 1 1 1 1 1 1 1 1 1 1 1 1 1 1 1 1 </vcount>
          <v>0 0 0 1 0 2 0 3 0 4 0 5 0 6 0 7 0 8 0 9 0 10 0 11 0 12 0 13 0 14 0 15 0 16 0 17 0 18 0 19 0 20 0 21 0 22 0 23 0 24 0 25 0 26 0 27 0 28 0 29 0 30 0 31 0 32 0 33 0 34 0 35 0 36 0 37 0 38 0 39 0 40 0 41 0 42 0 43 0 44 0 45 0 46 0 47 0 48 0 49 0 50 0 51 0 52 0 53 0 54 0 55 0 56 0 57 0 58 0 59 0 60 0 61 0 62 0 63 0 64 0 65 0 66 0 67 0 68 0 69 0 70 0 71 0 72 0 73 0 74 0 75 0 76 0 77 0 78 0 79 0 80 0 81 0 82 0 83 0 84 0 85 0 86 0 87 0 88 0 89 0 90 0 91 0 92 0 93 0 94 0 95 0 96 0 97 0 98 0 99 0 100 0 101 0 102 0 103 0 104 0 105 0 106 0 107 0 108 0 109 0 110 0 111 0 112 0 113 0 114 0 115 0 116 0 117 0 118 0 119 0 120 0 121 0 122 0 123 0 124 0 125 0 126 0 127 0 128 0 129 0 130 0 131 0 132 0 133 0 134 0 135 0 136 0 137 0 138 0 139 0 140 0 141 0 142 0 143 0 144 0 145 0 146 0 147 0 148 0 149 0 150 0 151 0 152 0 153 0 154 0 155 0 156 0 157 0 158 0 159 0 160 0 161 0 162 0 163 0 164 0 165 0 166 0 167 0 168 0 169 0 170 0 171 0 172 0 173 0 174 0 175 0 176 0 177 0 178 0 179 0 180 0 181 0 182 0 183 0 184 0 185 0 186 0 187 0 188 0 189 0 190 0 191 0 192 0 193 0 194 0 195 0 196 0 197 0 198 0 199 0 200 0 201 0 202 0 203 0 204 0 205 0 206 0 207 0 208 0 209 0 210 0 211 0 212 0 213 0 214 0 215 0 216 0 217 0 218 0 219 0 220 0 221 0 222 0 223 0 224 0 225 0 226 0 227 0 228 0 229 0 230 0 231 0 232 0 233 0 234 0 235 0 236 0 237 0 238 0 239 0 240 0 241 0 242 0 243 0 244 0 245 0 246 0 247 0 248 0 249 0 250 0 251 0 252 0 253 0 254 0 255 0 256 0 257 0 258 0 259 0 260 0 261 0 262 0 263 0 264 0 265 0 266 0 267 0 268 0 269 0 270 0 271 0 272 0 273 0 274 0 275 0 276 0 277 0 278 0 279 0 280 0 281 0 282 0 283 0 284 0 285 0 286 0 287 0 288 0 289 0 290 0 291 0 292 0 293 0 294 0 295 0 296 0 297 0 298 0 299 0 300 0 301 0 302 0 303 0 304 0 305 0 306 0 307 0 308 0 309 0 310 0 311 0 312 0 313 0 314 0 315 0 316 0 317 0 318 0 319 0 320 0 321 0 322 0 323 0 324 0 325 0 326 0 327 0 328 0 329 0 330 0 331 0 332 0 333 0 334 0 335 0 336 0 337 0 338 0 339 0 340 0 341 0 342 0 343 0 344 0 345 0 346 0 347 0 348 0 349 0 350 0 351 0 352 0 353 0 354 0 355 0 356 0 357 0 358 0 359 0 360 0 361 0 362 0 363 0 364 0 365 0 366 0 367 0 368 0 369 0 370 0 371 0 372 0 373 0 374 0 375 0 376 0 377 0 378 0 379 0 380 0 381 0 382 0 383 0 384 0 385 0 386 0 387 0 388 0 389 0 390 0 391 0 392 0 393 0 394 0 395 0 396 0 397 0 398 0 399 0 400 0 401 0 402 0 403 0 404 0 405 0 406 0 407 0 408 0 409 0 410 0 411 0 412 0 413 0 414 0 415 0 416 0 417 0 418 0 419 0 420 0 421 0 422 0 423 0 424 0 425 0 426 0 427 0 428 0 429 0 430 0 431 0 432 0 433 0 434 0 435 0 436 0 437 0 438 0 439 0 440 0 441 0 442 0 443 0 444 0 445 0 446 0 447 0 448 0 449 0 450 0 451 0 452 0 453 0 454 0 455 0 456 0 457 0 458 0 459 0 460 0 461 0 462 0 463 0 464 0 465 0 466 0 467 0 468 0 469 0 470 0 471 0 472 0 473 0 474 0 475 0 476 0 477 0 478 0 479 0 480 0 481 0 482 0 483 0 484 0 485 0 486 0 487 0 488 0 489 0 490 0 491 0 492 0 493 0 494 0 495 0 496 0 497 0 498 0 499 0 500 0 501 0 502 0 503 0 504 0 505 0 506 0 507 0 508 0 509 0 510 0 511 0 512 0 513 0 514 0 515 0 516 0 517 0 518 0 519 0 520 0 521 0 522 0 523 0 524 0 525 0 526 0 527 0 528 0 529 0 530 0 531 0 532 0 533 0 534 0 535 0 536 0 537 0 538 0 539 0 540 0 541 0 542 0 543 0 544 0 545 0 546 0 547 0 548 0 549 0 550 0 551 0 552 0 553 0 554 0 555 0 556 0 557 0 558 0 559 0 560 0 561 0 562 0 563 0 564 0 565 0 566 0 567 0 568 0 569 0 570 0 571 0 572 0 573 0 574 0 575 0 576 0 577 0 578 0 579 0 580 0 581 0 582 0 583 0 584 0 585 0 586 0 587 0 588 0 589 0 590 0 591 0 592 0 593 0 594 0 595 0 596 0 597 0 598 0 599 0 600 0 601 0 602 0 603 0 604 0 605 0 606 0 607 0 608 0 609 0 610 0 611 0 612 0 613 0 614 0 615 0 616 0 617 0 618 0 619 0 620 0 621 0 622 0 623 0 624 0 625 0 626 0 627 0 628 0 629 0 630 0 631 0 632 0 633 0 634 0 635 0 636 0 637 0 638 0 639 0 640 0 641 0 642 0 643 0 644 0 645 0 646 0 647 0 648 0 649 0 650 0 651 0 652 0 653 0 654 0 655 0 656 0 657 0 658 0 659 0 660 0 661 0 662 0 663 0 664 0 665 0 666 0 667 0 668 0 669 0 670 0 671 0 672 0 673 0 674 0 675 0 676 0 677 0 678 0 679 0 680 0 681 0 682 0 683 0 684 0 685 0 686 0 687 0 688 0 689 0 690 0 691 0 692 0 693 0 694 0 695 0 696 0 697 0 698 0 699 0 700 0 701 0 702 0 703 0 704 0 705 0 706 0 707 0 708 0 709 0 710 0 711 0 712 0 713 0 714 0 715 0 716 0 717 0 718 0 719 0 720 0 721 0 722 0 723 0 724 0 725 0 726 0 727 0 728 0 729 0 730 0 731 0 732 0 733 0 734 0 735 0 736 0 737 0 738 0 739 0 740 0 741 0 742 0 743 0 744 0 745 0 746 0 747 0 748 0 749 0 750 0 751 0 752 0 753 0 754 0 755 0 756 0 757 0 758 0 759 0 760 0 761 0 762 0 763 0 764 0 765 0 766 0 767 0 768 0 769 0 770 0 771 0 772 0 773 0 774 0 775 0 776 0 777 0 778 0 779 0 780 0 781 0 782 0 783 0 784 0 785 0 786 0 787 0 788 0 789 0 790 0 791 0 792 0 793 0 794 0 795 0 796 0 797 0 798 0 799 0 800 0 801 0 802 0 803 0 804 0 805 0 806 0 807 0 808 0 809 0 810 0 811 0 812 0 813 0 814 0 815 0 816 0 817 0 818 0 819 0 820 0 821 0 822 0 823 0 824 0 825 0 826 0 827 0 828 0 829 0 830 0 831 0 832 0 833 0 834 0 835 0 836 0 837 0 838 0 839 0 840 0 841 0 842 0 843 0 844 0 845 0 846 0 847 0 848 0 849 0 850 0 851 0 852 0 853 0 854 0 855 0 856 0 857 0 858 0 859 0 860 0 861 0 862 0 863 0 864 0 865 0 866 0 867 0 868 0 869 0 870 0 871 0 872 0 873 0 874 0 875 0 876 0 877 0 878 0 879 0 880 0 881 0 882 0 883 0 884 0 885 0 886 0 887 0 888 0 889 0 890 0 891 0 892 0 893 0 894 0 895 0 896 0 897 0 898 0 899 0 900 0 901 0 902 0 903 0 904 0 905 0 906 0 907 0 908 0 909 0 910 0 911 0 912 0 913 0 914 0 915 0 916 0 917 0 918 0 919 0 920 0 921 0 922 0 923 0 924 0 925 0 926 0 927 0 928 0 929 0 930 0 931 0 932 0 933 0 934 0 935 0 936 0 937 0 938 0 939 0 940 0 941 0 942 0 943 0 944 0 945 0 946 0 947 0 948 0 949 0 950 0 951 0 952 0 953 0 954 0 955 0 956 0 957 0 958 0 959 0 960 0 961 0 962 0 963 0 964 0 965 0 966 0 967 0 968 0 969 0 970 0 971 0 972 0 973 0 974 0 975 0 976 0 977 0 978 0 979 0 980 0 981 0 982 0 983 0 984 0 985 0 986 0 987 0 988 0 989 0 990 0 991 0 992 0 993 0 994 0 995 0 996 0 997 0 998 0 999 0 1000 0 1001 0 1002 0 1003 0 1004 0 1005 0 1006 0 1007 0 1008 0 1009 0 1010 0 1011 0 1012 0 1013 0 1014 0 1015 0 1016 0 1017 0 1018 0 1019 0 1020 0 1021 0 1022 0 1023 0 1024 0 1025 0 1026 0 1027 0 1028 0 1029 0 1030 0 1031 0 1032 0 1033 0 1034 0 1035 0 1036 0 1037 0 1038 0 1039 0 1040 0 1041 0 1042 0 1043 0 1044 0 1045 0 1046 0 1047 0 1048 0 1049 0 1050 0 1051 0 1052 0 1053 0 1054 0 1055 0 1056 0 1057 0 1058 0 1059 0 1060 0 1061 0 1062 0 1063 0 1064 0 1065 0 1066 0 1067 0 1068 0 1069 0 1070 0 1071 0 1072 0 1073 0 1074 0 1075 0 1076 0 1077 0 1078 0 1079 0 1080 0 1081 0 1082 0 1083 0 1084 0 1085 0 1086 0 1087 0 1088 0 1089 0 1090 0 1091 0 1092 0 1093 0 1094 0 1095 0 1096 0 1097 0 1098 0 1099 0 1100 0 1101 0 1102 0 1103 0 1104 0 1105 0 1106 0 1107 0 1108 0 1109 0 1110 0 1111 0 1112 0 1113 0 1114 0 1115 0 1116 0 1117 0 1118 0 1119 0 1120 0 1121 0 1122 0 1123 0 1124 0 1125 0 1126 0 1127 0 1128 0 1129 0 1130 0 1131 0 1132 0 1133 0 1134 0 1135 0 1136 0 1137 0 1138 0 1139 0 1140 0 1141 0 1142 0 1143 0 1144 0 1145 0 1146 0 1147 0 1148 0 1149 0 1150 0 1151 0 1152 0 1153 0 1154 0 1155 0 1156 0 1157 0 1158 0 1159 0 1160 0 1161 0 1162 0 1163 0 1164 0 1165 0 1166 0 1167 0 1168 0 1169 0 1170 0 1171 0 1172 0 1173 0 1174 0 1175 0 1176 0 1177 0 1178 0 1179 0 1180 0 1181 0 1182 0 1183 0 1184 0 1185 0 1186 0 1187 0 1188 0 1189 0 1190 0 1191 0 1192 0 1193 0 1194 0 1195 0 1196 0 1197 0 1198 0 1199 0 1200 0 1201 0 1202 0 1203 0 1204 0 1205 0 1206 0 1207 0 1208 0 1209 0 1210 0 1211 0 1212 0 1213 0 1214 0 1215 0 1216 0 1217 0 1218 0 1219 0 1220 0 1221 0 1222 0 1223 0 1224 0 1225 0 1226 0 1227 0 1228 0 1229 0 1230 0 1231 0 1232 0 1233 0 1234 0 1235 0 1236 0 1237 0 1238 0 1239 0 1240 0 1241 0 1242 0 1243 0 1244 0 1245 0 1246 0 1247 0 1248 0 1249 0 1250 0 1251 0 1252 0 1253 0 1254 0 1255 0 1256 0 1257 0 1258 0 1259 0 1260 0 1261 0 1262 0 1263 0 1264 0 1265 0 1266 0 1267 0 1268 0 1269 0 1270 0 1271 0 1272 0 1273 0 1274 0 1275 0 1276 0 1277 0 1278 0 1279 0 1280 0 1281 0 1282 0 1283 0 1284 0 1285 0 1286 0 1287 0 1288 0 1289 0 1290 0 1291 0 1292 0 1293 0 1294 0 1295 0 1296 0 1297 0 1298 0 1299 0 1300 0 1301 0 1302 0 1303 0 1304 0 1305 0 1306 0 1307 0 1308 0 1309 0 1310 0 1311 0 1312 0 1313 0 1314 0 1315 0 1316 0 1317 0 1318 0 1319 0 1320 0 1321 0 1322 0 1323 0 1324 0 1325 0 1326 0 1327 0 1328 0 1329 0 1330 0 1331 0 1332 0 1333 0 1334 0 1335 0 1336 0 1337 0 1338 0 1339 0 1340 0 1341 0 1342 0 1343 0 1344 0 1345 0 1346 0 1347 0 1348 0 1349 0 1350 0 1351 0 1352 0 1353 0 1354 0 1355 0 1356 0 1357</v>
        </vertex_weights>
      </skin>
    </controller>
  </library_controllers>
  <library_visual_scenes>
    <visual_scene id="Scene" name="Scene">
      <node id="balloon_dread_Skin" name="balloon_dread_Skin" type="NODE">
        <matrix sid="transform">1 0 0 0 0 1 0 0 0 0 1 0 0 0 0 1</matrix>
        <node id="balloon_dread_Skin_Root" name="Root" sid="Root" type="JOINT">
          <matrix sid="transform">1 0 0 0.6400311 0 0.9999999 0 0.008515932 0 0 1 -0.001969337 0 0 0 1</matrix>
          <node id="balloon_dread_Skin_Dummy02" name="Dummy02" sid="Dummy02" type="JOINT">
            <matrix sid="transform">1 0 0 0 0 1 0 -13.22423 0 0 1 0 0 0 0 1</matrix>
            <extra>
              <technique profile="blender">
                <layer sid="layer" type="string">0</layer>
                <tip_x sid="tip_x" type="float">0</tip_x>
                <tip_y sid="tip_y" type="float">13.22422</tip_y>
                <tip_z sid="tip_z" type="float">0</tip_z>
              </technique>
            </extra>
          </node>
          <node id="balloon_dread_Skin_ammo_node_0" name="ammo node 0" sid="ammo_node_0" type="JOINT">
            <matrix sid="transform">1 0 0 0 0 1 0 -6.346791 0 0 1 -13.89124 0 0 0 1</matrix>
            <extra>
              <technique profile="blender">
                <layer sid="layer" type="string">0</layer>
                <tip_x sid="tip_x" type="float">0</tip_x>
                <tip_y sid="tip_y" type="float">13.22422</tip_y>
                <tip_z sid="tip_z" type="float">0</tip_z>
              </technique>
            </extra>
          </node>
          <node id="balloon_dread_Skin_pivot_node_0" name="pivot node 0" sid="pivot_node_0" type="JOINT">
            <matrix sid="transform">1 0 0 -0.6239463 0 1 0 73.14974 0 0 1 6.686359 0 0 0 1</matrix>
            <extra>
              <technique profile="blender">
                <layer sid="layer" type="string">0</layer>
                <tip_x sid="tip_x" type="float">0</tip_x>
                <tip_y sid="tip_y" type="float">13.22422</tip_y>
                <tip_z sid="tip_z" type="float">0</tip_z>
              </technique>
            </extra>
          </node>
          <extra>
            <technique profile="blender">
              <layer sid="layer" type="string">0</layer>
              <tip_x sid="tip_x" type="float">0</tip_x>
              <tip_y sid="tip_y" type="float">13.22422</tip_y>
              <tip_z sid="tip_z" type="float">0</tip_z>
            </technique>
          </extra>
        </node>
        <node id="feiting_ironclad" name="feiting.ironclad" type="NODE">
          <matrix sid="transform">1 0 0 0 0 1 0 0 0 0 1 0 0 0 0 1</matrix>
          <instance_controller url="#balloon_dread_Skin_feiting_ironclad-skin">
            <skeleton>#balloon_dread_Skin_Root</skeleton>
            <bind_material>
              <technique_common>
                <instance_material symbol="Constitution_001-material" target="#Constitution_001-material">
                  <bind_vertex_input semantic="UVMap" input_semantic="TEXCOORD" input_set="0"/>
                </instance_material>
              </technique_common>
            </bind_material>
          </instance_controller>
        </node>
      </node>
    </visual_scene>
  </library_visual_scenes>
  <scene>
    <instance_visual_scene url="#Scene"/>
  </scene>
</COLLADA>