<?xml version="1.0" encoding="utf-8"?>
<COLLADA xmlns="http://www.collada.org/2005/11/COLLADASchema" version="1.4.1" xmlns:xsi="http://www.w3.org/2001/XMLSchema-instance">
  <asset>
    <contributor>
      <author>Blender User</author>
      <authoring_tool>Blender 3.0.1 commit date:2022-01-25, commit time:17:19, hash:dc2d18018171</authoring_tool>
    </contributor>
    <created>2025-07-24T07:26:54</created>
    <modified>2025-07-24T07:26:54</modified>
    <unit name="meter" meter="1"/>
    <up_axis>Z_UP</up_axis>
  </asset>
  <library_effects>
    <effect id="gloire_Mat_002-effect">
      <profile_COMMON>
        <newparam sid="gloire-surface">
          <surface type="2D">
            <init_from>gloire</init_from>
          </surface>
        </newparam>
        <newparam sid="gloire-sampler">
          <sampler2D>
            <source>gloire-surface</source>
          </sampler2D>
        </newparam>
        <technique sid="common">
          <lambert>
            <emission>
              <color sid="emission">0 0 0 1</color>
            </emission>
            <diffuse>
              <texture texture="gloire-sampler" texcoord="UVMap"/>
            </diffuse>
            <index_of_refraction>
              <float sid="ior">1.45</float>
            </index_of_refraction>
          </lambert>
        </technique>
      </profile_COMMON>
    </effect>
  </library_effects>
  <library_images>
    <image id="gloire" name="gloire">
      <init_from>gloire.png</init_from>
    </image>
  </library_images>
  <library_materials>
    <material id="gloire_Mat_002-material" name="gloire_Mat.002">
      <instance_effect url="#gloire_Mat_002-effect"/>
    </material>
  </library_materials>
  <library_geometries>
    <geometry id="gloire_Mesh_002-mesh" name="gloire_Mesh.002">
      <mesh>
        <source id="gloire_Mesh_002-mesh-positions">
          <float_array id="gloire_Mesh_002-mesh-positions-array" count="7110">-6.410039 -9.164091 6.41463 -6.410039 -9.164091 6.41463 -6.410039 -9.164091 6.41463 -7.166609 -10.21374 6.412206 -7.166609 -10.21374 6.412206 -7.166609 -10.21374 6.412206 -5.033036 -8.057971 6.414568 -3.67939 -9.167568 6.414487 -3.67939 -9.167568 6.414487 -3.67939 -9.167568 6.414487 -2.981521 -11.31751 6.408638 -2.981521 -11.31751 6.408638 -2.981521 -11.31751 6.408638 -3.271298 -11.86477 6.40793 -3.271298 -11.86477 6.40793 -3.271298 -11.86477 6.40793 -4.405676 -11.89203 6.405689 -5.858635 -11.89027 6.405992 -5.858635 -11.89027 6.405992 -5.858635 -11.89027 6.405992 -6.948724 -11.36668 6.407909 -6.948724 -11.36668 6.407909 -6.948724 -11.36668 6.407909 -6.406556 -8.9793 13.11033 -6.406556 -8.9793 13.11033 -6.406556 -8.9793 13.11033 -7.164663 -10.13697 12.06763 -7.164663 -10.13697 12.06763 -7.164663 -10.13697 12.06763 -5.028756 -8.857716 13.75153 -5.028756 -8.857716 13.75153 -3.675949 -9.038559 12.98913 -3.675949 -9.038559 12.98913 -3.675949 -9.038559 12.98913 -2.981116 -10.22784 11.88196 -2.981116 -10.22784 11.88196 -2.981116 -10.22784 11.88196 -3.269428 -11.49737 10.67839 -3.269428 -11.49737 10.67839 -3.269428 -11.49737 10.67839 -4.405946 -12.1919 10.9276 -4.405946 -12.1919 10.9276 -5.858885 -12.16036 10.9921 -5.858885 -12.16036 10.9921 -5.858885 -12.16036 10.9921 -6.948392 -10.57802 11.2311 -6.948392 -10.57802 11.2311 -6.948392 -10.57802 11.2311 -6.321691 -14.01844 13.83615 -6.321691 -14.01844 13.83615 -6.321691 -14.01844 13.83615 -7.099987 -14.01772 12.91671 -7.099987 -14.01772 12.91671 -7.099987 -14.01772 12.91671 -4.96134 -14.01851 14.16466 -4.96134 -14.01851 14.16466 -3.655405 -14.01788 13.74853 -3.655405 -14.01788 13.74853 -3.655405 -14.01788 13.74853 -3.015052 -14.01684 12.7825 -3.015052 -14.01684 12.7825 -3.015052 -14.01684 12.7825 -3.339823 -14.0159 11.71857 -3.339823 -14.0159 11.71857 -3.339823 -14.0159 11.71857 -4.478537 -13.94532 11.07459 -4.478537 -13.94532 11.07459 -4.478537 -13.94532 11.07459 -5.896445 -14.01579 11.10116 -5.896445 -14.01579 11.10116 -5.896445 -14.01579 11.10116 -6.932052 -14.01667 11.83658 -6.932052 -14.01667 11.83658 -6.932052 -14.01667 11.83658 6.259953 -8.9793 13.11033 6.259953 -8.9793 13.11033 6.259953 -8.9793 13.11033 6.263433 -9.164091 6.41463 6.263433 -9.164091 6.41463 6.263433 -9.164091 6.41463 7.020003 -10.21373 6.412206 7.020003 -10.21373 6.412206 7.020003 -10.21373 6.412206 7.018058 -10.13696 12.06763 7.018058 -10.13696 12.06763 7.018058 -10.13696 12.06763 4.882151 -8.857718 13.75153 4.882151 -8.857718 13.75153 4.88643 -8.057964 6.414568 3.529341 -9.038552 12.98913 3.529341 -9.038552 12.98913 3.529341 -9.038552 12.98913 3.532786 -9.167566 6.414487 3.532786 -9.167566 6.414487 3.532786 -9.167566 6.414487 2.834511 -10.22783 11.88196 2.834511 -10.22783 11.88196 2.834511 -10.22783 11.88196 2.834918 -11.31751 6.408638 2.834918 -11.31751 6.408638 2.834918 -11.31751 6.408638 3.122824 -11.49736 10.67839 3.122824 -11.49736 10.67839 3.122824 -11.49736 10.67839 3.124692 -11.86476 6.40793 3.124692 -11.86476 6.40793 3.124692 -11.86476 6.40793 4.259343 -12.1919 10.92761 4.259343 -12.1919 10.92761 4.259073 -11.89203 6.405689 5.712281 -12.16035 10.9921 5.712281 -12.16035 10.9921 5.712281 -12.16035 10.9921 5.71203 -11.89025 6.405992 5.71203 -11.89025 6.405992 5.71203 -11.89025 6.405992 6.801788 -10.57802 11.2311 6.801788 -10.57802 11.2311 6.801788 -10.57802 11.2311 6.802119 -11.36667 6.407909 6.802119 -11.36667 6.407909 6.802119 -11.36667 6.407909 6.175092 -14.01843 13.83615 6.175092 -14.01843 13.83615 6.175092 -14.01843 13.83615 6.953385 -14.01771 12.91672 6.953385 -14.01771 12.91672 6.953385 -14.01771 12.91672 4.814733 -14.0185 14.16466 4.814733 -14.0185 14.16466 3.508803 -14.01787 13.74853 3.508803 -14.01787 13.74853 3.508803 -14.01787 13.74853 2.868453 -14.01684 12.7825 2.868453 -14.01684 12.7825 2.868453 -14.01684 12.7825 3.193217 -14.0159 11.71857 3.193217 -14.0159 11.71857 3.193217 -14.0159 11.71857 4.331931 -13.94532 11.07459 4.331931 -13.94532 11.07459 4.331931 -13.94532 11.07459 5.749844 -14.01579 11.10117 5.749844 -14.01579 11.10117 5.749844 -14.01579 11.10117 6.785449 -14.01666 11.83658 6.785449 -14.01666 11.83658 6.785449 -14.01666 11.83658 -6.406557 7.36612 13.11033 -6.406557 7.36612 13.11033 -6.406557 7.36612 13.11033 -6.41004 7.55091 6.414628 -6.41004 7.55091 6.414628 -6.41004 7.55091 6.414628 -7.16661 8.600564 6.412204 -7.16661 8.600564 6.412204 -7.16661 8.600564 6.412204 -7.164663 8.523792 12.06763 -7.164663 8.523792 12.06763 -7.164663 8.523792 12.06763 -5.028756 7.244539 13.75153 -5.028756 7.244539 13.75153 -5.033036 6.44479 6.414566 -3.675947 7.425382 12.98912 -3.675947 7.425382 12.98912 -3.675947 7.425382 12.98912 -3.67939 7.554387 6.414485 -3.67939 7.554387 6.414485 -3.67939 7.554387 6.414485 -2.981116 8.614665 11.88195 -2.981116 8.614665 11.88195 -2.981116 8.614665 11.88195 -2.981522 9.704329 6.408636 -2.981522 9.704329 6.408636 -2.981522 9.704329 6.408636 -3.269429 9.884188 10.67838 -3.269429 9.884188 10.67838 -3.269429 9.884188 10.67838 -3.271297 10.25159 6.407927 -3.271297 10.25159 6.407927 -3.271297 10.25159 6.407927 -4.405949 10.57872 10.9276 -4.405949 10.57872 10.9276 -4.405676 10.27885 6.405686 -5.858886 10.54718 10.99209 -5.858886 10.54718 10.99209 -5.858886 10.54718 10.99209 -5.858635 10.27708 6.405989 -5.858635 10.27708 6.405989 -5.858635 10.27708 6.405989 -6.948392 8.964845 11.23109 -6.948392 8.964845 11.23109 -6.948392 8.964845 11.23109 -6.948723 9.753499 6.407906 -6.948723 9.753499 6.407906 -6.948723 9.753499 6.407906 -6.321694 12.40526 13.83615 -6.321694 12.40526 13.83615 -6.321694 12.40526 13.83615 -7.099991 12.40454 12.91671 -7.099991 12.40454 12.91671 -7.099991 12.40454 12.91671 -4.961339 12.40533 14.16466 -4.961339 12.40533 14.16466 -3.655406 12.4047 13.74853 -3.655406 12.4047 13.74853 -3.655406 12.4047 13.74853 -3.015055 12.40366 12.7825 -3.015055 12.40366 12.7825 -3.015055 12.40366 12.7825 -3.339821 12.40272 11.71857 -3.339821 12.40272 11.71857 -3.339821 12.40272 11.71857 -4.478537 12.33214 11.07458 -4.478537 12.33214 11.07458 -4.478537 12.33214 11.07458 -5.896446 12.40261 11.10116 -5.896446 12.40261 11.10116 -5.896446 12.40261 11.10116 -6.932053 12.40349 11.83657 -6.932053 12.40349 11.83657 -6.932053 12.40349 11.83657 7.020003 8.600556 6.412204 7.020003 8.600556 6.412204 7.020003 8.600556 6.412204 6.263434 7.55091 6.414628 6.263434 7.55091 6.414628 6.263434 7.55091 6.414628 6.259953 7.36612 13.11033 6.259953 7.36612 13.11033 6.259953 7.36612 13.11033 7.018058 8.523792 12.06763 7.018058 8.523792 12.06763 7.018058 8.523792 12.06763 4.88643 6.444782 6.414566 4.882151 7.244539 13.75153 4.882151 7.244539 13.75153 3.532786 7.554387 6.414485 3.532786 7.554387 6.414485 3.532786 7.554387 6.414485 3.529341 7.425374 12.98912 3.529341 7.425374 12.98912 3.529341 7.425374 12.98912 2.834916 9.704329 6.408636 2.834916 9.704329 6.408636 2.834916 9.704329 6.408636 2.83451 8.614657 11.88195 2.83451 8.614657 11.88195 2.83451 8.614657 11.88195 3.124691 10.25158 6.407927 3.124691 10.25158 6.407927 3.124691 10.25158 6.407927 3.122823 9.884187 10.67838 3.122823 9.884187 10.67838 3.122823 9.884187 10.67838 4.259072 10.27885 6.405686 4.259343 10.57872 10.92761 4.259343 10.57872 10.92761 5.71203 10.27708 6.405989 5.71203 10.27708 6.405989 5.71203 10.27708 6.405989 5.71228 10.54717 10.99209 5.71228 10.54717 10.99209 5.71228 10.54717 10.99209 6.802118 9.753493 6.407906 6.802118 9.753493 6.407906 6.802118 9.753493 6.407906 6.801788 8.964847 11.23109 6.801788 8.964847 11.23109 6.801788 8.964847 11.23109 6.175089 12.40525 13.83615 6.175089 12.40525 13.83615 6.175089 12.40525 13.83615 6.953384 12.40454 12.91672 6.953384 12.40454 12.91672 6.953384 12.40454 12.91672 4.814733 12.40532 14.16466 4.814733 12.40532 14.16466 3.508802 12.40469 13.74853 3.508802 12.40469 13.74853 3.508802 12.40469 13.74853 2.868451 12.40366 12.7825 2.868451 12.40366 12.7825 2.868451 12.40366 12.7825 3.193217 12.40272 11.71857 3.193217 12.40272 11.71857 3.193217 12.40272 11.71857 4.331931 12.33214 11.07459 4.331931 12.33214 11.07459 4.331931 12.33214 11.07459 5.74984 12.40261 11.10117 5.74984 12.40261 11.10117 5.74984 12.40261 11.10117 6.78545 12.40348 11.83657 6.78545 12.40348 11.83657 6.78545 12.40348 11.83657 2.692442 -101.0178 10.62299 2.661075 -101.0205 10.71977 -1.823734 -101.3196 9.132679 -0.5595113 -42.65021 6.1248 1.276937 -42.65022 6.1248 1.276937 -42.65022 6.1248 -1.31842 -39.11713 6.124809 2.035855 -39.11713 6.124809 -0.5595115 -42.65021 17.46071 -0.5595115 -42.65021 17.46071 -0.5595115 -42.65021 17.46071 -0.5595115 -42.65021 17.46071 1.276936 -42.6502 17.46071 -1.31842 -39.11713 17.46071 -1.31842 -39.11713 17.46071 2.035855 -39.11713 17.46071 2.035855 -39.11713 17.46071 -0.5595133 27.85495 6.124791 1.276938 27.85494 6.124791 1.276938 27.85494 6.124791 -1.318421 31.38804 6.1248 2.035846 31.38804 6.1248 -0.559513 27.85494 17.4607 -0.559513 27.85494 17.4607 -0.559513 27.85494 17.4607 -0.559513 27.85494 17.4607 1.276938 27.85496 17.4607 -1.318421 31.38804 17.4607 -1.318421 31.38804 17.4607 2.035846 31.38804 17.4607 2.035846 31.38804 17.4607 5.914144 120.4982 13.10415 5.914144 120.4982 13.10415 5.914144 120.4982 13.10415 5.914144 120.4982 13.10415 -5.919034 120.3741 13.11101 -5.919034 120.3741 13.11101 -5.919034 120.3741 13.11101 -0.8247429 102.5736 -13.90619 20.63605 80.48045 13.13478 20.63605 80.48045 13.13478 20.63605 80.48045 13.13478 20.1031 72.16513 10.30302 20.1031 72.16513 10.30302 -19.98402 72.1651 10.30303 -19.98402 72.1651 10.30303 -19.98402 72.1651 10.30303 -20.53659 80.35977 13.14197 -20.53659 80.35977 13.14197 -20.53659 80.35977 13.14197 -20.53659 80.35977 13.14197 -19.24941 74.75323 -11.59862 -19.24941 74.75323 -11.59862 -19.24941 74.75323 -11.59862 -0.8283026 51.29159 -20.23642 -0.8283026 51.29159 -20.23642 -0.8283026 51.29159 -20.23642 17.50747 74.9001 -11.62221 17.50747 74.9001 -11.62221 19.49391 46.09847 9.105445 19.49391 46.09847 9.105445 19.49391 46.09847 9.105445 20.54321 41.5017 6.460365 20.54321 41.5017 6.460365 20.54321 41.5017 6.460365 20.54321 41.5017 6.460365 -20.41049 41.4564 6.461338 -20.41049 41.4564 6.461338 -20.41049 41.4564 6.461338 -20.41049 41.4564 6.461338 -19.38633 45.97185 9.118268 -19.38633 45.97185 9.118268 -25.63396 41.90924 -11.62687 -25.63396 41.90924 -11.62687 -25.63396 41.90924 -11.62687 -0.8283013 31.46094 -21.43146 -0.8283013 31.46094 -21.43146 -0.8283013 31.46094 -21.43146 -0.8283013 31.46094 -21.43146 23.90342 42.05614 -11.65047 23.90342 42.05614 -11.65047 23.90342 42.05614 -11.65047 19.4939 19.96938 9.098414 19.4939 19.96938 9.098414 20.55492 19.21138 6.458859 -20.41049 19.21134 6.459833 -19.38635 19.879 9.107363 -19.38635 19.879 9.107363 20.56081 -3.087999 6.457342 20.56081 -3.087999 6.457342 20.56081 -3.087999 6.457342 -20.39289 -3.078964 6.458324 -20.39289 -3.078964 6.458324 -25.62257 -32.3545 -11.69526 -25.62257 -32.3545 -11.69526 -25.62257 -32.3545 -11.69526 -0.822626 -24.94258 -21.48626 -0.822626 -24.94258 -21.48626 -0.822626 -24.94258 -21.48626 23.91479 -32.20768 -11.707 23.91479 -32.20768 -11.707 23.91479 -32.20768 -11.707 20.28969 -58.0147 15.98916 20.28969 -58.0147 15.98916 20.5725 -25.3783 6.455833 20.5725 -25.3783 6.455833 -20.38706 -25.42362 6.456807 -20.38706 -25.42362 6.456807 -20.15541 -58.02193 15.99653 -20.15541 -58.02193 15.99653 -23.67572 -82.37091 -11.73061 -23.67572 -82.37091 -11.73061 23.62731 -82.22402 -11.7542 23.62731 -82.22402 -11.7542 23.62731 -82.22402 -11.7542 14.73415 -88.68389 15.92553 14.73415 -88.68389 15.92553 14.73415 -88.68389 15.92553 14.73415 -88.68389 15.92553 19.71627 -59.03745 6.453578 -19.62428 -59.08371 6.45438 -19.62428 -59.08371 6.45438 -14.65225 -88.87522 15.93238 -14.65225 -88.87522 15.93238 -14.65225 -88.87522 15.93238 0.01149106 -93.20526 -18.53684 0.01149106 -93.20526 -18.53684 0.01149106 -93.20526 -18.53684 0.7561842 -113.6289 15.93541 0.7561842 -113.6289 15.93541 0.7561842 -113.6289 15.93541 0.7561842 -113.6289 15.93541 0.7066001 -105.5535 -11.7538 -6.518061 113.1073 2.290491 -6.518061 113.1073 2.290491 -6.518061 113.1073 2.290491 -22.77347 77.4725 2.290495 -22.77347 77.4725 2.290495 -22.77347 77.4725 2.290495 -22.77347 77.4725 2.290495 -22.77347 77.4725 2.290495 -22.77347 77.4725 2.290495 -22.77347 77.4725 2.290495 6.51063 113.26 2.290491 6.51063 113.26 2.290491 6.51063 113.26 2.290491 22.70437 77.60575 2.290495 22.70437 77.60575 2.290495 22.70437 77.60575 2.290495 22.70437 77.60575 2.290495 22.70437 77.60575 2.290495 22.70437 77.60575 2.290495 22.70437 77.60575 2.290495 -22.75797 42.83245 2.290502 -22.75797 42.83245 2.290502 -22.75797 42.83245 2.290502 -22.75797 42.83245 2.290502 -22.75797 42.83245 2.290502 -22.75797 42.83245 2.290502 -22.75797 42.83245 2.290502 22.69902 42.98069 2.290502 22.69902 42.98069 2.290502 22.69902 42.98069 2.290502 22.69902 42.98069 2.290502 22.69902 42.98069 2.290502 22.69902 42.98069 2.290502 -22.74258 8.23562 2.290505 -22.74258 8.23562 2.290505 -22.74258 8.23562 2.290505 -22.74258 8.23562 2.290505 -22.74258 8.23562 2.290505 -22.74258 8.23562 2.290505 22.6935 8.389368 2.290505 22.6935 8.389368 2.290505 22.6935 8.389368 2.290505 22.6935 8.389368 2.290505 22.6935 8.389368 2.290505 22.6935 8.389368 2.290505 22.6935 8.389368 2.290505 -22.72364 -26.33377 2.290509 -22.72364 -26.33377 2.290509 -22.72364 -26.33377 2.290509 -22.72364 -26.33377 2.290509 -22.72364 -26.33377 2.290509 -22.72364 -26.33377 2.290509 22.68915 -26.17896 2.290509 22.68915 -26.17896 2.290509 22.68915 -26.17896 2.290509 22.68915 -26.17896 2.290509 -22.70932 -60.87707 2.290513 -22.70932 -60.87707 2.290513 -22.70932 -60.87707 2.290513 -22.70932 -60.87707 2.290513 -22.70932 -60.87707 2.290513 -22.70932 -60.87707 2.290513 -22.70932 -60.87707 2.290513 22.68261 -60.68636 2.290513 22.68261 -60.68636 2.290513 22.68261 -60.68636 2.290513 22.68261 -60.68636 2.290513 22.68261 -60.68636 2.290513 22.68261 -60.68636 2.290513 22.68261 -60.68636 2.290513 22.68261 -60.68636 2.290513 -15.24891 -85.27762 2.290519 -15.24891 -85.27762 2.290519 -15.24891 -85.27762 2.290519 -15.24891 -85.27762 2.290519 15.25515 -85.12846 2.290519 15.25515 -85.12846 2.290519 15.25515 -85.12846 2.290519 15.25515 -85.12846 2.290519 0.6248226 -109.954 2.290521 0.6248226 -109.954 2.290521 0.6248226 -109.954 2.290521 0.6248226 -109.954 2.290521 13.64393 -86.88057 10.29964 13.64393 -86.88057 10.29964 -13.53899 -87.01226 10.29972 -13.53899 -87.01226 10.29972 -13.53899 -87.01226 10.29972 13.93249 -87.75349 11.05504 13.93249 -87.75349 11.05504 13.93249 -87.75349 11.05504 13.93249 -87.75349 11.05504 0.7718945 -112.2639 11.05506 0.7831484 -110.8563 10.30007 -20.44677 -58.04575 11.01235 -20.44677 -58.04575 11.01235 -13.83639 -87.88241 11.0551 -13.83639 -87.88241 11.0551 -13.83639 -87.88241 11.0551 -13.83639 -87.88241 11.0551 -19.62408 -58.04492 10.25666 -19.62408 -58.04492 10.25666 -19.62408 -58.04492 10.25666 -19.62408 -58.04492 10.25666 -19.62408 -58.04492 10.25666 20.54787 -58.12535 11.011 20.54787 -58.12535 11.011 5.88257 116.1752 10.30502 18.99868 78.70881 10.3047 -5.846474 116.0521 10.30509 -5.846474 116.0521 10.30509 -5.846474 116.0521 10.30509 -18.91105 78.58652 10.30478 -5.882468 118.7829 10.63981 20.64458 79.41057 10.5747 20.64458 79.41057 10.5747 20.64458 79.41057 10.5747 21.34863 78.4401 9.186535 -21.25311 78.3133 9.195368 -21.25311 78.3133 9.195368 -20.56699 79.28352 10.61681 -20.56699 79.28352 10.61681 -20.56699 79.28352 10.61681 5.915926 118.9108 10.57495 19.71627 -58.13586 10.25632 19.71627 -58.13586 10.25632 20.53755 72.16431 6.462765 20.53592 72.16488 10.32195 20.53592 72.16488 10.32195 20.53592 72.16488 10.32195 20.53592 72.16488 10.32195 -20.41922 72.16486 10.32606 -20.41922 72.16486 10.32606 -20.41922 72.16486 10.32606 -20.41922 72.16486 10.32606 -20.41615 72.1643 6.463737 23.63899 46.26327 10.93653 23.63899 46.26327 10.93653 23.63899 46.26327 10.93653 24.57601 46.43251 9.043247 24.57601 46.43251 9.043247 -24.47042 46.30574 9.045358 23.54829 19.93394 10.92216 23.54829 19.93394 10.92216 -23.55045 19.63125 10.9299 -23.55045 19.63125 10.9299 23.68 19.64024 10.92055 23.68 19.64024 10.92055 23.68 19.64024 10.92055 23.68 19.64024 10.92055 23.65237 -6.175911 10.92851 23.65237 -6.175911 10.92851 23.65237 -6.175911 10.92851 23.65237 -6.175911 10.92851 23.70926 19.58852 10.94473 23.56973 -31.01487 10.92453 -23.44154 -31.13584 10.9248 -23.5788 46.23965 10.94048 -23.5788 46.23965 10.94048 -23.5788 46.23965 10.94048 -23.5788 46.23965 10.94048 -23.5788 46.23965 10.94048 -23.55913 -6.167244 10.93315 -23.55913 -6.167244 10.93315 -23.55913 -6.167244 10.93315 -23.55913 -6.167244 10.93315 -23.16289 -35.16129 10.94621 -23.16289 -35.16129 10.94621 -23.16289 -35.16129 10.94621 23.29097 -35.01647 10.94603 23.29097 -35.01647 10.94603 -23.54754 -31.8212 10.94621 -5.965269 -81.51474 10.33349 -5.965269 -81.51474 10.33349 5.818639 -81.51474 10.33349 -5.96525 -67.06214 10.33349 5.818638 -67.06219 10.33349 5.818638 -67.06219 10.33349 -17.61511 -16.55698 6.476801 -17.61511 -16.55698 6.476801 17.4685 -16.55698 6.476801 -17.61511 14.92559 6.476804 17.4685 14.92551 6.476804 17.4685 14.92551 6.476804 10.40169 66.95555 8.426607 10.40169 66.95555 8.426607 10.40169 66.95555 8.426607 10.47326 61.19058 8.426607 10.47326 61.19058 8.426607 10.47326 61.19058 8.426607 5.90945 55.36611 8.426608 -6.810283 55.36612 8.426608 -6.810283 55.36612 8.426608 -6.810283 55.36612 8.426608 -9.476561 61.19058 8.426607 -9.476561 61.19058 8.426607 -9.489031 66.95555 8.426607 -9.489031 66.95555 8.426607 -6.504777 55.49004 8.750051 -6.504777 55.49004 8.750051 5.774032 55.49853 8.752808 5.774032 55.49853 8.752808 5.774032 55.49853 8.752808 10.40169 66.95555 8.426607 10.40169 66.95555 8.426607 10.40169 66.95555 8.426607 10.47326 61.19058 8.426607 5.909429 55.36611 8.426608 -6.810283 55.36612 8.426608 -6.810283 55.36612 8.426608 -6.810283 55.36612 8.426608 -9.476538 61.19058 8.426607 -9.476538 61.19058 8.426607 -9.489031 66.95555 8.426607 -9.489031 66.95555 8.426607 -6.504777 55.32452 8.750061 -6.504777 55.32452 8.750061 5.774032 55.49853 8.752819 5.774032 55.49853 8.752819 10.83117 67.15687 11.54033 10.83117 67.15687 11.54033 6.459123 63.98831 13.66142 10.84719 61.02967 11.54033 10.84719 61.02967 11.54033 6.468253 60.90859 13.66142 6.468253 60.90859 13.66142 6.468253 60.90859 13.66142 6.468253 60.90859 13.66142 6.286559 54.67064 11.54033 6.286559 54.67064 11.54033 6.286559 54.67064 11.54033 -6.644255 54.67065 11.54033 -6.644255 54.67065 11.54033 -10.99378 61.02967 11.54033 -10.94976 67.15687 11.54033 -10.94976 67.15687 11.54033 -10.94976 67.15687 11.54033 6.459703 63.98092 13.66142 6.459703 63.98092 13.66142 6.459703 63.98092 13.66142 6.467089 60.91152 13.66142 6.467089 60.91152 13.66142 6.467089 60.91152 13.66142 6.467089 60.91152 13.66142 3.714503 56.9364 13.66142 -3.973594 56.94069 13.66142 -3.973594 56.94069 13.66142 -3.973594 56.94069 13.66142 -6.62292 60.90732 13.66142 -6.62292 60.90732 13.66142 -6.59255 63.99119 13.66142 3.751751 56.85258 13.66142 3.751751 56.85258 13.66142 3.751751 56.85258 13.66142 -4.060503 56.84839 13.66142 -6.683361 60.90248 13.66142 -6.683361 60.90248 13.66142 -6.643921 64.00144 13.66142 -6.643921 64.00144 13.66142 -6.643921 64.00144 13.66142 10.28227 67.20613 13.34495 10.28227 67.20613 13.34495 10.28227 67.20613 13.34495 10.28227 67.20613 13.34495 10.28227 67.20613 13.34495 10.28227 67.20613 13.34495 -10.27972 67.22097 13.34495 -10.27972 67.22097 13.34495 -10.27972 67.22097 13.34495 10.29939 61.10257 13.34495 10.29939 61.10257 13.34495 10.29939 61.10257 13.34495 10.29939 61.10257 13.34495 10.29939 61.10257 13.34495 10.29939 61.10257 13.34495 5.916314 54.87759 13.34495 5.916314 54.87759 13.34495 5.916314 54.87759 13.34495 -6.247052 54.88286 13.34495 -6.247052 54.88286 13.34495 -6.247052 54.88286 13.34495 -6.247052 54.88286 13.34495 -6.247052 54.88286 13.34495 -6.247052 54.88286 13.34495 -6.247052 54.88286 13.34495 -10.32223 61.09654 13.34495 -10.32223 61.09654 13.34495 -10.32223 61.09654 13.34495 -10.32223 61.09654 13.34495 -10.32223 61.09654 13.34495 -10.32223 61.09654 13.34495 -10.32223 61.09654 13.34495 -10.32223 61.09654 13.34495 10.28227 67.20613 13.34495 10.28227 67.20613 13.34495 10.28227 67.20613 13.34495 10.28227 67.20613 13.34495 10.28227 67.20613 13.34495 10.28227 67.20613 13.34495 -10.27972 67.22097 13.34495 -10.27972 67.22097 13.34495 -10.27972 67.22097 13.34495 10.29939 61.10254 13.34495 10.29939 61.10254 13.34495 10.29939 61.10254 13.34495 5.916314 54.87759 13.34495 5.916314 54.87759 13.34495 5.916314 54.87759 13.34495 5.916314 54.87759 13.34495 -6.247052 54.71734 13.34495 -6.247052 54.71734 13.34495 -6.247052 54.71734 13.34495 -6.247052 54.71734 13.34495 -6.247052 54.71734 13.34495 -6.247052 54.71734 13.34495 -6.247052 54.71734 13.34495 -6.247052 54.71734 13.34495 -10.32223 61.09654 13.34495 -10.32223 61.09654 13.34495 -10.32223 61.09654 13.34495 -10.32223 61.09654 13.34495 -10.32223 61.09654 13.34495 -10.32223 61.09654 13.34495 -10.32223 61.09654 13.34495 10.38969 67.22449 13.34495 10.38969 67.22449 13.34495 10.38969 67.22449 13.34495 -10.54908 67.24085 13.34495 -10.54908 67.24085 13.34495 -10.54908 67.24085 13.34495 -10.54908 67.24085 13.34495 -10.54908 67.24085 13.34495 -10.54908 67.24085 13.34495 10.40445 61.0765 13.34495 10.40445 61.0765 13.34495 10.40445 61.0765 13.34495 10.40445 61.0765 13.34495 10.40445 61.0765 13.34495 10.40445 61.0765 13.34495 6.053823 54.67692 13.34495 6.053823 54.67692 13.34495 6.053823 54.67692 13.34495 6.053823 54.67692 13.34495 6.053823 54.67692 13.34495 6.053823 54.67692 13.34495 -6.418376 54.67179 13.34495 -6.418376 54.67179 13.34495 -6.418376 54.67179 13.34495 -10.60749 61.06887 13.34495 -10.60749 61.06887 13.34495 -10.60749 61.06887 13.34495 -21.66029 60.66631 9.87594 -21.66029 62.22627 9.371565 -17.52069 59.89847 9.868916 -17.52069 59.89847 9.868916 -14.01872 60.56792 9.868926 -9.611697 62.11312 11.23738 21.51368 62.22627 9.371565 21.51368 60.66631 9.87594 9.103837 62.11313 11.23738 13.87211 60.56792 9.868926 17.37408 59.89847 9.868916 17.37408 59.89847 9.868916 -5.971962 34.87072 6.476794 -5.971962 34.87072 6.476794 5.82535 34.87072 6.476794 -5.97196 49.31826 6.476798 5.825349 49.31822 6.476798 5.825349 49.31822 6.476798 -5.457654 108.0652 10.32961 -5.457654 108.0652 10.32961 -5.457651 100.7416 10.32961 5.311032 108.0652 10.32962 5.310999 100.7416 10.32962 -0.07330703 101.0269 12.03371 -0.07330703 101.0269 12.03371 -0.07330703 101.0269 12.03371 -0.07330703 101.0269 12.03371 -0.07329744 107.8278 12.03371 -0.07329744 107.8278 12.03371 -5.457651 85.93517 10.32961 -5.457651 85.93517 10.32961 -5.457656 78.61163 10.32961 5.311021 85.93518 10.32962 5.310995 78.61163 10.32962 -0.07330036 78.89688 12.03372 -0.07330036 78.89688 12.03372 -0.07330036 78.89688 12.03372 -0.07330036 78.89688 12.03372 -0.07329934 85.69778 12.03372 -0.07329934 85.69778 12.03372 20.5258 78.49234 11.08871 20.5258 78.49234 11.08871 -20.43963 78.36545 11.09655 -20.43963 78.36545 11.09655 -23.51302 46.05176 10.93526 -23.51302 46.05176 10.93526 -23.51302 46.05176 10.93526 -20.43963 78.36545 11.09655 -20.43963 78.36545 11.09655 -20.43963 78.36545 11.09655 20.5258 78.49234 11.08871 20.5258 78.49234 11.08871 20.5258 78.49234 11.08871 20.5258 78.49234 11.08871 23.64446 46.27954 10.93698 23.64446 46.27954 10.93698 23.64446 46.27954 10.93698 23.64446 46.27954 10.93698 20.5258 78.49234 11.08871 -20.43963 78.36545 11.09655 -25.62132 41.91162 -11.5909 -25.62132 41.91162 -11.5909 -25.62132 41.91162 -11.5909 -25.62132 41.91162 -11.5909 -25.61657 41.9987 -11.62679 -25.61657 41.9987 -11.62679 -25.61657 41.9987 -11.62679 -25.54213 42.05612 -11.65047 -25.54213 42.05612 -11.65047 -25.54213 42.05612 -11.65047 -25.54213 42.05612 -11.65047 -5.033036 -8.057971 6.414568 -5.033036 -8.057971 6.414568 -5.028756 -8.857716 13.75153 -4.405676 -11.89203 6.405689 -4.405676 -11.89203 6.405689 -4.405946 -12.1919 10.9276 -7.164663 -10.13697 12.06763 -7.164663 -10.13697 12.06763 -7.164663 -10.13697 12.06763 -6.406556 -8.9793 13.11033 -6.406556 -8.9793 13.11033 -6.406556 -8.9793 13.11033 -5.028756 -8.857716 13.75153 -5.028756 -8.857716 13.75153 -5.028756 -8.857716 13.75153 -3.675949 -9.038559 12.98913 -3.675949 -9.038559 12.98913 -3.675949 -9.038559 12.98913 -4.96134 -14.01851 14.16466 -2.981116 -10.22784 11.88196 -2.981116 -10.22784 11.88196 -2.981116 -10.22784 11.88196 -3.269428 -11.49737 10.67839 -3.269428 -11.49737 10.67839 -3.269428 -11.49737 10.67839 -4.405946 -12.1919 10.9276 -4.405946 -12.1919 10.9276 -4.405946 -12.1919 10.9276 -5.858885 -12.16036 10.9921 -5.858885 -12.16036 10.9921 -5.858885 -12.16036 10.9921 -6.948392 -10.57802 11.2311 -6.948392 -10.57802 11.2311 -6.948392 -10.57802 11.2311 -6.932052 -14.01667 11.83658 -6.932052 -14.01667 11.83658 -7.099987 -14.01772 12.91671 -6.321691 -14.01844 13.83615 -6.321691 -14.01844 13.83615 -6.321691 -14.01844 13.83615 -6.321691 -14.01844 13.83615 -5.896445 -14.01579 11.10116 -5.896445 -14.01579 11.10116 -5.896445 -14.01579 11.10116 -5.896445 -14.01579 11.10116 -3.339823 -14.0159 11.71857 -3.339823 -14.0159 11.71857 -3.339823 -14.0159 11.71857 -4.478537 -13.94532 11.07459 -3.655405 -14.01788 13.74853 -3.655405 -14.01788 13.74853 -3.655405 -14.01788 13.74853 -3.655405 -14.01788 13.74853 -3.015052 -14.01684 12.7825 -4.96134 -14.01851 14.16466 4.88643 -8.057964 6.414568 4.88643 -8.057964 6.414568 4.882151 -8.857718 13.75153 4.259073 -11.89203 6.405689 4.259073 -11.89203 6.405689 4.259343 -12.1919 10.92761 6.259953 -8.9793 13.11033 6.259953 -8.9793 13.11033 6.259953 -8.9793 13.11033 7.018058 -10.13696 12.06763 7.018058 -10.13696 12.06763 7.018058 -10.13696 12.06763 4.882151 -8.857718 13.75153 3.529341 -9.038552 12.98913 3.529341 -9.038552 12.98913 3.529341 -9.038552 12.98913 4.882151 -8.857718 13.75153 4.882151 -8.857718 13.75153 4.814733 -14.0185 14.16466 2.834511 -10.22783 11.88196 2.834511 -10.22783 11.88196 2.834511 -10.22783 11.88196 3.122824 -11.49736 10.67839 4.259343 -12.1919 10.92761 4.259343 -12.1919 10.92761 4.259343 -12.1919 10.92761 3.122824 -11.49736 10.67839 3.122824 -11.49736 10.67839 5.712281 -12.16035 10.9921 5.712281 -12.16035 10.9921 5.712281 -12.16035 10.9921 6.801788 -10.57802 11.2311 6.801788 -10.57802 11.2311 6.801788 -10.57802 11.2311 3.508803 -14.01787 13.74853 3.508803 -14.01787 13.74853 3.508803 -14.01787 13.74853 3.508803 -14.01787 13.74853 4.814733 -14.0185 14.16466 6.175092 -14.01843 13.83615 6.175092 -14.01843 13.83615 6.175092 -14.01843 13.83615 6.175092 -14.01843 13.83615 3.193217 -14.0159 11.71857 3.193217 -14.0159 11.71857 3.193217 -14.0159 11.71857 2.868453 -14.01684 12.7825 5.749844 -14.01579 11.10117 5.749844 -14.01579 11.10117 5.749844 -14.01579 11.10117 5.749844 -14.01579 11.10117 4.331931 -13.94532 11.07459 6.785449 -14.01666 11.83658 6.785449 -14.01666 11.83658 6.953385 -14.01771 12.91672 -5.033036 6.44479 6.414566 -5.033036 6.44479 6.414566 -5.028756 7.244539 13.75153 -4.405676 10.27885 6.405686 -4.405676 10.27885 6.405686 -4.405949 10.57872 10.9276 -7.164663 8.523792 12.06763 -7.164663 8.523792 12.06763 -7.164663 8.523792 12.06763 -6.406557 7.36612 13.11033 -6.406557 7.36612 13.11033 -6.406557 7.36612 13.11033 -5.028756 7.244539 13.75153 -5.028756 7.244539 13.75153 -5.028756 7.244539 13.75153 -4.961339 12.40533 14.16466 -3.675947 7.425382 12.98912 -3.675947 7.425382 12.98912 -3.675947 7.425382 12.98912 -2.981116 8.614665 11.88195 -2.981116 8.614665 11.88195 -2.981116 8.614665 11.88195 -3.269429 9.884188 10.67838 -3.269429 9.884188 10.67838 -3.269429 9.884188 10.67838 -4.405949 10.57872 10.9276 -4.405949 10.57872 10.9276 -4.405949 10.57872 10.9276 -5.858886 10.54718 10.99209 -5.858886 10.54718 10.99209 -5.858886 10.54718 10.99209 -6.948392 8.964845 11.23109 -6.948392 8.964845 11.23109 -6.948392 8.964845 11.23109 -3.655406 12.4047 13.74853 -3.655406 12.4047 13.74853 -3.655406 12.4047 13.74853 -3.655406 12.4047 13.74853 -4.961339 12.40533 14.16466 -6.321694 12.40526 13.83615 -6.321694 12.40526 13.83615 -6.321694 12.40526 13.83615 -6.321694 12.40526 13.83615 -3.339821 12.40272 11.71857 -3.339821 12.40272 11.71857 -3.339821 12.40272 11.71857 -3.015055 12.40366 12.7825 -5.896446 12.40261 11.10116 -5.896446 12.40261 11.10116 -5.896446 12.40261 11.10116 -5.896446 12.40261 11.10116 -4.478537 12.33214 11.07458 -6.932053 12.40349 11.83657 -6.932053 12.40349 11.83657 -7.099991 12.40454 12.91671 4.882151 7.244539 13.75153 4.88643 6.444782 6.414566 4.88643 6.444782 6.414566 4.259343 10.57872 10.92761 4.259072 10.27885 6.405686 4.259072 10.27885 6.405686 7.018058 8.523792 12.06763 7.018058 8.523792 12.06763 7.018058 8.523792 12.06763 6.259953 7.36612 13.11033 6.259953 7.36612 13.11033 6.259953 7.36612 13.11033 4.882151 7.244539 13.75153 4.814733 12.40532 14.16466 4.882151 7.244539 13.75153 4.882151 7.244539 13.75153 3.529341 7.425374 12.98912 3.529341 7.425374 12.98912 3.529341 7.425374 12.98912 2.83451 8.614657 11.88195 2.83451 8.614657 11.88195 2.83451 8.614657 11.88195 3.122823 9.884187 10.67838 3.122823 9.884187 10.67838 3.122823 9.884187 10.67838 4.259343 10.57872 10.92761 4.259343 10.57872 10.92761 4.259343 10.57872 10.92761 5.71228 10.54717 10.99209 5.71228 10.54717 10.99209 5.71228 10.54717 10.99209 6.801788 8.964847 11.23109 6.801788 8.964847 11.23109 6.801788 8.964847 11.23109 6.78545 12.40348 11.83657 6.78545 12.40348 11.83657 6.953384 12.40454 12.91672 6.175089 12.40525 13.83615 6.175089 12.40525 13.83615 6.175089 12.40525 13.83615 6.175089 12.40525 13.83615 5.74984 12.40261 11.10117 5.74984 12.40261 11.10117 5.74984 12.40261 11.10117 5.74984 12.40261 11.10117 3.193217 12.40272 11.71857 3.193217 12.40272 11.71857 3.193217 12.40272 11.71857 4.331931 12.33214 11.07459 3.508802 12.40469 13.74853 3.508802 12.40469 13.74853 3.508802 12.40469 13.74853 3.508802 12.40469 13.74853 2.868451 12.40366 12.7825 4.814733 12.40532 14.16466 1.276936 -42.6502 17.46071 2.035855 -39.11713 17.46071 2.035855 -39.11713 17.46071 2.035855 -39.11713 6.124809 2.035855 -39.11713 6.124809 2.035855 -39.11713 17.46071 -1.31842 -39.11713 17.46071 -1.31842 -39.11713 17.46071 -1.31842 -39.11713 6.124809 -1.31842 -39.11713 6.124809 1.276938 27.85496 17.4607 2.035846 31.38804 17.4607 2.035846 31.38804 17.4607 2.035846 31.38804 6.1248 2.035846 31.38804 6.1248 2.035846 31.38804 17.4607 -1.318421 31.38804 17.4607 -1.318421 31.38804 17.4607 -1.318421 31.38804 6.1248 -1.318421 31.38804 6.1248 -0.8247429 102.5736 -13.90619 -0.8283026 51.29159 -20.23642 -0.8283026 51.29159 -20.23642 -0.8283026 51.29159 -20.23642 -0.8247429 102.5736 -13.90619 -0.8247429 102.5736 -13.90619 17.50747 74.9001 -11.62221 17.50747 74.9001 -11.62221 17.50747 74.9001 -11.62221 -0.8283013 31.46094 -21.43146 -0.8283013 31.46094 -21.43146 -0.8283013 31.46094 -21.43146 23.90342 42.05614 -11.65047 23.90342 42.05614 -11.65047 23.90342 42.05614 -11.65047 -23.55045 19.63125 10.9299 -23.55045 19.63125 10.9299 -23.55045 19.63125 10.9299 -23.55045 19.63125 10.9299 -0.822626 -24.94258 -21.48626 -0.822626 -24.94258 -21.48626 -0.822626 -24.94258 -21.48626 20.55492 19.21138 6.458859 23.54829 19.93394 10.92216 23.54829 19.93394 10.92216 23.54829 19.93394 10.92216 -20.41049 19.21134 6.459833 -20.41049 19.21134 6.459833 -23.55045 19.63125 10.9299 -23.55913 -6.167244 10.93315 -23.55913 -6.167244 10.93315 0.01149106 -93.20526 -18.53684 0.01149106 -93.20526 -18.53684 23.91479 -32.20768 -11.707 23.91479 -32.20768 -11.707 23.91479 -32.20768 -11.707 23.91479 -32.20768 -11.707 23.62731 -82.22402 -11.7542 23.62731 -82.22402 -11.7542 23.62731 -82.22402 -11.7542 23.62731 -82.22402 -11.7542 -19.62408 -58.04492 10.25666 6.51063 113.26 2.290491 6.51063 113.26 2.290491 6.51063 113.26 2.290491 -5.882468 118.7829 10.63981 -5.882468 118.7829 10.63981 -6.518061 113.1073 2.290491 -6.518061 113.1073 2.290491 0.7066001 -105.5535 -11.7538 0.7066001 -105.5535 -11.7538 -23.67572 -82.37091 -11.73061 -23.67572 -82.37091 -11.73061 -23.67572 -82.37091 -11.73061 -23.67572 -82.37091 -11.73061 0.6248226 -109.954 2.290521 0.6248226 -109.954 2.290521 0.6248226 -109.954 2.290521 0.6248226 -109.954 2.290521 0.7066001 -105.5535 -11.7538 -0.8247429 102.5736 -13.90619 -0.8247429 102.5736 -13.90619 -19.24941 74.75323 -11.59862 -19.24941 74.75323 -11.59862 -19.24941 74.75323 -11.59862 5.915926 118.9108 10.57495 -25.61657 41.9987 -11.62679 -25.61657 41.9987 -11.62679 -25.61657 41.9987 -11.62679 -25.63396 41.90924 -11.62687 -25.63396 41.90924 -11.62687 -25.63396 41.90924 -11.62687 -25.62257 -32.3545 -11.69526 -25.62257 -32.3545 -11.69526 -25.62257 -32.3545 -11.69526 -25.62257 -32.3545 -11.69526 23.70926 19.58852 10.94473 23.70926 19.58852 10.94473 23.70926 19.58852 10.94473 23.65237 -6.175911 10.92851 23.65237 -6.175911 10.92851 23.65237 -6.175911 10.92851 23.65237 -6.175911 10.92851 -0.8247429 102.5736 -13.90619 0.7718945 -112.2639 11.05506 -23.16289 -35.16129 10.94621 -23.16289 -35.16129 10.94621 -20.44677 -58.04575 11.01235 -20.44677 -58.04575 11.01235 -20.15541 -58.02193 15.99653 -20.15541 -58.02193 15.99653 -14.65225 -88.87522 15.93238 -14.65225 -88.87522 15.93238 -14.65225 -88.87522 15.93238 -13.83639 -87.88241 11.0551 -13.83639 -87.88241 11.0551 -13.83639 -87.88241 11.0551 -20.44677 -58.04575 11.01235 0.7561842 -113.6289 15.93541 0.7561842 -113.6289 15.93541 0.7831484 -110.8563 10.30007 0.7831484 -110.8563 10.30007 14.73415 -88.68389 15.92553 14.73415 -88.68389 15.92553 14.73415 -88.68389 15.92553 20.54787 -58.12535 11.011 20.54787 -58.12535 11.011 20.54787 -58.12535 11.011 13.93249 -87.75349 11.05504 13.93249 -87.75349 11.05504 13.93249 -87.75349 11.05504 0.7718945 -112.2639 11.05506 0.7718945 -112.2639 11.05506 0.7718945 -112.2639 11.05506 18.99868 78.70881 10.3047 18.99868 78.70881 10.3047 18.99868 78.70881 10.3047 -18.91105 78.58652 10.30478 -18.91105 78.58652 10.30478 -5.919034 120.3741 13.11101 -5.919034 120.3741 13.11101 -5.919034 120.3741 13.11101 -20.53659 80.35977 13.14197 -20.53659 80.35977 13.14197 -20.53659 80.35977 13.14197 -20.56699 79.28352 10.61681 -20.56699 79.28352 10.61681 -20.56699 79.28352 10.61681 -5.882468 118.7829 10.63981 -5.882468 118.7829 10.63981 -5.882468 118.7829 10.63981 20.5258 78.49234 11.08871 20.5258 78.49234 11.08871 -20.43963 78.36545 11.09655 -20.43963 78.36545 11.09655 -20.43963 78.36545 11.09655 -20.43963 78.36545 11.09655 -20.43963 78.36545 11.09655 5.914144 120.4982 13.10415 5.914144 120.4982 13.10415 5.88257 116.1752 10.30502 5.88257 116.1752 10.30502 5.915926 118.9108 10.57495 20.63605 80.48045 13.13478 20.63605 80.48045 13.13478 20.63605 80.48045 13.13478 20.63605 80.48045 13.13478 5.915926 118.9108 10.57495 5.915926 118.9108 10.57495 20.64458 79.41057 10.5747 20.64458 79.41057 10.5747 20.5258 78.49234 11.08871 20.5258 78.49234 11.08871 20.5258 78.49234 11.08871 19.71627 -58.13586 10.25632 19.71627 -58.13586 10.25632 20.28969 -58.0147 15.98916 19.71627 -58.13586 10.25632 -5.846474 116.0521 10.30509 -5.846474 116.0521 10.30509 5.88257 116.1752 10.30502 18.99868 78.70881 10.3047 18.99868 78.70881 10.3047 18.99868 78.70881 10.3047 18.99868 78.70881 10.3047 18.99868 78.70881 10.3047 -18.91105 78.58652 10.30478 -18.91105 78.58652 10.30478 -18.91105 78.58652 10.30478 -20.41922 72.16486 10.32606 20.53592 72.16488 10.32195 -23.54754 -31.8212 10.94621 -23.54754 -31.8212 10.94621 -23.44154 -31.13584 10.9248 -20.38706 -25.42362 6.456807 -20.38706 -25.42362 6.456807 -20.38706 -25.42362 6.456807 -19.62408 -58.04492 10.25666 -19.62408 -58.04492 10.25666 -19.62428 -59.08371 6.45438 20.5725 -25.3783 6.455833 20.5725 -25.3783 6.455833 19.71627 -59.03745 6.453578 -19.62428 -59.08371 6.45438 -19.62428 -59.08371 6.45438 -19.62428 -59.08371 6.45438 -19.62428 -59.08371 6.45438 -19.62428 -59.08371 6.45438 20.56081 -3.087999 6.457342 20.56081 -3.087999 6.457342 20.56081 -3.087999 6.457342 20.56081 -3.087999 6.457342 20.54321 41.5017 6.460365 20.54321 41.5017 6.460365 20.54321 41.5017 6.460365 20.54321 41.5017 6.460365 20.55492 19.21138 6.458859 -20.41615 72.1643 6.463737 -20.41615 72.1643 6.463737 20.53755 72.16431 6.462765 -20.41049 41.4564 6.461338 -20.41049 41.4564 6.461338 -20.41049 41.4564 6.461338 -20.41049 41.4564 6.461338 -20.41049 41.4564 6.461338 -20.39289 -3.078964 6.458324 -20.39289 -3.078964 6.458324 -20.39289 -3.078964 6.458324 -20.41049 19.21134 6.459833 -20.38706 -25.42362 6.456807 20.53592 72.16488 10.32195 20.53755 72.16431 6.462765 20.1031 72.16513 10.30302 -20.41615 72.1643 6.463737 -20.41922 72.16486 10.32606 -19.98402 72.1651 10.30303 -19.98402 72.1651 10.30303 -19.98402 72.1651 10.30303 20.1031 72.16513 10.30302 20.53755 72.16431 6.462765 20.53755 72.16431 6.462765 -20.41615 72.1643 6.463737 23.56973 -31.01487 10.92453 23.56973 -31.01487 10.92453 23.29097 -35.01647 10.94603 20.54787 -58.12535 11.011 20.54787 -58.12535 11.011 20.54787 -58.12535 11.011 20.5725 -25.3783 6.455833 20.5725 -25.3783 6.455833 20.5725 -25.3783 6.455833 19.71627 -58.13586 10.25632 19.71627 -58.13586 10.25632 19.71627 -59.03745 6.453578 23.63899 46.26327 10.93653 23.63899 46.26327 10.93653 23.63899 46.26327 10.93653 23.64446 46.27954 10.93698 23.64446 46.27954 10.93698 -23.5788 46.23965 10.94048 -23.5788 46.23965 10.94048 -23.51302 46.05176 10.93526 -23.51302 46.05176 10.93526 -23.51302 46.05176 10.93526 -23.51302 46.05176 10.93526 23.54829 19.93394 10.92216 23.54829 19.93394 10.92216 23.54829 19.93394 10.92216 -23.55045 19.63125 10.9299 23.70926 19.58852 10.94473 19.4939 19.96938 9.098414 23.29097 -35.01647 10.94603 23.56973 -31.01487 10.92453 23.65237 -6.175911 10.92851 -23.44154 -31.13584 10.9248 -23.54754 -31.8212 10.94621 -23.16289 -35.16129 10.94621 3.714503 56.9364 13.66142 3.714503 56.9364 13.66142 5.916314 54.87759 13.34495 5.916314 54.87759 13.34495 -6.59255 63.99119 13.66142 -6.59255 63.99119 13.66142 -10.27972 67.22097 13.34495 -10.27972 67.22097 13.34495 6.459703 63.98092 13.66142 6.459703 63.98092 13.66142 6.459703 63.98092 13.66142 6.467089 60.91152 13.66142 6.467089 60.91152 13.66142 6.467089 60.91152 13.66142 6.467089 60.91152 13.66142 3.714503 56.9364 13.66142 10.29939 61.10254 13.34495 10.29939 61.10254 13.34495 3.714503 56.9364 13.66142 3.714503 56.9364 13.66142 -3.973594 56.94069 13.66142 -3.973594 56.94069 13.66142 5.916314 54.71206 13.34495 5.916314 54.71206 13.34495 -6.62292 60.90732 13.66142 -6.62292 60.90732 13.66142 -6.62292 60.90732 13.66142 -6.59255 63.99119 13.66142 -6.59255 63.99119 13.66142 -10.27972 67.22097 13.34495 -10.27972 67.22097 13.34495 10.38969 67.22449 13.34495 10.38969 67.22449 13.34495 10.38969 67.22449 13.34495 -6.644255 54.67065 11.54033 -6.644255 54.67065 11.54033 -6.418376 54.67179 13.34495 -6.418376 54.67179 13.34495 -6.418376 54.67179 13.34495 -10.60749 61.06887 13.34495 -10.60749 61.06887 13.34495 -10.60749 61.06887 13.34495 -10.99378 61.02967 11.54033 5.774032 55.49853 8.752808 5.774032 55.49853 8.752808 -9.489031 66.95555 8.426607 -9.489031 66.95555 8.426607 -6.59255 63.99119 13.66142 10.47326 61.19058 8.426607 10.47326 61.19058 8.426607 10.47326 61.19058 8.426607 5.774032 55.333 8.752819 5.774032 55.333 8.752819 -9.489031 66.95555 8.426607 -9.489031 66.95555 8.426607 10.83117 67.15687 11.54033 10.83117 67.15687 11.54033 6.459123 63.98831 13.66142 -4.060503 56.84839 13.66142 -6.683361 60.90248 13.66142 -6.683361 60.90248 13.66142 -0.07330703 101.0269 12.03371 -5.457651 100.7416 10.32961 -0.07329744 107.8278 12.03371 -5.457654 108.0652 10.32961 5.311032 108.0652 10.32962 5.311032 108.0652 10.32962 5.310999 100.7416 10.32962 -0.07330036 78.89688 12.03372 -5.457656 78.61163 10.32961 -0.07329934 85.69778 12.03372 -5.457651 85.93517 10.32961 5.311021 85.93518 10.32962 5.311021 85.93518 10.32962 5.310995 78.61163 10.32962 20.5258 78.49234 11.08871 21.34863 78.4401 9.186535 20.5258 78.49234 11.08871 -20.43963 78.36545 11.09655 -21.25311 78.3133 9.195368 -20.43963 78.36545 11.09655 -20.43963 78.36545 11.09655 -21.25311 78.3133 9.195368 -20.43963 78.36545 11.09655 20.5258 78.49234 11.08871 21.34863 78.4401 9.186535 20.5258 78.49234 11.08871 24.57601 46.43251 9.043247 -24.47042 46.30574 9.045358 19.71627 -58.13586 10.25632 19.71627 -58.13586 10.25632 13.64393 -86.88057 10.29964 0.7831484 -110.8563 10.30007 0.7831484 -110.8563 10.30007 0.7831484 -110.8563 10.30007 -19.62408 -58.04492 10.25666 -19.62408 -58.04492 10.25666 -13.53899 -87.01226 10.29972 -1.029359 71.22721 3.406825 -1.029359 71.22721 3.406825 1.503151 70.76686 3.406825 1.843033 71.78624 3.406825 1.843033 71.78624 3.406825 0.8582425 73.51831 3.406804 1.347718 71.34199 3.418615 1.347718 71.34199 3.418615 1.390944 70.91091 3.406826 1.390944 70.91091 3.406826 1.390944 70.91091 3.406826 1.347718 71.34199 3.418615 -1.08182e-5 120.1142 52.16248 -1.08182e-5 120.1142 52.16248 -1.08182e-5 120.1142 52.16248 -1.08182e-5 120.1142 52.16248 -1.08182e-5 120.1142 52.16248 -1.08182e-5 120.1142 52.16248 -1.08182e-5 120.1142 52.16248 -1.08182e-5 120.1142 52.16248 -16.85139 108.2192 52.16248 -16.85139 108.2192 52.16248 -16.85139 108.2192 52.16248 -16.85139 108.2192 52.16248 -16.85139 108.2192 52.16248 -15.18258 108.2192 58.07831 -15.18258 108.2192 58.07831 -15.18258 108.2192 58.07831 -15.18258 108.2192 58.07831 -15.18258 108.2192 58.07831 -10.50668 108.2192 62.82427 -10.50668 108.2192 62.82427 -10.50668 108.2192 62.82427 -10.50668 108.2192 62.82427 -10.50668 108.2192 62.82427 -3.749809 108.2192 65.45935 -3.749809 108.2192 65.45935 -3.749809 108.2192 65.45935 3.749768 108.2192 65.45935 10.50663 108.2192 62.82427 10.50663 108.2192 62.82427 10.50663 108.2192 62.82427 10.50663 108.2192 62.82427 10.50663 108.2192 62.82427 15.18253 108.2192 58.0783 15.18253 108.2192 58.0783 15.18253 108.2192 58.0783 15.18253 108.2192 58.0783 15.18253 108.2192 58.0783 16.85134 108.2192 52.16248 16.85134 108.2192 52.16248 16.85134 108.2192 52.16248 16.85134 108.2192 52.16248 16.85134 108.2192 52.16248 15.18253 108.2192 46.24664 15.18253 108.2192 46.24664 15.18253 108.2192 46.24664 15.18253 108.2192 46.24664 15.18253 108.2192 46.24664 10.50663 108.2192 41.50068 10.50663 108.2192 41.50068 10.50663 108.2192 41.50068 10.50663 108.2192 41.50068 10.50663 108.2192 41.50068 3.749756 108.2192 38.8656 3.749756 108.2192 38.8656 3.749756 108.2192 38.8656 -3.749802 108.2192 38.8656 -3.749802 108.2192 38.8656 -3.749802 108.2192 38.8656 -3.749802 108.2192 38.8656 -10.50668 108.2192 41.50068 -10.50668 108.2192 41.50068 -10.50668 108.2192 41.50068 -10.50668 108.2192 41.50068 -10.50668 108.2192 41.50068 -15.18257 108.2192 46.24665 -15.18257 108.2192 46.24665 -15.18257 108.2192 46.24665 -15.18257 108.2192 46.24665 -15.18257 108.2192 46.24665 -30.36511 74.88999 52.16248 -30.36511 74.88999 52.16248 -30.36511 74.88999 52.16248 -30.36511 74.88999 52.16248 -30.36511 74.88999 52.16248 -30.36511 74.88999 52.16248 -27.35801 74.88997 63.34631 -27.35801 74.88997 63.34631 -27.35801 74.88997 63.34631 -27.35801 74.88997 63.34631 -27.35801 74.88997 63.34631 -27.35801 74.88997 63.34631 -18.93235 74.88999 72.33914 -18.93235 74.88999 72.33914 -18.93235 74.88999 72.33914 -18.93235 74.88999 72.33914 -18.93235 74.88999 72.33914 -18.93235 74.88999 72.33914 -6.756885 74.89 77.34649 -6.756885 74.89 77.34649 -6.756885 74.89 77.34649 6.756867 74.88999 77.34649 6.756867 74.88999 77.34649 6.756867 74.88999 77.34649 18.93232 74.88998 72.33915 18.93232 74.88998 72.33915 18.93232 74.88998 72.33915 18.93232 74.88998 72.33915 18.93232 74.88998 72.33915 18.93232 74.88998 72.33915 27.358 74.88998 63.3463 27.358 74.88998 63.3463 27.358 74.88998 63.3463 27.358 74.88998 63.3463 27.358 74.88998 63.3463 27.358 74.88998 63.3463 30.36509 74.89 52.16248 30.36509 74.89 52.16248 30.36509 74.89 52.16248 30.36509 74.89 52.16248 30.36509 74.89 52.16248 30.36509 74.89 52.16248 27.358 74.88998 40.97865 27.358 74.88998 40.97865 27.358 74.88998 40.97865 27.358 74.88998 40.97865 27.358 74.88998 40.97865 27.358 74.88998 40.97865 18.93232 74.88996 31.98581 18.93232 74.88996 31.98581 18.93232 74.88996 31.98581 18.93232 74.88996 31.98581 18.93232 74.88996 31.98581 18.93232 74.88996 31.98581 6.756852 74.88999 26.97846 6.756852 74.88999 26.97846 6.756852 74.88999 26.97846 -6.756898 74.88999 26.97847 -6.756898 74.88999 26.97847 -6.756898 74.88999 26.97847 -6.756898 74.88999 26.97847 -6.756898 74.88999 26.97847 -18.93235 74.88999 31.98581 -18.93235 74.88999 31.98581 -18.93235 74.88999 31.98581 -18.93235 74.88999 31.98581 -18.93235 74.88999 31.98581 -18.93235 74.88999 31.98581 -27.35802 74.88997 40.97866 -27.35802 74.88997 40.97866 -27.35802 74.88997 40.97866 -27.35802 74.88997 40.97866 -27.35802 74.88997 40.97866 -27.35802 74.88997 40.97866 -37.86466 26.72794 52.16251 -37.86466 26.72794 52.16251 -37.86466 26.72794 52.16251 -37.86466 26.72794 52.16251 -37.86466 26.72794 52.16251 -37.86466 26.72794 52.16251 -34.1149 26.72794 67.11489 -34.1149 26.72794 67.11489 -34.1149 26.72794 67.11489 -34.1149 26.72794 67.11489 -34.1149 26.72794 67.11489 -34.1149 26.72794 67.11489 -23.60823 26.72794 79.13172 -23.60823 26.72794 79.13172 -23.60823 26.72794 79.13172 -23.60823 26.72794 79.13172 -23.60823 26.72794 79.13172 -23.60823 26.72794 79.13172 -8.425695 26.72794 85.81852 -8.425695 26.72794 85.81852 -8.425695 26.72794 85.81852 8.425686 26.72794 85.81851 8.425686 26.72794 85.81851 8.425686 26.72794 85.81851 23.60822 26.72795 79.13172 23.60822 26.72795 79.13172 23.60822 26.72795 79.13172 23.60822 26.72795 79.13172 23.60822 26.72795 79.13172 23.60822 26.72795 79.13172 34.11487 26.72795 67.11489 34.11487 26.72795 67.11489 34.11487 26.72795 67.11489 34.11487 26.72795 67.11489 34.11487 26.72795 67.11489 34.11487 26.72795 67.11489 37.86465 26.72795 52.16249 37.86465 26.72795 52.16249 37.86465 26.72795 52.16249 37.86465 26.72795 52.16249 37.86465 26.72795 52.16249 37.86465 26.72795 52.16249 34.11486 26.72794 37.2101 34.11486 26.72794 37.2101 34.11486 26.72794 37.2101 34.11486 26.72794 37.2101 34.11486 26.72794 37.2101 34.11486 26.72794 37.2101 23.60822 26.72794 25.19326 23.60822 26.72794 25.19326 23.60822 26.72794 25.19326 23.60822 26.72794 25.19326 23.60822 26.72794 25.19326 23.60822 26.72794 25.19326 8.425672 26.72793 16.08121 8.425672 26.72793 16.08121 8.425672 26.72793 16.08121 -8.425689 26.72793 16.0812 -8.425689 26.72793 16.0812 -8.425689 26.72793 16.0812 -8.425689 26.72793 16.0812 -8.425689 26.72793 16.0812 -23.60825 26.72795 25.19326 -23.60825 26.72795 25.19326 -23.60825 26.72795 25.19326 -23.60825 26.72795 25.19326 -23.60825 26.72795 25.19326 -23.60825 26.72795 25.19326 -34.11489 26.72795 37.2101 -34.11489 26.72795 37.2101 -34.11489 26.72795 37.2101 -34.11489 26.72795 37.2101 -34.11489 26.72795 37.2101 -34.11489 26.72795 37.2101 -37.86466 -26.7279 52.1625 -37.86466 -26.7279 52.1625 -37.86466 -26.7279 52.1625 -37.86466 -26.7279 52.1625 -37.86466 -26.7279 52.1625 -37.86466 -26.7279 52.1625 -34.11489 -26.7279 68.25613 -34.11489 -26.7279 68.25613 -34.11489 -26.7279 68.25613 -34.11489 -26.7279 68.25613 -34.11489 -26.7279 68.25613 -34.11489 -26.7279 68.25613 -23.60824 -26.7279 81.13627 -23.60824 -26.7279 81.13627 -23.60824 -26.7279 81.13627 -23.60824 -26.7279 81.13627 -23.60824 -26.7279 81.13627 -23.60824 -26.7279 81.13627 -8.425693 -26.7279 88.26625 -8.425693 -26.7279 88.26625 -8.425693 -26.7279 88.26625 8.42569 -26.72791 88.26625 8.42569 -26.72791 88.26625 8.42569 -26.72791 88.26625 23.60823 -26.72789 81.13626 23.60823 -26.72789 81.13626 23.60823 -26.72789 81.13626 23.60823 -26.72789 81.13626 23.60823 -26.72789 81.13626 23.60823 -26.72789 81.13626 34.11487 -26.72789 68.25612 34.11487 -26.72789 68.25612 34.11487 -26.72789 68.25612 34.11487 -26.72789 68.25612 34.11487 -26.72789 68.25612 34.11487 -26.72789 68.25612 37.86465 -26.72789 52.16249 37.86465 -26.72789 52.16249 37.86465 -26.72789 52.16249 37.86465 -26.72789 52.16249 37.86465 -26.72789 52.16249 37.86465 -26.72789 52.16249 34.11487 -26.7279 36.06885 34.11487 -26.7279 36.06885 34.11487 -26.7279 36.06885 34.11487 -26.7279 36.06885 34.11487 -26.7279 36.06885 34.11487 -26.7279 36.06885 23.60823 -26.7279 23.18872 23.60823 -26.7279 23.18872 23.60823 -26.7279 23.18872 23.60823 -26.7279 23.18872 23.60823 -26.7279 23.18872 23.60823 -26.7279 23.18872 8.425676 -26.72791 16.05874 8.425676 -26.72791 16.05874 8.425676 -26.72791 16.05874 -8.4257 -26.72791 16.05874 -8.4257 -26.72791 16.05874 -8.4257 -26.72791 16.05874 -8.4257 -26.72791 16.05874 -23.60823 -26.72791 23.18872 -23.60823 -26.72791 23.18872 -23.60823 -26.72791 23.18872 -23.60823 -26.72791 23.18872 -23.60823 -26.72791 23.18872 -23.60823 -26.72791 23.18872 -34.11489 -26.7279 36.06886 -34.11489 -26.7279 36.06886 -34.11489 -26.7279 36.06886 -34.11489 -26.7279 36.06886 -34.11489 -26.7279 36.06886 -34.11489 -26.7279 36.06886 -30.3651 -74.88995 52.16251 -30.3651 -74.88995 52.16251 -30.3651 -74.88995 52.16251 -30.3651 -74.88995 52.16251 -30.3651 -74.88995 52.16251 -30.3651 -74.88995 52.16251 -27.35802 -74.88995 65.87565 -27.35802 -74.88995 65.87565 -27.35802 -74.88995 65.87565 -27.35802 -74.88995 65.87565 -27.35802 -74.88995 65.87565 -27.35802 -74.88995 65.87565 -18.93234 -74.88995 76.84864 -18.93234 -74.88995 76.84864 -18.93234 -74.88995 76.84864 -18.93234 -74.88995 76.84864 -18.93234 -74.88995 76.84864 -18.93234 -74.88995 76.84864 -6.75688 -74.88995 82.92149 -6.75688 -74.88995 82.92149 -6.75688 -74.88995 82.92149 6.756888 -74.88995 82.92149 6.756888 -74.88995 82.92149 6.756888 -74.88995 82.92149 18.93233 -74.88995 76.84864 18.93233 -74.88995 76.84864 18.93233 -74.88995 76.84864 18.93233 -74.88995 76.84864 18.93233 -74.88995 76.84864 18.93233 -74.88995 76.84864 27.35802 -74.88996 65.87565 27.35802 -74.88996 65.87565 27.35802 -74.88996 65.87565 27.35802 -74.88996 65.87565 27.35802 -74.88996 65.87565 27.35802 -74.88996 65.87565 30.3651 -74.88996 52.16249 30.3651 -74.88996 52.16249 30.3651 -74.88996 52.16249 30.3651 -74.88996 52.16249 30.3651 -74.88996 52.16249 30.3651 -74.88996 52.16249 27.35801 -74.88996 38.44934 27.35801 -74.88996 38.44934 27.35801 -74.88996 38.44934 27.35801 -74.88996 38.44934 27.35801 -74.88996 38.44934 27.35801 -74.88996 38.44934 18.93233 -74.88996 27.47637 18.93233 -74.88996 27.47637 18.93233 -74.88996 27.47637 18.93233 -74.88996 27.47637 18.93233 -74.88996 27.47637 18.93233 -74.88996 27.47637 6.756871 -74.88996 21.4035 6.756871 -74.88996 21.4035 6.756871 -74.88996 21.4035 -6.756876 -74.88996 21.40351 -6.756876 -74.88996 21.40351 -6.756876 -74.88996 21.40351 -6.756876 -74.88996 21.40351 -6.756876 -74.88996 21.40351 -6.756876 -74.88996 21.40351 -18.93233 -74.88996 27.47636 -18.93233 -74.88996 27.47636 -18.93233 -74.88996 27.47636 -18.93233 -74.88996 27.47636 -18.93233 -74.88996 27.47636 -18.93233 -74.88996 27.47636 -27.35801 -74.88995 38.44934 -27.35801 -74.88995 38.44934 -27.35801 -74.88995 38.44934 -27.35801 -74.88995 38.44934 -27.35801 -74.88995 38.44934 -27.35801 -74.88995 38.44934 -16.85136 -108.2191 52.1625 -16.85136 -108.2191 52.1625 -16.85136 -108.2191 52.1625 -16.85136 -108.2191 52.1625 -16.85136 -108.2191 52.1625 -15.18254 -108.2191 60.06345 -15.18254 -108.2191 60.06345 -15.18254 -108.2191 60.06345 -15.18254 -108.2191 60.06345 -15.18254 -108.2191 60.06345 -10.50665 -108.2191 66.39769 -10.50665 -108.2191 66.39769 -10.50665 -108.2191 66.39769 -10.50665 -108.2191 66.39769 -10.50665 -108.2191 66.39769 -3.749775 -108.2191 69.91166 -3.749775 -108.2191 69.91166 -3.749775 -108.2191 69.91166 3.749791 -108.2191 69.91165 3.749791 -108.2191 69.91165 10.50666 -108.2191 66.39769 10.50666 -108.2191 66.39769 10.50666 -108.2191 66.39769 10.50666 -108.2191 66.39769 10.50666 -108.2191 66.39769 15.18255 -108.2191 60.06344 15.18255 -108.2191 60.06344 15.18255 -108.2191 60.06344 15.18255 -108.2191 60.06344 15.18255 -108.2191 60.06344 16.85136 -108.2191 52.1625 16.85136 -108.2191 52.1625 16.85136 -108.2191 52.1625 16.85136 -108.2191 52.1625 16.85136 -108.2191 52.1625 15.18255 -108.2191 44.26155 15.18255 -108.2191 44.26155 15.18255 -108.2191 44.26155 15.18255 -108.2191 44.26155 15.18255 -108.2191 44.26155 10.50665 -108.2191 37.92732 10.50665 -108.2191 37.92732 10.50665 -108.2191 37.92732 10.50665 -108.2191 37.92732 10.50665 -108.2191 37.92732 3.749787 -108.2191 34.41335 3.749787 -108.2191 34.41335 3.749787 -108.2191 34.41335 3.749787 -108.2191 34.41335 -3.74978 -108.2191 34.41336 -3.74978 -108.2191 34.41336 -3.74978 -108.2191 34.41336 -3.74978 -108.2191 34.41336 -10.50665 -108.2191 37.92733 -10.50665 -108.2191 37.92733 -10.50665 -108.2191 37.92733 -10.50665 -108.2191 37.92733 -10.50665 -108.2191 37.92733 -15.18255 -108.2191 44.26156 -15.18255 -108.2191 44.26156 -15.18255 -108.2191 44.26156 -15.18255 -108.2191 44.26156 -15.18255 -108.2191 44.26156 2.91765e-6 -114.6519 52.16251 2.91765e-6 -114.6519 52.16251 2.91765e-6 -114.6519 52.16251 2.91765e-6 -114.6519 52.16251 2.91765e-6 -114.6519 52.16251 2.91765e-6 -114.6519 52.16251 11.62138 31.52519 10.68437 11.62138 31.52519 10.68437 11.62138 31.52519 10.68437 -11.64219 31.52518 10.68437 -11.64219 31.52518 10.68437 -11.64219 31.52518 10.68437 11.62139 -28.12404 10.66399 11.62139 -28.12404 10.66399 11.62139 -28.12404 10.66399 -11.64219 -28.12404 10.66399 -11.64219 -28.12404 10.66399 -11.64219 -28.12404 10.66399 11.62138 31.52457 5.736793 -11.64221 31.52457 5.736793 -11.64221 31.52457 5.736793 11.62139 -28.12671 5.716411 11.62139 -28.12671 5.716411 -11.64221 -28.1267 5.716419 -11.64221 -28.1267 5.716419 0.5210785 99.32668 52.62065 0.5210785 99.32668 52.62065 17.09819 99.32667 52.56485 17.09819 99.32667 51.76004 0.5210769 99.32668 51.70425 0.4581108 99.32668 35.42934 -0.3326098 99.32668 35.42934 -0.3953557 99.32668 51.70424 -16.97244 99.32666 51.76004 -16.97244 99.32666 52.56485 -0.3953732 99.32668 52.62064 -0.3332867 99.32667 68.89555 0.458153 99.32668 68.89555 0.6695357 138.6133 52.76906 25.74306 138.6133 52.76906 25.74306 138.6133 52.76906 25.74306 138.6133 51.55582 25.74306 138.6133 51.55582 0.6695349 138.6133 51.55583 0.6695349 138.6133 51.55583 0.6695508 138.6133 26.4823 0.6695508 138.6133 26.4823 -0.543605 138.6133 26.4823 -0.543605 138.6133 26.4823 -0.5436866 138.6133 51.55582 -0.5436866 138.6133 51.55582 -25.61723 138.6133 51.55583 -25.61723 138.6133 51.55583 -25.61723 138.6133 52.76906 -25.61723 138.6133 52.76906 -0.543686 138.6133 52.76905 -0.543686 138.6133 52.76905 -0.5435805 138.6133 77.84259 -0.5435805 138.6133 77.84259 0.6695733 138.6133 77.84259 0.6695733 138.6133 77.84259 3.749768 108.2192 65.45935 3.749768 108.2192 65.45935 3.749768 108.2192 65.45935 -1.08182e-5 120.1142 52.16248 -1.08182e-5 120.1142 52.16248 -1.08182e-5 120.1142 52.16248 -1.08182e-5 120.1142 52.16248 -1.08182e-5 120.1142 52.16248 -1.08182e-5 120.1142 52.16248 3.749756 108.2192 38.8656 3.749756 108.2192 38.8656 -6.756885 74.89 77.34649 -6.756885 74.89 77.34649 -6.756885 74.89 77.34649 -3.749809 108.2192 65.45935 -3.749809 108.2192 65.45935 3.749768 108.2192 65.45935 6.756867 74.88999 77.34649 6.756867 74.88999 77.34649 6.756867 74.88999 77.34649 6.756852 74.88999 26.97846 6.756852 74.88999 26.97846 6.756852 74.88999 26.97846 -3.749802 108.2192 38.8656 -6.756898 74.88999 26.97847 -8.425695 26.72794 85.81852 -8.425695 26.72794 85.81852 -8.425695 26.72794 85.81852 8.425686 26.72794 85.81851 8.425686 26.72794 85.81851 8.425686 26.72794 85.81851 8.425672 26.72793 16.08121 -8.425693 -26.7279 88.26625 -8.425693 -26.7279 88.26625 -8.425693 -26.7279 88.26625 8.42569 -26.72791 88.26625 8.42569 -26.72791 88.26625 8.42569 -26.72791 88.26625 -6.75688 -74.88995 82.92149 -6.75688 -74.88995 82.92149 -6.75688 -74.88995 82.92149 6.756888 -74.88995 82.92149 6.756888 -74.88995 82.92149 6.756888 -74.88995 82.92149 6.756871 -74.88996 21.4035 6.756871 -74.88996 21.4035 6.756871 -74.88996 21.4035 8.425676 -26.72791 16.05874 8.425676 -26.72791 16.05874 -3.749775 -108.2191 69.91166 3.749791 -108.2191 69.91165 3.749791 -108.2191 69.91165 3.749787 -108.2191 34.41335 -3.749775 -108.2191 69.91166 3.749791 -108.2191 69.91165 2.91765e-6 -114.6519 52.16251 2.91765e-6 -114.6519 52.16251 2.91765e-6 -114.6519 52.16251 2.91765e-6 -114.6519 52.16251 2.91765e-6 -114.6519 52.16251 2.91765e-6 -114.6519 52.16251 2.91765e-6 -114.6519 52.16251 2.91765e-6 -114.6519 52.16251 -3.74978 -108.2191 34.41336 8.425672 26.72793 16.08121 -8.425689 26.72793 16.0812 -8.425689 26.72793 16.0812 8.425676 -26.72791 16.05874 8.425672 26.72793 16.08121 8.425672 26.72793 16.08121 11.62138 31.52519 10.68437 11.62138 31.52519 10.68437 11.62138 31.52519 10.68437 -8.4257 -26.72791 16.05874 8.425676 -26.72791 16.05874 8.425676 -26.72791 16.05874 11.62139 -28.12404 10.66399 11.62139 -28.12404 10.66399 11.62139 -28.12404 10.66399 -11.64219 31.52518 10.68437 -11.64219 31.52518 10.68437 -11.64219 31.52518 10.68437 -8.425689 26.72793 16.0812 -8.4257 -26.72791 16.05874 -8.4257 -26.72791 16.05874 -11.64219 -28.12404 10.66399 -11.64219 -28.12404 10.66399 -11.64219 -28.12404 10.66399 11.62139 -28.12671 5.716411 -11.64221 -28.1267 5.716419 11.62138 31.52457 5.736793 11.62138 31.52457 5.736793 -11.64221 31.52457 5.736793 17.09819 99.32667 52.56485 17.09819 99.32667 52.56485 25.74306 138.6133 52.76906 17.09819 99.32667 51.76004 17.09819 99.32667 51.76004 25.74306 138.6133 51.55582 0.5210769 99.32668 51.70425 0.5210769 99.32668 51.70425 0.6695349 138.6133 51.55583 0.4581108 99.32668 35.42934 0.4581108 99.32668 35.42934 0.6695508 138.6133 26.4823 -0.3326098 99.32668 35.42934 -0.3326098 99.32668 35.42934 -0.543605 138.6133 26.4823 -0.3953557 99.32668 51.70424 -0.3953557 99.32668 51.70424 -0.5436866 138.6133 51.55582 -16.97244 99.32666 51.76004 -16.97244 99.32666 51.76004 -25.61723 138.6133 51.55583 -16.97244 99.32666 52.56485 -16.97244 99.32666 52.56485 -25.61723 138.6133 52.76906 -0.3953732 99.32668 52.62064 -0.3953732 99.32668 52.62064 -0.543686 138.6133 52.76905 -0.3332867 99.32667 68.89555 -0.3332867 99.32667 68.89555 -0.5435805 138.6133 77.84259 0.6695357 138.6133 52.76906 0.6695357 138.6133 52.76906 0.5210785 99.32668 52.62065 0.458153 99.32668 68.89555 0.458153 99.32668 68.89555 0.6695733 138.6133 77.84259 -16.97244 99.32666 52.56485 -0.3953732 99.32668 52.62064 -0.3953732 99.32668 52.62064 -0.3953732 99.32668 52.62064 -0.3953732 99.32668 52.62064 -0.3953732 99.32668 52.62064 -16.97244 99.32666 51.76004 -16.97244 99.32666 51.76004 -0.3953557 99.32668 51.70424 -0.3953557 99.32668 51.70424 -0.3953557 99.32668 51.70424 -0.3953557 99.32668 51.70424 17.09819 99.32667 51.76004 0.5210769 99.32668 51.70425 0.5210769 99.32668 51.70425 0.5210769 99.32668 51.70425 0.5210769 99.32668 51.70425 0.5210769 99.32668 51.70425 17.09819 99.32667 52.56485 17.09819 99.32667 52.56485 0.5210785 99.32668 52.62065 0.5210785 99.32668 52.62065 0.5210785 99.32668 52.62065 0.5210785 99.32668 52.62065 0.458153 99.32668 68.89555 -0.3332867 99.32667 68.89555 -0.3332867 99.32667 68.89555 0.4581108 99.32668 35.42934 0.4581108 99.32668 35.42934 -0.3326098 99.32668 35.42934 -0.543686 138.6133 52.76905 -0.543686 138.6133 52.76905 -0.543686 138.6133 52.76905 -0.543686 138.6133 52.76905 -0.543686 138.6133 52.76905 -25.61723 138.6133 52.76906 -25.61723 138.6133 51.55583 -25.61723 138.6133 51.55583 -0.5436866 138.6133 51.55582 -0.5436866 138.6133 51.55582 -0.5436866 138.6133 51.55582 -0.5436866 138.6133 51.55582 0.6695349 138.6133 51.55583 0.6695349 138.6133 51.55583 0.6695349 138.6133 51.55583 0.6695349 138.6133 51.55583 0.6695349 138.6133 51.55583 25.74306 138.6133 51.55582 25.74306 138.6133 52.76906 25.74306 138.6133 52.76906 0.6695357 138.6133 52.76906 0.6695357 138.6133 52.76906 0.6695357 138.6133 52.76906 0.6695357 138.6133 52.76906 0.6695733 138.6133 77.84259 -0.5435805 138.6133 77.84259 -0.5435805 138.6133 77.84259 0.6695508 138.6133 26.4823 0.6695508 138.6133 26.4823 -0.543605 138.6133 26.4823 9.921122 -18.73801 2.845275 9.921122 -18.73801 2.845275 -10.09019 -18.73801 2.845275 9.921127 5.395926 2.845287 -10.09019 5.395952 2.845288 -10.09019 5.395952 2.845288 33.88905 -52.67758 5.595114 33.88905 -52.67758 5.595114 33.88905 -52.67758 5.595114 33.88905 -52.67758 5.595114 33.88508 -29.93861 3.929232 33.88508 -29.93861 3.929232 33.88508 -29.93861 3.929232 5.569712 -24.74691 3.061694 82.28825 -36.47961 6.517956 82.28825 -36.47961 6.517956 82.28825 -36.47961 6.517956 84.45978 -49.28013 6.56088 84.45978 -49.28013 6.56088 84.45978 -40.07006 6.560879 84.45978 -40.07006 6.560879 82.28826 -51.11972 6.517957 82.28826 -51.11972 6.517957 5.586135 -52.63516 4.607746 5.586135 -52.63516 4.607746 82.2834 -50.2829 7.398174 82.2834 -50.2829 7.398174 82.2834 -50.2829 7.398174 82.2834 -50.2829 7.398174 82.2834 -50.2829 7.398174 5.58614 -52.63516 1.697307 5.58614 -52.63516 1.697307 5.58614 -52.63516 1.697307 33.87368 -52.67758 2.684685 33.87368 -52.67758 2.684685 33.87368 -52.67758 2.684685 33.87368 -52.67758 2.684685 82.2834 -50.2829 5.723587 82.2834 -50.2829 5.723587 82.2834 -50.2829 5.723587 82.2834 -50.2829 5.723587 -33.91259 -30.48705 4.136795 -33.91259 -30.48705 4.136795 -33.91259 -30.48705 4.136795 -5.609869 -52.63516 1.697303 -5.609869 -52.63516 1.697303 -5.609869 -52.63516 1.697303 -5.590502 -24.74691 3.06169 -33.89741 -52.67758 2.68468 -33.89741 -52.67758 2.68468 -33.89741 -52.67758 2.68468 -33.89741 -52.67758 2.68468 -33.89741 -52.67758 2.68468 -33.89741 -52.67758 2.68468 -82.30712 -50.2829 5.723569 -82.30712 -50.2829 5.723569 -82.30712 -50.2829 5.723569 -82.30712 -50.2829 5.723569 -82.30712 -50.2829 5.723569 -82.30712 -50.2829 5.723569 -82.30903 -37.02805 6.725508 -82.30903 -37.02805 6.725508 -82.30903 -37.02805 6.725508 -84.48057 -49.28013 6.560869 -84.48057 -49.28013 6.560869 -84.48057 -40.07006 6.560864 -84.48057 -40.07006 6.560864 -5.590503 -53.84791 3.061689 -5.590503 -53.84791 3.061689 -33.89506 -53.84966 4.049066 -33.89506 -53.84966 4.049066 -33.89506 -53.84966 4.049066 -82.30903 -51.11973 6.51794 -82.30903 -51.11973 6.51794 -5.604 -52.63516 4.607736 -5.604 -52.63516 4.607736 -5.604 -52.63516 4.607736 -5.604 -52.63516 4.607736 -82.30126 -50.83134 7.605733 -82.30126 -50.83134 7.605733 -82.30126 -50.83134 7.605733 -82.30126 -50.83134 7.605733 -82.30126 -50.83134 7.605733 33.88508 -29.93861 3.929232 33.88508 -29.93861 3.929232 33.88508 -29.93861 3.929232 5.569712 -24.74691 3.061694 82.28825 -36.47961 6.517956 82.28825 -36.47961 6.517956 82.28825 -36.47961 6.517956 84.45978 -49.28013 6.56088 84.45978 -49.28013 6.56088 84.45978 -40.07006 6.560879 84.45978 -40.07006 6.560879 82.28826 -51.11972 6.517957 5.569711 -53.84791 3.061676 -33.91259 -30.48705 4.136795 -33.91259 -30.48705 4.136795 -33.91259 -30.48705 4.136795 -5.590502 -24.74691 3.06169 -33.91847 -53.22602 5.802678 -33.91847 -53.22602 5.802678 -33.91847 -53.22602 5.802678 -33.91847 -53.22602 5.802678 -33.91847 -53.22602 5.802678 -33.91847 -53.22602 5.802678 -82.30903 -37.02805 6.725508 -82.30903 -37.02805 6.725508 -82.30903 -37.02805 6.725508 -84.48057 -40.07006 6.560864 -84.48057 -40.07006 6.560864 -84.48057 -49.28013 6.560869 -84.48057 -49.28013 6.560869 -5.590503 -53.84791 3.061689 -33.89506 -53.84966 4.049066 -33.89506 -53.84966 4.049066 -33.89506 -53.84966 4.049066 -82.30903 -51.11973 6.51794 -82.30903 -51.11973 6.51794 -82.30903 -51.11973 6.51794 33.88905 20.70195 5.595104 33.88905 20.70195 5.595104 33.88905 20.70195 5.595104 33.88905 20.70195 5.595104 33.88508 43.44092 3.929222 33.88508 43.44092 3.929222 33.88508 43.44092 3.929222 5.569712 48.63262 3.061684 82.28825 36.89992 6.517947 82.28825 36.89992 6.517947 82.28825 36.89992 6.517947 84.45978 24.0994 6.56087 84.45978 24.0994 6.56087 84.45978 33.30947 6.560869 84.45978 33.30947 6.560869 82.28826 22.25981 6.517948 82.28826 22.25981 6.517948 5.586135 20.74437 4.607736 5.586135 20.74437 4.607736 82.2834 23.09663 7.398164 82.2834 23.09663 7.398164 82.2834 23.09663 7.398164 82.2834 23.09663 7.398164 82.2834 23.09663 7.398164 5.58614 20.74437 1.697297 5.58614 20.74437 1.697297 5.58614 20.74437 1.697297 33.87368 20.70195 2.684675 33.87368 20.70195 2.684675 33.87368 20.70195 2.684675 33.87368 20.70195 2.684675 82.2834 23.09663 5.723577 82.2834 23.09663 5.723577 82.2834 23.09663 5.723577 82.2834 23.09663 5.723577 -33.91259 42.89248 4.136785 -33.91259 42.89248 4.136785 -33.91259 42.89248 4.136785 -5.609869 20.74437 1.697293 -5.609869 20.74437 1.697293 -5.609869 20.74437 1.697293 -5.590502 48.63262 3.061681 -33.89741 20.70195 2.68467 -33.89741 20.70195 2.68467 -33.89741 20.70195 2.68467 -33.89741 20.70195 2.68467 -33.89741 20.70195 2.68467 -33.89741 20.70195 2.68467 -82.30712 23.09663 5.723559 -82.30712 23.09663 5.723559 -82.30712 23.09663 5.723559 -82.30712 23.09663 5.723559 -82.30712 23.09663 5.723559 -82.30712 23.09663 5.723559 -82.30903 36.35148 6.725499 -82.30903 36.35148 6.725499 -82.30903 36.35148 6.725499 -84.48057 24.0994 6.560859 -84.48057 24.0994 6.560859 -84.48057 33.30946 6.560854 -84.48057 33.30946 6.560854 -5.590503 19.53162 3.06168 -5.590503 19.53162 3.06168 -33.89506 19.52988 4.049056 -33.89506 19.52988 4.049056 -33.89506 19.52988 4.049056 -82.30903 22.2598 6.517931 -82.30903 22.2598 6.517931 -5.604 20.74437 4.607726 -5.604 20.74437 4.607726 -5.604 20.74437 4.607726 -5.604 20.74437 4.607726 -82.30126 22.54819 7.605723 -82.30126 22.54819 7.605723 -82.30126 22.54819 7.605723 -82.30126 22.54819 7.605723 -82.30126 22.54819 7.605723 33.88508 43.44092 3.929222 33.88508 43.44092 3.929222 33.88508 43.44092 3.929222 5.569712 48.63262 3.061684 82.28825 36.89992 6.517947 82.28825 36.89992 6.517947 82.28825 36.89992 6.517947 84.45978 24.0994 6.56087 84.45978 24.0994 6.56087 84.45978 33.30947 6.560869 84.45978 33.30947 6.560869 82.28826 22.25981 6.517948 5.569711 19.53162 3.061667 -33.91259 42.89248 4.136785 -33.91259 42.89248 4.136785 -33.91259 42.89248 4.136785 -5.590502 48.63262 3.061681 -33.91847 20.15351 5.802668 -33.91847 20.15351 5.802668 -33.91847 20.15351 5.802668 -33.91847 20.15351 5.802668 -33.91847 20.15351 5.802668 -33.91847 20.15351 5.802668 -82.30903 36.35148 6.725499 -82.30903 36.35148 6.725499 -82.30903 36.35148 6.725499 -84.48057 33.30946 6.560854 -84.48057 33.30946 6.560854 -84.48057 24.0994 6.560859 -84.48057 24.0994 6.560859 -5.590503 19.53162 3.06168 -33.89506 19.52988 4.049056 -33.89506 19.52988 4.049056 -33.89506 19.52988 4.049056 -82.30903 22.2598 6.517931 -82.30903 22.2598 6.517931 -82.30903 22.2598 6.517931</float_array>
          <technique_common>
            <accessor source="#gloire_Mesh_002-mesh-positions-array" count="2370" stride="3">
              <param name="X" type="float"/>
              <param name="Y" type="float"/>
              <param name="Z" type="float"/>
            </accessor>
          </technique_common>
        </source>
        <source id="gloire_Mesh_002-mesh-normals">
          <float_array id="gloire_Mesh_002-mesh-normals-array" count="6459">-0.6000179 -0.6053897 -0.5229549 -0.7105293 0.7035235 0.0142399 -0.5918451 -0.5946223 -0.5441909 -0.6074528 -0.5749991 -0.5480669 -0.6149569 -0.5860565 -0.527604 -0.65284 -0.641595 -0.4026858 -0.4580282 -0.70065 -0.547083 -0.443818 -0.6860095 -0.5765559 -0.7101082 0.702236 0.05109775 -0.6675775 0.7442656 0.02022874 -0.2287665 -0.9419862 -0.2456173 -0.2512063 -0.9429333 -0.218569 -0.63388 -0.7732769 0.01545959 -0.6338773 -0.7732792 0.01545864 -0.6338785 -0.7732782 0.01545852 -0.1905757 -0.9758771 -0.1065121 -0.1903849 -0.975937 -0.1063051 -0.1903855 -0.9759368 -0.1063046 -0.9492611 -0.3084838 0.061167 -0.9492945 -0.3083325 0.06140947 -0.9492952 -0.3083307 0.06140846 -0.8590991 -0.5117027 0.01044327 -0.8590964 -0.5117074 0.01044476 -0.8590993 -0.5117025 0.01044267 -0.6594477 -0.5206734 -0.5422436 -0.657702 -0.5177909 -0.5471021 -0.652692 -0.5094909 -0.5607248 -0.7912353 -0.3846449 -0.4753895 -0.817927 -0.4554048 -0.3515708 -0.7954211 -0.396258 -0.4585683 0.0240966 -0.9975188 -0.06614917 0.01160448 -0.9978727 -0.06415247 -0.407602 -0.7196434 -0.5621157 -0.4123852 -0.7220848 -0.5554565 -0.3913469 -0.7112727 -0.5838997 -0.001221776 -0.9982696 -0.05879169 0.008396744 -0.9981011 -0.06102216 0.005206584 -0.9979634 -0.06357681 -0.02459126 -0.9975066 -0.06615132 -0.4281218 -0.8918722 0.1458629 -0.8255222 -0.5633909 -0.03322458 -0.9826013 -0.1857055 0.002859115 -0.8113682 -0.5768657 0.09438169 -0.7934603 -0.4171363 -0.4431909 -0.7115033 -0.6403122 -0.2894192 -0.7741835 -0.4863911 -0.4050477 -0.7217776 -0.4635319 -0.5139798 -0.7056611 -0.5172491 -0.4842478 -0.6932532 -0.5526836 -0.4625376 -0.561784 -0.4937247 -0.6638033 -0.5304207 -0.5503273 -0.6448208 -0.5566868 -0.5036057 -0.6606674 -0.2837243 -0.4010756 -0.8709989 -0.2772982 -0.4121375 -0.8678988 -0.2737666 -0.4179703 -0.866229 -0.5000333 -0.1326298 -0.8557897 -0.5000318 -0.1326295 -0.8557907 -0.5000349 -0.1326302 -0.8557888 -0.3027691 -0.08025717 -0.9496788 -0.3027711 -0.08025515 -0.9496783 -0.3028551 -0.0803678 -0.949642 -0.8872915 -0.09913808 -0.4504281 -0.8872917 -0.09913843 -0.4504277 -0.8872943 -0.09914296 -0.4504215 -0.8301231 -0.08780062 -0.5506239 -0.8302614 -0.08741945 -0.5504761 -0.8302613 -0.08741998 -0.5504761 -0.8757674 -0.3102593 -0.3698254 -0.874993 -0.3347966 -0.349712 -0.8675512 -0.4372749 -0.2369508 -0.8329171 -0.445788 -0.3279058 -0.8350251 -0.4342357 -0.3378943 -0.8320242 -0.4504827 -0.32373 -0.1694248 -0.0753597 -0.9826577 -0.3568256 -0.528742 -0.7701348 -0.3480942 -0.559274 -0.7523584 -0.3503541 -0.5519291 -0.7567207 -0.01455533 -0.08292698 -0.9964494 -0.04552382 -0.05770146 -0.9972954 -0.4260749 -0.1588483 -0.8906332 -0.5785916 -0.03618407 -0.8148145 -0.9738393 -0.06393921 -0.2180573 -0.9876259 -0.03173667 -0.1535835 1.8524e-4 -0.9999995 -9.3971e-4 1.84363e-4 -0.9999995 -9.38671e-4 0.04524785 -0.9812156 -0.1875331 1.83e-4 -0.9999996 -9.46938e-4 1.86742e-4 -0.9999995 -9.47001e-4 1.78727e-4 -0.9999995 -9.39083e-4 1.77775e-4 -0.9999995 -9.69875e-4 -0.8111104 -0.5846834 0.01566696 0.7105585 0.7034943 0.01423025 -0.8110761 -0.5847383 0.01538681 -0.8335283 -0.5524339 0.006885468 -0.8335669 -0.5523722 0.007164001 -0.8335664 -0.5523729 0.00716418 0.7101075 0.702238 0.05108189 -0.623993 -0.7767841 -0.0850836 -0.6239933 -0.776784 -0.085083 -0.07520598 -0.9967906 0.02743327 -0.07520633 -0.9967905 0.02743417 0.6675766 0.7442663 0.0202285 -0.4594322 -0.6790474 -0.5725529 -0.4649137 -0.6833477 -0.562931 -0.4605095 -0.6798929 -0.570681 -0.1878089 -0.9009217 -0.3912392 -0.2267825 -0.9147011 -0.3345021 -0.1781907 -0.8977906 -0.4027655 -0.760142 -0.4005663 -0.5115963 -0.7681835 -0.4197178 -0.4834574 -0.77057 -0.4253179 -0.4746857 -0.6248512 -0.5412738 -0.5626577 -0.6741903 -0.6207785 -0.4001269 -0.609427 -0.5161794 -0.6017953 -0.8830309 -0.4676206 0.03984493 -0.9616212 -0.2691133 0.05350553 -0.02410489 -0.9975187 -0.06614893 -0.01161247 -0.9978725 -0.06415408 -0.5315878 -0.8439058 0.07237136 -0.00838989 -0.9981015 -0.0610187 0.001229703 -0.9982696 -0.05879265 0.02459478 -0.9975065 -0.06615108 -0.005203127 -0.9979634 -0.06357663 -0.4326635 -0.7770586 -0.4571456 -0.4100605 -0.7711046 -0.4870812 -0.4527305 -0.7819903 -0.4283997 -0.6110217 -0.608812 -0.5059649 -0.5883577 -0.5717196 -0.5718147 -0.5965045 -0.5849707 -0.5495379 -0.8462985 -0.3574441 -0.3949843 -0.8434199 -0.3425021 -0.4139268 -0.8484035 -0.3683518 -0.3801693 -0.6414294 -0.6209363 -0.4505625 -0.6167963 -0.5965797 -0.5134736 -0.6093133 -0.5889151 -0.5309581 -0.8392781 -0.06399804 -0.539923 -0.8391957 -0.06442838 -0.5399997 -0.8391096 -0.06432837 -0.5401453 -0.7567384 -0.1281629 -0.6410315 -0.7567881 -0.1280318 -0.6409989 -0.7567703 -0.1280153 -0.6410233 -0.425937 -0.06727468 -0.9022483 -0.425969 -0.06726491 -0.9022339 -0.4259005 -0.06699067 -0.9022866 -0.2326209 -0.1348537 -0.9631729 -0.2326213 -0.1348522 -0.963173 -0.2326195 -0.134854 -0.9631733 -0.5300419 -0.5813102 -0.6173607 -0.5558112 -0.5301219 -0.6403474 -0.5541365 -0.5337151 -0.6388122 -0.416124 -0.5035874 -0.7571266 -0.4226675 -0.493638 -0.7600485 -0.4133483 -0.5077067 -0.7558949 -0.7365117 -0.6157426 -0.280021 -0.7801709 -0.4853055 -0.3947303 -0.7865421 -0.4590599 -0.4130565 -0.7403308 -0.5494961 -0.3872524 -0.7457736 -0.534343 -0.3978686 -0.7417052 -0.5457417 -0.3899223 -0.9857017 -0.08711892 -0.1442306 -0.9535201 -0.07773572 -0.2911298 -0.287593 -0.3451206 -0.8934105 -0.2796698 -0.3574532 -0.8910735 -0.2840081 -0.3508406 -0.8923286 -0.4439915 -0.3526203 -0.8237296 0.01455748 -0.08292591 -0.9964495 0.04551541 -0.05770665 -0.9972956 -0.484606 -0.5055844 -0.7138218 -0.4428855 -0.5846085 -0.6797687 -0.5033765 -0.4611372 -0.7307289 -0.6435981 -0.5642873 -0.51707 -0.644038 -0.5635211 -0.517358 -0.6587418 -0.5349264 -0.5290679 -0.8698161 -0.3506814 -0.3470484 -0.857903 -0.4382848 -0.2681584 -0.8737795 -0.3062625 -0.3777735 -0.9061648 -0.3279685 -0.2670243 -0.9071484 -0.3182058 -0.2753668 -0.9095743 -0.2910622 -0.296576 -1.7874e-4 -0.9999996 -9.62207e-4 -1.78547e-4 -0.9999996 -9.41198e-4 -0.04524481 -0.9812139 -0.1875424 -1.82549e-4 -0.9999996 -9.408e-4 -1.7947e-4 -0.9999995 -9.38034e-4 -1.74571e-4 -0.9999996 -9.39432e-4 -1.96102e-4 -0.9999996 -9.46415e-4 -0.8335724 -0.5523633 -0.007211387 -0.811116 -0.5846744 -0.0157141 -0.7105616 -0.7034912 0.01423084 -0.07517576 -0.9967919 -0.02747076 -0.6675763 -0.7442666 0.02022886 -0.7101083 -0.7022359 0.05109834 -0.6239827 -0.7767976 0.08503693 -0.3263897 -0.8714662 -0.3660827 -0.3216366 -0.8710907 -0.3711484 -0.3411469 -0.8725564 -0.349663 -0.4752426 -0.696557 -0.5375434 -0.4591947 -0.6827859 -0.5682814 -0.4854226 -0.7053212 -0.5166111 -0.6163534 -0.532168 -0.5804358 -0.6108632 -0.5226576 -0.594706 -0.6289741 -0.5540772 -0.5453349 -0.7518908 -0.4671536 -0.4652181 -0.7461673 -0.443244 -0.4967588 -0.7540274 -0.4763074 -0.4522987 -0.9616119 -0.269138 -0.05354607 -0.9615364 -0.2693326 -0.05392384 -0.961612 -0.269138 -0.05354613 -0.8830232 -0.4676312 -0.03988987 -0.8830236 -0.4676306 -0.03988963 -0.8830231 -0.4676315 -0.03988927 -0.5316707 -0.8438264 -0.07268649 -0.5315993 -0.8438947 -0.07241606 -0.5315985 -0.8438951 -0.07241725 -0.1653352 -0.9822331 -0.08878409 0.01160693 0.9978726 -0.06415301 -0.1655768 -0.9822124 -0.08856242 -0.2066695 -0.9566334 -0.205281 -0.2220022 -0.9560871 -0.191344 0.005207955 0.9979634 -0.06357705 0.008395135 0.9981012 -0.06102144 -0.1909343 -0.9712673 -0.1420701 -0.1889103 -0.9713786 -0.1440021 -0.5587558 -0.518385 -0.6473554 -0.5850043 -0.553622 -0.5926827 -0.5701357 -0.5337164 -0.6245736 -0.3203854 -0.7720077 -0.5489602 -0.3188596 -0.7708692 -0.5514429 -0.3095929 -0.7640331 -0.5660439 -0.5481795 -0.5383648 -0.6400489 -0.5471295 -0.5364803 -0.6425249 -0.5553213 -0.5512474 -0.6226913 -0.8410464 -0.3395534 -0.4211231 -0.8417663 -0.3434329 -0.4165136 -0.8408632 -0.3385662 -0.4222821 -0.7387878 -0.6287856 -0.2425314 -0.746069 -0.6175981 -0.2489048 -0.7264145 -0.6470727 -0.2315578 -0.8150565 -0.5000024 -0.2927124 -0.838753 -0.4388358 -0.322361 -0.7481443 -0.63136 -0.2041197 -0.5206575 -0.5681763 -0.6372531 -0.5289307 -0.5595778 -0.6380478 -0.5160265 -0.5728946 -0.6367956 -0.5911985 -0.5971856 -0.5420828 -0.6158868 -0.5629066 -0.5511984 -0.5611141 -0.6352273 -0.5306951 -0.3026152 0.07993793 -0.9497547 -0.3026173 0.07993835 -0.9497541 -0.3026162 0.07993841 -0.9497544 -0.5000355 0.1325355 -0.8558031 -0.5000365 0.1325349 -0.8558025 -0.500037 0.1325355 -0.8558022 -0.8302708 0.08733159 -0.5504757 -0.8302726 0.08733153 -0.5504732 -0.8302713 0.08733201 -0.550475 -0.8872995 0.09906136 -0.4504291 -0.8873007 0.09906035 -0.4504272 -0.887305 0.099056 -0.4504196 -0.907988 -0.3840115 -0.1676095 -0.8969579 -0.4190806 -0.1408474 -0.9016284 -0.4047986 -0.1523304 -0.9849914 -0.172308 -0.01009666 -0.9819474 -0.1891531 5.31167e-4 -0.9753718 -0.2188414 0.02753823 -0.6978735 -0.6509474 -0.298731 -0.6810754 -0.6690803 -0.2974356 -0.670239 -0.6803742 -0.2964299 -0.1694246 0.0753591 -0.9826579 -0.2159809 -0.1409597 -0.966169 -0.2145859 -0.1421695 -0.9663026 -0.2171719 -0.1399139 -0.9660541 -0.3423809 -0.2661725 -0.9010703 -0.3267791 -0.2805649 -0.9024959 -0.34182 -0.2667127 -0.9011235 -0.5785911 0.03618347 -0.8148149 -0.4260756 0.1588481 -0.8906329 -0.9876255 0.03173625 -0.1535859 -0.9738391 0.06393861 -0.2180579 -0.02197283 -0.9995626 -0.01980072 -0.02242404 -0.9995619 -0.0193175 -0.02091366 -0.9995638 -0.02085816 -0.01986819 -0.9995807 -0.02106475 -0.02164536 -0.9995788 -0.01933687 -0.02112555 -0.9995793 -0.01987445 -0.3513327 -0.9313043 -0.09611219 -0.3196046 -0.9388646 -0.1280086 -0.3193575 -0.9389184 -0.1282314 -0.02390336 -0.9995719 -0.01687943 -0.02257031 -0.9995736 -0.01852923 -0.02341818 -0.9995725 -0.0175094 -0.02038216 -0.9995762 -0.02078765 -0.02340281 -0.9995725 -0.017524 -0.02186942 -0.9995745 -0.0193032 -0.02238255 -0.9995779 -0.01852524 -0.0183326 -0.9995822 -0.02234625 -0.01962316 -0.999581 -0.02128052 -0.02388083 -0.9995758 -0.01667499 -0.02112877 -0.9995793 -0.01987373 -0.02113163 -0.9995793 -0.0198698 -0.5819104 -0.539601 -0.6084497 -0.5703632 -0.5218382 -0.6343269 -0.5656898 -0.5146545 -0.6443027 -0.5709803 -0.5723793 -0.5885266 0.7105603 -0.7034924 0.01423066 -0.5739533 -0.5766959 -0.5813771 0.6675762 -0.7442666 0.02022838 -0.1467015 -0.9570721 -0.2499834 -0.1436975 -0.9567656 -0.2528848 -0.4772674 -0.6895652 -0.5447163 -0.4759206 -0.6887276 -0.5469496 0.7101079 -0.7022376 0.05108183 -0.1903501 -0.9759474 0.1062709 -0.6338721 -0.7732824 -0.01550602 -0.8591043 -0.5116931 -0.01049113 -0.9492993 -0.3083091 -0.06145113 -0.7703818 -0.4044414 -0.4928888 -0.7637788 -0.3742868 -0.5258816 -0.7677186 -0.3921647 -0.5067695 -0.6510216 -0.5325252 -0.5409139 -0.6468788 -0.5235463 -0.5544791 -0.6503697 -0.5311095 -0.5430858 -0.4021496 -0.733875 -0.5474516 -0.3981146 -0.7307229 -0.5545709 -0.4258308 -0.7526778 -0.5021397 -0.2377946 -0.9556419 -0.1737881 -0.01161205 0.9978726 -0.06415259 -0.2310611 -0.9559568 -0.18099 -0.005203127 0.9979634 -0.06357729 -0.1663174 -0.9823486 -0.0856145 -0.1737955 -0.9816722 -0.07819664 -0.2013958 -0.9717759 -0.1228466 -0.1879246 -0.972613 -0.1367785 -0.008392512 0.9981012 -0.06102102 -0.8255189 -0.5633985 0.03317791 -0.8255172 -0.5634009 0.03317826 -0.8255203 -0.5633964 0.03317695 -0.4283549 -0.891698 -0.146243 -0.4283232 -0.8917096 -0.1462653 -0.4282725 -0.8917547 -0.146138 -0.8113687 -0.5768574 -0.09442645 -0.8113342 -0.5768591 -0.09471195 -0.8113306 -0.5768647 -0.09471017 -0.9825959 -0.1857336 -0.002897441 -0.9825958 -0.1857344 -0.002897739 -0.9825959 -0.1857334 -0.002897322 -0.7569684 0.1275581 -0.6408805 -0.7569676 0.1275578 -0.6408817 -0.7569691 0.127558 -0.6408796 -0.8394392 0.06355524 -0.5397247 -0.8393697 0.06331002 -0.5398616 -0.8394344 0.06355887 -0.5397318 -0.2328452 0.1344103 -0.9631807 -0.2328322 0.1344019 -0.963185 -0.2326174 0.1347777 -0.9631844 -0.4258317 0.06662476 -0.9023462 -0.4258304 0.0666241 -0.9023469 -0.4258304 0.06662511 -0.9023467 -0.5565822 -0.5362488 -0.6345499 -0.5455895 -0.5501229 -0.6322159 -0.5623841 -0.528706 -0.6357627 -0.6441973 -0.6303758 -0.4331701 -0.6650756 -0.6026059 -0.4410677 -0.6907361 -0.5657472 -0.4503487 -0.8039682 -0.5343878 -0.2608922 -0.7973933 -0.5478146 -0.2531067 -0.8139771 -0.5129689 -0.272588 -0.8222957 -0.5425462 -0.1716787 -0.8616701 -0.4526271 -0.2294634 -0.8830152 -0.3919629 -0.2581657 -0.9535194 0.07773572 -0.2911323 -0.9807003 -0.00849241 -0.1953324 -0.9760299 0.007647931 -0.2175021 -0.9744446 0.01457017 -0.2241546 -0.5800185 -0.3355475 -0.7422847 -0.5957537 -0.3309241 -0.7318243 -0.5541009 -0.3419267 -0.7589852 -0.4246999 -0.5149033 -0.7446507 -0.4283565 -0.5113447 -0.7450082 -0.4249714 -0.5146409 -0.7446773 -0.3110618 -0.3629618 -0.8783504 -0.3398554 -0.336691 -0.8781445 -0.3281111 -0.347867 -0.878255 -0.33761 -0.3409172 -0.8773796 -0.348613 -0.3313449 -0.8767437 -0.3291129 -0.3479633 -0.8778419 -0.6327858 -0.6374956 -0.4395241 -0.6589639 -0.5979193 -0.4563543 -0.6145895 -0.6628186 -0.427728 -0.5757718 -0.6800935 -0.4538277 -0.6721031 -0.564418 -0.4792806 -0.6549646 -0.5875382 -0.4752056 -0.936162 -0.3314536 -0.1172147 -0.9393007 -0.3157775 -0.1341603 -0.9352515 -0.3357182 -0.1122408 -0.9141889 -0.397031 -0.08139598 -0.9393021 -0.3006501 -0.1652911 -0.9319022 -0.3337765 -0.1419565 -0.02508491 -0.9992552 -0.02932488 -0.02738893 -0.9992536 -0.02724176 -0.02670103 -0.9992541 -0.02790004 -0.02784931 -0.9992849 -0.02557802 -0.03128069 -0.9992815 -0.02139908 -0.02947092 -0.9992834 -0.02375054 -0.3356626 -0.9101406 -0.2428472 -0.3024408 -0.9139277 -0.2706766 -0.2846009 -0.9156367 -0.2839218 -0.0263288 -0.9992755 -0.02748405 -0.02670729 -0.9992753 -0.02712625 -0.0306217 -0.9992718 -0.02276504 -0.02453982 -0.9992766 -0.02905368 -0.02655369 -0.9992753 -0.02727335 -0.02780109 -0.9992744 -0.02603548 -0.0279389 -0.9992795 -0.02568852 -0.02468144 -0.9992819 -0.0287519 -0.02409237 -0.9992821 -0.02923631 -0.02741032 -0.9992697 -0.02662479 -0.02872121 -0.9992685 -0.02524811 -0.02937996 -0.9992679 -0.02450269 -0.1983329 -0.9570438 -0.2114977 -0.06863379 0.9976243 0.005915224 -0.1932659 -0.9566587 -0.2178359 -3.15961e-5 -3.58297e-5 -1 -3.4594e-5 -3.29445e-5 -1 -3.34774e-5 -3.40785e-5 -1 -3.4348e-5 -3.5363e-5 -1 -3.47031e-5 -3.40295e-5 -1 -3.25002e-5 -3.60675e-5 -1 -0.8295135 -0.3839313 -0.4055911 -0.824708 -0.3615597 -0.4348924 0.9776985 -0.2100135 3.0993e-7 0.9776988 -0.2100126 0 -0.8247119 -0.3615793 -0.4348686 -0.832946 -0.3999123 -0.3824543 -3.17634e-5 -1 -3.56814e-5 -3.3848e-5 -1 -3.37104e-5 -3.24877e-5 -1 -3.5671e-5 -3.30445e-5 -1 -3.36959e-5 -3.34498e-5 -1 -3.3303e-5 -3.34458e-5 -1 -3.39717e-5 -0.9776993 -0.2100099 0 -0.9776991 -0.2100107 -2.17095e-7 -3.15386e-5 -3.58803e-5 -1 -3.45345e-5 -3.30068e-5 -1 -3.34208e-5 -3.4134e-5 -1 -3.26827e-5 -3.48414e-5 -1 -3.35271e-5 -3.40296e-5 -1 -3.13243e-5 -3.60676e-5 -1 -0.8295123 -0.3839339 -0.4055911 -0.8247069 -0.3615623 -0.4348923 0.9776992 -0.2100104 2.75991e-7 0.9776993 -0.2100099 0 -0.8247109 -0.3615818 -0.4348686 -0.8329448 -0.3999147 -0.3824543 -3.1567e-5 -1 -3.54541e-5 -3.36471e-5 -1 -3.35097e-5 -3.19723e-5 -1 -3.50932e-5 -3.34423e-5 -1 -3.41129e-5 -3.38497e-5 -1 -3.37088e-5 -3.35161e-5 -1 -3.40404e-5 -0.9776993 -0.2100095 0 -0.9776992 -0.2100104 -2.31118e-7 -0.04431968 0.02283847 -0.9987564 -0.04431968 0.02283775 -0.9987564 0.009714961 0.01590418 0.9998263 -0.01599246 -0.009206056 -0.9998298 0.02319651 -1.15674e-4 0.999731 -0.0157898 -0.009001731 -0.9998349 -0.005118489 -0.00489515 -0.999975 -2.6643e-6 -1.54225e-5 1 -0.005193948 -0.004814863 -0.9999749 -0.2144076 -0.1957821 -0.9569215 -0.2161841 -0.1940268 -0.9568793 -0.2132872 -0.1968746 -0.9569477 -0.9908205 0.1342892 0.01553112 -0.7653791 -0.4278895 -0.4807342 -0.7284021 -0.3730776 -0.5746682 -0.6691948 -0.5147106 -0.5359584 -0.9772884 0.2115243 -0.01284217 -0.9838114 0.1315876 0.1216542 -0.2955019 0.1170589 -0.9481434 -0.5132341 -0.6162253 -0.5973753 -0.5313963 -0.5973203 -0.6006885 -0.5566162 -0.5692727 -0.6050677 0.9569736 0.1858443 -0.2228536 -0.7831602 -0.4869344 0.3867237 -0.7830582 -0.4867866 0.3871161 -0.8364242 -0.5440664 -0.06622952 -0.7788956 -0.6259279 -0.03919064 0.9487894 0.1834594 -0.2571797 -0.6451 -0.5889 -0.4868704 -0.659842 -0.5678226 -0.492124 -0.6459419 -0.5877248 -0.4871743 -1 -1.8466e-4 -4.21062e-4 -0.7569934 -0.5880344 -0.2849153 -0.7345485 -0.6260923 -0.261624 -0.7105588 -0.6627986 -0.2362291 -0.7532742 -0.5904711 -0.2896925 -0.7706866 -0.5583395 -0.3070818 -0.7777504 -0.5445039 -0.3140382 -0.9999997 -2.19202e-4 -8.26877e-4 -0.9999997 -2.18292e-4 -8.27814e-4 -0.9999997 -2.19632e-4 -8.26416e-4 -0.469488 0.1073083 -0.8763937 -0.4694867 0.1073073 -0.8763945 -0.4694891 0.1073089 -0.8763931 -0.7690517 0.07585591 -0.6346696 -0.7690998 0.07627099 -0.6345614 -0.7690511 0.07585614 -0.6346703 -0.7799783 0.07787716 -0.6209421 -0.7799499 0.07759952 -0.6210126 -0.7799647 0.07759451 -0.6209945 -0.9601258 0.271225 -0.06779128 -0.998788 0.04353743 -0.02296018 -0.9955442 -4.45429e-4 -0.09429562 -0.9628997 0.2697119 0.008930563 -0.8451935 -0.3742851 -0.3815217 -0.9808187 -0.02848339 0.1928302 -0.9662934 0.2570728 -0.01380842 -0.9808154 -0.01413577 0.1944256 -0.9720091 0.1904312 0.137602 -0.3421033 0.06732881 -0.9372472 -0.344735 0.06064754 -0.9367389 -0.3487761 0.06652742 -0.934842 -0.3464021 0.05642884 -0.9363875 -0.3484687 0.06871509 -0.9347984 -0.530066 -0.5896802 -0.6093499 -0.5390534 -0.5786766 -0.612009 -0.5570319 -0.5556073 -0.617265 -0.5646738 -0.563162 -0.6033176 -0.5109556 -0.6271252 -0.5879101 -0.5974945 -0.5178111 -0.612268 0.9996221 0.009357213 -0.02585107 -0.9790213 -0.1906214 -0.07197797 -0.9789718 -0.1907889 -0.07220673 -0.8672757 -0.3845632 -0.3161393 0.9411028 0.2720784 -0.2007463 0.9909217 0.02596271 -0.1319096 -0.7933577 -0.4823215 -0.3714159 -0.7191284 -0.6432402 -0.2628621 -0.7801024 -0.5172365 -0.3520038 -0.782385 -0.5202333 -0.3423901 -0.7717906 -0.5455826 -0.3266174 -0.7698573 -0.5500117 -0.323739 -0.8182789 -4.80021e-6 -0.5748216 -0.8182164 -2.71313e-4 -0.5749104 -0.8181793 -4.00128e-4 -0.5749631 -0.8209677 7.23909e-4 -0.5709742 -0.8210089 6.92784e-4 -0.5709151 -0.8210411 9.81037e-4 -0.5708685 -0.9955651 -0.001023173 -0.09407007 -0.998756 0.04409807 -0.0232762 -0.999576 0.02546638 -0.01411545 -0.9996853 0.02076488 0.01407927 -0.9957103 -4.43048e-4 -0.09252536 -0.3672685 8.66635e-4 -0.9301147 -0.3674234 8.00171e-4 -0.9300535 -0.5546897 -0.5172333 -0.6517586 -0.5126907 -0.577627 -0.6352129 -0.56297 -0.5039985 -0.6550194 -0.5625001 -0.5054742 -0.6542855 -0.5489342 -0.5268285 -0.64894 -0.5435995 -0.5348837 -0.6468377 0.9998415 0.01075726 0.01419132 -0.9962848 1.28834e-4 -0.08611965 0.9992311 0.03380167 -0.01987206 -0.7560003 -0.5800242 -0.3033735 -0.7749746 -0.5379837 -0.3316442 -0.7662487 -0.5579692 -0.3186431 -0.7460459 -0.5965428 -0.2958925 -0.7846974 -0.5105653 -0.3515297 -0.8072461 -0.4482846 -0.3839203 -0.357016 -0.3872162 -0.8500608 -0.3531956 -0.3918669 -0.8495253 -0.3492463 -0.3965816 -0.8489701 -0.8161082 -6.46206e-4 -0.577899 -0.816109 -6.47103e-4 -0.5778976 -0.8161111 -6.48837e-4 -0.5778947 -0.8181924 -9.3826e-5 -0.5749446 -0.8182719 1.58818e-4 -0.5748316 -0.8182705 1.5996e-4 -0.5748336 -0.9957227 -5.45488e-4 -0.09239137 -0.9997538 0.01647579 0.01486217 -0.9996485 0.005301833 0.02597713 -0.9995735 0.01693272 0.02379578 -0.9952876 3.22456e-4 -0.09696727 -0.7926177 -0.4891815 -0.3639488 -0.8135918 -0.4263584 -0.3953313 -0.7422606 -0.6046993 -0.2887699 -0.7656348 -0.5530155 -0.3285988 -0.781167 -0.5162807 -0.3510447 -0.7597703 -0.5659242 -0.3201235 -0.8162533 -2.18647e-4 -0.5776941 -0.8161512 -6.12512e-4 -0.5778382 -0.8162553 -2.19705e-4 -0.5776915 -0.8232368 -0.004144608 -0.5676831 -0.8233061 -0.003728508 -0.5675855 -0.8233068 -0.003729224 -0.5675845 -0.9978194 -0.01366543 -0.06457298 -0.9994068 -0.005961716 0.03392207 -0.9986933 -4.13846e-4 -0.05110281 -0.9991647 -0.02161109 0.03468549 -0.9779466 -0.1228764 0.168884 -0.9034708 -0.4238676 -0.06385165 -0.960747 -0.1339305 0.2429566 -0.9107789 -0.404893 -0.08089244 -0.355268 -0.04468309 -0.933696 -0.2804723 -0.01023882 -0.9598075 -0.5699386 -0.4893187 -0.6601039 -0.5475758 -0.5254215 -0.6512243 -0.5631443 -0.500686 -0.6574057 -0.4269225 -0.5344738 -0.7294347 -0.4435934 -0.5122529 -0.735406 -0.4630581 -0.4840673 -0.7424662 0.9765189 -0.1282712 0.173082 -0.9970915 0.005764722 -0.07599544 -0.9970912 0.005768597 -0.07599991 -0.9961497 -1.24076e-4 -0.08766978 0.9998304 -0.009694695 0.0156567 0.9779269 -0.1446506 0.1507821 -0.9467062 -0.1992786 -0.2530521 -0.9466136 -0.1994552 -0.2532596 -0.9465674 -0.1995556 -0.2533528 -0.980486 -0.1747261 -0.09010094 -0.9804857 -0.174729 -0.09009855 -0.9804859 -0.1747264 -0.09010064 -0.9278693 -0.3728839 0.004015803 -0.9257587 -0.3728642 0.06279629 -0.9624038 -0.1124762 0.2472412 -0.9724833 -0.1164001 0.2018104 -0.8828092 -0.4383 0.1689416 -0.9237967 -0.3792993 -0.05226808 -0.8037672 -0.115754 -0.5835746 0.9646631 -0.1249967 0.2319503 0.8781402 -0.3919442 0.2743168 -0.3862296 -0.9005348 -0.1996592 -0.3788191 -0.9022672 -0.2059369 -0.3917943 -0.8991945 -0.1947993 -0.3649231 -0.909932 -0.1971168 -0.5614846 0.6720958 0.4827238 -0.3631333 -0.910305 -0.1986937 -0.2889045 -0.5287449 -0.7980997 -0.2721507 -0.6002349 -0.7520986 -0.290436 -0.5185722 -0.8041951 -0.4605948 -0.8330094 -0.3065091 -0.511011 -0.8136751 -0.2771294 -0.462521 -0.8323245 -0.3054676 -0.5022519 -0.8181051 -0.2800841 -0.5187562 -0.8112612 -0.2697174 -0.5150743 -0.8128172 -0.2720788 -0.4313513 -0.4528931 -0.7802718 -0.4528646 -0.5938403 -0.6650319 -0.4690922 -0.622092 -0.6268606 -0.4784097 -0.6391717 -0.6021494 -0.5726132 -0.4132759 -0.7080375 0.8864986 -0.3679752 0.280561 -0.5923255 -0.4268488 -0.6833379 -0.7826606 -0.5034661 0.3660116 -0.8789964 -0.3864567 0.2793146 -0.6714778 -0.7060016 -0.2251207 -0.959453 0.1912267 -0.2070807 -0.712509 -0.3001166 -0.6342405 -0.6590272 -0.2758809 -0.6996949 -0.5978569 -0.4803681 -0.6417272 -0.6227644 -0.4973037 -0.6040311 -0.9672855 0.1969492 -0.1599057 0.9842689 0.1387632 0.1093596 0.9766962 0.2065467 -0.05833524 -0.9021348 -0.4097619 -0.1350852 -0.9235703 -0.3445191 0.1682991 -0.9235649 -0.3444042 0.1685642 0.9900189 0.1408017 0.00613141 -0.7709459 -0.494293 -0.4016425 -0.958647 0.07805734 0.2736843 -0.7739382 -0.4695267 -0.4249287 -0.9404453 -0.2984546 -0.1627501 0.9964763 0.0388593 -0.07433074 0.9565302 0.2685416 -0.1137345 0.9838885 -0.02483594 0.1770502 -0.9686338 -0.09272438 -0.2305444 0.9629926 0.267094 -0.03614389 0.9838687 -0.01187944 0.1784975 0.9667221 0.2491143 -0.05822664 0.9725459 0.1958075 0.1257541 -0.9069221 -0.3473299 -0.2384414 -0.9000329 -0.3844863 -0.2052097 -0.9954587 0.00131005 0.09518545 -0.9925418 0.02851235 0.1185241 -0.9554197 0.09967988 0.2779158 -0.8480851 -0.3777417 -0.3715683 -0.9337457 -0.3350207 -0.126016 0.9990318 0.01387649 -0.04174911 0.9971531 0.03099721 -0.0687381 0.9963976 0.03936648 -0.0751146 -0.9419025 -0.2918948 -0.1661841 -0.9476498 -0.233552 -0.2177458 -0.9942107 -0.01592546 0.1062614 -0.9952433 -0.0150274 0.09625518 -0.8930528 -0.4157326 -0.172114 0.9974905 0.03213644 -0.0630877 -0.8273684 -0.5612468 0.02153295 -0.834887 -0.5502454 0.01391768 0.9991712 0.002252399 -0.04064303 -0.9326019 -0.3356958 -0.1325222 -0.9442909 -0.2288685 -0.236504 0.9991685 0.01120024 -0.03920471 0.9990724 -0.01344037 -0.04091101 -0.9381706 -0.3116009 -0.1508008 -0.9676592 -0.1484302 0.2039713 -0.9941735 -0.0169838 0.1064454 -0.9117709 -0.3158745 -0.2624826 -0.9614272 -0.2434719 -0.1279816 -0.9568277 -0.2725225 -0.1010567 -0.9686014 -0.1341077 0.2093484 0.9850009 -0.1242898 0.1196891 0.9992136 0.008324503 -0.03876894 -0.9365788 -0.3229579 -0.1360824 0.9826751 -0.1113811 0.1481351 -0.9690222 -0.1975079 -0.1482796 -0.9686986 -0.2088425 -0.1341931 0.9689541 -0.1266241 0.2123546 -0.9569554 0.1127986 -0.2674192 -0.9569543 0.1128008 -0.2674223 -0.9571216 -0.1296492 0.2590551 -0.8571372 -0.5142602 -0.02919459 -0.8693052 -0.4120699 0.2729599 0.9267288 -0.3709894 -0.05950415 0.892045 -0.419417 0.1683604 0.9791117 -0.1053394 0.1739081 0.9705005 -0.1027598 0.2181038 -0.8706683 -0.1520747 -0.4677715 0.93112 -0.3646824 -0.004736423 -0.4807514 -0.8286893 -0.2866218 -0.5416078 -0.8035076 -0.2470558 -0.5063416 -0.8186841 -0.2708775 -0.6410453 -0.5733507 -0.5102255 0.8987594 -0.4044328 0.1693102 0.9308851 -0.3598685 -0.0628305 0.9257515 -0.3606048 -0.1137912 -0.6235995 -0.5061374 -0.5957757 -0.6383461 -0.5506849 -0.5378294 -0.9284318 -0.3670258 -0.0575031 -0.8904222 -0.4225655 0.1690759 -0.8407506 -0.5408342 -0.02523642 -0.8515953 -0.5102371 -0.1201818 -0.9240439 -0.3671008 -0.1066765 -0.605234 -0.06974673 -0.7929864 -0.6052332 -0.06974548 -0.7929871 -0.6052271 -0.06974744 -0.7929915 -0.6741419 -0.08218264 -0.7340155 -0.6741423 -0.08218222 -0.7340152 -0.6741417 -0.0821821 -0.7340158 -0.06964391 -0.9934902 -0.09014952 -0.07208573 -0.9934938 -0.08816879 -0.08114939 -0.9935027 -0.07979482 -0.9057914 -0.4069048 -0.1181968 -0.9653503 -0.1717763 -0.1964482 -0.9746987 -0.2158638 0.05801111 -0.9139596 -0.4041619 -0.03648483 -0.8031042 -0.499961 -0.3241337 -0.8031032 -0.4999622 -0.3241342 -0.8031038 -0.4999618 -0.3241338 -0.8301568 -0.4986563 -0.2493623 -0.8300544 -0.4986933 -0.2496296 -0.8301543 -0.4986613 -0.2493611 -0.6111171 -0.5371067 -0.5814227 -0.5999321 -0.493991 -0.6293285 -0.6274456 -0.6188879 -0.4725356 -0.6203796 -0.6023434 -0.5023064 -0.5986388 0.1418264 0.7883635 -0.6197948 -0.5942919 -0.5125149 -0.8533542 -0.2756828 -0.4424767 -0.8600304 -0.3027275 -0.4107357 -0.8547344 -0.2813615 -0.4361935 -0.7814458 -0.4155589 -0.4654601 0.9106214 -0.3934409 -0.1263844 -0.7820214 -0.4472087 -0.4341047 0.9223073 -0.3658586 -0.1244868 -0.6145901 -0.5522321 -0.5633106 -0.6096054 -0.5311623 -0.5884284 -0.6189081 -0.4905411 -0.6134511 -0.6275044 -0.5145015 -0.5844027 0.9261146 -0.3645871 -0.09689229 -0.8394944 -0.5225777 -0.1488685 -0.8325691 -0.4988371 -0.2408117 -0.9201544 -0.3714902 -0.1237384 -0.7872569 -0.602396 -0.1317032 -0.7665749 -0.6310101 -0.1191191 -0.8044167 -0.5769948 -0.141389 -0.8193717 -0.5722235 0.03450471 -0.8531053 -0.5217106 0.005426347 -0.8652577 -0.501314 -0.003654301 -0.7495309 -0.1934151 -0.6330831 -0.7833876 -0.2091836 -0.5852745 -0.7432036 -0.1897751 -0.6415869 -0.7589945 -0.009713113 -0.6510246 -0.7547081 -0.008711159 -0.6560029 -0.7416899 -0.004771053 -0.670726 -0.9851669 0.1625149 0.05509245 -0.769299 -0.4424262 -0.4609103 -0.7501733 -0.4121432 -0.5170862 -0.771318 -0.3936604 -0.5001003 -0.7520917 -0.3720016 -0.5440341 -0.9890094 0.1474507 0.01090097 0 0 1 0.05100816 0.919843 0.3889564 -0.0386151 -0.6963563 -0.7166567 -0.6573393 -0.7501112 -0.07237678 -0.6924245 -0.7186351 -0.0641247 -0.7048516 -0.7067721 -0.06047683 -0.5104452 -0.6505859 -0.5623021 -0.4660983 -0.6543905 -0.5954204 -0.5938838 -0.6360641 -0.4926709 0.03392034 -0.6977028 -0.7155838 -0.04475057 0.9204678 0.3882481 -0.9925255 -0.1074988 0.0577678 -0.9759816 0.2071337 0.06749498 -0.9917497 0.01400631 0.1274228 -0.5668156 -0.6982717 -0.4371919 -0.5765795 -0.6925929 -0.4334411 -0.5666018 -0.6983949 -0.4372723 -0.5751149 -0.694031 -0.4330865 -0.5760285 -0.6934936 -0.4327329 -0.5733537 -0.6950614 -0.4337688 -0.5257942 -0.8116788 -0.2543977 -0.507359 -0.8194174 -0.2667244 -0.5405609 -0.805144 -0.2440022 -0.5238292 -0.8136098 -0.2522741 -0.5029857 -0.8222005 -0.2664431 -0.5167532 -0.8165904 -0.2571896 -0.9174158 -0.3373634 0.2110315 -0.9174131 -0.337368 0.211036 -0.9174166 -0.3373612 0.2110315 -0.9275376 -0.3460443 0.1411651 0.9851491 0.1662382 0.04296761 -0.9275599 -0.3458867 0.1414038 0.9934657 0.01602381 0.1130004 0.9754099 0.2128886 0.05704402 -0.9306181 -0.2731295 -0.2436193 -0.7786573 -0.4593124 -0.4274634 -0.5864615 0.1719482 0.7915155 -0.7800891 -0.4057272 -0.4762842 -0.8257849 -0.3583726 -0.4354864 -0.8284606 -0.3920675 -0.3999204 -0.8251901 -0.3515603 -0.4421162 -0.1009318 -0.9931188 -0.05939531 -0.09586846 -0.9932758 -0.06490284 -0.1061663 -0.9929396 -0.05291205 -0.001550436 -0.001358926 -0.999998 -0.001489281 -0.001425087 -0.999998 -0.001532971 -0.001378417 -0.999998 -0.003423631 -0.003348767 -0.9999886 -0.00326091 -0.003506898 -0.9999886 -0.003317058 -0.003454029 -0.9999886 -0.05290305 0.009070575 -0.9985585 -0.0529049 0.00906974 -0.9985584 -0.05290353 0.009072005 -0.9985584 -0.02026665 -0.02080428 -0.9995781 -0.02022254 -0.0208466 -0.9995782 -0.02018851 -0.02087914 -0.9995782 -0.02009767 -0.01997798 -0.9995985 -0.01999366 -0.02008068 -0.9995985 -0.02024155 -0.01983398 -0.9995985 -0.2383897 -0.2461228 -0.9394648 -0.2350447 -0.2497656 -0.9393461 -0.2330179 -0.2519249 -0.9392746 -0.8854584 0.122913 -0.4481697 -0.8854609 0.1229094 -0.4481654 -0.885398 0.1225451 -0.4483896 -0.7458492 -0.09429728 -0.6594066 -0.745851 -0.09429848 -0.6594043 -0.7458503 -0.09429806 -0.6594052 -0.9997201 -0.02288693 0.005999684 -0.9997233 -0.02269124 0.006210982 -0.9997197 -0.02289974 0.006012618 -0.008640766 -0.0090667 -0.9999216 -0.5627254 0.628218 0.5372918 -0.008373677 -0.009311556 -0.9999216 -0.008269548 -0.009403347 -0.9999216 -0.008293867 -0.009382069 -0.9999216 -0.008281767 -0.009392678 -0.9999216 -0.0487008 -0.0498436 -0.997569 -0.04869252 -0.04985195 -0.997569 -0.04869908 -0.04984539 -0.997569 -0.01007896 -0.009028494 -0.9999085 -0.009615778 -0.009515106 -0.9999085 -0.01004475 -0.009066164 -0.9999085 -0.009599447 -0.00932765 -0.9999105 -0.009607851 -0.009319067 -0.9999104 -0.009513556 -0.009414315 -0.9999105 -0.009131133 -0.008157432 -0.9999251 -0.00870043 -0.008610606 -0.9999251 -0.009126782 -0.00816226 -0.9999251 -0.00864923 -0.009059131 -0.9999216 -0.008348584 -0.009334146 -0.9999216 -0.009003102 -0.008711159 -0.9999216 -0.01027101 -0.01026999 -0.9998946 -0.01027077 -0.01027023 -0.9998946 -0.01026988 -0.01027113 -0.9998946 -2.36139e-4 3.24576e-5 -1 -2.36093e-4 3.24156e-5 -1 -2.36152e-4 3.24694e-5 -1 -2.21053e-4 3.47967e-5 -1 -1.87912e-4 2.01034e-5 -1 -2.2107e-4 3.48135e-5 -1 -5.8816e-4 -0.9999999 1.5126e-4 -0.02370148 -0.9994376 -0.02372318 -0.02343428 -0.9994375 -0.02399164 -0.0237829 -0.9994376 -0.02363997 -0.01138889 -0.9998636 -0.01197254 -0.01162463 -0.9998635 -0.01174789 -0.01153141 -0.9998635 -0.01183778 -0.01172298 -0.9998703 -0.01104855 -0.01165884 -0.9998703 -0.01111501 -0.0114395 -0.9998704 -0.01133662 -0.1969941 -0.243882 -0.9495867 -0.1973647 -0.2434921 -0.9496098 -0.1973965 -0.2434583 -0.9496119 -0.7276255 -0.5193045 -0.448201 -0.7345916 -0.4991682 -0.4595721 -0.7402163 -0.4818875 -0.4688969 -0.9774273 -0.1346744 -0.1627848 -0.5639793 0.6496291 0.5098132 -0.9777731 -0.1454719 -0.1509897 -0.6541811 -0.5733767 -0.4932406 -0.6748107 -0.5248813 -0.5187776 -0.6638516 -0.5515328 -0.5050868 0.4027763 0.0505833 -0.9138996 -0.4755963 -0.5534881 -0.6837098 -0.4790296 -0.5478646 -0.6858389 -0.4007639 0.05135005 -0.9147412 -0.4021435 -0.1155327 -0.9082581 -0.5667617 -0.5509061 -0.612604 -0.5639417 -0.5551914 -0.6113364 0.4038488 -0.001454293 -0.9148247 0.4050694 -9.6839e-4 -0.9142855 -0.556939 -0.55728 -0.6158394 -0.5718657 -0.5343391 -0.6224561 -0.4029636 3.82748e-4 -0.915216 -0.4030072 -0.003020465 -0.9151918 -0.401071 8.03402e-4 -0.9160467 -0.4009931 7.54019e-4 -0.9160809 -0.6472034 -0.5624321 -0.5145853 -0.6417962 -0.5698263 -0.5132209 -0.6450124 -0.5654472 -0.5140316 -0.3893136 -0.4975045 -0.7751931 -0.3811615 -0.5150834 -0.7677271 -0.3848098 -0.5070395 -0.7712539 -0.08311915 4.36035e-4 -0.9965396 -0.1149706 -0.0132417 -0.9932807 0 -3.95918e-7 1 0 -3.9592e-7 1 0 0 1 0 0 1 -1.15372e-4 -0.09763437 -0.9952224 -1.15446e-4 -0.09763503 -0.9952223 -1.13899e-4 -0.09763628 -0.9952222 -1.07107e-4 -0.09760254 -0.9952256 -1.04893e-4 -0.09760499 -0.9952253 -1.07424e-4 -0.09760212 -0.9952256 -0.08237046 -2.36605e-4 -0.9966018 -0.08255892 -4.52647e-4 -0.9965862 -0.08264601 -5.67016e-4 -0.9965789 -0.08250087 -4.90398e-4 -0.996591 0.7322402 -0.2758545 0.6226785 -0.08231753 -2.68769e-4 -0.9966061 -0.0851472 0.0598948 -0.9945666 0.7404705 -0.2238455 0.6337167 -0.08514815 0.05989557 -0.9945665 -0.08678388 0.06003534 -0.9944166 -0.08678746 0.06003749 -0.9944162 -0.08678799 0.06003856 -0.9944161 -0.4209834 -0.4126621 -0.8077642 -0.4016257 -0.4272923 -0.8100112 -0.4108355 -0.4204677 -0.8089631 -0.4274247 -0.4076366 -0.8069329 -0.4370829 -0.3997235 -0.8057169 -0.433435 -0.4027472 -0.8061816 -0.5822184 -0.8117331 -0.04594981 -0.4101949 -0.7860389 -0.4624748 -0.3649253 -0.7437049 -0.5601183 -0.6785321 -0.7330181 -0.04773485 -0.8354734 -0.547936 0.04183691 -0.8216898 -0.1360781 0.5534516 -0.6784855 -0.7315788 -0.06670814 -0.8517841 -0.1277252 0.5080847 -0.9679743 -0.1851767 -0.1695153 -0.7653363 -0.2495366 0.593289 -0.2813149 -0.3188959 -0.9050787 -0.2601881 -0.3412263 -0.9032535 -0.2583196 -0.3431944 -0.9030441 -0.2829776 -0.3171795 -0.9051635 -0.7667012 -0.2456823 0.5931353 -0.1944104 -0.9736543 -0.1191716 -0.1739185 -0.9747816 -0.1398324 -0.1833905 -0.9742916 -0.1308582 -0.1826384 -0.9749611 -0.1268625 -0.176472 -0.9752752 -0.1330264 -0.1856513 -0.9747995 -0.1236914 -0.08234107 -1.98102e-4 -0.9966042 -0.08228844 -2.30764e-4 -0.9966086 -0.7322747 0.2581704 -0.630176 -0.08675712 0.06007474 -0.9944165 -0.08511871 0.05993312 -0.9945667 -0.7330163 0.230734 -0.639882 -0.3972317 -0.4395112 -0.8056284 -0.3824494 -0.449815 -0.8070929 -0.4135695 -0.4274219 -0.8039098 -0.4338687 -0.4114491 -0.8015408 -0.4401831 -0.4061708 -0.8007897 -0.4243836 -0.4191377 -0.8026345 0.6688961 0.7349777 0.1112921 0.9681259 0.1851934 0.1686284 0.8414635 0.1541358 -0.5178623 0.6803503 0.7323237 0.02873229 0.863686 0.08162981 -0.4973762 -0.8424227 -0.5382433 0.02486509 0.9062073 0.4223355 -0.0205233 -0.71713 -0.474555 -0.5104137 -0.7397507 -0.4797545 -0.4718101 -0.2601566 -0.3411962 -0.9032739 -0.2812814 -0.3188677 -0.905099 0.7642471 0.252714 -0.5933482 0.7564135 0.2738798 -0.5939938 -0.2829777 -0.3171794 -0.9051634 -0.2583195 -0.3431938 -0.9030444 -1.34171e-4 -0.0972414 -0.9952609 -6.80544e-4 -0.09770739 -0.995215 -1.32387e-4 -0.09724342 -0.9952607 -1.11738e-4 -0.09735327 -0.9952499 -1.13723e-4 -0.09735089 -0.9952502 -1.13461e-4 -0.09735119 -0.9952501 0.6627093 -0.2901806 0.6903706 0.9170544 -0.3240635 0.2323661 -0.9712035 -0.002574861 -0.238238 -0.9713644 -0.002364993 -0.2375833 -0.9713652 -0.002369165 -0.2375796 0.6613234 -0.2789523 0.6963024 -0.6104938 -0.5656641 -0.5543659 0.9389638 -0.2514785 0.2347461 0.6993387 -0.1571641 0.6972982 0.7117226 -0.1736316 0.6806637 -0.5940489 -0.5490774 -0.5878946 -0.6128367 -0.569058 -0.548274 -0.04781925 -0.9979476 -0.04258936 -0.04663115 -0.9979518 -0.04379183 -0.04767441 -0.9979482 -0.04273921 -0.02781981 -0.9992966 -0.02515101 -0.02735573 -0.9992966 -0.02565109 -0.02771443 -0.9992966 -0.02526628 -0.7123382 -0.150069 0.6856046 -0.9477882 -0.2431176 0.2063769 -0.8110408 -0.5547462 0.1856598 -0.8320064 -0.5448377 0.1044856 -0.7205732 -0.1650015 0.6734604 -0.9000542 -0.357998 -0.2484753 -0.9271179 -0.3141103 0.2044195 -0.6770398 -0.2831919 0.6792787 -0.6743785 -0.2711375 0.6868029 -0.8938513 -0.3773411 -0.2421641 -0.9023855 -0.3250567 -0.2829111 -0.1834232 -0.974281 -0.1308916 -0.1739494 -0.9747712 -0.1398674 -0.194445 -0.9736436 -0.1192029 -0.1856173 -0.97481 -0.1236599 -0.1764398 -0.9752855 -0.1329934 -0.182605 -0.9749715 -0.1268305 -0.999704 -0.00283277 -0.02416765 -0.9997041 -0.002838551 -0.02416259 0.7467917 -0.326765 0.5792468 0.7457801 -0.3416207 0.5719331 0.9318971 -0.3609332 0.03598505 -0.9992895 -0.01243811 -0.0355817 -0.602488 -0.5198734 -0.6055906 0.6817499 -0.5341957 0.499852 0.9450204 -0.2816873 0.1660984 -0.5746238 -0.6359814 -0.5151071 0.9554376 -0.2926562 0.03862029 0.7977148 -0.1836696 0.5743836 -0.5889224 -0.6114825 -0.5284502 0.805653 -0.1999317 0.5576295 -0.5674156 -0.5689661 -0.5952455 -4.30126e-4 -0.9909836 -0.1339837 7.14386e-4 -0.9913768 -0.1310406 -0.7821899 -0.1601161 0.6021145 -0.3839464 -0.381936 -0.8406605 -0.3462252 -0.4188134 -0.8394782 -0.4076497 -0.3627652 -0.8379876 -0.3928979 -0.3794049 -0.8376654 -0.7786847 -0.1767852 0.6019945 -0.8111861 -0.2796619 0.5135818 -0.9872418 0.006852626 -0.159081 -0.9855291 -0.00213176 -0.1694937 -0.9555063 -0.2421854 -0.1683865 -0.8106337 -0.3015867 0.5019147 -7.04689e-5 -0.09757208 -0.9952285 -7.67993e-5 -0.09760612 -0.9952252 -0.7477219 0.3834455 -0.5421085 -0.999705 -0.002803683 -0.02412939 -0.9992911 -0.01240527 -0.03554731 -0.938862 0.3438529 -0.01741999 -0.7461823 0.3492496 -0.5667775 -0.9535163 0.2622146 -0.1484931 -0.6817698 0.5342106 -0.4998091 -0.6025054 -0.5198982 -0.605552 -0.9606506 0.2775267 0.01137721 -0.5255218 -0.6009868 -0.6021974 -0.5137984 -0.5820986 -0.6302163 -0.957565 0.2798442 -0.06896924 -0.5360445 -0.5066388 -0.6752581 -0.7605176 0.2110858 -0.6140487 -6.58723e-4 -0.9909501 -0.1342298 -6.77473e-4 -0.9909526 -0.1342111 -4.62689e-4 -0.9909783 -0.1340216 4.70296e-4 -0.9913467 -0.1312697 4.65683e-4 -0.9913473 -0.131264 4.67737e-4 -0.9913468 -0.1312677 -0.4028487 -0.3666768 -0.8386067 0.7743356 0.1970612 -0.6013081 -0.3822161 -0.3893136 -0.8380609 -0.3860713 -0.3837356 -0.838866 -0.3310741 -0.4354128 -0.8371414 -0.3601972 -0.4096044 -0.8381422 -0.9872363 0.006821751 -0.1591171 -0.987237 0.006816327 -0.1591117 0.8050431 0.3601734 -0.4713608 0.8106718 0.301785 -0.501734 0.9561671 0.2422225 0.1645379 -0.9855228 -0.00217092 -0.16953 -0.1472938 -0.9818345 -0.119606 -0.1458672 -0.981885 -0.120933 -0.1446051 -0.9819291 -0.1220842 -0.1684296 -0.9771819 -0.1294107 -0.1738898 -0.9769291 -0.1239842 -0.1769664 -0.9767799 -0.1207635 0.0834552 -0.05235511 0.9951353 0.6822271 -0.2504355 0.6869121 -0.08016252 -2.30266e-4 -0.9967818 -0.0800904 -2.75363e-4 -0.9967877 -0.08009243 -2.73683e-4 -0.9967875 0.08421897 -0.0523445 0.9950715 -0.0824182 0.05597221 -0.9950249 0.6893292 -0.2004513 0.6961643 0.08126485 -0.02025014 0.9964868 0.07955241 -0.02033501 0.9966233 -0.08378726 0.05605918 -0.9949057 -0.08378821 0.05605995 -0.9949054 -0.4185352 -0.3977487 -0.8164706 -0.4281667 -0.3897923 -0.815313 -0.4242269 -0.3930839 -0.8157919 -0.4120123 -0.4030585 -0.817184 -0.3931446 -0.4174079 -0.8192729 -0.4021624 -0.4106829 -0.8182939 -0.08135336 -0.01882159 0.9965076 -0.6982901 -0.1922608 0.6895121 -0.3882794 -0.360462 -0.8481193 -0.3573182 -0.395224 -0.8462397 -0.3398578 -0.4115309 -0.845659 -0.07980912 -0.01891267 0.9966308 -0.2750921 -0.3097282 -0.910161 -0.6913626 -0.2420015 0.6807739 -0.08343786 -0.05012464 0.9952516 -0.0842694 -0.05020618 0.9951774 -0.2790473 -0.302874 -0.9112629 -0.2914196 -0.2878152 -0.9122703 -0.5171844 -0.8002126 -0.3036118 -0.4753035 -0.8112129 -0.3406175 -0.4757837 -0.8110989 -0.3402186 -0.05857789 -0.307116 -0.9498676 -0.4427416 -0.8901907 -0.107427 -0.4728524 -0.8765026 -0.09029811 -0.4536563 -0.8853741 -0.1015321 0.05857789 -0.3071163 -0.9498676 0 -2.97043e-7 1 0 -2.97043e-7 1 0.05925971 -0.5974426 0.7997191 0.08490383 0.5902925 0.8027118 -0.2762012 0.2519672 0.9274834 -0.2711592 0.2515638 0.9290793 -0.2804899 -0.2522681 0.9261135 0.06742548 -0.5930964 0.8023033 -0.3108613 -0.1939531 0.9304555 0.3108614 -0.1939532 0.9304555 -4.2662e-5 -0.5341959 0.8453608 0.3117156 0.2035061 0.9281265 -0.311716 0.2035062 0.9281262 4.30793e-5 0.5500928 0.8351037 0.2762014 0.2519664 0.9274836 -0.08490312 0.590292 0.8027123 -0.05926024 -0.597443 0.7997189 -0.06742453 -0.593097 0.8023028 0.2804849 -0.2523156 0.9261021 0.2711608 0.2515627 0.9290791 0.05925989 -0.5974428 0.799719 0.08490258 0.5902926 0.8027119 -0.2762018 0.2519669 0.9274834 -0.2711594 0.2515643 0.9290791 -0.2804912 -0.252268 0.9261132 0.06742298 -0.5930969 0.8023031 -0.3108599 -0.1939682 0.9304528 0.3108612 -0.1939684 0.9304524 -4.19766e-5 -0.5342093 0.8453522 0.3117154 0.2035096 0.9281258 -0.3117162 0.2035086 0.9281257 4.25279e-5 0.5500951 0.8351021 0.2762017 0.2519668 0.9274834 -0.08490282 0.5902923 0.8027121 -0.05925852 -0.5974432 0.7997187 -0.06742203 -0.5930985 0.8023021 0.2804859 -0.2523155 0.9261019 0.2711604 0.2515629 0.9290792 0.9167003 -0.08768141 -0.3898366 -0.9734763 -0.02998995 0.2268142 -0.8008523 -0.4752753 -0.3643475 -0.787545 -0.4946914 -0.3674961 0.9001157 -0.08847773 -0.4265717 0.9133902 -0.08759063 -0.3975502 -0.8914131 -0.08420372 -0.4453004 0.9727929 -0.03182452 0.2294808 0.9756365 -0.02942484 0.217411 -0.9149485 -0.09049528 -0.3932937 -0.8965792 -0.08436864 -0.4347735 -0.8342722 0.05324631 -0.5487759 -0.3968913 0.02519732 0.9175197 -0.8331755 -0.05340903 -0.5504235 0.393261 0.02520918 0.9190812 -0.7636517 -0.2400025 -0.5993621 -0.8803904 -0.1581746 -0.4470947 -0.755793 -0.2338576 -0.611627 -0.8962128 -0.4263206 0.122693 0.8858416 -0.1643591 -0.4339019 -0.8917036 -0.434775 0.1258385 -0.04189634 -0.05370455 -0.9976776 -0.6299397 0.2211515 0.7444918 -0.04227167 -0.05336159 -0.9976801 -4.4786e-5 -8.59208e-4 -0.9999997 -4.31776e-5 -8.60793e-4 -0.9999997 -4.55395e-5 -8.58411e-4 -0.9999997 -0.004126846 -0.002596259 -0.9999882 -0.00401324 -0.002507507 -0.9999888 -0.004017174 -0.002503216 -0.9999888 -0.9952312 0.01593786 0.09623378 -0.99767 0.03226804 0.06011116 -0.9626296 0.1078857 0.2484048 -0.9980112 0.0267052 -0.05710124 -0.9513259 0.2762003 -0.1367205 -0.9693065 -4.3395e-4 -0.2458555 -0.9984509 0.007940411 0.05507165 -0.8006618 -0.4242593 -0.4230186 -0.8005087 -0.4450863 -0.4013526 -0.9980565 0.01143348 0.06125837 -0.8349876 -0.3439605 -0.4295194 -0.9659157 0.08691513 0.2438291 -0.3502693 0.06889224 -0.9341121 -0.3470991 0.06286293 -0.9357193 -0.3502712 0.06888818 -0.9341116 -0.3470076 0.06291723 -0.9357495 0.9998425 -0.01035201 0.0144214 0.9998402 -0.008789539 0.01557165 -0.9961601 -2.70397e-4 -0.08755016 0.9999083 7.14356e-4 0.01353251 -0.9962344 -1.23535e-4 -0.08670133 -0.9962166 -3.2573e-4 -0.08690565 -6.47381e-5 -4.36157e-5 1 9.49051e-4 0.457847 0.8890306 -0.1893537 0.4096813 0.8923601 -5.42104e-5 -5.69522e-5 1 -0.1892986 0.4097109 0.8923581 -0.3379491 0.2797461 0.8986282 -5.51343e-6 -1.17719e-6 1 -0.3379399 0.2797222 0.898639 -0.4181241 0.09824752 0.9030613 4.23193e-6 4.03076e-6 1 -0.4180999 0.09825456 0.9030718 -0.4191015 -0.1003518 0.9023765 3.8445e-6 -1.31223e-6 1 -0.4191599 -0.1003363 0.9023512 -0.3400571 -0.2821194 0.8970897 5.44786e-5 -5.59799e-5 1 -0.3400279 -0.2821565 0.897089 -0.1913216 -0.4113531 0.8911705 6.27041e-5 -4.64469e-5 1 -0.1913915 -0.4113844 0.8911409 -9.05909e-4 -0.457846 0.8890311 7.61449e-6 5.59538e-5 1 -8.95143e-4 -0.4578136 0.8890479 0.1892471 -0.4096994 0.8923743 -9.56655e-6 3.37064e-5 1 0.1892837 -0.4097062 0.8923635 0.3379652 -0.2796821 0.898642 2.33054e-5 -5.98505e-5 1 0.3379241 -0.2797749 0.8986286 0.4181424 -0.09824246 0.9030534 -6.63102e-5 -5.18151e-5 1 0.41817 -0.09823375 0.9030416 0.4191688 0.1003764 0.9023425 -2.35736e-5 -5.68144e-5 1 0.419144 0.1003544 0.9023565 0.3401222 0.2821268 0.8970627 1.22488e-5 2.98205e-5 1 0.3400647 0.2820508 0.8971084 0.1913254 0.4114021 0.891147 -6.22868e-6 5.36926e-5 1 0.1913628 0.4113516 0.8911623 9.50098e-4 0.4578236 0.8890426 9.7008e-4 0.4578408 0.8890337 0.002363741 0.7915574 0.6110901 -0.3138078 0.712213 0.627915 9.45359e-4 0.4578896 0.8890087 -0.3138529 0.7121664 0.6279454 -0.1893301 0.4096811 0.8923652 -0.1892798 0.4097503 0.892344 -0.313817 0.7122166 0.6279065 -0.565555 0.4906972 0.6628453 -0.1893145 0.4096937 0.8923627 -0.5655381 0.4907097 0.6628505 -0.3379288 0.2797418 0.8986372 -0.3379434 0.2797018 0.8986441 -0.5655571 0.4907126 0.662832 -0.7036676 0.1732062 0.6890948 -0.3379519 0.2797432 0.898628 -0.7036719 0.1731867 0.6890952 -0.4181171 0.09826242 0.9030629 -0.4181374 0.09825181 0.9030546 -0.7036747 0.1731792 0.6890943 -0.704414 -0.1778253 0.6871529 -0.4181281 0.09823554 0.9030607 -0.7043879 -0.1778689 0.6871684 -0.419156 -0.1003732 0.9023489 -0.4191126 -0.100403 0.9023657 -0.704392 -0.1778462 0.6871702 -0.5672196 -0.4941937 0.658813 -0.4191306 -0.1003921 0.9023586 -0.5672217 -0.4941844 0.6588181 -0.3400566 -0.2821111 0.8970925 -0.3400411 -0.2821813 0.8970763 -0.5672706 -0.4941828 0.6587772 -0.3171333 -0.7132453 0.6250662 -0.3400247 -0.2821335 0.8970975 -0.3171575 -0.7132534 0.6250445 -0.1913715 -0.4113465 0.8911627 -0.1913499 -0.4113603 0.8911609 -0.3171336 -0.7132923 0.6250123 -0.002304613 -0.7915217 0.6111367 -0.1913125 -0.4112729 0.8912094 -0.002342104 -0.7916216 0.6110072 -9.72256e-4 -0.457843 0.8890327 -9.39518e-4 -0.4578863 0.8890103 -0.00233668 -0.7915539 0.6110948 0.3137661 -0.7122677 0.6278738 -8.96364e-4 -0.4578101 0.8890495 0.313758 -0.7121877 0.6279687 0.1893638 -0.4096902 0.8923538 0.1893358 -0.4097498 0.8923324 0.3138427 -0.7122136 0.6278969 0.5477471 -0.4977553 0.6724678 0.1893143 -0.4097245 0.8923487 0.5478259 -0.4976157 0.6725069 0.3380126 -0.2796849 0.8986234 0.3379313 -0.2796739 0.8986572 0.5478137 -0.4977 0.6724545 0.6590189 -0.1644904 0.733919 0.3379057 -0.2796933 0.8986609 0.6590169 -0.1644158 0.7339375 0.4181094 -0.09822982 0.90307 0.418084 -0.09824705 0.90308 0.6590584 -0.1643893 0.7339061 0.6676073 0.1905388 0.7197191 0.4180951 -0.09827017 0.9030722 0.6676169 0.1905241 0.7197141 0.419155 0.100374 0.9023492 0.419146 0.1003637 0.9023547 0.6675592 0.1904901 0.7197766 0.5672004 0.4941944 0.658829 0.4191631 0.100358 0.9023473 0.5672067 0.4942004 0.658819 0.340048 0.2820918 0.8971018 0.3400264 0.2821333 0.897097 0.5672201 0.4942024 0.6588061 0.3171921 0.7132763 0.625001 0.3400197 0.2820988 0.8971103 0.3171383 0.7132444 0.6250645 0.1913306 0.4113097 0.8911885 0.1913089 0.4113483 0.8911753 0.3171011 0.7132981 0.6250222 0.002315521 0.7915551 0.6110935 0.1912838 0.4113669 0.8911722 0.002310216 0.791542 0.6111104 9.3618e-4 0.4579206 0.8889927 0.002358376 0.7915704 0.6110735 0.003269195 0.9755361 0.219815 -0.3763399 0.8925569 0.2484161 0.002324938 0.79161 0.6110222 -0.3763483 0.8925589 0.2483963 -0.3138461 0.712194 0.6279175 -0.3138003 0.7122055 0.6279273 -0.3763222 0.89257 0.2483956 -0.703838 0.637864 0.3126367 -0.3138298 0.7121983 0.6279208 -0.7038591 0.6378495 0.3126187 -0.5655487 0.4907236 0.6628311 -0.5655525 0.4907234 0.662828 -0.7038205 0.6378753 0.3126531 -0.9021919 0.2317724 0.3637741 -0.5655557 0.4906931 0.6628476 -0.9022057 0.2317095 0.3637796 -0.7036735 0.1731836 0.6890945 -0.7036724 0.173136 0.6891075 -0.9022062 0.2317405 0.3637589 -0.9012893 -0.2376047 0.3622453 -0.7036666 0.1732299 0.6890899 -0.9012942 -0.2375913 0.3622417 -0.7044008 -0.1778137 0.6871695 -0.7043974 -0.1778718 0.6871578 -0.9012842 -0.2376785 0.3622098 -0.7033011 -0.6396281 0.3102316 -0.7044095 -0.177811 0.6871612 -0.703356 -0.6395078 0.3103549 -0.567205 -0.4942103 0.6588132 -0.5672509 -0.4942392 0.6587519 -0.7033098 -0.6395562 0.3103597 -0.3801404 -0.8912085 0.2474687 -0.5671774 -0.4941804 0.6588593 -0.3801064 -0.8912208 0.2474767 -0.3171321 -0.7133054 0.6249982 -0.3171128 -0.7133412 0.6249671 -0.3800708 -0.8912415 0.2474565 -0.003216683 -0.9755434 0.2197832 -0.3171576 -0.7133125 0.6249771 -0.00329709 -0.9755338 0.219825 -0.002353906 -0.7915634 0.6110826 -0.002407312 -0.7915422 0.6111099 -0.003228068 -0.9755176 0.2198978 0.3763707 -0.8925682 0.2483289 -0.002396166 -0.7915685 0.6110758 0.376386 -0.8925391 0.2484104 0.3138245 -0.7122098 0.6279103 0.3138265 -0.7121625 0.627963 0.3763451 -0.8925768 0.2483368 0.6753021 -0.6763222 0.2942033 0.3137781 -0.7122268 0.6279143 0.6753134 -0.6763042 0.2942184 0.5477896 -0.497706 0.6724696 0.5477708 -0.4977017 0.672488 0.6753094 -0.6763369 0.2941525 0.8178903 -0.3813287 0.4308644 0.5477706 -0.497665 0.6725154 0.8179541 -0.3812148 0.4308441 0.6590884 -0.1644458 0.7338665 0.659048 -0.1644402 0.7339041 0.817902 -0.3813166 0.4308526 0.8079662 0.3682157 0.4600085 0.6590485 -0.1644797 0.7338948 0.8079884 0.3681782 0.4599996 0.6675503 0.1905195 0.719777 0.6676183 0.1905689 0.7197009 0.8079918 0.3682161 0.4599634 0.6636421 0.6757923 0.3207557 0.6675506 0.1904984 0.7197824 0.6636421 0.6757676 0.3208075 0.5672155 0.4941958 0.658815 0.5672423 0.4941874 0.6587981 0.6635786 0.675861 0.320742 0.3800432 0.8912608 0.24743 0.5672092 0.4942057 0.658813 0.3801638 0.8912009 0.2474604 0.3171584 0.7133092 0.6249805 0.3171034 0.7133356 0.6249783 0.3801681 0.8912053 0.2474375 0.003250062 0.9755392 0.219802 0.3171059 0.7133455 0.6249657 0.003259181 0.9755387 0.2198042 0.002333283 0.7916071 0.6110262 0.003266453 0.9755125 0.21992 0.003058314 0.976764 -0.2142965 -0.3688833 0.9072555 -0.2020211 0.003242135 0.9755379 0.2198077 -0.3677659 0.9087662 -0.1972115 -0.3763924 0.8925588 0.2483299 -0.3763466 0.8925611 0.2483907 -0.3677464 0.9087643 -0.1972566 -0.7203094 0.675986 -0.1555553 -0.3763731 0.8925607 0.2483522 -0.720294 0.6760042 -0.1555473 -0.7038517 0.6378448 0.3126451 -0.7038198 0.6378852 0.3126342 -0.7202646 0.6760277 -0.1555815 -0.9596577 0.2537863 -0.1210359 -0.7038305 0.6378675 0.3126465 -0.9596682 0.2537536 -0.1210212 -0.902209 0.2317528 0.3637441 -0.9022086 0.2316974 0.3637803 -0.9596511 0.25378 -0.1211018 -0.9581983 -0.2594403 -0.1206101 -0.9021769 0.2318271 0.3637761 -0.9582003 -0.2594336 -0.1206086 -0.9012582 -0.2376613 0.3622856 -0.9012675 -0.2375977 0.3623042 -0.9581912 -0.2594525 -0.1206412 -0.7202249 -0.6764726 -0.1538209 -0.9012408 -0.2377035 0.3623011 -0.7201511 -0.6765418 -0.1538624 -0.7032991 -0.6395928 0.3103088 -0.7033268 -0.6395733 0.3102861 -0.7202156 -0.6764876 -0.1537985 -0.3720263 -0.9074767 -0.1951476 -0.7032808 -0.6396064 0.3103222 -0.3719668 -0.9075015 -0.1951457 -0.3800786 -0.8912416 0.2474445 -0.380132 -0.8912135 0.2474635 -0.3720057 -0.9074755 -0.1951925 -0.003085672 -0.9767824 -0.2142118 -0.3801605 -0.891197 0.2474793 -0.003010869 -0.9767591 -0.2143195 -0.00325638 -0.9755336 0.2198268 -0.00325042 -0.9755393 0.2198013 -0.003035426 -0.9767666 -0.2142845 0.3677603 -0.9087581 -0.1972589 -0.003213584 -0.9755316 0.2198356 0.3677277 -0.9087692 -0.197269 0.3763679 -0.8925527 0.2483888 0.37639 -0.8925459 0.2483797 0.3677612 -0.9087619 -0.1972401 0.7203382 -0.6759558 -0.1555524 0.3763743 -0.8925462 0.2484024 0.7203448 -0.6759547 -0.1555272 0.6753015 -0.6763183 0.2942133 0.6753757 -0.6762531 0.294193 0.7203047 -0.6759811 -0.1555982 0.8962944 -0.3666329 -0.2494728 0.6753103 -0.6763146 0.294202 0.8962963 -0.3666237 -0.2494794 0.8179286 -0.381291 0.4308248 0.8079936 0.368249 0.4599338 0.8973799 0.3475261 -0.2719097 0.7038264 0.6886664 -0.1742614 0.8079865 0.3682077 0.4599791 0.7038574 0.6886304 -0.1742788 0.6636281 0.6757908 0.3207876 0.6635925 0.6758311 0.3207762 0.7038598 0.6886377 -0.1742396 0.3720012 0.9074741 -0.1952077 0.6636649 0.6757841 0.3207255 0.371999 0.9074643 -0.195257 0.3801952 0.8911965 0.2474279 0.3800576 0.8912524 0.2474375 0.3719891 0.9074898 -0.1951576 0.003029704 0.976763 -0.2143014 0.3801106 0.8912475 0.2473741 0.00304377 0.9767728 -0.2142561 0.0032655 0.9755401 0.2197971 0.003057956 0.9767886 -0.2141838 0.001827895 0.7920095 -0.610506 -0.2818221 0.7366827 -0.6147154 0.003062307 0.9767604 -0.2143124 -0.281831 0.7366678 -0.6147291 -0.3677349 0.9087807 -0.1972023 -0.3677475 0.9087672 -0.1972408 -0.2817844 0.7367177 -0.6146908 -0.5553835 0.5514355 -0.6224694 -0.3677632 0.9087622 -0.1972346 -0.5553402 0.5514338 -0.6225095 -0.7203034 0.6759913 -0.1555598 -0.7203381 0.6759477 -0.1555891 -0.5553363 0.5514073 -0.6225365 -0.7497785 0.2097503 -0.6275644 -0.7203469 0.6759393 -0.1555838 -0.7498003 0.2097511 -0.6275381 -0.9596681 0.2537388 -0.1210533 -0.9596681 0.2537398 -0.1210512 -0.7498189 0.2097874 -0.6275038 -0.7501586 -0.2145926 -0.6254698 -0.9596694 0.2537338 -0.1210535 -0.7501918 -0.2145023 -0.6254606 -0.9581999 -0.2594625 -0.1205493 -0.9581906 -0.2594748 -0.1205966 -0.7502385 -0.214595 -0.6253728 -0.5572975 -0.5539732 -0.6184927 -0.9582107 -0.2594369 -0.1205194 -0.5573067 -0.5539739 -0.6184839 -0.7202088 -0.6764834 -0.1538494 -0.7202595 -0.6764449 -0.1537812 -0.5572945 -0.5539973 -0.6184738 -0.2851195 -0.7375462 -0.612154 -0.7201877 -0.6765044 -0.1538556 -0.2851089 -0.7375451 -0.6121602 -0.3719993 -0.9074776 -0.1951946 -0.3720375 -0.9074642 -0.1951839 -0.2850567 -0.7376002 -0.6121181 -0.001874148 -0.7919578 -0.610573 -0.372051 -0.9074549 -0.1952021 -0.001814961 -0.7919543 -0.6105777 -0.003002583 -0.9767696 -0.2142716 -0.003043651 -0.9767737 -0.2142521 -0.001830458 -0.7919771 -0.6105481 0.2818566 -0.7366782 -0.614705 -0.003038287 -0.9767652 -0.2142912 0.2818526 -0.7367151 -0.6146625 0.3677352 -0.908773 -0.197237 0.3677868 -0.9087586 -0.1972072 0.2818673 -0.7366897 -0.6146863 0.5553747 -0.5514623 -0.6224536 0.3677785 -0.9087569 -0.1972305 0.5553625 -0.5514678 -0.6224595 0.7203114 -0.6759785 -0.1555786 0.7202927 -0.676002 -0.1555629 0.5553508 -0.5514708 -0.6224672 0.7497894 -0.2097592 -0.6275484 0.7203087 -0.6759822 -0.1555743 0.7497993 -0.20973 -0.6275463 0.8963041 -0.3666164 -0.2494623 0.8962918 -0.366657 -0.249447 0.7497913 -0.2097685 -0.627543 0.7501884 0.2145984 -0.6254319 0.8962982 -0.3666401 -0.2494488 0.7502105 0.2145401 -0.6254253 0.897392 0.3475419 -0.2718496 0.8974146 0.3474969 -0.2718327 0.7501814 0.2146215 -0.6254324 0.5573049 0.5539899 -0.6184712 0.8973991 0.3474904 -0.2718921 0.5573087 0.553943 -0.6185097 0.7038656 0.6886312 -0.1742424 0.7038361 0.6886605 -0.1742455 0.557309 0.554023 -0.6184378 0.2851171 0.7375674 -0.6121296 0.7037772 0.6887096 -0.1742896 0.2851092 0.7376023 -0.6120913 0.372016 0.9074633 -0.1952292 0.3720512 0.9074641 -0.1951583 0.2850634 0.737615 -0.6120972 0.001837253 0.7919775 -0.6105474 0.3719596 0.907494 -0.1951941 0.00187391 0.7919415 -0.6105942 0.003067195 0.9767887 -0.2141835 0.001822292 0.7919972 -0.610522 5.78269e-4 0.4120355 -0.9111677 -0.1332643 0.3814981 -0.914713 0.001802206 0.7919685 -0.6105593 -0.13323 0.3814989 -0.9147177 -0.2818923 0.7367129 -0.614647 -0.2818773 0.7367152 -0.6146511 -0.1332798 0.3815313 -0.9146969 -0.2595812 0.2841443 -0.9229733 -0.2818217 0.7366983 -0.614697 -0.2595197 0.284138 -0.9229925 -0.5553457 0.5514525 -0.6224881 -0.5553681 0.5515105 -0.6224166 -0.2594923 0.2841634 -0.9229924 -0.3495964 0.1087837 -0.9305636 -0.5553164 0.551496 -0.6224756 -0.3496659 0.1088093 -0.9305344 -0.7498139 0.2097467 -0.6275233 -0.7498028 0.2097718 -0.6275283 -0.3496411 0.108797 -0.9305453 -0.3505827 -0.1108987 -0.9299427 -0.7497998 0.2097332 -0.6275447 -0.3505553 -0.110918 -0.9299507 -0.7501713 -0.2145637 -0.6254644 -0.750209 -0.2145341 -0.6254292 -0.3505952 -0.1109301 -0.9299342 -0.2609893 -0.2865504 -0.9218316 -0.750218 -0.2146272 -0.6253864 -0.2609595 -0.286428 -0.921878 -0.5572952 -0.5539746 -0.6184936 -0.5572997 -0.553974 -0.61849 -0.2609692 -0.286468 -0.9218629 -0.134499 -0.3827293 -0.9140178 -0.5573081 -0.5539773 -0.6184796 -0.1345605 -0.3826701 -0.9140334 -0.285124 -0.7375829 -0.6121076 -0.285071 -0.7375567 -0.6121639 -0.1345138 -0.382739 -0.9140115 -7.14481e-4 -0.4120152 -0.9111768 -0.2851015 -0.7375779 -0.6121243 -6.68108e-4 -0.4120357 -0.9111675 -0.001873672 -0.7920289 -0.6104808 -0.001831471 -0.7919875 -0.6105346 -6.48953e-4 -0.4119773 -0.9111939 0.1332585 -0.3815368 -0.9146977 -0.001853823 -0.7919963 -0.6105232 0.1332796 -0.3814252 -0.9147412 0.2818635 -0.7366572 -0.614727 0.2818159 -0.7366629 -0.6147419 0.1332831 -0.3814965 -0.9147109 0.2595127 -0.2841926 -0.9229777 0.2818264 -0.7366971 -0.6146961 0.259502 -0.2842211 -0.9229719 0.5553644 -0.5514362 -0.6224858 0.5553374 -0.5514585 -0.6224901 0.2595227 -0.2841842 -0.9229775 0.3496493 -0.108796 -0.9305423 0.5553454 -0.5514628 -0.6224792 0.3496459 -0.1087828 -0.9305451 0.7497743 -0.2097335 -0.6275751 0.7497991 -0.2097322 -0.6275458 0.3496316 -0.1087898 -0.9305496 0.3505865 0.1108939 -0.9299418 0.7498016 -0.2097821 -0.6275262 0.3505665 0.1109085 -0.9299476 0.7502145 0.2145521 -0.6254163 0.7501859 0.2146228 -0.6254266 0.3505758 0.1108706 -0.9299486 0.2609881 0.2864681 -0.9218575 0.7502076 0.2145838 -0.6254138 0.2609546 0.286485 -0.9218618 0.5573235 0.5539542 -0.6184864 0.5572773 0.5540201 -0.6184689 0.2610059 0.2864402 -0.9218611 0.1345026 0.3827317 -0.9140163 0.5573191 0.553986 -0.6184617 0.1345089 0.3827345 -0.9140141 0.2851243 0.7375921 -0.6120964 0.285118 0.7375254 -0.6121798 0.1345645 0.3827687 -0.9139915 6.6407e-4 0.4119935 -0.9111866 0.285126 0.7375626 -0.6121311 6.01545e-4 0.4120283 -0.911171 0.001853942 0.7919801 -0.6105443 1.41859e-5 2.36779e-5 -1 -0.1332064 0.3815088 -0.914717 5.97173e-4 0.412012 -0.9111783 -6.1661e-5 7.22706e-5 -1 -0.2594918 0.284211 -0.9229779 -0.1332337 0.3814245 -0.9147482 7.30604e-5 2.81837e-5 -1 -0.3496472 0.1088261 -0.9305395 -0.2594868 0.2842286 -0.9229738 8.3819e-5 4.20418e-5 -1 -0.3505671 -0.1108574 -0.9299535 -0.3496181 0.108793 -0.9305543 -7.36713e-5 3.0417e-5 -1 -0.2609762 -0.2865295 -0.9218419 -0.3505442 -0.1109281 -0.9299536 6.11246e-5 7.0408e-5 -1 -0.1345285 -0.3827118 -0.9140207 -0.2609639 -0.2864959 -0.9218557 -1.66744e-5 2.93627e-5 -1 -5.76138e-4 -0.4119697 -0.9111974 -0.1345341 -0.3827319 -0.9140115 7.18236e-6 1.91182e-5 -1 0.1333097 -0.3814719 -0.9147173 -6.29054e-4 -0.4119799 -0.9111928 -4.83096e-5 -1.63577e-5 -1 0.2595337 -0.2841635 -0.9229807 0.1333018 -0.381487 -0.9147123 7.95275e-5 1.95801e-5 -1 0.3496405 -0.1087807 -0.9305473 0.2595337 -0.2841729 -0.9229779 -5.67734e-6 5.90552e-6 -1 0.3506249 0.110898 -0.9299268 0.3495995 -0.1087902 -0.9305617 -8.04365e-5 1.91927e-5 -1 0.2610231 0.2864294 -0.9218597 0.3505313 0.1109157 -0.9299599 4.79221e-5 -1.43796e-5 -1 0.1345163 0.3827905 -0.9139896 0.2609254 0.2865039 -0.9218642 -6.54161e-6 2.25604e-5 -1 7.18117e-4 0.4120157 -0.9111765 0.134513 0.382771 -0.9139982 0.8080522 0.4403042 0.3913871 0.8384959 -0.2736262 0.4712255 -0.2817468 0.1650458 0.9451872 -0.3338221 0.1833093 0.9246408 -0.3445971 0.187599 0.919815 0.807855 0.4284452 0.4047284 0.8790745 -0.3813507 0.2860069 0.8830684 -0.02048915 -0.468797 -0.4138645 -0.8994468 -0.1403986 -0.5531363 -0.8277117 0.09451884 -0.1485051 0.1006143 0.98378 0.8749536 -0.3854809 0.29302 0.8758555 -0.1828697 -0.4465825 0.8973812 0.4394199 -0.04021489 -0.2968202 0.5250032 -0.7976651 -0.284632 0.5236242 -0.8029959 -0.5612369 -0.6952095 -0.449107 0.8909936 -0.1756442 -0.4186642 0.930314 0.3471875 -0.1182237 0.707089 0.4231064 0.5665742 -0.4721004 0.05625081 0.8797484 -0.4705637 -0.001896023 0.882364 -0.09998196 0.1240155 -0.9872304 0.9486432 0.3040447 -0.08736759 -0.3167395 -6.96122e-4 0.9485124 -0.5609542 -0.8278463 -9.07449e-4 1.7945e-7 -0.9999996 -9.41843e-4 0 -0.9999997 -7.4787e-4 0 -1 -6.05758e-6 -0.3167386 -0.001601934 0.9485116 -0.5609943 -0.8278197 4.45584e-4 -0.2687562 5.65051e-5 -0.9632083 0.004110336 3.66561e-5 -0.9999917 0.001553237 3.55603e-5 -0.9999988 -4.91705e-7 -0.9999999 5.39493e-4 -0.5609731 -0.8278222 -0.00444585 -0.2688025 -0.001904904 -0.9631935 -0.3167812 7.3261e-4 0.9484984 0 0.9999997 -8.74467e-4 0 0.9999998 -6.37064e-4 -1.47385e-4 -4.79107e-4 -1 -0.2688027 6.47455e-6 -0.9631953 -0.3147833 -2.42372e-5 0.9491636 -0.3167848 -2.33679e-5 0.9484974 -1.21277e-6 -1 -2.086e-4 0 -1 7.35765e-5 0 1 -1.21824e-4 -0.3131788 -2.92507e-5 0.9496942 -0.003402292 0.005906224 -0.9999768 -0.003401279 0.005905807 -0.9999768 -0.0034042 0.005909323 -0.9999768 -3.55725e-5 0.003745615 -0.9999931 -2.5756e-4 0.00356245 -0.9999936 -3.39137e-5 0.003743827 -0.9999931 -0.9767299 0.2144733 -4.42058e-4 -0.9767082 0.2145717 -3.39469e-4 -0.97673 0.2144727 -4.38765e-4 -0.9766853 0.2146762 -2.36048e-4 -0.9766858 0.214674 -2.3719e-4 -0.9766855 0.214675 -2.38173e-4 0.003365159 -0.003790557 -0.9999872 -2.47842e-7 -0.005197942 -0.9999866 -0.9999753 0.006021022 0.003636181 -0.9999763 0.005888223 0.003569841 -0.9999763 0.005860507 0.003608286 -0.9999931 0.003742218 -3.13516e-5 -0.9999938 0.003519654 -2.13787e-4 -0.9999938 0.003541052 -2.37442e-4 0 -0.2220521 -0.9750348 -3.42778e-4 -0.2223826 -0.9749594 -4.09661e-4 -0.2224496 -0.9749441 -4.11371e-4 -0.2224479 -0.9749446 -0.9999514 -0.007018923 -0.006929337 -0.9999514 -0.006944417 -0.007005751 -0.9999515 -0.007098913 -0.00684309 -0.9999703 -0.007540404 -0.001584827 -0.9999711 -0.007374525 -0.001861572 -0.9999701 -0.007588744 -0.001516342 -0.003366291 -0.00593847 -0.9999767 -2.16217e-4 -0.004034638 -0.9999918 -2.13587e-4 -0.004036784 -0.9999918 -2.47843e-7 -0.003777801 -0.999993 -0.9766361 -0.2149001 0 -0.9765475 -0.2153016 -4.06249e-4 -0.9765478 -0.2153003 -4.0762e-4 -0.9765474 -0.2153024 -4.05448e-4 0.00263518 0.003028512 -0.999992 0.002619564 0.003044128 -0.999992 0.002750396 0.003118216 -0.9999914 -2.8624e-5 0.005159139 -0.9999868 -3.29099e-5 0.005162656 -0.9999867 -2.73533e-5 0.005158245 -0.9999868 -0.9999735 -0.006221413 0.003814697 -0.9999786 -0.006049096 -0.00252825 -0.9999788 -0.005959033 -0.002606272 -0.9999781 -0.006174266 -0.002409994 -4.47801e-4 0.2216308 -0.9751306 -4.48948e-4 0.2216299 -0.9751308 -4.4896e-4 0.2216309 -0.9751306 -0.001957058 0.220124 -0.97547 -0.001963376 0.2201317 -0.9754682 -0.001954555 0.2201198 -0.9754709 -0.9999824 0.002145946 -0.005540788 -0.9999824 0.002135634 -0.005530536 -0.9999824 0.002149939 -0.005544722 -0.9999895 0.004451513 -0.001157701 -0.9999899 0.004374265 -0.001091301 -0.9999894 0.004454314 -0.001160025 -8.11334e-4 -0.9999994 -8.14825e-4 -8.09695e-4 -0.9999994 -8.16456e-4 -8.12261e-4 -0.9999994 -8.139e-4 -0.003228366 -0.9999896 -0.00321114 -0.003213465 -0.9999896 -0.003226041 -0.003221809 -0.9999896 -0.003217697 -4.60234e-7 -1 0 -4.60237e-7 -1 -1.60712e-5 -0.002592146 -0.9999932 -0.00261867 -0.002590358 -0.9999932 -0.002620518 -0.002595961 -0.9999932 -0.002614915 -8.1421e-4 -0.9999994 -8.11847e-4 -8.12002e-4 -0.9999994 -8.14053e-4 -8.14962e-4 -0.9999994 -8.11096e-4 -0.001864314 -0.9999966 -0.001859426 -0.001864314 -0.9999966 -0.001859426 -0.001864492 -0.9999966 -0.001859247 0 -1 0 -8.78456e-4 -0.9999992 -8.84781e-4 -8.8049e-4 -0.9999992 -8.82757e-4 -8.83223e-4 -0.9999992 -8.8002e-4 -3.38485e-5 -1 -3.371e-5 -3.38464e-5 -1 -3.3712e-5 -3.38406e-5 -1 -3.37179e-5 -3.38481e-5 -1 -3.37104e-5 -3.38441e-5 -1 -3.37144e-5 -3.3847e-5 -1 -3.37114e-5 -3.3847e-5 -1 -3.37114e-5 -3.38481e-5 -1 -3.37104e-5 -3.38441e-5 -1 -3.37144e-5 -3.03034e-5 -1 -4.62258e-5 -3.3847e-5 -1 -4.97629e-5 -3.78919e-5 -1 -5.38102e-5 -4.67613e-5 -1 -3.2705e-5 -4.67605e-5 -1 -3.27059e-5 -4.62577e-5 -1 -3.21971e-5 -3.33516e-5 -1 -3.31984e-5 -3.33484e-5 -1 -3.32016e-5 -3.33481e-5 -1 -3.32018e-5 -0.001562654 -0.9999976 -0.001542747 -0.001564145 -0.9999976 -0.001543998 -0.00155121 -0.9999977 -0.001531302 -5.13064e-5 -1 -4.0336e-5 -3.371e-5 -1 -3.36184e-5 -4.95218e-5 -1 -3.96625e-5 -0.001152932 -0.9999987 -0.001152038 -0.001153051 -0.9999987 -0.001151919 -0.001152098 -0.9999987 -0.001151144 -4.54439e-5 -1 -3.46684e-5 -4.59196e-5 -1 -3.5203e-5 -4.54456e-5 -1 -3.46668e-5 -0.6091087 0.01352524 0.7929714 0.4814351 -0.01577204 0.87634 0.6090703 0.01354914 0.7930005 -0.4814351 -0.01576912 0.8763399 0.4814348 -0.01577681 0.8763399 -0.6090689 0.01360821 0.7930006 -0.0279904 -0.411951 0.910776 -0.0217024 0.3077467 0.9512208 0.180351 0.9835999 0.002215862 -0.02169334 0.307745 0.9512216 -0.0280562 -0.4119569 0.9107713 -0.01689845 -0.3218415 0.9466428 -0.01687997 -0.3217997 0.9466574 0.5384112 0.8426579 0.006419599 -0.02168685 0.3077667 0.9512147 0.5385411 0.8425748 0.006424963 -0.01686197 -0.3218362 0.9466453 0.2072747 -0.2721225 0.9396737 0.2072589 -0.2721129 0.9396799 0.9914827 0.1302103 0.002699255 0.5385529 0.8425672 0.006435811 0.9914848 0.1301953 0.002691328 0.20729 -0.2720846 0.9396814 0.8214576 -0.5700728 -0.01498746 -0.01689451 -0.3218373 0.9466443 0.309379 -0.9393852 0.1477844 0.20727 -0.2720822 0.9396864 0.8214655 -0.5700607 -0.0150057 0.2072662 -0.2721137 0.9396781 0.3093903 -0.939378 0.1478058 0.03523892 -0.2351406 -0.9713224 -0.02165907 0.3077389 0.9512243 0.05163806 -0.388875 -0.9198423 -0.02169191 0.3077076 0.9512338 0.03524184 -0.2351292 -0.971325 0.1803097 0.9836074 0.002234995 0.05166524 -0.3888913 -0.9198338 0.5384758 0.8426164 0.006444454 0.2213745 -0.3542265 -0.9085797 0.538521 0.8425875 0.006451249 0.05166333 -0.3888722 -0.9198421 -0.02168935 0.3076949 0.9512378 0.2213718 -0.3542559 -0.9085688 0.9914947 0.1301197 0.002687335 0.8214684 -0.5700571 -0.01499402 0.9914866 0.1301811 0.002691626 0.2213849 -0.3542332 -0.9085745 0.5385212 0.8425875 0.00643146 0.8214784 -0.570042 -0.01501864 0.309342 -0.9393998 0.1477688 0.2213737 -0.3542276 -0.9085794 0.05165201 -0.3889093 -0.9198269 0.009694457 -0.9565438 -0.2914278 0.03524863 -0.2351142 -0.9713284 -0.03828114 -0.2315109 -0.9720789 -0.051885 -0.3828915 -0.9223352 0.001945197 0.3297127 0.9440793 0.001990497 0.329719 0.9440771 -0.1984815 0.9800956 0.004222869 -0.03829824 -0.2315376 -0.9720719 -0.05187541 -0.3829119 -0.9223272 -0.2069603 -0.3495358 -0.913779 -0.4838753 0.8748915 -0.020729 -0.4839609 0.8748444 -0.02071493 0.001952648 0.329657 0.9440987 -0.05188137 -0.3828986 -0.9223324 -0.2069535 -0.3495434 -0.9137777 -0.8074803 -0.5589727 -0.1884813 -0.9893744 0.1386895 -0.04363119 -0.9893602 0.138787 -0.04364198 -0.483957 0.8748462 -0.02073037 -0.2069644 -0.349537 -0.9137777 -0.8074592 -0.5589962 -0.1885016 -0.2069259 -0.3495675 -0.9137747 -0.3095097 -0.941649 -0.1322916 -0.2069842 -0.3495603 -0.9137642 -0.05187553 -0.3829006 -0.9223319 -0.03189623 -0.9882342 -0.1495856 -0.03191661 -0.9882299 -0.1496099 -0.3095563 -0.9416263 -0.1323441 -0.2069399 -0.3495777 -0.9137678 -0.05186074 -0.3828891 -0.9223375 -0.03832668 -0.2315367 -0.9720709 -0.009643614 -0.9565566 -0.2913877 -0.009677171 -0.9565523 -0.2914004 -0.03183835 -0.9882308 -0.1496201 -0.05189943 -0.3829049 -0.9223287 0.03657335 -0.4767521 0.8782767 -0.1985051 0.9800908 0.004223704 0.001973807 0.3296711 0.9440939 0.001995503 0.3296313 0.9441077 0.01384502 -0.4815513 0.8763086 0.0365774 -0.4767683 0.8782677 0.01379734 -0.481534 0.8763189 0.00198996 0.329635 0.9441064 -0.4838803 0.874889 -0.02071923 -0.4838806 0.8748887 -0.02072298 -0.313808 -0.4075177 0.8575861 0.0138092 -0.4815608 0.8763039 -0.3138409 -0.4075137 0.8575761 -0.483915 0.8748697 -0.02072477 -0.9893606 0.1387872 -0.0436331 -0.9893694 0.1387141 -0.04366499 -0.80746 -0.5590034 -0.1884768 -0.313795 -0.4075253 0.8575873 -0.03182619 -0.9882324 -0.1496124 -0.009688854 -0.9565569 -0.2913847 0.036511 -0.4767666 0.8782715 0.03657716 -0.4767365 0.878285 0.01386851 -0.4815423 0.8763132 -0.03190785 -0.9882296 -0.1496132 -0.3095079 -0.9416439 -0.1323315 -0.03185981 -0.9882295 -0.1496244 0.01381307 -0.4815613 0.8763036 0.01379692 -0.4815732 0.8762972 -0.313782 -0.4075354 0.8575872 -0.309504 -0.941645 -0.132333 -0.8074632 -0.5590053 -0.1884579 -0.3095121 -0.9416441 -0.1323205 -0.3138767 -0.4075086 0.8575652 -0.0279904 -0.411951 0.910776 -0.0217024 0.3077467 0.9512208 0.180351 0.9835999 0.002215981 -0.02169334 0.307745 0.9512216 -0.02805626 -0.411957 0.9107713 -0.01689851 -0.3218415 0.9466428 -0.01687997 -0.3217997 0.9466573 0.5384112 0.8426579 0.006419599 -0.02168679 0.3077667 0.9512147 0.5385411 0.8425748 0.006424963 -0.01686197 -0.3218362 0.9466452 0.2072746 -0.2721224 0.9396737 0.2072592 -0.2721128 0.9396799 0.9914827 0.1302106 0.002698659 0.5385527 0.8425673 0.006435751 0.9914848 0.1301953 0.002691924 0.2072894 -0.2720847 0.9396814 0.8214577 -0.5700727 -0.01498669 -0.01689368 -0.3218403 0.9466432 0.3093793 -0.9393857 0.1477804 0.2072697 -0.272086 0.9396854 0.8214659 -0.5700601 -0.01501005 0.2072698 -0.2721168 0.9396764 0.3093907 -0.9393786 0.1478018 0.03523892 -0.2351406 -0.9713224 -0.02165907 0.3077389 0.9512243 0.051638 -0.388875 -0.9198423 -0.02169185 0.3077076 0.9512337 0.03524184 -0.2351293 -0.971325 0.1803097 0.9836074 0.002234995 0.05166524 -0.3888912 -0.9198338 0.5384758 0.8426164 0.006444692 0.2213745 -0.3542265 -0.9085796 0.538521 0.8425874 0.006451249 0.05166333 -0.3888721 -0.9198421 -0.02168935 0.3076949 0.9512378 0.2213718 -0.3542557 -0.9085689 0.9914947 0.1301196 0.002687573 0.8214686 -0.5700566 -0.01499408 0.9914867 0.1301813 0.00269103 0.2213844 -0.3542332 -0.9085746 0.5385208 0.8425877 0.006431221 0.8214787 -0.5700415 -0.01501697 0.3093422 -0.9393995 0.1477706 0.2213749 -0.3542288 -0.9085786 0.05165201 -0.3889098 -0.9198268 0.009694337 -0.9565439 -0.2914273 0.03524863 -0.2351148 -0.9713283 -0.03828108 -0.2315109 -0.9720789 -0.051885 -0.3828915 -0.9223352 0.001945137 0.3297127 0.9440794 0.001990497 0.329719 0.9440771 -0.1984815 0.9800956 0.00422281 -0.03829818 -0.2315376 -0.9720718 -0.05187541 -0.3829118 -0.9223272 -0.2069603 -0.3495358 -0.913779 -0.4838752 0.8748914 -0.02072912 -0.4839609 0.8748444 -0.02071499 0.001952648 0.329657 0.9440988 -0.2069534 -0.3495439 -0.9137776 -0.80748 -0.5589733 -0.1884806 -0.9893744 0.1386892 -0.04363137 -0.9893602 0.1387867 -0.04364198 -0.4839576 0.874846 -0.02072966 -0.2069643 -0.3495365 -0.913778 -0.8074586 -0.5589948 -0.1885083 -0.2069218 -0.3495618 -0.9137778 -0.3095099 -0.9416479 -0.1322988 -0.2069847 -0.3495625 -0.9137634 -0.05187577 -0.382903 -0.9223309 -0.03189617 -0.9882346 -0.1495829 -0.03191679 -0.9882296 -0.1496115 -0.3095561 -0.941626 -0.1323457 -0.2069396 -0.3495762 -0.9137684 -0.05186069 -0.382885 -0.9223392 -0.03832662 -0.2315316 -0.9720721 -0.009643733 -0.9565551 -0.2913925 -0.00967735 -0.9565531 -0.2913976 -0.03183847 -0.9882313 -0.1496167 -0.05189955 -0.3829081 -0.9223275 0.03657335 -0.4767522 0.8782767 -0.1985051 0.9800908 0.004223704 0.001973807 0.3296711 0.9440939 0.001995503 0.3296314 0.9441077 0.01384502 -0.4815512 0.8763086 0.03657746 -0.4767683 0.8782677 0.01379734 -0.481534 0.8763189 0.00199002 0.329635 0.9441064 -0.4838803 0.8748889 -0.02071917 -0.4838807 0.8748887 -0.02072304 -0.313808 -0.4075177 0.8575862 0.01380926 -0.4815608 0.8763039 -0.3138409 -0.4075137 0.857576 -0.4839152 0.8748695 -0.02072495 -0.9893606 0.1387869 -0.04363346 -0.9893694 0.1387141 -0.04366493 -0.8074599 -0.5590037 -0.1884763 -0.3137946 -0.4075252 0.8575874 -0.03182637 -0.988233 -0.1496086 -0.009688854 -0.9565583 -0.2913801 0.03651088 -0.4767629 0.8782734 0.0365771 -0.4767369 0.8782847 0.01386839 -0.4815424 0.8763131 -0.03190791 -0.9882296 -0.1496134 -0.3095079 -0.9416438 -0.1323326 -0.03185981 -0.9882294 -0.1496254 0.01381307 -0.4815621 0.8763032 0.0137971 -0.4815717 0.876298 -0.3137818 -0.4075349 0.8575875 -0.3095041 -0.9416452 -0.132332 -0.8074647 -0.5590066 -0.1884479 -0.3095139 -0.941645 -0.1323094 -0.313871 -0.407499 0.8575719</float_array>
          <technique_common>
            <accessor source="#gloire_Mesh_002-mesh-normals-array" count="2153" stride="3">
              <param name="X" type="float"/>
              <param name="Y" type="float"/>
              <param name="Z" type="float"/>
            </accessor>
          </technique_common>
        </source>
        <source id="gloire_Mesh_002-mesh-map-0">
          <float_array id="gloire_Mesh_002-mesh-map-0-array" count="4740">0.317597 0.6435188 0.214125 0.6355502 0.2140412 0.6205886 0.2140412 0.6205886 0.3179624 0.6256104 0.317597 0.6435188 0.3174918 0.6493667 0.2142869 0.6486864 0.214125 0.6355502 0.214125 0.6355502 0.317597 0.6435188 0.3174918 0.6493667 0.31747 0.6406021 0.2141215 0.6353325 0.2142773 0.6490697 0.2142773 0.6490697 0.3172545 0.6495517 0.31747 0.6406021 0.3179119 0.6210445 0.213974 0.5997585 0.2141215 0.6353325 0.2141215 0.6353325 0.31747 0.6406021 0.3179119 0.6210445 0.3189374 0.589112 0.213942 0.5898067 0.213974 0.5997585 0.213974 0.5997585 0.3179119 0.6210445 0.3189374 0.589112 0.3186458 0.5852131 0.2139489 0.5840627 0.213942 0.5898067 0.213942 0.5898067 0.3189374 0.589112 0.3186458 0.5852131 0.3187485 0.5888497 0.2139413 0.5852608 0.2139539 0.5840725 0.2139539 0.5840725 0.3188061 0.5852189 0.3187485 0.5888497 0.3184167 0.6040199 0.2139732 0.5962141 0.2139413 0.5852608 0.2139413 0.5852608 0.3187485 0.5888497 0.3184167 0.6040199 0.3179624 0.6256104 0.2140412 0.6205886 0.2139732 0.5962141 0.2139732 0.5962141 0.3184167 0.6040199 0.3179624 0.6256104 0.1315739 0.5938031 0.1990203 0.5925816 0.1989601 0.6096083 0.1989601 0.6096083 0.1315848 0.6119005 0.1315739 0.5938031 0.1315702 0.5873359 0.1990316 0.5870223 0.1990203 0.5925816 0.1990203 0.5925816 0.1315739 0.5938031 0.1315702 0.5873359 0.1315671 0.5954813 0.1991198 0.5953509 0.1991695 0.5868416 0.1991695 0.5868416 0.1315615 0.5872997 0.1315671 0.5954813 0.1315796 0.6144772 0.199029 0.6139466 0.1991198 0.5953509 0.1991198 0.5953509 0.1315671 0.5954813 0.1315796 0.6144772 0.1315935 0.6353993 0.1986125 0.6480709 0.199029 0.6139466 0.199029 0.6139466 0.1315796 0.6144772 0.1315935 0.6353993 0.1316243 0.6484163 0.1988134 0.6481106 0.1985197 0.6480674 0.1985197 0.6480674 0.1315935 0.6353993 0.1316243 0.6484163 0.1988134 0.6481106 0.1316243 0.6484163 0.1316004 0.6484231 0.1316004 0.6484231 0.1988155 0.6445593 0.1988134 0.6481106 0.1315977 0.6331605 0.1988794 0.6301359 0.1988155 0.6445593 0.1988155 0.6445593 0.1316004 0.6484231 0.1315977 0.6331605 0.1315848 0.6119005 0.1989601 0.6096083 0.1988794 0.6301359 0.1988794 0.6301359 0.1315977 0.6331605 0.1315848 0.6119005 0.5083217 0.6373153 0.5124396 0.6397128 0.5171652 0.6390535 0.5083217 0.6373153 0.5171652 0.6390535 0.5203507 0.6356968 0.5203507 0.6356968 0.5198011 0.6302965 0.5173444 0.6274781 0.5173444 0.6274781 0.5126062 0.6265792 0.5084304 0.6287429 0.5203507 0.6356968 0.5173444 0.6274781 0.5084304 0.6287429 0.5083217 0.6373153 0.5203507 0.6356968 0.5084304 0.6287429 0.5083217 0.6373153 0.5084304 0.6287429 0.5067383 0.6329829 0.2140412 0.6205886 0.214125 0.6355502 0.317597 0.6435188 0.317597 0.6435188 0.3179624 0.6256104 0.2140412 0.6205886 0.214125 0.6355502 0.2142869 0.6486864 0.3174918 0.6493667 0.3174918 0.6493667 0.317597 0.6435188 0.214125 0.6355502 0.2142773 0.6490697 0.2141215 0.6353325 0.31747 0.6406021 0.31747 0.6406021 0.3172545 0.6495517 0.2142773 0.6490697 0.2141215 0.6353325 0.213974 0.5997585 0.3179119 0.6210445 0.3179119 0.6210445 0.31747 0.6406021 0.2141215 0.6353325 0.213974 0.5997585 0.213942 0.5898067 0.3189374 0.589112 0.3189374 0.589112 0.3179119 0.6210445 0.213974 0.5997585 0.213942 0.5898067 0.2139489 0.5840627 0.3186458 0.5852131 0.3186458 0.5852131 0.3189374 0.589112 0.213942 0.5898067 0.2139539 0.5840725 0.2139413 0.5852608 0.3187485 0.5888497 0.3187485 0.5888497 0.3188061 0.5852189 0.2139539 0.5840725 0.2139413 0.5852608 0.2139732 0.5962141 0.3184167 0.6040199 0.3184167 0.6040199 0.3187485 0.5888497 0.2139413 0.5852608 0.2139732 0.5962141 0.2140412 0.6205886 0.3179624 0.6256104 0.3179624 0.6256104 0.3184167 0.6040199 0.2139732 0.5962141 0.1989601 0.6096083 0.1990203 0.5925816 0.1315739 0.5938031 0.1315739 0.5938031 0.1315848 0.6119005 0.1989601 0.6096083 0.1990203 0.5925816 0.1990316 0.5870223 0.1315702 0.5873359 0.1315702 0.5873359 0.1315739 0.5938031 0.1990203 0.5925816 0.1991695 0.5868416 0.1991198 0.5953509 0.1315671 0.5954813 0.1315671 0.5954813 0.1315615 0.5872997 0.1991695 0.5868416 0.1991198 0.5953509 0.199029 0.6139466 0.1315796 0.6144772 0.1315796 0.6144772 0.1315671 0.5954813 0.1991198 0.5953509 0.199029 0.6139466 0.1986125 0.6480709 0.1315935 0.6353993 0.1315935 0.6353993 0.1315796 0.6144772 0.199029 0.6139466 0.1985197 0.6480674 0.1988134 0.6481106 0.1316243 0.6484163 0.1316243 0.6484163 0.1315935 0.6353993 0.1985197 0.6480674 0.1316004 0.6484231 0.1316243 0.6484163 0.1988134 0.6481106 0.1988134 0.6481106 0.1988155 0.6445593 0.1316004 0.6484231 0.1988155 0.6445593 0.1988794 0.6301359 0.1315977 0.6331605 0.1315977 0.6331605 0.1316004 0.6484231 0.1988155 0.6445593 0.1988794 0.6301359 0.1989601 0.6096083 0.1315848 0.6119005 0.1315848 0.6119005 0.1315977 0.6331605 0.1988794 0.6301359 0.5083217 0.6373153 0.5067383 0.6329829 0.5084304 0.6287429 0.5084304 0.6287429 0.5126062 0.6265792 0.5173444 0.6274781 0.5173444 0.6274781 0.5198011 0.6302965 0.5203507 0.6356968 0.5084304 0.6287429 0.5173444 0.6274781 0.5203507 0.6356968 0.5083217 0.6373153 0.5084304 0.6287429 0.5203507 0.6356968 0.5083217 0.6373153 0.5203507 0.6356968 0.5171652 0.6390535 0.5083217 0.6373153 0.5171652 0.6390535 0.5124396 0.6397128 0.317597 0.6435188 0.3179624 0.6256104 0.2140412 0.6205886 0.2140412 0.6205886 0.214125 0.6355502 0.317597 0.6435188 0.3174918 0.6493667 0.317597 0.6435188 0.214125 0.6355502 0.214125 0.6355502 0.2142869 0.6486864 0.3174918 0.6493667 0.31747 0.6406021 0.3172545 0.6495517 0.2142773 0.6490697 0.2142773 0.6490697 0.2141215 0.6353325 0.31747 0.6406021 0.3179119 0.6210445 0.31747 0.6406021 0.2141215 0.6353325 0.2141215 0.6353325 0.213974 0.5997585 0.3179119 0.6210445 0.3189374 0.589112 0.3179119 0.6210445 0.213974 0.5997585 0.213974 0.5997585 0.213942 0.5898067 0.3189374 0.589112 0.3186458 0.5852131 0.3189374 0.589112 0.213942 0.5898067 0.213942 0.5898067 0.2139489 0.5840627 0.3186458 0.5852131 0.3187485 0.5888497 0.3188061 0.5852189 0.2139539 0.5840725 0.2139539 0.5840725 0.2139413 0.5852608 0.3187485 0.5888497 0.3184167 0.6040199 0.3187485 0.5888497 0.2139413 0.5852608 0.2139413 0.5852608 0.2139732 0.5962141 0.3184167 0.6040199 0.3179624 0.6256104 0.3184167 0.6040199 0.2139732 0.5962141 0.2139732 0.5962141 0.2140412 0.6205886 0.3179624 0.6256104 0.1315739 0.5938031 0.1315848 0.6119005 0.1989601 0.6096083 0.1989601 0.6096083 0.1990203 0.5925816 0.1315739 0.5938031 0.1315702 0.5873359 0.1315739 0.5938031 0.1990203 0.5925816 0.1990203 0.5925816 0.1990316 0.5870223 0.1315702 0.5873359 0.1315671 0.5954813 0.1315615 0.5872997 0.1991695 0.5868416 0.1991695 0.5868416 0.1991198 0.5953509 0.1315671 0.5954813 0.1315796 0.6144772 0.1315671 0.5954813 0.1991198 0.5953509 0.1991198 0.5953509 0.199029 0.6139466 0.1315796 0.6144772 0.1315935 0.6353993 0.1315796 0.6144772 0.199029 0.6139466 0.199029 0.6139466 0.1986125 0.6480709 0.1315935 0.6353993 0.1316243 0.6484163 0.1315935 0.6353993 0.1985197 0.6480674 0.1985197 0.6480674 0.1988134 0.6481106 0.1316243 0.6484163 0.1988134 0.6481106 0.1988155 0.6445593 0.1316004 0.6484231 0.1316004 0.6484231 0.1316243 0.6484163 0.1988134 0.6481106 0.1315977 0.6331605 0.1316004 0.6484231 0.1988155 0.6445593 0.1988155 0.6445593 0.1988794 0.6301359 0.1315977 0.6331605 0.1315848 0.6119005 0.1315977 0.6331605 0.1988794 0.6301359 0.1988794 0.6301359 0.1989601 0.6096083 0.1315848 0.6119005 0.5083217 0.6373153 0.5067383 0.6329829 0.5084304 0.6287429 0.5084304 0.6287429 0.5126062 0.6265792 0.5173444 0.6274781 0.5173444 0.6274781 0.5198011 0.6302965 0.5203507 0.6356968 0.5084304 0.6287429 0.5173444 0.6274781 0.5203507 0.6356968 0.5083217 0.6373153 0.5084304 0.6287429 0.5203507 0.6356968 0.5083217 0.6373153 0.5203507 0.6356968 0.5171652 0.6390535 0.5083217 0.6373153 0.5171652 0.6390535 0.5124396 0.6397128 0.2140412 0.6205886 0.3179624 0.6256104 0.317597 0.6435188 0.317597 0.6435188 0.214125 0.6355502 0.2140412 0.6205886 0.214125 0.6355502 0.317597 0.6435188 0.3174918 0.6493667 0.3174918 0.6493667 0.2142869 0.6486864 0.214125 0.6355502 0.2142773 0.6490697 0.3172545 0.6495517 0.31747 0.6406021 0.31747 0.6406021 0.2141215 0.6353325 0.2142773 0.6490697 0.2141215 0.6353325 0.31747 0.6406021 0.3179119 0.6210445 0.3179119 0.6210445 0.213974 0.5997585 0.2141215 0.6353325 0.213974 0.5997585 0.3179119 0.6210445 0.3189374 0.589112 0.3189374 0.589112 0.213942 0.5898067 0.213974 0.5997585 0.213942 0.5898067 0.3189374 0.589112 0.3186458 0.5852131 0.3186458 0.5852131 0.2139489 0.5840627 0.213942 0.5898067 0.2139539 0.5840725 0.3188061 0.5852189 0.3187485 0.5888497 0.3187485 0.5888497 0.2139413 0.5852608 0.2139539 0.5840725 0.2139413 0.5852608 0.3187485 0.5888497 0.3184167 0.6040199 0.3184167 0.6040199 0.2139732 0.5962141 0.2139413 0.5852608 0.2139732 0.5962141 0.3184167 0.6040199 0.3179624 0.6256104 0.3179624 0.6256104 0.2140412 0.6205886 0.2139732 0.5962141 0.1989601 0.6096083 0.1315848 0.6119005 0.1315739 0.5938031 0.1315739 0.5938031 0.1990203 0.5925816 0.1989601 0.6096083 0.1990203 0.5925816 0.1315739 0.5938031 0.1315702 0.5873359 0.1315702 0.5873359 0.1990316 0.5870223 0.1990203 0.5925816 0.1991695 0.5868416 0.1315615 0.5872997 0.1315671 0.5954813 0.1315671 0.5954813 0.1991198 0.5953509 0.1991695 0.5868416 0.1991198 0.5953509 0.1315671 0.5954813 0.1315796 0.6144772 0.1315796 0.6144772 0.199029 0.6139466 0.1991198 0.5953509 0.199029 0.6139466 0.1315796 0.6144772 0.1315935 0.6353993 0.1315935 0.6353993 0.1986125 0.6480709 0.199029 0.6139466 0.1985197 0.6480674 0.1315935 0.6353993 0.1316243 0.6484163 0.1316243 0.6484163 0.1988134 0.6481106 0.1985197 0.6480674 0.1316004 0.6484231 0.1988155 0.6445593 0.1988134 0.6481106 0.1988134 0.6481106 0.1316243 0.6484163 0.1316004 0.6484231 0.1988155 0.6445593 0.1316004 0.6484231 0.1315977 0.6331605 0.1315977 0.6331605 0.1988794 0.6301359 0.1988155 0.6445593 0.1988794 0.6301359 0.1315977 0.6331605 0.1315848 0.6119005 0.1315848 0.6119005 0.1989601 0.6096083 0.1988794 0.6301359 0.5083217 0.6373153 0.5124396 0.6397128 0.5171652 0.6390535 0.5083217 0.6373153 0.5171652 0.6390535 0.5203507 0.6356968 0.5203507 0.6356968 0.5198011 0.6302965 0.5173444 0.6274781 0.5173444 0.6274781 0.5126062 0.6265792 0.5084304 0.6287429 0.5203507 0.6356968 0.5173444 0.6274781 0.5084304 0.6287429 0.5083217 0.6373153 0.5203507 0.6356968 0.5084304 0.6287429 0.5083217 0.6373153 0.5084304 0.6287429 0.5067383 0.6329829 0.4419208 0.9361999 0.4419218 0.9513874 0.4419193 0.9363811 0.1660609 0.9980093 0.1660609 0.9980093 0.166068 0.9753817 0.166068 0.9753817 0.166068 0.9753817 0.1660609 0.9980093 0.1661957 0.9752509 0.1662057 0.9978609 0.2957612 0.9977911 0.2957612 0.9977911 0.2957464 0.9751147 0.1661957 0.9752509 0.1660648 0.9752771 0.1660574 0.9979602 0.2956898 0.9979178 0.2956898 0.9979178 0.295694 0.9751426 0.1660648 0.9752771 0.166068 0.9753817 0.1660609 0.9980093 0.2955764 0.9979805 0.2955764 0.9979805 0.2956107 0.9752537 0.166068 0.9753817 0.1662257 0.9979047 0.1662257 0.9979047 0.1662134 0.9752895 0.1662134 0.9752895 0.1662134 0.9752895 0.1662257 0.9979047 0.1660503 0.9753431 0.1660409 0.9979655 0.2955507 0.9979246 0.2955507 0.9979246 0.295592 0.9752126 0.1660503 0.9753431 0.1660648 0.9752771 0.1660574 0.9979602 0.2956898 0.9979178 0.2956898 0.9979178 0.295694 0.9751426 0.1660648 0.9752771 0.1662134 0.9752895 0.1662257 0.9979047 0.2957867 0.997847 0.2957867 0.997847 0.2957652 0.9751557 0.1662134 0.9752895 0.350404 0.1785639 0.3503923 0.1782725 0.3503923 0.1799396 0.350404 0.1785639 0.3503923 0.1799396 0.3503922 0.1835197 0.3503923 0.1890084 0.3503923 0.1906349 0.3503923 0.1906338 0.3503923 0.1890084 0.3503923 0.1906338 0.350404 0.1909252 0.6807866 0.2943565 0.8033139 0.2944796 0.785708 0.2498021 0.785708 0.2498021 0.6751688 0.2498021 0.6807866 0.2943565 0.2229995 0.01913696 0.2542374 0.09642732 0.277292 0.06536501 0.2542996 0.09653747 0.2228662 0.01945799 0.2772564 0.06563365 0.675018 0.2490957 0.666625 0.2000709 0.7596625 0.2003054 0.7596625 0.2003054 0.7856175 0.2490957 0.675018 0.2490957 0.4330778 0.966881 0.4343091 0.9720142 0.3970875 0.9719012 0.3970875 0.9719012 0.3970842 0.997168 0.2226767 0.9971836 0.3970875 0.9719012 0.2226767 0.9971836 0.2492648 0.9678932 0.4330778 0.966881 0.3970875 0.9719012 0.2492648 0.9678932 0.2219188 0.9966955 0.396584 0.9966797 0.3965871 0.9713923 0.3965871 0.9713923 0.4331132 0.9715317 0.4318558 0.9663479 0.3965871 0.9713923 0.4318558 0.9663479 0.248057 0.967404 0.2219188 0.9966955 0.3965871 0.9713923 0.248057 0.967404 0.6751688 0.2498021 0.5677152 0.2498021 0.5779175 0.2962126 0.6751688 0.2498021 0.5779175 0.2962126 0.6779387 0.2969236 0.6751688 0.2498021 0.6779387 0.2969236 0.6807866 0.2943565 0.1965962 0.008443832 0.2105075 0.09617441 0.2106266 0.09617513 0.1965962 0.008443832 0.2106266 0.09617513 0.210703 0.09596794 0.1965962 0.008443832 0.210703 0.09596794 0.2229995 0.01913696 0.2105697 0.09628444 0.1964629 0.008764863 0.2228662 0.01945799 0.2228662 0.01945799 0.2542996 0.09653747 0.2105697 0.09628444 0.5676108 0.2490957 0.5647429 0.1999197 0.666625 0.2000709 0.666625 0.2000709 0.675018 0.2490957 0.5676108 0.2490957 0.1000003 0.9679715 0.2492648 0.9678932 0.2226767 0.9971836 0.2226767 0.9971836 0.09589046 0.9971934 0.1000003 0.9679715 0.09901148 0.9674844 0.09538996 0.9967052 0.2219188 0.9966955 0.2219188 0.9966955 0.248057 0.967404 0.09901148 0.9674844 0.4954087 0.2961536 0.5779175 0.2962126 0.5677152 0.2498021 0.5677152 0.2498021 0.4603955 0.2498021 0.4954087 0.2961536 0.2105075 0.09617441 0.1965962 0.008443832 0.1214981 0.007953464 0.1214981 0.007953464 0.1116295 0.09556245 0.2105075 0.09617441 0.1964629 0.008764863 0.2105697 0.09628444 0.1116917 0.09577852 0.1116917 0.09577852 0.1213648 0.008274614 0.1964629 0.008764863 0.4603084 0.2490957 0.5647429 0.1999197 0.5676108 0.2490957 0.4351373 0.9679716 0.4310275 0.9971935 0.3041896 0.9972035 0.4351373 0.9679716 0.3041896 0.9972035 0.2882255 0.9679021 0.4331725 0.9678239 0.4351373 0.9679716 0.2882255 0.9679021 0.2872224 0.9674152 0.3037407 0.9967152 0.430527 0.9967054 0.430527 0.9967054 0.4331526 0.9674108 0.2872224 0.9674152 0.4954087 0.2961536 0.4603955 0.2498021 0.3531612 0.2498021 0.3531612 0.2498021 0.4151465 0.2961185 0.4954087 0.2961536 0.1774034 0.9972133 0.1453428 0.967956 0.2882255 0.9679021 0.2882255 0.9679021 0.3041896 0.9972035 0.1774034 0.9972133 0.1766453 0.9967251 0.3037407 0.9967152 0.2872224 0.9674152 0.2872224 0.9674152 0.1441545 0.9674723 0.1766453 0.9967251 0.3257781 0.2968694 0.4151465 0.2961185 0.3531612 0.2498021 0.3257781 0.2968694 0.3531612 0.2498021 0.2460077 0.2498021 0.3257781 0.2968694 0.2460077 0.2498021 0.2547904 0.296473 0.1116295 0.09556245 0.1214981 0.007953464 0.0306102 0.03434443 0.0306102 0.03434443 0.04503554 0.09524613 0.1116295 0.09556245 0.1213648 0.008274614 0.1116917 0.09577852 0.04509776 0.09535616 0.04509776 0.09535616 0.03047686 0.03466552 0.1213648 0.008274614 0.2460351 0.2490957 0.1792252 0.1993645 0.3343761 0.1996171 0.3343761 0.1996171 0.3530772 0.2490957 0.2460351 0.2490957 0.3469898 0.8645364 0.3533283 0.8298468 0.451887 0.8296549 0.451887 0.8296549 0.4519655 0.8648223 0.3469898 0.8645364 0.1622369 0.2967017 0.2547904 0.296473 0.2460077 0.2498021 0.2460077 0.2498021 0.170317 0.2498021 0.1622369 0.2967017 0.1792252 0.1993645 0.2460351 0.2490957 0.1702156 0.2490957 0.4465651 0.8656833 0.4465641 0.9009693 0.2453213 0.9009661 0.2453213 0.9009661 0.2453213 0.8656759 0.4465651 0.8656833 0.03047686 0.03466552 0.04509776 0.09535616 0.01403588 0.09535962 0.7777278 0.2955867 0.7338486 0.2958835 0.7306956 0.2492893 0.7306956 0.2492893 0.7791422 0.2485584 0.7777278 0.2955867 0.04503554 0.09524613 0.0306102 0.03434443 0.01416915 0.09503859 0.09320652 0.2490957 0.106857 0.1993666 0.1792252 0.1993645 0.1792252 0.1993645 0.1702156 0.2490957 0.09320652 0.2490957 0.09377062 0.2498021 0.170317 0.2498021 0.1793336 0.2001972 0.1793336 0.2001972 0.1074211 0.200073 0.09377062 0.2498021 0.6751688 0.2498021 0.785708 0.2498021 0.7597711 0.2010746 0.7597711 0.2010746 0.6667335 0.2009035 0.6751688 0.2498021 0.6806165 0.2934249 0.675018 0.2490957 0.7856175 0.2490957 0.7856175 0.2490957 0.8031466 0.2934262 0.6806165 0.2934249 0.5648514 0.2007523 0.5648587 0.200879 0.5651289 0.2007527 0.5777478 0.2954447 0.5676108 0.2490957 0.675018 0.2490957 0.6777683 0.2961753 0.5777478 0.2954447 0.675018 0.2490957 0.6777683 0.2961753 0.675018 0.2490957 0.6806165 0.2934249 0.5648514 0.2007523 0.3344848 0.2003864 0.4603955 0.2498021 0.4603955 0.2498021 0.5648587 0.200879 0.5648514 0.2007523 0.4952086 0.2947322 0.4603084 0.2490957 0.5676108 0.2490957 0.5676108 0.2490957 0.5777478 0.2954447 0.4952086 0.2947322 0.3531612 0.2498021 0.4603955 0.2498021 0.3344848 0.2003864 0.4603084 0.2490957 0.4952086 0.2947322 0.4950482 0.2960805 0.4603084 0.2490957 0.4950482 0.2960805 0.4148666 0.2953715 0.3530772 0.2490957 0.4603084 0.2490957 0.4148666 0.2953715 0.2460077 0.2498021 0.3531612 0.2498021 0.3344848 0.2003864 0.3344848 0.2003864 0.1793336 0.2001972 0.2460077 0.2498021 0.2460351 0.2490957 0.3530772 0.2490957 0.4148666 0.2953715 0.2460351 0.2490957 0.4148666 0.2953715 0.3256632 0.2961524 0.2460351 0.2490957 0.3256632 0.2961524 0.2539795 0.2957593 0.2460077 0.2498021 0.1793336 0.2001972 0.170317 0.2498021 0.1620727 0.2959951 0.1702156 0.2490957 0.2460351 0.2490957 0.2460351 0.2490957 0.2539795 0.2957593 0.1620727 0.2959951 0.7791422 0.2485584 0.7306956 0.2492893 0.7539159 0.1976379 0.09320652 0.2490957 0.1702156 0.2490957 0.1620727 0.2959951 0.1620727 0.2959951 0.08604127 0.2959951 0.09320652 0.2490957 0.1622369 0.2967017 0.170317 0.2498021 0.09377062 0.2498021 0.09377062 0.2498021 0.08660537 0.2967014 0.1622369 0.2967017 0.451887 0.8296549 0.4023 0.8310803 0.3909358 0.8312174 0.451887 0.8296549 0.3909358 0.8312174 0.4518843 0.8426051 0.451887 0.8296549 0.4518843 0.8426051 0.4519655 0.8648223 0.3507084 0.8426357 0.3473305 0.8643763 0.452306 0.8646623 0.452306 0.8646623 0.452225 0.8424451 0.3507084 0.8426357 0.3533283 0.8298468 0.3469898 0.8645364 0.2627673 0.8645498 0.2627673 0.8645498 0.272201 0.8298484 0.3533283 0.8298468 0.2725417 0.8296884 0.2631081 0.8643898 0.3479813 0.8643458 0.3479813 0.8643458 0.354117 0.8296865 0.2725417 0.8296884 0.4516136 0.842599 0.4519899 0.8647894 0.3476406 0.8645058 0.3476406 0.8645058 0.3508065 0.8427953 0.4516136 0.842599 0.3508065 0.8427953 0.3476406 0.8645058 0.2627673 0.8645498 0.2627673 0.8645498 0.2674118 0.8427953 0.3508065 0.8427953 0.2677524 0.8426354 0.2631081 0.8643898 0.3473305 0.8643763 0.3473305 0.8643763 0.3507084 0.8426357 0.2677524 0.8426354 0.2673957 0.8291682 0.2750252 0.8639204 0.4473562 0.8637258 0.4473562 0.8637258 0.4394605 0.8291701 0.2673957 0.8291682 0.4384992 0.8293988 0.4463903 0.8639976 0.2740746 0.8641944 0.2740746 0.8641944 0.2664379 0.8293968 0.4384992 0.8293988 0.2698709 0.8479087 0.2745055 0.8639663 0.4468213 0.8637694 0.4468213 0.8637694 0.4399691 0.8480549 0.2698709 0.8479087 0.2664639 0.8509095 0.2664639 0.8509095 0.2750252 0.8639204 0.2750252 0.8639204 0.2673957 0.8291682 0.2664639 0.8509095 0.2654861 0.8511875 0.2664379 0.8293968 0.2740746 0.8641944 0.2740746 0.8641944 0.2654861 0.8511875 0.2654861 0.8511875 0.2659174 0.8509593 0.2659174 0.8509593 0.2745055 0.8639663 0.2745055 0.8639663 0.2698709 0.8479087 0.2659174 0.8509593 0.4390295 0.8293983 0.446925 0.863954 0.4463903 0.8639976 0.4463903 0.8639976 0.4384992 0.8293988 0.4390295 0.8293983 0.4399691 0.8480549 0.4468213 0.8637694 0.4473562 0.8637258 0.4473562 0.8637258 0.4405202 0.8476425 0.4399691 0.8480549 0.440089 0.8478707 0.446925 0.863954 0.2745939 0.8641487 0.2745939 0.8641487 0.2699868 0.8478691 0.440089 0.8478707 0.2660326 0.8511377 0.2699868 0.8478691 0.2745939 0.8641487 0.2745939 0.8641487 0.2660326 0.8511377 0.2660326 0.8511377 0.4519185 0.8294935 0.354117 0.8296865 0.3479813 0.8643458 0.3479813 0.8643458 0.4523304 0.8646295 0.4519185 0.8294935 0.4515777 0.8296535 0.4519899 0.8647894 0.4516136 0.842599 0.9941767 0.3058075 0.9409627 0.369648 0.8983403 0.3694513 0.9941767 0.3058075 0.8983403 0.3694513 0.8453137 0.3056121 0.8453137 0.3056121 0.845384 0.2953518 0.8469655 0.2953522 0.9941767 0.3058075 0.8453137 0.3056121 0.8469655 0.2953522 0.9941767 0.3058075 0.8469655 0.2953522 0.9926391 0.2953522 0.9941767 0.3058075 0.9926391 0.2953522 0.9942119 0.2953519 0.4334286 0.9955947 0.4009377 0.966342 0.3970394 0.9662019 0.4334286 0.9955947 0.3970394 0.9662019 0.2478801 0.9707165 0.4334286 0.9955947 0.2478801 0.9707165 0.2419716 0.9956107 0.8482728 0.07966816 0.9912333 0.07974207 0.9943448 0.1395 0.8482728 0.07966816 0.9943448 0.1395 0.9943023 0.1751148 0.9943023 0.1751148 0.9942809 0.2107442 0.9942384 0.246359 0.9942384 0.246359 0.9942178 0.2953509 0.8453952 0.2953509 0.9942384 0.246359 0.8453952 0.2953509 0.8454158 0.2462866 0.9943023 0.1751148 0.9942384 0.246359 0.8454158 0.2462866 0.8482728 0.07966816 0.9943023 0.1751148 0.8454158 0.2462866 0.8454158 0.2462866 0.8454158 0.2107441 0.8454796 0.1751292 0.8482728 0.07966816 0.8454158 0.2462866 0.8454796 0.1751292 0.8482728 0.07966816 0.8454796 0.1751292 0.8455008 0.1394276 0.8257957 0.9052681 0.8733608 0.9052668 0.8255792 0.9052678 0.825385 0.9051024 0.8251215 0.9051021 0.8729388 0.9051011 0.4495587 0.8649715 0.4473364 0.9006098 0.2422734 0.9006099 0.2422734 0.9006099 0.2400629 0.8649806 0.4495587 0.8649715 0.2479228 0.9662596 0.379365 0.9666849 0.402126 0.9668257 0.2479228 0.9662596 0.402126 0.9668257 0.4341866 0.996083 0.4341866 0.996083 0.2427348 0.9960979 0.2478629 0.9712007 0.2479228 0.9662596 0.4341866 0.996083 0.2478629 0.9712007 0.7867712 0.8621534 0.7867698 0.8627867 0.7889764 0.8622762 0.786228 0.8617779 0.788429 0.8619048 0.786227 0.8624112 0.7912663 0.8188654 0.7868518 0.8189297 0.7867712 0.8621534 0.7867712 0.8621534 0.7889764 0.8622762 0.7912663 0.8188654 0.788429 0.8619048 0.786228 0.8617779 0.7863526 0.8186142 0.7863526 0.8186142 0.7885553 0.8182682 0.788429 0.8619048 0.786853 0.818294 0.7868518 0.8189297 0.7912663 0.8188654 0.4952086 0.2947322 0.4962401 0.2960811 0.4950482 0.2960805 0.7891413 0.776139 0.7909784 0.7345841 0.7866992 0.7279645 0.1259664 0.04432505 0.786618 0.7330847 0.790529 0.7342185 0.3366923 0.4824025 0.3366922 0.4161137 0.4042913 0.4161137 0.4042913 0.4161137 0.4042912 0.4824025 0.3366923 0.4824025 0.3366923 0.4824025 0.3366922 0.4161137 0.4042913 0.4161137 0.4042913 0.4161137 0.4042912 0.4824025 0.3366923 0.4824025 0.7307594 0.9441412 0.7271413 0.9444156 0.7244588 0.7445108 0.7244588 0.7445108 0.7280795 0.7444285 0.7307594 0.9441412 0.7280795 0.7444285 0.7244588 0.7445108 0.7237684 0.6930528 0.7237684 0.6930528 0.7273904 0.6930677 0.7280795 0.7444285 0.7262238 0.6056401 0.7273904 0.6930677 0.7237684 0.6930528 0.7237684 0.6930528 0.7225952 0.6056296 0.7262238 0.6056401 0.7283599 0.980364 0.726573 0.8471997 0.7303872 0.846872 0.7303872 0.846872 0.7321788 0.9803751 0.7283599 0.980364 0.7683159 0.84254 0.7660397 0.8438091 0.7303872 0.846872 0.7683159 0.84254 0.7303872 0.846872 0.7291299 0.7546597 0.7683159 0.84254 0.7291299 0.7546597 0.7671383 0.7547784 0.7291299 0.7546597 0.7253311 0.7546478 0.7245837 0.6989438 0.7245837 0.6989438 0.7283784 0.6986473 0.7291299 0.7546597 0.5711812 0.6215829 0.5788115 0.9610028 0.6132995 0.9606853 0.6132995 0.9606853 0.6054145 0.6057099 0.5711812 0.6215829 0.5677549 0.6229529 0.5677598 0.6231694 0.5711812 0.6215829 0.5711812 0.6215829 0.5711743 0.6212701 0.5677549 0.6229529 0.5752209 0.8647533 0.5728514 0.8653519 0.5710563 0.7855939 0.5710563 0.7855939 0.5744026 0.7837075 0.5752209 0.8647533 0.5757352 0.8439528 0.573051 0.8426458 0.5683541 0.6339694 0.5683541 0.6339694 0.5709938 0.6334112 0.5757352 0.8439528 0.6124028 0.8617447 0.6135024 0.9112474 0.5781577 0.9124612 0.6124028 0.8617447 0.5781577 0.9124612 0.5757352 0.8439528 0.6124028 0.8617447 0.5757352 0.8439528 0.6008247 0.8561694 0.57463 0.9127981 0.5746251 0.9125825 0.5781577 0.9124612 0.5781577 0.9124612 0.5781627 0.9126783 0.57463 0.9127981 0.1365153 0.6385043 0.1365153 0.5867232 0.1491311 0.5866873 0.1491311 0.5866873 0.1491311 0.6385407 0.1365153 0.6385043 0.1513131 0.6394603 0.1976273 0.6394603 0.1976273 0.6528125 0.1976273 0.6528125 0.1513131 0.6529442 0.1513131 0.6394603 0.1976273 0.6169189 0.1976273 0.6394603 0.1513131 0.6394603 0.1513131 0.6394603 0.1513131 0.6169189 0.1976273 0.6169189 0.1976273 0.586228 0.1976273 0.6169189 0.1513131 0.6169189 0.1513131 0.6169189 0.1513131 0.586228 0.1976273 0.586228 0.1513131 0.6296023 0.1976273 0.6297772 0.1976273 0.6519383 0.1976273 0.6519383 0.1513131 0.6517213 0.1513131 0.6296023 0.1954452 0.6386742 0.1954452 0.6520532 0.1491311 0.6518783 0.1491311 0.6518783 0.1491311 0.6385407 0.1954452 0.6386742 0.7669601 0.9413952 0.7307594 0.9441412 0.7280795 0.7444285 0.7280795 0.7444285 0.7643061 0.7436041 0.7669601 0.9413952 0.7643061 0.7436041 0.7280795 0.7444285 0.7273904 0.6930677 0.7273904 0.6930677 0.76363 0.6932165 0.7643061 0.7436041 0.7601207 0.6057373 0.7624565 0.605764 0.76363 0.6932165 0.7601207 0.6057373 0.76363 0.6932165 0.7273904 0.6930677 0.7601207 0.6057373 0.7273904 0.6930677 0.7262238 0.6056401 0.767854 0.9804787 0.7321788 0.9803751 0.7303872 0.846872 0.7303872 0.846872 0.7660397 0.8438091 0.767854 0.9804787 0.7291299 0.7546597 0.7303872 0.846872 0.726573 0.8471997 0.726573 0.8471997 0.7253311 0.7546478 0.7291299 0.7546597 0.7291299 0.7546597 0.7283784 0.6986473 0.7663453 0.69568 0.7663453 0.69568 0.7671383 0.7547784 0.7291299 0.7546597 0.5788115 0.9610028 0.5711812 0.6215829 0.5677598 0.6231694 0.5677598 0.6231694 0.5753645 0.9610345 0.5788115 0.9610028 0.5711743 0.6212701 0.5711812 0.6215829 0.6054145 0.6057099 0.6054145 0.6057099 0.6053861 0.6044327 0.5711743 0.6212701 0.6078826 0.7648335 0.6099153 0.8563405 0.5973557 0.8591617 0.6078826 0.7648335 0.5973557 0.8591617 0.5752209 0.8647533 0.6078826 0.7648335 0.5752209 0.8647533 0.5744026 0.7837075 0.5757352 0.8439528 0.5709938 0.6334112 0.5956531 0.6281965 0.5956531 0.6281965 0.6008247 0.8561694 0.5757352 0.8439528 0.5757352 0.8439528 0.5781577 0.9124612 0.5746251 0.9125825 0.5746251 0.9125825 0.573051 0.8426458 0.5757352 0.8439528 0.6135075 0.9114792 0.5781627 0.9126783 0.5781577 0.9124612 0.5781577 0.9124612 0.6135024 0.9112474 0.6135075 0.9114792 0.1491311 0.6385407 0.1491311 0.5866873 0.1954452 0.5865556 0.1954452 0.5865556 0.1954452 0.6386742 0.1491311 0.6385407 0.1386974 0.6394603 0.1513131 0.6394603 0.1513131 0.6529442 0.1513131 0.6529442 0.1386974 0.6529801 0.1386974 0.6394603 0.1513131 0.6169189 0.1513131 0.6394603 0.1386974 0.6394603 0.1386974 0.6394603 0.1386974 0.6169189 0.1513131 0.6169189 0.1513131 0.586228 0.1513131 0.6169189 0.1386974 0.6169189 0.1386974 0.6169189 0.1386974 0.586228 0.1513131 0.586228 0.1386974 0.6295546 0.1513131 0.6296023 0.1513131 0.6517213 0.1513131 0.6517213 0.1386974 0.6516622 0.1386974 0.6295546 0.1491311 0.6385407 0.1491311 0.6518783 0.1365153 0.6518306 0.1365153 0.6518306 0.1365153 0.6385043 0.1491311 0.6385407 0.2275915 0.438618 0.2837808 0.4319864 0.2843176 0.4090279 0.2850516 0.3957393 0.2843176 0.4090279 0.2849506 0.3816943 0.2275915 0.438618 0.2843176 0.4090279 0.2837808 0.4319864 0.2850516 0.3957393 0.2849506 0.3816943 0.2843176 0.4090279 0.3366923 0.4824025 0.3366922 0.4161137 0.4042913 0.4161137 0.4042913 0.4161137 0.4042912 0.4824025 0.3366923 0.4824025 0.7489035 0.7333166 0.7484295 0.6519075 0.6706983 0.651676 0.6706983 0.651676 0.6706982 0.7325254 0.7489035 0.7333166 0.2873103 0.3478353 0.1526631 0.3478352 0.2199864 0.3197167 0.2870849 0.3475405 0.1524375 0.3475406 0.2197613 0.319422 0.6710624 0.6516797 0.7484295 0.6519075 0.7489035 0.7333166 0.7489035 0.7333166 0.6710624 0.7331113 0.6710624 0.6516797 0.7489035 0.7333166 0.7484295 0.6519075 0.6706983 0.651676 0.6706983 0.651676 0.6706982 0.7325254 0.7489035 0.7333166 0.2873103 0.3478353 0.1526631 0.3478352 0.2199864 0.3197167 0.2870849 0.3475405 0.1524375 0.3475406 0.2197613 0.319422 0.6710624 0.6516797 0.7484295 0.6519075 0.7489035 0.7333166 0.7489035 0.7333166 0.6710624 0.7331113 0.6710624 0.6516797 0.6779387 0.2969236 0.6779387 0.2969236 0.5779175 0.2962126 0.5779175 0.2962126 0.578651 0.2968875 0.6779387 0.2969236 0.5784804 0.2961193 0.5777478 0.2954447 0.6777683 0.2961753 0.6777683 0.2961753 0.6777683 0.2961753 0.5784804 0.2961193 0.1646705 0.03567832 0.1646705 0.03567832 0.1646705 0.03567832 0.164267 0.03595274 0.164267 0.03595274 0.164267 0.03595274 0.164445 0.0357275 0.164445 0.0357275 0.164445 0.0357275 0.1644926 0.03590357 0.1644926 0.03590357 0.1644926 0.03590357 0.7867698 0.8627867 0.7867698 0.8627867 0.7889764 0.8622762 0.788429 0.8619048 0.786227 0.8624112 0.786227 0.8624112 0.9224318 0.002925693 0.969167 0.04123342 0.9912333 0.08716094 0.9224318 0.002925693 0.9912333 0.08716094 0.8482735 0.0873062 0.9224318 0.002925693 0.8482735 0.0873062 0.8703861 0.04102307 0.4603955 0.2498021 0.5677152 0.2498021 0.5648587 0.200879 0.5677152 0.2498021 0.6751688 0.2498021 0.6667335 0.2009035 0.5677152 0.2498021 0.6667335 0.2009035 0.5651289 0.2007527 0.5677152 0.2498021 0.5651289 0.2007527 0.5648587 0.200879 0.2542374 0.09642732 0.2229995 0.01913696 0.210703 0.09596794 0.2106266 0.09617513 0.2542374 0.09642732 0.210703 0.09596794 0.4603084 0.2490957 0.3530772 0.2490957 0.3343761 0.1996171 0.4603084 0.2490957 0.3343761 0.1996171 0.5647429 0.1999197 0.8083422 0.320143 0.7790857 0.320143 0.7790857 0.3346933 0.8083422 0.320143 0.7790857 0.3346933 0.7790857 0.3463663 0.8083422 0.320143 0.7790857 0.3463663 0.7790857 0.3528475 0.8083422 0.320143 0.7790857 0.3528475 0.7790857 0.3528475 0.8083422 0.320143 0.7790857 0.3528475 0.7790857 0.3463663 0.8083422 0.320143 0.7790857 0.3463663 0.7790857 0.3346933 0.8083422 0.320143 0.7790857 0.3346933 0.7790857 0.320143 0.8083422 0.4744398 0.7790857 0.4744398 0.7790857 0.4598894 0.8083422 0.4744398 0.7790857 0.4598894 0.7790857 0.4482164 0.8083422 0.4744398 0.7790857 0.4482164 0.7790857 0.4417353 0.8083422 0.4744398 0.7790857 0.4417353 0.7790857 0.4417353 0.8083422 0.4744398 0.7790857 0.4417353 0.7790857 0.4482164 0.8083422 0.4744398 0.7790857 0.4482164 0.7790857 0.4598894 0.8083422 0.4744398 0.7790857 0.4598894 0.7790857 0.4744398 0.7790857 0.320143 0.6971102 0.320143 0.6971102 0.3476502 0.7790857 0.320143 0.6971102 0.3476502 0.7790857 0.3346933 0.7790857 0.3346933 0.6971102 0.3476502 0.6971102 0.3697687 0.7790857 0.3346933 0.6971102 0.3697687 0.7790857 0.3463663 0.7790857 0.3463663 0.6971102 0.3697687 0.6971102 0.3820846 0.7790857 0.3463663 0.6971102 0.3820846 0.7790857 0.3528475 0.7790857 0.3528475 0.6971102 0.3820846 0.6971102 0.3820846 0.7790857 0.3528475 0.6971102 0.3820846 0.7790857 0.3528475 0.7790857 0.3528475 0.6971102 0.3820846 0.6971102 0.3697687 0.7790857 0.3528475 0.6971102 0.3697687 0.7790857 0.3463663 0.7790857 0.3463663 0.6971102 0.3697687 0.6971102 0.3476502 0.7790857 0.3463663 0.6971102 0.3476502 0.7790857 0.3346933 0.7790857 0.3346933 0.6971102 0.3476502 0.6971102 0.320143 0.7790857 0.3346933 0.6971102 0.320143 0.7790857 0.320143 0.7790857 0.4744398 0.6971102 0.4744398 0.6971102 0.4469324 0.7790857 0.4744398 0.6971102 0.4469324 0.7790857 0.4598894 0.7790857 0.4598894 0.6971102 0.4469324 0.6971102 0.4248139 0.7790857 0.4598894 0.6971102 0.4248139 0.7790857 0.4482164 0.7790857 0.4482164 0.6971102 0.4248139 0.6971102 0.4124981 0.7790857 0.4482164 0.6971102 0.4124981 0.7790857 0.4417353 0.7790857 0.4417353 0.6971102 0.4124981 0.6971102 0.4124981 0.7836337 0.4227657 0.7002786 0.3948358 0.7836337 0.4227657 0.7790857 0.4417353 0.6971102 0.4124981 0.6971102 0.4248139 0.7790857 0.4417353 0.6971102 0.4248139 0.7790857 0.4482164 0.7790857 0.4482164 0.6971102 0.4248139 0.6971102 0.4469324 0.7790857 0.4482164 0.6971102 0.4469324 0.7790857 0.4598894 0.7790857 0.4598894 0.6971102 0.4469324 0.6971102 0.4744398 0.7790857 0.4598894 0.6971102 0.4744398 0.7790857 0.4744398 0.6971102 0.320143 0.5786527 0.320143 0.5786527 0.3569193 0.6971102 0.320143 0.5786527 0.3569193 0.6971102 0.3476502 0.6971102 0.3476502 0.5786527 0.3569193 0.5786527 0.3864755 0.6971102 0.3476502 0.5786527 0.3864755 0.6971102 0.3697687 0.6971102 0.3697687 0.5786527 0.3864755 0.5786527 0.4029221 0.6971102 0.3697687 0.5786527 0.4029221 0.6971102 0.3820846 0.6971102 0.3820846 0.5786527 0.4029221 0.5786527 0.4029221 0.6971102 0.3820846 0.5786527 0.4029221 0.6971102 0.3820846 0.6971102 0.3820846 0.5786527 0.4029221 0.5786527 0.3864755 0.6971102 0.3820846 0.5786527 0.3864755 0.6971102 0.3697687 0.6971102 0.3697687 0.5786527 0.3864755 0.5786527 0.3569193 0.6971102 0.3697687 0.5786527 0.3569193 0.6971102 0.3476502 0.6971102 0.3476502 0.5786527 0.3569193 0.5786527 0.320143 0.6971102 0.3476502 0.5786527 0.320143 0.6971102 0.320143 0.6971102 0.4744398 0.5786527 0.4744398 0.5786527 0.4376634 0.6971102 0.4744398 0.5786527 0.4376634 0.6971102 0.4469324 0.6971102 0.4469324 0.5786527 0.4376634 0.5786527 0.4081072 0.6971102 0.4469324 0.5786527 0.4081072 0.6971102 0.4248139 0.6971102 0.4248139 0.5786527 0.4081072 0.5786527 0.3856956 0.6971102 0.4248139 0.5786527 0.3856956 0.6971102 0.4124981 0.6971102 0.4124981 0.5786527 0.3856956 0.5786527 0.3856956 0.6971102 0.4124981 0.5786527 0.3856956 0.6971102 0.4124981 0.6971102 0.4124981 0.5786527 0.3856956 0.5786527 0.4081072 0.6971102 0.4124981 0.5786527 0.4081072 0.6971102 0.4248139 0.6971102 0.4248139 0.5786527 0.4081072 0.5786527 0.4376634 0.6971102 0.4248139 0.5786527 0.4376634 0.6971102 0.4469324 0.6971102 0.4469324 0.5786527 0.4376634 0.5786527 0.4744398 0.6971102 0.4469324 0.5786527 0.4744398 0.6971102 0.4744398 0.5786527 0.320143 0.4471745 0.320143 0.4471745 0.3597263 0.5786527 0.320143 0.4471745 0.3597263 0.5786527 0.3569193 0.5786527 0.3569193 0.4471745 0.3597263 0.4471745 0.3914058 0.5786527 0.3569193 0.4471745 0.3914058 0.5786527 0.3864755 0.5786527 0.3864755 0.4471745 0.3914058 0.4471745 0.4089425 0.5786527 0.3864755 0.4471745 0.4089425 0.5786527 0.4029221 0.5786527 0.4029221 0.4471745 0.4089425 0.4471744 0.4089425 0.5786527 0.4029221 0.4471744 0.4089425 0.5786527 0.4029221 0.5786527 0.4029221 0.4471744 0.4089425 0.4471745 0.3914058 0.5786527 0.4029221 0.4471745 0.3914058 0.5786527 0.3864755 0.5786527 0.3864755 0.4471745 0.3914058 0.4471745 0.3597263 0.5786527 0.3864755 0.4471745 0.3597263 0.5786527 0.3569193 0.5786527 0.3569193 0.4471745 0.3597263 0.4471745 0.320143 0.5786527 0.3569193 0.4471745 0.320143 0.5786527 0.320143 0.5786527 0.4744398 0.4471745 0.4744398 0.4471745 0.4348564 0.5786527 0.4744398 0.4471745 0.4348564 0.5786527 0.4376634 0.5786527 0.4376634 0.4471745 0.4348564 0.4471745 0.4031769 0.5786527 0.4376634 0.4471745 0.4031769 0.5786527 0.4081072 0.5786527 0.4081072 0.4471745 0.4031769 0.4471744 0.3856403 0.5786527 0.4081072 0.4471744 0.3856403 0.5786527 0.3856956 0.5786527 0.3856956 0.4471745 0.3856403 0.4471745 0.4031769 0.5786527 0.3856956 0.4471745 0.4031769 0.5786527 0.4081072 0.5786527 0.4081072 0.4471745 0.4031769 0.4471745 0.4348565 0.5786527 0.4081072 0.4471745 0.4348565 0.5786527 0.4376634 0.5786527 0.4376634 0.4471745 0.4348565 0.4471745 0.4744398 0.5786527 0.4376634 0.4471745 0.4744398 0.5786527 0.4744398 0.4472978 0.3198665 0.5657554 0.3198665 0.5657554 0.3535948 0.4472978 0.3198665 0.5657554 0.3535948 0.4472978 0.3594499 0.4472978 0.3594499 0.5657554 0.3535948 0.5657554 0.3805836 0.4472978 0.3594499 0.5657554 0.3805836 0.4472978 0.3911294 0.4472978 0.3911294 0.5657554 0.3805836 0.5657554 0.3955202 0.4472978 0.3911294 0.5657554 0.3955202 0.4472978 0.408666 0.4472978 0.408666 0.5657554 0.3955202 0.5657554 0.3955202 0.4472978 0.408666 0.5657554 0.3955202 0.4472978 0.408666 0.4472978 0.408666 0.5657554 0.3955202 0.5657554 0.3805836 0.4472978 0.408666 0.5657554 0.3805836 0.4472978 0.3911293 0.4472978 0.3911293 0.5657554 0.3805836 0.5657555 0.3535948 0.4472978 0.3911293 0.5657555 0.3535948 0.4472978 0.3594498 0.4472978 0.3594498 0.5657555 0.3535948 0.5657555 0.3198665 0.4472978 0.3594498 0.5657555 0.3198665 0.4472978 0.3198665 0.4472978 0.4741634 0.5657555 0.4741634 0.5657555 0.4404349 0.4472978 0.4741634 0.5657555 0.4404349 0.4472978 0.4345799 0.4472978 0.4345799 0.5657555 0.4404349 0.5657555 0.4134461 0.4472978 0.4345799 0.5657555 0.4134461 0.4472978 0.4029004 0.4472978 0.4029004 0.5657555 0.4134461 0.5657554 0.3985096 0.4472978 0.4029004 0.5657554 0.3985096 0.4472978 0.3853638 0.4472978 0.3853638 0.5657554 0.3985096 0.5657554 0.3985096 0.4472978 0.3853638 0.5657554 0.3985096 0.4472978 0.3853638 0.4472978 0.3853638 0.5657554 0.3985096 0.5657554 0.4134461 0.4472978 0.3853638 0.5657554 0.4134461 0.4472978 0.4029004 0.4472978 0.4029004 0.5657554 0.4134461 0.5657554 0.4404349 0.4472978 0.4029004 0.5657554 0.4404349 0.4472978 0.43458 0.4472978 0.43458 0.5657554 0.4404349 0.5657554 0.4741634 0.4472978 0.43458 0.5657554 0.4741634 0.4472978 0.4741634 0.5657554 0.3198665 0.6477307 0.3198665 0.6477307 0.3392994 0.5657554 0.3198665 0.6477307 0.3392994 0.5657554 0.3535948 0.5657554 0.3535948 0.6477307 0.3392994 0.6477307 0.3548788 0.5657554 0.3535948 0.6477307 0.3548788 0.5657554 0.3805836 0.5657554 0.3805836 0.6477307 0.3548788 0.6477307 0.3635216 0.5657554 0.3805836 0.6477307 0.3635216 0.5657554 0.3955202 0.5657554 0.3955202 0.6477307 0.3635216 0.6477307 0.3635216 0.5657554 0.3955202 0.6477307 0.3635216 0.5657554 0.3955202 0.5657554 0.3955202 0.6477307 0.3635216 0.6477307 0.3548788 0.5657554 0.3955202 0.6477307 0.3548788 0.5657554 0.3805836 0.5657554 0.3805836 0.6477307 0.3548788 0.6477307 0.3392994 0.5657554 0.3805836 0.6477307 0.3392994 0.5657555 0.3535948 0.5657555 0.3535948 0.6477307 0.3392994 0.6477307 0.3198665 0.5657555 0.3535948 0.6477307 0.3198665 0.5657555 0.3198665 0.5657555 0.4741634 0.6477307 0.4741634 0.6477307 0.4547305 0.5657555 0.4741634 0.6477307 0.4547305 0.5657555 0.4404349 0.5657555 0.4404349 0.6477307 0.4547305 0.6477307 0.4391509 0.5657555 0.4404349 0.6477307 0.4391509 0.5657555 0.4134461 0.5657555 0.4134461 0.6477307 0.4391509 0.6477307 0.4305081 0.5657555 0.4134461 0.6477307 0.4305081 0.5657554 0.3985096 0.5657554 0.3985096 0.6477307 0.4305081 0.6477307 0.4305081 0.5657554 0.3985096 0.6477307 0.4305081 0.5657554 0.3985096 0.5657554 0.3985096 0.6477307 0.4305081 0.6477307 0.4391509 0.5657554 0.3985096 0.6477307 0.4391509 0.5657554 0.4134461 0.5657554 0.4134461 0.6477307 0.4391509 0.6477307 0.4547305 0.5657554 0.4134461 0.6477307 0.4547305 0.5657554 0.4404349 0.5657554 0.4404349 0.6477307 0.4547305 0.6477307 0.4741634 0.5657554 0.4404349 0.6477307 0.4741634 0.5657554 0.4741634 0.6635525 0.3198665 0.6477307 0.3392994 0.6477307 0.3198665 0.6635525 0.3198665 0.6477307 0.3548788 0.6477307 0.3392994 0.6635525 0.3198665 0.6477307 0.3635216 0.6477307 0.3548788 0.6635525 0.3198665 0.6477307 0.3635216 0.6477307 0.3635216 0.6635525 0.3198665 0.6477307 0.3548788 0.6477307 0.3635216 0.6635525 0.3198665 0.6477307 0.3392994 0.6477307 0.3548788 0.6635525 0.3198665 0.6477307 0.3198665 0.6477307 0.3392994 0.6635525 0.4741634 0.6477307 0.4547305 0.6477307 0.4741634 0.6635525 0.4741634 0.6477307 0.4391509 0.6477307 0.4547305 0.6635525 0.4741634 0.6477307 0.4305081 0.6477307 0.4391509 0.6635525 0.4741634 0.6477307 0.4305081 0.6477307 0.4305081 0.6635525 0.4741634 0.6477307 0.4391509 0.6477307 0.4305081 0.6635525 0.4741634 0.6477307 0.4547305 0.6477307 0.4391509 0.6635525 0.4741634 0.6477307 0.4741634 0.6477307 0.4547305 0.5824863 0.227006 0.4921957 0.2267284 0.4687814 0.1743338 0.4687814 0.1743338 0.6062226 0.1747563 0.5824863 0.227006 0.1482871 0.2241522 0.4309088 0.2247977 0.4607093 0.1734741 0.4607093 0.1734741 0.112974 0.1726285 0.1482871 0.2241522 0.5824593 0.2270059 0.4921688 0.2267284 0.4687544 0.1743336 0.4687544 0.1743336 0.6061957 0.1747562 0.5824593 0.2270059 0.4309094 0.2247972 0.148288 0.2241517 0.1129748 0.172628 0.1129748 0.172628 0.46071 0.1734735 0.4309094 0.2247972 0.1759616 0.2953613 0.5315315 0.2951328 0.5315474 0.2414408 0.5315474 0.2414408 0.1759653 0.2416694 0.1759616 0.2953613 0.6977385 0.2967615 0.5572003 0.2967615 0.5572003 0.2421219 0.5572003 0.2421219 0.6977385 0.2421219 0.6977385 0.2967615 0.5315322 0.2951322 0.1759625 0.2953608 0.1759661 0.2416689 0.1759661 0.2416689 0.531548 0.2414402 0.5315322 0.2951322 0.6977661 0.2967615 0.5572279 0.2967615 0.5572279 0.2421219 0.5572279 0.2421219 0.6977661 0.2421219 0.6977661 0.2967615 0.122718 0.5558838 0.1224459 0.4836194 0.2746209 0.4830464 0.122718 0.5558838 0.2746209 0.4830464 0.274893 0.5553109 0.5465539 0.3316872 0.559809 0.3317355 0.5549243 0.5797479 0.5465539 0.3316872 0.5549243 0.5797479 0.5416692 0.5796996 0.1224459 0.4836194 0.122718 0.5558838 0.274893 0.5553109 0.1224459 0.4836194 0.274893 0.5553109 0.2746209 0.4830464 0.1225207 0.5545672 0.1225207 0.4843955 0.2702886 0.4843955 0.1225207 0.5545672 0.2702886 0.4843955 0.2702886 0.5545672 0.5465539 0.3316871 0.559809 0.3317354 0.5549243 0.5797478 0.5465539 0.3316871 0.5549243 0.5797478 0.5416692 0.5796995 0.1225207 0.4843955 0.1225207 0.5545672 0.2702886 0.5545672 0.1225207 0.4843955 0.2702886 0.5545672 0.2702886 0.4843955 0.1233403 0.4832375 0.1236123 0.5555018 0.2757872 0.5549288 0.1233403 0.4832375 0.2757872 0.5549288 0.2755153 0.4826643 0.5465431 0.3316882 0.5597984 0.3317365 0.5549136 0.5797488 0.5465431 0.3316882 0.5549136 0.5797488 0.5416584 0.5797006 0.1236123 0.5555018 0.1233403 0.4832375 0.2755153 0.4826643 0.1236123 0.5555018 0.2755153 0.4826643 0.2757872 0.5549288 0.1230492 0.4847647 0.1230492 0.5549364 0.2708171 0.5549364 0.1230492 0.4847647 0.2708171 0.5549364 0.2708171 0.4847648 0.5465432 0.3316883 0.5597985 0.3317365 0.5549136 0.579749 0.5465432 0.3316883 0.5549136 0.579749 0.5416585 0.5797007 0.1230492 0.5549364 0.1230492 0.4847648 0.2708171 0.4847648 0.1230492 0.5549364 0.2708171 0.4847648 0.2708171 0.5549364 0.3688929 0.8087645 0.1956611 0.800233 0.3689001 0.800382 0.1956539 0.8086155 0.1956611 0.800233 0.3688929 0.8087645 0.01403951 0.8000766 0.1872714 0.8086082 0.0140323 0.8084592 0.1872786 0.8002257 0.1872714 0.8086082 0.01403951 0.8000766 0.1958101 0.6269939 0.1872786 0.8002257 0.1874276 0.6269866 0.1956611 0.800233 0.1872786 0.8002257 0.1958101 0.6269939 0.1956611 0.800233 0.1872714 0.8086082 0.1872786 0.8002257 0.1956539 0.8086155 0.1872714 0.8086082 0.1956611 0.800233 0.1956539 0.8086155 0.1871224 0.9818475 0.1872714 0.8086082 0.1955048 0.9818546 0.1871224 0.9818475 0.1956539 0.8086155 0.3300497 0.468356 0.3300497 0.4676308 0.3300497 0.4676308 0.3300497 0.468356 0.3300497 0.468356 0.3300497 0.4676308 0.3300497 0.4676308 0.3300497 0.468356 0.3300497 0.468356 0.3300497 0.4676308 0.3300497 0.4676308 0.3300497 0.468356 0.3304252 0.5654876 0.3304252 0.5654876 0.3300497 0.4676308 0.3300497 0.4676308 0.3304252 0.5654876 0.3300497 0.4676308 0.3300497 0.4676308 0.3300497 0.4676308 0.3300497 0.468356 0.3300497 0.468356 0.3300497 0.4676308 0.3300497 0.468356 0.3306183 0.5660271 0.3306183 0.5660271 0.3301575 0.4679319 0.3301575 0.4679319 0.3306183 0.5660271 0.3301575 0.4679319 0.7905964 0.536651 0.7034524 0.6165731 0.7904317 0.6165732 0.7034525 0.5376589 0.7034524 0.6165731 0.7905964 0.536651 0.9945518 0.9972268 0.9379472 0.9172686 0.9243824 0.9967209 0.9379472 0.9172686 0.9945518 0.9972268 0.9951601 0.9177077 0.9951601 0.9177077 0.9552628 0.7814044 0.9379472 0.9172686 0.9552628 0.7814044 0.9951601 0.9177077 0.9899927 0.7816912 0.9899927 0.7816912 0.9643352 0.7753741 0.9552628 0.7814044 0.9643352 0.7753741 0.9899927 0.7816912 0.9875084 0.7755565 0.9951601 0.9177077 0.9920984 0.7816943 0.9899927 0.7816912 0.9875084 0.7755565 0.9899927 0.7816912 0.9920984 0.7816943 0.9945518 0.9972268 0.9379472 0.9172686 0.9951599 0.9177508 0.9379472 0.9172686 0.9945518 0.9972268 0.9243824 0.9967209 0.9951599 0.9177508 0.9552628 0.7814044 0.9899927 0.7816912 0.9552628 0.7814044 0.9951599 0.9177508 0.9379472 0.9172686 0.9899927 0.7816912 0.9643352 0.7753741 0.9875084 0.7755565 0.9643352 0.7753741 0.9899927 0.7816912 0.9552628 0.7814044 0.9875084 0.7755565 0.9920984 0.7816943 0.9899927 0.7816912 0.9951599 0.9177508 0.9976029 0.9972969 0.9945518 0.9972268 0.9934374 0.9949832 0.9940454 0.9155073 0.9382126 0.9150255 0.9382126 0.9150255 0.9232679 0.9944856 0.9934374 0.9949832 0.9940454 0.9155073 0.9888783 0.7794481 0.9555283 0.7791802 0.9555283 0.7791802 0.9382126 0.9150255 0.9940454 0.9155073 0.9888783 0.7794481 0.9863939 0.7733216 0.9632208 0.7731393 0.9632208 0.7731393 0.9555283 0.7791802 0.9888783 0.7794481 0.9863939 0.7733216 0.9888783 0.7794481 0.9909841 0.7794592 0.9888783 0.7794481 0.9940454 0.9155073 0.9969944 0.9155374 0.9969944 0.9155374 0.9909841 0.7794592 0.9888783 0.7794481 0.9940454 0.9155073 0.9934374 0.9949832 0.9964883 0.9950618 0.9964883 0.9950618 0.9969944 0.9155374 0.9940454 0.9155073 0.9934373 0.9949998 0.9232679 0.9944856 0.9382126 0.9150255 0.9382126 0.9150255 0.9954258 0.9154591 0.9934373 0.9949998 0.9954258 0.9154591 0.9382126 0.9150255 0.9555283 0.7791802 0.9555283 0.7791802 0.9902582 0.7794753 0.9954258 0.9154591 0.9902582 0.7794753 0.9555283 0.7791802 0.9632208 0.7731393 0.9632208 0.7731393 0.9863939 0.7733216 0.9902582 0.7794753 0.9969944 0.9155374 0.9964883 0.9950618 0.9934373 0.9949998 0.9934373 0.9949998 0.9954258 0.9154591 0.9969944 0.9155374 0.9909841 0.7794592 0.9969944 0.9155374 0.9954258 0.9154591 0.9954258 0.9154591 0.9902582 0.7794753 0.9909841 0.7794592 0.9863939 0.7733216 0.9909841 0.7794592 0.9902582 0.7794753 0.9947021 0.9975094 0.9380975 0.9175513 0.9245328 0.9970034 0.9380975 0.9175513 0.9947021 0.9975094 0.9953106 0.9179904 0.9953106 0.9179904 0.9554132 0.781687 0.9380975 0.9175513 0.9554132 0.781687 0.9953106 0.9179904 0.9901432 0.7819739 0.9901432 0.7819739 0.9644855 0.7756572 0.9554132 0.781687 0.9644855 0.7756572 0.9901432 0.7819739 0.9876586 0.7758395 0.9953106 0.9179904 0.9922488 0.7819769 0.9901432 0.7819739 0.9876586 0.7758395 0.9901432 0.7819739 0.9922488 0.7819769 0.9947021 0.9975094 0.9380975 0.9175513 0.9953104 0.9180335 0.9380975 0.9175513 0.9947021 0.9975094 0.9245328 0.9970034 0.9953104 0.9180335 0.9554132 0.781687 0.9901432 0.7819739 0.9554132 0.781687 0.9953104 0.9180335 0.9380975 0.9175513 0.9901432 0.7819739 0.9644855 0.7756572 0.9876586 0.7758395 0.9644855 0.7756572 0.9901432 0.7819739 0.9554132 0.781687 0.9876586 0.7758395 0.9922488 0.7819769 0.9901432 0.7819739 0.9953104 0.9180335 0.9977533 0.9975795 0.9947021 0.9975094 0.9935877 0.9952663 0.9941959 0.9157904 0.9383629 0.9153082 0.9383629 0.9153082 0.9234182 0.9947685 0.9935877 0.9952663 0.9941959 0.9157904 0.9890288 0.7797308 0.9556787 0.7794628 0.9556787 0.7794628 0.9383629 0.9153082 0.9941959 0.9157904 0.9890288 0.7797308 0.9865443 0.7736044 0.963371 0.7734221 0.963371 0.7734221 0.9556787 0.7794628 0.9890288 0.7797308 0.9865443 0.7736044 0.9890288 0.7797308 0.9911343 0.7797418 0.9890288 0.7797308 0.9941959 0.9157904 0.9971449 0.91582 0.9971449 0.91582 0.9911343 0.7797418 0.9890288 0.7797308 0.9941959 0.9157904 0.9935877 0.9952663 0.9966387 0.9953444 0.9966387 0.9953444 0.9971449 0.91582 0.9941959 0.9157904 0.9935875 0.9952827 0.9234182 0.9947685 0.9383629 0.9153082 0.9383629 0.9153082 0.995576 0.9157419 0.9935875 0.9952827 0.995576 0.9157419 0.9383629 0.9153082 0.9556787 0.7794628 0.9556787 0.7794628 0.9904087 0.7797582 0.995576 0.9157419 0.9904087 0.7797582 0.9556787 0.7794628 0.963371 0.7734221 0.963371 0.7734221 0.9865443 0.7736044 0.9904087 0.7797582 0.9971449 0.91582 0.9966387 0.9953444 0.9935875 0.9952827 0.9935875 0.9952827 0.995576 0.9157419 0.9971449 0.91582 0.9911343 0.7797418 0.9971449 0.91582 0.995576 0.9157419 0.995576 0.9157419 0.9904087 0.7797582 0.9911343 0.7797418 0.9865443 0.7736044 0.9911343 0.7797418 0.9904087 0.7797582</float_array>
          <technique_common>
            <accessor source="#gloire_Mesh_002-mesh-map-0-array" count="2370" stride="2">
              <param name="S" type="float"/>
              <param name="T" type="float"/>
            </accessor>
          </technique_common>
        </source>
        <vertices id="gloire_Mesh_002-mesh-vertices">
          <input semantic="POSITION" source="#gloire_Mesh_002-mesh-positions"/>
        </vertices>
        <triangles material="gloire_Mat_002-material" count="790">
          <input semantic="VERTEX" source="#gloire_Mesh_002-mesh-vertices" offset="0"/>
          <input semantic="NORMAL" source="#gloire_Mesh_002-mesh-normals" offset="1"/>
          <input semantic="TEXCOORD" source="#gloire_Mesh_002-mesh-map-0" offset="2" set="0"/>
          <p>24 0 0 0 1 1 5 2 2 4 3 3 28 4 4 23 5 5 29 6 6 6 7 7 1 8 8 2 9 9 25 10 10 30 11 11 32 12 12 9 13 13 851 14 14 852 15 15 853 16 16 33 17 17 34 18 18 10 19 19 7 20 20 8 21 21 31 22 22 35 23 23 38 24 24 13 25 25 12 26 26 11 27 27 36 28 28 37 29 29 41 30 30 16 31 31 15 30 32 14 32 33 39 33 34 40 34 35 44 35 36 19 35 37 855 36 38 854 37 39 856 38 40 43 38 41 47 39 42 22 39 43 18 39 44 17 40 45 42 40 46 45 40 47 26 41 48 3 41 49 20 41 50 21 42 51 46 42 52 27 42 53 48 43 54 860 44 55 858 45 56 859 46 57 53 47 58 49 48 59 54 49 60 863 50 61 861 51 62 862 52 63 50 53 64 55 54 65 57 55 66 868 56 67 864 57 68 865 58 69 869 59 70 58 60 71 59 61 72 870 62 73 866 63 74 867 64 75 56 65 76 61 66 77 62 67 78 873 68 79 871 69 80 872 70 81 60 71 82 63 72 83 66 73 84 876 73 85 875 73 86 874 74 87 64 75 88 65 76 89 878 77 90 67 77 91 70 77 92 69 78 93 881 78 94 877 78 95 73 79 96 884 79 97 880 79 98 879 80 99 68 80 100 72 80 101 52 81 102 857 81 103 883 81 104 882 82 105 71 82 106 51 82 107 891 83 108 887 83 109 886 83 110 890 84 111 885 84 112 893 84 113 895 85 114 899 85 115 898 85 116 896 86 117 904 86 118 902 86 119 894 87 120 897 87 121 903 87 122 889 88 123 892 88 124 901 88 125 888 89 126 900 89 127 905 89 128 82 90 129 79 91 130 75 92 131 74 93 132 84 94 133 81 95 134 78 96 135 88 97 136 86 98 137 87 99 138 76 100 139 77 101 140 906 102 141 94 103 142 90 104 143 91 105 144 908 106 145 907 107 146 92 108 147 100 109 148 96 110 149 97 111 150 89 112 151 93 113 152 99 114 153 104 114 154 102 114 155 101 115 156 95 115 157 98 115 158 106 116 159 109 117 160 108 116 161 107 118 162 103 118 163 105 118 164 909 119 165 115 120 166 111 120 167 112 121 168 911 121 169 910 122 170 114 123 171 121 124 172 118 125 173 117 126 174 110 127 175 113 128 176 119 129 177 80 130 178 83 131 179 85 132 180 116 133 181 120 134 182 916 135 183 912 136 184 122 137 185 123 138 186 127 139 187 917 140 188 913 141 189 918 142 190 128 143 191 129 144 192 124 145 193 914 146 194 922 147 195 921 148 196 131 149 197 132 150 198 924 151 199 923 152 200 920 153 201 927 154 202 134 155 203 135 156 204 130 157 205 919 158 206 925 159 207 928 159 208 136 159 209 137 160 210 133 160 211 926 160 212 933 161 213 929 162 214 140 163 215 139 164 216 138 164 217 932 164 218 143 165 219 141 165 220 930 165 221 931 166 222 936 166 223 144 166 224 935 167 225 939 168 226 147 169 227 146 170 228 142 171 229 934 172 230 938 173 231 915 174 232 126 175 233 125 176 234 145 177 235 937 178 236 947 179 237 944 179 238 942 179 239 943 180 240 952 180 241 951 180 242 949 181 243 957 181 244 953 181 245 940 182 246 950 182 247 954 182 248 946 183 249 941 183 250 955 183 251 948 184 252 956 184 253 959 184 254 945 185 255 958 185 256 960 185 257 148 186 258 158 186 259 155 186 260 156 187 261 151 188 262 149 187 263 161 189 264 150 189 265 153 190 266 152 191 267 162 192 268 160 192 269 165 193 270 963 194 271 962 195 272 961 196 273 168 197 274 164 198 275 171 199 276 163 200 277 167 201 278 166 202 279 174 203 280 170 204 281 175 205 282 169 206 283 172 207 284 173 208 285 178 209 286 176 210 287 181 211 288 177 212 289 179 213 290 180 214 291 183 215 292 182 216 293 185 217 294 966 218 295 964 219 296 965 220 297 189 221 298 186 222 299 190 223 300 184 224 301 187 225 302 188 226 303 195 227 304 192 228 305 159 229 306 191 230 307 194 231 308 193 232 309 154 233 310 157 234 311 197 235 312 201 236 313 969 237 314 968 238 315 970 239 316 196 240 317 203 241 318 198 242 319 972 243 320 971 244 321 973 245 322 202 246 323 206 247 324 976 248 325 975 249 326 974 250 327 979 251 328 205 252 329 209 253 330 204 254 331 978 255 332 977 256 333 982 257 334 208 258 335 211 259 336 207 260 337 981 261 338 980 262 339 983 263 340 210 264 341 213 265 342 212 266 343 984 267 344 985 268 345 988 268 346 215 268 347 987 269 348 991 270 349 218 271 350 217 272 351 214 273 352 986 274 353 220 275 354 216 275 355 989 275 356 990 276 357 994 276 358 221 276 359 199 277 360 219 277 361 992 277 362 993 278 363 967 278 364 200 278 365 1002 279 366 999 280 367 997 281 368 998 282 369 1007 283 370 1006 284 371 1004 285 372 1012 286 373 1008 287 374 995 288 375 1005 289 376 1009 290 377 1003 291 378 996 292 379 1010 293 380 1001 294 381 1011 295 382 1014 296 383 1000 297 384 1013 298 385 1015 299 386 223 300 387 233 301 388 229 302 389 228 303 390 227 304 391 224 305 392 225 306 393 230 307 394 236 308 395 235 309 396 234 310 397 226 311 398 1018 312 399 1016 312 400 242 312 401 241 313 402 239 313 403 1017 313 404 238 314 405 240 314 406 247 314 407 246 315 408 243 315 409 237 315 410 244 316 411 248 317 412 252 318 413 253 319 414 249 320 415 245 321 416 250 322 417 254 323 418 256 324 419 257 325 420 255 326 421 251 327 422 1021 328 423 1019 329 424 263 330 425 262 331 426 260 332 427 1020 333 428 258 334 429 261 335 430 267 336 431 269 337 432 266 338 433 259 339 434 265 340 435 268 341 436 232 342 437 231 343 438 222 344 439 264 345 440 1024 346 441 275 347 442 271 348 443 270 349 444 1025 350 445 1023 351 446 1027 352 447 272 353 448 277 354 449 276 355 450 1028 356 451 1026 357 452 1031 358 453 1029 359 454 280 360 455 279 361 456 1034 362 457 1030 363 458 1033 364 459 278 365 460 283 366 461 282 367 462 1037 368 463 1032 369 464 1036 370 465 281 370 466 285 370 467 284 371 468 1038 372 469 1035 373 470 1039 374 471 286 375 472 287 376 473 288 377 474 1041 378 475 1040 379 476 292 380 477 1046 381 478 1043 382 479 1042 383 480 289 384 481 291 385 482 1045 386 483 290 387 484 294 388 485 295 389 486 1049 390 487 1044 391 488 1047 392 489 293 393 490 273 394 491 274 395 492 1022 396 493 1048 397 494 1056 398 495 1052 399 496 1051 400 497 1054 401 498 1050 402 499 1058 403 500 1057 404 501 1064 405 502 1061 406 503 1063 407 504 1069 408 505 1065 409 506 1060 410 507 1062 411 508 1067 412 509 1053 413 510 1059 414 511 1068 415 512 1055 416 513 1066 417 514 1070 418 515 296 419 516 298 420 517 297 421 518 311 422 519 310 423 520 306 424 521 307 425 522 308 426 523 312 427 524 1073 428 525 1071 429 526 300 430 527 301 431 528 303 432 529 1072 433 530 1078 434 531 1076 435 532 1075 436 533 1074 437 534 302 438 535 1077 439 536 304 440 537 309 440 538 1079 440 539 1080 441 540 299 441 541 305 441 542 325 442 543 324 443 544 320 444 545 321 445 546 322 446 547 326 447 548 1083 448 549 1081 449 550 314 450 551 315 451 552 317 452 553 1082 453 554 1088 454 555 1086 455 556 1085 456 557 1084 457 558 316 458 559 1087 459 560 318 460 561 323 460 562 1089 460 563 1090 461 564 313 461 565 319 461 566 1452 462 567 1454 463 568 1449 464 569 1453 465 570 1450 466 571 1451 467 572 1447 468 573 1448 469 574 1456 470 575 1446 471 576 1455 472 577 1457 473 578 549 474 579 542 475 580 429 476 581 431 477 582 432 478 583 550 479 584 352 480 585 349 480 586 334 480 587 353 481 588 1094 482 589 1091 483 590 445 484 591 1099 485 592 1096 486 593 1095 487 594 441 488 595 443 489 596 821 490 597 537 491 598 559 492 599 556 493 600 555 493 601 358 493 602 558 494 603 361 495 604 567 496 605 820 497 606 557 498 607 565 499 608 362 500 609 564 501 610 560 502 611 563 503 612 541 504 613 823 505 614 562 506 615 822 507 616 826 508 617 365 509 618 561 510 619 825 511 620 436 512 621 450 513 622 587 514 623 435 515 624 588 516 625 827 517 626 434 518 627 828 519 628 551 520 629 374 521 630 370 521 631 846 521 632 373 522 633 845 522 634 847 523 635 372 524 636 848 525 637 351 524 638 376 526 639 1102 527 640 1093 528 641 1092 529 642 354 530 643 375 531 644 461 532 645 1105 533 646 1097 534 647 1098 535 648 442 536 649 456 537 650 571 538 651 566 539 652 360 540 653 359 541 654 380 542 655 572 543 656 574 544 657 381 545 658 364 546 659 363 547 660 824 548 661 573 549 662 1108 550 663 586 550 664 451 551 665 449 552 666 463 553 667 1107 554 668 369 555 669 371 555 670 393 555 671 392 556 672 389 556 673 368 556 674 1100 557 675 377 558 676 395 559 677 396 560 678 1111 561 679 1101 562 680 472 563 681 1103 564 682 460 565 683 1114 566 684 1113 567 685 386 568 686 1115 569 687 384 570 688 579 571 689 583 572 690 1116 573 691 582 574 692 594 575 693 388 576 694 1118 577 695 1117 578 696 1119 579 697 592 580 698 1106 581 699 462 582 700 475 583 701 476 584 702 1121 585 703 1109 585 704 400 586 705 584 587 706 581 588 707 580 589 708 385 590 709 401 591 710 403 592 711 387 593 712 593 594 713 591 595 714 585 596 715 402 597 716 596 598 717 1120 598 718 477 599 719 595 600 720 478 601 721 485 602 722 597 603 723 490 604 724 524 605 725 390 606 726 394 606 727 422 606 728 423 607 729 407 607 730 391 607 731 1110 608 732 397 609 733 408 610 734 409 611 735 1122 612 736 1112 613 737 495 614 738 1128 615 739 1124 616 740 1127 617 741 483 618 742 496 619 743 419 620 744 514 621 745 530 622 746 529 623 747 404 624 748 418 625 749 526 626 750 523 627 751 489 628 752 486 629 753 501 630 754 528 631 755 1129 632 756 492 633 757 504 634 758 416 635 759 1132 636 760 553 637 761 554 638 762 415 639 763 417 640 764 1123 641 765 410 642 766 428 643 767 1137 644 768 552 645 769 1135 646 770 1134 647 771 1138 648 772 1136 649 773 406 650 774 421 650 775 1140 650 776 511 651 777 1141 652 778 1131 653 779 1130 654 780 505 655 781 510 656 782 1148 657 783 502 658 784 1144 657 785 1145 659 786 1150 659 787 1149 659 788 437 660 789 430 661 790 1151 662 791 1152 663 792 1155 664 793 433 665 794 544 666 795 448 667 796 440 668 797 439 669 798 1156 670 799 545 671 800 1162 672 801 842 673 802 1159 674 803 836 675 804 458 676 805 444 677 806 833 678 807 834 679 808 446 680 809 832 681 810 447 682 811 543 683 812 1160 684 813 1165 685 814 464 686 815 467 687 816 843 688 817 1161 689 818 576 690 819 469 691 820 459 692 821 457 693 822 835 694 823 575 695 824 479 696 825 465 697 826 1166 698 827 468 699 828 577 700 829 1168 701 830 471 702 831 1167 703 832 1171 704 833 481 705 834 470 706 835 1172 707 836 488 708 837 480 709 838 1164 710 839 1163 711 840 1142 712 841 487 713 842 499 714 843 482 715 844 1173 716 845 498 717 846 1170 718 847 598 719 848 493 720 849 599 721 850 534 722 851 491 723 852 1143 724 853 503 725 854 518 726 855 506 727 856 497 728 857 494 729 858 535 730 859 520 731 860 1139 732 861 1133 733 862 1174 734 863 508 735 864 507 736 865 519 737 866 517 738 867 521 739 868 509 740 869 525 741 870 500 742 871 1147 743 872 1146 744 873 1175 744 874 527 745 875 532 746 876 600 747 877 1177 748 878 531 749 879 1176 750 880 1178 751 881 533 752 882 1179 753 883 405 754 884 1187 755 885 1182 756 886 1181 756 887 1180 757 888 1188 757 889 1186 758 890 516 759 891 420 760 892 425 761 893 424 762 894 522 763 895 515 764 896 1192 765 897 1190 766 898 413 767 899 414 768 900 512 769 901 1191 770 902 1196 771 903 398 772 904 1193 773 905 1194 774 906 1199 775 907 1197 776 908 1200 777 909 1195 778 910 427 779 911 426 780 912 1202 781 913 1201 782 914 1203 783 915 1189 783 916 1183 783 917 1184 784 918 1185 785 919 1204 784 920 1206 786 921 335 787 922 328 788 923 327 789 924 536 790 925 1205 791 926 538 792 927 331 793 928 344 794 929 343 795 930 1208 796 931 539 797 932 1217 798 933 1214 799 934 1211 800 935 1210 801 936 1219 802 937 1216 803 938 1223 804 939 838 805 940 337 806 941 336 807 942 1207 808 943 1222 809 944 1224 810 945 1209 811 946 345 812 947 346 813 948 839 804 949 1225 814 950 1228 804 951 1226 814 952 1215 813 953 1213 815 954 1218 816 955 1227 817 956 1232 818 957 1230 819 958 333 820 959 332 821 960 540 822 961 1231 823 962 1220 824 963 1212 825 964 329 826 965 330 827 966 1233 828 967 1221 829 968 1239 830 969 1229 831 970 1236 832 971 1235 833 972 1241 834 973 1238 835 974 1243 836 975 1240 837 976 1234 838 977 1237 806 978 1244 804 979 1242 805 980 1246 839 981 513 840 982 412 841 983 411 842 984 1247 843 985 1245 844 986 1248 845 987 399 846 988 1198 847 989 1256 848 990 1251 849 991 1250 850 992 1255 851 993 1249 852 994 1259 853 995 1257 854 996 1260 855 997 340 856 998 1253 857 999 1258 858 1000 341 859 1001 1254 860 1002 342 861 1003 339 862 1004 1252 863 1005 338 864 1006 1261 865 1007 1266 866 1008 1264 867 1009 1262 868 1010 1267 869 1011 1263 870 1012 1269 871 1013 1265 872 1014 1268 873 1015 1270 874 1016 1275 875 1017 1273 876 1018 1271 877 1019 1276 878 1020 1272 879 1021 1282 880 1022 1279 881 1023 1287 882 1024 1283 883 1025 1284 884 1026 1290 885 1027 1288 886 1028 1285 887 1029 1289 888 1030 1292 889 1031 1280 890 1032 1286 891 1033 1293 892 1034 1274 893 1035 1281 894 1036 1294 895 1037 1291 896 1038 1299 897 1039 1296 898 1040 1277 899 1041 1295 900 1042 1297 901 1043 1278 902 1044 1298 903 1045 1300 904 1046 1303 905 1047 1302 905 1048 1301 905 1049 1306 906 1050 1305 907 1051 1304 908 1052 1311 909 1053 1309 910 1054 1308 911 1055 1307 912 1056 1312 913 1057 1310 914 1058 1318 915 1059 1315 916 1060 1314 917 1061 1316 918 1062 1313 919 1063 1320 920 1064 1319 921 1065 1324 922 1066 1322 923 1067 1317 924 1068 1321 925 1069 1323 926 1070 355 927 1071 1329 928 1072 1327 929 1073 367 930 1074 1334 931 1075 1331 931 1076 1338 932 1077 379 933 1078 356 934 1079 357 935 1080 1326 936 1081 1337 937 1082 1333 938 1083 366 939 1084 382 940 1085 383 941 1086 1339 941 1087 1335 941 1088 1340 942 1089 378 943 1090 1336 944 1091 578 945 1092 1341 946 1093 1169 947 1094 1344 948 1095 1343 948 1096 1342 948 1097 1347 949 1098 1346 949 1099 1345 949 1100 605 950 1101 604 950 1102 601 950 1103 602 951 1104 603 951 1105 606 951 1106 611 952 1107 610 952 1108 607 952 1109 608 953 1110 609 953 1111 612 953 1112 696 954 1113 679 955 1114 667 956 1115 668 957 1116 694 958 1117 697 959 1118 692 960 1119 666 961 1120 671 962 1121 672 963 1122 698 964 1123 693 965 1124 706 966 1125 699 967 1126 670 968 1127 669 969 1128 673 970 1129 705 971 1130 1349 972 1131 675 973 1132 709 974 1133 708 975 1134 1350 976 1135 1348 977 1136 622 978 1137 627 979 1138 711 980 1139 620 981 1140 707 982 1141 715 983 1142 621 984 1143 714 985 1144 623 986 1145 721 987 1146 678 988 1147 1352 989 1148 1353 990 1149 1355 991 1150 720 992 1151 723 993 1152 728 994 1153 642 995 1154 643 996 1155 634 997 1156 724 998 1157 1359 999 1158 1356 999 1159 725 999 1160 726 1000 1161 733 1001 1162 1360 1000 1163 736 1002 1164 1363 1002 1165 1361 1002 1166 1362 1003 1167 1365 1004 1168 737 1003 1169 742 1005 1170 1368 1006 1171 1367 1007 1172 1366 1008 1173 1370 1009 1174 740 1010 1175 637 1011 1176 641 1012 1177 751 1013 1178 638 1014 1179 752 1015 1180 738 1016 1181 639 1017 1182 739 1018 1183 644 1019 1184 1375 1020 1185 1374 1021 1186 747 1022 1187 746 1023 1188 1378 1024 1189 1376 1025 1190 687 1026 1191 650 1027 1192 754 1028 1193 755 1029 1194 761 1030 1195 688 1031 1196 763 1032 1197 651 1033 1198 649 1034 1199 648 1035 1200 1379 1036 1201 762 1037 1202 658 1038 1203 652 1039 1204 766 1040 1205 767 1041 1206 768 1042 1207 657 1043 1208 660 1044 1209 659 1045 1210 772 1046 1211 773 1047 1212 776 1048 1213 661 1049 1214 778 1050 1215 662 1051 1216 1383 1052 1217 1382 1053 1218 1384 1053 1219 777 1054 1220 664 1055 1221 1390 1056 1222 1388 1057 1223 1389 1058 1224 756 1059 1225 663 1060 1226 625 1061 1227 695 1062 1228 690 1063 1229 691 1064 1230 615 1065 1231 626 1066 1232 613 1067 1233 689 1068 1234 701 1069 1235 700 1070 1236 616 1071 1237 614 1072 1238 629 1073 1239 619 1074 1240 617 1075 1241 631 1076 1242 618 1077 1243 702 1078 1244 630 1079 1245 703 1080 1246 704 1081 1247 1391 1082 1248 1351 1082 1249 712 1082 1250 713 1083 1251 628 1083 1252 1392 1083 1253 718 1084 1254 710 1085 1255 676 1086 1256 674 1087 1257 677 1088 1258 719 1089 1259 716 1090 1260 1354 1091 1261 1393 1091 1262 1394 1092 1263 624 1093 1264 717 1094 1265 730 1095 1266 727 1095 1267 1358 1095 1268 1357 1096 1269 1395 1096 1270 729 1096 1271 731 1097 1272 722 1098 1273 632 1098 1274 633 1099 1275 635 1100 1276 732 1101 1277 1398 1102 1278 636 1103 1279 646 1104 1280 1396 1105 1281 647 1106 1282 735 1107 1283 1397 1108 1284 734 1109 1285 1364 1110 1286 744 1111 1287 1371 1112 1288 1399 1113 1289 1400 1114 1290 645 1115 1291 745 1116 1292 741 1117 1293 748 1118 1294 1373 1119 1295 1372 1120 1296 1369 1121 1297 743 1122 1298 1401 1123 1299 1377 1124 1300 749 1125 1301 750 1126 1302 640 1127 1303 1402 1128 1304 760 1129 1305 753 1130 1306 1404 1131 1307 1403 1132 1308 665 1133 1309 759 1134 1310 655 1135 1311 764 1136 1312 1380 1137 1313 1381 1138 1314 1405 1139 1315 656 1140 1316 771 1141 1317 765 1142 1318 654 1143 1319 653 1144 1320 682 1145 1321 770 1146 1322 774 1147 1323 769 1148 1324 680 1149 1325 681 1150 1326 683 1151 1327 775 1152 1328 684 1153 1329 779 1154 1330 1385 1155 1331 1386 1156 1332 1406 1157 1333 685 1158 1334 758 1159 1335 1387 1160 1336 1408 1161 1337 1407 1162 1338 686 1163 1339 757 1164 1340 785 1165 1341 784 1166 1342 782 1167 1343 781 1168 1344 783 1168 1345 780 1168 1346 788 1169 1347 790 1170 1348 789 1171 1349 786 1172 1350 787 1172 1351 791 1172 1352 796 1173 1353 795 1173 1354 792 1173 1355 793 1174 1356 794 1174 1357 797 1174 1358 805 1175 1359 808 1176 1360 798 1177 1361 799 1178 1362 800 1179 1363 806 1180 1364 1410 1181 1365 802 1182 1366 1409 1183 1367 801 1184 1368 1412 1185 1369 1411 1186 1370 1414 1187 1371 807 1188 1372 804 1189 1373 803 1190 1374 1415 1191 1375 1413 1192 1376 816 1193 1377 819 1194 1378 809 1195 1379 810 1196 1380 811 1197 1381 817 1198 1382 1417 1199 1383 813 1200 1384 1416 1201 1385 812 1202 1386 1419 1203 1387 1418 1204 1388 1421 1205 1389 818 1206 1390 815 1207 1391 814 1208 1392 1422 1209 1393 1420 1210 1394 548 1211 1395 829 1212 1396 589 1213 1397 590 1214 1398 570 1215 1399 547 1216 1400 569 1217 1401 837 1217 1402 830 1218 1403 831 1219 1404 546 1220 1405 568 1221 1406 1425 1222 1407 1424 1223 1408 1423 804 1409 1428 1224 1410 1427 1225 1411 1426 804 1412 1431 1224 1413 1430 1225 1414 1429 804 1415 1434 1222 1416 1433 1223 1417 1432 804 1418 1328 1226 1419 1435 1227 1420 1325 1228 1421 1332 1229 1422 1436 1230 1423 1330 1231 1424 1440 1232 1425 1439 1233 1426 1437 1234 1427 1442 1235 1428 1438 1236 1429 1444 1237 1430 1441 1238 1431 1443 1239 1432 1445 1240 1433 466 1241 1434 455 1242 1435 841 1243 1436 454 1244 1437 438 1245 1438 1153 1246 1439 452 1247 1440 1154 1248 1441 1158 1249 1442 453 1250 1443 1157 1251 1444 840 1252 1445 347 1253 1446 350 1253 1447 849 1254 1448 844 1255 1449 348 1255 1450 850 1256 1451 473 1257 1452 484 1258 1453 1126 1259 1454 474 1260 1455 1125 1261 1456 1104 1262 1457 1459 1263 1458 1469 1264 1459 1471 1265 1460 1460 1266 1461 1474 1267 1462 1477 1268 1463 1463 1269 1464 1479 1270 1465 1481 1271 1466 1464 1272 1467 1483 1273 1468 1484 1274 1469 1951 1275 1470 1947 1276 1471 1485 1277 1472 1954 1278 1473 1488 1279 1474 1493 1280 1475 1955 1281 1476 1490 1282 1477 1497 1283 1478 1952 1284 1479 1499 1285 1480 1500 1286 1481 1950 1287 1482 1501 1288 1483 1508 1289 1484 1953 1290 1485 1506 1291 1486 1512 1292 1487 1458 1293 1488 1957 1294 1489 1516 1295 1490 1461 1296 1491 1513 1297 1492 1521 1298 1493 1465 1299 1494 1520 1300 1495 1524 1301 1496 1462 1302 1497 1526 1303 1498 1468 1304 1499 1470 1305 1500 1532 1306 1501 1537 1307 1502 1467 1308 1503 1533 1309 1504 1472 1310 1505 1475 1311 1506 1536 1312 1507 1541 1313 1508 1473 1314 1509 1544 1315 1510 1480 1316 1511 1478 1317 1512 1540 1318 1513 1547 1319 1514 1476 1320 1515 1546 1321 1516 1482 1322 1517 1961 1323 1518 1958 1324 1519 1548 1325 1520 1962 1326 1521 1550 1327 1522 1963 1328 1523 1949 1329 1524 1966 1330 1525 1554 1331 1526 1948 1332 1527 1553 1333 1528 1486 1334 1529 1487 1335 1530 1551 1336 1531 1559 1337 1532 1489 1338 1533 1558 1339 1534 1491 1340 1535 1492 1341 1536 1560 1342 1537 1568 1343 1538 1494 1344 1539 1566 1345 1540 1495 1346 1541 1496 1347 1542 1567 1348 1543 1570 1349 1544 1498 1350 1545 1569 1351 1546 1504 1352 1547 1503 1353 1548 1574 1354 1549 1575 1355 1550 1502 1356 1551 1580 1357 1552 1509 1358 1553 1507 1359 1554 1579 1360 1555 1582 1361 1556 1505 1362 1557 1581 1363 1558 1511 1364 1559 1956 1365 1560 1969 1366 1561 1587 1367 1562 1510 1368 1563 1971 1369 1564 1970 1370 1565 1514 1371 1566 1586 1372 1567 1589 1373 1568 1515 1374 1569 1590 1375 1570 1519 1376 1571 1518 1377 1572 1593 1378 1573 1600 1379 1574 1517 1380 1575 1598 1381 1576 1525 1382 1577 1523 1383 1578 1595 1384 1579 1528 1385 1580 1522 1386 1581 1527 1387 1582 1466 1388 1583 1531 1389 1584 1606 1390 1585 1611 1391 1586 1529 1392 1587 1609 1393 1588 1534 1394 1589 1538 1395 1590 1612 1396 1591 1615 1397 1592 1535 1398 1593 1613 1399 1594 1543 1400 1595 1542 1401 1596 1617 1402 1597 1621 1403 1598 1539 1404 1599 1620 1405 1600 1545 1406 1601 1959 1407 1602 1973 1408 1603 1623 1409 1604 1960 1410 1605 1622 1411 1606 1549 1412 1607 1965 1413 1608 1975 1414 1609 1628 1415 1610 1964 1416 1611 1625 1417 1612 1555 1418 1613 1552 1419 1614 1627 1420 1615 1632 1421 1616 1556 1422 1617 1634 1423 1618 1561 1424 1619 1562 1425 1620 1636 1426 1621 1641 1427 1622 1557 1428 1623 1637 1429 1624 1565 1430 1625 1563 1431 1626 1640 1432 1627 1645 1433 1628 1564 1434 1629 1647 1435 1630 1572 1436 1631 1573 1437 1632 1643 1438 1633 1650 1439 1634 1571 1440 1635 1653 1441 1636 1578 1442 1637 1577 1443 1638 1651 1444 1639 1655 1445 1640 1576 1446 1641 1657 1447 1642 1583 1448 1643 1967 1449 1644 1978 1450 1645 1658 1451 1646 1968 1452 1647 1660 1453 1648 1584 1454 1649 1588 1455 1650 1661 1456 1651 1666 1457 1652 1585 1458 1653 1667 1459 1654 1592 1460 1655 1594 1461 1656 1663 1462 1657 1669 1463 1658 1591 1464 1659 1672 1465 1660 1599 1466 1661 1596 1467 1662 1673 1468 1663 1602 1469 1664 1597 1470 1665 1603 1471 1666 1530 1472 1667 1605 1473 1668 1678 1474 1669 1681 1475 1670 1601 1476 1671 1682 1477 1672 1607 1478 1673 1610 1479 1674 1685 1480 1675 1689 1481 1676 1608 1482 1677 1691 1483 1678 1614 1484 1679 1618 1485 1680 1692 1486 1681 1695 1487 1682 1616 1488 1683 1693 1489 1684 1619 1490 1685 1972 1491 1686 1981 1492 1687 1698 1493 1688 1974 1494 1689 1696 1495 1690 1624 1496 1691 1976 1497 1692 1983 1498 1693 1700 1499 1694 1977 1500 1695 1704 1501 1696 1629 1502 1697 1626 1503 1698 1701 1504 1699 1707 1505 1700 1630 1506 1701 1710 1507 1702 1635 1508 1703 1633 1509 1704 1708 1510 1705 1711 1511 1706 1631 1512 1707 1715 1513 1708 1638 1514 1709 1639 1515 1710 1714 1516 1711 1719 1517 1712 1642 1518 1713 1717 1519 1714 1644 1520 1715 1648 1521 1716 1720 1522 1717 1727 1523 1718 1646 1524 1719 1728 1525 1720 1649 1526 1721 1654 1527 1722 1724 1528 1723 1729 1529 1724 1652 1530 1725 1730 1531 1726 1656 1532 1727 1662 1533 1728 1732 1534 1729 1737 1535 1730 1659 1536 1731 1739 1537 1732 1665 1538 1733 1664 1539 1734 1740 1540 1735 1745 1541 1736 1668 1542 1737 1744 1543 1738 1674 1544 1739 1670 1545 1740 1743 1546 1741 1675 1547 1742 1671 1548 1743 1676 1549 1744 1604 1550 1745 1677 1551 1746 1750 1552 1747 1757 1553 1748 1679 1554 1749 1756 1555 1750 1686 1556 1751 1684 1557 1752 1759 1558 1753 1760 1559 1754 1683 1560 1755 1763 1561 1756 1690 1562 1757 1688 1563 1758 1764 1564 1759 1768 1565 1760 1687 1566 1761 1767 1567 1762 1694 1568 1763 1980 1569 1764 1985 1570 1765 1771 1571 1766 1979 1572 1767 1769 1573 1768 1697 1574 1769 1984 1575 1770 1988 1576 1771 1775 1577 1772 1982 1578 1773 1773 1579 1774 1702 1580 1775 1699 1581 1776 1777 1582 1777 1779 1583 1778 1703 1584 1779 1780 1585 1780 1709 1586 1781 1706 1587 1782 1783 1588 1783 1784 1589 1784 1705 1590 1785 1789 1591 1786 1716 1592 1787 1712 1593 1788 1788 1594 1789 1793 1595 1790 1713 1596 1791 1792 1597 1792 1718 1598 1793 1722 1599 1794 1795 1600 1795 1801 1601 1796 1721 1602 1797 1799 1603 1798 1726 1604 1799 1723 1605 1800 1798 1606 1801 1803 1607 1802 1725 1608 1803 1804 1609 1804 1731 1610 1805 1994 1611 1806 1991 1612 1807 1807 1613 1808 1995 1614 1809 1809 1615 1810 1733 1616 1811 1735 1617 1812 1805 1618 1813 1812 1619 1814 1734 1620 1815 1813 1621 1816 1741 1622 1817 1738 1623 1818 1814 1624 1819 1819 1625 1820 1736 1626 1821 1818 1627 1822 1746 1628 1823 1747 1629 1824 1817 1630 1825 1751 1631 1826 1742 1632 1827 1753 1633 1828 1680 1634 1829 1749 1635 1830 1823 1636 1831 1829 1637 1832 1748 1638 1833 1831 1639 1834 1754 1640 1835 1755 1641 1836 1828 1642 1837 1833 1643 1838 1758 1644 1839 1834 1645 1840 1762 1646 1841 1761 1647 1842 1836 1648 1843 1840 1649 1844 1765 1650 1845 1838 1651 1846 1766 1652 1847 1986 1653 1848 1996 1654 1849 1841 1655 1850 1987 1656 1851 1842 1657 1852 1770 1658 1853 1990 1659 1854 1997 1660 1855 1843 1661 1856 1989 1662 1857 1847 1663 1858 1776 1664 1859 1774 1665 1860 1845 1666 1861 1852 1667 1862 1772 1668 1863 1848 1669 1864 1778 1670 1865 1782 1671 1866 1851 1672 1867 1853 1673 1868 1781 1674 1869 1854 1675 1870 1785 1676 1871 1787 1677 1872 1855 1678 1873 1858 1679 1874 1786 1680 1875 1859 1681 1876 1794 1682 1877 1790 1683 1878 1860 1684 1879 1864 1685 1880 1791 1686 1881 1863 1687 1882 1800 1688 1883 1796 1689 1884 1865 1690 1885 1871 1691 1886 1797 1692 1887 1870 1693 1888 1802 1694 1889 1992 1695 1890 1999 1696 1891 1875 1697 1892 1993 1698 1893 1873 1699 1894 1810 1700 1895 1806 1701 1896 1874 1702 1897 1878 1703 1898 1808 1704 1899 1877 1705 1900 1816 1706 1901 1811 1707 1902 1879 1708 1903 1881 1709 1904 1815 1710 1905 1882 1711 1906 1821 1712 1907 1820 1713 1908 1885 1714 1909 1826 1715 1910 1822 1716 1911 1825 1717 1912 1752 1718 1913 1889 1719 1914 1832 1720 1915 1824 1721 1916 1887 1722 1917 1835 1723 1918 1830 1724 1919 1891 1725 1920 1839 1726 1921 1837 1727 1922 2002 1728 1923 2001 1729 1924 2000 1730 1925 2003 1731 1926 1844 1732 1927 1998 1733 1928 2008 1734 1929 1850 1735 1930 1846 1736 1931 2005 1737 1932 1857 1738 1933 1849 1739 1934 2007 1740 1935 1862 1741 1936 1856 1742 1937 2004 1743 1938 1867 1744 1939 1861 1745 1940 2009 1746 1941 1869 1747 1942 1866 1748 1943 2006 1749 1944 2010 1750 1945 1868 1751 1946 1886 1752 1947 1880 1753 1948 1872 1754 1949 1890 1755 1950 1884 1756 1951 1876 1757 1952 1888 1758 1953 1827 1759 1954 1883 1760 1955 2013 1761 1956 2011 1762 1957 1894 1763 1958 1892 1764 1959 1895 1765 1960 2012 1766 1961 2016 1767 1962 2014 1768 1963 1900 1769 1964 1899 1770 1965 2019 1771 1966 2015 1772 1967 2021 1773 1968 2020 1774 1969 1901 1775 1970 1902 1776 1971 2023 1777 1972 2022 1778 1973 2030 1779 1974 2029 1780 1975 2026 1781 1976 2027 1782 1977 2034 1783 1978 2031 1784 1979 2017 1785 1980 1898 1786 1981 1907 1787 1982 1908 1788 1983 1904 1789 1984 2018 1790 1985 2024 1791 1986 1903 1792 1987 1910 1793 1988 1909 1794 1989 2035 1795 1990 2025 1796 1991 2033 1797 1992 2028 1798 1993 1905 1799 1994 1906 1800 1995 2036 1801 1996 2032 1802 1997 1896 1803 1998 1893 1804 1999 2038 1805 2000 2037 1806 2001 2039 1807 2002 1897 1808 2003 1911 1809 2004 1913 1810 2005 1925 1811 2006 1912 1812 2007 1926 1813 2008 1924 1814 2009 2040 1815 2010 1914 1816 2011 1927 1817 2012 2041 1818 2013 1928 1819 2014 2042 1820 2015 2044 1821 2016 1915 1821 2017 1930 1821 2018 2043 1822 2019 1929 1822 2020 2045 1822 2021 2047 1823 2022 1916 1824 2023 1932 1825 2024 2046 1826 2025 1931 1827 2026 2048 1828 2027 2050 1829 2028 1917 1829 2029 1934 1829 2030 2049 1830 2031 1933 1831 2032 2051 1832 2033 2053 1833 2034 1918 1834 2035 1936 1835 2036 2052 1836 2037 1935 1837 2038 2054 1838 2039 2055 1839 2040 1919 1839 2041 1937 1839 2042 2056 1840 2043 1938 1841 2044 2057 1842 2045 2058 1843 2046 1920 1843 2047 1939 1843 2048 2059 1844 2049 1940 1845 2050 2060 1846 2051 2062 1847 2052 1921 1848 2053 1942 1849 2054 2061 1850 2055 1941 1851 2056 2063 1852 2057 2065 1853 2058 1922 1853 2059 1944 1853 2060 2064 1854 2061 1943 1855 2062 2066 1856 2063 2068 1857 2064 1923 1858 2065 1946 1859 2066 2067 1860 2067 1945 1861 2068 2069 1862 2069 2074 1863 2070 2072 1864 2071 2071 1865 2072 2073 1866 2073 2070 1867 2074 2075 1868 2075 2083 1869 2076 2080 1870 2077 2076 1871 2078 2084 1872 2079 2077 1873 2080 2082 1874 2081 2094 1875 2082 2091 1875 2083 2088 1875 2084 2099 1876 2085 2092 1876 2086 2095 1876 2087 2101 1877 2088 2096 1878 2089 2100 1879 2090 2079 1880 2091 2098 1881 2092 2102 1882 2093 2078 1883 2094 2089 1884 2095 2097 1885 2096 2086 1886 2097 2093 1886 2098 2081 1886 2099 2085 1887 2100 2103 1888 2101 2090 1889 2102 2105 1886 2103 2104 1886 2104 2087 1886 2105 2112 1890 2106 2111 1891 2107 2110 1892 2108 2117 1893 2109 2113 1894 2110 2108 1895 2111 2125 1896 2112 2123 1897 2113 2121 1898 2114 2129 1899 2115 2124 1900 2116 2120 1901 2117 2131 1902 2118 2130 1903 2119 2127 1904 2120 2107 1905 2121 2132 1906 2122 2128 1907 2123 2106 1908 2124 2126 1909 2125 2118 1910 2126 2116 1911 2127 2109 1912 2128 2122 1913 2129 2114 1914 2130 2119 1915 2131 2133 1916 2132 2135 1917 2133 2115 1918 2134 2134 1919 2135 2140 1920 2136 2137 1921 2137 2139 1922 2138 2138 1923 2139 2136 1924 2140 2141 1925 2141 2160 1926 2142 2146 1927 2143 2149 1928 2144 2147 1929 2145 2159 1930 2146 2142 1931 2147 2144 1932 2148 2150 1933 2149 2148 1934 2150 2151 1935 2151 2145 1936 2152 2164 1937 2153 2161 1938 2154 2155 1939 2155 2152 1940 2156 2156 1941 2157 2165 1942 2158 2153 1943 2159 2143 1944 2160 2157 1945 2161 2163 1946 2162 2154 1947 2163 2162 1948 2164 2158 1949 2165 2166 1950 2166 2221 1951 2167 2169 1952 2168 2219 1953 2169 2167 1954 2170 2222 1955 2171 2172 1956 2172 2223 1957 2173 2175 1958 2174 2224 1959 2175 2171 1960 2176 2220 1961 2177 2173 1962 2178 2229 1963 2179 2226 1964 2180 2228 1965 2181 2176 1966 2182 2225 1967 2183 2227 1968 2184 2230 1969 2185 2174 1970 2186 2170 1971 2187 2231 1972 2188 2168 1973 2189 2182 1974 2190 2185 1975 2191 2177 1976 2192 2179 1977 2193 2183 1978 2194 2181 1979 2195 2188 1980 2196 2192 1981 2197 2198 1982 2198 2196 1983 2199 2178 1984 2200 2186 1985 2201 2193 1986 2202 2199 1987 2203 2201 1988 2204 2202 1989 2205 2197 1990 2206 2191 1991 2207 2200 1992 2208 2195 1993 2209 2209 1994 2210 2190 1995 2211 2187 1996 2212 2206 1997 2213 2205 1998 2214 2208 1999 2215 2194 2000 2216 2189 2001 2217 2180 2002 2218 2204 2003 2219 2203 2004 2220 2207 2005 2221 2184 2006 2222 2211 2007 2223 2235 2008 2224 2232 2009 2225 2234 2010 2226 2240 2011 2227 2213 2012 2228 2237 2013 2229 2233 2014 2230 2244 2015 2231 2243 2016 2232 2216 2017 2233 2238 2018 2234 2215 2019 2235 2242 2020 2236 2246 2021 2237 2245 2022 2238 2248 2023 2239 2217 2024 2240 2252 2025 2241 2249 2026 2242 2210 2027 2243 2212 2028 2244 2241 2029 2245 2250 2030 2246 2254 2031 2247 2251 2032 2248 2239 2033 2249 2236 2034 2250 2218 2035 2251 2255 2036 2252 2247 2037 2253 2253 2038 2254 2214 2039 2255 2274 2040 2256 2260 2041 2257 2263 2042 2258 2261 2043 2259 2273 2044 2260 2256 2045 2261 2258 2046 2262 2264 2047 2263 2262 2048 2264 2265 2049 2265 2259 2050 2266 2278 2051 2267 2275 2052 2268 2269 2053 2269 2266 2054 2270 2270 2055 2271 2279 2056 2272 2267 2057 2273 2257 2058 2274 2271 2059 2275 2276 2060 2276 2268 2061 2277 2277 2062 2278 2272 2063 2279 2280 2064 2280 2335 2065 2281 2283 2066 2282 2333 2067 2283 2281 2068 2284 2336 2069 2285 2286 2070 2286 2337 2071 2287 2288 2072 2288 2339 2073 2289 2285 2074 2290 2334 2075 2291 2287 2076 2292 2343 2077 2293 2340 2078 2294 2342 2079 2295 2290 2080 2296 2338 2081 2297 2341 2082 2298 2344 2083 2299 2289 2084 2300 2284 2085 2301 2345 2086 2302 2282 2087 2303 2296 2088 2304 2299 2089 2305 2291 2090 2306 2293 2091 2307 2297 2092 2308 2295 2093 2309 2302 2094 2310 2306 2095 2311 2312 2096 2312 2310 2097 2313 2292 2098 2314 2300 1985 2315 2307 2099 2316 2313 2100 2317 2315 2101 2318 2316 2102 2319 2311 2103 2320 2305 2104 2321 2314 2105 2322 2309 2106 2323 2323 2107 2324 2304 2108 2325 2301 2109 2326 2320 2110 2327 2319 2111 2328 2322 2112 2329 2308 2113 2330 2303 2114 2331 2294 2115 2332 2318 2116 2333 2317 2117 2334 2321 2118 2335 2298 2119 2336 2325 2120 2337 2349 2121 2338 2346 2122 2339 2348 2123 2340 2354 2124 2341 2327 2125 2342 2351 2126 2343 2347 2127 2344 2358 2128 2345 2357 2129 2346 2330 2130 2347 2352 2131 2348 2329 2132 2349 2356 2133 2350 2360 2134 2351 2359 2135 2352 2362 2136 2353 2331 2137 2354 2366 2138 2355 2363 2139 2356 2324 2140 2357 2326 2141 2358 2355 2142 2359 2364 2143 2360 2368 2144 2361 2365 2145 2362 2353 2146 2363 2350 2147 2364 2332 2148 2365 2369 2149 2366 2361 2150 2367 2367 2151 2368 2328 2152 2369</p>
        </triangles>
      </mesh>
    </geometry>
  </library_geometries>
  <library_controllers>
    <controller id="balloon_kirov_RAJ_Skin_gloire-skin" name="balloon_kirov_RAJ_Skin">
      <skin source="#gloire_Mesh_002-mesh">
        <bind_shape_matrix>1 0 0 0 0 1 0 0 0 0 1 0 0 0 0 1</bind_shape_matrix>
        <source id="balloon_kirov_RAJ_Skin_gloire-skin-joints">
          <Name_array id="balloon_kirov_RAJ_Skin_gloire-skin-joints-array" count="7">Root Dummy02 ammo_node_0 pivot_node_0 pivot_node_1 pivot_node_2 pivot_node_3</Name_array>
          <technique_common>
            <accessor source="#balloon_kirov_RAJ_Skin_gloire-skin-joints-array" count="7" stride="1">
              <param name="JOINT" type="name"/>
            </accessor>
          </technique_common>
        </source>
        <source id="balloon_kirov_RAJ_Skin_gloire-skin-bind_poses">
          <float_array id="balloon_kirov_RAJ_Skin_gloire-skin-bind_poses-array" count="112">1 -1.3409e-7 0 -0.640031 0 0 -1 -0.001969337 1.3409e-7 1 -1.3409e-7 -0.008516013 0 0 0 1 1 -1.19209e-7 0 -0.6400327 0 1.44231e-7 -1 -0.001965522 1.19209e-7 1 0 13.21571 0 0 0 1 1 0 0 -0.640031 0 0 -1 -27.72858 0 1 -2.24235e-7 3.388555 0 0 0 1 1 -1.19209e-7 0 -62.20594 0 2.88463e-7 -1 2.275211 1.19209e-7 1 1.54373e-7 -45.17358 0 0 0 1 1 -1.19209e-7 0 -62.51968 0 1.44231e-7 -1 2.255004 1.19209e-7 1 0 28.44032 0 0 0 1 1 -1.19209e-7 0 58.78604 0 2.88463e-7 -1 2.269057 1.19209e-7 1 1.54373e-7 -45.22991 0 0 0 1 1 -1.19209e-7 0 58.3986 0 1.44231e-7 -1 2.332929 1.19209e-7 1 0 28.76928 0 0 0 1</float_array>
          <technique_common>
            <accessor source="#balloon_kirov_RAJ_Skin_gloire-skin-bind_poses-array" count="7" stride="16">
              <param name="TRANSFORM" type="float4x4"/>
            </accessor>
          </technique_common>
        </source>
        <source id="balloon_kirov_RAJ_Skin_gloire-skin-weights">
          <float_array id="balloon_kirov_RAJ_Skin_gloire-skin-weights-array" count="2370">1 1 1 1 1 1 1 1 1 1 1 1 1 1 1 1 1 1 1 1 1 1 1 1 1 1 1 1 1 1 1 1 1 1 1 1 1 1 1 1 1 1 1 1 1 1 1 1 1 1 1 1 1 1 1 1 1 1 1 1 1 1 1 1 1 1 1 1 1 1 1 1 1 1 1 1 1 1 1 1 1 1 1 1 1 1 1 1 1 1 1 1 1 1 1 1 1 1 1 1 1 1 1 1 1 1 1 1 1 1 1 1 1 1 1 1 1 1 1 1 1 1 1 1 1 1 1 1 1 1 1 1 1 1 1 1 1 1 1 1 1 1 1 1 1 1 1 1 1 1 1 1 1 1 1 1 1 1 1 1 1 1 1 1 1 1 1 1 1 1 1 1 1 1 1 1 1 1 1 1 1 1 1 1 1 1 1 1 1 1 1 1 1 1 1 1 1 1 1 1 1 1 1 1 1 1 1 1 1 1 1 1 1 1 1 1 1 1 1 1 1 1 1 1 1 1 1 1 1 1 1 1 1 1 1 1 1 1 1 1 1 1 1 1 1 1 1 1 1 1 1 1 1 1 1 1 1 1 1 1 1 1 1 1 1 1 1 1 1 1 1 1 1 1 1 1 1 1 1 1 1 1 1 1 1 1 1 1 1 1 1 1 1 1 1 1 1 1 1 1 1 1 1 1 1 1 1 1 1 1 1 1 1 1 1 1 1 1 1 1 1 1 1 1 1 1 1 1 1 1 1 1 1 1 1 1 1 1 1 1 1 1 1 1 1 1 1 1 1 1 1 1 1 1 1 1 1 1 1 1 1 1 1 1 1 1 1 1 1 1 1 1 1 1 1 1 1 1 1 1 1 1 1 1 1 1 1 1 1 1 1 1 1 1 1 1 1 1 1 1 1 1 1 1 1 1 1 1 1 1 1 1 1 1 1 1 1 1 1 1 1 1 1 1 1 1 1 1 1 1 1 1 1 1 1 1 1 1 1 1 1 1 1 1 1 1 1 1 1 1 1 1 1 1 1 1 1 1 1 1 1 1 1 1 1 1 1 1 1 1 1 1 1 1 1 1 1 1 1 1 1 1 1 1 1 1 1 1 1 1 1 1 1 1 1 1 1 1 1 1 1 1 1 1 1 1 1 1 1 1 1 1 1 1 1 1 1 1 1 1 1 1 1 1 1 1 1 1 1 1 1 1 1 1 1 1 1 1 1 1 1 1 1 1 1 1 1 1 1 1 1 1 1 1 1 1 1 1 1 1 1 1 1 1 1 1 1 1 1 1 1 1 1 1 1 1 1 1 1 1 1 1 1 1 1 1 1 1 1 1 1 1 1 1 1 1 1 1 1 1 1 1 1 1 1 1 1 1 1 1 1 1 1 1 1 1 1 1 1 1 1 1 1 1 1 1 1 1 1 1 1 1 1 1 1 1 1 1 1 1 1 1 1 1 1 1 1 1 1 1 1 1 1 1 1 1 1 1 1 1 1 1 1 1 1 1 1 1 1 1 1 1 1 1 1 1 1 1 1 1 1 1 1 1 1 1 1 1 1 1 1 1 1 1 1 1 1 1 1 1 1 1 1 1 1 1 1 1 1 1 1 1 1 1 1 1 1 1 1 1 1 1 1 1 1 1 1 1 1 1 1 1 1 1 1 1 1 1 1 1 1 1 1 1 1 1 1 1 1 1 1 1 1 1 1 1 1 1 1 1 1 1 1 1 1 1 1 1 1 1 1 1 1 1 1 1 1 1 1 1 1 1 1 1 1 1 1 1 1 1 1 1 1 1 1 1 1 1 1 1 1 1 1 1 1 1 1 1 1 1 1 1 1 1 1 1 1 1 1 1 1 1 1 1 1 1 1 1 1 1 1 1 1 1 1 1 1 1 1 1 1 1 1 1 1 1 1 1 1 1 1 1 1 1 1 1 1 1 1 1 1 1 1 1 1 1 1 1 1 1 1 1 1 1 1 1 1 1 1 1 1 1 1 1 1 1 1 1 1 1 1 1 1 1 1 1 1 1 1 1 1 1 1 1 1 1 1 1 1 1 1 1 1 1 1 1 1 1 1 1 1 1 1 1 1 1 1 1 1 1 1 1 1 1 1 1 1 1 1 1 1 1 1 1 1 1 1 1 1 1 1 1 1 1 1 1 1 1 1 1 1 1 1 1 1 1 1 1 1 1 1 1 1 1 1 1 1 1 1 1 1 1 1 1 1 1 1 1 1 1 1 1 1 1 1 1 1 1 1 1 1 1 1 1 1 1 1 1 1 1 1 1 1 1 1 1 1 1 1 1 1 1 1 1 1 1 1 1 1 1 1 1 1 1 1 1 1 1 1 1 1 1 1 1 1 1 1 1 1 1 1 1 1 1 1 1 1 1 1 1 1 1 1 1 1 1 1 1 1 1 1 1 1 1 1 1 1 1 1 1 1 1 1 1 1 1 1 1 1 1 1 1 1 1 1 1 1 1 1 1 1 1 1 1 1 1 1 1 1 1 1 1 1 1 1 1 1 1 1 1 1 1 1 1 1 1 1 1 1 1 1 1 1 1 1 1 1 1 1 1 1 1 1 1 1 1 1 1 1 1 1 1 1 1 1 1 1 1 1 1 1 1 1 1 1 1 1 1 1 1 1 1 1 1 1 1 1 1 1 1 1 1 1 1 1 1 1 1 1 1 1 1 1 1 1 1 1 1 1 1 1 1 1 1 1 1 1 1 1 1 1 1 1 1 1 1 1 1 1 1 1 1 1 1 1 1 1 1 1 1 1 1 1 1 1 1 1 1 1 1 1 1 1 1 1 1 1 1 1 1 1 1 1 1 1 1 1 1 1 1 1 1 1 1 1 1 1 1 1 1 1 1 1 1 1 1 1 1 1 1 1 1 1 1 1 1 1 1 1 1 1 1 1 1 1 1 1 1 1 1 1 1 1 1 1 1 1 1 1 1 1 1 1 1 1 1 1 1 1 1 1 1 1 1 1 1 1 1 1 1 1 1 1 1 1 1 1 1 1 1 1 1 1 1 1 1 1 1 1 1 1 1 1 1 1 1 1 1 1 1 1 1 1 1 1 1 1 1 1 1 1 1 1 1 1 1 1 1 1 1 1 1 1 1 1 1 1 1 1 1 1 1 1 1 1 1 1 1 1 1 1 1 1 1 1 1 1 1 1 1 1 1 1 1 1 1 1 1 1 1 1 1 1 1 1 1 1 1 1 1 1 1 1 1 1 1 1 1 1 1 1 1 1 1 1 1 1 1 1 1 1 1 1 1 1 1 1 1 1 1 1 1 1 1 1 1 1 1 1 1 1 1 1 1 1 1 1 1 1 1 1 1 1 1 1 1 1 1 1 1 1 1 1 1 1 1 1 1 1 1 1 1 1 1 1 1 1 1 1 1 1 1 1 1 1 1 1 1 1 1 1 1 1 1 1 1 1 1 1 1 1 1 1 1 1 1 1 1 1 1 1 1 1 1 1 1 1 1 1 1 1 1 1 1 1 1 1 1 1 1 1 1 1 1 1 1 1 1 1 1 1 1 1 1 1 1 1 1 1 1 1 1 1 1 1 1 1 1 1 1 1 1 1 1 1 1 1 1 1 1 1 1 1 1 1 1 1 1 1 1 1 1 1 1 1 1 1 1 1 1 1 1 1 1 1 1 1 1 1 1 1 1 1 1 1 1 1 1 1 1 1 1 1 1 1 1 1 1 1 1 1 1 1 1 1 1 1 1 1 1 1 1 1 1 1 1 1 1 1 1 1 1 1 1 1 1 1 1 1 1 1 1 1 1 1 1 1 1 1 1 1 1 1 1 1 1 1 1 1 1 1 1 1 1 1 1 1 1 1 1 1 1 1 1 1 1 1 1 1 1 1 1 1 1 1 1 1 1 1 1 1 1 1 1 1 1 1 1 1 1 1 1 1 1 1 1 1 1 1 1 1 1 1 1 1 1 1 1 1 1 1 1 1 1 1 1 1 1 1 1 1 1 1 1 1 1 1 1 1 1 1 1 1 1 1 1 1 1 1 1 1 1 1 1 1 1 1 1 1 1 1 1 1 1 1 1 1 1 1 1 1 1 1 1 1 1 1 1 1 1 1 1 1 1 1 1 1 1 1 1 1 1 1 1 1 1 1 1 1 1 1 1 1 1 1 1 1 1 1 1 1 1 1 1 1 1 1 1 1 1 1 1 1 1 1 1 1 1 1 1 1 1 1 1 1 1 1 1 1 1 1 1 1 1 1 1 1 1 1 1 1 1 1 1 1 1 1 1 1 1 1 1 1 1 1 1 1 1 1 1 1 1 1 1 1 1 1 1 1 1 1 1 1 1 1 1 1 1 1 1 1 1 1 1 1 1 1 1 1 1 1 1 1 1 1 1 1 1 1 1 1 1 1 1 1 1 1 1 1 1 1 1 1 1 1 1 1 1 1 1 1 1 1 1 1 1 1 1 1 1 1 1 1 1 1 1 1 1 1 1 1 1 1 1 1 1 1 1 1 1 1 1 1 1 1 1 1 1 1 1 1 1 1 1 1 1 1 1 1 1 1 1 1 1 1 1 1 1 1 1 1 1 1 1 1 1 1 1 1 1 1 1 1 1 1 1 1 1 1 1 1 1 1 1 1 1 1 1 1 1 1 1 1 1 1 1 1 1 1 1 1 1 1 1 1 1 1 1 1 1 1 1 1 1 1 1 1 1 1 1 1 1 1 1 1 1 1 1 1 1 1 1 1 1 1 1 1 1 1 1 1 1 1 1 1 1 1 1 1 1 1 1 1 1 1 1 1 1 1 1 1 1 1 1 1 1 1 1 1 1 1 1 1 1 1 1 1 1 1 1 1 1 1 1 1 1 1 1 1 1 1 1 1 1 1 1 1 1 1 1 1 1 1 1 1 1 1 1 1 1 1 1 1 1 1 1 1 1 1 1 1 1 1 1 1 1 1 1 1 1 1 1 1 1 1 1 1 1 1 1 1 1 1 1 1 1 1 1 1 1 1 1 1 1 1 1 1 1 1 1 1 1 1 1 1 1 1 1 1 1 1 1 1 1 1 1 1 1 1 1 1 1 1 1 1 1 1 1 1 1 1 1 1 1 1 1 1 1 1 1 1 1 1 1 1 1 1 1 1 1 1 1 1 1 1 1 1 1 1 1 1 1 1 1 1 1 1 1 1 1 1 1 1 1 1 1 1 1 1 1 1 1 1 1 1 1 1 1 1 1 1 1 1 1 1 1 1 1 1 1 1 1 1 1 1 1 1 1 1 1 1 1 1 1 1 1 1 1 1 1 1 1 1 1 1 1 1 1 1 1 1 1 1 1 1 1 1 1 1 1</float_array>
          <technique_common>
            <accessor source="#balloon_kirov_RAJ_Skin_gloire-skin-weights-array" count="2370" stride="1">
              <param name="WEIGHT" type="float"/>
            </accessor>
          </technique_common>
        </source>
        <joints>
          <input semantic="JOINT" source="#balloon_kirov_RAJ_Skin_gloire-skin-joints"/>
          <input semantic="INV_BIND_MATRIX" source="#balloon_kirov_RAJ_Skin_gloire-skin-bind_poses"/>
        </joints>
        <vertex_weights count="2370">
          <input semantic="JOINT" source="#balloon_kirov_RAJ_Skin_gloire-skin-joints" offset="0"/>
          <input semantic="WEIGHT" source="#balloon_kirov_RAJ_Skin_gloire-skin-weights" offset="1"/>
          <vcount>1 1 1 1 1 1 1 1 1 1 1 1 1 1 1 1 1 1 1 1 1 1 1 1 1 1 1 1 1 1 1 1 1 1 1 1 1 1 1 1 1 1 1 1 1 1 1 1 1 1 1 1 1 1 1 1 1 1 1 1 1 1 1 1 1 1 1 1 1 1 1 1 1 1 1 1 1 1 1 1 1 1 1 1 1 1 1 1 1 1 1 1 1 1 1 1 1 1 1 1 1 1 1 1 1 1 1 1 1 1 1 1 1 1 1 1 1 1 1 1 1 1 1 1 1 1 1 1 1 1 1 1 1 1 1 1 1 1 1 1 1 1 1 1 1 1 1 1 1 1 1 1 1 1 1 1 1 1 1 1 1 1 1 1 1 1 1 1 1 1 1 1 1 1 1 1 1 1 1 1 1 1 1 1 1 1 1 1 1 1 1 1 1 1 1 1 1 1 1 1 1 1 1 1 1 1 1 1 1 1 1 1 1 1 1 1 1 1 1 1 1 1 1 1 1 1 1 1 1 1 1 1 1 1 1 1 1 1 1 1 1 1 1 1 1 1 1 1 1 1 1 1 1 1 1 1 1 1 1 1 1 1 1 1 1 1 1 1 1 1 1 1 1 1 1 1 1 1 1 1 1 1 1 1 1 1 1 1 1 1 1 1 1 1 1 1 1 1 1 1 1 1 1 1 1 1 1 1 1 1 1 1 1 1 1 1 1 1 1 1 1 1 1 1 1 1 1 1 1 1 1 1 1 1 1 1 1 1 1 1 1 1 1 1 1 1 1 1 1 1 1 1 1 1 1 1 1 1 1 1 1 1 1 1 1 1 1 1 1 1 1 1 1 1 1 1 1 1 1 1 1 1 1 1 1 1 1 1 1 1 1 1 1 1 1 1 1 1 1 1 1 1 1 1 1 1 1 1 1 1 1 1 1 1 1 1 1 1 1 1 1 1 1 1 1 1 1 1 1 1 1 1 1 1 1 1 1 1 1 1 1 1 1 1 1 1 1 1 1 1 1 1 1 1 1 1 1 1 1 1 1 1 1 1 1 1 1 1 1 1 1 1 1 1 1 1 1 1 1 1 1 1 1 1 1 1 1 1 1 1 1 1 1 1 1 1 1 1 1 1 1 1 1 1 1 1 1 1 1 1 1 1 1 1 1 1 1 1 1 1 1 1 1 1 1 1 1 1 1 1 1 1 1 1 1 1 1 1 1 1 1 1 1 1 1 1 1 1 1 1 1 1 1 1 1 1 1 1 1 1 1 1 1 1 1 1 1 1 1 1 1 1 1 1 1 1 1 1 1 1 1 1 1 1 1 1 1 1 1 1 1 1 1 1 1 1 1 1 1 1 1 1 1 1 1 1 1 1 1 1 1 1 1 1 1 1 1 1 1 1 1 1 1 1 1 1 1 1 1 1 1 1 1 1 1 1 1 1 1 1 1 1 1 1 1 1 1 1 1 1 1 1 1 1 1 1 1 1 1 1 1 1 1 1 1 1 1 1 1 1 1 1 1 1 1 1 1 1 1 1 1 1 1 1 1 1 1 1 1 1 1 1 1 1 1 1 1 1 1 1 1 1 1 1 1 1 1 1 1 1 1 1 1 1 1 1 1 1 1 1 1 1 1 1 1 1 1 1 1 1 1 1 1 1 1 1 1 1 1 1 1 1 1 1 1 1 1 1 1 1 1 1 1 1 1 1 1 1 1 1 1 1 1 1 1 1 1 1 1 1 1 1 1 1 1 1 1 1 1 1 1 1 1 1 1 1 1 1 1 1 1 1 1 1 1 1 1 1 1 1 1 1 1 1 1 1 1 1 1 1 1 1 1 1 1 1 1 1 1 1 1 1 1 1 1 1 1 1 1 1 1 1 1 1 1 1 1 1 1 1 1 1 1 1 1 1 1 1 1 1 1 1 1 1 1 1 1 1 1 1 1 1 1 1 1 1 1 1 1 1 1 1 1 1 1 1 1 1 1 1 1 1 1 1 1 1 1 1 1 1 1 1 1 1 1 1 1 1 1 1 1 1 1 1 1 1 1 1 1 1 1 1 1 1 1 1 1 1 1 1 1 1 1 1 1 1 1 1 1 1 1 1 1 1 1 1 1 1 1 1 1 1 1 1 1 1 1 1 1 1 1 1 1 1 1 1 1 1 1 1 1 1 1 1 1 1 1 1 1 1 1 1 1 1 1 1 1 1 1 1 1 1 1 1 1 1 1 1 1 1 1 1 1 1 1 1 1 1 1 1 1 1 1 1 1 1 1 1 1 1 1 1 1 1 1 1 1 1 1 1 1 1 1 1 1 1 1 1 1 1 1 1 1 1 1 1 1 1 1 1 1 1 1 1 1 1 1 1 1 1 1 1 1 1 1 1 1 1 1 1 1 1 1 1 1 1 1 1 1 1 1 1 1 1 1 1 1 1 1 1 1 1 1 1 1 1 1 1 1 1 1 1 1 1 1 1 1 1 1 1 1 1 1 1 1 1 1 1 1 1 1 1 1 1 1 1 1 1 1 1 1 1 1 1 1 1 1 1 1 1 1 1 1 1 1 1 1 1 1 1 1 1 1 1 1 1 1 1 1 1 1 1 1 1 1 1 1 1 1 1 1 1 1 1 1 1 1 1 1 1 1 1 1 1 1 1 1 1 1 1 1 1 1 1 1 1 1 1 1 1 1 1 1 1 1 1 1 1 1 1 1 1 1 1 1 1 1 1 1 1 1 1 1 1 1 1 1 1 1 1 1 1 1 1 1 1 1 1 1 1 1 1 1 1 1 1 1 1 1 1 1 1 1 1 1 1 1 1 1 1 1 1 1 1 1 1 1 1 1 1 1 1 1 1 1 1 1 1 1 1 1 1 1 1 1 1 1 1 1 1 1 1 1 1 1 1 1 1 1 1 1 1 1 1 1 1 1 1 1 1 1 1 1 1 1 1 1 1 1 1 1 1 1 1 1 1 1 1 1 1 1 1 1 1 1 1 1 1 1 1 1 1 1 1 1 1 1 1 1 1 1 1 1 1 1 1 1 1 1 1 1 1 1 1 1 1 1 1 1 1 1 1 1 1 1 1 1 1 1 1 1 1 1 1 1 1 1 1 1 1 1 1 1 1 1 1 1 1 1 1 1 1 1 1 1 1 1 1 1 1 1 1 1 1 1 1 1 1 1 1 1 1 1 1 1 1 1 1 1 1 1 1 1 1 1 1 1 1 1 1 1 1 1 1 1 1 1 1 1 1 1 1 1 1 1 1 1 1 1 1 1 1 1 1 1 1 1 1 1 1 1 1 1 1 1 1 1 1 1 1 1 1 1 1 1 1 1 1 1 1 1 1 1 1 1 1 1 1 1 1 1 1 1 1 1 1 1 1 1 1 1 1 1 1 1 1 1 1 1 1 1 1 1 1 1 1 1 1 1 1 1 1 1 1 1 1 1 1 1 1 1 1 1 1 1 1 1 1 1 1 1 1 1 1 1 1 1 1 1 1 1 1 1 1 1 1 1 1 1 1 1 1 1 1 1 1 1 1 1 1 1 1 1 1 1 1 1 1 1 1 1 1 1 1 1 1 1 1 1 1 1 1 1 1 1 1 1 1 1 1 1 1 1 1 1 1 1 1 1 1 1 1 1 1 1 1 1 1 1 1 1 1 1 1 1 1 1 1 1 1 1 1 1 1 1 1 1 1 1 1 1 1 1 1 1 1 1 1 1 1 1 1 1 1 1 1 1 1 1 1 1 1 1 1 1 1 1 1 1 1 1 1 1 1 1 1 1 1 1 1 1 1 1 1 1 1 1 1 1 1 1 1 1 1 1 1 1 1 1 1 1 1 1 1 1 1 1 1 1 1 1 1 1 1 1 1 1 1 1 1 1 1 1 1 1 1 1 1 1 1 1 1 1 1 1 1 1 1 1 1 1 1 1 1 1 1 1 1 1 1 1 1 1 1 1 1 1 1 1 1 1 1 1 1 1 1 1 1 1 1 1 1 1 1 1 1 1 1 1 1 1 1 1 1 1 1 1 1 1 1 1 1 1 1 1 1 1 1 1 1 1 1 1 1 1 1 1 1 1 1 1 1 1 1 1 1 1 1 1 1 1 1 1 1 1 1 1 1 1 1 1 1 1 1 1 1 1 1 1 1 1 1 1 1 1 1 1 1 1 1 1 1 1 1 1 1 1 1 1 1 1 1 1 1 1 1 1 1 1 1 1 1 1 1 1 1 1 1 1 1 1 1 1 1 1 1 1 1 1 1 1 1 1 1 1 1 1 1 1 1 1 1 1 1 1 1 1 1 1 1 1 1 1 1 1 1 1 1 1 1 1 1 1 1 1 1 1 1 1 1 1 1 1 1 1 1 1 1 1 1 1 1 1 1 1 1 1 1 1 1 1 1 1 1 1 1 1 1 1 1 1 1 1 1 1 1 1 1 1 1 1 1 1 1 1 1 1 1 1 1 1 1 1 1 1 1 1 1 1 1 1 1 1 1 1 1 1 1 1 1 1 1 1 1 1 1 1 1 1 1 1 1 1 1 1 1 1 1 1 1 1 1 1 1 1 1 1 1 1 1 1 1 1 1 1 1 1 1 1 1 1 1 1 1 1 1 1 1 1 1 1 1 1 1 1 1 1 1 1 1 1 1 1 1 1 1 1 1 1 1 1 1 1 1 1 1 1 1 1 1 1 1 1 1 1 1 1 1 1 1 1 1 1 1 1 1 1 1 1 1 1 1 1 1 1 1 1 1 1 1 1 1 1 1 1 1 1 1 1 1 1 1 1 1 1 1 1 1 1 1 1 1 1 1 1 1 1 1 1 1 1 1 1 1 1 1 1 1 1 1 1 1 1 1 1 1 1 1 1 1 1 1 1 1 1 1 1 1 1 1 1 1 1 1 1 1 1 1 1 1 1 1 1 1 1 1 1 1 1 1 1 1 1 1 1 1 1 1 1 1 1 1 1 1 1 1 1 1 1 1 1 1 1 1 1 1 1 1 1 1 1 1 1 1 1 1 1 1 1 1 1 1 1 1 1 1 1 1 1 1 1 1 1 1 1 1 1 1 1 1 1 1 1 1 1 1 1 1 1 1 1 1 1 1 1 1 1 1 1 1 1 1 1 1 1 1 1 1 1 1 1 1 1 1 1 1 1 1 1 1 1 1 1 1 1 1 1 1 1 1 1 1 1 1 1 1 1 1 1 1 1 1 1 1 1 1 1 1 1 1 1 1 1 1 1 1 1 1 1 1 1 1 1 1 1 1 1 1 1 1 1 1 1 1 1 1 1 1 1 1 1 1 1 1 1 1 1 1 1 1 1 1 1 1 1 1 1 1 1 1 </vcount>
          <v>0 0 0 1 0 2 0 3 0 4 0 5 0 6 0 7 0 8 0 9 0 10 0 11 0 12 0 13 0 14 0 15 0 16 0 17 0 18 0 19 0 20 0 21 0 22 0 23 0 24 0 25 0 26 0 27 0 28 0 29 0 30 0 31 0 32 0 33 0 34 0 35 0 36 0 37 0 38 0 39 0 40 0 41 0 42 0 43 0 44 0 45 0 46 0 47 0 48 0 49 0 50 0 51 0 52 0 53 0 54 0 55 0 56 0 57 0 58 0 59 0 60 0 61 0 62 0 63 0 64 0 65 0 66 0 67 0 68 0 69 0 70 0 71 0 72 0 73 0 74 0 75 0 76 0 77 0 78 0 79 0 80 0 81 0 82 0 83 0 84 0 85 0 86 0 87 0 88 0 89 0 90 0 91 0 92 0 93 0 94 0 95 0 96 0 97 0 98 0 99 0 100 0 101 0 102 0 103 0 104 0 105 0 106 0 107 0 108 0 109 0 110 0 111 0 112 0 113 0 114 0 115 0 116 0 117 0 118 0 119 0 120 0 121 0 122 0 123 0 124 0 125 0 126 0 127 0 128 0 129 0 130 0 131 0 132 0 133 0 134 0 135 0 136 0 137 0 138 0 139 0 140 0 141 0 142 0 143 0 144 0 145 0 146 0 147 0 148 0 149 0 150 0 151 0 152 0 153 0 154 0 155 0 156 0 157 0 158 0 159 0 160 0 161 0 162 0 163 0 164 0 165 0 166 0 167 0 168 0 169 0 170 0 171 0 172 0 173 0 174 0 175 0 176 0 177 0 178 0 179 0 180 0 181 0 182 0 183 0 184 0 185 0 186 0 187 0 188 0 189 0 190 0 191 0 192 0 193 0 194 0 195 0 196 0 197 0 198 0 199 0 200 0 201 0 202 0 203 0 204 0 205 0 206 0 207 0 208 0 209 0 210 0 211 0 212 0 213 0 214 0 215 0 216 0 217 0 218 0 219 0 220 0 221 0 222 0 223 0 224 0 225 0 226 0 227 0 228 0 229 0 230 0 231 0 232 0 233 0 234 0 235 0 236 0 237 0 238 0 239 0 240 0 241 0 242 0 243 0 244 0 245 0 246 0 247 0 248 0 249 0 250 0 251 0 252 0 253 0 254 0 255 0 256 0 257 0 258 0 259 0 260 0 261 0 262 0 263 0 264 0 265 0 266 0 267 0 268 0 269 0 270 0 271 0 272 0 273 0 274 0 275 0 276 0 277 0 278 0 279 0 280 0 281 0 282 0 283 0 284 0 285 0 286 0 287 0 288 0 289 0 290 0 291 0 292 0 293 0 294 0 295 0 296 0 297 0 298 0 299 0 300 0 301 0 302 0 303 0 304 0 305 0 306 0 307 0 308 0 309 0 310 0 311 0 312 0 313 0 314 0 315 0 316 0 317 0 318 0 319 0 320 0 321 0 322 0 323 0 324 0 325 0 326 0 327 0 328 0 329 0 330 0 331 0 332 0 333 0 334 0 335 0 336 0 337 0 338 0 339 0 340 0 341 0 342 0 343 0 344 0 345 0 346 0 347 0 348 0 349 0 350 0 351 0 352 0 353 0 354 0 355 0 356 0 357 0 358 0 359 0 360 0 361 0 362 0 363 0 364 0 365 0 366 0 367 0 368 0 369 0 370 0 371 0 372 0 373 0 374 0 375 0 376 0 377 0 378 0 379 0 380 0 381 0 382 0 383 0 384 0 385 0 386 0 387 0 388 0 389 0 390 0 391 0 392 0 393 0 394 0 395 0 396 0 397 0 398 0 399 0 400 0 401 0 402 0 403 0 404 0 405 0 406 0 407 0 408 0 409 0 410 0 411 0 412 0 413 0 414 0 415 0 416 0 417 0 418 0 419 0 420 0 421 0 422 0 423 0 424 0 425 0 426 0 427 0 428 0 429 0 430 0 431 0 432 0 433 0 434 0 435 0 436 0 437 0 438 0 439 0 440 0 441 0 442 0 443 0 444 0 445 0 446 0 447 0 448 0 449 0 450 0 451 0 452 0 453 0 454 0 455 0 456 0 457 0 458 0 459 0 460 0 461 0 462 0 463 0 464 0 465 0 466 0 467 0 468 0 469 0 470 0 471 0 472 0 473 0 474 0 475 0 476 0 477 0 478 0 479 0 480 0 481 0 482 0 483 0 484 0 485 0 486 0 487 0 488 0 489 0 490 0 491 0 492 0 493 0 494 0 495 0 496 0 497 0 498 0 499 0 500 0 501 0 502 0 503 0 504 0 505 0 506 0 507 0 508 0 509 0 510 0 511 0 512 0 513 0 514 0 515 0 516 0 517 0 518 0 519 0 520 0 521 0 522 0 523 0 524 0 525 0 526 0 527 0 528 0 529 0 530 0 531 0 532 0 533 0 534 0 535 0 536 0 537 0 538 0 539 0 540 0 541 0 542 0 543 0 544 0 545 0 546 0 547 0 548 0 549 0 550 0 551 0 552 0 553 0 554 0 555 0 556 0 557 0 558 0 559 0 560 0 561 0 562 0 563 0 564 0 565 0 566 0 567 0 568 0 569 0 570 0 571 0 572 0 573 0 574 0 575 0 576 0 577 0 578 0 579 0 580 0 581 0 582 0 583 0 584 0 585 0 586 0 587 0 588 0 589 0 590 0 591 0 592 0 593 0 594 0 595 0 596 0 597 0 598 0 599 0 600 0 601 0 602 0 603 0 604 0 605 0 606 0 607 0 608 0 609 0 610 0 611 0 612 0 613 0 614 0 615 0 616 0 617 0 618 0 619 0 620 0 621 0 622 0 623 0 624 0 625 0 626 0 627 0 628 0 629 0 630 0 631 0 632 0 633 0 634 0 635 0 636 0 637 0 638 0 639 0 640 0 641 0 642 0 643 0 644 0 645 0 646 0 647 0 648 0 649 0 650 0 651 0 652 0 653 0 654 0 655 0 656 0 657 0 658 0 659 0 660 0 661 0 662 0 663 0 664 0 665 0 666 0 667 0 668 0 669 0 670 0 671 0 672 0 673 0 674 0 675 0 676 0 677 0 678 0 679 0 680 0 681 0 682 0 683 0 684 0 685 0 686 0 687 0 688 0 689 0 690 0 691 0 692 0 693 0 694 0 695 0 696 0 697 0 698 0 699 0 700 0 701 0 702 0 703 0 704 0 705 0 706 0 707 0 708 0 709 0 710 0 711 0 712 0 713 0 714 0 715 0 716 0 717 0 718 0 719 0 720 0 721 0 722 0 723 0 724 0 725 0 726 0 727 0 728 0 729 0 730 0 731 0 732 0 733 0 734 0 735 0 736 0 737 0 738 0 739 0 740 0 741 0 742 0 743 0 744 0 745 0 746 0 747 0 748 0 749 0 750 0 751 0 752 0 753 0 754 0 755 0 756 0 757 0 758 0 759 0 760 0 761 0 762 0 763 0 764 0 765 0 766 0 767 0 768 0 769 0 770 0 771 0 772 0 773 0 774 0 775 0 776 0 777 0 778 0 779 0 780 0 781 0 782 0 783 0 784 0 785 0 786 0 787 0 788 0 789 0 790 0 791 0 792 0 793 0 794 0 795 0 796 0 797 0 798 0 799 0 800 0 801 0 802 0 803 0 804 0 805 0 806 0 807 0 808 0 809 0 810 0 811 0 812 0 813 0 814 0 815 0 816 0 817 0 818 0 819 0 820 0 821 0 822 0 823 0 824 0 825 0 826 0 827 0 828 0 829 0 830 0 831 0 832 0 833 0 834 0 835 0 836 0 837 0 838 0 839 0 840 0 841 0 842 0 843 0 844 0 845 0 846 0 847 0 848 0 849 0 850 0 851 0 852 0 853 0 854 0 855 0 856 0 857 0 858 0 859 0 860 0 861 0 862 0 863 0 864 0 865 0 866 0 867 0 868 0 869 0 870 0 871 0 872 0 873 0 874 0 875 0 876 0 877 0 878 0 879 0 880 0 881 0 882 0 883 0 884 0 885 0 886 0 887 0 888 0 889 0 890 0 891 0 892 0 893 0 894 0 895 0 896 0 897 0 898 0 899 0 900 0 901 0 902 0 903 0 904 0 905 0 906 0 907 0 908 0 909 0 910 0 911 0 912 0 913 0 914 0 915 0 916 0 917 0 918 0 919 0 920 0 921 0 922 0 923 0 924 0 925 0 926 0 927 0 928 0 929 0 930 0 931 0 932 0 933 0 934 0 935 0 936 0 937 0 938 0 939 0 940 0 941 0 942 0 943 0 944 0 945 0 946 0 947 0 948 0 949 0 950 0 951 0 952 0 953 0 954 0 955 0 956 0 957 0 958 0 959 0 960 0 961 0 962 0 963 0 964 0 965 0 966 0 967 0 968 0 969 0 970 0 971 0 972 0 973 0 974 0 975 0 976 0 977 0 978 0 979 0 980 0 981 0 982 0 983 0 984 0 985 0 986 0 987 0 988 0 989 0 990 0 991 0 992 0 993 0 994 0 995 0 996 0 997 0 998 0 999 0 1000 0 1001 0 1002 0 1003 0 1004 0 1005 0 1006 0 1007 0 1008 0 1009 0 1010 0 1011 0 1012 0 1013 0 1014 0 1015 0 1016 0 1017 0 1018 0 1019 0 1020 0 1021 0 1022 0 1023 0 1024 0 1025 0 1026 0 1027 0 1028 0 1029 0 1030 0 1031 0 1032 0 1033 0 1034 0 1035 0 1036 0 1037 0 1038 0 1039 0 1040 0 1041 0 1042 0 1043 0 1044 0 1045 0 1046 0 1047 0 1048 0 1049 0 1050 0 1051 0 1052 0 1053 0 1054 0 1055 0 1056 0 1057 0 1058 0 1059 0 1060 0 1061 0 1062 0 1063 0 1064 0 1065 0 1066 0 1067 0 1068 0 1069 0 1070 0 1071 0 1072 0 1073 0 1074 0 1075 0 1076 0 1077 0 1078 0 1079 0 1080 0 1081 0 1082 0 1083 0 1084 0 1085 0 1086 0 1087 0 1088 0 1089 0 1090 0 1091 0 1092 0 1093 0 1094 0 1095 0 1096 0 1097 0 1098 0 1099 0 1100 0 1101 0 1102 0 1103 0 1104 0 1105 0 1106 0 1107 0 1108 0 1109 0 1110 0 1111 0 1112 0 1113 0 1114 0 1115 0 1116 0 1117 0 1118 0 1119 0 1120 0 1121 0 1122 0 1123 0 1124 0 1125 0 1126 0 1127 0 1128 0 1129 0 1130 0 1131 0 1132 0 1133 0 1134 0 1135 0 1136 0 1137 0 1138 0 1139 0 1140 0 1141 0 1142 0 1143 0 1144 0 1145 0 1146 0 1147 0 1148 0 1149 0 1150 0 1151 0 1152 0 1153 0 1154 0 1155 0 1156 0 1157 0 1158 0 1159 0 1160 0 1161 0 1162 0 1163 0 1164 0 1165 0 1166 0 1167 0 1168 0 1169 0 1170 0 1171 0 1172 0 1173 0 1174 0 1175 0 1176 0 1177 0 1178 0 1179 0 1180 0 1181 0 1182 0 1183 0 1184 0 1185 0 1186 0 1187 0 1188 0 1189 0 1190 0 1191 0 1192 0 1193 0 1194 0 1195 0 1196 0 1197 0 1198 0 1199 0 1200 0 1201 0 1202 0 1203 0 1204 0 1205 0 1206 0 1207 0 1208 0 1209 0 1210 0 1211 0 1212 0 1213 0 1214 0 1215 0 1216 0 1217 0 1218 0 1219 0 1220 0 1221 0 1222 0 1223 0 1224 0 1225 0 1226 0 1227 0 1228 0 1229 0 1230 0 1231 0 1232 0 1233 0 1234 0 1235 0 1236 0 1237 0 1238 0 1239 0 1240 0 1241 0 1242 0 1243 0 1244 0 1245 0 1246 0 1247 0 1248 0 1249 0 1250 0 1251 0 1252 0 1253 0 1254 0 1255 0 1256 0 1257 0 1258 0 1259 0 1260 0 1261 0 1262 0 1263 0 1264 0 1265 0 1266 0 1267 0 1268 0 1269 0 1270 0 1271 0 1272 0 1273 0 1274 0 1275 0 1276 0 1277 0 1278 0 1279 0 1280 0 1281 0 1282 0 1283 0 1284 0 1285 0 1286 0 1287 0 1288 0 1289 0 1290 0 1291 0 1292 0 1293 0 1294 0 1295 0 1296 0 1297 0 1298 0 1299 0 1300 0 1301 0 1302 0 1303 0 1304 0 1305 0 1306 0 1307 0 1308 0 1309 0 1310 0 1311 0 1312 0 1313 0 1314 0 1315 0 1316 0 1317 0 1318 0 1319 0 1320 0 1321 0 1322 0 1323 0 1324 0 1325 0 1326 0 1327 0 1328 0 1329 0 1330 0 1331 0 1332 0 1333 0 1334 0 1335 0 1336 0 1337 0 1338 0 1339 0 1340 0 1341 0 1342 0 1343 0 1344 0 1345 0 1346 0 1347 0 1348 0 1349 0 1350 0 1351 0 1352 0 1353 0 1354 0 1355 0 1356 0 1357 0 1358 0 1359 0 1360 0 1361 0 1362 0 1363 0 1364 0 1365 0 1366 0 1367 0 1368 0 1369 0 1370 0 1371 0 1372 0 1373 0 1374 0 1375 0 1376 0 1377 0 1378 0 1379 0 1380 0 1381 0 1382 0 1383 0 1384 0 1385 0 1386 0 1387 0 1388 0 1389 0 1390 0 1391 0 1392 0 1393 0 1394 0 1395 0 1396 0 1397 0 1398 0 1399 0 1400 0 1401 0 1402 0 1403 0 1404 0 1405 0 1406 0 1407 0 1408 0 1409 0 1410 0 1411 0 1412 0 1413 0 1414 0 1415 0 1416 0 1417 0 1418 0 1419 0 1420 0 1421 0 1422 0 1423 0 1424 0 1425 0 1426 0 1427 0 1428 0 1429 0 1430 0 1431 0 1432 0 1433 0 1434 0 1435 0 1436 0 1437 0 1438 0 1439 0 1440 0 1441 0 1442 0 1443 0 1444 0 1445 0 1446 0 1447 0 1448 0 1449 0 1450 0 1451 0 1452 0 1453 0 1454 0 1455 0 1456 0 1457 0 1458 0 1459 0 1460 0 1461 0 1462 0 1463 0 1464 0 1465 0 1466 0 1467 0 1468 0 1469 0 1470 0 1471 0 1472 0 1473 0 1474 0 1475 0 1476 0 1477 0 1478 0 1479 0 1480 0 1481 0 1482 0 1483 0 1484 0 1485 0 1486 0 1487 0 1488 0 1489 0 1490 0 1491 0 1492 0 1493 0 1494 0 1495 0 1496 0 1497 0 1498 0 1499 0 1500 0 1501 0 1502 0 1503 0 1504 0 1505 0 1506 0 1507 0 1508 0 1509 0 1510 0 1511 0 1512 0 1513 0 1514 0 1515 0 1516 0 1517 0 1518 0 1519 0 1520 0 1521 0 1522 0 1523 0 1524 0 1525 0 1526 0 1527 0 1528 0 1529 0 1530 0 1531 0 1532 0 1533 0 1534 0 1535 0 1536 0 1537 0 1538 0 1539 0 1540 0 1541 0 1542 0 1543 0 1544 0 1545 0 1546 0 1547 0 1548 0 1549 0 1550 0 1551 0 1552 0 1553 0 1554 0 1555 0 1556 0 1557 0 1558 0 1559 0 1560 0 1561 0 1562 0 1563 0 1564 0 1565 0 1566 0 1567 0 1568 0 1569 0 1570 0 1571 0 1572 0 1573 0 1574 0 1575 0 1576 0 1577 0 1578 0 1579 0 1580 0 1581 0 1582 0 1583 0 1584 0 1585 0 1586 0 1587 0 1588 0 1589 0 1590 0 1591 0 1592 0 1593 0 1594 0 1595 0 1596 0 1597 0 1598 0 1599 0 1600 0 1601 0 1602 0 1603 0 1604 0 1605 0 1606 0 1607 0 1608 0 1609 0 1610 0 1611 0 1612 0 1613 0 1614 0 1615 0 1616 0 1617 0 1618 0 1619 0 1620 0 1621 0 1622 0 1623 0 1624 0 1625 0 1626 0 1627 0 1628 0 1629 0 1630 0 1631 0 1632 0 1633 0 1634 0 1635 0 1636 0 1637 0 1638 0 1639 0 1640 0 1641 0 1642 0 1643 0 1644 0 1645 0 1646 0 1647 0 1648 0 1649 0 1650 0 1651 0 1652 0 1653 0 1654 0 1655 0 1656 0 1657 0 1658 0 1659 0 1660 0 1661 0 1662 0 1663 0 1664 0 1665 0 1666 0 1667 0 1668 0 1669 0 1670 0 1671 0 1672 0 1673 0 1674 0 1675 0 1676 0 1677 0 1678 0 1679 0 1680 0 1681 0 1682 0 1683 0 1684 0 1685 0 1686 0 1687 0 1688 0 1689 0 1690 0 1691 0 1692 0 1693 0 1694 0 1695 0 1696 0 1697 0 1698 0 1699 0 1700 0 1701 0 1702 0 1703 0 1704 0 1705 0 1706 0 1707 0 1708 0 1709 0 1710 0 1711 0 1712 0 1713 0 1714 0 1715 0 1716 0 1717 0 1718 0 1719 0 1720 0 1721 0 1722 0 1723 0 1724 0 1725 0 1726 0 1727 0 1728 0 1729 0 1730 0 1731 0 1732 0 1733 0 1734 0 1735 0 1736 0 1737 0 1738 0 1739 0 1740 0 1741 0 1742 0 1743 0 1744 0 1745 0 1746 0 1747 0 1748 0 1749 0 1750 0 1751 0 1752 0 1753 0 1754 0 1755 0 1756 0 1757 0 1758 0 1759 0 1760 0 1761 0 1762 0 1763 0 1764 0 1765 0 1766 0 1767 0 1768 0 1769 0 1770 0 1771 0 1772 0 1773 0 1774 0 1775 0 1776 0 1777 0 1778 0 1779 0 1780 0 1781 0 1782 0 1783 0 1784 0 1785 0 1786 0 1787 0 1788 0 1789 0 1790 0 1791 0 1792 0 1793 0 1794 0 1795 0 1796 0 1797 0 1798 0 1799 0 1800 0 1801 0 1802 0 1803 0 1804 0 1805 0 1806 0 1807 0 1808 0 1809 0 1810 0 1811 0 1812 0 1813 0 1814 0 1815 0 1816 0 1817 0 1818 0 1819 0 1820 0 1821 0 1822 0 1823 0 1824 0 1825 0 1826 0 1827 0 1828 0 1829 0 1830 0 1831 0 1832 0 1833 0 1834 0 1835 0 1836 0 1837 0 1838 0 1839 0 1840 0 1841 0 1842 0 1843 0 1844 0 1845 0 1846 0 1847 0 1848 0 1849 0 1850 0 1851 0 1852 0 1853 0 1854 0 1855 0 1856 0 1857 0 1858 0 1859 0 1860 0 1861 0 1862 0 1863 0 1864 0 1865 0 1866 0 1867 0 1868 0 1869 0 1870 0 1871 0 1872 0 1873 0 1874 0 1875 0 1876 0 1877 0 1878 0 1879 0 1880 0 1881 0 1882 0 1883 0 1884 0 1885 0 1886 0 1887 0 1888 0 1889 0 1890 0 1891 0 1892 0 1893 0 1894 0 1895 0 1896 0 1897 0 1898 0 1899 0 1900 0 1901 0 1902 0 1903 0 1904 0 1905 0 1906 0 1907 0 1908 0 1909 0 1910 0 1911 0 1912 0 1913 0 1914 0 1915 0 1916 0 1917 0 1918 0 1919 0 1920 0 1921 0 1922 0 1923 0 1924 0 1925 0 1926 0 1927 0 1928 0 1929 0 1930 0 1931 0 1932 0 1933 0 1934 0 1935 0 1936 0 1937 0 1938 0 1939 0 1940 0 1941 0 1942 0 1943 0 1944 0 1945 0 1946 0 1947 0 1948 0 1949 0 1950 0 1951 0 1952 0 1953 0 1954 0 1955 0 1956 0 1957 0 1958 0 1959 0 1960 0 1961 0 1962 0 1963 0 1964 0 1965 0 1966 0 1967 0 1968 0 1969 0 1970 0 1971 0 1972 0 1973 0 1974 0 1975 0 1976 0 1977 0 1978 0 1979 0 1980 0 1981 0 1982 0 1983 0 1984 0 1985 0 1986 0 1987 0 1988 0 1989 0 1990 0 1991 0 1992 0 1993 0 1994 0 1995 0 1996 0 1997 0 1998 0 1999 0 2000 0 2001 0 2002 0 2003 0 2004 0 2005 0 2006 0 2007 0 2008 0 2009 0 2010 0 2011 0 2012 0 2013 0 2014 0 2015 0 2016 0 2017 0 2018 0 2019 0 2020 0 2021 0 2022 0 2023 0 2024 0 2025 0 2026 0 2027 0 2028 0 2029 0 2030 0 2031 0 2032 0 2033 0 2034 0 2035 0 2036 0 2037 0 2038 0 2039 0 2040 0 2041 0 2042 0 2043 0 2044 0 2045 0 2046 0 2047 0 2048 0 2049 0 2050 0 2051 0 2052 0 2053 0 2054 0 2055 0 2056 0 2057 0 2058 0 2059 0 2060 0 2061 0 2062 0 2063 0 2064 0 2065 0 2066 0 2067 0 2068 0 2069 0 2070 0 2071 0 2072 0 2073 0 2074 0 2075 0 2076 0 2077 0 2078 0 2079 0 2080 0 2081 0 2082 0 2083 0 2084 0 2085 0 2086 0 2087 0 2088 0 2089 0 2090 0 2091 0 2092 0 2093 0 2094 0 2095 0 2096 0 2097 0 2098 0 2099 0 2100 0 2101 0 2102 0 2103 0 2104 0 2105 0 2106 0 2107 0 2108 0 2109 0 2110 0 2111 0 2112 0 2113 0 2114 0 2115 0 2116 0 2117 0 2118 0 2119 0 2120 0 2121 0 2122 0 2123 0 2124 0 2125 0 2126 0 2127 0 2128 0 2129 0 2130 0 2131 0 2132 0 2133 0 2134 0 2135 0 2136 0 2137 0 2138 0 2139 0 2140 0 2141 0 2142 0 2143 0 2144 0 2145 0 2146 0 2147 0 2148 0 2149 0 2150 0 2151 0 2152 0 2153 0 2154 0 2155 0 2156 0 2157 0 2158 0 2159 0 2160 0 2161 0 2162 0 2163 0 2164 0 2165 0 2166 0 2167 0 2168 0 2169 0 2170 0 2171 0 2172 0 2173 0 2174 0 2175 0 2176 0 2177 0 2178 0 2179 0 2180 0 2181 0 2182 0 2183 0 2184 0 2185 0 2186 0 2187 0 2188 0 2189 0 2190 0 2191 0 2192 0 2193 0 2194 0 2195 0 2196 0 2197 0 2198 0 2199 0 2200 0 2201 0 2202 0 2203 0 2204 0 2205 0 2206 0 2207 0 2208 0 2209 0 2210 0 2211 0 2212 0 2213 0 2214 0 2215 0 2216 0 2217 0 2218 0 2219 0 2220 0 2221 0 2222 0 2223 0 2224 0 2225 0 2226 0 2227 0 2228 0 2229 0 2230 0 2231 0 2232 0 2233 0 2234 0 2235 0 2236 0 2237 0 2238 0 2239 0 2240 0 2241 0 2242 0 2243 0 2244 0 2245 0 2246 0 2247 0 2248 0 2249 0 2250 0 2251 0 2252 0 2253 0 2254 0 2255 0 2256 0 2257 0 2258 0 2259 0 2260 0 2261 0 2262 0 2263 0 2264 0 2265 0 2266 0 2267 0 2268 0 2269 0 2270 0 2271 0 2272 0 2273 0 2274 0 2275 0 2276 0 2277 0 2278 0 2279 0 2280 0 2281 0 2282 0 2283 0 2284 0 2285 0 2286 0 2287 0 2288 0 2289 0 2290 0 2291 0 2292 0 2293 0 2294 0 2295 0 2296 0 2297 0 2298 0 2299 0 2300 0 2301 0 2302 0 2303 0 2304 0 2305 0 2306 0 2307 0 2308 0 2309 0 2310 0 2311 0 2312 0 2313 0 2314 0 2315 0 2316 0 2317 0 2318 0 2319 0 2320 0 2321 0 2322 0 2323 0 2324 0 2325 0 2326 0 2327 0 2328 0 2329 0 2330 0 2331 0 2332 0 2333 0 2334 0 2335 0 2336 0 2337 0 2338 0 2339 0 2340 0 2341 0 2342 0 2343 0 2344 0 2345 0 2346 0 2347 0 2348 0 2349 0 2350 0 2351 0 2352 0 2353 0 2354 0 2355 0 2356 0 2357 0 2358 0 2359 0 2360 0 2361 0 2362 0 2363 0 2364 0 2365 0 2366 0 2367 0 2368 0 2369</v>
        </vertex_weights>
      </skin>
    </controller>
  </library_controllers>
  <library_visual_scenes>
    <visual_scene id="Scene" name="Scene">
      <node id="balloon_kirov_RAJ_Skin" name="balloon_kirov_RAJ_Skin" type="NODE">
        <matrix sid="transform">1 0 0 0 0 1 0 0 0 0 1 0 0 0 0 1</matrix>
        <node id="balloon_kirov_RAJ_Skin_Root" name="Root" sid="Root" type="JOINT">
          <matrix sid="transform">1 0 1.3409e-7 0.6400311 -1.3409e-7 -1.3409e-7 0.9999999 0.008515932 1.79802e-14 -0.9999999 0 -0.001969337 0 0 0 1</matrix>
          <node id="balloon_kirov_RAJ_Skin_Dummy02" name="Dummy02" sid="Dummy02" type="JOINT">
            <matrix sid="transform">1 -1.71937e-14 -1.48808e-8 1.84774e-6 1.50474e-14 0.9999999 -1.44231e-7 -1.90735e-6 1.48808e-8 1.44231e-7 0.9999999 -13.22422 0 0 0 1</matrix>
            <extra>
              <technique profile="blender">
                <layer sid="layer" type="string">0</layer>
                <roll sid="roll" type="float">1.19209e-7</roll>
                <tip_x sid="tip_x" type="float">0</tip_x>
                <tip_y sid="tip_y" type="float">0</tip_y>
                <tip_z sid="tip_z" type="float">-13.22422</tip_z>
              </technique>
            </extra>
          </node>
          <node id="balloon_kirov_RAJ_Skin_ammo_node_0" name="ammo node 0" sid="ammo_node_0" type="JOINT">
            <matrix sid="transform">1 1.28953e-14 -1.30048e-7 5.36442e-7 -1.1722e-15 0.9999999 9.01446e-8 27.7266 1.30048e-7 -9.01446e-8 0.9999999 -3.397073 0 0 0 1</matrix>
            <extra>
              <technique profile="blender">
                <layer sid="layer" type="string">0</layer>
                <roll sid="roll" type="float">0</roll>
                <tip_x sid="tip_x" type="float">0</tip_x>
                <tip_y sid="tip_y" type="float">-3.09944e-6</tip_y>
                <tip_z sid="tip_z" type="float">-13.22422</tip_z>
              </technique>
            </extra>
          </node>
          <node id="balloon_kirov_RAJ_Skin_pivot_node_0" name="pivot node 0" sid="pivot_node_0" type="JOINT">
            <matrix sid="transform">1 0 -1.48808e-8 61.5659 -4.29257e-15 0.9999999 -2.88463e-7 -2.277193 1.48808e-8 2.88463e-7 0.9999999 45.16505 0 0 0 1</matrix>
            <extra>
              <technique profile="blender">
                <layer sid="layer" type="string">0</layer>
                <roll sid="roll" type="float">1.19209e-7</roll>
                <tip_x sid="tip_x" type="float">0</tip_x>
                <tip_y sid="tip_y" type="float">0</tip_y>
                <tip_z sid="tip_z" type="float">-13.22422</tip_z>
              </technique>
            </extra>
          </node>
          <node id="balloon_kirov_RAJ_Skin_pivot_node_1" name="pivot node 1" sid="pivot_node_1" type="JOINT">
            <matrix sid="transform">1 0 -1.48808e-8 61.87964 -2.14628e-15 0.9999999 -1.44231e-7 -2.256969 1.48808e-8 1.44231e-7 0.9999999 -28.44883 0 0 0 1</matrix>
            <extra>
              <technique profile="blender">
                <layer sid="layer" type="string">0</layer>
                <roll sid="roll" type="float">1.19209e-7</roll>
                <tip_x sid="tip_x" type="float">0</tip_x>
                <tip_y sid="tip_y" type="float">0</tip_y>
                <tip_z sid="tip_z" type="float">-13.22422</tip_z>
              </technique>
            </extra>
          </node>
          <node id="balloon_kirov_RAJ_Skin_pivot_node_2" name="pivot node 2" sid="pivot_node_2" type="JOINT">
            <matrix sid="transform">1 0 -1.48808e-8 -59.42607 -4.29257e-15 0.9999999 -2.88463e-7 -2.27104 1.48808e-8 2.88463e-7 0.9999999 45.22139 0 0 0 1</matrix>
            <extra>
              <technique profile="blender">
                <layer sid="layer" type="string">0</layer>
                <roll sid="roll" type="float">1.19209e-7</roll>
                <tip_x sid="tip_x" type="float">0</tip_x>
                <tip_y sid="tip_y" type="float">0</tip_y>
                <tip_z sid="tip_z" type="float">-13.22422</tip_z>
              </technique>
            </extra>
          </node>
          <node id="balloon_kirov_RAJ_Skin_pivot_node_3" name="pivot node 3" sid="pivot_node_3" type="JOINT">
            <matrix sid="transform">1 0 -1.48808e-8 -59.03862 -2.14628e-15 0.9999999 -1.44231e-7 -2.334894 1.48808e-8 1.44231e-7 0.9999999 -28.7778 0 0 0 1</matrix>
            <extra>
              <technique profile="blender">
                <layer sid="layer" type="string">0</layer>
                <roll sid="roll" type="float">1.19209e-7</roll>
                <tip_x sid="tip_x" type="float">0</tip_x>
                <tip_y sid="tip_y" type="float">0</tip_y>
                <tip_z sid="tip_z" type="float">-13.22422</tip_z>
              </technique>
            </extra>
          </node>
          <extra>
            <technique profile="blender">
              <layer sid="layer" type="string">0</layer>
              <roll sid="roll" type="float">1.3409e-7</roll>
              <tip_x sid="tip_x" type="float">0</tip_x>
              <tip_y sid="tip_y" type="float">-1.77324e-6</tip_y>
              <tip_z sid="tip_z" type="float">-13.22422</tip_z>
            </technique>
          </extra>
        </node>
        <node id="gloire" name="gloire" type="NODE">
          <matrix sid="transform">1 0 0 0 0 1 0 0 0 0 1 0 0 0 0 1</matrix>
          <instance_controller url="#balloon_kirov_RAJ_Skin_gloire-skin">
            <skeleton>#balloon_kirov_RAJ_Skin_Root</skeleton>
            <bind_material>
              <technique_common>
                <instance_material symbol="gloire_Mat_002-material" target="#gloire_Mat_002-material">
                  <bind_vertex_input semantic="UVMap" input_semantic="TEXCOORD" input_set="0"/>
                </instance_material>
              </technique_common>
            </bind_material>
          </instance_controller>
        </node>
      </node>
    </visual_scene>
  </library_visual_scenes>
  <scene>
    <instance_visual_scene url="#Scene"/>
  </scene>
</COLLADA>