<?xml version="1.0" encoding="utf-8"?>
<COLLADA xmlns="http://www.collada.org/2005/11/COLLADASchema" version="1.4.1" xmlns:xsi="http://www.w3.org/2001/XMLSchema-instance">
  <asset>
    <contributor>
      <author>Blender User</author>
      <authoring_tool>Blender 3.0.1 commit date:2022-01-25, commit time:17:19, hash:dc2d18018171</authoring_tool>
    </contributor>
    <created>2025-07-24T07:26:02</created>
    <modified>2025-07-24T07:26:02</modified>
    <unit name="meter" meter="1"/>
    <up_axis>Z_UP</up_axis>
  </asset>
  <library_effects>
    <effect id="gloire_Mat_001-effect">
      <profile_COMMON>
        <newparam sid="gloire-surface">
          <surface type="2D">
            <init_from>gloire</init_from>
          </surface>
        </newparam>
        <newparam sid="gloire-sampler">
          <sampler2D>
            <source>gloire-surface</source>
          </sampler2D>
        </newparam>
        <technique sid="common">
          <lambert>
            <emission>
              <color sid="emission">0 0 0 1</color>
            </emission>
            <diffuse>
              <texture texture="gloire-sampler" texcoord="UVMap"/>
            </diffuse>
            <index_of_refraction>
              <float sid="ior">1.45</float>
            </index_of_refraction>
          </lambert>
        </technique>
      </profile_COMMON>
    </effect>
  </library_effects>
  <library_images>
    <image id="gloire" name="gloire">
      <init_from>gloire.png</init_from>
    </image>
  </library_images>
  <library_materials>
    <material id="gloire_Mat_001-material" name="gloire_Mat.001">
      <instance_effect url="#gloire_Mat_001-effect"/>
    </material>
  </library_materials>
  <library_geometries>
    <geometry id="gloire_Mesh_001-mesh" name="gloire_Mesh.001">
      <mesh>
        <source id="gloire_Mesh_001-mesh-positions">
          <float_array id="gloire_Mesh_001-mesh-positions-array" count="8388">-10.54296 -14.81348 31.0495 -10.54296 -14.81348 31.0495 -10.54296 -14.81348 31.0495 -11.78935 -16.31366 31.04403 -11.78935 -16.31366 31.04403 -11.78935 -16.31366 31.04403 -8.274443 -13.23259 31.04936 -6.044407 -14.81845 31.04918 -6.044407 -14.81845 31.04918 -6.044407 -14.81845 31.04918 -4.894718 -17.89118 31.03597 -4.894718 -17.89118 31.03597 -4.894718 -17.89118 31.03597 -5.372105 -18.67334 31.03437 -5.372105 -18.67334 31.03437 -5.372105 -18.67334 31.03437 -7.240913 -18.7123 31.02931 -9.634559 -18.70978 31.02999 -9.634559 -18.70978 31.02999 -9.634559 -18.70978 31.02999 -11.4304 -17.96146 31.03432 -11.4304 -17.96146 31.03432 -11.4304 -17.96146 31.03432 -10.53722 -14.54937 46.16895 -10.53722 -14.54937 46.16895 -10.53722 -14.54937 46.16895 -11.78615 -16.20393 43.81444 -11.78615 -16.20393 43.81444 -11.78615 -16.20393 43.81444 -8.267393 -14.3756 47.61683 -8.267393 -14.3756 47.61683 -6.03874 -14.63407 45.89525 -6.03874 -14.63407 45.89525 -6.03874 -14.63407 45.89525 -4.894051 -16.33381 43.39517 -4.894051 -16.33381 43.39517 -4.894051 -16.33381 43.39517 -5.369024 -18.14824 40.67741 -5.369024 -18.14824 40.67741 -5.369024 -18.14824 40.67741 -7.241358 -19.14088 41.24016 -7.241358 -19.14088 41.24016 -9.634971 -19.0958 41.3858 -9.634971 -19.0958 41.3858 -9.634971 -19.0958 41.3858 -11.42986 -16.8343 41.92548 -11.42986 -16.8343 41.92548 -11.42986 -16.8343 41.92548 -10.39741 -21.7514 47.8079 -10.39741 -21.7514 47.8079 -10.39741 -21.7514 47.8079 -11.6796 -21.75037 45.73174 -11.6796 -21.75037 45.73174 -11.6796 -21.75037 45.73174 -8.15633 -21.75151 48.54971 -8.15633 -21.75151 48.54971 -6.004895 -21.7506 47.61006 -6.004895 -21.7506 47.61006 -6.004895 -21.7506 47.61006 -4.949959 -21.74913 45.42868 -4.949959 -21.74913 45.42868 -4.949959 -21.74913 45.42868 -5.484996 -21.74777 43.02624 -5.484996 -21.74777 43.02624 -5.484996 -21.74777 43.02624 -7.360945 -21.64691 41.57206 -7.360945 -21.64691 41.57206 -7.360945 -21.64691 41.57206 -9.696848 -21.74762 41.63208 -9.696848 -21.74762 41.63208 -9.696848 -21.74762 41.63208 -11.40294 -21.74888 43.2927 -11.40294 -21.74888 43.2927 -11.40294 -21.74888 43.2927 10.32995 -14.54937 46.16895 10.32995 -14.54937 46.16895 10.32995 -14.54937 46.16895 10.33568 -14.81348 31.0495 10.33568 -14.81348 31.0495 10.33568 -14.81348 31.0495 11.58208 -16.31365 31.04403 11.58208 -16.31365 31.04403 11.58208 -16.31365 31.04403 11.57888 -16.20393 43.81444 11.57888 -16.20393 43.81444 11.57888 -16.20393 43.81444 8.060122 -14.3756 47.61683 8.060122 -14.3756 47.61683 8.06717 -13.23258 31.04936 5.831462 -14.63406 45.89525 5.831462 -14.63406 45.89525 5.831462 -14.63406 45.89525 5.837139 -14.81844 31.04918 5.837139 -14.81844 31.04918 5.837139 -14.81844 31.04918 4.686779 -16.3338 43.39517 4.686779 -16.3338 43.39517 4.686779 -16.3338 43.39517 4.68745 -17.89118 31.03597 4.68745 -17.89118 31.03597 4.68745 -17.89118 31.03597 5.161756 -18.14824 40.67741 5.161756 -18.14824 40.67741 5.161756 -18.14824 40.67741 5.164832 -18.67333 31.03437 5.164832 -18.67333 31.03437 5.164832 -18.67333 31.03437 7.03409 -19.14088 41.24018 7.03409 -19.14088 41.24018 7.033643 -18.7123 31.02931 9.427701 -19.09579 41.3858 9.427701 -19.09579 41.3858 9.427701 -19.09579 41.3858 9.427289 -18.70977 31.02999 9.427289 -18.70977 31.02999 9.427289 -18.70977 31.02999 11.22259 -16.8343 41.92548 11.22259 -16.8343 41.92548 11.22259 -16.8343 41.92548 11.22313 -17.96145 31.03432 11.22313 -17.96145 31.03432 11.22313 -17.96145 31.03432 10.19015 -21.75139 47.8079 10.19015 -21.75139 47.8079 10.19015 -21.75139 47.8079 11.47233 -21.75037 45.73176 11.47233 -21.75037 45.73176 11.47233 -21.75037 45.73176 7.949055 -21.75149 48.54971 7.949055 -21.75149 48.54971 5.797628 -21.75059 47.61006 5.797628 -21.75059 47.61006 5.797628 -21.75059 47.61006 4.742698 -21.74913 45.42868 4.742698 -21.74913 45.42868 4.742698 -21.74913 45.42868 5.277722 -21.74778 43.02624 5.277722 -21.74778 43.02624 5.277722 -21.74778 43.02624 7.153672 -21.64691 41.57209 7.153672 -21.64691 41.57209 7.153672 -21.64691 41.57209 9.489583 -21.74761 41.6321 9.489583 -21.74761 41.6321 9.489583 -21.74761 41.6321 11.19567 -21.74886 43.2927 11.19567 -21.74886 43.2927 11.19567 -21.74886 43.2927 -10.53722 8.811815 46.16894 -10.53722 8.811815 46.16894 -10.53722 8.811815 46.16894 -10.54296 9.075919 31.04949 -10.54296 9.075919 31.04949 -10.54296 9.075919 31.04949 -11.78935 10.5761 31.04402 -11.78935 10.5761 31.04402 -11.78935 10.5761 31.04402 -11.78615 10.46638 43.81444 -11.78615 10.46638 43.81444 -11.78615 10.46638 43.81444 -8.267393 8.638048 47.61683 -8.267393 8.638048 47.61683 -8.274443 7.49503 31.04936 -6.038737 8.896512 45.89525 -6.038737 8.896512 45.89525 -6.038737 8.896512 45.89525 -6.044408 9.080887 31.04917 -6.044408 9.080887 31.04917 -6.044408 9.080887 31.04917 -4.894051 10.59626 43.39517 -4.894051 10.59626 43.39517 -4.894051 10.59626 43.39517 -4.89472 12.15362 31.03597 -4.89472 12.15362 31.03597 -4.89472 12.15362 31.03597 -5.369027 12.41068 40.67741 -5.369027 12.41068 40.67741 -5.369027 12.41068 40.67741 -5.372104 12.93578 31.03437 -5.372104 12.93578 31.03437 -5.372104 12.93578 31.03437 -7.241361 13.40332 41.24016 -7.241361 13.40332 41.24016 -7.240913 12.97474 31.0293 -9.634973 13.35824 41.38579 -9.634973 13.35824 41.38579 -9.634973 13.35824 41.38579 -9.634559 12.97222 31.02999 -9.634559 12.97222 31.02999 -9.634559 12.97222 31.02999 -11.42986 11.09674 41.92547 -11.42986 11.09674 41.92547 -11.42986 11.09674 41.92547 -11.4304 12.2239 31.03432 -11.4304 12.2239 31.03432 -11.4304 12.2239 31.03432 -10.39741 16.01384 47.80789 -10.39741 16.01384 47.80789 -10.39741 16.01384 47.80789 -11.6796 16.01281 45.73173 -11.6796 16.01281 45.73173 -11.6796 16.01281 45.73173 -8.156328 16.01395 48.5497 -8.156328 16.01395 48.5497 -6.004896 16.01304 47.61005 -6.004896 16.01304 47.61005 -6.004896 16.01304 47.61005 -4.949964 16.01157 45.42867 -4.949964 16.01157 45.42867 -4.949964 16.01157 45.42867 -5.484992 16.01022 43.02623 -5.484992 16.01022 43.02623 -5.484992 16.01022 43.02623 -7.360946 15.90935 41.57205 -7.360946 15.90935 41.57205 -7.360946 15.90935 41.57205 -9.69685 16.01006 41.63207 -9.69685 16.01006 41.63207 -9.69685 16.01006 41.63207 -11.40294 16.01132 43.2927 -11.40294 16.01132 43.2927 -11.40294 16.01132 43.2927 11.58208 10.57609 31.04402 11.58208 10.57609 31.04402 11.58208 10.57609 31.04402 10.33569 9.075919 31.04949 10.33569 9.075919 31.04949 10.33569 9.075919 31.04949 10.32995 8.811815 46.16894 10.32995 8.811815 46.16894 10.32995 8.811815 46.16894 11.57888 10.46638 43.81444 11.57888 10.46638 43.81444 11.57888 10.46638 43.81444 8.06717 7.495018 31.04936 8.060121 8.638048 47.61683 8.060121 8.638048 47.61683 5.837139 9.080887 31.04917 5.837139 9.080887 31.04917 5.837139 9.080887 31.04917 5.831463 8.8965 45.89525 5.831463 8.8965 45.89525 5.831463 8.8965 45.89525 4.687448 12.15362 31.03597 4.687448 12.15362 31.03597 4.687448 12.15362 31.03597 4.686778 10.59624 43.39517 4.686778 10.59624 43.39517 4.686778 10.59624 43.39517 5.164832 12.93577 31.03437 5.164832 12.93577 31.03437 5.164832 12.93577 31.03437 5.161754 12.41068 40.67741 5.161754 12.41068 40.67741 5.161754 12.41068 40.67741 7.033643 12.97474 31.0293 7.034089 13.40332 41.24018 7.034089 13.40332 41.24018 9.427289 12.97221 31.02999 9.427289 12.97221 31.02999 9.427289 12.97221 31.02999 9.4277 13.35823 41.38579 9.4277 13.35823 41.38579 9.4277 13.35823 41.38579 11.22313 12.22389 31.03432 11.22313 12.22389 31.03432 11.22313 12.22389 31.03432 11.22259 11.09674 41.92547 11.22259 11.09674 41.92547 11.22259 11.09674 41.92547 10.19014 16.01383 47.80789 10.19014 16.01383 47.80789 10.19014 16.01383 47.80789 11.47233 16.01281 45.73175 11.47233 16.01281 45.73175 11.47233 16.01281 45.73175 7.949055 16.01394 48.5497 7.949055 16.01394 48.5497 5.797627 16.01303 47.61005 5.797627 16.01303 47.61005 5.797627 16.01303 47.61005 4.742694 16.01157 45.42867 4.742694 16.01157 45.42867 4.742694 16.01157 45.42867 5.277723 16.01022 43.02623 5.277723 16.01022 43.02623 5.277723 16.01022 43.02623 7.153672 15.90935 41.57208 7.153672 15.90935 41.57208 7.153672 15.90935 41.57208 9.489578 16.01006 41.63209 9.489578 16.01006 41.63209 9.489578 16.01006 41.63209 11.19567 16.0113 43.2927 11.19567 16.0113 43.2927 11.19567 16.0113 43.2927 -2.641301 -214.416 72.85746 -2.641301 -214.416 72.85746 -2.641301 -214.416 72.85746 -2.641301 -214.416 72.85746 -2.048814 -214.0557 74.86233 -1.413541 -214.113 74.2746 -1.413541 -214.113 74.2746 -1.400022 -214.146 74.06794 -1.400022 -214.146 74.06794 4.452731 -146.0925 40.55232 4.401056 -146.0964 40.77085 -2.987346 -146.5239 37.18707 -3.709988 -146.5249 37.12705 1.986897 -146.1174 41.25846 1.986897 -146.1174 41.25846 1.986897 -146.1174 41.25846 -36.44067 -45.30376 40.20662 -36.44067 -45.30376 40.20662 -36.13147 -67.18831 40.20658 36.30965 -45.30379 40.20648 36.30965 -45.30379 40.20648 35.84796 -67.18839 40.20644 35.84796 -67.18839 40.20644 36.30965 -45.30379 40.20648 36.30965 -45.30379 40.20648 -36.13147 -67.18831 40.20658 -36.44067 -45.30376 40.20662 -36.44067 -45.30376 40.20662 -0.90463 -62.67247 30.39503 2.120787 -62.67249 30.39503 2.120787 -62.67249 30.39503 -2.154878 -57.62293 30.39506 3.371051 -57.62293 30.39506 -0.9046303 -62.67249 55.99245 -0.9046303 -62.67249 55.99245 -0.9046303 -62.67249 55.99245 -0.9046303 -62.67249 55.99245 2.120786 -62.67247 55.99245 -2.154878 -57.62293 55.99245 -2.154878 -57.62293 55.99245 3.371051 -57.62293 55.99245 3.371051 -57.62293 55.99245 -36.44067 55.46354 40.20661 -36.44067 55.46354 40.20661 -36.13148 33.579 40.20657 36.30965 55.46352 40.20647 36.30965 55.46352 40.20647 35.84796 33.57892 40.20643 35.84796 33.57892 40.20643 36.30965 55.46352 40.20647 36.30965 55.46352 40.20647 -36.13148 33.579 40.20657 -36.44067 55.46354 40.20661 -36.44067 55.46354 40.20661 -0.9046334 38.09484 30.39502 2.120789 38.09482 30.39502 2.120789 38.09482 30.39502 -2.15488 43.14439 30.39505 3.371037 43.14439 30.39505 -0.9046329 38.09482 55.99244 -0.9046329 38.09482 55.99244 -0.9046329 38.09482 55.99244 -0.9046329 38.09482 55.99244 2.120789 38.09484 55.99244 -2.15488 43.14439 55.99243 -2.15488 43.14439 55.99243 3.371037 43.14439 55.99243 3.371037 43.14439 55.99243 -6.40352 -9.407691 31.09958 -6.40352 -9.407691 31.09958 -9.869523 -2.141514 31.09958 -9.869523 -2.141514 31.09958 -9.869523 -2.141514 31.09958 -5.744874 4.299633 31.09962 -5.744874 4.299633 31.09962 -5.744874 4.299633 31.09962 5.950009 4.299633 31.09962 9.883832 -2.141524 31.09958 9.883832 -2.141524 31.09958 9.883832 -2.141524 31.09958 6.392371 -9.40761 31.09958 6.392371 -9.40761 31.09958 6.392371 -9.40761 31.09958 6.392275 -8.064711 76.08118 6.392275 -8.064711 76.08118 6.392275 -8.064711 76.08118 9.883881 -0.7985091 76.07878 9.883881 -0.7985091 76.07878 9.883881 -0.7985091 76.07878 5.950098 5.642775 76.07878 5.950098 5.642775 76.07878 -6.403656 -8.064767 76.07747 -9.869508 -0.7984976 76.07878 -9.869508 -0.7984976 76.07878 -9.869508 -0.7984976 76.07878 -5.744873 5.642775 76.07878 -5.744873 5.642775 76.07878 -5.744873 5.642775 76.07878 9.760256 170.5024 46.15501 9.760256 170.5024 46.15501 9.760256 170.5024 46.15501 9.760256 170.5024 46.15501 -9.734063 170.3249 46.1705 -9.734063 170.3249 46.1705 -9.734063 170.3249 46.1705 -1.34158 144.8841 -14.83659 34.01354 113.3082 46.22415 34.01354 113.3082 46.22415 34.01354 113.3082 46.22415 33.13554 101.4238 39.8298 33.13554 101.4238 39.8298 -32.90513 101.4237 39.82983 -32.90513 101.4237 39.82983 -32.90513 101.4237 39.82983 -33.81544 113.1357 46.2404 -33.81544 113.1357 46.2404 -33.81544 113.1357 46.2404 -33.81544 113.1357 46.2404 -31.69491 105.1227 -9.625914 -31.69491 105.1227 -9.625914 -31.69491 105.1227 -9.625914 -1.347445 71.59092 -29.13079 -1.347445 71.59092 -29.13079 -1.347445 71.59092 -29.13079 28.85944 105.3327 -9.679175 28.85944 105.3327 -9.679175 32.13196 64.16883 37.12559 32.13196 64.16883 37.12559 32.13196 64.16883 37.12559 33.8606 57.59904 31.15278 33.8606 57.59904 31.15278 33.8606 57.59904 31.15278 33.8606 57.59904 31.15278 -33.6077 57.53429 31.15498 -33.6077 57.53429 31.15498 -33.6077 57.53429 31.15498 -33.6077 57.53429 31.15498 -31.92047 63.98785 37.15454 -31.92047 63.98785 37.15454 -42.21299 58.18149 -9.689712 -42.21299 58.18149 -9.689712 -42.21299 58.18149 -9.689712 -1.347442 43.24858 -31.8293 -1.347442 43.24858 -31.8293 -1.347442 43.24858 -31.8293 -1.347442 43.24858 -31.8293 39.3963 58.39144 -9.742996 39.3963 58.39144 -9.742996 39.3963 58.39144 -9.742996 32.13194 26.82463 37.10971 32.13194 26.82463 37.10971 33.8799 25.74129 31.14937 -33.6077 25.74123 31.15157 -31.9205 26.69546 37.12992 -31.9205 26.69546 37.12992 33.88959 -6.129411 31.14595 33.88959 -6.129411 31.14595 33.88959 -6.129411 31.14595 -33.57871 -6.1165 31.14816 -33.57871 -6.1165 31.14816 -42.19424 -47.95765 -9.844155 -42.19424 -47.95765 -9.844155 -42.19424 -47.95765 -9.844155 -1.338093 -37.36439 -31.95303 -1.338093 -37.36439 -31.95303 -1.338093 -37.36439 -31.95303 39.41503 -47.74782 -9.870659 39.41503 -47.74782 -9.870659 39.41503 -47.74782 -9.870659 33.44295 -84.63171 52.66957 33.44295 -84.63171 52.66957 33.90885 -37.98712 31.14254 33.90885 -37.98712 31.14254 -33.56911 -38.05191 31.14474 -33.56911 -38.05191 31.14474 -33.18747 -84.64202 52.68621 -33.18747 -84.64202 52.68621 -38.98694 -119.4421 -9.923975 -38.98694 -119.4421 -9.923975 38.94143 -119.2321 -9.977236 38.94143 -119.2321 -9.977236 38.94143 -119.2321 -9.977236 24.29058 -128.4647 52.52591 24.29058 -128.4647 52.52591 24.29058 -128.4647 52.52591 24.29058 -128.4647 52.52591 32.49826 -86.09342 31.13744 -32.31248 -86.15954 31.13925 -32.31248 -86.15954 31.13925 -24.12142 -128.7381 52.54136 -24.12142 -128.7381 52.54136 -24.12142 -128.7381 52.54136 0.03605562 -134.9267 -25.29302 0.03605562 -134.9267 -25.29302 0.03605562 -134.9267 -25.29302 1.262884 -164.1166 52.54821 1.262884 -164.1166 52.54821 1.262884 -164.1166 52.54821 1.262884 -164.1166 52.54821 1.181198 -152.5751 -9.97634 -10.72092 159.939 21.73686 -10.72092 159.939 21.73686 -10.72092 159.939 21.73686 -37.50055 109.0092 21.73687 -37.50055 109.0092 21.73687 -37.50055 109.0092 21.73687 -37.50055 109.0092 21.73687 -37.50055 109.0092 21.73687 -37.50055 109.0092 21.73687 -37.50055 109.0092 21.73687 10.74292 160.1573 21.73686 10.74292 160.1573 21.73686 10.74292 160.1573 21.73686 37.42095 109.1996 21.73687 37.42095 109.1996 21.73687 37.42095 109.1996 21.73687 37.42095 109.1996 21.73687 37.42095 109.1996 21.73687 37.42095 109.1996 21.73687 37.42095 109.1996 21.73687 -37.475 59.50097 21.73688 -37.475 59.50097 21.73688 -37.475 59.50097 21.73688 -37.475 59.50097 21.73688 -37.475 59.50097 21.73688 -37.475 59.50097 21.73688 -37.475 59.50097 21.73688 37.41214 59.71283 21.73688 37.41214 59.71283 21.73688 37.41214 59.71283 21.73688 37.41214 59.71283 21.73688 37.41214 59.71283 21.73688 37.41214 59.71283 21.73688 -37.44965 10.05452 21.73688 -37.44965 10.05452 21.73688 -37.44965 10.05452 21.73688 -37.44965 10.05452 21.73688 -37.44965 10.05452 21.73688 -37.44965 10.05452 21.73688 37.40304 10.27426 21.73688 37.40304 10.27426 21.73688 37.40304 10.27426 21.73688 37.40304 10.27426 21.73688 37.40304 10.27426 21.73688 37.40304 10.27426 21.73688 37.40304 10.27426 21.73688 -37.41845 -39.35271 21.73689 -37.41845 -39.35271 21.73689 -37.41845 -39.35271 21.73689 -37.41845 -39.35271 21.73689 -37.41845 -39.35271 21.73689 -37.41845 -39.35271 21.73689 37.39588 -39.13145 21.73689 37.39588 -39.13145 21.73689 37.39588 -39.13145 21.73689 37.39588 -39.13145 21.73689 -37.39487 -88.72266 21.73689 -37.39487 -88.72266 21.73689 -37.39487 -88.72266 21.73689 -37.39487 -88.72266 21.73689 -37.39487 -88.72266 21.73689 -37.39487 -88.72266 21.73689 -37.39487 -88.72266 21.73689 37.38511 -88.45008 21.73689 37.38511 -88.45008 21.73689 37.38511 -88.45008 21.73689 37.38511 -88.45008 21.73689 37.38511 -88.45008 21.73689 37.38511 -88.45008 21.73689 37.38511 -88.45008 21.73689 37.38511 -88.45008 21.73689 -25.10436 -123.5964 21.7369 -25.10436 -123.5964 21.7369 -25.10436 -123.5964 21.7369 -25.10436 -123.5964 21.7369 25.14891 -123.3832 21.7369 25.14891 -123.3832 21.7369 25.14891 -123.3832 21.7369 25.14891 -123.3832 21.7369 1.046476 -158.8644 21.73691 1.046476 -158.8644 21.73691 1.046476 -158.8644 21.73691 1.046476 -158.8644 21.73691 22.49454 -125.8873 39.82216 22.49454 -125.8873 39.82216 -22.28739 -126.0755 39.82234 -22.28739 -126.0755 39.82234 -22.28739 -126.0755 39.82234 22.96991 -127.1349 41.52793 22.96991 -127.1349 41.52793 22.96991 -127.1349 41.52793 22.96991 -127.1349 41.52793 1.288766 -162.1657 41.52795 1.307306 -160.1539 39.82313 -33.66748 -84.67607 41.43154 -33.66748 -84.67607 41.43154 -22.77735 -127.3192 41.52806 -22.77735 -127.3192 41.52806 -22.77735 -127.3192 41.52806 -22.77735 -127.3192 41.52806 -32.31214 -84.67489 39.72511 -32.31214 -84.67489 39.72511 -32.31214 -84.67489 39.72511 -32.31214 -84.67489 39.72511 -32.31214 -84.67489 39.72511 33.86828 -84.78983 41.42847 33.86828 -84.78983 41.42847 9.70824 164.3238 39.83433 31.3161 110.7761 39.8336 -9.614525 164.1478 39.83449 -9.614525 164.1478 39.83449 -9.614525 164.1478 39.83449 -31.13748 110.6014 39.83378 -9.673823 168.0508 40.59032 34.0276 111.7791 40.44329 34.0276 111.7791 40.44329 34.0276 111.7791 40.44329 35.18746 110.3921 37.3087 -34.99586 110.2109 37.32864 -34.99586 110.2109 37.32864 -33.86552 111.5975 40.53837 -33.86552 111.5975 40.53837 -33.86552 111.5975 40.53837 9.763192 168.2336 40.44385 32.49827 -84.80486 39.72435 32.49827 -84.80486 39.72435 33.85127 101.4226 31.1582 33.84859 101.4234 39.87256 33.84859 101.4234 39.87256 33.84859 101.4234 39.87256 33.84859 101.4234 39.87256 -33.62208 101.4234 39.88185 -33.62208 101.4234 39.88185 -33.62208 101.4234 39.88185 -33.62208 101.4234 39.88185 -33.61703 101.4226 31.1604 38.96068 64.40436 41.26032 38.96068 64.40436 41.26032 38.96068 64.40436 41.26032 40.50435 64.64624 36.98514 40.50435 64.64624 36.98514 -40.29614 64.46506 36.98991 38.81124 26.77399 41.22789 38.81124 26.77399 41.22789 -38.78057 26.34138 41.24535 -38.78057 26.34138 41.24535 39.02824 26.35421 41.22425 39.02824 26.35421 41.22425 39.02824 26.35421 41.22425 39.02824 26.35421 41.22425 38.98271 -10.54272 41.2422 38.98271 -10.54272 41.2422 38.98271 -10.54272 41.2422 38.98271 -10.54272 41.2422 39.07644 26.2803 41.27883 38.84657 -46.04302 41.23323 -38.60114 -46.21591 41.23384 -38.82727 64.37061 41.26925 -38.82727 64.37061 41.26925 -38.82727 64.37061 41.26925 -38.82727 64.37061 41.26925 -38.82727 64.37061 41.26925 -38.79486 -10.53033 41.25268 -38.79486 -10.53033 41.25268 -38.79486 -10.53033 41.25268 -38.79486 -10.53033 41.25268 -38.14208 -51.96917 41.28219 -38.14208 -51.96917 41.28219 -38.14208 -51.96917 41.28219 38.38733 -51.76219 41.28178 38.38733 -51.76219 41.28178 -38.77577 -47.19545 41.28218 -9.810232 -118.2184 39.8986 -9.810232 -118.2184 39.8986 9.602918 -118.2184 39.8986 -9.810199 -97.56247 39.89861 9.602917 -97.56253 39.89861 9.602917 -97.56253 39.89861 -29.00251 -25.37953 31.18988 -29.00251 -25.37953 31.18988 28.79523 -25.37954 31.18988 -29.00251 19.61595 31.1899 28.79523 19.61584 31.1899 28.79523 19.61584 31.1899 17.15317 93.97814 35.59272 17.15317 93.97814 35.59272 17.15317 93.97814 35.59272 17.27107 85.73876 35.59272 17.27107 85.73876 35.59272 17.27107 85.73876 35.59272 9.752523 77.41432 35.59272 -11.20233 77.41433 35.59272 -11.20233 77.41433 35.59272 -11.20233 77.41433 35.59272 -15.59483 85.73876 35.59272 -15.59483 85.73876 35.59272 -15.61538 93.97814 35.59272 -15.61538 93.97814 35.59272 -10.69903 77.59144 36.32308 -10.69903 77.59144 36.32308 9.529431 77.60357 36.3293 9.529431 77.60357 36.3293 9.529431 77.60357 36.3293 17.15317 93.97814 35.59272 17.15317 93.97814 35.59272 17.15317 93.97814 35.59272 17.27107 85.73876 35.59272 9.752489 77.41432 35.59272 -11.20233 77.41433 35.59272 -11.20233 77.41433 35.59272 -11.20233 77.41433 35.59272 -15.59479 85.73876 35.59272 -15.59479 85.73876 35.59272 -15.61538 93.97814 35.59272 -15.61538 93.97814 35.59272 -10.69903 77.59144 36.3231 -10.69903 77.59144 36.3231 9.529431 77.60357 36.32933 9.529431 77.60357 36.32933 17.86071 94.26589 42.62376 17.86071 94.26589 42.62376 10.65807 89.73733 47.41336 17.88709 85.50878 42.62376 17.88709 85.50878 42.62376 10.67311 85.33574 47.41336 10.67311 85.33574 47.41336 10.67311 85.33574 47.41336 10.67311 85.33574 47.41336 10.37378 76.42034 42.62376 10.37378 76.42034 42.62376 10.37378 76.42034 42.62376 -10.92881 76.42034 42.62376 -10.92881 76.42034 42.62376 -18.09435 85.50878 42.62376 -18.02183 94.26589 42.62376 -18.02183 94.26589 42.62376 -18.02183 94.26589 42.62376 10.65902 89.72676 47.41336 10.65902 89.72676 47.41336 10.65902 89.72676 47.41336 10.67119 85.33992 47.41336 10.67119 85.33992 47.41336 10.67119 85.33992 47.41336 10.67119 85.33992 47.41336 6.136505 79.65861 47.41336 -6.529087 79.66474 47.41336 -6.529087 79.66474 47.41336 -6.529087 79.66474 47.41336 -10.89366 85.33391 47.41336 -10.89366 85.33391 47.41336 -10.84363 89.74144 47.41336 6.197868 79.53881 47.41336 6.197868 79.53881 47.41336 6.197868 79.53881 47.41336 -6.672265 79.53282 47.41336 -10.99324 85.327 47.41336 -10.99324 85.327 47.41336 -10.92826 89.75609 47.41336 -10.92826 89.75609 47.41336 -10.92826 89.75609 47.41336 16.95644 94.3363 46.69875 16.95644 94.3363 46.69875 16.95644 94.3363 46.69875 16.95644 94.3363 46.69875 16.95644 94.3363 46.69875 16.95644 94.3363 46.69875 -16.91798 94.35749 46.69875 -16.91798 94.35749 46.69875 -16.91798 94.35749 46.69875 16.98464 85.61297 46.69875 16.98464 85.61297 46.69875 16.98464 85.61297 46.69875 16.98464 85.61297 46.69875 16.98464 85.61297 46.69875 16.98464 85.61297 46.69875 9.763832 76.71611 46.69875 9.763832 76.71611 46.69875 9.763832 76.71611 46.69875 -10.27445 76.72365 46.69875 -10.27445 76.72365 46.69875 -10.27445 76.72365 46.69875 -10.27445 76.72365 46.69875 -10.27445 76.72365 46.69875 -10.27445 76.72365 46.69875 -10.27445 76.72365 46.69875 -16.98801 85.60436 46.69875 -16.98801 85.60436 46.69875 -16.98801 85.60436 46.69875 -16.98801 85.60436 46.69875 -16.98801 85.60436 46.69875 -16.98801 85.60436 46.69875 -16.98801 85.60436 46.69875 -16.98801 85.60436 46.69875 16.95644 94.3363 46.69875 16.95644 94.3363 46.69875 16.95644 94.3363 46.69875 16.95644 94.3363 46.69875 16.95644 94.3363 46.69875 16.95644 94.3363 46.69875 -16.91798 94.35749 46.69875 -16.91798 94.35749 46.69875 -16.91798 94.35749 46.69875 16.98464 85.61293 46.69875 16.98464 85.61293 46.69875 16.98464 85.61293 46.69875 9.763832 76.71611 46.69875 9.763832 76.71611 46.69875 9.763832 76.71611 46.69875 9.763832 76.71611 46.69875 -10.27445 76.72365 46.69875 -10.27445 76.72365 46.69875 -10.27445 76.72365 46.69875 -10.27445 76.72365 46.69875 -10.27445 76.72365 46.69875 -10.27445 76.72365 46.69875 -10.27445 76.72365 46.69875 -10.27445 76.72365 46.69875 -16.98801 85.60436 46.69875 -16.98801 85.60436 46.69875 -16.98801 85.60436 46.69875 -16.98801 85.60436 46.69875 -16.98801 85.60436 46.69875 -16.98801 85.60436 46.69875 -16.98801 85.60436 46.69875 17.13339 94.36253 46.69875 17.13339 94.36253 46.69875 17.13339 94.36253 46.69875 -17.36174 94.38591 46.69875 -17.36174 94.38591 46.69875 -17.36174 94.38591 46.69875 -17.36174 94.38591 46.69875 -17.36174 94.38591 46.69875 -17.36174 94.38591 46.69875 17.15771 85.57571 46.69875 17.15771 85.57571 46.69875 17.15771 85.57571 46.69875 17.15771 85.57571 46.69875 17.15771 85.57571 46.69875 17.15771 85.57571 46.69875 9.990368 76.42931 46.69875 9.990368 76.42931 46.69875 9.990368 76.42931 46.69875 9.990368 76.42931 46.69875 9.990368 76.42931 46.69875 9.990368 76.42931 46.69875 -10.55669 76.42198 46.69875 -10.55669 76.42198 46.69875 -10.55669 76.42198 46.69875 -17.45796 85.5648 46.69875 -17.45796 85.5648 46.69875 -17.45796 85.5648 46.69875 -35.66665 84.90756 39.6793 -35.66665 84.90756 39.6793 -35.66712 91.90708 39.67242 -28.84981 92.87298 41.93279 -28.84981 92.87298 41.93279 -28.84981 92.87298 41.93279 -28.84695 83.86317 41.93965 -28.84695 83.86317 41.93965 -28.84695 83.86317 41.93965 -35.66711 91.81875 38.85856 -35.66711 91.81875 38.85856 -35.66711 91.81875 38.85856 -35.66711 91.81875 38.85856 -35.66666 84.98947 38.86543 -35.66665 87.21898 37.72651 -28.84696 83.89205 38.84957 -28.84696 83.89205 38.84957 -23.07772 84.84884 38.84959 -15.81746 87.05728 41.93968 -15.81813 89.44012 41.93276 -15.81813 89.44012 41.93276 -17.3898 91.52207 41.93276 -17.3898 91.52207 41.93276 -17.3898 91.52207 41.93276 -23.08055 91.86027 38.85854 -23.08055 91.86027 38.85854 -23.08055 91.86027 38.85854 -28.84982 92.81137 38.85856 -28.84982 92.81137 38.85856 -28.84982 92.81137 38.85856 -28.84982 92.81137 38.85856 -17.38916 85.17864 41.93968 -17.38916 85.17864 41.93968 35.45936 84.90756 39.6793 35.45936 84.90756 39.6793 28.63968 83.86316 41.93965 28.63968 83.86316 41.93965 28.63968 83.86316 41.93965 28.64253 92.87297 41.93279 28.64253 92.87297 41.93279 28.64253 92.87297 41.93279 35.45983 91.90707 39.67242 35.45983 91.81874 38.85856 35.45983 91.81874 38.85856 35.45983 91.81874 38.85856 35.45983 91.81874 38.85856 35.45937 87.21898 37.72651 35.45937 84.98947 38.86543 22.87326 91.86028 38.85854 22.87326 91.86028 38.85854 22.87326 91.86028 38.85854 16.5874 91.52207 41.93276 16.5874 91.52207 41.93276 16.5874 91.52207 41.93276 28.64252 92.81137 38.85856 28.64252 92.81137 38.85856 28.64252 92.81137 38.85856 28.64252 92.81137 38.85856 15.01505 87.05728 41.93968 22.87045 84.84883 38.84959 28.63967 83.89205 38.84957 28.63967 83.89205 38.84957 16.58674 85.17864 41.93968 16.58674 85.17864 41.93968 15.01572 89.44012 41.93276 15.01572 89.44012 41.93276 -3.581284 -211.2504 79.28541 -3.581284 -211.2504 79.28541 4.152272 -91.01345 57.73565 -3.581284 -211.2504 79.28541 -3.581284 -211.2504 79.28541 4.152272 -91.01345 57.73565 -9.821258 48.12191 31.18988 -9.821258 48.12191 31.18988 9.613974 48.12191 31.18988 -9.821254 68.77061 31.18988 9.613973 68.77056 31.18988 9.613973 68.77056 31.18988 -8.973973 152.7328 39.88986 -8.973973 152.7328 39.88986 -8.973966 142.2658 39.88986 8.766672 152.7328 39.88987 8.766618 142.2658 39.88987 -0.1036432 142.6735 43.73786 -0.1036432 142.6735 43.73786 -0.1036432 142.6735 43.73786 -0.1036432 142.6735 43.73786 -0.1036275 152.3935 43.73786 -0.1036275 152.3935 43.73786 -8.973966 121.1042 39.88986 -8.973966 121.1042 39.88986 -8.973975 110.6372 39.88986 8.766654 121.1042 39.88988 8.766611 110.6372 39.88988 -0.1036323 111.0449 43.73787 -0.1036323 111.0449 43.73787 -0.1036323 111.0449 43.73787 -0.1036323 111.0449 43.73787 -0.1036306 120.7649 43.73787 -0.1036306 120.7649 43.73787 33.83192 110.4668 41.60397 33.83192 110.4668 41.60397 -33.6557 110.2854 41.62166 -33.6557 110.2854 41.62166 -38.71889 64.10207 41.25745 -38.71889 64.10207 41.25745 -38.71889 64.10207 41.25745 -33.6557 110.2854 41.62166 -33.6557 110.2854 41.62166 -33.6557 110.2854 41.62166 33.83192 110.4668 41.60397 33.83192 110.4668 41.60397 33.83192 110.4668 41.60397 33.83192 110.4668 41.60397 38.96968 64.42761 41.26134 38.96968 64.42761 41.26134 38.96968 64.42761 41.26134 38.96968 64.42761 41.26134 33.83192 110.4668 41.60397 -33.6557 110.2854 41.62166 26.44452 -6.364712 36.6655 26.44452 -6.364712 36.6655 25.80258 -6.437715 31.19399 16.06924 -6.364715 36.6655 16.06924 -6.364715 36.6655 21.25688 -22.97719 36.6655 21.25688 -22.97719 36.6655 21.25688 -19.61519 32.80744 21.25688 -19.61519 32.80744 21.25688 -19.61519 32.80744 21.25688 -19.61519 32.80744 16.71117 -6.437716 31.19399 23.11662 14.57229 36.66549 19.12302 9.059806 32.05005 19.39713 14.57229 36.66549 19.39713 14.57229 36.66549 19.39713 14.57229 36.66549 23.39073 9.059806 32.05005 23.39073 9.059806 32.05005 -26.44452 -6.364711 36.6655 -26.44452 -6.364711 36.6655 -21.25688 -22.9772 36.6655 -21.25688 -22.9772 36.6655 -21.25687 -19.61519 32.80744 -21.25687 -19.61519 32.80744 -21.25687 -19.61519 32.80744 -21.25687 -19.61519 32.80744 -25.80259 -6.437715 31.19399 -23.11662 14.57228 36.66549 -23.39074 9.059801 32.05005 -23.39074 9.059801 32.05005 -16.06924 -6.364714 36.6655 -16.06924 -6.364714 36.6655 -16.71117 -6.437714 31.19399 -19.39714 14.57228 36.66549 -19.39714 14.57228 36.66549 -19.39714 14.57228 36.66549 -19.12302 9.059803 32.05005 -48.18797 88.63582 36.66548 -48.18797 88.63582 36.66548 -46.15609 71.35121 36.66548 -46.15609 71.35121 36.66548 -45.53547 74.65544 32.80742 -45.53547 74.65544 32.80742 -45.53547 74.65544 32.80742 -45.53547 74.65544 32.80742 -47.57054 88.44557 31.19397 -41.05236 108.5987 36.66548 -42.33935 103.2315 32.05003 -42.33935 103.2315 32.05003 -37.99099 86.72058 36.66548 -37.99099 86.72058 36.66548 -38.63538 86.76733 31.19397 -37.39679 107.9121 36.66548 -37.39679 107.9121 36.66548 -37.39679 107.9121 36.66548 -38.14498 102.4437 32.05003 48.18797 88.63582 36.66548 48.18797 88.63582 36.66548 47.57055 88.44557 31.19397 45.53548 74.65544 32.80742 45.53548 74.65544 32.80742 45.53548 74.65544 32.80742 45.53548 74.65544 32.80742 46.15609 71.35121 36.66548 46.15609 71.35121 36.66548 41.05236 108.5987 36.66548 42.33935 103.2315 32.05003 42.33935 103.2315 32.05003 37.991 86.72057 36.66548 37.991 86.72057 36.66548 38.63537 86.76733 31.19397 37.3968 107.9121 36.66548 37.3968 107.9121 36.66548 37.3968 107.9121 36.66548 38.14498 102.4437 32.05003 -42.19216 58.1849 -9.608493 -42.19216 58.1849 -9.608493 -42.19216 58.1849 -9.608493 -42.19216 58.1849 -9.608493 -42.18434 58.30935 -9.689538 -42.18434 58.30935 -9.689538 -42.18434 58.30935 -9.689538 -42.06172 58.39143 -9.742996 -42.06172 58.39143 -9.742996 -42.06172 58.39143 -9.742996 -42.06172 58.39143 -9.742996 -8.274443 -13.23259 31.04936 -8.274443 -13.23259 31.04936 -8.267393 -14.3756 47.61683 -7.240913 -18.7123 31.02931 -7.240913 -18.7123 31.02931 -7.241358 -19.14088 41.24016 -11.78615 -16.20393 43.81444 -11.78615 -16.20393 43.81444 -11.78615 -16.20393 43.81444 -10.53722 -14.54937 46.16895 -10.53722 -14.54937 46.16895 -10.53722 -14.54937 46.16895 -8.267393 -14.3756 47.61683 -8.267393 -14.3756 47.61683 -8.267393 -14.3756 47.61683 -6.03874 -14.63407 45.89525 -6.03874 -14.63407 45.89525 -6.03874 -14.63407 45.89525 -8.15633 -21.75151 48.54971 -4.894051 -16.33381 43.39517 -4.894051 -16.33381 43.39517 -4.894051 -16.33381 43.39517 -5.369024 -18.14824 40.67741 -5.369024 -18.14824 40.67741 -5.369024 -18.14824 40.67741 -7.241358 -19.14088 41.24016 -7.241358 -19.14088 41.24016 -7.241358 -19.14088 41.24016 -9.634971 -19.0958 41.3858 -9.634971 -19.0958 41.3858 -9.634971 -19.0958 41.3858 -11.42986 -16.8343 41.92548 -11.42986 -16.8343 41.92548 -11.42986 -16.8343 41.92548 -11.40294 -21.74888 43.2927 -11.40294 -21.74888 43.2927 -11.6796 -21.75037 45.73174 -10.39741 -21.7514 47.8079 -10.39741 -21.7514 47.8079 -10.39741 -21.7514 47.8079 -10.39741 -21.7514 47.8079 -9.696848 -21.74762 41.63208 -9.696848 -21.74762 41.63208 -9.696848 -21.74762 41.63208 -9.696848 -21.74762 41.63208 -5.484996 -21.74777 43.02624 -5.484996 -21.74777 43.02624 -5.484996 -21.74777 43.02624 -7.360945 -21.64691 41.57206 -6.004895 -21.7506 47.61006 -6.004895 -21.7506 47.61006 -6.004895 -21.7506 47.61006 -6.004895 -21.7506 47.61006 -4.949959 -21.74913 45.42868 -8.15633 -21.75151 48.54971 8.06717 -13.23258 31.04936 8.06717 -13.23258 31.04936 8.060122 -14.3756 47.61683 7.033643 -18.7123 31.02931 7.033643 -18.7123 31.02931 7.03409 -19.14088 41.24018 10.32995 -14.54937 46.16895 10.32995 -14.54937 46.16895 10.32995 -14.54937 46.16895 11.57888 -16.20393 43.81444 11.57888 -16.20393 43.81444 11.57888 -16.20393 43.81444 8.060122 -14.3756 47.61683 5.831462 -14.63406 45.89525 5.831462 -14.63406 45.89525 5.831462 -14.63406 45.89525 8.060122 -14.3756 47.61683 8.060122 -14.3756 47.61683 7.949055 -21.75149 48.54971 4.686779 -16.3338 43.39517 4.686779 -16.3338 43.39517 4.686779 -16.3338 43.39517 5.161756 -18.14824 40.67741 7.03409 -19.14088 41.24018 7.03409 -19.14088 41.24018 7.03409 -19.14088 41.24018 5.161756 -18.14824 40.67741 5.161756 -18.14824 40.67741 9.427701 -19.09579 41.3858 9.427701 -19.09579 41.3858 9.427701 -19.09579 41.3858 11.22259 -16.8343 41.92548 11.22259 -16.8343 41.92548 11.22259 -16.8343 41.92548 5.797628 -21.75059 47.61006 5.797628 -21.75059 47.61006 5.797628 -21.75059 47.61006 5.797628 -21.75059 47.61006 7.949055 -21.75149 48.54971 10.19015 -21.75139 47.8079 10.19015 -21.75139 47.8079 10.19015 -21.75139 47.8079 10.19015 -21.75139 47.8079 5.277722 -21.74778 43.02624 5.277722 -21.74778 43.02624 5.277722 -21.74778 43.02624 4.742698 -21.74913 45.42868 9.489583 -21.74761 41.6321 9.489583 -21.74761 41.6321 9.489583 -21.74761 41.6321 9.489583 -21.74761 41.6321 7.153672 -21.64691 41.57209 11.19567 -21.74886 43.2927 11.19567 -21.74886 43.2927 11.47233 -21.75037 45.73176 -8.274443 7.49503 31.04936 -8.274443 7.49503 31.04936 -8.267393 8.638048 47.61683 -7.240913 12.97474 31.0293 -7.240913 12.97474 31.0293 -7.241361 13.40332 41.24016 -11.78615 10.46638 43.81444 -11.78615 10.46638 43.81444 -11.78615 10.46638 43.81444 -10.53722 8.811815 46.16894 -10.53722 8.811815 46.16894 -10.53722 8.811815 46.16894 -8.267393 8.638048 47.61683 -8.267393 8.638048 47.61683 -8.267393 8.638048 47.61683 -8.156328 16.01395 48.5497 -6.038737 8.896512 45.89525 -6.038737 8.896512 45.89525 -6.038737 8.896512 45.89525 -4.894051 10.59626 43.39517 -4.894051 10.59626 43.39517 -4.894051 10.59626 43.39517 -5.369027 12.41068 40.67741 -5.369027 12.41068 40.67741 -5.369027 12.41068 40.67741 -7.241361 13.40332 41.24016 -7.241361 13.40332 41.24016 -7.241361 13.40332 41.24016 -9.634973 13.35824 41.38579 -9.634973 13.35824 41.38579 -9.634973 13.35824 41.38579 -11.42986 11.09674 41.92547 -11.42986 11.09674 41.92547 -11.42986 11.09674 41.92547 -6.004896 16.01304 47.61005 -6.004896 16.01304 47.61005 -6.004896 16.01304 47.61005 -6.004896 16.01304 47.61005 -8.156328 16.01395 48.5497 -10.39741 16.01384 47.80789 -10.39741 16.01384 47.80789 -10.39741 16.01384 47.80789 -10.39741 16.01384 47.80789 -5.484992 16.01022 43.02623 -5.484992 16.01022 43.02623 -5.484992 16.01022 43.02623 -4.949964 16.01157 45.42867 -9.69685 16.01006 41.63207 -9.69685 16.01006 41.63207 -9.69685 16.01006 41.63207 -9.69685 16.01006 41.63207 -7.360946 15.90935 41.57205 -11.40294 16.01132 43.2927 -11.40294 16.01132 43.2927 -11.6796 16.01281 45.73173 8.060121 8.638048 47.61683 8.06717 7.495018 31.04936 8.06717 7.495018 31.04936 7.034089 13.40332 41.24018 7.033643 12.97474 31.0293 7.033643 12.97474 31.0293 11.57888 10.46638 43.81444 11.57888 10.46638 43.81444 11.57888 10.46638 43.81444 10.32995 8.811815 46.16894 10.32995 8.811815 46.16894 10.32995 8.811815 46.16894 8.060121 8.638048 47.61683 7.949055 16.01394 48.5497 8.060121 8.638048 47.61683 8.060121 8.638048 47.61683 5.831463 8.8965 45.89525 5.831463 8.8965 45.89525 5.831463 8.8965 45.89525 4.686778 10.59624 43.39517 4.686778 10.59624 43.39517 4.686778 10.59624 43.39517 5.161754 12.41068 40.67741 5.161754 12.41068 40.67741 5.161754 12.41068 40.67741 7.034089 13.40332 41.24018 7.034089 13.40332 41.24018 7.034089 13.40332 41.24018 9.4277 13.35823 41.38579 9.4277 13.35823 41.38579 9.4277 13.35823 41.38579 11.22259 11.09674 41.92547 11.22259 11.09674 41.92547 11.22259 11.09674 41.92547 11.19567 16.0113 43.2927 11.19567 16.0113 43.2927 11.47233 16.01281 45.73175 10.19014 16.01383 47.80789 10.19014 16.01383 47.80789 10.19014 16.01383 47.80789 10.19014 16.01383 47.80789 9.489578 16.01006 41.63209 9.489578 16.01006 41.63209 9.489578 16.01006 41.63209 9.489578 16.01006 41.63209 5.277723 16.01022 43.02623 5.277723 16.01022 43.02623 5.277723 16.01022 43.02623 7.153672 15.90935 41.57208 5.797627 16.01303 47.61005 5.797627 16.01303 47.61005 5.797627 16.01303 47.61005 5.797627 16.01303 47.61005 4.742694 16.01157 45.42867 7.949055 16.01394 48.5497 4.452731 -146.0925 40.55232 4.452731 -146.0925 40.55232 -3.709988 -146.5249 37.12705 -3.709988 -146.5249 37.12705 -2.048814 -214.0557 74.86233 -2.048814 -214.0557 74.86233 -2.048814 -214.0557 74.86233 -2.641301 -214.416 72.85746 4.401056 -146.0964 40.77085 4.401056 -146.0964 40.77085 4.401056 -146.0964 40.77085 -1.413541 -214.113 74.2746 -1.413541 -214.113 74.2746 -1.413541 -214.113 74.2746 4.452731 -146.0925 40.55232 -1.400022 -214.146 74.06794 -1.400022 -214.146 74.06794 2.120786 -62.67247 55.99245 3.371051 -57.62293 55.99245 3.371051 -57.62293 55.99245 3.371051 -57.62293 30.39506 3.371051 -57.62293 30.39506 3.371051 -57.62293 55.99245 -2.154878 -57.62293 55.99245 -2.154878 -57.62293 55.99245 -2.154878 -57.62293 30.39506 -2.154878 -57.62293 30.39506 2.120789 38.09484 55.99244 3.371037 43.14439 55.99243 3.371037 43.14439 55.99243 3.371037 43.14439 30.39505 3.371037 43.14439 30.39505 3.371037 43.14439 55.99243 -2.15488 43.14439 55.99243 -2.15488 43.14439 55.99243 -2.15488 43.14439 30.39505 -2.15488 43.14439 30.39505 5.950009 4.299633 31.09962 5.950009 4.299633 31.09962 5.950098 5.642775 76.07878 -6.40352 -9.407691 31.09958 -6.403656 -8.064767 76.07747 -6.403656 -8.064767 76.07747 -9.869508 -0.7984976 76.07878 -9.869508 -0.7984976 76.07878 -9.869508 -0.7984976 76.07878 -5.744873 5.642775 76.07878 5.950098 5.642775 76.07878 5.950098 5.642775 76.07878 5.950098 5.642775 76.07878 6.392275 -8.064711 76.08118 6.392275 -8.064711 76.08118 6.392275 -8.064711 76.08118 -6.403656 -8.064767 76.07747 9.883881 -0.7985091 76.07878 -1.34158 144.8841 -14.83659 -1.347445 71.59092 -29.13079 -1.347445 71.59092 -29.13079 -1.347445 71.59092 -29.13079 -1.34158 144.8841 -14.83659 -1.34158 144.8841 -14.83659 28.85944 105.3327 -9.679175 28.85944 105.3327 -9.679175 28.85944 105.3327 -9.679175 -1.347442 43.24858 -31.8293 -1.347442 43.24858 -31.8293 -1.347442 43.24858 -31.8293 39.3963 58.39144 -9.742996 39.3963 58.39144 -9.742996 39.3963 58.39144 -9.742996 -38.78057 26.34138 41.24535 -38.78057 26.34138 41.24535 -38.78057 26.34138 41.24535 -38.78057 26.34138 41.24535 -1.338093 -37.36439 -31.95303 -1.338093 -37.36439 -31.95303 -1.338093 -37.36439 -31.95303 33.8799 25.74129 31.14937 38.81124 26.77399 41.22789 38.81124 26.77399 41.22789 38.81124 26.77399 41.22789 -33.6077 25.74123 31.15157 -33.6077 25.74123 31.15157 -38.78057 26.34138 41.24535 -38.79486 -10.53033 41.25268 -38.79486 -10.53033 41.25268 0.03605562 -134.9267 -25.29302 0.03605562 -134.9267 -25.29302 39.41503 -47.74782 -9.870659 39.41503 -47.74782 -9.870659 39.41503 -47.74782 -9.870659 39.41503 -47.74782 -9.870659 38.94143 -119.2321 -9.977236 38.94143 -119.2321 -9.977236 38.94143 -119.2321 -9.977236 38.94143 -119.2321 -9.977236 -32.31214 -84.67489 39.72511 10.74292 160.1573 21.73686 10.74292 160.1573 21.73686 10.74292 160.1573 21.73686 -9.673823 168.0508 40.59032 -9.673823 168.0508 40.59032 -10.72092 159.939 21.73686 -10.72092 159.939 21.73686 1.181198 -152.5751 -9.97634 1.181198 -152.5751 -9.97634 -38.98694 -119.4421 -9.923975 -38.98694 -119.4421 -9.923975 -38.98694 -119.4421 -9.923975 -38.98694 -119.4421 -9.923975 1.046476 -158.8644 21.73691 1.046476 -158.8644 21.73691 1.046476 -158.8644 21.73691 1.046476 -158.8644 21.73691 1.181198 -152.5751 -9.97634 -1.34158 144.8841 -14.83659 -1.34158 144.8841 -14.83659 -31.69491 105.1227 -9.625914 -31.69491 105.1227 -9.625914 -31.69491 105.1227 -9.625914 9.763192 168.2336 40.44385 -42.18434 58.30935 -9.689538 -42.18434 58.30935 -9.689538 -42.18434 58.30935 -9.689538 -42.21299 58.18149 -9.689712 -42.21299 58.18149 -9.689712 -42.21299 58.18149 -9.689712 -42.19424 -47.95765 -9.844155 -42.19424 -47.95765 -9.844155 -42.19424 -47.95765 -9.844155 -42.19424 -47.95765 -9.844155 39.07644 26.2803 41.27883 39.07644 26.2803 41.27883 39.07644 26.2803 41.27883 38.98271 -10.54272 41.2422 38.98271 -10.54272 41.2422 38.98271 -10.54272 41.2422 38.98271 -10.54272 41.2422 -1.34158 144.8841 -14.83659 1.288766 -162.1657 41.52795 -38.14208 -51.96917 41.28219 -38.14208 -51.96917 41.28219 -33.66748 -84.67607 41.43154 -33.66748 -84.67607 41.43154 -33.18747 -84.64202 52.68621 -33.18747 -84.64202 52.68621 -24.12142 -128.7381 52.54136 -24.12142 -128.7381 52.54136 -24.12142 -128.7381 52.54136 -22.77735 -127.3192 41.52806 -22.77735 -127.3192 41.52806 -22.77735 -127.3192 41.52806 -33.66748 -84.67607 41.43154 1.262884 -164.1166 52.54821 1.262884 -164.1166 52.54821 1.307306 -160.1539 39.82313 1.307306 -160.1539 39.82313 24.29058 -128.4647 52.52591 24.29058 -128.4647 52.52591 24.29058 -128.4647 52.52591 33.86828 -84.78983 41.42847 33.86828 -84.78983 41.42847 33.86828 -84.78983 41.42847 22.96991 -127.1349 41.52793 22.96991 -127.1349 41.52793 22.96991 -127.1349 41.52793 1.288766 -162.1657 41.52795 1.288766 -162.1657 41.52795 1.288766 -162.1657 41.52795 31.3161 110.7761 39.8336 31.3161 110.7761 39.8336 31.3161 110.7761 39.8336 -31.13748 110.6014 39.83378 -31.13748 110.6014 39.83378 -9.734063 170.3249 46.1705 -9.734063 170.3249 46.1705 -9.734063 170.3249 46.1705 -33.81544 113.1357 46.2404 -33.81544 113.1357 46.2404 -33.81544 113.1357 46.2404 -33.86552 111.5975 40.53837 -33.86552 111.5975 40.53837 -33.86552 111.5975 40.53837 -9.673823 168.0508 40.59032 -9.673823 168.0508 40.59032 -9.673823 168.0508 40.59032 33.83192 110.4668 41.60397 33.83192 110.4668 41.60397 -33.6557 110.2854 41.62166 -33.6557 110.2854 41.62166 -33.6557 110.2854 41.62166 -33.6557 110.2854 41.62166 -33.6557 110.2854 41.62166 9.760256 170.5024 46.15501 9.760256 170.5024 46.15501 9.70824 164.3238 39.83433 9.70824 164.3238 39.83433 9.763192 168.2336 40.44385 34.01354 113.3082 46.22415 34.01354 113.3082 46.22415 34.01354 113.3082 46.22415 34.01354 113.3082 46.22415 9.763192 168.2336 40.44385 9.763192 168.2336 40.44385 34.0276 111.7791 40.44329 34.0276 111.7791 40.44329 33.83192 110.4668 41.60397 33.83192 110.4668 41.60397 33.83192 110.4668 41.60397 32.49827 -84.80486 39.72435 32.49827 -84.80486 39.72435 33.44295 -84.63171 52.66957 32.49827 -84.80486 39.72435 -9.614525 164.1478 39.83449 -9.614525 164.1478 39.83449 9.70824 164.3238 39.83433 31.3161 110.7761 39.8336 31.3161 110.7761 39.8336 31.3161 110.7761 39.8336 31.3161 110.7761 39.8336 31.3161 110.7761 39.8336 -31.13748 110.6014 39.83378 -31.13748 110.6014 39.83378 -31.13748 110.6014 39.83378 -33.62208 101.4234 39.88185 33.84859 101.4234 39.87256 -38.77577 -47.19545 41.28218 -38.77577 -47.19545 41.28218 -38.60114 -46.21591 41.23384 -33.56911 -38.05191 31.14474 -33.56911 -38.05191 31.14474 -33.56911 -38.05191 31.14474 -32.31214 -84.67489 39.72511 -32.31214 -84.67489 39.72511 -32.31248 -86.15954 31.13925 33.90885 -37.98712 31.14254 33.90885 -37.98712 31.14254 32.49826 -86.09342 31.13744 -32.31248 -86.15954 31.13925 -32.31248 -86.15954 31.13925 -32.31248 -86.15954 31.13925 -32.31248 -86.15954 31.13925 -32.31248 -86.15954 31.13925 33.88959 -6.129411 31.14595 33.88959 -6.129411 31.14595 33.88959 -6.129411 31.14595 33.88959 -6.129411 31.14595 33.8606 57.59904 31.15278 33.8606 57.59904 31.15278 33.8606 57.59904 31.15278 33.8606 57.59904 31.15278 33.8799 25.74129 31.14937 -33.61703 101.4226 31.1604 -33.61703 101.4226 31.1604 33.85127 101.4226 31.1582 -33.6077 57.53429 31.15498 -33.6077 57.53429 31.15498 -33.6077 57.53429 31.15498 -33.6077 57.53429 31.15498 -33.6077 57.53429 31.15498 -33.57871 -6.1165 31.14816 -33.57871 -6.1165 31.14816 -33.57871 -6.1165 31.14816 -33.6077 25.74123 31.15157 -33.56911 -38.05191 31.14474 33.84859 101.4234 39.87256 33.85127 101.4226 31.1582 33.13554 101.4238 39.8298 -33.61703 101.4226 31.1604 -33.62208 101.4234 39.88185 -32.90513 101.4237 39.82983 -32.90513 101.4237 39.82983 -32.90513 101.4237 39.82983 33.13554 101.4238 39.8298 33.85127 101.4226 31.1582 33.85127 101.4226 31.1582 -33.61703 101.4226 31.1604 38.84657 -46.04302 41.23323 38.84657 -46.04302 41.23323 38.38733 -51.76219 41.28178 33.86828 -84.78983 41.42847 33.86828 -84.78983 41.42847 33.86828 -84.78983 41.42847 33.90885 -37.98712 31.14254 33.90885 -37.98712 31.14254 33.90885 -37.98712 31.14254 32.49827 -84.80486 39.72435 32.49827 -84.80486 39.72435 32.49826 -86.09342 31.13744 38.96068 64.40436 41.26032 38.96068 64.40436 41.26032 38.96068 64.40436 41.26032 38.96968 64.42761 41.26134 38.96968 64.42761 41.26134 -38.82727 64.37061 41.26925 -38.82727 64.37061 41.26925 -38.71889 64.10207 41.25745 -38.71889 64.10207 41.25745 -38.71889 64.10207 41.25745 -38.71889 64.10207 41.25745 38.81124 26.77399 41.22789 38.81124 26.77399 41.22789 38.81124 26.77399 41.22789 -38.78057 26.34138 41.24535 39.07644 26.2803 41.27883 32.13194 26.82463 37.10971 38.38733 -51.76219 41.28178 38.84657 -46.04302 41.23323 38.98271 -10.54272 41.2422 -38.60114 -46.21591 41.23384 -38.77577 -47.19545 41.28218 -38.14208 -51.96917 41.28219 6.136505 79.65861 47.41336 6.136505 79.65861 47.41336 9.763832 76.71611 46.69875 9.763832 76.71611 46.69875 -10.84363 89.74144 47.41336 -10.84363 89.74144 47.41336 -16.91798 94.35749 46.69875 -16.91798 94.35749 46.69875 10.65902 89.72676 47.41336 10.65902 89.72676 47.41336 10.65902 89.72676 47.41336 10.67119 85.33992 47.41336 10.67119 85.33992 47.41336 10.67119 85.33992 47.41336 10.67119 85.33992 47.41336 6.136505 79.65861 47.41336 16.98464 85.61293 46.69875 16.98464 85.61293 46.69875 6.136505 79.65861 47.41336 6.136505 79.65861 47.41336 -6.529087 79.66474 47.41336 -6.529087 79.66474 47.41336 9.763832 76.71611 46.69875 9.763832 76.71611 46.69875 -10.89366 85.33391 47.41336 -10.89366 85.33391 47.41336 -10.89366 85.33391 47.41336 -10.84363 89.74144 47.41336 -10.84363 89.74144 47.41336 -16.91798 94.35749 46.69875 -16.91798 94.35749 46.69875 17.13339 94.36253 46.69875 17.13339 94.36253 46.69875 17.13339 94.36253 46.69875 -10.92881 76.42034 42.62376 -10.92881 76.42034 42.62376 -10.55669 76.42198 46.69875 -10.55669 76.42198 46.69875 -10.55669 76.42198 46.69875 -17.45796 85.5648 46.69875 -17.45796 85.5648 46.69875 -17.45796 85.5648 46.69875 -18.09435 85.50878 42.62376 9.529431 77.60357 36.3293 9.529431 77.60357 36.3293 -15.61538 93.97814 35.59272 -15.61538 93.97814 35.59272 -10.84363 89.74144 47.41336 17.27107 85.73876 35.59272 17.27107 85.73876 35.59272 17.27107 85.73876 35.59272 9.529431 77.60357 36.32933 9.529431 77.60357 36.32933 -15.61538 93.97814 35.59272 -15.61538 93.97814 35.59272 17.86071 94.26589 42.62376 17.86071 94.26589 42.62376 10.65807 89.73733 47.41336 -6.672265 79.53282 47.41336 -10.99324 85.327 47.41336 -10.99324 85.327 47.41336 -28.84981 92.87298 41.93279 -28.84981 92.87298 41.93279 -28.84981 92.87298 41.93279 -35.66712 91.90708 39.67242 -15.81746 87.05728 41.93968 -23.07772 84.84884 38.84959 -23.07772 84.84884 38.84959 -23.07772 84.84884 38.84959 -28.84696 83.89205 38.84957 -28.84696 83.89205 38.84957 -28.84696 83.89205 38.84957 -35.66666 84.98947 38.86543 -35.66665 84.90756 39.6793 -35.66665 84.90756 39.6793 -28.84695 83.86317 41.93965 -28.84695 83.86317 41.93965 -28.84695 83.86317 41.93965 -15.81746 87.05728 41.93968 -17.38916 85.17864 41.93968 -17.38916 85.17864 41.93968 -17.38916 85.17864 41.93968 -17.3898 91.52207 41.93276 -17.3898 91.52207 41.93276 -17.3898 91.52207 41.93276 28.64253 92.87297 41.93279 28.64253 92.87297 41.93279 28.64253 92.87297 41.93279 35.45983 91.90707 39.67242 22.87045 84.84883 38.84959 22.87045 84.84883 38.84959 22.87045 84.84883 38.84959 15.01505 87.05728 41.93968 35.45936 84.90756 39.6793 35.45936 84.90756 39.6793 35.45937 84.98947 38.86543 28.63967 83.89205 38.84957 28.63967 83.89205 38.84957 28.63967 83.89205 38.84957 28.63968 83.86316 41.93965 28.63968 83.86316 41.93965 28.63968 83.86316 41.93965 16.58674 85.17864 41.93968 16.58674 85.17864 41.93968 16.58674 85.17864 41.93968 15.01505 87.05728 41.93968 16.5874 91.52207 41.93276 16.5874 91.52207 41.93276 16.5874 91.52207 41.93276 -0.1036432 142.6735 43.73786 -8.973966 142.2658 39.88986 -0.1036275 152.3935 43.73786 -8.973973 152.7328 39.88986 8.766672 152.7328 39.88987 8.766672 152.7328 39.88987 8.766618 142.2658 39.88987 -0.1036323 111.0449 43.73787 -8.973975 110.6372 39.88986 -0.1036306 120.7649 43.73787 -8.973966 121.1042 39.88986 8.766654 121.1042 39.88988 8.766654 121.1042 39.88988 8.766611 110.6372 39.88988 33.83192 110.4668 41.60397 35.18746 110.3921 37.3087 33.83192 110.4668 41.60397 -33.6557 110.2854 41.62166 -34.99586 110.2109 37.32864 -33.6557 110.2854 41.62166 -33.6557 110.2854 41.62166 -34.99586 110.2109 37.32864 -33.6557 110.2854 41.62166 33.83192 110.4668 41.60397 35.18746 110.3921 37.3087 33.83192 110.4668 41.60397 40.50435 64.64624 36.98514 -40.29614 64.46506 36.98991 25.80258 -6.437715 31.19399 26.44452 -6.364712 36.6655 26.44452 -6.364712 36.6655 21.25688 -22.97719 36.6655 21.25688 -22.97719 36.6655 16.06924 -6.364715 36.6655 26.44452 -6.364712 36.6655 26.44452 -6.364712 36.6655 23.11662 14.57229 36.66549 23.39073 9.059806 32.05005 23.39073 9.059806 32.05005 23.11662 14.57229 36.66549 19.39713 14.57229 36.66549 19.39713 14.57229 36.66549 -26.44452 -6.364711 36.6655 -26.44452 -6.364711 36.6655 -25.80259 -6.437715 31.19399 -26.44452 -6.364711 36.6655 -26.44452 -6.364711 36.6655 -23.11662 14.57228 36.66549 -21.25688 -22.9772 36.6655 -21.25688 -22.9772 36.6655 -16.06924 -6.364714 36.6655 -23.39074 9.059801 32.05005 -23.39074 9.059801 32.05005 -19.39714 14.57228 36.66549 -19.39714 14.57228 36.66549 -23.11662 14.57228 36.66549 32.49827 -84.80486 39.72435 32.49827 -84.80486 39.72435 22.49454 -125.8873 39.82216 1.307306 -160.1539 39.82313 1.307306 -160.1539 39.82313 1.307306 -160.1539 39.82313 -32.31214 -84.67489 39.72511 -32.31214 -84.67489 39.72511 -22.28739 -126.0755 39.82234 -48.18797 88.63582 36.66548 -48.18797 88.63582 36.66548 -47.57054 88.44557 31.19397 -48.18797 88.63582 36.66548 -48.18797 88.63582 36.66548 -41.05236 108.5987 36.66548 -46.15609 71.35121 36.66548 -46.15609 71.35121 36.66548 -37.99099 86.72058 36.66548 -42.33935 103.2315 32.05003 -42.33935 103.2315 32.05003 -37.39679 107.9121 36.66548 -37.39679 107.9121 36.66548 -41.05236 108.5987 36.66548 47.57055 88.44557 31.19397 48.18797 88.63582 36.66548 48.18797 88.63582 36.66548 46.15609 71.35121 36.66548 46.15609 71.35121 36.66548 37.991 86.72057 36.66548 48.18797 88.63582 36.66548 48.18797 88.63582 36.66548 41.05236 108.5987 36.66548 42.33935 103.2315 32.05003 42.33935 103.2315 32.05003 41.05236 108.5987 36.66548 37.3968 107.9121 36.66548 37.3968 107.9121 36.66548 -3.767052 -65.03942 116.6033 4.395631 -65.4719 120.0285 4.343918 -65.46798 120.247 1.92976 -65.44702 120.7347 1.92976 -65.44702 120.7347 1.92976 -65.44702 120.7347 -3.044442 -65.04046 116.6633 -1.457125 -11.43136 153.5441 -1.457125 -11.43136 153.5441 -2.698405 -11.16134 152.3337 -2.698405 -11.16134 152.3337 -2.698405 -11.16134 152.3337 -2.698405 -11.16134 152.3337 -2.105913 -11.52163 154.3385 -1.470674 -11.46437 153.7508 -1.470674 -11.46437 153.7508 14.32998 -66.04867 170.293 14.32998 -66.04867 170.293 14.32998 -66.04867 170.293 14.32998 -66.04867 170.293 -25.3891 -70.65911 170.3844 -25.3891 -70.65911 170.3844 -0.3495139 -65.03262 173.4329 -0.3495139 -65.03262 173.4329 -0.3495138 -66.22834 175.4729 -24.29737 -66.56441 171.3761 -24.29737 -66.56441 171.3761 -24.29737 -65.64459 170.6272 -0.3495129 -67.39719 173.4173 -24.29737 -67.46358 170.6152 -24.29737 -67.46358 170.6152 -24.29737 -67.46358 170.6152 23.99414 -66.56442 171.3761 23.99414 -66.56442 171.3761 -0.0229305 -66.22834 175.4729 -0.0229308 -65.03262 173.4329 -0.0229308 -65.03262 173.4329 23.99413 -65.64458 170.6272 23.99414 -67.46358 170.6152 23.99414 -67.46358 170.6152 23.99414 -67.46358 170.6152 -0.02293109 -67.39719 173.4173 -0.3495139 -65.03261 149.3666 -0.3495139 -65.03261 149.3666 -0.3495138 -66.22833 151.4067 -34.31162 -66.56442 147.3099 -34.31162 -66.56442 147.3099 -34.31162 -65.64456 146.5609 -0.3495144 -67.39718 149.3511 -34.31162 -67.46358 146.549 -34.31162 -67.46358 146.549 -34.31162 -67.46358 146.549 34.00838 -66.5644 147.3099 34.00838 -66.5644 147.3099 -0.02293026 -66.22833 151.4067 -0.02293074 -65.03261 149.3666 -0.02293074 -65.03261 149.3666 34.00838 -65.64457 146.5609 34.00838 -67.46359 146.549 34.00838 -67.46359 146.549 34.00838 -67.46359 146.549 -0.02292978 -67.39718 149.3511 -5.788267 -65.10269 109.9082 -5.788267 -65.10269 109.9082 -5.788267 -60.51819 109.9082 6.04139 -60.51819 109.9082 6.041397 -65.10274 109.9082 6.041397 -65.10274 109.9082 6.04139 -60.51819 109.9082 6.041397 -65.10274 109.9082 6.041397 -65.10274 109.9082 -5.788267 -65.10269 109.9082 -5.788267 -65.10269 109.9082 -5.788267 -60.51819 109.9082 0.2652484 -62.31474 132.0171 1.468765 -62.45355 131.9813 1.307624 -62.37949 131.9992 -1.768106 -66.04743 109.1353 -1.768106 -66.04743 109.1353 -1.768105 -67.24313 111.1753 -44.55706 -67.24311 107.2295 -44.55706 -67.24311 107.2295 -44.55706 -66.04743 106.2559 -1.768105 -68.41198 109.1198 -44.55706 -68.412 106.2404 -44.55706 -68.412 106.2404 -44.55706 -68.412 106.2404 44.25383 -67.24312 107.2295 44.25383 -67.24312 107.2295 2.453664 -67.24313 111.1753 2.453666 -66.04743 109.1353 2.453666 -66.04743 109.1353 44.25382 -66.04741 106.2559 44.25383 -68.412 106.2404 44.25383 -68.412 106.2404 44.25383 -68.412 106.2404 2.453663 -68.41198 109.1198 1.468765 -62.45355 131.9813 1.468765 -62.45355 131.9813 1.468765 -62.45355 131.9813 1.468765 -62.45355 131.9813 0.1325973 -62.38977 131.9991 0.1325973 -62.38977 131.9991 0.1325973 -62.38977 131.9991 -0.1223182 -65.50313 131.999 -0.1223182 -65.50313 131.999 -0.1223182 -65.50313 131.999 1.596335 -65.50758 131.9988 -0.9925932 -66.03366 31.06381 -0.9925932 -66.03366 31.06381 -0.9925932 -66.03366 31.06381 3.471373 -66.00749 31.07038 3.471373 -66.00749 31.07038 2.296271 -61.06779 31.06383 2.296271 -61.06779 31.06383 -0.4515842 -61.08212 31.06383 -0.4515842 -61.08212 31.06383 -0.4515842 -61.08212 31.06383 1.34385 -65.46588 204.9364 0.168338 -65.47251 204.9365 0.168338 -65.47251 204.9365 0.168338 -65.47251 204.9365 0.06759643 -67.6325 204.952 1.446177 -67.63563 204.9517 1.446177 -67.63563 204.9517 1.446177 -67.63563 204.9517 1.446177 -67.63563 204.9517 1.446177 -67.63563 204.9517 1.446177 -67.63563 204.9517 -0.01728689 -67.63145 111.2299 -0.01728689 -67.63145 111.2299 1.682806 -68.06804 111.215 1.682806 -68.06804 111.215 1.910969 -67.10131 111.2147 1.910969 -67.10131 111.2147 1.249868 -65.45867 111.2108 1.249868 -65.45867 111.2108 0.1911585 -65.46495 111.2053 0.1911585 -65.46495 111.2053 0.1911585 -65.46495 111.2053 1.607475 -67.93142 111.215 1.607475 -67.93142 111.215 1.607475 -67.93142 111.215 -7.372362 -75.32566 131.5667 7.165102 -75.32563 131.5667 7.165102 -75.32563 131.5667 -7.372366 -57.58503 131.5667 7.165099 -57.58503 131.5667 -7.372364 -75.32563 133.3531 -7.372364 -75.32563 133.3531 7.165098 -75.32566 133.3531 -7.372365 -57.58502 133.3531 7.165099 -57.58504 133.3531 7.165099 -57.58504 133.3531 25.1051 -69.88321 147.8052 25.1051 -69.88321 147.8052 -30.83639 -69.88318 147.8052 25.1051 -69.88321 147.8052 25.1051 -69.88321 147.8052 -30.83639 -69.88318 147.8052 -7.372367 -75.32566 110.5274 -7.372367 -75.32566 110.5274 7.165099 -75.32563 110.5274 -7.372365 -57.58504 110.5274 7.165098 -57.58504 110.5274 -7.372367 -75.32563 112.3138 -7.372367 -75.32563 112.3138 7.165101 -75.32565 112.3138 -7.372365 -57.58502 112.3138 7.165099 -57.58504 112.3138 7.165099 -57.58504 112.3138 -4.71955 -87.4405 158.8311 -4.71955 -87.4405 158.8311 3.734039 -96.46925 108.9822 3.734039 -96.46925 108.9822 3.734039 -96.46925 108.9822 3.734039 -96.46925 108.9822 -37.21084 -66.64197 107.3483 -37.21084 -66.64197 107.3483 35.44391 -66.64195 107.3483 35.44391 -66.64195 107.3483 35.44391 -66.64195 107.3483 -6.571655 -62.9408 173.5157 -6.571667 -62.9408 173.5157 -6.901455 -54.26036 126.9547 1.161923 -14.0458 153.5131 1.161903 -14.0458 153.5131 -6.901455 -54.26035 123.028 -6.901455 -54.26035 123.028 1.161921 -14.0458 149.5864 1.16201 -10.31458 74.65948 1.16201 -10.31458 74.65948 -6.901426 -55.25395 73.15098 1.161901 -14.0458 149.5864 1.16201 -10.31458 74.65948 1.16201 -10.31458 74.65948 -6.901455 -54.26036 126.9547 4.395631 -65.4719 120.0285 4.395631 -65.4719 120.0285 -3.767052 -65.03942 116.6033 -3.767052 -65.03942 116.6033 -2.698405 -11.16134 152.3337 -2.105913 -11.52163 154.3385 -2.105913 -11.52163 154.3385 -2.105913 -11.52163 154.3385 -1.470674 -11.46437 153.7508 -1.470674 -11.46437 153.7508 -1.470674 -11.46437 153.7508 4.343918 -65.46798 120.247 4.343918 -65.46798 120.247 4.343918 -65.46798 120.247 -1.457125 -11.43136 153.5441 -1.457125 -11.43136 153.5441 4.395631 -65.4719 120.0285 -25.3891 -70.65911 170.3844 -0.3495138 -66.22834 175.4729 -0.3495138 -66.22834 175.4729 -24.29737 -66.56441 171.3761 -24.29737 -66.56441 171.3761 -24.29737 -65.64459 170.6272 -0.0229305 -66.22834 175.4729 -0.0229305 -66.22834 175.4729 23.99414 -66.56442 171.3761 23.99414 -66.56442 171.3761 23.99413 -65.64458 170.6272 -0.3495138 -66.22833 151.4067 -0.3495138 -66.22833 151.4067 -34.31162 -66.56442 147.3099 -34.31162 -66.56442 147.3099 -34.31162 -65.64456 146.5609 -0.02293026 -66.22833 151.4067 -0.02293026 -66.22833 151.4067 34.00838 -66.5644 147.3099 34.00838 -66.5644 147.3099 34.00838 -65.64457 146.5609 -1.768105 -67.24313 111.1753 -1.768105 -67.24313 111.1753 -44.55706 -67.24311 107.2295 -44.55706 -67.24311 107.2295 -44.55706 -66.04743 106.2559 2.453664 -67.24313 111.1753 2.453664 -67.24313 111.1753 44.25383 -67.24312 107.2295 44.25383 -67.24312 107.2295 44.25382 -66.04741 106.2559 1.596335 -65.50758 131.9988 3.471373 -66.00749 31.07038 3.471373 -66.00749 31.07038 1.249868 -65.45867 111.2108 1.34385 -65.46588 204.9364 1.34385 -65.46588 204.9364 1.34385 -65.46588 204.9364 0.06759643 -67.6325 204.952 0.06759643 -67.6325 204.952 0.06759643 -67.6325 204.952 0.06759643 -67.6325 204.952 0.168338 -65.47251 204.9365 0.168338 -65.47251 204.9365 -0.01728689 -67.63145 111.2299 7.165098 -75.32566 133.3531 7.165099 -57.58504 133.3531 7.165099 -57.58504 133.3531 7.165099 -57.58503 131.5667 7.165099 -57.58503 131.5667 7.165099 -57.58504 133.3531 -7.372365 -57.58502 133.3531 -7.372365 -57.58502 133.3531 -7.372366 -57.58503 131.5667 -7.372366 -57.58503 131.5667 -7.372365 -57.58502 133.3531 -7.372364 -75.32563 133.3531 -7.372364 -75.32563 133.3531 -7.372367 -75.32563 112.3138 7.165101 -75.32565 112.3138 7.165101 -75.32565 112.3138 7.165099 -75.32563 110.5274 7.165099 -75.32563 110.5274 7.165101 -75.32565 112.3138 7.165099 -57.58504 112.3138 7.165099 -57.58504 112.3138 7.165098 -57.58504 110.5274 7.165098 -57.58504 110.5274 7.165099 -57.58504 112.3138 -7.372365 -57.58502 112.3138 -7.372365 -57.58502 112.3138 -7.372365 -57.58504 110.5274 -7.372365 -57.58504 110.5274 -7.372365 -57.58502 112.3138 -7.372367 -75.32563 112.3138 -7.372367 -75.32563 112.3138 -7.372367 -75.32566 110.5274 35.44391 -66.64195 107.3483 35.44391 -66.64195 107.3483 35.44391 -66.64195 107.3483 -37.21084 -66.64197 107.3483 -37.21084 -66.64197 107.3483 -6.901455 -54.26035 123.028 -6.901455 -54.26035 123.028 -6.901426 -55.25395 73.15098 0.1267517 -69.55805 201.6918 0.1267517 -69.55805 201.6918 0.126675 -69.58113 180.7535 0.1267517 -69.55805 201.6918 0.1267517 -69.55805 201.6918 0.1266458 -95.1138 201.6917 0.1267309 -94.92971 180.7535 0.1267309 -94.92971 180.7535 0.1267309 -94.92971 180.7535 0.1267309 -94.92971 180.7535 0.126675 -69.58113 180.7535 0.1266458 -95.1138 201.6917 -5.810917 -71.93801 170.3844 -5.810917 -71.93801 170.3844 33.83316 -66.68413 149.7377 33.83316 -66.68413 149.7377 -40.0154 -70.47708 149.7376 -5.810917 -76.36524 149.7376 -5.810917 -76.36524 149.7376 -5.810917 -76.36524 149.7376 -5.810917 -76.36524 149.7376 -5.810917 -71.93801 170.3844 -5.810917 -71.93801 170.3844 -5.810917 -71.93801 170.3844 -5.810917 -76.36524 149.7376 -5.810917 -76.36524 149.7376 -5.810917 -76.36524 149.7376 -40.0154 -70.47708 149.7376 -40.0154 -70.47708 149.7376 -5.810917 -78.87274 133.3014 -5.810917 -78.87274 133.3014 -5.810917 -78.87274 133.3014 -5.810917 -78.87274 133.3014 -5.810917 -78.87274 133.3014 33.83317 -70.52253 113.9585 30.04266 -69.88709 133.21 30.04266 -69.88709 133.21 30.04266 -69.88709 133.21 -40.0154 -74.31551 113.9585 -5.810917 -80.20365 113.9585 -5.810917 -80.20365 113.9585 -5.810917 -80.20365 113.9585 -5.810917 -80.20365 113.9585 -5.810916 -69.88319 147.8052 -5.810916 -69.88319 147.8052 -5.810916 -69.88319 147.8052 -35.86421 -77.59384 133.3014 -35.86421 -77.59384 133.3014 -35.86421 -77.59384 133.3014 -35.86421 -77.59384 133.3014 -5.810917 -78.87274 133.3014 -5.810917 -78.87274 133.3014 -5.810917 -78.87274 133.3014 -5.810917 -78.87274 133.3014 -5.810917 -78.87274 133.3014 33.83317 -70.52253 113.9585 30.04266 -69.88709 133.21 30.04266 -69.88709 133.21 30.04266 -69.88709 133.21 -40.0154 -74.31551 113.9585 -5.810917 -80.20365 113.9585 -5.810917 -80.20365 113.9585 -5.810917 -80.20365 113.9585 -5.810917 -80.20365 113.9585 -5.810916 -69.88319 147.8052 -5.810916 -69.88319 147.8052 -5.810916 -69.88319 147.8052 -35.86421 -77.59384 133.3014 -35.86421 -77.59384 133.3014 -35.86421 -77.59384 133.3014 -35.86421 -77.59384 133.3014 -43.98268 -71.69168 94.69765 -43.98268 -71.69168 94.69765 -50.3484 -74.28717 63.79347 -50.3484 -74.28717 63.79347 -19.36722 -77.96692 72.39923 -19.36722 -77.96692 72.39923 -19.36722 -77.96692 72.39923 -13.17481 -74.70542 94.69765 -13.17481 -74.70542 94.69765 -13.17481 -74.70542 94.69765 -13.17481 -74.70542 94.69765 -13.17481 -74.70542 94.69765 -13.17481 -74.70542 94.69765 -43.98268 -71.69168 94.69765 -43.98268 -71.69168 94.69765 -50.3484 -74.28716 63.79347 -50.3484 -74.28716 63.79347 -19.36722 -77.96689 72.39923 -19.36722 -77.96689 72.39923 -19.36722 -77.96689 72.39923 -13.17481 -74.70542 94.69765 -13.17481 -74.70542 94.69765 -13.17481 -74.70542 94.69765 -13.17481 -74.70542 94.69765 -13.17481 -74.70542 94.69765 -13.17481 -74.70542 94.69765 41.20914 -66.97174 92.00627 41.20914 -66.97174 92.00627 41.20914 -66.97174 92.00627 15.29817 -74.28711 71.49615 15.29817 -74.28711 71.49615 15.29817 -74.28711 71.49615 50.03333 -65.83351 61.94305 9.683573 -74.70533 94.69765 9.683573 -74.70533 94.69765 9.683573 -74.70533 94.69765 9.683573 -74.70533 94.69765 9.683573 -74.70533 94.69765 41.20914 -66.97174 92.00627 41.20914 -66.97174 92.00627 41.20914 -66.97174 92.00627 15.29817 -74.28711 71.49615 15.29817 -74.28711 71.49615 15.29817 -74.28711 71.49615 50.03333 -65.83351 61.94305 9.683573 -74.70532 94.69766 9.683573 -74.70532 94.69766 9.683573 -74.70532 94.69766 9.683573 -74.70532 94.69766 9.683573 -74.70532 94.69766 14.32989 34.71878 170.293 14.32989 34.71878 170.293 14.32989 34.71878 170.293 14.32989 34.71878 170.293 14.32989 34.71878 170.293 -25.38819 30.10844 170.3845 -25.38819 30.10844 170.3845 -25.38819 30.10844 170.3845 -0.3492402 35.73479 173.4329 -0.3492402 35.73479 173.4329 -0.3492458 34.53908 175.4729 -24.2965 34.20303 171.3762 -24.2965 34.20303 171.3762 -24.29648 35.1229 170.6272 -0.3492431 33.37027 173.4174 -24.29648 33.30387 170.6153 -24.29648 33.30387 170.6153 -24.29648 33.30387 170.6153 23.9938 34.20306 171.3761 23.9938 34.20306 171.3761 -0.02267259 34.53909 175.4729 -0.02266597 35.73479 173.4329 -0.02266597 35.73479 173.4329 23.99379 35.12293 170.6271 23.9938 33.3039 170.6152 23.9938 33.3039 170.6152 23.9938 33.3039 170.6152 -0.02266496 33.37027 173.4174 -0.3492182 35.73487 149.3666 -0.3492182 35.73487 149.3666 -0.3492189 34.53917 151.4067 -34.31046 34.2031 147.3099 -34.31046 34.2031 147.3099 -34.31047 35.123 146.5609 -0.3492185 33.37035 149.3511 -34.31046 33.30396 146.549 -34.31046 33.30396 146.549 -34.31046 33.30396 146.549 34.0078 34.20312 147.3099 34.0078 34.20312 147.3099 -0.02264285 34.53917 151.4067 -0.02264684 35.73487 149.3666 -0.02264684 35.73487 149.3666 34.0078 35.12302 146.5609 34.0078 33.30397 146.549 34.0078 33.30397 146.549 34.0078 33.30397 146.549 -0.02264612 33.37035 149.3511 41.2083 33.79589 104.5306 41.2083 33.79589 104.5306 -43.98136 29.0761 107.2218 41.20829 33.79589 104.5306 41.20829 33.79589 104.5306 -43.98136 29.0761 107.2218 -5.787903 35.6649 109.9082 -5.787903 35.6649 109.9082 -5.787905 40.24927 109.9082 6.041457 40.24927 109.9082 6.041464 35.66484 109.9082 6.041464 35.66484 109.9082 6.041457 40.24927 109.9082 6.041464 35.66484 109.9082 6.041464 35.66484 109.9082 -5.787903 35.6649 109.9082 -5.787903 35.6649 109.9082 -5.787905 40.24927 109.9082 0.2655078 38.45273 132.0171 1.468993 38.31392 131.9813 1.307858 38.38798 131.9992 -1.767845 34.72018 109.1352 -1.767845 34.72018 109.1352 -1.76784 33.5245 111.1753 -44.55572 33.52449 107.2294 -44.55572 33.52449 107.2294 -44.55573 34.7202 106.2558 -1.767843 32.35568 109.1198 -44.55572 32.35568 106.2402 -44.55572 32.35568 106.2402 -44.55572 32.35568 106.2402 44.25292 33.5245 107.2296 44.25292 33.5245 107.2296 2.453825 33.5245 111.1753 2.45382 34.72018 109.1353 2.45382 34.72018 109.1353 44.25291 34.72018 106.256 44.25292 32.35565 106.2405 44.25292 32.35565 106.2405 44.25292 32.35565 106.2405 2.45382 32.35568 109.1198 1.468993 38.31392 131.9813 1.468993 38.31392 131.9813 1.468993 38.31392 131.9813 1.468993 38.31392 131.9813 0.1328592 38.37768 131.9991 0.1328592 38.37768 131.9991 0.1328592 38.37768 131.9991 -0.1220493 35.26442 131.999 -0.1220493 35.26442 131.999 -0.1220493 35.26442 131.999 1.596561 35.25997 131.9988 -0.9925665 34.73361 31.06385 -0.9925665 34.73361 31.06385 -0.9925665 34.73361 31.06385 3.471285 34.75978 31.07041 3.471285 34.75978 31.07041 2.296212 39.69944 31.06392 2.296212 39.69944 31.06392 -0.4515727 39.68511 31.06391 -0.4515727 39.68511 31.06391 -0.4515727 39.68511 31.06391 1.343804 35.30142 204.9363 0.1682878 35.29478 204.9364 0.1682878 35.29478 204.9364 0.1682878 35.29478 204.9364 0.06754493 33.13485 204.9518 1.44612 33.13172 204.9515 1.44612 33.13172 204.9515 1.44612 33.13172 204.9515 1.44612 33.13172 204.9515 1.44612 33.13172 204.9515 1.44612 33.13172 204.9515 -0.01706427 33.13618 111.2299 -0.01706427 33.13618 111.2299 1.68299 32.69961 111.215 1.68299 32.69961 111.215 1.911146 33.66633 111.2147 1.911146 33.66633 111.2147 1.250057 35.30891 111.2108 1.250057 35.30891 111.2108 0.1913728 35.30264 111.2053 0.1913728 35.30264 111.2053 0.1913728 35.30264 111.2053 1.607661 32.83622 111.2149 1.607661 32.83622 111.2149 1.607661 32.83622 111.2149 -3.766729 36.53392 116.6032 4.395758 35.42926 120.0285 4.344047 35.43317 120.2471 1.929952 35.45413 120.7347 1.929952 35.45413 120.7347 1.929952 35.45413 120.7347 -3.044134 36.53286 116.6632 -1.456807 90.14055 153.544 -1.456807 90.14055 153.544 -2.69806 90.41055 152.3335 -2.69806 90.41055 152.3335 -2.69806 90.41055 152.3335 -2.69806 90.41055 152.3335 -2.105578 90.0503 154.3383 -1.470359 90.10756 153.7506 -1.470359 90.10756 153.7506 -7.371913 26.23859 131.5667 7.165183 26.23862 131.5667 7.165183 26.23862 131.5667 -7.371922 43.97877 131.5666 7.165176 43.97876 131.5667 -7.371913 26.23862 133.3531 -7.371913 26.23862 133.3531 7.165182 26.23859 133.3531 -7.371917 43.9788 133.353 7.165178 43.97875 133.353 7.165178 43.97875 133.353 25.10475 30.8844 147.8052 25.10475 30.8844 147.8052 -30.83532 30.88446 147.8052 25.10475 30.8844 147.8052 25.10475 30.8844 147.8052 -30.83532 30.88446 147.8052 -7.371968 26.23864 110.5274 -7.371968 26.23864 110.5274 7.165134 26.23866 110.5275 -7.371966 43.97881 110.5274 7.165135 43.9788 110.5274 -7.371952 26.23865 112.3138 -7.371952 26.23865 112.3138 7.165145 26.23864 112.3139 -7.371959 43.97882 112.3138 7.165137 43.9788 112.3138 7.165137 43.9788 112.3138 -6.83217 38.91394 173.5157 -6.832181 38.91397 173.5157 -7.161974 47.59433 126.9547 0.9012326 87.8078 153.5129 0.9012118 87.8078 153.5129 -7.161978 47.59433 123.028 -7.161978 47.59433 123.028 0.9012269 87.8078 149.5862 0.9011616 91.53902 74.6595 0.9011616 91.53902 74.6595 -7.162089 46.60079 73.15093 0.9012063 87.80781 149.5862 0.9011616 91.53902 74.6595 0.9011616 91.53902 74.6595 -7.161974 47.59433 126.9547 -25.38819 30.10844 170.3845 -0.3492458 34.53908 175.4729 -0.3492458 34.53908 175.4729 -24.2965 34.20303 171.3762 -24.2965 34.20303 171.3762 -24.29648 35.1229 170.6272 -0.02267259 34.53909 175.4729 -0.02267259 34.53909 175.4729 23.9938 34.20306 171.3761 23.9938 34.20306 171.3761 23.99379 35.12293 170.6271 -0.3492189 34.53917 151.4067 -0.3492189 34.53917 151.4067 -34.31046 34.2031 147.3099 -34.31046 34.2031 147.3099 -34.31047 35.123 146.5609 -0.02264285 34.53917 151.4067 -0.02264285 34.53917 151.4067 34.0078 34.20312 147.3099 34.0078 34.20312 147.3099 34.0078 35.12302 146.5609 -1.76784 33.5245 111.1753 -1.76784 33.5245 111.1753 -44.55572 33.52449 107.2294 -44.55572 33.52449 107.2294 -44.55573 34.7202 106.2558 2.453825 33.5245 111.1753 2.453825 33.5245 111.1753 44.25292 33.5245 107.2296 44.25292 33.5245 107.2296 44.25291 34.72018 106.256 1.596561 35.25997 131.9988 3.471285 34.75978 31.07041 3.471285 34.75978 31.07041 1.250057 35.30891 111.2108 1.343804 35.30142 204.9363 1.343804 35.30142 204.9363 1.343804 35.30142 204.9363 0.06754493 33.13485 204.9518 0.06754493 33.13485 204.9518 0.06754493 33.13485 204.9518 0.06754493 33.13485 204.9518 0.1682878 35.29478 204.9364 0.1682878 35.29478 204.9364 -0.01706427 33.13618 111.2299 4.395758 35.42926 120.0285 4.395758 35.42926 120.0285 -3.766729 36.53392 116.6032 -3.766729 36.53392 116.6032 -2.69806 90.41055 152.3335 -2.105578 90.0503 154.3383 -2.105578 90.0503 154.3383 -2.105578 90.0503 154.3383 -1.470359 90.10756 153.7506 -1.470359 90.10756 153.7506 -1.470359 90.10756 153.7506 4.344047 35.43317 120.2471 4.344047 35.43317 120.2471 4.344047 35.43317 120.2471 -1.456807 90.14055 153.544 -1.456807 90.14055 153.544 4.395758 35.42926 120.0285 7.165182 26.23859 133.3531 7.165178 43.97875 133.353 7.165178 43.97875 133.353 7.165176 43.97876 131.5667 7.165176 43.97876 131.5667 7.165178 43.97875 133.353 -7.371917 43.9788 133.353 -7.371917 43.9788 133.353 -7.371922 43.97877 131.5666 -7.371922 43.97877 131.5666 -7.371917 43.9788 133.353 -7.371913 26.23862 133.3531 -7.371913 26.23862 133.3531 -7.371952 26.23865 112.3138 7.165145 26.23864 112.3139 7.165145 26.23864 112.3139 7.165134 26.23866 110.5275 7.165134 26.23866 110.5275 7.165145 26.23864 112.3139 7.165137 43.9788 112.3138 7.165137 43.9788 112.3138 7.165135 43.9788 110.5274 7.165135 43.9788 110.5274 7.165137 43.9788 112.3138 -7.371959 43.97882 112.3138 -7.371959 43.97882 112.3138 -7.371966 43.97881 110.5274 -7.371966 43.97881 110.5274 -7.371959 43.97882 112.3138 -7.371952 26.23865 112.3138 -7.371952 26.23865 112.3138 -7.371968 26.23864 110.5274 -7.161978 47.59433 123.028 -7.161978 47.59433 123.028 -7.162089 46.60079 73.15093 0.1266546 31.20925 201.6918 0.1266546 31.20925 201.6918 0.1265588 31.1862 180.7535 0.1266546 31.20925 201.6918 0.1266546 31.20925 201.6918 0.1265998 5.653514 201.6917 0.1265586 5.837601 180.7535 0.1265586 5.837601 180.7535 0.1265586 5.837601 180.7535 0.1265586 5.837601 180.7535 0.1265588 31.1862 180.7535 0.1265998 5.653514 201.6917 -5.810501 28.82959 170.3845 -5.810501 28.82959 170.3845 -5.810501 28.82959 170.3845 33.83259 34.08342 149.7377 33.83259 34.08342 149.7377 -40.01409 30.29054 149.7377 -5.810477 24.40253 149.7377 -5.810477 24.40253 149.7377 -5.810477 24.40253 149.7377 -5.810477 24.40253 149.7377 -5.810501 28.82959 170.3845 -5.810501 28.82959 170.3845 -5.810501 28.82959 170.3845 -5.810477 24.40253 149.7377 -5.810477 24.40253 149.7377 -5.810477 24.40253 149.7377 -40.01409 30.29054 149.7377 -40.01409 30.29054 149.7377 -5.810497 22.91925 133.3014 -5.810497 22.91925 133.3014 -5.810497 22.91925 133.3014 -5.810497 22.91925 133.3014 -5.810497 22.91925 133.3014 33.83254 30.24518 113.9586 30.04217 30.88061 133.2101 30.04217 30.88061 133.2101 30.04217 30.88061 133.2101 -40.01417 26.4524 113.9584 -5.810532 20.56431 113.9585 -5.810532 20.56431 113.9585 -5.810532 20.56431 113.9585 -5.810532 20.56431 113.9585 -5.810489 30.88443 147.8052 -5.810489 30.88443 147.8052 -5.810489 30.88443 147.8052 -35.86304 24.19812 133.3014 -35.86304 24.19812 133.3014 -35.86304 24.19812 133.3014 -35.86304 24.19812 133.3014 -5.810497 22.91925 133.3014 -5.810497 22.91925 133.3014 -5.810497 22.91925 133.3014 -5.810497 22.91925 133.3014 -5.810497 22.91925 133.3014 33.83254 30.24518 113.9586 30.04217 30.88061 133.2101 30.04217 30.88061 133.2101 30.04217 30.88061 133.2101 -40.01417 26.4524 113.9584 -5.810532 20.56431 113.9585 -5.810532 20.56431 113.9585 -5.810532 20.56431 113.9585 -5.810532 20.56431 113.9585 -5.810489 30.88443 147.8052 -5.810489 30.88443 147.8052 -5.810489 30.88443 147.8052 -35.86304 24.19812 133.3014 -35.86304 24.19812 133.3014 -35.86304 24.19812 133.3014 -35.86304 24.19812 133.3014 -50.34708 26.48061 63.79321 -50.34708 26.48061 63.79321 -33.28487 21.32356 72.76165 -33.28487 21.32356 72.76165 -33.28487 21.32356 72.76165 -12.79169 26.06241 102.5277 -12.79169 26.06241 102.5277 -12.79169 26.06241 102.5277 -50.34708 26.48062 63.79322 -50.34708 26.48062 63.79322 -33.28488 21.32361 72.76165 -33.28488 21.32361 72.76165 -33.28488 21.32361 72.76165 -12.79169 26.06241 102.5277 -12.79169 26.06241 102.5277 -12.79169 26.06241 102.5277 29.21615 27.95819 71.13362 29.21615 27.95819 71.13362 29.21615 27.95819 71.13362 50.03216 34.93413 61.94318 9.30095 26.0625 102.5277 9.30095 26.0625 102.5277 9.30095 26.0625 102.5277 29.21615 27.95819 71.13362 29.21615 27.95819 71.13362 29.21615 27.95819 71.13362 50.03216 34.93413 61.94318 9.300946 26.06253 102.5277 9.300946 26.06253 102.5277 9.300946 26.06253 102.5277 1.410169 100.5743 170.4789 -0.9038062 100.5672 170.4789 -0.9038062 100.5672 170.4789 -0.9038062 100.5672 170.4789 -1.102115 98.25457 170.4955 1.611597 98.25122 170.4953 1.611597 98.25122 170.4953 1.611597 98.25122 170.4953 1.611597 98.25122 170.4953 1.611597 98.25122 170.4953 1.611597 98.25122 170.4953 -1.269205 98.2557 93.08583 -1.269205 98.2557 93.08583 2.077396 97.78823 93.06983 2.077396 97.78823 93.06983 2.52653 98.82333 93.06962 2.52653 98.82333 93.06962 1.225167 100.5821 93.06544 1.225167 100.5821 93.06544 -0.8588853 100.5754 93.05954 -0.8588853 100.5754 93.05954 -0.8588853 100.5754 93.05954 1.92911 97.93453 93.06985 1.92911 97.93453 93.06985 1.92911 97.93453 93.06985 1.66165 103.3469 115.3408 1.66165 103.3469 115.3408 1.66165 103.3469 115.3408 1.66165 103.3469 115.3408 1.66165 103.3469 115.3408 1.66165 103.3469 115.3408 1.66165 103.3469 115.3408 -1.223135 103.3369 115.3409 -1.223135 103.3369 115.3409 -1.223135 103.3369 115.3409 -1.223135 103.3369 115.3409 -1.223135 103.3369 115.3409 -1.470368 100.0817 115.3597 -1.470368 100.0817 115.3597 -1.470368 100.0817 115.3597 -1.470368 100.0817 115.3597 -1.470368 100.0817 115.3597 1.91277 100.077 115.3594 -1.67867 100.0833 24.25763 -1.67867 100.0833 24.25763 -1.67867 100.0833 24.25763 -1.67867 100.0833 24.25763 -1.67867 100.0833 24.25763 2.493459 99.42534 24.25763 3.053391 100.8823 24.25763 3.053391 100.8823 24.25763 1.431018 103.3578 24.25759 1.431018 103.3578 24.25759 1.431018 103.3578 24.25759 -1.167137 103.3483 24.25759 -1.167137 103.3483 24.25759 -1.167137 103.3483 24.25759 1.027246 103.5055 115.3789 -0.70745 103.4955 115.3791 -0.70745 103.4955 115.3791 -0.70745 103.4955 115.3791 2.237395 100.2473 24.28426 2.237395 100.2473 24.28426 2.237395 100.2473 24.28426 2.237395 100.2473 24.28426 2.308605 99.63122 24.25764 -3.767059 100.3309 101.7918 4.395623 100.4966 105.217 4.34391 100.5005 105.4355 1.929752 100.5215 105.9232 1.929752 100.5215 105.9232 1.929752 100.5215 105.9232 -3.044449 100.3298 101.8518 -1.457136 153.9389 138.7326 -1.457136 153.9389 138.7326 -2.698412 154.2089 137.5221 -2.698412 154.2089 137.5221 -2.698412 154.2089 137.5221 -2.698412 154.2089 137.5221 -2.10592 153.8486 139.527 -1.470679 153.9059 138.9392 -1.470679 153.9059 138.9392 -7.37237 91.31608 93.16113 -7.37237 91.31608 93.16113 7.165089 91.31608 93.16113 -7.372373 109.0567 93.16113 7.16509 109.0567 93.16113 -7.372373 91.31608 94.94754 -7.372373 91.31608 94.94754 7.165091 91.31608 94.94754 -7.372372 109.0567 94.94754 7.165092 109.0567 94.94754 7.165092 109.0567 94.94754 -7.372374 91.3161 114.2004 -7.372374 91.3161 114.2004 7.165091 91.3161 114.2004 -7.372372 109.0567 114.2004 7.165092 109.0567 114.2004 -7.372371 91.3161 115.9867 -7.372371 91.3161 115.9867 7.165091 91.3161 115.9867 -7.372371 109.0567 115.9868 7.165091 109.0567 115.9868 7.165091 109.0567 115.9868 -0.6217781 103.874 165.3639 -0.6217797 103.874 165.3639 -0.6631695 112.5544 114.3875 0.3488441 152.7689 140.9458 0.3488371 152.7689 140.9458 -0.6631698 112.5544 110.4608 -0.6631698 112.5544 110.4608 0.3488385 152.7689 137.0191 0.3488548 156.5002 74.65949 0.3488548 156.5002 74.65949 -0.6631665 111.5608 73.15098 0.3488385 152.7689 137.0191 0.3488548 156.5002 74.65949 0.3488548 156.5002 74.65949 -0.6631695 112.5544 114.3875 1.225167 100.5821 93.06544 1.410169 100.5743 170.4789 1.410169 100.5743 170.4789 1.410169 100.5743 170.4789 -1.102115 98.25457 170.4955 -1.102115 98.25457 170.4955 -1.102115 98.25457 170.4955 -1.102115 98.25457 170.4955 -0.9038062 100.5672 170.4789 -0.9038062 100.5672 170.4789 -1.269205 98.2557 93.08583 1.91277 100.077 115.3594 1.91277 100.077 115.3594 2.308605 99.63122 24.25764 2.308605 99.63122 24.25764 2.237395 100.2473 24.28426 2.237395 100.2473 24.28426 2.237395 100.2473 24.28426 4.395623 100.4966 105.217 4.395623 100.4966 105.217 -3.767059 100.3309 101.7918 -3.767059 100.3309 101.7918 -2.698412 154.2089 137.5221 -2.10592 153.8486 139.527 -2.10592 153.8486 139.527 -2.10592 153.8486 139.527 -1.470679 153.9059 138.9392 -1.470679 153.9059 138.9392 -1.470679 153.9059 138.9392 4.34391 100.5005 105.4355 4.34391 100.5005 105.4355 4.34391 100.5005 105.4355 -1.457136 153.9389 138.7326 -1.457136 153.9389 138.7326 4.395623 100.4966 105.217 -7.372373 91.31608 94.94754 7.165091 91.31608 94.94754 7.165091 91.31608 94.94754 7.165089 91.31608 93.16113 7.165089 91.31608 93.16113 7.165091 91.31608 94.94754 7.165092 109.0567 94.94754 7.165092 109.0567 94.94754 7.16509 109.0567 93.16113 7.16509 109.0567 93.16113 7.165092 109.0567 94.94754 -7.372372 109.0567 94.94754 -7.372372 109.0567 94.94754 -7.372373 109.0567 93.16113 -7.372373 109.0567 93.16113 -7.372372 109.0567 94.94754 -7.372373 91.31608 94.94754 -7.372373 91.31608 94.94754 -7.37237 91.31608 93.16113 7.165091 91.3161 115.9867 7.165091 91.3161 115.9867 -7.372371 91.3161 115.9867 7.165091 109.0567 115.9868 7.165091 109.0567 115.9868 7.165091 91.3161 114.2004 7.165091 91.3161 114.2004 7.165091 91.3161 115.9867 -7.372371 109.0567 115.9868 -7.372371 109.0567 115.9868 7.165092 109.0567 114.2004 7.165092 109.0567 114.2004 7.165091 109.0567 115.9868 -7.372371 91.3161 115.9867 -7.372371 91.3161 115.9867 -7.372374 91.3161 114.2004 -7.372372 109.0567 114.2004 -7.372372 109.0567 114.2004 -7.372371 109.0567 115.9868 -0.6631698 112.5544 110.4608 -0.6631698 112.5544 110.4608 -0.6631665 111.5608 73.15098</float_array>
          <technique_common>
            <accessor source="#gloire_Mesh_001-mesh-positions-array" count="2796" stride="3">
              <param name="X" type="float"/>
              <param name="Y" type="float"/>
              <param name="Z" type="float"/>
            </accessor>
          </technique_common>
        </source>
        <source id="gloire_Mesh_001-mesh-normals">
          <float_array id="gloire_Mesh_001-mesh-normals-array" count="7539">-0.6197607 -0.5351117 -0.5740664 -0.6606187 0.7504537 0.02005875 -0.6197458 -0.5350944 -0.5740987 -0.6359041 -0.5197845 -0.5704824 -0.6359121 -0.5197948 -0.570464 -0.6359283 -0.5198159 -0.5704269 -0.4817684 -0.6688399 -0.5661734 -0.4817681 -0.6688397 -0.5661741 -0.6606332 0.750441 0.02005439 -0.6606252 0.7504472 0.02008992 -0.2309752 -0.93681 -0.2627495 -0.2309669 -0.9368097 -0.2627583 -0.579569 -0.8148617 0.01001513 -0.579514 -0.8148972 0.01029533 -0.579514 -0.8148972 0.01029533 -0.1664876 -0.9837077 -0.06783258 -0.1664876 -0.9837077 -0.06783252 -0.1664876 -0.9837076 -0.06783252 -0.9355659 -0.3504142 0.04389327 -0.9355658 -0.3504143 0.04389333 -0.9355658 -0.3504142 0.04389333 -0.8243401 -0.5660515 0.007018983 -0.8243401 -0.5660516 0.007018744 -0.8243401 -0.5660514 0.007018983 -0.6887834 -0.4662486 -0.5551485 -0.6887854 -0.4662516 -0.5551435 -0.6888047 -0.4662805 -0.5550953 -0.810273 -0.3456832 -0.4732452 -0.810264 -0.3456593 -0.4732779 -0.8102774 -0.3456948 -0.4732291 0.02093482 -0.9989014 -0.04192602 0.008441209 -0.999167 -0.03992497 -0.4772099 -0.6896035 -0.544718 -0.4771586 -0.6895795 -0.5447934 -0.477204 -0.689601 -0.5447264 -0.001061022 -0.9993055 -0.0372498 0.008444249 -0.999167 -0.03992384 0.008481204 -0.9991667 -0.03992593 -0.0213629 -0.9988923 -0.04192727 -0.3826971 -0.9189636 0.09512621 -0.7857471 -0.6181176 -0.02307164 -0.9770811 -0.2128576 0.002074241 -0.7717881 -0.6324975 0.0654987 -0.7086317 -0.5293428 -0.4665162 -0.7086198 -0.5293884 -0.4664825 -0.7086305 -0.5293472 -0.4665132 -0.6291327 -0.5614762 -0.5375282 -0.6291332 -0.5614745 -0.5375295 -0.6291263 -0.5615009 -0.5375101 -0.4486541 -0.5625518 -0.6944387 -0.4486235 -0.5626111 -0.6944104 -0.4486142 -0.5626202 -0.694409 -0.2090371 -0.476559 -0.8539293 -0.2090547 -0.4765306 -0.8539408 -0.2090408 -0.476549 -0.8539338 -0.6140033 -0.187704 -0.7666599 -0.6140033 -0.187704 -0.7666599 -0.6140033 -0.187704 -0.7666598 -0.3972819 -0.1210796 -0.909674 -0.3972821 -0.1210803 -0.9096738 -0.3972814 -0.1210778 -0.9096745 -0.9309859 -0.1198954 -0.3448049 -0.9309859 -0.1198954 -0.3448049 -0.9309858 -0.1198958 -0.3448051 -0.8948884 -0.1085992 -0.4328753 -0.8948884 -0.1085992 -0.4328753 -0.8948882 -0.1085996 -0.4328755 -0.8652954 -0.3556048 -0.3532835 -0.8652955 -0.355592 -0.3532962 -0.8652955 -0.3555722 -0.353316 -0.8111528 -0.4351196 -0.3907713 -0.8111568 -0.4350813 -0.3908056 -0.8111546 -0.435104 -0.390785 -0.2284111 -0.117104 -0.9664963 -0.2842069 -0.6364251 -0.7170701 -0.2841953 -0.6364903 -0.7170169 -0.2842054 -0.6364284 -0.7170678 -0.01984798 -0.130338 -0.991271 -0.06218391 -0.09085518 -0.9939209 -0.5337297 -0.2293639 -0.8139563 -0.6965972 -0.05021357 -0.7157031 -0.9841763 -0.07448422 -0.1607767 -0.9929533 -0.03677898 -0.1126546 1.58991e-4 -0.9999998 -5.93582e-4 1.61174e-4 -0.9999998 -5.95008e-4 0.03968435 -0.9919803 -0.1200015 1.57625e-4 -0.9999998 -5.99793e-4 1.60947e-4 -0.9999998 -5.98166e-4 1.55994e-4 -0.9999999 -5.95339e-4 1.55309e-4 -0.9999999 -6.12116e-4 -0.769097 -0.6390404 0.01082372 0.6606505 0.7504259 0.02004903 -0.769097 -0.6390404 0.01082372 -0.7946356 -0.6070698 0.004544794 -0.7946356 -0.6070699 0.004544794 -0.7946355 -0.6070699 0.004544794 0.660632 0.7504426 0.020038 -0.5708844 -0.8190441 -0.057078 -0.5708846 -0.8190439 -0.05707794 -0.06531107 -0.9977139 0.01736831 -0.06531107 -0.9977138 0.01736831 0.6606238 0.7504483 0.02009022 -0.5109328 -0.6466369 -0.5663996 -0.5109838 -0.6466721 -0.5663133 -0.5109325 -0.6466368 -0.5663999 -0.2113307 -0.9111009 -0.3538849 -0.2113432 -0.9111041 -0.3538691 -0.211345 -0.9111046 -0.353867 -0.7869102 -0.3671951 -0.4959235 -0.7869016 -0.3671755 -0.4959518 -0.7869054 -0.3671843 -0.4959391 -0.6589505 -0.4975813 -0.5640897 -0.6589438 -0.4975721 -0.5641056 -0.6589482 -0.4975782 -0.5640952 -0.8532101 -0.5208107 0.02808779 -0.9509991 -0.3067741 0.03860485 -0.02094078 -0.9989013 -0.04192572 -0.008446872 -0.999167 -0.03992646 -0.4790002 -0.8765246 0.04757702 -0.0084396 -0.9991673 -0.03992092 0.001066446 -0.9993054 -0.0372498 0.02136653 -0.9988923 -0.04192727 -0.008477568 -0.9991667 -0.03992593 -0.4574196 -0.7239673 -0.5163708 -0.4574573 -0.7239778 -0.5163227 -0.4574428 -0.7239733 -0.5163417 -0.6217864 -0.5351247 -0.5718595 -0.6218062 -0.5351508 -0.5718136 -0.6217841 -0.5351207 -0.5718657 -0.8526893 -0.3179666 -0.4145098 -0.8526791 -0.3179237 -0.4145635 -0.8526898 -0.3179695 -0.4145064 -0.6372126 -0.5133247 -0.5748546 -0.6371977 -0.5133096 -0.5748847 -0.6372201 -0.5133322 -0.5748397 -0.9025185 -0.07886356 -0.4233685 -0.9025187 -0.07886314 -0.4233683 -0.9025188 -0.07886314 -0.4233683 -0.8393782 -0.1631474 -0.5184854 -0.839378 -0.1631478 -0.5184856 -0.8393782 -0.1631474 -0.5184854 -0.54053 -0.097597 -0.8356447 -0.5405302 -0.09759747 -0.8356446 -0.54053 -0.09759706 -0.8356447 -0.3075481 -0.2054996 -0.929077 -0.3075487 -0.2055002 -0.9290767 -0.3075486 -0.2055001 -0.9290768 -0.4603751 -0.5821945 -0.6701526 -0.4603803 -0.5821831 -0.6701589 -0.4603827 -0.5821763 -0.6701631 -0.3491234 -0.5199029 -0.7796242 -0.3491542 -0.5198541 -0.779643 -0.3491129 -0.5199227 -0.7796158 -0.7342435 -0.5040546 -0.4547699 -0.7342455 -0.5040449 -0.4547772 -0.7342361 -0.5040984 -0.4547332 -0.6935132 -0.5344794 -0.4830851 -0.6935184 -0.5344585 -0.4831009 -0.6935088 -0.5344976 -0.4830715 -0.9892872 -0.1007854 -0.1056088 -0.9719969 -0.09134042 -0.2165156 -0.21601 -0.4097665 -0.8862455 -0.2160328 -0.4098095 -0.88622 -0.2160388 -0.4098011 -0.8862226 -0.5219811 -0.4778554 -0.7065338 0.0198487 -0.130338 -0.991271 0.06217843 -0.0908637 -0.9939203 -0.389163 -0.5758806 -0.7189672 -0.3891569 -0.5758947 -0.7189592 -0.3891448 -0.5759223 -0.7189435 -0.5559232 -0.5779493 -0.5974313 -0.5559574 -0.5779536 -0.5973951 -0.5559552 -0.5779577 -0.5973934 -0.848664 -0.3921859 -0.354908 -0.8486664 -0.3921521 -0.3549399 -0.8486688 -0.3921227 -0.3549664 -0.8952522 -0.3350498 -0.2937092 -0.8952531 -0.3350367 -0.2937214 -0.8952526 -0.3350452 -0.2937134 -1.54747e-4 -0.9999998 -6.0181e-4 -1.57291e-4 -0.9999999 -5.96193e-4 -0.03968268 -0.9919804 -0.1200008 -1.584e-4 -0.9999998 -5.9645e-4 -1.55177e-4 -0.9999999 -5.94775e-4 -1.52479e-4 -0.9999998 -5.94196e-4 -1.72561e-4 -0.9999999 -5.98221e-4 -0.7946881 -0.6069973 -0.00501585 -0.7691023 -0.6390333 -0.01087057 -0.6606526 -0.750424 0.02004963 -0.06527912 -0.9977153 -0.01740312 -0.6606242 -0.750448 0.02009081 -0.6606331 -0.7504411 0.02005487 -0.57082 -0.8191114 0.05675476 -0.3521102 -0.8486619 -0.3947043 -0.3520826 -0.8486594 -0.3947344 -0.3520898 -0.84866 -0.3947266 -0.5034653 -0.6523873 -0.5664923 -0.5034593 -0.6523832 -0.5665023 -0.5035146 -0.6524236 -0.5664067 -0.6549319 -0.5029461 -0.564012 -0.654949 -0.5029714 -0.5639696 -0.6549158 -0.5029222 -0.564052 -0.7586255 -0.4184302 -0.4994032 -0.7586215 -0.4184176 -0.4994198 -0.758624 -0.4184254 -0.4994096 -0.9509893 -0.3067998 -0.03864461 -0.9509894 -0.3067995 -0.03864419 -0.9509893 -0.3067995 -0.03864419 -0.8532016 -0.5208222 -0.02813315 -0.8532016 -0.5208222 -0.02813267 -0.8531453 -0.5208997 -0.02840405 -0.4790149 -0.8765141 -0.04762142 -0.4790148 -0.8765142 -0.04762101 -0.1637056 -0.9802198 -0.1112194 0.008442103 0.999167 -0.03992503 -0.163713 -0.9802193 -0.1112123 -0.2271086 -0.9504009 -0.2125083 -0.2270995 -0.9504012 -0.2125173 0.008481144 0.9991666 -0.03992629 0.008443117 0.9991672 -0.03992289 -0.1911017 -0.9679464 -0.1629723 -0.1910784 -0.9679472 -0.1629948 -0.6346328 -0.5195441 -0.5721148 -0.6346435 -0.5195572 -0.5720909 -0.6346574 -0.5195734 -0.5720607 -0.355281 -0.7820796 -0.5119832 -0.3553059 -0.7820946 -0.5119434 -0.355286 -0.782083 -0.5119747 -0.6004173 -0.5564767 -0.5743108 -0.6004397 -0.5565102 -0.5742549 -0.6004275 -0.5564926 -0.5742847 -0.850963 -0.3215627 -0.4152824 -0.8509511 -0.3215072 -0.4153496 -0.8509539 -0.3215202 -0.4153339 -0.7187023 -0.5635692 -0.4072552 -0.7186782 -0.5636182 -0.4072299 -0.7186816 -0.5636116 -0.4072332 -0.7548394 -0.5278097 -0.3894028 -0.7548581 -0.5277591 -0.3894349 -0.7548608 -0.5277526 -0.3894385 -0.4820878 -0.5015802 -0.7183375 -0.4820553 -0.5016132 -0.7183363 -0.4821078 -0.501557 -0.7183403 -0.5237268 -0.5613955 -0.6407381 -0.5237061 -0.5614261 -0.6407283 -0.523764 -0.5613406 -0.6407558 -0.3972842 0.120993 -0.9096845 -0.3972847 0.1209919 -0.9096845 -0.3972846 0.1209921 -0.9096845 -0.6140099 0.1876097 -0.7666775 -0.6140097 0.1876112 -0.7666774 -0.6140098 0.1876108 -0.7666775 -0.8949 0.1085125 -0.4328731 -0.8949 0.1085121 -0.4328733 -0.8948999 0.1085125 -0.4328731 -0.9309971 0.1198134 -0.3448033 -0.930997 0.119813 -0.3448035 -0.9309971 0.1198134 -0.3448032 -0.8853851 -0.4021515 -0.2331684 -0.8853934 -0.4021198 -0.2331917 -0.8853901 -0.4021325 -0.2331823 -0.9771296 -0.2102142 -0.03205817 -0.9771311 -0.2102065 -0.03206419 -0.9771303 -0.210211 -0.0320605 -0.627382 -0.6217395 -0.4688624 -0.6273979 -0.6217226 -0.4688636 -0.6274155 -0.6217047 -0.4688637 -0.228404 0.1171033 -0.9664981 -0.2308225 -0.1099333 -0.9667657 -0.2308184 -0.1099377 -0.9667661 -0.2308136 -0.1099417 -0.9667668 -0.329421 -0.2391714 -0.9133887 -0.3294395 -0.2391549 -0.9133864 -0.3294471 -0.2391484 -0.9133853 -0.6965965 0.05021297 -0.715704 -0.5337291 0.2293637 -0.8139567 -0.9929533 0.03677856 -0.1126554 -0.9841763 0.07448327 -0.1607773 -0.02142995 -0.9995563 -0.02068871 -0.02143323 -0.9995563 -0.02068513 -0.02143228 -0.9995563 -0.02068644 -0.02103322 -0.9995729 -0.02028703 -0.02103227 -0.999573 -0.02028834 -0.0210309 -0.9995729 -0.02029073 -0.3050961 -0.931056 -0.2001283 -0.3050798 -0.9310578 -0.2001444 -0.3050754 -0.9310585 -0.2001476 -0.02113187 -0.9995688 -0.02038937 -0.02113097 -0.9995689 -0.02038955 -0.02113133 -0.9995688 -0.02038919 -0.02112603 -0.9995688 -0.02039319 -0.02112728 -0.9995688 -0.020392 -0.02112811 -0.9995689 -0.02039045 -0.02102881 -0.9995731 -0.02029049 -0.0210278 -0.9995731 -0.0202918 -0.02102774 -0.9995731 -0.02029156 -0.02103376 -0.9995729 -0.0202881 -0.02103382 -0.999573 -0.02028769 -0.02103149 -0.999573 -0.02029001 -0.6330741 -0.5232558 -0.5704565 -0.6330814 -0.5232655 -0.5704395 -0.6331021 -0.5232938 -0.5703905 -0.6135936 -0.5421447 -0.5740925 0.6606516 -0.7504249 0.02004945 -0.6136225 -0.5421805 -0.5740277 0.660624 -0.7504481 0.02008986 -0.1673005 -0.9589693 -0.2288852 -0.1673055 -0.9589697 -0.2288797 -0.5231888 -0.637598 -0.5654576 -0.5231648 -0.637584 -0.5654956 0.660632 -0.7504425 0.0200386 -0.1664517 -0.9837161 0.06779813 -0.579509 -0.8149002 -0.01034259 -0.8243855 -0.5659811 -0.007344663 -0.935611 -0.3502568 -0.04418641 -0.783878 -0.395708 -0.4784876 -0.7838817 -0.3957211 -0.4784709 -0.7838774 -0.3957051 -0.4784912 -0.6732558 -0.4887413 -0.5548501 -0.6732468 -0.4887259 -0.5548745 -0.6732383 -0.4887094 -0.5548995 -0.4357748 -0.7164444 -0.5448008 -0.4357597 -0.7164349 -0.5448252 -0.4357805 -0.7164481 -0.5447914 -0.2265848 -0.9507077 -0.2116934 -0.008447289 0.999167 -0.03992521 -0.2265847 -0.9507078 -0.2116935 -0.008476734 0.9991667 -0.03992652 -0.1627507 -0.9805385 -0.1098019 -0.1627498 -0.9805386 -0.1098028 -0.1877403 -0.9694684 -0.1577491 -0.1877516 -0.9694679 -0.1577382 -0.008439958 0.9991672 -0.03992253 -0.785741 -0.6181271 0.02302527 -0.785741 -0.618127 0.02302521 -0.7857409 -0.6181271 0.02302479 -0.3829138 -0.9188312 -0.09553194 -0.3829138 -0.9188312 -0.09553194 -0.382914 -0.9188311 -0.09553211 -0.7717841 -0.6324977 -0.06554347 -0.7717841 -0.6324978 -0.06554347 -0.7717841 -0.6324979 -0.06554347 -0.9770754 -0.2128831 -0.002111554 -0.9770754 -0.2128831 -0.002111554 -0.9770753 -0.2128834 -0.002111911 -0.8393934 0.1630582 -0.5184888 -0.8393935 0.1630578 -0.518489 -0.8393934 0.1630582 -0.5184888 -0.9025266 0.07877659 -0.4233676 -0.9025266 0.07877701 -0.4233675 -0.9025266 0.07877701 -0.4233675 -0.3075459 0.2054192 -0.9290955 -0.3075458 0.2054195 -0.9290956 -0.307546 0.2054188 -0.9290956 -0.540532 0.09750556 -0.8356541 -0.540532 0.09750556 -0.8356542 -0.5405319 0.09750628 -0.8356543 -0.4747751 -0.5238266 -0.7072441 -0.4747288 -0.523886 -0.7072313 -0.4747177 -0.5238984 -0.7072296 -0.5862389 -0.5798361 -0.5657864 -0.5861713 -0.5799332 -0.5657568 -0.5862411 -0.5798341 -0.5657861 -0.7563844 -0.5329823 -0.3792265 -0.7563753 -0.5330046 -0.3792133 -0.7563906 -0.5329669 -0.3792358 -0.8107588 -0.4944976 -0.3132768 -0.810782 -0.4944341 -0.3133171 -0.8107649 -0.4944804 -0.3132881 -0.9719964 0.0913406 -0.2165178 -0.9847242 0.01613742 -0.1733723 -0.9847257 0.0161314 -0.1733649 -0.9847239 0.01613867 -0.1733738 -0.649212 -0.2164168 -0.7291691 -0.6492214 -0.2164153 -0.7291613 -0.649281 -0.2164045 -0.7291113 -0.4117177 -0.4472706 -0.794001 -0.4116643 -0.4473296 -0.7939954 -0.4116568 -0.4473359 -0.7939959 -0.3238534 -0.3083181 -0.8944602 -0.323823 -0.3083477 -0.894461 -0.32384 -0.3083309 -0.8944606 -0.3464985 -0.2867974 -0.8931327 -0.3464946 -0.286801 -0.8931332 -0.3519946 -0.2817742 -0.8925824 -0.5862997 -0.5778138 -0.5677887 -0.5862998 -0.5778135 -0.5677889 -0.5862981 -0.5778191 -0.5677849 -0.5654082 -0.5718819 -0.5943608 -0.5654109 -0.5718789 -0.594361 -0.5653437 -0.5719668 -0.5943405 -0.934884 -0.2959048 -0.1960414 -0.9348833 -0.2959119 -0.1960346 -0.9348847 -0.2959016 -0.1960435 -0.9182715 -0.3441939 -0.1957249 -0.9182765 -0.3441701 -0.1957433 -0.9182729 -0.3441873 -0.1957296 -0.02771043 -0.9992433 -0.02729552 -0.02770757 -0.9992433 -0.02729809 -0.02770823 -0.9992433 -0.02729737 -0.0271207 -0.9992757 -0.02669447 -0.02749419 -0.9992755 -0.02631604 -0.02712231 -0.9992757 -0.02669286 -0.3439373 -0.8892743 -0.3014935 -0.3439416 -0.8892744 -0.3014886 -0.3439554 -0.8892725 -0.3014784 -0.02732068 -0.9992649 -0.02689504 -0.02732205 -0.999265 -0.02689367 -0.02732259 -0.9992648 -0.02689373 -0.02732104 -0.9992649 -0.02689421 -0.02732026 -0.999265 -0.02689504 -0.02732211 -0.999265 -0.02689319 -0.02722144 -0.9992703 -0.02679467 -0.02722048 -0.9992703 -0.02679628 -0.02722263 -0.9992703 -0.02679347 -0.02742624 -0.9992596 -0.02698522 -0.02742272 -0.9992596 -0.02698868 -0.02742552 -0.9992596 -0.02698558 -0.05894446 -0.9854036 -0.1597037 -0.05894464 -0.9854036 -0.1597039 -0.05916208 -0.9853604 -0.1598896 -0.05722844 -0.9852679 -0.1611587 -0.05723023 -0.9852679 -0.1611579 -0.05723041 -0.9852672 -0.1611627 -0.05959033 -0.9982158 0.003791272 -0.6865721 -0.6276448 -0.3669888 -0.6865311 -0.6276952 -0.3669791 -0.6864973 -0.6277367 -0.3669716 -0.5888081 -0.5943563 -0.5477642 -0.5887243 -0.5944315 -0.5477728 -0.588759 -0.5944003 -0.5477693 -0.8776078 -0.4320996 -0.2075925 -0.8775988 -0.4321269 -0.2075735 -0.8776147 -0.4320789 -0.2076058 -0.6326066 -0.6235703 -0.4593135 -0.6326125 -0.6235638 -0.4593144 -0.6326473 -0.6235273 -0.459316 -0.6997764 0.05483323 -0.7122545 -0.6997784 0.05484348 -0.7122517 -0.6997561 0.05483645 -0.7122741 -0.5611717 -0.3980391 -0.7257074 -0.5611324 -0.39805 -0.7257319 -0.5612149 -0.398014 -0.7256878 -0.9953076 -0.06093323 -0.07516747 -0.9953349 -0.06070715 -0.07498764 -0.9953073 -0.06095075 -0.07515615 -0.97227 0.03778666 -0.2307886 -0.9722245 0.0376228 -0.231007 -0.9722697 0.03778606 -0.2307899 -0.3873585 -0.8566812 -0.340662 -0.3873867 -0.8566858 -0.3406185 -0.3873661 -0.856689 -0.3406341 -0.386786 -0.8566212 -0.3414627 -0.3867589 -0.8566255 -0.3414827 -0.3867942 -0.8566404 -0.3414052 -0.1869247 -0.9543632 -0.2329164 -0.05957907 0.9982165 0.003791391 -0.1869135 -0.9543716 -0.2328914 -0.08939772 -0.5735276 -0.8142938 -0.08940947 -0.5734927 -0.8143171 -0.08940726 -0.5734988 -0.814313 -0.4668711 -0.607826 -0.6423231 -0.4668632 -0.6078629 -0.6422939 -0.4668653 -0.6078577 -0.6422975 -0.3463845 -0.6143645 -0.7089247 -0.3463842 -0.6143637 -0.7089254 -0.3463827 -0.6143699 -0.7089208 -0.7753919 -0.4659234 -0.4262425 -0.7753894 -0.4659478 -0.4262208 -0.7753843 -0.4659892 -0.4261845 -0.17592 -0.422872 -0.8889497 -0.1761642 -0.4229858 -0.8888472 -0.1762854 -0.4230425 -0.8887961 -0.6622071 -0.3002834 -0.6865215 -0.6622076 -0.3002809 -0.6865221 -0.662207 -0.3002841 -0.6865213 -0.9725987 -0.02991777 -0.2305576 -0.9725961 -0.0299316 -0.2305667 -0.9725983 -0.02991986 -0.2305588 -0.9961165 0.04915958 -0.07304346 -0.9961161 0.04915225 -0.07305467 -0.9961164 0.04915779 -0.07304602 -0.4713829 -0.7349993 -0.4874159 -0.1097702 0.9718651 -0.2083958 -0.245223 0.9412653 -0.2321326 -0.2452311 0.9412646 -0.2321267 -0.2298668 0.9413041 -0.2472003 -0.4806576 -0.7358375 -0.4769816 -0.1686337 -0.9794352 0.110768 -0.1686337 -0.9794352 0.110768 -0.1686339 -0.9794352 0.1107677 -0.4001199 -0.879804 -0.2566104 -0.1097707 0.9718648 -0.2083969 -0.4001554 -0.8797959 -0.2565833 0.2452251 -0.9412641 0.2321348 0.07588368 -0.9807692 0.179815 -0.4713827 -0.7349994 -0.4874158 -0.4806576 -0.7358378 -0.4769813 0.2298668 -0.941304 0.2472006 0.2452318 -0.9412642 0.2321276 0.07591396 -0.980768 0.1798096 -0.06513828 -0.997177 0.03735238 -0.3749748 -0.9191121 -0.1209422 -0.3750177 -0.9190985 -0.1209129 0.07588177 -0.9807691 0.1798166 0.09767985 -0.8585312 -0.5033714 0.0978173 -0.8585411 -0.503328 -0.09855651 0.8532745 0.5120638 -0.09854388 0.8532716 0.512071 0.1063327 -0.6278368 -0.7710477 0.1063298 -0.6278372 -0.7710477 -0.5491393 -0.7104033 -0.4401968 -0.05534374 -0.8679563 0.4935474 -0.5491365 -0.7104046 -0.4401981 -0.5775683 -0.5784654 -0.5760145 -0.5775665 -0.5784676 -0.5760142 -0.5775832 -0.5784571 -0.5760079 -0.9999985 -0.001251339 -0.001255512 -0.9999985 -0.001251399 -0.001255452 -0.9999985 -0.001251399 -0.001255452 -0.1061204 -0.6278387 -0.7710753 -0.1061241 -0.627839 -0.7710745 0.09829795 0.8533039 0.5120645 0.0982753 0.8532984 0.5120782 -0.09816342 -0.8584955 -0.5033383 -0.09790003 -0.8585742 -0.5032556 -0.5785624 -0.5004395 -0.6440697 -0.5785859 -0.5004338 -0.6440532 -0.5786476 -0.5004045 -0.6440205 -0.5488935 -0.6795135 -0.4868034 0.05518454 -0.8679618 0.4935556 -0.5489144 -0.6795082 -0.4867871 -0.9999989 -0.00105375 -0.001047313 -0.9999989 -0.001053452 -0.001046955 -0.9999989 -0.001053452 -0.001046955 0.06932109 -0.8606445 -0.5044658 0.06932294 -0.8606446 -0.5044652 -0.06958174 0.8568814 0.5107962 -0.06957334 0.8568582 0.5108362 0.0751807 -0.6296278 -0.7732507 0.07517886 -0.6296281 -0.7732508 -0.5486831 -0.7061417 -0.4475612 -0.03905445 -0.868625 0.4939287 -0.548684 -0.7061411 -0.447561 -0.576043 -0.568507 -0.5873453 -0.5760096 -0.5685284 -0.5873572 -0.5760623 -0.5684925 -0.5873402 -1 0 0 -0.07511782 -0.6296455 -0.7732425 -0.07511997 -0.6296463 -0.7732416 0.06945013 0.8568697 0.5108337 0.06944203 0.8568692 0.5108358 -0.06967389 -0.8605461 -0.5045851 -0.0696721 -0.8605465 -0.5045845 -0.5767927 -0.5132067 -0.6355542 -0.5767464 -0.5132278 -0.6355791 -0.5767559 -0.5132233 -0.6355742 -0.5484743 -0.6843314 -0.4804859 0.03897505 -0.8686271 0.4939309 -0.5484855 -0.6843281 -0.4804778 -1 -3.89961e-5 -2.84482e-5 -1 -3.93345e-5 -2.87842e-5 -1 -4.00087e-5 -2.94586e-5 -0.9999987 -0.001188695 -0.001182615 -0.9999987 -0.001188516 -0.001182794 -1 -2.20559e-6 3.66823e-6 -0.9999999 -3.34828e-4 -3.43003e-4 -1 4.14644e-6 -4.0265e-6 -0.9999999 -3.34828e-4 -3.43003e-4 -0.9999987 -0.001154959 -0.001148939 1 2.20559e-6 -3.66823e-6 -0.9999987 -0.00115478 -0.001149058 -0.9999999 -3.34775e-4 -3.4295e-4 1 -4.14627e-6 4.0265e-6 -0.9999999 -3.34775e-4 -3.4295e-4 0.9156306 0.002281188 -0.4020145 0.9166678 0.01295197 -0.3994404 0.9166378 0.01262724 -0.3995196 0.9166158 0.01238721 -0.3995773 0.9153942 0 -0.4025589 0.9156246 0.002227067 -0.4020282 0.9190042 -0.01855343 0.3938111 0.9172473 1.40158e-6 0.3983182 0.9175975 -0.003431558 0.3974959 0.9175981 -0.003433287 0.3974945 0.9190754 -0.01939028 0.3936045 0.9189963 -0.01846271 0.3938337 -0.9175977 0.003431558 -0.3974958 -0.9172475 -1.40158e-6 -0.3983181 -0.9190039 0.01855361 -0.3938116 -0.9190043 0.0185554 -0.3938108 -0.9190754 0.01939022 -0.3936044 -0.9175977 0.003433525 -0.3974955 -0.9156246 -0.002227067 0.4020281 -0.9153942 0 0.4025589 -0.9166159 -0.01238727 0.3995775 -0.9166677 -0.01295191 0.3994404 -0.9156306 -0.002281069 0.4020144 0.002530634 -0.2284363 0.9735556 0.04653072 -0.8617925 -0.5051226 0.04653334 -0.8617925 -0.5051223 -0.04676449 0.8578595 0.5117523 -0.04678308 0.8578511 0.5117644 0.05206334 -0.6305694 -0.7743847 0.052064 -0.6305691 -0.7743849 -0.5485532 -0.7045994 -0.4501434 -0.03324443 -0.8688077 0.4940325 -0.5485938 -0.7045834 -0.4501191 -0.5755555 -0.5641485 -0.5920072 -0.5755466 -0.5641544 -0.5920102 -0.5755154 -0.5641694 -0.5920261 -1 0 -5.80821e-6 -0.05338609 -0.6305131 -0.7743405 -0.05366474 -0.6305598 -0.7742833 0.04786872 0.8577343 0.5118599 0.04787325 0.8577191 0.511885 -0.04772204 -0.8617402 -0.5051005 -0.04772168 -0.8617404 -0.5051001 -0.5762244 -0.5180176 -0.6321576 -0.5761941 -0.5180317 -0.6321737 -0.57621 -0.5180239 -0.6321656 -0.548498 -0.6857396 -0.4784466 0.03402996 -0.8687847 0.4940192 -0.5484479 -0.6857569 -0.4784793 -0.9999996 -6.47147e-4 -6.40092e-4 -0.9999996 -6.4718e-4 -6.40058e-4 -0.9999996 -6.47172e-4 -6.40067e-4 -0.9312856 -0.2326784 -0.2802998 -0.9312868 -0.2326953 -0.2802816 -0.931287 -0.2326973 -0.2802795 -0.913727 -0.2554033 -0.3160255 -0.9137309 -0.2554414 -0.3159836 -0.9137312 -0.2554446 -0.31598 -0.9727805 -0.2314582 -0.01119285 -0.9727805 -0.2314582 -0.01119285 -0.9727805 -0.2314582 -0.01119285 -0.9989541 -0.04186576 -0.01838546 -0.9989541 -0.04186576 -0.01838546 -0.9989541 -0.0418657 -0.01838546 -0.04787462 -0.9987727 -0.01269698 -0.04787462 -0.9987727 -0.01269698 -0.04787462 -0.9987727 -0.01269698 0.005182325 -0.9998925 -0.01372087 0.005182325 -0.9998925 -0.01372087 0.005182325 -0.9998925 -0.01372081 -0.05067086 -0.9977655 -0.043549 -0.05066603 -0.9977656 -0.04355382 -0.05066764 -0.9977655 -0.04355216 -0.0992676 -0.9900382 -0.09985131 -0.09927332 -0.9900383 -0.09984558 -0.09927922 -0.9900383 -0.09983968 -3.37122e-5 -3.38463e-5 -1 -3.37145e-5 -3.3844e-5 -1 -3.3712e-5 -3.38464e-5 -1 -3.37136e-5 -3.38448e-5 -1 -3.37086e-5 -3.38498e-5 -1 -3.37138e-5 -3.38446e-5 -1 -0.8355602 -0.3357089 -0.4349009 -0.8355619 -0.3357157 -0.4348925 0.9706882 -0.2403423 3.24759e-7 0.9706887 -0.240341 0 -0.8355661 -0.3357353 -0.4348693 -0.8355504 -0.335672 -0.4349481 -3.38453e-5 -1 -3.37131e-5 -3.3848e-5 -1 -3.37104e-5 -3.41882e-5 -1 -3.40446e-5 -3.38473e-5 -1 -3.37112e-5 -3.38497e-5 -1 -3.37088e-5 -3.3846e-5 -1 -3.37125e-5 -0.9706893 -0.240338 0 -0.970689 -0.2403393 -2.22052e-7 -0.9264586 -0.2339602 -0.294851 -0.926458 -0.2339527 -0.2948592 -0.9264563 -0.2339354 -0.2948783 -0.9609397 -0.1778315 -0.2120637 -0.9609396 -0.1778308 -0.2120645 -0.9609396 -0.1778313 -0.2120639 -0.7779788 -0.388634 -0.4936726 -0.7779817 -0.388642 -0.4936617 0.9998313 0.01765412 0.00507605 -0.9275964 -0.3735181 -0.007020354 0.9998316 0.01763719 0.005077123 -0.9275963 -0.3735182 -0.007020235 -0.9988743 -0.04743117 6.50738e-4 -0.9988789 -0.04733216 7.54882e-4 -0.9988743 -0.04743117 6.50734e-4 -0.07079285 -0.9945675 -0.0763154 -0.07079899 -0.9945675 -0.0763092 -0.07079976 -0.9945675 -0.07630842 -0.06922781 -0.9948144 -0.07451176 -0.0692318 -0.9948143 -0.07450771 -0.06923383 -0.9948143 -0.07450562 -2.34059e-4 -0.00719285 -0.9999742 -2.33971e-4 -0.007195711 -0.9999741 -2.33546e-4 -0.007184565 -0.9999742 -7.375e-5 -0.007081747 -0.999975 -7.3581e-5 -0.007081568 -0.999975 -7.49328e-5 -0.007082939 -0.9999749 -0.2487323 -0.9685723 2.14448e-4 0.7966809 -0.6041754 0.01648575 -0.8756219 -0.4828254 -0.01288884 0.7966648 -0.6041967 0.01647996 -0.875622 -0.4828252 -0.01288819 -0.03200632 -0.9991295 -0.02675294 -0.03200513 -0.9991297 -0.02675414 -0.0320065 -0.9991295 -0.02675276 -8.33547e-4 -0.01268464 -0.9999193 -0.4713796 -0.7349955 -0.4874249 -0.4713299 -0.7349923 -0.4874777 -0.4713572 -0.7349941 -0.4874486 -0.4807404 -0.7358329 -0.4769055 -0.2298678 0.9413059 -0.2471925 -0.4806554 -0.7358338 -0.4769896 -0.1686345 -0.9794358 0.1107611 -0.1686345 -0.9794358 0.1107611 -0.400123 -0.8798016 -0.2566139 -0.4001522 -0.879795 -0.2565914 -0.4001576 -0.8797937 -0.2565873 0.2452266 -0.9412657 0.2321271 0.07588499 -0.9807705 0.1798071 -0.4713795 -0.7349957 -0.4874245 -0.4807617 -0.7358324 -0.4768846 0.2298678 -0.9413059 0.2471925 0.2452325 -0.941266 0.2321193 0.075881 -0.9807773 0.1797719 -0.06513726 -0.9971772 0.03734743 -0.3750266 -0.9190945 -0.1209152 -0.3750174 -0.9190975 -0.1209216 0.07588171 -0.9807705 0.1798088 0.0980888 -0.8585645 -0.5032353 0.09808933 -0.8585644 -0.5032354 -0.09855616 0.8532761 0.5120614 -0.09854197 0.8532704 0.5120734 0.1059041 -0.6279066 -0.7710499 0.1063303 -0.6278347 -0.7710496 -0.5491266 -0.7104299 -0.4401698 -0.05534166 -0.8679627 0.4935363 -0.5491247 -0.7104304 -0.4401713 -0.5775698 -0.5784782 -0.5760002 -0.577565 -0.5784813 -0.5760018 -0.5775825 -0.5784705 -0.575995 -1 2.77747e-6 -1.89029e-5 -0.1061259 -0.6278272 -0.7710839 -0.1061259 -0.6278272 -0.7710839 0.09829944 0.8532958 0.5120775 0.09827661 0.8533001 0.5120748 -0.09790229 -0.8585777 -0.503249 -0.09790277 -0.8585776 -0.5032491 -0.5785624 -0.5003318 -0.6441534 -0.5785831 -0.5003231 -0.6441416 -0.5786481 -0.5002935 -0.6441062 -0.5488911 -0.6795048 -0.4868181 0.05518519 -0.8679735 0.4935348 -0.5489185 -0.6794953 -0.4868005 -1 -2.40702e-4 -2.3801e-4 -1 -2.40024e-4 -2.3734e-4 -1 -2.39531e-4 -2.36822e-4 0.06932324 -0.86065 -0.5044561 0.06932371 -0.86065 -0.5044559 -0.06958413 0.8568636 0.5108256 -0.06957191 0.8568661 0.5108233 0.07517856 -0.6296024 -0.7732716 0.07517856 -0.6296024 -0.7732717 -0.5486705 -0.7061668 -0.4475367 -0.03905469 -0.8686318 0.4939165 -0.5487049 -0.7061524 -0.4475172 -0.5760565 -0.5685973 -0.5872445 -0.576024 -0.5686162 -0.5872581 -0.5760759 -0.5685849 -0.5872374 -0.9999981 -0.001395225 -0.00138235 -0.9999981 -0.001395285 -0.001382291 -0.9999981 -0.001395285 -0.001382291 -0.0751242 -0.629616 -0.7732658 -0.07512044 -0.6296159 -0.7732664 0.06945049 0.8568798 0.5108167 0.06944173 0.8568691 0.5108357 -0.06927001 -0.8606516 -0.5044606 -0.06927204 -0.8606511 -0.5044612 -0.5767996 -0.5132999 -0.6354728 -0.5767523 -0.513324 -0.635496 -0.576763 -0.5133188 -0.6354905 -0.548475 -0.6843239 -0.4804956 0.03897529 -0.8686361 0.4939152 -0.5484867 -0.6843188 -0.4804895 -1 -3.89957e-5 -2.84488e-5 -1 -3.93336e-5 -2.87853e-5 -1 -4.00082e-5 -2.94593e-5 -0.9999955 -0.002135634 -0.002130806 -0.9999955 -0.002135396 -0.002131044 -1 0 4.57602e-6 -0.9999959 -0.002031683 -0.002031862 -1 2.14407e-6 1.98735e-6 -0.9999959 -0.002031683 -0.002031862 -0.9999953 -0.002169549 -0.002164721 1 0 -4.57602e-6 -0.9999953 -0.002169251 -0.002164959 -0.9999957 -0.002065598 -0.002065777 1 -2.14394e-6 -1.98735e-6 -0.9999957 -0.002065598 -0.002065777 -0.2432277 -0.9433692 0.2255994 -0.3310825 -0.8753281 0.3523991 -0.05509889 -0.986674 0.1530966 0.2441432 -0.9686719 0.04548442 0.3349518 -0.9411959 0.04424446 0.2654438 -0.9613789 0.07273453 0.2654233 -0.9613842 0.07273823 0.1273269 -0.9898755 0.06272459 0.2441222 -0.9686765 0.04549956 -0.05507385 -0.9866724 0.1531162 -0.085204 -0.9937673 0.07188105 -0.2432125 -0.9433613 0.2256484 -0.3311007 -0.8753358 0.3523629 0.2441521 -0.9686694 0.04549032 0.1273363 -0.9898736 0.06273698 0.127325 -0.9898741 0.0627526 -0.05505454 -0.986673 0.1531189 -0.3310894 -0.8753274 0.3523944 0.3310817 0.8753305 -0.3523939 0.2432116 0.9433708 -0.2256099 0.05508595 0.9866732 -0.1531065 -0.3349517 0.941196 -0.04424446 -0.2441432 0.968672 -0.04548287 -0.2654412 0.9613801 -0.07272768 -0.1273244 0.9898753 -0.06273233 -0.265424 0.9613838 -0.0727424 -0.2441248 0.9686758 -0.04550105 0.085204 0.9937674 -0.07188075 0.05507731 0.986672 -0.1531171 0.2432206 0.9433613 -0.2256398 -0.2441496 0.9686697 -0.0454967 0.3310918 0.8753343 -0.3523748 -0.1273375 0.9898735 -0.06273627 0.05505323 0.9866738 -0.1531143 -0.1273253 0.9898742 -0.0627489 0.3311006 0.8753316 -0.3523734 0.9156286 0.002280712 -0.4020189 0.9166659 0.01295149 -0.3994448 0.9166144 0.01239484 -0.3995805 0.916614 0.01238745 -0.3995816 0.9153923 2.53003e-7 -0.4025631 0.9156227 0.002227306 -0.4020323 0.9190045 -0.01855272 0.3938105 0.9172476 2.10242e-6 0.3983175 0.917598 -0.003430843 0.3974952 0.9175984 -0.003433108 0.3974939 0.9190757 -0.01939016 0.393604 0.9190046 -0.01855522 0.3938101 -0.9175931 0.00338447 -0.3975066 -0.9172475 -2.10242e-6 -0.3983177 -0.9190041 0.01855289 -0.3938113 -0.9190046 0.01855522 -0.3938101 -0.9190757 0.0193901 -0.3936039 -0.917598 0.003433346 -0.3974949 -0.9156228 -0.002227067 0.4020324 -0.9153922 0 0.4025632 -0.9166139 -0.01238727 0.3995819 -0.9166058 -0.01230198 0.3996031 -0.9166658 -0.01295143 0.3994448 -0.9156286 -0.002280592 0.4020187 0.002502679 -0.2287192 0.9734892 0.04653584 -0.8617965 -0.5051152 0.04653602 -0.8617965 -0.5051152 -0.04676693 0.8578677 0.5117383 -0.04678529 0.8578677 0.5117366 0.05206745 -0.6305519 -0.7743988 0.05206626 -0.630552 -0.7743988 -0.5485402 -0.7046241 -0.4501206 -0.03324657 -0.8688145 0.4940205 -0.5485832 -0.7046075 -0.4500943 -0.5755499 -0.5641261 -0.5920339 -0.5755494 -0.5641267 -0.5920338 -0.5755149 -0.5641468 -0.5920482 -0.9999942 -0.002406537 -0.002401053 -0.9999942 -0.002406597 -0.002400994 -0.9999942 -0.002406716 -0.002400875 -0.05338591 -0.6305177 -0.7743368 -0.05338639 -0.6305177 -0.7743367 0.04786741 0.8577384 0.5118532 0.04787254 0.857725 0.5118751 -0.04772317 -0.8617478 -0.5050875 -0.04799115 -0.8616847 -0.5051696 -0.5762262 -0.5180034 -0.6321676 -0.576196 -0.5180197 -0.6321818 -0.5762124 -0.5180113 -0.6321737 -0.5484885 -0.6857623 -0.478425 0.03402823 -0.8687948 0.4940017 -0.5484386 -0.6857783 -0.4784594 -0.9999976 -0.001562118 -0.001553237 -0.9999976 -0.001562535 -0.001553535 -0.9999976 -0.001563549 -0.001554548 -0.931269 -0.2327119 -0.2803272 -0.9312702 -0.2327289 -0.2803087 -0.9312704 -0.2327306 -0.2803071 -0.9137272 -0.2554053 -0.3160237 -0.9137307 -0.255441 -0.3159844 -0.9137312 -0.2554455 -0.3159794 -0.9727814 -0.2314544 -0.0111894 -0.9727814 -0.2314544 -0.01118946 -0.9727814 -0.2314544 -0.01118946 -0.9989541 -0.04186606 -0.01838225 -0.9989541 -0.04186606 -0.01838225 -0.9989541 -0.04186606 -0.01838225 -0.04786443 -0.9987732 -0.01269459 -0.04786443 -0.9987732 -0.01269459 -0.04786443 -0.9987732 -0.01269459 0.004976332 -0.9998908 -0.01392066 0.004976332 -0.9998908 -0.01392066 0.004976332 -0.9998908 -0.01392066 -0.05073624 -0.9977594 -0.04361385 -0.05073136 -0.9977595 -0.04361879 -0.05073302 -0.9977594 -0.04361706 -0.09926778 -0.9900385 -0.09984815 -0.09927332 -0.9900385 -0.0998426 -0.0992791 -0.9900385 -0.09983682 -3.40911e-5 -3.422e-5 -1 -3.40911e-5 -3.422e-5 -1 -3.40903e-5 -3.42208e-5 -1 -3.40918e-5 -3.42193e-5 -1 -3.40897e-5 -3.42215e-5 -1 -3.40906e-5 -3.42206e-5 -1 -0.835559 -0.3357121 -0.4349007 -0.8355607 -0.3357189 -0.4348924 0.9706891 -0.2403386 1.80068e-7 0.9706892 -0.240338 0 -0.8355651 -0.3357376 -0.4348693 -0.8355495 -0.3356744 -0.4349481 -3.36319e-5 -1 -3.34946e-5 -3.36324e-5 -1 -3.3494e-5 -3.3631e-5 -1 -3.34954e-5 -3.3846e-5 -1 -3.37125e-5 -0.9706894 -0.2403376 0 -0.9706891 -0.2403386 -1.81434e-7 -0.9264751 -0.2339274 -0.2948252 -0.9264745 -0.2339209 -0.2948324 -0.9264727 -0.233903 -0.294852 -0.9609394 -0.1778289 -0.2120672 -0.9609394 -0.1778282 -0.2120679 -0.9609398 -0.1778385 -0.2120572 -0.7779758 -0.3886359 -0.4936758 -0.7779784 -0.3886429 -0.4936664 0.9998313 0.01765835 0.005079269 -0.9276496 -0.3733907 -0.006773233 0.9998315 0.0176407 0.005080819 -0.9276495 -0.3733907 -0.006773233 -0.9988883 -0.04713022 9.60748e-4 -0.9988884 -0.04713022 9.60747e-4 -0.9988883 -0.04713022 9.60744e-4 -0.07079249 -0.9945673 -0.07631868 -0.0707997 -0.9945673 -0.0763114 -0.07080006 -0.9945673 -0.07631105 -0.0692386 -0.9948144 -0.07450085 -0.06922841 -0.9948144 -0.07451111 -0.06923055 -0.9948144 -0.07450896 -2.51287e-4 -0.007174611 -0.9999743 -2.52977e-4 -0.00717628 -0.9999742 -2.45872e-4 -0.007169246 -0.9999743 -4.4481e-5 -0.007079482 -0.999975 -4.73575e-5 -0.007082343 -0.9999749 -2.89186e-5 -0.007064044 -0.9999752 -0.2487252 -0.9685741 2.1079e-4 0.7967433 -0.6040931 0.01648855 -0.8755613 -0.4829278 -0.01316267 0.7967346 -0.6041035 0.01652598 -0.8755613 -0.4829278 -0.01316267 -0.03197246 -0.9991315 -0.02672219 -0.03197115 -0.9991315 -0.0267235 -0.03197264 -0.9991315 -0.02672201 -0.8756386 -0.2949509 -0.3824413 -0.8756358 -0.2949357 -0.3824593 -0.8756376 -0.2949463 -0.3824466 -0.9321888 -0.22736 -0.2816588 -0.9321905 -0.2273809 -0.2816361 -0.9321893 -0.2273668 -0.2816514 -0.662908 -0.4940689 -0.562538 -0.6628674 -0.4940094 -0.5626381 0.9995977 0.02568089 0.01203775 -0.803763 -0.5947864 -0.01393967 0.9995946 0.0256952 0.01226931 -0.8037629 -0.5947865 -0.01393967 -0.996258 -0.0863974 0.0023368 -0.9962581 -0.0863974 0.0023368 -0.996258 -0.0863974 0.0023368 -0.05260133 -0.9970602 -0.05571573 -0.05259835 -0.9970601 -0.05571871 -0.05260217 -0.9970602 -0.0557149 -0.05141431 -0.9971947 -0.05440241 -0.05141031 -0.9971945 -0.0544064 -0.05141305 -0.9971947 -0.05440366 -1.33836e-4 -0.007190704 -0.9999741 -1.34003e-4 -0.007190883 -0.9999741 -1.33332e-4 -0.007190227 -0.9999741 -3.81365e-5 -0.007088541 -0.9999749 -3.81376e-5 -0.007088541 -0.9999749 -3.76334e-5 -0.007088065 -0.9999749 -0.13834 -0.9903848 2.84202e-4 0.9011929 -0.4316014 0.03964376 -0.7021152 -0.7116386 -0.02459377 0.9011813 -0.4316264 0.03963482 -0.7021152 -0.7116386 -0.02459257 -0.05456137 -0.9972809 -0.04953819 -0.05456084 -0.9972809 -0.04953879 -0.05455857 -0.9972809 -0.04954105 -0.8878152 -0.2816008 -0.3639851 -0.8878108 -0.2815729 -0.3640173 -0.8878144 -0.2815957 -0.363991 -0.938872 -0.2174829 -0.2668719 -0.9388706 -0.2174639 -0.2668923 -0.9388719 -0.2174819 -0.2668729 -0.06066471 0.03605186 -0.9975069 -0.0606631 0.03605389 -0.997507 0.02879005 0.004913866 0.9995735 -0.02161866 -0.01420354 -0.9996654 0.02879905 0.00489968 0.9995732 -0.02161866 -0.01420354 -0.9996654 -0.9679947 -0.2509595 0.002382278 -0.9679946 -0.2509594 0.002382218 -0.9679946 -0.2509594 0.002382218 -0.997053 -0.07662475 -0.003732264 -0.9970531 -0.07662481 -0.003732204 -0.997053 -0.07662475 -0.003732264 -0.05564641 -0.9966961 -0.05916398 -0.05564397 -0.9966962 -0.05916607 -0.05564159 -0.9966961 -0.05916845 -0.05448269 -0.9968376 -0.05784958 -0.05447888 -0.9968376 -0.0578531 -0.05448067 -0.9968376 -0.05785137 -0.1955805 -0.2577733 -0.9462037 -0.195561 -0.2578149 -0.9461963 -0.1956024 -0.2578223 -0.9461858 -0.4322503 -0.3329272 -0.8380449 -0.4322336 -0.3329398 -0.8380485 -0.4322097 -0.3329591 -0.8380531 -0.4263935 -0.3278487 -0.8430326 -0.001411616 0.2285669 -0.9735272 -0.4263853 -0.3278474 -0.8430373 -1.28306e-4 -0.005746424 -0.9999835 -1.28132e-4 -0.005746245 -0.9999835 -1.26785e-4 -0.005744874 -0.9999835 -0.005012631 -0.004994809 -0.999975 -3.87982e-6 -2.15828e-5 1 -0.00501275 -0.004995405 -0.999975 -0.2112072 -0.1822581 -0.9602987 -0.2111905 -0.1822742 -0.9602993 -0.2112013 -0.1822645 -0.9602988 -0.00140053 -0.9999973 -0.001875281 -0.1680531 -0.9652386 -0.2001813 -0.1680561 -0.9652388 -0.2001782 -0.1680558 -0.9652387 -0.2001785 -0.05909109 -0.9853584 -0.1599287 -0.05890727 -0.9854027 -0.1597233 -0.05890661 -0.9854029 -0.159722 -0.05736887 -0.9852702 -0.1610953 -0.05739742 -0.9852789 -0.1610312 -0.05735707 -0.9852674 -0.161116 -0.1702401 -0.9716829 -0.1638621 -0.1702512 -0.9716833 -0.1638478 0.01292854 -0.9996969 0.02095353 -0.6870288 -0.6286551 -0.3643958 -0.6870236 -0.6286608 -0.3643957 -0.6870675 -0.6286078 -0.3644043 -0.583517 -0.5875279 -0.5606415 -0.5835006 -0.5875416 -0.5606444 -0.583567 -0.5874855 -0.560634 -0.8776227 -0.4320902 -0.2075489 -0.8775993 -0.4321234 -0.2075787 -0.877615 -0.4320766 -0.2076103 -0.6226148 -0.621079 -0.4760376 -0.6226889 -0.6210039 -0.4760387 -0.622659 -0.6210342 -0.4760381 -0.7004975 0.04213601 -0.7124099 -0.700505 0.04213374 -0.7124027 -0.7005117 0.04213619 -0.7123959 -0.562146 -0.4011114 -0.7232577 -0.5621538 -0.4011062 -0.7232545 -0.5621822 -0.4010925 -0.72324 -0.9952922 -0.06133687 -0.07504183 -0.9952918 -0.06133913 -0.07504516 -0.9952921 -0.0613377 -0.07504236 -0.9722457 0.03821992 -0.2308192 -0.9722461 0.03821855 -0.2308184 -0.9722273 0.03796124 -0.2309395 -0.05893212 -0.985407 -0.1596872 -0.05893403 -0.9854066 -0.1596894 -0.05893343 -0.9854068 -0.1596887 -0.05758935 -0.9852126 -0.1613681 -0.05758011 -0.9852145 -0.16136 -0.05756169 -0.9852183 -0.1613431 -0.1399137 -0.9900444 -0.01537621 -0.6860219 -0.6266461 -0.3697145 -0.6860326 -0.6266345 -0.369714 -0.6860085 -0.6266638 -0.3697094 -0.5950116 -0.6009309 -0.5337071 -0.5950195 -0.6009247 -0.5337052 -0.5949651 -0.6009741 -0.5337105 -0.8776264 -0.4320783 -0.207558 -0.8776181 -0.4321033 -0.2075408 -0.8776342 -0.4320556 -0.2075726 -0.6440181 -0.6248151 -0.4414145 -0.6439738 -0.6248649 -0.4414087 -0.6439391 -0.6249027 -0.4414058 -0.698829 0.0701375 -0.711842 -0.6988159 0.07012486 -0.711856 -0.6988288 0.07013297 -0.7118425 -0.5600658 -0.3947644 -0.7283457 -0.5600709 -0.3947588 -0.7283447 -0.5600357 -0.3947787 -0.7283611 -0.9953554 -0.06022256 -0.07510668 -0.9953559 -0.06021827 -0.07510298 -0.9953411 -0.06032812 -0.07521158 -0.9723193 0.03700304 -0.2307077 -0.9723755 0.03693884 -0.2304811 -0.9723027 0.03728908 -0.230732 -0.9025006 -0.430497 0.01285433 -0.902509 -0.4304796 0.01285028 -0.6757522 -0.4804907 -0.559006 -0.6757372 -0.4804685 -0.5590432 -0.6757783 -0.4805292 -0.5589415 -0.6757753 -0.480538 -0.5589374 -0.6757704 -0.4805309 -0.5589494 -0.6757549 -0.4805074 -0.5589883 -0.1702522 -0.9744898 -0.146233 -0.170248 -0.9744899 -0.1462371 -0.1702459 -0.9744899 -0.1462391 -0.1702372 -0.9744902 -0.1462475 -0.1702396 -0.9744901 -0.1462452 -0.1702526 -0.9744898 -0.1462326 -0.8533152 -0.5211647 0.0155164 -0.8533152 -0.5211646 0.0155164 -0.853322 -0.5211533 0.01551824 -0.8533221 -0.5211533 0.01551824 -0.8533222 -0.5211533 0.01551824 -0.7320361 -0.4283463 -0.5297572 -0.7320233 -0.4283206 -0.5297957 -0.7320104 -0.428295 -0.5298341 -0.7320282 -0.4283202 -0.5297892 -0.7320175 -0.428299 -0.529821 -0.7320234 -0.4283108 -0.5298035 -0.1702186 -0.9745007 -0.1461983 -0.1702175 -0.9745008 -0.1461994 -0.1702134 -0.9745009 -0.1462034 -0.1701889 -0.9745094 -0.1461751 -0.1701874 -0.9745095 -0.1461765 -0.1701985 -0.9745092 -0.1461657 -3.37107e-5 -3.38478e-5 -1 -3.37102e-5 -3.38482e-5 -1 -3.37154e-5 -3.38431e-5 -1 -0.02434778 -0.02432376 -0.9994077 -0.02434909 -0.02432185 -0.9994077 -0.02435129 -0.02431893 -0.9994077 3.68503e-5 -2.06895e-4 -1 3.68473e-5 -2.06892e-4 -1 3.6852e-5 -2.06897e-4 -1 -3.37422e-4 -2.21967e-4 -1 -3.37436e-4 -2.21955e-4 -1 -3.36706e-4 -2.21011e-4 -1 -0.979268 0.1899496 0.07038062 -0.7824183 -0.3471617 -0.5170111 -0.7824235 -0.3471701 -0.5169975 -0.6787825 -0.4942019 -0.5431564 -0.9601303 0.2721201 -0.06403529 -0.9792694 0.1899379 0.07039207 -0.386673 0.1765616 -0.9051575 -0.4941271 -0.5262143 -0.6920527 -0.4940971 -0.52625 -0.692047 -0.494171 -0.526162 -0.6920612 0.9578942 0.2671582 -0.1051913 -0.7800278 -0.5589397 0.2813243 -0.7738204 -0.5990809 -0.2056795 -0.7738224 -0.5990779 -0.205681 0.9579013 0.2671306 -0.1051975 -0.5608349 -0.5724107 -0.5981725 -0.5608227 -0.5724284 -0.598167 -0.5608729 -0.5723556 -0.5981895 -1 -2.12937e-4 -3.0728e-4 -0.7165023 -0.5534906 -0.4245853 -0.71652 -0.5534503 -0.4246079 -0.7164793 -0.5535427 -0.4245562 -0.7119582 -0.5555152 -0.4295563 -0.7119799 -0.5554662 -0.4295835 -0.7119764 -0.5554744 -0.4295787 -0.9999998 -2.46336e-4 -6.12705e-4 -0.9999998 -2.46343e-4 -6.12699e-4 -0.9999998 -2.46339e-4 -6.12702e-4 -0.5847876 0.1540898 -0.7964169 -0.5847877 0.1540893 -0.7964169 -0.5847876 0.1540898 -0.7964169 -0.852674 0.09748262 -0.5132682 -0.852674 0.09748262 -0.5132682 -0.852674 0.09748262 -0.5132682 -0.8604709 0.09904551 -0.4997798 -0.9601283 0.2721245 -0.06404769 -0.9993521 0.03533315 0.006861388 -0.9976208 -5.14819e-4 -0.06893891 -0.9601328 0.2721171 -0.06401109 -0.8214187 -0.4166916 -0.3894093 -0.9918413 -0.01231324 0.1268826 -0.9601317 0.2721208 -0.06401169 -0.9918414 -0.01230913 0.126883 -0.9792708 0.189927 0.07040387 -0.4451314 0.1009442 -0.8897574 -0.4485149 0.0909639 -0.8891344 -0.4520794 0.09695041 -0.8866933 -0.450621 0.0846138 -0.8886964 -0.4520682 0.09692937 -0.8867013 -0.4801908 -0.5381696 -0.6926691 -0.480131 -0.5382518 -0.6926466 -0.4802081 -0.5381459 -0.6926755 -0.4895029 -0.5406317 -0.6841816 -0.4895661 -0.5405458 -0.6842041 -0.4895724 -0.5405374 -0.6842063 0.9984519 0.03612136 -0.04229974 -0.974395 -0.2186816 -0.05227512 -0.974395 -0.2186819 -0.05227553 -0.8223806 -0.449813 -0.3483657 0.9578992 0.2671331 -0.1052099 0.9984522 0.03614127 -0.04227548 -0.7189514 -0.5350526 -0.4436526 -0.7189565 -0.5350373 -0.4436628 -0.7189563 -0.5350384 -0.4436619 -0.7250192 -0.5319967 -0.4374092 -0.7250213 -0.5319901 -0.4374139 -0.7250183 -0.5319989 -0.437408 -0.8899303 5.02306e-6 -0.4560967 -0.8899303 5.0144e-6 -0.4560966 -0.8899303 5.01528e-6 -0.4560967 -0.8918692 0.001557826 -0.4522908 -0.8918692 0.001557826 -0.4522908 -0.8918692 0.001557826 -0.4522908 -0.9976317 -0.0011819 -0.06877332 -0.9993517 0.03534185 0.006863474 -0.9993526 0.03532481 0.006841719 -0.9991542 -5.12339e-4 0.0411176 -0.9977098 -5.11594e-4 -0.06763917 -0.4759848 0.001294612 -0.8794526 -0.476164 0.001195371 -0.8793557 -0.4561213 -0.5433068 -0.7048199 -0.4561259 -0.5432995 -0.7048226 -0.456103 -0.5433349 -0.7048102 -0.4564217 -0.5434307 -0.70453 -0.4564501 -0.5433871 -0.7045452 -0.4564348 -0.5434107 -0.7045369 0.9999514 -4.20433e-4 -0.009863734 -0.998017 1.48595e-4 -0.062945 0.9984518 0.03611886 -0.04230332 -0.7249341 -0.5320132 -0.4375303 -0.7249348 -0.5320108 -0.4375319 -0.7249156 -0.5320699 -0.4374919 -0.7208829 -0.5350486 -0.4405122 -0.7208819 -0.5350512 -0.4405105 -0.7208801 -0.5350565 -0.4405071 -0.3058913 -0.3962219 -0.8657013 -0.3059036 -0.3962152 -0.8657001 -0.3058726 -0.396248 -0.865696 -0.8884436 -8.03585e-4 -0.4589853 -0.8884435 -8.04014e-4 -0.4589855 -0.8884435 -8.03577e-4 -0.4589852 -0.8899254 2.10576e-4 -0.4561061 -0.8899254 2.10576e-4 -0.4561061 -0.8899255 2.10566e-4 -0.4561061 -0.9977163 -6.29957e-4 -0.06754076 -0.9991542 -5.16926e-4 0.04112029 -0.9986907 -0.004274845 0.05097699 -0.9986906 -0.004273116 0.05098015 -0.9974834 3.72606e-4 -0.07090061 -0.7226943 -0.5327962 -0.4402742 -0.722709 -0.5327515 -0.4403041 -0.7226994 -0.5327807 -0.4402846 -0.7192793 -0.5354625 -0.4426254 -0.7192655 -0.5355042 -0.4425974 -0.7192942 -0.5354183 -0.4426549 -0.8885403 -2.61677e-4 -0.4587985 -0.8885403 -2.61679e-4 -0.4587985 -0.8885406 -2.61947e-4 -0.4587981 -0.8933034 -0.00491935 -0.4494274 -0.8933034 -0.00491935 -0.4494274 -0.8933033 -0.00491929 -0.4494275 -0.9987632 -0.01576679 -0.04715502 -0.9986905 -0.00427103 0.05098253 -0.9993039 -4.77305e-4 -0.03730571 -0.9986906 -0.004272878 0.05098009 -0.97492 -0.1473453 0.1667945 -0.9044252 -0.3880811 -0.1772238 -0.9749221 -0.1473161 0.1668083 -0.9044206 -0.3880968 -0.1772127 -0.4613882 -0.06688994 -0.8846732 -0.3717722 -0.01564389 -0.9281923 -0.4546977 -0.5432666 -0.7057701 -0.4547188 -0.5432339 -0.7057817 -0.4547082 -0.5432505 -0.7057758 -0.3794903 -0.5121215 -0.7705315 -0.379507 -0.5120961 -0.7705401 -0.3795268 -0.5120663 -0.7705503 0.9803556 -0.1378806 0.1410393 -0.9984348 0.006662607 -0.05553001 -0.9984348 0.006662607 -0.05553001 -0.9979599 1.83103e-4 -0.06384366 0.9999636 -1.89156e-4 -0.008532226 0.9803519 -0.1378988 0.1410468 -0.9548074 -0.2316685 -0.1862055 -0.9548074 -0.2316685 -0.1862055 -0.9774423 -0.2007762 -0.06553924 -0.9774423 -0.2007765 -0.06553959 -0.9010936 -0.4295027 -0.05964702 -0.9218996 -0.3863058 -0.02948391 -0.974924 -0.147331 0.1667838 -0.9749237 -0.1473131 0.1668012 -0.8690629 -0.4664961 0.1646546 -0.9011086 -0.429471 -0.05965054 -0.8645599 -0.05722957 -0.4992605 0.9803516 -0.1378791 0.1410677 0.879264 -0.4467161 0.1653469 -0.3786267 -0.8786197 -0.2909801 -0.3785895 -0.8786258 -0.2910099 -0.3786393 -0.8786181 -0.2909682 -0.358119 -0.8910918 -0.2787584 -0.5613737 0.6293905 0.5373334 -0.358133 -0.8910905 -0.2787443 -0.2241159 -0.6632381 -0.7140639 -0.2241193 -0.6632049 -0.7140938 -0.2241206 -0.6631907 -0.7141065 -0.5170341 -0.7442893 -0.4227403 -0.5169981 -0.7443 -0.4227652 -0.5170288 -0.7442905 -0.4227444 -0.5160626 -0.7461596 -0.4206252 -0.5160897 -0.7461518 -0.4206054 -0.5160644 -0.7461587 -0.4206243 -0.4875823 -0.5900932 -0.64347 -0.5011822 -0.6410295 -0.5812897 -0.501188 -0.6410377 -0.5812755 -0.5012273 -0.6410903 -0.5811838 -0.7190216 -0.3750078 -0.5851301 0.8792695 -0.4467099 0.1653344 -0.7190464 -0.3750229 -0.5850899 -0.7747021 -0.5744335 0.2643162 -0.869065 -0.4664927 0.1646536 -0.6288646 -0.7621478 -0.1538186 -0.9601321 0.2721123 -0.06404221 -0.7821797 -0.2129622 -0.5855273 -0.7821544 -0.2129487 -0.5855658 -0.6954553 -0.4227178 -0.5810781 -0.6954526 -0.422716 -0.5810826 -0.9601315 0.2721151 -0.06403869 0.9785318 0.1964836 0.06220734 0.9578979 0.2671324 -0.1052241 -0.8818011 -0.4616758 -0.09634459 -0.9119293 -0.391974 0.1214146 0.9785386 0.1964502 0.06220579 -0.749546 -0.4706989 -0.4654282 -0.9750012 0.1087847 0.193749 -0.7495307 -0.4707539 -0.4653972 -0.9375036 -0.2711139 -0.2181382 0.9984522 0.03613328 -0.04228121 0.9578977 0.2671312 -0.1052278 0.993331 -0.008901 0.1149536 -0.9794844 -0.1080762 -0.1700881 0.9578985 0.2671327 -0.1052172 0.9933336 -0.008920729 0.114929 0.9578957 0.2671396 -0.1052251 0.9785357 0.1964614 0.06221628 -0.8912268 -0.3585064 -0.277827 -0.8912256 -0.3585166 -0.2778182 -0.9991551 -5.12786e-4 0.04109627 -0.9991546 -4.92953e-4 0.04111093 -0.9749983 0.1087999 0.1937552 -0.8071447 -0.4477283 -0.3847816 -0.9350625 -0.2765055 -0.2218174 0.9999514 -4.18585e-4 -0.009852647 0.998452 0.03612399 -0.04229491 0.9984523 0.03613644 -0.04227614 -0.9383174 -0.2703239 -0.2156052 -0.9383183 -0.2703105 -0.2156177 -0.9986912 -0.004272818 0.05096995 -0.9991555 -5.10037e-4 0.04108691 -0.8910872 -0.3588157 -0.277876 0.9999513 -4.54456e-4 -0.00987035 -0.8428043 -0.5204313 -0.1372308 -0.8427894 -0.5204725 -0.1371663 0.9999514 -4.15035e-4 -0.009862899 -0.9334729 -0.2787151 -0.2257128 -0.9334726 -0.2787178 -0.2257105 0.9999637 -1.95063e-4 -0.008529007 0.9999513 -4.18853e-4 -0.00987178 -0.9365729 -0.2732282 -0.2194941 -0.9749279 -0.1473041 0.1667848 -0.9986904 -0.004278123 0.05098283 -0.8910425 -0.3588121 -0.278024 -0.9540693 -0.2563949 -0.1549627 -0.9540662 -0.2564191 -0.1549417 -0.9749222 -0.1473278 0.1667972 0.9803568 -0.1378628 0.1410483 0.9999638 -1.91174e-4 -0.008518218 -0.9366192 -0.2730706 -0.2194926 0.980358 -0.1378673 0.1410351 -0.968208 -0.1805726 -0.173109 -0.968208 -0.1805811 -0.1731007 0.980358 -0.1378788 0.1410236 -0.9712702 0.1319769 -0.1980312 -0.9712702 0.1319769 -0.1980312 -0.9749198 -0.1473423 0.1667985 -0.8382607 -0.521871 -0.1580177 -0.8690612 -0.4665035 0.1646422 0.9047482 -0.4209662 -0.06494855 0.8792599 -0.4467275 0.165338 0.9803581 -0.1378755 0.1410261 0.9803573 -0.1378611 0.1410458 -0.9036582 -0.1085985 -0.4142562 0.9047502 -0.4209622 -0.06494599 -0.5113577 -0.7525863 -0.4148822 -0.5113571 -0.7525865 -0.4148826 -0.5113074 -0.7526006 -0.4149186 -0.654896 -0.5038725 -0.5632264 0.8792656 -0.4467144 0.1653433 0.904744 -0.4209737 -0.06495732 0.9047533 -0.4209536 -0.06495821 -0.6496381 -0.5164967 -0.5578545 -0.6496355 -0.5164908 -0.557863 -0.9011078 -0.4294729 -0.05964702 -0.8690638 -0.46649 0.1646673 -0.8031452 -0.5955237 -0.01758837 -0.8198998 -0.5662491 -0.08441758 -0.9011123 -0.4294626 -0.05965512 -0.7195592 -0.09556484 -0.6878241 -0.7195585 -0.09556615 -0.6878246 -0.7195589 -0.09556525 -0.6878243 -0.7783216 -0.1093506 -0.6182703 -0.7783212 -0.1093525 -0.6182705 -0.7783211 -0.1093525 -0.6182705 -0.08090031 -0.9933129 -0.08236843 -0.08089905 -0.993313 -0.08236908 -0.08090579 -0.9933131 -0.08236169 -0.9011154 -0.4294588 -0.05963462 -0.9694072 -0.198835 -0.1439252 -0.9680705 -0.247129 0.04203599 -0.9011048 -0.42948 -0.05964303 -0.7901623 -0.5670121 -0.2326821 -0.7901626 -0.567012 -0.2326814 -0.8090369 -0.5602838 -0.1775992 -0.8091287 -0.5602364 -0.1773304 -0.8090367 -0.5602841 -0.1775988 -0.6197877 -0.5445444 -0.565097 -0.619803 -0.5445826 -0.5650435 -0.6197795 -0.5445217 -0.565128 -0.6091171 -0.5548667 -0.5666562 -0.6204185 0.2509123 0.7430504 -0.6091215 -0.5548784 -0.5666401 -0.8734226 -0.2771714 -0.400386 -0.8734281 -0.2771934 -0.4003587 -0.8734316 -0.2772059 -0.4003425 -0.7729109 -0.4340624 -0.4628159 0.9047535 -0.4209532 -0.0649591 -0.7729148 -0.4341011 -0.4627732 0.9047536 -0.4209559 -0.06493884 -0.619664 -0.5446957 -0.5650869 -0.6196813 -0.5447421 -0.5650232 -0.6517801 -0.5141185 -0.5575526 -0.6517582 -0.5140688 -0.5576242 0.9047589 -0.4209442 -0.06494086 -0.8080323 -0.5797893 -0.1045382 -0.8107068 -0.5598993 -0.1710765 -0.9011037 -0.4294797 -0.0596596 -0.7560164 -0.5868806 -0.2898457 -0.7559845 -0.5869303 -0.2898281 -0.7560035 -0.5869005 -0.289839 -0.836034 -0.534046 -0.1258651 -0.836035 -0.5340443 -0.1258658 -0.8360528 -0.5340135 -0.1258789 -0.8277812 -0.1277572 -0.5463117 -0.8277715 -0.1277512 -0.5463278 -0.8277629 -0.1277449 -0.5463424 -0.8271855 0.06408292 -0.558263 -0.8271702 0.06408953 -0.5582849 -0.827174 0.06408762 -0.5582796 -0.9792683 0.1899409 0.07039988 -0.7802792 -0.3569527 -0.5135652 -0.7802896 -0.3569711 -0.5135365 -0.7945843 -0.313185 -0.5201452 -0.7945844 -0.3131851 -0.5201449 -0.9792686 0.1899467 0.07037979 0 0 -1 -2.39451e-5 -2.38099e-5 -1 -1.12895e-5 -1.14245e-5 -1 -0.6166201 -0.7446113 -0.2556046 -0.6166697 -0.7445599 -0.2556348 -0.6166714 -0.7445582 -0.2556356 -0.6027382 -0.5193186 -0.6058176 -0.6027472 -0.5193191 -0.6058082 -0.6026523 -0.5193217 -0.6059003 -9.94142e-6 -1.00751e-5 -1 -3.2533e-5 -3.26652e-5 -1 0 0 1 -0.9914171 -0.1237741 0.04209846 -0.9792692 0.1899347 0.07040292 -0.9918406 -0.01230168 0.1268904 -0.577282 -0.5800783 -0.5746781 -0.5773074 -0.5800678 -0.5746632 -0.5773173 -0.5800625 -0.5746584 -0.5772667 -0.5807651 -0.5739993 -0.5773033 -0.5807484 -0.5739794 -0.5773472 -0.5807267 -0.5739572 -0.5091918 -0.755682 -0.4119085 -0.5092151 -0.7556764 -0.4118899 -0.5092096 -0.7556775 -0.4118947 -0.5058029 -0.759295 -0.4094321 -0.5057968 -0.7592972 -0.4094356 -0.5057606 -0.7593071 -0.4094619 -0.9099078 -0.385684 0.1526944 -0.9099079 -0.3856845 0.1526935 -0.9099001 -0.3858056 0.1524331 -0.9139279 -0.3930433 0.101257 0.9785379 0.1964549 0.06220316 -0.9139676 -0.3928515 0.1016407 0.9933323 -0.008919298 0.1149415 0.9785349 0.196468 0.06220936 -0.9291608 -0.2073181 -0.3060709 0.9933359 -0.008930921 0.1149099 -0.7633966 -0.4499594 -0.4634246 -0.6204196 0.2509245 0.7430454 -0.7633997 -0.45003 -0.4633508 -0.8279282 -0.3694183 -0.4219776 -0.8279315 -0.3694447 -0.421948 -0.8279307 -0.3694379 -0.4219555 -0.09297317 -0.9928538 -0.07481616 -0.09297925 -0.9928536 -0.07481157 -0.09297865 -0.9928537 -0.0748111 -0.001466035 -0.001447379 -0.999998 -0.001465857 -0.001447558 -0.999998 -0.001465976 -0.001447439 -0.999998 -0.003392755 -0.003375589 -0.9999886 -0.003392815 -0.003375589 -0.9999886 -0.003392815 -0.003375589 -0.9999886 -0.07259696 0.01412099 -0.9972615 -0.07240337 0.01433455 -0.9972724 -0.07259708 0.01412081 -0.9972615 -0.02067452 -0.02024692 -0.9995813 -0.02067339 -0.02024805 -0.9995812 -0.02067476 -0.02024668 -0.9995813 -0.02016288 -0.01976394 -0.9996014 -0.02016246 -0.01976436 -0.9996014 -0.02016121 -0.01976561 -0.9996013 -0.2163826 -0.2492386 -0.9439591 -0.2163769 -0.249244 -0.9439589 -0.2163727 -0.2492519 -0.9439578 -0.9276928 0.1484398 -0.3425663 -0.9276826 0.1481872 -0.3427032 -0.9276826 0.1481833 -0.3427051 -0.8341233 -0.1215473 -0.5380191 -0.8341234 -0.1215469 -0.5380191 -0.8341234 -0.1215469 -0.5380191 -0.9996437 -0.0263462 0.004313051 -0.9996437 -0.0263462 0.004313051 -0.9996437 -0.0263462 0.004313051 -0.008907794 -0.008775413 -0.9999219 -0.5613893 0.6293874 0.5373207 -0.00890851 -0.008774757 -0.9999219 -0.008908152 -0.008774995 -0.9999219 -0.00890851 -0.008774578 -0.9999219 -0.008908271 -0.008774876 -0.9999219 -0.04770177 -0.04986631 -0.9976161 -0.04769927 -0.04986816 -0.9976162 -0.04769837 -0.04986846 -0.9976162 -0.009625136 -0.009469211 -0.9999089 -0.00962454 -0.009469807 -0.9999089 -0.009624004 -0.009470343 -0.9999089 -0.009522855 -0.009368419 -0.9999108 -0.009522974 -0.0093683 -0.9999108 -0.009522914 -0.00936836 -0.9999108 -0.008708953 -0.008571505 -0.9999254 -0.008709669 -0.008570849 -0.9999254 -0.008709609 -0.008570849 -0.9999254 -0.008911252 -0.008772373 -0.9999219 -0.008911132 -0.008772492 -0.9999219 -0.00891155 -0.008772134 -0.9999219 -0.01026868 -0.01016175 -0.9998957 -0.01026761 -0.01016283 -0.9998957 -0.01026695 -0.01016342 -0.9998957 -3.22148e-4 7.15184e-5 -1 -3.22149e-4 7.15192e-5 -1 -3.22152e-4 7.1522e-5 -1 -2.81153e-4 6.70058e-5 -1 -2.81053e-4 6.69423e-5 -1 -2.81048e-4 6.69393e-5 -1 -4.97851e-4 -1 9.45033e-5 -0.02358233 -0.9994347 -0.02396494 -0.0235815 -0.9994347 -0.02396577 -0.02358222 -0.9994347 -0.02396506 -0.01179361 -0.9998625 -0.01165908 -0.01179414 -0.9998626 -0.01165866 -0.01179343 -0.9998626 -0.01165932 -0.01148897 -0.9998695 -0.01136034 -0.0114898 -0.9998695 -0.01135951 -0.01149052 -0.9998695 -0.01135885 -0.1827719 -0.2444186 -0.9522889 -0.1827818 -0.2444108 -0.952289 -0.1827619 -0.2444334 -0.952287 -0.6532177 -0.5551224 -0.5149232 -0.6532217 -0.5551084 -0.5149331 -0.6532346 -0.5550639 -0.5149649 -0.9782502 -0.1321609 -0.1598755 -0.5613965 0.6293641 0.5373404 -0.9782502 -0.132162 -0.1598742 -0.5824419 -0.576417 -0.5731536 -0.5824455 -0.5764083 -0.5731587 -0.5824478 -0.5763998 -0.5731648 -3.37117e-5 -3.38467e-5 -1 -3.37104e-5 -3.3848e-5 -1 -3.37089e-5 -3.38495e-5 -1 -3.37109e-5 -3.38475e-5 -1 -3.37121e-5 -3.38464e-5 -1 -3.37094e-5 -3.3849e-5 -1 -1 -3.37223e-5 -3.59115e-5 -1 -3.37179e-5 -3.59159e-5 1 0 2.13542e-6 1 1.2037e-7 -2.66928e-7 -0.9999999 -3.39051e-4 -3.38648e-4 -0.9999999 -3.39047e-4 -3.38651e-4 -7.52023e-4 -0.9999995 -7.48255e-4 -7.52055e-4 -0.9999995 -7.48222e-4 -7.52434e-4 -0.9999995 -7.48518e-4 -2.95518e-5 -1 -3.2362e-5 -3.02344e-5 -1 -3.27336e-5 -2.90091e-5 -1 -3.24825e-5 -0.9999996 -6.44087e-4 -6.43545e-4 -0.9999996 -6.441e-4 -6.43533e-4 -0.9999996 -6.44072e-4 -6.4356e-4 -1 -1.80551e-7 -1.33462e-6 -3.24122e-5 -3.51955e-5 -1 -3.12949e-5 -3.42984e-5 -1 -3.14731e-5 -3.44567e-5 -1 -0.001049697 -0.001056194 -0.999999 -0.001048386 -0.001054823 -0.999999 -0.001048505 -0.001055061 -0.999999 -1 -3.40169e-5 -3.43163e-5 -1 -3.40188e-5 -3.43144e-5 1 2.40746e-7 5.33862e-7 1 3.61121e-7 -1.33465e-6 -0.9999992 -9.49425e-4 -9.47682e-4 -0.9999992 -9.49414e-4 -9.47693e-4 -3.69968e-5 -1 -3.70853e-5 -3.73332e-5 -1 -3.74232e-5 -3.68277e-5 -1 -3.69172e-5 -0.00369811 -0.9999864 -0.003682971 -0.003699302 -0.9999864 -0.003683745 -0.003696382 -0.9999864 -0.003681302 -0.999997 -0.001728951 -0.001725614 -0.999997 -0.001728951 -0.001725554 -0.999997 -0.001728892 -0.001725614 -1 -5.41678e-7 -2.66919e-7 0.1851382 -0.9618199 0.2015597 -0.01231938 -0.8554095 0.517806 0.06120073 -0.9603226 0.2720939 0.06118613 -0.960318 0.2721134 0.2399852 -0.9676227 0.07818871 0.1851091 -0.9618228 0.2015727 -0.08457475 -0.9808779 0.1752874 0.06118589 -0.9603248 0.2720896 -0.01234889 -0.8554126 0.5178 -0.01233208 -0.8554096 0.5178054 0 -0.8829766 0.4694172 -0.08462178 -0.9808713 0.1753017 0.07660895 -0.9964968 0.03354388 0.2364971 -0.9684534 0.07853126 0.2399789 -0.9676241 0.07819074 0.2399817 -0.9676221 0.07820713 0.06120884 -0.9603186 0.2721064 0.07660299 -0.9964979 0.03352612 0.07661354 -0.9964966 0.03354042 0.06118774 -0.9603199 0.2721065 -0.08460807 -0.9808725 0.1753018 -0.08460885 -0.9808785 0.1752678 -0.1682212 -0.9772034 -0.1295194 0.07660305 -0.9964969 0.03355854 0.1654259 -0.9696691 0.1799343 -0.0128647 -0.8816513 0.4717262 0.05144238 -0.9598496 0.2757579 0.05144953 -0.9598473 0.2757647 0.2248038 -0.9708825 0.08276748 0.1654179 -0.9696729 0.1799212 -0.08394432 -0.9797342 0.1818639 0.05143815 -0.9598423 0.2757843 -0.01286017 -0.8816487 0.4717311 -0.0128526 -0.8816554 0.4717188 -1.22172e-6 -0.9081436 0.4186589 -0.08395642 -0.9797324 0.1818675 0.06682235 -0.9947121 0.07799088 0.2364971 -0.9684537 0.07852846 0.2248196 -0.9708794 0.08276152 0.2248046 -0.9708828 0.0827617 0.05143272 -0.9598492 0.2757614 0.06679052 -0.9947129 0.07800847 0.06682032 -0.9947115 0.07800096 0.05144453 -0.9598428 0.2757811 -0.08396095 -0.9797301 0.1818779 -0.08397686 -0.9797289 0.1818768 -0.1691328 -0.9824857 -0.07820475 0.06680172 -0.9947126 0.07800304 -0.185113 0.9618217 -0.2015743 -0.2400343 0.9676041 -0.07826876 -0.06118261 0.9603192 -0.2721097 -0.06119275 0.9603235 -0.2720927 0.01231825 0.8554099 -0.5178053 -0.1851196 0.9618253 -0.2015512 0.08458191 0.9808765 -0.1752918 1.41249e-7 0.8829767 -0.469417 0.01233804 0.8554103 -0.5178041 0.01234889 0.8554128 -0.5177998 -0.0611937 0.9603237 -0.2720915 0.08456826 0.9808787 -0.1752863 -0.07660228 0.9964979 -0.03352934 -0.06119847 0.9603218 -0.2720974 -0.2399824 0.9676219 -0.07820719 -0.2400252 0.9676129 -0.07818627 -0.2364971 0.9684535 -0.07853144 -0.0766108 0.9964969 -0.03353714 -0.07660788 0.9964966 -0.03355169 0.1682212 0.9772034 0.129519 0.08458328 0.9808819 -0.175261 0.08460098 0.9808726 -0.1753045 -0.06119042 0.9603201 -0.2721051 -0.07661098 0.996497 -0.03353154 -0.1654127 0.9696741 -0.1799189 -0.2248035 0.9708826 -0.08276784 -0.05143439 0.9598516 -0.2757527 -0.05143165 0.9598509 -0.2757558 0.01286536 0.8816509 -0.4717268 -0.1653896 0.9696784 -0.1799173 0.08395934 0.979732 -0.1818684 1.35212e-6 0.9081437 -0.4186588 0.0128588 0.8816561 -0.4717176 0.01286011 0.8816486 -0.4717311 -0.05142629 0.9598442 -0.2757799 0.08397209 0.9797311 -0.181867 -0.06679373 0.9947136 -0.07799696 -0.05143243 0.9598492 -0.2757611 -0.2248085 0.9708818 -0.08276259 -0.2248201 0.9708791 -0.08276325 -0.236497 0.9684537 -0.07852852 -0.06682211 0.9947111 -0.07800495 -0.06680631 0.9947128 -0.07799595 0.1691328 0.9824857 0.07820475 0.08394962 0.9797329 -0.181868 0.08395546 0.9797299 -0.1818815 -0.05144339 0.9598428 -0.2757816 -0.06681621 0.9947127 -0.07799041 -3.37117e-5 -3.38467e-5 -1 -3.37104e-5 -3.3848e-5 -1 -3.37089e-5 -3.38495e-5 -1 -3.37109e-5 -3.38476e-5 -1 -3.3712e-5 -3.38464e-5 -1 -3.37094e-5 -3.3849e-5 -1 -0.002847313 -0.999992 -0.002839326 -0.002847313 -0.999992 -0.002839326 -0.002847433 -0.999992 -0.002839207 0 -1 -6.591e-7 -0.9999991 -9.49068e-4 -9.48151e-4 -0.9999991 -9.48957e-4 -9.48262e-4 -0.9999991 -9.4896e-4 -9.48258e-4 -0.9999987 -0.001152634 -0.001151323 -0.9999987 -0.001152694 -0.001151323 -0.9999987 -0.001152694 -0.001151323 -3.09385e-4 -1 -1.57166e-4 -3.0339e-4 -1 -1.64418e-4 -3.18694e-4 -1 -1.42285e-4 -0.002775073 -0.9999924 -0.002766907 -0.002773702 -0.9999924 -0.002766251 -0.002776503 -0.9999923 -0.002768158 -0.9999995 -7.45716e-4 -7.45241e-4 -0.9999995 -7.45733e-4 -7.45225e-4 -0.9999995 -7.45699e-4 -7.45258e-4 -1 0 -1.60154e-6 -9.48962e-4 -9.48257e-4 -0.9999991 -9.49018e-4 -9.48202e-4 -0.9999991 -9.4901e-4 -9.4821e-4 -0.9999991 -9.48998e-4 -9.48222e-4 -0.9999991 -9.49064e-4 -9.48156e-4 -0.9999991 -9.49025e-4 -9.48195e-4 -0.9999991 -0.004475891 -0.9999801 -0.004452943 -0.004475891 -0.9999801 -0.004452943 -0.00447607 -0.9999802 -0.004452764 1.57444e-6 -1 -1.43723e-5 -0.999999 -0.00105071 -0.001049458 -0.999999 -0.00105077 -0.001049339 -0.999999 -0.00105077 -0.001049339 -0.9999993 -8.47491e-4 -8.46592e-4 -0.9999993 -8.47522e-4 -8.46561e-4 -0.9999993 -8.47513e-4 -8.4657e-4 -3.42898e-4 -0.9999999 -3.39562e-4 -3.4341e-4 -0.9999999 -3.4006e-4 -3.42756e-4 -0.9999999 -3.39366e-4 -0.002576291 -0.9999934 -0.002569317 -0.002576529 -0.9999934 -0.002570092 -0.002575695 -0.9999934 -0.0025689 -1 1.20369e-7 -2.66928e-7 -1 1.20368e-7 -2.66928e-7 -9.482e-4 -9.49298e-4 -0.9999991 -9.4925e-4 -9.50272e-4 -0.9999991 -9.48854e-4 -9.49993e-4 -0.9999991 -0.001251637 -0.001255869 -0.9999985 -0.001251697 -0.00125581 -0.9999985 -0.001251697 -0.001255869 -0.9999985 -0.003017961 -0.9999909 -0.003006696 -0.003017961 -0.9999909 -0.003006696 -0.003018081 -0.999991 -0.003006517 1.83696e-6 -1 -1.60751e-5 -0.999994 -0.002474784 -0.002468407 -0.999994 -0.002474963 -0.002468228 -0.999994 -0.002474963 -0.002468228 -0.999999 -0.001050591 -0.001049637 -0.999999 -0.001050651 -0.001049578 -0.999999 -0.001050651 -0.001049578 -0.001158952 -0.9999988 -0.001154363 -0.001157999 -0.9999988 -0.001153349 -0.001160323 -0.9999988 -0.001155734 -0.002269685 -0.9999949 -0.002263188 -0.002268314 -0.9999949 -0.002262532 -0.0022704 -0.9999949 -0.002264499 -0.9999966 -0.001864671 -0.00186038 -0.9999966 -0.001864731 -0.00186038 -0.9999966 -0.001864671 -0.001860439 -0.9999906 -0.003084719 -0.003075063 -0.9999906 -0.003084301 -0.00307548 -0.9999905 -0.003084421 -0.00307542 0.5188785 -0.001427054 -0.8548468 -0.4052317 -0.5627344 -0.720498 -0.4052382 -0.5627191 -0.7205062 -0.5167445 -0.002961695 -0.8561347 -0.5113229 -0.1693338 -0.8425408 -0.4797105 -0.5556774 -0.6790438 -0.4797275 -0.5556498 -0.6790544 0.5188755 -0.001395702 -0.8548488 0.5188781 -0.001398384 -0.8548471 -0.4756348 -0.5541086 -0.6831802 -0.4755913 -0.5541785 -0.6831539 -0.5166968 5.65614e-4 -0.8561683 -0.5167371 -0.002933502 -0.8561392 -0.5148085 0.001034379 -0.8573046 -0.514481 0.001115143 -0.8575011 -0.5461734 -0.5637872 -0.6195473 -0.5461101 -0.5638738 -0.6195241 -0.5461654 -0.5638022 -0.6195406 -0.3057933 -0.5757094 -0.7583201 -0.3057955 -0.5757312 -0.7583025 -0.3057058 -0.5756732 -0.7583827 -0.1135867 6.86798e-4 -0.9935279 -0.1566808 -0.02079832 -0.9874303 0 -5.54035e-7 1 0 -5.54035e-7 1 0 -2.54339e-7 1 0 -2.54339e-7 1 -1.41139e-4 -0.1531536 -0.9882024 -1.4114e-4 -0.1531536 -0.9882024 -1.41513e-4 -0.1531539 -0.9882023 -1.32621e-4 -0.1531019 -0.9882104 -1.32614e-4 -0.1531019 -0.9882104 -1.3262e-4 -0.1531019 -0.9882104 -0.112848 -6.67113e-4 -0.9936121 -0.1128478 -6.6698e-4 -0.9936121 -0.1127518 -5.60484e-4 -0.9936231 -0.1124873 -3.99936e-4 -0.9936531 0.7500729 -0.2775071 0.600317 -0.112487 -3.9958e-4 -0.9936531 -0.1161971 0.09387433 -0.98878 0.7500572 -0.277529 0.6003267 -0.1161969 0.09387457 -0.98878 -0.1182354 0.09431189 -0.9884967 -0.1182354 0.09431195 -0.9884967 -0.1182354 0.09431195 -0.9884967 -0.4319568 -0.3333278 -0.838037 -0.4319133 -0.3333636 -0.8380451 -0.4318854 -0.3333853 -0.838051 -0.4319701 -0.3333778 -0.8380102 -0.4319599 -0.3333852 -0.8380126 -0.4319667 -0.3333799 -0.8380111 -0.6300087 -0.7734478 -0.06976783 -0.3964124 -0.7445681 -0.5370994 -0.3964414 -0.7445889 -0.5370492 -0.6300286 -0.7734286 -0.0698027 -0.7973693 -0.6027883 0.02913159 -0.7907857 -0.227467 0.5682578 -0.630002 -0.7734493 -0.06981253 -0.7908096 -0.2274507 0.5682309 -0.9622363 -0.2425081 -0.1236577 -0.7908219 -0.2273957 0.5682361 -0.2510617 -0.3212835 -0.9130964 -0.2510533 -0.3212928 -0.9130954 -0.2512892 -0.321133 -0.9130868 -0.251317 -0.3211016 -0.9130902 -0.7908042 -0.2274795 0.5682269 -0.180392 -0.9716372 -0.1529048 -0.1803835 -0.9716376 -0.152913 -0.18039 -0.9716373 -0.1529068 -0.1766719 -0.9726156 -0.1510163 -0.1766741 -0.9726155 -0.1510143 -0.1766812 -0.9726154 -0.1510074 -0.1125276 -3.12063e-4 -0.9936486 -0.1124564 -3.63484e-4 -0.9936566 -0.7497828 0.2613806 -0.6078702 -0.1182056 0.09434926 -0.9884967 -0.1159899 0.09413939 -0.9887791 -0.749772 0.261403 -0.6078738 -0.4318847 -0.3333848 -0.8380515 -0.4319128 -0.3333629 -0.8380457 -0.4319559 -0.3333281 -0.8380373 -0.4319891 -0.3334143 -0.8379859 -0.4319821 -0.3334198 -0.8379874 -0.4319917 -0.3334121 -0.8379853 0.6300457 0.7734155 0.06979221 0.9622393 0.2425048 0.1236401 0.7908768 0.2273169 -0.5681912 0.6300234 0.7734344 0.06978452 0.7909021 0.2273179 -0.5681553 -0.7973406 -0.602842 0.02880138 0.6300417 0.7734204 0.0697745 -0.3964748 -0.7445618 -0.537062 -0.3964418 -0.7445378 -0.5371195 -0.2510191 -0.3212648 -0.9131147 -0.2510276 -0.3212553 -0.9131157 0.7908768 0.2273151 -0.5681918 0.7908971 0.2272747 -0.5681796 -0.2513169 -0.3211016 -0.9130902 -0.251289 -0.3211328 -0.9130869 -1.69084e-4 -0.1525414 -0.9882971 -1.69074e-4 -0.1525414 -0.9882971 -1.69447e-4 -0.1525418 -0.9882971 -1.40148e-4 -0.1527154 -0.9882702 -1.40141e-4 -0.1527154 -0.9882702 -1.4051e-4 -0.1527157 -0.9882702 0.701654 -0.251716 0.6665739 0.930425 -0.3236964 0.1718428 -0.9843222 -0.003226339 -0.1763501 -0.9844125 -0.002985298 -0.1758501 -0.9844126 -0.002985179 -0.1758499 0.7016669 -0.2517075 0.6665636 -0.6549785 -0.4846736 -0.5797368 0.9304167 -0.3237031 0.1718754 0.7016471 -0.2517529 0.6665672 0.7016943 -0.2517043 0.6665359 -0.6489652 -0.4999635 -0.5734813 -0.6489688 -0.4999664 -0.5734746 -0.04689759 -0.9978945 -0.04480135 -0.04689663 -0.9978945 -0.04480236 -0.04689824 -0.9978945 -0.04480069 -0.02665483 -0.9992898 -0.02663511 -0.02665323 -0.9992898 -0.02663677 -0.02665442 -0.9992898 -0.0266354 -0.7108666 -0.2426208 0.6601545 -0.9377017 -0.3130395 0.1507385 -0.778616 -0.6138796 0.1300349 -0.7960204 -0.6008595 0.07293605 -0.7108663 -0.242609 0.6601591 -0.8840083 -0.3663318 -0.2903971 -0.9377013 -0.3130379 0.1507439 -0.7108628 -0.2426363 0.6601528 -0.7108691 -0.2426591 0.6601377 -0.8794421 -0.3722683 -0.2966443 -0.8794401 -0.3722846 -0.2966301 -0.1804221 -0.971626 -0.1529406 -0.1804158 -0.9716262 -0.1529468 -0.180424 -0.9716259 -0.1529387 -0.176649 -0.9726265 -0.1509734 -0.1766418 -0.9726267 -0.1509801 -0.1766396 -0.9726269 -0.1509823 -0.9998391 -0.003266334 -0.01763999 -0.9998391 -0.003266334 -0.01763999 0.7500797 -0.2775221 0.6003016 0.7500681 -0.2774571 0.6003461 0.9328403 -0.3591459 0.02869254 -0.9995517 -0.01454174 -0.02617657 -0.6760712 -0.4112085 -0.6114209 0.6897551 -0.6229822 0.3689597 0.9328441 -0.3591332 0.0287308 -0.5913926 -0.5632241 -0.5770906 0.9328396 -0.3591462 0.02871036 0.7501129 -0.2774639 0.6002871 -0.6007584 -0.5564591 -0.573971 0.7500868 -0.2774661 0.6003187 -0.6007385 -0.556429 -0.574021 -3.75172e-4 -0.9963585 -0.08526206 6.23231e-4 -0.9965183 -0.08337301 -0.7908056 -0.2274514 0.5682364 -0.3488587 -0.3623236 -0.8643028 -0.3488447 -0.3623383 -0.8643023 -0.3521061 -0.3648195 -0.8619328 -0.3521212 -0.364804 -0.8619332 -0.7908253 -0.2273871 0.5682345 -0.7908046 -0.2274197 0.5682504 -0.9931293 0.007945418 -0.1167531 -0.9922171 -0.002473473 -0.1244965 -0.9622302 -0.2425327 -0.1236571 -0.7908128 -0.2273811 0.5682545 -9.59085e-5 -0.1530715 -0.9882151 -1.04309e-4 -0.1531233 -0.9882071 -0.7497698 0.2614429 -0.6078594 -0.9998399 -0.003231346 -0.01760655 -0.9995613 -0.0143035 -0.02594143 -0.9396346 0.3420739 -0.008502721 -0.7497667 0.2613964 -0.6078831 -0.9396305 0.3420855 -0.00849092 -0.689766 0.6229938 -0.3689196 -0.6760823 -0.411237 -0.6113895 -0.9396282 0.3420917 -0.008498787 -0.5624873 -0.5907937 -0.5784211 -0.5624845 -0.590787 -0.5784307 -0.9396303 0.3420854 -0.00851792 -0.6252562 -0.5295434 -0.5732702 -0.7497662 0.2613962 -0.6078838 -4.1051e-4 -0.9963557 -0.08529549 -4.10683e-4 -0.9963556 -0.08529567 -4.09284e-4 -0.9963557 -0.08529436 5.87001e-4 -0.9965157 -0.08340442 5.86821e-4 -0.9965156 -0.0834046 5.8772e-4 -0.9965156 -0.08340376 -0.3505482 -0.364111 -0.8628669 0.790874 0.2273457 -0.5681833 -0.3505601 -0.3640987 -0.8628672 -0.3493878 -0.3620218 -0.8642155 -0.3493839 -0.3620256 -0.8642156 -0.3494402 -0.361968 -0.8642168 -0.9931055 0.007692039 -0.1169719 -0.9931259 0.007909357 -0.1167843 0.7908947 0.2273246 -0.568163 0.7908738 0.227327 -0.5681912 0.9625804 0.2425547 0.1208567 -0.9922125 -0.002514481 -0.1245315 -0.1502475 -0.9800511 -0.1300988 -0.1502507 -0.9800512 -0.1300941 -0.1502459 -0.9800508 -0.1301026 -0.1691286 -0.9748138 -0.1453737 -0.1691254 -0.9748141 -0.1453758 -0.1691229 -0.9748139 -0.1453801 0.1115663 -0.05231112 0.9923793 0.7016656 -0.2517203 0.6665601 -0.1095584 -3.38766e-4 -0.9939804 -0.109461 -4.10725e-4 -0.9939911 -0.1094617 -4.11672e-4 -0.9939909 0.1115757 -0.05233162 0.9923771 -0.1125388 0.0877617 -0.989764 0.7016742 -0.2516655 0.6665717 0.1115721 -0.05232107 0.9923781 0.1115666 -0.05230909 0.9923794 -0.1142134 0.08811318 -0.9895411 -0.1144002 0.08789402 -0.9895389 -0.4232638 -0.326237 -0.845232 -0.4232199 -0.3262725 -0.8452404 -0.4232472 -0.3262502 -0.8452352 -0.4232978 -0.3262757 -0.8452001 -0.4232956 -0.3262771 -0.8452006 -0.4232957 -0.3262771 -0.8452006 -0.1116828 -0.04978305 0.9924962 -0.7108854 -0.2425819 0.6601486 -0.3421682 -0.3553669 -0.8698479 -0.3428719 -0.3566963 -0.8690263 -0.3428778 -0.3566886 -0.8690271 -0.1116807 -0.04977416 0.9924969 -0.2454205 -0.3130542 -0.9174781 -0.7108526 -0.2426589 0.6601555 -0.1116795 -0.04974853 0.9924983 -0.1116815 -0.04974991 0.992498 -0.2444353 -0.3121401 -0.9180523 -0.2444258 -0.3121517 -0.918051 -0.3752285 -0.479425 -0.7933191 -0.3752167 -0.4794417 -0.7933148 -0.3751853 -0.4794834 -0.7933043 -0.3751647 -0.4796085 -0.7932385 -0.3751396 -0.479642 -0.7932301 -0.3752074 -0.4795521 -0.7932523 0.003276467 -0.9933209 -0.1153385 -0.003289997 -0.003275811 -0.9999893 -0.003290295 -0.003275513 -0.9999893 -0.003289818 -0.00327599 -0.9999893 -0.4923632 -0.7398523 -0.4584727 -0.4923247 -0.7398583 -0.4585042 -0.4923563 -0.7398539 -0.4584774 -0.07506418 -0.4536342 -0.8880212 -0.350096 -0.9314144 -0.09949928 -0.3501047 -0.9314118 -0.0994929 -0.3500922 -0.9314155 -0.0995016 -0.3584963 -0.8624693 -0.3572496 -0.358516 -0.8624671 -0.3572351 -0.3584859 -0.8624671 -0.3572651 -0.2958582 -0.8846416 -0.3603848 -0.2958382 -0.8846392 -0.3604072 -0.2958528 -0.8846411 -0.3603909 -0.1170806 -0.9929237 0.01986438 -0.1170824 -0.9929236 0.01986289 -0.11708 -0.9929238 0.01986485 -0.2488906 -0.5935584 -0.7653378 -0.2488678 -0.5936281 -0.7652913 -0.2488803 -0.5935898 -0.7653168 -0.1583193 -0.9824253 -0.09887158 -0.05083698 -0.9713754 -0.2320463 -0.050839 -0.9713757 -0.2320445 -0.05084866 -0.9713781 -0.2320325 -0.278673 -0.8862596 -0.3699803 -0.2786539 -0.886256 -0.3700033 -0.2786689 -0.8862582 -0.3699867 -0.1483781 -0.9888876 -0.00924021 -0.02053481 -0.02674984 -0.9994313 -0.02053731 -0.02674901 -0.9994312 7.58289e-4 0.001343667 0.9999988 -0.001479387 -0.001123487 -0.9999983 7.2529e-4 0.001355588 0.9999989 -0.001479387 -0.001123487 -0.9999983 -1.25938e-4 -7.95978e-4 -0.9999997 -1.25947e-4 -7.95968e-4 -0.9999997 -1.25946e-4 -7.95969e-4 -0.9999997 9.34943e-5 -0.001124501 -0.9999994 9.34936e-5 -0.001124441 -0.9999995 9.31624e-5 -0.001124799 -0.9999994 -0.3148576 -9.51816e-4 -0.9491385 -0.3148579 -9.52207e-4 -0.9491384 -0.3150136 -0.00118792 -0.9490865 -0.314552 -6.65151e-4 -0.9492401 -0.314552 -6.65144e-4 -0.94924 -0.3145517 -6.6453e-4 -0.9492402 -0.003828644 -0.003817439 -0.9999854 -0.003828406 -0.003817677 -0.9999854 -0.003828287 -0.003817796 -0.9999854 -0.00327742 -0.9932479 -0.115966 -0.4513245 -0.8636716 -0.2244499 -0.4513366 -0.8636676 -0.2244408 -0.4513018 -0.8636798 -0.2244638 0.0750637 -0.4536316 -0.8880225 -0.4506692 -0.7806757 -0.4329468 -0.4506096 -0.7806786 -0.4330034 -0.4505695 -0.7806804 -0.4330421 -0.2735006 -0.9050434 -0.3257207 -0.273478 -0.9050395 -0.3257504 -0.2734794 -0.9050386 -0.3257518 -0.2082947 -0.977773 -0.02394574 -0.2082747 -0.9777768 -0.02396225 -0.208279 -0.977776 -0.0239585 -0.1440886 -0.9893668 0.01979559 -0.144288 -0.9893419 0.01958775 -0.1440888 -0.9893668 0.01979517 -0.4271833 -0.3573868 -0.8305354 -0.1548617 -0.931223 -0.3299115 -0.1548681 -0.9312258 -0.3299005 -0.1548732 -0.9312255 -0.329899 -0.2672451 -0.8960928 -0.3543979 -0.2672432 -0.8960926 -0.3543998 -0.2672318 -0.896091 -0.3544123 -0.1077926 -0.9876402 -0.1137881 -0.1636016 -0.9864834 -0.009220242 -7.61743e-4 0.001342177 0.9999989 -0.003804087 -0.003240883 -0.9999876 -0.003804743 -0.003241598 -0.9999876 5.42505e-5 -7.96136e-4 -0.9999997 5.42538e-5 -7.96139e-4 -0.9999997 5.42536e-5 -7.96139e-4 -0.9999997 -1.55033e-4 -0.001123249 -0.9999994 -1.55395e-4 -0.001123607 -0.9999994 -1.55031e-4 -0.001123249 -0.9999994 -6.35338e-4 0.001388847 0.9999989 -0.01742422 -0.01991075 -0.99965 -0.01742398 -0.01991093 -0.99965 -0.001152634 -0.001151442 -0.9999987 -0.001152694 -0.001151323 -0.9999987 -0.001152634 -0.001151382 -0.9999987 -0.001761794 -0.001762509 -0.9999969 -0.001761734 -0.001762568 -0.9999969 -0.001761794 -0.001762449 -0.9999969 0 -1 2.69428e-6 -0.001220226 -0.9999986 -0.001218974 -0.001220226 -0.9999986 -0.001218974 -0.001220285 -0.9999986 -0.001218914 -1 -3.37187e-5 -3.40467e-5 -1 -3.37199e-5 -3.40455e-5 -1 -3.37194e-5 -3.40459e-5 -0.9999995 -7.45794e-4 -7.4512e-4 -0.9999995 -7.45706e-4 -7.45208e-4 -0.9999995 -7.45709e-4 -7.45205e-4 -0.002775073 -0.9999924 -0.002766907 -0.002776503 -0.9999923 -0.002768158 -3.69968e-5 -1 -4.85075e-5 -3.66591e-5 -1 -4.81709e-5 -3.74984e-5 -1 -4.90175e-5 -0.9999983 -0.001322031 -0.001320302 -0.9999983 -0.001321792 -0.001320481 -0.9999983 -0.001321852 -0.001320421 -0.9999995 -7.79611e-4 -7.79142e-4 -0.9999995 -7.79629e-4 -7.79124e-4 -0.9999995 -7.79594e-4 -7.79159e-4 0.9898343 -0.09129631 0.109056 0.9764309 -0.1102381 0.185554 0.9931401 -0.08427119 0.08106309 0.9931389 -0.08427131 0.08107727 0.9979524 -0.06394803 0.001336455 0.9898318 -0.09130996 0.1090666 -0.9764309 0.1102381 -0.185554 -0.989834 0.09130072 -0.1090548 -0.9931398 0.08427596 -0.08106189 -0.9979524 0.06394803 -0.001336455 -0.993139 0.08426988 -0.08107769 -0.989832 0.09130698 -0.1090674 -0.5585073 -0.6722937 -0.4858919 -0.558468 -0.6723089 -0.485916 -0.03548163 -0.9412631 0.3358047 -0.1244531 -0.9828063 0.1363944 -0.0820288 -0.9859916 0.1452307 -0.0355122 -0.9412681 0.3357878 -0.09481799 -0.9693204 0.2267763 -0.03548914 -0.9412655 0.3357971 -0.5231381 -0.7648597 -0.3759207 0.1904143 -0.9813433 0.02660447 0.2454985 -0.9687512 0.03538042 0.2447915 -0.9673548 0.06558781 0.09261524 -0.9581166 0.2709891 0.2447931 -0.967353 0.06560975 -0.415475 -0.7868798 -0.4562904 0.2447935 -0.9673528 0.06561046 0.09263741 -0.9581215 0.2709643 0.1903977 -0.9813464 0.02660787 -0.03548032 -0.9412641 0.3358024 -0.09483027 -0.9693284 0.226737 -0.1244581 -0.9828043 0.136404 -0.08203816 -0.9859923 0.1452202 0.1903884 -0.9813482 0.02660697 0.09263432 -0.9581144 0.2709905 -0.03549993 -0.9412649 0.335798 0.09263849 -0.9581129 0.2709943 -0.5584054 -0.6723582 -0.4859198 0.09264546 -0.958117 0.2709776 -0.03549128 -0.9412631 0.3358036 -0.08201593 -0.9859924 0.1452327 -0.5584595 -0.6723408 -0.4858817 -0.5584986 -0.6723258 -0.4858573 0.03549689 0.9412618 -0.3358068 0.08202743 0.9859919 -0.1452292 0.1244534 0.9828066 -0.1363914 0.03550672 0.9412701 -0.3357825 0.03549623 0.9412669 -0.3357926 0.09480869 0.9693213 -0.2267763 -0.5231249 -0.7648871 -0.3758831 -0.2454985 0.9687512 -0.03538042 -0.1904137 0.9813433 -0.02660799 -0.2447913 0.9673548 -0.06558787 -0.2447941 0.9673527 -0.0656104 -0.09261161 0.9581177 -0.2709866 -0.4154458 -0.786909 -0.4562666 -0.09264028 0.9581207 -0.2709662 -0.2447868 0.9673577 -0.06556338 -0.1903985 0.9813464 -0.02660435 0.09482377 0.9693291 -0.2267371 0.03547984 0.9412641 -0.3358023 0.1244578 0.9828042 -0.1364043 -0.1903892 0.9813483 -0.02659976 0.08202117 0.9859902 -0.1452442 -0.09263467 0.9581144 -0.2709903 -0.09264051 0.9581128 -0.2709937 0.03550213 0.9412651 -0.3357971 -0.5584053 -0.6723577 -0.4859205 0.03549391 0.9412636 -0.3358023 -0.0926302 0.9581156 -0.2709876 0.08201575 0.9859929 -0.1452295 0.9843884 -0.1716409 -0.03897196 -0.9843885 0.1716406 0.0389716 -0.875421 -0.2936666 -0.3839245 -0.8754189 -0.2936545 -0.3839388 0.9831246 -0.1829233 -0.002301633 0.9831248 -0.1829218 -0.002299845 0.9816299 -0.1905593 -0.009488284 -0.8612012 -0.3147144 -0.3991085 -0.8753964 -0.2936885 -0.383964 -0.8753986 -0.2937007 -0.3839496 -0.9831246 0.182923 0.002301871 -0.98163 0.190559 0.009488046 -0.9831248 0.1829219 0.002299189 -0.8611773 -0.3147479 -0.3991334 0.9843884 -0.1716415 -0.0389719 -0.9843884 0.1716413 0.03897142 -0.8754224 -0.2936666 -0.3839216 -0.8754199 -0.2936536 -0.383937 0.9831244 -0.1829236 -0.002304613 0.9831249 -0.1829215 -0.002301871 0.9816299 -0.1905589 -0.009490311 -0.8612021 -0.3147163 -0.3991047 -0.8753975 -0.2936875 -0.3839623 -0.8753998 -0.2937006 -0.3839468 -0.9831246 0.1829233 0.002304792 -0.98163 0.1905586 0.009490072 -0.9831249 0.1829214 0.002301275 -0.8611783 -0.3147498 -0.3991296 0.9997445 -0.0221337 -0.004580736 -0.9997446 0.02213352 0.004580676 -0.9808559 -0.1277162 -0.147005 -0.9808557 -0.1277087 -0.1470128 0.9997252 -0.02344202 -5.14908e-4 0.9997265 -0.02338451 -4.44229e-4 0.9997062 -0.02420163 -0.001447796 -0.9779148 -0.1381604 -0.1568263 -0.9808557 -0.1277087 -0.1470128 -0.9808558 -0.1277163 -0.147005 -0.9997245 0.0234723 5.52072e-4 -0.9997062 0.02420163 0.001447796 -0.9997265 0.02338445 4.4427e-4 -0.9779148 -0.1381604 -0.1568263 0 -4.61857e-7 1 0 -4.61858e-7 1 5.04851e-5 -0.584178 0.8116256 -3.35947e-5 0.5915551 0.8062646 -0.3769506 0.2523536 0.8911936 -0.3769608 0.2523532 0.8911893 -0.3753269 -0.2523315 0.8918849 -2.01911e-6 -0.584209 0.8116034 -0.3753666 -0.2523487 0.8918634 0.375367 -0.2523487 0.8918631 -4.46141e-5 -0.5841727 0.8116295 0.3770058 0.2523255 0.8911781 -0.377006 0.2523255 0.891178 4.55081e-5 0.5915298 0.8062832 0.3769526 0.2523526 0.891193 3.6478e-5 0.5915542 0.8062652 -4.95017e-5 -0.5841783 0.8116254 1.49943e-6 -0.5842106 0.8116021 0.3753198 -0.2523795 0.8918742 0.3769614 0.2523514 0.8911897 4.93824e-5 -0.584178 0.8116256 -3.61893e-5 0.5915549 0.8062648 -0.3769524 0.2523533 0.8911929 -0.3769594 0.2523537 0.8911898 -0.3753265 -0.252331 0.8918852 -2.39909e-6 -0.5842095 0.811603 -0.3753657 -0.2523619 0.89186 0.3753674 -0.252362 0.8918591 -4.38988e-5 -0.5841866 0.8116195 0.3770057 0.2523235 0.8911788 -0.3770061 0.2523226 0.8911789 4.50909e-5 0.5915259 0.8062862 0.3769514 0.2523529 0.8911934 3.48985e-5 0.5915548 0.8062649 -4.94346e-5 -0.5841786 0.8116251 5.28991e-6 -0.5842112 0.8116017 0.3753223 -0.2523794 0.8918733 0.3769628 0.2523519 0.891189 0.9498359 -0.1047223 -0.2946948 -0.9918475 -0.01234078 0.126832 -0.7654174 -0.4799904 -0.4286555 -0.7493502 -0.4941105 -0.4408278 0.9397324 -0.1064748 -0.3249098 0.9498416 -0.1047193 -0.2946779 -0.9346687 -0.1017698 -0.3406428 0.9933392 -0.008923888 0.1148815 0.9933267 -0.008875608 0.1149935 -0.9485821 -0.1081463 -0.2974836 -0.934674 -0.1017697 -0.3406281 -1.56843e-5 -1.55491e-5 -1 -0.9485793 -0.1081558 -0.2974891 -1.85391e-5 -1.86735e-5 -1 0.9498182 -0.1046536 -0.2947764 -0.9918413 -0.01230585 0.1268837 -0.8315159 -0.1817327 -0.5249329 -0.9346683 -0.1017741 -0.3406428 -0.8314968 -0.1817218 -0.5249668 -0.8747436 -0.4841324 0.02096754 0.9397339 -0.1064845 -0.324902 -0.8747465 -0.4841269 0.02096724 -0.7074775 -0.4965427 -0.5029125 -0.7074775 -0.4965296 -0.5029255 -1.771e-5 -0.792758 -0.6095365 -2.30894e-5 -0.7927866 -0.6094995 0.9892952 -0.08999806 -0.1148714 -0.7442488 -0.4443107 -0.4986802 -0.9803 -0.1590617 0.117096 0.9892964 -0.08999967 -0.1148607 0.7695602 0.4327762 -0.469555 0.7695627 0.432741 -0.4695834 -0.9795072 -0.1557199 0.127738 -0.9795073 -0.1557199 0.127738 -0.9360282 -0.3357907 -0.1053377 2.31739e-5 -0.7927863 -0.6094998 1.70171e-5 -0.792758 -0.6095365 -0.9238826 -0.2885046 -0.2514088 -0.001253545 -0.001255333 -0.9999985 -0.001253604 -0.001255273 -0.9999985 -0.001253604 -0.001255273 -0.9999985 -3.4079e-5 -3.36837e-5 -1 -3.40826e-5 -3.36801e-5 -1 -3.40809e-5 -3.36818e-5 -1 -3.3783e-5 -3.39578e-5 -1 -3.3784e-5 -3.39568e-5 -1 -3.37835e-5 -3.39573e-5 -1 -0.5743839 -0.5402252 -0.6150121 -0.5743512 -0.5402429 -0.6150271 0.7695626 0.4327524 -0.4695731 0.7695633 0.4327422 -0.4695815 0 0.6419646 -0.7667344 -0.5743902 -0.5402219 -0.6150092 -0.936028 -0.3357909 -0.1053381 -0.9892952 -0.08999866 -0.1148712 2.35429e-5 -0.7927861 -0.6094999 1.82688e-5 -0.7927578 -0.6095368 -0.923882 -0.2885049 -0.25141 -0.9465119 -0.09567618 -0.308158 -0.946515 -0.09568536 -0.3081456 -0.7695627 0.4327407 -0.4695836 -0.7695604 0.4327763 -0.4695546 -0.9892963 -0.08999967 -0.1148603 -0.9389236 -0.1235494 -0.3211824 -0.7074769 -0.4965428 -0.5029134 -0.7074765 -0.49653 -0.5029265 -1.63279e-5 -0.7927579 -0.6095367 -2.2471e-5 -0.7927866 -0.6094993 0.9360284 -0.33579 -0.1053376 -0.7442528 -0.4443318 -0.4986553 -3.38042e-5 -3.39366e-5 -1 -3.38019e-5 -3.39388e-5 -1 -3.3803e-5 -3.39378e-5 -1 -0.001050174 -0.001051366 -0.999999 -0.001050233 -0.001051306 -0.999999 -0.001050114 -0.001051425 -0.999999 -3.37862e-5 -3.32087e-5 -1 -3.37872e-5 -3.32076e-5 -1 -3.37856e-5 -3.32093e-5 -1 -0.5743607 -0.5402377 -0.6150228 0 0.6419647 -0.7667342 -0.7695631 0.4327421 -0.4695817 -0.7695631 0.4327515 -0.469573 -0.5742912 -0.5402397 -0.6150859 -0.5743272 -0.5402562 -0.6150379 -0.04289489 -0.05256098 -0.9976961 -0.6204069 0.2509131 0.7430598 -0.04289919 -0.05255627 -0.9976961 -2.51753e-4 -0.001541972 -0.9999989 -2.51744e-4 -0.001541972 -0.9999989 -2.51754e-4 -0.001541972 -0.9999989 -0.005199015 -0.003632724 -0.99998 -0.005199015 -0.003632724 -0.99998 -0.005199015 -0.003632724 -0.99998 -0.9819278 -0.1572317 -0.1053379 -0.9889069 0.09416943 -0.114871 -0.1463238 -0.7791657 -0.6095 -0.1463226 -0.7791367 -0.6095373 -0.9612615 -0.1130008 -0.2514103 -0.8195185 -0.2993301 -0.4886624 -0.8194993 -0.2992964 -0.4887152 -0.6764554 0.5673625 -0.4695827 -0.6764466 0.5673965 -0.4695543 -0.9889084 0.09416711 -0.1148599 -0.8147082 -0.3097473 -0.4902116 -0.6275219 -0.5440515 -0.5569779 -0.6275272 -0.5440731 -0.5569509 -0.1463576 -0.7791305 -0.6095368 -0.1463681 -0.7791575 -0.6094998 0.8579564 -0.5028065 -0.1053396 -0.6582313 -0.5102661 -0.5534982 -3.42294e-5 -3.43836e-5 -1 -3.50547e-5 -3.52438e-5 -1 -3.50527e-5 -3.52457e-5 -1 -3.40594e-5 -3.366e-5 -1 -3.37148e-5 -3.33305e-5 -1 -3.37164e-5 -3.33288e-5 -1 -3.44716e-5 -3.40218e-5 -1 -3.48133e-5 -3.43544e-5 -1 -3.44736e-5 -3.40197e-5 -1 -0.5764297 -0.5726721 -0.5829027 0.1185046 0.6309328 -0.7667337 -0.6764546 0.5673648 -0.4695811 -0.6764548 0.5673716 -0.4695726 -0.5764786 -0.5726422 -0.5828836 -0.576442 -0.5726653 -0.5828973 -0.7840564 -0.4593588 -0.4174268 -0.7840608 -0.4593194 -0.4174616 0.1463238 -0.7791363 -0.6095377 0.1463246 -0.7791663 -0.6094991 0.9889071 0.09416937 -0.1148696 -0.8358384 -0.3775977 -0.39849 -0.9340932 -0.3372827 0.1170911 0.9889085 0.09416729 -0.1148586 0.6764471 0.5673967 -0.4695534 0.6764553 0.5673628 -0.4695825 -0.9339309 -0.3338521 0.1277336 -0.9339309 -0.3338521 0.1277334 -0.8579566 -0.5028069 -0.1053372 0.1463667 -0.7791579 -0.6094998 0.1463565 -0.7791304 -0.6095374 -0.854748 -0.4540923 -0.2514083 -3.34289e-5 -3.35703e-5 -1 -3.34281e-5 -3.35711e-5 -1 -3.37706e-5 -3.39028e-5 -1 -2.36917e-4 -2.37645e-4 -1 -2.36925e-4 -2.37637e-4 -1 -2.36922e-4 -2.3764e-4 -1 -3.37998e-5 -3.39378e-5 -1 -3.3805e-5 -3.39327e-5 -1 -3.38018e-5 -3.39359e-5 -1 -0.5775614 -0.494624 -0.6494382 -0.5776224 -0.4945955 -0.6494056 0.6764525 0.5673733 -0.4695739 0.6764559 0.5673638 -0.4695804 -0.1185036 0.6309327 -0.766734 -0.5775697 -0.4946183 -0.6494352 -0.9991556 -5.07763e-4 0.04108566 -0.9993524 0.03532344 0.006862938 -0.9749951 0.1088207 0.193759 -0.9993525 0.03532338 0.006845533 -0.9601331 0.2721081 -0.06404405 -0.983306 -5.07429e-4 -0.1819593 -0.9993517 0.03534197 0.006868422 -0.7915062 -0.4194396 -0.4445093 -0.791508 -0.4194653 -0.4444816 -0.9993517 0.03534185 0.006865441 -0.8208029 -0.4015642 -0.4062373 -0.9749971 0.1087905 0.1937668 -0.4546895 0.1030841 -0.8846644 -0.4520658 0.09692406 -0.886703 -0.4546663 0.1030834 -0.8846765 -0.4520603 0.09691315 -0.8867071 0.9999516 -4.12323e-4 -0.009845912 0.9999639 -1.90616e-4 -0.008504152 -0.9979612 1.09568e-4 -0.06382387 0.9999513 -4.16484e-4 -0.00986123 -0.9979897 -1.34721e-4 -0.06337672 -0.9979772 -3.4477e-4 -0.063573</float_array>
          <technique_common>
            <accessor source="#gloire_Mesh_001-mesh-normals-array" count="2513" stride="3">
              <param name="X" type="float"/>
              <param name="Y" type="float"/>
              <param name="Z" type="float"/>
            </accessor>
          </technique_common>
        </source>
        <source id="gloire_Mesh_001-mesh-map-0">
          <float_array id="gloire_Mesh_001-mesh-map-0-array" count="5592">0.317597 0.6435188 0.214125 0.6355502 0.2140412 0.6205886 0.2140412 0.6205886 0.3179624 0.6256104 0.317597 0.6435188 0.3174918 0.6493667 0.2142869 0.6486864 0.214125 0.6355502 0.214125 0.6355502 0.317597 0.6435188 0.3174918 0.6493667 0.31747 0.6406021 0.2141215 0.6353325 0.2142773 0.6490697 0.2142773 0.6490697 0.3172545 0.6495517 0.31747 0.6406021 0.3179119 0.6210445 0.213974 0.5997585 0.2141215 0.6353325 0.2141215 0.6353325 0.31747 0.6406021 0.3179119 0.6210445 0.3189374 0.589112 0.213942 0.5898067 0.213974 0.5997585 0.213974 0.5997585 0.3179119 0.6210445 0.3189374 0.589112 0.3186458 0.5852131 0.2139489 0.5840627 0.213942 0.5898067 0.213942 0.5898067 0.3189374 0.589112 0.3186458 0.5852131 0.3187485 0.5888497 0.2139413 0.5852608 0.2139539 0.5840725 0.2139539 0.5840725 0.3188061 0.5852189 0.3187485 0.5888497 0.3184167 0.6040199 0.2139732 0.5962141 0.2139413 0.5852608 0.2139413 0.5852608 0.3187485 0.5888497 0.3184167 0.6040199 0.3179624 0.6256104 0.2140412 0.6205886 0.2139732 0.5962141 0.2139732 0.5962141 0.3184167 0.6040199 0.3179624 0.6256104 0.1315739 0.5938031 0.1990203 0.5925816 0.1989601 0.6096083 0.1989601 0.6096083 0.1315848 0.6119005 0.1315739 0.5938031 0.1315702 0.5873359 0.1990316 0.5870223 0.1990203 0.5925816 0.1990203 0.5925816 0.1315739 0.5938031 0.1315702 0.5873359 0.1315671 0.5954813 0.1991198 0.5953509 0.1991695 0.5868416 0.1991695 0.5868416 0.1315615 0.5872997 0.1315671 0.5954813 0.1315796 0.6144772 0.199029 0.6139466 0.1991198 0.5953509 0.1991198 0.5953509 0.1315671 0.5954813 0.1315796 0.6144772 0.1315935 0.6353993 0.1986125 0.6480709 0.199029 0.6139466 0.199029 0.6139466 0.1315796 0.6144772 0.1315935 0.6353993 0.1316243 0.6484163 0.1988134 0.6481106 0.1985197 0.6480674 0.1985197 0.6480674 0.1315935 0.6353993 0.1316243 0.6484163 0.1988134 0.6481106 0.1316243 0.6484163 0.1316004 0.6484231 0.1316004 0.6484231 0.1988155 0.6445593 0.1988134 0.6481106 0.1315977 0.6331605 0.1988794 0.6301359 0.1988155 0.6445593 0.1988155 0.6445593 0.1316004 0.6484231 0.1315977 0.6331605 0.1315848 0.6119005 0.1989601 0.6096083 0.1988794 0.6301359 0.1988794 0.6301359 0.1315977 0.6331605 0.1315848 0.6119005 0.5083217 0.6373153 0.5124396 0.6397128 0.5171652 0.6390535 0.5083217 0.6373153 0.5171652 0.6390535 0.5203507 0.6356968 0.5203507 0.6356968 0.5198011 0.6302965 0.5173444 0.6274781 0.5173444 0.6274781 0.5126062 0.6265792 0.5084304 0.6287429 0.5203507 0.6356968 0.5173444 0.6274781 0.5084304 0.6287429 0.5083217 0.6373153 0.5203507 0.6356968 0.5084304 0.6287429 0.5083217 0.6373153 0.5084304 0.6287429 0.5067383 0.6329829 0.2140412 0.6205886 0.214125 0.6355502 0.317597 0.6435188 0.317597 0.6435188 0.3179624 0.6256104 0.2140412 0.6205886 0.214125 0.6355502 0.2142869 0.6486864 0.3174918 0.6493667 0.3174918 0.6493667 0.317597 0.6435188 0.214125 0.6355502 0.2142773 0.6490697 0.2141215 0.6353325 0.31747 0.6406021 0.31747 0.6406021 0.3172545 0.6495517 0.2142773 0.6490697 0.2141215 0.6353325 0.213974 0.5997585 0.3179119 0.6210445 0.3179119 0.6210445 0.31747 0.6406021 0.2141215 0.6353325 0.213974 0.5997585 0.213942 0.5898067 0.3189374 0.589112 0.3189374 0.589112 0.3179119 0.6210445 0.213974 0.5997585 0.213942 0.5898067 0.2139489 0.5840627 0.3186458 0.5852131 0.3186458 0.5852131 0.3189374 0.589112 0.213942 0.5898067 0.2139539 0.5840725 0.2139413 0.5852608 0.3187485 0.5888497 0.3187485 0.5888497 0.3188061 0.5852189 0.2139539 0.5840725 0.2139413 0.5852608 0.2139732 0.5962141 0.3184167 0.6040199 0.3184167 0.6040199 0.3187485 0.5888497 0.2139413 0.5852608 0.2139732 0.5962141 0.2140412 0.6205886 0.3179624 0.6256104 0.3179624 0.6256104 0.3184167 0.6040199 0.2139732 0.5962141 0.1989601 0.6096083 0.1990203 0.5925816 0.1315739 0.5938031 0.1315739 0.5938031 0.1315848 0.6119005 0.1989601 0.6096083 0.1990203 0.5925816 0.1990316 0.5870223 0.1315702 0.5873359 0.1315702 0.5873359 0.1315739 0.5938031 0.1990203 0.5925816 0.1991695 0.5868416 0.1991198 0.5953509 0.1315671 0.5954813 0.1315671 0.5954813 0.1315615 0.5872997 0.1991695 0.5868416 0.1991198 0.5953509 0.199029 0.6139466 0.1315796 0.6144772 0.1315796 0.6144772 0.1315671 0.5954813 0.1991198 0.5953509 0.199029 0.6139466 0.1986125 0.6480709 0.1315935 0.6353993 0.1315935 0.6353993 0.1315796 0.6144772 0.199029 0.6139466 0.1985197 0.6480674 0.1988134 0.6481106 0.1316243 0.6484163 0.1316243 0.6484163 0.1315935 0.6353993 0.1985197 0.6480674 0.1316004 0.6484231 0.1316243 0.6484163 0.1988134 0.6481106 0.1988134 0.6481106 0.1988155 0.6445593 0.1316004 0.6484231 0.1988155 0.6445593 0.1988794 0.6301359 0.1315977 0.6331605 0.1315977 0.6331605 0.1316004 0.6484231 0.1988155 0.6445593 0.1988794 0.6301359 0.1989601 0.6096083 0.1315848 0.6119005 0.1315848 0.6119005 0.1315977 0.6331605 0.1988794 0.6301359 0.5083217 0.6373153 0.5067383 0.6329829 0.5084304 0.6287429 0.5084304 0.6287429 0.5126062 0.6265792 0.5173444 0.6274781 0.5173444 0.6274781 0.5198011 0.6302965 0.5203507 0.6356968 0.5084304 0.6287429 0.5173444 0.6274781 0.5203507 0.6356968 0.5083217 0.6373153 0.5084304 0.6287429 0.5203507 0.6356968 0.5083217 0.6373153 0.5203507 0.6356968 0.5171652 0.6390535 0.5083217 0.6373153 0.5171652 0.6390535 0.5124396 0.6397128 0.317597 0.6435188 0.3179624 0.6256104 0.2140412 0.6205886 0.2140412 0.6205886 0.214125 0.6355502 0.317597 0.6435188 0.3174918 0.6493667 0.317597 0.6435188 0.214125 0.6355502 0.214125 0.6355502 0.2142869 0.6486864 0.3174918 0.6493667 0.31747 0.6406021 0.3172545 0.6495517 0.2142773 0.6490697 0.2142773 0.6490697 0.2141215 0.6353325 0.31747 0.6406021 0.3179119 0.6210445 0.31747 0.6406021 0.2141215 0.6353325 0.2141215 0.6353325 0.213974 0.5997585 0.3179119 0.6210445 0.3189374 0.589112 0.3179119 0.6210445 0.213974 0.5997585 0.213974 0.5997585 0.213942 0.5898067 0.3189374 0.589112 0.3186458 0.5852131 0.3189374 0.589112 0.213942 0.5898067 0.213942 0.5898067 0.2139489 0.5840627 0.3186458 0.5852131 0.3187485 0.5888497 0.3188061 0.5852189 0.2139539 0.5840725 0.2139539 0.5840725 0.2139413 0.5852608 0.3187485 0.5888497 0.3184167 0.6040199 0.3187485 0.5888497 0.2139413 0.5852608 0.2139413 0.5852608 0.2139732 0.5962141 0.3184167 0.6040199 0.3179624 0.6256104 0.3184167 0.6040199 0.2139732 0.5962141 0.2139732 0.5962141 0.2140412 0.6205886 0.3179624 0.6256104 0.1315739 0.5938031 0.1315848 0.6119005 0.1989601 0.6096083 0.1989601 0.6096083 0.1990203 0.5925816 0.1315739 0.5938031 0.1315702 0.5873359 0.1315739 0.5938031 0.1990203 0.5925816 0.1990203 0.5925816 0.1990316 0.5870223 0.1315702 0.5873359 0.1315671 0.5954813 0.1315615 0.5872997 0.1991695 0.5868416 0.1991695 0.5868416 0.1991198 0.5953509 0.1315671 0.5954813 0.1315796 0.6144772 0.1315671 0.5954813 0.1991198 0.5953509 0.1991198 0.5953509 0.199029 0.6139466 0.1315796 0.6144772 0.1315935 0.6353993 0.1315796 0.6144772 0.199029 0.6139466 0.199029 0.6139466 0.1986125 0.6480709 0.1315935 0.6353993 0.1316243 0.6484163 0.1315935 0.6353993 0.1985197 0.6480674 0.1985197 0.6480674 0.1988134 0.6481106 0.1316243 0.6484163 0.1988134 0.6481106 0.1988155 0.6445593 0.1316004 0.6484231 0.1316004 0.6484231 0.1316243 0.6484163 0.1988134 0.6481106 0.1315977 0.6331605 0.1316004 0.6484231 0.1988155 0.6445593 0.1988155 0.6445593 0.1988794 0.6301359 0.1315977 0.6331605 0.1315848 0.6119005 0.1315977 0.6331605 0.1988794 0.6301359 0.1988794 0.6301359 0.1989601 0.6096083 0.1315848 0.6119005 0.5083217 0.6373153 0.5067383 0.6329829 0.5084304 0.6287429 0.5084304 0.6287429 0.5126062 0.6265792 0.5173444 0.6274781 0.5173444 0.6274781 0.5198011 0.6302965 0.5203507 0.6356968 0.5084304 0.6287429 0.5173444 0.6274781 0.5203507 0.6356968 0.5083217 0.6373153 0.5084304 0.6287429 0.5203507 0.6356968 0.5083217 0.6373153 0.5203507 0.6356968 0.5171652 0.6390535 0.5083217 0.6373153 0.5171652 0.6390535 0.5124396 0.6397128 0.2140412 0.6205886 0.3179624 0.6256104 0.317597 0.6435188 0.317597 0.6435188 0.214125 0.6355502 0.2140412 0.6205886 0.214125 0.6355502 0.317597 0.6435188 0.3174918 0.6493667 0.3174918 0.6493667 0.2142869 0.6486864 0.214125 0.6355502 0.2142773 0.6490697 0.3172545 0.6495517 0.31747 0.6406021 0.31747 0.6406021 0.2141215 0.6353325 0.2142773 0.6490697 0.2141215 0.6353325 0.31747 0.6406021 0.3179119 0.6210445 0.3179119 0.6210445 0.213974 0.5997585 0.2141215 0.6353325 0.213974 0.5997585 0.3179119 0.6210445 0.3189374 0.589112 0.3189374 0.589112 0.213942 0.5898067 0.213974 0.5997585 0.213942 0.5898067 0.3189374 0.589112 0.3186458 0.5852131 0.3186458 0.5852131 0.2139489 0.5840627 0.213942 0.5898067 0.2139539 0.5840725 0.3188061 0.5852189 0.3187485 0.5888497 0.3187485 0.5888497 0.2139413 0.5852608 0.2139539 0.5840725 0.2139413 0.5852608 0.3187485 0.5888497 0.3184167 0.6040199 0.3184167 0.6040199 0.2139732 0.5962141 0.2139413 0.5852608 0.2139732 0.5962141 0.3184167 0.6040199 0.3179624 0.6256104 0.3179624 0.6256104 0.2140412 0.6205886 0.2139732 0.5962141 0.1989601 0.6096083 0.1315848 0.6119005 0.1315739 0.5938031 0.1315739 0.5938031 0.1990203 0.5925816 0.1989601 0.6096083 0.1990203 0.5925816 0.1315739 0.5938031 0.1315702 0.5873359 0.1315702 0.5873359 0.1990316 0.5870223 0.1990203 0.5925816 0.1991695 0.5868416 0.1315615 0.5872997 0.1315671 0.5954813 0.1315671 0.5954813 0.1991198 0.5953509 0.1991695 0.5868416 0.1991198 0.5953509 0.1315671 0.5954813 0.1315796 0.6144772 0.1315796 0.6144772 0.199029 0.6139466 0.1991198 0.5953509 0.199029 0.6139466 0.1315796 0.6144772 0.1315935 0.6353993 0.1315935 0.6353993 0.1986125 0.6480709 0.199029 0.6139466 0.1985197 0.6480674 0.1315935 0.6353993 0.1316243 0.6484163 0.1316243 0.6484163 0.1988134 0.6481106 0.1985197 0.6480674 0.1316004 0.6484231 0.1988155 0.6445593 0.1988134 0.6481106 0.1988134 0.6481106 0.1316243 0.6484163 0.1316004 0.6484231 0.1988155 0.6445593 0.1316004 0.6484231 0.1315977 0.6331605 0.1315977 0.6331605 0.1988794 0.6301359 0.1988155 0.6445593 0.1988794 0.6301359 0.1315977 0.6331605 0.1315848 0.6119005 0.1315848 0.6119005 0.1989601 0.6096083 0.1988794 0.6301359 0.5083217 0.6373153 0.5124396 0.6397128 0.5171652 0.6390535 0.5083217 0.6373153 0.5171652 0.6390535 0.5203507 0.6356968 0.5203507 0.6356968 0.5198011 0.6302965 0.5173444 0.6274781 0.5173444 0.6274781 0.5126062 0.6265792 0.5084304 0.6287429 0.5203507 0.6356968 0.5173444 0.6274781 0.5084304 0.6287429 0.5083217 0.6373153 0.5203507 0.6356968 0.5084304 0.6287429 0.5083217 0.6373153 0.5084304 0.6287429 0.5067383 0.6329829 0.3503323 0.1914922 0.3506439 0.1862114 0.3504905 0.1804653 0.3504905 0.1804653 0.350453 0.1803369 0.3503323 0.1914922 0.534097 0.1848453 0.5340962 0.1849019 0.5340976 0.1895962 0.3503323 0.1914922 0.350453 0.1803369 0.5362924 0.1795056 0.5362924 0.1795056 0.53627 0.1880961 0.3503323 0.1914922 0.3506666 0.1859977 0.3503822 0.1804583 0.5363135 0.1800598 0.5363135 0.1800598 0.536303 0.1833808 0.3506666 0.1859977 0.3504847 0.1915982 0.3506666 0.1859977 0.536303 0.1833808 0.536303 0.1833808 0.5362948 0.187675 0.3504847 0.1915982 0.3504467 0.1916939 0.3504847 0.1915982 0.5362948 0.187675 0.5362948 0.187675 0.5362919 0.187897 0.3504467 0.1916939 0.107695 0.9574483 0.1079146 0.921788 0.1079828 0.9221984 0.1079828 0.9221984 0.1082619 0.940567 0.107695 0.9574483 0.4419208 0.9361999 0.4419218 0.9513874 0.4419193 0.9363811 0.107695 0.9574483 0.4458729 0.946592 0.4459136 0.9191308 0.4459136 0.9191308 0.1079146 0.921788 0.107695 0.9574483 0.1083031 0.9398841 0.4459329 0.9315184 0.445952 0.9209024 0.445952 0.9209024 0.1077858 0.9221761 0.1083031 0.9398841 0.1079723 0.9577872 0.4459181 0.9452458 0.4459329 0.9315184 0.4459329 0.9315184 0.1083031 0.9398841 0.1079723 0.9577872 0.107903 0.9580928 0.4459128 0.9459558 0.4459181 0.9452458 0.4459181 0.9452458 0.1079723 0.9577872 0.107903 0.9580928 0.601813 0.3038089 0.601813 0.4573225 0.7856126 0.4563209 0.7856126 0.4563209 0.8057413 0.3038093 0.601813 0.3038089 0.601813 0.3038089 0.4135845 0.3038093 0.4356285 0.4573225 0.4356285 0.4573225 0.601813 0.4573225 0.601813 0.3038089 0.7859015 0.4594436 0.6021018 0.4604453 0.6021018 0.3069317 0.6021018 0.3069317 0.8060302 0.3069322 0.7859015 0.4594436 0.6021018 0.4604453 0.4359174 0.4604453 0.4138734 0.3069322 0.4138734 0.3069322 0.6021018 0.3069317 0.6021018 0.4604453 0.2514671 0.9616467 0.4102131 0.9636877 0.4102383 0.9343037 0.4102383 0.9343037 0.251477 0.934909 0.2514671 0.9616467 0.2513666 0.9292539 0.4099566 0.927276 0.4099313 0.9621569 0.4099313 0.9621569 0.2513567 0.960415 0.2513666 0.9292539 0.2513664 0.9294328 0.2513666 0.9292539 0.2513567 0.960415 0.2514671 0.9616467 0.251477 0.934909 0.4102383 0.9343037 0.4102383 0.9343037 0.4102131 0.9636877 0.2514671 0.9616467 0.2513666 0.9292539 0.2513567 0.960415 0.4099313 0.9621569 0.4099313 0.9621569 0.4099566 0.927276 0.2513666 0.9292539 0.2513664 0.9294328 0.2513567 0.960415 0.2513666 0.9292539 0.2514671 0.9616467 0.4102131 0.9636877 0.4102383 0.9343037 0.4102383 0.9343037 0.251477 0.934909 0.2514671 0.9616467 0.2513666 0.9292539 0.4099566 0.927276 0.4099313 0.9621569 0.4099313 0.9621569 0.2513567 0.960415 0.2513666 0.9292539 0.2513664 0.9294328 0.2513666 0.9292539 0.2513567 0.960415 0.2514671 0.9616467 0.251477 0.934909 0.4102383 0.9343037 0.4102383 0.9343037 0.4102131 0.9636877 0.2514671 0.9616467 0.2513666 0.9292539 0.2513567 0.960415 0.4099313 0.9621569 0.4099313 0.9621569 0.4099566 0.927276 0.2513666 0.9292539 0.2513664 0.9294328 0.2513567 0.960415 0.2513666 0.9292539 0.1139435 0.4554314 0.00567311 0.4558338 0.1154166 0.5156096 0.003797411 0.5156633 0.1154166 0.5156096 0.00567311 0.4558338 0.1119675 0.4553819 0.1138083 0.5153506 0.003058612 0.4558568 0.003058612 0.4558568 0.1138083 0.5153506 0.00212711 0.515286 0.5533227 0.004385948 0.8413567 0.006875514 0.8426054 0.1724293 0.8426054 0.1724293 0.5531871 0.06806612 0.5533227 0.004385948 0.8413628 0.006875574 0.5533227 0.004385948 0.5531871 0.06806612 0.5531871 0.06806612 0.8426177 0.1724348 0.8413628 0.006875574 0.5531871 0.06806612 0.5533227 0.004385948 0.8413628 0.006875574 0.8413628 0.006875574 0.8426177 0.1724348 0.5531871 0.06806612 0.5533227 0.004385948 0.5531871 0.06806612 0.8426054 0.1724293 0.8426054 0.1724293 0.8413567 0.006875514 0.5533227 0.004385948 0.677282 0.5509105 0.6775893 0.5502109 0.6775904 0.5482997 0.2514671 0.9616467 0.4102131 0.9636877 0.4102383 0.9343037 0.4102383 0.9343037 0.251477 0.934909 0.2514671 0.9616467 0.2513666 0.9292539 0.4099566 0.927276 0.4099313 0.9621569 0.4099313 0.9621569 0.2513567 0.960415 0.2513666 0.9292539 0.2513664 0.9294328 0.2513666 0.9292539 0.2513567 0.960415 0.2514671 0.9616467 0.251477 0.934909 0.4102383 0.9343037 0.4102383 0.9343037 0.4102131 0.9636877 0.2514671 0.9616467 0.2513666 0.9292539 0.2513567 0.960415 0.4099313 0.9621569 0.4099313 0.9621569 0.4099566 0.927276 0.2513666 0.9292539 0.2513664 0.9294328 0.2513567 0.960415 0.2513666 0.9292539 0.6182844 0.1803026 0.8017942 0.1783037 0.8017733 0.181717 0.8017733 0.181717 0.6182844 0.183027 0.6182844 0.1803026 0.6182959 0.1866564 0.6182844 0.1836416 0.8017731 0.1825616 0.8017731 0.1825616 0.8017939 0.186469 0.6182959 0.1866564 0.6182844 0.183027 0.8017733 0.181717 0.8017731 0.1825616 0.8017731 0.1825616 0.6182844 0.1836416 0.6182844 0.183027 0.6182959 0.1791365 0.8017938 0.177124 0.8017942 0.1783037 0.8017942 0.1783037 0.6182844 0.1803026 0.6182959 0.1791365 0.1660609 0.9980093 0.1660609 0.9980093 0.166068 0.9753817 0.166068 0.9753817 0.166068 0.9753817 0.1660609 0.9980093 0.1661957 0.9752509 0.1662057 0.9978609 0.2957612 0.9977911 0.2957612 0.9977911 0.2957464 0.9751147 0.1661957 0.9752509 0.1660648 0.9752771 0.1660574 0.9979602 0.2956898 0.9979178 0.2956898 0.9979178 0.295694 0.9751426 0.1660648 0.9752771 0.166068 0.9753817 0.1660609 0.9980093 0.2955764 0.9979805 0.2955764 0.9979805 0.2956107 0.9752537 0.166068 0.9753817 0.6197387 0.1792069 0.8025214 0.176975 0.8025223 0.1813902 0.8025223 0.1813902 0.6193421 0.1827491 0.6197387 0.1792069 0.6192052 0.1835662 0.8025348 0.1818048 0.8025348 0.1834967 0.6192052 0.1835662 0.8025348 0.1834967 0.8025346 0.1868442 0.6192052 0.1835662 0.8025346 0.1868442 0.6195989 0.1871243 0.6197418 0.1791961 0.8025215 0.1769621 0.8025214 0.176975 0.8025214 0.176975 0.6197387 0.1792069 0.6197418 0.1791961 0.6187549 0.1871142 0.6191992 0.1835713 0.6192052 0.1835662 0.6192052 0.1835662 0.6197418 0.1791961 0.6187549 0.1871142 0.6191992 0.1835713 0.8025354 0.1824162 0.8025348 0.1815264 0.6191992 0.1835713 0.8025348 0.1815264 0.8025348 0.1818048 0.6191992 0.1835713 0.8025348 0.1818048 0.6192052 0.1835662 0.7856126 0.4563209 0.601813 0.4573225 0.4356285 0.4573225 0.601813 0.3038089 0.601813 0.4573225 0.7856126 0.4563209 0.7856126 0.4563209 0.8057413 0.3038093 0.601813 0.3038089 0.601813 0.3038089 0.4135845 0.3038093 0.4356285 0.4573225 0.4356285 0.4573225 0.601813 0.4573225 0.601813 0.3038089 0.7859015 0.4594436 0.6021018 0.4604453 0.6021018 0.3069317 0.6021018 0.3069317 0.8060302 0.3069322 0.7859015 0.4594436 0.6021018 0.4604453 0.4359174 0.4604453 0.4138734 0.3069322 0.4138734 0.3069322 0.6021018 0.3069317 0.6021018 0.4604453 0.2514671 0.9616467 0.4102131 0.9636877 0.4102383 0.9343037 0.4102383 0.9343037 0.251477 0.934909 0.2514671 0.9616467 0.2513666 0.9292539 0.4099566 0.927276 0.4099313 0.9621569 0.4099313 0.9621569 0.2513567 0.960415 0.2513666 0.9292539 0.2513664 0.9294328 0.2513666 0.9292539 0.2513567 0.960415 0.2514671 0.9616467 0.251477 0.934909 0.4102383 0.9343037 0.4102383 0.9343037 0.4102131 0.9636877 0.2514671 0.9616467 0.2513666 0.9292539 0.2513567 0.960415 0.4099313 0.9621569 0.4099313 0.9621569 0.4099566 0.927276 0.2513666 0.9292539 0.2513664 0.9294328 0.2513567 0.960415 0.2513666 0.9292539 0.2514671 0.9616467 0.4102131 0.9636877 0.4102383 0.9343037 0.4102383 0.9343037 0.251477 0.934909 0.2514671 0.9616467 0.2513666 0.9292539 0.4099566 0.927276 0.4099313 0.9621569 0.4099313 0.9621569 0.2513567 0.960415 0.2513666 0.9292539 0.2513664 0.9294328 0.2513666 0.9292539 0.2513567 0.960415 0.2514671 0.9616467 0.251477 0.934909 0.4102383 0.9343037 0.4102383 0.9343037 0.4102131 0.9636877 0.2514671 0.9616467 0.2513666 0.9292539 0.2513567 0.960415 0.4099313 0.9621569 0.4099313 0.9621569 0.4099566 0.927276 0.2513666 0.9292539 0.2513664 0.9294328 0.2513567 0.960415 0.2513666 0.9292539 0.1139435 0.4554314 0.00567311 0.4558338 0.1154166 0.5156096 0.003797411 0.5156633 0.1154166 0.5156096 0.00567311 0.4558338 0.1119675 0.4553819 0.1138083 0.5153506 0.003058612 0.4558568 0.003058612 0.4558568 0.1138083 0.5153506 0.00212711 0.515286 0.8073258 0.3099114 0.7403103 0.3095997 0.6538176 0.5614216 0.4966993 0.304456 0.4161154 0.3064849 0.4351021 0.579219 0.4351021 0.579219 0.5642929 0.563315 0.4966993 0.304456 0.6538176 0.5614216 0.7913454 0.582683 0.8073258 0.3099114 0.7403103 0.3095997 0.4966993 0.304456 0.5642929 0.563315 0.5642929 0.563315 0.6538176 0.5614216 0.7403103 0.3095997 0.7405437 0.3088149 0.8076252 0.3093248 0.6538354 0.5603605 0.4164195 0.3047247 0.496939 0.3029404 0.4351001 0.5775019 0.5643088 0.5619854 0.4351001 0.5775019 0.496939 0.3029404 0.7913309 0.5820018 0.6538354 0.5603605 0.8076252 0.3093248 0.496939 0.3029404 0.7405437 0.3088149 0.5643088 0.5619854 0.6538354 0.5603605 0.5643088 0.5619854 0.7405437 0.3088149 0.5533227 0.004385948 0.8413567 0.006875514 0.8426054 0.1724293 0.8426054 0.1724293 0.5531871 0.06806612 0.5533227 0.004385948 0.8413628 0.006875574 0.5533227 0.004385948 0.5531871 0.06806612 0.5531871 0.06806612 0.8426177 0.1724348 0.8413628 0.006875574 0.5531871 0.06806612 0.5533227 0.004385948 0.8413628 0.006875574 0.8413628 0.006875574 0.8426177 0.1724348 0.5531871 0.06806612 0.5533227 0.004385948 0.5531871 0.06806612 0.8426054 0.1724293 0.8426054 0.1724293 0.8413567 0.006875514 0.5533227 0.004385948 0.677282 0.5509105 0.6775893 0.5502109 0.6775904 0.5482997 0.2514671 0.9616467 0.4102131 0.9636877 0.4102383 0.9343037 0.4102383 0.9343037 0.251477 0.934909 0.2514671 0.9616467 0.2513666 0.9292539 0.4099566 0.927276 0.4099313 0.9621569 0.4099313 0.9621569 0.2513567 0.960415 0.2513666 0.9292539 0.2513664 0.9294328 0.2513666 0.9292539 0.2513567 0.960415 0.2514671 0.9616467 0.251477 0.934909 0.4102383 0.9343037 0.4102383 0.9343037 0.4102131 0.9636877 0.2514671 0.9616467 0.2513666 0.9292539 0.2513567 0.960415 0.4099313 0.9621569 0.4099313 0.9621569 0.4099566 0.927276 0.2513666 0.9292539 0.2513664 0.9294328 0.2513567 0.960415 0.2513666 0.9292539 0.6182844 0.1803026 0.8017942 0.1783037 0.8017733 0.181717 0.8017733 0.181717 0.6182844 0.183027 0.6182844 0.1803026 0.6182959 0.1866564 0.6182844 0.1836416 0.8017731 0.1825616 0.8017731 0.1825616 0.8017939 0.186469 0.6182959 0.1866564 0.6182844 0.183027 0.8017733 0.181717 0.8017731 0.1825616 0.8017731 0.1825616 0.6182844 0.1836416 0.6182844 0.183027 0.6182959 0.1791365 0.8017938 0.177124 0.8017942 0.1783037 0.8017942 0.1783037 0.6182844 0.1803026 0.6182959 0.1791365 0.1662257 0.9979047 0.1662257 0.9979047 0.1662134 0.9752895 0.1662134 0.9752895 0.1662134 0.9752895 0.1662257 0.9979047 0.1660503 0.9753431 0.1660409 0.9979655 0.2955507 0.9979246 0.2955507 0.9979246 0.295592 0.9752126 0.1660503 0.9753431 0.1660648 0.9752771 0.1660574 0.9979602 0.2956898 0.9979178 0.2956898 0.9979178 0.295694 0.9751426 0.1660648 0.9752771 0.1662134 0.9752895 0.1662257 0.9979047 0.2957867 0.997847 0.2957867 0.997847 0.2957652 0.9751557 0.1662134 0.9752895 0.6197387 0.1792069 0.8025214 0.176975 0.8025223 0.1813902 0.8025223 0.1813902 0.6193421 0.1827491 0.6197387 0.1792069 0.6192052 0.1835662 0.8025348 0.1818048 0.8025348 0.1834967 0.6192052 0.1835662 0.8025348 0.1834967 0.8025346 0.1868442 0.6192052 0.1835662 0.8025346 0.1868442 0.6195989 0.1871243 0.6197418 0.1791961 0.8025215 0.1769621 0.8025214 0.176975 0.8025214 0.176975 0.6197387 0.1792069 0.6197418 0.1791961 0.6187549 0.1871142 0.6191992 0.1835713 0.6192052 0.1835662 0.6192052 0.1835662 0.6197418 0.1791961 0.6187549 0.1871142 0.6191992 0.1835713 0.8025354 0.1824162 0.8025348 0.1815264 0.6191992 0.1835713 0.8025348 0.1815264 0.8025348 0.1818048 0.6191992 0.1835713 0.8025348 0.1818048 0.6192052 0.1835662 0.3518717 0.1908094 0.536336 0.1898996 0.5363361 0.1841037 0.5363361 0.1841037 0.3514683 0.1849867 0.3518717 0.1908094 0.3513291 0.1836437 0.5363376 0.1835593 0.5363376 0.1813385 0.3513291 0.1836437 0.5363376 0.1813385 0.5363376 0.1769441 0.3513291 0.1836437 0.5363376 0.1769441 0.3517295 0.1777946 0.3518749 0.1908273 0.536336 0.1899163 0.536336 0.1898996 0.536336 0.1898996 0.3518717 0.1908094 0.3518749 0.1908273 0.3508709 0.1778113 0.351323 0.1836352 0.3513291 0.1836437 0.3513291 0.1836437 0.3518749 0.1908273 0.3508709 0.1778113 0.351323 0.1836352 0.5363376 0.1827567 0.5363376 0.1839247 0.351323 0.1836352 0.5363376 0.1839247 0.5363376 0.1835593 0.351323 0.1836352 0.5363376 0.1835593 0.3513291 0.1836437 0.5362449 0.1836746 0.3503922 0.18453 0.3503923 0.1890084 0.3503923 0.1890084 0.5362474 0.1881554 0.5362449 0.1836746 0.350404 0.1785639 0.3503923 0.1782725 0.3503923 0.1799396 0.350404 0.1785639 0.3503923 0.1799396 0.3503922 0.1835197 0.350404 0.1785639 0.3503922 0.1835197 0.5362448 0.1825659 0.350404 0.1785639 0.5362448 0.1825659 0.5362474 0.1774366 0.5362448 0.1825659 0.3503922 0.1835197 0.3503922 0.18453 0.3503922 0.18453 0.5362449 0.1836746 0.5362448 0.1825659 0.5362449 0.1836746 0.5362474 0.1881554 0.5362501 0.1834216 0.5362448 0.1825659 0.5362449 0.1836746 0.5362501 0.1834216 0.5362501 0.1834216 0.5362501 0.1827951 0.5362448 0.1825659 0.5362474 0.1897039 0.5362448 0.1825659 0.5362474 0.1881554 0.3503923 0.1890084 0.3503923 0.1906349 0.3503923 0.1906338 0.3503923 0.1890084 0.3503923 0.1906338 0.350404 0.1909252 0.350404 0.1909252 0.5362474 0.1897039 0.5362474 0.1881554 0.3503923 0.1890084 0.350404 0.1909252 0.5362474 0.1881554 0.3503323 0.1914922 0.3506439 0.1862114 0.3504905 0.1804653 0.3504905 0.1804653 0.350453 0.1803369 0.3503323 0.1914922 0.534097 0.1848453 0.5340962 0.1849019 0.5340976 0.1895962 0.3503323 0.1914922 0.350453 0.1803369 0.5362924 0.1795056 0.5362924 0.1795056 0.53627 0.1880961 0.3503323 0.1914922 0.3506666 0.1859977 0.3503822 0.1804583 0.5363135 0.1800598 0.5363135 0.1800598 0.536303 0.1833808 0.3506666 0.1859977 0.3504847 0.1915982 0.3506666 0.1859977 0.536303 0.1833808 0.536303 0.1833808 0.5362948 0.187675 0.3504847 0.1915982 0.3504467 0.1916939 0.3504847 0.1915982 0.5362948 0.187675 0.5362948 0.187675 0.5362919 0.187897 0.3504467 0.1916939 0.3503323 0.1914922 0.3506439 0.1862114 0.3504905 0.1804653 0.3504905 0.1804653 0.350453 0.1803369 0.3503323 0.1914922 0.534097 0.1848453 0.5340962 0.1849019 0.5340976 0.1895962 0.3503323 0.1914922 0.350453 0.1803369 0.5362924 0.1795056 0.5362924 0.1795056 0.53627 0.1880961 0.3503323 0.1914922 0.3506666 0.1859977 0.3503822 0.1804583 0.5363135 0.1800598 0.5363135 0.1800598 0.536303 0.1833808 0.3506666 0.1859977 0.3504847 0.1915982 0.3506666 0.1859977 0.536303 0.1833808 0.536303 0.1833808 0.5362948 0.187675 0.3504847 0.1915982 0.3504467 0.1916939 0.3504847 0.1915982 0.5362948 0.187675 0.5362948 0.187675 0.5362919 0.187897 0.3504467 0.1916939 0.2040103 0.4237076 0.00358963 0.4236027 0.003574788 0.4424967 0.003574788 0.4424967 0.2038884 0.4427036 0.2040103 0.4237076 0.204061 0.3967116 0.00367403 0.3966411 0.00358963 0.4236027 0.00358963 0.4236027 0.2040103 0.4237076 0.204061 0.3967116 0.204061 0.3967116 0.00367403 0.3966411 0.00367403 0.3966411 0.00367403 0.3966411 0.204061 0.3967116 0.204061 0.3967116 0.2038012 0.4237457 0.003366291 0.4236434 0.003455579 0.396681 0.003455579 0.396681 0.2037829 0.3967623 0.2038012 0.4237457 0.2038479 0.4427111 0.003367841 0.4425345 0.003366291 0.4236434 0.003366291 0.4236434 0.2038012 0.4237457 0.2038479 0.4427111 0.2037309 0.4471895 0.003367841 0.4469899 0.003367841 0.4425345 0.003367841 0.4425345 0.2038479 0.4427111 0.2037309 0.4471895 0.8688001 0.4561612 0.8688001 0.4561612 0.8600651 0.4564633 0.8600651 0.4564633 0.853194 0.4575428 0.8539186 0.4571814 0.8688001 0.4561612 0.8600651 0.4564633 0.8539186 0.4571814 0.8688001 0.4561612 0.8539186 0.4571814 0.8600651 0.4564633 0.6807866 0.2943565 0.8033139 0.2944796 0.785708 0.2498021 0.785708 0.2498021 0.6751688 0.2498021 0.6807866 0.2943565 0.2229995 0.01913696 0.2542374 0.09642732 0.277292 0.06536501 0.2542996 0.09653747 0.2228662 0.01945799 0.2772564 0.06563365 0.675018 0.2490957 0.666625 0.2000709 0.7596625 0.2003054 0.7596625 0.2003054 0.7856175 0.2490957 0.675018 0.2490957 0.4330778 0.966881 0.4343091 0.9720142 0.3970875 0.9719012 0.3970875 0.9719012 0.3970842 0.997168 0.2226767 0.9971836 0.3970875 0.9719012 0.2226767 0.9971836 0.2492648 0.9678932 0.4330778 0.966881 0.3970875 0.9719012 0.2492648 0.9678932 0.2219188 0.9966955 0.396584 0.9966797 0.3965871 0.9713923 0.3965871 0.9713923 0.4331132 0.9715317 0.4318558 0.9663479 0.3965871 0.9713923 0.4318558 0.9663479 0.248057 0.967404 0.2219188 0.9966955 0.3965871 0.9713923 0.248057 0.967404 0.6751688 0.2498021 0.5677152 0.2498021 0.5779175 0.2962126 0.6751688 0.2498021 0.5779175 0.2962126 0.6779387 0.2969236 0.6751688 0.2498021 0.6779387 0.2969236 0.6807866 0.2943565 0.1965962 0.008443832 0.2105075 0.09617441 0.2106266 0.09617513 0.1965962 0.008443832 0.2106266 0.09617513 0.210703 0.09596794 0.1965962 0.008443832 0.210703 0.09596794 0.2229995 0.01913696 0.2105697 0.09628444 0.1964629 0.008764863 0.2228662 0.01945799 0.2228662 0.01945799 0.2542996 0.09653747 0.2105697 0.09628444 0.5676108 0.2490957 0.5647429 0.1999197 0.666625 0.2000709 0.666625 0.2000709 0.675018 0.2490957 0.5676108 0.2490957 0.1000003 0.9679715 0.2492648 0.9678932 0.2226767 0.9971836 0.2226767 0.9971836 0.09589046 0.9971934 0.1000003 0.9679715 0.09901148 0.9674844 0.09538996 0.9967052 0.2219188 0.9966955 0.2219188 0.9966955 0.248057 0.967404 0.09901148 0.9674844 0.4954087 0.2961536 0.5779175 0.2962126 0.5677152 0.2498021 0.5677152 0.2498021 0.4603955 0.2498021 0.4954087 0.2961536 0.2105075 0.09617441 0.1965962 0.008443832 0.1214981 0.007953464 0.1214981 0.007953464 0.1116295 0.09556245 0.2105075 0.09617441 0.1964629 0.008764863 0.2105697 0.09628444 0.1116917 0.09577852 0.1116917 0.09577852 0.1213648 0.008274614 0.1964629 0.008764863 0.4603084 0.2490957 0.5647429 0.1999197 0.5676108 0.2490957 0.4351373 0.9679716 0.4310275 0.9971935 0.3041896 0.9972035 0.4351373 0.9679716 0.3041896 0.9972035 0.2882255 0.9679021 0.4331725 0.9678239 0.4351373 0.9679716 0.2882255 0.9679021 0.2872224 0.9674152 0.3037407 0.9967152 0.430527 0.9967054 0.430527 0.9967054 0.4331526 0.9674108 0.2872224 0.9674152 0.4954087 0.2961536 0.4603955 0.2498021 0.3531612 0.2498021 0.3531612 0.2498021 0.4151465 0.2961185 0.4954087 0.2961536 0.1774034 0.9972133 0.1453428 0.967956 0.2882255 0.9679021 0.2882255 0.9679021 0.3041896 0.9972035 0.1774034 0.9972133 0.1766453 0.9967251 0.3037407 0.9967152 0.2872224 0.9674152 0.2872224 0.9674152 0.1441545 0.9674723 0.1766453 0.9967251 0.3257781 0.2968694 0.4151465 0.2961185 0.3531612 0.2498021 0.3257781 0.2968694 0.3531612 0.2498021 0.2460077 0.2498021 0.3257781 0.2968694 0.2460077 0.2498021 0.2547904 0.296473 0.1116295 0.09556245 0.1214981 0.007953464 0.0306102 0.03434443 0.0306102 0.03434443 0.04503554 0.09524613 0.1116295 0.09556245 0.1213648 0.008274614 0.1116917 0.09577852 0.04509776 0.09535616 0.04509776 0.09535616 0.03047686 0.03466552 0.1213648 0.008274614 0.2460351 0.2490957 0.1792252 0.1993645 0.3343761 0.1996171 0.3343761 0.1996171 0.3530772 0.2490957 0.2460351 0.2490957 0.3469898 0.8645364 0.3533283 0.8298468 0.451887 0.8296549 0.451887 0.8296549 0.4519655 0.8648223 0.3469898 0.8645364 0.1622369 0.2967017 0.2547904 0.296473 0.2460077 0.2498021 0.2460077 0.2498021 0.170317 0.2498021 0.1622369 0.2967017 0.1792252 0.1993645 0.2460351 0.2490957 0.1702156 0.2490957 0.4465651 0.8656833 0.4465641 0.9009693 0.2453213 0.9009661 0.2453213 0.9009661 0.2453213 0.8656759 0.4465651 0.8656833 0.03047686 0.03466552 0.04509776 0.09535616 0.01403588 0.09535962 0.7777278 0.2955867 0.7338486 0.2958835 0.7306956 0.2492893 0.7306956 0.2492893 0.7791422 0.2485584 0.7777278 0.2955867 0.04503554 0.09524613 0.0306102 0.03434443 0.01416915 0.09503859 0.09320652 0.2490957 0.106857 0.1993666 0.1792252 0.1993645 0.1792252 0.1993645 0.1702156 0.2490957 0.09320652 0.2490957 0.09377062 0.2498021 0.170317 0.2498021 0.1793336 0.2001972 0.1793336 0.2001972 0.1074211 0.200073 0.09377062 0.2498021 0.6751688 0.2498021 0.785708 0.2498021 0.7597711 0.2010746 0.7597711 0.2010746 0.6667335 0.2009035 0.6751688 0.2498021 0.6806165 0.2934249 0.675018 0.2490957 0.7856175 0.2490957 0.7856175 0.2490957 0.8031466 0.2934262 0.6806165 0.2934249 0.5648514 0.2007523 0.5648587 0.200879 0.5651289 0.2007527 0.5777478 0.2954447 0.5676108 0.2490957 0.675018 0.2490957 0.6777683 0.2961753 0.5777478 0.2954447 0.675018 0.2490957 0.6777683 0.2961753 0.675018 0.2490957 0.6806165 0.2934249 0.5648514 0.2007523 0.3344848 0.2003864 0.4603955 0.2498021 0.4603955 0.2498021 0.5648587 0.200879 0.5648514 0.2007523 0.4952086 0.2947322 0.4603084 0.2490957 0.5676108 0.2490957 0.5676108 0.2490957 0.5777478 0.2954447 0.4952086 0.2947322 0.3531612 0.2498021 0.4603955 0.2498021 0.3344848 0.2003864 0.4603084 0.2490957 0.4952086 0.2947322 0.4950482 0.2960805 0.4603084 0.2490957 0.4950482 0.2960805 0.4148666 0.2953715 0.3530772 0.2490957 0.4603084 0.2490957 0.4148666 0.2953715 0.2460077 0.2498021 0.3531612 0.2498021 0.3344848 0.2003864 0.3344848 0.2003864 0.1793336 0.2001972 0.2460077 0.2498021 0.2460351 0.2490957 0.3530772 0.2490957 0.4148666 0.2953715 0.2460351 0.2490957 0.4148666 0.2953715 0.3256632 0.2961524 0.2460351 0.2490957 0.3256632 0.2961524 0.2539795 0.2957593 0.2460077 0.2498021 0.1793336 0.2001972 0.170317 0.2498021 0.1620727 0.2959951 0.1702156 0.2490957 0.2460351 0.2490957 0.2460351 0.2490957 0.2539795 0.2957593 0.1620727 0.2959951 0.7791422 0.2485584 0.7306956 0.2492893 0.7539159 0.1976379 0.09320652 0.2490957 0.1702156 0.2490957 0.1620727 0.2959951 0.1620727 0.2959951 0.08604127 0.2959951 0.09320652 0.2490957 0.1622369 0.2967017 0.170317 0.2498021 0.09377062 0.2498021 0.09377062 0.2498021 0.08660537 0.2967014 0.1622369 0.2967017 0.451887 0.8296549 0.4023 0.8310803 0.3909358 0.8312174 0.451887 0.8296549 0.3909358 0.8312174 0.4518843 0.8426051 0.451887 0.8296549 0.4518843 0.8426051 0.4519655 0.8648223 0.3507084 0.8426357 0.3473305 0.8643763 0.452306 0.8646623 0.452306 0.8646623 0.452225 0.8424451 0.3507084 0.8426357 0.3533283 0.8298468 0.3469898 0.8645364 0.2627673 0.8645498 0.2627673 0.8645498 0.272201 0.8298484 0.3533283 0.8298468 0.2725417 0.8296884 0.2631081 0.8643898 0.3479813 0.8643458 0.3479813 0.8643458 0.354117 0.8296865 0.2725417 0.8296884 0.4516136 0.842599 0.4519899 0.8647894 0.3476406 0.8645058 0.3476406 0.8645058 0.3508065 0.8427953 0.4516136 0.842599 0.3508065 0.8427953 0.3476406 0.8645058 0.2627673 0.8645498 0.2627673 0.8645498 0.2674118 0.8427953 0.3508065 0.8427953 0.2677524 0.8426354 0.2631081 0.8643898 0.3473305 0.8643763 0.3473305 0.8643763 0.3507084 0.8426357 0.2677524 0.8426354 0.2673957 0.8291682 0.2750252 0.8639204 0.4473562 0.8637258 0.4473562 0.8637258 0.4394605 0.8291701 0.2673957 0.8291682 0.4384992 0.8293988 0.4463903 0.8639976 0.2740746 0.8641944 0.2740746 0.8641944 0.2664379 0.8293968 0.4384992 0.8293988 0.2698709 0.8479087 0.2745055 0.8639663 0.4468213 0.8637694 0.4468213 0.8637694 0.4399691 0.8480549 0.2698709 0.8479087 0.2664639 0.8509095 0.2664639 0.8509095 0.2750252 0.8639204 0.2750252 0.8639204 0.2673957 0.8291682 0.2664639 0.8509095 0.2654861 0.8511875 0.2664379 0.8293968 0.2740746 0.8641944 0.2740746 0.8641944 0.2654861 0.8511875 0.2654861 0.8511875 0.2659174 0.8509593 0.2659174 0.8509593 0.2745055 0.8639663 0.2745055 0.8639663 0.2698709 0.8479087 0.2659174 0.8509593 0.4390295 0.8293983 0.446925 0.863954 0.4463903 0.8639976 0.4463903 0.8639976 0.4384992 0.8293988 0.4390295 0.8293983 0.4399691 0.8480549 0.4468213 0.8637694 0.4473562 0.8637258 0.4473562 0.8637258 0.4405202 0.8476425 0.4399691 0.8480549 0.440089 0.8478707 0.446925 0.863954 0.2745939 0.8641487 0.2745939 0.8641487 0.2699868 0.8478691 0.440089 0.8478707 0.2660326 0.8511377 0.2699868 0.8478691 0.2745939 0.8641487 0.2745939 0.8641487 0.2660326 0.8511377 0.2660326 0.8511377 0.4519185 0.8294935 0.354117 0.8296865 0.3479813 0.8643458 0.3479813 0.8643458 0.4523304 0.8646295 0.4519185 0.8294935 0.4515777 0.8296535 0.4519899 0.8647894 0.4516136 0.842599 0.9941767 0.3058075 0.9409627 0.369648 0.8983403 0.3694513 0.9941767 0.3058075 0.8983403 0.3694513 0.8453137 0.3056121 0.8453137 0.3056121 0.845384 0.2953518 0.8469655 0.2953522 0.9941767 0.3058075 0.8453137 0.3056121 0.8469655 0.2953522 0.9941767 0.3058075 0.8469655 0.2953522 0.9926391 0.2953522 0.9941767 0.3058075 0.9926391 0.2953522 0.9942119 0.2953519 0.4334286 0.9955947 0.4009377 0.966342 0.3970394 0.9662019 0.4334286 0.9955947 0.3970394 0.9662019 0.2478801 0.9707165 0.4334286 0.9955947 0.2478801 0.9707165 0.2419716 0.9956107 0.8482728 0.07966816 0.9912333 0.07974207 0.9943448 0.1395 0.8482728 0.07966816 0.9943448 0.1395 0.9943023 0.1751148 0.9943023 0.1751148 0.9942809 0.2107442 0.9942384 0.246359 0.9942384 0.246359 0.9942178 0.2953509 0.8453952 0.2953509 0.9942384 0.246359 0.8453952 0.2953509 0.8454158 0.2462866 0.9943023 0.1751148 0.9942384 0.246359 0.8454158 0.2462866 0.8482728 0.07966816 0.9943023 0.1751148 0.8454158 0.2462866 0.8454158 0.2462866 0.8454158 0.2107441 0.8454796 0.1751292 0.8482728 0.07966816 0.8454158 0.2462866 0.8454796 0.1751292 0.8482728 0.07966816 0.8454796 0.1751292 0.8455008 0.1394276 0.8257957 0.9052681 0.8733608 0.9052668 0.8255792 0.9052678 0.825385 0.9051024 0.8251215 0.9051021 0.8729388 0.9051011 0.4495587 0.8649715 0.4473364 0.9006098 0.2422734 0.9006099 0.2422734 0.9006099 0.2400629 0.8649806 0.4495587 0.8649715 0.2479228 0.9662596 0.379365 0.9666849 0.402126 0.9668257 0.2479228 0.9662596 0.402126 0.9668257 0.4341866 0.996083 0.4341866 0.996083 0.2427348 0.9960979 0.2478629 0.9712007 0.2479228 0.9662596 0.4341866 0.996083 0.2478629 0.9712007 0.3366923 0.4824025 0.3366922 0.4161137 0.4042913 0.4161137 0.4042913 0.4161137 0.4042912 0.4824025 0.3366923 0.4824025 0.4945346 0.7862372 0.4932417 0.9379895 0.5057281 0.9380986 0.5057281 0.9380986 0.5070524 0.7863466 0.4945346 0.7862372 0.4944549 0.7870568 0.495521 0.6648915 0.5080222 0.6650006 0.5080222 0.6650006 0.5069561 0.7871658 0.4944549 0.7870568 0.4932391 0.9382937 0.4945316 0.7865779 0.5070494 0.7866873 0.5070494 0.7866873 0.5057254 0.9384027 0.4932391 0.9382937 0.3366923 0.4824025 0.3366922 0.4161137 0.4042913 0.4161137 0.4042913 0.4161137 0.4042912 0.4824025 0.3366923 0.4824025 0.4945346 0.7862372 0.4932417 0.9379895 0.5057281 0.9380986 0.5057281 0.9380986 0.5070524 0.7863466 0.4945346 0.7862372 0.4944549 0.7870568 0.495521 0.6648915 0.5080222 0.6650006 0.5080222 0.6650006 0.5069561 0.7871658 0.4944549 0.7870568 0.4932391 0.9382937 0.4945316 0.7865779 0.5070494 0.7866873 0.5070494 0.7866873 0.5057254 0.9384027 0.4932391 0.9382937 0.7593928 0.576317 0.601813 0.576317 0.601813 0.4573225 0.601813 0.4573225 0.7856126 0.4563209 0.7593928 0.576317 0.4356285 0.4573225 0.601813 0.4573225 0.601813 0.576317 0.601813 0.576317 0.4623277 0.576317 0.4356285 0.4573225 0.601813 0.3038089 0.8057413 0.3038093 0.7856126 0.4563209 0.7856126 0.4563209 0.601813 0.4573225 0.601813 0.3038089 0.601813 0.3038089 0.601813 0.4573225 0.4356285 0.4573225 0.4356285 0.4573225 0.4135845 0.3038093 0.601813 0.3038089 0.7593928 0.576317 0.601813 0.576317 0.601813 0.4573225 0.601813 0.4573225 0.7856126 0.4563209 0.7593928 0.576317 0.4356285 0.4573225 0.601813 0.4573225 0.601813 0.576317 0.601813 0.576317 0.4623277 0.576317 0.4356285 0.4573225 0.601813 0.3038089 0.8057413 0.3038093 0.7856126 0.4563209 0.7856126 0.4563209 0.601813 0.4573225 0.601813 0.3038089 0.601813 0.3038089 0.601813 0.4573225 0.4356285 0.4573225 0.4356285 0.4573225 0.4135845 0.3038093 0.601813 0.3038089 0.7593928 0.576317 0.7856126 0.4563209 0.601813 0.4573225 0.601813 0.4573225 0.601813 0.576317 0.7593928 0.576317 0.4356285 0.4573225 0.4623277 0.576317 0.601813 0.576317 0.601813 0.576317 0.601813 0.4573225 0.4356285 0.4573225 0.601813 0.3038089 0.601813 0.4573225 0.7856126 0.4563209 0.7856126 0.4563209 0.8057413 0.3038093 0.601813 0.3038089 0.601813 0.3038089 0.4135845 0.3038093 0.4356285 0.4573225 0.4356285 0.4573225 0.601813 0.4573225 0.601813 0.3038089 0.7593928 0.576317 0.7856126 0.4563209 0.601813 0.4573225 0.601813 0.4573225 0.601813 0.576317 0.7593928 0.576317 0.4356285 0.4573225 0.4623277 0.576317 0.601813 0.576317 0.601813 0.576317 0.601813 0.4573225 0.4356285 0.4573225 0.601813 0.3038089 0.601813 0.4573225 0.7856126 0.4563209 0.7856126 0.4563209 0.8057413 0.3038093 0.601813 0.3038089 0.601813 0.3038089 0.4135845 0.3038093 0.4356285 0.4573225 0.4356285 0.4573225 0.601813 0.4573225 0.601813 0.3038089 0.3366923 0.4824025 0.3366922 0.4161137 0.4042913 0.4161137 0.4042913 0.4161137 0.4042912 0.4824025 0.3366923 0.4824025 0.4945208 0.7863413 0.4955869 0.6641762 0.5080881 0.6642853 0.5080881 0.6642853 0.507022 0.7864505 0.4945208 0.7863413 0.4945346 0.7862372 0.4932417 0.9379895 0.5057281 0.9380986 0.5057281 0.9380986 0.5070524 0.7863466 0.4945346 0.7862372 0.4944549 0.7870568 0.495521 0.6648915 0.5080222 0.6650006 0.5080222 0.6650006 0.5069561 0.7871658 0.4944549 0.7870568 0.4932391 0.9382937 0.4945316 0.7865779 0.5070494 0.7866873 0.5070494 0.7866873 0.5057254 0.9384027 0.4932391 0.9382937 0.3366923 0.4824025 0.3366922 0.4161137 0.4042913 0.4161137 0.4042913 0.4161137 0.4042912 0.4824025 0.3366923 0.4824025 0.4945208 0.7863413 0.4955869 0.6641762 0.5080881 0.6642853 0.5080881 0.6642853 0.507022 0.7864505 0.4945208 0.7863413 0.4945346 0.7862372 0.4932417 0.9379895 0.5057281 0.9380986 0.5057281 0.9380986 0.5070524 0.7863466 0.4945346 0.7862372 0.4944549 0.7870568 0.495521 0.6648915 0.5080222 0.6650006 0.5080222 0.6650006 0.5069561 0.7871658 0.4944549 0.7870568 0.4932391 0.9382937 0.4945316 0.7865779 0.5070494 0.7866873 0.5070494 0.7866873 0.5057254 0.9384027 0.4932391 0.9382937 0.3366923 0.4824025 0.3366922 0.4161137 0.4042913 0.4161137 0.4042913 0.4161137 0.4042912 0.4824025 0.3366923 0.4824025 0.4945208 0.7863413 0.4955869 0.6641762 0.5080881 0.6642853 0.5080881 0.6642853 0.507022 0.7864505 0.4945208 0.7863413 0.4945346 0.7862372 0.4932417 0.9379895 0.5057281 0.9380986 0.5057281 0.9380986 0.5070524 0.7863466 0.4945346 0.7862372 0.4944549 0.7870568 0.495521 0.6648915 0.5080222 0.6650006 0.5080222 0.6650006 0.5069561 0.7871658 0.4944549 0.7870568 0.4932391 0.9382937 0.4945316 0.7865779 0.5070494 0.7866873 0.5070494 0.7866873 0.5057254 0.9384027 0.4932391 0.9382937 0.7867712 0.8621534 0.7867698 0.8627867 0.7889764 0.8622762 0.786228 0.8617779 0.788429 0.8619048 0.786227 0.8624112 0.7912663 0.8188654 0.7868518 0.8189297 0.7867712 0.8621534 0.7867712 0.8621534 0.7889764 0.8622762 0.7912663 0.8188654 0.788429 0.8619048 0.786228 0.8617779 0.7863526 0.8186142 0.7863526 0.8186142 0.7885553 0.8182682 0.788429 0.8619048 0.786853 0.818294 0.7868518 0.8189297 0.7912663 0.8188654 0.4952086 0.2947322 0.4962401 0.2960811 0.4950482 0.2960805 0.7891413 0.776139 0.7909784 0.7345841 0.7866992 0.7279645 0.1259664 0.04432505 0.786618 0.7330847 0.790529 0.7342185 0.3366923 0.4824025 0.3366922 0.4161137 0.4042913 0.4161137 0.4042913 0.4161137 0.4042912 0.4824025 0.3366923 0.4824025 0.3366923 0.4824025 0.3366922 0.4161137 0.4042913 0.4161137 0.4042913 0.4161137 0.4042912 0.4824025 0.3366923 0.4824025 0.7307594 0.9441412 0.7271413 0.9444156 0.7244588 0.7445108 0.7244588 0.7445108 0.7280795 0.7444285 0.7307594 0.9441412 0.7280795 0.7444285 0.7244588 0.7445108 0.7237684 0.6930528 0.7237684 0.6930528 0.7273904 0.6930677 0.7280795 0.7444285 0.7262238 0.6056401 0.7273904 0.6930677 0.7237684 0.6930528 0.7237684 0.6930528 0.7225952 0.6056296 0.7262238 0.6056401 0.7283599 0.980364 0.726573 0.8471997 0.7303872 0.846872 0.7303872 0.846872 0.7321788 0.9803751 0.7283599 0.980364 0.7683159 0.84254 0.7660397 0.8438091 0.7303872 0.846872 0.7683159 0.84254 0.7303872 0.846872 0.7291299 0.7546597 0.7683159 0.84254 0.7291299 0.7546597 0.7671383 0.7547784 0.7291299 0.7546597 0.7253311 0.7546478 0.7245837 0.6989438 0.7245837 0.6989438 0.7283784 0.6986473 0.7291299 0.7546597 0.5711812 0.6215829 0.5788115 0.9610028 0.6132995 0.9606853 0.6132995 0.9606853 0.6054145 0.6057099 0.5711812 0.6215829 0.5677549 0.6229529 0.5677598 0.6231694 0.5711812 0.6215829 0.5711812 0.6215829 0.5711743 0.6212701 0.5677549 0.6229529 0.5752209 0.8647533 0.5728514 0.8653519 0.5710563 0.7855939 0.5710563 0.7855939 0.5744026 0.7837075 0.5752209 0.8647533 0.5757352 0.8439528 0.573051 0.8426458 0.5683541 0.6339694 0.5683541 0.6339694 0.5709938 0.6334112 0.5757352 0.8439528 0.6124028 0.8617447 0.6135024 0.9112474 0.5781577 0.9124612 0.6124028 0.8617447 0.5781577 0.9124612 0.5757352 0.8439528 0.6124028 0.8617447 0.5757352 0.8439528 0.6008247 0.8561694 0.57463 0.9127981 0.5746251 0.9125825 0.5781577 0.9124612 0.5781577 0.9124612 0.5781627 0.9126783 0.57463 0.9127981 0.1365153 0.6385043 0.1365153 0.5867232 0.1491311 0.5866873 0.1491311 0.5866873 0.1491311 0.6385407 0.1365153 0.6385043 0.1513131 0.6394603 0.1976273 0.6394603 0.1976273 0.6528125 0.1976273 0.6528125 0.1513131 0.6529442 0.1513131 0.6394603 0.1976273 0.6169189 0.1976273 0.6394603 0.1513131 0.6394603 0.1513131 0.6394603 0.1513131 0.6169189 0.1976273 0.6169189 0.1976273 0.586228 0.1976273 0.6169189 0.1513131 0.6169189 0.1513131 0.6169189 0.1513131 0.586228 0.1976273 0.586228 0.1513131 0.6296023 0.1976273 0.6297772 0.1976273 0.6519383 0.1976273 0.6519383 0.1513131 0.6517213 0.1513131 0.6296023 0.1954452 0.6386742 0.1954452 0.6520532 0.1491311 0.6518783 0.1491311 0.6518783 0.1491311 0.6385407 0.1954452 0.6386742 0.7669601 0.9413952 0.7307594 0.9441412 0.7280795 0.7444285 0.7280795 0.7444285 0.7643061 0.7436041 0.7669601 0.9413952 0.7643061 0.7436041 0.7280795 0.7444285 0.7273904 0.6930677 0.7273904 0.6930677 0.76363 0.6932165 0.7643061 0.7436041 0.7601207 0.6057373 0.7624565 0.605764 0.76363 0.6932165 0.7601207 0.6057373 0.76363 0.6932165 0.7273904 0.6930677 0.7601207 0.6057373 0.7273904 0.6930677 0.7262238 0.6056401 0.767854 0.9804787 0.7321788 0.9803751 0.7303872 0.846872 0.7303872 0.846872 0.7660397 0.8438091 0.767854 0.9804787 0.7291299 0.7546597 0.7303872 0.846872 0.726573 0.8471997 0.726573 0.8471997 0.7253311 0.7546478 0.7291299 0.7546597 0.7291299 0.7546597 0.7283784 0.6986473 0.7663453 0.69568 0.7663453 0.69568 0.7671383 0.7547784 0.7291299 0.7546597 0.5788115 0.9610028 0.5711812 0.6215829 0.5677598 0.6231694 0.5677598 0.6231694 0.5753645 0.9610345 0.5788115 0.9610028 0.5711743 0.6212701 0.5711812 0.6215829 0.6054145 0.6057099 0.6054145 0.6057099 0.6053861 0.6044327 0.5711743 0.6212701 0.6078826 0.7648335 0.6099153 0.8563405 0.5973557 0.8591617 0.6078826 0.7648335 0.5973557 0.8591617 0.5752209 0.8647533 0.6078826 0.7648335 0.5752209 0.8647533 0.5744026 0.7837075 0.5757352 0.8439528 0.5709938 0.6334112 0.5956531 0.6281965 0.5956531 0.6281965 0.6008247 0.8561694 0.5757352 0.8439528 0.5757352 0.8439528 0.5781577 0.9124612 0.5746251 0.9125825 0.5746251 0.9125825 0.573051 0.8426458 0.5757352 0.8439528 0.6135075 0.9114792 0.5781627 0.9126783 0.5781577 0.9124612 0.5781577 0.9124612 0.6135024 0.9112474 0.6135075 0.9114792 0.1491311 0.6385407 0.1491311 0.5866873 0.1954452 0.5865556 0.1954452 0.5865556 0.1954452 0.6386742 0.1491311 0.6385407 0.1386974 0.6394603 0.1513131 0.6394603 0.1513131 0.6529442 0.1513131 0.6529442 0.1386974 0.6529801 0.1386974 0.6394603 0.1513131 0.6169189 0.1513131 0.6394603 0.1386974 0.6394603 0.1386974 0.6394603 0.1386974 0.6169189 0.1513131 0.6169189 0.1513131 0.586228 0.1513131 0.6169189 0.1386974 0.6169189 0.1386974 0.6169189 0.1386974 0.586228 0.1513131 0.586228 0.1386974 0.6295546 0.1513131 0.6296023 0.1513131 0.6517213 0.1513131 0.6517213 0.1386974 0.6516622 0.1386974 0.6295546 0.1491311 0.6385407 0.1491311 0.6518783 0.1365153 0.6518306 0.1365153 0.6518306 0.1365153 0.6385043 0.1491311 0.6385407 0.984642 0.009670972 0.9924017 0.05754536 0.9290679 0.05807793 0.9290679 0.05807793 0.9354394 0.01009714 0.984642 0.009670972 0.2837803 0.4318647 0.2276608 0.4325448 0.2849514 0.3817771 0.2849514 0.3817771 0.284317 0.4089063 0.2837803 0.4318647 0.2275915 0.438618 0.2837808 0.4319864 0.2843176 0.4090279 0.2850516 0.3957393 0.2843176 0.4090279 0.2849506 0.3816943 0.2276608 0.4325448 0.2837803 0.4318647 0.284317 0.4089063 0.2849514 0.3817771 0.2848793 0.3717405 0.2283522 0.3709409 0.284317 0.4089063 0.2849514 0.3817771 0.2283522 0.3709409 0.2276608 0.4325448 0.284317 0.4089063 0.2283522 0.3709409 0.2276569 0.432834 0.2837731 0.4323626 0.2275878 0.4389882 0.2848709 0.3720336 0.284943 0.3820705 0.2843099 0.4094042 0.2837731 0.4323626 0.2276569 0.432834 0.2283481 0.3712388 0.2843099 0.4094042 0.2837731 0.4323626 0.2283481 0.3712388 0.2848709 0.3720336 0.2843099 0.4094042 0.2283481 0.3712388 0.9838576 0.1381675 0.9707483 0.1493307 0.9539983 0.1494723 0.9838576 0.1381675 0.9539983 0.1494723 0.939267 0.138552 0.939267 0.138552 0.9290679 0.05807793 0.9924017 0.05754536 0.9838576 0.1381675 0.939267 0.138552 0.9924017 0.05754536 0.9860672 0.01096701 0.9368648 0.01139318 0.9304932 0.05937397 0.9304932 0.05937397 0.9938271 0.05884128 0.9860672 0.01096701 0.2837803 0.4318647 0.284317 0.4089063 0.2849514 0.3817771 0.2849514 0.3817771 0.2276608 0.4325448 0.2837803 0.4318647 0.2275915 0.438618 0.2843176 0.4090279 0.2837808 0.4319864 0.2850516 0.3957393 0.2849506 0.3816943 0.2843176 0.4090279 0.284317 0.4089063 0.2837803 0.4318647 0.2276608 0.4325448 0.284317 0.4089063 0.2276608 0.4325448 0.2283522 0.3709409 0.2283522 0.3709409 0.2848793 0.3717405 0.2849514 0.3817771 0.284317 0.4089063 0.2283522 0.3709409 0.2849514 0.3817771 0.2276569 0.432834 0.2275878 0.4389882 0.2837731 0.4323626 0.2843099 0.4094042 0.284943 0.3820705 0.2848709 0.3720336 0.2843099 0.4094042 0.2848709 0.3720336 0.2283481 0.3712388 0.2283481 0.3712388 0.2276569 0.432834 0.2837731 0.4323626 0.2843099 0.4094042 0.2283481 0.3712388 0.2837731 0.4323626 0.9554601 0.1549516 0.9722101 0.1548101 0.9853194 0.1436468 0.9938271 0.05884128 0.9304932 0.05937397 0.9407289 0.1440314 0.9853194 0.1436468 0.9938271 0.05884128 0.9407289 0.1440314 0.9554601 0.1549516 0.9853194 0.1436468 0.9407289 0.1440314 0.4042913 0.4161137 0.4042912 0.4824025 0.3366923 0.4824025 0.3366923 0.4824025 0.3366922 0.4161137 0.4042913 0.4161137 0.5080881 0.6642853 0.507022 0.7864505 0.4945208 0.7863413 0.4945208 0.7863413 0.4955869 0.6641762 0.5080881 0.6642853 0.5057281 0.9380986 0.5070524 0.7863466 0.4945346 0.7862372 0.4945346 0.7862372 0.4932417 0.9379895 0.5057281 0.9380986 0.5080222 0.6650006 0.5069561 0.7871658 0.4944549 0.7870568 0.4944549 0.7870568 0.495521 0.6648915 0.5080222 0.6650006 0.5070494 0.7866873 0.5057254 0.9384027 0.4932391 0.9382937 0.4932391 0.9382937 0.4945316 0.7865779 0.5070494 0.7866873 0.7747728 0.4462007 0.7761396 0.580894 0.4200823 0.3037044 0.4200823 0.3037044 0.7743549 0.3043125 0.7747728 0.4462007 0.776125 0.5829067 0.7747582 0.4482135 0.4197625 0.3060879 0.7743377 0.3066877 0.4197625 0.3060879 0.7747582 0.4482135 0.775842 0.5817319 0.4380471 0.5763303 0.5492178 0.4787866 0.4150968 0.3093096 0.5343468 0.3176886 0.5492178 0.4787866 0.4316238 0.4769062 0.5492178 0.4787866 0.4380471 0.5763303 0.6733889 0.3134399 0.8063387 0.3023042 0.800287 0.4600409 0.6573814 0.4805162 0.800287 0.4600409 0.775842 0.5817319 0.800287 0.4600409 0.6573814 0.4805162 0.6733889 0.3134399 0.5492178 0.4787866 0.4316238 0.4769062 0.4150968 0.3093096 0.5343468 0.3176886 0.6733889 0.3134399 0.6573814 0.4805162 0.5492178 0.4787866 0.6573814 0.4805162 0.775842 0.5817319 0.6573814 0.4805162 0.5492178 0.4787866 0.5343468 0.3176886 0.4377646 0.5728322 0.7755599 0.5782342 0.5490229 0.4763729 0.5341817 0.3156432 0.4149317 0.3072642 0.5490229 0.4763729 0.5490229 0.4763729 0.431429 0.4744923 0.4377646 0.5728322 0.8061738 0.3002586 0.6732239 0.3113945 0.8000922 0.4576272 0.8000922 0.4576272 0.6571866 0.4781025 0.7755599 0.5782342 0.6571866 0.4781025 0.8000922 0.4576272 0.6732239 0.3113945 0.431429 0.4744923 0.5490229 0.4763729 0.4149317 0.3072642 0.6732239 0.3113945 0.5341817 0.3156432 0.6571866 0.4781025 0.6571866 0.4781025 0.5490229 0.4763729 0.7755599 0.5782342 0.5490229 0.4763729 0.6571866 0.4781025 0.5341817 0.3156432 0.7798836 0.5363374 0.5875278 0.4668558 0.5845293 0.3503893 0.5892283 0.4685796 0.7815843 0.5380612 0.5869937 0.3528873 0.4452873 0.5232449 0.4420264 0.3118719 0.6221765 0.3154868 0.6221765 0.3154868 0.6224555 0.5773754 0.4452873 0.5232449 0.4484802 0.3114916 0.4517404 0.5228649 0.6266295 0.3152244 0.6269087 0.5771132 0.6266295 0.3152244 0.4517404 0.5228649 0.7798836 0.5363374 0.5875278 0.4668558 0.5845293 0.3503893 0.5892283 0.4685796 0.7815843 0.5380612 0.5869937 0.3528873 0.4452873 0.5232449 0.4420264 0.3118719 0.6221765 0.3154868 0.6221765 0.3154868 0.6224555 0.5773754 0.4452873 0.5232449 0.4484802 0.3114916 0.4517404 0.5228649 0.6266295 0.3152244 0.6269087 0.5771132 0.6266295 0.3152244 0.4517404 0.5228649 0.7798836 0.5363374 0.5875278 0.4668558 0.5845293 0.3503893 0.5892283 0.4685796 0.7815843 0.5380612 0.5869937 0.3528873 0.4452873 0.5232449 0.4420264 0.3118719 0.6221765 0.3154868 0.6221765 0.3154868 0.6224555 0.5773754 0.4452873 0.5232449 0.4484802 0.3114916 0.4517404 0.5228649 0.6266295 0.3152244 0.6269087 0.5771132 0.6266295 0.3152244 0.4517404 0.5228649 0.3366923 0.4824025 0.3366922 0.4161137 0.4042913 0.4161137 0.4042913 0.4161137 0.4042912 0.4824025 0.3366923 0.4824025 0.7489035 0.7333166 0.7484295 0.6519075 0.6706983 0.651676 0.6706983 0.651676 0.6706982 0.7325254 0.7489035 0.7333166 0.2873103 0.3478353 0.1526631 0.3478352 0.2199864 0.3197167 0.2870849 0.3475405 0.1524375 0.3475406 0.2197613 0.319422 0.6710624 0.6516797 0.7484295 0.6519075 0.7489035 0.7333166 0.7489035 0.7333166 0.6710624 0.7331113 0.6710624 0.6516797 0.7489035 0.7333166 0.7484295 0.6519075 0.6706983 0.651676 0.6706983 0.651676 0.6706982 0.7325254 0.7489035 0.7333166 0.2873103 0.3478353 0.1526631 0.3478352 0.2199864 0.3197167 0.2870849 0.3475405 0.1524375 0.3475406 0.2197613 0.319422 0.6710624 0.6516797 0.7484295 0.6519075 0.7489035 0.7333166 0.7489035 0.7333166 0.6710624 0.7331113 0.6710624 0.6516797 0.6779387 0.2969236 0.6779387 0.2969236 0.5779175 0.2962126 0.5779175 0.2962126 0.578651 0.2968875 0.6779387 0.2969236 0.5784804 0.2961193 0.5777478 0.2954447 0.6777683 0.2961753 0.6777683 0.2961753 0.6777683 0.2961753 0.5784804 0.2961193 0.1646705 0.03567832 0.1646705 0.03567832 0.1646705 0.03567832 0.164267 0.03595274 0.164267 0.03595274 0.164267 0.03595274 0.164445 0.0357275 0.164445 0.0357275 0.164445 0.0357275 0.1644926 0.03590357 0.1644926 0.03590357 0.1644926 0.03590357 0.7867698 0.8627867 0.7867698 0.8627867 0.7889764 0.8622762 0.788429 0.8619048 0.786227 0.8624112 0.786227 0.8624112 0.6075121 0.1958923 0.4978649 0.1955305 0.4924196 0.176791 0.4924196 0.176791 0.6081321 0.1771482 0.6075121 0.1958923 0.6068016 0.1958832 0.6071101 0.1771358 0.5327804 0.1769046 0.5327804 0.1769046 0.5150012 0.1955806 0.6068016 0.1958832 0.6075121 0.1958923 0.6081321 0.1771482 0.4924196 0.176791 0.4924196 0.176791 0.4978649 0.1955305 0.6075121 0.1958923 0.2745802 0.7873317 0.3694486 0.7708654 0.4456547 0.7910551 0.2745802 0.7873317 0.4456547 0.7910551 0.3706848 0.8149407 0.2745802 0.7873317 0.3706848 0.8149407 0.2750234 0.8031324 0.5287352 0.1937477 0.4849936 0.1936393 0.4816786 0.1777521 0.4816786 0.1777521 0.5332913 0.1777521 0.5287352 0.1937477 0.6075121 0.1958923 0.6081321 0.1771482 0.4924196 0.176791 0.4924196 0.176791 0.4978649 0.1955305 0.6075121 0.1958923 0.6068016 0.1958832 0.5150012 0.1955806 0.5327804 0.1769046 0.5327804 0.1769046 0.6071101 0.1771358 0.6068016 0.1958832 0.6075121 0.1958923 0.4978649 0.1955305 0.4924196 0.176791 0.4924196 0.176791 0.6081321 0.1771482 0.6075121 0.1958923 0.2851542 0.8050157 0.284711 0.7892149 0.3795793 0.7727486 0.2851542 0.8050157 0.3795793 0.7727486 0.4557853 0.7929382 0.2851542 0.8050157 0.4557853 0.7929382 0.3808155 0.8168239 0.5285878 0.1937477 0.5327001 0.1777521 0.4810873 0.1777521 0.4810873 0.1777521 0.4844024 0.1936393 0.5285878 0.1937477 0.9224318 0.002925693 0.969167 0.04123342 0.9912333 0.08716094 0.9224318 0.002925693 0.9912333 0.08716094 0.8482735 0.0873062 0.9224318 0.002925693 0.8482735 0.0873062 0.8703861 0.04102307 0.6075121 0.1958923 0.6081321 0.1771482 0.4924196 0.176791 0.4924196 0.176791 0.4978649 0.1955305 0.6075121 0.1958923 0.6068016 0.1958832 0.5150012 0.1955806 0.5327804 0.1769046 0.5327804 0.1769046 0.6071101 0.1771358 0.6068016 0.1958832 0.6075121 0.1958923 0.4978649 0.1955305 0.4924196 0.176791 0.4924196 0.176791 0.6081321 0.1771482 0.6075121 0.1958923 0.283815 0.8056392 0.2836266 0.7898339 0.3787497 0.7747026 0.283815 0.8056392 0.3787497 0.7747026 0.4546216 0.7959608 0.283815 0.8056392 0.4546216 0.7959608 0.3792752 0.8187902 0.5279107 0.1938197 0.5328313 0.1780407 0.4821055 0.1780407 0.4821055 0.1780407 0.4844881 0.193928 0.5279107 0.1938197 0.6075121 0.1958923 0.4978649 0.1955305 0.4924196 0.176791 0.4924196 0.176791 0.6081321 0.1771482 0.6075121 0.1958923 0.6068016 0.1958832 0.6071101 0.1771358 0.5327804 0.1769046 0.5327804 0.1769046 0.5150012 0.1955806 0.6068016 0.1958832 0.6075121 0.1958923 0.6081321 0.1771482 0.4924196 0.176791 0.4924196 0.176791 0.4978649 0.1955305 0.6075121 0.1958923 0.2887126 0.7888344 0.3834675 0.7718083 0.4598088 0.7915475 0.2887126 0.7888344 0.4598088 0.7915475 0.3850022 0.8158752 0.2887126 0.7888344 0.3850022 0.8158752 0.2892628 0.8046323 0.5280581 0.1938197 0.4850792 0.193928 0.4826967 0.1780407 0.4826967 0.1780407 0.5334225 0.1780407 0.5280581 0.1938197 0.4603955 0.2498021 0.5677152 0.2498021 0.5648587 0.200879 0.5677152 0.2498021 0.6751688 0.2498021 0.6667335 0.2009035 0.5677152 0.2498021 0.6667335 0.2009035 0.5651289 0.2007527 0.5677152 0.2498021 0.5651289 0.2007527 0.5648587 0.200879 0.2542374 0.09642732 0.2229995 0.01913696 0.210703 0.09596794 0.2106266 0.09617513 0.2542374 0.09642732 0.210703 0.09596794 0.4603084 0.2490957 0.3530772 0.2490957 0.3343761 0.1996171 0.4603084 0.2490957 0.3343761 0.1996171 0.5647429 0.1999197</float_array>
          <technique_common>
            <accessor source="#gloire_Mesh_001-mesh-map-0-array" count="2796" stride="2">
              <param name="S" type="float"/>
              <param name="T" type="float"/>
            </accessor>
          </technique_common>
        </source>
        <vertices id="gloire_Mesh_001-mesh-vertices">
          <input semantic="POSITION" source="#gloire_Mesh_001-mesh-positions"/>
        </vertices>
        <triangles material="gloire_Mat_001-material" count="932">
          <input semantic="VERTEX" source="#gloire_Mesh_001-mesh-vertices" offset="0"/>
          <input semantic="NORMAL" source="#gloire_Mesh_001-mesh-normals" offset="1"/>
          <input semantic="TEXCOORD" source="#gloire_Mesh_001-mesh-map-0" offset="2" set="0"/>
          <p>24 0 0 2 1 1 5 2 2 4 3 3 28 4 4 23 5 5 29 6 6 6 7 7 0 8 8 1 9 9 25 10 10 30 11 11 32 12 12 9 13 13 1054 14 14 1055 15 15 1056 16 16 33 17 17 34 18 18 10 19 19 7 20 20 8 21 21 31 22 22 35 23 23 38 24 24 13 25 25 12 26 26 11 27 27 36 28 28 37 29 29 41 30 30 16 31 31 15 30 32 14 32 33 39 33 34 40 34 35 44 35 36 19 35 37 1057 36 38 1058 37 39 1059 38 40 43 38 41 47 39 42 22 39 43 18 39 44 17 40 45 42 40 46 45 40 47 26 41 48 3 41 49 20 41 50 21 42 51 46 42 52 27 42 53 48 43 54 1063 44 55 1061 45 56 1062 46 57 53 47 58 49 48 59 54 49 60 1066 50 61 1064 51 62 1065 52 63 50 53 64 55 54 65 57 55 66 1071 56 67 1067 57 68 1068 58 69 1072 59 70 58 60 71 59 61 72 1073 62 73 1069 63 74 1070 64 75 56 65 76 60 66 77 62 67 78 1076 68 79 1074 69 80 1075 70 81 61 71 82 63 72 83 66 73 84 1079 73 85 1078 73 86 1077 74 87 64 75 88 65 76 89 1081 77 90 67 77 91 70 77 92 69 78 93 1084 78 94 1080 78 95 73 79 96 1087 79 97 1083 79 98 1082 80 99 68 80 100 72 80 101 52 81 102 1060 81 103 1086 81 104 1085 82 105 71 82 106 51 82 107 1093 83 108 1090 83 109 1088 83 110 1094 84 111 1089 84 112 1097 84 113 1098 85 114 1102 85 115 1101 85 116 1099 86 117 1107 86 118 1105 86 119 1096 87 120 1100 87 121 1106 87 122 1092 88 123 1095 88 124 1104 88 125 1091 89 126 1103 89 127 1108 89 128 82 90 129 79 91 130 75 92 131 74 93 132 84 94 133 81 95 134 78 96 135 88 97 136 86 98 137 87 99 138 76 100 139 77 101 140 1109 102 141 94 103 142 90 104 143 91 105 144 1111 106 145 1110 107 146 92 108 147 100 109 148 96 110 149 97 111 150 89 112 151 93 113 152 99 114 153 104 114 154 102 114 155 101 115 156 95 115 157 98 115 158 106 116 159 109 117 160 108 116 161 107 118 162 103 118 163 105 118 164 1113 119 165 115 120 166 111 120 167 112 121 168 1114 121 169 1112 122 170 114 123 171 121 124 172 118 125 173 117 126 174 110 127 175 113 128 176 119 129 177 80 130 178 83 131 179 85 132 180 116 133 181 120 134 182 1118 135 183 1115 136 184 122 137 185 123 138 186 127 139 187 1120 140 188 1116 141 189 1121 142 190 128 143 191 129 144 192 124 145 193 1117 146 194 1125 147 195 1124 148 196 131 149 197 132 150 198 1127 151 199 1126 152 200 1122 153 201 1130 154 202 134 155 203 135 156 204 130 157 205 1123 158 206 1128 159 207 1131 159 208 136 159 209 137 160 210 133 160 211 1129 160 212 1136 161 213 1132 162 214 140 163 215 139 164 216 138 164 217 1135 164 218 143 165 219 141 165 220 1133 165 221 1134 166 222 1139 166 223 144 166 224 1138 167 225 1142 168 226 147 169 227 146 170 228 142 171 229 1137 172 230 1141 173 231 1119 174 232 126 175 233 125 176 234 145 177 235 1140 178 236 1150 179 237 1147 179 238 1146 179 239 1144 180 240 1155 180 241 1154 180 242 1152 181 243 1160 181 244 1156 181 245 1143 182 246 1153 182 247 1157 182 248 1149 183 249 1145 183 250 1158 183 251 1151 184 252 1159 184 253 1162 184 254 1148 185 255 1161 185 256 1163 185 257 148 186 258 158 186 259 155 186 260 156 187 261 151 188 262 149 187 263 161 189 264 150 189 265 153 190 266 152 191 267 162 192 268 160 192 269 165 193 270 1166 194 271 1165 195 272 1164 196 273 168 197 274 164 198 275 171 199 276 163 200 277 167 201 278 166 202 279 174 203 280 170 204 281 175 205 282 169 206 283 172 207 284 173 208 285 178 209 286 176 210 287 181 211 288 177 212 289 179 212 290 180 213 291 183 214 292 182 215 293 185 216 294 1169 217 295 1168 218 296 1167 219 297 189 220 298 186 221 299 190 222 300 184 223 301 187 224 302 188 225 303 195 226 304 192 227 305 159 228 306 191 229 307 194 230 308 193 231 309 154 232 310 157 233 311 197 234 312 201 235 313 1172 236 314 1171 237 315 1173 238 316 196 239 317 203 240 318 198 241 319 1175 242 320 1174 243 321 1176 244 322 202 245 323 206 246 324 1179 247 325 1178 248 326 1177 249 327 1182 250 328 205 251 329 208 252 330 204 253 331 1181 254 332 1180 255 333 1184 256 334 207 257 335 211 258 336 209 259 337 1185 260 338 1183 261 339 1186 262 340 210 263 341 213 264 342 212 265 343 1187 266 344 1188 267 345 1191 267 346 215 267 347 1190 268 348 1194 269 349 218 270 350 217 271 351 214 272 352 1189 273 353 220 274 354 216 274 355 1192 274 356 1193 275 357 1197 275 358 221 275 359 199 276 360 219 276 361 1195 276 362 1196 277 363 1170 277 364 200 277 365 1203 278 366 1202 279 367 1198 280 368 1201 281 369 1210 282 370 1209 283 371 1207 284 372 1215 285 373 1211 286 374 1199 287 375 1208 288 376 1212 289 377 1204 290 378 1200 291 379 1213 292 380 1206 293 381 1214 294 382 1217 295 383 1205 296 384 1216 297 385 1218 298 386 223 299 387 233 300 388 228 301 389 229 302 390 227 303 391 224 304 392 225 305 393 230 306 394 236 307 395 235 308 396 234 309 397 226 310 398 1221 311 399 1219 311 400 242 311 401 241 312 402 239 312 403 1220 312 404 238 313 405 240 313 406 247 313 407 246 314 408 243 314 409 237 314 410 244 315 411 248 316 412 252 317 413 253 318 414 249 319 415 245 320 416 250 321 417 254 322 418 256 323 419 257 324 420 255 325 421 251 326 422 1223 327 423 1222 328 424 263 329 425 262 330 426 260 331 427 1224 332 428 258 333 429 261 334 430 267 335 431 269 336 432 266 337 433 259 338 434 265 339 435 268 340 436 232 341 437 231 342 438 222 343 439 264 344 440 1227 345 441 275 346 442 271 347 443 270 348 444 1228 349 445 1226 350 446 1230 351 447 272 352 448 277 353 449 276 354 450 1231 355 451 1229 356 452 1234 357 453 1232 358 454 280 359 455 279 360 456 1237 361 457 1233 362 458 1236 363 459 278 364 460 283 365 461 282 366 462 1240 367 463 1235 368 464 1239 369 465 281 369 466 285 369 467 284 370 468 1241 371 469 1238 372 470 1242 373 471 286 374 472 287 375 473 288 376 474 1244 377 475 1243 378 476 292 379 477 1249 380 478 1246 381 479 1245 382 480 289 383 481 291 384 482 1247 385 483 290 386 484 294 387 485 295 388 486 1252 389 487 1248 390 488 1250 391 489 293 392 490 273 393 491 274 394 492 1225 395 493 1251 396 494 1256 397 495 1255 398 496 1253 399 497 1259 400 498 1254 401 499 1263 402 500 1260 403 501 1267 404 502 1264 405 503 1265 406 504 1272 407 505 1269 408 506 1261 409 507 1266 410 508 1270 411 509 1258 412 510 1262 413 511 1271 414 512 1257 415 513 1268 416 514 1273 417 515 1799 418 516 1801 419 517 1802 420 518 1803 421 519 1796 422 520 1800 423 521 1789 424 522 1790 424 523 1794 424 524 1797 425 525 1795 426 526 1985 427 527 1986 428 528 1788 429 529 1798 430 530 1990 431 531 1989 432 532 1987 433 533 1988 434 534 1792 435 535 1992 436 536 1994 437 537 1991 438 538 1791 439 539 1793 440 540 1998 441 541 1995 442 542 1999 443 543 1993 444 544 1996 445 545 1997 446 546 2001 447 547 2000 448 548 297 449 549 304 450 550 301 451 551 302 452 552 300 453 553 298 454 554 305 455 555 307 456 556 306 457 557 299 458 558 308 459 559 1275 460 560 1274 461 561 303 462 562 296 463 563 1280 464 564 310 465 565 1277 466 566 1276 467 567 1281 468 568 1278 469 569 1287 470 570 1284 471 571 311 472 572 309 473 573 1279 474 574 1286 475 575 1290 476 576 1288 477 577 1283 478 578 1282 479 579 1285 480 580 1289 481 581 2105 482 582 2100 483 583 1805 484 584 1804 485 585 2101 486 586 2104 487 587 2107 488 588 2103 489 589 1809 490 590 1808 491 591 2099 492 592 2106 493 593 1806 494 594 2109 495 595 2112 496 596 2111 497 597 2102 498 598 1807 499 599 2110 500 600 2002 501 601 2115 501 602 2114 502 603 2113 503 604 2108 504 605 1813 505 606 1812 506 607 1810 507 608 1811 508 609 1815 509 610 1814 510 611 1819 511 612 1816 512 613 2004 513 614 2003 514 615 2006 515 616 1818 516 617 2007 517 618 1817 518 619 2005 519 620 1820 520 621 1825 521 622 1824 522 623 1823 523 624 1822 524 625 1821 525 626 1827 526 627 2011 527 628 2008 528 629 2009 529 630 1829 530 631 1828 531 632 2012 532 633 2010 533 634 1826 534 635 1833 535 636 1832 536 637 1830 537 638 1831 538 639 1835 539 640 1834 540 641 1839 541 642 1836 542 643 2014 543 644 2013 544 645 2016 545 646 1838 546 647 2017 547 648 1837 547 649 2015 547 650 1840 548 651 1845 549 652 1844 550 653 1843 551 654 1842 552 655 1841 553 656 1847 554 657 2021 555 658 2018 556 659 2019 557 660 1849 558 661 1848 559 662 2022 560 663 2020 561 664 1846 562 665 2089 563 666 2094 564 667 2088 565 668 2092 566 669 2087 567 670 2093 568 671 2097 569 672 2090 570 673 2096 571 674 2095 572 675 2091 573 676 2098 574 677 1851 575 678 314 576 679 313 577 680 312 578 681 1852 579 682 1850 580 683 315 581 684 1853 582 685 1854 583 686 1855 584 687 317 585 688 316 586 689 1858 587 690 1856 588 691 320 589 692 319 590 693 318 591 694 1857 592 695 1860 593 696 1861 594 697 323 595 698 322 596 699 321 596 700 1859 597 701 1863 598 702 1864 598 703 1862 598 704 1868 599 705 1867 600 706 1866 601 707 1865 602 708 1870 603 709 1869 604 710 1874 605 711 1871 606 712 2024 607 713 2023 608 714 2026 609 715 1873 610 716 2027 611 717 1872 611 718 2025 611 719 1875 612 720 1880 613 721 1878 614 722 1879 615 723 1877 616 724 1876 617 725 1882 618 726 2031 619 727 2028 620 728 2029 621 729 1884 622 730 1883 623 731 2032 624 732 2030 625 733 1881 626 734 1896 627 735 1892 628 736 1889 629 737 1890 630 738 1903 631 739 1897 632 740 1900 633 741 1901 634 742 1886 635 743 1885 636 744 1895 637 745 1899 638 746 1904 639 747 1891 640 748 1887 641 749 1888 642 750 1902 643 751 1905 644 752 2035 645 753 2033 646 754 1894 647 755 1893 648 756 1898 649 757 2034 650 758 337 651 759 335 652 760 332 653 761 331 654 762 333 655 763 336 656 764 1292 657 765 1291 658 766 325 659 767 326 660 768 328 661 769 1293 662 770 1297 663 771 1296 664 772 1294 665 773 1295 666 774 327 667 775 1298 668 776 329 669 777 334 669 778 1299 669 779 1300 670 780 324 670 781 330 670 782 1908 671 783 1925 672 784 1918 673 785 1917 674 786 1910 675 787 1907 676 788 1913 677 789 1929 678 790 1921 679 791 1912 680 792 1922 681 793 1924 682 794 1911 683 795 1923 684 796 1906 685 797 2037 686 798 2036 687 799 1926 688 800 1927 689 801 1909 690 802 2038 691 803 2044 692 804 2043 693 805 1915 694 806 1916 695 807 2039 696 808 2045 697 809 2041 698 810 2046 698 811 1920 699 812 2040 700 813 1919 701 814 1928 702 815 2042 703 816 1930 704 817 1914 705 818 2210 706 819 2513 706 820 2215 706 821 2518 707 822 2511 708 823 2209 709 824 2208 710 825 2514 711 826 2517 712 827 2520 713 828 2516 714 829 2214 714 830 2213 715 831 2512 716 832 2519 717 833 2211 718 834 2523 719 835 2525 720 836 2524 721 837 2515 722 838 2212 723 839 2521 724 840 2402 725 841 2528 725 842 2527 726 843 2526 727 844 2522 728 845 2219 729 846 2218 730 847 2216 731 848 2217 732 849 2221 733 850 2220 734 851 2225 735 852 2222 736 853 2404 737 854 2403 738 855 2406 739 856 2224 740 857 2407 741 858 2223 741 859 2405 741 860 2226 742 861 2231 743 862 2230 744 863 2229 745 864 2228 746 865 2227 747 866 2233 748 867 2411 749 868 2408 750 869 2409 751 870 2235 752 871 2234 753 872 2412 754 873 2410 755 874 2232 756 875 2239 757 876 2238 758 877 2236 759 878 2237 760 879 2241 761 880 2240 762 881 2245 763 882 2242 764 883 2414 765 884 2413 766 885 2416 767 886 2244 768 887 2417 769 888 2243 770 889 2415 771 890 2246 772 891 2251 773 892 2250 774 893 2249 775 894 2248 776 895 2247 777 896 2253 778 897 2421 779 898 2418 780 899 2419 781 900 2255 782 901 2254 783 902 2422 784 903 2420 785 904 2252 786 905 2501 787 906 2506 788 907 2500 789 908 2504 790 909 2499 791 910 2505 792 911 2509 793 912 2502 794 913 2508 795 914 2507 796 915 2503 797 916 2510 798 917 2571 799 918 2575 800 919 2576 801 920 2588 802 921 2590 803 922 2257 804 923 2256 805 924 2592 806 925 2587 807 926 2577 808 927 2258 809 928 2572 810 929 2573 811 930 2589 812 931 2593 813 932 2591 814 933 2578 815 934 2574 816 935 2581 817 936 2579 818 937 2586 819 938 2597 820 939 2595 821 940 2259 822 941 2600 823 942 2260 824 943 2596 825 944 2261 826 945 2585 827 946 2580 828 947 2594 829 948 2582 830 949 2598 831 950 2584 832 951 2599 833 952 2583 834 953 2263 835 954 340 836 955 339 837 956 338 838 957 2264 839 958 2262 840 959 341 841 960 2265 842 961 2266 843 962 2267 844 963 343 845 964 342 846 965 2270 847 966 2268 848 967 346 849 968 345 850 969 344 851 970 2269 852 971 2272 853 972 2273 854 973 349 855 974 348 856 975 347 857 976 2271 858 977 2275 859 978 2276 859 979 2274 859 980 2280 860 981 2279 861 982 2278 862 983 2277 863 984 2282 864 985 2281 865 986 2286 866 987 2283 867 988 2424 868 989 2423 869 990 2426 870 991 2285 871 992 2427 872 993 2284 873 994 2425 874 995 2287 875 996 2292 876 997 2290 877 998 2291 878 999 2289 879 1000 2288 880 1001 2294 881 1002 2431 882 1003 2428 883 1004 2429 884 1005 2296 885 1006 2295 886 1007 2432 887 1008 2430 888 1009 2293 889 1010 2308 890 1011 2304 891 1012 2301 892 1013 2302 893 1014 2315 894 1015 2309 895 1016 2312 896 1017 2313 897 1018 2298 898 1019 2297 899 1020 2307 900 1021 2311 901 1022 2316 902 1023 2303 903 1024 2299 904 1025 2300 905 1026 2314 906 1027 2317 907 1028 2435 908 1029 2433 909 1030 2306 910 1031 2305 911 1032 2310 912 1033 2434 913 1034 363 914 1035 361 915 1036 358 916 1037 357 917 1038 359 918 1039 362 919 1040 1302 920 1041 1301 921 1042 351 922 1043 352 923 1044 354 924 1045 1303 925 1046 1307 926 1047 1306 927 1048 1304 928 1049 1305 666 1050 353 667 1051 1308 929 1052 355 930 1053 360 930 1054 1309 930 1055 1310 931 1056 350 931 1057 356 931 1058 2320 932 1059 2337 933 1060 2330 934 1061 2329 935 1062 2322 936 1063 2319 937 1064 2325 938 1065 2341 939 1066 2333 940 1067 2324 941 1068 2334 942 1069 2336 943 1070 2323 944 1071 2335 945 1072 2318 946 1073 2437 947 1074 2436 948 1075 2338 949 1076 2339 950 1077 2321 951 1078 2438 952 1079 2444 953 1080 2443 954 1081 2327 955 1082 2328 956 1083 2439 957 1084 2445 958 1085 2441 959 1086 2446 959 1087 2332 960 1088 2440 961 1089 2331 962 1090 2340 963 1091 2442 964 1092 2342 965 1093 2326 966 1094 2603 967 1095 2620 968 1096 2613 969 1097 2612 970 1098 2605 971 1099 2602 972 1100 2608 973 1101 2624 974 1102 2617 975 1103 2607 976 1104 2616 977 1105 2619 978 1106 2606 979 1107 2618 980 1108 2601 981 1109 2721 982 1110 2720 983 1111 2621 984 1112 2622 985 1113 2604 986 1114 2722 987 1115 2728 988 1116 2727 989 1117 2610 990 1118 2611 991 1119 2723 992 1120 2729 993 1121 2725 994 1122 2730 994 1123 2615 995 1124 2724 996 1125 2614 997 1126 2623 998 1127 2726 999 1128 2625 1000 1129 2609 1001 1130 2634 1002 1131 2655 1003 1132 2645 1004 1133 2644 1005 1134 2638 1006 1135 2633 1007 1136 2664 1008 1137 2666 1009 1138 2650 1010 1139 2665 1011 1140 2651 1012 1141 2654 1013 1142 2663 1014 1143 2652 1015 1144 2627 1016 1145 2662 1017 1146 2626 1018 1147 2643 1019 1148 2630 1020 1149 2653 1021 1150 2656 1022 1151 2657 1023 1152 2637 1024 1153 2631 1025 1154 2636 1026 1155 2639 1027 1156 2661 1028 1157 2628 1029 1158 2635 1030 1159 2659 1031 1160 2660 1032 1161 2658 1033 1162 2629 1034 1163 2732 1035 1164 2632 1036 1165 2642 1037 1166 2648 1038 1167 2649 1039 1168 2734 1040 1169 2646 1041 1170 2733 1042 1171 2735 1043 1172 2737 1044 1173 2731 1044 1174 2641 1044 1175 2647 1045 1176 2736 1046 1177 2640 1047 1178 2678 1048 1179 2680 1049 1180 2681 1050 1181 2682 1051 1182 2675 1052 1183 2679 1053 1184 2668 1054 1185 2669 1055 1186 2673 1056 1187 2676 1057 1188 2674 1058 1189 2738 1059 1190 2739 1060 1191 2667 1061 1192 2677 1062 1193 2743 1063 1194 2742 1064 1195 2740 1065 1196 2741 1066 1197 2671 1067 1198 2745 1068 1199 2747 1069 1200 2744 1070 1201 2670 1071 1202 2672 1072 1203 2751 1073 1204 2748 1074 1205 2752 1075 1206 2746 1076 1207 2749 1077 1208 2750 1078 1209 2754 1079 1210 2753 1080 1211 2354 1081 1212 2356 1082 1213 2357 1083 1214 2358 1084 1215 2351 1085 1216 2355 1086 1217 2344 1087 1218 2345 1087 1219 2349 1087 1220 2352 1088 1221 2350 1089 1222 2447 1090 1223 2448 1091 1224 2343 1092 1225 2353 1093 1226 2452 1094 1227 2451 1095 1228 2449 1096 1229 2450 1097 1230 2347 1098 1231 2454 1099 1232 2456 1100 1233 2453 1101 1234 2346 1102 1235 2348 1103 1236 2460 1104 1237 2457 1105 1238 2461 1106 1239 2455 1107 1240 2458 1108 1241 2459 1109 1242 2463 1110 1243 2462 1111 1244 389 1112 1245 366 1112 1246 365 1112 1247 364 1113 1248 387 1113 1249 388 1113 1250 392 1114 1251 369 1115 1252 367 1116 1253 368 1117 1254 390 1118 1255 391 1119 1256 386 1120 1257 372 1121 1258 370 1122 1259 371 1123 1260 393 1124 1261 385 1125 1262 383 1126 1263 373 1127 1264 1312 1127 1265 1311 1128 1266 1313 1129 1267 382 1130 1268 379 1131 1269 376 1132 1270 375 1133 1271 374 1134 1272 384 1135 1273 380 1136 1274 1315 1137 1275 1314 1138 1276 377 1139 1277 378 1140 1278 381 1141 1279 1316 1142 1280 1322 1143 1281 1320 1144 1282 1318 1145 1283 1317 1146 1284 1327 1147 1285 1324 1148 1286 1323 1149 1287 1319 1150 1288 1326 1151 1289 1321 1152 1290 1325 1153 1291 1328 1154 1292 618 1155 1293 609 1156 1294 496 1157 1295 498 1158 1296 504 1159 1297 617 1160 1298 419 1161 1299 416 1161 1300 401 1161 1301 420 1162 1302 1330 1163 1303 1329 1164 1304 509 1165 1305 1337 1166 1306 1333 1166 1307 1334 1167 1308 508 1168 1309 515 1169 1310 948 1170 1311 604 1171 1312 626 1172 1313 623 1173 1314 622 1173 1315 425 1173 1316 624 1174 1317 428 1175 1318 633 1176 1319 947 1177 1320 625 1178 1321 634 1179 1322 429 1180 1323 631 1181 1324 627 1182 1325 630 1183 1326 608 1184 1327 950 1185 1328 629 1186 1329 949 1187 1330 953 1188 1331 432 1189 1332 628 1189 1333 952 1189 1334 505 1190 1335 519 1191 1336 654 1192 1337 500 1193 1338 655 1194 1339 956 1195 1340 503 1196 1341 955 1197 1342 616 1198 1343 441 1199 1344 437 1199 1345 1049 1199 1346 440 1200 1347 1048 1200 1348 1050 1201 1349 439 1202 1350 1051 1203 1351 418 1202 1352 443 1204 1353 1338 1205 1354 1332 1206 1355 1331 1207 1356 421 1208 1357 442 1209 1358 524 1210 1359 1343 1211 1360 1335 1212 1361 1336 1213 1362 514 1214 1363 526 1215 1364 639 1216 1365 632 1217 1366 427 1218 1367 426 1219 1368 447 1220 1369 638 1221 1370 641 1222 1371 448 1223 1372 431 1224 1373 430 1225 1374 951 1226 1375 640 1227 1376 1346 1228 1377 653 1228 1378 520 1229 1379 516 1230 1380 533 1231 1381 1345 1232 1382 436 1233 1383 438 1233 1384 460 1233 1385 459 1234 1386 456 1234 1387 435 1234 1388 1340 1235 1389 444 1236 1390 463 1237 1391 462 1238 1392 1348 1239 1393 1339 1240 1394 536 1241 1395 1341 1242 1396 523 1243 1397 1352 1244 1398 1351 1245 1399 451 1246 1400 1353 1247 1401 452 1248 1402 647 1249 1403 650 1250 1404 1354 1251 1405 649 1252 1406 661 1253 1407 455 1254 1408 1356 1255 1409 1355 1256 1410 1357 1257 1411 659 1258 1412 1344 1259 1413 534 1260 1414 543 1261 1415 545 1262 1416 1359 1263 1417 1347 1263 1418 467 1264 1419 651 1265 1420 646 1266 1421 648 1267 1422 453 1268 1423 468 1269 1424 470 1270 1425 454 1271 1426 660 1272 1427 658 1273 1428 652 1274 1429 469 1275 1430 663 1276 1431 1358 1276 1432 546 1277 1433 662 1278 1434 544 1279 1435 557 1280 1436 664 1281 1437 556 1282 1438 591 1283 1439 457 1284 1440 461 1284 1441 489 1284 1442 490 1285 1443 474 1285 1444 458 1285 1445 1349 1286 1446 464 1287 1447 475 1288 1448 476 1289 1449 1360 1290 1450 1350 1291 1451 561 1292 1452 1366 1293 1453 1362 1294 1454 1365 1295 1455 549 1296 1456 560 1297 1457 486 1298 1458 581 1299 1459 597 1299 1460 596 1300 1461 471 1300 1462 485 1301 1463 595 1302 1464 590 1303 1465 553 1304 1466 554 1305 1467 569 1306 1468 593 1307 1469 1367 1308 1470 559 1309 1471 572 1310 1472 483 1311 1473 1370 1312 1474 620 1313 1475 621 1314 1476 482 1315 1477 484 1316 1478 1361 1317 1479 477 1318 1480 495 1319 1481 1374 1320 1482 619 1321 1483 1371 1322 1484 1372 1323 1485 1376 1324 1486 1375 1325 1487 473 1326 1488 488 1326 1489 1378 1326 1490 578 1327 1491 1379 1328 1492 1369 1329 1493 1368 1330 1494 574 1331 1495 575 1332 1496 1386 1333 1497 567 1334 1498 1382 1333 1499 1383 1335 1500 1388 1335 1501 1387 1335 1502 501 1336 1503 497 1337 1504 1389 1338 1505 1390 1339 1506 1393 1340 1507 502 1341 1508 610 1342 1509 512 1343 1510 507 1344 1511 506 1345 1512 1394 1345 1513 612 1346 1514 1400 1347 1515 1043 1348 1516 1397 1349 1517 963 1350 1518 527 1351 1519 511 1352 1520 958 1353 1521 961 1354 1522 513 1355 1523 959 1356 1524 510 1357 1525 611 1358 1526 1398 1359 1527 1402 1360 1528 531 1361 1529 532 1362 1530 1044 1363 1531 1399 1364 1532 643 1365 1533 539 1366 1534 525 1367 1535 528 1368 1536 962 1369 1537 642 1370 1538 542 1371 1539 530 1372 1540 1403 1373 1541 541 1374 1542 644 1375 1543 1406 1376 1544 537 1377 1545 1405 1378 1546 1411 1379 1547 548 1380 1548 535 1381 1549 1410 1382 1550 552 1383 1551 547 1384 1552 1404 1385 1553 1401 1386 1554 1380 1387 1555 555 1388 1556 562 1389 1557 550 1390 1558 1409 1391 1559 564 1392 1560 1408 1393 1561 666 1394 1562 565 1395 1563 665 1396 1564 601 1397 1565 558 1398 1566 1381 1399 1567 570 1400 1568 585 1401 1569 571 1402 1570 566 1403 1571 563 1404 1572 602 1405 1573 586 1406 1574 1377 1407 1575 1373 1408 1576 1412 1409 1577 576 1410 1578 573 1411 1579 584 1412 1580 587 1413 1581 588 1414 1582 577 1415 1583 594 1416 1584 568 1417 1585 1385 1418 1586 1384 1419 1587 1413 1419 1588 592 1420 1589 599 1421 1590 667 1422 1591 1415 1423 1592 598 1424 1593 1414 1425 1594 1416 1426 1595 600 1427 1596 1417 1428 1597 472 1429 1598 1423 1430 1599 1420 1431 1600 1418 1431 1601 1419 1432 1602 1426 1432 1603 1424 1433 1604 583 1434 1605 487 1435 1606 492 1435 1607 491 1436 1608 589 1437 1609 582 1438 1610 1429 1439 1611 1428 1440 1612 480 1441 1613 481 1442 1614 580 1443 1615 1430 1444 1616 1434 1445 1617 465 1446 1618 1431 1447 1619 1432 1448 1620 1437 1449 1621 1435 1450 1622 1438 1451 1623 1433 1452 1624 494 1453 1625 493 1454 1626 1440 1455 1627 1439 1456 1628 1442 1457 1629 1427 1457 1630 1422 1457 1631 1421 1458 1632 1425 1459 1633 1441 1458 1634 1444 1460 1635 402 1461 1636 395 1462 1637 394 1463 1638 603 1464 1639 1443 1465 1640 605 1466 1641 398 1467 1642 410 1468 1643 411 1469 1644 1446 1470 1645 606 1471 1646 1456 1472 1647 1452 1473 1648 1449 1474 1649 1448 1475 1650 1457 1476 1651 1455 1477 1652 1461 1478 1653 965 1479 1654 404 1480 1655 403 1481 1656 1445 1482 1657 1460 1483 1658 1462 1484 1659 1447 1485 1660 412 1486 1661 413 1487 1662 966 1478 1663 1463 1488 1664 1466 1489 1665 1464 1488 1666 1453 1487 1667 1451 1490 1668 1454 1491 1669 1465 1492 1670 1470 1493 1671 1468 1494 1672 399 1495 1673 400 1496 1674 607 1497 1675 1469 1498 1676 1458 1499 1677 1450 1500 1678 396 1501 1679 397 1502 1680 1471 1503 1681 1459 1504 1682 1477 1505 1683 1467 1506 1684 1474 1507 1685 1473 1508 1686 1479 1509 1687 1476 1510 1688 1480 1511 1689 1478 1512 1690 1472 1513 1691 1475 1480 1692 1482 1478 1693 1481 1514 1694 1484 1515 1695 579 1516 1696 479 1517 1697 478 1518 1698 1485 1519 1699 1483 1520 1700 1486 1521 1701 466 1522 1702 1436 1523 1703 1494 1524 1704 1489 1525 1705 1488 1526 1706 1493 1527 1707 1487 1528 1708 1497 1529 1709 1495 1530 1710 1498 1531 1711 407 1532 1712 1491 1533 1713 1496 1534 1714 408 1535 1715 1492 1536 1716 409 1537 1717 406 1538 1718 1490 1539 1719 405 1540 1720 1499 1541 1721 1504 1542 1722 1502 1543 1723 1500 1544 1724 1505 1545 1725 1501 1546 1726 1507 1547 1727 1503 1548 1728 1506 1549 1729 1508 1550 1730 1514 1551 1731 1511 1552 1732 1509 1553 1733 1513 1554 1734 1510 1555 1735 1519 1556 1736 1517 1557 1737 1525 1558 1738 1521 1559 1739 1522 1560 1740 1528 1561 1741 1526 1562 1742 1523 1563 1743 1527 1564 1744 1530 1565 1745 1520 1566 1746 1524 1567 1747 1532 1568 1748 1512 1569 1749 1518 1570 1750 1531 1571 1751 1529 1572 1752 1537 1573 1753 1534 1574 1754 1515 1575 1755 1533 1576 1756 1535 1577 1757 1516 1578 1758 1536 1579 1759 1538 1580 1760 1541 1581 1761 1540 1581 1762 1539 1581 1763 1544 1582 1764 1543 1583 1765 1542 1584 1766 1548 1585 1767 1547 1586 1768 1545 1587 1769 1546 1588 1770 1550 1589 1771 1549 1590 1772 1556 1591 1773 1553 1592 1774 1552 1593 1775 1554 1594 1776 1551 1595 1777 1558 1596 1778 1557 1597 1779 1562 1598 1780 1560 1599 1781 1555 1600 1782 1559 1601 1783 1561 1602 1784 1940 1603 1785 1939 1604 1786 1936 1605 1787 1937 1606 1788 1938 1607 1789 1941 1608 1790 2048 1609 1791 2047 1610 1792 1933 1611 1793 1932 1612 1794 1935 1613 1795 2049 1614 1796 2053 1615 1797 2052 1616 1798 2050 1617 1799 2051 1618 1800 1934 1619 1801 2054 1620 1802 2059 1621 1803 2057 1622 1804 2056 1623 1805 2055 1624 1806 1931 1624 1807 2058 1624 1808 2369 1625 1809 2367 1626 1810 2365 1627 1811 2364 1628 1812 2366 1629 1813 2368 1630 1814 2465 1631 1815 2464 1632 1816 2361 1633 1817 2360 1634 1818 2363 1635 1819 2466 1636 1820 2471 1637 1821 2469 1638 1822 2468 1639 1823 2467 1640 1824 2362 1641 1825 2470 1642 1826 2476 1643 1827 2474 1644 1828 2473 1645 1829 2472 1646 1830 2359 1646 1831 2475 1646 1832 1943 1647 1833 2132 1648 1834 2119 1649 1835 2117 1650 1836 2124 1651 1837 1942 1652 1838 2136 1653 1839 2116 1654 1840 2130 1655 1841 2131 1656 1842 1944 1657 1843 2133 1658 1844 2128 1659 1845 2121 1660 1846 2122 1661 1847 2123 1662 1848 2120 1663 1849 2126 1664 1850 2129 1665 1851 2118 1666 1852 2135 1667 1853 2134 1668 1854 2125 1669 1855 2127 1670 1856 2371 1671 1857 2543 1672 1858 2531 1673 1859 2533 1674 1860 2536 1675 1861 2370 1676 1862 2549 1677 1863 2530 1678 1864 2544 1679 1865 2545 1680 1866 2372 1681 1867 2548 1682 1868 2542 1683 1869 2534 1684 1870 2537 1685 1871 2535 1686 1872 2529 1687 1873 2539 1688 1874 2541 1689 1875 2532 1690 1876 2547 1691 1877 2546 1692 1878 2538 1693 1879 2540 1694 1880 1946 1695 1881 2144 1696 1882 2141 1697 1883 2139 1698 1884 2151 1699 1885 1945 1700 1886 2155 1701 1887 1947 1702 1888 2152 1703 1889 2153 1704 1890 2138 1705 1891 2154 1706 1892 2150 1707 1893 2137 1708 1894 2145 1709 1895 2143 1710 1896 2142 1711 1897 2147 1712 1898 2149 1713 1899 2146 1714 1900 2156 1715 1901 2157 1716 1902 2140 1717 1903 2148 1718 1904 2373 1719 1905 2558 1720 1906 2551 1721 1907 2553 1722 1908 2566 1723 1909 2374 1724 1910 2569 1725 1911 2375 1726 1912 2564 1727 1913 2565 1728 1914 2554 1729 1915 2570 1730 1916 2563 1731 1917 2552 1732 1918 2557 1733 1919 2556 1734 1920 2555 1735 1921 2560 1736 1922 2562 1737 1923 2559 1738 1924 2567 1739 1925 2568 1740 1926 2550 1741 1927 2561 1742 1928 2692 1743 1929 2691 1744 1930 2688 1745 1931 2689 1746 1932 2690 1747 1933 2693 1748 1934 2756 1749 1935 2755 1750 1936 2683 1751 1937 2684 1752 1938 2685 1752 1939 2757 1752 1940 2761 1753 1941 2760 1754 1942 2758 1755 1943 2759 1756 1944 2687 1757 1945 2762 1758 1946 2767 1759 1947 2765 1760 1948 2764 1761 1949 2763 1762 1950 2686 1763 1951 2766 1764 1952 2772 1765 1953 2770 1766 1954 2769 1767 1955 2768 1768 1956 2773 1768 1957 2771 1768 1958 1957 1769 1959 1956 1770 1960 1953 1771 1961 1954 1772 1962 1955 1773 1963 1958 1774 1964 2061 1775 1965 2060 1776 1966 1948 1777 1967 1949 1778 1968 1950 1778 1969 2062 1778 1970 2067 1779 1971 2065 1780 1972 2064 1781 1973 2063 1782 1974 1952 1783 1975 2066 1784 1976 2072 1785 1977 2070 1786 1978 2069 1787 1979 2068 1788 1980 1951 1789 1981 2071 1790 1982 2076 1791 1983 2075 1791 1984 2073 1791 1985 2074 1792 1986 2078 1792 1987 2077 1792 1988 2386 1793 1989 2384 1794 1990 2382 1795 1991 2381 1796 1992 2383 1797 1993 2385 1798 1994 2478 1799 1995 2477 1800 1996 2376 1801 1997 2377 1802 1998 2378 1802 1999 2479 1802 2000 2484 1803 2001 2482 1804 2002 2481 1805 2003 2480 1806 2004 2380 1807 2005 2483 1808 2006 2489 1809 2007 2487 1810 2008 2486 1811 2009 2485 1812 2010 2379 1813 2011 2488 1814 2012 2493 1815 2013 2492 1816 2014 2490 1817 2015 2491 1818 2016 2495 1819 2017 2494 1820 2018 422 1821 2019 1567 1822 2020 1565 1823 2021 433 1824 2022 1573 1825 2023 1569 1825 2024 1575 1826 2025 446 1827 2026 423 1828 2027 424 1829 2028 1564 1830 2029 1576 1831 2030 1571 1832 2031 434 1833 2032 449 1834 2033 450 1835 2034 1577 1835 2035 1572 1835 2036 1578 1836 2037 445 1837 2038 1574 1838 2039 645 1839 2040 1579 1840 2041 1407 1841 2042 1582 1842 2043 1581 1842 2044 1580 1842 2045 1585 1843 2046 1584 1843 2047 1583 1843 2048 672 1844 2049 671 1844 2050 668 1844 2051 669 1845 2052 670 1845 2053 673 1845 2054 678 1846 2055 677 1846 2056 674 1846 2057 675 1847 2058 676 1847 2059 679 1847 2060 763 1848 2061 746 1849 2062 734 1850 2063 735 1851 2064 761 1852 2065 764 1853 2066 759 1854 2067 733 1855 2068 738 1856 2069 739 1857 2070 767 1858 2071 760 1859 2072 773 1860 2073 765 1861 2074 737 1862 2075 736 1863 2076 740 1864 2077 772 1865 2078 1587 1866 2079 741 1867 2080 776 1868 2081 775 1869 2082 1588 1870 2083 1586 1871 2084 688 1872 2085 694 1873 2086 777 1874 2087 687 1875 2088 774 1876 2089 788 1877 2090 689 1878 2091 784 1879 2092 690 1880 2093 782 1881 2094 745 1882 2095 1591 1883 2096 1590 1884 2097 1593 1885 2098 785 1886 2099 790 1887 2100 795 1888 2101 709 1889 2102 710 1890 2103 701 1891 2104 791 1892 2105 1597 1893 2106 1594 1893 2107 792 1893 2108 793 1894 2109 798 1895 2110 1598 1894 2111 803 1896 2112 1601 1896 2113 1599 1896 2114 1600 1897 2115 1602 1898 2116 804 1897 2117 807 1899 2118 1606 1900 2119 1605 1901 2120 1604 1902 2121 1608 1903 2122 806 1904 2123 706 1905 2124 707 1906 2125 815 1907 2126 704 1908 2127 819 1909 2128 805 1910 2129 705 1911 2130 808 1912 2131 711 1913 2132 1614 1914 2133 1612 1915 2134 816 1916 2135 818 1917 2136 1616 1918 2137 1613 1919 2138 754 1920 2139 717 1921 2140 821 1922 2141 822 1923 2142 828 1924 2143 755 1925 2144 830 1926 2145 719 1927 2146 716 1928 2147 715 1929 2148 1617 1930 2149 832 1931 2150 724 1932 2151 718 1933 2152 829 1934 2153 834 1935 2154 835 1936 2155 725 1937 2156 727 1938 2157 726 1939 2158 839 1940 2159 840 1941 2160 843 1942 2161 728 1943 2162 846 1944 2163 729 1945 2164 1621 1946 2165 1620 1947 2166 1622 1947 2167 845 1948 2168 730 1949 2169 1628 1950 2170 1626 1951 2171 1625 1952 2172 823 1953 2173 731 1954 2174 692 1955 2175 762 1956 2176 757 1957 2177 758 1958 2178 682 1959 2179 693 1960 2180 680 1961 2181 756 1962 2182 768 1963 2183 766 1964 2184 684 1965 2185 681 1966 2186 696 1967 2187 686 1968 2188 685 1969 2189 698 1970 2190 683 1971 2191 770 1972 2192 697 1973 2193 769 1974 2194 771 1975 2195 1629 1976 2196 1589 1976 2197 779 1976 2198 780 1977 2199 695 1977 2200 1630 1977 2201 786 1978 2202 778 1979 2203 743 1980 2204 742 1981 2205 744 1982 2206 781 1983 2207 787 1984 2208 1592 1985 2209 1631 1985 2210 1632 1986 2211 691 1987 2212 783 1988 2213 797 1989 2214 794 1989 2215 1596 1989 2216 1595 1990 2217 1633 1990 2218 796 1990 2219 799 1991 2220 789 1992 2221 699 1992 2222 700 1993 2223 702 1994 2224 800 1995 2225 1634 1996 2226 703 1997 2227 713 1998 2228 1636 1999 2229 714 2000 2230 802 2001 2231 1635 2002 2232 801 2003 2233 1603 2004 2234 811 2005 2235 1609 2006 2236 1637 2007 2237 1638 2008 2238 712 2009 2239 812 2010 2240 809 2011 2241 813 2012 2242 1610 2013 2243 1611 2014 2244 1607 2015 2245 810 2016 2246 1639 2017 2247 1615 2018 2248 817 2019 2249 814 2020 2250 708 2021 2251 1640 2022 2252 827 2023 2253 820 2024 2254 1642 2025 2255 1641 2026 2256 732 2027 2257 826 2028 2258 720 2029 2259 831 2030 2260 1618 2031 2261 1619 2032 2262 1643 2033 2263 723 2034 2264 838 2035 2265 833 2036 2266 722 2037 2267 721 2038 2268 749 2039 2269 837 2040 2270 842 2041 2271 836 2042 2272 748 2043 2273 747 2044 2274 750 2045 2275 841 2046 2276 751 2047 2277 844 2048 2278 1624 2049 2279 1623 2050 2280 1644 2051 2281 752 2052 2282 824 2053 2283 1627 2054 2284 1646 2055 2285 1645 2056 2286 753 2057 2287 825 2058 2288 847 2059 2289 853 2060 2290 850 2061 2291 851 2062 2292 849 2063 2293 848 2064 2294 873 2065 2295 870 2065 2296 859 2065 2297 858 2066 2298 877 2067 2299 872 2068 2300 865 2069 2301 864 2070 2302 862 2071 2303 861 2072 2304 863 2072 2305 860 2072 2306 868 2073 2307 871 2074 2308 874 2075 2309 856 2076 2310 1650 2077 2311 1647 2078 2312 875 2079 2313 857 2080 2314 1648 2081 2315 869 2082 2316 876 2083 2317 1649 2084 2318 878 2085 2319 1653 2086 2320 1651 2087 2321 1659 2088 2322 1658 2088 2323 1656 2088 2324 1654 2089 2325 879 2090 2326 1663 2091 2327 1655 2092 2328 1652 2093 2329 1661 2094 2330 1660 2095 2331 1657 2095 2332 1662 2095 2333 1665 2096 2334 1664 2097 2335 867 2098 2336 1666 2099 2337 866 2100 2338 1668 2101 2339 1669 2102 2340 852 2103 2341 854 2104 2342 1667 2105 2343 1670 2106 2344 855 2107 2345 880 2108 2346 888 2109 2347 885 2110 2348 886 2111 2349 882 2112 2350 881 2113 2351 896 2114 2352 904 2115 2353 891 2116 2354 892 2117 2355 900 2117 2356 897 2117 2357 905 2118 2358 907 2119 2359 906 2120 2360 893 2121 2361 894 2121 2362 908 2121 2363 901 2122 2364 895 2123 2365 898 2124 2366 902 2125 2367 899 2126 2368 1671 2127 2369 1672 2128 2370 1674 2129 2371 889 2130 2372 903 2131 2373 1673 2132 2374 890 2133 2375 909 2134 2376 1678 2134 2377 1675 2134 2378 1684 2135 2379 1681 2136 2380 1680 2137 2381 1682 2138 2382 1679 2139 2383 1685 2140 2384 1687 2141 2385 910 2141 2386 1677 2141 2387 1683 2142 2388 1686 2142 2389 1676 2142 2390 911 2143 2391 1691 2144 2392 1689 2145 2393 884 2146 2394 887 2147 2395 1694 2148 2396 1690 2149 2397 883 2150 2398 1693 2151 2399 912 2152 2400 1688 2153 2401 1692 2154 2402 2700 2155 2403 2701 2156 2404 2704 2157 2405 2703 2158 2406 2702 2159 2407 2699 2160 2408 2695 2161 2409 2696 2161 2410 2775 2161 2411 2774 2162 2412 2776 2163 2413 2694 2164 2414 2779 2165 2415 2698 2166 2416 2777 2167 2417 2778 2168 2418 2781 2169 2419 2780 2170 2420 2784 2171 2421 2697 1763 2422 2782 2172 2423 2783 2173 2424 2786 2174 2425 2785 2175 2426 2791 2176 2427 2789 2177 2428 2788 2178 2429 2787 2179 2430 2792 2180 2431 2790 2181 2432 1962 2182 2433 1959 2183 2434 914 2184 2435 913 2185 2436 915 2186 2437 1961 2187 2438 1960 2188 2439 1963 2189 2440 916 2190 2441 918 2191 2442 917 2192 2443 1964 2193 2444 1967 2194 2445 1965 2195 2446 2169 2196 2447 2161 2197 2448 2163 2198 2449 2165 2199 2450 2159 2200 2451 2168 2201 2452 1966 2202 2453 2189 2203 2454 2190 2204 2455 2184 2205 2456 2191 2206 2457 2185 2207 2458 1969 2208 2459 2186 2209 2460 2193 2210 2461 2188 2211 2462 2170 2212 2463 2158 2213 2464 2160 2214 2465 2162 2215 2466 2187 2216 2467 2192 2217 2468 2166 2218 2469 2194 2219 2470 1968 2220 2471 2195 2221 2472 2167 2222 2473 2164 2223 2474 2082 2224 2475 2079 2225 2476 2181 2226 2477 2177 2227 2478 2173 2228 2479 2183 2229 2480 2180 2230 2481 2171 2231 2482 2083 2232 2483 2202 2233 2484 2199 2234 2485 2197 2235 2486 2196 2236 2487 2207 2237 2488 2081 2238 2489 2203 2239 2490 2198 2240 2491 2200 2241 2492 2172 2242 2493 2178 2243 2494 2174 2244 2495 2201 2245 2496 2176 2246 2497 2205 2247 2498 2204 2248 2499 2182 2249 2500 2080 2250 2501 2179 2251 2502 2206 2252 2503 2175 2253 2504 1973 2254 2505 1970 2254 2506 1972 2254 2507 1971 2255 2508 1974 2255 2509 1984 2255 2510 1975 2256 2511 1980 2257 2512 1978 2258 2513 1979 2259 2514 1977 2260 2515 1976 2261 2516 2086 2262 2517 2084 2263 2518 1983 2264 2519 1981 2265 2520 1982 2266 2521 2085 2267 2522 2390 2268 2523 2387 2268 2524 2389 2268 2525 2388 2269 2526 2391 2269 2527 2401 2269 2528 2392 2270 2529 2397 2271 2530 2395 2272 2531 2396 2273 2532 2394 2274 2533 2393 2275 2534 2498 2276 2535 2496 2277 2536 2400 2278 2537 2398 2279 2538 2399 2280 2539 2497 2281 2540 2708 2282 2541 2705 2282 2542 2707 2282 2543 2706 2283 2544 2709 2283 2545 2719 2283 2546 2710 2284 2547 2715 2285 2548 2713 2286 2549 2714 2287 2550 2712 2288 2551 2711 2289 2552 2795 2290 2553 2793 2291 2554 2718 2292 2555 2716 2293 2556 2717 2294 2557 2794 2295 2558 923 2296 2559 922 2296 2560 919 2296 2561 920 2297 2562 921 2297 2563 924 2297 2564 933 2298 2565 934 2299 2566 926 2300 2567 925 2301 2568 927 2302 2569 931 2303 2570 1696 2304 2571 929 2305 2572 1695 2306 2573 928 2307 2574 1698 2308 2575 1697 2309 2576 1699 2310 2577 935 2311 2578 930 2312 2579 932 2313 2580 1701 2314 2581 1700 2315 2582 944 2316 2583 945 2317 2584 937 2318 2585 936 2319 2586 938 2320 2587 942 2321 2588 1703 2322 2589 940 2323 2590 1702 2324 2591 939 2325 2592 1705 2326 2593 1704 2327 2594 1706 2328 2595 946 2329 2596 941 2330 2597 943 2331 2598 1708 2332 2599 1707 2333 2600 614 2334 2601 954 2335 2602 656 2336 2603 657 2337 2604 637 2338 2605 615 2339 2606 636 2340 2607 964 2340 2608 960 2341 2609 957 2342 2610 613 2343 2611 635 2344 2612 1711 2345 2613 1710 2346 2614 1709 1478 2615 1714 2347 2616 1713 2348 2617 1712 1478 2618 1717 2349 2619 1716 2348 2620 1715 1478 2621 1720 2345 2622 1719 2346 2623 1718 1489 2624 1566 2350 2625 1721 2351 2626 1563 2352 2627 1570 2353 2628 1722 2354 2629 1568 2355 2630 968 2356 2631 973 2357 2632 975 2358 2633 974 2359 2634 969 2360 2635 967 2361 2636 1724 2362 2637 1723 2363 2638 984 2364 2639 985 2365 2640 979 2366 2641 1725 2367 2642 970 2368 2643 978 2368 2644 977 2369 2645 976 2370 2646 972 2371 2647 971 2371 2648 981 2372 2649 1728 2373 2650 1726 2374 2651 983 2375 2652 1727 2376 2653 1730 2377 2654 982 2378 2655 1729 2379 2656 1731 2380 2657 1736 2381 2658 1734 2382 2659 1733 2383 2660 1732 2384 2661 980 2385 2662 1735 2386 2663 986 2387 2664 994 2388 2665 993 2389 2666 992 2390 2667 988 2391 2668 987 2391 2669 1737 2392 2670 995 2393 2671 996 2394 2672 997 2395 2673 1739 2396 2674 1738 2397 2675 999 2398 2676 989 2399 2677 991 2400 2678 990 2401 2679 1000 2402 2680 998 2403 2681 1003 2404 2682 1742 2405 2683 1741 2406 2684 1001 2407 2685 1740 2408 2686 1743 2409 2687 1002 2410 2688 1744 2411 2689 1745 2412 2690 1748 2413 2691 1004 2414 2692 1746 2415 2693 1747 2416 2694 1750 2417 2695 1749 2418 2696 1754 2419 2697 1753 2420 2698 1751 2421 2699 1756 2422 2700 1752 2423 2701 1758 2424 2702 1755 2425 2703 1757 2426 2704 1759 2427 2705 1005 2428 2706 1013 2429 2707 1011 2430 2708 1012 2431 2709 1007 2432 2710 1006 2432 2711 1760 2433 2712 1014 2434 2713 1015 2435 2714 1016 2436 2715 1762 2437 2716 1761 2438 2717 1018 2439 2718 1008 2440 2719 1010 2441 2720 1009 2442 2721 1019 2443 2722 1017 2444 2723 1022 2445 2724 1765 2446 2725 1764 2447 2726 1021 2448 2727 1763 2449 2728 1767 2450 2729 1020 2451 2730 1766 2452 2731 1768 2453 2732 1772 2454 2733 1023 2455 2734 1769 2456 2735 1770 2457 2736 1773 2458 2737 1771 2459 2738 1025 2460 2739 1032 2461 2740 1027 2462 2741 1028 2463 2742 1026 2464 2743 1024 2465 2744 1775 2466 2745 1774 2467 2746 1034 2468 2747 1035 2469 2748 1033 2470 2749 1776 2471 2750 1036 2472 2751 1038 2472 2752 1030 2473 2753 1029 2474 2754 1031 2475 2755 1037 2475 2756 1039 2476 2757 1779 2477 2758 1778 2478 2759 1040 2479 2760 1777 2480 2761 1780 2481 2762 1041 2482 2763 1781 2483 2764 1782 2484 2765 1787 2485 2766 1785 2486 2767 1783 2487 2768 1784 2488 2769 1042 2489 2770 1786 2490 2771 529 2491 2772 518 2492 2773 1046 2493 2774 517 2494 2775 499 2495 2776 1391 2496 2777 521 2497 2778 1392 2498 2779 1396 2499 2780 522 2500 2781 1395 2501 2782 1045 2502 2783 414 2503 2784 417 2503 2785 1052 2504 2786 1047 2505 2787 415 2505 2788 1053 2506 2789 540 2507 2790 551 2508 2791 1364 2509 2792 538 2510 2793 1363 2511 2794 1342 2512 2795</p>
        </triangles>
      </mesh>
    </geometry>
  </library_geometries>
  <library_controllers>
    <controller id="gloire_Skin_gloire-skin" name="gloire_Skin">
      <skin source="#gloire_Mesh_001-mesh">
        <bind_shape_matrix>1 0 0 0 0 1 0 0 0 0 1 0 0 0 0 1</bind_shape_matrix>
        <source id="gloire_Skin_gloire-skin-joints">
          <Name_array id="gloire_Skin_gloire-skin-joints-array" count="56">root ammo_node_2 smoke_node_0 smoke_node_1 ammo_node_3 body barbette_fore pivot_node_0 gun_bow ammo_node_0 barbette_midship pylon barbette_stern pivot_node_1 gun_bow02 ammo_node_1 mast_pivot mast_main fore_tackle_1 star_block fore_tackle_2 port_block mainmast_flag_pivot mainmast_flag mainmast_flag_end port_tackle01 port_block01 star_tackle01 star_block01 mast_pivot_1 mast_main01 main_tackle02 port_block02 main_tackle1 star_block02 mainmast_flag_pivot01 mainmast_flag01 mainmast_flag_end01 port_tackle03 port_block03 star_tackle03 star_block03 mast_pivot_2 mast_main02 mainmast_flag_pivot02 mainmast_flag02 mainmast_flag_end02 port_tackle04 port_block04 port_tackle05 port_block05 star_tackle04 star_block04 star_tackle05 star_block05 rudder_con</Name_array>
          <technique_common>
            <accessor source="#gloire_Skin_gloire-skin-joints-array" count="56" stride="1">
              <param name="JOINT" type="name"/>
            </accessor>
          </technique_common>
        </source>
        <source id="gloire_Skin_gloire-skin-bind_poses">
          <float_array id="gloire_Skin_gloire-skin-bind_poses-array" count="896">1 0 0 0 0 0 1 -7 0 -1 0 -7.7 0 0 0 1 1 0 0 -5.39289e-6 0 1 0 123.3749 0 0 1 -47.28575 0 0 0 1 1 0 0 4.98434e-7 0 1 0 -115.1309 0 0 1 -43.04464 0 0 0 1 1 0 0 -8.92507e-6 0 1 0 104.4792 0 0 1 -40.05585 0 0 0 1 1 0 0 0 0 -1.23132e-7 1 -78.51768 0 -1 -1.23132e-7 -1.467192 0 0 0 1 1 0 0 6.73156e-7 0 0 -1 53.47084 0 1 0 7.700006 0 0 0 1 1 0 0 -1.33942e-6 0 0 1 -12.99999 0 -1 0 -68.99716 0 0 0 1 1 0 0 4.29015e-7 0 -1 0 -68.81345 0 0 -1 34.67406 0 0 0 1 1 0 0 0 0 -1 0 -84.2112 0 0 -1 30.64255 0 0 0 1 1 0 0 0 0 -1 0 -119.0046 0 0 -1 30.64254 0 0 0 1 1 0 0 6.21852e-6 0 0 1 -13 0 -1 0 31.30257 0 0 0 1 1 0 0 7.85687e-6 0 0 1 -83.84368 0 -1 0 30.5735 0 0 0 1 1 0 0 1.80104e-6 0 0 1 -13.00001 0 -1 0 66.3435 0 0 0 1 1 0 0 9.29964e-6 0 1 0 -66.36744 0 0 1 -34.85466 0 0 0 1 -1 0 1.50996e-7 -1.45029e-5 0 1 0 -81.89187 -1.50996e-7 0 -1 29.96516 0 0 0 1 -1 0 0 -7.78364e-6 0 1 0 -114.7751 0 0 -1 29.96516 0 0 0 1 1 0 0 -4.45096e-6 0 0 1 -35.88336 0 -1 0 -61.92256 0 0 0 1 1 0 0 5.07865e-6 0 0 -1 206.3133 0 1 0 65.96779 0 0 0 1 1 0 0 -6.88439e-7 0 0 -1 173.9138 0 1 0 67.23693 0 0 0 1 1 0 0 -8.98813e-7 0 0 -1 151.3385 0 1 0 72.57889 0 0 0 1 1 0 0 -6.88439e-7 0 0 -1 148.6171 0 1 0 67.23693 0 0 0 1 1 0 0 -8.98813e-7 0 0 -1 126.0419 0 1 0 72.5789 0 0 0 1 1 0 0 -1.73119e-5 0 -1 0 -66.06845 0 0 -1 190.0787 0 0 0 1 1 0 0 -1.10586e-4 0 -1 0 -79.75594 0 0 -1 191.0675 0 0 0 1 1 0 0 -1.11234e-4 0 -1 0 -96.60607 0 0 -1 191.0675 0 0 0 1 1 0 0 -40 0 0 -1 107.8467 0 1 0 66.96924 0 0 0 1 1 0 0 -40 0 0 -1 77.25214 0 1 0 74.79632 0 0 0 1 1 0 0 40 0 0 -1 107.8467 0 1 0 66.96924 0 0 0 1 1 0 0 40 0 0 -1 77.25214 0 1 0 74.79632 0 0 0 1 1 0 0 6.17729e-6 0 0 1 -35.60865 0 -1 0 37.14361 0 0 0 1 1 0 0 6.61372e-7 0 0 -1 199.3602 0 1 0 -35.08771 0 0 0 1 1 0 0 3.85458e-6 0 0 -1 148.7845 0 1 0 -33.0548 0 0 0 1 1 -1.19209e-7 0 3.05811e-6 0 0 -1 123.2301 1.19209e-7 1 0 -28.02415 0 0 0 1 1 0 0 3.85458e-6 0 0 -1 171.6031 0 1 0 -33.0548 0 0 0 1 1 -1.19209e-7 0 3.05811e-6 0 0 -1 146.0487 1.19209e-7 1 0 -28.02416 0 0 0 1 1 0 0 -1.22868e-5 0 -1 -1.19209e-7 34.98708 0 0 -1 183.1256 0 0 0 1 1 0 0 -1.05561e-4 0 -1 -1.19209e-7 21.2996 0 0 -1 184.1145 0 0 0 1 1 0 0 -1.06208e-4 0 -1 -1.19209e-7 4.44946 0 0 -1 184.1145 0 0 0 1 1 0 0 -40 0 0 -1 108.228 0 1 0 -34.12917 0 0 0 1 1 0 0 -40 0 0 -1 78.07579 0 1 0 -26.72628 0 0 0 1 1 0 0 40 0 0 -1 108.228 0 1 0 -34.12917 0 0 0 1 1 0 0 40 0 0 -1 78.07579 0 1 0 -26.72628 0 0 0 1 1 0 0 1.31119e-5 0 0 1 -32.01132 0 -1 0 101.7817 0 0 0 1 1 0 0 -2.16405e-6 0 0 -1 183.3875 0 1 0 -99.72575 0 0 0 1 1 0 0 -8.06499e-6 0 -1 0 99.62509 0 0 -1 167.1529 0 0 0 1 1 0 0 -1.01339e-4 0 -1 0 85.9376 0 0 -1 168.1417 0 0 0 1 1 0 0 -1.01987e-4 0 -1 0 69.08747 0 0 -1 168.1417 0 0 0 1 1 0 0 -32 0 0 -1 141.5838 0 1 0 -96.5854 0 0 0 1 1 0 0 -32 0 0 -1 116.0294 0 1 0 -96.05623 0 0 0 1 1 0 0 -39.99999 0 0 -1 95.6807 0 1 0 -97.23531 0 0 0 1 1 0 0 -39.99999 0 0 -1 50.89792 0 1 0 -94.03089 0 0 0 1 1 0 0 32.00001 0 0 -1 141.5838 0 1 0 -96.5854 0 0 0 1 1 0 0 32.00001 0 0 -1 116.0294 0 1 0 -96.05624 0 0 0 1 1 0 0 40 0 0 -1 95.6807 0 1 0 -97.23531 0 0 0 1 1 0 0 40 0 0 -1 50.89792 0 1 0 -94.03089 0 0 0 1 1 0 0 0 0 0 1 2.497131 0 -1 0 214.5553 0 0 0 1</float_array>
          <technique_common>
            <accessor source="#gloire_Skin_gloire-skin-bind_poses-array" count="56" stride="16">
              <param name="TRANSFORM" type="float4x4"/>
            </accessor>
          </technique_common>
        </source>
        <source id="gloire_Skin_gloire-skin-weights">
          <float_array id="gloire_Skin_gloire-skin-weights-array" count="2796">1 1 1 1 1 1 1 1 1 1 1 1 1 1 1 1 1 1 1 1 1 1 1 1 1 1 1 1 1 1 1 1 1 1 1 1 1 1 1 1 1 1 1 1 1 1 1 1 1 1 1 1 1 1 1 1 1 1 1 1 1 1 1 1 1 1 1 1 1 1 1 1 1 1 1 1 1 1 1 1 1 1 1 1 1 1 1 1 1 1 1 1 1 1 1 1 1 1 1 1 1 1 1 1 1 1 1 1 1 1 1 1 1 1 1 1 1 1 1 1 1 1 1 1 1 1 1 1 1 1 1 1 1 1 1 1 1 1 1 1 1 1 1 1 1 1 1 1 1 1 1 1 1 1 1 1 1 1 1 1 1 1 1 1 1 1 1 1 1 1 1 1 1 1 1 1 1 1 1 1 1 1 1 1 1 1 1 1 1 1 1 1 1 1 1 1 1 1 1 1 1 1 1 1 1 1 1 1 1 1 1 1 1 1 1 1 1 1 1 1 1 1 1 1 1 1 1 1 1 1 1 1 1 1 1 1 1 1 1 1 1 1 1 1 1 1 1 1 1 1 1 1 1 1 1 1 1 1 1 1 1 1 1 1 1 1 1 1 1 1 1 1 1 1 1 1 1 1 1 1 1 1 1 1 1 1 1 1 1 1 1 1 1 1 1 1 1 1 1 1 1 1 1 1 1 1 1 1 1 1 1 1 1 1 1 1 1 1 1 1 1 1 1 1 1 1 1 1 1 1 1 1 1 1 1 1 1 1 1 1 1 1 1 1 1 1 1 1 1 1 1 1 1 1 1 1 1 1 1 1 1 1 1 1 1 1 1 1 1 1 1 1 1 1 1 1 1 1 1 1 1 1 1 1 1 1 1 1 1 1 1 1 1 1 1 1 1 1 1 1 1 1 1 1 1 1 1 1 1 1 1 1 1 1 1 1 1 1 1 1 1 1 1 1 1 1 1 1 1 1 1 1 1 1 1 1 1 1 1 1 1 1 1 1 1 1 1 1 1 1 1 1 1 1 1 1 1 1 1 1 1 1 1 1 1 1 1 1 1 1 1 1 1 1 1 1 1 1 1 1 1 1 1 1 1 1 1 1 1 1 1 1 1 1 1 1 1 1 1 1 1 1 1 1 1 1 1 1 1 1 1 1 1 1 1 1 1 1 1 1 1 1 1 1 1 1 1 1 1 1 1 1 1 1 1 1 1 1 1 1 1 1 1 1 1 1 1 1 1 1 1 1 1 1 1 1 1 1 1 1 1 1 1 1 1 1 1 1 1 1 1 1 1 1 1 1 1 1 1 1 1 1 1 1 1 1 1 1 1 1 1 1 1 1 1 1 1 1 1 1 1 1 1 1 1 1 1 1 1 1 1 1 1 1 1 1 1 1 1 1 1 1 1 1 1 1 1 1 1 1 1 1 1 1 1 1 1 1 1 1 1 1 1 1 1 1 1 1 1 1 1 1 1 1 1 1 1 1 1 1 1 1 1 1 1 1 1 1 1 1 1 1 1 1 1 1 1 1 1 1 1 1 1 1 1 1 1 1 1 1 1 1 1 1 1 1 1 1 1 1 1 1 1 1 1 1 1 1 1 1 1 1 1 1 1 1 1 1 1 1 1 1 1 1 1 1 1 1 1 1 1 1 1 1 1 1 1 1 1 1 1 1 1 1 1 1 1 1 1 1 1 1 1 1 1 1 1 1 1 1 1 1 1 1 1 1 1 1 1 1 1 1 1 1 1 1 1 1 1 1 1 1 1 1 1 1 1 1 1 1 1 1 1 1 1 1 1 1 1 1 1 1 1 1 1 1 1 1 1 1 1 1 1 1 1 1 1 1 1 1 1 1 1 1 1 1 1 1 1 1 1 1 1 1 1 1 1 1 1 1 1 1 1 1 1 1 1 1 1 1 1 1 1 1 1 1 1 1 1 1 1 1 1 1 1 1 1 1 1 1 1 1 1 1 1 1 1 1 1 1 1 1 1 1 1 1 1 1 1 1 1 1 1 1 1 1 1 1 1 1 1 1 1 1 1 1 1 1 1 1 1 1 1 1 1 1 1 1 1 1 1 1 1 1 1 1 1 1 1 1 1 1 1 1 1 1 1 1 1 1 1 1 1 1 1 1 1 1 1 1 1 1 1 1 1 1 1 1 1 1 1 1 1 1 1 1 1 1 1 1 1 1 1 1 1 1 1 1 1 1 1 1 1 1 1 1 1 1 1 1 1 1 1 1 1 1 1 1 1 1 1 1 1 1 1 1 1 1 1 1 1 1 1 1 1 1 1 1 1 1 1 1 1 1 1 1 1 1 1 1 1 1 1 1 1 1 1 1 1 1 1 1 1 1 1 1 1 1 1 1 1 1 1 1 1 1 1 1 1 1 1 1 1 1 1 1 1 1 1 1 1 1 1 1 1 1 1 1 1 1 1 1 1 1 1 1 1 1 1 1 1 1 1 1 1 1 1 1 1 1 1 1 1 1 1 1 1 1 1 1 1 1 1 1 1 1 1 1 1 1 1 1 1 1 1 1 1 1 1 1 1 1 1 1 1 1 1 1 1 1 1 1 1 1 1 1 1 1 1 1 1 1 1 1 1 1 1 1 1 1 1 1 1 1 1 1 1 1 1 1 1 1 1 1 1 1 1 1 1 1 1 1 1 1 1 1 1 1 1 1 1 1 1 1 1 1 1 1 1 1 1 1 1 1 1 1 1 1 1 1 1 1 1 1 1 1 1 1 1 1 1 1 1 1 1 1 1 1 1 1 1 1 1 1 1 1 1 1 1 1 1 1 1 1 1 1 1 1 1 1 1 1 1 1 1 1 1 1 1 1 1 1 1 1 1 1 1 1 1 1 1 1 1 1 1 1 1 1 1 1 1 1 1 1 1 1 1 1 1 1 1 1 1 1 1 1 1 1 1 1 1 1 1 1 1 1 1 1 1 1 1 1 1 1 1 1 1 1 1 1 1 1 1 1 1 1 1 1 1 1 1 1 1 1 1 1 1 1 1 1 1 1 1 1 1 1 1 1 1 1 1 1 1 1 1 1 1 1 1 1 1 1 1 1 1 1 1 1 1 1 1 1 1 1 1 1 1 1 1 1 1 1 1 1 1 1 1 1 1 1 1 1 1 1 1 1 1 1 1 1 1 1 1 1 1 1 1 1 1 1 1 1 1 1 1 1 1 1 1 1 1 1 1 1 1 1 1 1 1 1 1 1 1 1 1 1 1 1 1 1 1 1 1 1 1 1 1 1 1 1 1 1 1 1 1 1 1 1 1 1 1 1 1 1 1 1 1 1 1 1 1 1 1 1 1 1 1 1 1 1 1 1 1 1 1 1 1 1 1 1 1 1 1 1 1 1 1 1 1 1 1 1 1 1 1 1 1 1 1 1 1 1 1 1 1 1 1 1 1 1 1 1 1 1 1 1 1 1 1 1 1 1 1 1 1 1 1 1 1 1 1 1 1 1 1 1 1 1 1 1 1 1 1 1 1 1 1 1 1 1 1 1 1 1 1 1 1 1 1 1 1 1 1 1 1 1 1 1 1 1 1 1 1 1 1 1 1 1 1 1 1 1 1 1 1 1 1 1 1 1 1 1 1 1 1 1 1 1 1 1 1 1 1 1 1 1 1 1 1 1 1 1 1 1 1 1 1 1 1 1 1 1 1 1 1 1 1 1 1 1 1 1 1 1 1 1 1 1 1 1 1 1 1 1 1 1 1 1 1 1 1 1 1 1 1 1 1 1 1 1 1 1 1 1 1 1 1 1 1 1 1 1 1 1 1 1 1 1 1 1 1 1 1 1 1 1 1 1 1 1 1 1 1 1 1 1 1 1 1 1 1 1 1 1 1 1 1 1 1 1 1 1 1 1 1 1 1 1 1 1 1 1 1 1 1 1 1 1 1 1 1 1 1 1 1 1 1 1 1 1 1 1 1 1 1 1 1 1 1 1 1 1 1 1 1 1 1 1 1 1 1 1 1 1 1 1 1 1 1 1 1 1 1 1 1 1 1 1 1 1 1 1 1 1 1 1 1 1 1 1 1 1 1 1 1 1 1 1 1 1 1 1 1 1 1 1 1 1 1 1 1 1 1 1 1 1 1 1 1 1 1 1 1 1 1 1 1 1 1 1 1 1 1 1 1 1 1 1 1 1 1 1 1 1 1 1 1 1 1 1 1 1 1 1 1 1 1 1 1 1 1 1 1 1 1 1 1 1 1 1 1 1 1 1 1 1 1 1 1 1 1 1 1 1 1 1 1 1 1 1 1 1 1 1 1 1 1 1 1 1 1 1 1 1 1 1 1 1 1 1 1 1 1 1 1 1 1 1 1 1 1 1 1 1 1 1 1 1 1 1 1 1 1 1 1 1 1 1 1 1 1 1 1 1 1 1 1 1 1 1 1 1 1 1 1 1 1 1 1 1 1 1 1 1 1 1 1 1 1 1 1 1 1 1 1 1 1 1 1 1 1 1 1 1 1 1 1 1 1 1 1 1 1 1 1 1 1 1 1 1 1 1 1 1 1 1 1 1 1 1 1 1 1 1 1 1 1 1 1 1 1 1 1 1 1 1 1 1 1 1 1 1 1 1 1 1 1 1 1 1 1 1 1 1 1 1 1 1 1 1 1 1 1 1 1 1 1 1 1 1 1 1 1 1 1 1 1 1 1 1 1 1 1 1 1 1 1 1 1 1 1 1 1 1 1 1 1 1 1 1 1 1 1 1 1 1 1 1 1 1 1 1 1 1 1 1 1 1 1 1 1 1 1 1 1 1 1 1 1 1 1 1 1 1 1 1 1 1 1 1 1 1 1 1 1 1 1 1 1 1 1 1 1 1 1 1 1 1 1 1 1 1 1 1 1 1 1 1 1 1 1 1 1 1 1 1 1 1 1 1 1 1 1 1 1 1 1 1 1 1 1 1 1 1 1 1 1 1 1 1 1 1 1 1 1 1 1 1 1 1 1 1 1 1 1 1 1 1 1 1 1 1 1 1 1 1 1 1 1 1 1 1 1 1 1 1 1 1 1 1 1 1 1 1 1 1 1 1 1 1 1 1 1 1 1 1 1 1 1 1 1 1 1 1 1 1 1 1 1 1 1 1 1 1 1 1 1 1 1 1 1 1 1 1 1 1 1 1 1 1 1 1 1 1 1 1 1 1 1 1 1 1 1 1 1 1 1 1 1 1 1 1 1 1 1 1 1 1 1 1 1 1 1 1 1 1 1 1 1 1 1 1 1 1 1 1 1 1 1 1 1 1 1 1 1 1 1 1 1 1 1 1 1 1 1 1 1 1 1 1 1 1 1 1 1 1 1 1 1 1 1 1 1 1 1 1 1 1 1 1 1 1 1 1 1 1 1 1 1 1 1 1 1 1 1 1 1 1 1 1 1 1 1 1 1 1 1 1 1 1 1 1 1 1 1 1 1 1 1 1 1 1 1 1 1 1 1 1 1 1 1 1 1 1 1 1 1 1 1 1 1 1 1 1 1 1 1 1 1 1 1 1 1 1 1 1 1 1 1 1 1 1 1 1 1 1 1 1 1 1 1 1 1 1 1 1 1 1 1 1 1 1 1 1 1 1 1 1 1 1 1 1 1 1 1 1 1 1 1 1 1 1 1 1 1 1 1 1 1 1 1 1 1 1 1 1 1 1 1 1 1 1 1 1 1 1 1 1 1 1 1 1 1 1 1 1 1 1 1 1 1 1 1 1 1 1 1 1 1 1 1 1 1 1 1 1 1 1 1 1 1 1 1 1 1 1 1 1 1 1 1 1 1 1 1 1 1 1 1 1 1 1 1 1 1 1 1 1 1 1 1 1 1 1 1 1 1 1 1 1 1 1 1 1 1 1 1 1 1 1 1 1 1 1 1 1 1 1 1 1 1 1 1 1 1 1 1 1 1 1 1 1 1 1 1 1 1 1 1 1 1 1 1 1 1 1 1 1 1 1 1 1 1 1 1 1 1 1 1 1 1 1 1 1 1 1 1 1 1 1 1 1 1 1 1 1 1 1 1 1 1 1 1 1 1 1 1 1 1 1 1 1 1 1 1 1 1 1 1 1 1 1 1 1 1 1 1 1 1 1 1 1 1 1 1 1 1 1 1 1 1 1 1 1 1 1 1 1 1 1 1 1 1 1 1 1 1 1 1 1 1 1 1 1 1 1 1 1 1 1 1 1 1 1 1 1 1 1 1 1 1 1 1 1 1 1 1 1 1 1 1 1 1 1 1 1 1 1 1 1 1 1 1 1 1 1 1 1 1 1 1 1 1 1 1 1</float_array>
          <technique_common>
            <accessor source="#gloire_Skin_gloire-skin-weights-array" count="2796" stride="1">
              <param name="WEIGHT" type="float"/>
            </accessor>
          </technique_common>
        </source>
        <joints>
          <input semantic="JOINT" source="#gloire_Skin_gloire-skin-joints"/>
          <input semantic="INV_BIND_MATRIX" source="#gloire_Skin_gloire-skin-bind_poses"/>
        </joints>
        <vertex_weights count="2796">
          <input semantic="JOINT" source="#gloire_Skin_gloire-skin-joints" offset="0"/>
          <input semantic="WEIGHT" source="#gloire_Skin_gloire-skin-weights" offset="1"/>
          <vcount>1 1 1 1 1 1 1 1 1 1 1 1 1 1 1 1 1 1 1 1 1 1 1 1 1 1 1 1 1 1 1 1 1 1 1 1 1 1 1 1 1 1 1 1 1 1 1 1 1 1 1 1 1 1 1 1 1 1 1 1 1 1 1 1 1 1 1 1 1 1 1 1 1 1 1 1 1 1 1 1 1 1 1 1 1 1 1 1 1 1 1 1 1 1 1 1 1 1 1 1 1 1 1 1 1 1 1 1 1 1 1 1 1 1 1 1 1 1 1 1 1 1 1 1 1 1 1 1 1 1 1 1 1 1 1 1 1 1 1 1 1 1 1 1 1 1 1 1 1 1 1 1 1 1 1 1 1 1 1 1 1 1 1 1 1 1 1 1 1 1 1 1 1 1 1 1 1 1 1 1 1 1 1 1 1 1 1 1 1 1 1 1 1 1 1 1 1 1 1 1 1 1 1 1 1 1 1 1 1 1 1 1 1 1 1 1 1 1 1 1 1 1 1 1 1 1 1 1 1 1 1 1 1 1 1 1 1 1 1 1 1 1 1 1 1 1 1 1 1 1 1 1 1 1 1 1 1 1 1 1 1 1 1 1 1 1 1 1 1 1 1 1 1 1 1 1 1 1 1 1 1 1 1 1 1 1 1 1 1 1 1 1 1 1 1 1 1 1 1 1 1 1 1 1 1 1 1 1 1 1 1 1 1 1 1 1 1 1 1 1 1 1 1 1 1 1 1 1 1 1 1 1 1 1 1 1 1 1 1 1 1 1 1 1 1 1 1 1 1 1 1 1 1 1 1 1 1 1 1 1 1 1 1 1 1 1 1 1 1 1 1 1 1 1 1 1 1 1 1 1 1 1 1 1 1 1 1 1 1 1 1 1 1 1 1 1 1 1 1 1 1 1 1 1 1 1 1 1 1 1 1 1 1 1 1 1 1 1 1 1 1 1 1 1 1 1 1 1 1 1 1 1 1 1 1 1 1 1 1 1 1 1 1 1 1 1 1 1 1 1 1 1 1 1 1 1 1 1 1 1 1 1 1 1 1 1 1 1 1 1 1 1 1 1 1 1 1 1 1 1 1 1 1 1 1 1 1 1 1 1 1 1 1 1 1 1 1 1 1 1 1 1 1 1 1 1 1 1 1 1 1 1 1 1 1 1 1 1 1 1 1 1 1 1 1 1 1 1 1 1 1 1 1 1 1 1 1 1 1 1 1 1 1 1 1 1 1 1 1 1 1 1 1 1 1 1 1 1 1 1 1 1 1 1 1 1 1 1 1 1 1 1 1 1 1 1 1 1 1 1 1 1 1 1 1 1 1 1 1 1 1 1 1 1 1 1 1 1 1 1 1 1 1 1 1 1 1 1 1 1 1 1 1 1 1 1 1 1 1 1 1 1 1 1 1 1 1 1 1 1 1 1 1 1 1 1 1 1 1 1 1 1 1 1 1 1 1 1 1 1 1 1 1 1 1 1 1 1 1 1 1 1 1 1 1 1 1 1 1 1 1 1 1 1 1 1 1 1 1 1 1 1 1 1 1 1 1 1 1 1 1 1 1 1 1 1 1 1 1 1 1 1 1 1 1 1 1 1 1 1 1 1 1 1 1 1 1 1 1 1 1 1 1 1 1 1 1 1 1 1 1 1 1 1 1 1 1 1 1 1 1 1 1 1 1 1 1 1 1 1 1 1 1 1 1 1 1 1 1 1 1 1 1 1 1 1 1 1 1 1 1 1 1 1 1 1 1 1 1 1 1 1 1 1 1 1 1 1 1 1 1 1 1 1 1 1 1 1 1 1 1 1 1 1 1 1 1 1 1 1 1 1 1 1 1 1 1 1 1 1 1 1 1 1 1 1 1 1 1 1 1 1 1 1 1 1 1 1 1 1 1 1 1 1 1 1 1 1 1 1 1 1 1 1 1 1 1 1 1 1 1 1 1 1 1 1 1 1 1 1 1 1 1 1 1 1 1 1 1 1 1 1 1 1 1 1 1 1 1 1 1 1 1 1 1 1 1 1 1 1 1 1 1 1 1 1 1 1 1 1 1 1 1 1 1 1 1 1 1 1 1 1 1 1 1 1 1 1 1 1 1 1 1 1 1 1 1 1 1 1 1 1 1 1 1 1 1 1 1 1 1 1 1 1 1 1 1 1 1 1 1 1 1 1 1 1 1 1 1 1 1 1 1 1 1 1 1 1 1 1 1 1 1 1 1 1 1 1 1 1 1 1 1 1 1 1 1 1 1 1 1 1 1 1 1 1 1 1 1 1 1 1 1 1 1 1 1 1 1 1 1 1 1 1 1 1 1 1 1 1 1 1 1 1 1 1 1 1 1 1 1 1 1 1 1 1 1 1 1 1 1 1 1 1 1 1 1 1 1 1 1 1 1 1 1 1 1 1 1 1 1 1 1 1 1 1 1 1 1 1 1 1 1 1 1 1 1 1 1 1 1 1 1 1 1 1 1 1 1 1 1 1 1 1 1 1 1 1 1 1 1 1 1 1 1 1 1 1 1 1 1 1 1 1 1 1 1 1 1 1 1 1 1 1 1 1 1 1 1 1 1 1 1 1 1 1 1 1 1 1 1 1 1 1 1 1 1 1 1 1 1 1 1 1 1 1 1 1 1 1 1 1 1 1 1 1 1 1 1 1 1 1 1 1 1 1 1 1 1 1 1 1 1 1 1 1 1 1 1 1 1 1 1 1 1 1 1 1 1 1 1 1 1 1 1 1 1 1 1 1 1 1 1 1 1 1 1 1 1 1 1 1 1 1 1 1 1 1 1 1 1 1 1 1 1 1 1 1 1 1 1 1 1 1 1 1 1 1 1 1 1 1 1 1 1 1 1 1 1 1 1 1 1 1 1 1 1 1 1 1 1 1 1 1 1 1 1 1 1 1 1 1 1 1 1 1 1 1 1 1 1 1 1 1 1 1 1 1 1 1 1 1 1 1 1 1 1 1 1 1 1 1 1 1 1 1 1 1 1 1 1 1 1 1 1 1 1 1 1 1 1 1 1 1 1 1 1 1 1 1 1 1 1 1 1 1 1 1 1 1 1 1 1 1 1 1 1 1 1 1 1 1 1 1 1 1 1 1 1 1 1 1 1 1 1 1 1 1 1 1 1 1 1 1 1 1 1 1 1 1 1 1 1 1 1 1 1 1 1 1 1 1 1 1 1 1 1 1 1 1 1 1 1 1 1 1 1 1 1 1 1 1 1 1 1 1 1 1 1 1 1 1 1 1 1 1 1 1 1 1 1 1 1 1 1 1 1 1 1 1 1 1 1 1 1 1 1 1 1 1 1 1 1 1 1 1 1 1 1 1 1 1 1 1 1 1 1 1 1 1 1 1 1 1 1 1 1 1 1 1 1 1 1 1 1 1 1 1 1 1 1 1 1 1 1 1 1 1 1 1 1 1 1 1 1 1 1 1 1 1 1 1 1 1 1 1 1 1 1 1 1 1 1 1 1 1 1 1 1 1 1 1 1 1 1 1 1 1 1 1 1 1 1 1 1 1 1 1 1 1 1 1 1 1 1 1 1 1 1 1 1 1 1 1 1 1 1 1 1 1 1 1 1 1 1 1 1 1 1 1 1 1 1 1 1 1 1 1 1 1 1 1 1 1 1 1 1 1 1 1 1 1 1 1 1 1 1 1 1 1 1 1 1 1 1 1 1 1 1 1 1 1 1 1 1 1 1 1 1 1 1 1 1 1 1 1 1 1 1 1 1 1 1 1 1 1 1 1 1 1 1 1 1 1 1 1 1 1 1 1 1 1 1 1 1 1 1 1 1 1 1 1 1 1 1 1 1 1 1 1 1 1 1 1 1 1 1 1 1 1 1 1 1 1 1 1 1 1 1 1 1 1 1 1 1 1 1 1 1 1 1 1 1 1 1 1 1 1 1 1 1 1 1 1 1 1 1 1 1 1 1 1 1 1 1 1 1 1 1 1 1 1 1 1 1 1 1 1 1 1 1 1 1 1 1 1 1 1 1 1 1 1 1 1 1 1 1 1 1 1 1 1 1 1 1 1 1 1 1 1 1 1 1 1 1 1 1 1 1 1 1 1 1 1 1 1 1 1 1 1 1 1 1 1 1 1 1 1 1 1 1 1 1 1 1 1 1 1 1 1 1 1 1 1 1 1 1 1 1 1 1 1 1 1 1 1 1 1 1 1 1 1 1 1 1 1 1 1 1 1 1 1 1 1 1 1 1 1 1 1 1 1 1 1 1 1 1 1 1 1 1 1 1 1 1 1 1 1 1 1 1 1 1 1 1 1 1 1 1 1 1 1 1 1 1 1 1 1 1 1 1 1 1 1 1 1 1 1 1 1 1 1 1 1 1 1 1 1 1 1 1 1 1 1 1 1 1 1 1 1 1 1 1 1 1 1 1 1 1 1 1 1 1 1 1 1 1 1 1 1 1 1 1 1 1 1 1 1 1 1 1 1 1 1 1 1 1 1 1 1 1 1 1 1 1 1 1 1 1 1 1 1 1 1 1 1 1 1 1 1 1 1 1 1 1 1 1 1 1 1 1 1 1 1 1 1 1 1 1 1 1 1 1 1 1 1 1 1 1 1 1 1 1 1 1 1 1 1 1 1 1 1 1 1 1 1 1 1 1 1 1 1 1 1 1 1 1 1 1 1 1 1 1 1 1 1 1 1 1 1 1 1 1 1 1 1 1 1 1 1 1 1 1 1 1 1 1 1 1 1 1 1 1 1 1 1 1 1 1 1 1 1 1 1 1 1 1 1 1 1 1 1 1 1 1 1 1 1 1 1 1 1 1 1 1 1 1 1 1 1 1 1 1 1 1 1 1 1 1 1 1 1 1 1 1 1 1 1 1 1 1 1 1 1 1 1 1 1 1 1 1 1 1 1 1 1 1 1 1 1 1 1 1 1 1 1 1 1 1 1 1 1 1 1 1 1 1 1 1 1 1 1 1 1 1 1 1 1 1 1 1 1 1 1 1 1 1 1 1 1 1 1 1 1 1 1 1 1 1 1 1 1 1 1 1 1 1 1 1 1 1 1 1 1 1 1 1 1 1 1 1 1 1 1 1 1 1 1 1 1 1 1 1 1 1 1 1 1 1 1 1 1 1 1 1 1 1 1 1 1 1 1 1 1 1 1 1 1 1 1 1 1 1 1 1 1 1 1 1 1 1 1 1 1 1 1 1 1 1 1 1 1 1 1 1 1 1 1 1 1 1 1 1 1 1 1 1 1 1 1 1 1 1 1 1 1 1 1 1 1 1 1 1 1 1 1 1 1 1 1 1 1 1 1 1 1 1 1 1 1 1 1 1 1 1 1 1 1 1 1 1 1 1 1 1 1 1 1 1 1 1 1 1 1 1 1 1 1 1 1 1 1 1 1 1 1 1 1 1 1 1 1 1 1 1 1 1 1 1 1 1 1 1 1 1 1 1 1 1 1 1 1 1 1 1 1 1 1 1 1 1 1 1 1 1 1 1 1 1 1 1 1 1 1 1 1 1 1 1 1 1 1 1 1 1 1 1 1 1 1 1 1 1 1 1 1 1 1 1 1 1 1 1 1 1 1 1 1 1 1 1 1 1 1 1 1 1 1 1 1 1 1 1 1 1 1 1 1 1 1 1 1 1 1 1 1 1 1 1 1 1 1 1 1 1 1 1 1 1 1 1 1 1 1 1 1 1 1 1 1 1 1 1 1 1 1 1 1 1 1 1 1 1 1 1 1 1 1 1 1 1 1 1 1 1 1 1 1 1 1 1 1 1 1 1 1 1 1 1 1 1 1 1 1 1 1 1 1 1 1 1 1 1 1 1 1 1 1 1 1 1 1 1 1 1 1 1 1 1 1 1 1 1 1 1 1 1 1 1 1 1 1 1 1 1 1 1 1 1 1 1 1 1 1 1 1 1 1 1 1 1 1 1 1 1 1 1 1 1 1 1 1 1 1 1 1 1 1 1 1 1 1 1 1 1 1 1 1 1 1 1 1 1 1 1 1 1 1 1 1 1 1 1 1 1 1 1 1 1 1 1 1 1 1 1 1 1 1 1 1 1 1 1 1 1 1 1 1 1 1 1 1 1 1 1 1 1 1 1 1 1 1 1 1 1 1 1 1 1 1 1 1 1 1 1 1 1 1 1 1 1 1 1 1 1 1 1 1 1 1 1 1 1 1 1 1 1 1 1 1 1 1 1 1 1 1 1 1 1 1 1 1 1 1 1 1 1 1 1 1 1 1 1 1 1 1 1 1 1 1 1 1 1 1 1 1 1 1 1 1 1 1 1 1 1 1 </vcount>
          <v>0 0 0 1 0 2 0 3 0 4 0 5 0 6 0 7 0 8 0 9 0 10 0 11 0 12 0 13 0 14 0 15 0 16 0 17 0 18 0 19 0 20 0 21 0 22 0 23 0 24 0 25 0 26 0 27 0 28 0 29 0 30 0 31 0 32 0 33 0 34 0 35 0 36 0 37 0 38 0 39 0 40 0 41 0 42 0 43 0 44 0 45 0 46 0 47 0 48 0 49 0 50 0 51 0 52 0 53 0 54 0 55 0 56 0 57 0 58 0 59 0 60 0 61 0 62 0 63 0 64 0 65 0 66 0 67 0 68 0 69 0 70 0 71 0 72 0 73 0 74 0 75 0 76 0 77 0 78 0 79 0 80 0 81 0 82 0 83 0 84 0 85 0 86 0 87 0 88 0 89 0 90 0 91 0 92 0 93 0 94 0 95 0 96 0 97 0 98 0 99 0 100 0 101 0 102 0 103 0 104 0 105 0 106 0 107 0 108 0 109 0 110 0 111 0 112 0 113 0 114 0 115 0 116 0 117 0 118 0 119 0 120 0 121 0 122 0 123 0 124 0 125 0 126 0 127 0 128 0 129 0 130 0 131 0 132 0 133 0 134 0 135 0 136 0 137 0 138 0 139 0 140 0 141 0 142 0 143 0 144 0 145 0 146 0 147 0 148 0 149 0 150 0 151 0 152 0 153 0 154 0 155 0 156 0 157 0 158 0 159 0 160 0 161 0 162 0 163 0 164 0 165 0 166 0 167 0 168 0 169 0 170 0 171 0 172 0 173 0 174 0 175 0 176 0 177 0 178 0 179 0 180 0 181 0 182 0 183 0 184 0 185 0 186 0 187 0 188 0 189 0 190 0 191 0 192 0 193 0 194 0 195 0 196 0 197 0 198 0 199 0 200 0 201 0 202 0 203 0 204 0 205 0 206 0 207 0 208 0 209 0 210 0 211 0 212 0 213 0 214 0 215 0 216 0 217 0 218 0 219 0 220 0 221 0 222 0 223 0 224 0 225 0 226 0 227 0 228 0 229 0 230 0 231 0 232 0 233 0 234 0 235 0 236 0 237 0 238 0 239 0 240 0 241 0 242 0 243 0 244 0 245 0 246 0 247 0 248 0 249 0 250 0 251 0 252 0 253 0 254 0 255 0 256 0 257 0 258 0 259 0 260 0 261 0 262 0 263 0 264 0 265 0 266 0 267 0 268 0 269 0 270 0 271 0 272 0 273 0 274 0 275 0 276 0 277 0 278 0 279 0 280 0 281 0 282 0 283 0 284 0 285 0 286 0 287 0 288 0 289 0 290 0 291 0 292 0 293 0 294 0 295 0 296 0 297 0 298 0 299 0 300 0 301 0 302 0 303 0 304 0 305 0 306 0 307 0 308 0 309 0 310 0 311 0 312 0 313 0 314 0 315 0 316 0 317 0 318 0 319 0 320 0 321 0 322 0 323 0 324 0 325 0 326 0 327 0 328 0 329 0 330 0 331 0 332 0 333 0 334 0 335 0 336 0 337 0 338 0 339 0 340 0 341 0 342 0 343 0 344 0 345 0 346 0 347 0 348 0 349 0 350 0 351 0 352 0 353 0 354 0 355 0 356 0 357 0 358 0 359 0 360 0 361 0 362 0 363 0 364 0 365 0 366 0 367 0 368 0 369 0 370 0 371 0 372 0 373 0 374 0 375 0 376 0 377 0 378 0 379 0 380 0 381 0 382 0 383 0 384 0 385 0 386 0 387 0 388 0 389 0 390 0 391 0 392 0 393 0 394 0 395 0 396 0 397 0 398 0 399 0 400 0 401 0 402 0 403 0 404 0 405 0 406 0 407 0 408 0 409 0 410 0 411 0 412 0 413 0 414 0 415 0 416 0 417 0 418 0 419 0 420 0 421 0 422 0 423 0 424 0 425 0 426 0 427 0 428 0 429 0 430 0 431 0 432 0 433 0 434 0 435 0 436 0 437 0 438 0 439 0 440 0 441 0 442 0 443 0 444 0 445 0 446 0 447 0 448 0 449 0 450 0 451 0 452 0 453 0 454 0 455 0 456 0 457 0 458 0 459 0 460 0 461 0 462 0 463 0 464 0 465 0 466 0 467 0 468 0 469 0 470 0 471 0 472 0 473 0 474 0 475 0 476 0 477 0 478 0 479 0 480 0 481 0 482 0 483 0 484 0 485 0 486 0 487 0 488 0 489 0 490 0 491 0 492 0 493 0 494 0 495 0 496 0 497 0 498 0 499 0 500 0 501 0 502 0 503 0 504 0 505 0 506 0 507 0 508 0 509 0 510 0 511 0 512 0 513 0 514 0 515 0 516 0 517 0 518 0 519 0 520 0 521 0 522 0 523 0 524 0 525 0 526 0 527 0 528 0 529 0 530 0 531 0 532 0 533 0 534 0 535 0 536 0 537 0 538 0 539 0 540 0 541 0 542 0 543 0 544 0 545 0 546 0 547 0 548 0 549 0 550 0 551 0 552 0 553 0 554 0 555 0 556 0 557 0 558 0 559 0 560 0 561 0 562 0 563 0 564 0 565 0 566 0 567 0 568 0 569 0 570 0 571 0 572 0 573 0 574 0 575 0 576 0 577 0 578 0 579 0 580 0 581 0 582 0 583 0 584 0 585 0 586 0 587 0 588 0 589 0 590 0 591 0 592 0 593 0 594 0 595 0 596 0 597 0 598 0 599 0 600 0 601 0 602 0 603 0 604 0 605 0 606 0 607 0 608 0 609 0 610 0 611 0 612 0 613 0 614 0 615 0 616 0 617 0 618 0 619 0 620 0 621 0 622 0 623 0 624 0 625 0 626 0 627 0 628 0 629 0 630 0 631 0 632 0 633 0 634 0 635 0 636 0 637 0 638 0 639 0 640 0 641 0 642 0 643 0 644 0 645 0 646 0 647 0 648 0 649 0 650 0 651 0 652 0 653 0 654 0 655 0 656 0 657 0 658 0 659 0 660 0 661 0 662 0 663 0 664 0 665 0 666 0 667 0 668 0 669 0 670 0 671 0 672 0 673 0 674 0 675 0 676 0 677 0 678 0 679 0 680 0 681 0 682 0 683 0 684 0 685 0 686 0 687 0 688 0 689 0 690 0 691 0 692 0 693 0 694 0 695 0 696 0 697 0 698 0 699 0 700 0 701 0 702 0 703 0 704 0 705 0 706 0 707 0 708 0 709 0 710 0 711 0 712 0 713 0 714 0 715 0 716 0 717 0 718 0 719 0 720 0 721 0 722 0 723 0 724 0 725 0 726 0 727 0 728 0 729 0 730 0 731 0 732 0 733 0 734 0 735 0 736 0 737 0 738 0 739 0 740 0 741 0 742 0 743 0 744 0 745 0 746 0 747 0 748 0 749 0 750 0 751 0 752 0 753 0 754 0 755 0 756 0 757 0 758 0 759 0 760 0 761 0 762 0 763 0 764 0 765 0 766 0 767 0 768 0 769 0 770 0 771 0 772 0 773 0 774 0 775 0 776 0 777 0 778 0 779 0 780 0 781 0 782 0 783 0 784 0 785 0 786 0 787 0 788 0 789 0 790 0 791 0 792 0 793 0 794 0 795 0 796 0 797 0 798 0 799 0 800 0 801 0 802 0 803 0 804 0 805 0 806 0 807 0 808 0 809 0 810 0 811 0 812 0 813 0 814 0 815 0 816 0 817 0 818 0 819 0 820 0 821 0 822 0 823 0 824 0 825 0 826 0 827 0 828 0 829 0 830 0 831 0 832 0 833 0 834 0 835 0 836 0 837 0 838 0 839 0 840 0 841 0 842 0 843 0 844 0 845 0 846 0 847 0 848 0 849 0 850 0 851 0 852 0 853 0 854 0 855 0 856 0 857 0 858 0 859 0 860 0 861 0 862 0 863 0 864 0 865 0 866 0 867 0 868 0 869 0 870 0 871 0 872 0 873 0 874 0 875 0 876 0 877 0 878 0 879 0 880 0 881 0 882 0 883 0 884 0 885 0 886 0 887 0 888 0 889 0 890 0 891 0 892 0 893 0 894 0 895 0 896 0 897 0 898 0 899 0 900 0 901 0 902 0 903 0 904 0 905 0 906 0 907 0 908 0 909 0 910 0 911 0 912 0 913 0 914 0 915 0 916 0 917 0 918 0 919 0 920 0 921 0 922 0 923 0 924 0 925 0 926 0 927 0 928 0 929 0 930 0 931 0 932 0 933 0 934 0 935 0 936 0 937 0 938 0 939 0 940 0 941 0 942 0 943 0 944 0 945 0 946 0 947 0 948 0 949 0 950 0 951 0 952 0 953 0 954 0 955 0 956 0 957 0 958 0 959 0 960 0 961 0 962 0 963 0 964 0 965 0 966 0 967 0 968 0 969 0 970 0 971 0 972 0 973 0 974 0 975 0 976 0 977 0 978 0 979 0 980 0 981 0 982 0 983 0 984 0 985 0 986 0 987 0 988 0 989 0 990 0 991 0 992 0 993 0 994 0 995 0 996 0 997 0 998 0 999 0 1000 0 1001 0 1002 0 1003 0 1004 0 1005 0 1006 0 1007 0 1008 0 1009 0 1010 0 1011 0 1012 0 1013 0 1014 0 1015 0 1016 0 1017 0 1018 0 1019 0 1020 0 1021 0 1022 0 1023 0 1024 0 1025 0 1026 0 1027 0 1028 0 1029 0 1030 0 1031 0 1032 0 1033 0 1034 0 1035 0 1036 0 1037 0 1038 0 1039 0 1040 0 1041 0 1042 0 1043 0 1044 0 1045 0 1046 0 1047 0 1048 0 1049 0 1050 0 1051 0 1052 0 1053 0 1054 0 1055 0 1056 0 1057 0 1058 0 1059 0 1060 0 1061 0 1062 0 1063 0 1064 0 1065 0 1066 0 1067 0 1068 0 1069 0 1070 0 1071 0 1072 0 1073 0 1074 0 1075 0 1076 0 1077 0 1078 0 1079 0 1080 0 1081 0 1082 0 1083 0 1084 0 1085 0 1086 0 1087 0 1088 0 1089 0 1090 0 1091 0 1092 0 1093 0 1094 0 1095 0 1096 0 1097 0 1098 0 1099 0 1100 0 1101 0 1102 0 1103 0 1104 0 1105 0 1106 0 1107 0 1108 0 1109 0 1110 0 1111 0 1112 0 1113 0 1114 0 1115 0 1116 0 1117 0 1118 0 1119 0 1120 0 1121 0 1122 0 1123 0 1124 0 1125 0 1126 0 1127 0 1128 0 1129 0 1130 0 1131 0 1132 0 1133 0 1134 0 1135 0 1136 0 1137 0 1138 0 1139 0 1140 0 1141 0 1142 0 1143 0 1144 0 1145 0 1146 0 1147 0 1148 0 1149 0 1150 0 1151 0 1152 0 1153 0 1154 0 1155 0 1156 0 1157 0 1158 0 1159 0 1160 0 1161 0 1162 0 1163 0 1164 0 1165 0 1166 0 1167 0 1168 0 1169 0 1170 0 1171 0 1172 0 1173 0 1174 0 1175 0 1176 0 1177 0 1178 0 1179 0 1180 0 1181 0 1182 0 1183 0 1184 0 1185 0 1186 0 1187 0 1188 0 1189 0 1190 0 1191 0 1192 0 1193 0 1194 0 1195 0 1196 0 1197 0 1198 0 1199 0 1200 0 1201 0 1202 0 1203 0 1204 0 1205 0 1206 0 1207 0 1208 0 1209 0 1210 0 1211 0 1212 0 1213 0 1214 0 1215 0 1216 0 1217 0 1218 0 1219 0 1220 0 1221 0 1222 0 1223 0 1224 0 1225 0 1226 0 1227 0 1228 0 1229 0 1230 0 1231 0 1232 0 1233 0 1234 0 1235 0 1236 0 1237 0 1238 0 1239 0 1240 0 1241 0 1242 0 1243 0 1244 0 1245 0 1246 0 1247 0 1248 0 1249 0 1250 0 1251 0 1252 0 1253 0 1254 0 1255 0 1256 0 1257 0 1258 0 1259 0 1260 0 1261 0 1262 0 1263 0 1264 0 1265 0 1266 0 1267 0 1268 0 1269 0 1270 0 1271 0 1272 0 1273 0 1274 0 1275 0 1276 0 1277 0 1278 0 1279 0 1280 0 1281 0 1282 0 1283 0 1284 0 1285 0 1286 0 1287 0 1288 0 1289 0 1290 0 1291 0 1292 0 1293 0 1294 0 1295 0 1296 0 1297 0 1298 0 1299 0 1300 0 1301 0 1302 0 1303 0 1304 0 1305 0 1306 0 1307 0 1308 0 1309 0 1310 0 1311 0 1312 0 1313 0 1314 0 1315 0 1316 0 1317 0 1318 0 1319 0 1320 0 1321 0 1322 0 1323 0 1324 0 1325 0 1326 0 1327 0 1328 0 1329 0 1330 0 1331 0 1332 0 1333 0 1334 0 1335 0 1336 0 1337 0 1338 0 1339 0 1340 0 1341 0 1342 0 1343 0 1344 0 1345 0 1346 0 1347 0 1348 0 1349 0 1350 0 1351 0 1352 0 1353 0 1354 0 1355 0 1356 0 1357 0 1358 0 1359 0 1360 0 1361 0 1362 0 1363 0 1364 0 1365 0 1366 0 1367 0 1368 0 1369 0 1370 0 1371 0 1372 0 1373 0 1374 0 1375 0 1376 0 1377 0 1378 0 1379 0 1380 0 1381 0 1382 0 1383 0 1384 0 1385 0 1386 0 1387 0 1388 0 1389 0 1390 0 1391 0 1392 0 1393 0 1394 0 1395 0 1396 0 1397 0 1398 0 1399 0 1400 0 1401 0 1402 0 1403 0 1404 0 1405 0 1406 0 1407 0 1408 0 1409 0 1410 0 1411 0 1412 0 1413 0 1414 0 1415 0 1416 0 1417 0 1418 0 1419 0 1420 0 1421 0 1422 0 1423 0 1424 0 1425 0 1426 0 1427 0 1428 0 1429 0 1430 0 1431 0 1432 0 1433 0 1434 0 1435 0 1436 0 1437 0 1438 0 1439 0 1440 0 1441 0 1442 0 1443 0 1444 0 1445 0 1446 0 1447 0 1448 0 1449 0 1450 0 1451 0 1452 0 1453 0 1454 0 1455 0 1456 0 1457 0 1458 0 1459 0 1460 0 1461 0 1462 0 1463 0 1464 0 1465 0 1466 0 1467 0 1468 0 1469 0 1470 0 1471 0 1472 0 1473 0 1474 0 1475 0 1476 0 1477 0 1478 0 1479 0 1480 0 1481 0 1482 0 1483 0 1484 0 1485 0 1486 0 1487 0 1488 0 1489 0 1490 0 1491 0 1492 0 1493 0 1494 0 1495 0 1496 0 1497 0 1498 0 1499 0 1500 0 1501 0 1502 0 1503 0 1504 0 1505 0 1506 0 1507 0 1508 0 1509 0 1510 0 1511 0 1512 0 1513 0 1514 0 1515 0 1516 0 1517 0 1518 0 1519 0 1520 0 1521 0 1522 0 1523 0 1524 0 1525 0 1526 0 1527 0 1528 0 1529 0 1530 0 1531 0 1532 0 1533 0 1534 0 1535 0 1536 0 1537 0 1538 0 1539 0 1540 0 1541 0 1542 0 1543 0 1544 0 1545 0 1546 0 1547 0 1548 0 1549 0 1550 0 1551 0 1552 0 1553 0 1554 0 1555 0 1556 0 1557 0 1558 0 1559 0 1560 0 1561 0 1562 0 1563 0 1564 0 1565 0 1566 0 1567 0 1568 0 1569 0 1570 0 1571 0 1572 0 1573 0 1574 0 1575 0 1576 0 1577 0 1578 0 1579 0 1580 0 1581 0 1582 0 1583 0 1584 0 1585 0 1586 0 1587 0 1588 0 1589 0 1590 0 1591 0 1592 0 1593 0 1594 0 1595 0 1596 0 1597 0 1598 0 1599 0 1600 0 1601 0 1602 0 1603 0 1604 0 1605 0 1606 0 1607 0 1608 0 1609 0 1610 0 1611 0 1612 0 1613 0 1614 0 1615 0 1616 0 1617 0 1618 0 1619 0 1620 0 1621 0 1622 0 1623 0 1624 0 1625 0 1626 0 1627 0 1628 0 1629 0 1630 0 1631 0 1632 0 1633 0 1634 0 1635 0 1636 0 1637 0 1638 0 1639 0 1640 0 1641 0 1642 0 1643 0 1644 0 1645 0 1646 0 1647 0 1648 0 1649 0 1650 0 1651 0 1652 0 1653 0 1654 0 1655 0 1656 0 1657 0 1658 0 1659 0 1660 0 1661 0 1662 0 1663 0 1664 0 1665 0 1666 0 1667 0 1668 0 1669 0 1670 0 1671 0 1672 0 1673 0 1674 0 1675 0 1676 0 1677 0 1678 0 1679 0 1680 0 1681 0 1682 0 1683 0 1684 0 1685 0 1686 0 1687 0 1688 0 1689 0 1690 0 1691 0 1692 0 1693 0 1694 0 1695 0 1696 0 1697 0 1698 0 1699 0 1700 0 1701 0 1702 0 1703 0 1704 0 1705 0 1706 0 1707 0 1708 0 1709 0 1710 0 1711 0 1712 0 1713 0 1714 0 1715 0 1716 0 1717 0 1718 0 1719 0 1720 0 1721 0 1722 0 1723 0 1724 0 1725 0 1726 0 1727 0 1728 0 1729 0 1730 0 1731 0 1732 0 1733 0 1734 0 1735 0 1736 0 1737 0 1738 0 1739 0 1740 0 1741 0 1742 0 1743 0 1744 0 1745 0 1746 0 1747 0 1748 0 1749 0 1750 0 1751 0 1752 0 1753 0 1754 0 1755 0 1756 0 1757 0 1758 0 1759 0 1760 0 1761 0 1762 0 1763 0 1764 0 1765 0 1766 0 1767 0 1768 0 1769 0 1770 0 1771 0 1772 0 1773 0 1774 0 1775 0 1776 0 1777 0 1778 0 1779 0 1780 0 1781 0 1782 0 1783 0 1784 0 1785 0 1786 0 1787 16 1788 16 1789 16 1790 16 1791 16 1792 16 1793 16 1794 16 1795 16 1796 16 1797 16 1798 16 1799 16 1800 16 1801 16 1802 16 1803 16 1804 16 1805 16 1806 16 1807 16 1808 16 1809 16 1810 16 1811 16 1812 16 1813 16 1814 16 1815 16 1816 16 1817 16 1818 16 1819 16 1820 16 1821 16 1822 16 1823 16 1824 16 1825 16 1826 16 1827 16 1828 16 1829 16 1830 16 1831 16 1832 16 1833 16 1834 16 1835 16 1836 16 1837 16 1838 16 1839 16 1840 16 1841 16 1842 16 1843 16 1844 16 1845 16 1846 16 1847 16 1848 16 1849 16 1850 16 1851 16 1852 16 1853 16 1854 16 1855 16 1856 16 1857 16 1858 16 1859 16 1860 16 1861 16 1862 16 1863 16 1864 16 1865 16 1866 16 1867 16 1868 16 1869 16 1870 16 1871 16 1872 16 1873 16 1874 16 1875 16 1876 16 1877 16 1878 16 1879 16 1880 16 1881 16 1882 16 1883 16 1884 16 1885 16 1886 16 1887 16 1888 16 1889 16 1890 16 1891 16 1892 16 1893 16 1894 16 1895 16 1896 16 1897 16 1898 16 1899 16 1900 16 1901 16 1902 16 1903 16 1904 16 1905 16 1906 16 1907 16 1908 16 1909 16 1910 16 1911 16 1912 16 1913 16 1914 16 1915 16 1916 16 1917 16 1918 16 1919 16 1920 16 1921 16 1922 16 1923 16 1924 16 1925 16 1926 16 1927 16 1928 16 1929 16 1930 16 1931 16 1932 16 1933 16 1934 16 1935 16 1936 16 1937 16 1938 16 1939 16 1940 16 1941 16 1942 16 1943 16 1944 16 1945 16 1946 16 1947 16 1948 16 1949 16 1950 16 1951 16 1952 16 1953 16 1954 16 1955 16 1956 16 1957 16 1958 16 1959 16 1960 16 1961 16 1962 16 1963 16 1964 16 1965 16 1966 16 1967 16 1968 16 1969 16 1970 16 1971 16 1972 16 1973 16 1974 16 1975 16 1976 16 1977 16 1978 16 1979 16 1980 16 1981 16 1982 16 1983 16 1984 16 1985 16 1986 16 1987 16 1988 16 1989 16 1990 16 1991 16 1992 16 1993 16 1994 16 1995 16 1996 16 1997 16 1998 16 1999 16 2000 16 2001 16 2002 16 2003 16 2004 16 2005 16 2006 16 2007 16 2008 16 2009 16 2010 16 2011 16 2012 16 2013 16 2014 16 2015 16 2016 16 2017 16 2018 16 2019 16 2020 16 2021 16 2022 16 2023 16 2024 16 2025 16 2026 16 2027 16 2028 16 2029 16 2030 16 2031 16 2032 16 2033 16 2034 16 2035 16 2036 16 2037 16 2038 16 2039 16 2040 16 2041 16 2042 16 2043 16 2044 16 2045 16 2046 16 2047 16 2048 16 2049 16 2050 16 2051 16 2052 16 2053 16 2054 16 2055 16 2056 16 2057 16 2058 16 2059 16 2060 16 2061 16 2062 16 2063 16 2064 16 2065 16 2066 16 2067 16 2068 16 2069 16 2070 16 2071 16 2072 16 2073 16 2074 16 2075 16 2076 16 2077 16 2078 16 2079 16 2080 16 2081 16 2082 16 2083 16 2084 16 2085 16 2086 22 2087 22 2088 22 2089 22 2090 22 2091 22 2092 22 2093 22 2094 22 2095 22 2096 22 2097 22 2098 18 2099 18 2100 18 2101 18 2102 18 2103 18 2104 18 2105 18 2106 18 2107 18 2108 18 2109 18 2110 18 2111 18 2112 18 2113 18 2114 18 2115 20 2116 20 2117 20 2118 20 2119 20 2120 20 2121 20 2122 20 2123 20 2124 20 2125 20 2126 20 2127 20 2128 20 2129 20 2130 20 2131 20 2132 20 2133 20 2134 20 2135 20 2136 20 2137 20 2138 20 2139 20 2140 20 2141 20 2142 20 2143 20 2144 20 2145 20 2146 20 2147 20 2148 20 2149 20 2150 20 2151 20 2152 20 2153 20 2154 20 2155 20 2156 20 2157 27 2158 27 2159 27 2160 27 2161 27 2162 27 2163 27 2164 27 2165 27 2166 27 2167 27 2168 27 2169 27 2170 27 2171 27 2172 27 2173 27 2174 27 2175 27 2176 27 2177 27 2178 27 2179 27 2180 27 2181 27 2182 27 2183 25 2184 25 2185 25 2186 25 2187 25 2188 25 2189 25 2190 25 2191 25 2192 25 2193 25 2194 25 2195 25 2196 25 2197 25 2198 25 2199 25 2200 25 2201 25 2202 25 2203 25 2204 25 2205 25 2206 25 2207 29 2208 29 2209 29 2210 29 2211 29 2212 29 2213 29 2214 29 2215 29 2216 29 2217 29 2218 29 2219 29 2220 29 2221 29 2222 29 2223 29 2224 29 2225 29 2226 29 2227 29 2228 29 2229 29 2230 29 2231 29 2232 29 2233 29 2234 29 2235 29 2236 29 2237 29 2238 29 2239 29 2240 29 2241 29 2242 29 2243 29 2244 29 2245 29 2246 29 2247 29 2248 29 2249 29 2250 29 2251 29 2252 29 2253 29 2254 29 2255 29 2256 29 2257 29 2258 29 2259 29 2260 29 2261 29 2262 29 2263 29 2264 29 2265 29 2266 29 2267 29 2268 29 2269 29 2270 29 2271 29 2272 29 2273 29 2274 29 2275 29 2276 29 2277 29 2278 29 2279 29 2280 29 2281 29 2282 29 2283 29 2284 29 2285 29 2286 29 2287 29 2288 29 2289 29 2290 29 2291 29 2292 29 2293 29 2294 29 2295 29 2296 29 2297 29 2298 29 2299 29 2300 29 2301 29 2302 29 2303 29 2304 29 2305 29 2306 29 2307 29 2308 29 2309 29 2310 29 2311 29 2312 29 2313 29 2314 29 2315 29 2316 29 2317 29 2318 29 2319 29 2320 29 2321 29 2322 29 2323 29 2324 29 2325 29 2326 29 2327 29 2328 29 2329 29 2330 29 2331 29 2332 29 2333 29 2334 29 2335 29 2336 29 2337 29 2338 29 2339 29 2340 29 2341 29 2342 29 2343 29 2344 29 2345 29 2346 29 2347 29 2348 29 2349 29 2350 29 2351 29 2352 29 2353 29 2354 29 2355 29 2356 29 2357 29 2358 29 2359 29 2360 29 2361 29 2362 29 2363 29 2364 29 2365 29 2366 29 2367 29 2368 29 2369 29 2370 29 2371 29 2372 29 2373 29 2374 29 2375 29 2376 29 2377 29 2378 29 2379 29 2380 29 2381 29 2382 29 2383 29 2384 29 2385 29 2386 29 2387 29 2388 29 2389 29 2390 29 2391 29 2392 29 2393 29 2394 29 2395 29 2396 29 2397 29 2398 29 2399 29 2400 29 2401 29 2402 29 2403 29 2404 29 2405 29 2406 29 2407 29 2408 29 2409 29 2410 29 2411 29 2412 29 2413 29 2414 29 2415 29 2416 29 2417 29 2418 29 2419 29 2420 29 2421 29 2422 29 2423 29 2424 29 2425 29 2426 29 2427 29 2428 29 2429 29 2430 29 2431 29 2432 29 2433 29 2434 29 2435 29 2436 29 2437 29 2438 29 2439 29 2440 29 2441 29 2442 29 2443 29 2444 29 2445 29 2446 29 2447 29 2448 29 2449 29 2450 29 2451 29 2452 29 2453 29 2454 29 2455 29 2456 29 2457 29 2458 29 2459 29 2460 29 2461 29 2462 29 2463 29 2464 29 2465 29 2466 29 2467 29 2468 29 2469 29 2470 29 2471 29 2472 29 2473 29 2474 29 2475 29 2476 29 2477 29 2478 29 2479 29 2480 29 2481 29 2482 29 2483 29 2484 29 2485 29 2486 29 2487 29 2488 29 2489 29 2490 29 2491 29 2492 29 2493 29 2494 29 2495 29 2496 29 2497 29 2498 35 2499 35 2500 35 2501 35 2502 35 2503 35 2504 35 2505 35 2506 35 2507 35 2508 35 2509 35 2510 33 2511 33 2512 33 2513 33 2514 33 2515 33 2516 33 2517 33 2518 33 2519 33 2520 33 2521 33 2522 33 2523 33 2524 33 2525 33 2526 33 2527 33 2528 31 2529 31 2530 31 2531 31 2532 31 2533 31 2534 31 2535 31 2536 31 2537 31 2538 31 2539 31 2540 31 2541 31 2542 31 2543 31 2544 31 2545 31 2546 31 2547 31 2548 31 2549 31 2550 31 2551 31 2552 31 2553 31 2554 31 2555 31 2556 31 2557 31 2558 31 2559 31 2560 31 2561 31 2562 31 2563 31 2564 31 2565 31 2566 31 2567 31 2568 31 2569 31 2570 40 2571 40 2572 40 2573 40 2574 40 2575 40 2576 40 2577 40 2578 40 2579 40 2580 40 2581 40 2582 40 2583 40 2584 40 2585 40 2586 38 2587 38 2588 38 2589 38 2590 38 2591 38 2592 38 2593 38 2594 38 2595 38 2596 38 2597 38 2598 38 2599 38 2600 42 2601 42 2602 42 2603 42 2604 42 2605 42 2606 42 2607 42 2608 42 2609 42 2610 42 2611 42 2612 42 2613 42 2614 42 2615 42 2616 42 2617 42 2618 42 2619 42 2620 42 2621 42 2622 42 2623 42 2624 42 2625 42 2626 42 2627 42 2628 42 2629 42 2630 42 2631 42 2632 42 2633 42 2634 42 2635 42 2636 42 2637 42 2638 42 2639 42 2640 42 2641 42 2642 42 2643 42 2644 42 2645 42 2646 42 2647 42 2648 42 2649 42 2650 42 2651 42 2652 42 2653 42 2654 42 2655 42 2656 42 2657 42 2658 42 2659 42 2660 42 2661 42 2662 42 2663 42 2664 42 2665 42 2666 42 2667 42 2668 42 2669 42 2670 42 2671 42 2672 42 2673 42 2674 42 2675 42 2676 42 2677 42 2678 42 2679 42 2680 42 2681 42 2682 42 2683 42 2684 42 2685 42 2686 42 2687 42 2688 42 2689 42 2690 42 2691 42 2692 42 2693 42 2694 42 2695 42 2696 42 2697 42 2698 42 2699 42 2700 42 2701 42 2702 42 2703 42 2704 42 2705 42 2706 42 2707 42 2708 42 2709 42 2710 42 2711 42 2712 42 2713 42 2714 42 2715 42 2716 42 2717 42 2718 42 2719 42 2720 42 2721 42 2722 42 2723 42 2724 42 2725 42 2726 42 2727 42 2728 42 2729 42 2730 42 2731 42 2732 42 2733 42 2734 42 2735 42 2736 42 2737 42 2738 42 2739 42 2740 42 2741 42 2742 42 2743 42 2744 42 2745 42 2746 42 2747 42 2748 42 2749 42 2750 42 2751 42 2752 42 2753 42 2754 42 2755 42 2756 42 2757 42 2758 42 2759 42 2760 42 2761 42 2762 42 2763 42 2764 42 2765 42 2766 42 2767 42 2768 42 2769 42 2770 42 2771 42 2772 42 2773 42 2774 42 2775 42 2776 42 2777 42 2778 42 2779 42 2780 42 2781 42 2782 42 2783 42 2784 42 2785 42 2786 42 2787 42 2788 42 2789 42 2790 42 2791 42 2792 42 2793 42 2794 42 2795</v>
        </vertex_weights>
      </skin>
    </controller>
  </library_controllers>
  <library_visual_scenes>
    <visual_scene id="Scene" name="Scene">
      <node id="gloire_Skin" name="gloire_Skin" type="NODE">
        <matrix sid="transform">1 0 0 0 0 1 0 0 0 0 1 0 0 0 0 1</matrix>
        <node id="gloire_Skin_root" name="root" sid="root" type="JOINT">
          <matrix sid="transform">1 0 0 0 0 0 -1 -7.7 0 1 0 7 0 0 0 1</matrix>
          <node id="gloire_Skin_ammo_node_2" name="ammo node 2" sid="ammo_node_2" type="JOINT">
            <matrix sid="transform">1 0 0 5.39289e-6 0 0 1 40.28576 0 -1 0 115.6749 0 0 0 1</matrix>
            <node id="gloire_Skin_smoke_node_0" name="smoke node 0" sid="smoke_node_0" type="JOINT">
              <matrix sid="transform">1 0 0 -5.89132e-6 0 1 0 238.5058 0 0 1 -4.241112 0 0 0 1</matrix>
              <extra>
                <technique profile="blender">
                  <layer sid="layer" type="string">0</layer>
                  <tip_x sid="tip_x" type="float">0</tip_x>
                  <tip_y sid="tip_y" type="float">20.23166</tip_y>
                  <tip_z sid="tip_z" type="float">0</tip_z>
                </technique>
              </extra>
            </node>
            <node id="gloire_Skin_smoke_node_1" name="smoke node 1" sid="smoke_node_1" type="JOINT">
              <matrix sid="transform">1 0 0 3.53218e-6 0 1 0 18.89573 0 0 1 -7.2299 0 0 0 1</matrix>
              <extra>
                <technique profile="blender">
                  <layer sid="layer" type="string">0</layer>
                  <tip_x sid="tip_x" type="float">0</tip_x>
                  <tip_y sid="tip_y" type="float">20.23165</tip_y>
                  <tip_z sid="tip_z" type="float">0</tip_z>
                </technique>
              </extra>
            </node>
            <extra>
              <technique profile="blender">
                <layer sid="layer" type="string">0</layer>
                <tip_x sid="tip_x" type="float">0</tip_x>
                <tip_y sid="tip_y" type="float">20.23165</tip_y>
                <tip_z sid="tip_z" type="float">0</tip_z>
              </technique>
            </extra>
          </node>
          <node id="gloire_Skin_ammo_node_3" name="ammo node 3" sid="ammo_node_3" type="JOINT">
            <matrix sid="transform">1 0 1.20782e-9 6.41328e-8 0 1 -1.23132e-7 71.51768 -1.20782e-9 1.23132e-7 1 -6.232799 0 0 0 1</matrix>
            <extra>
              <technique profile="blender">
                <layer sid="layer" type="string">0</layer>
                <roll sid="roll" type="float">0</roll>
                <tip_x sid="tip_x" type="float">0</tip_x>
                <tip_y sid="tip_y" type="float">-5.48363e-6</tip_y>
                <tip_z sid="tip_z" type="float">46.47084</tip_z>
              </technique>
            </extra>
          </node>
          <node id="gloire_Skin_body" name="body" sid="body" type="JOINT">
            <matrix sid="transform">1 0 -8.74228e-8 0 0 -1 0 46.47084 -8.74228e-8 0 -1 6.67572e-6 0 0 0 1</matrix>
            <node id="gloire_Skin_barbette_fore" name="barbette fore" sid="barbette_fore" type="JOINT">
              <matrix sid="transform">1 0 -1.50996e-7 -8.4057e-6 0 -1 0 40.47085 -1.50996e-7 0 -1 -61.29715 0 0 0 1</matrix>
              <node id="gloire_Skin_pivot_node_0" name="pivot node 0" sid="pivot_node_0" type="JOINT">
                <matrix sid="transform">1 6.3573e-8 8.74228e-8 -4.2506e-7 8.74228e-8 0 -1 21.67407 -6.3573e-8 1 -9.59926e-15 -0.1837082 0 0 0 1</matrix>
                <node id="gloire_Skin_gun_bow" name="gun bow" sid="gun_bow" type="JOINT">
                  <matrix sid="transform">1 6.53496e-15 7.10543e-15 3.20611e-7 -6.53496e-15 1 0 15.39775 -7.10543e-15 0 1 4.031511 0 0 0 1</matrix>
                  <node id="gloire_Skin_ammo_node_0" name="ammo node 0" sid="ammo_node_0" type="JOINT">
                    <matrix sid="transform">1 5.70467e-16 0 -9.09495e-13 -5.70467e-16 1 0 34.79344 0 0 1 9.53674e-6 0 0 0 1</matrix>
                    <extra>
                      <technique profile="blender">
                        <layer sid="layer" type="string">0</layer>
                        <roll sid="roll" type="float">3.141593</roll>
                        <tip_x sid="tip_x" type="float">0</tip_x>
                        <tip_y sid="tip_y" type="float">-34.79343</tip_y>
                        <tip_z sid="tip_z" type="float">0</tip_z>
                      </technique>
                    </extra>
                  </node>
                  <extra>
                    <technique profile="blender">
                      <layer sid="layer" type="string">0</layer>
                      <roll sid="roll" type="float">3.141593</roll>
                      <tip_x sid="tip_x" type="float">0</tip_x>
                      <tip_y sid="tip_y" type="float">-34.79343</tip_y>
                      <tip_z sid="tip_z" type="float">0</tip_z>
                    </technique>
                  </extra>
                </node>
                <extra>
                  <technique profile="blender">
                    <layer sid="layer" type="string">0</layer>
                    <roll sid="roll" type="float">3.141593</roll>
                    <tip_x sid="tip_x" type="float">0</tip_x>
                    <tip_y sid="tip_y" type="float">-15.91677</tip_y>
                    <tip_z sid="tip_z" type="float">0</tip_z>
                  </technique>
                </extra>
              </node>
              <extra>
                <technique profile="blender">
                  <layer sid="layer" type="string">0</layer>
                  <tip_x sid="tip_x" type="float">0</tip_x>
                  <tip_y sid="tip_y" type="float">0</tip_y>
                  <tip_z sid="tip_z" type="float">21.67485</tip_z>
                </technique>
              </extra>
            </node>
            <node id="gloire_Skin_barbette_midship" name="barbette midship" sid="barbette_midship" type="JOINT">
              <matrix sid="transform">1 0 -1.50996e-7 -8.18804e-7 0 -1 0 40.47084 -1.50996e-7 0 -1 39.00257 0 0 0 1</matrix>
              <node id="gloire_Skin_pylon" name="pylon" sid="pylon" type="JOINT">
                <matrix sid="transform">1 0 6.3573e-8 -3.582e-6 0 1 0 70.84367 -6.3573e-8 0 1 0.7290668 0 0 0 1</matrix>
                <extra>
                  <technique profile="blender">
                    <layer sid="layer" type="string">0</layer>
                    <tip_x sid="tip_x" type="float">0</tip_x>
                    <tip_y sid="tip_y" type="float">0</tip_y>
                    <tip_z sid="tip_z" type="float">70.84741</tip_z>
                  </technique>
                </extra>
              </node>
              <extra>
                <technique profile="blender">
                  <layer sid="layer" type="string">0</layer>
                  <tip_x sid="tip_x" type="float">0</tip_x>
                  <tip_y sid="tip_y" type="float">0</tip_y>
                  <tip_z sid="tip_z" type="float">70.84741</tip_z>
                </technique>
              </extra>
            </node>
            <node id="gloire_Skin_barbette_stern" name="barbette stern" sid="barbette_stern" type="JOINT">
              <matrix sid="transform">1 0 -1.50996e-7 8.88971e-6 0 -1 0 40.47083 -1.50996e-7 0 -1 74.0435 0 0 0 1</matrix>
              <node id="gloire_Skin_pivot_node_1" name="pivot node 1" sid="pivot_node_1" type="JOINT">
                <matrix sid="transform">1 -6.35731e-8 0 -1.17178e-5 0 0 1 21.85465 -6.35731e-8 -1 -4.04154e-15 -0.02394104 0 0 0 1</matrix>
                <node id="gloire_Skin_gun_bow02" name="gun bow02" sid="gun_bow02" type="JOINT">
                  <matrix sid="transform">-1 5.01307e-14 -1.50996e-7 -6.78595e-7 5.01307e-14 1 0 15.52443 1.50996e-7 0 -1 -4.889496 0 0 0 1</matrix>
                  <node id="gloire_Skin_ammo_node_1" name="ammo node 1" sid="ammo_node_1" type="JOINT">
                    <matrix sid="transform">1 0 -6.3573e-8 -4.81424e-6 0 1 0 32.88326 6.3573e-8 0 1 7.79742e-13 0 0 0 1</matrix>
                    <extra>
                      <technique profile="blender">
                        <layer sid="layer" type="string">0</layer>
                        <roll sid="roll" type="float">3.141593</roll>
                        <tip_x sid="tip_x" type="float">0</tip_x>
                        <tip_y sid="tip_y" type="float">32.88325</tip_y>
                        <tip_z sid="tip_z" type="float">0</tip_z>
                      </technique>
                    </extra>
                  </node>
                  <extra>
                    <technique profile="blender">
                      <layer sid="layer" type="string">0</layer>
                      <roll sid="roll" type="float">3.141593</roll>
                      <tip_x sid="tip_x" type="float">0</tip_x>
                      <tip_y sid="tip_y" type="float">32.88325</tip_y>
                      <tip_z sid="tip_z" type="float">0</tip_z>
                    </technique>
                  </extra>
                </node>
                <extra>
                  <technique profile="blender">
                    <layer sid="layer" type="string">0</layer>
                    <tip_x sid="tip_x" type="float">0</tip_x>
                    <tip_y sid="tip_y" type="float">16.27621</tip_y>
                    <tip_z sid="tip_z" type="float">0</tip_z>
                  </technique>
                </extra>
              </node>
              <extra>
                <technique profile="blender">
                  <layer sid="layer" type="string">0</layer>
                  <tip_x sid="tip_x" type="float">0</tip_x>
                  <tip_y sid="tip_y" type="float">0</tip_y>
                  <tip_z sid="tip_z" type="float">21.85466</tip_z>
                </technique>
              </extra>
            </node>
            <node id="gloire_Skin_mast_pivot" name="mast pivot" sid="mast_pivot" type="JOINT">
              <matrix sid="transform">1 0 -1.50996e-7 -4.22593e-6 0 -0.9999998 0 17.58749 -1.50996e-7 0 -1 -54.22256 0 0 0 1</matrix>
              <node id="gloire_Skin_mast_main" name="mast main" sid="mast_main" type="JOINT">
                <matrix sid="transform">1 0 -1.50996e-7 4.3125e-7 0 -1 0 170.4299 -1.50996e-7 0 -1 4.045227 0 0 0 1</matrix>
                <node id="gloire_Skin_fore_tackle_1" name="fore tackle 1" sid="fore_tackle_1" type="JOINT">
                  <matrix sid="transform">1 0 8.74228e-8 -1.10951e-7 0 1 0 32.39948 -8.74228e-8 0 1 -1.269135 0 0 0 1</matrix>
                  <node id="gloire_Skin_star_block" name="star block" sid="star_block" type="JOINT">
                    <matrix sid="transform">1 0 0 2.10374e-7 0 1 0 22.57527 0 0 1 -5.341965 0 0 0 1</matrix>
                    <extra>
                      <technique profile="blender">
                        <layer sid="layer" type="string">0</layer>
                        <tip_x sid="tip_x" type="float">0</tip_x>
                        <tip_y sid="tip_y" type="float">0</tip_y>
                        <tip_z sid="tip_z" type="float">-23.19869</tip_z>
                      </technique>
                    </extra>
                  </node>
                  <extra>
                    <technique profile="blender">
                      <layer sid="layer" type="string">0</layer>
                      <tip_x sid="tip_x" type="float">0</tip_x>
                      <tip_y sid="tip_y" type="float">0</tip_y>
                      <tip_z sid="tip_z" type="float">-23.19869</tip_z>
                    </technique>
                  </extra>
                </node>
                <node id="gloire_Skin_fore_tackle_2" name="fore tackle 2" sid="fore_tackle_2" type="JOINT">
                  <matrix sid="transform">1 0 8.74228e-8 -1.10951e-7 0 1 0 57.69617 -8.74228e-8 0 1 -1.269135 0 0 0 1</matrix>
                  <node id="gloire_Skin_port_block" name="port block" sid="port_block" type="JOINT">
                    <matrix sid="transform">1 0 0 2.10374e-7 0 1 0 22.57526 0 0 1 -5.341972 0 0 0 1</matrix>
                    <extra>
                      <technique profile="blender">
                        <layer sid="layer" type="string">0</layer>
                        <tip_x sid="tip_x" type="float">0</tip_x>
                        <tip_y sid="tip_y" type="float">0</tip_y>
                        <tip_z sid="tip_z" type="float">-23.19869</tip_z>
                      </technique>
                    </extra>
                  </node>
                  <extra>
                    <technique profile="blender">
                      <layer sid="layer" type="string">0</layer>
                      <tip_x sid="tip_x" type="float">0</tip_x>
                      <tip_y sid="tip_y" type="float">0</tip_y>
                      <tip_z sid="tip_z" type="float">-23.19869</tip_z>
                    </technique>
                  </extra>
                </node>
                <node id="gloire_Skin_mainmast_flag_pivot" name="mainmast flag pivot" sid="mainmast_flag_pivot" type="JOINT">
                  <matrix sid="transform">1 -8.74228e-8 8.74228e-8 -2.52385e-9 -8.74228e-8 0 1 16.2346 -8.74228e-8 -1 -1.52855e-14 -0.1006546 0 0 0 1</matrix>
                  <node id="gloire_Skin_mainmast_flag" name="mainmast flag" sid="mainmast_flag" type="JOINT">
                    <matrix sid="transform">1 0 -4.26326e-14 9.32744e-5 0 1 0 13.68749 4.26326e-14 0 1 -0.9888306 0 0 0 1</matrix>
                    <node id="gloire_Skin_mainmast_flag_end" name="mainmast flag end" sid="mainmast_flag_end" type="JOINT">
                      <matrix sid="transform">1 6.74694e-15 0 6.47298e-7 -6.74694e-15 1 0 16.85014 0 0 1 8.26407e-12 0 0 0 1</matrix>
                      <extra>
                        <technique profile="blender">
                          <layer sid="layer" type="string">0</layer>
                          <roll sid="roll" type="float">3.141593</roll>
                          <tip_x sid="tip_x" type="float">0</tip_x>
                          <tip_y sid="tip_y" type="float">-16.85013</tip_y>
                          <tip_z sid="tip_z" type="float">0</tip_z>
                        </technique>
                      </extra>
                    </node>
                    <extra>
                      <technique profile="blender">
                        <layer sid="layer" type="string">0</layer>
                        <roll sid="roll" type="float">3.141593</roll>
                        <tip_x sid="tip_x" type="float">0</tip_x>
                        <tip_y sid="tip_y" type="float">-16.85013</tip_y>
                        <tip_z sid="tip_z" type="float">0</tip_z>
                      </technique>
                    </extra>
                  </node>
                  <extra>
                    <technique profile="blender">
                      <layer sid="layer" type="string">0</layer>
                      <roll sid="roll" type="float">3.141593</roll>
                      <tip_x sid="tip_x" type="float">0</tip_x>
                      <tip_y sid="tip_y" type="float">-13.72316</tip_y>
                      <tip_z sid="tip_z" type="float">0</tip_z>
                    </technique>
                  </extra>
                </node>
                <node id="gloire_Skin_port_tackle01" name="port tackle01" sid="port_tackle01" type="JOINT">
                  <matrix sid="transform">1 0 8.74228e-8 40 0 1 0 98.46658 -8.74228e-8 0 1 -1.00145 0 0 0 1</matrix>
                  <node id="gloire_Skin_port_block01" name="port block01" sid="port_block01" type="JOINT">
                    <matrix sid="transform">1 0 0 0 0 1 0 30.59456 0 0 1 -7.82708 0 0 0 1</matrix>
                    <extra>
                      <technique profile="blender">
                        <layer sid="layer" type="string">0</layer>
                        <tip_x sid="tip_x" type="float">0</tip_x>
                        <tip_y sid="tip_y" type="float">0</tip_y>
                        <tip_z sid="tip_z" type="float">-31.57989</tip_z>
                      </technique>
                    </extra>
                  </node>
                  <extra>
                    <technique profile="blender">
                      <layer sid="layer" type="string">0</layer>
                      <tip_x sid="tip_x" type="float">0</tip_x>
                      <tip_y sid="tip_y" type="float">0</tip_y>
                      <tip_z sid="tip_z" type="float">-31.57989</tip_z>
                    </technique>
                  </extra>
                </node>
                <node id="gloire_Skin_star_tackle01" name="star tackle01" sid="star_tackle01" type="JOINT">
                  <matrix sid="transform">1 0 8.74228e-8 -40 0 1 0 98.46658 -8.74228e-8 0 1 -1.00145 0 0 0 1</matrix>
                  <node id="gloire_Skin_star_block01" name="star block01" sid="star_block01" type="JOINT">
                    <matrix sid="transform">1 0 0 0 0 1 0 30.59456 0 0 1 -7.82708 0 0 0 1</matrix>
                    <extra>
                      <technique profile="blender">
                        <layer sid="layer" type="string">0</layer>
                        <tip_x sid="tip_x" type="float">0</tip_x>
                        <tip_y sid="tip_y" type="float">0</tip_y>
                        <tip_z sid="tip_z" type="float">-31.57989</tip_z>
                      </technique>
                    </extra>
                  </node>
                  <extra>
                    <technique profile="blender">
                      <layer sid="layer" type="string">0</layer>
                      <tip_x sid="tip_x" type="float">0</tip_x>
                      <tip_y sid="tip_y" type="float">0</tip_y>
                      <tip_z sid="tip_z" type="float">-31.57989</tip_z>
                    </technique>
                  </extra>
                </node>
                <extra>
                  <technique profile="blender">
                    <layer sid="layer" type="string">0</layer>
                    <tip_x sid="tip_x" type="float">0</tip_x>
                    <tip_y sid="tip_y" type="float">0</tip_y>
                    <tip_z sid="tip_z" type="float">-16.23493</tip_z>
                  </technique>
                </extra>
              </node>
              <extra>
                <technique profile="blender">
                  <layer sid="layer" type="string">0</layer>
                  <tip_x sid="tip_x" type="float">0</tip_x>
                  <tip_y sid="tip_y" type="float">0</tip_y>
                  <tip_z sid="tip_z" type="float">170.4779</tip_z>
                </technique>
              </extra>
            </node>
            <node id="gloire_Skin_mast_pivot_1" name="mast pivot 1" sid="mast_pivot_1" type="JOINT">
              <matrix sid="transform">1 0 -1.50996e-7 1.04391e-7 0 -1 0 17.86219 -1.50996e-7 0 -1 44.84362 0 0 0 1</matrix>
              <node id="gloire_Skin_mast_main01" name="mast main01" sid="mast_main01" type="JOINT">
                <matrix sid="transform">1 0 -1.50996e-7 2.17827e-7 0 -1 0 163.7516 -1.50996e-7 0 -1 2.055904 0 0 0 1</matrix>
                <node id="gloire_Skin_main_tackle02" name="main tackle02" sid="main_tackle02" type="JOINT">
                  <matrix sid="transform">1 0 2.06632e-7 3.63698e-6 0 0.9999999 0 50.57573 -2.06632e-7 0 1 -2.032906 0 0 0 1</matrix>
                  <node id="gloire_Skin_port_block02" name="port block02" sid="port_block02" type="JOINT">
                    <matrix sid="transform">1 0 7.10543e-15 7.96467e-7 0 1 0 25.55441 -7.10543e-15 0 1 -5.030655 0 0 0 1</matrix>
                    <extra>
                      <technique profile="blender">
                        <layer sid="layer" type="string">0</layer>
                        <roll sid="roll" type="float">1.19209e-7</roll>
                        <tip_x sid="tip_x" type="float">0</tip_x>
                        <tip_y sid="tip_y" type="float">0</tip_y>
                        <tip_z sid="tip_z" type="float">-26.04486</tip_z>
                      </technique>
                    </extra>
                  </node>
                  <extra>
                    <technique profile="blender">
                      <layer sid="layer" type="string">0</layer>
                      <roll sid="roll" type="float">1.19209e-7</roll>
                      <tip_x sid="tip_x" type="float">0</tip_x>
                      <tip_y sid="tip_y" type="float">0</tip_y>
                      <tip_z sid="tip_z" type="float">-26.04486</tip_z>
                    </technique>
                  </extra>
                </node>
                <node id="gloire_Skin_main_tackle1" name="main tackle1" sid="main_tackle1" type="JOINT">
                  <matrix sid="transform">1 0 2.06632e-7 3.63697e-6 0 0.9999999 0 27.7571 -2.06632e-7 0 1 -2.032909 0 0 0 1</matrix>
                  <node id="gloire_Skin_star_block02" name="star block02" sid="star_block02" type="JOINT">
                    <matrix sid="transform">1 0 7.10543e-15 7.96467e-7 0 1 0 25.5544 -7.10543e-15 0 1 -5.030649 0 0 0 1</matrix>
                    <extra>
                      <technique profile="blender">
                        <layer sid="layer" type="string">0</layer>
                        <roll sid="roll" type="float">1.19209e-7</roll>
                        <tip_x sid="tip_x" type="float">0</tip_x>
                        <tip_y sid="tip_y" type="float">0</tip_y>
                        <tip_z sid="tip_z" type="float">-26.04486</tip_z>
                      </technique>
                    </extra>
                  </node>
                  <extra>
                    <technique profile="blender">
                      <layer sid="layer" type="string">0</layer>
                      <roll sid="roll" type="float">1.19209e-7</roll>
                      <tip_x sid="tip_x" type="float">0</tip_x>
                      <tip_y sid="tip_y" type="float">0</tip_y>
                      <tip_z sid="tip_z" type="float">-26.04486</tip_z>
                    </technique>
                  </extra>
                </node>
                <node id="gloire_Skin_mainmast_flag_pivot01" name="mainmast flag pivot01" sid="mainmast_flag_pivot01" type="JOINT">
                  <matrix sid="transform">1 -8.74228e-8 8.74227e-8 -2.52362e-9 -8.74228e-8 0 0.9999999 16.2346 -8.74228e-8 -0.9999999 1.19209e-7 -0.1006508 0 0 0 1</matrix>
                  <node id="gloire_Skin_mainmast_flag01" name="mainmast flag01" sid="mainmast_flag01" type="JOINT">
                    <matrix sid="transform">1 0 3.55271e-14 9.32744e-5 0 0.9999999 0 13.68749 -2.84217e-14 0 0.9999999 -0.9888306 0 0 0 1</matrix>
                    <node id="gloire_Skin_mainmast_flag_end01" name="mainmast flag end01" sid="mainmast_flag_end01" type="JOINT">
                      <matrix sid="transform">1 0 7.10543e-15 6.47298e-7 0 0.9999999 0 16.85013 0 0 0.9999999 7.8779e-12 0 0 0 1</matrix>
                      <extra>
                        <technique profile="blender">
                          <layer sid="layer" type="string">0</layer>
                          <roll sid="roll" type="float">3.141593</roll>
                          <tip_x sid="tip_x" type="float">0</tip_x>
                          <tip_y sid="tip_y" type="float">-16.85013</tip_y>
                          <tip_z sid="tip_z" type="float">0</tip_z>
                        </technique>
                      </extra>
                    </node>
                    <extra>
                      <technique profile="blender">
                        <layer sid="layer" type="string">0</layer>
                        <roll sid="roll" type="float">3.141593</roll>
                        <tip_x sid="tip_x" type="float">0</tip_x>
                        <tip_y sid="tip_y" type="float">-16.85013</tip_y>
                        <tip_z sid="tip_z" type="float">0</tip_z>
                      </technique>
                    </extra>
                  </node>
                  <extra>
                    <technique profile="blender">
                      <layer sid="layer" type="string">0</layer>
                      <roll sid="roll" type="float">3.141593</roll>
                      <tip_x sid="tip_x" type="float">0</tip_x>
                      <tip_y sid="tip_y" type="float">-13.72316</tip_y>
                      <tip_z sid="tip_z" type="float">0</tip_z>
                    </technique>
                  </extra>
                </node>
                <node id="gloire_Skin_port_tackle03" name="port tackle03" sid="port_tackle03" type="JOINT">
                  <matrix sid="transform">1 0 8.74228e-8 40 0 1 0 91.13219 -8.74228e-8 0 1 -0.9585457 0 0 0 1</matrix>
                  <node id="gloire_Skin_port_block03" name="port block03" sid="port_block03" type="JOINT">
                    <matrix sid="transform">1 0 0 0 0 1 0 30.15226 0 0 1 -7.402887 0 0 0 1</matrix>
                    <extra>
                      <technique profile="blender">
                        <layer sid="layer" type="string">0</layer>
                        <tip_x sid="tip_x" type="float">0</tip_x>
                        <tip_y sid="tip_y" type="float">0</tip_y>
                        <tip_z sid="tip_z" type="float">-31.04772</tip_z>
                      </technique>
                    </extra>
                  </node>
                  <extra>
                    <technique profile="blender">
                      <layer sid="layer" type="string">0</layer>
                      <tip_x sid="tip_x" type="float">0</tip_x>
                      <tip_y sid="tip_y" type="float">0</tip_y>
                      <tip_z sid="tip_z" type="float">-31.04772</tip_z>
                    </technique>
                  </extra>
                </node>
                <node id="gloire_Skin_star_tackle03" name="star tackle03" sid="star_tackle03" type="JOINT">
                  <matrix sid="transform">1 0 8.74228e-8 -40 0 1 0 91.13219 -8.74228e-8 0 1 -0.9585381 0 0 0 1</matrix>
                  <node id="gloire_Skin_star_block03" name="star block03" sid="star_block03" type="JOINT">
                    <matrix sid="transform">1 0 0 0 0 1 0 30.15226 0 0 1 -7.402887 0 0 0 1</matrix>
                    <extra>
                      <technique profile="blender">
                        <layer sid="layer" type="string">0</layer>
                        <tip_x sid="tip_x" type="float">0</tip_x>
                        <tip_y sid="tip_y" type="float">0</tip_y>
                        <tip_z sid="tip_z" type="float">-31.04772</tip_z>
                      </technique>
                    </extra>
                  </node>
                  <extra>
                    <technique profile="blender">
                      <layer sid="layer" type="string">0</layer>
                      <tip_x sid="tip_x" type="float">0</tip_x>
                      <tip_y sid="tip_y" type="float">0</tip_y>
                      <tip_z sid="tip_z" type="float">-31.04772</tip_z>
                    </technique>
                  </extra>
                </node>
                <extra>
                  <technique profile="blender">
                    <layer sid="layer" type="string">0</layer>
                    <tip_x sid="tip_x" type="float">0</tip_x>
                    <tip_y sid="tip_y" type="float">0</tip_y>
                    <tip_z sid="tip_z" type="float">-16.23491</tip_z>
                  </technique>
                </extra>
              </node>
              <extra>
                <technique profile="blender">
                  <layer sid="layer" type="string">0</layer>
                  <tip_x sid="tip_x" type="float">0</tip_x>
                  <tip_y sid="tip_y" type="float">0</tip_y>
                  <tip_z sid="tip_z" type="float">163.7645</tip_z>
                </technique>
              </extra>
            </node>
            <node id="gloire_Skin_mast_pivot_2" name="mast pivot 2" sid="mast_pivot_2" type="JOINT">
              <matrix sid="transform">1 0 -1.50996e-7 2.92981e-6 0 -0.9999998 0 21.45953 -1.50996e-7 0 -1 109.4817 0 0 0 1</matrix>
              <node id="gloire_Skin_mast_main02" name="mast main02" sid="mast_main02" type="JOINT">
                <matrix sid="transform">1 0 -1.50996e-7 2.17826e-7 0 -1 0 151.3761 -1.50996e-7 0 -1 2.055901 0 0 0 1</matrix>
                <node id="gloire_Skin_mainmast_flag_pivot02" name="mainmast flag pivot02" sid="mainmast_flag_pivot02" type="JOINT">
                  <matrix sid="transform">1 -8.74228e-8 8.74228e-8 -2.52476e-9 -8.74228e-8 0 1 16.2346 -8.74228e-8 -1 -1.52855e-14 -0.1006546 0 0 0 1</matrix>
                  <node id="gloire_Skin_mainmast_flag02" name="mainmast flag02" sid="mainmast_flag02" type="JOINT">
                    <matrix sid="transform">1 0 -4.26326e-14 9.32744e-5 0 1 0 13.68749 4.26326e-14 0 1 -0.9888306 0 0 0 1</matrix>
                    <node id="gloire_Skin_mainmast_flag_end02" name="mainmast flag end02" sid="mainmast_flag_end02" type="JOINT">
                      <matrix sid="transform">1 6.74694e-15 0 6.47298e-7 -6.74694e-15 1 0 16.85014 0 0 1 7.63089e-12 0 0 0 1</matrix>
                      <extra>
                        <technique profile="blender">
                          <layer sid="layer" type="string">0</layer>
                          <roll sid="roll" type="float">3.141593</roll>
                          <tip_x sid="tip_x" type="float">0</tip_x>
                          <tip_y sid="tip_y" type="float">-16.85013</tip_y>
                          <tip_z sid="tip_z" type="float">0</tip_z>
                        </technique>
                      </extra>
                    </node>
                    <extra>
                      <technique profile="blender">
                        <layer sid="layer" type="string">0</layer>
                        <roll sid="roll" type="float">3.141593</roll>
                        <tip_x sid="tip_x" type="float">0</tip_x>
                        <tip_y sid="tip_y" type="float">-16.85013</tip_y>
                        <tip_z sid="tip_z" type="float">0</tip_z>
                      </technique>
                    </extra>
                  </node>
                  <extra>
                    <technique profile="blender">
                      <layer sid="layer" type="string">0</layer>
                      <roll sid="roll" type="float">3.141593</roll>
                      <tip_x sid="tip_x" type="float">0</tip_x>
                      <tip_y sid="tip_y" type="float">-13.72316</tip_y>
                      <tip_z sid="tip_z" type="float">0</tip_z>
                    </technique>
                  </extra>
                </node>
                <node id="gloire_Skin_port_tackle04" name="port tackle04" sid="port_tackle04" type="JOINT">
                  <matrix sid="transform">1 0 8.74228e-8 32 0 0.9999999 0 41.80367 -8.74228e-8 0 1 -3.140358 0 0 0 1</matrix>
                  <node id="gloire_Skin_port_block04" name="port block04" sid="port_block04" type="JOINT">
                    <matrix sid="transform">1 0 7.10543e-15 -1.90735e-6 0 1 0 25.55441 -7.10543e-15 0 1 -0.5291748 0 0 0 1</matrix>
                    <extra>
                      <technique profile="blender">
                        <layer sid="layer" type="string">0</layer>
                        <tip_x sid="tip_x" type="float">0</tip_x>
                        <tip_y sid="tip_y" type="float">0</tip_y>
                        <tip_z sid="tip_z" type="float">-25.55988</tip_z>
                      </technique>
                    </extra>
                  </node>
                  <extra>
                    <technique profile="blender">
                      <layer sid="layer" type="string">0</layer>
                      <tip_x sid="tip_x" type="float">0</tip_x>
                      <tip_y sid="tip_y" type="float">0</tip_y>
                      <tip_z sid="tip_z" type="float">-25.55988</tip_z>
                    </technique>
                  </extra>
                </node>
                <node id="gloire_Skin_port_tackle05" name="port tackle05" sid="port_tackle05" type="JOINT">
                  <matrix sid="transform">1 0 8.74228e-8 40 0 1 0 87.70677 -8.74228e-8 0 1 -2.49044 0 0 0 1</matrix>
                  <node id="gloire_Skin_port_block05" name="port block05" sid="port_block05" type="JOINT">
                    <matrix sid="transform">1 0 0 0 0 1 0 44.78278 0 0 1 -3.204422 0 0 0 1</matrix>
                    <extra>
                      <technique profile="blender">
                        <layer sid="layer" type="string">0</layer>
                        <tip_x sid="tip_x" type="float">0</tip_x>
                        <tip_y sid="tip_y" type="float">0</tip_y>
                        <tip_z sid="tip_z" type="float">-44.89726</tip_z>
                      </technique>
                    </extra>
                  </node>
                  <extra>
                    <technique profile="blender">
                      <layer sid="layer" type="string">0</layer>
                      <tip_x sid="tip_x" type="float">0</tip_x>
                      <tip_y sid="tip_y" type="float">0</tip_y>
                      <tip_z sid="tip_z" type="float">-44.89726</tip_z>
                    </technique>
                  </extra>
                </node>
                <node id="gloire_Skin_star_tackle04" name="star tackle04" sid="star_tackle04" type="JOINT">
                  <matrix sid="transform">1 0 8.74228e-8 -32 0 0.9999999 0 41.80367 -8.74228e-8 0 1 -3.140358 0 0 0 1</matrix>
                  <node id="gloire_Skin_star_block04" name="star block04" sid="star_block04" type="JOINT">
                    <matrix sid="transform">1 0 7.10543e-15 0 0 1 0 25.55441 -7.10543e-15 0 1 -0.5291672 0 0 0 1</matrix>
                    <extra>
                      <technique profile="blender">
                        <layer sid="layer" type="string">0</layer>
                        <tip_x sid="tip_x" type="float">0</tip_x>
                        <tip_y sid="tip_y" type="float">0</tip_y>
                        <tip_z sid="tip_z" type="float">-25.55988</tip_z>
                      </technique>
                    </extra>
                  </node>
                  <extra>
                    <technique profile="blender">
                      <layer sid="layer" type="string">0</layer>
                      <tip_x sid="tip_x" type="float">0</tip_x>
                      <tip_y sid="tip_y" type="float">0</tip_y>
                      <tip_z sid="tip_z" type="float">-25.55988</tip_z>
                    </technique>
                  </extra>
                </node>
                <node id="gloire_Skin_star_tackle05" name="star tackle05" sid="star_tackle05" type="JOINT">
                  <matrix sid="transform">1 0 8.74228e-8 -40 0 1 0 87.70677 -8.74228e-8 0 1 -2.49044 0 0 0 1</matrix>
                  <node id="gloire_Skin_star_block05" name="star block05" sid="star_block05" type="JOINT">
                    <matrix sid="transform">1 0 0 -3.8147e-6 0 1 0 44.78278 0 0 1 -3.204422 0 0 0 1</matrix>
                    <extra>
                      <technique profile="blender">
                        <layer sid="layer" type="string">0</layer>
                        <tip_x sid="tip_x" type="float">0</tip_x>
                        <tip_y sid="tip_y" type="float">0</tip_y>
                        <tip_z sid="tip_z" type="float">-44.89726</tip_z>
                      </technique>
                    </extra>
                  </node>
                  <extra>
                    <technique profile="blender">
                      <layer sid="layer" type="string">0</layer>
                      <tip_x sid="tip_x" type="float">0</tip_x>
                      <tip_y sid="tip_y" type="float">0</tip_y>
                      <tip_z sid="tip_z" type="float">-44.89726</tip_z>
                    </technique>
                  </extra>
                </node>
                <extra>
                  <technique profile="blender">
                    <layer sid="layer" type="string">0</layer>
                    <tip_x sid="tip_x" type="float">0</tip_x>
                    <tip_y sid="tip_y" type="float">0</tip_y>
                    <tip_z sid="tip_z" type="float">-16.23493</tip_z>
                  </technique>
                </extra>
              </node>
              <extra>
                <technique profile="blender">
                  <layer sid="layer" type="string">0</layer>
                  <tip_x sid="tip_x" type="float">0</tip_x>
                  <tip_y sid="tip_y" type="float">0</tip_y>
                  <tip_z sid="tip_z" type="float">151.3901</tip_z>
                </technique>
              </extra>
            </node>
            <extra>
              <technique profile="blender">
                <layer sid="layer" type="string">0</layer>
                <tip_x sid="tip_x" type="float">0</tip_x>
                <tip_y sid="tip_y" type="float">0</tip_y>
                <tip_z sid="tip_z" type="float">-48.27016</tip_z>
              </technique>
            </extra>
          </node>
          <node id="gloire_Skin_rudder_con" name="rudder con" sid="rudder_con" type="JOINT">
            <matrix sid="transform">1 0 0 1.57523e-8 0 1 0 -9.497131 0 0 1 -222.2553 0 0 0 1</matrix>
            <extra>
              <technique profile="blender">
                <layer sid="layer" type="string">0</layer>
                <tip_x sid="tip_x" type="float">0</tip_x>
                <tip_y sid="tip_y" type="float">0</tip_y>
                <tip_z sid="tip_z" type="float">46.47084</tip_z>
              </technique>
            </extra>
          </node>
          <extra>
            <technique profile="blender">
              <layer sid="layer" type="string">0</layer>
              <tip_x sid="tip_x" type="float">0</tip_x>
              <tip_y sid="tip_y" type="float">0</tip_y>
              <tip_z sid="tip_z" type="float">46.47084</tip_z>
            </technique>
          </extra>
        </node>
        <node id="gloire" name="gloire" type="NODE">
          <matrix sid="transform">1 0 0 0 0 1 0 0 0 0 1 0 0 0 0 1</matrix>
          <instance_controller url="#gloire_Skin_gloire-skin">
            <skeleton>#gloire_Skin_root</skeleton>
            <bind_material>
              <technique_common>
                <instance_material symbol="gloire_Mat_001-material" target="#gloire_Mat_001-material">
                  <bind_vertex_input semantic="UVMap" input_semantic="TEXCOORD" input_set="0"/>
                </instance_material>
              </technique_common>
            </bind_material>
          </instance_controller>
        </node>
      </node>
    </visual_scene>
  </library_visual_scenes>
  <scene>
    <instance_visual_scene url="#Scene"/>
  </scene>
</COLLADA>