<?xml version="1.0" encoding="utf-8"?>
<COLLADA xmlns="http://www.collada.org/2005/11/COLLADASchema" version="1.4.1" xmlns:xsi="http://www.w3.org/2001/XMLSchema-instance">
  <asset>
    <contributor>
      <author>Blender User</author>
      <authoring_tool>Blender 3.0.1 commit date:2022-01-25, commit time:17:19, hash:dc2d18018171</authoring_tool>
    </contributor>
    <created>2025-07-24T08:01:06</created>
    <modified>2025-07-24T08:01:06</modified>
    <unit name="meter" meter="1"/>
    <up_axis>Z_UP</up_axis>
  </asset>
  <library_effects>
    <effect id="galleon2-effect">
      <profile_COMMON>
        <newparam sid="galleon2_tga_001-surface">
          <surface type="2D">
            <init_from>galleon2_tga_001</init_from>
          </surface>
        </newparam>
        <newparam sid="galleon2_tga_001-sampler">
          <sampler2D>
            <source>galleon2_tga_001-surface</source>
          </sampler2D>
        </newparam>
        <technique sid="common">
          <lambert>
            <emission>
              <color sid="emission">0 0 0 1</color>
            </emission>
            <diffuse>
              <texture texture="galleon2_tga_001-sampler" texcoord="UVMap"/>
            </diffuse>
            <reflectivity>
              <float sid="specular">1</float>
            </reflectivity>
            <index_of_refraction>
              <float sid="ior">1.45</float>
            </index_of_refraction>
          </lambert>
        </technique>
      </profile_COMMON>
    </effect>
  </library_effects>
  <library_images>
    <image id="galleon2_tga_001" name="galleon2_tga_001">
      <init_from>galleon2.tga.001.tga</init_from>
    </image>
  </library_images>
  <library_materials>
    <material id="galleon2-material" name="galleon2">
      <instance_effect url="#galleon2-effect"/>
    </material>
  </library_materials>
  <library_geometries>
    <geometry id="kebenit_Mesh_003-mesh" name="kebenit_Mesh.003">
      <mesh>
        <source id="kebenit_Mesh_003-mesh-positions">
          <float_array id="kebenit_Mesh_003-mesh-positions-array" count="240">-26.3084 -74.43285 49.3081 1.613994 -62.7043 44.86336 30.09049 -49.84079 38.96892 2.807147 -62.18404 44.56158 30.50636 -65.49414 39.95623 30.50636 -65.49414 39.95623 2.862538 -62.62206 44.5904 2.862538 -62.62206 44.5904 19.99217 -79.8651 42.54102 19.99217 -79.8651 42.54102 2.668904 -62.99213 44.66584 2.668904 -62.99213 44.66584 2.563942 -87.46447 45.736 2.563942 -87.46447 45.736 2.300196 -63.1529 44.75909 2.300196 -63.1529 44.75909 -15.1213 -85.38954 48.32079 -15.1213 -85.38954 48.32079 1.89726 -63.04296 44.83453 1.89726 -63.04296 44.83453 30.29723 -49.91453 43.62355 2.782911 -62.15402 40.55927 -26.05179 -74.62047 33.2844 1.591214 -62.67761 40.2575 -26.51605 -58.97531 34.2717 -26.51605 -58.97531 34.2717 1.534757 -62.23968 40.28631 1.534757 -62.23968 40.28631 -16.04126 -44.58767 36.85648 -16.04126 -44.58767 36.85648 1.727464 -61.86903 40.36175 1.727464 -61.86903 40.36175 1.371541 -36.95311 40.05146 1.371541 -36.95311 40.05146 2.095717 -61.70724 40.45501 2.095717 -61.70724 40.45501 19.07127 -38.98779 42.63625 19.07127 -38.98779 42.63625 2.498862 -61.81609 40.53045 2.498862 -61.81609 40.53045 -26.55122 -74.53873 49.66128 1.371177 -62.81018 45.21654 29.84767 -49.94667 39.32212 2.56433 -62.28992 44.91478 30.26355 -65.60002 40.30942 30.26355 -65.60002 40.30942 2.619727 -62.72793 44.94359 2.619727 -62.72793 44.94359 19.74934 -79.97098 42.89421 19.74934 -79.97098 42.89421 2.426087 -63.09801 45.01903 2.426087 -63.09801 45.01903 2.321125 -87.57035 46.08919 2.321125 -87.57035 46.08919 2.057385 -63.25877 45.11229 2.057385 -63.25877 45.11229 -15.36411 -85.49541 48.67399 -15.36411 -85.49541 48.67399 1.654443 -63.14883 45.18773 1.654443 -63.14883 45.18773 30.05442 -50.02041 43.97674 2.540101 -62.2599 40.91246 -26.2946 -74.72634 33.63758 1.348397 -62.78349 40.61069 -26.75885 -59.08119 34.62488 -26.75885 -59.08119 34.62488 1.291946 -62.34556 40.6395 1.291946 -62.34556 40.6395 -16.28408 -44.69354 37.20967 -16.28408 -44.69354 37.20967 1.484647 -61.97491 40.71495 1.484647 -61.97491 40.71495 1.128736 -37.05899 40.40464 1.128736 -37.05899 40.40464 1.852906 -61.81311 40.8082 1.852906 -61.81311 40.8082 18.82845 -39.09367 42.98944 18.82845 -39.09367 42.98944 2.256045 -61.92197 40.88364 2.256045 -61.92197 40.88364</float_array>
          <technique_common>
            <accessor source="#kebenit_Mesh_003-mesh-positions-array" count="80" stride="3">
              <param name="X" type="float"/>
              <param name="Y" type="float"/>
              <param name="Z" type="float"/>
            </accessor>
          </technique_common>
        </source>
        <source id="kebenit_Mesh_003-mesh-normals">
          <float_array id="kebenit_Mesh_003-mesh-normals-array" count="240">0.1715837 0.06677699 0.9829038 0.1714413 0.06708359 0.9829078 0.1714372 0.06709152 0.982908 0.171545 0.06686002 0.982905 0.1712146 0.05309975 0.9838019 0.1712199 0.05316185 0.9837976 0.1712214 0.05315947 0.9837974 0.1712228 0.05320584 0.9837946 0.1635947 0.04237264 0.9856173 0.1636055 0.04238492 0.9856149 0.1636263 0.04240334 0.9856107 0.1636427 0.04242473 0.985607 0.1503487 0.04056662 0.9878004 0.1501851 0.04056292 0.9878255 0.1502012 0.04056441 0.987823 0.1501985 0.0405634 0.9878234 0.1367582 0.04989689 0.989347 0.136758 0.04989653 0.9893471 0.1367582 0.04989689 0.989347 0.1364288 0.05014479 0.98938 -0.2163681 -0.06867706 0.9738935 -0.2164335 -0.06852871 0.9738894 -0.2164274 -0.06854164 0.9738898 -0.2164068 -0.06858927 0.973891 -0.2128944 -0.02210515 0.9768251 -0.212903 -0.02219146 0.9768213 -0.2128993 -0.02216577 0.9768227 -0.2128971 -0.02213317 0.9768239 -0.1859859 0.009483635 0.9825068 -0.1858852 0.009592413 0.9825246 -0.1858897 0.009585618 0.9825239 -0.1858897 0.009589135 0.9825239 -0.1440812 0.01252985 0.9894866 -0.1439394 0.01253628 0.9895072 -0.143911 0.01253873 0.9895112 -0.1439286 0.01253718 0.9895088 -0.1036953 -0.01625233 0.9944764 -0.1036949 -0.01625168 0.9944764 -0.1036945 -0.01625108 0.9944765 -0.103451 -0.01642477 0.994499 -0.1714421 -0.06708067 -0.9829079 -0.1714845 -0.06698983 -0.9829066 -0.1714429 -0.06707721 -0.982908 -0.1714384 -0.06708598 -0.9829082 -0.1712074 -0.05300414 -0.9838082 -0.1712195 -0.05315834 -0.9837978 -0.1712192 -0.05317932 -0.9837968 -0.171218 -0.05315154 -0.9837985 -0.1635949 -0.04237264 -0.9856172 -0.1635786 -0.04235482 -0.9856207 -0.1636268 -0.04240792 -0.9856104 -0.1636057 -0.04238456 -0.9856149 -0.1500167 -0.04055947 -0.9878513 -0.1501982 -0.04056334 -0.9878235 -0.1501632 -0.0405628 -0.9878289 -0.1501565 -0.04056048 -0.9878299 -0.1365604 -0.05004572 -0.9893669 -0.1364281 -0.05014532 -0.98938 -0.1367612 -0.04989391 -0.9893468 -0.1367877 -0.04987317 -0.9893442 0.2166006 0.06815063 -0.9738788 0.2164456 0.06850153 -0.9738885 0.2164255 0.06854575 -0.9738898 0.2164211 0.06855452 -0.9738903 0.2128859 0.02200901 -0.9768292 0.2129019 0.02218073 -0.9768218 0.212904 0.02219438 -0.976821 0.212904 0.02217 -0.9768216 0.1857607 -0.009730458 -0.9825469 0.1858573 -0.00962454 -0.9825296 0.1858847 -0.0095914 -0.9825248 0.1859088 -0.009570717 -0.9825204 0.1439865 -0.01253485 -0.9895004 0.1437391 -0.01254671 -0.9895361 0.1439239 -0.01253634 -0.9895094 0.1439484 -0.01253783 -0.9895058 0.1038209 0.01616179 -0.9944648 0.1034514 0.01642453 -0.9944989 0.1036936 0.01625204 -0.9944766 0.1036904 0.01625442 -0.9944769</float_array>
          <technique_common>
            <accessor source="#kebenit_Mesh_003-mesh-normals-array" count="80" stride="3">
              <param name="X" type="float"/>
              <param name="Y" type="float"/>
              <param name="Z" type="float"/>
            </accessor>
          </technique_common>
        </source>
        <source id="kebenit_Mesh_003-mesh-map-0">
          <float_array id="kebenit_Mesh_003-mesh-map-0-array" count="240">0.3930388 0.993893 0.2604876 0.6762707 0.2610677 0.6762283 0.3930388 0.993893 0.2610677 0.6762283 0.3983547 0.6718487 0.3983547 0.6718487 0.2610677 0.6762283 0.2614256 0.6760888 0.3983547 0.6718487 0.2614256 0.6760888 0.3935233 0.9941505 0.3935233 0.9941505 0.2614256 0.6760888 0.2614246 0.6759055 0.3935233 0.9941505 0.2614246 0.6759055 0.3981582 0.6726201 0.3981582 0.6726201 0.2614246 0.6759055 0.2610651 0.6757484 0.3981582 0.6726201 0.2610651 0.6757484 0.3933291 0.9942027 0.3933291 0.9942027 0.2610651 0.6757484 0.2604843 0.6756776 0.3933291 0.9942027 0.2604843 0.6756776 0.3994612 0.6723172 0.4003159 0.6726458 0.2602043 0.6756661 0.2607855 0.6757365 0.4003159 0.6726458 0.2607855 0.6757365 0.393591 0.9942724 0.393591 0.9942724 0.2607855 0.6757365 0.2611463 0.6758933 0.393591 0.9942724 0.2611463 0.6758933 0.3991348 0.6728016 0.3991348 0.6728016 0.2611463 0.6758933 0.2611489 0.6760767 0.3991348 0.6728016 0.2611489 0.6760767 0.3938426 0.9942045 0.3938426 0.9942045 0.2611489 0.6760767 0.2607921 0.6762164 0.3938426 0.9942045 0.2607921 0.6762164 0.3995254 0.672091 0.3995254 0.672091 0.2607921 0.6762164 0.2602125 0.6762593 0.3995254 0.672091 0.2602125 0.6762593 0.3933932 0.9939918 0.3930407 0.9937416 0.3983608 0.6713344 0.261067 0.6761077 0.3930407 0.9937416 0.261067 0.6761077 0.2604869 0.67615 0.3983608 0.6713344 0.3935251 0.993999 0.261425 0.6759681 0.3983608 0.6713344 0.261425 0.6759681 0.261067 0.6761077 0.3935251 0.993999 0.3981644 0.6721059 0.261424 0.6757848 0.3935251 0.993999 0.261424 0.6757848 0.261425 0.6759681 0.3981644 0.6721059 0.3933309 0.9940512 0.2610644 0.6756278 0.3981644 0.6721059 0.2610644 0.6756278 0.261424 0.6757848 0.3933309 0.9940512 0.3994674 0.6718029 0.2604836 0.6755568 0.3933309 0.9940512 0.2604836 0.6755568 0.2610644 0.6756278 0.4003221 0.6721315 0.3935928 0.994121 0.2607849 0.6756158 0.4003221 0.6721315 0.2607849 0.6756158 0.2602036 0.6755453 0.3935928 0.994121 0.399141 0.6722874 0.2611457 0.6757727 0.3935928 0.994121 0.2611457 0.6757727 0.2607849 0.6756158 0.399141 0.6722874 0.3938444 0.9940531 0.2611482 0.675956 0.399141 0.6722874 0.2611482 0.675956 0.2611457 0.6757727 0.3938444 0.9940531 0.3995315 0.6715767 0.2607915 0.6760957 0.3938444 0.9940531 0.2607915 0.6760957 0.2611482 0.675956 0.3995315 0.6715767 0.393395 0.9938404 0.2602118 0.6761386 0.3995315 0.6715767 0.2602118 0.6761386 0.2607915 0.6760957</float_array>
          <technique_common>
            <accessor source="#kebenit_Mesh_003-mesh-map-0-array" count="120" stride="2">
              <param name="S" type="float"/>
              <param name="T" type="float"/>
            </accessor>
          </technique_common>
        </source>
        <vertices id="kebenit_Mesh_003-mesh-vertices">
          <input semantic="POSITION" source="#kebenit_Mesh_003-mesh-positions"/>
        </vertices>
        <triangles material="galleon2-material" count="40">
          <input semantic="VERTEX" source="#kebenit_Mesh_003-mesh-vertices" offset="0"/>
          <input semantic="NORMAL" source="#kebenit_Mesh_003-mesh-normals" offset="1"/>
          <input semantic="TEXCOORD" source="#kebenit_Mesh_003-mesh-map-0" offset="2" set="0"/>
          <p>2 0 0 3 1 1 7 2 2 2 0 3 7 2 4 5 3 5 4 4 6 6 5 7 11 6 8 4 4 9 11 6 10 9 7 11 8 8 12 10 9 13 15 10 14 8 8 15 15 10 16 13 11 17 12 12 18 14 13 19 19 14 20 12 12 21 19 14 22 17 15 23 16 16 24 18 17 25 1 18 26 16 19 27 1 19 28 0 19 29 22 20 30 23 21 31 26 22 32 22 20 33 26 22 34 24 23 35 25 24 36 27 25 37 30 26 38 25 24 39 30 26 40 28 27 41 29 28 42 31 29 43 34 30 44 29 28 45 34 30 46 32 31 47 33 32 48 35 33 49 38 34 50 33 32 51 38 34 52 36 35 53 37 36 54 39 37 55 21 38 56 37 39 57 21 39 58 20 39 59 42 40 60 44 41 61 46 42 62 42 40 63 46 42 64 43 43 65 45 44 66 48 45 67 50 46 68 45 44 69 50 46 70 47 47 71 49 48 72 52 49 73 54 50 74 49 48 75 54 50 76 51 51 77 53 52 78 56 53 79 58 54 80 53 52 81 58 54 82 55 55 83 57 56 84 40 57 85 41 58 86 57 56 87 41 58 88 59 59 89 62 60 90 65 61 91 67 62 92 62 60 93 67 62 94 63 63 95 64 64 96 69 65 97 71 66 98 64 64 99 71 66 100 66 67 101 68 68 102 73 69 103 75 70 104 68 68 105 75 70 106 70 71 107 72 72 108 77 73 109 79 74 110 72 72 111 79 74 112 74 75 113 76 76 114 60 77 115 61 78 116 76 76 117 61 78 118 78 79 119</p>
        </triangles>
      </mesh>
    </geometry>
    <geometry id="kebenit_Mesh_001-mesh" name="kebenit_Mesh.001">
      <mesh>
        <source id="kebenit_Mesh_001-mesh-positions">
          <float_array id="kebenit_Mesh_001-mesh-positions-array" count="240">7.69969 -4.675775 87.21175 1.657734 43.73636 75.04994 -5.108639 94.08975 58.92144 1.386765 46.74895 74.22423 35.28468 89.73824 61.62293 35.28468 89.73824 61.62293 2.555908 46.67504 74.30308 2.555908 46.67504 74.30308 62.69527 68.18633 68.69551 62.69527 68.18633 68.69551 3.330223 46.054 74.50951 3.330223 46.054 74.50951 65.81044 34.49083 77.43769 65.81044 34.49083 77.43769 3.413959 45.12306 74.76466 3.413959 45.12306 74.76466 45.64683 9.835247 84.51026 45.64683 9.835247 84.51026 2.775124 44.2378 74.97109 2.775124 44.2378 74.97109 -4.736519 94.39922 71.65755 1.288486 46.70652 63.27299 8.407237 -4.322483 43.36726 1.569248 43.69578 62.44727 -32.00806 -0.05154722 46.06874 -32.00806 -0.05154722 46.06874 0.3993836 43.76718 62.52612 0.3993836 43.76718 62.52612 -59.49631 21.4422 53.14131 -59.49631 21.4422 53.14131 -0.3772469 44.3863 62.73255 -0.3772469 44.3863 62.73255 -63.55796 51.94888 61.8835 -63.55796 51.94888 61.8835 -0.4640046 45.31669 62.98771 -0.4640046 45.31669 62.98771 -42.64159 79.81598 68.95607 -42.64159 79.81598 68.95607 0.172245 46.20292 63.19413 0.172245 46.20292 63.19413 7.754833 -5.100992 88.17816 1.712879 43.12327 76.01635 -5.053493 93.66454 59.88785 1.44191 46.13586 75.19065 35.33982 89.31302 62.58934 35.33982 89.31302 62.58934 2.61105 46.06196 75.2695 2.61105 46.06196 75.2695 62.75041 67.76111 69.66191 62.75041 67.76111 69.66191 3.385368 45.44092 75.47592 3.385368 45.44092 75.47592 65.86559 33.87775 78.4041 65.86559 33.87775 78.4041 3.469101 44.50998 75.73107 3.469101 44.50998 75.73107 45.70196 9.410037 85.47667 45.70196 9.410037 85.47667 2.830269 43.62472 75.93751 2.830269 43.62472 75.93751 -4.681374 93.974 72.62397 1.343632 46.09345 64.23941 8.46238 -4.747696 44.33367 1.62439 43.0827 63.41369 -31.95292 -0.47676 47.03516 -31.95292 -0.47676 47.03516 0.4545288 43.15409 63.49253 0.4545288 43.15409 63.49253 -59.44116 21.01698 54.10773 -59.44116 21.01698 54.10773 -0.3221016 43.77323 63.69896 -0.3221016 43.77323 63.69896 -63.50281 51.52367 62.84991 -63.50281 51.52367 62.84991 -0.4088631 44.7036 63.95412 -0.4088631 44.7036 63.95412 -42.58644 79.39076 69.92249 -42.58644 79.39076 69.92249 0.2273902 45.58984 64.16055 0.2273902 45.58984 64.16055</float_array>
          <technique_common>
            <accessor source="#kebenit_Mesh_001-mesh-positions-array" count="80" stride="3">
              <param name="X" type="float"/>
              <param name="Y" type="float"/>
              <param name="Z" type="float"/>
            </accessor>
          </technique_common>
        </source>
        <source id="kebenit_Mesh_001-mesh-normals">
          <float_array id="kebenit_Mesh_001-mesh-normals-array" count="282">-0.03134709 0.3038355 0.9522088 -0.03134703 0.3038352 0.9522088 -0.03134727 0.3038359 0.9522085 -0.03127574 0.3038466 0.9522075 -0.03127574 0.3038466 0.9522076 -0.03127574 0.3038466 0.9522075 -0.01589483 0.2935823 0.9558017 -0.01589471 0.2935825 0.9558017 -0.01589483 0.2935823 0.9558017 -0.0158267 0.2935368 0.9558168 0.001208722 0.2515781 0.9678363 0.001209974 0.2515786 0.9678362 0.001209139 0.2515783 0.9678362 0.001347005 0.2512487 0.9679217 0.00420767 0.2708163 0.9626219 0.004227995 0.2709217 0.9625921 0.004223048 0.2709075 0.9625962 0.004221498 0.2709 0.9625983 -0.02323031 0.2406361 0.9703375 -0.02335971 0.2404775 0.9703736 -0.02336472 0.2404727 0.9703747 -0.02324479 0.2406184 0.9703415 0.02370828 -0.3665944 0.9300788 0.02393448 -0.3665596 0.9300866 0.02391684 -0.3665624 0.9300861 0.02375543 -0.3665872 0.9300804 -0.02164226 -0.3374917 0.9410797 -0.0216422 -0.3374916 0.9410797 -0.02164226 -0.3374917 0.9410797 -0.02171748 -0.337444 0.9410952 -0.04645752 -0.2805264 0.9587214 -0.04645842 -0.2805268 0.9587212 -0.04645746 -0.2805264 0.9587213 -0.04643505 -0.2805774 0.9587076 -0.04643511 -0.2805774 0.9587075 -0.04643511 -0.2805774 0.9587075 -0.03963869 -0.2171942 0.9753233 -0.03963935 -0.2171941 0.9753233 -0.03963887 -0.2171942 0.9753233 -0.03964501 -0.2172511 0.9753104 -0.03964507 -0.2172511 0.9753104 -0.03964501 -0.2172511 0.9753104 -0.003174901 -0.173262 0.9848707 -0.003175318 -0.1732617 0.9848708 -0.003175377 -0.1732616 0.9848707 -0.003207683 -0.1733031 0.9848634 -0.003207743 -0.1733031 0.9848634 -0.003207683 -0.1733031 0.9848634 0.03108704 -0.3027887 -0.9525507 0.0314784 -0.3027274 -0.9525573 0.03147858 -0.3027288 -0.9525567 0.0314784 -0.3027274 -0.9525573 0.01645839 -0.2928032 -0.9560312 0.01649677 -0.2928283 -0.9560227 0.01649659 -0.2928285 -0.9560227 0.01649659 -0.2928285 -0.9560227 -9.8027e-4 -0.2502233 -0.9681876 -9.80266e-4 -0.2502233 -0.9681876 -9.80275e-4 -0.2502233 -0.9681876 -9.53951e-4 -0.2502837 -0.9681721 -9.53811e-4 -0.2502837 -0.9681721 -9.55544e-4 -0.2502843 -0.9681719 -0.004495143 -0.2725507 -0.9621309 -0.004490971 -0.2725251 -0.9621382 -0.004494607 -0.2725464 -0.9621322 -0.004497766 -0.272562 -0.9621278 0.02356809 -0.2414751 -0.9701209 0.02367043 -0.2413496 -0.9701496 0.02368617 -0.2413297 -0.9701541 0.02369141 -0.2413243 -0.9701553 -0.02354317 0.3678612 -0.9295827 -0.02373045 0.3678325 -0.9295892 -0.02373868 0.3678319 -0.9295893 -0.02372968 0.3678326 -0.9295892 0.02242845 0.3382526 -0.9407881 0.02237218 0.3382884 -0.9407765 0.0223723 0.3382884 -0.9407765 0.0223723 0.3382884 -0.9407765 0.04727953 0.2806698 -0.9586393 0.04727953 0.2806698 -0.9586392 0.04727953 0.2806698 -0.9586392 0.04730457 0.2806125 -0.9586548 0.04730504 0.2806127 -0.9586547 0.04730474 0.2806125 -0.9586548 0.04026597 0.217035 -0.9753331 0.04024666 0.2168172 -0.9753823 0.04024237 0.216773 -0.9753924 0.04024189 0.2167592 -0.9753953 0.003457248 0.1726733 -0.9849731 0.003457248 0.1726734 -0.9849731 0.003457248 0.1726733 -0.9849731 0.00343275 0.1726432 -0.9849785 0.003433167 0.172643 -0.9849786 0.003433644 0.1726425 -0.9849786</float_array>
          <technique_common>
            <accessor source="#kebenit_Mesh_001-mesh-normals-array" count="94" stride="3">
              <param name="X" type="float"/>
              <param name="Y" type="float"/>
              <param name="Z" type="float"/>
            </accessor>
          </technique_common>
        </source>
        <source id="kebenit_Mesh_001-mesh-map-0">
          <float_array id="kebenit_Mesh_001-mesh-map-0-array" count="240">0.3930388 0.993893 0.2604876 0.6762707 0.2610677 0.6762283 0.3930388 0.993893 0.2610677 0.6762283 0.3983547 0.6718487 0.3983547 0.6718487 0.2610677 0.6762283 0.2614256 0.6760888 0.3983547 0.6718487 0.2614256 0.6760888 0.3935233 0.9941505 0.3935233 0.9941505 0.2614256 0.6760888 0.2614246 0.6759055 0.3935233 0.9941505 0.2614246 0.6759055 0.3981582 0.6726201 0.3981582 0.6726201 0.2614246 0.6759055 0.2610651 0.6757484 0.3981582 0.6726201 0.2610651 0.6757484 0.3933291 0.9942027 0.3933291 0.9942027 0.2610651 0.6757484 0.2604843 0.6756776 0.3933291 0.9942027 0.2604843 0.6756776 0.3994612 0.6723172 0.4003159 0.6726458 0.2602043 0.6756661 0.2607855 0.6757365 0.4003159 0.6726458 0.2607855 0.6757365 0.393591 0.9942724 0.393591 0.9942724 0.2607855 0.6757365 0.2611463 0.6758933 0.393591 0.9942724 0.2611463 0.6758933 0.3991348 0.6728016 0.3991348 0.6728016 0.2611463 0.6758933 0.2611489 0.6760767 0.3991348 0.6728016 0.2611489 0.6760767 0.3938426 0.9942045 0.3938426 0.9942045 0.2611489 0.6760767 0.2607921 0.6762164 0.3938426 0.9942045 0.2607921 0.6762164 0.3995254 0.672091 0.3995254 0.672091 0.2607921 0.6762164 0.2602125 0.6762593 0.3995254 0.672091 0.2602125 0.6762593 0.3933932 0.9939918 0.3930407 0.9937416 0.3983608 0.6713344 0.261067 0.6761077 0.3930407 0.9937416 0.261067 0.6761077 0.2604869 0.67615 0.3983608 0.6713344 0.3935251 0.993999 0.261425 0.6759681 0.3983608 0.6713344 0.261425 0.6759681 0.261067 0.6761077 0.3935251 0.993999 0.3981644 0.6721059 0.261424 0.6757848 0.3935251 0.993999 0.261424 0.6757848 0.261425 0.6759681 0.3981644 0.6721059 0.3933309 0.9940512 0.2610644 0.6756278 0.3981644 0.6721059 0.2610644 0.6756278 0.261424 0.6757848 0.3933309 0.9940512 0.3994674 0.6718029 0.2604836 0.6755568 0.3933309 0.9940512 0.2604836 0.6755568 0.2610644 0.6756278 0.4003221 0.6721315 0.3935928 0.994121 0.2607849 0.6756158 0.4003221 0.6721315 0.2607849 0.6756158 0.2602036 0.6755453 0.3935928 0.994121 0.399141 0.6722874 0.2611457 0.6757727 0.3935928 0.994121 0.2611457 0.6757727 0.2607849 0.6756158 0.399141 0.6722874 0.3938444 0.9940531 0.2611482 0.675956 0.399141 0.6722874 0.2611482 0.675956 0.2611457 0.6757727 0.3938444 0.9940531 0.3995315 0.6715767 0.2607915 0.6760957 0.3938444 0.9940531 0.2607915 0.6760957 0.2611482 0.675956 0.3995315 0.6715767 0.393395 0.9938404 0.2602118 0.6761386 0.3995315 0.6715767 0.2602118 0.6761386 0.2607915 0.6760957</float_array>
          <technique_common>
            <accessor source="#kebenit_Mesh_001-mesh-map-0-array" count="120" stride="2">
              <param name="S" type="float"/>
              <param name="T" type="float"/>
            </accessor>
          </technique_common>
        </source>
        <vertices id="kebenit_Mesh_001-mesh-vertices">
          <input semantic="POSITION" source="#kebenit_Mesh_001-mesh-positions"/>
        </vertices>
        <triangles material="galleon2-material" count="40">
          <input semantic="VERTEX" source="#kebenit_Mesh_001-mesh-vertices" offset="0"/>
          <input semantic="NORMAL" source="#kebenit_Mesh_001-mesh-normals" offset="1"/>
          <input semantic="TEXCOORD" source="#kebenit_Mesh_001-mesh-map-0" offset="2" set="0"/>
          <p>2 0 0 3 1 1 6 2 2 2 3 3 6 4 4 4 5 5 5 6 6 7 7 7 10 8 8 5 9 9 10 9 10 8 9 11 9 10 12 11 11 13 14 12 14 9 13 15 14 13 16 12 13 17 13 14 18 15 15 19 19 16 20 13 14 21 19 16 22 17 17 23 16 18 24 18 19 25 1 20 26 16 18 27 1 20 28 0 21 29 22 22 30 23 23 31 27 24 32 22 22 33 27 24 34 25 25 35 24 26 36 26 27 37 31 28 38 24 29 39 31 29 40 29 29 41 28 30 42 30 31 43 34 32 44 28 33 45 34 34 46 32 35 47 33 36 48 35 37 49 38 38 50 33 39 51 38 40 52 36 41 53 37 42 54 39 43 55 21 44 56 37 45 57 21 46 58 20 47 59 42 48 60 45 48 61 47 48 62 42 49 63 47 50 64 43 51 65 44 52 66 49 52 67 51 52 68 44 53 69 51 54 70 46 55 71 48 56 72 53 57 73 55 58 74 48 59 75 55 60 76 50 61 77 52 62 78 56 63 79 58 64 80 52 62 81 58 64 82 54 65 83 57 66 84 40 67 85 41 68 86 57 66 87 41 68 88 59 69 89 62 70 90 64 71 91 66 72 92 62 70 93 66 72 94 63 73 95 65 74 96 68 74 97 70 74 98 65 75 99 70 76 100 67 77 101 69 78 102 73 79 103 75 80 104 69 81 105 75 82 106 71 83 107 72 84 108 77 85 109 79 86 110 72 84 111 79 86 112 74 87 113 76 88 114 60 89 115 61 90 116 76 91 117 61 92 118 78 93 119</p>
        </triangles>
      </mesh>
    </geometry>
    <geometry id="kebenit_Mesh_002-mesh" name="kebenit_Mesh.002">
      <mesh>
        <source id="kebenit_Mesh_002-mesh-positions">
          <float_array id="kebenit_Mesh_002-mesh-positions-array" count="6879">-56.60943 -36.4046 -3.246242 -56.60943 -36.4046 -3.246242 -56.60943 -36.4046 -3.246242 -56.60943 -36.4046 -3.246242 -56.60943 -36.4046 -3.246242 -56.61114 -36.44438 -2.020434 -56.61114 -36.44438 -2.020434 -56.61114 -36.44438 -2.020434 -56.61114 -36.44438 -2.020434 -56.61114 -36.44438 -2.020434 -56.68352 -37.69252 -1.91299 -56.68352 -37.69252 -1.91299 -56.68352 -37.69252 -1.91299 -56.68365 -37.68257 -3.362132 -56.68365 -37.68257 -3.362132 -56.68365 -37.68257 -3.362132 -56.68365 -37.68257 -3.362132 -56.68365 -37.68257 -3.362132 3.018919 -36.58107 -6.582821 3.018919 -36.58107 -6.582821 3.018919 -36.58107 -6.582821 3.018919 -36.58107 -6.582821 3.018919 -36.58107 -6.582821 3.016837 -36.6293 -5.096744 3.016837 -36.6293 -5.096744 3.016837 -36.6293 -5.096744 3.016837 -36.6293 -5.096744 3.016837 -36.6293 -5.096744 3.016837 -36.6293 -5.096744 3.016837 -36.6293 -5.096744 2.929106 -38.14246 -4.966502 2.929106 -38.14246 -4.966502 2.929106 -38.14246 -4.966502 2.929106 -38.14246 -4.966502 2.929106 -38.14246 -4.966502 2.929106 -38.14246 -4.966502 2.929106 -38.14246 -4.966502 2.928938 -38.13038 -6.723316 2.928938 -38.13038 -6.723316 2.928938 -38.13038 -6.723316 2.928938 -38.13038 -6.723316 2.928938 -38.13038 -6.723316 62.57658 -36.09028 -2.025569 62.57658 -36.09028 -2.025569 62.57658 -36.09028 -2.025569 62.57658 -36.09028 -2.025569 62.57477 -36.13216 -0.7349424 62.57477 -36.13216 -0.7349424 62.57477 -36.13216 -0.7349424 62.57477 -36.13216 -0.7349424 62.49844 -37.43582 -2.147586 62.49844 -37.43582 -2.147586 62.49844 -37.43582 -2.147586 62.49844 -37.43582 -2.147586 62.49844 -37.43582 -2.147586 62.49844 -37.43582 -2.147586 62.49858 -37.44631 -0.6218289 62.49858 -37.44631 -0.6218289 62.49858 -37.44631 -0.6218289 62.49858 -37.44631 -0.6218289 11.18206 -40.44074 5.009644 11.18206 -40.44074 5.009644 11.18206 -40.44074 5.009644 11.18206 -40.44074 5.009644 11.18206 -40.44074 5.009644 11.18206 -40.44074 5.009644 0.03854751 58.38749 -13.02315 0.03854751 58.38749 -13.02315 0.03854751 58.38749 -13.02315 0.03854751 58.38749 -13.02315 0.03854751 58.38749 -13.02315 0.03854751 58.38749 -13.02315 0.2373504 -49.25031 -13.02394 0.2373504 -49.25031 -13.02394 0.2373504 -49.25031 -13.02394 0.2373504 -49.25031 -13.02394 0.2373504 -49.25031 -13.02394 0.2373504 -49.25031 -13.02394 -4.801792 -51.61084 -13.03092 -4.801792 -51.61084 -13.03092 -4.801792 -51.61084 -13.03092 -4.801792 -51.61084 -13.03092 -4.801792 -51.61084 -13.03092 -4.801792 -51.61084 -13.03092 3.294907 -49.42695 -13.02394 3.294907 -49.42695 -13.02394 3.294907 -49.42695 -13.02394 3.294907 -49.42695 -13.02394 3.294907 -49.42695 -13.02394 3.294907 -49.42695 -13.02394 3.494144 58.38749 -13.02315 3.494144 58.38749 -13.02315 3.494144 58.38749 -13.02315 3.494144 58.38749 -13.02315 8.488572 55.1439 -9.659286 8.488572 55.1439 -9.659286 8.488572 55.1439 -9.659286 8.488572 55.1439 -9.659286 8.488572 55.1439 -9.659286 8.488572 55.1439 -9.659286 8.488572 55.1439 -9.659286 8.488572 55.1439 -9.659286 8.488572 55.1439 -9.659286 9.000918 67.03746 12.6373 9.000918 67.03746 12.6373 9.000918 67.03746 12.6373 9.000918 67.03746 12.6373 9.000918 67.03746 12.6373 9.000918 67.03746 12.6373 9.000918 67.03746 12.6373 9.000918 67.03746 12.6373 9.000918 67.03746 12.6373 -3.498817 74.33062 13.10581 -3.498817 74.33062 13.10581 -3.498817 74.33062 13.10581 -3.498817 74.33062 13.10581 -3.498817 74.33062 13.10581 -3.498817 74.33062 13.10581 -3.498817 74.33062 13.10581 -5.797306 66.81968 13.10105 -5.797306 66.81968 13.10105 -5.797306 66.81968 13.10105 -5.797306 66.81968 13.10105 -5.797306 66.81968 13.10105 -5.797306 66.81968 13.10105 -5.797306 66.81968 13.10105 -11.78362 40.05759 -1.027057 -11.78362 40.05759 -1.027057 -11.78362 40.05759 -1.027057 -11.78362 40.05759 -1.027057 -11.78362 40.05759 -1.027057 -11.78362 40.05759 -1.027057 -11.37912 -45.94212 5.069238 -11.37912 -45.94212 5.069238 -11.37912 -45.94212 5.069238 -11.37912 -45.94212 5.069238 -11.57616 37.09275 5.069784 -11.57616 37.09275 5.069784 -11.57616 37.09275 5.069784 -11.57616 37.09275 5.069784 -11.57616 37.09275 5.069784 -2.863819 -73.05595 -3.176144 -2.863819 -73.05595 -3.176144 -2.863819 -73.05595 -3.176144 -2.863819 -73.05595 -3.176144 -2.863819 -73.05595 -3.176144 -2.863819 -73.05595 -3.176144 -2.863819 -73.05595 -3.176144 15.10941 37.42052 5.069783 15.10941 37.42052 5.069783 15.10941 37.42052 5.069783 15.10941 37.42052 5.069783 15.10941 37.42052 5.069783 14.90867 -46.01677 5.069245 14.90867 -46.01677 5.069245 14.90867 -46.01677 5.069245 14.90867 -46.01677 5.069245 15.10813 -46.32659 -1.216896 15.10813 -46.32659 -1.216896 15.10813 -46.32659 -1.216896 15.10813 -46.32659 -1.216896 15.10813 -46.32659 -1.216896 15.10813 -46.32659 -1.216896 15.10813 -46.32659 -1.216896 1.98053 -82.39862 14.77864 1.98053 -82.39862 14.77864 1.98053 -82.39862 14.77864 1.98053 -82.39862 14.77864 1.98053 -82.39862 14.77864 1.98053 -82.39862 14.77864 1.98053 -82.39862 14.77864 1.98053 -82.39862 14.77864 1.98053 -82.39862 14.77864 -5.436733 66.76277 0.6521537 -5.436733 66.76277 0.6521537 -5.436733 66.76277 0.6521537 -5.436733 66.76277 0.6521537 -5.436733 66.76277 0.6521537 -5.436733 66.76277 0.6521537 -5.436733 66.76277 0.6521537 -3.332035 74.33058 5.597649 -3.332035 74.33058 5.597649 -3.332035 74.33058 5.597649 -3.332035 74.33058 5.597649 -3.332035 74.33058 5.597649 6.062111 74.33058 -1.098519 6.062111 74.33058 -1.098519 6.062111 74.33058 -1.098519 6.062111 74.33058 -1.098519 6.062111 74.33058 -1.098519 6.062111 74.33058 -1.098519 1.766327 63.84533 -11.16199 1.766327 63.84533 -11.16199 1.766327 63.84533 -11.16199 1.766327 63.84533 -11.16199 1.766327 63.84533 -11.16199 1.766327 63.84533 -11.16199 1.766327 63.84533 -11.16199 -11.57864 -46.22631 -1.027732 -11.57864 -46.22631 -1.027732 -11.57864 -46.22631 -1.027732 -11.57864 -46.22631 -1.027732 -11.57864 -46.22631 -1.027732 -11.57864 -46.22631 -1.027732 -11.57864 -46.22631 -1.027732 13.3292 37.4382 13.09153 13.3292 37.4382 13.09153 13.3292 37.4382 13.09153 13.3292 37.4382 13.09153 13.3292 37.4382 13.09153 13.3292 37.4382 13.09153 13.3292 37.4382 13.09153 13.3292 37.4382 13.09153 1.978462 -79.93398 5.479834 1.978462 -79.93398 5.479834 1.978462 -79.93398 5.479834 1.978462 -79.93398 5.479834 1.978462 -79.93398 5.479834 1.978462 -79.93398 5.479834 1.978462 -79.93398 5.479834 1.978462 -79.93398 5.479834 1.978462 -79.93398 5.479834 1.978462 -79.93398 5.479834 1.978462 -79.93398 5.479834 1.978462 -79.93398 5.479834 1.978462 -79.93398 5.479834 1.978462 -79.93398 5.479834 1.978462 -79.93398 5.479834 1.978462 -79.93398 5.479834 1.978462 -79.93398 5.479834 1.978462 -79.93398 5.479834 1.98575 -83.23166 11.26056 1.98575 -83.23166 11.26056 1.98575 -83.23166 11.26056 1.98575 -83.23166 11.26056 1.98575 -83.23166 11.26056 1.98575 -83.23166 11.26056 1.98575 -83.23166 11.26056 1.98575 -83.23166 11.26056 1.98575 -83.23166 11.26056 1.98575 -83.23166 11.26056 1.98575 -83.23166 11.26056 1.98575 -83.23166 11.26056 1.98575 -83.23166 11.26056 1.98575 -83.23166 11.26056 1.98575 -83.23166 11.26056 1.98575 -83.23166 11.26056 1.98575 -83.23166 11.26056 1.98575 -83.23166 11.26056 1.98575 -83.23166 11.26056 1.98575 -83.23166 11.26056 1.98575 -83.23166 11.26056 1.98575 -83.23166 11.26056 1.98575 -83.23166 11.26056 1.98575 -83.23166 11.26056 6.4188 -79.86459 5.479834 6.4188 -79.86459 5.479834 6.4188 -79.86459 5.479834 6.4188 -79.86459 5.479834 6.4188 -79.86459 5.479834 6.4188 -79.86459 5.479834 6.4188 -79.86459 5.479834 6.4188 -79.86459 5.479834 13.3278 -46.30899 -4.33091 13.3278 -46.30899 -4.33091 13.3278 -46.30899 -4.33091 13.3278 -46.30899 -4.33091 13.3278 -46.30899 -4.33091 1.665524 -83.42656 11.96308 1.665524 -83.42656 11.96308 1.665524 -83.42656 11.96308 1.665524 -83.42656 11.96308 1.665524 -83.42656 11.96308 1.665524 -83.42656 11.96308 1.665524 -83.42656 11.96308 1.665524 -83.42656 11.96308 1.665524 -83.42656 11.96308 1.665524 -83.42656 11.96308 1.665524 -83.42656 11.96308 1.665524 -83.42656 11.96308 -1.9463 -82.32266 14.09004 -1.9463 -82.32266 14.09004 -1.9463 -82.32266 14.09004 -1.9463 -82.32266 14.09004 -1.9463 -82.32266 14.09004 -1.9463 -82.32266 14.09004 -1.9463 -82.32266 14.09004 -1.9463 -82.32266 14.09004 -1.9463 -82.32266 14.09004 -4.956249 55.1439 -9.659278 -4.956249 55.1439 -9.659278 -4.956249 55.1439 -9.659278 -4.956249 55.1439 -9.659278 -4.956249 55.1439 -9.659278 -4.956249 55.1439 -9.659278 -0.0374298 79.91828 -3.203157 -0.0374298 79.91828 -3.203157 -0.0374298 79.91828 -3.203157 -0.0374298 79.91828 -3.203157 -0.0374298 79.91828 -3.203157 -0.0374298 79.91828 -3.203157 1.197182 79.91828 -3.726701 1.197182 79.91828 -3.726701 1.197182 79.91828 -3.726701 1.197182 79.91828 -3.726701 1.197182 79.91828 -3.726701 1.755585 -57.33873 -13.0241 1.755585 -57.33873 -13.0241 1.755585 -57.33873 -13.0241 1.755585 -57.33873 -13.0241 1.755585 -57.33873 -13.0241 3.562881 -56.45318 -13.02409 3.562881 -56.45318 -13.02409 3.562881 -56.45318 -13.02409 3.562881 -56.45318 -13.02409 3.562881 -56.45318 -13.02409 3.562881 -56.45318 -13.02409 3.562881 -56.45318 -13.02409 7.035255 -73.05592 -3.176144 7.035255 -73.05592 -3.176144 7.035255 -73.05592 -3.176144 7.035255 -73.05592 -3.176144 7.035255 -73.05592 -3.176144 7.035255 -73.05592 -3.176144 8.332243 -52.64644 -13.03093 8.332243 -52.64644 -13.03093 8.332243 -52.64644 -13.03093 8.332243 -52.64644 -13.03093 8.332243 -52.64644 -13.03093 13.3278 -46.30899 -2.67353 13.3278 -46.30899 -2.67353 13.3278 -46.30899 -2.67353 13.3278 -46.30899 -2.67353 13.3278 -46.30899 -2.67353 13.3278 -46.30899 -2.67353 10.76861 55.99715 -4.330061 10.76861 55.99715 -4.330061 10.76861 55.99715 -4.330061 10.76861 55.99715 -4.330061 10.76861 55.99715 -4.330061 10.76861 55.99715 -4.330061 15.31612 40.0576 -1.216221 15.31612 40.0576 -1.216221 15.31612 40.0576 -1.216221 15.31612 40.0576 -1.216221 15.31612 40.0576 -1.216221 15.31612 40.0576 -1.216221 -7.501213 -34.62474 5.009696 -7.501213 -34.62474 5.009696 -7.501213 -34.62474 5.009696 -7.501213 -34.62474 5.009696 -7.501213 -34.62474 5.009696 -7.501194 -34.62471 13.09893 -7.501194 -34.62471 13.09893 -7.501194 -34.62471 13.09893 -7.501194 -34.62471 13.09893 11.33292 -34.73111 13.09892 11.33292 -34.73111 13.09892 11.33292 -34.73111 13.09892 11.33292 -34.73111 13.09892 11.33292 -34.73111 13.09892 -9.584992 -45.94846 13.00852 -9.584992 -45.94846 13.00852 -9.584992 -45.94846 13.00852 -9.584992 -45.94846 13.00852 -9.584992 -45.94846 13.00852 -9.584992 -45.94846 13.00852 -9.584992 -45.94846 13.00852 -9.584992 -45.94846 13.00852 -9.584992 -45.94846 13.00852 -9.584992 -45.94846 13.00852 -7.856396 34.28083 13.09151 -7.856396 34.28083 13.09151 -7.856396 34.28083 13.09151 -7.856396 34.28083 13.09151 -7.856396 34.28083 13.09151 -7.856396 34.28083 13.09151 -7.856396 34.28083 13.09151 -0.05171585 -56.45319 -13.02409 -0.05171585 -56.45319 -13.02409 -0.05171585 -56.45319 -13.02409 -0.05171585 -56.45319 -13.02409 -0.05171585 -56.45319 -13.02409 -0.05171585 -56.45319 -13.02409 11.18206 -40.44068 13.09495 11.18206 -40.44068 13.09495 11.18206 -40.44068 13.09495 11.18206 -40.44068 13.09495 11.18206 -40.44068 13.09495 11.18206 -40.44068 13.09495 11.18206 -40.44068 13.09495 11.18206 -40.44068 13.09495 -7.402546 -41.29574 12.92607 -7.402546 -41.29574 12.92607 -7.402546 -41.29574 12.92607 -7.402546 -41.29574 12.92607 -7.402546 -41.29574 12.92607 5.059387 -36.29358 13.10024 5.059387 -36.29358 13.10024 5.059387 -36.29358 13.10024 5.059387 -36.29358 13.10024 5.059387 -36.29358 13.10024 -1.521614 -47.11969 -0.9216838 -1.521614 -47.11969 -0.9216838 -1.521614 -47.11969 -0.9216838 -1.521614 -47.11969 -0.9216838 -1.521614 37.075 -0.9211229 -1.521614 37.075 -0.9211229 -1.521614 37.075 -0.9211229 -1.521614 37.075 -0.9211229 11.33292 -34.73117 5.009696 11.33292 -34.73117 5.009696 11.33292 -34.73117 5.009696 11.33292 -34.73117 5.009696 5.059376 37.07511 13.10068 5.059376 37.07511 13.10068 5.059376 37.07511 13.10068 5.059376 -47.11969 -0.9216838 5.059376 -47.11969 -0.9216838 5.059376 -47.11969 -0.9216838 5.059376 -47.11969 -0.9216838 5.059376 -47.11969 -0.9216838 -1.52161 -36.29359 13.10024 -1.52161 -36.29359 13.10024 -1.52161 -36.29359 13.10024 -1.52161 -36.29359 13.10024 -1.521606 37.07511 13.10068 -1.521606 37.07511 13.10068 -1.521606 37.07511 13.10068 11.38977 34.55356 5.010107 11.38977 34.55356 5.010107 11.38977 34.55356 5.010107 11.38977 34.55356 5.010107 11.38977 34.55356 5.010107 11.38977 34.55356 5.010107 11.41447 30.74453 13.09146 11.41447 30.74453 13.09146 11.41447 30.74453 13.09146 11.41447 30.74453 13.09146 -7.235939 55.99714 -4.330077 -7.235939 55.99714 -4.330077 -7.235939 55.99714 -4.330077 -7.235939 55.99714 -4.330077 -7.235939 55.99714 -4.330077 -7.235939 55.99714 -4.330077 -7.235939 55.99714 -4.330077 -7.831699 30.47171 5.010069 -7.831699 30.47171 5.010069 -7.831699 30.47171 5.010069 -7.831699 30.47171 5.010069 -7.652084 -40.32827 13.09496 -7.652084 -40.32827 13.09496 -7.652084 -40.32827 13.09496 -7.652084 -40.32827 13.09496 -7.652084 -40.32827 13.09496 -7.652084 -40.32827 13.09496 -7.652084 -40.32827 13.09496 -7.652084 -40.32827 13.09496 -9.798443 -46.2087 -1.973686 -9.798443 -46.2087 -1.973686 -9.798443 -46.2087 -1.973686 -9.798443 -46.2087 -1.973686 -9.798443 -46.2087 -1.973686 -9.798443 -46.2087 -1.973686 5.05938 37.075 -0.9211229 5.05938 37.075 -0.9211229 -12.46813 -48.36928 -1.027747 -12.46813 -48.36928 -1.027747 -12.67311 37.91464 -1.02708 -8.125432 53.85416 -4.330099 -8.125432 53.85416 -4.330099 5.895866 -82.32266 14.1178 5.895866 -82.32266 14.1178 5.895866 -82.32266 14.1178 5.895866 -82.32266 14.1178 5.895866 -82.32266 14.1178 5.895866 -82.32266 14.1178 5.895866 -82.32266 14.1178 5.895866 -82.32266 14.1178 5.895866 -82.32266 14.1178 -1.579716 79.91828 -3.14847 -1.579716 79.91828 -3.14847 -1.579716 79.91828 -3.14847 -1.579716 79.91828 -3.14847 -9.795693 37.1104 13.09153 -9.795693 37.1104 13.09153 -9.795693 37.1104 13.09153 -9.795693 37.1104 13.09153 -9.795693 37.1104 13.09153 -9.795693 37.1104 13.09153 -9.795693 37.1104 13.09153 -9.795693 37.1104 13.09153 -10.83707 40.04338 13.01049 -10.83707 40.04338 13.01049 -10.83707 40.04338 13.01049 -10.83707 40.04338 13.01049 -10.68793 -48.35168 -4.330932 7.92087 67.03981 0.6521689 7.92087 67.03981 0.6521689 7.92087 67.03981 0.6521689 7.92087 67.03981 0.6521689 7.92087 67.03981 0.6521689 7.92087 67.03981 0.6521689 6.148056 74.33058 4.895851 6.148056 74.33058 4.895851 6.148056 74.33058 4.895851 6.148056 74.33058 4.895851 6.148056 74.33058 4.895851 6.148056 74.33058 4.895851 6.549545 74.33058 5.480782 6.549545 74.33058 5.480782 6.549545 74.33058 5.480782 6.549545 74.33058 5.480782 15.21662 40.04218 13.1911 15.21662 40.04218 13.1911 15.21662 40.04218 13.1911 15.21662 40.04218 13.1911 -9.798443 -46.20874 -4.33091 -9.798443 -46.20874 -4.33091 -9.798443 -46.20874 -4.33091 -9.798443 -46.20874 -4.33091 13.10175 -46.01229 13.05886 13.10175 -46.01229 13.05886 13.10175 -46.01229 13.05886 13.10175 -46.01229 13.05886 13.10175 -46.01229 13.05886 13.10175 -46.01229 13.05886 13.10175 -46.01229 13.05886 13.10175 -46.01229 13.05886 1.962662 -74.12286 -3.898502 1.962662 -74.12286 -3.898502 1.962662 -74.12286 -3.898502 1.962662 -74.12286 -3.898502 1.962662 -74.12286 -3.898502 1.981052 -80.10903 5.837057 1.981052 -80.10903 5.837057 1.981052 -80.10903 5.837057 1.981052 -80.10903 5.837057 2.499153 -79.62095 5.690999 2.499153 -79.62095 5.690999 2.499153 -79.62095 5.690999 2.499153 -79.62095 5.690999 2.499153 -79.62095 5.690999 10.89698 -41.37725 13.02678 10.89698 -41.37725 13.02678 2.729828 95.46063 10.05305 2.729828 95.46063 10.05305 2.729828 95.46063 10.05305 2.729828 95.46063 10.05305 2.729828 95.46063 10.05305 2.729828 95.46063 10.05305 2.729828 95.46063 10.05305 2.729828 95.46063 10.05305 2.729828 95.46063 10.05305 2.729828 95.46063 10.05305 1.590034 79.91828 -4.459185 1.590034 79.91828 -4.459185 1.590034 79.91828 -4.459185 1.590034 79.91828 -4.459185 7.04006 74.33062 12.89498 7.04006 74.33062 12.89498 7.04006 74.33062 12.89498 7.04006 74.33062 12.89498 7.04006 74.33062 12.89498 1.503296 -79.56795 5.688016 1.503296 -79.56795 5.688016 1.503296 -79.56795 5.688016 1.503296 -79.56795 5.688016 1.503296 -79.56795 5.688016 2.305376 -83.42656 11.96535 2.305376 -83.42656 11.96535 2.305376 -83.42656 11.96535 2.305376 -83.42656 11.96535 2.305376 -83.42656 11.96535 2.305376 -83.42656 11.96535 2.305376 -83.42656 11.96535 2.305376 -83.42656 11.96535 2.305376 -83.42656 11.96535 2.305376 -83.42656 11.96535 2.305376 -83.42656 11.96535 2.305376 -83.42656 11.96535 -7.652084 -40.32832 5.009644 -7.652084 -40.32832 5.009644 -7.652084 -40.32832 5.009644 -7.652084 -40.32832 5.009644 -7.652084 -40.32832 5.009644 -7.652084 -40.32832 5.009644 11.38977 34.55361 13.09151 11.38977 34.55361 13.09151 11.38977 34.55361 13.09151 11.38977 34.55361 13.09151 11.38977 34.55361 13.09151 11.38977 34.55361 13.09151 11.38977 34.55361 13.09151 11.38977 34.55361 13.09151 11.41447 30.74447 5.010069 11.41447 30.74447 5.010069 11.41447 30.74447 5.010069 11.41447 30.74447 5.010069 11.41447 30.74447 5.010069 -7.856396 34.28078 5.010107 -7.856396 34.28078 5.010107 -7.856396 34.28078 5.010107 -7.856396 34.28078 5.010107 -7.856396 34.28078 5.010107 -7.856396 34.28078 5.010107 -7.831696 30.47176 13.09146 -7.831696 30.47176 13.09146 -7.831696 30.47176 13.09146 -7.831696 30.47176 13.09146 -7.831696 30.47176 13.09146 5.407219 80.4038 13.10955 5.407219 80.4038 13.10955 5.407219 80.4038 13.10955 5.407219 80.4038 13.10955 5.407219 80.4038 13.10955 5.407219 80.4038 13.10955 2.779396 100.7257 17.3808 2.779396 100.7257 17.3808 2.779396 100.7257 17.3808 2.779396 100.7257 17.3808 2.779396 100.7257 17.3808 2.779396 100.7257 17.3808 1.986534 -85.25616 12.24378 1.986534 -85.25616 12.24378 1.986534 -85.25616 12.24378 1.986534 -85.25616 12.24378 1.986534 -85.25616 12.24378 1.986534 -85.25616 12.24378 1.986534 -85.25616 12.24378 1.986534 -85.25616 12.24378 1.623795 -83.226 11.26056 1.623795 -83.226 11.26056 1.623795 -83.226 11.26056 1.623795 -83.226 11.26056 1.623795 -83.226 11.26056 1.623795 -83.226 11.26056 1.838652 -85.29085 12.22469 1.838652 -85.29085 12.22469 1.838652 -85.29085 12.22469 1.838652 -85.29085 12.22469 1.838652 -85.29085 12.22469 1.838652 -85.29085 12.22469 1.838652 -85.29085 12.22469 1.838652 -85.29085 12.22469 2.348043 -83.226 11.26056 2.348043 -83.226 11.26056 2.348043 -83.226 11.26056 2.348043 -83.226 11.26056 2.348043 -83.226 11.26056 2.348043 -83.226 11.26056 1.98592 -83.4447 12.04695 1.98592 -83.4447 12.04695 1.98592 -83.4447 12.04695 1.98592 -83.4447 12.04695 1.98592 -83.4447 12.04695 1.98592 -83.4447 12.04695 1.98592 -83.4447 12.04695 1.98592 -83.4447 12.04695 1.98592 -83.4447 12.04695 1.98592 -83.4447 12.04695 1.98592 -83.4447 12.04695 1.98592 -83.4447 12.04695 -2.457748 -79.8646 5.479834 -2.457748 -79.8646 5.479834 -2.457748 -79.8646 5.479834 -2.457748 -79.8646 5.479834 -2.457748 -79.8646 5.479834 -2.457748 -79.8646 5.479834 -2.457748 -79.8646 5.479834 -2.457748 -79.8646 5.479834 2.153679 -85.38646 11.90947 2.153679 -85.38646 11.90947 2.153679 -85.38646 11.90947 2.153679 -85.38646 11.90947 2.41235 91.28256 15.96534 2.41235 91.28256 15.96534 2.41235 91.28256 15.96534 2.41235 91.28256 15.96534 2.41235 91.28256 15.96534 2.41235 91.28256 15.96534 2.41235 91.28256 15.96534 2.41235 91.28256 15.96534 -8.399575 -68.76217 23.19117 -8.399575 -68.76217 23.19117 -8.399575 -68.76217 23.19117 -8.399575 -68.76217 23.19117 -8.399575 -68.76217 23.19117 -8.399575 -68.76217 23.19117 -7.964413 -54.07403 21.20386 -7.964413 -54.07403 21.20386 -7.964413 -54.07403 21.20386 -7.964413 -54.07403 21.20386 -7.964413 -54.07403 21.20386 -9.577404 -52.99312 13.09092 -9.577404 -52.99312 13.09092 -9.577404 -52.99312 13.09092 -7.652073 -47.39699 13.0949 -7.652073 -47.39699 13.0949 11.4341 -54.14876 21.20386 11.4341 -54.14876 21.20386 11.4341 -54.14876 21.20386 11.4341 -54.14876 21.20386 11.4341 -54.14876 21.20386 11.4341 -54.14876 21.20386 13.10683 -53.06787 13.09092 13.10683 -53.06787 13.09092 11.18206 -47.50939 13.0949 11.18206 -47.50939 13.0949 9.874194 -75.98155 13.09071 9.874194 -75.98155 13.09071 9.874194 -75.98155 13.09071 12.28788 -68.76219 23.19117 12.28788 -68.76219 23.19117 12.28788 -68.76219 23.19117 12.28788 -68.76219 23.19117 12.28788 -68.76219 23.19117 12.28788 -68.76219 23.19117 10.78907 -53.44894 13.02666 10.78907 -53.44894 13.02666 10.78907 -53.44894 13.02666 10.89697 -48.44598 13.02671 10.89697 -48.44598 13.02671 1.961308 -77.03698 23.39726 1.961308 -77.03698 23.39726 1.961308 -77.03698 23.39726 1.961308 -77.03698 23.39726 1.961308 -77.03698 23.39726 1.961308 -77.03698 23.39726 8.256722 -75.25928 13.02647 8.256722 -75.25928 13.02647 8.256722 -75.25928 13.02647 -4.375858 -75.25929 12.92577 -4.375858 -75.25929 12.92577 -4.375858 -75.25929 12.92577 -7.319336 -53.39601 12.92595 -7.319336 -53.39601 12.92595 1.961304 -75.22665 13.02647 1.961304 -75.22665 13.02647 1.961304 -75.22665 13.02647 1.961304 -76.02404 14.87325 1.961304 -76.02404 14.87325 1.961304 -76.02404 14.87325 -5.951584 -75.98153 13.09071 -5.951584 -75.98153 13.09071 -5.951584 -75.98153 13.09071 1.986456 -85.38721 11.91198 1.986456 -85.38721 11.91198 1.986456 -85.38721 11.91198 1.986456 -85.38721 11.91198 1.986456 -85.38721 11.91198 1.986456 -85.38721 11.91198 1.986456 -85.38721 11.91198 1.986456 -85.38721 11.91198 1.986456 -85.38721 11.91198 1.986456 -85.38721 11.91198 1.986456 -85.38721 11.91198 1.986456 -85.38721 11.91198 1.986456 -85.38721 11.91198 1.986456 -85.38721 11.91198 1.986456 -85.38721 11.91198 1.986456 -85.38721 11.91198 2.133985 -85.28985 12.22498 2.133985 -85.28985 12.22498 2.133985 -85.28985 12.22498 2.133985 -85.28985 12.22498 2.133985 -85.28985 12.22498 2.133985 -85.28985 12.22498 2.133985 -85.28985 12.22498 2.133985 -85.28985 12.22498 1.81939 -85.38646 11.90947 1.81939 -85.38646 11.90947 1.81939 -85.38646 11.90947 1.81939 -85.38646 11.90947 2.042889 98.86246 24.33303 2.042889 98.86246 24.33303 2.042889 98.86246 24.33303 2.042889 98.86246 24.33303 2.042889 98.86246 24.33303 2.042889 98.86246 24.33303 0.2970924 100.9647 25.27268 0.2970924 100.9647 25.27268 0.2970924 100.9647 25.27268 0.2970924 100.9647 25.27268 0.2970924 100.9647 25.27268 0.2970924 100.9647 25.27268 -0.9475288 91.37239 16.08453 -0.9475288 91.37239 16.08453 -0.9475288 91.37239 16.08453 -0.9475288 91.37239 16.08453 -0.9475288 91.37239 16.08453 -0.9475288 91.37239 16.08453 -0.9475288 91.37239 16.08453 -0.3595276 98.3689 18.86402 -0.3595276 98.3689 18.86402 -0.3595276 98.3689 18.86402 -0.3595276 98.3689 18.86402 -0.3595276 98.3689 18.86402 -0.3595276 98.3689 18.86402 1.274193 95.1695 20.19707 1.274193 95.1695 20.19707 1.274193 95.1695 20.19707 1.274193 95.1695 20.19707 1.274193 95.1695 20.19707 1.274193 95.1695 20.19707 3.71859 100.9323 25.24087 3.71859 100.9323 25.24087 3.71859 100.9323 25.24087 3.71859 100.9323 25.24087 3.71859 100.9323 25.24087 3.71859 100.9323 25.24087 2.467899 102.5361 25.30267 2.467899 102.5361 25.30267 2.467899 102.5361 25.30267 2.467899 102.5361 25.30267 2.467899 102.5361 25.30267 2.467899 102.5361 25.30267 2.488338 102.552 29.5611 2.488338 102.552 29.5611 2.488338 102.552 29.5611 2.488338 102.552 29.5611 2.488338 102.552 29.5611 2.488338 102.552 29.5611 2.94545 98.25632 18.76977 2.94545 98.25632 18.76977 2.94545 98.25632 18.76977 2.94545 98.25632 18.76977 2.94545 98.25632 18.76977 1.9594 93.39972 32.10493 1.9594 93.39972 32.10493 1.9594 93.39972 32.10493 1.9594 93.39972 32.10493 1.9594 93.39972 32.10493 1.9594 93.39972 32.10493 -3.166386 99.2633 35.47065 -3.166386 99.2633 35.47065 -3.166386 99.2633 35.47065 -3.166386 99.2633 35.47065 -3.166386 99.2633 35.47065 -3.166386 99.2633 35.47065 0.5032501 101.1251 29.38928 0.5032501 101.1251 29.38928 0.5032501 101.1251 29.38928 0.5032501 101.1251 29.38928 0.5032501 101.1251 29.38928 0.5032501 101.1251 29.38928 2.099686 99.29892 28.34101 2.099686 99.29892 28.34101 2.099686 99.29892 28.34101 2.099686 99.29892 28.34101 2.099686 99.29892 28.34101 2.099686 99.29892 28.34101 2.579452 101.7583 33.76673 2.579452 101.7583 33.76673 2.579452 101.7583 33.76673 2.579452 101.7583 33.76673 3.207272 103.8447 36.02236 3.207272 103.8447 36.02236 3.207272 103.8447 36.02236 3.207272 103.8447 36.02236 3.207272 103.8447 36.02236 3.207272 103.8447 36.02236 3.632015 101.0985 29.35735 3.632015 101.0985 29.35735 3.632015 101.0985 29.35735 3.632015 101.0985 29.35735 3.632015 101.0985 29.35735 3.632015 101.0985 29.35735 2.15942 98.24256 32.44813 2.15942 98.24256 32.44813 2.15942 98.24256 32.44813 2.15942 98.24256 32.44813 0.4340706 100.2162 33.58103 0.4340706 100.2162 33.58103 0.4340706 100.2162 33.58103 0.4340706 100.2162 33.58103 0.4340706 100.2162 33.58103 6.879375 99.17791 35.36816 6.879375 99.17791 35.36816 6.879375 99.17791 35.36816 6.879375 99.17791 35.36816 6.879375 99.17791 35.36816 6.879375 99.17791 35.36816 3.815487 100.1875 33.54653 3.815487 100.1875 33.54653 3.815487 100.1875 33.54653 3.815487 100.1875 33.54653 3.815487 100.1875 33.54653 3.027405 -38.23593 0.154159 3.027405 -38.23593 0.154159 3.191402 -39.11675 -0.1309361 3.216991 -39.25296 0.2466731 3.216991 -39.25296 0.2466731 3.052998 -38.37212 0.5317683 -2.277203 -38.23592 0.154159 -2.277203 -38.23592 0.154159 -2.302799 -38.37212 0.5317683 -2.466793 -39.25296 0.2466731 -2.466793 -39.25296 0.2466731 -2.441204 -39.11675 -0.1309361 -2.277203 -23.59072 0.154157 -2.277203 -23.59072 0.154157 -2.302799 -23.72693 0.5317663 -2.466793 -24.60777 0.2466711 -2.466793 -24.60777 0.2466711 -2.441204 -24.47155 -0.1309381 -3.346447 29.0966 8.361511 -3.346447 29.0966 8.361511 -3.346447 29.0966 8.361511 -3.346447 29.0966 8.361511 -3.346447 29.0966 8.361511 -3.346447 29.0966 8.361511 0.9870491 23.13208 8.361512 0.9870491 23.13208 8.361512 0.9870491 23.13208 8.361512 0.9870491 23.13208 8.361512 7.998808 25.41032 8.361511 7.998808 25.41032 8.361511 7.998808 25.41032 8.361511 7.998808 25.41032 8.361511 7.998808 32.78291 8.36151 7.998808 32.78291 8.36151 7.998808 32.78291 8.36151 0.9870491 35.06115 8.36151 0.9870491 35.06115 8.36151 1.203575 22.70742 8.938111 0.9870491 23.3738 8.361512 -2.645771 29.0966 8.93811 -2.645771 29.0966 8.93811 -2.645771 29.0966 8.93811 -2.645771 29.0966 8.93811 -2.645771 29.0966 8.93811 -2.645771 29.0966 8.93811 1.203575 23.79844 8.93808 1.203575 23.79844 8.93808 1.203575 23.79844 8.93808 7.431944 25.82216 8.938079 7.431944 32.37106 8.938109 7.431944 32.37106 8.938109 7.431944 32.37106 8.938109 7.431944 32.37106 8.938109 7.431944 32.37106 8.938109 7.431944 32.37106 12.53551 7.431944 32.37106 12.53551 7.431944 32.37106 12.53551 7.431944 32.37106 12.53551 7.431944 32.37106 12.53551 1.203575 34.39477 8.938109 1.203575 34.39477 8.938109 1.203575 34.39477 8.938109 1.203575 34.39477 8.938109 1.203575 34.39477 12.53551 1.203575 34.39477 12.53551 1.203575 34.39477 12.53551 1.203575 34.39477 12.53551 1.203575 34.39477 12.53551 -2.645771 29.0966 12.53551 -2.645771 29.0966 12.53551 -2.645771 29.0966 12.53551 -2.645771 29.0966 12.53551 -2.645771 29.0966 12.53551 -2.645771 29.0966 12.53551 1.203575 23.79844 12.53551 1.203575 23.79844 12.53551 1.203575 23.79844 12.53551 1.203575 23.79844 12.53551 1.203575 23.79844 12.53551 0.9870644 23.13208 13.11211 0.9870644 23.13208 13.11211 0.9870644 23.13208 13.11211 0.9870644 23.13208 13.11211 0.9870644 23.13208 13.11211 0.9870644 23.13208 13.11211 -3.346447 29.0966 13.11211 -3.346447 29.0966 13.11211 -3.346447 29.0966 13.11211 -3.346447 29.0966 13.11211 -3.346447 29.0966 13.11211 -3.346447 29.0966 13.11211 7.431944 25.82216 12.53551 7.431944 25.82216 12.53551 7.431944 25.82216 12.53551 7.998793 25.41032 13.11211 7.998793 25.41032 13.11211 7.998793 25.41032 13.11211 7.998793 25.41032 13.11211 7.998793 25.41032 13.11211 7.998808 32.78291 13.11211 7.998808 32.78291 13.11211 7.998808 32.78291 13.11211 7.998808 32.78291 13.11211 7.998808 32.78291 13.11211 7.998808 32.78291 13.11211 0.9870491 23.3738 13.11208 1.203575 22.70742 12.53551 7.998808 25.41032 6.679634 7.998808 25.41032 6.679634 7.998808 25.41032 6.679634 7.998808 25.41032 6.679634 -3.346447 29.0966 6.679633 -3.346447 29.0966 6.679633 -3.346447 29.0966 6.679633 -3.346447 29.0966 6.679633 -3.346447 29.0966 6.679633 7.994333 32.79668 14.71393 7.994333 32.79668 14.71393 7.994333 32.79668 14.71393 7.994333 32.79668 14.71393 7.994333 32.79668 14.71393 7.994318 25.42409 14.71393 7.994318 25.42409 14.71393 7.994318 25.42409 14.71393 7.994318 25.42409 14.71393 7.994318 25.42409 14.71393 7.994318 25.42409 14.71393 0.9870491 35.06115 6.679632 0.9870491 35.06115 6.679632 7.998808 32.78291 6.679633 0.9870644 23.13208 6.679634 0.9870644 23.13208 6.679634 0.9870644 23.13208 6.679634 0.9870644 23.13208 6.679634 -3.350918 29.11037 14.71393 -3.350918 29.11037 14.71393 -3.350918 29.11037 14.71393 -3.350918 29.11037 14.71393 -3.350918 29.11037 14.71393 2.848553 29.32716 17.27082 2.848553 29.32716 17.27082 2.848553 29.32716 17.27082 2.848553 29.32716 17.27082 2.848553 29.32716 17.27082 0.9825745 35.07493 14.7139 0.9825745 35.07493 14.7139 0.9825745 35.07493 14.7139 0.9825745 35.07493 14.7139 0.9825897 23.14584 14.71393 0.9825897 23.14584 14.71393 0.9825897 23.14584 14.71393 0.9825897 23.14584 14.71393 0.9825897 23.14584 14.71393 0.9870491 35.06115 13.11208 0.9870491 35.06115 13.11208 0.9870491 35.06115 13.11208 0.9870491 35.06115 13.11208 0.9870491 35.06115 13.11208 0.9870491 35.06115 13.11208 3.810818 -74.39703 12.64459 1.812847 -74.4453 12.56733 1.812847 -74.4453 12.56733 1.637737 -77.17968 10.67048 3.999702 -77.20395 10.70552 3.999702 -77.20395 10.70552 12.38059 -47.68261 12.36348 12.38059 -47.68261 12.36348 12.38059 -47.68261 12.36348 12.38059 -47.68261 12.36348 12.38059 -47.68261 12.36348 11.46635 -47.6937 12.32329 11.46635 -47.6937 12.32329 11.46635 -47.6937 12.32329 11.46635 -47.6937 12.32329 11.46635 -47.6937 12.32329 11.38622 -48.64529 11.13443 11.38622 -48.64529 11.13443 11.38622 -48.64529 11.13443 12.46703 -48.66051 11.14662 12.46703 -48.66051 11.14662 12.46703 -48.66051 11.14662 12.46703 -48.66051 11.14662 12.46703 -48.66051 11.14662 13.93996 -56.34872 27.0421 13.93996 -56.34872 27.0421 13.93996 -56.34872 27.0421 13.69302 -56.35171 27.03126 13.69302 -56.35171 27.03126 13.69302 -56.35171 27.03126 13.69302 -56.35171 27.03126 13.69302 -56.35171 27.03126 13.9633 -56.61286 26.71344 13.9633 -56.61286 26.71344 13.9633 -56.61286 26.71344 13.9633 -56.61286 26.71344 13.9633 -56.61286 26.71344 13.67138 -56.60875 26.71014 13.67138 -56.60875 26.71014 13.67138 -56.60875 26.71014 13.67138 -56.60875 26.71014 13.67138 -56.60875 26.71014 -8.183583 -47.84215 12.89944 -8.183583 -47.84215 12.89944 -8.183583 -47.84215 12.89944 -8.183583 -47.84215 12.89944 -9.097828 -47.85323 12.85925 -9.097828 -47.85323 12.85925 -9.097828 -47.85323 12.85925 -9.097828 -47.85323 12.85925 -9.097828 -47.85323 12.85925 -9.097828 -47.85323 12.85925 -9.177956 -48.80483 11.67038 -9.177956 -48.80483 11.67038 -9.177956 -48.80483 11.67038 -9.177956 -48.80483 11.67038 -8.097149 -48.82004 11.68258 -8.097149 -48.82004 11.68258 -8.097149 -48.82004 11.68258 -8.097149 -48.82004 11.68258 -11.1529 -56.22739 26.63448 -11.1529 -56.22739 26.63448 -11.1529 -56.22739 26.63448 -11.1529 -56.22739 26.63448 -11.39984 -56.23038 26.62363 -11.39984 -56.23038 26.62363 -11.39984 -56.23038 26.62363 -11.39984 -56.23038 26.62363 -11.12956 -56.49153 26.3058 -11.12956 -56.49153 26.3058 -11.12956 -56.49153 26.3058 -11.12956 -56.49153 26.3058 -11.12956 -56.49153 26.3058 -11.12956 -56.49153 26.3058 -11.42149 -56.48741 26.30251 -11.42149 -56.48741 26.30251 -11.42149 -56.48741 26.30251 -11.42149 -56.48741 26.30251 12.38059 25.576 12.22658 12.38059 25.576 12.22658 12.38059 25.576 12.22658 12.38059 25.576 12.22658 12.38059 25.576 12.22658 11.46635 25.54114 12.20371 11.46635 25.54114 12.20371 11.46635 25.54114 12.20371 11.46635 25.54114 12.20371 11.46635 25.54114 12.20371 11.38622 24.04151 11.93906 11.38622 24.04151 11.93906 11.38622 24.04151 11.93906 12.46703 24.03814 11.95827 12.46703 24.03814 11.95827 12.46703 24.03814 11.95827 12.46703 24.03814 11.95827 12.46703 24.03814 11.95827 13.93996 31.47801 28.26775 13.93996 31.47801 28.26775 13.93996 31.47801 28.26775 13.69302 31.46859 28.26156 13.69302 31.46859 28.26156 13.69302 31.46859 28.26156 13.69302 31.46859 28.26156 13.69302 31.46859 28.26156 13.9633 31.06263 28.19528 13.9633 31.06263 28.19528 13.9633 31.06263 28.19528 13.9633 31.06263 28.19528 13.9633 31.06263 28.19528 13.67138 31.06353 28.19009 13.67138 31.06353 28.19009 13.67138 31.06353 28.19009 13.67138 31.06353 28.19009 13.67138 31.06353 28.19009 -8.183583 25.398 12.82481 -8.183583 25.398 12.82481 -8.183583 25.398 12.82481 -8.183583 25.398 12.82481 -9.097828 25.36315 12.80195 -9.097828 25.36315 12.80195 -9.097828 25.36315 12.80195 -9.097828 25.36315 12.80195 -9.097828 25.36315 12.80195 -9.097828 25.36315 12.80195 -9.177956 23.86351 12.53729 -9.177956 23.86351 12.53729 -9.177956 23.86351 12.53729 -9.177956 23.86351 12.53729 -8.097149 23.86014 12.5565 -8.097149 23.86014 12.5565 -8.097149 23.86014 12.5565 -8.097149 23.86014 12.5565 -11.1529 31.30001 27.88148 -11.1529 31.30001 27.88148 -11.1529 31.30001 27.88148 -11.1529 31.30001 27.88148 -11.39984 31.2906 27.87531 -11.39984 31.2906 27.87531 -11.39984 31.2906 27.87531 -11.39984 31.2906 27.87531 -11.12956 30.88464 27.80901 -11.12956 30.88464 27.80901 -11.12956 30.88464 27.80901 -11.12956 30.88464 27.80901 -11.12956 30.88464 27.80901 -11.12956 30.88464 27.80901 -11.42149 30.88555 27.80383 -11.42149 30.88555 27.80383 -11.42149 30.88555 27.80383 -11.42149 30.88555 27.80383 23.77801 30.31423 0.1101205 23.77801 30.31423 0.1101205 23.77801 30.31423 0.1101205 23.77801 30.31423 0.1101205 23.77801 30.31423 0.1101205 23.77801 30.31423 0.1101205 23.12739 28.9238 6.054542 23.12739 28.9238 6.054542 23.12739 28.9238 6.054542 23.12739 28.9238 6.054542 23.12739 28.9238 6.054542 17.44358 30.25414 6.979987 17.44358 30.25414 6.979987 17.44358 30.25414 6.979987 17.44358 30.25414 6.979987 17.44358 30.25414 6.979987 17.44358 30.25414 6.979987 17.94644 28.85886 0.9706937 17.94644 28.85886 0.9706937 17.94644 28.85886 0.9706937 17.94644 28.85886 0.9706937 17.94644 28.85886 0.9706937 15.87871 13.75988 8.953393 15.87871 13.75988 8.953393 15.87871 13.75988 8.953393 15.87871 13.75988 8.953393 15.87871 13.75988 8.953393 15.87871 13.75988 8.953393 15.87871 13.75988 8.953393 15.87871 13.75988 8.953393 25.77392 13.85376 -1.778259 25.77392 13.85376 -1.778259 25.77392 13.85376 -1.778259 25.77392 13.85376 -1.778259 25.77392 13.85376 -1.778259 25.77392 13.85376 -1.778259 25.77392 13.85376 -1.778259 25.77392 13.85376 -1.778259 25.77317 13.87473 8.988466 25.77317 13.87473 8.988466 25.77317 13.87473 8.988466 25.77317 13.87473 8.988466 15.61119 13.73528 -1.926521 15.61119 13.73528 -1.926521 15.61119 13.73528 -1.926521 15.61119 13.73528 -1.926521 17.95041 -7.193199 6.974026 17.95041 -7.193199 6.974026 17.95041 -7.193199 6.974026 17.95041 -7.193199 6.974026 17.95041 -7.193199 6.974026 23.48885 -5.750092 1.198352 23.48885 -5.750092 1.198352 23.48885 -5.750092 1.198352 23.48885 -5.750092 1.198352 23.48851 -5.741386 6.048054 23.48851 -5.741386 6.048054 23.48851 -5.741386 6.048054 23.48851 -5.741386 6.048054 18.45721 -5.804421 1.124934 18.45721 -5.804421 1.124934 18.45721 -5.804421 1.124934 18.45721 -5.804421 1.124934 18.45721 -5.804421 1.124934 18.07101 28.86951 6.036612 18.07101 28.86951 6.036612 18.07101 28.86951 6.036612 18.07101 28.86951 6.036612 23.77753 30.32764 7.002448 23.77753 30.32764 7.002448 23.77753 30.32764 7.002448 23.77753 30.32764 7.002448 23.77753 30.32764 7.002448 23.77753 30.32764 7.002448 23.12774 28.91481 1.046286 23.12774 28.91481 1.046286 23.12774 28.91481 1.046286 23.12774 28.91481 1.046286 17.27233 30.23838 0.0152108 17.27233 30.23838 0.0152108 17.27233 30.23838 0.0152108 17.27233 30.23838 0.0152108 17.27233 30.23838 0.0152108 17.27233 30.23838 0.0152108 18.57784 -5.794128 6.030651 18.57784 -5.794128 6.030651 18.57784 -5.794128 6.030651 18.57784 -5.794128 6.030651 18.57784 -5.794128 6.030651 24.13866 -7.121376 6.99596 24.13866 -7.121376 6.99596 24.13866 -7.121376 6.99596 24.13866 -7.121376 6.99596 24.13866 -7.121376 6.99596 24.13866 -7.121376 6.99596 24.13866 -7.121376 6.99596 24.13912 -7.134492 0.262187 24.13912 -7.134492 0.262187 24.13912 -7.134492 0.262187 24.13912 -7.134492 0.262187 24.13912 -7.134492 0.262187 24.13912 -7.134492 0.262187 17.7831 -7.208596 0.1694594 17.7831 -7.208596 0.1694594 17.7831 -7.208596 0.1694594 17.7831 -7.208596 0.1694594 17.7831 -7.208596 0.1694594 17.7831 -7.208596 0.1694594 -15.65264 -5.960289 1.124934 -15.65264 -5.960289 1.124934 -15.65264 -5.960289 1.124934 -15.65264 -5.960289 1.124934 -15.65264 -5.960289 1.124934 -20.68395 -5.89727 6.048061 -20.68395 -5.89727 6.048061 -20.68395 -5.89727 6.048061 -20.68395 -5.89727 6.048061 -20.68428 -5.905976 1.198352 -20.68428 -5.905976 1.198352 -20.68428 -5.905976 1.198352 -20.68428 -5.905976 1.198352 -15.14584 -7.349083 6.974026 -15.14584 -7.349083 6.974026 -15.14584 -7.349083 6.974026 -15.14584 -7.349083 6.974026 -15.14584 -7.349083 6.974026 -12.80662 13.57939 -1.926521 -12.80662 13.57939 -1.926521 -12.80662 13.57939 -1.926521 -12.80662 13.57939 -1.926521 -22.96861 13.71884 8.988473 -22.96861 13.71884 8.988473 -22.96861 13.71884 8.988473 -22.96861 13.71884 8.988473 -22.96935 13.69788 -1.778259 -22.96935 13.69788 -1.778259 -22.96935 13.69788 -1.778259 -22.96935 13.69788 -1.778259 -22.96935 13.69788 -1.778259 -22.96935 13.69788 -1.778259 -22.96935 13.69788 -1.778259 -22.96935 13.69788 -1.778259 -13.07414 13.60401 8.953393 -13.07414 13.60401 8.953393 -13.07414 13.60401 8.953393 -13.07414 13.60401 8.953393 -13.07414 13.60401 8.953393 -13.07414 13.60401 8.953393 -13.07414 13.60401 8.953393 -13.07414 13.60401 8.953393 -15.14186 28.70299 0.9706937 -15.14186 28.70299 0.9706937 -15.14186 28.70299 0.9706937 -15.14186 28.70299 0.9706937 -15.14186 28.70299 0.9706937 -14.63901 30.09826 6.979995 -14.63901 30.09826 6.979995 -14.63901 30.09826 6.979995 -14.63901 30.09826 6.979995 -14.63901 30.09826 6.979995 -14.63901 30.09826 6.979995 -20.32281 28.76792 6.054542 -20.32281 28.76792 6.054542 -20.32281 28.76792 6.054542 -20.32281 28.76792 6.054542 -20.32281 28.76792 6.054542 -20.97344 30.15836 0.1101205 -20.97344 30.15836 0.1101205 -20.97344 30.15836 0.1101205 -20.97344 30.15836 0.1101205 -20.97344 30.15836 0.1101205 -20.97344 30.15836 0.1101205 94.36305 26.28464 -9.446817 94.36305 26.28464 -9.446817 94.36305 26.28464 -9.446817 94.36305 26.28464 -9.446817 94.36285 26.31186 -13.40873 94.36285 26.31186 -13.40873 94.36285 26.31186 -13.40873 94.36285 26.31186 -13.40873 94.36285 26.31186 -13.40873 94.36285 26.31186 -13.40873 94.47033 29.69707 -9.740537 94.47033 29.69707 -9.740537 94.47033 29.69707 -9.740537 94.47033 29.69707 -9.740537 94.47289 29.80581 -13.09189 94.47289 29.80581 -13.09189 94.47289 29.80581 -13.09189 94.47289 29.80581 -13.09189 0.3088235 24.50831 -25.29047 0.3088235 24.50831 -25.29047 0.3088235 24.50831 -25.29047 0.3088235 24.50831 -25.29047 0.3088235 24.50831 -25.29047 0.3092593 24.47695 -20.72858 0.3092593 24.47695 -20.72858 0.3092593 24.47695 -20.72858 0.3092593 24.47695 -20.72858 0.3092593 24.47695 -20.72858 0.3092593 24.47695 -20.72858 0.3092593 24.47695 -20.72858 0.5370677 28.40615 -21.06677 0.5370677 28.40615 -21.06677 0.5370677 28.40615 -21.06677 0.5370677 28.40615 -21.06677 0.5370677 28.40615 -21.06677 0.5370677 28.40615 -21.06677 0.5370677 28.40615 -21.06677 0.5424761 28.53138 -24.92564 0.5424761 28.53138 -24.92564 0.5424761 28.53138 -24.92564 0.5424761 28.53138 -24.92564 0.5424761 28.53138 -24.92564 -92.67771 25.67115 -16.56253 -92.67771 25.67115 -16.56253 -92.67771 25.67115 -16.56253 -92.67771 25.67115 -16.56253 -92.67771 25.67115 -16.56253 -92.67752 25.64529 -12.79956 -92.67752 25.64529 -12.79956 -92.67752 25.64529 -12.79956 -92.57558 28.88631 -13.07856 -92.57558 28.88631 -13.07856 -92.57558 28.88631 -13.07856 -92.57558 28.88631 -13.07856 -92.57558 28.88631 -13.07856 -92.57318 28.98963 -16.2616 -92.57318 28.98963 -16.2616 -92.57318 28.98963 -16.2616 -92.57318 28.98963 -16.2616 -92.57318 28.98963 -16.2616 -15.26644 28.71363 6.03662 -15.26644 28.71363 6.03662 -15.26644 28.71363 6.03662 -15.26644 28.71363 6.03662 -20.97296 30.17176 7.002448 -20.97296 30.17176 7.002448 -20.97296 30.17176 7.002448 -20.97296 30.17176 7.002448 -20.97296 30.17176 7.002448 -20.97296 30.17176 7.002448 -20.32316 28.75893 1.046286 -20.32316 28.75893 1.046286 -20.32316 28.75893 1.046286 -20.32316 28.75893 1.046286 -14.46775 30.08249 0.01521086 -14.46775 30.08249 0.01521086 -14.46775 30.08249 0.01521086 -14.46775 30.08249 0.01521086 -14.46775 30.08249 0.01521086 -14.46775 30.08249 0.01521086 -15.77326 -5.950012 6.030651 -15.77326 -5.950012 6.030651 -15.77326 -5.950012 6.030651 -15.77326 -5.950012 6.030651 -15.77326 -5.950012 6.030651 -21.33408 -7.27726 6.99596 -21.33408 -7.27726 6.99596 -21.33408 -7.27726 6.99596 -21.33408 -7.27726 6.99596 -21.33408 -7.27726 6.99596 -21.33408 -7.27726 6.99596 -21.33408 -7.27726 6.99596 -21.33456 -7.290368 0.2621871 -21.33456 -7.290368 0.2621871 -21.33456 -7.290368 0.2621871 -21.33456 -7.290368 0.2621871 -21.33456 -7.290368 0.2621871 -21.33456 -7.290368 0.2621871 -14.97853 -7.36448 0.1694594 -14.97853 -7.36448 0.1694594 -14.97853 -7.36448 0.1694594 -14.97853 -7.36448 0.1694594 -14.97853 -7.36448 0.1694594 -14.97853 -7.36448 0.1694594 3.374725 68.38275 -35.43155 3.374725 68.38275 -35.43155 3.050522 42.70215 -15.08983 3.050522 42.70215 -15.08983 2.095421 28.7128 -13.07043 2.206387 59.89406 -14.53032 3.588325 58.7261 -12.32632 3.588325 58.7261 -12.32632 3.588325 58.7261 -12.32632 3.588325 58.7261 -12.32632 2.115822 58.76569 -12.27209 2.115822 58.76569 -12.27209 2.115822 58.76569 -12.27209 2.115822 58.76569 -12.27209 2.115822 58.76569 -12.27209 2.115822 58.76569 -12.27209 1.986767 60.87665 -11.02332 1.986767 60.87665 -11.02332 1.986767 60.87665 -11.02332 1.986767 60.87665 -11.02332 3.727535 60.89262 -11.05036 3.727535 60.89262 -11.05036 3.727535 60.89262 -11.05036 3.727535 60.89262 -11.05036 2.135742 69.54872 -36.46528 2.135742 69.54872 -36.46528 2.135742 69.54872 -36.46528 2.135742 69.54872 -36.46528 1.73801 69.55941 -36.45063 1.73801 69.55941 -36.45063 1.73801 69.55941 -36.45063 1.73801 69.55941 -36.45063 2.17334 70.13393 -36.12067 2.17334 70.13393 -36.12067 2.17334 70.13393 -36.12067 2.17334 70.13393 -36.12067 2.17334 70.13393 -36.12067 2.17334 70.13393 -36.12067 1.703155 70.1296 -36.11334 1.703155 70.1296 -36.11334 1.703155 70.1296 -36.11334 1.703155 70.1296 -36.11334 3.068382 68.27568 -35.322 3.068382 68.27568 -35.322 2.744175 42.59508 -14.98029 2.744175 42.59508 -14.98029 1.789074 28.60576 -12.96086 1.900036 59.78699 -14.42081 5.560097 87.26043 -11.53257 5.560097 87.26043 -11.53257 5.560097 87.26043 -11.53257 5.560097 87.26043 -11.53257 5.560097 87.26043 -11.53257 5.560097 87.26043 -11.53257 2.351753 86.29985 -8.929821 2.351753 86.29985 -8.929821 2.351753 86.29985 -8.929821 2.351753 86.29985 -8.929821 2.351753 86.29985 -8.929821 -0.888958 87.21893 -11.2376 -0.888958 87.21893 -11.2376 -0.888958 87.21893 -11.2376 -0.888958 87.21893 -11.2376 -0.888958 87.21893 -11.2376 -0.888958 87.21893 -11.2376 2.278358 86.25497 -13.94402 2.278358 86.25497 -13.94402 2.278358 86.25497 -13.94402 2.278358 86.25497 -13.94402 2.278358 86.25497 -13.94402 -2.616405 75.82362 -11.02908 -2.616405 75.82362 -11.02908 -2.616405 75.82362 -11.02908 -2.616405 75.82362 -11.02908 -2.616405 75.82362 -11.02908 -2.616405 75.82362 -11.02908 -2.616405 75.82362 -11.02908 -2.616405 75.82362 -11.02908 7.45789 75.88847 -11.48986 7.45789 75.88847 -11.48986 7.45789 75.88847 -11.48986 7.45789 75.88847 -11.48986 7.45789 75.88847 -11.48986 7.45789 75.88847 -11.48986 7.45789 75.88847 -11.48986 7.45789 75.88847 -11.48986 2.225109 75.90295 -6.203355 2.225109 75.90295 -6.203355 2.225109 75.90295 -6.203355 2.225109 75.90295 -6.203355 2.539646 75.80661 -16.50155 2.539646 75.80661 -16.50155 2.539646 75.80661 -16.50155 2.539646 75.80661 -16.50155 -0.637188 61.34785 -10.99422 -0.637188 61.34785 -10.99422 -0.637188 61.34785 -10.99422 -0.637188 61.34785 -10.99422 -0.637188 61.34785 -10.99422 4.889259 62.34486 -11.13873 4.889259 62.34486 -11.13873 4.889259 62.34486 -11.13873 4.889259 62.34486 -11.13873 2.53223 62.35085 -8.7575 2.53223 62.35085 -8.7575 2.53223 62.35085 -8.7575 2.53223 62.35085 -8.7575 2.454208 62.3073 -13.62006 2.454208 62.3073 -13.62006 2.454208 62.3073 -13.62006 2.454208 62.3073 -13.62006 2.454208 62.3073 -13.62006 -0.1224098 86.26232 -11.39591 -0.1224098 86.26232 -11.39591 -0.1224098 86.26232 -11.39591 -0.1224098 86.26232 -11.39591 2.210335 87.26969 -8.148403 2.210335 87.26969 -8.148403 2.210335 87.26969 -8.148403 2.210335 87.26969 -8.148403 2.210335 87.26969 -8.148403 2.210335 87.26969 -8.148403 4.785835 86.29362 -11.3889 4.785835 86.29362 -11.3889 4.785835 86.29362 -11.3889 4.785835 86.29362 -11.3889 2.41169 87.20803 -14.74079 2.41169 87.20803 -14.74079 2.41169 87.20803 -14.74079 2.41169 87.20803 -14.74079 2.41169 87.20803 -14.74079 2.41169 87.20803 -14.74079 0.1293678 62.31441 -11.15255 0.1293678 62.31441 -11.15255 0.1293678 62.31441 -11.15255 0.1293678 62.31441 -11.15255 0.1293678 62.31441 -11.15255 2.390816 61.39747 -7.976081 2.390816 61.39747 -7.976081 2.390816 61.39747 -7.976081 2.390816 61.39747 -7.976081 2.390816 61.39747 -7.976081 2.390816 61.39747 -7.976081 2.390816 61.39747 -7.976081 5.663525 61.38842 -11.28241 5.663525 61.38842 -11.28241 5.663525 61.38842 -11.28241 5.663525 61.38842 -11.28241 5.663525 61.38842 -11.28241 5.663525 61.38842 -11.28241 2.587532 61.33722 -14.41684 2.587532 61.33722 -14.41684 2.587532 61.33722 -14.41684 2.587532 61.33722 -14.41684 2.587532 61.33722 -14.41684 2.587532 61.33722 -14.41684 -4.021623 -24.14463 -4.614293 -4.021623 -24.14463 -4.614293 -28.84635 -20.84576 -4.2142 -28.84635 -20.84576 -4.2142 -28.84635 -20.84576 -4.2142 -57.24616 -36.93974 -1.663775 -57.24616 -36.93974 -1.663775 -57.24616 -36.93974 -1.663775 -4.135663 -48.57577 -3.818491 -27.17012 -35.56365 0.7476092 -27.17012 -35.56365 0.7476092 -27.17012 -35.56365 0.7476092 -27.17012 -35.56365 0.7476092 -27.17012 -35.56365 0.7476092 -27.17012 -35.56365 0.7476092 -27.17012 -35.56365 0.7476092 -26.95868 -52.45195 -4.344575 -26.95868 -52.45195 -4.344575 -26.95868 -52.45195 -4.344575 -26.95868 -52.45195 -4.344575 -6.984899 -36.09403 0.5189563 -6.984899 -36.09403 0.5189563 -6.984899 -36.09403 0.5189563 -6.984899 -36.09403 0.5189563 -34.23007 -30.79354 0.3787273 -34.23007 -30.79354 0.3787273 -34.23007 -30.79354 0.3787273 -21.42892 -40.5494 1.452947 -21.42892 -40.5494 1.452947 -21.42892 -40.5494 1.452947 9.657782 -50.77133 -4.614297 9.657782 -50.77133 -4.614297 9.584967 -26.33956 -3.818494 63.34756 -37.08832 -1.581182 63.34756 -37.08832 -1.581182 63.34756 -37.08832 -1.581182 32.35986 -21.48676 -4.344579 32.35986 -21.48676 -4.344579 32.35986 -21.48676 -4.344579 32.35986 -21.48676 -4.344579 12.53078 -38.83418 0.5189567 12.53078 -38.83418 0.5189567 12.53078 -38.83418 0.5189567 12.53078 -38.83418 0.5189567 39.81061 -42.94255 1.349218 39.81061 -42.94255 1.349218 39.81061 -42.94255 1.349218 32.71177 -38.3673 0.7476096 32.71177 -38.3673 0.7476096 32.71177 -38.3673 0.7476096 32.71177 -38.3673 0.7476096 32.71177 -38.3673 0.7476096 32.71177 -38.3673 0.7476096 32.71177 -38.3673 0.7476096 34.51026 -53.03738 -4.214196 34.51026 -53.03738 -4.214196 34.51026 -53.03738 -4.214196 26.92975 -33.54011 -3.629787 26.92975 -33.54011 -3.629787 26.92975 -33.54011 -3.629787 95.286 72.6789 16.62522 95.286 72.6789 16.62522 95.286 72.6789 16.62522 95.286 72.6789 16.62522 95.28577 73.43238 13.7875 95.28577 73.43238 13.7875 95.28577 73.43238 13.7875 95.28577 73.43238 13.7875 95.28577 73.43238 13.7875 95.28577 73.43238 13.7875 95.40744 75.1818 17.04663 95.40744 75.1818 17.04663 95.40744 75.1818 17.04663 95.40744 75.1818 17.04663 95.41033 75.88067 14.6621 95.41033 75.88067 14.6621 95.41033 75.88067 14.6621 95.41033 75.88067 14.6621 0.3260352 74.33941 4.927971 0.3260352 74.33941 4.927971 0.3260352 74.33941 4.927971 0.3260352 74.33941 4.927971 0.3260352 74.33941 4.927971 0.3263581 73.47181 8.195425 0.3263581 73.47181 8.195425 0.3263581 73.47181 8.195425 0.3263581 73.47181 8.195425 0.3263581 73.47181 8.195425 0.3263581 73.47181 8.195425 0.3263581 73.47181 8.195425 0.4951758 76.35375 8.680653 0.4951758 76.35375 8.680653 0.4951758 76.35375 8.680653 0.4951758 76.35375 8.680653 0.4951758 76.35375 8.680653 0.4951758 76.35375 8.680653 0.4951758 76.35375 8.680653 0.4991838 77.15847 5.935022 0.4991838 77.15847 5.935022 0.4991838 77.15847 5.935022 0.4991838 77.15847 5.935022 0.4991838 77.15847 5.935022 -94.69173 73.5569 11.40588 -94.69173 73.5569 11.40588 -94.69173 73.5569 11.40588 -94.69173 73.5569 11.40588 -94.69173 73.5569 11.40588 -94.69153 72.84126 14.10111 -94.69153 72.84126 14.10111 -94.69153 72.84126 14.10111 -94.57614 75.21845 14.50133 -94.57614 75.21845 14.50133 -94.57614 75.21845 14.50133 -94.57614 75.21845 14.50133 -94.57614 75.21845 14.50133 -94.57341 75.88224 12.23657 -94.57341 75.88224 12.23657 -94.57341 75.88224 12.23657 -94.57341 75.88224 12.23657 -94.57341 75.88224 12.23657 15.25073 38.69253 -14.79634 15.25073 38.69253 -14.79634 14.01451 15.19969 -14.81815 14.01451 15.19969 -14.81815 59.98251 42.8899 -14.61803 59.98251 42.8899 -14.61803 60.04904 10.30931 -14.61616 60.04904 10.30931 -14.61616 60.04904 10.30931 -14.61616 14.63262 26.94612 -10.04959 14.63262 26.94612 -10.04959 60.01574 26.59961 -9.859445 60.01574 26.59961 -9.859445 60.01574 26.59961 -9.859445 60.01574 26.59961 -9.859445 60.01574 26.59961 -9.859445 60.01574 26.59961 -9.859445 60.01574 26.59961 -9.859445 90.66415 20.47148 -14.51316 89.76856 36.15031 -14.53089 89.76856 36.15031 -14.53089 95.75015 27.68469 -9.764375 95.75015 27.68469 -9.764375 95.75015 27.68469 -9.764375 -11.47397 15.26444 -14.79633 -11.47397 15.26444 -14.79633 -9.898518 38.73698 -14.81815 -9.898518 38.73698 -14.81815 -56.26172 11.71367 -11.89937 -56.26172 11.71367 -11.89937 -55.8576 44.29181 -14.61617 -55.8576 44.29181 -14.61617 -55.8576 44.29181 -14.61617 -10.68626 27.0007 -10.04959 -10.68626 27.0007 -10.04959 -56.05962 28.00275 -9.859445 -56.05962 28.00275 -9.859445 -56.05962 28.00275 -9.859445 -56.05962 28.00275 -9.859445 -56.05962 28.00275 -9.859445 -56.05962 28.00275 -9.859445 -56.05962 28.00275 -9.859445 -89.08356 34.70021 -11.7945 -88.6362 19.01647 -14.53089 -88.6362 19.01647 -14.53089 -94.39366 27.48454 -9.764375 -94.39366 27.48454 -9.764375 -94.39366 27.48454 -9.764375 15.25073 38.69253 -13.92657 15.25073 38.69253 -13.92657 14.01451 15.19969 -13.94837 14.01451 15.19969 -13.94837 59.98251 42.8899 -13.74826 59.98251 42.8899 -13.74826 60.04904 10.30931 -13.74639 60.04904 10.30931 -13.74639 60.04904 10.30931 -13.74639 14.63262 26.94612 -9.179819 14.63262 26.94612 -9.179819 60.01574 26.59961 -8.989675 60.01574 26.59961 -8.989675 60.01574 26.59961 -8.989675 60.01574 26.59961 -8.989675 60.01574 26.59961 -8.989675 60.01574 26.59961 -8.989675 60.01574 26.59961 -8.989675 90.66415 20.47148 -13.64339 89.76856 36.15031 -13.66112 89.76856 36.15031 -13.66112 95.75015 27.68469 -8.894601 95.75015 27.68469 -8.894601 95.75015 27.68469 -8.894601 -11.47397 15.26444 -13.92656 -11.47397 15.26444 -13.92656 -9.898518 38.73698 -13.94837 -9.898518 38.73698 -13.94837 -56.26172 11.71367 -11.0296 -56.26172 11.71367 -11.0296 -55.8576 44.29182 -13.7464 -55.8576 44.29182 -13.7464 -55.8576 44.29182 -13.7464 -10.68626 27.0007 -9.179819 -10.68626 27.0007 -9.179819 -56.05962 28.00275 -8.989675 -56.05962 28.00275 -8.989675 -56.05962 28.00275 -8.989675 -56.05962 28.00275 -8.989675 -56.05962 28.00275 -8.989675 -56.05962 28.00275 -8.989675 -56.05962 28.00275 -8.989675 -89.08356 34.70021 -13.64339 -88.6362 19.01647 -13.66112 -88.6362 19.01647 -13.66112 -94.39366 27.48454 -8.894601 -94.39366 27.48454 -8.894601 -94.39366 27.48454 -8.894601 88.31579 76.98237 18.88894 88.31579 76.98237 18.88894 10.20171 79.91665 16.52942 10.20171 79.91665 16.52942 9.357998 67.52782 14.87968 9.357998 67.52782 14.87968 88.8451 69.59333 17.91963 88.8451 69.59333 17.91963 40.73101 82.11795 16.91616 40.73101 82.11795 16.91616 91.76377 73.28784 18.40429 91.76377 73.28784 18.40429 40.77642 64.9345 14.64518 40.77642 64.9345 14.64518 40.77642 64.9345 14.64518 9.779856 73.39047 18.21378 9.779856 73.39047 18.21378 40.75369 73.19446 18.2899 40.75369 73.19446 18.2899 40.75369 73.19446 18.2899 40.75369 73.19446 18.2899 40.75369 73.19446 18.2899 40.75369 73.19446 18.2899 40.75369 73.19446 18.2899 71.82482 64.7826 14.68037 71.82482 64.7826 14.68037 71.17892 82.07382 16.95708 71.17892 82.07382 16.95708 71.17892 82.07382 16.95708 71.50183 73.09644 18.32796 71.50183 73.09644 18.32796 71.50183 73.09644 18.32796 71.50183 73.09644 18.32796 71.50183 73.09644 18.32796 71.50183 73.09644 18.32796 71.50183 73.09644 18.32796 -86.09558 70.65238 18.052 -86.09558 70.65238 18.052 -8.037807 67.56044 14.8957 -8.037807 67.56044 14.8957 -6.962567 79.94161 16.52101 -6.962567 79.94161 16.52101 -86.48672 78.04457 19.03704 -86.48672 78.04457 19.03704 -38.60529 65.48571 16.17598 -38.60529 65.48571 16.17598 -89.47415 74.38401 18.54922 -89.47415 74.38401 18.54922 -38.32949 82.8572 17.0149 -38.32949 82.8572 17.0149 -38.32949 82.8572 17.0149 -7.500195 73.41926 18.21759 -7.500195 73.41926 18.21759 -38.46737 73.93449 18.38775 -38.46737 73.93449 18.38775 -38.46737 73.93449 18.38775 -38.46737 73.93449 18.38775 -38.46737 73.93449 18.38775 -38.46737 73.93449 18.38775 -38.46737 73.93449 18.38775 -69.37198 83.15172 18.56803 -69.37198 83.15172 18.56803 -69.04934 66.04714 14.83805 -69.04934 66.04714 14.83805 -69.04934 66.04714 14.83805 -69.2106 74.36246 18.49535 -69.2106 74.36246 18.49535 -69.2106 74.36246 18.49535 -69.2106 74.36246 18.49535 -69.2106 74.36246 18.49535 -69.2106 74.36246 18.49535 -69.2106 74.36246 18.49535 88.31579 76.92172 19.34767 88.31579 76.92172 19.34767 10.20171 79.856 16.98814 10.20171 79.856 16.98814 9.357998 67.46717 15.33841 9.357998 67.46717 15.33841 88.8451 69.53267 18.37836 88.8451 69.53267 18.37836 40.73101 82.0573 17.37488 40.73101 82.0573 17.37488 91.76377 73.2272 18.86301 91.76377 73.2272 18.86301 40.77642 64.87384 15.10391 40.77642 64.87384 15.10391 40.77642 64.87384 15.10391 9.779856 73.32982 18.67251 9.779856 73.32982 18.67251 40.75369 73.13381 18.74863 40.75369 73.13381 18.74863 40.75369 73.13381 18.74863 40.75369 73.13381 18.74863 40.75369 73.13381 18.74863 40.75369 73.13381 18.74863 40.75369 73.13381 18.74863 71.82482 64.72195 15.1391 71.82482 64.72195 15.1391 71.17892 82.01317 17.41581 71.17892 82.01317 17.41581 71.17892 82.01317 17.41581 71.50183 73.03578 18.78669 71.50183 73.03578 18.78669 71.50183 73.03578 18.78669 71.50183 73.03578 18.78669 71.50183 73.03578 18.78669 71.50183 73.03578 18.78669 71.50183 73.03578 18.78669 -86.09558 70.59172 18.51073 -86.09558 70.59172 18.51073 -8.037807 67.49978 15.35442 -8.037807 67.49978 15.35442 -6.962567 79.88096 16.97974 -6.962567 79.88096 16.97974 -86.48672 77.98391 19.49577 -86.48672 77.98391 19.49577 -38.60529 65.42506 16.6347 -38.60529 65.42506 16.6347 -89.47415 74.32335 19.00795 -89.47415 74.32335 19.00795 -38.32949 82.79655 17.47362 -38.32949 82.79655 17.47362 -38.32949 82.79655 17.47362 -7.500195 73.35861 18.67631 -7.500195 73.35861 18.67631 -38.46737 73.87384 18.84648 -38.46737 73.87384 18.84648 -38.46737 73.87384 18.84648 -38.46737 73.87384 18.84648 -38.46737 73.87384 18.84648 -38.46737 73.87384 18.84648 -38.46737 73.87384 18.84648 -69.37198 83.28065 17.59291 -69.37198 83.28065 17.59291 -69.04934 65.98648 15.29678 -69.04934 65.98648 15.29678 -69.04934 65.98648 15.29678 -69.2106 74.30181 18.95408 -69.2106 74.30181 18.95408 -69.2106 74.30181 18.95408 -69.2106 74.30181 18.95408 -69.2106 74.30181 18.95408 -69.2106 74.30181 18.95408 -69.2106 74.30181 18.95408 3.70077 115.7587 -1.872977 3.70077 115.7587 -1.872977 3.70077 115.7587 -1.872977 3.70077 115.7587 -1.872977 3.70077 115.7587 -1.872977 3.70077 115.7587 -1.872977 2.386214 107.6105 -0.8065475 2.386214 107.6105 -0.8065475 2.386214 107.6105 -0.8065475 2.386214 107.6105 -0.8065475 2.386214 107.6105 -0.8065475 1.058395 115.4067 -1.752116 1.058395 115.4067 -1.752116 1.058395 115.4067 -1.752116 1.058395 115.4067 -1.752116 1.058395 115.4067 -1.752116 1.058395 115.4067 -1.752116 2.356142 107.2298 -2.861018 2.356142 107.2298 -2.861018 2.356142 107.2298 -2.861018 2.356142 107.2298 -2.861018 2.356142 107.2298 -2.861018 0.3506074 18.74491 -1.666666 0.3506074 18.74491 -1.666666 0.3506074 18.74491 -1.666666 0.3506074 18.74491 -1.666666 0.3506074 18.74491 -1.666666 0.3506074 18.74491 -1.666666 0.3506074 18.74491 -1.666666 0.3506074 18.74491 -1.666666 4.478353 19.29496 -1.855464 4.478353 19.29496 -1.855464 4.478353 19.29496 -1.855464 4.478353 19.29496 -1.855464 4.478353 19.29496 -1.855464 4.478353 19.29496 -1.855464 4.478353 19.29496 -1.855464 4.478353 19.29496 -1.855464 2.334324 19.41782 0.3105805 2.334324 19.41782 0.3105805 2.334324 19.41782 0.3105805 2.334324 19.41782 0.3105805 2.463199 18.60054 -3.908903 2.463199 18.60054 -3.908903 2.463199 18.60054 -3.908903 2.463199 18.60054 -3.908903 1.161553 -104.0472 -1.652369 1.161553 -104.0472 -1.652369 1.161553 -104.0472 -1.652369 1.372474 107.2922 -1.816982 1.372474 107.2922 -1.816982 1.372474 107.2922 -1.816982 1.372474 107.2922 -1.816982 2.32827 115.8372 -0.4863771 2.32827 115.8372 -0.4863771 2.32827 115.8372 -0.4863771 2.32827 115.8372 -0.4863771 2.32827 115.8372 -0.4863771 2.32827 115.8372 -0.4863771 3.383532 107.5576 -1.814106 3.383532 107.5576 -1.814106 3.383532 107.5576 -1.814106 3.383532 107.5576 -1.814106 2.410772 115.3142 -3.187482 2.410772 115.3142 -3.187482 2.410772 115.3142 -3.187482 2.410772 115.3142 -3.187482 2.410772 115.3142 -3.187482 2.410772 115.3142 -3.187482 2.402219 -103.6264 -0.4157443 2.402219 -103.6264 -0.4157443 2.402219 -103.6264 -0.4157443 2.402219 -103.6264 -0.4157443 2.402219 -103.6264 -0.4157443 3.743148 -103.7031 -1.770448 3.743148 -103.7031 -1.770448 3.743148 -103.7031 -1.770448 2.48282 -104.1374 -3.05472 2.48282 -104.1374 -3.05472 2.48282 -104.1374 -3.05472 2.48282 -104.1374 -3.05472 2.48282 -104.1374 -3.05472 1.616776 45.07238 -0.4126381 1.616776 45.07238 -0.4126381 1.616776 45.07238 -0.4126381 1.616776 45.07238 -0.4126381 1.616776 45.07238 -0.4126381 1.652954 41.51416 -3.855189 1.652954 41.51416 -3.855189 3.085952 43.58847 -0.3869879 3.085952 43.58847 -0.3869879 3.085952 43.58847 -0.3869879 3.085952 43.58847 -0.3869879 1.572477 42.04842 -0.2381649 1.572477 42.04842 -0.2381649 1.572477 42.04842 -0.2381649 1.572477 42.04842 -0.2381649 1.572477 42.04842 -0.2381649 3.553285 43.44763 -4.056742 3.553285 43.44763 -4.056742 3.553285 43.44763 -4.056742 3.553285 43.44763 -4.056742 1.531419 45.48974 -4.094649 1.531419 45.48974 -4.094649 -0.3392668 43.628 -3.899443 -0.3392668 43.628 -3.899443 -0.3392668 43.628 -3.899443 -0.3392668 43.628 -3.899443 0.1234102 43.58599 -0.2681829 0.1234102 43.58599 -0.2681829 0.1234102 43.58599 -0.2681829 0.1234102 43.58599 -0.2681829 16.98673 33.75791 26.1327 16.98673 33.75791 26.1327 -14.33638 33.69149 25.92076 18.03714 -58.16972 25.4831 -13.66245 -56.01567 25.2552 -13.66245 -56.01567 25.2552 2.42573 -63.47714 51.61101 2.42573 -63.47714 51.61101 2.42573 -63.47714 51.61101 2.42573 -63.47714 51.61101 2.42573 -63.47714 51.61101 4.196463 -63.1691 30.43025 4.196463 -63.1691 30.43025 4.196463 -63.1691 30.43025 4.196463 -63.1691 30.43025 4.196463 -63.1691 30.43025 4.196463 -63.1691 30.43025 4.196463 -63.1691 30.43025 4.196463 -63.1691 30.43025 2.389473 -62.60491 7.258127 2.389473 -62.60491 7.258127 2.389473 -62.60491 7.258127 2.389473 -62.60491 7.258127 2.389473 -62.60491 7.258127 1.33173 -62.51641 53.74502 1.33173 -62.51641 53.74502 1.33173 -62.51641 53.74502 1.33173 -62.51641 53.74502 1.33173 -62.51641 53.74502 2.472913 -63.72727 53.77033 2.472913 -63.72727 53.77033 2.472913 -63.72727 53.77033 2.472913 -63.72727 53.77033 2.472913 -63.72727 53.77033 2.472913 -63.72727 53.77033 3.561461 -62.61973 53.65486 3.561461 -62.61973 53.65486 3.561461 -62.61973 53.65486 3.561461 -62.61973 53.65486 3.561461 -62.61973 53.65486 3.561461 -62.61973 53.65486 0.6313175 -63.00392 30.57434 0.6313175 -63.00392 30.57434 0.6313175 -63.00392 30.57434 0.6313175 -63.00392 30.57434 0.6313175 -63.00392 30.57434 0.6313175 -63.00392 30.57434 0.6313175 -63.00392 30.57434 0.6313175 -63.00392 30.57434 2.403298 -61.44998 53.63314 2.403298 -61.44998 53.63314 2.403298 -61.44998 53.63314 2.403298 -61.44998 53.63314 2.403298 -61.44998 53.63314 2.403298 -61.44998 53.63314 2.403298 -61.44998 53.63314 1.603004 -62.60417 51.59398 1.603004 -62.60417 51.59398 1.603004 -62.60417 51.59398 1.603004 -62.60417 51.59398 1.603004 -62.60417 51.59398 2.453345 -61.7578 51.51175 2.453345 -61.7578 51.51175 2.453345 -61.7578 51.51175 2.453345 -61.7578 51.51175 2.410688 -64.69112 5.23974 2.410688 -64.69112 5.23974 2.410688 -64.69112 5.23974 2.410688 -64.69112 5.23974 2.410688 -64.69112 5.23974 2.410688 -64.69112 5.23974 3.250859 -63.47494 7.273165 3.250859 -63.47494 7.273165 3.250859 -63.47494 7.273165 3.250859 -63.47494 7.273165 2.455967 -64.93996 30.61485 2.455967 -64.93996 30.61485 2.455967 -64.93996 30.61485 2.455967 -64.93996 30.61485 2.363503 -64.37789 7.360422 2.363503 -64.37789 7.360422 2.363503 -64.37789 7.360422 2.363503 -64.37789 7.360422 2.363503 -64.37789 7.360422 3.52486 -63.55751 5.121568 3.52486 -63.55751 5.121568 3.52486 -63.55751 5.121568 3.52486 -63.55751 5.121568 3.52486 -63.55751 5.121568 3.52486 -63.55751 5.121568 2.344657 -61.29879 30.39546 2.344657 -61.29879 30.39546 2.344657 -61.29879 30.39546 2.344657 -61.29879 30.39546 3.287457 -62.60027 51.52622 3.287457 -62.60027 51.52622 3.287457 -62.60027 51.52622 3.287457 -62.60027 51.52622 2.339426 -62.36021 5.099344 2.339426 -62.36021 5.099344 2.339426 -62.36021 5.099344 2.339426 -62.36021 5.099344 2.339426 -62.36021 5.099344 2.339426 -62.36021 5.099344 1.242635 -63.45177 5.213796 1.242635 -63.45177 5.213796 1.242635 -63.45177 5.213796 1.242635 -63.45177 5.213796 1.242635 -63.45177 5.213796 1.242635 -63.45177 5.213796 1.513905 -63.47639 7.342821 1.513905 -63.47639 7.342821 1.513905 -63.47639 7.342821 1.513905 -63.47639 7.342821 1.678612 43.58472 81.61795 1.678612 43.58472 81.61795 1.678612 43.58472 81.61795 1.678612 43.58472 81.61795 1.678612 43.58472 81.61795 4.698761 44.11011 39.10961 4.698761 44.11011 39.10961 4.698761 44.11011 39.10961 4.698761 44.11011 39.10961 4.698761 44.11011 39.10961 4.698761 44.11011 39.10961 4.698761 44.11011 39.10961 4.698761 44.11011 39.10961 -0.1873054 45.22333 85.2577 -0.1873054 45.22333 85.2577 -0.1873054 45.22333 85.2577 -0.1873054 45.22333 85.2577 -0.1873054 45.22333 85.2577 1.759087 43.15811 85.30089 1.759087 43.15811 85.30089 1.759087 43.15811 85.30089 1.759087 43.15811 85.30089 1.759087 43.15811 85.30089 1.759087 43.15811 85.30089 3.615711 45.04712 85.10395 3.615711 45.04712 85.10395 3.615711 45.04712 85.10395 3.615711 45.04712 85.10395 3.615711 45.04712 85.10395 3.615711 45.04712 85.10395 -1.381927 44.39185 39.35536 -1.381927 44.39185 39.35536 -1.381927 44.39185 39.35536 -1.381927 44.39185 39.35536 -1.381927 44.39185 39.35536 -1.381927 44.39185 39.35536 -1.381927 44.39185 39.35536 -1.381927 44.39185 39.35536 1.64035 47.04224 85.06687 1.64035 47.04224 85.06687 1.64035 47.04224 85.06687 1.64035 47.04224 85.06687 1.64035 47.04224 85.06687 1.64035 47.04224 85.06687 1.64035 47.04224 85.06687 0.2753754 45.07365 81.58891 0.2753754 45.07365 81.58891 0.2753754 45.07365 81.58891 0.2753754 45.07365 81.58891 0.2753754 45.07365 81.58891 1.725708 46.51723 81.44865 1.725708 46.51723 81.44865 1.725708 46.51723 81.44865 1.725708 46.51723 81.44865 1.65295 41.51418 -3.8552 1.65295 41.51418 -3.8552 1.65295 41.51418 -3.8552 1.65295 41.51418 -3.8552 1.730186 41.08973 39.42447 1.730186 41.08973 39.42447 1.730186 41.08973 39.42447 1.730186 41.08973 39.42447 3.55328 43.44764 -4.056754 3.55328 43.44764 -4.056754 1.540333 47.30012 39.05028 1.540333 47.30012 39.05028 1.540333 47.30012 39.05028 1.540333 47.30012 39.05028 3.148373 45.08031 81.47335 3.148373 45.08031 81.47335 3.148373 45.08031 81.47335 3.148373 45.08031 81.47335 1.531418 45.48975 -4.094657 1.531418 45.48975 -4.094657 1.531418 45.48975 -4.094657 1.531418 45.48975 -4.094657 -0.3392716 43.62801 -3.899451 -0.3392716 43.62801 -3.899451</float_array>
          <technique_common>
            <accessor source="#kebenit_Mesh_002-mesh-positions-array" count="2293" stride="3">
              <param name="X" type="float"/>
              <param name="Y" type="float"/>
              <param name="Z" type="float"/>
            </accessor>
          </technique_common>
        </source>
        <source id="kebenit_Mesh_002-mesh-normals">
          <float_array id="kebenit_Mesh_002-mesh-normals-array" count="6702">-0.9744651 0.1768041 0.1384134 -0.9960108 0.04718172 -0.07573914 -0.9985711 0.05293262 -0.007343947 -0.974542 0.175471 0.1395637 -0.9301719 0.3324666 -0.155712 -0.9942519 0.0774722 -0.07390159 -0.1347376 0.04317355 0.9899403 -0.1973018 0.3750964 0.9057453 -0.1215043 0.1487914 0.9813755 0.08089888 0.09306913 -0.9923676 -0.1081252 0.07758933 -0.9911049 0.07988989 0.2663194 -0.9605684 0.007885873 -0.9844615 0.175424 -0.2991189 -0.9445548 -0.1354405 0.1277468 -0.9468283 -0.2952913 -0.04961633 0.1006733 -0.9936817 -0.2369782 0.08856683 -0.9674696 -0.04854339 0.2737797 -0.9605667 -0.0101034 0.03675991 0.9992731 -0.07824015 0.3702512 0.9256309 0.003177285 0.1423147 0.9898164 -0.002588093 0.9992697 0.03812241 -0.02194255 0.9989671 -0.03979176 -0.001162469 0.9996796 0.02528631 0.9920679 0.1252599 0.01055133 0.9986953 -0.05077415 0.005444824 0.9929022 -0.09957307 -0.06504297 0.9819253 -0.05097228 0.1822767 0.9933369 -0.09320253 0.06778889 0.9538125 0.07867109 -0.2899182 0.06312412 0.9979498 0.01057201 -0.01585859 0.9995699 0.02466917 -0.01822268 0.9991155 0.03789871 0.1569977 -0.9439811 -0.2902613 -0.1708531 -0.9852842 -0.00492829 -0.2675763 -0.9500464 -0.1606705 -0.134734 0.04316794 0.989941 0.218109 0.2221601 0.9503018 -0.1973316 0.3750818 0.9057449 0.08089727 0.09306949 -0.9923678 0.08245563 0.07976096 -0.9933979 -0.1081252 0.07758581 -0.9911052 0.007883548 -0.9844612 0.1754258 -0.1889297 -0.981825 0.0180388 -0.2991085 -0.9445549 -0.135463 -0.04961419 0.1006709 -0.993682 -0.04821896 0.08746045 -0.9950004 -0.2369785 0.08855849 -0.9674702 -0.01009446 0.03675794 0.9992733 0.3378649 0.210695 0.9173086 -0.07824069 0.37026 0.9256274 -0.002592146 0.9992699 0.03811913 0.07611316 0.997093 0.003517448 -0.02194708 0.9989671 -0.03978782 0.06312346 0.9979498 0.01056492 -0.03541064 0.9985505 -0.04053384 -0.01585853 0.9995701 0.02466511 0.1569973 -0.9439811 -0.2902615 0.02635729 -0.984121 0.1755313 -0.170853 -0.9852842 -0.004932582 0 -6.17382e-6 1 -0.163556 0.2152698 -0.9627609 0.007713675 0.005656659 -0.9999543 -0.4589508 -0.1668915 -0.8726462 0 -6.20556e-6 1 0.2137453 0.003071904 -0.9768846 0.2608836 0.1570866 -0.9525039 0.777706 0.2588053 -0.5728816 0.01104897 -0.003664195 0.9999323 0.01999217 -0.02993291 0.999352 0.04114037 -0.07686746 0.9961922 0.04972499 -0.07409411 0.9960108 0.00957632 -0.004033744 0.9999461 0.01233023 -0.00289303 0.9999199 -0.981313 0.1286562 -0.1430821 -0.9465481 -0.2997301 0.1192001 -0.9791035 -0.06717312 0.191948 0.1119798 -0.07362407 -0.9909793 -0.2511 -0.575715 -0.7781396 -0.4009233 -0.4998764 -0.7677136 0.9795031 -0.1652118 0.115234 0.933926 -0.2983062 0.1969666 0.9294122 -0.3325355 -0.160041 -0.3236486 0.01408195 0.9460726 0.084347 0.01841706 0.9962663 -0.09012866 0.01712751 0.9957829 -0.9186391 0.2175775 -0.3297916 -0.9778197 0.208961 -0.01428729 -0.9716283 0.2354099 -0.02281999 -0.9707295 0.2388021 -0.02565222 -0.9651767 0.2514818 -0.07204878 -0.9161562 0.2237506 -0.3325561 0.9371374 0.2668496 -0.2248664 0.7790466 0.2059282 -0.5921825 0.2798824 0.3241659 -0.9036495 -0.9812561 0.127888 -0.1441571 -0.8822983 -0.3398327 -0.325674 -0.9465807 -0.2996277 0.1191985 -0.3213378 0.01813483 0.9467911 -0.08482342 0.02180469 0.9961574 -0.1728494 -0.007013797 0.9849233 0.002108991 -0.004734575 0.9999866 -0.005698978 0.005691111 0.9999676 -0.02238774 0.01079815 0.9996911 0.9439866 -0.2994559 0.1386206 0.9849857 -0.1653964 0.04946959 0.9433603 -0.2487841 0.2194947 0.7788327 0.1467101 -0.6098327 -0.4814808 -0.8660683 -0.134544 -0.5392448 -0.82809 0.153239 0.8803172 0.004496097 -0.4743641 -0.84875 -0.5282085 -0.02488511 0.599427 -0.5274187 -0.6020938 0.6947845 -0.5020768 -0.5149695 0.1471303 -0.06827682 -0.9867578 0.9709863 -0.2372106 -0.03027909 0.9660101 -0.2288422 -0.1202325 0.9732191 -0.2046443 0.1047151 0.6445438 -0.4912067 -0.5859004 -0.001334428 -0.9217345 0.3878193 -0.07937854 -0.9334952 0.349694 -0.1369801 -0.9300973 0.3408161 0.01567012 -0.9333906 0.35852 -0.1205186 -0.923902 0.3631533 0.09695291 -0.9184742 0.383413 -0.9318612 -0.3123726 0.184548 -0.9664182 -0.240298 0.09106487 -0.8964164 -0.286882 -0.3378409 -0.8901317 -0.2787715 -0.3604887 -0.9683879 -0.2484688 0.02209901 -0.9297686 -0.3112727 0.19657 -0.5814791 -0.1473245 -0.8001109 -0.8318042 0.1802492 -0.5249877 -0.3010063 0.2267474 -0.9262726 -0.3039031 0.2107548 -0.9290992 -0.8341364 0.1429753 -0.532705 -0.4950814 0.3663186 -0.7878485 -0.4433674 0.3762035 -0.8135702 -0.5410504 0.4474008 -0.7121075 -0.2498854 0.2112144 -0.9449582 -0.1472362 -0.5472028 -0.8239483 -0.03227484 -0.4411448 -0.8968554 -0.2880272 -0.506017 -0.8130112 0.04601937 -0.3045186 -0.9513942 0.1967074 -0.532844 -0.8230332 0.1772348 -0.5598819 -0.8093949 0.01169371 -0.004833817 0.99992 0.01000642 -0.003230333 0.9999448 0.001682341 0.003837764 0.9999913 -0.9140695 -0.3685338 0.1692923 -0.9534889 -0.2142955 0.211982 -0.9900982 -0.06463062 0.1246135 0.4020285 -0.4548446 -0.7946633 0.5248351 -0.09293055 -0.8461158 0.6786119 -0.05327242 -0.7325627 -0.01480859 -0.008225142 0.9998565 -0.04004591 0.01375633 0.9991033 -0.06139791 0.006338298 0.9980933 0.1561414 -0.05063974 -0.9864358 0.8529182 0.2900952 -0.4340226 0.9853801 0.08220446 -0.1492273 0.005649566 0.9999841 -4.80731e-6 0.02759104 -0.01539397 0.9995008 -0.1756533 -0.05830788 0.9827238 -0.2620253 -0.005285501 0.9650467 -0.1467621 -0.15818 -0.9764425 -0.3612502 -0.4682459 -0.8063772 -0.5122839 -0.08605557 -0.8544939 -0.1659661 -0.05370151 0.9846682 0.001596808 -0.04897165 0.9987989 -3.2631e-6 -6.9593e-4 0.9999998 0.00240457 -0.04768067 0.9988598 0.008277297 0.008619785 0.9999287 0.009232759 -1.90419e-4 0.9999575 0.03803956 -0.06366771 0.9972459 0.03840047 -0.02094721 0.9990429 0.00147891 0.007417142 0.9999714 0 -6.00525e-6 1 -0.009806513 -0.4950598 -0.8688037 4.73071e-5 -0.9902865 0.139042 0 6.6617e-6 -1 0 -6.00525e-6 1 0 6.6617e-6 -1 -0.01542651 -0.4949166 -0.8688037 0.964788 0.2571979 -0.05507606 0.9654009 0.0196821 -0.2600265 0.8085413 0.2496055 -0.5328772 0.005650401 0.999984 -6.40974e-6 0.979355 -0.1637475 0.1185346 0.9294825 -0.3324441 -0.1598227 0.9498512 0.1090449 -0.2930735 1 1.48321e-7 -9.36591e-7 0.01767021 -0.9900979 0.1392621 -4.77107e-5 -0.4951311 -0.8688184 0 -0.791531 0.6111291 -1 0 5.44109e-7 -0.9999963 0.002769589 0 0.01417106 -0.9998996 8.63235e-6 0.009986579 -0.707047 0.7070961 0.02894133 -0.7067784 0.7068428 -0.01380497 -1.49803e-4 0.9999048 -0.05699104 0.007349967 0.9983476 -0.02189624 0.006336629 0.9997402 -0.9758343 0.2184937 0.002824008 -0.8309692 0.140932 -0.5381713 -0.9937061 0.03440755 -0.1066039 0.05493664 -0.7064124 0.7056654 -0.6974799 -0.7166044 3.81891e-5 0.01417022 -0.9998996 5.49331e-6 0.9999963 0.002738416 0 -0.9194322 -0.3464576 -0.186042 -0.9954496 0.0944972 0.01226758 -0.8826426 0.18376 -0.4326366 -0.6920776 -0.06430763 -0.7189528 -0.5443553 -0.0681737 -0.83608 -0.3886027 -0.4683724 -0.7934831 0.4874284 -0.1148331 -0.8655789 0.3653873 -0.4601404 -0.8091743 0.2028527 -0.2642527 -0.9428793 0.68126 0.272706 -0.6793499 0.4468 -0.2016368 -0.8716148 0.07390856 -0.008255064 -0.997231 1 0 2.72055e-7 7.85308e-7 -0.7915315 0.6111285 0.03154218 -0.9896762 0.1398078 -1 0 2.72054e-7 -0.7511596 0.01587986 -0.6599297 -0.584485 -0.001382172 -0.8114035 -0.7516694 0.001617014 -0.6595382 -3.55061e-6 -6.95319e-4 0.9999998 -0.8940328 0.02683126 0.4471972 -0.1659601 -0.05372065 0.9846681 0.8941101 -0.02361345 -0.4472244 0.9996511 -0.02641344 1.85772e-7 -0.9999962 0.002769589 0 0.10594 -0.9416625 0.3194505 -0.1688344 -0.9186747 0.3571159 -0.08376467 -0.9206816 0.3812204 0.1042422 -0.9414839 0.3205336 -0.07545673 -0.9035321 0.4218247 0.130823 -0.9327611 0.3359197 0.8172831 -0.1177855 -0.5640702 0.7833593 -0.4903919 -0.3819215 0.562956 -0.502954 -0.6558338 -0.9996503 0.02644604 -1.44711e-7 -0.1672332 -0.04957664 0.9846702 -0.8941181 0.02330917 0.4472243 0.9999963 0.002738356 0 -0.5248865 -0.5166752 -0.6764178 -0.7698388 -0.5006378 -0.3958662 -0.8079552 -0.1291152 -0.5749241 0.1083155 -0.09201651 -0.9898489 -0.5778913 -0.6245068 -0.5253884 -0.2824794 -0.5915031 -0.7552018 -0.4748802 0.3736568 -0.796787 -0.821818 0.141179 -0.5519818 -0.9435447 0.2291445 -0.2391993 -0.9262658 0.2219688 -0.3045678 -0.7070097 0.3499842 -0.6145311 -0.3787812 0.3828237 -0.8425977 0.004041731 6.40745e-5 0.9999919 -8.09041e-5 4.61425e-5 1 0.00211215 -0.04897403 0.9987978 0 -8.01098e-6 1 0.004116833 2.11084e-4 0.9999916 -4.96784e-4 -4.59233e-4 0.9999998 -6.16904e-4 -4.63502e-4 0.9999997 -0.2485923 0.02820563 0.9681975 2.16793e-7 -8.01108e-6 1 -0.249222 0.02161306 0.9682053 -0.001452803 -0.001003086 0.9999985 0.03837585 -0.02100419 0.9990427 0.9841582 0.1109274 -0.1383029 0.9435098 -0.3311043 -0.01261717 0.169373 -0.05768799 -0.9838622 -0.9899644 -0.06670814 0.1245818 -0.9525361 -0.298959 0.05743318 -0.9136207 -0.3689787 0.1707396 -0.9928222 0.07973581 0.08914172 -0.9908677 0.03454941 0.1303365 -0.9671957 -0.1149714 0.2265262 -0.9824435 0.09977495 -0.1576384 -0.979373 -0.09439855 0.1786552 -0.9899376 -0.05144989 0.1318203 -0.7516548 0.008462011 -0.6595025 -0.8801319 0.02207046 -0.4742159 -0.7518349 0.004920244 -0.6593332 0.7749812 0.3075144 -0.5521224 0.02051711 -0.0496115 -0.9985579 0.6128941 -0.1757209 -0.7703786 0.7195832 -0.1805889 -0.670513 0.5746529 -0.1859573 -0.7969906 0.7741143 0.2651787 -0.5748282 0.8373042 0.3109089 -0.4497306 0.7071309 -0.1648445 -0.687599 0.7684585 0.263051 -0.5833316 0.9031937 0.3504314 -0.247869 0.8598219 0.2308707 -0.4554176 0.7855007 0.1845803 -0.5906934 0.9040721 0.3479866 -0.2481109 0.7788253 0.1905192 -0.5976066 0.889367 0.3867931 -0.2437572 0.9047387 0.3447653 -0.2501694 0.8785229 0.4190489 -0.2293376 0.8787953 0.4194495 -0.2275542 -0.8254017 0.1992025 -0.5282332 -0.5821337 -0.1507682 -0.7989928 -0.7183219 -0.1768925 -0.6728467 -0.8226504 0.198044 -0.5329399 -0.7103194 -0.1610715 -0.6852024 -0.8671336 0.2052652 -0.4538124 -0.9486315 0.2155372 -0.2316073 -0.8354493 0.1244208 -0.5352981 -0.8804411 0.132084 -0.4553871 -0.9694612 0.2448555 -0.01381635 -0.9105998 0.2506474 -0.3286089 -0.8174378 0.1635853 -0.5523001 0.99858 -0.02435582 0.04737859 0.9605303 -0.1071373 0.256716 0.997011 -0.01747232 0.07525908 0.9817018 -0.1442673 0.1242921 0.949894 0.1294317 -0.2845152 0.9844697 -0.1545675 0.08323687 0.007473766 0.005541801 -0.9999568 0.1205128 0.1464302 -0.9818528 0.07673567 0.005888819 -0.9970341 -0.325118 -0.4790521 -0.8153572 -0.1155652 -0.1534808 -0.9813707 -0.2051808 -0.3875508 -0.8987243 -0.8764021 0.2010072 -0.4376248 0.195074 -0.06370061 -0.9787177 -0.9160084 -0.3557399 -0.1854127 0.08401632 -0.08979427 -0.9924104 0.3017842 -0.5886842 -0.7499182 0.574501 -0.6268557 -0.5263084 0.07951313 -0.07737082 -0.9938267 0.2670721 -0.5654183 -0.7803684 0.2713346 -0.5724362 -0.7737535 0.9459643 -0.272759 -0.1753687 0.9569533 -0.2386916 0.1651264 0.8796057 -0.447043 0.1626243 0.9447059 -0.2487148 0.2137096 0.8521141 -0.5010822 0.1510577 0.9444103 -0.2990221 0.1366569 -0.1834003 -0.4112052 -0.8929023 -0.01794356 -0.7209167 -0.6927894 -0.4285992 -0.4947341 -0.7560033 0.6848358 -0.05495548 -0.7266222 0.05037808 0.8970025 0.4391452 -0.5836449 0.7274886 0.36072 0.0010764 0.006751298 0.9999767 -0.009361684 -0.03311192 0.9994078 0.03035515 -0.06709235 0.9972849 0.1669343 0.004280269 -0.9859587 -0.009317874 0.1921948 -0.9813126 0.2720686 0.3082 -0.9115874 -0.3827514 0.7170174 -0.5825697 -0.1844459 0.5313243 -0.826846 -0.5914009 0.4072107 -0.6960061 0.6286968 -0.1063303 -0.7703469 0.02078896 -0.07230269 -0.997166 0.6143612 -0.5102846 -0.6018057 0.003475368 -0.8476737 -0.5305066 0.05962288 -0.7512559 -0.6573126 0.3202598 -0.5589327 -0.7648712 0.1558145 -0.714617 -0.6819417 0.2753225 -0.282114 -0.9190263 0.4009049 -0.5227274 -0.7523506 -0.09931957 -0.1535242 -0.983141 0.17043 -0.2695009 -0.947799 -0.1630153 -0.3994754 -0.9021338 0.07328361 -0.6899687 -0.72012 -0.09711658 -0.4177677 -0.9033486 0.1908524 -0.2785819 -0.9412586 0.873932 0.3685066 -0.316932 0.9668249 0.2504962 -0.05001372 0.8116648 0.2484152 -0.5286682 0.9670327 0.2457302 -0.06681585 0.9650521 0.2573663 -0.04936599 0.8719129 0.3730484 -0.3171794 0.8648731 0.38531 -0.321762 0.8419763 0.4447217 -0.3054485 0.9636681 0.2566835 -0.07387554 0.3316295 -0.1208329 -0.9356395 -0.6307554 -0.1108069 -0.7680297 -0.6120191 -0.5135406 -0.6014223 -0.616387 -0.1736691 -0.7680535 0.3343899 -0.06291639 -0.9403324 -0.8032844 0.200286 -0.5609098 0.09829205 -0.03889185 0.9943974 0.1038066 -0.06598609 0.9924062 -0.1023613 -0.07097572 0.992212 9.5413e-4 -0.04897397 0.9987997 -0.1623431 -0.04060459 0.9858986 0.04085618 -0.06719225 0.9969032 -0.1583098 0.009056806 -0.987348 -0.01228654 0.29578 -0.9551771 -0.04189383 0.1236029 -0.9914471 0.7787493 0.2007837 -0.5943362 0.2425 0.1531398 -0.9579885 0.2687663 0.3502985 -0.897249 -0.9167103 0.2197715 -0.3336806 -0.9649102 0.25202 -0.07371699 -0.7129095 0.3101108 -0.6289606 0.03388208 -0.06462663 0.9973342 -0.008746445 -0.03336942 0.9994049 -0.001100659 -0.04869341 0.9988132 -0.4522867 -0.4879185 -0.7465737 -0.04407399 -0.7518729 -0.6578334 -0.1003649 -0.8429026 -0.528623 0.6849224 -0.05488479 -0.726546 0.662398 0.6746105 0.3257753 0.05038475 0.8969934 0.4391631 0.2930733 0.3109547 -0.9041102 0.1175255 0.5455179 -0.829818 0.9375079 0.277117 -0.2104406 0.3526269 0.005279302 0.9357492 0.3489354 -0.5776597 -0.7379387 -0.2631719 -0.6663394 -0.6976621 -0.1931605 -0.3405709 0.9201633 -0.1522659 -0.5087884 -0.847319 0.4519441 -0.8919394 0.01380956 0.9996511 -0.0264129 1.85862e-7 0.4470699 -0.01176643 -0.8944216 0.8941091 -0.02365195 -0.4472244 0 9.26882e-6 -1 0.8940131 -0.02703154 -0.4472247 0.4465413 -0.02470552 -0.8944219 -0.8941165 0.02333092 0.4472264 -0.9996504 0.02644264 2.23161e-6 0.44586 -0.03490114 -0.894422 0 9.27849e-6 -1 -0.07781726 -0.1654512 -0.9831432 0.07650512 0.008383691 -0.997034 0.146162 -0.2833842 -0.9478028 0.1746007 -0.2664688 -0.9478972 0.07648926 -0.003374934 -0.9970647 0.4608444 -0.1597604 -0.8729829 -0.07465356 -0.1669024 -0.9831432 0.00754261 0.005462884 -0.9999567 0.07606899 0.0117101 -0.9970338 -0.4740862 -0.1169921 -0.8726712 0.007517039 0.005915343 -0.9999543 -0.1021862 -0.1512511 -0.9831994 0.8944032 0.005765676 -0.4472246 0.999979 0.006483495 0 0.019508 -0.7068291 0.7071154 0.008580803 -0.7070462 0.7071154 0 -1.17663e-5 1 0.999979 0.006485342 6.622e-7 0.4472154 0.002946734 -0.8944214 0.8944031 0.005824863 -0.4472239 -1.5609e-7 9.8886e-6 -1 0.8943889 0.007667303 -0.4472246 0.4472075 -0.003888249 -0.8944219 -0.3216952 -0.0115807 0.9467725 0.1665083 -0.004287958 0.9860307 0.07997071 0.02298343 0.9965322 0.447179 -0.006371915 -0.8944218 -0.7070978 -0.006049931 -0.7070899 0 9.8887e-6 -1 -0.2501828 -0.001687586 0.9681972 -0.9999791 -0.006483674 0 -0.7020466 -0.7121312 -4.52101e-5 -0.7070781 -0.004159331 -0.7071233 -0.9999791 -0.006484508 5.11176e-7 0 -1.17663e-5 1 -0.2501766 -0.002430438 0.9681972 0.03252154 -0.70635 0.7071154 0.02777147 -0.2466505 0.9687065 0.07077652 -0.2153575 0.9739671 0.0667265 -0.1432014 0.9874416 0.8945943 -0.3865939 0.2241568 -0.4400063 0.7012829 -0.5608893 0.8602291 0.3571326 -0.3639538 0.8964317 -0.3433534 0.2802118 0.8617157 0.3557403 -0.3617941 0.9799509 -0.1433769 0.1383459 0.183465 -0.3461496 -0.9200659 -1 -2.07235e-4 4.41273e-4 1 3.25537e-4 -1.27277e-4 0.1835043 -0.3982645 -0.8987278 1 2.2901e-4 -3.25134e-4 -0.6807654 -0.2014054 -0.7042688 -0.9949046 -0.08997803 0.0454843 -0.6526861 -0.4046716 -0.6405012 -0.8949146 -0.2038034 -0.3969787 -0.9931649 -0.09040474 0.07382684 -0.906431 -0.1980503 -0.3730403 -0.1926823 0.1035621 0.9757809 0.1150583 -0.8346018 -0.5387036 -0.02602535 -0.4998438 0.8657245 0.413752 -0.88128 -0.2283747 0.06938469 -0.8674901 -0.4925918 0.4126498 -0.8812169 -0.2306018 -0.04175245 -0.71968 -0.6930494 0.9999941 0.003388166 6.75671e-4 -0.3193362 -0.7237803 0.6116915 0.9999938 0.003488957 7.30022e-4 -0.9999938 -0.003444254 -7.13206e-4 -0.3212105 -0.2444826 0.9149056 0.9999941 0.003313183 0.001002967 -0.999994 -0.003399968 -6.78838e-4 -0.318891 -0.8445878 0.4300931 -0.9999942 -0.003347098 -6.91386e-4 0.999994 0.00338608 7.18984e-4 -0.6136891 -0.776479 -0.1430599 0.8681134 0.02449458 -0.4957612 0.5835251 -0.4924195 -0.6457721 -0.4384487 -0.8866758 -0.1468629 0.4562934 -0.301838 -0.8370725 -0.5432934 -0.8254516 0.1531727 0.3979869 -0.5463761 -0.7369394 -0.05897951 -0.2757528 0.9594175 0.4478861 -0.8939999 0.01273399 0.3349229 -0.5875364 -0.7366327 0.7244111 -0.6886159 -0.03219676 -0.2767993 -0.6940089 -0.6646306 -0.4169281 -0.8391002 -0.3494023 0.6803462 -0.4053856 -0.6105667 0.1756964 -0.7727262 -0.6099386 -0.3839123 -0.8807439 -0.2773112 0.1666156 -0.7672004 -0.6193892 -0.6728473 -0.6987025 -0.2430871 0.1810683 -0.4225959 -0.8880467 0.697192 -0.4190644 -0.581643 0.4531916 -0.294743 -0.8412753 0.1782563 -0.4254581 -0.8872486 0.4535775 -0.2874702 -0.8435807 -0.6804841 -0.2117966 -0.7014868 -0.3521364 -0.8581399 -0.3736253 0.3829984 -0.6092202 -0.6943796 0.0518397 -0.6867054 -0.725085 -0.3714213 -0.8483814 -0.3772206 -0.03933954 -0.6324206 -0.7736256 -0.5245624 -0.8493481 -0.05867141 0.6972532 -0.4090206 -0.5886767 0.7687016 -0.6378571 0.04728937 0.6697212 -0.7267367 -0.152733 0.7371014 -0.4638809 -0.4914226 0.697656 -0.6724789 -0.2470794 0.1892812 -0.7728205 -0.6057401 -0.6821827 -0.379549 -0.6249555 0.1828626 -0.4184283 -0.8896511 -0.6812289 -0.2116463 -0.700809 -0.6752066 -0.4022679 -0.6182853 -0.6809807 -0.2041739 -0.7032627 -0.9086853 -0.1833772 -0.3750517 0.9598205 0.2687991 -0.08057188 0.9628912 -0.2566987 0.08334559 0.9579703 0.03071969 -0.285218 -0.9857892 0.05905622 -0.1572638 -0.986824 -0.09263616 0.1326535 -0.9688677 0.2429763 -0.047517 0.0474469 -0.07347863 0.9961676 0.01999199 -0.02993363 0.999352 0.04500424 -0.1850208 0.9817036 0.07264935 -0.1419678 0.9872018 0.08829706 -0.2242169 0.9705311 0.04550355 -0.04461234 0.9979676 -0.9672529 0.2523784 -0.02696365 -0.962013 0.227443 -0.1509995 -0.9618846 0.2634251 -0.07338511 0.9856865 0.1547977 0.06678265 0.901639 0.3892444 -0.1885097 0.9016174 0.3515602 -0.2519754 0.8546173 0.3982632 -0.3331902 0.9106992 0.2346484 -0.3399518 0.9776651 0.2089469 -0.02263212 -0.4297244 0.396236 -0.811378 -0.3242204 0.7300115 -0.6016348 -0.5350003 0.4655109 -0.705035 -0.6749699 0.3804534 -0.6321954 -0.2656304 0.7332524 -0.6259245 -0.3625587 0.4101235 -0.8368692 0.8824157 0.4063934 -0.2370383 0.8834108 0.4169409 -0.2138824 0.876854 0.4108244 -0.2497009 -0.585545 0.4223244 -0.6919388 -0.1872415 0.519012 -0.8340067 -0.01236367 0.3341218 -0.9424489 0.05916279 0.3512739 -0.9344017 -0.2256569 0.2169277 -0.9497481 -0.5331471 0.4412754 -0.7218243 0.8466248 0.4356559 -0.3056641 0.8539911 0.4555953 -0.2512617 0.9665053 0.2456833 -0.07421064 -0.9491506 0.2896201 -0.123424 -0.9460107 0.2553225 -0.199686 -0.2658541 0.7073854 -0.6549256 -0.3141259 0.7278788 -0.6095224 -0.7105894 0.339469 -0.6162983 -0.9610701 0.2695455 -0.06074106 0.9426748 0.233267 -0.2386441 0.1130956 0.5463135 -0.8299102 -0.09443426 0.7629877 -0.639478 -0.2357217 0.7501377 -0.6178421 0.9634817 0.2593542 -0.06662243 0.8797132 0.2873988 -0.3788226 0.9451755 -0.2583172 -0.1997889 0.8835367 -0.4377036 0.1666689 0.9709727 -0.2381165 0.0226435 -0.9438575 -0.2647397 -0.1976008 0.2124099 -0.1256564 -0.9690679 -0.6917057 -0.5063766 -0.5149039 -0.640089 -0.4948195 -0.5877413 -0.9709413 -0.2167913 0.1013638 -0.9223921 -0.2591187 -0.2864441 -0.5954511 0.7200967 0.3562287 0.8499107 0.3558478 0.3886182 -0.96295 0.196521 0.1846805 0.1146171 0.8086809 0.5769733 -0.9814 -0.1290699 0.1421087 0.6622654 0.5427671 0.516535 -0.03770422 0.502861 0.8635446 0.9779018 -0.05501478 0.2016964 0.04890578 0.8144806 0.578126 0.9453209 0.2384051 0.2225568 -0.2350388 0.6807242 0.6938093 0.8723556 -0.416921 0.2552896 -0.5888915 -0.8041498 0.08093333 -0.2555526 0.4994642 0.8277852 -0.9925907 -0.09854954 0.07107573 -0.9678685 0.181284 0.1742602 -0.9808918 0.16736 0.09920722 -0.08327072 0.5196978 0.8502824 0.05406397 0.1042523 0.9930804 -0.7810271 -0.5584362 0.2795457 -0.5998668 0.7955952 -0.0847848 -0.9609927 0.01422268 0.2762077 -0.7079426 0.6819043 0.1839125 -0.5786033 -0.6911066 0.4331164 0.8741208 0.4837729 -0.04332077 0.9958984 0.03242456 0.08446937 0.7828258 0.4923142 0.3805397 0.1925801 0.7978553 0.5712618 0.7160801 0.4935963 0.4935505 0.9844689 0.1531573 0.0858134 0.1772845 0.9518513 -0.2500988 0.7955725 0.5773723 -0.1835915 -0.8272361 0.556931 -0.07421815 0.7032935 0.3943864 0.5914708 -0.6863132 0.7167808 0.1232864 0.9199637 0.3774548 0.1058049 -0.146856 0.443848 0.8839867 -0.08581024 0.8112139 0.5784192 -0.9815105 0.1080771 0.1579762 -0.7867571 0.6170515 0.01614856 0.143828 -0.004455149 0.9895927 0.2612779 0.9610064 -0.09055662 0.2933548 -0.9062507 0.3043889 0.819394 -0.5115244 0.2587206 -0.7025804 -0.4304419 0.5666575 -0.07724267 0.5743352 0.8149681 -0.5177749 -0.7225058 0.4581426 0.9447136 -0.3223916 0.05983281 0.325528 0.1348413 0.9358683 -0.7986683 0.5977733 0.0692538 -0.5865128 -0.7775643 0.2267081 -0.9916808 0.1217015 0.04192757 -0.7378672 -0.6735106 0.04399478 -0.6970005 0.6735886 0.2459042 -0.7519243 -0.592563 0.2889272 0.1895619 0.0104987 0.9818127 0.2611939 -0.9632956 0.06196379 -0.5591304 -0.8215369 0.1115816 0.2667127 -0.9633662 0.02810794 0.2947792 0.003058254 0.9555606 -0.6107509 0.7868952 0.08820044 0.2240444 0.9743332 0.02188348 0.04678821 -0.02578961 0.9985719 0.06216603 -0.3430625 0.9372532 -0.08129435 -0.5095639 0.8565838 0.001230061 -0.9441059 0.3296403 0.004120767 -0.721603 0.6922949 0.001238882 -0.9440845 0.3297013 0.008665204 -0.9559986 0.2932434 -0.08131092 -0.5094673 0.8566398 -0.008636116 -0.9567571 0.2907601 0.001235365 -0.9440811 0.3297111 0.004102587 -0.7216931 0.6922011 0.06210345 -0.3430063 0.9372779 0.001259803 -0.9441 0.3296567 0.6769808 -0.3852284 -0.6271333 0.9599189 -0.2782027 -0.03404611 0.9867492 -0.101685 -0.1264367 0.6938794 -0.4154767 -0.5881417 0.9903733 -0.09662222 -0.09912037 0.4521396 -0.2811229 -0.8464868 0.2191476 0.08579093 0.9719127 0.003624916 0.09037768 0.9959011 0.06722909 -0.39938 0.9143172 0.2014653 0.08692592 0.9756309 0.04950737 -0.3960449 0.9168956 -0.0205447 -0.7580171 0.6519113 -1 -2.85862e-4 1.37981e-4 0.1834623 -0.407452 -0.8946086 -0.6807242 -0.2120121 -0.7011887 -1 -3.00852e-4 3.53399e-4 -0.6807361 -0.2007653 -0.7044796 1 2.93198e-4 -3.06245e-4 -0.006264805 0.09584581 0.9953765 -0.2222609 0.08115684 0.9716038 -0.05458843 -0.5559144 0.8294452 0.01137566 0.09118247 0.9957693 -0.05697852 -0.558978 0.8272226 0.07599949 -0.3980125 0.9142265 0.9709267 -0.2390503 -0.01250159 0.1722613 -0.411274 -0.8950865 -0.6886808 -0.2097187 -0.6940726 0.9637112 -0.2668157 -0.008383691 -0.6805502 -0.1970584 -0.705705 0.9906633 -0.09083282 -0.101665 0.1711293 -0.3609101 -0.9167653 0.9631868 -0.2681608 -0.01900291 0.9890242 -0.09747743 -0.1110383 0.1827871 -0.4022347 -0.8971043 0.9910042 -0.0842151 -0.1040129 -0.6803065 -0.1994455 -0.7052692 0.1955455 -0.3487628 -0.9165841 -0.9951407 -0.07945001 0.05816113 -0.2046302 0.08946698 0.9747422 0.1843273 -0.3987542 -0.8983422 -0.1984725 0.1185798 0.9729067 -0.6811134 -0.2064821 -0.7024597 -0.9974266 -0.04952627 0.05183893 0.1948367 -0.4082958 -0.8918146 -0.6726683 -0.2138268 -0.7083753 -0.9946604 -0.07731139 0.06836527 -0.6808012 -0.2097284 -0.7018004 -0.1963768 0.1094915 0.9743961 -0.9780983 -0.1066994 0.1787154 0.4486132 -0.7949988 0.4083174 0.04290533 -0.9476474 0.3164232 -0.9564746 -0.1536954 0.248061 0.09212392 -0.9502716 0.2974851 -0.9971936 0.03319609 0.06710493 -0.4666936 0.6663832 -0.5814899 -0.8408461 -0.4315034 0.3267761 -0.9612348 0.247799 -0.1209267 -0.4318652 0.6597411 -0.6150076 -0.9550036 0.2690316 -0.124861 0.8648315 0.357585 -0.3524193 -0.8272803 -0.3717142 0.4212315 0.06681191 -0.5876194 0.8063744 -0.9605469 0.26603 -0.08110469 0.9973653 -3.09016e-4 -0.0725432 0.2172376 0.965195 -0.1456249 0.445294 0.8953807 0.002638399 0.9997621 0.01830279 0.011868 0.4270135 0.904049 0.01883828 0.9700218 -0.242976 -0.004531025 -0.01765024 -0.5836284 0.8118292 0.8745232 -0.3567124 0.328581 0.9714232 -0.1424102 0.1898849 0.8994365 -0.3155392 0.3024054 0.03346204 -0.5259818 0.8498373 -0.8498125 -0.3302789 0.4107732 -0.1517711 0.9512335 -0.2685526 -0.9762534 -0.0802589 0.2012159 -0.993339 0.1142195 0.01522362 -0.1192138 0.9586606 -0.2583758 -0.9907155 0.131648 -0.0339381 0.2187045 0.9757447 -0.009533524 0.9903106 0.06101453 -0.1247482 -0.1241224 0.9706389 -0.2060436 0.220278 0.9752584 -0.01867526 0.9908203 0.1042363 -0.08608102 0.2025967 0.9790468 0.0205422 0.9985929 0.05057871 0.01594096 0.4251603 -0.8167644 0.3900446 0.9921009 0.1165248 -0.04645347 0.9938903 0.07791274 0.07817852 0.2056783 -0.8042126 0.5576186 0.9566494 -0.06682938 0.2834712 -0.2108383 -0.9333681 0.2904672 -0.8622782 0.05513858 -0.5034243 0.3760245 -0.5047087 -0.7770939 -0.356015 -0.4965811 -0.791619 -0.862263 0.05514711 -0.5034496 -0.3560181 -0.4966353 -0.7915836 -0.7876457 0.5308765 -0.312705 0.2032768 0.9653378 -0.1637125 -0.9909613 0.07877045 -0.1085862 -0.8972347 0.4412755 0.01568204 0.2140765 0.9546474 -0.2069292 -0.8861968 0.4632757 -0.005573511 0.4342383 0.9005207 0.02235209 -0.9992865 0.03708308 0.007160246 0.05057263 -0.9333797 0.3553094 -0.3233617 -0.9412598 0.09730029 -0.9979891 0.0327605 -0.054264 -0.3291954 -0.9414892 0.07230877 -0.9121061 0.4058723 0.05770802 -0.119722 -0.9613786 0.2478265 0.9956197 -0.04237294 0.08334398 0.9521865 -0.3004788 0.0552594 -0.09106743 -0.9192786 0.3829278 0.9496127 -0.3005405 0.08894568 -0.4411186 -0.8969124 0.03102689 -0.5558223 -0.5274283 0.6425582 -0.3946536 -0.4247471 0.814763 -0.5558273 -0.5274423 0.6425423 -0.3946492 -0.4247782 0.8147487 -0.193012 -0.4108591 0.8910338 -0.1709939 0.9696168 -0.174941 -0.8622534 0.05514085 -0.5034666 -0.7876392 0.5308712 -0.3127307 -0.1709964 0.9696118 -0.1749665 -0.7876477 0.5308632 -0.3127227 0.4027268 0.8878799 -0.2224419 0.3760238 -0.5047621 -0.7770595 0.8687424 0.3390603 -0.3610055 0.874679 -0.03428184 -0.4834889 0.3760222 -0.5047427 -0.777073 0.8746851 -0.03428673 -0.4834774 -0.3560187 -0.4966637 -0.7915655 0.8687568 0.3390443 -0.3609858 -0.1709771 0.9696229 -0.1749241 0.4027392 0.8878697 -0.2224605 0.8687452 0.3390508 -0.3610073 0.402737 0.887866 -0.2224792 0.8746574 -0.03428012 -0.483528 0.006973266 -0.3192027 0.9476609 0.004664123 -0.4947471 0.8690246 -0.1930221 -0.4108517 0.8910351 0.006951391 -0.3192349 0.9476502 -0.1930256 -0.410878 0.8910222 -0.3946565 -0.4247518 0.814759 0.5048504 -0.3096208 0.8057674 -0.2118032 -0.06035745 0.9754468 0.1663461 -0.07653826 0.9830926 0.5048587 -0.3096162 0.805764 0.1663444 -0.07655048 0.9830919 0.4995732 -0.5323955 0.6833607 -0.2118178 -0.06039816 0.9754411 -0.5201204 -0.03898036 0.853203 -0.2118078 -0.06040239 0.9754431 -0.5201112 -0.03898161 0.8532086 0.1663427 -0.07653194 0.9830936 0.4651246 -0.7106512 0.5278581 0.5048425 -0.3096412 0.8057644 0.4995576 -0.5324174 0.6833549 0.4651154 -0.7106472 0.5278716 0.4995535 -0.5324105 0.6833633 0.8282487 0.4514874 -0.3319088 0.6984558 0.2381796 -0.6748557 0.8940129 0.2927868 -0.3391413 -0.9830741 -0.1832082 5.351e-4 -0.9830744 -0.1832063 5.51505e-4 0.9830739 -0.1832086 5.57812e-4 0.9830735 -0.183211 5.32572e-4 0.9830744 -0.1832062 5.50232e-4 0.983074 -0.1832087 5.26255e-4 -0.9323864 -0.005363106 0.3614233 -0.7576135 -0.5741474 0.3104459 -0.7295604 -0.5315432 0.4303526 -0.7295349 -0.5315614 0.4303734 -0.8370587 -0.06270879 0.5435076 -0.932375 -0.005385935 0.3614525 0.7574749 -0.5437049 0.3614095 0.7511466 0.5523886 0.3614493 0.6403448 0.5427279 0.5435118 0.2777635 0.8588498 0.4303772 0.6403369 0.5427389 0.54351 0.7511431 0.5523903 0.3614541 -0.5769136 0.4191519 0.7010581 -0.9323779 -0.005377769 0.3614451 -0.8370599 -0.06268894 0.5435081 0.4280056 0.8903644 0.1551209 0.8259462 0.4976149 0.2649388 -0.8370621 -0.06267833 0.5435056 -0.730256 -0.5305634 0.430382 -0.7989367 -0.4673305 -0.378553 -0.7989248 -0.4673469 -0.378558 -0.8370559 0.06266802 -0.5435164 -0.8370443 -0.06270259 0.5435304 0.7140383 -0.4413084 0.5435037 0.6403566 0.5427089 0.5435168 0.7140383 0.4412755 -0.5435303 0.6403568 0.5427203 0.5435052 0.2789322 0.8584686 0.4303821 0.3716635 0.8476816 -0.3785531 0.3716443 0.8476877 -0.3785579 0.7140278 0.4413097 -0.5435164 0.6403275 0.5427298 0.5435304 -0.8090171 0.5877852 0 -0.8370559 -0.06266897 0.5435164 -0.8370443 0.0627017 -0.5435305 -0.8370626 0.06267625 -0.5435052 -0.8090172 0.587785 0 -0.8370859 0.06266188 -0.5434711 -0.7989526 -0.4673355 -0.3785132 -0.7075229 -0.6806216 -0.1901728 -0.7074965 -0.6806574 -0.1901428 -0.9239327 0.03437381 -0.381008 -0.8370642 0.06268346 -0.5435019 0.2203646 -0.678215 -0.7010449 0.6403403 -0.5427508 -0.5434941 0.7058809 -0.6138215 -0.3534904 0.7058559 -0.6138754 -0.3534467 0.2203644 -0.6782136 -0.7010462 0.6403747 -0.5427236 -0.5434808 0.7140542 0.4412811 -0.543505 0.7383076 0.554094 -0.3845539 0.7383123 0.5540925 -0.3845472 0.7059111 -0.6138094 -0.3534511 0.6403584 -0.5427285 -0.5434952 0.7140439 0.4413132 -0.5434923 0.3716665 0.8476837 -0.3785453 0.1083529 0.9879928 -0.1101358 0.1083394 0.9879955 -0.1101253 0.7383469 0.5540383 -0.3845588 0.7140447 0.4412943 -0.5435068 -0.5769156 0.4191555 -0.7010542 -0.8370611 0.06270837 -0.5435039 -0.9239355 0.0343275 -0.3810052 0.3658777 0.928632 -0.06145 0.7406286 0.5608324 -0.3700492 1.47586e-7 0 -1 -0.5179854 -0.3761807 -0.7682313 -0.8139314 0.01408487 -0.5807904 0 -1.29354e-7 -1 -0.8139309 0.01411694 -0.5807903 0.1083765 0.9879903 -0.1101357 0.8114451 0.5735244 0.1123686 0.7383238 0.5540549 -0.3845792 0.7383331 0.5540806 -0.3845244 0.6857112 -0.7278429 0.006702899 0.7058719 -0.6138458 -0.3534661 -0.7575992 -0.5741604 0.3104565 -0.9323781 -0.005388915 0.3614443 -0.8139064 0.0141077 -0.5808247 -0.8139105 0.01411861 -0.5808189 -0.5179255 -0.3762539 -0.7682359 -0.7575934 -0.5741722 0.3104492 -0.9323602 -0.005349934 0.3614913 -0.8090172 0.5877851 0 -0.4903187 0.4151375 -0.7663214 -0.4903059 0.4151554 -0.76632 -0.8139273 0.01415681 -0.5807945 -0.9323763 -0.005372881 0.3614494 0.7511507 0.5524227 0.3613891 0.7574765 -0.5436792 0.3614451 1 0 0 0.7575023 -0.5436779 0.3613926 0.3090158 -0.951057 4.59721e-6 0.309016 -0.9510568 0 0.7574653 -0.5436919 0.3614489 0.3090037 -0.951018 0.009036421 0.6856976 -0.727856 0.006670355 0.3090131 -0.951047 0.00453031 -0.8089819 0.5878224 -0.003621339 -0.9675312 0.2402496 -0.07850956 -0.809024 0.5877757 2.19271e-5 0.8114894 0.5734528 0.1124142 0.3821097 0.923088 0.04359918 0.3090145 0.9510573 2.75522e-5 0.6856975 -0.7278562 0.006665885 0.8114327 0.573543 0.1123628 1 4.47035e-6 9.11951e-6 0.3089495 -0.9510679 0.004497826 0.6856172 -0.7279317 0.006677567 0.3090143 -0.9510574 -8.52346e-6 -0.967496 0.2403991 -0.07848417 -0.8545728 -0.4917124 0.1671056 -0.8090156 -0.5877873 -2.19569e-5 -0.9239506 0.03438705 -0.3809629 -0.8545776 -0.4917091 0.167091 -0.9675181 0.240288 -0.07855314 -0.8089964 0.5877681 -0.007320642 -0.9675206 0.2402969 -0.07849425 -0.8089984 0.5878001 -0.003581583 0.1083881 0.9879861 -0.1101618 0.382094 0.9230946 0.04359674 0.8114426 0.5735247 0.1123862 0.7383331 0.554072 -0.3845367 0.8114543 0.5735041 0.1124063 0.6857113 -0.7278434 0.006648182 0.3090042 -0.9510177 0.009035348 0.7058779 -0.6138312 -0.3534794 0.6856981 -0.727856 0.006629705 -0.923919 0.0343433 -0.3810437 -0.7075188 -0.6806237 -0.1901808 -0.8545752 -0.4917129 0.1670924 -0.8089959 0.587769 -0.007306933 -0.9239306 0.03436118 -0.381014 -0.9675167 0.2403041 -0.07852071 0.1998488 0.5709267 -0.796306 -0.272727 0.4331278 -0.859081 0.08108627 0.6029882 -0.7936185 0.04394066 0.4104522 -0.9108229 -0.03180754 0.6161747 -0.786967 0.024266 0.5633419 -0.8258675 0.1998454 0.7743796 -0.6003317 -0.2727304 0.6602154 -0.6998099 0.08108282 0.8043416 -0.5886088 0.04393929 0.6532487 -0.7558674 -0.03180873 0.8150853 -0.5784671 0.02426385 0.775546 -0.6308248 0.06875979 -0.8688181 0.490334 -0.09471136 -0.7726984 0.6276679 -0.1650217 -0.9139068 0.3708669 0.06878137 -0.8688212 0.4903254 -0.02551776 -0.7763719 0.6297584 -0.09468293 -0.7727006 0.6276695 0.03671079 -0.7954208 -0.6049447 -0.2827326 -0.9152567 -0.2869973 -0.1616704 -0.7165622 -0.6785289 -0.03997409 0.8619213 0.5054638 -0.06236881 0.8194537 0.5697417 -0.02753514 0.8631479 0.5042001 -0.9985821 -0.02008759 0.04929918 -0.9080446 -0.3500465 0.2300488 -0.9894596 0.0111308 0.1443812 0.9916741 0.1269425 -0.02163743 0.9977532 -0.05740827 -0.03453993 0.9679445 0.1333144 -0.2128636 0.1998453 0.7743826 -0.6003279 -0.2727298 0.6602189 -0.6998068 0.08108299 0.8043445 -0.5886048 0.04394298 0.6532487 -0.7558671 -0.03180527 0.8150856 -0.578467 0.02426731 0.7755461 -0.6308244 0.06877452 -0.8688296 0.4903115 -0.09469699 -0.7727233 0.6276396 -0.1650075 -0.9139171 0.3708477 0.06879645 -0.8688217 0.4903223 -0.02550888 -0.7763811 0.6297473 -0.0946682 -0.772713 0.6276565 -0.1287887 -0.7007077 -0.701728 0.1624596 -0.9029559 -0.3978413 -0.3034449 -0.8913214 -0.3368495 -0.0994026 0.8717743 0.4797174 -0.02610772 0.8595659 0.5103577 -0.03994309 0.8591889 0.5100973 -0.9705992 0.2025275 -0.1300766 -0.9891598 -0.1346286 0.05863547 -0.9718636 0.2331488 -0.03350937 0.982006 -0.1001142 0.1601293 0.9491361 -0.2811232 0.141811 0.9954844 -0.08940464 -0.03190153 0.1998466 0.1852583 -0.9621543 -0.2727286 0.03383505 -0.961496 0.08108413 0.2155014 -0.9731314 0.04393982 -0.008409559 -0.9989989 -0.03180801 0.230265 -0.972608 0.02426534 0.1660011 -0.9858271 0.06880331 -0.3288157 0.9418845 -0.09467196 -0.1659547 0.9815785 -0.1649793 -0.4415591 0.8819339 0.06872439 -0.3288552 0.9418765 -0.02557688 -0.1673655 0.9855631 -0.09474241 -0.1659886 0.981566 0.03416639 -0.9729619 0.2284246 -0.285107 -0.8032762 0.5229356 -0.1640899 -0.9790453 0.1206028 -0.03433388 0.9367285 -0.3483688 -0.05699998 0.9597743 -0.2749263 -0.02190971 0.9364726 -0.3500559 -0.9985826 0.01477348 0.05113327 -0.9061877 -0.0913797 0.4128847 -0.9905884 0.1002948 0.09314256 0.9892291 0.08491766 -0.1192262 0.9985686 -0.05333197 0.004067122 0.9652765 -0.04785639 -0.2568094 0.1998508 0.1852625 -0.9621525 -0.2727243 0.03383922 -0.961497 0.08108866 0.2155057 -0.97313 0.04394268 -0.008411347 -0.9989987 -0.03180533 0.2302633 -0.9726085 0.02426701 0.1659986 -0.9858275 0.06879609 -0.3288447 0.9418749 -0.09467291 -0.1659831 0.9815736 -0.1649897 -0.4415817 0.8819206 0.06881171 -0.3288492 0.9418721 -0.02548825 -0.16736 0.9855664 -0.09465312 -0.1659838 0.9815754 -0.1321651 -0.9830986 0.1266875 0.15966 -0.8669502 0.4721295 -0.3060837 -0.8098047 0.5005289 -0.09249448 0.9102108 -0.4036845 -0.01924508 0.9267809 -0.375109 -0.03304928 0.9264233 -0.3750303 -0.9642622 0.06712311 -0.2563065 -0.9924972 -0.03382146 0.1174967 -0.964599 0.1531203 -0.214716 0.9813273 0.03064823 0.1898884 0.9450399 -0.106966 0.3089627 0.9935623 -0.101537 0.05024272 0.1434046 0.9845563 -0.1004198 -0.009890556 0.997122 0.07516622 0.2753578 0.9510594 0.1402293 0.1454316 0.9845864 -0.09715652 -0.01648259 0.9998491 0.005501747 -0.008770704 0.9971372 0.07510304 -0.07569605 -0.1174348 0.9901915 0.2777422 -0.2412397 0.9298725 0.1467185 0.1912548 0.9705129 0.1656503 0.007606863 -0.9861553 0.009187102 -0.09131783 -0.9957795 0.02274751 -0.09195423 -0.9955034 0.1200256 0.4044971 0.9066289 0.01179635 0.04431349 0.9989481 0.2906732 -0.006213605 0.9568023 -0.9957187 0.09072262 0.01770883 -0.992928 0.06968611 0.09611433 -0.984364 0.1680865 0.05267184 0.92159 0.273733 0.2752129 0.9969491 -0.05455023 -0.05582743 0.9687283 0.1779932 -0.1728699 0.02038931 0.1213098 -0.9924054 0.1315219 -0.02482777 -0.9910023 0.007915318 0.1231807 -0.9923527 -0.02719515 -0.9838078 -0.1771513 0.1510632 -0.9457145 0.2877569 -0.04251796 -0.9976462 -0.05379909 0.1892312 -0.9812283 -0.03718453 -0.04412668 -0.9974667 0.0557959 0.01805114 -0.9998294 -0.003951549 -0.9977045 -0.0321061 0.05962437 -0.9938122 -0.1063677 0.03199243 -0.986369 -0.1360068 0.09261971 0.9831224 -0.03894841 -0.1787551 0.9223045 -0.3638479 0.130266 0.966351 -0.2539359 -0.0410161 0.09346312 0.2808201 -0.9551988 0.006426334 0.6228411 -0.7823221 0.3053728 0.5994608 -0.739861 -0.9535531 0.1972132 0.2276912 -0.8235135 0.5608522 -0.085267 -0.9351543 0.3200748 -0.1517847 -0.01085907 0.5580642 0.8297268 0.1149832 0.6581321 0.7440706 -0.0216124 0.5552453 0.8314059 0.9027027 0.4290974 -0.03167849 0.8998522 0.4329147 0.05339211 0.9343288 0.3563117 -0.00846666 0.03436523 -0.5006327 -0.8649775 0.1949281 -0.7461459 -0.6366078 -0.05867737 -0.531265 -0.8451714 -0.990081 -0.121787 0.0700556 -0.8950403 -0.4072847 -0.1817196 -0.8381553 -0.4443268 0.3163378 -0.01358538 -0.5654433 0.8246753 0.1599645 -0.6164863 0.7709449 0.07542598 -0.4164156 0.9060404 0.9091866 -0.4161614 -0.01376789 0.8797676 -0.4746534 0.0267055 0.9105873 -0.4126583 -0.02332305 -0.02879732 -0.9825587 0.1837092 -0.05802392 -0.9963582 0.06247949 0.1308017 -0.9497674 -0.2843112 -0.9550312 0.2912503 0.05557852 -0.9602059 -0.04543966 -0.2755724 -0.983241 0.05879777 0.1725689 0.1700421 -0.9849739 0.03020203 -0.003459513 -0.9999653 0.007582545 -0.06052529 -0.996546 -0.05685836 0.1335192 -0.1766407 0.9751772 0.02345788 0.193041 0.9809103 -0.07124823 0.1300866 0.9889395 0.991083 0.1243996 -0.04774177 0.9941161 0.1038533 0.03078657 0.9996554 0.02590268 -0.004261076 0.9856281 -0.1686047 -0.01047641 0.9953296 -0.09495818 0.01738148 0.9952188 -0.09298688 0.02988517 -0.9772192 -0.1137423 0.1791799 -0.9675685 0.2166922 -0.1298303 -0.9352009 -0.1994305 -0.2926206 0.06517159 0.9978286 0.009538114 -0.03319954 0.9986271 -0.04051887 -0.01358515 0.9996055 0.02458435 0.2811293 0.06473517 0.9574841 -0.0700798 -0.06834024 0.9951977 0.1486963 -0.3713564 0.9165064 0.1529704 0.981759 0.112913 0.2956557 0.9444221 -0.1437173 0.01929795 0.9967456 -0.07826858 9.11556e-4 0.03633129 0.9993395 0.3474702 0.2110718 0.9136264 -0.06682413 0.3708761 0.9262751 -0.001570761 0.999272 0.03811949 0.07684856 0.9970385 0.002926588 -0.02148354 0.9989843 -0.03960996 0.007553577 -0.9844817 0.1753249 -0.1902307 -0.981535 0.02003526 -0.301171 -0.9440674 -0.1342867 -0.06099915 0.1012542 -0.9929888 -0.05961841 0.08805769 -0.9943297 -0.2480729 0.09022009 -0.9645311 -0.119512 0.04252451 0.9919217 0.2330421 0.2207123 0.947089 -0.1837797 0.3745149 0.9088255 0.06514763 0.09426128 -0.9934136 0.06673216 0.08124274 -0.9944579 -0.1237857 0.07787382 -0.9892486 -0.006060421 0.1095558 -0.9939622 0.1045894 0.2529209 -0.9618171 0.1247029 -0.005782485 -0.9921774 0.1513551 -0.9444745 -0.2916499 -0.1733844 -0.9848495 -0.003056526 -0.2719033 -0.94942 -0.1570676 0.06524157 0.9978215 0.009784996 -0.01365923 0.9996069 0.024486 -0.0159347 0.9991604 0.03774577 0.9907722 0.1351191 0.01064789 0.9991506 -0.04083615 0.005521178 0.9938277 -0.09041571 -0.06427836 0.9823694 -0.04120939 0.1823524 0.9942104 -0.08331793 0.06785285 0.9530063 0.0881316 -0.2898483 4.10478e-4 0.03634017 0.9993395 -0.06764954 0.3699444 0.9265877 0.01378977 0.1416928 0.9898147 -0.001537203 0.99927 0.03817337 -0.02105265 0.9989885 -0.03973484 -2.39731e-4 0.9996789 0.02534073 0.006326675 -0.9844749 0.1754118 -0.3014307 -0.9440681 -0.1336979 0.1253105 -0.9470268 -0.2956987 -0.06102901 0.1005905 -0.9930544 -0.2480788 0.08880305 -0.9646611 -0.06157279 0.2737376 -0.9598315 -0.1192784 0.0425204 0.99195 -0.1849701 0.3736307 0.9089479 -0.1063222 0.1478999 0.9832708 0.06515926 0.09400296 -0.9934374 -0.1237073 0.07532906 -0.9894555 0.06449532 0.2673302 -0.9614443 -0.976249 0.1657471 0.1395203 -0.9334159 0.3232032 -0.1558026 -0.994964 0.06761193 -0.0739969 -0.9761891 0.1670708 0.1383551 -0.996422 0.03729897 -0.07584267 -0.9990465 0.04302245 -0.007436156 -0.02235192 -0.1043683 -0.9942876 0.1352897 -0.1996026 -0.9704925 -0.008380651 -0.1037266 -0.9945706 0.160736 0.9816554 0.102551 0.005768239 0.9968873 -0.07862967 0.005089581 0.9999448 -0.0091995 0.1538373 -0.9444013 -0.2905862 0.02372503 -0.9841876 0.1755332 -0.1733809 -0.9848507 -0.002888143 0.1086607 0.7809443 -0.6150764 0.01973724 0.497399 -0.8672973 -0.07305061 0.5672981 -0.8202661 0.9593172 0.2684702 0.08737528 0.766793 0.5988311 -0.2311496 0.8493651 0.5056099 0.1514521 0.02531421 0.5675793 0.8229295 0.1478214 0.4452366 0.883127 0.1386743 0.6654327 0.7334635 -0.9045039 0.4147258 -0.09937477 -0.9063404 0.4222906 -0.01475882 -0.8693048 0.4928959 -0.03691864 0.009270191 -0.6227542 -0.7823627 0.1617277 -0.3111679 -0.9364928 0.2342477 -0.7050427 -0.6693601 0.7249776 -0.685603 -0.06600087 0.8860759 -0.4257118 0.1834098 0.8118425 -0.5838217 0.008016347 0.1733485 -0.4908894 0.853802 -0.002578616 -0.5578914 0.82991 0.08890736 -0.6863132 0.7218516 -0.9044686 -0.4255445 -0.02913051 -0.9280843 -0.3656229 -0.07056564 -0.8810989 -0.4664721 -0.07790118 0.9942045 -0.0943697 -0.0514965 0.9999936 0.003528118 -7.45155e-4 0.999781 -0.004423558 -0.02045369 0.9993218 -0.03337216 0.01556664 0.9998156 0.01134639 0.01549482 0.99879 0.02631574 0.04154497 0.1998425 -0.5119205 0.8354642 -0.2727324 -0.369945 0.8881204 0.08108007 -0.5440917 0.8350991 0.04394304 -0.343597 0.9380885 -0.03180521 -0.5577276 0.8294144 0.02426743 -0.5022224 0.864398 0.06872671 0.6391776 -0.7659822 -0.09474301 0.5006864 -0.8604284 -0.1650552 0.723607 -0.6701864 0.06875312 0.6391573 -0.7659968 -0.02554172 0.5033518 -0.863704 -0.09471189 0.5006622 -0.8604459 -0.1403396 0.7892174 0.5978635 0.1710158 0.9421461 0.2882959 -0.2907245 0.9359651 0.1986168 -0.1086391 -0.9210907 -0.3738844 -0.03331774 -0.915661 -0.4005682 -0.04658216 -0.9148264 -0.401152 -0.995017 -0.07551592 0.06510418 -0.9585572 0.1998533 -0.2030443 -0.9911201 -0.1304835 -0.02559494 0.9965458 -0.02496898 -0.07920295 0.9819105 0.1566469 -0.106366 0.9938576 0.01280093 0.1099242 -0.9938739 0.09710562 0.05277508 -0.9996369 -6.93042e-4 0.02693641 -0.999957 -0.007732152 0.00511831 -0.9987725 0.04106402 -0.02770209 -0.9987902 -0.02588254 -0.04181432 -0.9995263 -0.02975046 -0.007887005 0.03680783 -0.795432 -0.604924 0.1711384 -0.8951315 -0.4116448 -0.2826525 -0.9153168 -0.2868847 -0.04000812 0.8619272 0.5054513 -0.1044472 0.8688204 0.4839856 -0.06240338 0.8194481 0.5697461 -0.998574 -0.01934462 0.04975688 -0.9643079 -0.1976157 -0.1762342 -0.9078162 -0.3489588 0.2325889 0.9916728 0.1269513 -0.02164506 0.9926085 0.1169575 -0.0323956 0.9977071 -0.05738681 -0.03588181 -0.1286693 -0.7006886 -0.701769 0.05513596 -0.7902973 -0.610238 0.1625004 -0.902915 -0.3979176 -0.0994293 0.8717448 0.4797654 -0.07057029 0.8179782 0.5709042 -0.02611511 0.8595702 0.5103502 -0.9704998 0.2033272 -0.1295697 -0.9369198 0.01773393 -0.3490942 -0.9891486 -0.1334725 0.0614019 0.982008 -0.1001039 0.1601232 0.9826389 -0.1100714 0.1493487 0.9493486 -0.2810883 0.1404517 0.0341866 -0.9729627 0.2284182 0.1686862 -0.8876434 0.4285256 -0.2850931 -0.8033007 0.5229054 -0.0343371 0.9367253 -0.3483771 -0.09876275 0.9247473 -0.3675439 -0.05698889 0.9597785 -0.2749138 -0.9985826 0.01477384 0.05113363 -0.9611974 -0.2747116 0.02516049 -0.9061899 -0.09140413 0.4128746 0.9892299 0.08490955 -0.1192254 0.9903853 0.06962472 -0.1195387 0.9985682 -0.05333924 0.004071772 -0.1321541 -0.9831 0.1266879 0.05177271 -0.9659703 0.2534186 0.1596637 -0.8669462 0.4721353 -0.09250164 0.9102073 -0.4036906 -0.06393659 0.9500244 -0.3055585 -0.01925516 0.926782 -0.3751059 -0.9642629 0.06712239 -0.2563042 -0.937331 -0.2246881 -0.2663193 -0.9924972 -0.03379797 0.1175033 0.9813262 0.03063499 0.1898962 0.9817081 0.01519513 0.1897854 0.9450371 -0.1069777 0.308967 -0.07569921 -0.1174256 0.9901923 0.01835918 -0.1677817 0.9856533 0.2777317 -0.2412585 0.9298707 0.1656506 0.007606625 -0.9861552 0.1203699 -0.2451395 -0.9619863 0.009187579 -0.09131765 -0.9957795 0.1200577 0.4044837 0.9066306 -0.08070099 0.1057011 0.991118 0.01179367 0.04431366 0.998948 -0.9957188 0.09072238 0.01770979 -0.9953228 0.09136122 0.03139537 -0.9929282 0.0696839 0.09611374 0.9215905 0.2737296 0.2752148 0.9743912 -0.1618183 0.15613 0.9969494 -0.05455261 -0.05582034 0.02038878 0.1213105 -0.9924052 0.1513025 0.2320943 -0.9608537 0.1315284 -0.02482193 -0.9910016 -0.9977045 -0.03210556 0.05962371 -0.9939231 -0.1083415 0.01946854 -0.9938122 -0.1063668 0.03199237 0.983124 -0.03893041 -0.1787505 0.9546684 0.05223572 0.2930525 0.9223046 -0.3638458 0.1302713 0.0934602 0.280852 -0.9551897 -0.08029431 0.5580731 -0.8258979 0.006433248 0.6228485 -0.7823162 -0.9535641 0.1971631 0.2276891 -0.7569322 0.6209891 0.2035344 -0.8235468 0.5608026 -0.08527058 -0.01087707 0.5580807 0.8297154 0.1041899 0.4420123 0.8909376 0.1149892 0.6581456 0.7440578 0.9027065 0.4290906 -0.03165793 0.9019082 0.4316169 -0.01638698 0.8998571 0.4329089 0.05335718 0.0343641 -0.5006345 -0.8649764 0.2580642 -0.3673827 -0.8935508 0.1949284 -0.7461647 -0.6365855 -0.9900848 -0.121755 0.07005649 -0.9673548 -0.2532662 -0.009000778 -0.8950386 -0.4072946 -0.1817061 -0.01357728 -0.5654377 0.8246792 0.001243531 -0.5663976 0.8241313 0.1599345 -0.6164692 0.7709649 0.9091826 -0.4161698 -0.01377987 0.9274371 -0.3723629 0.03473472 0.8797596 -0.4746673 0.02672117 -0.9550307 0.2912536 0.0555675 -0.9074193 0.38999 -0.1565188 -0.9602082 -0.04546111 -0.2755602 0.1335032 -0.1766477 0.9751783 0.3020389 0.2270887 0.9258527 0.02344894 0.1930438 0.98091 0.9910826 0.1244038 -0.04774069 0.9945126 0.103213 0.01708364 0.9941163 0.1038513 0.03078699 0.9856279 -0.1686062 -0.01047372 0.9969527 -0.06480127 -0.04343116 0.9953296 -0.09495794 0.01738077 -0.9772186 -0.1137462 0.1791805 -0.993994 0.1012912 0.04142516 -0.9675683 0.2166917 -0.1298319 0.2811244 0.06474304 0.957485 0.02077442 -0.01959347 0.9995923 -0.0700789 -0.06833553 0.9951981 -0.0060606 0.1095562 -0.9939622 -0.01816624 0.1077516 -0.9940119 0.1045979 0.2529137 -0.9618181 -0.02235174 -0.104369 -0.9942874 0.09011083 0.05215245 -0.9945654 0.1352922 -0.1995986 -0.9704929 0.1086513 0.7809442 -0.6150782 0.3156986 0.4793343 -0.8188853 0.01974266 0.4973769 -0.8673099 0.9593171 0.268477 0.08735507 0.9612358 0.1797841 -0.2090536 0.7667742 0.598852 -0.2311571 0.02528697 0.5675593 0.8229442 0.01597243 0.5699191 0.8215457 0.1478376 0.4452237 0.8831308 -0.9045042 0.4147179 -0.09940463 -0.9071012 0.4198551 -0.02982163 -0.9063364 0.4222981 -0.01478713 0.009267568 -0.6227557 -0.7823615 -0.0738669 -0.5950226 -0.8003074 0.1617523 -0.3111763 -0.9364858 0.7249911 -0.6855872 -0.06601655 0.8793442 -0.3578166 -0.3141988 0.8860731 -0.4257063 0.1834361 0.1733458 -0.4908905 0.853802 0.01322472 -0.5567122 0.8306002 -0.00257951 -0.557886 0.8299137 -0.9044723 -0.4255374 -0.02912068 -0.9030267 -0.4291529 -0.01925271 -0.928092 -0.3656029 -0.07056909 -0.140354 0.789228 0.5978462 0.05082595 0.8621043 0.5041754 0.1710402 0.942147 0.2882786 -0.108655 -0.9210902 -0.3738811 -0.07296639 -0.8805551 -0.4682936 -0.03333699 -0.9156544 -0.4005818 -0.9950168 -0.07552087 0.0651018 -0.9597198 0.1474171 0.239178 -0.9585575 0.1998455 -0.2030501 0.9965461 -0.02496618 -0.07920086 0.9973334 -0.01355433 -0.07171189 0.9819105 0.1566498 -0.1063614 0.1725652 0.9845563 0.0294969 -0.05990403 0.9971222 0.04646289 0.09707099 0.9510607 0.2933613 0.1717104 0.9845862 0.03324884 -0.01558494 0.9998492 -0.007682204 -0.05906373 0.9971371 0.04721236 -0.7503381 -0.1174342 0.6505398 -0.4566982 -0.2412391 0.8562889 -0.578412 0.1912552 0.7930076 0.8114349 0.007606863 -0.5843934 0.7069973 -0.09131783 -0.7012959 0.7164413 -0.09195429 -0.6915608 -0.5524455 0.4044967 0.7288254 -0.6943111 0.04431319 0.7183095 -0.46645 -0.00621432 0.8845258 -0.7201727 0.09072327 -0.6878376 -0.7733424 0.06968677 -0.6301471 -0.7366965 0.1680872 -0.655 0.461435 0.2737339 0.8438884 0.7478628 -0.05454903 0.6616085 0.810136 0.1779944 0.5585677 0.7125851 0.12131 -0.6910184 0.7905867 -0.02482748 -0.6118466 0.7036821 0.1231809 -0.6997556 0.1052894 -0.9838067 -0.1450467 -0.09504634 -0.9457165 0.3107838 0.007628262 -0.9976458 -0.06815183 0.1606584 -0.981227 0.1066887 -0.07060855 -0.9974669 0.008622825 0.01561349 -0.9998292 0.009895026 -0.7510692 -0.03210568 -0.6594426 -0.7288653 -0.1063673 -0.6763442 -0.7662225 -0.1360066 -0.6280171 0.8245067 -0.03894913 0.5645104 0.5639036 -0.3638488 0.7413682 0.7156959 -0.2539366 0.6506118 0.7383471 0.2808254 -0.6131727 0.5548763 0.6228457 -0.5515212 0.7374876 0.5994642 -0.3110541 -0.8379147 0.1972017 -0.5089309 -0.5253446 0.5608415 -0.6398984 -0.557901 0.3200629 -0.7657065 -0.5913777 0.5580608 0.5821002 -0.4416818 0.6581282 0.6097414 -0.600203 0.555241 0.5757291 0.6638908 0.4290925 0.6124776 0.6020232 0.4329102 0.6709374 0.670041 0.3563067 0.6512224 0.6328805 -0.5006394 -0.5906119 0.5863564 -0.7461508 -0.3153493 0.5528172 -0.5312718 -0.6419841 -0.7529882 -0.1217921 -0.6466649 -0.5083284 -0.4072887 -0.7587609 -0.8182477 -0.4443314 -0.3647471 -0.5897598 -0.5654432 0.5765913 -0.4286114 -0.6164859 0.6604828 -0.5837292 -0.416415 0.6970357 0.6558953 -0.4161682 0.6297662 0.6065148 -0.47466 0.6378383 0.6636141 -0.4126656 0.6239579 -0.7503423 -0.1174261 0.6505364 -0.6802967 -0.1677822 0.7134744 -0.4567063 -0.2412589 0.8562789 0.8114343 0.007606923 -0.5843942 0.7622495 -0.2451393 -0.5990682 0.7069969 -0.09131729 -0.7012965 -0.5524241 0.4044834 0.7288491 -0.7545469 0.105701 0.6476777 -0.6943135 0.04431349 0.7183071 -0.7201735 0.09072309 -0.6878368 -0.729519 0.09136193 -0.6778311 -0.7733421 0.06968468 -0.6301475 0.4614318 0.2737296 0.8438916 0.5827292 -0.1618185 0.7963929 0.7478561 -0.05455249 0.6616156 0.7125849 0.1213106 -0.6910184 0.7834385 0.2320945 -0.5765035 0.7905912 -0.02482181 -0.6118412 -0.7510691 -0.03210562 -0.6594426 -0.7201349 -0.1083416 -0.6853232 -0.7288657 -0.1063669 -0.6763437 0.8245031 -0.03893017 0.5645167 0.4723948 0.05223602 0.8798378 0.5638981 -0.3638455 0.7413741 0.7383426 0.2808449 -0.6131691 0.5238973 0.5580669 -0.6435007 0.5548833 0.6228426 -0.5515177 -0.8379191 0.1971722 -0.508935 -0.6811678 0.6209964 -0.3877807 -0.5253596 0.5608113 -0.6399126 -0.5913829 0.558074 0.5820823 -0.5526614 0.4420059 0.7065382 -0.4416667 0.6581405 0.6097391 0.6638819 0.4290819 0.6124947 0.6525713 0.4316082 0.6227882 0.6020535 0.4329014 0.6709157 0.6328836 -0.5006347 -0.5906127 0.8119795 -0.3673821 -0.4535636 0.5863473 -0.7461642 -0.3153346 -0.7529907 -0.1217474 -0.6466704 -0.6812235 -0.2532581 -0.6868733 -0.5083373 -0.4072867 -0.7587563 -0.5897552 -0.565445 0.5765941 -0.5788376 -0.5664065 0.5866266 -0.4286465 -0.6164748 0.6604704 0.6559031 -0.4161708 0.6297564 0.6347531 -0.3723613 0.6770788 0.606503 -0.4746657 0.6378454 0.04395663 0.4169272 0.9078765 0.006285905 0.4248109 0.9052604 0.09477716 0.3201797 0.942604 0.172399 0.323684 0.9303265 0.2564906 0.2958452 0.9201566 0.1276875 0.4267706 0.8953004 -0.2305772 0.6410992 0.7320014 -0.2314966 0.6010076 0.7649831 -0.3064547 0.5956705 0.7424703 -0.1522525 -0.05441105 0.9868428 -0.04011309 -0.1691396 0.9847755 -0.04473358 -0.1309247 0.9903826 0.0437951 0.361159 0.9314754 0.04688209 0.3306158 0.9426003 0.09179389 0.3242022 0.9415237 -0.1006405 -0.3421255 0.9342492 -0.02792453 -0.4133332 0.9101516 -0.1146334 -0.303152 0.9460223 -0.1985549 0.4492896 -0.8710425 -0.147256 0.4300912 -0.8906948 -0.1675821 0.4444346 -0.8799967 -0.003842532 0.2650914 -0.9642157 -0.03276896 0.3213895 -0.94638 -0.03639352 0.2733826 -0.9612167 -0.0370351 -0.02999824 -0.9988636 -0.01194131 -0.04992508 -0.9986816 -0.0760554 0.01250368 -0.9970252 0.2092699 0.3397397 -0.9169422 0.2703489 0.2726193 -0.9233582 0.2183334 0.3037261 -0.9274055 -0.02966094 -0.4168877 0.908474 0.01120328 -0.4228429 0.9061338 -0.08139586 -0.3218024 0.9433016 -0.2902685 -0.3298153 0.8983129 -0.3731505 -0.3030883 0.8768674 -0.2427517 -0.4329853 0.8680987 0.4610524 -0.708152 0.5347442 0.4515018 -0.6826999 0.5745146 0.5312061 -0.6495865 0.5439279 0.2092519 0.3533419 0.9117912 0.08576077 0.4580267 0.8847919 0.09377294 0.4239498 0.9008181 -0.0469641 0.2697823 0.9617754 -0.04586887 0.3179332 0.947003 -0.012555 0.2639861 0.9644449 0.3430133 -0.152576 0.9268563 0.3623303 -0.1689388 0.9166114 0.3142632 -0.1447808 0.9382309 -0.02521634 -0.3664566 0.9300934 -0.02812004 -0.3356522 0.9415662 -0.07544732 -0.3322673 0.9401628 -0.05364757 0.7784798 0.6253729 -0.02367973 0.7334232 0.6793598 -0.05904847 0.7436689 0.6659353 0.1343578 0.3300787 0.9343427 0.09287899 0.4146895 0.9052106 0.1384468 0.2882556 0.9474921 -0.5606002 0.2434957 0.791478 -0.5152145 0.2343279 0.8244057 -0.5602857 0.2993499 0.7723145 0.06114077 0.9635316 0.2605165 -0.0374031 0.9769269 0.2102739 -0.01802146 0.9616453 0.2737037 8.9721e-4 -0.214649 0.9766909 0.3474733 -0.02402061 0.9373822 -0.06682789 0.1275187 0.9895823 -0.001598 0.9580114 0.286726 0.07685333 0.9646509 0.2520759 -0.02148306 0.9771631 0.2114021 0.007554352 -0.9970514 -0.07636553 -0.1902527 -0.9553745 -0.2259727 -0.3011713 -0.8805217 -0.3660293 -0.06099689 0.3462734 -0.9361486 -0.05962318 0.3338311 -0.9407455 -0.248068 0.3284742 -0.9113545 -0.1497712 -0.2044185 0.9673581 0.203335 -0.02191871 0.9788639 -0.2105357 0.1385096 0.9677242 0.09638172 0.3377469 -0.9362893 0.09800553 0.3251538 -0.940569 -0.0926522 0.3236624 -0.9416254 0.1624158 -0.8414228 -0.515392 -0.1683751 -0.9527434 -0.2528436 -0.2635143 -0.8795802 -0.3961048 0.06108462 0.9635815 0.2603446 -0.01796358 0.9616518 0.2736846 -0.02046406 0.9578832 0.2864282 0.9907748 0.1281498 0.04408097 0.9991496 -0.0409488 -0.004854917 0.9938476 -0.07061851 -0.08532363 0.9823682 -0.08549207 0.1662644 0.9942082 -0.09765142 0.0448836 0.9530075 0.1577966 -0.2586057 4.0454e-4 -0.2146428 0.9766926 -0.06764161 0.1265513 0.9896512 0.01380419 -0.1102491 0.9938082 -0.001551032 0.957997 0.2867744 -0.02105981 0.9772074 0.2112396 -2.4285e-4 0.9616037 0.274442 0.006327509 -0.997069 -0.07624596 -0.3014242 -0.880672 -0.3654592 0.125317 -0.8430396 -0.5230486 -0.06101959 0.3456496 -0.9363777 -0.2480885 0.3271209 -0.9118356 -0.06157034 0.5050098 -0.8609147 -0.1498659 -0.20517 0.9671844 -0.2131615 0.1365609 0.9674261 -0.1366661 -0.1010445 0.9854504 0.09640216 0.3368773 -0.9366005 -0.09261971 0.3219267 -0.9422234 0.09513199 0.4967574 -0.8626599 -0.976249 0.1256211 0.1765143 -0.9334118 0.3519012 -0.07005828 -0.9949643 0.08396714 -0.05473321 -0.9761869 0.1271825 0.1757377 -0.9964237 0.05506515 -0.06409263 -0.9990469 0.04350584 0.00355786 0.160194 -0.8411579 -0.5165185 0.02868658 -0.996693 -0.07602834 -0.168375 -0.9527216 -0.2529258 0.08201497 0.3679416 -0.926225 -0.2803941 0.1888324 -0.9411278 -0.1099199 0.5738073 -0.8115805 -0.0349375 -0.2650631 -0.9635979 0.06825327 -0.3766886 -0.9238221 -0.2666601 -0.4296596 -0.8627196 0.05173331 -0.2265917 -0.9726151 0.01801347 -0.4455638 -0.895069 -0.05346447 -0.222802 -0.9733966 -0.02561515 0.4491564 -0.893086 0.01601356 0.1002148 -0.994837 -0.1879196 0.2634763 -0.9461853 -0.08732146 -0.3667187 -0.9262248 0.2776372 -0.1928635 -0.9411277 0.1016194 -0.5753356 -0.8115802 0.01344639 0.1762188 -0.9842593 -0.09099847 0.2958722 -0.9508833 0.236247 0.3465527 -0.9077934 -0.01608335 0.1474998 -0.9889314 0.02338266 0.3813226 -0.9241464 0.09311801 0.1470679 -0.9847336 -0.01280397 -0.3855568 -0.9225953 -0.04848742 -0.01692253 -0.9986805 0.1493349 -0.1939879 -0.969571 0.2669981 -0.1950298 0.943756 -0.07983994 -0.3662642 0.9270794 0.1161049 -0.5845841 0.8029826 0.0325461 0.2677412 0.9629411 -0.06640857 0.3746926 0.9247677 -0.07490104 0.269439 0.9601004 -0.006070971 0.4500903 0.8929625 -0.04780119 0.2193796 0.9744679 0.054196 0.2227578 0.9733663 -0.003391921 -0.09926003 0.9950558 0.0327475 -0.4481725 0.8933472 0.1876898 -0.2595223 0.9473229 -0.264153 0.1988666 0.9437561 0.08512246 0.3650729 0.9270793 -0.107648 0.5862005 0.8029825 -0.007452785 -0.1832222 0.9830433 0.08621925 -0.2903974 0.953014 0.1000602 -0.1829989 0.9780079 -0.03681641 -0.3728436 0.9271636 0.01086723 -0.1560318 0.9876923 -0.09658175 -0.1428681 0.9850182 0.005267739 0.09919279 0.9950544 -0.02173995 0.4490799 0.8932272 -0.1834629 0.2626319 0.9472941 0.07697516 0.4863497 -0.8703671 -0.2845922 0.3096588 -0.9072589 -0.1133529 0.6758388 -0.7282809 -0.03776359 -0.1356341 -0.9900391 0.0644434 -0.2522715 -0.9655083 -0.2716226 -0.3108046 -0.9108358 -0.1334528 0.3018654 -0.9439639 0.2033953 0.2627006 -0.9431961 0.09286659 0.1364027 -0.9862911 0.0545051 -0.05846315 -0.9968006 0.04038918 -0.04931825 -0.9979662 0.002348244 0.01141995 -0.9999321 0.05848973 -0.1006489 -0.9932013 0.009958624 -0.329466 -0.9441149 -0.04913794 -0.09327435 -0.9944272 -0.008441388 0.5631134 -0.8263366 0.01163434 0.2287322 -0.9734199 -0.1798475 0.3875255 -0.9041454 -0.08132106 -0.2422057 -0.9668109 0.2829019 -0.06741803 -0.9567766 0.1060375 -0.4647911 -0.879048 0.02107626 0.3030021 -0.9527568 -0.08219712 0.4180277 -0.904708 0.2466037 0.4598147 -0.8530868 0.1586142 0.06021767 -0.9855026 -0.188753 0.1039217 -0.9765104 -0.06683576 0.2290962 -0.9711065 -0.05235832 0.3164578 -0.9471606 -0.03840094 0.3077111 -0.9507046 -0.001252353 0.2490122 -0.9684996 -0.03575849 0.280687 -0.9591331 0.01693648 0.5025951 -0.8643561 0.07211709 0.2753036 -0.9586486 -0.01802039 -0.2600373 -0.9654304 -0.03498047 0.116162 -0.9926142 0.149604 -0.06627959 -0.986522 0.2707087 -0.3134298 0.910208 -0.07494658 -0.4848865 0.87136 0.1179625 -0.6853722 0.7185749 0.0356577 0.1387729 0.9896821 -0.06266087 0.2502757 0.9661449 -0.07150948 0.141963 0.9872857 0.1487447 -0.3007128 0.942044 -0.2290527 -0.2587497 0.9383941 -0.04328685 -0.308926 0.9501006 -0.03992444 0.04865217 0.9980176 -0.05552232 0.05938225 0.99669 -0.006327152 -0.005784928 0.9999633 -0.009968876 0.3296018 0.9440674 -0.05855113 0.1006456 0.993198 0.04910981 0.09331363 0.9944249 -0.01143819 -0.2288169 0.9734023 0.00909233 -0.562998 0.8264083 0.1799817 -0.3873918 0.9041761 -0.2687641 0.0695905 0.9606888 0.07922315 0.2405888 0.9673887 -0.1099694 0.4768294 0.8720898 -0.01547569 -0.3095608 0.9507537 0.07764804 -0.4131731 0.9073361 0.09159809 -0.3105272 0.946141 -0.1467662 0.04693454 0.9880571 0.2304298 0.002843081 0.9730848 0.0453217 0.05057936 0.9976913 0.03790724 -0.3070854 0.9509268 0.05338519 -0.3173251 0.946813 0.005175411 -0.2545059 0.9670574 -0.01806616 -0.4920658 0.8703706 0.03196614 -0.2838003 0.9583505 -0.0753569 -0.2714431 0.9594998 0.01131147 -0.03223043 0.9994165 -0.002756595 0.3289811 0.9443326 -0.1769813 0.1410722 0.9740515 0.08202141 0.3679296 -0.9262291 0.2015059 0.3182634 -0.9263389 -0.2804038 0.1888109 -0.9411292 -0.03492099 -0.265053 -0.9636014 0.072784 -0.2713727 -0.9597184 0.06827592 -0.3767089 -0.9238122 0.05968326 -0.2170652 -0.9743309 0.00986123 -0.2753506 -0.9612933 0.02291017 -0.4402427 -0.8975865 -0.0794993 0.4900798 -0.8680447 0.1252881 0.3452538 -0.930109 -0.01368194 0.1576875 -0.9873943 -0.08732765 -0.3667069 -0.926229 -0.2060824 -0.3153199 -0.9263389 0.2776472 -0.1928422 -0.9411291 0.0134325 0.1761857 -0.9842654 -0.09436851 0.1880354 -0.9776182 -0.09100121 0.295888 -0.9508782 -0.02840012 0.1420357 -0.9894541 0.02373278 0.2002535 -0.9794567 0.01594591 0.3778532 -0.9257283 -0.009760022 -0.3915621 -0.9200999 -0.2025537 -0.2208393 -0.9540452 -0.05255693 -0.02437967 -0.9983204 0.2670015 -0.1950308 0.9437549 -0.2081319 -0.3186414 0.9247426 -0.07984077 -0.3662737 0.9270756 0.03252947 0.2677607 0.9629362 0.2801535 0.4334319 0.8565343 -0.0664047 0.3746877 0.9247701 -0.02471482 0.4405945 0.8973661 -0.005939185 0.2755166 0.961278 -0.06365901 0.2175535 0.9739702 0.008853256 -0.1597613 0.987116 -0.1273824 -0.3472441 0.9290831 0.06927269 -0.4968238 0.8650823 -0.2641564 0.1988677 0.9437548 0.212713 0.3156021 0.9247425 0.0851233 0.3650826 0.9270755 -0.007453143 -0.183231 0.9830417 -0.2708839 -0.3552259 0.8946712 0.08620512 -0.2903897 0.9530175 -0.01358979 -0.3653753 0.9307612 -0.0292043 -0.2011143 0.9791324 0.03097915 -0.1458675 0.988819 -0.001505434 0.1447135 0.9894725 0.1472167 0.3309332 0.9321001 -0.04684352 0.48641 0.8724741 0.07699441 0.4863429 -0.8703693 0.1968265 0.4385191 -0.8769039 -0.2846099 0.3096601 -0.9072529 -0.03778988 -0.1356455 -0.9900365 0.06940883 -0.1437163 -0.9871819 0.06442403 -0.2522684 -0.9655104 -0.1334539 0.3018417 -0.9439713 0.04280501 0.3076316 -0.9505423 0.2033773 0.2626708 -0.9432082 0.05451118 -0.05846196 -0.9968003 0.03928017 -0.06307882 -0.9972353 0.04037219 -0.04930669 -0.9979675 0.05850899 -0.10064 -0.9932011 -0.006308913 -0.1573437 -0.9875237 0.009961962 -0.3294579 -0.9441178 -0.00843966 0.5631327 -0.8263234 0.1849535 0.4081284 -0.893993 0.01162987 0.2287135 -0.9734244 -0.08131313 -0.2422029 -0.9668123 -0.2004298 -0.1923611 -0.9606379 0.2829234 -0.06739991 -0.9567714 0.02108561 0.3030042 -0.9527559 -0.08616858 0.3150958 -0.94514 -0.08220249 0.4179983 -0.904721 0.1586216 0.0602101 -0.9855019 -0.02165251 0.05918538 -0.9980122 -0.1887263 0.1039126 -0.9765166 -0.05235356 0.3164191 -0.9471738 -0.03710514 0.3208524 -0.9464022 -0.03838646 0.3077058 -0.950707 -0.0357567 0.2806817 -0.9591347 0.03136533 0.3355726 -0.9414921 0.01692116 0.5025748 -0.8643682 -0.01801258 -0.26002 -0.9654353 -0.2036756 -0.08282631 -0.9755286 -0.03495764 0.116162 -0.992615 0.2707188 -0.3134166 0.9102096 -0.2029739 -0.4410923 0.8742077 -0.07492077 -0.4848707 0.8713709 0.03554117 0.1383266 0.9897488 0.2839047 0.3163191 0.9051743 -0.06268697 0.2502913 0.9661391 0.1487261 -0.3007321 0.9420408 -0.09490853 -0.1535105 0.9835786 -0.2290732 -0.2587535 0.938388 -0.0399152 0.0486682 0.9980171 -0.04063242 0.06262588 0.9972097 -0.05552685 0.05942374 0.9966873 -0.009973585 0.3295933 0.9440704 0.006282448 0.157372 0.9875195 -0.05856555 0.1006315 0.9931986 -0.0114355 -0.2288467 0.9733954 -0.1850913 -0.4076139 0.8941993 0.009086966 -0.5630173 0.8263952 -0.2687668 0.06956839 0.9606897 0.2065874 0.1962876 0.9585368 0.07921063 0.2406055 0.9673855 -0.0154798 -0.3095605 0.9507538 -0.2787347 -0.469325 0.837879 0.07763803 -0.4131613 0.9073423 -0.1467645 0.04694068 0.9880571 0.09404867 -0.1091076 0.9895709 0.2304162 0.002822339 0.9730882 0.03790205 -0.3071028 0.9509213 0.03842967 -0.3203827 0.9465084 0.05338573 -0.3173217 0.9468141 -0.01807975 -0.4920894 0.8703569 -0.03184616 -0.3358978 0.9413599 0.03197586 -0.2838048 0.9583488 0.01131445 -0.0322017 0.9994174 0.1883111 0.1590729 0.9691413 -0.002775251 0.3289998 0.9443259 0.05044114 0.9889364 -0.1395004 -0.1822317 0.9755112 -0.1231654 -0.02287888 0.9916952 0.1265596 0.04932099 0.9895142 -0.1357533 -0.1376545 0.9743547 -0.1780009 -0.1813187 0.9756679 -0.1232706 -0.757059 -0.01543146 0.6531643 -0.4776725 -0.1769043 0.8605428 -0.5966692 0.2976226 0.7452561 0.7833669 0.1375468 -0.6061496 0.710215 0.002222239 -0.7039813 0.718645 0.00243479 -0.6953729 -0.6082828 0.3126899 0.7295321 -0.67927 -0.06195318 0.7312689 -0.4589884 -0.1052713 0.8821834 -0.7219056 6.99383e-4 -0.6919913 -0.7692583 -0.03869456 -0.6377652 -0.7459853 0.07549649 -0.6616692 0.5132739 0.2296468 0.8269295 0.7029172 -0.1770353 0.6888875 0.8231678 0.05170607 0.5654391 0.7187417 0.009200155 -0.6952164 0.7773408 -0.141767 -0.6128976 0.7084554 0.01266926 -0.7056419 -0.7391992 0.06967347 -0.6698734 -0.73328 -0.009955227 -0.679854 -0.7739938 -0.03591781 -0.6321737 0.8179426 0.06532061 0.5715795 0.606935 -0.3084362 0.7324596 0.7287144 -0.1813162 0.6603786 0.6456691 -0.2850672 -0.7084124 0.7081449 0.108391 -0.6976978 0.8537763 0.1979424 -0.4815444 -0.7613993 -0.274554 -0.5872746 -0.7433248 0.1915395 -0.6409219 -0.5758073 -0.03221529 -0.8169506 -0.7119762 0.03412747 0.7013738 -0.6725454 0.2096225 0.7097471 -0.7228429 0.0246216 0.6905737 0.7345576 0.02033001 0.6782418 0.6915733 0.0819267 0.717645 0.7047332 -0.04671424 0.7079328 -0.02914416 -0.8893586 0.4562806 0.06623023 -0.9835522 0.1680432 0.1472454 -0.9706999 0.1898961 0.2947868 -0.9504515 0.09870564 -0.7569231 -0.01667755 0.6532912 -0.6812149 -0.07521539 0.7282094 -0.4781104 -0.1778628 0.8601019 0.79376 0.1240671 -0.5954433 0.7907515 -0.1364067 -0.5967456 0.7087488 -4.26635e-4 -0.7054608 -0.6456481 0.3226956 0.6921027 -0.7569147 -0.01700502 0.6532926 -0.6790176 -0.06175929 0.7315196 -0.7233839 -0.002169013 -0.6904428 -0.7327758 -8.39612e-4 -0.6804698 -0.7694382 -0.03830671 -0.6375716 0.4898582 0.1896263 0.8509294 0.5703373 -0.2765187 0.7734681 0.7147769 -0.1758227 0.6768903 0.7171862 0.01238083 -0.6967716 0.7934896 0.1310739 -0.5943012 0.7567765 -0.1594142 -0.6339372 -0.7413834 0.06878155 -0.6675476 -0.7239707 -0.0121811 -0.6897233 -0.7337062 -0.008850038 -0.6794093 0.8170246 0.06846266 0.5725241 0.4743176 0.1421213 0.8688064 0.6065611 -0.3082733 0.7328378 0.6961206 -0.286301 -0.6583676 0.6435125 0.0439639 -0.7641721 0.7421793 0.07549387 -0.6659358 -0.81342 -0.2317839 -0.5335019 -0.7660881 0.3082661 -0.5639868 -0.6788102 0.2034194 -0.7055758 -0.7127408 0.03063893 0.700758 -0.6007869 -0.06254911 0.7969585 -0.6911849 0.2148431 0.6900042 0.7330716 0.02865713 0.6795475 0.7234625 0.02879732 0.6897628 0.6850709 0.0722199 0.7248877 -0.7076153 0.6969615 -0.1162983 -0.6298422 0.7258584 -0.2764571 -0.7186202 0.6867476 -0.1093744 0.7010253 -0.6770595 0.2239506 0.7033208 -0.6899032 -0.1713867 0.8554325 -0.4629743 -0.2321426 0.7323697 0.6756516 -0.08443725 0.6799983 0.7210673 -0.1329073 0.7076731 0.706404 -0.0138573 0.1393542 -0.0179246 -0.9900804 -0.09341484 -0.001394927 -0.9956264 0.0649048 0.2472687 -0.9667708 0.1384944 -0.01443988 -0.990258 -0.04917109 -0.05591928 -0.9972239 -0.09258812 -9.3412e-4 -0.9957041 -0.7965044 -0.5649147 0.2155278 -0.7033011 -0.6679229 -0.2434063 -0.5781186 -0.8159523 -8.82525e-4 0.7122057 -0.6655125 0.223285 0.6400105 -0.7607413 -0.1079785 0.7255812 -0.6703445 -0.155468 -0.8394534 -0.5172503 0.166644 -0.7653968 -0.5462496 -0.3402636 -0.6575222 -0.7144309 -0.2392764 -0.7088148 0.6961349 -0.1139206 -0.609754 0.7925542 -0.007617056 -0.6508734 0.7015906 -0.2900596 0.7305282 0.6768731 -0.0903961 0.7207608 0.6872389 -0.09059113 0.6751235 0.7277894 -0.1205444 0.1758133 0.004781067 0.984412 -0.2928921 0.1329267 0.9468604 0.06286269 -0.04030674 0.997208 -0.01145869 0.1757774 0.9843633 -0.05182653 -0.07014822 0.9961894 -0.001825332 7.592e-5 0.9999983 0.7963343 -0.5975587 -0.09367716 0.7103402 -0.7032513 0.029235 0.7194986 -0.6938573 0.0297321 -0.6014993 0.725476 -0.3344897 -0.6866567 0.7257415 0.04244947 -0.465661 0.879369 0.099348 0.7439706 -0.6655686 0.05938154 0.7350731 -0.5460551 0.4018599 0.653852 -0.7501962 0.09840434 -0.6971761 -0.6765046 -0.2372487 -0.5716829 -0.8080219 0.1424055 -0.8721697 -0.4464138 0.2000871 0.8200889 0.5692917 -0.05797618 0.6034706 0.7363899 0.3058646 0.7293652 0.6599738 0.1801694 -0.7076164 0.6969608 -0.1162955 -0.6298437 0.7258582 -0.2764543 -0.7186213 0.6867469 -0.1093716 0.7010298 -0.6770561 0.2239469 0.7033246 -0.6898984 -0.1713905 0.855435 -0.4629681 -0.2321458 0.7323717 0.6756485 -0.08444452 0.6800004 0.7210643 -0.1329132 0.7076756 0.7064015 -0.0138632 0.1384777 -0.09778553 0.9855262 -0.06333851 0.3558652 0.9323884 0.04126471 -0.02025759 0.9989429 0.1934776 0.1538344 0.9689693 -0.03701829 0.05682981 0.9976974 0.04923325 0.05814599 0.9970933 0.1393538 -0.01792323 -0.9900805 -0.09341508 -0.001393437 -0.9956263 0.06490463 0.24727 -0.9667704 0.1384944 -0.01444101 -0.9902579 -0.04917109 -0.0559206 -0.9972238 -0.092588 -9.35282e-4 -0.9957041 -0.7220268 -0.6918643 -0.00102961 -0.7704104 -0.6365635 0.0354225 -0.7463302 -0.661228 -0.07595276 0.5035717 0.8289642 -0.2433806 0.7089676 0.6883563 0.1533966 0.821674 0.5647093 -0.0771715 -0.7419046 -0.669447 -0.03766119 -0.7326795 -0.6792928 0.04173845 -0.7725936 -0.6312162 0.06830304 -0.7569131 0.6532803 0.01753443 -0.473905 0.8638489 0.1708194 -0.577585 0.7648751 -0.2852399 0.7185879 -0.6953305 -0.01212382 0.7710785 -0.6198456 0.1457028 0.7085397 -0.7055042 -0.01534533 -0.7965028 -0.5649155 0.2155315 -0.7033006 -0.6679248 -0.2434025 -0.578117 -0.8159535 -8.79068e-4 -0.7111294 0.6961965 0.0980075 -0.6034322 0.7610297 0.2381247 -0.634302 0.7708339 -0.0589587 0.7193292 0.6918458 0.06256961 0.6993495 0.7021149 0.1339597 0.7295049 0.6816841 0.05594217 -0.7563714 0.6537808 0.02174919 -0.6864836 0.7227438 0.07988631 -0.4821624 0.8554763 0.1888911 0.7981951 -0.5955092 -0.0908491 0.7793571 -0.6009282 0.177448 0.7091934 -0.7043264 0.03113019 -0.6144129 0.7123745 -0.3391454 -0.7576351 0.6526013 -0.01003867 -0.6810768 0.7311742 0.03896909 -0.7234047 -0.6904227 0.001500129 -0.7326625 -0.6805921 3.34844e-4 -0.7701028 -0.6368952 0.0361427 0.4863115 0.8477417 -0.2117431 0.5758746 0.7768782 0.2546148 0.7219783 0.6751254 0.1515027 0.7177478 -0.6961623 -0.01400542 0.7987176 -0.5886148 -0.1248321 0.7619139 -0.6292482 0.1534082 -0.7447818 -0.6663193 -0.03631436 -0.7235641 -0.6888644 0.04382735 -0.7331743 -0.6788277 0.04060256 0.8188012 0.5706136 -0.06296712 0.4729077 0.8700097 -0.1394335 0.5986293 0.7412879 0.303538 0.7122027 -0.665514 0.2232902 0.6400082 -0.760744 -0.1079732 0.7255793 -0.6703477 -0.1554629 -0.8394542 -0.5172511 0.1666372 -0.7653961 -0.5462462 -0.3402703 -0.6575218 -0.7144289 -0.2392835 -0.7088166 0.6961327 -0.1139231 -0.6097567 0.792552 -0.007618367 -0.6508753 0.7015882 -0.2900608 0.7305274 0.6768747 -0.0903908 0.7207573 0.6872432 -0.09058612 0.6751211 0.7277922 -0.1205414 0.7326218 -0.679 0.04716348 0.8757236 -0.4800648 -0.05144131 0.6704151 -0.6078839 0.4254655 -0.6894541 -0.6843839 -0.2372169 -0.6775401 -0.7295058 -0.09359848 -0.5783396 -0.7980342 0.1693068 -0.7090828 0.6974291 0.1038955 -0.699089 0.7075884 0.1029242 -0.587682 0.7798684 0.215488 0.7203456 0.6911307 0.05865675 0.6789231 0.7337468 0.02606111 0.7157636 0.684198 0.1398418 0.795358 -0.5979638 -0.09922283 0.7101959 -0.7035877 0.02421164 0.7193451 -0.6942123 0.0247367 -0.6015013 0.7254741 -0.33449 -0.6866588 0.7257395 0.04244917 -0.4656635 0.8793677 0.09934765 0.7439728 -0.6655666 0.05937683 0.7350765 -0.546054 0.4018552 0.6538546 -0.7501946 0.09839963 -0.6971745 -0.6765066 -0.237248 -0.5716802 -0.8080238 0.1424064 -0.8721686 -0.4464163 0.2000869 0.819729 0.5696274 -0.05974137 0.6047784 0.7352356 0.3060585 0.7296586 0.6597766 0.1797032 0.1384743 -0.09777981 0.9855273 -0.06334167 0.3558707 0.9323862 0.04126173 -0.02025169 0.9989431 0.1934695 0.1538334 0.968971 -0.03702664 0.05682981 0.9976971 0.04922538 0.0581445 0.9970938 -0.7220278 -0.6918633 -0.001029551 -0.7704114 -0.6365624 0.03542256 -0.7463312 -0.6612269 -0.0759527 0.5035712 0.8289644 -0.2433807 0.7089672 0.6883568 0.1533965 0.8216736 0.5647097 -0.07717174 -0.7414357 -0.669656 -0.04282701 -0.7327749 -0.6794823 0.03667199 -0.7727956 -0.6314968 0.06323647 -0.7570445 0.6531693 0.01592141 -0.4746013 0.863386 0.1712253 -0.577493 0.764622 -0.2861033 0.7185916 -0.6953266 -0.01212584 0.7710826 -0.6198408 0.1457024 0.708544 -0.7054998 -0.01534575 -0.7111269 0.6961992 0.09800618 -0.6034291 0.7610322 0.2381249 -0.6342992 0.7708362 -0.05895853 0.7193267 0.6918483 0.06257098 0.6993466 0.7021174 0.133961 0.7295031 0.6816858 0.05594426 -0.7565078 0.6536686 0.02033025 -0.6866572 0.7226725 0.0790351 -0.483285 0.854606 0.189958 0.7973202 -0.5958282 -0.09627813 0.7797722 -0.6018181 0.1725405 0.7090062 -0.7047159 0.02618795 -0.6144074 0.7123793 -0.3391451 -0.7576301 0.652607 -0.01003843 -0.6810714 0.7311794 0.03896939 -0.7234072 -0.6904201 0.001499652 -0.7326644 -0.68059 3.354e-4 -0.7701051 -0.6368925 0.03614217 0.4863129 0.8477408 -0.2117436 0.5758759 0.7768773 0.2546147 0.7219795 0.6751242 0.1515025 0.7177454 -0.6961649 -0.01400494 0.7987155 -0.5886177 -0.1248316 0.7619116 -0.6292508 0.1534087 -0.7443802 -0.6664667 -0.04147613 -0.7236436 -0.6890854 0.03874671 -0.7332819 -0.6789975 0.03549998 0.818395 0.5709925 -0.06478708 0.4729259 0.8699178 -0.1399433 0.600028 0.7400404 0.30382 0.7326258 -0.6789962 0.04715698 0.8757261 -0.4800593 -0.0514478 0.6704205 -0.6078822 0.4254594 -0.6894538 -0.6843841 -0.2372168 -0.6775403 -0.7295057 -0.09359884 -0.5783405 -0.7980336 0.1693066 -0.7090815 0.6974304 0.1038953 -0.6990893 0.7075881 0.1029239 -0.5876819 0.7798689 0.2154868 0.7203472 0.6911291 0.05865603 0.6789246 0.7337453 0.02606046 0.7157654 0.6841962 0.1398409</float_array>
          <technique_common>
            <accessor source="#kebenit_Mesh_002-mesh-normals-array" count="2234" stride="3">
              <param name="X" type="float"/>
              <param name="Y" type="float"/>
              <param name="Z" type="float"/>
            </accessor>
          </technique_common>
        </source>
        <source id="kebenit_Mesh_002-mesh-map-0">
          <float_array id="kebenit_Mesh_002-mesh-map-0-array" count="4590">0.7595882 0.2867946 0.7354439 0.2852733 0.7586992 0.2872479 0.7595882 0.2867946 0.7351324 0.2850158 0.7354439 0.2852733 0.7202594 0.7216001 0.7357415 0.2849789 0.7360695 0.28525 0.7309797 0.7226699 0.7615562 0.2867633 0.7320573 0.7221204 0.7595882 0.2867946 0.7193818 0.7208746 0.7351324 0.2850158 0.7586992 0.2872479 0.7320573 0.7221204 0.7595882 0.2867946 0.7354439 0.2852733 0.7193818 0.7208746 0.7202594 0.7216001 0.7586992 0.2872479 0.7202594 0.7216001 0.7309797 0.7226699 0.7615562 0.2867633 0.7606205 0.2872403 0.7360695 0.28525 0.7615562 0.2867633 0.7360695 0.28525 0.7357415 0.2849789 0.7202594 0.7216001 0.7606205 0.2872403 0.7309797 0.7226699 0.7193818 0.7208746 0.7615562 0.2867633 0.7357415 0.2849789 0.7202594 0.7216001 0.7193818 0.7208746 0.7357415 0.2849789 0.7309797 0.7226699 0.7606205 0.2872403 0.7615562 0.2867633 0.7595882 0.2867946 0.7320573 0.7221204 0.7193818 0.7208746 0.7586992 0.2872479 0.7309797 0.7226699 0.7320573 0.7221204 0.7354439 0.2852733 0.7351324 0.2850158 0.7193818 0.7208746 0.7586992 0.2872479 0.7354439 0.2852733 0.7202594 0.7216001 0.7202594 0.7216001 0.7360695 0.28525 0.7606205 0.2872403 0.7193818 0.7208746 0.7320573 0.7221204 0.7615562 0.2867633 0.1085069 0.4326453 0.1084153 0.3944419 0.2605334 0.3945639 0.733295 0.01009351 0.3566674 0.01148766 0.3484078 0.01150101 0.2605334 0.3945639 0.2598406 0.4336003 0.1085069 0.4326453 0.3560493 0.01148998 0.733295 0.01009351 0.7220073 0.01846224 0.605651 0.4090318 0.6096282 0.4006015 0.6312183 0.4014375 0.6312183 0.4014375 0.635968 0.4104621 0.605651 0.4090318 0.6275449 0.1096318 0.3267413 0.1496301 0.6172826 0.1469752 0.2496438 0.05768877 0.2735515 0.03617304 0.2509284 0.05819934 0.6184294 0.1469647 0.3264801 0.1496325 0.3252808 0.1112375 0.6297008 0.3709015 0.6467152 0.4487837 0.5993283 0.4450452 0.7210178 0.119036 0.7220604 0.2072675 0.7483414 0.207284 0.7483414 0.207284 0.7475885 0.1490081 0.7210178 0.119036 0.789299 0.03940421 0.7220073 0.01846224 0.7524263 0.01462966 0.6275449 0.1096318 0.3256351 0.11239 0.3267413 0.1496301 0.6297008 0.3709015 0.5993283 0.4450452 0.6214876 0.3703899 0.605651 0.4090318 0.6443213 0.4457545 0.5969454 0.4435342 0.3264801 0.1496325 0.6184294 0.1469647 0.6192536 0.2071986 0.4641427 0.6925238 0.4759456 0.6972277 0.4733514 0.7112869 0.4641427 0.6925238 0.4733514 0.7112869 0.4633827 0.713918 0.2080533 0.1532246 0.3252853 0.09221202 0.3252808 0.1112375 0.3252808 0.1112375 0.200226 0.2064093 0.2080533 0.1532246 0.38687 0.2097274 0.360144 0.2050408 0.3847261 0.1905646 0.38687 0.2097274 0.3847261 0.1905646 0.3869066 0.1911355 0.3274799 0.2070297 0.3267413 0.1496301 0.3256351 0.11239 0.3256351 0.11239 0.2002255 0.2064225 0.3274799 0.2070297 0.3484078 0.01150101 0.7220073 0.01846224 0.733295 0.01009351 0.733295 0.01009351 0.7220073 0.01846224 0.808812 0.03412204 0.808812 0.03412204 0.8088023 0.03282606 0.733295 0.01009351 0.2735515 0.03617304 0.3283658 0.0115922 0.2509284 0.05819934 0.3314644 0.0115807 0.2735516 0.03617304 0.2507429 0.05820739 0.605651 0.4090318 0.635968 0.4104621 0.6443213 0.4457545 0.3274799 0.2070297 0.6181066 0.2071978 0.6172826 0.1469752 0.2735516 0.03617304 0.3447842 0.01151442 0.367149 0.03707027 0.5862368 0.4495256 0.5727782 0.5107401 0.569222 0.5050167 0.3252853 0.09221202 0.6832574 0.08894199 0.6275414 0.1084761 0.6194493 0.4411 0.6430703 0.4425175 0.646371 0.3875209 0.5269984 0.615541 0.5338472 0.6354546 0.5331233 0.8998116 0.3314644 0.0115807 0.2735515 0.03617304 0.3484078 0.01150101 0.6276151 0.3896701 0.6230657 0.4429273 0.6068906 0.4418782 0.6682524 0.6313651 0.6750543 0.6116237 0.6758602 0.9073078 0.6302849 0.3906254 0.6439982 0.3856598 0.6383158 0.4497925 0.6232404 0.9060212 0.6232404 0.6460592 0.6465584 0.6460592 0.4838146 0.7101374 0.4838146 0.7101374 0.5028648 0.5196976 0.6465584 0.6460592 0.6465583 0.9060212 0.6232404 0.9060212 0.5028648 0.5196976 0.5028648 0.5196976 0.4838146 0.7101374 0.7228139 0.2074894 0.6275414 0.1084761 0.6832574 0.08894199 0.646371 0.3875209 0.6227501 0.3861033 0.6194493 0.4411 0.6184294 0.1469647 0.3252808 0.1112375 0.6275414 0.1084761 0.950649 0.9943439 0.9506876 0.7539066 0.9966445 0.7184353 0.4838146 0.7101374 0.4838146 0.7101374 0.5011964 0.6995077 0.9506876 0.7539066 0.950649 0.9943439 0.9966 0.9943507 0.9967412 0.6844092 0.9675978 0.684181 0.9654772 0.9546274 0.6227653 0.3858652 0.6463634 0.3872814 0.6429906 0.4434813 0.6171314 0.4521869 0.6236721 0.5088984 0.6210585 0.5148728 0.7220604 0.2072675 0.6832572 0.08894193 0.6275449 0.1096318 0.6429906 0.4434813 0.6193924 0.4420651 0.6227653 0.3858652 0.9675901 0.6851648 0.9967336 0.6853929 0.9946379 0.9544503 0.3256351 0.11239 0.6275449 0.1096318 0.6832572 0.08894193 0.3256794 0.1066101 0.3065745 0.03922933 0.2317181 0.1001232 0.3447842 0.01151442 0.2735516 0.03617304 0.3314644 0.0115807 0.7220073 0.01846224 0.3447842 0.01151442 0.3560493 0.01148998 0.9966445 0.7184353 0.9966 0.9943507 0.950649 0.9943439 0.5011964 0.6995077 0.5011964 0.6995077 0.4838146 0.7101374 0.9966 0.9943507 0.9966445 0.7184353 0.9506876 0.7539066 0.3181368 0.1124585 0.6200466 0.1097002 0.6757589 0.08901041 0.6068906 0.4418782 0.6114571 0.3886227 0.6276151 0.3896701 0.4921411 0.6967129 0.5013897 0.6977212 0.500673 0.704249 0.9654772 0.9546274 0.9946347 0.9548556 0.9967412 0.6844092 0.4135178 0.2052296 0.38687 0.2097274 0.3869066 0.1911355 0.5075432 0.5886173 0.5045289 0.5931378 0.5044688 0.5927374 0.367149 0.03707027 0.2498866 0.05768787 0.2735516 0.03617304 0.6050335 0.6763935 0.6050335 0.6763934 0.6055685 0.664451 0.9946379 0.9544503 0.9654804 0.954222 0.9675901 0.6851648 0.2317181 0.1001232 0.2080532 0.1532246 0.3256794 0.1066101 0.2496438 0.05768877 0.2498865 0.05768787 0.2735515 0.03617304 0.808812 0.03412204 0.7220073 0.01846224 0.7628511 0.04383587 0.7628511 0.04383587 0.808813 0.03425741 0.808812 0.03412204 0.6758602 0.9073078 0.6689883 0.8970869 0.6682524 0.6313651 0.5764015 0.5170578 0.5727782 0.5107401 0.6210585 0.5148728 0.6210585 0.5148728 0.6165837 0.5204973 0.5764015 0.5170578 0.5331233 0.8998116 0.5262519 0.9098374 0.5269984 0.615541 0.6275414 0.1084761 0.3252808 0.1112375 0.3252853 0.09221202 0.6172826 0.1469752 0.3267413 0.1496301 0.3274799 0.2070297 0.6283677 0.2072438 0.6172826 0.1469752 0.6181066 0.2071978 0.6275449 0.1096318 0.6172826 0.1469752 0.6283677 0.2072438 0.6757589 0.08901041 0.3181378 0.09227728 0.3181368 0.1124585 0.7250907 0.03164279 0.3671185 0.03296774 0.367149 0.03707027 0.367149 0.03707027 0.3447842 0.01151442 0.7220073 0.01846224 0.7250907 0.03164279 0.367149 0.03707027 0.7220073 0.01846224 0.7638205 0.0438323 0.7250907 0.03164279 0.7220073 0.01846224 0.7638205 0.0438323 0.7220073 0.01846224 0.7894089 0.05424231 0.7638205 0.0438323 0.7894089 0.05424231 0.7894197 0.05569016 0.680174 0.05641067 0.3065745 0.03922933 0.3256794 0.1066101 0.680174 0.05641067 0.3256794 0.1066101 0.6832572 0.08894193 0.7628511 0.04383587 0.7220073 0.01846224 0.7250905 0.03164279 0.7220604 0.2072675 0.7210178 0.119036 0.6832572 0.08894193 0.6283668 0.2071576 0.6192536 0.2071986 0.6184294 0.1469647 0.6184294 0.1469647 0.6275414 0.1084761 0.6283668 0.2071576 0.3566674 0.01148766 0.733295 0.01009351 0.3560493 0.01148998 0.2735515 0.03617304 0.3314644 0.0115807 0.3283658 0.0115922 0.6832572 0.08894193 0.325636 0.0922088 0.3256351 0.11239 0.2496438 0.05768877 0.2735516 0.03617304 0.2498866 0.05768787 0.2496438 0.05768877 0.2507429 0.05820739 0.2735516 0.03617304 0.3252808 0.1112375 0.3264801 0.1496325 0.3272575 0.2070055 0.6192536 0.2071986 0.3272575 0.2070055 0.3264801 0.1496325 0.3283658 0.0115922 0.2698051 0.03439885 0.2509284 0.05819934 0.4641427 0.6925238 0.4646201 0.6928263 0.4644893 0.6921141 0.6383158 0.4497925 0.6257863 0.4423637 0.6302849 0.3906254 0.3566674 0.01148766 0.733295 0.01009351 0.7524263 0.01462966 0.8634381 0.06673401 0.8087889 0.03101295 0.8088023 0.03282606 0.367149 0.03707027 0.3671185 0.03296774 0.2498866 0.05768787 0.2490378 0.05857533 0.2698051 0.03439885 0.2507429 0.05820739 0.2698051 0.03439885 0.3314644 0.0115807 0.2507429 0.05820739 0.3314644 0.0115807 0.3314644 0.0115807 0.3283658 0.0115922 0.2698051 0.03439885 0.3283658 0.0115922 0.3314644 0.0115807 0.7219871 0.1190272 0.7228139 0.2074894 0.6832574 0.08894199 0.7483376 0.2073847 0.7228139 0.2074894 0.7219871 0.1190272 0.7219871 0.1190272 0.7475863 0.148294 0.7483376 0.2073847 0.325636 0.0922088 0.3256794 0.1066101 0.2080532 0.1532246 0.3256794 0.1066101 0.325636 0.0922088 0.6832572 0.08894193 0.6082352 0.6884273 0.6043677 0.6783781 0.6050335 0.6763934 0.6230657 0.4429273 0.6276151 0.3896701 0.6302849 0.3906254 0.3566674 0.01148766 0.7524263 0.01462966 0.733295 0.01009351 0.7220073 0.01846224 0.733295 0.01009351 0.7524263 0.01462966 0.7628511 0.04383587 0.7894218 0.05597949 0.808813 0.03425741 0.6302849 0.3906254 0.6257863 0.4423637 0.6230657 0.4429273 0.2509284 0.05819934 0.2698051 0.03439885 0.2490378 0.05857533 0.4641427 0.6925238 0.4644929 0.6920382 0.4646201 0.6928263 0.7524263 0.01462966 0.8087889 0.03101295 0.789299 0.03940421 0.4759849 0.6972327 0.4641427 0.6925238 0.4633827 0.713918 0.4759849 0.6972327 0.4633827 0.713918 0.4733753 0.7112894 0.500673 0.704249 0.4914296 0.7032412 0.4921411 0.6967129 0.4921547 0.6965904 0.4921411 0.6967129 0.4914296 0.7032412 0.6055685 0.664451 0.6055685 0.6644511 0.6050335 0.6763935 0.4914296 0.7032412 0.491443 0.703112 0.4921547 0.6965904 0.3314644 0.0115807 0.3560493 0.01148998 0.3314644 0.0115807 0.3314644 0.0115807 0.3560493 0.01148998 0.3447842 0.01151442 0.3314644 0.0115807 0.3566674 0.01148766 0.3560493 0.01148998 0.3484078 0.01150101 0.3566674 0.01148766 0.3314644 0.0115807 0.509332 0.5233201 0.5185712 0.5243275 0.5180959 0.5286825 0.6159641 0.5284543 0.575782 0.5250149 0.5764015 0.5170578 0.5180959 0.5286825 0.5088567 0.5276752 0.509332 0.5233201 0.5092977 0.5236316 0.509332 0.5233201 0.5088567 0.5276752 0.6297008 0.3709015 0.6378641 0.3717284 0.6467152 0.4487837 0.5088567 0.5276752 0.5088223 0.5279876 0.5092977 0.5236316 0.6165837 0.5204973 0.6165837 0.5204973 0.6159641 0.5284544 0.5088223 0.5279876 0.5180624 0.528995 0.5185368 0.5246399 0.5764015 0.5170578 0.6165837 0.5204973 0.6159641 0.5284543 0.6190161 0.381012 0.6258987 0.3811727 0.6129401 0.3935814 0.7608957 0.1009036 0.7544254 0.1239396 0.7972264 0.1361097 0.7608957 0.1009036 0.7972264 0.1361097 0.8005913 0.124605 0.4633827 0.713918 0.474219 0.7115756 0.4759116 0.7303639 0.4633827 0.713918 0.4759116 0.7303639 0.4757695 0.7364539 0.5926062 0.3585341 0.5702301 0.3394444 0.6145755 0.3293173 0.5926062 0.3585341 0.6145755 0.3293173 0.6183915 0.3420174 0.4170768 0.1464396 0.4135178 0.2052296 0.389081 0.1905801 0.4170768 0.1464396 0.389081 0.1905801 0.3893712 0.1857833 0.5790019 0.7577301 0.5786301 0.7628808 0.5776789 0.7760909 0.5790019 0.7577301 0.5776789 0.7760909 0.5779196 0.7727541 0.5786301 0.7628808 0.5790019 0.7577301 0.5779196 0.7727541 0.5786301 0.7628808 0.5779196 0.7727541 0.5776789 0.7760909 0.4759456 0.6972277 0.4641427 0.6925238 0.4633827 0.713918 0.4759456 0.6972277 0.4633827 0.713918 0.4733514 0.7112869 0.4641427 0.6925238 0.4759849 0.6972327 0.4733753 0.7112894 0.4641427 0.6925238 0.4733753 0.7112894 0.4633827 0.713918 0.3566631 0.1464396 0.3868559 0.1464396 0.3869056 0.1857833 0.4959554 0.5977537 0.5035682 0.5930407 0.5035234 0.5934829 0.4633827 0.713918 0.463389 0.7138581 0.4757417 0.7364882 0.4633827 0.713918 0.4757417 0.7364882 0.4757695 0.7364539 0.360144 0.2050408 0.3566631 0.1464396 0.384442 0.1857833 0.360144 0.2050408 0.384442 0.1857833 0.3847261 0.1905646 0.3868559 0.1464396 0.4170768 0.1464396 0.3893712 0.1857833 0.3868559 0.1464396 0.3893712 0.1857833 0.3869056 0.1857833 0.463389 0.7138581 0.4633827 0.713918 0.4757695 0.7364539 0.463389 0.7138581 0.4757695 0.7364539 0.4757417 0.7364882 0.7228139 0.2074894 0.6283668 0.2071576 0.6275414 0.1084761 0.6275449 0.1096318 0.6283677 0.2072438 0.7220604 0.2072675 0.6312183 0.4014375 0.6096282 0.4006015 0.6129401 0.3935814 0.6129401 0.3935814 0.6258987 0.3811727 0.6312183 0.4014375 0.7483414 0.207284 0.8080257 0.205905 0.7475885 0.1490081 0.8077092 0.2059617 0.7695918 0.2072975 0.7475756 0.1447204 0.7894089 0.05424231 0.789299 0.03940421 0.8495425 0.07905507 0.808812 0.03412204 0.8634381 0.06673401 0.8088023 0.03282606 0.808813 0.03425741 0.8634381 0.06673401 0.808812 0.03412204 0.7475756 0.1447204 0.7695918 0.2072975 0.7475863 0.148294 0.8088023 0.03282606 0.8087889 0.03101295 0.7524263 0.01462966 0.7524263 0.01462966 0.733295 0.01009351 0.8088023 0.03282606 0.7475863 0.148294 0.7695918 0.2072975 0.7483376 0.2073847 0.7894218 0.05597949 0.849859 0.07903212 0.8634381 0.06673401 0.8634381 0.06673401 0.808813 0.03425741 0.7894218 0.05597949 0.789299 0.03940421 0.8087889 0.03101295 0.8634381 0.06673401 0.8634381 0.06673401 0.8495425 0.07905507 0.789299 0.03940421 0.3252808 0.1112375 0.3272575 0.2070055 0.200226 0.2064093 0.3256351 0.11239 0.325636 0.0922088 0.2080532 0.1532246 0.2080532 0.1532246 0.2002255 0.2064225 0.3256351 0.11239 0.768325 0.2240266 0.6956077 0.2338377 0.6902417 0.2739989 0.6625381 0.273969 0.6902417 0.2739989 0.6956077 0.2338377 0.6959776 0.2338379 0.6906117 0.2739991 0.6630945 0.2739692 0.6906117 0.2739991 0.6959776 0.2338379 0.804046 0.2740423 0.7683252 0.2240266 0.6959776 0.2338379 0.6924981 0.2743179 0.6677309 0.2743085 0.6924981 0.2743179 0.6959776 0.2338379 0.7324908 0.2074452 0.6650274 0.2096855 0.6922494 0.2757602 0.6924981 0.2743179 0.8004704 0.274359 0.7683252 0.2240266 0.8004701 0.2748575 0.6922358 0.2748163 0.6956077 0.2338377 0.6625381 0.273969 0.6956077 0.2338377 0.6922358 0.2748163 0.7333881 0.2752155 0.7748085 0.2753252 0.8002141 0.2078955 0.6956077 0.2338377 0.768325 0.2240266 0.8004701 0.2748575 0.6959776 0.2338379 0.6630945 0.2739692 0.6677309 0.2743085 0.8002141 0.2078955 0.7324908 0.2074452 0.7333881 0.2752155 0.7332284 0.2631474 0.6816741 0.2754804 0.6650274 0.2096855 0.6959776 0.2338379 0.7683252 0.2240266 0.804046 0.2740423 0.7324908 0.2074452 0.8002141 0.2078955 0.7850912 0.274111 0.6902417 0.2739989 0.8040459 0.2740424 0.768325 0.2240266 0.6650274 0.2096855 0.7324908 0.2074452 0.7332284 0.2631474 0.7850912 0.274111 0.7332284 0.2631474 0.7324908 0.2074452 0.6922494 0.2757602 0.7333881 0.2752155 0.7324908 0.2074452 0.5756453 0.804463 0.5779228 0.8051716 0.5755001 0.8065158 0.5732982 0.8048259 0.5755001 0.8065158 0.5728817 0.8063172 0.5779228 0.8051716 0.5781177 0.8066907 0.5755001 0.8065158 0.5732982 0.8048259 0.5756453 0.804463 0.5755001 0.8065158 0.5702301 0.3394444 0.5926566 0.3586099 0.6183646 0.3420498 0.5702301 0.3394444 0.6183646 0.3420498 0.6145755 0.3293173 0.5726955 0.7754496 0.5776789 0.7760909 0.5756453 0.804463 0.5726955 0.7754496 0.5756453 0.804463 0.5732982 0.8048259 0.474219 0.7115756 0.4633827 0.713918 0.4757695 0.7364539 0.474219 0.7115756 0.4757695 0.7364539 0.4759116 0.7303639 0.5776789 0.7760909 0.5827176 0.7761647 0.5779228 0.8051716 0.5776789 0.7760909 0.5779228 0.8051716 0.5756453 0.804463 0.4733753 0.7112894 0.4633827 0.713918 0.4757695 0.7364539 0.4733753 0.7112894 0.4757695 0.7364539 0.4763162 0.7308839 0.4633827 0.713918 0.4733753 0.7112894 0.4763162 0.7308839 0.4633827 0.713918 0.4763162 0.7308839 0.4757695 0.7364539 0.4633827 0.713918 0.4733514 0.7112869 0.4763306 0.730895 0.4633827 0.713918 0.4763306 0.730895 0.4757695 0.7364539 0.4733514 0.7112869 0.4633827 0.713918 0.4757695 0.7364539 0.4733514 0.7112869 0.4757695 0.7364539 0.4763306 0.730895 0.9475729 0.4947529 0.9583544 0.5058438 0.9604702 0.5366305 0.9475729 0.4947529 0.9604702 0.5366305 0.9469566 0.5420065 0.7544254 0.1239396 0.7613888 0.1008863 0.801087 0.1249786 0.7544254 0.1239396 0.801087 0.1249786 0.7972264 0.1361097 0.9456307 0.4740031 0.9583544 0.5058438 0.9475729 0.4947529 0.8267555 0.1119589 0.8050761 0.1102324 0.8083078 0.09995675 0.8267555 0.1119589 0.8083078 0.09995675 0.8301349 0.1037026 0.9583544 0.5058438 0.9702147 0.4759662 0.9717358 0.4968516 0.9702147 0.4759662 0.9583544 0.5058438 0.9456307 0.4740031 0.7964789 0.1199421 0.8252024 0.1246958 0.8262706 0.1115909 0.7964789 0.1199421 0.8262706 0.1115909 0.8050761 0.1102324 0.8253899 0.1255776 0.7964789 0.1199421 0.8050761 0.1102324 0.8253899 0.1255776 0.8050761 0.1102324 0.8267555 0.1119589 0.9583544 0.5058438 0.9717358 0.4968516 0.971916 0.5446583 0.9583544 0.5058438 0.971916 0.5446583 0.9604702 0.5366305 0.4829756 0.4456474 0.4779828 0.4586053 0.5150365 0.4713678 0.4829756 0.4456474 0.5150365 0.4713678 0.5220708 0.4554383 0.8050761 0.1102324 0.8262706 0.1115909 0.829715 0.1032617 0.8050761 0.1102324 0.829715 0.1032617 0.8083078 0.09995675 0.9469566 0.5420065 0.9604702 0.5366305 0.9575061 0.5658847 0.9469566 0.5420065 0.9575061 0.5658847 0.9449894 0.572178 0.9604702 0.5366305 0.971916 0.5446583 0.9678157 0.5745823 0.9604702 0.5366305 0.9678157 0.5745823 0.9575061 0.5658847 0.3966587 0.4553039 0.3990667 0.4522105 0.3990667 0.4522105 0.3966587 0.4553039 0.3990667 0.4522105 0.3966587 0.4553039 0.4826585 0.4361745 0.4829756 0.4456474 0.5220708 0.4554383 0.4826585 0.4361745 0.5220708 0.4554383 0.5222435 0.4435545 0.4779828 0.4586053 0.4827944 0.4458526 0.5218311 0.4556844 0.4779828 0.4586053 0.5218311 0.4556844 0.5150365 0.4713678 0.4827944 0.4458526 0.4826585 0.4361745 0.5222435 0.4435545 0.4827944 0.4458526 0.5222435 0.4435545 0.5218311 0.4556844 0.396502 0.4552705 0.3965857 0.4552885 0.3966587 0.4553039 0.396502 0.4552705 0.3966587 0.4553039 0.3990667 0.4522105 0.6126412 0.4413877 0.6126412 0.4413877 0.6126412 0.4413877 0.6126412 0.4413877 0.6126412 0.4413877 0.6126412 0.4413877 0.6126412 0.4413877 0.6126412 0.4413877 0.6126412 0.4413877 0.6126412 0.4413877 0.6126412 0.4413877 0.6126412 0.4413877 0.6126412 0.4413877 0.6126412 0.4413877 0.6126412 0.4413877 0.6126412 0.4413877 0.6126412 0.4413877 0.6126412 0.4413877 0.7894089 0.05424231 0.7220073 0.01846224 0.789299 0.03940421 0.4977768 0.8571385 0.497955 0.8538675 0.497955 0.8538675 0.497955 0.8538675 0.4977768 0.8571385 0.4977768 0.8571385 0.4977768 0.8571385 0.4977768 0.8571385 0.497955 0.8538675 0.497955 0.8538675 0.497955 0.8538675 0.4977768 0.8571385 0.4977768 0.8571385 0.4977768 0.8571385 0.497955 0.8538675 0.497955 0.8538675 0.497955 0.8538675 0.4977768 0.8571385 0.5138249 0.7683826 0.5028204 0.7638537 0.5037834 0.7632605 0.5037834 0.7632605 0.5135583 0.7672835 0.5138249 0.7683826 0.5037271 0.7519882 0.515292 0.7491838 0.5148616 0.7502297 0.5204051 0.75923 0.5148616 0.7502297 0.515292 0.7491838 0.5215328 0.7593163 0.5138249 0.7683826 0.5135583 0.7672835 0.5135583 0.7672835 0.5204051 0.75923 0.5215328 0.7593163 0.8175624 0.3610353 0.8147018 0.2975594 0.9105639 0.2942942 0.9105639 0.2942942 0.9134238 0.3577702 0.8175624 0.3610353 0.8170284 0.3612702 0.8166083 0.3132408 0.9124832 0.3104059 0.8166083 0.3132408 0.8164784 0.298399 0.9123533 0.2955641 0.9123533 0.2955641 0.9124832 0.3104059 0.8166083 0.3132408 0.8164784 0.298399 0.8168187 0.3372556 0.9126935 0.3344205 0.9126935 0.3344205 0.9123533 0.2955641 0.8164784 0.298399 0.1771657 0.6246654 0.1673907 0.6206424 0.1664277 0.6212355 0.1664277 0.6212355 0.1774322 0.6257646 0.1771657 0.6246654 0.1673907 0.6206424 0.1681961 0.6101027 0.1673344 0.6093701 0.5037271 0.7519882 0.5028204 0.7638536 0.5037834 0.7632605 0.1681961 0.6101027 0.178469 0.6076117 0.1788994 0.6065658 0.1788994 0.6065658 0.1673344 0.6093701 0.1681961 0.6101027 0.178469 0.6076117 0.1840125 0.616612 0.1851401 0.6166982 0.1851401 0.6166982 0.1788994 0.6065658 0.178469 0.6076117 0.1840125 0.616612 0.1771657 0.6246654 0.1774322 0.6257646 0.5138249 0.7683826 0.5215328 0.7593163 0.5204051 0.75923 0.5037271 0.7519882 0.5028204 0.7638536 0.5138249 0.7683826 0.515292 0.7491838 0.5037271 0.7519882 0.5138249 0.7683826 0.1851401 0.6166982 0.1789227 0.6065676 0.1788994 0.6065658 0.1788994 0.6065658 0.1673578 0.6093719 0.1673344 0.6093701 0.5028204 0.7638537 0.5138249 0.7683826 0.5138249 0.7683826 0.5138249 0.7683826 0.5028204 0.7638536 0.5028204 0.7638537 0.5138249 0.7683826 0.5215328 0.7593163 0.5215328 0.7593163 0.5215328 0.7593163 0.5138249 0.7683826 0.5138249 0.7683826 0.515292 0.7491838 0.5037271 0.7519882 0.5037271 0.7519882 0.5037271 0.7519882 0.5028204 0.7638537 0.5028204 0.7638536 0.5028204 0.7638536 0.5037271 0.7519882 0.5037271 0.7519882 0.1664277 0.6212355 0.1673578 0.6093719 0.166451 0.6212373 0.1851634 0.6166999 0.1774556 0.6257664 0.1754375 0.6159591 0.1789227 0.6065676 0.1851634 0.6166999 0.1754395 0.6159569 0.1673578 0.6093719 0.1789227 0.6065676 0.1754379 0.6159542 0.166451 0.6212373 0.1673578 0.6093719 0.175435 0.615955 0.1774556 0.6257664 0.166451 0.6212373 0.1754348 0.615958 0.1774322 0.6257646 0.166451 0.6212373 0.1774556 0.6257664 0.1851401 0.6166982 0.1774556 0.6257664 0.1851634 0.6166999 0.1851401 0.6166982 0.1851634 0.6166999 0.1789227 0.6065676 0.1788994 0.6065658 0.1789227 0.6065676 0.1673578 0.6093719 0.1664277 0.6212355 0.1673344 0.6093701 0.1673578 0.6093719 0.1774322 0.6257646 0.1664277 0.6212355 0.166451 0.6212373 0.1851401 0.6166982 0.1774322 0.6257646 0.1774556 0.6257664 0.5724337 0.7425075 0.5723311 0.7426987 0.557403 0.7346703 0.5724337 0.7425075 0.557403 0.7346703 0.5571144 0.734307 0.5547901 0.5008747 0.5548737 0.5006892 0.5693429 0.5072281 0.5547901 0.5008747 0.5693429 0.5072281 0.5696361 0.507549 0.5518248 0.6819403 0.5557555 0.6836563 0.5518473 0.6818901 0.5518248 0.6819403 0.5558348 0.683743 0.5557555 0.6836563 0.5547901 0.5008747 0.5518473 0.6818901 0.5548737 0.5006892 0.5696361 0.507549 0.5557555 0.6836563 0.5558348 0.683743 0.5693429 0.5072281 0.5518473 0.6818901 0.5557555 0.6836563 0.5696361 0.507549 0.5518248 0.6819403 0.5547901 0.5008747 0.5558457 0.506609 0.5559293 0.5064236 0.5703986 0.5129625 0.5558457 0.506609 0.5703986 0.5129625 0.5706918 0.5132834 0.5510219 0.6775789 0.5549526 0.679295 0.5510444 0.6775287 0.5510219 0.6775789 0.5550319 0.6793817 0.5549526 0.679295 0.5559293 0.5064236 0.5510219 0.6775789 0.5510444 0.6775287 0.5703986 0.5129625 0.5550319 0.6793817 0.5706918 0.5132834 0.5703986 0.5129625 0.5510444 0.6775287 0.5549526 0.679295 0.5706918 0.5132834 0.5510219 0.6775789 0.5558457 0.506609 0.5603847 0.5011791 0.5605067 0.5010164 0.5731995 0.510556 0.5603847 0.5011791 0.5731995 0.510556 0.5734158 0.5109331 0.5490437 0.6852964 0.5525053 0.6878291 0.5490769 0.6852522 0.5490437 0.6852964 0.5525637 0.6879308 0.5525053 0.6878291 0.5603847 0.5011791 0.5490769 0.6852522 0.5605067 0.5010164 0.5734158 0.5109331 0.5525053 0.6878291 0.5525637 0.6879308 0.5731995 0.510556 0.5490769 0.6852522 0.5525053 0.6878291 0.5734158 0.5109331 0.5490437 0.6852964 0.5603847 0.5011791 0.5559059 0.5059006 0.5560278 0.505738 0.5687206 0.5152777 0.5559059 0.5059006 0.5687206 0.5152777 0.5689367 0.5156547 0.5492123 0.6808649 0.5526738 0.6833977 0.5492452 0.680821 0.5492123 0.6808649 0.5527319 0.6834993 0.5526738 0.6833977 0.5560278 0.505738 0.5492123 0.6808649 0.5492452 0.680821 0.5687206 0.5152777 0.5527319 0.6834993 0.5689367 0.5156547 0.5687206 0.5152777 0.5492452 0.680821 0.5526738 0.6833977 0.5689367 0.5156547 0.5492123 0.6808649 0.5559059 0.5059006 0.4797518 0.4561078 0.4473398 0.4880941 0.4797496 0.488209 0.4797518 0.4561078 0.4465416 0.4556233 0.4473398 0.4880941 0.193834 0.4311852 0.1165689 0.3961886 0.1942028 0.3961114 0.1941285 0.3961089 0.1170452 0.4334624 0.1937478 0.4321337 0.2576091 0.3935608 0.193834 0.4311852 0.1942028 0.3961114 0.2565629 0.3927807 0.1932962 0.4330068 0.253944 0.4330976 0.2542005 0.433176 0.1936238 0.3955647 0.2567217 0.3929795 0.2553411 0.4331575 0.1941285 0.3961089 0.1937478 0.4321337 0.4820664 0.4570824 0.4820643 0.4881674 0.4505885 0.4880559 0.4820664 0.4570824 0.4505885 0.4880559 0.4498153 0.4566119 0.1932962 0.4330068 0.1171401 0.3967891 0.1167882 0.4328751 0.1936238 0.3955647 0.1166954 0.4328468 0.1175556 0.3973092 0.9708285 0.5320017 0.9392658 0.536522 0.974327 0.5373181 0.9708285 0.5320017 0.9750608 0.4991635 0.9713617 0.5042769 0.942687 0.5033089 0.9750608 0.4991635 0.9390565 0.497948 0.942687 0.5033089 0.9392658 0.536522 0.9428391 0.5313662 0.9456455 0.5313869 0.9763268 0.5373206 0.9420721 0.5365427 0.9728283 0.5320042 0.9770438 0.5000436 0.9763268 0.5373206 0.9454981 0.504217 0.9770438 0.5000436 0.9733446 0.5051571 0.9454981 0.504217 0.9420721 0.5365427 0.9418677 0.4988561 0.4820664 0.4570824 0.4505885 0.4880559 0.4820643 0.4881674 0.1936238 0.3955647 0.2542005 0.433176 0.2567217 0.3929795 0.4820664 0.4570824 0.4498153 0.4566119 0.4505885 0.4880559 0.2576091 0.3935608 0.193834 0.4311852 0.2553963 0.4325504 0.1932962 0.4330068 0.2565629 0.3927807 0.253944 0.4330976 0.1932962 0.4330068 0.1171401 0.3967891 0.1932104 0.3950474 0.1936238 0.3955647 0.1166954 0.4328468 0.1936969 0.4331291 0.7177987 0.8015756 0.7336087 0.3652254 0.7581597 0.3672158 0.1165689 0.3961886 0.193834 0.4311852 0.1942028 0.3961114 0.4797518 0.4561078 0.4797496 0.488209 0.4473398 0.4880941 0.7329831 0.3652488 0.7326716 0.3649912 0.716921 0.80085 0.7562385 0.3672234 0.7329831 0.3652488 0.7177987 0.8015756 0.7571274 0.36677 0.7295965 0.8020958 0.716921 0.80085 0.7562385 0.3672234 0.7285189 0.8026453 0.7295965 0.8020958 0.7177987 0.8015756 0.716921 0.80085 0.7332807 0.3649544 0.7285189 0.8026453 0.7581597 0.3672158 0.7590954 0.3667387 0.2553411 0.4331575 0.1941285 0.3961089 0.2575806 0.3935598 0.716921 0.80085 0.7590954 0.3667387 0.7332807 0.3649544 0.7177987 0.8015756 0.7581597 0.3672158 0.7285189 0.8026453 0.7590954 0.3667387 0.7581597 0.3672158 0.7336087 0.3652254 0.7590954 0.3667387 0.7336087 0.3652254 0.7332807 0.3649544 0.7329831 0.3652488 0.716921 0.80085 0.7177987 0.8015756 0.7562385 0.3672234 0.7177987 0.8015756 0.7285189 0.8026453 0.7571274 0.36677 0.716921 0.80085 0.7326716 0.3649912 0.7562385 0.3672234 0.7295965 0.8020958 0.7571274 0.36677 0.7177987 0.8015756 0.7332807 0.3649544 0.7336087 0.3652254 0.7285189 0.8026453 0.7590954 0.3667387 0.7295965 0.8020958 0.7571274 0.36677 0.7326716 0.3649912 0.7329831 0.3652488 0.7571274 0.36677 0.7329831 0.3652488 0.7562385 0.3672234 0.1170452 0.4334624 0.1941285 0.3961089 0.1937478 0.4321337 0.4797518 0.4561078 0.4473398 0.4880941 0.4465416 0.4556233 0.716921 0.80085 0.7295965 0.8020958 0.7590954 0.3667387 0.9708285 0.5320017 0.9392658 0.536522 0.9428391 0.5313662 0.9750608 0.4991635 0.9708285 0.5320017 0.9713617 0.5042769 0.942687 0.5033089 0.9750608 0.4991635 0.9713617 0.5042769 0.9392658 0.536522 0.942687 0.5033089 0.9428391 0.5313662 0.9456455 0.5313869 0.9763268 0.5373206 0.9728283 0.5320042 0.9728283 0.5320042 0.9770438 0.5000436 0.9733446 0.5051571 0.9770438 0.5000436 0.9454981 0.504217 0.9733446 0.5051571 0.9454981 0.504217 0.9420721 0.5365427 0.9456455 0.5313869 0.03126513 0.9964599 0.05932188 0.6980351 0.1304004 0.9197018 0.1304004 0.9197018 0.05932188 0.6980351 0.350195 0.8088839 0.5724337 0.7425075 0.5723311 0.7426987 0.557403 0.7346703 0.5724337 0.7425075 0.557403 0.7346703 0.5571144 0.734307 0.5865402 0.4508045 0.5766879 0.4510316 0.5865125 0.4508562 0.5865402 0.4508045 0.57661 0.4509333 0.5766879 0.4510316 0.5723311 0.7426987 0.5865402 0.4508045 0.5865125 0.4508562 0.557403 0.7346703 0.57661 0.4509333 0.5571144 0.734307 0.557403 0.7346703 0.5865125 0.4508562 0.5766879 0.4510316 0.5571144 0.734307 0.5865402 0.4508045 0.5724337 0.7425075 0.03126513 0.9964599 0.1304004 0.9197018 0.05932188 0.6980351 0.1304004 0.9197018 0.350195 0.8088839 0.05932188 0.6980351 0.5547901 0.5008747 0.5518248 0.6819403 0.5518473 0.6818901 0.5696361 0.507549 0.5693429 0.5072281 0.5557555 0.6836563 0.5693429 0.5072281 0.5548737 0.5006892 0.5518473 0.6818901 0.5696361 0.507549 0.5558348 0.683743 0.5518248 0.6819403 0.5559293 0.5064236 0.5558457 0.506609 0.5510219 0.6775789 0.5703986 0.5129625 0.5549526 0.679295 0.5550319 0.6793817 0.5703986 0.5129625 0.5559293 0.5064236 0.5510444 0.6775287 0.5706918 0.5132834 0.5550319 0.6793817 0.5510219 0.6775789 0.5603847 0.5011791 0.5490437 0.6852964 0.5490769 0.6852522 0.5734158 0.5109331 0.5731995 0.510556 0.5525053 0.6878291 0.5731995 0.510556 0.5605067 0.5010164 0.5490769 0.6852522 0.5734158 0.5109331 0.5525637 0.6879308 0.5490437 0.6852964 0.5560278 0.505738 0.5559059 0.5059006 0.5492123 0.6808649 0.5687206 0.5152777 0.5526738 0.6833977 0.5527319 0.6834993 0.5687206 0.5152777 0.5560278 0.505738 0.5492452 0.680821 0.5689367 0.5156547 0.5527319 0.6834993 0.5492123 0.6808649 0.193834 0.4311852 0.1170251 0.4336822 0.1165689 0.3961886 0.1941285 0.3961089 0.1164941 0.396186 0.1170452 0.4334624 0.2576091 0.3935608 0.2553963 0.4325504 0.193834 0.4311852 0.2565629 0.3927807 0.1932104 0.3950474 0.1932962 0.4330068 0.2542005 0.433176 0.1936969 0.4331291 0.1936238 0.3955647 0.2553411 0.4331575 0.2575806 0.3935598 0.1941285 0.3961089 0.1932962 0.4330068 0.1932104 0.3950474 0.1171401 0.3967891 0.1936238 0.3955647 0.1936969 0.4331291 0.1166954 0.4328468 0.9708285 0.5320017 0.9428391 0.5313662 0.9392658 0.536522 0.9708285 0.5320017 0.974327 0.5373181 0.9750608 0.4991635 0.942687 0.5033089 0.9713617 0.5042769 0.9750608 0.4991635 0.942687 0.5033089 0.9390565 0.497948 0.9392658 0.536522 0.9456455 0.5313869 0.9728283 0.5320042 0.9763268 0.5373206 0.9728283 0.5320042 0.9733446 0.5051571 0.9770438 0.5000436 0.9454981 0.504217 0.9418677 0.4988561 0.9770438 0.5000436 0.9454981 0.504217 0.9456455 0.5313869 0.9420721 0.5365427 0.1936238 0.3955647 0.1936969 0.4331291 0.2542005 0.433176 0.2576091 0.3935608 0.1942028 0.3961114 0.193834 0.4311852 0.1932962 0.4330068 0.1932104 0.3950474 0.2565629 0.3927807 0.1932962 0.4330068 0.1167882 0.4328751 0.1171401 0.3967891 0.1936238 0.3955647 0.1175556 0.3973092 0.1166954 0.4328468 0.1165689 0.3961886 0.1170251 0.4336822 0.193834 0.4311852 0.2553411 0.4331575 0.1937478 0.4321337 0.1941285 0.3961089 0.1170452 0.4334624 0.1164941 0.396186 0.1941285 0.3961089 0.9708285 0.5320017 0.974327 0.5373181 0.9392658 0.536522 0.9750608 0.4991635 0.974327 0.5373181 0.9708285 0.5320017 0.942687 0.5033089 0.9390565 0.497948 0.9750608 0.4991635 0.9392658 0.536522 0.9390565 0.497948 0.942687 0.5033089 0.9456455 0.5313869 0.9420721 0.5365427 0.9763268 0.5373206 0.9728283 0.5320042 0.9763268 0.5373206 0.9770438 0.5000436 0.9770438 0.5000436 0.9418677 0.4988561 0.9454981 0.504217 0.9454981 0.504217 0.9418677 0.4988561 0.9420721 0.5365427 0.5723311 0.7426987 0.5724337 0.7425075 0.5865402 0.4508045 0.557403 0.7346703 0.5766879 0.4510316 0.57661 0.4509333 0.557403 0.7346703 0.5723311 0.7426987 0.5865125 0.4508562 0.5571144 0.734307 0.57661 0.4509333 0.5865402 0.4508045 0.5481635 0.2884873 0.5258656 0.3104923 0.5481619 0.3105713 0.5481635 0.2884873 0.5253164 0.2881539 0.5258656 0.3104923 0.1906805 0.4311767 0.1134155 0.3961802 0.1910493 0.396103 0.190975 0.3961004 0.1138917 0.4334539 0.1905943 0.4321252 0.2544557 0.3935524 0.1906805 0.4311767 0.1910493 0.396103 0.2534095 0.3927722 0.1901427 0.4329983 0.2507906 0.4330891 0.251047 0.4331675 0.1904703 0.3955562 0.2535683 0.392971 0.2521876 0.433149 0.190975 0.3961004 0.1905943 0.4321252 0.5497558 0.2891578 0.5497543 0.3105427 0.5281006 0.3104659 0.5497558 0.2891578 0.5281006 0.3104659 0.5275686 0.2888341 0.1901427 0.4329983 0.1139866 0.3967806 0.1136347 0.4328666 0.1904703 0.3955562 0.113542 0.4328383 0.1144022 0.3973007 0.3733061 0.6022544 0.3015422 0.6079779 0.3804381 0.6147292 0.3733061 0.6022544 0.3874862 0.5288537 0.3784275 0.5398535 0.3139474 0.5336177 0.3874862 0.5288537 0.3065244 0.521024 0.3139474 0.5336177 0.3015422 0.6079779 0.3103235 0.5968648 0.3166446 0.5973083 0.3849443 0.6150174 0.3078631 0.6084213 0.3778122 0.6025425 0.3918302 0.5311172 0.3849443 0.6150174 0.3201539 0.5360615 0.3918302 0.5311172 0.3827714 0.542117 0.3201539 0.5360615 0.3078631 0.6084213 0.3127309 0.5234677 0.1906805 0.4311767 0.1138717 0.4336737 0.1134155 0.3961802 0.190975 0.3961004 0.1133406 0.3961775 0.1138917 0.4334539 0.2544557 0.3935524 0.2522429 0.4325419 0.1906805 0.4311767 0.2534095 0.3927722 0.1900569 0.395039 0.1901427 0.4329983 0.251047 0.4331675 0.1905434 0.4331207 0.1904703 0.3955562 0.2521876 0.433149 0.2544272 0.3935514 0.190975 0.3961004 0.1901427 0.4329983 0.1900569 0.395039 0.1139866 0.3967806 0.1904703 0.3955562 0.1905434 0.4331207 0.113542 0.4328383 0.3733061 0.6022544 0.3103235 0.5968648 0.3015422 0.6079779 0.3733061 0.6022544 0.3804381 0.6147292 0.3874862 0.5288537 0.3139474 0.5336177 0.3784275 0.5398535 0.3874862 0.5288537 0.3139474 0.5336177 0.3065244 0.521024 0.3015422 0.6079779 0.3166446 0.5973083 0.3778122 0.6025425 0.3849443 0.6150174 0.3778122 0.6025425 0.3827714 0.542117 0.3918302 0.5311172 0.3201539 0.5360615 0.3127309 0.5234677 0.3918302 0.5311172 0.3201539 0.5360615 0.3166446 0.5973083 0.3078631 0.6084213 0.208815 0.8232601 0.3689437 0.8800478 0.2092114 0.9207628 0.2092114 0.9207628 0.1663444 0.8598881 0.208815 0.8232601 0.00401628 0.8419095 0.1663444 0.8598881 0.2092114 0.9207628 0.208815 0.8232601 0.1663444 0.8598881 0.00401628 0.8419095 0.3403549 0.8042215 0.3689437 0.8800478 0.208815 0.8232601 0.208815 0.8232601 0.04548287 0.7926557 0.197169 0.7126996 0.197169 0.7126996 0.2424985 0.7862398 0.3403549 0.8042215 0.3403549 0.8042215 0.3493512 0.7204313 0.197169 0.7126996 0.3403549 0.8042215 0.2424985 0.7862398 0.208815 0.8232601 0.208815 0.8232601 0.2424985 0.7862398 0.197169 0.7126996 0.2052937 0.8121739 0.3484939 0.7163235 0.1842316 0.7171958 0.1842316 0.7171958 0.1558895 0.7866876 0.2052937 0.8121739 -1.35601e-6 0.8406813 0.1558895 0.7866876 0.1842316 0.7171958 0.2052937 0.8121739 0.1558895 0.7866876 -1.35601e-6 0.8406813 0.2182762 0.9225496 0.3644238 0.8763499 0.3372206 0.7963506 0.3372206 0.7963506 0.2462295 0.8401437 0.2182762 0.9225496 0.3372206 0.7963506 0.3484939 0.7163235 0.2052937 0.8121739 0.2052937 0.8121739 0.2462295 0.8401437 0.3372206 0.7963506 0.2052937 0.8121739 0.05155736 0.8792445 0.2182762 0.9225496 0.2182762 0.9225496 0.2462295 0.8401437 0.2052937 0.8121739 0.7202594 0.7216001 0.7360695 0.28525 0.7606205 0.2872403 0.7354439 0.2852733 0.7351324 0.2850158 0.7193818 0.7208746 0.7586992 0.2872479 0.7354439 0.2852733 0.7202594 0.7216001 0.7595882 0.2867946 0.7320573 0.7221204 0.7193818 0.7208746 0.7586992 0.2872479 0.7309797 0.7226699 0.7320573 0.7221204 0.7202594 0.7216001 0.7193818 0.7208746 0.7357415 0.2849789 0.7309797 0.7226699 0.7606205 0.2872403 0.7615562 0.2867633 0.7193818 0.7208746 0.7615562 0.2867633 0.7357415 0.2849789 0.7202594 0.7216001 0.7606205 0.2872403 0.7309797 0.7226699 0.7615562 0.2867633 0.7606205 0.2872403 0.7360695 0.28525 0.7615562 0.2867633 0.7360695 0.28525 0.7357415 0.2849789 0.7354439 0.2852733 0.7193818 0.7208746 0.7202594 0.7216001 0.7586992 0.2872479 0.7202594 0.7216001 0.7309797 0.7226699 0.7595882 0.2867946 0.7193818 0.7208746 0.7351324 0.2850158 0.7586992 0.2872479 0.7320573 0.7221204 0.7595882 0.2867946 0.7202594 0.7216001 0.7357415 0.2849789 0.7360695 0.28525 0.7309797 0.7226699 0.7615562 0.2867633 0.7320573 0.7221204 0.7595882 0.2867946 0.7351324 0.2850158 0.7354439 0.2852733 0.7595882 0.2867946 0.7354439 0.2852733 0.7586992 0.2872479 0.7193818 0.7208746 0.7320573 0.7221204 0.7615562 0.2867633 0.1500822 0.864174 0.002018392 0.8269604 0.003884315 0.8648061 0.005750119 0.902652 0.1500822 0.864174 0.003884315 0.8648061 0.2935141 0.9168936 0.1500822 0.864174 0.1498015 0.9166502 0.2952132 0.8640964 0.150363 0.8116979 0.1500822 0.864174 0.1500822 0.864174 0.002018392 0.8269604 0.003884315 0.8648061 0.005750119 0.902652 0.1500822 0.864174 0.003884315 0.8648061 0.2935141 0.9168936 0.1500822 0.864174 0.1498015 0.9166502 0.2952132 0.8640964 0.150363 0.8116979 0.1500822 0.864174 0.002018392 0.8269604 0.1500822 0.864174 0.003884315 0.8648061 0.005750119 0.902652 0.1500822 0.864174 0.1498015 0.9166502 0.1500822 0.864174 0.2935141 0.9168936 0.1498015 0.9166502 0.150363 0.8116979 0.2952132 0.8640964 0.1500822 0.864174 0.002018392 0.8269604 0.1500822 0.864174 0.003884315 0.8648061 0.005750119 0.902652 0.1500822 0.864174 0.1498015 0.9166502 0.1500822 0.864174 0.2935141 0.9168936 0.1498015 0.9166502 0.150363 0.8116979 0.2952132 0.8640964 0.1500822 0.864174 0.1500822 0.864174 0.002018392 0.8269604 0.003884315 0.8648061 0.005750119 0.902652 0.1500822 0.864174 0.003884315 0.8648061 0.2952132 0.8640964 0.3771428 0.8430144 0.2969126 0.8112992 0.374495 0.8881312 0.2952132 0.8640964 0.2935141 0.9168936 0.2935141 0.9168936 0.1500822 0.864174 0.1498015 0.9166502 0.2952132 0.8640964 0.150363 0.8116979 0.1500822 0.864174 0.1500822 0.864174 0.002018392 0.8269604 0.003884315 0.8648061 0.005750119 0.902652 0.1500822 0.864174 0.003884315 0.8648061 0.2952132 0.8640964 0.3771428 0.8430144 0.2969126 0.8112992 0.374495 0.8881312 0.2952132 0.8640964 0.2935141 0.9168936 0.2935141 0.9168936 0.1500822 0.864174 0.1498015 0.9166502 0.2952132 0.8640964 0.150363 0.8116979 0.1500822 0.864174 0.002018392 0.8269604 0.1500822 0.864174 0.003884315 0.8648061 0.005750119 0.902652 0.1500822 0.864174 0.1498015 0.9166502 0.2952132 0.8640964 0.3771428 0.8430144 0.3908442 0.8656227 0.2952132 0.8640964 0.374495 0.8881312 0.2935141 0.9168936 0.1500822 0.864174 0.2935141 0.9168936 0.1498015 0.9166502 0.150363 0.8116979 0.2952132 0.8640964 0.1500822 0.864174 0.002018392 0.8269604 0.1500822 0.864174 0.003884315 0.8648061 0.005750119 0.902652 0.1500822 0.864174 0.1498015 0.9166502 0.2952132 0.8640964 0.3771428 0.8430144 0.3908442 0.8656227 0.2952132 0.8640964 0.374495 0.8881312 0.2935141 0.9168936 0.1500822 0.864174 0.2935141 0.9168936 0.1498015 0.9166502 0.150363 0.8116979 0.2952132 0.8640964 0.1500822 0.864174 0.1500822 0.864174 0.150363 0.8116979 0.002018392 0.8269604 0.005750119 0.902652 0.1498015 0.9166502 0.1500822 0.864174 0.2935141 0.9168936 0.2952132 0.8640964 0.1500822 0.864174 0.2952132 0.8640964 0.2969126 0.8112992 0.150363 0.8116979 0.1500822 0.864174 0.150363 0.8116979 0.002018392 0.8269604 0.005750119 0.902652 0.1498015 0.9166502 0.1500822 0.864174 0.2935141 0.9168936 0.2952132 0.8640964 0.1500822 0.864174 0.2952132 0.8640964 0.2969126 0.8112992 0.150363 0.8116979 0.002018392 0.8269604 0.150363 0.8116979 0.1500822 0.864174 0.005750119 0.902652 0.003884315 0.8648061 0.1500822 0.864174 0.1500822 0.864174 0.2952132 0.8640964 0.2935141 0.9168936 0.150363 0.8116979 0.2969126 0.8112992 0.2952132 0.8640964 0.002018392 0.8269604 0.150363 0.8116979 0.1500822 0.864174 0.005750119 0.902652 0.003884315 0.8648061 0.1500822 0.864174 0.1500822 0.864174 0.2952132 0.8640964 0.2935141 0.9168936 0.150363 0.8116979 0.2969126 0.8112992 0.2952132 0.8640964 0.1500822 0.864174 0.150363 0.8116979 0.002018392 0.8269604 0.005750119 0.902652 0.1498015 0.9166502 0.1500822 0.864174 0.2952132 0.8640964 0.3908442 0.8656227 0.3771428 0.8430144 0.374495 0.8881312 0.3908442 0.8656227 0.2952132 0.8640964 0.2935141 0.9168936 0.2952132 0.8640964 0.1500822 0.864174 0.2952132 0.8640964 0.2969126 0.8112992 0.150363 0.8116979 0.1500822 0.864174 0.150363 0.8116979 0.002018392 0.8269604 0.005750119 0.902652 0.1498015 0.9166502 0.1500822 0.864174 0.2952132 0.8640964 0.3908442 0.8656227 0.3771428 0.8430144 0.374495 0.8881312 0.3908442 0.8656227 0.2952132 0.8640964 0.2935141 0.9168936 0.2952132 0.8640964 0.1500822 0.864174 0.2952132 0.8640964 0.2969126 0.8112992 0.150363 0.8116979 0.002018392 0.8269604 0.150363 0.8116979 0.1500822 0.864174 0.005750119 0.902652 0.003884315 0.8648061 0.1500822 0.864174 0.2952132 0.8640964 0.2969126 0.8112992 0.3771428 0.8430144 0.2952132 0.8640964 0.3908442 0.8656227 0.374495 0.8881312 0.1500822 0.864174 0.2952132 0.8640964 0.2935141 0.9168936 0.150363 0.8116979 0.2969126 0.8112992 0.2952132 0.8640964 0.002018392 0.8269604 0.150363 0.8116979 0.1500822 0.864174 0.005750119 0.902652 0.003884315 0.8648061 0.1500822 0.864174 0.2952132 0.8640964 0.2969126 0.8112992 0.3771428 0.8430144 0.2952132 0.8640964 0.3908442 0.8656227 0.374495 0.8881312 0.1500822 0.864174 0.2952132 0.8640964 0.2935141 0.9168936 0.150363 0.8116979 0.2969126 0.8112992 0.2952132 0.8640964 0.745026 0.4712004 0.7227281 0.4932054 0.7450245 0.4932845 0.745026 0.4712004 0.7221789 0.470867 0.7227281 0.4932054 0.7532751 0.6038067 0.7120276 0.6779235 0.7183511 0.6005476 0.7183425 0.6006214 0.7492138 0.6805219 0.7542133 0.6039708 0.7210367 0.5371468 0.7532751 0.6038067 0.7183511 0.6005476 0.720173 0.5381251 0.7550461 0.6044929 0.7601367 0.5440589 0.760236 0.5438098 0.7177585 0.6010795 0.7203841 0.5379832 0.7603116 0.5426716 0.7183425 0.6006214 0.7542133 0.6039708 0.7550461 0.6044929 0.7126731 0.6774038 0.7486073 0.6807296 0.7177585 0.6010795 0.7485714 0.6808196 0.7132257 0.6770325 0.7571883 0.6194799 0.6854243 0.6252034 0.7643203 0.6319547 0.7571883 0.6194799 0.7713684 0.5460792 0.7623096 0.557079 0.6978296 0.5508432 0.7713684 0.5460792 0.6904066 0.5382495 0.6978296 0.5508432 0.6854243 0.6252034 0.6942057 0.6140903 0.7485714 0.6808196 0.7486073 0.6807296 0.7492138 0.6805219 0.7485714 0.6808196 0.7492138 0.6805219 0.7132257 0.6770325 0.7532751 0.6038067 0.7494311 0.6805599 0.7120276 0.6779235 0.7183425 0.6006214 0.7120188 0.6779978 0.7492138 0.6805219 0.7210367 0.5371468 0.7597111 0.5425665 0.7532751 0.6038067 0.720173 0.5381251 0.7172089 0.6014488 0.7550461 0.6044929 0.760236 0.5438098 0.7552011 0.6041036 0.7177585 0.6010795 0.7603116 0.5426716 0.7210333 0.5371751 0.7183425 0.6006214 0.7550461 0.6044929 0.7172089 0.6014488 0.7126731 0.6774038 0.7177585 0.6010795 0.7552011 0.6041036 0.7485714 0.6808196 0.7571883 0.6194799 0.6942057 0.6140903 0.6854243 0.6252034 0.7571883 0.6194799 0.7643203 0.6319547 0.7713684 0.5460792 0.6978296 0.5508432 0.7623096 0.557079 0.7713684 0.5460792 0.6978296 0.5508432 0.6904066 0.5382495 0.6854243 0.6252034 0.8454745 0.3110012 0.8935511 0.3063737 0.8403538 0.3029033 0.8857657 0.354748 0.8388714 0.3599676 0.8906933 0.3627739 0.8454745 0.3110012 0.8388714 0.3599676 0.8443962 0.3525077 0.5858466 0.6316015 0.5978584 0.6453289 0.5986821 0.6323727 0.5858466 0.6316015 0.5848559 0.6448689 0.5978584 0.6453289 0.8857657 0.354748 0.8935511 0.3063737 0.8878422 0.3137651 0.8857657 0.354748 0.8443962 0.3525077 0.8388714 0.3599676 0.8857657 0.354748 0.8906933 0.3627739 0.8935511 0.3063737 0.8454745 0.3110012 0.8878422 0.3137651 0.8935511 0.3063737 0.8454745 0.3110012 0.8403538 0.3029033 0.8388714 0.3599676 0.9260813 0.8411574 0.7479265 0.8394485 0.7995783 0.5017476 0.9260813 0.8411574 0.7995783 0.5017476 0.9261745 0.5025572 0.7494235 0.3966755 0.7266682 0.6045411 0.73793 0.3968142 0.5026636 0.7270485 0.5223068 0.7654281 0.5019342 0.7639902 0.8485462 0.3526687 0.8936511 0.3628704 0.8430213 0.3601287 0.8887234 0.3548445 0.8964431 0.3077675 0.8936511 0.3628704 0.7494235 0.3966755 0.7413896 0.6050067 0.7338563 0.6044541 0.8454745 0.3110012 0.8935511 0.3063737 0.8403538 0.3029033 0.8857657 0.354748 0.8388714 0.3599676 0.8906933 0.3627739 0.8454745 0.3110012 0.8388714 0.3599676 0.8443962 0.3525077 0.5862919 0.6306994 0.598721 0.6314462 0.5979211 0.644029 0.5862919 0.6306994 0.5979211 0.644029 0.5853298 0.6435836 0.5858466 0.6316015 0.5978584 0.6453289 0.5986821 0.6323727 0.5858466 0.6316015 0.5848559 0.6448689 0.5978584 0.6453289 0.5021737 0.7276294 0.5233467 0.7658042 0.5255151 0.7305579 0.5255696 0.7304116 0.5015963 0.7643077 0.5022947 0.7275441 0.7504004 0.3976994 0.7266682 0.6045411 0.7344676 0.605095 0.7504004 0.3976994 0.7413896 0.6050067 0.7614678 0.3975589 0.5255987 0.729748 0.5019302 0.7640333 0.5228551 0.7655112 0.8857657 0.354748 0.8935511 0.3063737 0.8878422 0.3137651 0.8495904 0.312475 0.8964431 0.3077675 0.8907343 0.315159 0.8495904 0.312475 0.8430213 0.3601287 0.8444696 0.304377 0.7504004 0.3976994 0.7344676 0.605095 0.7413896 0.6050067 0.7494235 0.3966755 0.7338563 0.6044541 0.7266682 0.6045411 0.5026636 0.7270485 0.5252477 0.7296947 0.5223068 0.7654281 0.5021737 0.7276294 0.5012813 0.76453 0.5233467 0.7658042 0.5255696 0.7304116 0.5234318 0.7655756 0.5015963 0.7643077 0.5255987 0.729748 0.502662 0.7270651 0.5019302 0.7640333 0.7504004 0.3976994 0.73793 0.3968142 0.7266682 0.6045411 0.7494235 0.3966755 0.7614678 0.3975589 0.7413896 0.6050067 0.8857657 0.354748 0.8443962 0.3525077 0.8388714 0.3599676 0.8857657 0.354748 0.8906933 0.3627739 0.8935511 0.3063737 0.8454745 0.3110012 0.8878422 0.3137651 0.8935511 0.3063737 0.8454745 0.3110012 0.8403538 0.3029033 0.8388714 0.3599676 0.8485462 0.3526687 0.8887234 0.3548445 0.8936511 0.3628704 0.8887234 0.3548445 0.8907343 0.315159 0.8964431 0.3077675 0.8495904 0.312475 0.8444696 0.304377 0.8964431 0.3077675 0.8495904 0.312475 0.8485462 0.3526687 0.8430213 0.3601287 0.7469717 0.4106385 0.7081606 0.7651727 0.7273678 0.4108749 0.5026636 0.7270485 0.5223068 0.7654281 0.5019342 0.7639902 0.8485462 0.3526687 0.8936511 0.3628704 0.8430213 0.3601287 0.8887234 0.3548445 0.8964431 0.3077675 0.8936511 0.3628704 0.7469717 0.4106385 0.7332686 0.765967 0.7204199 0.7650244 0.5862919 0.6306994 0.598721 0.6314462 0.5979211 0.644029 0.5862919 0.6306994 0.5979211 0.644029 0.5853298 0.6435836 0.5021737 0.7276294 0.5233467 0.7658042 0.5255151 0.7305579 0.5255696 0.7304116 0.5015963 0.7643077 0.5022947 0.7275441 0.7486371 0.4123851 0.7081606 0.7651727 0.721462 0.766117 0.7486371 0.4123851 0.7332686 0.765967 0.7675136 0.4121449 0.5255987 0.729748 0.5019302 0.7640333 0.5228551 0.7655112 0.8495904 0.312475 0.8964431 0.3077675 0.8907343 0.315159 0.8495904 0.312475 0.8430213 0.3601287 0.8444696 0.304377 0.7486371 0.4123851 0.721462 0.766117 0.7332686 0.765967 0.7469717 0.4106385 0.7204199 0.7650244 0.7081606 0.7651727 0.5026636 0.7270485 0.5252477 0.7296947 0.5223068 0.7654281 0.5021737 0.7276294 0.5012813 0.76453 0.5233467 0.7658042 0.5255696 0.7304116 0.5234318 0.7655756 0.5015963 0.7643077 0.5255987 0.729748 0.502662 0.7270651 0.5019302 0.7640333 0.7486371 0.4123851 0.7273678 0.4108749 0.7081606 0.7651727 0.7469717 0.4106385 0.7675136 0.4121449 0.7332686 0.765967 0.8485462 0.3526687 0.8887234 0.3548445 0.8936511 0.3628704 0.8887234 0.3548445 0.8907343 0.315159 0.8964431 0.3077675 0.8495904 0.312475 0.8444696 0.304377 0.8964431 0.3077675 0.8495904 0.312475 0.8485462 0.3526687 0.8430213 0.3601287</float_array>
          <technique_common>
            <accessor source="#kebenit_Mesh_002-mesh-map-0-array" count="2295" stride="2">
              <param name="S" type="float"/>
              <param name="T" type="float"/>
            </accessor>
          </technique_common>
        </source>
        <vertices id="kebenit_Mesh_002-mesh-vertices">
          <input semantic="POSITION" source="#kebenit_Mesh_002-mesh-positions"/>
        </vertices>
        <triangles material="galleon2-material" count="765">
          <input semantic="VERTEX" source="#kebenit_Mesh_002-mesh-vertices" offset="0"/>
          <input semantic="NORMAL" source="#kebenit_Mesh_002-mesh-normals" offset="1"/>
          <input semantic="TEXCOORD" source="#kebenit_Mesh_002-mesh-map-0" offset="2" set="0"/>
          <p>14 0 0 5 1 1 0 2 2 13 3 3 10 4 4 6 5 5 23 6 6 58 7 7 46 8 8 22 9 9 53 10 10 41 11 11 17 12 12 30 13 13 11 14 14 1 15 15 37 16 16 15 17 17 7 18 18 33 19 19 27 20 20 4 21 21 26 22 22 20 23 23 55 24 24 45 25 25 48 26 26 54 27 27 49 28 28 59 29 29 29 30 30 42 31 31 19 32 32 35 33 33 50 34 34 56 35 35 24 36 36 36 37 37 57 38 38 21 39 39 44 40 40 52 41 41 16 42 42 39 43 43 31 44 44 2 45 45 18 46 46 38 47 47 8 48 48 12 49 49 32 50 50 3 51 51 9 52 52 25 53 53 28 54 54 47 55 55 43 56 56 34 57 57 40 58 58 51 59 59 583 60 60 62 60 61 430 60 62 70 61 63 76 62 64 83 63 65 431 64 66 603 64 67 585 64 68 89 65 69 93 66 70 98 67 71 105 68 72 559 69 73 115 70 74 118 71 75 124 72 76 107 73 77 130 74 78 135 75 79 140 76 80 216 77 81 146 78 82 566 79 83 149 80 84 153 81 85 157 82 86 164 83 87 525 84 88 365 85 89 176 86 90 119 87 91 112 88 92 113 89 93 180 90 94 178 91 95 188 92 96 101 93 97 196 94 98 131 95 99 204 96 100 134 97 101 166 98 102 366 99 103 287 100 104 104 101 105 487 102 106 206 103 107 154 104 108 151 105 109 210 106 110 225 107 111 283 108 112 275 109 113 227 110 114 273 111 115 254 112 116 260 113 117 265 114 118 163 115 119 162 116 120 479 117 121 259 118 122 171 119 123 288 120 124 278 121 125 172 122 126 279 123 127 659 124 128 361 125 129 132 126 130 202 127 131 203 128 132 281 129 133 362 130 134 79 131 135 291 132 136 67 133 137 66 134 138 290 135 139 295 136 140 297 137 141 303 138 142 68 139 143 147 140 144 310 141 145 567 142 146 311 143 147 318 144 148 539 145 149 106 146 150 125 147 151 491 148 152 363 149 153 485 150 154 137 151 155 322 152 156 327 153 157 331 154 158 103 155 159 205 156 160 513 157 161 266 158 162 339 159 163 346 160 164 350 161 165 355 161 166 358 161 167 367 162 168 450 163 169 372 164 170 378 165 171 143 166 172 81 167 173 452 168 174 387 169 175 357 170 176 389 171 177 523 172 178 209 173 179 394 174 180 369 175 181 522 176 182 428 177 183 424 177 184 399 177 185 418 178 186 403 179 187 409 180 188 398 181 189 414 181 190 427 181 191 408 182 192 464 182 193 417 183 194 109 184 195 344 185 196 336 186 197 359 187 198 410 187 199 351 187 200 148 188 201 158 189 202 341 190 203 415 191 204 401 191 205 420 191 206 404 192 207 419 193 208 397 194 209 423 195 210 426 195 211 407 195 212 588 196 213 429 196 214 61 196 215 596 197 216 436 198 217 608 199 218 123 200 219 495 201 220 486 202 221 120 203 222 443 204 223 127 205 224 610 206 225 449 207 226 595 208 227 604 209 228 377 209 229 456 209 230 200 210 231 126 211 232 439 212 233 461 213 234 80 214 235 142 215 236 326 216 237 321 217 238 316 218 239 94 219 240 324 220 241 84 221 242 421 222 243 465 222 244 416 222 245 400 223 246 425 223 247 405 224 248 406 225 249 402 225 250 422 225 251 467 226 252 468 227 253 469 228 254 356 229 255 354 230 256 453 231 257 413 232 258 360 233 259 390 233 260 60 234 261 384 234 262 587 234 263 475 235 264 170 236 265 654 237 266 474 238 267 655 239 268 569 240 269 334 241 270 262 242 271 323 243 272 582 244 273 451 245 274 352 246 275 457 247 276 586 247 277 605 247 278 141 248 279 663 249 280 458 250 281 215 251 282 667 252 283 145 253 284 296 254 285 294 255 286 174 256 287 175 257 288 482 258 289 299 259 290 207 260 291 589 261 292 388 262 293 590 263 294 208 264 295 490 265 296 489 266 297 376 267 298 591 268 299 375 269 300 488 270 301 368 271 302 345 272 303 159 273 304 267 274 305 138 275 306 133 276 307 364 277 308 492 278 309 136 279 310 484 280 311 129 281 312 139 282 313 493 283 314 470 284 315 496 285 316 466 286 317 335 287 318 263 288 319 329 289 320 333 290 321 328 291 322 97 292 323 338 293 324 332 294 325 96 295 326 500 296 327 340 297 328 102 298 329 501 299 330 100 300 331 507 301 332 502 302 333 505 303 334 512 304 335 292 305 336 78 306 337 459 307 338 293 308 339 460 309 340 442 310 341 173 311 342 289 312 343 440 313 344 121 314 345 179 315 346 444 316 347 516 317 348 212 318 349 152 319 350 150 320 351 342 321 352 515 322 353 73 323 354 91 324 355 88 325 356 144 326 357 379 327 358 306 328 359 441 329 360 517 330 361 201 331 362 214 332 363 320 333 364 257 334 365 213 335 366 540 336 367 319 337 368 161 338 369 156 339 370 527 340 371 211 341 372 526 342 373 155 343 374 307 344 375 530 345 376 565 346 377 221 347 378 537 348 379 538 349 380 521 350 381 543 351 382 392 352 383 77 353 384 71 354 385 195 355 386 548 356 387 556 357 388 301 358 389 330 359 390 264 360 391 258 361 392 535 362 393 531 363 394 541 364 395 533 365 396 317 366 397 542 367 398 381 368 399 313 369 400 308 370 401 532 371 402 309 372 403 315 373 404 499 374 405 111 375 406 337 376 407 563 377 408 110 378 409 498 379 410 497 380 411 509 381 412 561 382 413 519 383 414 462 384 415 666 385 416 463 386 417 520 387 418 445 388 419 370 389 420 396 390 421 455 391 422 386 392 423 454 393 424 395 394 425 72 395 426 192 396 427 90 397 428 99 398 429 92 399 430 194 400 431 177 401 432 181 402 433 480 403 434 393 404 435 544 405 436 385 406 437 564 407 438 529 408 439 534 409 440 222 410 441 568 411 442 536 412 443 197 413 444 558 414 445 189 415 446 477 416 447 218 417 448 235 418 449 471 419 450 236 420 451 575 421 452 391 422 453 65 423 454 412 424 455 348 425 456 411 426 457 64 427 458 353 428 459 347 429 460 581 429 461 63 430 462 584 431 463 349 431 464 382 432 465 87 433 466 312 434 467 314 435 468 86 436 469 325 437 470 383 438 471 75 439 472 85 440 473 82 441 474 74 442 475 380 443 476 434 444 477 594 445 478 437 445 479 607 446 480 435 447 481 592 448 482 438 449 483 599 450 484 433 451 485 602 452 486 432 453 487 598 454 488 165 455 489 476 456 490 524 457 491 597 458 492 446 459 493 601 460 494 373 461 495 600 462 496 448 463 497 447 464 498 606 465 499 371 465 500 593 466 501 374 467 502 609 468 503 675 469 504 791 470 505 612 471 506 677 472 507 546 473 508 620 474 509 678 475 510 621 476 511 824 477 512 246 478 513 652 479 514 629 480 515 247 481 516 628 482 517 751 483 518 270 484 519 634 485 520 772 486 521 272 487 522 771 488 523 640 489 524 256 490 525 473 491 526 573 492 527 255 493 528 572 494 529 645 495 530 229 496 531 168 497 532 661 496 533 228 498 534 660 498 535 233 499 536 167 500 537 230 501 538 232 502 539 169 503 540 231 504 541 662 505 542 282 506 543 226 507 544 253 508 545 284 509 546 252 510 547 274 511 548 219 512 549 472 513 550 574 514 551 217 515 552 576 516 553 234 517 554 668 518 555 220 519 556 240 520 557 669 521 558 237 522 559 633 523 560 242 524 561 649 525 562 673 526 563 241 527 564 674 528 565 755 529 566 286 530 567 670 531 568 636 532 569 285 533 570 635 534 571 276 535 572 223 536 573 261 537 574 646 538 575 224 539 576 650 540 577 249 541 578 631 542 579 244 543 580 747 544 581 632 545 582 749 546 583 770 547 584 108 548 585 514 549 586 343 550 587 128 551 588 494 552 589 122 553 590 117 554 591 560 555 592 611 556 593 613 557 594 792 558 595 116 559 596 114 560 597 786 561 598 182 562 599 682 563 600 616 564 601 508 565 602 504 566 603 187 567 604 681 568 605 298 569 606 549 570 607 304 571 608 483 572 609 552 573 610 300 574 611 506 575 612 615 576 613 511 577 614 302 578 615 555 579 616 191 580 617 193 581 618 69 582 619 305 583 620 510 584 621 614 585 622 562 586 623 184 587 624 787 588 625 551 589 626 550 590 627 481 591 628 183 592 629 190 593 630 557 594 631 554 595 632 553 596 633 680 597 634 185 598 635 160 599 636 528 600 637 478 601 638 198 602 639 518 603 640 664 604 641 665 605 642 280 606 643 199 607 644 688 608 645 693 609 646 696 610 647 697 611 648 695 612 649 689 613 650 704 614 651 706 615 652 708 616 653 705 617 654 700 618 655 710 619 656 715 620 657 699 621 658 718 622 659 722 623 660 719 624 661 702 625 662 724 626 663 712 627 664 731 628 665 720 629 666 729 630 667 716 631 668 733 632 669 736 633 670 692 634 671 698 635 672 691 636 673 735 637 674 737 638 675 732 639 676 683 640 677 690 641 678 687 642 679 734 643 680 701 644 681 707 645 682 721 646 683 685 647 684 725 648 685 739 649 686 742 650 687 709 651 688 714 652 689 703 653 690 717 654 691 711 655 692 728 656 693 684 657 694 744 658 695 694 659 696 743 660 697 686 661 698 713 662 699 726 663 700 740 664 701 745 665 702 741 666 703 727 667 704 730 668 705 738 669 706 723 670 707 625 671 708 642 672 709 758 673 710 763 674 711 759 675 712 671 676 713 641 677 714 773 678 715 760 679 716 764 680 717 624 681 718 761 682 719 647 683 720 577 684 721 765 685 722 648 686 723 767 687 724 672 688 725 571 689 726 657 690 727 626 691 728 570 692 729 623 693 730 762 694 731 651 695 732 245 696 733 753 697 734 653 698 735 752 699 736 630 700 737 656 701 738 277 702 739 644 703 740 658 704 741 643 705 742 627 706 743 580 707 744 239 708 745 746 709 746 579 710 747 754 711 748 768 712 749 238 713 750 578 714 751 766 715 752 243 716 753 769 717 754 756 718 755 251 719 756 269 720 757 637 721 758 248 722 759 638 723 760 748 724 761 268 725 762 250 726 763 757 727 764 271 728 765 750 729 766 639 730 767 793 731 768 804 732 769 777 733 770 797 734 771 779 735 772 782 736 773 545 737 774 789 738 775 795 739 776 547 740 777 798 741 778 622 742 779 790 743 780 801 744 781 796 745 782 808 746 783 814 747 784 822 748 785 810 749 786 820 750 787 867 751 788 799 752 789 676 753 790 823 754 791 679 755 792 800 756 793 788 757 794 617 758 795 794 759 796 783 760 797 619 761 798 785 762 799 815 763 800 825 764 801 618 765 802 816 766 803 826 767 804 811 768 805 809 769 806 803 770 807 827 771 808 806 772 809 802 773 810 805 774 811 774 775 812 843 776 813 851 777 814 830 778 815 844 779 816 829 780 817 835 781 818 812 782 819 784 783 820 841 784 821 813 785 822 842 786 823 821 787 824 780 788 825 778 789 826 848 790 827 781 791 828 847 792 829 840 793 830 775 794 831 807 795 832 866 796 833 776 797 834 865 798 835 846 799 836 877 800 837 856 800 838 853 801 839 878 802 840 854 803 841 887 804 842 818 805 843 845 806 844 836 807 845 817 808 846 834 809 847 857 810 848 849 811 849 862 812 850 881 813 851 850 814 852 882 815 853 828 816 854 864 817 855 819 818 856 859 819 857 863 820 858 858 821 859 880 822 860 873 823 861 868 824 862 886 825 863 872 826 864 885 827 865 852 828 866 838 829 867 833 830 868 871 831 869 839 832 870 870 833 871 876 834 872 831 835 873 879 836 874 883 836 875 832 837 876 884 838 877 869 839 878 861 840 879 837 841 880 875 842 881 860 843 882 874 844 883 855 843 884 503 845 885 95 846 886 186 847 887 889 848 888 890 848 889 892 848 890 891 849 891 893 849 892 888 849 893 895 850 894 896 850 895 898 850 896 897 851 897 899 851 898 894 851 899 901 852 900 902 852 901 904 852 902 903 853 903 905 853 904 900 853 905 906 854 906 912 855 907 934 856 908 935 857 909 929 858 910 910 859 911 917 860 912 921 861 913 939 862 914 949 863 915 938 864 916 920 865 917 924 866 918 908 867 919 928 868 920 932 869 921 925 870 922 926 870 923 927 871 924 933 872 925 963 873 926 964 874 927 960 875 928 931 876 929 936 877 930 940 878 931 943 879 932 941 880 933 950 881 934 954 882 935 953 883 936 942 884 937 937 885 938 947 886 939 930 887 940 961 888 941 958 889 942 951 890 943 948 890 944 956 891 945 962 892 946 967 893 947 969 894 948 975 895 949 957 896 950 966 897 951 979 898 952 985 899 953 982 900 954 970 901 955 965 901 956 981 902 957 946 903 958 987 904 959 988 905 960 986 906 961 980 907 962 944 908 963 955 909 964 1044 910 965 1043 911 966 992 912 967 945 913 968 952 914 969 959 915 970 974 916 971 978 917 972 993 918 973 994 918 974 995 919 975 1018 920 976 999 921 977 1017 922 978 996 922 979 1000 923 980 1045 924 981 1006 925 982 989 926 983 991 927 984 1013 928 985 983 929 986 913 930 987 907 931 988 1003 932 989 1002 933 990 1019 934 991 914 935 992 911 936 993 923 937 994 1015 938 995 1016 939 996 1001 940 997 909 941 998 922 942 999 918 943 1000 998 944 1001 919 945 1002 915 946 1003 1020 946 1004 1021 947 1005 997 947 1006 916 948 1007 971 949 1008 1011 950 1009 1040 951 1010 1033 952 1011 1022 953 1012 1027 954 1013 1008 955 1014 1035 956 1015 1030 957 1016 1010 958 1017 1004 959 1018 1031 960 1019 1039 961 1020 1009 962 1021 1029 963 1022 1026 964 1023 1038 965 1024 1028 966 1025 973 967 1026 1036 968 1027 1024 969 1028 1041 970 1029 1023 971 1030 1032 972 1031 1046 973 1032 1034 974 1033 1005 975 1034 990 976 1035 1007 977 1036 1014 978 1037 972 979 1038 984 980 1039 1012 981 1040 977 982 1041 968 983 1042 1037 984 1043 1042 985 1044 976 986 1045 1025 987 1046 1052 988 1047 1050 989 1048 1049 990 1049 1051 991 1050 1048 992 1051 1047 993 1052 1069 994 1053 1064 995 1054 1062 996 1055 1068 997 1056 1061 998 1057 1055 999 1058 1079 1000 1059 1075 1001 1060 1088 1002 1061 1080 1003 1062 1072 1004 1063 1076 1005 1064 1066 1006 1065 1086 1007 1066 1065 1008 1067 1054 1009 1068 1078 1010 1069 1071 1011 1070 1058 1012 1071 1084 1013 1072 1074 1014 1073 1057 1015 1074 1083 1016 1075 1070 1017 1076 1105 1018 1077 1100 1019 1078 1098 1020 1079 1103 1021 1080 1097 1022 1081 1090 1023 1082 1115 1024 1083 1112 1025 1084 1124 1026 1085 1116 1027 1086 1109 1028 1087 1113 1029 1088 1101 1030 1089 1117 1031 1090 1123 1032 1091 1096 1033 1092 1108 1034 1093 1089 1035 1094 1093 1036 1095 1121 1037 1096 1111 1038 1097 1091 1039 1098 1119 1040 1099 1106 1041 1100 1141 1042 1101 1136 1043 1102 1134 1044 1103 1140 1045 1104 1133 1046 1105 1127 1047 1106 1152 1048 1107 1148 1049 1108 1160 1050 1109 1151 1051 1110 1143 1052 1111 1147 1053 1112 1138 1054 1113 1158 1055 1114 1137 1056 1115 1126 1057 1116 1149 1058 1117 1144 1059 1118 1131 1060 1119 1157 1061 1120 1146 1062 1121 1128 1063 1122 1155 1064 1123 1142 1065 1124 1177 1066 1125 1172 1067 1126 1170 1068 1127 1175 1069 1128 1169 1070 1129 1162 1071 1130 1187 1072 1131 1184 1073 1132 1196 1074 1133 1188 1075 1134 1179 1076 1135 1185 1077 1136 1173 1078 1137 1189 1079 1138 1195 1080 1139 1168 1081 1140 1181 1082 1141 1161 1083 1142 1165 1084 1143 1194 1085 1144 1183 1086 1145 1164 1087 1146 1192 1088 1147 1178 1089 1148 1273 1090 1149 1262 1091 1150 1207 1092 1151 1274 1093 1152 1214 1094 1153 1263 1095 1154 1224 1096 1155 1290 1097 1156 1235 1098 1157 1229 1099 1158 1302 1100 1159 1242 1101 1160 1266 1102 1161 1226 1103 1162 1236 1104 1163 1275 1105 1164 1222 1106 1165 1208 1107 1166 1269 1108 1167 1233 1109 1168 1202 1110 1169 1279 1111 1170 1227 1112 1171 1241 1113 1172 1249 1114 1173 1254 1115 1174 1282 1116 1175 1251 1117 1176 1281 1118 1177 1258 1119 1178 1220 1120 1179 1300 1121 1180 1243 1122 1181 1231 1123 1182 1291 1124 1183 1298 1125 1184 1206 1126 1185 1210 1127 1186 1268 1128 1187 1204 1129 1188 1198 1130 1189 1271 1131 1190 1216 1132 1191 1199 1133 1192 1277 1134 1193 1217 1135 1194 1212 1136 1195 1264 1137 1196 1284 1138 1197 1287 1139 1198 1244 1140 1199 1253 1141 1200 1293 1142 1201 1286 1143 1202 1256 1144 1203 1297 1145 1204 1250 1146 1205 1260 1147 1206 1247 1148 1207 1304 1149 1208 1314 1150 1209 1451 1151 1210 1310 1152 1211 1333 1153 1212 1434 1154 1213 1363 1155 1214 1316 1156 1215 1307 1157 1216 1450 1158 1217 1436 1159 1218 1342 1160 1219 1354 1161 1220 1346 1162 1221 1447 1163 1222 1357 1164 1223 1344 1165 1224 1471 1166 1225 1326 1167 1226 1331 1168 1227 1454 1169 1228 1327 1170 1229 1404 1171 1230 1380 1172 1231 1384 1173 1232 1459 1174 1233 1339 1175 1234 1329 1176 1235 1440 1177 1236 1360 1178 1237 1432 1179 1238 1422 1180 1239 1418 1181 1240 1395 1182 1241 1427 1183 1242 1423 1184 1243 1401 1185 1244 1415 1186 1245 1389 1187 1246 1393 1188 1247 1426 1189 1248 1406 1190 1249 1388 1191 1250 1399 1192 1251 1398 1193 1252 1371 1194 1253 1409 1195 1254 1385 1196 1255 1375 1197 1256 1445 1198 1257 1335 1199 1258 1364 1200 1259 1396 1201 1260 1373 1202 1261 1369 1203 1262 1405 1204 1263 1383 1205 1264 1407 1206 1265 1378 1207 1266 1386 1208 1267 1381 1209 1268 1377 1210 1269 1382 1211 1270 1372 1212 1271 1421 1213 1272 1394 1214 1273 1403 1215 1274 1428 1216 1275 1402 1217 1276 1408 1218 1277 1414 1219 1278 1392 1220 1279 1417 1221 1280 1425 1222 1281 1387 1223 1282 1413 1224 1283 1400 1225 1284 1370 1226 1285 1379 1227 1286 1410 1228 1287 1376 1229 1288 1391 1230 1289 1411 1231 1290 1416 1232 1291 1420 1233 1292 1412 1234 1293 1419 1235 1294 1424 1236 1295 1468 1237 1296 1337 1238 1297 1324 1239 1298 1441 1240 1299 1431 1241 1300 1349 1242 1301 1397 1243 1302 1390 1244 1303 1374 1245 1304 1359 1246 1305 1355 1247 1306 1430 1248 1307 1368 1249 1308 1362 1250 1309 1442 1251 1310 1351 1252 1311 1365 1253 1312 1439 1254 1313 1353 1255 1314 1347 1256 1315 1429 1257 1316 1453 1258 1317 1456 1259 1318 1311 1260 1319 1312 1261 1320 1466 1262 1321 1317 1263 1322 1464 1264 1323 1309 1265 1324 1315 1266 1325 1306 1267 1326 1319 1268 1327 1449 1269 1328 1477 1270 1329 1474 1271 1330 1476 1272 1331 1475 1273 1332 1473 1274 1333 1478 1275 1334 1495 1276 1335 1490 1277 1336 1488 1278 1337 1493 1279 1338 1487 1280 1339 1480 1281 1340 1505 1282 1341 1502 1283 1342 1514 1284 1343 1506 1285 1344 1499 1286 1345 1503 1287 1346 1492 1288 1347 1507 1289 1348 1513 1290 1349 1486 1291 1350 1498 1292 1351 1479 1293 1352 1483 1294 1353 1512 1295 1354 1501 1296 1355 1481 1297 1356 1509 1298 1357 1496 1299 1358 1519 1300 1359 1517 1301 1360 1515 1302 1361 1518 1303 1362 1520 1304 1363 1516 1305 1364 1067 1306 1365 1081 1307 1366 1087 1308 1367 1053 1309 1368 1060 1310 1369 1077 1311 1370 1059 1312 1371 1063 1313 1372 1085 1314 1373 1056 1315 1374 1073 1316 1375 1082 1317 1376 1102 1318 1377 1104 1319 1378 1118 1320 1379 1095 1321 1380 1114 1322 1381 1107 1323 1382 1094 1324 1383 1099 1325 1384 1122 1326 1385 1092 1327 1386 1110 1328 1387 1120 1329 1388 1139 1330 1389 1153 1331 1390 1159 1332 1391 1125 1333 1392 1132 1334 1393 1150 1335 1394 1130 1336 1395 1135 1337 1396 1156 1338 1397 1129 1339 1398 1145 1340 1399 1154 1341 1400 1174 1342 1401 1176 1343 1402 1190 1344 1403 1167 1345 1404 1186 1346 1405 1180 1347 1406 1166 1348 1407 1171 1349 1408 1193 1350 1409 1163 1351 1410 1182 1352 1411 1191 1353 1412 1223 1354 1413 1245 1355 1414 1289 1356 1415 1230 1357 1416 1295 1358 1417 1303 1359 1418 1267 1360 1419 1209 1361 1420 1225 1362 1421 1276 1363 1422 1239 1364 1423 1221 1365 1424 1270 1366 1425 1238 1367 1426 1234 1368 1427 1278 1369 1428 1201 1370 1429 1228 1371 1430 1219 1372 1431 1240 1373 1432 1299 1374 1433 1232 1375 1434 1237 1376 1435 1292 1377 1436 1205 1378 1437 1261 1379 1438 1211 1380 1439 1203 1381 1440 1265 1382 1441 1197 1383 1442 1215 1384 1443 1272 1385 1444 1200 1386 1445 1218 1387 1446 1280 1388 1447 1213 1389 1448 1283 1390 1449 1255 1391 1450 1288 1392 1451 1252 1393 1452 1248 1394 1453 1294 1395 1454 1257 1396 1455 1301 1397 1456 1296 1398 1457 1259 1399 1458 1285 1400 1459 1246 1401 1460 1334 1402 1461 1328 1403 1462 1433 1404 1463 1435 1405 1464 1330 1406 1465 1341 1407 1466 1345 1408 1467 1325 1409 1468 1448 1410 1469 1343 1411 1470 1322 1412 1471 1472 1413 1472 1332 1414 1473 1461 1415 1474 1455 1416 1475 1458 1417 1476 1321 1418 1477 1340 1419 1478 1444 1420 1479 1323 1421 1480 1336 1422 1481 1469 1423 1482 1462 1424 1483 1338 1425 1484 1358 1426 1485 1437 1427 1486 1356 1428 1487 1367 1429 1488 1438 1430 1489 1361 1431 1490 1350 1432 1491 1446 1433 1492 1366 1434 1493 1352 1435 1494 1443 1436 1495 1348 1437 1496 1452 1438 1497 1320 1439 1498 1457 1440 1499 1313 1441 1500 1460 1442 1501 1465 1443 1502 1463 1444 1503 1470 1445 1504 1308 1446 1505 1305 1447 1506 1467 1448 1507 1318 1449 1508 1491 1450 1509 1494 1451 1510 1508 1452 1511 1485 1453 1512 1504 1454 1513 1497 1455 1514 1484 1456 1515 1489 1457 1516 1511 1458 1517 1482 1459 1518 1500 1460 1519 1510 1461 1520 1598 1462 1521 1585 1463 1522 1529 1464 1523 1597 1465 1524 1540 1466 1525 1586 1467 1526 1548 1468 1527 1612 1469 1528 1559 1470 1529 1556 1471 1530 1628 1472 1531 1566 1473 1532 1590 1474 1533 1550 1475 1534 1560 1476 1535 1600 1477 1536 1543 1478 1537 1533 1479 1538 1593 1480 1539 1552 1481 1540 1526 1482 1541 1604 1483 1542 1553 1484 1543 1565 1485 1544 1574 1486 1545 1578 1487 1546 1606 1488 1547 1575 1489 1548 1605 1490 1549 1582 1491 1550 1546 1492 1551 1624 1493 1552 1567 1494 1553 1558 1495 1554 1614 1496 1555 1621 1497 1556 1531 1498 1557 1534 1499 1558 1594 1500 1559 1528 1501 1560 1522 1502 1561 1595 1503 1562 1539 1504 1563 1523 1505 1564 1601 1506 1565 1542 1507 1566 1536 1508 1567 1588 1509 1568 1607 1510 1569 1616 1511 1570 1569 1512 1571 1577 1513 1572 1618 1514 1573 1610 1515 1574 1580 1516 1575 1620 1517 1576 1573 1518 1577 1583 1519 1578 1571 1520 1579 1626 1521 1580 1547 1522 1581 1568 1523 1582 1611 1524 1583 1555 1525 1584 1622 1526 1585 1627 1527 1586 1591 1528 1587 1532 1529 1588 1549 1530 1589 1599 1531 1590 1563 1532 1591 1544 1533 1592 1592 1534 1593 1562 1535 1594 1551 1536 1595 1603 1537 1596 1525 1538 1597 1554 1539 1598 1545 1540 1599 1564 1541 1600 1623 1542 1601 1557 1543 1602 1561 1544 1603 1613 1545 1604 1530 1546 1605 1587 1547 1606 1535 1548 1607 1527 1549 1608 1589 1550 1609 1521 1551 1610 1538 1552 1611 1596 1553 1612 1524 1554 1613 1541 1555 1614 1602 1556 1615 1537 1557 1616 1608 1558 1617 1579 1559 1618 1615 1560 1619 1576 1561 1620 1572 1562 1621 1617 1563 1622 1581 1564 1623 1625 1565 1624 1619 1566 1625 1584 1567 1626 1609 1568 1627 1570 1569 1628 1641 1570 1629 1629 1571 1630 1632 1572 1631 1633 1573 1632 1655 1574 1633 1643 1575 1634 1634 1576 1635 1653 1577 1636 1631 1578 1637 1638 1579 1638 1654 1580 1639 1635 1581 1640 1652 1582 1641 1630 1583 1642 1642 1584 1643 1639 1585 1644 1636 1586 1645 1646 1587 1646 1645 1588 1647 1656 1589 1648 1649 1590 1649 1651 1591 1650 1637 1592 1651 1647 1593 1652 1650 1594 1653 1657 1595 1654 1640 1596 1655 1644 1597 1656 1658 1598 1657 1648 1599 1658 1680 1600 1659 1660 1601 1660 1684 1602 1661 1683 1603 1662 1673 1604 1663 1677 1605 1664 1664 1606 1665 1675 1607 1666 1685 1608 1667 1682 1609 1668 1674 1610 1669 1663 1611 1670 1666 1612 1671 1661 1613 1672 1671 1614 1673 1672 1615 1674 1688 1616 1675 1668 1617 1676 1670 1618 1677 1659 1619 1678 1678 1620 1679 1679 1621 1680 1687 1622 1681 1669 1623 1682 1681 1624 1683 1662 1625 1684 1667 1626 1685 1665 1627 1686 1686 1628 1687 1676 1629 1688 1725 1630 1689 1700 1631 1690 1703 1632 1691 1742 1633 1692 1738 1634 1693 1715 1635 1694 1747 1636 1695 1743 1637 1696 1721 1638 1697 1735 1639 1698 1709 1640 1699 1713 1641 1700 1746 1642 1701 1726 1643 1702 1708 1644 1703 1720 1645 1704 1718 1646 1705 1691 1647 1706 1729 1648 1707 1705 1649 1708 1695 1650 1709 1717 1651 1710 1694 1652 1711 1689 1653 1712 1724 1654 1713 1704 1655 1714 1727 1656 1715 1698 1657 1716 1706 1658 1717 1701 1659 1718 1697 1660 1719 1702 1661 1720 1692 1662 1721 1741 1663 1722 1714 1664 1723 1723 1665 1724 1748 1666 1725 1722 1667 1726 1728 1668 1727 1734 1669 1728 1712 1670 1729 1737 1671 1730 1745 1672 1731 1707 1673 1732 1733 1674 1733 1719 1675 1734 1690 1676 1735 1699 1677 1736 1730 1678 1737 1696 1679 1738 1711 1680 1739 1731 1681 1740 1736 1682 1741 1740 1683 1742 1732 1684 1743 1739 1685 1744 1744 1686 1745 1716 1687 1746 1710 1688 1747 1693 1689 1748 1765 1690 1749 1752 1691 1750 1759 1692 1751 1749 1693 1752 1763 1694 1753 1758 1695 1754 1768 1696 1755 1761 1697 1756 1753 1698 1757 1771 1699 1758 1756 1700 1759 1760 1701 1760 1787 1702 1761 1775 1703 1762 1782 1704 1763 1774 1705 1764 1785 1706 1765 1783 1707 1766 1793 1708 1767 1789 1709 1768 1778 1710 1769 1794 1711 1770 1781 1712 1771 1790 1713 1772 1799 1714 1773 1809 1715 1774 1806 1716 1775 1798 1717 1776 1810 1718 1777 1801 1719 1778 1813 1720 1779 1817 1721 1780 1802 1722 1781 1804 1723 1782 1819 1724 1783 1814 1725 1784 1824 1726 1785 1835 1727 1786 1831 1728 1787 1822 1729 1788 1838 1730 1789 1826 1731 1790 1833 1732 1791 1840 1733 1792 1825 1734 1793 1828 1735 1794 1844 1736 1795 1832 1737 1796 1867 1738 1797 1850 1739 1798 1861 1740 1799 1848 1741 1800 1866 1742 1801 1860 1743 1802 1875 1744 1803 1852 1745 1804 1869 1746 1805 1845 1747 1806 1880 1748 1807 1871 1749 1808 1872 1750 1809 1863 1751 1810 1853 1752 1811 1876 1753 1812 1858 1754 1813 1862 1755 1814 1900 1756 1815 1885 1757 1816 1896 1758 1817 1883 1759 1818 1899 1760 1819 1897 1761 1820 1915 1762 1821 1887 1763 1822 1906 1764 1823 1881 1765 1824 1910 1766 1825 1909 1767 1826 1907 1768 1827 1903 1769 1828 1890 1770 1829 1912 1771 1830 1894 1772 1831 1904 1773 1832 1921 1774 1833 1934 1775 1834 1932 1776 1835 1920 1777 1836 1937 1778 1837 1925 1779 1838 1952 1780 1839 1924 1781 1840 1927 1782 1841 1946 1783 1842 1918 1784 1843 1945 1785 1844 1939 1786 1845 1944 1787 1846 1926 1788 1847 1930 1789 1848 1950 1790 1849 1940 1791 1850 1958 1792 1851 1976 1793 1852 1969 1794 1853 1956 1795 1854 1974 1796 1855 1962 1797 1856 1982 1798 1857 1960 1799 1858 1964 1800 1859 1988 1801 1860 1953 1802 1861 1979 1803 1862 1972 1804 1863 1980 1805 1864 1961 1806 1865 1965 1807 1866 1986 1808 1867 1970 1809 1868 1766 1810 1869 1757 1811 1870 1751 1812 1871 1750 1813 1872 1754 1814 1873 1764 1815 1874 1769 1816 1875 1772 1817 1876 1762 1818 1877 1770 1819 1878 1767 1820 1879 1755 1821 1880 1786 1822 1881 1779 1823 1882 1776 1824 1883 1773 1825 1884 1777 1826 1885 1784 1827 1886 1792 1828 1887 1796 1829 1888 1788 1830 1889 1795 1831 1890 1791 1832 1891 1780 1833 1892 1800 1834 1893 1803 1835 1894 1808 1836 1895 1797 1837 1896 1807 1838 1897 1811 1839 1898 1812 1840 1899 1818 1841 1900 1816 1842 1901 1805 1843 1902 1815 1844 1903 1820 1845 1904 1823 1846 1905 1829 1847 1906 1836 1848 1907 1821 1849 1908 1830 1850 1909 1837 1851 1910 1834 1852 1911 1843 1853 1912 1841 1854 1913 1827 1855 1914 1839 1856 1915 1842 1857 1916 1868 1858 1917 1859 1859 1918 1849 1860 1919 1847 1861 1920 1854 1862 1921 1865 1863 1922 1874 1864 1923 1856 1865 1924 1851 1866 1925 1846 1867 1926 1855 1868 1927 1879 1869 1928 1873 1870 1929 1878 1871 1930 1864 1872 1931 1877 1873 1932 1870 1874 1933 1857 1875 1934 1901 1876 1935 1893 1877 1936 1886 1878 1937 1884 1879 1938 1889 1880 1939 1898 1881 1940 1916 1882 1941 1892 1883 1942 1888 1884 1943 1882 1885 1944 1891 1886 1945 1911 1887 1946 1908 1888 1947 1914 1889 1948 1902 1890 1949 1913 1891 1950 1905 1892 1951 1895 1893 1952 1922 1894 1953 1929 1895 1954 1935 1896 1955 1919 1897 1956 1933 1898 1957 1936 1899 1958 1951 1900 1959 1942 1901 1960 1923 1902 1961 1947 1903 1962 1928 1904 1963 1917 1905 1964 1938 1906 1965 1948 1907 1966 1943 1908 1967 1931 1909 1968 1941 1910 1969 1949 1911 1970 1957 1912 1971 1967 1913 1972 1975 1914 1973 1955 1915 1974 1968 1916 1975 1973 1917 1976 1983 1918 1977 1977 1919 1978 1959 1920 1979 1987 1921 1980 1963 1922 1981 1954 1923 1982 1971 1924 1983 1984 1925 1984 1981 1926 1985 1966 1927 1986 1978 1928 1987 1985 1929 1988 2051 1930 1989 2038 1931 1990 1997 1932 1991 2050 1933 1992 2008 1934 1993 2039 1935 1994 2013 1936 1995 2059 1937 1996 2027 1938 1997 2023 1939 1998 2070 1940 1999 2034 1941 2000 2044 1942 2001 2017 1943 2002 2028 1944 2003 2054 1945 2004 2012 1946 2005 2001 1947 2006 2046 1948 2007 2019 1949 2008 1994 1950 2009 2056 1951 2010 2022 1952 2011 2033 1953 2012 2016 1954 2013 2067 1955 2014 2035 1956 2015 2026 1957 2016 2062 1958 2017 2064 1959 2018 1998 1960 2019 2004 1961 2020 2047 1962 2021 1996 1963 2022 1989 1964 2023 2049 1965 2024 2007 1966 2025 1992 1967 2026 2053 1968 2027 2010 1969 2028 2003 1970 2029 2041 1971 2030 2060 1972 2031 2037 1973 2032 2068 1974 2033 2060 1972 2034 2068 1974 2035 2063 1975 2036 2014 1976 2037 2036 1977 2038 2058 1978 2039 2024 1979 2040 2065 1980 2041 2069 1981 2042 2043 1982 2043 2000 1983 2044 2018 1984 2045 2052 1985 2046 2031 1986 2047 2011 1987 2048 2045 1988 2049 2030 1989 2050 2020 1990 2051 2055 1991 2052 1993 1992 2053 2021 1993 2054 2015 1994 2055 2032 1995 2056 2066 1996 2057 2025 1997 2058 2029 1998 2059 2061 1999 2060 1999 2000 2061 2040 2001 2062 2005 2002 2063 1995 2003 2064 2042 2004 2065 1991 2005 2066 2006 2006 2067 2048 2007 2068 1990 2008 2069 2009 2009 2070 2057 2010 2071 2002 2011 2072 2083 2012 2073 2090 2013 2074 2076 2014 2075 2074 2015 2076 2095 2016 2077 2092 2017 2078 2086 2018 2079 2094 2019 2080 2100 2020 2081 2081 2021 2082 2097 2022 2083 2073 2023 2084 2080 2024 2085 2084 2025 2086 2098 2026 2087 2072 2027 2088 2087 2028 2089 2079 2029 2090 2075 2030 2091 2099 2031 2092 2096 2032 2093 2071 2033 2094 2091 2034 2095 2088 2035 2096 2082 2036 2097 2078 2037 2098 2089 2038 2099 2085 2039 2100 2077 2040 2101 2093 2041 2102 2102 2042 2103 2103 2043 2104 2106 2044 2105 2101 2045 2106 2105 2046 2107 2104 2047 2108 2116 2048 2109 2134 2049 2110 2179 2050 2111 2201 2051 2112 2148 2052 2113 2192 2053 2114 2161 2054 2115 2156 2055 2116 2127 2056 2117 2162 2057 2118 2139 2058 2119 2150 2059 2120 2119 2060 2121 2154 2061 2122 2140 2062 2123 2181 2063 2124 2188 2064 2125 2168 2065 2126 2123 2066 2127 2209 2067 2128 2204 2068 2129 2184 2069 2130 2208 2070 2131 2214 2071 2132 2197 2072 2133 2164 2073 2134 2158 2074 2135 2198 2075 2136 2157 2076 2137 2109 2077 2138 2175 2078 2139 2211 2079 2140 2122 2080 2141 2174 2081 2142 2182 2082 2143 2212 2083 2144 2167 2084 2145 2142 2085 2146 2206 2086 2147 2203 2087 2148 2112 2088 2149 2190 2089 2150 2147 2090 2151 2131 2091 2152 2125 2092 2153 2144 2093 2154 2152 2094 2155 2191 2095 2156 2170 2096 2157 2115 2097 2158 2178 2098 2159 2121 2099 2160 2185 2100 2161 2173 2101 2162 2107 2102 2163 2136 2103 2164 2196 2104 2165 2110 2105 2166 2128 2106 2167 2135 2107 2168 2145 2108 2169 2126 2109 2170 2151 2110 2171 2117 2111 2172 2141 2112 2173 2133 2113 2174 2200 2114 2175 2205 2115 2176 2149 2116 2177 2166 2117 2178 2176 2118 2179 2143 2119 2180 2202 2120 2181 2194 2121 2182 2113 2122 2183 2169 2123 2184 2189 2124 2185 2114 2125 2186 2146 2126 2187 2177 2127 2188 2130 2128 2189 2118 2129 2190 2193 2130 2191 2153 2131 2192 2124 2132 2193 2213 2133 2194 2210 2134 2195 2120 2135 2196 2199 2136 2197 2186 2137 2198 2180 2138 2199 2172 2139 2200 2187 2140 2201 2183 2141 2202 2171 2142 2203 2207 2143 2204 2160 2144 2205 2165 2145 2206 2155 2146 2207 2163 2147 2208 2195 2148 2209 2138 2149 2210 2108 2150 2211 2132 2151 2212 2137 2152 2213 2111 2153 2214 2159 2154 2215 2129 2155 2216 2224 2156 2217 2237 2157 2218 2276 2158 2219 2288 2159 2220 2251 2160 2221 2280 2161 2222 2264 2162 2223 2259 2163 2224 2230 2164 2225 2265 2165 2226 2242 2166 2227 2253 2167 2228 2227 2168 2229 2257 2169 2230 2243 2170 2231 2285 2171 2232 2267 2172 2233 2261 2173 2234 2286 2174 2235 2260 2175 2236 2217 2176 2237 2270 2177 2238 2245 2178 2239 2292 2179 2240 2290 2180 2241 2220 2181 2242 2278 2182 2243 2250 2183 2244 2234 2184 2245 2228 2185 2246 2247 2186 2247 2255 2187 2248 2279 2188 2249 2272 2189 2250 2223 2190 2251 2275 2191 2252 2215 2192 2253 2239 2193 2254 2284 2194 2255 2218 2195 2256 2231 2196 2257 2238 2197 2258 2248 2198 2259 2229 2199 2260 2254 2200 2261 2225 2201 2262 2244 2202 2263 2236 2203 2264 2287 2204 2265 2291 2205 2266 2252 2206 2267 2269 2207 2268 2273 2208 2269 2246 2209 2270 2289 2210 2271 2282 2211 2272 2221 2212 2273 2271 2213 2274 2277 2214 2275 2222 2215 2276 2249 2216 2277 2274 2217 2278 2233 2218 2279 2226 2219 2280 2281 2220 2281 2256 2221 2282 2263 2222 2283 2268 2223 2284 2258 2224 2285 2266 2225 2286 2283 2226 2287 2241 2227 2288 2216 2228 2289 2235 2229 2290 2240 2230 2291 2219 2231 2292 2262 2232 2293 2232 2233 2294</p>
        </triangles>
      </mesh>
    </geometry>
  </library_geometries>
  <library_controllers>
    <controller id="airship_UK_Skin_rotors_001-skin" name="airship_UK_Skin">
      <skin source="#kebenit_Mesh_003-mesh">
        <bind_shape_matrix>1 0 0 0 0 1 0 0 0 0 1 0 0 0 0 1</bind_shape_matrix>
        <source id="airship_UK_Skin_rotors_001-skin-joints">
          <Name_array id="airship_UK_Skin_rotors_001-skin-joints-array" count="8">root port_tackle01 star_tackle_001 ammo_node_0 ammo_node_1 sbr_axle pivot_node_0 pivot_node_1</Name_array>
          <technique_common>
            <accessor source="#airship_UK_Skin_rotors_001-skin-joints-array" count="8" stride="1">
              <param name="JOINT" type="name"/>
            </accessor>
          </technique_common>
        </source>
        <source id="airship_UK_Skin_rotors_001-skin-bind_poses">
          <float_array id="airship_UK_Skin_rotors_001-skin-bind_poses-array" count="128">0 1 2.3841e-7 0.003927171 0 -2.3841e-7 1 0.004104554 1 0 0 0.001933872 0 0 0 1 0 1 4.74674e-7 6.553005 0 -4.74674e-7 1 -37.66134 1 0 0 -29.30891 0 0 0 1 0 1 4.74674e-7 6.55301 0 -4.74674e-7 1 -37.66136 1 0 0 30.05059 0 0 0 1 1 0 1.20404e-7 11.07079 0 -1 0 -3.126821 1.20396e-7 0 -1 16.58073 0 0 0 1 1 0 0 -10.7761 0 -1 0 -76.97033 0 0 -1 15.96561 0 0 0 1 1 0 -1.21019e-7 17.69556 0 -1 -2.3841e-7 72.17001 -1.21028e-7 2.3841e-7 -1 3.00963 0 0 0 1 1 2.33734e-7 -1.50996e-7 -2.001825 2.33734e-7 -1 0 44.84663 -1.51005e-7 0 -1 68.91764 0 0 0 1 1 2.59503e-7 -1.50996e-7 -2.460223 2.59503e-7 -1 0 -62.8354 -1.51004e-7 0 -1 39.96202 0 0 0 1</float_array>
          <technique_common>
            <accessor source="#airship_UK_Skin_rotors_001-skin-bind_poses-array" count="8" stride="16">
              <param name="TRANSFORM" type="float4x4"/>
            </accessor>
          </technique_common>
        </source>
        <source id="airship_UK_Skin_rotors_001-skin-weights">
          <float_array id="airship_UK_Skin_rotors_001-skin-weights-array" count="80">1 1 1 1 1 1 1 1 1 1 1 1 1 1 1 1 1 1 1 1 1 1 1 1 1 1 1 1 1 1 1 1 1 1 1 1 1 1 1 1 1 1 1 1 1 1 1 1 1 1 1 1 1 1 1 1 1 1 1 1 1 1 1 1 1 1 1 1 1 1 1 1 1 1 1 1 1 1 1 1</float_array>
          <technique_common>
            <accessor source="#airship_UK_Skin_rotors_001-skin-weights-array" count="80" stride="1">
              <param name="WEIGHT" type="float"/>
            </accessor>
          </technique_common>
        </source>
        <joints>
          <input semantic="JOINT" source="#airship_UK_Skin_rotors_001-skin-joints"/>
          <input semantic="INV_BIND_MATRIX" source="#airship_UK_Skin_rotors_001-skin-bind_poses"/>
        </joints>
        <vertex_weights count="80">
          <input semantic="JOINT" source="#airship_UK_Skin_rotors_001-skin-joints" offset="0"/>
          <input semantic="WEIGHT" source="#airship_UK_Skin_rotors_001-skin-weights" offset="1"/>
          <vcount>1 1 1 1 1 1 1 1 1 1 1 1 1 1 1 1 1 1 1 1 1 1 1 1 1 1 1 1 1 1 1 1 1 1 1 1 1 1 1 1 1 1 1 1 1 1 1 1 1 1 1 1 1 1 1 1 1 1 1 1 1 1 1 1 1 1 1 1 1 1 1 1 1 1 1 1 1 1 1 1 </vcount>
          <v>7 0 7 1 7 2 7 3 7 4 7 5 7 6 7 7 7 8 7 9 7 10 7 11 7 12 7 13 7 14 7 15 7 16 7 17 7 18 7 19 7 20 7 21 7 22 7 23 7 24 7 25 7 26 7 27 7 28 7 29 7 30 7 31 7 32 7 33 7 34 7 35 7 36 7 37 7 38 7 39 7 40 7 41 7 42 7 43 7 44 7 45 7 46 7 47 7 48 7 49 7 50 7 51 7 52 7 53 7 54 7 55 7 56 7 57 7 58 7 59 7 60 7 61 7 62 7 63 7 64 7 65 7 66 7 67 7 68 7 69 7 70 7 71 7 72 7 73 7 74 7 75 7 76 7 77 7 78 7 79</v>
        </vertex_weights>
      </skin>
    </controller>
    <controller id="airship_UK_Skin_rotors-skin" name="airship_UK_Skin">
      <skin source="#kebenit_Mesh_001-mesh">
        <bind_shape_matrix>1 0 0 0 0 1 0 0 0 0 1 0 0 0 0 1</bind_shape_matrix>
        <source id="airship_UK_Skin_rotors-skin-joints">
          <Name_array id="airship_UK_Skin_rotors-skin-joints-array" count="8">root port_tackle01 star_tackle_001 ammo_node_0 ammo_node_1 sbr_axle pivot_node_0 pivot_node_1</Name_array>
          <technique_common>
            <accessor source="#airship_UK_Skin_rotors-skin-joints-array" count="8" stride="1">
              <param name="JOINT" type="name"/>
            </accessor>
          </technique_common>
        </source>
        <source id="airship_UK_Skin_rotors-skin-bind_poses">
          <float_array id="airship_UK_Skin_rotors-skin-bind_poses-array" count="128">0 1 2.3841e-7 0.003927171 0 -2.3841e-7 1 0.004104554 1 0 0 0.001933872 0 0 0 1 0 1 4.74674e-7 6.553005 0 -4.74674e-7 1 -37.66134 1 0 0 -29.30891 0 0 0 1 0 1 4.74674e-7 6.55301 0 -4.74674e-7 1 -37.66136 1 0 0 30.05059 0 0 0 1 1 0 1.20404e-7 11.07079 0 -1 0 -3.126821 1.20396e-7 0 -1 16.58073 0 0 0 1 1 0 0 -10.7761 0 -1 0 -76.97033 0 0 -1 15.96561 0 0 0 1 1 0 -1.21019e-7 17.69556 0 -1 -2.3841e-7 72.17001 -1.21028e-7 2.3841e-7 -1 3.00963 0 0 0 1 1 2.33734e-7 -1.50996e-7 -2.001825 2.33734e-7 -1 0 44.84663 -1.51005e-7 0 -1 68.91764 0 0 0 1 1 2.59503e-7 -1.50996e-7 -2.460223 2.59503e-7 -1 0 -62.8354 -1.51004e-7 0 -1 39.96202 0 0 0 1</float_array>
          <technique_common>
            <accessor source="#airship_UK_Skin_rotors-skin-bind_poses-array" count="8" stride="16">
              <param name="TRANSFORM" type="float4x4"/>
            </accessor>
          </technique_common>
        </source>
        <source id="airship_UK_Skin_rotors-skin-weights">
          <float_array id="airship_UK_Skin_rotors-skin-weights-array" count="80">1 1 1 1 1 1 1 1 1 1 1 1 1 1 1 1 1 1 1 1 1 1 1 1 1 1 1 1 1 1 1 1 1 1 1 1 1 1 1 1 1 1 1 1 1 1 1 1 1 1 1 1 1 1 1 1 1 1 1 1 1 1 1 1 1 1 1 1 1 1 1 1 1 1 1 1 1 1 1 1</float_array>
          <technique_common>
            <accessor source="#airship_UK_Skin_rotors-skin-weights-array" count="80" stride="1">
              <param name="WEIGHT" type="float"/>
            </accessor>
          </technique_common>
        </source>
        <joints>
          <input semantic="JOINT" source="#airship_UK_Skin_rotors-skin-joints"/>
          <input semantic="INV_BIND_MATRIX" source="#airship_UK_Skin_rotors-skin-bind_poses"/>
        </joints>
        <vertex_weights count="80">
          <input semantic="JOINT" source="#airship_UK_Skin_rotors-skin-joints" offset="0"/>
          <input semantic="WEIGHT" source="#airship_UK_Skin_rotors-skin-weights" offset="1"/>
          <vcount>1 1 1 1 1 1 1 1 1 1 1 1 1 1 1 1 1 1 1 1 1 1 1 1 1 1 1 1 1 1 1 1 1 1 1 1 1 1 1 1 1 1 1 1 1 1 1 1 1 1 1 1 1 1 1 1 1 1 1 1 1 1 1 1 1 1 1 1 1 1 1 1 1 1 1 1 1 1 1 1 </vcount>
          <v>6 0 6 1 6 2 6 3 6 4 6 5 6 6 6 7 6 8 6 9 6 10 6 11 6 12 6 13 6 14 6 15 6 16 6 17 6 18 6 19 6 20 6 21 6 22 6 23 6 24 6 25 6 26 6 27 6 28 6 29 6 30 6 31 6 32 6 33 6 34 6 35 6 36 6 37 6 38 6 39 6 40 6 41 6 42 6 43 6 44 6 45 6 46 6 47 6 48 6 49 6 50 6 51 6 52 6 53 6 54 6 55 6 56 6 57 6 58 6 59 6 60 6 61 6 62 6 63 6 64 6 65 6 66 6 67 6 68 6 69 6 70 6 71 6 72 6 73 6 74 6 75 6 76 6 77 6 78 6 79</v>
        </vertex_weights>
      </skin>
    </controller>
    <controller id="airship_UK_Skin_ornithopter-skin" name="airship_UK_Skin">
      <skin source="#kebenit_Mesh_002-mesh">
        <bind_shape_matrix>1 0 0 0 0 1 0 0 0 0 1 0 0 0 0 1</bind_shape_matrix>
        <source id="airship_UK_Skin_ornithopter-skin-joints">
          <Name_array id="airship_UK_Skin_ornithopter-skin-joints-array" count="8">root port_tackle01 star_tackle_001 ammo_node_0 ammo_node_1 sbr_axle pivot_node_0 pivot_node_1</Name_array>
          <technique_common>
            <accessor source="#airship_UK_Skin_ornithopter-skin-joints-array" count="8" stride="1">
              <param name="JOINT" type="name"/>
            </accessor>
          </technique_common>
        </source>
        <source id="airship_UK_Skin_ornithopter-skin-bind_poses">
          <float_array id="airship_UK_Skin_ornithopter-skin-bind_poses-array" count="128">0 1 2.3841e-7 0.003927171 0 -2.3841e-7 1 0.004104554 1 0 0 0.001933872 0 0 0 1 0 1 4.74674e-7 6.553005 0 -4.74674e-7 1 -37.66134 1 0 0 -29.30891 0 0 0 1 0 1 4.74674e-7 6.55301 0 -4.74674e-7 1 -37.66136 1 0 0 30.05059 0 0 0 1 1 0 1.20404e-7 11.07079 0 -1 0 -3.126821 1.20396e-7 0 -1 16.58073 0 0 0 1 1 0 0 -10.7761 0 -1 0 -76.97033 0 0 -1 15.96561 0 0 0 1 1 0 -1.21019e-7 17.69556 0 -1 -2.3841e-7 72.17001 -1.21028e-7 2.3841e-7 -1 3.00963 0 0 0 1 1 2.33734e-7 -1.50996e-7 -2.001825 2.33734e-7 -1 0 44.84663 -1.51005e-7 0 -1 68.91764 0 0 0 1 1 2.59503e-7 -1.50996e-7 -2.460223 2.59503e-7 -1 0 -62.8354 -1.51004e-7 0 -1 39.96202 0 0 0 1</float_array>
          <technique_common>
            <accessor source="#airship_UK_Skin_ornithopter-skin-bind_poses-array" count="8" stride="16">
              <param name="TRANSFORM" type="float4x4"/>
            </accessor>
          </technique_common>
        </source>
        <source id="airship_UK_Skin_ornithopter-skin-weights">
          <float_array id="airship_UK_Skin_ornithopter-skin-weights-array" count="2293">1 1 1 1 1 1 1 1 1 1 1 1 1 1 1 1 1 1 1 1 1 1 1 1 1 1 1 1 1 1 1 1 1 1 1 1 1 1 1 1 1 1 1 1 1 1 1 1 1 1 1 1 1 1 1 1 1 1 1 1 1 1 1 1 1 1 1 1 1 1 1 1 1 1 1 1 1 1 1 1 1 1 1 1 1 1 1 1 1 1 1 1 1 1 1 1 1 1 1 1 1 1 1 1 1 1 1 1 1 1 1 1 1 1 1 1 1 1 1 1 1 1 1 1 1 1 1 1 1 1 1 1 1 1 1 1 1 1 1 1 1 1 1 1 1 1 1 1 1 1 1 1 1 1 1 1 1 1 1 1 1 1 1 1 1 1 1 1 1 1 1 1 1 1 1 1 1 1 1 1 1 1 1 1 1 1 1 1 1 1 1 1 1 1 1 1 1 1 1 1 1 1 1 1 1 1 1 1 1 1 1 1 1 1 1 1 1 1 1 1 1 1 1 1 1 1 1 1 1 1 1 1 1 1 1 1 1 1 1 1 1 1 1 1 1 1 1 1 1 1 1 1 1 1 1 1 1 1 1 1 1 1 1 1 1 1 1 1 1 1 1 1 1 1 1 1 1 1 1 1 1 1 1 1 1 1 1 1 1 1 1 1 1 1 1 1 1 1 1 1 1 1 1 1 1 1 1 1 1 1 1 1 1 1 1 1 1 1 1 1 1 1 1 1 1 1 1 1 1 1 1 1 1 1 1 1 1 1 1 1 1 1 1 1 1 1 1 1 1 1 1 1 1 1 1 1 1 1 1 1 1 1 1 1 1 1 1 1 1 1 1 1 1 1 1 1 1 1 1 1 1 1 1 1 1 1 1 1 1 1 1 1 1 1 1 1 1 1 1 1 1 1 1 1 1 1 1 1 1 1 1 1 1 1 1 1 1 1 1 1 1 1 1 1 1 1 1 1 1 1 1 1 1 1 1 1 1 1 1 1 1 1 1 1 1 1 1 1 1 1 1 1 1 1 1 1 1 1 1 1 1 1 1 1 1 1 1 1 1 1 1 1 1 1 1 1 1 1 1 1 1 1 1 1 1 1 1 1 1 1 1 1 1 1 1 1 1 1 1 1 1 1 1 1 1 1 1 1 1 1 1 1 1 1 1 1 1 1 1 1 1 1 1 1 1 1 1 1 1 1 1 1 1 1 1 1 1 1 1 1 1 1 1 1 1 1 1 1 1 1 1 1 1 1 1 1 1 1 1 1 1 1 1 1 1 1 1 1 1 1 1 1 1 1 1 1 1 1 1 1 1 1 1 1 1 1 1 1 1 1 1 1 1 1 1 1 1 1 1 1 1 1 1 1 1 1 1 1 1 1 1 1 1 1 1 1 1 1 1 1 1 1 1 1 1 1 1 1 1 1 1 1 1 1 1 1 1 1 1 1 1 1 1 1 1 1 1 1 1 1 1 1 1 1 1 1 1 1 1 1 1 1 1 1 1 1 1 1 1 1 1 1 1 1 1 1 1 1 1 1 1 1 1 1 1 1 1 1 1 1 1 1 1 1 1 1 1 1 1 1 1 1 1 1 1 1 1 1 1 1 1 1 1 1 1 1 1 1 1 1 1 1 1 1 1 1 1 1 1 1 1 1 1 1 1 1 1 1 1 1 1 1 1 1 1 1 1 1 1 1 1 1 1 1 1 1 1 1 1 1 1 1 1 1 1 1 1 1 1 1 1 1 1 1 1 1 1 1 1 1 1 1 1 1 1 1 1 1 1 1 1 1 1 1 1 1 1 1 1 1 1 1 1 1 1 1 1 1 1 1 1 1 1 1 1 1 1 1 1 1 1 1 1 1 1 1 1 1 1 1 1 1 1 1 1 1 1 1 1 1 1 1 1 1 1 1 1 1 1 1 1 1 1 1 1 1 1 1 1 1 1 1 1 1 1 1 1 1 1 1 1 1 1 1 1 1 1 1 1 1 1 1 1 1 1 1 1 1 1 1 1 1 1 1 1 1 1 1 1 1 1 1 1 1 1 1 1 1 1 1 1 1 1 1 1 1 1 1 1 1 1 1 1 1 1 1 1 1 1 1 1 1 1 1 1 1 1 1 1 1 1 1 1 1 1 1 1 1 1 1 1 1 1 1 1 1 1 1 1 1 1 1 1 1 1 1 1 1 1 1 1 1 1 1 1 1 1 1 1 1 1 1 1 1 1 1 1 1 1 1 1 1 1 1 1 1 1 1 1 1 1 1 1 1 1 1 1 1 1 1 1 1 1 1 1 1 1 1 1 1 1 1 1 1 1 1 1 1 1 1 1 1 1 1 1 1 1 1 1 1 1 1 1 1 1 1 1 1 1 1 1 1 1 1 1 1 1 1 1 1 1 1 1 1 1 1 1 1 1 1 1 1 1 1 1 1 1 1 1 1 1 1 1 1 1 1 1 1 1 1 1 1 1 1 1 1 1 1 1 1 1 1 1 1 1 1 1 1 1 1 1 1 1 1 1 1 1 1 1 1 1 1 1 1 1 1 1 1 1 1 1 1 1 1 1 1 1 1 1 1 1 1 1 1 1 1 1 1 1 1 1 1 1 1 1 1 1 1 1 1 1 1 1 1 1 1 1 1 1 1 1 1 1 1 1 1 1 1 1 1 1 1 1 1 1 1 1 1 1 1 1 1 1 1 1 1 1 1 1 1 1 1 1 1 1 1 1 1 1 1 1 1 1 1 1 1 1 1 1 1 1 1 1 1 1 1 1 1 1 1 1 1 1 1 1 1 1 1 1 1 1 1 1 1 1 1 1 1 1 1 1 1 1 1 1 1 1 1 1 1 1 1 1 1 1 1 1 1 1 1 1 1 1 1 1 1 1 1 1 1 1 1 1 1 1 1 1 1 1 1 1 1 1 1 1 1 1 1 1 1 1 1 1 1 1 1 1 1 1 1 1 1 1 1 1 1 1 1 1 1 1 1 1 1 1 1 1 1 1 1 1 1 1 1 1 1 1 1 1 1 1 1 1 1 1 1 1 1 1 1 1 1 1 1 1 1 1 1 1 1 1 1 1 1 1 1 1 1 1 1 1 1 1 1 1 1 1 1 1 1 1 1 1 1 1 1 1 1 1 1 1 1 1 1 1 1 1 1 1 1 1 1 1 1 1 1 1 1 1 1 1 1 1 1 1 1 1 1 1 1 1 1 1 1 1 1 1 1 1 1 1 1 1 1 1 1 1 1 1 1 1 1 1 1 1 1 1 1 1 1 1 1 1 1 1 1 1 1 1 1 1 1 1 1 1 1 1 1 1 1 1 1 1 1 1 1 1 1 1 1 1 1 1 1 1 1 1 1 1 1 1 1 1 1 1 1 1 1 1 1 1 1 1 1 1 1 1 1 1 1 1 1 1 1 1 1 1 1 1 1 1 1 1 1 1 1 1 1 1 1 1 1 1 1 1 1 1 1 1 1 1 1 1 1 1 1 1 1 1 1 1 1 1 1 1 1 1 1 1 1 1 1 1 1 1 1 1 1 1 1 1 1 1 1 1 1 1 1 1 1 1 1 1 1 1 1 1 1 1 1 1 1 1 1 1 1 1 1 1 1 1 1 1 1 1 1 1 1 1 1 1 1 1 1 1 1 1 1 1 1 1 1 1 1 1 1 1 1 1 1 1 1 1 1 1 1 1 1 1 1 1 1 1 1 1 1 1 1 1 1 1 1 1 1 1 1 1 1 1 1 1 1 1 1 1 1 1 1 1 1 1 1 1 1 1 1 1 1 1 1 1 1 1 1 1 1 1 1 1 1 1 1 1 1 1 1 1 1 1 1 1 1 1 1 1 1 1 1 1 1 1 1 1 1 1 1 1 1 1 1 1 1 1 1 1 1 1 1 1 1 1 1 1 1 1 1 1 1 1 1 1 1 1 1 1 1 1 1 1 1 1 1 1 1 1 1 1 1 1 1 1 1 1 1 1 1 1 1 1 1 1 1 1 1 1 1 1 1 1 1 1 1 1 1 1 1 1 1 1 1 1 1 1 1 1 1 1 1 1 1 1 1 1 1 1 1 1 1 1 1 1 1 1 1 1 1 1 1 1 1 1 1 1 1 1 1 1 1 1 1 1 1 1 1 1 1 1 1 1 1 1 1 1 1 1 1 1 1 1 1 1 1 1 1 1 1 1 1 1 1 1 1 1 1 1 1 1 1 1 1 1 1 1 1 1 1 1 1 1 1 1 1 1 1 1 1 1 1 1 1 1 1 1 1 1 1 1 1 1 1 1 1 1 1 1 1 1 1 1 1 1 1 1 1 1 1 1 1 1 1 1 1 1 1 1 1 1 1 1 1 1 1 1 1 1 1 1 1 1 1 1 1 1 1 1 1 1 1 1 1 1 1 1 1 1 1 1 1 1 1 1 1 1 1 1 1 1 1 1 1 1 1 1 1 1 1 1 1 1 1 1 1 1 1 1 1 1 1 1 1 1 1 1 1 1 1 1 1 1 1 1 1 1 1 1 1 1 1 1 1 1 1 1 1 1 1 1 1 1 1 1 1 1 1 1 1 1 1 1 1 1 1 1 1 1 1 1 1 1 1 1 1 1 1 1 1 1 1 1 1 1 1 1 1 1 1 1 1 1 1 1 1 1 1 1 1 1 1 1 1 1 1 1 1 1 1 1 1 1 1 1 1 1 1 1 1 1 1 1 1 1 1 1 1 1 1 1 1 1 1 1 1 1 1 1 1 1 1 1 1 1 1 1 1 1 1 1 1 1 1 1 1 1 1 1 1 1 1 1 1 1 1 1 1 1 1 1 1 1 1 1 1 1 1 1 1 1 1 1 1 1 1 1 1 1 1 1 1 1 1 1 1 1 1 1 1 1 1 1 1 1 1 1 1 1 1 1 1 1 1 1 1 1 1 1 1 1 1 1 1 1 1 1 1 1 1 1 1 1 1 1 1 1 1 1 1 1 1 1 1 1 1 1 1 1 1 1 1 1 1 1 1 1 1 1 1 1 1 1 1 1 1 1 1 1 1 1 1 1 1 1 1 1 1 1 1 1 1 1 1 1 1 1 1 1 1 1 1 1 1 1 1 1 1 1 1 1 1 1 1 1 1 1 1 1 1 1 1 1 1 1 1 1 1 1 1 1 1 1 1 1 1 1</float_array>
          <technique_common>
            <accessor source="#airship_UK_Skin_ornithopter-skin-weights-array" count="2293" stride="1">
              <param name="WEIGHT" type="float"/>
            </accessor>
          </technique_common>
        </source>
        <joints>
          <input semantic="JOINT" source="#airship_UK_Skin_ornithopter-skin-joints"/>
          <input semantic="INV_BIND_MATRIX" source="#airship_UK_Skin_ornithopter-skin-bind_poses"/>
        </joints>
        <vertex_weights count="2293">
          <input semantic="JOINT" source="#airship_UK_Skin_ornithopter-skin-joints" offset="0"/>
          <input semantic="WEIGHT" source="#airship_UK_Skin_ornithopter-skin-weights" offset="1"/>
          <vcount>1 1 1 1 1 1 1 1 1 1 1 1 1 1 1 1 1 1 1 1 1 1 1 1 1 1 1 1 1 1 1 1 1 1 1 1 1 1 1 1 1 1 1 1 1 1 1 1 1 1 1 1 1 1 1 1 1 1 1 1 1 1 1 1 1 1 1 1 1 1 1 1 1 1 1 1 1 1 1 1 1 1 1 1 1 1 1 1 1 1 1 1 1 1 1 1 1 1 1 1 1 1 1 1 1 1 1 1 1 1 1 1 1 1 1 1 1 1 1 1 1 1 1 1 1 1 1 1 1 1 1 1 1 1 1 1 1 1 1 1 1 1 1 1 1 1 1 1 1 1 1 1 1 1 1 1 1 1 1 1 1 1 1 1 1 1 1 1 1 1 1 1 1 1 1 1 1 1 1 1 1 1 1 1 1 1 1 1 1 1 1 1 1 1 1 1 1 1 1 1 1 1 1 1 1 1 1 1 1 1 1 1 1 1 1 1 1 1 1 1 1 1 1 1 1 1 1 1 1 1 1 1 1 1 1 1 1 1 1 1 1 1 1 1 1 1 1 1 1 1 1 1 1 1 1 1 1 1 1 1 1 1 1 1 1 1 1 1 1 1 1 1 1 1 1 1 1 1 1 1 1 1 1 1 1 1 1 1 1 1 1 1 1 1 1 1 1 1 1 1 1 1 1 1 1 1 1 1 1 1 1 1 1 1 1 1 1 1 1 1 1 1 1 1 1 1 1 1 1 1 1 1 1 1 1 1 1 1 1 1 1 1 1 1 1 1 1 1 1 1 1 1 1 1 1 1 1 1 1 1 1 1 1 1 1 1 1 1 1 1 1 1 1 1 1 1 1 1 1 1 1 1 1 1 1 1 1 1 1 1 1 1 1 1 1 1 1 1 1 1 1 1 1 1 1 1 1 1 1 1 1 1 1 1 1 1 1 1 1 1 1 1 1 1 1 1 1 1 1 1 1 1 1 1 1 1 1 1 1 1 1 1 1 1 1 1 1 1 1 1 1 1 1 1 1 1 1 1 1 1 1 1 1 1 1 1 1 1 1 1 1 1 1 1 1 1 1 1 1 1 1 1 1 1 1 1 1 1 1 1 1 1 1 1 1 1 1 1 1 1 1 1 1 1 1 1 1 1 1 1 1 1 1 1 1 1 1 1 1 1 1 1 1 1 1 1 1 1 1 1 1 1 1 1 1 1 1 1 1 1 1 1 1 1 1 1 1 1 1 1 1 1 1 1 1 1 1 1 1 1 1 1 1 1 1 1 1 1 1 1 1 1 1 1 1 1 1 1 1 1 1 1 1 1 1 1 1 1 1 1 1 1 1 1 1 1 1 1 1 1 1 1 1 1 1 1 1 1 1 1 1 1 1 1 1 1 1 1 1 1 1 1 1 1 1 1 1 1 1 1 1 1 1 1 1 1 1 1 1 1 1 1 1 1 1 1 1 1 1 1 1 1 1 1 1 1 1 1 1 1 1 1 1 1 1 1 1 1 1 1 1 1 1 1 1 1 1 1 1 1 1 1 1 1 1 1 1 1 1 1 1 1 1 1 1 1 1 1 1 1 1 1 1 1 1 1 1 1 1 1 1 1 1 1 1 1 1 1 1 1 1 1 1 1 1 1 1 1 1 1 1 1 1 1 1 1 1 1 1 1 1 1 1 1 1 1 1 1 1 1 1 1 1 1 1 1 1 1 1 1 1 1 1 1 1 1 1 1 1 1 1 1 1 1 1 1 1 1 1 1 1 1 1 1 1 1 1 1 1 1 1 1 1 1 1 1 1 1 1 1 1 1 1 1 1 1 1 1 1 1 1 1 1 1 1 1 1 1 1 1 1 1 1 1 1 1 1 1 1 1 1 1 1 1 1 1 1 1 1 1 1 1 1 1 1 1 1 1 1 1 1 1 1 1 1 1 1 1 1 1 1 1 1 1 1 1 1 1 1 1 1 1 1 1 1 1 1 1 1 1 1 1 1 1 1 1 1 1 1 1 1 1 1 1 1 1 1 1 1 1 1 1 1 1 1 1 1 1 1 1 1 1 1 1 1 1 1 1 1 1 1 1 1 1 1 1 1 1 1 1 1 1 1 1 1 1 1 1 1 1 1 1 1 1 1 1 1 1 1 1 1 1 1 1 1 1 1 1 1 1 1 1 1 1 1 1 1 1 1 1 1 1 1 1 1 1 1 1 1 1 1 1 1 1 1 1 1 1 1 1 1 1 1 1 1 1 1 1 1 1 1 1 1 1 1 1 1 1 1 1 1 1 1 1 1 1 1 1 1 1 1 1 1 1 1 1 1 1 1 1 1 1 1 1 1 1 1 1 1 1 1 1 1 1 1 1 1 1 1 1 1 1 1 1 1 1 1 1 1 1 1 1 1 1 1 1 1 1 1 1 1 1 1 1 1 1 1 1 1 1 1 1 1 1 1 1 1 1 1 1 1 1 1 1 1 1 1 1 1 1 1 1 1 1 1 1 1 1 1 1 1 1 1 1 1 1 1 1 1 1 1 1 1 1 1 1 1 1 1 1 1 1 1 1 1 1 1 1 1 1 1 1 1 1 1 1 1 1 1 1 1 1 1 1 1 1 1 1 1 1 1 1 1 1 1 1 1 1 1 1 1 1 1 1 1 1 1 1 1 1 1 1 1 1 1 1 1 1 1 1 1 1 1 1 1 1 1 1 1 1 1 1 1 1 1 1 1 1 1 1 1 1 1 1 1 1 1 1 1 1 1 1 1 1 1 1 1 1 1 1 1 1 1 1 1 1 1 1 1 1 1 1 1 1 1 1 1 1 1 1 1 1 1 1 1 1 1 1 1 1 1 1 1 1 1 1 1 1 1 1 1 1 1 1 1 1 1 1 1 1 1 1 1 1 1 1 1 1 1 1 1 1 1 1 1 1 1 1 1 1 1 1 1 1 1 1 1 1 1 1 1 1 1 1 1 1 1 1 1 1 1 1 1 1 1 1 1 1 1 1 1 1 1 1 1 1 1 1 1 1 1 1 1 1 1 1 1 1 1 1 1 1 1 1 1 1 1 1 1 1 1 1 1 1 1 1 1 1 1 1 1 1 1 1 1 1 1 1 1 1 1 1 1 1 1 1 1 1 1 1 1 1 1 1 1 1 1 1 1 1 1 1 1 1 1 1 1 1 1 1 1 1 1 1 1 1 1 1 1 1 1 1 1 1 1 1 1 1 1 1 1 1 1 1 1 1 1 1 1 1 1 1 1 1 1 1 1 1 1 1 1 1 1 1 1 1 1 1 1 1 1 1 1 1 1 1 1 1 1 1 1 1 1 1 1 1 1 1 1 1 1 1 1 1 1 1 1 1 1 1 1 1 1 1 1 1 1 1 1 1 1 1 1 1 1 1 1 1 1 1 1 1 1 1 1 1 1 1 1 1 1 1 1 1 1 1 1 1 1 1 1 1 1 1 1 1 1 1 1 1 1 1 1 1 1 1 1 1 1 1 1 1 1 1 1 1 1 1 1 1 1 1 1 1 1 1 1 1 1 1 1 1 1 1 1 1 1 1 1 1 1 1 1 1 1 1 1 1 1 1 1 1 1 1 1 1 1 1 1 1 1 1 1 1 1 1 1 1 1 1 1 1 1 1 1 1 1 1 1 1 1 1 1 1 1 1 1 1 1 1 1 1 1 1 1 1 1 1 1 1 1 1 1 1 1 1 1 1 1 1 1 1 1 1 1 1 1 1 1 1 1 1 1 1 1 1 1 1 1 1 1 1 1 1 1 1 1 1 1 1 1 1 1 1 1 1 1 1 1 1 1 1 1 1 1 1 1 1 1 1 1 1 1 1 1 1 1 1 1 1 1 1 1 1 1 1 1 1 1 1 1 1 1 1 1 1 1 1 1 1 1 1 1 1 1 1 1 1 1 1 1 1 1 1 1 1 1 1 1 1 1 1 1 1 1 1 1 1 1 1 1 1 1 1 1 1 1 1 1 1 1 1 1 1 1 1 1 1 1 1 1 1 1 1 1 1 1 1 1 1 1 1 1 1 1 1 1 1 1 1 1 1 1 1 1 1 1 1 1 1 1 1 1 1 1 1 1 1 1 1 1 1 1 1 1 1 1 1 1 1 1 1 1 1 1 1 1 1 1 1 1 1 1 1 1 1 1 1 1 1 1 1 1 1 1 1 1 1 1 1 1 1 1 1 1 1 1 1 1 1 1 1 1 1 1 1 1 1 1 1 1 1 1 1 1 1 1 1 1 1 1 1 1 1 1 1 1 1 1 1 1 1 1 1 1 1 1 1 1 1 1 1 1 1 1 1 1 1 1 1 1 1 1 1 1 1 1 1 1 1 1 1 1 1 1 1 1 1 1 1 1 1 1 1 1 1 1 1 1 1 1 1 1 1 1 1 1 1 1 1 1 1 1 1 1 1 1 1 1 1 1 1 1 1 1 1 1 1 1 1 1 1 1 1 1 1 1 1 1 1 1 1 1 1 1 1 1 1 1 1 1 1 1 1 1 1 1 1 1 1 1 1 1 1 1 1 1 1 1 1 1 1 1 1 1 1 1 1 1 1 1 1 1 1 1 1 1 1 1 1 1 1 1 1 1 1 1 1 1 1 1 1 1 1 1 1 1 1 1 1 1 1 1 1 1 1 1 1 1 1 1 1 1 1 1 1 1 1 1 1 1 1 1 1 1 1 1 1 1 1 1 1 1 1 1 1 1 1 1 1 1 1 1 1 1 1 1 1 1 1 1 1 1 1 1 1 1 1 1 1 1 1 1 1 1 1 1 1 1 1 1 1 1 1 1 1 1 1 1 1 1 1 1 1 1 1 1 1 1 1 1 1 1 1 1 1 1 1 1 1 1 1 1 1 1 1 1 1 1 1 1 1 1 1 1 1 1 1 1 1 1 1 1 1 1 1 1 1 1 1 1 1 1 1 1 1 1 1 1 1 1 1 1 1 1 1 1 1 1 1 1 1 1 1 1 1 1 1 1 1 1 1 1 1 1 1 1 1 1 1 1 1 1 1 1 1 1 1 1 1 1 1 1 1 1 1 1 1 1 1 1 1 1 1 1 1 1 1 1 1 1 1 1 1 1 1 1 1 1 1 1 1 1 1 1 1 1 1 1 1 1 1 1 1 1 1 1 1 1 1 1 1 1 </vcount>
          <v>0 0 0 1 0 2 0 3 0 4 0 5 0 6 0 7 0 8 0 9 0 10 0 11 0 12 0 13 0 14 0 15 0 16 0 17 0 18 0 19 0 20 0 21 0 22 0 23 0 24 0 25 0 26 0 27 0 28 0 29 0 30 0 31 0 32 0 33 0 34 0 35 0 36 0 37 0 38 0 39 0 40 0 41 0 42 0 43 0 44 0 45 0 46 0 47 0 48 0 49 0 50 0 51 0 52 0 53 0 54 0 55 0 56 0 57 0 58 0 59 0 60 0 61 0 62 0 63 0 64 0 65 0 66 0 67 0 68 0 69 0 70 0 71 0 72 0 73 0 74 0 75 0 76 0 77 0 78 0 79 0 80 0 81 0 82 0 83 0 84 0 85 0 86 0 87 0 88 0 89 0 90 0 91 0 92 0 93 0 94 0 95 0 96 0 97 0 98 0 99 0 100 0 101 0 102 0 103 0 104 0 105 0 106 0 107 0 108 0 109 0 110 0 111 0 112 0 113 0 114 0 115 0 116 0 117 0 118 0 119 0 120 0 121 0 122 0 123 0 124 0 125 0 126 0 127 0 128 0 129 0 130 0 131 0 132 0 133 0 134 0 135 0 136 0 137 0 138 0 139 0 140 0 141 0 142 0 143 0 144 0 145 0 146 0 147 0 148 0 149 0 150 0 151 0 152 0 153 0 154 0 155 0 156 0 157 0 158 0 159 0 160 0 161 0 162 0 163 0 164 0 165 0 166 0 167 0 168 0 169 0 170 0 171 0 172 0 173 0 174 0 175 0 176 0 177 0 178 0 179 0 180 0 181 0 182 0 183 0 184 0 185 0 186 0 187 0 188 0 189 0 190 0 191 0 192 0 193 0 194 0 195 0 196 0 197 0 198 0 199 0 200 0 201 0 202 0 203 0 204 0 205 0 206 0 207 0 208 0 209 0 210 0 211 0 212 0 213 0 214 0 215 0 216 0 217 0 218 0 219 0 220 0 221 0 222 0 223 0 224 0 225 0 226 0 227 0 228 0 229 0 230 0 231 0 232 0 233 0 234 0 235 0 236 0 237 0 238 0 239 0 240 0 241 0 242 0 243 0 244 0 245 0 246 0 247 0 248 0 249 0 250 0 251 0 252 0 253 0 254 0 255 0 256 0 257 0 258 0 259 0 260 0 261 0 262 0 263 0 264 0 265 0 266 0 267 0 268 0 269 0 270 0 271 0 272 0 273 0 274 0 275 0 276 0 277 0 278 0 279 0 280 0 281 0 282 0 283 0 284 0 285 0 286 0 287 0 288 0 289 0 290 0 291 0 292 0 293 0 294 0 295 0 296 0 297 0 298 0 299 0 300 0 301 0 302 0 303 0 304 0 305 0 306 0 307 0 308 0 309 0 310 0 311 0 312 0 313 0 314 0 315 0 316 0 317 0 318 0 319 0 320 0 321 0 322 0 323 0 324 0 325 0 326 0 327 0 328 0 329 0 330 0 331 0 332 0 333 0 334 0 335 0 336 0 337 0 338 0 339 0 340 0 341 0 342 0 343 0 344 0 345 0 346 0 347 0 348 0 349 0 350 0 351 0 352 0 353 0 354 0 355 0 356 0 357 0 358 0 359 0 360 0 361 0 362 0 363 0 364 0 365 0 366 0 367 0 368 0 369 0 370 0 371 0 372 0 373 0 374 0 375 0 376 0 377 0 378 0 379 0 380 0 381 0 382 0 383 0 384 0 385 0 386 0 387 0 388 0 389 0 390 0 391 0 392 0 393 0 394 0 395 0 396 0 397 0 398 0 399 0 400 0 401 0 402 0 403 0 404 0 405 0 406 0 407 0 408 0 409 0 410 0 411 0 412 0 413 0 414 0 415 0 416 0 417 0 418 0 419 0 420 0 421 0 422 0 423 0 424 0 425 0 426 0 427 0 428 0 429 0 430 0 431 0 432 0 433 0 434 0 435 0 436 0 437 0 438 0 439 0 440 0 441 0 442 0 443 0 444 0 445 0 446 0 447 0 448 0 449 0 450 0 451 0 452 0 453 0 454 0 455 0 456 0 457 0 458 0 459 0 460 0 461 0 462 0 463 0 464 0 465 0 466 0 467 0 468 0 469 0 470 0 471 0 472 0 473 0 474 0 475 0 476 0 477 0 478 0 479 0 480 0 481 0 482 0 483 0 484 0 485 0 486 0 487 0 488 0 489 0 490 0 491 0 492 0 493 0 494 0 495 0 496 0 497 0 498 0 499 0 500 0 501 0 502 0 503 0 504 0 505 0 506 0 507 0 508 0 509 0 510 0 511 0 512 0 513 0 514 0 515 0 516 0 517 0 518 0 519 0 520 0 521 0 522 0 523 0 524 0 525 0 526 0 527 0 528 0 529 0 530 0 531 0 532 0 533 0 534 0 535 0 536 0 537 0 538 0 539 0 540 0 541 0 542 0 543 0 544 0 545 0 546 0 547 0 548 0 549 0 550 0 551 0 552 0 553 0 554 0 555 0 556 0 557 0 558 0 559 0 560 0 561 0 562 0 563 0 564 0 565 0 566 0 567 0 568 0 569 0 570 0 571 0 572 0 573 0 574 0 575 0 576 0 577 0 578 0 579 0 580 0 581 0 582 0 583 0 584 0 585 0 586 0 587 0 588 0 589 0 590 0 591 0 592 0 593 0 594 0 595 0 596 0 597 0 598 0 599 0 600 0 601 0 602 0 603 0 604 0 605 0 606 0 607 0 608 0 609 0 610 0 611 0 612 0 613 0 614 0 615 0 616 0 617 0 618 0 619 0 620 0 621 0 622 0 623 0 624 0 625 0 626 0 627 0 628 0 629 0 630 0 631 0 632 0 633 0 634 0 635 0 636 0 637 0 638 0 639 0 640 0 641 0 642 0 643 0 644 0 645 0 646 0 647 0 648 0 649 0 650 0 651 0 652 0 653 0 654 0 655 0 656 0 657 0 658 0 659 0 660 0 661 0 662 0 663 0 664 0 665 0 666 0 667 0 668 0 669 0 670 0 671 0 672 0 673 0 674 0 675 0 676 0 677 0 678 0 679 0 680 0 681 0 682 0 683 0 684 0 685 0 686 0 687 0 688 0 689 0 690 0 691 0 692 0 693 0 694 0 695 0 696 0 697 0 698 0 699 0 700 0 701 0 702 0 703 0 704 0 705 0 706 0 707 0 708 0 709 0 710 0 711 0 712 0 713 0 714 0 715 0 716 0 717 0 718 0 719 0 720 0 721 0 722 0 723 0 724 0 725 0 726 0 727 0 728 0 729 0 730 0 731 0 732 0 733 0 734 0 735 0 736 0 737 0 738 0 739 0 740 0 741 0 742 0 743 0 744 0 745 0 746 0 747 0 748 0 749 0 750 0 751 0 752 0 753 0 754 0 755 0 756 0 757 0 758 0 759 0 760 0 761 0 762 0 763 0 764 0 765 0 766 0 767 0 768 0 769 0 770 0 771 0 772 0 773 0 774 0 775 0 776 0 777 0 778 0 779 0 780 0 781 0 782 0 783 0 784 0 785 0 786 0 787 0 788 0 789 0 790 0 791 0 792 0 793 0 794 0 795 0 796 0 797 0 798 0 799 0 800 0 801 0 802 0 803 0 804 0 805 0 806 0 807 0 808 0 809 0 810 0 811 0 812 0 813 0 814 0 815 0 816 0 817 0 818 0 819 0 820 0 821 0 822 0 823 0 824 0 825 0 826 0 827 0 828 0 829 0 830 0 831 0 832 0 833 0 834 0 835 0 836 0 837 0 838 0 839 0 840 0 841 0 842 0 843 0 844 0 845 0 846 0 847 0 848 0 849 0 850 0 851 0 852 0 853 0 854 0 855 0 856 0 857 0 858 0 859 0 860 0 861 0 862 0 863 0 864 0 865 0 866 0 867 0 868 0 869 0 870 0 871 0 872 0 873 0 874 0 875 0 876 0 877 0 878 0 879 0 880 0 881 0 882 0 883 0 884 0 885 0 886 0 887 0 888 0 889 0 890 0 891 0 892 0 893 0 894 0 895 0 896 0 897 0 898 0 899 0 900 0 901 0 902 0 903 0 904 0 905 0 906 0 907 0 908 0 909 0 910 0 911 0 912 0 913 0 914 0 915 0 916 0 917 0 918 0 919 0 920 0 921 0 922 0 923 0 924 0 925 0 926 0 927 0 928 0 929 0 930 0 931 0 932 0 933 0 934 0 935 0 936 0 937 0 938 0 939 0 940 0 941 0 942 0 943 0 944 0 945 0 946 0 947 0 948 0 949 0 950 0 951 0 952 0 953 0 954 0 955 0 956 0 957 0 958 0 959 0 960 0 961 0 962 0 963 0 964 0 965 0 966 0 967 0 968 0 969 0 970 0 971 0 972 0 973 0 974 0 975 0 976 0 977 0 978 0 979 0 980 0 981 0 982 0 983 0 984 0 985 0 986 0 987 0 988 0 989 0 990 0 991 0 992 0 993 0 994 0 995 0 996 0 997 0 998 0 999 0 1000 0 1001 0 1002 0 1003 0 1004 0 1005 0 1006 0 1007 0 1008 0 1009 0 1010 0 1011 0 1012 0 1013 0 1014 0 1015 0 1016 0 1017 0 1018 0 1019 0 1020 0 1021 0 1022 0 1023 0 1024 0 1025 0 1026 0 1027 0 1028 0 1029 0 1030 0 1031 0 1032 0 1033 0 1034 0 1035 0 1036 0 1037 0 1038 0 1039 0 1040 0 1041 0 1042 0 1043 0 1044 0 1045 0 1046 0 1047 0 1048 0 1049 0 1050 0 1051 0 1052 0 1053 0 1054 0 1055 0 1056 0 1057 0 1058 0 1059 0 1060 0 1061 0 1062 0 1063 0 1064 0 1065 0 1066 0 1067 0 1068 0 1069 0 1070 0 1071 0 1072 0 1073 0 1074 0 1075 0 1076 0 1077 0 1078 0 1079 0 1080 0 1081 0 1082 0 1083 0 1084 0 1085 0 1086 0 1087 0 1088 0 1089 0 1090 0 1091 0 1092 0 1093 0 1094 0 1095 0 1096 0 1097 0 1098 0 1099 0 1100 0 1101 0 1102 0 1103 0 1104 0 1105 0 1106 0 1107 0 1108 0 1109 0 1110 0 1111 0 1112 0 1113 0 1114 0 1115 0 1116 0 1117 0 1118 0 1119 0 1120 0 1121 0 1122 0 1123 0 1124 0 1125 0 1126 0 1127 0 1128 0 1129 0 1130 0 1131 0 1132 0 1133 0 1134 0 1135 0 1136 0 1137 0 1138 0 1139 0 1140 0 1141 0 1142 0 1143 0 1144 0 1145 0 1146 0 1147 0 1148 0 1149 0 1150 0 1151 0 1152 0 1153 0 1154 0 1155 0 1156 0 1157 0 1158 0 1159 0 1160 0 1161 0 1162 0 1163 0 1164 0 1165 0 1166 0 1167 0 1168 0 1169 0 1170 0 1171 0 1172 0 1173 0 1174 0 1175 0 1176 0 1177 0 1178 0 1179 0 1180 0 1181 0 1182 0 1183 0 1184 0 1185 0 1186 0 1187 0 1188 0 1189 0 1190 0 1191 0 1192 0 1193 0 1194 0 1195 0 1196 0 1197 0 1198 0 1199 0 1200 0 1201 0 1202 0 1203 0 1204 0 1205 0 1206 0 1207 0 1208 0 1209 0 1210 0 1211 0 1212 0 1213 0 1214 0 1215 0 1216 0 1217 0 1218 0 1219 0 1220 0 1221 0 1222 0 1223 0 1224 0 1225 0 1226 0 1227 0 1228 0 1229 0 1230 0 1231 0 1232 0 1233 0 1234 0 1235 0 1236 0 1237 0 1238 0 1239 0 1240 0 1241 0 1242 0 1243 0 1244 0 1245 0 1246 0 1247 0 1248 0 1249 0 1250 0 1251 0 1252 0 1253 0 1254 0 1255 0 1256 0 1257 0 1258 0 1259 0 1260 0 1261 0 1262 0 1263 0 1264 0 1265 0 1266 0 1267 0 1268 0 1269 0 1270 0 1271 0 1272 0 1273 0 1274 0 1275 0 1276 0 1277 0 1278 0 1279 0 1280 0 1281 0 1282 0 1283 0 1284 0 1285 0 1286 0 1287 0 1288 0 1289 0 1290 0 1291 0 1292 0 1293 0 1294 0 1295 0 1296 0 1297 0 1298 0 1299 0 1300 0 1301 0 1302 0 1303 0 1304 0 1305 0 1306 0 1307 0 1308 0 1309 0 1310 0 1311 0 1312 0 1313 0 1314 0 1315 0 1316 0 1317 0 1318 0 1319 0 1320 0 1321 0 1322 0 1323 0 1324 0 1325 0 1326 0 1327 0 1328 0 1329 0 1330 0 1331 0 1332 0 1333 0 1334 0 1335 0 1336 0 1337 0 1338 0 1339 0 1340 0 1341 0 1342 0 1343 0 1344 0 1345 0 1346 0 1347 0 1348 0 1349 0 1350 0 1351 0 1352 0 1353 0 1354 0 1355 0 1356 0 1357 0 1358 0 1359 0 1360 0 1361 0 1362 0 1363 0 1364 0 1365 0 1366 0 1367 0 1368 0 1369 0 1370 0 1371 0 1372 0 1373 0 1374 0 1375 0 1376 0 1377 0 1378 0 1379 0 1380 0 1381 0 1382 0 1383 0 1384 0 1385 0 1386 0 1387 0 1388 0 1389 0 1390 0 1391 0 1392 0 1393 0 1394 0 1395 0 1396 0 1397 0 1398 0 1399 0 1400 0 1401 0 1402 0 1403 0 1404 0 1405 0 1406 0 1407 0 1408 0 1409 0 1410 0 1411 0 1412 0 1413 0 1414 0 1415 0 1416 0 1417 0 1418 0 1419 0 1420 0 1421 0 1422 0 1423 0 1424 0 1425 0 1426 0 1427 0 1428 0 1429 0 1430 0 1431 0 1432 0 1433 0 1434 0 1435 0 1436 0 1437 0 1438 0 1439 0 1440 0 1441 0 1442 0 1443 0 1444 0 1445 0 1446 0 1447 0 1448 0 1449 0 1450 0 1451 0 1452 0 1453 0 1454 0 1455 0 1456 0 1457 0 1458 0 1459 0 1460 0 1461 0 1462 0 1463 0 1464 0 1465 0 1466 0 1467 0 1468 0 1469 0 1470 0 1471 0 1472 0 1473 0 1474 0 1475 0 1476 0 1477 0 1478 0 1479 0 1480 0 1481 0 1482 0 1483 0 1484 0 1485 0 1486 0 1487 0 1488 0 1489 0 1490 0 1491 0 1492 0 1493 0 1494 0 1495 0 1496 0 1497 0 1498 0 1499 0 1500 0 1501 0 1502 0 1503 0 1504 0 1505 0 1506 0 1507 0 1508 0 1509 0 1510 0 1511 0 1512 0 1513 0 1514 0 1515 0 1516 0 1517 0 1518 0 1519 0 1520 0 1521 0 1522 0 1523 0 1524 0 1525 0 1526 0 1527 0 1528 0 1529 0 1530 0 1531 0 1532 0 1533 0 1534 0 1535 0 1536 0 1537 0 1538 0 1539 0 1540 0 1541 0 1542 0 1543 0 1544 0 1545 0 1546 0 1547 0 1548 0 1549 0 1550 0 1551 0 1552 0 1553 0 1554 0 1555 0 1556 0 1557 0 1558 0 1559 0 1560 0 1561 0 1562 0 1563 0 1564 0 1565 0 1566 0 1567 0 1568 0 1569 0 1570 0 1571 0 1572 0 1573 0 1574 0 1575 0 1576 0 1577 0 1578 0 1579 0 1580 0 1581 0 1582 0 1583 0 1584 0 1585 0 1586 0 1587 0 1588 0 1589 0 1590 0 1591 0 1592 0 1593 0 1594 0 1595 0 1596 0 1597 0 1598 0 1599 0 1600 0 1601 0 1602 0 1603 0 1604 0 1605 0 1606 0 1607 0 1608 0 1609 0 1610 0 1611 0 1612 0 1613 0 1614 0 1615 0 1616 0 1617 0 1618 0 1619 0 1620 0 1621 0 1622 0 1623 0 1624 0 1625 0 1626 0 1627 0 1628 0 1629 0 1630 0 1631 0 1632 0 1633 0 1634 0 1635 0 1636 0 1637 0 1638 0 1639 0 1640 0 1641 0 1642 0 1643 0 1644 0 1645 0 1646 0 1647 0 1648 0 1649 0 1650 0 1651 0 1652 0 1653 0 1654 0 1655 0 1656 0 1657 0 1658 0 1659 0 1660 0 1661 0 1662 0 1663 0 1664 0 1665 0 1666 0 1667 0 1668 0 1669 0 1670 0 1671 0 1672 0 1673 0 1674 0 1675 0 1676 0 1677 0 1678 0 1679 0 1680 0 1681 0 1682 0 1683 0 1684 0 1685 0 1686 0 1687 0 1688 0 1689 0 1690 0 1691 0 1692 0 1693 0 1694 0 1695 0 1696 0 1697 0 1698 0 1699 0 1700 0 1701 0 1702 0 1703 0 1704 0 1705 0 1706 0 1707 0 1708 0 1709 0 1710 0 1711 0 1712 0 1713 0 1714 0 1715 0 1716 0 1717 0 1718 0 1719 0 1720 0 1721 0 1722 0 1723 0 1724 0 1725 0 1726 0 1727 0 1728 0 1729 0 1730 0 1731 0 1732 0 1733 0 1734 0 1735 0 1736 0 1737 0 1738 0 1739 0 1740 0 1741 0 1742 0 1743 0 1744 0 1745 0 1746 0 1747 0 1748 0 1749 0 1750 0 1751 0 1752 0 1753 0 1754 0 1755 0 1756 0 1757 0 1758 0 1759 0 1760 0 1761 0 1762 0 1763 0 1764 0 1765 0 1766 0 1767 0 1768 0 1769 0 1770 0 1771 0 1772 0 1773 0 1774 0 1775 0 1776 0 1777 0 1778 0 1779 0 1780 0 1781 0 1782 0 1783 0 1784 0 1785 0 1786 0 1787 0 1788 0 1789 0 1790 0 1791 0 1792 0 1793 0 1794 0 1795 0 1796 0 1797 0 1798 0 1799 0 1800 0 1801 0 1802 0 1803 0 1804 0 1805 0 1806 0 1807 0 1808 0 1809 0 1810 0 1811 0 1812 0 1813 0 1814 0 1815 0 1816 0 1817 0 1818 0 1819 0 1820 0 1821 0 1822 0 1823 0 1824 0 1825 0 1826 0 1827 0 1828 0 1829 0 1830 0 1831 0 1832 0 1833 0 1834 0 1835 0 1836 0 1837 0 1838 0 1839 0 1840 0 1841 0 1842 0 1843 0 1844 0 1845 0 1846 0 1847 0 1848 0 1849 0 1850 0 1851 0 1852 0 1853 0 1854 0 1855 0 1856 0 1857 0 1858 0 1859 0 1860 0 1861 0 1862 0 1863 0 1864 0 1865 0 1866 0 1867 0 1868 0 1869 0 1870 0 1871 0 1872 0 1873 0 1874 0 1875 0 1876 0 1877 0 1878 0 1879 0 1880 0 1881 0 1882 0 1883 0 1884 0 1885 0 1886 0 1887 0 1888 0 1889 0 1890 0 1891 0 1892 0 1893 0 1894 0 1895 0 1896 0 1897 0 1898 0 1899 0 1900 0 1901 0 1902 0 1903 0 1904 0 1905 0 1906 0 1907 0 1908 0 1909 0 1910 0 1911 0 1912 0 1913 0 1914 0 1915 0 1916 0 1917 0 1918 0 1919 0 1920 0 1921 0 1922 0 1923 0 1924 0 1925 0 1926 0 1927 0 1928 0 1929 0 1930 0 1931 0 1932 0 1933 0 1934 0 1935 0 1936 0 1937 0 1938 0 1939 0 1940 0 1941 0 1942 0 1943 0 1944 0 1945 0 1946 0 1947 0 1948 0 1949 0 1950 0 1951 0 1952 0 1953 0 1954 0 1955 0 1956 0 1957 0 1958 0 1959 0 1960 0 1961 0 1962 0 1963 0 1964 0 1965 0 1966 0 1967 0 1968 0 1969 0 1970 0 1971 0 1972 0 1973 0 1974 0 1975 0 1976 0 1977 0 1978 0 1979 0 1980 0 1981 0 1982 0 1983 0 1984 0 1985 0 1986 0 1987 0 1988 0 1989 0 1990 0 1991 0 1992 0 1993 0 1994 0 1995 0 1996 0 1997 0 1998 0 1999 0 2000 0 2001 0 2002 0 2003 0 2004 0 2005 0 2006 0 2007 0 2008 0 2009 0 2010 0 2011 0 2012 0 2013 0 2014 0 2015 0 2016 0 2017 0 2018 0 2019 0 2020 0 2021 0 2022 0 2023 0 2024 0 2025 0 2026 0 2027 0 2028 0 2029 0 2030 0 2031 0 2032 0 2033 0 2034 0 2035 0 2036 0 2037 0 2038 0 2039 0 2040 0 2041 0 2042 0 2043 0 2044 0 2045 0 2046 0 2047 0 2048 0 2049 0 2050 0 2051 0 2052 0 2053 0 2054 0 2055 0 2056 0 2057 0 2058 0 2059 0 2060 0 2061 0 2062 0 2063 0 2064 0 2065 0 2066 0 2067 0 2068 0 2069 0 2070 0 2071 0 2072 0 2073 0 2074 0 2075 0 2076 0 2077 0 2078 0 2079 0 2080 0 2081 0 2082 0 2083 0 2084 0 2085 0 2086 0 2087 0 2088 0 2089 0 2090 0 2091 0 2092 0 2093 0 2094 0 2095 0 2096 0 2097 0 2098 0 2099 0 2100 0 2101 0 2102 0 2103 0 2104 0 2105 0 2106 0 2107 0 2108 0 2109 0 2110 0 2111 0 2112 0 2113 0 2114 0 2115 0 2116 0 2117 0 2118 0 2119 0 2120 0 2121 0 2122 0 2123 0 2124 0 2125 0 2126 0 2127 0 2128 0 2129 0 2130 0 2131 0 2132 0 2133 0 2134 0 2135 0 2136 0 2137 0 2138 0 2139 0 2140 0 2141 0 2142 0 2143 0 2144 0 2145 0 2146 0 2147 0 2148 0 2149 0 2150 0 2151 0 2152 0 2153 0 2154 0 2155 0 2156 0 2157 0 2158 0 2159 0 2160 0 2161 0 2162 0 2163 0 2164 0 2165 0 2166 0 2167 0 2168 0 2169 0 2170 0 2171 0 2172 0 2173 0 2174 0 2175 0 2176 0 2177 0 2178 0 2179 0 2180 0 2181 0 2182 0 2183 0 2184 0 2185 0 2186 0 2187 0 2188 0 2189 0 2190 0 2191 0 2192 0 2193 0 2194 0 2195 0 2196 0 2197 0 2198 0 2199 0 2200 0 2201 0 2202 0 2203 0 2204 0 2205 0 2206 0 2207 0 2208 0 2209 0 2210 0 2211 0 2212 0 2213 0 2214 0 2215 0 2216 0 2217 0 2218 0 2219 0 2220 0 2221 0 2222 0 2223 0 2224 0 2225 0 2226 0 2227 0 2228 0 2229 0 2230 0 2231 0 2232 0 2233 0 2234 0 2235 0 2236 0 2237 0 2238 0 2239 0 2240 0 2241 0 2242 0 2243 0 2244 0 2245 0 2246 0 2247 0 2248 0 2249 0 2250 0 2251 0 2252 0 2253 0 2254 0 2255 0 2256 0 2257 0 2258 0 2259 0 2260 0 2261 0 2262 0 2263 0 2264 0 2265 0 2266 0 2267 0 2268 0 2269 0 2270 0 2271 0 2272 0 2273 0 2274 0 2275 0 2276 0 2277 0 2278 0 2279 0 2280 0 2281 0 2282 0 2283 0 2284 0 2285 0 2286 0 2287 0 2288 0 2289 0 2290 0 2291 0 2292</v>
        </vertex_weights>
      </skin>
    </controller>
  </library_controllers>
  <library_visual_scenes>
    <visual_scene id="Scene" name="Scene">
      <node id="airship_UK_Skin" name="airship_UK_Skin" type="NODE">
        <matrix sid="transform">1 0 0 0 0 1 0 0 0 0 1 0 0 0 0 1</matrix>
        <node id="airship_UK_Skin_root" name="root" sid="root" type="JOINT">
          <matrix sid="transform">7.54979e-8 0 1 -0.001933873 1 -2.3841e-7 -7.54979e-8 -0.003927171 2.3841e-7 1 -8.68283e-12 -0.004104614 0 0 0 1</matrix>
          <node id="airship_UK_Skin_port_tackle01" name="port tackle01" sid="port_tackle01" type="JOINT">
            <matrix sid="transform">1 -2.36264e-7 7.10336e-15 -6.549087 2.36264e-7 1 0 37.66544 -7.10544e-15 0 1 29.31084 0 0 0 1</matrix>
            <extra>
              <technique profile="blender">
                <layer sid="layer" type="string">0</layer>
                <roll sid="roll" type="float">1.570796</roll>
                <tip_x sid="tip_x" type="float">0</tip_x>
                <tip_y sid="tip_y" type="float">-9.53674e-6</tip_y>
                <tip_z sid="tip_z" type="float">20.18237</tip_z>
              </technique>
            </extra>
          </node>
          <node id="airship_UK_Skin_star_tackle_001" name="star tackle.001" sid="star_tackle_001" type="JOINT">
            <matrix sid="transform">1 -2.36264e-7 7.10336e-15 -6.549091 2.36264e-7 1 0 37.66546 -7.10544e-15 0 1 -30.04866 0 0 0 1</matrix>
            <extra>
              <technique profile="blender">
                <layer sid="layer" type="string">0</layer>
                <roll sid="roll" type="float">1.570796</roll>
                <tip_x sid="tip_x" type="float">0</tip_x>
                <tip_y sid="tip_y" type="float">-9.53674e-6</tip_y>
                <tip_z sid="tip_z" type="float">20.18237</tip_z>
              </technique>
            </extra>
          </node>
          <node id="airship_UK_Skin_ammo_node_0" name="ammo node 0" sid="ammo_node_0" type="JOINT">
            <matrix sid="transform">7.43334e-8 -1 -2.38388e-7 -3.122891 1.20404e-7 2.38388e-7 -1 16.58483 1 7.43028e-8 1.20404e-7 -11.06885 0 0 0 1</matrix>
            <node id="airship_UK_Skin_ammo_node_1" name="ammo node 1" sid="ammo_node_1" type="JOINT">
              <matrix sid="transform">1 0 -3.29817e-8 21.84688 0 1 0 73.84351 3.29817e-8 0 1 0.6151155 0 0 0 1</matrix>
              <extra>
                <technique profile="blender">
                  <layer sid="layer" type="string">0</layer>
                  <roll sid="roll" type="float">3.141593</roll>
                  <tip_x sid="tip_x" type="float">0</tip_x>
                  <tip_y sid="tip_y" type="float">-77.00987</tip_y>
                  <tip_z sid="tip_z" type="float">0</tip_z>
                </technique>
              </extra>
            </node>
            <extra>
              <technique profile="blender">
                <layer sid="layer" type="string">0</layer>
                <roll sid="roll" type="float">3.141593</roll>
                <tip_x sid="tip_x" type="float">0</tip_x>
                <tip_y sid="tip_y" type="float">-77.00988</tip_y>
                <tip_z sid="tip_z" type="float">0</tip_z>
              </technique>
            </extra>
          </node>
          <node id="airship_UK_Skin_sbr_axle" name="sbr axle" sid="sbr_axle" type="JOINT">
            <matrix sid="transform">7.73079e-8 -0.9999999 -1.42109e-14 72.17393 -1.21019e-7 0 -1 3.013737 1 7.7308e-8 -1.21019e-7 -17.69363 0 0 0 1</matrix>
            <node id="airship_UK_Skin_pivot_node_0" name="pivot node 0" sid="pivot_node_0" type="JOINT">
              <matrix sid="transform">1 2.31924e-7 -2.99765e-8 19.69738 -2.31924e-7 1 2.06155e-7 27.32336 2.99765e-8 -2.06155e-7 1 -65.908 0 0 0 1</matrix>
              <extra>
                <technique profile="blender">
                  <layer sid="layer" type="string">0</layer>
                  <roll sid="roll" type="float">3.141592</roll>
                  <tip_x sid="tip_x" type="float">1.7643e-5</tip_x>
                  <tip_y sid="tip_y" type="float">-74.01628</tip_y>
                  <tip_z sid="tip_z" type="float">0</tip_z>
                </technique>
              </extra>
            </node>
            <node id="airship_UK_Skin_pivot_node_1" name="pivot node 1" sid="pivot_node_1" type="JOINT">
              <matrix sid="transform">1 2.57693e-7 -2.99764e-8 20.1558 -2.57693e-7 1 2.57693e-7 135.0054 2.99765e-8 -2.57693e-7 1 -36.9524 0 0 0 1</matrix>
              <extra>
                <technique profile="blender">
                  <layer sid="layer" type="string">0</layer>
                  <roll sid="roll" type="float">3.141592</roll>
                  <tip_x sid="tip_x" type="float">1.7643e-5</tip_x>
                  <tip_y sid="tip_y" type="float">-74.01628</tip_y>
                  <tip_z sid="tip_z" type="float">0</tip_z>
                </technique>
              </extra>
            </node>
            <extra>
              <technique profile="blender">
                <layer sid="layer" type="string">0</layer>
                <roll sid="roll" type="float">3.141592</roll>
                <tip_x sid="tip_x" type="float">0</tip_x>
                <tip_y sid="tip_y" type="float">-74.01628</tip_y>
                <tip_z sid="tip_z" type="float">-1.7643e-5</tip_z>
              </technique>
            </extra>
          </node>
          <extra>
            <technique profile="blender">
              <layer sid="layer" type="string">0</layer>
              <roll sid="roll" type="float">1.570796</roll>
              <tip_x sid="tip_x" type="float">0</tip_x>
              <tip_y sid="tip_y" type="float">-4.81168e-6</tip_y>
              <tip_z sid="tip_z" type="float">20.18238</tip_z>
            </technique>
          </extra>
        </node>
        <node id="ornithopter" name="ornithopter" type="NODE">
          <matrix sid="transform">1 0 0 0 0 1 0 0 0 0 1 0 0 0 0 1</matrix>
          <instance_controller url="#airship_UK_Skin_ornithopter-skin">
            <skeleton>#airship_UK_Skin_root</skeleton>
            <bind_material>
              <technique_common>
                <instance_material symbol="galleon2-material" target="#galleon2-material">
                  <bind_vertex_input semantic="UVMap" input_semantic="TEXCOORD" input_set="0"/>
                </instance_material>
              </technique_common>
            </bind_material>
          </instance_controller>
          <node id="rotors" name="rotors" type="NODE">
            <matrix sid="transform">1 0 0 0 0 1 0 0 0 0 1 0 0 0 0 1</matrix>
            <instance_controller url="#airship_UK_Skin_rotors-skin">
              <skeleton>#airship_UK_Skin_root</skeleton>
              <bind_material>
                <technique_common>
                  <instance_material symbol="galleon2-material" target="#galleon2-material">
                    <bind_vertex_input semantic="UVMap" input_semantic="TEXCOORD" input_set="0"/>
                  </instance_material>
                </technique_common>
              </bind_material>
            </instance_controller>
          </node>
          <node id="rotors_001" name="rotors.001" type="NODE">
            <matrix sid="transform">1 0 0 0 0 1 0 0 0 0 1 0 0 0 0 1</matrix>
            <instance_controller url="#airship_UK_Skin_rotors_001-skin">
              <skeleton>#airship_UK_Skin_root</skeleton>
              <bind_material>
                <technique_common>
                  <instance_material symbol="galleon2-material" target="#galleon2-material">
                    <bind_vertex_input semantic="UVMap" input_semantic="TEXCOORD" input_set="0"/>
                  </instance_material>
                </technique_common>
              </bind_material>
            </instance_controller>
          </node>
        </node>
      </node>
    </visual_scene>
  </library_visual_scenes>
  <scene>
    <instance_visual_scene url="#Scene"/>
  </scene>
</COLLADA>