<?xml version="1.0" encoding="utf-8"?>
<COLLADA xmlns="http://www.collada.org/2005/11/COLLADASchema" version="1.4.1" xmlns:xsi="http://www.w3.org/2001/XMLSchema-instance">
  <asset>
    <contributor>
      <author>Blender User</author>
      <authoring_tool>Blender 3.0.1 commit date:2022-01-25, commit time:17:19, hash:dc2d18018171</authoring_tool>
    </contributor>
    <created>2025-07-24T08:10:15</created>
    <modified>2025-07-24T08:10:15</modified>
    <unit name="meter" meter="1"/>
    <up_axis>Z_UP</up_axis>
  </asset>
  <library_effects>
    <effect id="galleon2-effect">
      <profile_COMMON>
        <newparam sid="keles2_Akation_png-surface">
          <surface type="2D">
            <init_from>keles2_Akation_png</init_from>
          </surface>
        </newparam>
        <newparam sid="keles2_Akation_png-sampler">
          <sampler2D>
            <source>keles2_Akation_png-surface</source>
          </sampler2D>
        </newparam>
        <technique sid="common">
          <lambert>
            <emission>
              <color sid="emission">0 0 0 1</color>
            </emission>
            <diffuse>
              <texture texture="keles2_Akation_png-sampler" texcoord="UVMap"/>
            </diffuse>
            <reflectivity>
              <float sid="specular">1</float>
            </reflectivity>
            <index_of_refraction>
              <float sid="ior">1.45</float>
            </index_of_refraction>
          </lambert>
        </technique>
      </profile_COMMON>
    </effect>
  </library_effects>
  <library_images>
    <image id="keles2_Akation_png" name="keles2_Akation_png">
      <init_from>keles2_Akation.png</init_from>
    </image>
  </library_images>
  <library_materials>
    <material id="galleon2-material" name="galleon2">
      <instance_effect url="#galleon2-effect"/>
    </material>
  </library_materials>
  <library_geometries>
    <geometry id="kebenit_Mesh_003-mesh" name="kebenit_Mesh.003">
      <mesh>
        <source id="kebenit_Mesh_003-mesh-positions">
          <float_array id="kebenit_Mesh_003-mesh-positions-array" count="8430">10.20171 -116.2069 28.29505 10.20171 -116.2069 28.29505 10.20171 -116.2069 28.29505 9.357998 -128.5957 26.64531 9.357998 -128.5957 26.64531 9.357998 -128.5957 26.64531 40.73101 -114.0056 28.68179 40.73101 -114.0056 28.68179 40.73101 -114.0056 28.68179 40.73101 -114.0056 28.68179 40.73101 -114.0056 28.68179 40.77642 -131.1891 26.41082 40.77642 -131.1891 26.41082 40.77642 -131.1891 26.41082 40.77642 -131.1891 26.41082 40.77642 -131.1891 26.41082 40.77642 -131.1891 26.41082 40.77642 -131.1891 26.41082 9.779856 -122.7331 29.97942 9.779856 -122.7331 29.97942 9.779856 -122.7331 29.97942 9.779856 -122.7331 29.97942 9.779856 -122.7331 29.97942 40.75369 -122.9291 30.05554 40.75369 -122.9291 30.05554 40.75369 -122.9291 30.05554 40.75369 -122.9291 30.05554 40.75369 -122.9291 30.05554 40.75369 -122.9291 30.05554 40.75369 -122.9291 30.05554 71.82482 -133.7718 26.44601 71.82482 -133.7718 26.44601 71.82482 -133.7718 26.44601 71.17892 -111.8728 28.72271 71.17892 -111.8728 28.72271 71.17892 -111.8728 28.72271 71.17892 -111.8728 28.72271 71.17892 -111.8728 28.72271 71.50183 -123.2424 30.09359 71.50183 -123.2424 30.09359 71.50183 -123.2424 30.09359 71.50183 -123.2424 30.09359 -8.037807 -128.5631 26.66133 -8.037807 -128.5631 26.66133 -8.037807 -128.5631 26.66133 -6.962567 -116.1819 28.28664 -6.962567 -116.1819 28.28664 -6.962567 -116.1819 28.28664 -38.60529 -130.6378 27.94161 -38.60529 -130.6378 27.94161 -38.60529 -130.6378 27.94161 -38.60529 -130.6378 27.94161 -38.60529 -130.6378 27.94161 -38.32949 -113.2663 28.78053 -38.32949 -113.2663 28.78053 -38.32949 -113.2663 28.78053 -38.32949 -113.2663 28.78053 -38.32949 -113.2663 28.78053 -38.32949 -113.2663 28.78053 -38.32949 -113.2663 28.78053 -7.500195 -122.7043 29.98323 -7.500195 -122.7043 29.98323 -7.500195 -122.7043 29.98323 -7.500195 -122.7043 29.98323 -7.500195 -122.7043 29.98323 -38.46737 -122.1891 30.15338 -38.46737 -122.1891 30.15338 -38.46737 -122.1891 30.15338 -38.46737 -122.1891 30.15338 -38.46737 -122.1891 30.15338 -38.46737 -122.1891 30.15338 -38.46737 -122.1891 30.15338 -69.37198 -110.5076 30.33366 -69.37198 -110.5076 30.33366 -69.37198 -110.5076 30.33366 -69.04934 -132.1702 26.60369 -69.04934 -132.1702 26.60369 -69.04934 -132.1702 26.60369 -69.04934 -132.1702 26.60369 -69.04934 -132.1702 26.60369 -81.67734 -122.5088 30.26098 -81.67734 -122.5088 30.26098 -81.67734 -122.5088 30.26098 -81.67734 -122.5088 30.26098 10.20171 -116.2675 28.75378 10.20171 -116.2675 28.75378 10.20171 -116.2675 28.75378 9.357998 -128.6564 27.10404 9.357998 -128.6564 27.10404 9.357998 -128.6564 27.10404 40.73101 -114.0662 29.14051 40.73101 -114.0662 29.14051 40.73101 -114.0662 29.14051 40.73101 -114.0662 29.14051 40.73101 -114.0662 29.14051 40.77642 -131.2497 26.86954 40.77642 -131.2497 26.86954 40.77642 -131.2497 26.86954 40.77642 -131.2497 26.86954 40.77642 -131.2497 26.86954 40.77642 -131.2497 26.86954 40.77642 -131.2497 26.86954 9.779856 -122.7937 30.43814 9.779856 -122.7937 30.43814 9.779856 -122.7937 30.43814 9.779856 -122.7937 30.43814 9.779856 -122.7937 30.43814 40.75369 -122.9897 30.51426 40.75369 -122.9897 30.51426 40.75369 -122.9897 30.51426 40.75369 -122.9897 30.51426 40.75369 -122.9897 30.51426 40.75369 -122.9897 30.51426 40.75369 -122.9897 30.51426 71.82482 -133.8486 26.90473 71.82482 -133.8486 26.90473 71.82482 -133.8486 26.90473 71.17892 -111.9496 29.18144 71.17892 -111.9496 29.18144 71.17892 -111.9496 29.18144 71.17892 -111.9496 29.18144 71.17892 -111.9496 29.18144 89.47712 -122.4495 30.55232 89.47712 -122.4495 30.55232 89.47712 -122.4495 30.55232 89.47712 -122.4495 30.55232 -8.037807 -128.6238 27.12005 -8.037807 -128.6238 27.12005 -8.037807 -128.6238 27.12005 -6.962567 -116.2426 28.74537 -6.962567 -116.2426 28.74537 -6.962567 -116.2426 28.74537 -38.60529 -130.6985 28.40034 -38.60529 -130.6985 28.40034 -38.60529 -130.6985 28.40034 -38.60529 -130.6985 28.40034 -38.60529 -130.6985 28.40034 -38.32949 -113.327 29.23925 -38.32949 -113.327 29.23925 -38.32949 -113.327 29.23925 -38.32949 -113.327 29.23925 -38.32949 -113.327 29.23925 -38.32949 -113.327 29.23925 -38.32949 -113.327 29.23925 -7.500195 -122.7649 30.44195 -7.500195 -122.7649 30.44195 -7.500195 -122.7649 30.44195 -7.500195 -122.7649 30.44195 -7.500195 -122.7649 30.44195 -38.46737 -122.2497 30.61211 -38.46737 -122.2497 30.61211 -38.46737 -122.2497 30.61211 -38.46737 -122.2497 30.61211 -38.46737 -122.2497 30.61211 -38.46737 -122.2497 30.61211 -38.46737 -122.2497 30.61211 -69.37198 -110.3443 29.35854 -69.37198 -110.3443 29.35854 -69.37198 -110.3443 29.35854 -69.04934 -132.2471 27.06241 -69.04934 -132.2471 27.06241 -69.04934 -132.2471 27.06241 -69.04934 -132.2471 27.06241 -69.04934 -132.2471 27.06241 -81.67734 -122.5856 30.71971 -81.67734 -122.5856 30.71971 -81.67734 -122.5856 30.71971 -81.67734 -122.5856 30.71971 31.80571 -83.70192 27.2649 31.80571 -83.70192 27.2649 31.80571 -83.70192 27.2649 1.208024 -76.78003 26.00956 1.208024 -76.78003 26.00956 1.208024 -76.78003 26.00956 0.8786514 -89.92575 25.3178 0.8786514 -89.92575 25.3178 0.8786514 -89.92575 25.3178 13.12613 -74.44044 26.18765 13.12613 -74.44044 26.18765 13.12613 -74.44044 26.18765 13.12613 -74.44044 26.18765 13.12613 -74.44044 26.18765 13.14385 -92.67301 25.23833 13.14385 -92.67301 25.23833 13.14385 -92.67301 25.23833 13.14385 -92.67301 25.23833 13.14385 -92.67301 25.23833 13.14385 -92.67301 25.23833 13.14385 -92.67301 25.23833 1.043337 -83.60132 27.15028 1.043337 -83.60132 27.15028 1.043337 -83.60132 27.15028 1.043337 -83.60132 27.15028 1.043337 -83.60132 27.15028 13.13498 -83.80515 27.19959 13.13498 -83.80515 27.19959 13.13498 -83.80515 27.19959 13.13498 -83.80515 27.19959 13.13498 -83.80515 27.19959 13.13498 -83.80515 27.19959 13.13498 -83.80515 27.19959 25.26461 -92.83195 25.26251 25.26461 -92.83195 25.26251 25.26461 -92.83195 25.26251 25.26461 -92.83195 25.26251 25.01246 -74.48536 26.21277 25.01246 -74.48536 26.21277 25.01246 -74.48536 26.21277 25.01246 -74.48536 26.21277 25.01246 -74.48536 26.21277 25.01246 -74.48536 26.21277 25.13852 -83.90708 27.22424 25.13852 -83.90708 27.22424 25.13852 -83.90708 27.22424 25.13852 -83.90708 27.22424 25.13852 -83.90708 27.22424 -36.4611 -82.57653 27.32353 -36.4611 -82.57653 27.32353 -36.4611 -82.57653 27.32353 -5.912366 -89.89065 25.3265 -5.912366 -89.89065 25.3265 -5.912366 -89.89065 25.3265 -5.492612 -76.75403 26.00404 -5.492612 -76.75403 26.00404 -5.492612 -76.75403 26.00404 -17.84538 -92.02899 26.12818 -17.84538 -92.02899 26.12818 -17.84538 -92.02899 26.12818 -17.84538 -92.02899 26.12818 -17.84538 -92.02899 26.12818 -17.73771 -73.65602 26.2291 -17.73771 -73.65602 26.2291 -17.73771 -73.65602 26.2291 -17.73771 -73.65602 26.2291 -17.73771 -73.65602 26.2291 -17.73771 -73.65602 26.2291 -17.73771 -73.65602 26.2291 -5.702492 -83.57076 27.15188 -5.702492 -83.57076 27.15188 -5.702492 -83.57076 27.15188 -5.702492 -83.57076 27.15188 -5.702492 -83.57076 27.15188 -17.79154 -83.01992 27.2405 -17.79154 -83.01992 27.2405 -17.79154 -83.01992 27.2405 -17.79154 -83.01992 27.2405 -17.79154 -83.01992 27.2405 -17.79154 -83.01992 27.2405 -17.79154 -83.01992 27.2405 -29.85615 -73.28208 27.13794 -29.85615 -73.28208 27.13794 -29.85615 -73.28208 27.13794 -29.85615 -73.28208 27.13794 -29.7302 -91.49058 25.32681 -29.7302 -91.49058 25.32681 -29.7302 -91.49058 25.32681 -29.7302 -91.49058 25.32681 -29.7302 -91.49058 25.32681 -29.7302 -91.49058 25.32681 -29.79315 -82.56377 27.29423 -29.79315 -82.56377 27.29423 -29.79315 -82.56377 27.29423 -29.79315 -82.56377 27.29423 -29.79315 -82.56377 27.29423 1.208024 -76.82543 26.28133 1.208024 -76.82543 26.28133 1.208024 -76.82543 26.28133 0.8786514 -89.97117 25.58957 0.8786514 -89.97117 25.58957 0.8786514 -89.97117 25.58957 31.80571 -83.74734 27.53668 31.80571 -83.74734 27.53668 31.80571 -83.74734 27.53668 13.12613 -74.48587 26.45942 13.12613 -74.48587 26.45942 13.12613 -74.48587 26.45942 13.12613 -74.48587 26.45942 13.12613 -74.48587 26.45942 13.14385 -92.71842 25.5101 13.14385 -92.71842 25.5101 13.14385 -92.71842 25.5101 13.14385 -92.71842 25.5101 13.14385 -92.71842 25.5101 13.14385 -92.71842 25.5101 13.14385 -92.71842 25.5101 1.043337 -83.64672 27.42206 1.043337 -83.64672 27.42206 1.043337 -83.64672 27.42206 1.043337 -83.64672 27.42206 1.043337 -83.64672 27.42206 13.13498 -83.85057 27.47136 13.13498 -83.85057 27.47136 13.13498 -83.85057 27.47136 13.13498 -83.85057 27.47136 13.13498 -83.85057 27.47136 13.13498 -83.85057 27.47136 13.13498 -83.85057 27.47136 25.26461 -92.87737 25.53429 25.26461 -92.87737 25.53429 25.26461 -92.87737 25.53429 25.26461 -92.87737 25.53429 25.01246 -74.53077 26.48455 25.01246 -74.53077 26.48455 25.01246 -74.53077 26.48455 25.01246 -74.53077 26.48455 25.01246 -74.53077 26.48455 25.01246 -74.53077 26.48455 25.13852 -83.9525 27.49602 25.13852 -83.9525 27.49602 25.13852 -83.9525 27.49602 25.13852 -83.9525 27.49602 25.13852 -83.9525 27.49602 -36.4611 -82.62196 27.59531 -36.4611 -82.62196 27.59531 -36.4611 -82.62196 27.59531 -5.912366 -89.93609 25.59827 -5.912366 -89.93609 25.59827 -5.912366 -89.93609 25.59827 -5.492612 -76.79943 26.27581 -5.492612 -76.79943 26.27581 -5.492612 -76.79943 26.27581 -17.84538 -92.07439 26.39995 -17.84538 -92.07439 26.39995 -17.84538 -92.07439 26.39995 -17.84538 -92.07439 26.39995 -17.84538 -92.07439 26.39995 -17.73771 -73.70142 26.50088 -17.73771 -73.70142 26.50088 -17.73771 -73.70142 26.50088 -17.73771 -73.70142 26.50088 -17.73771 -73.70142 26.50088 -17.73771 -73.70142 26.50088 -17.73771 -73.70142 26.50088 -5.702492 -83.61619 27.42365 -5.702492 -83.61619 27.42365 -5.702492 -83.61619 27.42365 -5.702492 -83.61619 27.42365 -5.702492 -83.61619 27.42365 -17.79154 -83.06536 27.51227 -17.79154 -83.06536 27.51227 -17.79154 -83.06536 27.51227 -17.79154 -83.06536 27.51227 -17.79154 -83.06536 27.51227 -17.79154 -83.06536 27.51227 -17.79154 -83.06536 27.51227 -29.85615 -73.18553 26.56022 -29.85615 -73.18553 26.56022 -29.85615 -73.18553 26.56022 -29.85615 -73.18553 26.56022 -29.7302 -91.536 25.59858 -29.7302 -91.536 25.59858 -29.7302 -91.536 25.59858 -29.7302 -91.536 25.59858 -29.7302 -91.536 25.59858 -29.7302 -91.536 25.59858 -29.79315 -82.60919 27.56601 -29.79315 -82.60919 27.56601 -29.79315 -82.60919 27.56601 -29.79315 -82.60919 27.56601 -29.79315 -82.60919 27.56601 1.208024 -9.216741 29.66377 1.208024 -9.216741 29.66377 1.208024 -9.216741 29.66377 0.8786514 -22.36248 28.97201 0.8786514 -22.36248 28.97201 0.8786514 -22.36248 28.97201 31.80571 -16.13865 30.91911 31.80571 -16.13865 30.91911 31.80571 -16.13865 30.91911 13.12613 -6.877171 29.84186 13.12613 -6.877171 29.84186 13.12613 -6.877171 29.84186 13.12613 -6.877171 29.84186 13.12613 -6.877171 29.84186 13.14385 -25.10973 28.89254 13.14385 -25.10973 28.89254 13.14385 -25.10973 28.89254 13.14385 -25.10973 28.89254 13.14385 -25.10973 28.89254 13.14385 -25.10973 28.89254 13.14385 -25.10973 28.89254 1.043337 -16.03803 30.80449 1.043337 -16.03803 30.80449 1.043337 -16.03803 30.80449 1.043337 -16.03803 30.80449 1.043337 -16.03803 30.80449 13.13498 -16.24188 30.8538 13.13498 -16.24188 30.8538 13.13498 -16.24188 30.8538 13.13498 -16.24188 30.8538 13.13498 -16.24188 30.8538 13.13498 -16.24188 30.8538 13.13498 -16.24188 30.8538 25.26461 -25.26868 28.91673 25.26461 -25.26868 28.91673 25.26461 -25.26868 28.91673 25.26461 -25.26868 28.91673 25.01246 -6.922078 29.86698 25.01246 -6.922078 29.86698 25.01246 -6.922078 29.86698 25.01246 -6.922078 29.86698 25.01246 -6.922078 29.86698 25.01246 -6.922078 29.86698 25.13852 -16.34381 30.87845 25.13852 -16.34381 30.87845 25.13852 -16.34381 30.87845 25.13852 -16.34381 30.87845 25.13852 -16.34381 30.87845 -36.4611 -15.01327 30.97774 -36.4611 -15.01327 30.97774 -36.4611 -15.01327 30.97774 -5.912366 -22.3274 28.98071 -5.912366 -22.3274 28.98071 -5.912366 -22.3274 28.98071 -5.492612 -9.190732 29.65825 -5.492612 -9.190732 29.65825 -5.492612 -9.190732 29.65825 -17.84538 -24.4657 29.78239 -17.84538 -24.4657 29.78239 -17.84538 -24.4657 29.78239 -17.84538 -24.4657 29.78239 -17.84538 -24.4657 29.78239 -17.73771 -6.092725 29.88331 -17.73771 -6.092725 29.88331 -17.73771 -6.092725 29.88331 -17.73771 -6.092725 29.88331 -17.73771 -6.092725 29.88331 -17.73771 -6.092725 29.88331 -17.73771 -6.092725 29.88331 -5.702492 -16.0075 30.80609 -5.702492 -16.0075 30.80609 -5.702492 -16.0075 30.80609 -5.702492 -16.0075 30.80609 -5.702492 -16.0075 30.80609 -17.79154 -15.45667 30.89471 -17.79154 -15.45667 30.89471 -17.79154 -15.45667 30.89471 -17.79154 -15.45667 30.89471 -17.79154 -15.45667 30.89471 -17.79154 -15.45667 30.89471 -17.79154 -15.45667 30.89471 -29.85615 -5.57684 29.94266 -29.85615 -5.57684 29.94266 -29.85615 -5.57684 29.94266 -29.85615 -5.57684 29.94266 -29.7302 -23.92731 28.98102 -29.7302 -23.92731 28.98102 -29.7302 -23.92731 28.98102 -29.7302 -23.92731 28.98102 -29.7302 -23.92731 28.98102 -29.7302 -23.92731 28.98102 -29.79315 -15.00049 30.94844 -29.79315 -15.00049 30.94844 -29.79315 -15.00049 30.94844 -29.79315 -15.00049 30.94844 -29.79315 -15.00049 30.94844 31.80571 51.45058 30.22788 31.80571 51.45058 30.22788 31.80571 51.45058 30.22788 1.208024 58.37247 28.97254 1.208024 58.37247 28.97254 1.208024 58.37247 28.97254 0.8786514 45.22674 28.28078 0.8786514 45.22674 28.28078 0.8786514 45.22674 28.28078 13.12613 60.71206 29.15063 13.12613 60.71206 29.15063 13.12613 60.71206 29.15063 13.12613 60.71206 29.15063 13.12613 60.71206 29.15063 13.14385 42.47948 28.20131 13.14385 42.47948 28.20131 13.14385 42.47948 28.20131 13.14385 42.47948 28.20131 13.14385 42.47948 28.20131 13.14385 42.47948 28.20131 13.14385 42.47948 28.20131 1.043337 51.55118 30.11326 1.043337 51.55118 30.11326 1.043337 51.55118 30.11326 1.043337 51.55118 30.11326 1.043337 51.55118 30.11326 13.13498 51.34735 30.16257 13.13498 51.34735 30.16257 13.13498 51.34735 30.16257 13.13498 51.34735 30.16257 13.13498 51.34735 30.16257 13.13498 51.34735 30.16257 13.13498 51.34735 30.16257 25.26461 42.32054 28.22549 25.26461 42.32054 28.22549 25.26461 42.32054 28.22549 25.26461 42.32054 28.22549 25.01246 60.66714 29.17575 25.01246 60.66714 29.17575 25.01246 60.66714 29.17575 25.01246 60.66714 29.17575 25.01246 60.66714 29.17575 25.01246 60.66714 29.17575 25.13852 51.24541 30.18722 25.13852 51.24541 30.18722 25.13852 51.24541 30.18722 25.13852 51.24541 30.18722 25.13852 51.24541 30.18722 -36.4611 52.57596 30.28651 -36.4611 52.57596 30.28651 -36.4611 52.57596 30.28651 -5.912366 45.26184 28.28948 -5.912366 45.26184 28.28948 -5.912366 45.26184 28.28948 -5.492612 58.39847 28.96702 -5.492612 58.39847 28.96702 -5.492612 58.39847 28.96702 -17.84538 43.1235 29.09116 -17.84538 43.1235 29.09116 -17.84538 43.1235 29.09116 -17.84538 43.1235 29.09116 -17.84538 43.1235 29.09116 -17.73771 61.49648 29.19208 -17.73771 61.49648 29.19208 -17.73771 61.49648 29.19208 -17.73771 61.49648 29.19208 -17.73771 61.49648 29.19208 -17.73771 61.49648 29.19208 -17.73771 61.49648 29.19208 -5.702492 51.58174 30.11485 -5.702492 51.58174 30.11485 -5.702492 51.58174 30.11485 -5.702492 51.58174 30.11485 -5.702492 51.58174 30.11485 -17.79154 52.13257 30.20348 -17.79154 52.13257 30.20348 -17.79154 52.13257 30.20348 -17.79154 52.13257 30.20348 -17.79154 52.13257 30.20348 -17.79154 52.13257 30.20348 -17.79154 52.13257 30.20348 -29.85615 61.87042 30.10091 -29.85615 61.87042 30.10091 -29.85615 61.87042 30.10091 -29.85615 61.87042 30.10091 -29.7302 43.66191 28.28979 -29.7302 43.66191 28.28979 -29.7302 43.66191 28.28979 -29.7302 43.66191 28.28979 -29.7302 43.66191 28.28979 -29.7302 43.66191 28.28979 -29.79315 52.58873 30.25721 -29.79315 52.58873 30.25721 -29.79315 52.58873 30.25721 -29.79315 52.58873 30.25721 -29.79315 52.58873 30.25721 1.208024 58.32706 29.24431 1.208024 58.32706 29.24431 1.208024 58.32706 29.24431 0.8786514 45.18132 28.55255 0.8786514 45.18132 28.55255 0.8786514 45.18132 28.55255 31.80571 51.40516 30.49965 31.80571 51.40516 30.49965 31.80571 51.40516 30.49965 13.12613 60.66663 29.4224 13.12613 60.66663 29.4224 13.12613 60.66663 29.4224 13.12613 60.66663 29.4224 13.12613 60.66663 29.4224 13.14385 42.43407 28.47308 13.14385 42.43407 28.47308 13.14385 42.43407 28.47308 13.14385 42.43407 28.47308 13.14385 42.43407 28.47308 13.14385 42.43407 28.47308 13.14385 42.43407 28.47308 1.043337 51.50577 30.38503 1.043337 51.50577 30.38503 1.043337 51.50577 30.38503 1.043337 51.50577 30.38503 1.043337 51.50577 30.38503 13.13498 51.30192 30.43434 13.13498 51.30192 30.43434 13.13498 51.30192 30.43434 13.13498 51.30192 30.43434 13.13498 51.30192 30.43434 13.13498 51.30192 30.43434 13.13498 51.30192 30.43434 25.26461 42.27513 28.49727 25.26461 42.27513 28.49727 25.26461 42.27513 28.49727 25.26461 42.27513 28.49727 25.01246 60.62173 29.44753 25.01246 60.62173 29.44753 25.01246 60.62173 29.44753 25.01246 60.62173 29.44753 25.01246 60.62173 29.44753 25.01246 60.62173 29.44753 25.13852 51.2 30.45899 25.13852 51.2 30.45899 25.13852 51.2 30.45899 25.13852 51.2 30.45899 25.13852 51.2 30.45899 -36.4611 52.53054 30.55829 -36.4611 52.53054 30.55829 -36.4611 52.53054 30.55829 -5.912366 45.2164 28.56125 -5.912366 45.2164 28.56125 -5.912366 45.2164 28.56125 -5.492612 58.35307 29.23879 -5.492612 58.35307 29.23879 -5.492612 58.35307 29.23879 -17.84538 43.0781 29.36293 -17.84538 43.0781 29.36293 -17.84538 43.0781 29.36293 -17.84538 43.0781 29.36293 -17.84538 43.0781 29.36293 -17.73771 61.45108 29.46386 -17.73771 61.45108 29.46386 -17.73771 61.45108 29.46386 -17.73771 61.45108 29.46386 -17.73771 61.45108 29.46386 -17.73771 61.45108 29.46386 -17.73771 61.45108 29.46386 -5.702492 51.53631 30.38663 -5.702492 51.53631 30.38663 -5.702492 51.53631 30.38663 -5.702492 51.53631 30.38663 -5.702492 51.53631 30.38663 -17.79154 52.08713 30.47525 -17.79154 52.08713 30.47525 -17.79154 52.08713 30.47525 -17.79154 52.08713 30.47525 -17.79154 52.08713 30.47525 -17.79154 52.08713 30.47525 -17.79154 52.08713 30.47525 -29.85615 61.96696 29.5232 -29.85615 61.96696 29.5232 -29.85615 61.96696 29.5232 -29.85615 61.96696 29.5232 -29.7302 43.6165 28.56156 -29.7302 43.6165 28.56156 -29.7302 43.6165 28.56156 -29.7302 43.6165 28.56156 -29.7302 43.6165 28.56156 -29.7302 43.6165 28.56156 -29.79315 52.54331 30.52898 -29.79315 52.54331 30.52898 -29.79315 52.54331 30.52898 -29.79315 52.54331 30.52898 -29.79315 52.54331 30.52898 -1.160524 -50.65912 9.106102 -1.160524 -50.65912 9.106102 -1.160524 -50.65912 9.106102 1.141449 -50.36749 25.22166 1.141449 -50.36749 25.22166 1.141449 -50.36749 25.22166 1.141449 -50.36749 25.22166 1.141449 -50.36749 25.22166 1.62269 -51.37233 25.22166 1.62269 -51.37233 25.22166 1.62269 -51.37233 25.22166 1.62269 -51.37233 25.22166 0.3148182 -83.97622 12.7613 0.3148182 -83.97622 12.7613 0.3148182 -83.97622 12.7613 0.3148182 -83.97622 12.7613 0.3148182 -83.97622 12.7613 0.3148182 -83.97622 12.7613 -0.2004613 -51.37218 25.22166 -0.2004613 -51.37218 25.22166 -0.2004613 -51.37218 25.22166 -0.2004613 -51.37218 25.22166 0.5913757 -50.36749 25.22166 0.5913757 -50.36749 25.22166 0.5913757 -50.36749 25.22166 0.5913757 -50.36749 25.22166 0.5913757 -50.36749 25.22166 2.893353 -50.65919 9.106102 2.893353 -50.65919 9.106102 2.893353 -50.65919 9.106102 2.893353 -50.65919 9.106102 2.893353 -50.65919 9.106102 1.004797 -83.977 12.7613 1.004797 -83.977 12.7613 1.004797 -83.977 12.7613 1.004797 -83.977 12.7613 -11.33552 91.61644 -8.727629 -16.50354 91.61643 -8.716818 -16.50354 91.61643 -8.716818 -16.50354 91.61643 -8.716818 -16.19128 -93.23638 -8.329854 -16.19128 -93.23638 -8.329854 -16.20584 -93.14197 -8.577168 -16.20584 -93.14197 -8.577168 -16.20584 -93.14197 -8.577168 -16.20584 -93.14197 -8.577168 -16.07588 -93.14169 -8.596348 -16.07588 -93.14169 -8.596348 -16.07588 -93.14169 -8.596348 -16.15096 91.61644 -8.735991 -16.15096 91.61644 -8.735991 -16.15096 91.61644 -8.735991 -16.15096 91.61644 -8.735991 -16.15096 91.61644 -8.735991 14.87769 -93.14321 -8.230366 14.87769 -93.14321 -8.230366 -16.4955 -33.13893 -8.716763 -16.4955 -33.13893 -8.716763 -16.4955 -33.13893 -8.716763 14.84096 -91.07035 -8.241826 14.84096 -91.07035 -8.241826 14.90601 91.61644 -8.379645 14.90601 91.61644 -8.379645 15.01679 91.61644 -8.366866 15.01679 91.61644 -8.366866 15.01679 91.61644 -8.366866 14.9883 -33.13889 -8.374325 14.9883 -33.13889 -8.374325 -13.85458 91.61643 -8.720602 -13.85458 91.61643 -8.720602 -13.85458 91.61643 -8.720602 -13.85458 91.61643 -8.720602 -15.06002 -33.1389 -8.733838 -15.06002 -33.1389 -8.733838 14.94268 -33.13889 -8.37959 12.0265 91.61643 -8.726622 12.0265 91.61643 -8.726622 12.0265 91.61643 -8.726622 14.89696 -33.1389 -8.375729 14.89696 -33.1389 -8.375729 14.89696 -33.1389 -8.375729 14.89696 -33.1389 -8.375729 14.89696 -33.1389 -8.375729 -16.25149 -33.1389 -8.726239 -16.25149 -33.1389 -8.726239 -16.25149 -33.1389 -8.726239 -16.37061 -33.1389 -8.722348 -16.37061 -33.1389 -8.722348 -16.37061 -33.1389 -8.722348 -16.37061 -33.1389 -8.722348 -16.48618 91.61631 -8.469496 14.86339 -33.1389 -8.377346 14.86339 -33.1389 -8.377346 14.86339 -33.1389 -8.377346 10.98973 91.61643 -8.727545 15.0318 -33.1389 -8.361508 15.0318 -33.1389 -8.361508 15.0318 -33.1389 -8.361508 15.03478 91.61643 -8.361563 15.03478 91.61643 -8.361563 15.03478 91.61643 -8.361563 15.02515 -33.13906 -8.113095 15.02515 -33.13906 -8.113095 15.02845 91.61633 -8.113142 -16.12967 -33.1389 -8.721554 -16.12967 -33.1389 -8.721554 -16.12967 -33.1389 -8.721554 -16.47728 -33.13906 -8.469449 -16.47728 -33.13906 -8.469449 -16.36427 -33.13912 -8.37344 -16.45452 91.61631 -8.44261 -16.20023 91.61643 -8.730376 -16.20023 91.61643 -8.730376 -16.20023 91.61643 -8.730376 -14.56799 99.86576 -8.499603 -14.56799 99.86576 -8.499603 -14.56799 99.86576 -8.499603 0.6127087 -196.0202 14.80786 0.6127087 -196.0202 14.80786 0.6127087 -196.0202 14.80786 0.6127087 -196.0202 14.80786 -3.287986 -196.0154 14.52589 -3.287986 -196.0154 14.52589 -3.287986 -196.0154 14.52589 -3.287986 -196.0154 14.52589 -0.8543183 -196.0178 17.52437 -0.8543183 -196.0178 17.52437 -0.8543183 -196.0178 17.52437 -0.8543183 -196.0178 17.52437 0.7659149 -120.3381 17.42932 0.7659149 -120.3381 17.42932 0.7659149 -120.3381 17.42932 0.7659149 -120.3381 17.42932 -3.070587 -120.3381 17.15196 -3.070587 -120.3381 17.15196 -3.070587 -120.3381 17.15196 -3.070587 -120.3381 17.15196 -0.6768494 -120.3376 20.10118 -0.6768494 -120.3376 20.10118 -0.6768494 -120.3376 20.10118 -0.6768494 -120.3376 20.10118 7.138159 -124.0154 14.09891 7.138159 -124.0154 14.09891 7.138159 -124.0154 14.09891 7.138159 -124.0154 14.09891 4.324619 -121.1606 58.53984 4.324619 -121.1606 58.53984 4.324619 -121.1606 58.53984 4.324619 -121.1606 58.53984 3.615182 -124.0154 14.09891 3.615182 -124.0154 14.09891 3.615182 -124.0154 14.09891 6.202234 -123.0831 58.53984 6.202234 -123.0831 58.53984 6.202234 -123.0831 58.53984 6.202234 -123.0831 58.53984 4.324619 -123.0831 58.53984 4.324619 -123.0831 58.53984 4.324619 -123.0831 58.53984 4.324619 -123.0831 58.53984 6.202226 -121.1606 58.53984 6.202226 -121.1606 58.53984 6.202226 -121.1606 58.53984 6.202226 -121.1606 58.53984 6.202226 -121.1606 58.53984 7.138159 -120.2749 15.49012 7.138159 -120.2749 15.49012 3.615182 -120.2749 15.49012 3.615182 -120.2749 15.49012 3.615182 -120.2749 15.49012 -13.52608 -41.64514 15.45365 -13.52608 -41.64514 15.45365 -13.52608 -41.64514 15.45365 -13.52608 -41.64514 15.45365 -13.52608 -41.64514 15.45365 -13.52608 -41.64514 15.45365 -4.79571 -53.66144 15.45365 -4.79571 -53.66144 15.45365 -4.79571 -53.66144 15.45365 -4.79571 -53.66144 15.45365 -4.79571 -53.66144 15.45365 -4.79571 -53.66144 15.45365 9.330342 -49.07161 15.45365 9.330342 -49.07161 15.45365 9.330342 -49.07161 15.45365 9.330342 -49.07161 15.45365 9.330342 -49.07161 15.45365 9.330342 -49.07161 15.45365 8.188329 -48.24191 16.61524 8.188329 -48.24191 16.61524 8.188329 -48.24191 16.61524 8.188329 -48.24191 16.61524 8.188329 -48.24191 16.61524 8.188329 -48.24191 16.61524 -4.359497 -52.31895 16.61524 -4.359497 -52.31895 16.61524 -4.359497 -52.31895 16.61524 -4.359497 -52.31895 16.61524 -4.359497 -52.31895 16.61524 9.330342 -34.21863 15.45365 9.330342 -34.21863 15.45365 9.330342 -34.21863 15.45365 9.330342 -34.21863 15.45365 9.330342 -34.21863 15.45365 9.330342 -34.21863 15.45365 8.188329 -35.04833 16.61529 8.188329 -35.04833 16.61529 8.188329 -35.04833 16.61529 8.188329 -35.04833 16.61529 8.188329 -35.04833 16.61529 8.188329 -35.04833 16.61529 -4.79571 -29.62882 15.45365 -4.79571 -29.62882 15.45365 -4.79571 -29.62882 15.45365 -4.79571 -29.62882 15.45365 -4.79571 -29.62882 15.45365 -4.79571 -29.62882 15.45365 -12.11448 -41.64514 16.61529 -12.11448 -41.64514 16.61529 -12.11448 -41.64514 16.61529 -12.11448 -41.64514 16.61529 -12.11448 -41.64514 16.61529 -12.11448 -41.64514 16.61529 -12.11448 -41.64514 23.86269 -12.11448 -41.64514 23.86269 -12.11448 -41.64514 23.86269 -12.11448 -41.64514 23.86269 -12.11448 -41.64514 23.86269 -12.11448 -41.64514 23.86269 8.188329 -35.04836 23.86269 8.188329 -35.04836 23.86269 8.188329 -35.04836 23.86269 8.188329 -35.04836 23.86269 8.188329 -35.04836 23.86269 8.188329 -35.04836 23.86269 -4.359497 -30.9713 16.61529 -4.359497 -30.9713 16.61529 -4.359497 -30.9713 16.61529 -4.359497 -30.9713 16.61529 -4.359497 -30.9713 16.61529 -4.359497 -30.9713 16.61529 -4.359497 -30.97132 23.86269 -4.359497 -30.97132 23.86269 -4.359497 -30.97132 23.86269 -4.359497 -30.97132 23.86269 -4.359497 -30.97132 23.86269 -4.359497 -30.97132 23.86269 -4.359497 -52.31895 23.86269 -4.359497 -52.31895 23.86269 -4.359497 -52.31895 23.86269 -4.359497 -52.31895 23.86269 -4.359497 -52.31895 23.86269 -4.359497 -52.31895 23.86269 -13.52608 -41.64514 25.02433 -13.52608 -41.64514 25.02433 -13.52608 -41.64514 25.02433 -13.52608 -41.64514 25.02433 -13.52608 -41.64514 25.02433 -13.52608 -41.64514 25.02433 8.188329 -48.24191 23.86269 8.188329 -48.24191 23.86269 8.188329 -48.24191 23.86269 8.188329 -48.24191 23.86269 8.188329 -48.24191 23.86269 8.188329 -48.24191 23.86269 9.330312 -49.07161 25.02433 9.330312 -49.07161 25.02433 9.330312 -49.07161 25.02433 9.330312 -49.07161 25.02433 9.330312 -49.07161 25.02433 9.330342 -34.21863 25.02433 9.330342 -34.21863 25.02433 9.330342 -34.21863 25.02433 9.330342 -34.21863 25.02433 9.330342 -34.21863 25.02433 9.330342 -34.21863 25.02433 9.330342 -34.21863 12.06531 9.330342 -34.21863 12.06531 9.330342 -34.21863 12.06531 9.330342 -34.21863 12.06531 -13.52608 -41.64514 12.06532 -13.52608 -41.64514 12.06532 -13.52608 -41.64514 12.06532 -13.52608 -41.64514 12.06532 -13.52608 -41.64514 12.06532 -13.52608 -41.64514 12.06532 9.321327 -34.19089 28.25139 9.321327 -34.19089 28.25139 9.321327 -34.19089 28.25139 9.321327 -34.19089 28.25139 9.321327 -34.19089 28.25139 9.321297 -49.04387 28.25139 9.321297 -49.04387 28.25139 9.321297 -49.04387 28.25139 9.321297 -49.04387 28.25139 9.321297 -49.04387 28.25139 9.321297 -49.04387 28.25139 -4.79571 -29.62882 12.06531 -4.79571 -29.62882 12.06531 -4.79571 -29.62882 12.06531 -4.79571 -29.62882 12.06531 9.330342 -49.07162 12.06532 9.330342 -49.07162 12.06532 9.330342 -49.07162 12.06532 -4.79568 -53.66144 12.06532 -4.79568 -53.66144 12.06532 -4.79568 -53.66144 12.06532 -4.79568 -53.66144 12.06532 -4.79568 -53.66144 25.02433 -4.79568 -53.66144 25.02433 -4.79568 -53.66144 25.02433 -4.79568 -53.66144 25.02433 -4.79568 -53.66144 25.02433 -4.79568 -53.66144 25.02433 -4.804725 -29.60107 28.25133 -4.804725 -29.60107 28.25133 -4.804725 -29.60107 28.25133 -4.804725 -29.60107 28.25133 -1.043279 -41.17759 33.40256 -1.043279 -41.17759 33.40256 -1.043279 -41.17759 33.40256 -1.043279 -41.17759 33.40256 -1.043279 -41.17759 33.40256 -4.804695 -53.6337 28.25139 -4.804695 -53.6337 28.25139 -4.804695 -53.6337 28.25139 -4.804695 -53.6337 28.25139 -4.804695 -53.6337 28.25139 0.2709494 125.429 -10.89675 0.2709494 125.429 -10.89675 0.2709494 125.429 -10.89675 0.2709494 125.429 -10.89675 -13.03953 125.3627 -2.4937 -13.03953 125.3627 -2.4937 -13.03953 125.3627 -2.4937 -13.03953 125.3627 -2.4937 -13.03953 125.3627 -2.4937 -12.41286 125.5648 14.43168 -12.41286 125.5648 14.43168 -12.41286 125.5648 14.43168 -12.41286 125.5648 14.43168 -12.41286 125.5648 14.43168 -12.41286 125.5648 14.43168 -12.41286 125.5648 14.43168 -13.83223 134.1584 -2.634479 -13.83223 134.1584 -2.634479 -13.83223 134.1584 -2.634479 -13.83223 134.1584 -2.634479 -13.83223 134.1584 -2.634479 -13.83223 134.1584 -2.634479 13.77288 125.672 -2.897417 13.77288 125.672 -2.897417 13.77288 125.672 -2.897417 13.77288 125.672 -2.897417 13.77288 125.672 -2.897417 13.77288 125.672 -2.897417 12.98018 134.4676 -3.038242 12.98018 134.4676 -3.038242 12.98018 134.4676 -3.038242 12.98018 134.4676 -3.038242 12.98018 134.4676 -3.038242 -0.6468138 134.2245 -11.03755 -0.6468138 134.2245 -11.03755 -0.6468138 134.2245 -11.03755 -0.6468138 134.2245 -11.03755 -13.53509 -41.6174 28.25139 -13.53509 -41.6174 28.25139 -13.53509 -41.6174 28.25139 -13.53509 -41.6174 28.25139 -13.53509 -41.6174 28.25139 -4.79571 -29.62882 25.02427 -4.79571 -29.62882 25.02427 -4.79571 -29.62882 25.02427 -4.79571 -29.62882 25.02427 -4.79571 -29.62882 25.02427 -4.79571 -29.62882 25.02427 -4.79571 -29.62882 25.02427 9.321327 101.0031 28.94719 9.321327 101.0031 28.94719 9.321327 101.0031 28.94719 9.321327 101.0031 28.94719 9.321327 101.0031 28.94719 -1.04549 94.01336 34.09836 -1.04549 94.01336 34.09836 -1.04549 94.01336 34.09836 -1.04549 94.01336 34.09836 -1.04549 94.01336 34.09836 -0.2004613 83.82181 25.91746 -0.2004613 83.82181 25.91746 -0.2004613 83.82181 25.91746 -0.2004613 83.82181 25.91746 -13.53509 93.57659 28.94719 -13.53509 93.57659 28.94719 -13.53509 93.57659 28.94719 -13.53509 93.57659 28.94719 -13.53509 93.57659 28.94719 -4.79568 81.53255 25.72013 -4.79568 81.53255 25.72013 -4.79568 81.53255 25.72013 -4.79568 81.53255 25.72013 -4.79568 81.53255 25.72013 -4.79568 81.53255 25.72013 0.3148182 51.21777 13.4571 0.3148182 51.21777 13.4571 0.3148182 51.21777 13.4571 0.3148182 51.21777 13.4571 0.3148182 51.21777 13.4571 0.3148182 51.21777 13.4571 0.5913757 84.8265 25.91746 0.5913757 84.8265 25.91746 0.5913757 84.8265 25.91746 0.5913757 84.8265 25.91746 0.5913757 84.8265 25.91746 -4.79568 81.53255 12.76111 -4.79568 81.53255 12.76111 -4.79568 81.53255 12.76111 -4.79568 81.53255 12.76111 1.62269 83.82166 25.91746 1.62269 83.82166 25.91746 1.62269 83.82166 25.91746 1.62269 83.82166 25.91746 9.330342 86.12238 12.76111 9.330342 86.12238 12.76111 9.330342 86.12238 12.76111 9.330342 86.12238 12.76111 -4.79571 105.5652 12.76111 -4.79571 105.5652 12.76111 -4.79571 105.5652 12.76111 -4.79571 105.5652 12.76111 -4.79571 105.5652 16.14945 -4.79571 105.5652 16.14945 -4.79571 105.5652 16.14945 -4.79571 105.5652 16.14945 -4.79571 105.5652 16.14945 -4.79571 105.5652 16.14945 9.330342 100.9754 12.76111 9.330342 100.9754 12.76111 9.330342 100.9754 12.76111 9.330342 100.9754 12.76111 -13.52608 93.54885 12.76111 -13.52608 93.54885 12.76111 -13.52608 93.54885 12.76111 -13.52608 93.54885 12.76111 -13.52608 93.54885 12.76111 -13.52608 93.54885 12.76111 -4.359497 104.2227 24.55849 -4.359497 104.2227 24.55849 -4.359497 104.2227 24.55849 -4.359497 104.2227 24.55849 -4.359497 104.2227 24.55849 -4.359497 104.2227 24.55849 9.330342 100.9754 25.72013 9.330342 100.9754 25.72013 9.330342 100.9754 25.72013 9.330342 100.9754 25.72013 9.330342 100.9754 25.72013 9.330342 100.9754 25.72013 8.188329 100.1456 24.55849 8.188329 100.1456 24.55849 8.188329 100.1456 24.55849 8.188329 100.1456 24.55849 8.188329 100.1456 24.55849 8.188329 100.1456 24.55849 -4.359497 82.87504 24.5585 -4.359497 82.87504 24.5585 -4.359497 82.87504 24.5585 -4.359497 82.87504 24.5585 -4.359497 82.87504 24.5585 -4.359497 82.87504 24.5585 9.330312 86.12238 25.72013 9.330312 86.12238 25.72013 9.330312 86.12238 25.72013 9.330312 86.12238 25.72013 9.330312 86.12238 25.72013 -13.52608 93.54885 25.72013 -13.52608 93.54885 25.72013 -13.52608 93.54885 25.72013 -13.52608 93.54885 25.72013 -13.52608 93.54885 25.72013 -13.52608 93.54885 25.72013 -4.359497 104.2227 17.31109 -4.359497 104.2227 17.31109 -4.359497 104.2227 17.31109 -4.359497 104.2227 17.31109 -4.359497 104.2227 17.31109 -4.359497 104.2227 17.31109 8.188329 86.95208 24.5585 8.188329 86.95208 24.5585 8.188329 86.95208 24.5585 8.188329 86.95208 24.5585 8.188329 86.95208 24.5585 8.188329 86.95208 24.5585 -12.11448 93.54885 24.55849 -12.11448 93.54885 24.55849 -12.11448 93.54885 24.55849 -12.11448 93.54885 24.55849 -12.11448 93.54885 24.55849 -12.11448 93.54885 24.55849 -4.359497 82.87504 17.31103 -4.359497 82.87504 17.31103 -4.359497 82.87504 17.31103 -4.359497 82.87504 17.31103 -4.359497 82.87504 17.31103 -4.359497 82.87504 17.31103 1.141449 84.8265 25.91746 1.141449 84.8265 25.91746 1.141449 84.8265 25.91746 1.141449 84.8265 25.91746 1.141449 84.8265 25.91746 -1.160524 84.53488 9.801904 -1.160524 84.53488 9.801904 -1.160524 84.53488 9.801904 8.188329 100.1457 17.31109 8.188329 100.1457 17.31109 8.188329 100.1457 17.31109 8.188329 100.1457 17.31109 8.188329 100.1457 17.31109 8.188329 100.1457 17.31109 9.330342 100.9754 16.14945 9.330342 100.9754 16.14945 9.330342 100.9754 16.14945 9.330342 100.9754 16.14945 9.330342 100.9754 16.14945 9.330342 100.9754 16.14945 8.188329 86.95208 17.31103 8.188329 86.95208 17.31103 8.188329 86.95208 17.31103 8.188329 86.95208 17.31103 8.188329 86.95208 17.31103 8.188329 86.95208 17.31103 9.330342 86.12238 16.14945 9.330342 86.12238 16.14945 9.330342 86.12238 16.14945 9.330342 86.12238 16.14945 9.330342 86.12238 16.14945 9.330342 86.12238 16.14945 -4.79571 81.53255 16.14945 -4.79571 81.53255 16.14945 -4.79571 81.53255 16.14945 -4.79571 81.53255 16.14945 -4.79571 81.53255 16.14945 -4.79571 81.53255 16.14945 -12.11448 93.54885 17.31109 -12.11448 93.54885 17.31109 -12.11448 93.54885 17.31109 -12.11448 93.54885 17.31109 -12.11448 93.54885 17.31109 -12.11448 93.54885 17.31109 -13.52608 93.54885 16.14945 -13.52608 93.54885 16.14945 -13.52608 93.54885 16.14945 -13.52608 93.54885 16.14945 -13.52608 93.54885 16.14945 -13.52608 93.54885 16.14945 1.004797 51.21699 13.4571 1.004797 51.21699 13.4571 1.004797 51.21699 13.4571 1.004797 51.21699 13.4571 -4.791247 -122.3169 58.53984 -4.791247 -122.3169 58.53984 -4.791247 -122.3169 58.53984 -4.791247 -122.3169 58.53984 -6.313133 -120.7586 58.53984 -6.313133 -120.7586 58.53984 -6.313133 -120.7586 58.53984 -6.313133 -120.7586 58.53984 -3.636412 -123.4453 14.09891 -3.636412 -123.4453 14.09891 -3.636412 -123.4453 14.09891 -3.636412 -123.4453 14.09891 -6.313133 -122.3169 58.53984 -6.313133 -122.3169 58.53984 -6.313133 -122.3169 58.53984 -6.313133 -122.3169 58.53984 -7.159389 -119.7049 15.49012 -7.159389 -119.7049 15.49012 -7.159389 -119.7049 15.49012 -4.791254 -120.7586 58.53984 -4.791254 -120.7586 58.53984 -4.791254 -120.7586 58.53984 -4.791254 -120.7586 58.53984 -4.791254 -120.7586 58.53984 -3.636412 -119.7049 15.49012 -3.636412 -119.7049 15.49012 -7.159389 -123.4454 14.09891 -7.159389 -123.4454 14.09891 -7.159389 -123.4454 14.09891 -0.5880959 -197.9919 13.46993 -0.5880959 -197.9919 13.46993 -0.5880959 -197.9919 13.46993 -0.5880959 -197.9919 13.46993 -2.529715 -198.0172 13.33185 -2.529715 -198.0172 13.33185 -2.529715 -198.0172 13.33185 -2.529715 -198.0172 13.33185 -1.318327 -197.7241 14.79532 -1.318327 -197.7241 14.79532 -1.318327 -197.7241 14.79532 -1.318327 -197.7241 14.79532 -3.699165 -127.7737 -8.094696 -3.699165 -127.7737 -8.094696 -3.699165 -127.7737 -8.094696 -3.699165 -127.7737 -8.094696 -0.2690282 -126.9396 -3.95172 -0.2690282 -126.9396 -3.95172 -0.2690282 -126.9396 -3.95172 -0.2690282 -126.9396 -3.95172 1.798399 -127.6953 -7.705062 1.798399 -127.6953 -7.705062 1.798399 -127.6953 -7.705062 1.798399 -127.6953 -7.705062 -2.242168 125.6009 21.48698 -2.242168 125.6009 21.48698 -2.242168 125.6009 21.48698 -2.242168 125.6009 21.48698 2.700021 134.5877 21.09667 2.700021 134.5877 21.09667 2.700021 134.5877 21.09667 2.700021 134.5877 21.09667 2.700021 134.5877 21.09667 -13.67957 134.3605 14.29088 -13.67957 134.3605 14.29088 -13.67957 134.3605 14.29088 -13.67957 134.3605 14.29088 -13.67957 134.3605 14.29088 -13.67957 134.3605 14.29088 12.8003 134.5515 14.04137 12.8003 134.5515 14.04137 12.8003 134.5515 14.04137 12.8003 134.5515 14.04137 12.8003 134.5515 14.04137 12.8003 134.5515 14.04137 2.948317 125.7921 21.23745 2.948317 125.7921 21.23745 2.948317 125.7921 21.23745 2.948317 125.7921 21.23745 2.948317 125.7921 21.23745 14.06701 125.756 14.18215 14.06701 125.756 14.18215 14.06701 125.756 14.18215 14.06701 125.756 14.18215 14.06701 125.756 14.18215 2.893353 84.5348 9.801904 2.893353 84.5348 9.801904 2.893353 84.5348 9.801904 2.893353 84.5348 9.801904 2.893353 84.5348 9.801904 -2.490464 134.3966 21.34618 -2.490464 134.3966 21.34618 -2.490464 134.3966 21.34618 -2.490464 134.3966 21.34618 0.3835565 162.6257 -9.227318 0.3835565 162.6257 -9.227318 0.3835565 162.6257 -9.227318 -0.3896103 162.6257 -9.227318 -0.3896103 162.6257 -9.227318 0.01485484 163.0096 17.16649 2.727305 134.2683 17.16659 2.727305 134.2683 17.16659 -2.874993 134.2683 17.16658 -2.874993 134.2683 17.16658 0.0964502 163.1053 17.16649 0.0964502 163.1053 17.16649 -0.07641428 134.2975 -9.227299 -0.07641428 134.2975 -9.227299 -0.07641428 134.2975 -9.227299 -0.07641428 134.2975 -9.227299 -0.1121203 163.1053 17.16649 -0.1121203 163.1053 17.16649 -0.1121203 163.1053 17.16649 -0.1121203 163.1053 17.16649 -0.0305249 163.0096 17.16649 -4.804725 105.5929 28.94713 -4.804725 105.5929 28.94713 -4.804725 105.5929 28.94713 -4.804725 105.5929 28.94713 -4.79571 105.5652 25.72008 -4.79571 105.5652 25.72008 -4.79571 105.5652 25.72008 -4.79571 105.5652 25.72008 -4.79571 105.5652 25.72008 -4.79571 105.5652 25.72008 -4.79571 105.5652 25.72008 -4.804695 81.5603 28.94719 -4.804695 81.5603 28.94719 -4.804695 81.5603 28.94719 -4.804695 81.5603 28.94719 -4.804695 81.5603 28.94719 9.321297 86.15013 28.94719 9.321297 86.15013 28.94719 9.321297 86.15013 28.94719 9.321297 86.15013 28.94719 9.321297 86.15013 28.94719 9.321297 86.15013 28.94719 31.80571 -82.4939 42.72751 31.80571 -82.4939 42.72751 31.80571 -82.4939 42.72751 1.208024 -75.57201 41.47217 1.208024 -75.57201 41.47217 1.208024 -75.57201 41.47217 0.8786514 -88.71773 40.78041 0.8786514 -88.71773 40.78041 0.8786514 -88.71773 40.78041 13.12613 -73.23242 41.65027 13.12613 -73.23242 41.65027 13.12613 -73.23242 41.65027 13.12613 -73.23242 41.65027 13.12613 -73.23242 41.65027 13.14385 -91.46499 40.70094 13.14385 -91.46499 40.70094 13.14385 -91.46499 40.70094 13.14385 -91.46499 40.70094 13.14385 -91.46499 40.70094 13.14385 -91.46499 40.70094 13.14385 -91.46499 40.70094 1.043337 -82.3933 42.6129 1.043337 -82.3933 42.6129 1.043337 -82.3933 42.6129 1.043337 -82.3933 42.6129 1.043337 -82.3933 42.6129 13.13498 -82.59712 42.6622 13.13498 -82.59712 42.6622 13.13498 -82.59712 42.6622 13.13498 -82.59712 42.6622 13.13498 -82.59712 42.6622 13.13498 -82.59712 42.6622 13.13498 -82.59712 42.6622 25.26461 -91.62393 40.72513 25.26461 -91.62393 40.72513 25.26461 -91.62393 40.72513 25.26461 -91.62393 40.72513 25.01246 -73.27734 41.67539 25.01246 -73.27734 41.67539 25.01246 -73.27734 41.67539 25.01246 -73.27734 41.67539 25.01246 -73.27734 41.67539 25.01246 -73.27734 41.67539 25.13852 -82.69906 42.68686 25.13852 -82.69906 42.68686 25.13852 -82.69906 42.68686 25.13852 -82.69906 42.68686 25.13852 -82.69906 42.68686 -36.4611 -81.36851 42.78615 -36.4611 -81.36851 42.78615 -36.4611 -81.36851 42.78615 -5.912366 -88.68263 40.78911 -5.912366 -88.68263 40.78911 -5.912366 -88.68263 40.78911 -5.492612 -75.54601 41.46665 -5.492612 -75.54601 41.46665 -5.492612 -75.54601 41.46665 -17.84538 -90.82097 41.5908 -17.84538 -90.82097 41.5908 -17.84538 -90.82097 41.5908 -17.84538 -90.82097 41.5908 -17.84538 -90.82097 41.5908 -17.73771 -72.44799 41.69172 -17.73771 -72.44799 41.69172 -17.73771 -72.44799 41.69172 -17.73771 -72.44799 41.69172 -17.73771 -72.44799 41.69172 -17.73771 -72.44799 41.69172 -17.73771 -72.44799 41.69172 -5.702492 -82.36273 42.61449 -5.702492 -82.36273 42.61449 -5.702492 -82.36273 42.61449 -5.702492 -82.36273 42.61449 -5.702492 -82.36273 42.61449 -17.79154 -81.8119 42.70312 -17.79154 -81.8119 42.70312 -17.79154 -81.8119 42.70312 -17.79154 -81.8119 42.70312 -17.79154 -81.8119 42.70312 -17.79154 -81.8119 42.70312 -17.79154 -81.8119 42.70312 -29.85615 -72.07405 42.60055 -29.85615 -72.07405 42.60055 -29.85615 -72.07405 42.60055 -29.85615 -72.07405 42.60055 -29.7302 -90.28256 40.78942 -29.7302 -90.28256 40.78942 -29.7302 -90.28256 40.78942 -29.7302 -90.28256 40.78942 -29.7302 -90.28256 40.78942 -29.7302 -90.28256 40.78942 -29.79315 -81.35575 42.75685 -29.79315 -81.35575 42.75685 -29.79315 -81.35575 42.75685 -29.79315 -81.35575 42.75685 -29.79315 -81.35575 42.75685 1.208024 -75.61741 41.74395 1.208024 -75.61741 41.74395 1.208024 -75.61741 41.74395 0.8786514 -88.76315 41.05218 0.8786514 -88.76315 41.05218 0.8786514 -88.76315 41.05218 31.80571 -82.53932 42.99929 31.80571 -82.53932 42.99929 31.80571 -82.53932 42.99929 13.12613 -73.27784 41.92204 13.12613 -73.27784 41.92204 13.12613 -73.27784 41.92204 13.12613 -73.27784 41.92204 13.12613 -73.27784 41.92204 13.14385 -91.5104 40.97272 13.14385 -91.5104 40.97272 13.14385 -91.5104 40.97272 13.14385 -91.5104 40.97272 13.14385 -91.5104 40.97272 13.14385 -91.5104 40.97272 13.14385 -91.5104 40.97272 1.043337 -82.4387 42.88467 1.043337 -82.4387 42.88467 1.043337 -82.4387 42.88467 1.043337 -82.4387 42.88467 1.043337 -82.4387 42.88467 13.13498 -82.64255 42.93398 13.13498 -82.64255 42.93398 13.13498 -82.64255 42.93398 13.13498 -82.64255 42.93398 13.13498 -82.64255 42.93398 13.13498 -82.64255 42.93398 13.13498 -82.64255 42.93398 25.26461 -91.66934 40.9969 25.26461 -91.66934 40.9969 25.26461 -91.66934 40.9969 25.26461 -91.66934 40.9969 25.01246 -73.32275 41.94716 25.01246 -73.32275 41.94716 25.01246 -73.32275 41.94716 25.01246 -73.32275 41.94716 25.01246 -73.32275 41.94716 25.01246 -73.32275 41.94716 25.13852 -82.74448 42.95863 25.13852 -82.74448 42.95863 25.13852 -82.74448 42.95863 25.13852 -82.74448 42.95863 25.13852 -82.74448 42.95863 -36.4611 -81.41394 43.05792 -36.4611 -81.41394 43.05792 -36.4611 -81.41394 43.05792 -5.912366 -88.72807 41.06089 -5.912366 -88.72807 41.06089 -5.912366 -88.72807 41.06089 -5.492612 -75.5914 41.73843 -5.492612 -75.5914 41.73843 -5.492612 -75.5914 41.73843 -17.84538 -90.86637 41.86256 -17.84538 -90.86637 41.86256 -17.84538 -90.86637 41.86256 -17.84538 -90.86637 41.86256 -17.84538 -90.86637 41.86256 -17.73771 -72.4934 41.96349 -17.73771 -72.4934 41.96349 -17.73771 -72.4934 41.96349 -17.73771 -72.4934 41.96349 -17.73771 -72.4934 41.96349 -17.73771 -72.4934 41.96349 -17.73771 -72.4934 41.96349 -5.702492 -82.40817 42.88626 -5.702492 -82.40817 42.88626 -5.702492 -82.40817 42.88626 -5.702492 -82.40817 42.88626 -5.702492 -82.40817 42.88626 -17.79154 -81.85734 42.97489 -17.79154 -81.85734 42.97489 -17.79154 -81.85734 42.97489 -17.79154 -81.85734 42.97489 -17.79154 -81.85734 42.97489 -17.79154 -81.85734 42.97489 -17.79154 -81.85734 42.97489 -29.85615 -71.97751 42.02283 -29.85615 -71.97751 42.02283 -29.85615 -71.97751 42.02283 -29.85615 -71.97751 42.02283 -29.7302 -90.32798 41.06119 -29.7302 -90.32798 41.06119 -29.7302 -90.32798 41.06119 -29.7302 -90.32798 41.06119 -29.7302 -90.32798 41.06119 -29.7302 -90.32798 41.06119 -29.79315 -81.40116 43.02862 -29.79315 -81.40116 43.02862 -29.79315 -81.40116 43.02862 -29.79315 -81.40116 43.02862 -29.79315 -81.40116 43.02862 -36.4611 -13.75982 46.16858 -36.4611 -13.75982 46.16858 -36.4611 -13.75982 46.16858 -5.912366 -21.07394 44.17155 -5.912366 -21.07394 44.17155 -5.912366 -21.07394 44.17155 -5.492612 -7.937318 44.84909 -5.492612 -7.937318 44.84909 -5.492612 -7.937318 44.84909 -17.84538 -23.21228 44.97323 -17.84538 -23.21228 44.97323 -17.84538 -23.21228 44.97323 -17.84538 -23.21228 44.97323 -17.84538 -23.21228 44.97323 -17.73771 -4.839303 45.07416 -17.73771 -4.839303 45.07416 -17.73771 -4.839303 45.07416 -17.73771 -4.839303 45.07416 -17.73771 -4.839303 45.07416 -17.73771 -4.839303 45.07416 -17.73771 -4.839303 45.07416 -5.702492 -14.75405 45.99693 -5.702492 -14.75405 45.99693 -5.702492 -14.75405 45.99693 -5.702492 -14.75405 45.99693 -5.702492 -14.75405 45.99693 -17.79154 -14.20321 46.08555 -17.79154 -14.20321 46.08555 -17.79154 -14.20321 46.08555 -17.79154 -14.20321 46.08555 -17.79154 -14.20321 46.08555 -17.79154 -14.20321 46.08555 -17.79154 -14.20321 46.08555 -29.85615 -4.465363 45.98299 -29.85615 -4.465363 45.98299 -29.85615 -4.465363 45.98299 -29.85615 -4.465363 45.98299 -29.7302 -22.67387 44.17186 -29.7302 -22.67387 44.17186 -29.7302 -22.67387 44.17186 -29.7302 -22.67387 44.17186 -29.7302 -22.67387 44.17186 -29.7302 -22.67387 44.17186 -29.79315 -13.74706 46.13928 -29.79315 -13.74706 46.13928 -29.79315 -13.74706 46.13928 -29.79315 -13.74706 46.13928 -29.79315 -13.74706 46.13928 1.208024 -8.008722 45.12638 1.208024 -8.008722 45.12638 1.208024 -8.008722 45.12638 0.8786514 -21.15446 44.43463 0.8786514 -21.15446 44.43463 0.8786514 -21.15446 44.43463 31.80571 -14.93063 46.38173 31.80571 -14.93063 46.38173 31.80571 -14.93063 46.38173 13.12613 -5.669152 45.30447 13.12613 -5.669152 45.30447 13.12613 -5.669152 45.30447 13.12613 -5.669152 45.30447 13.12613 -5.669152 45.30447 13.14385 -23.90172 44.35515 13.14385 -23.90172 44.35515 13.14385 -23.90172 44.35515 13.14385 -23.90172 44.35515 13.14385 -23.90172 44.35515 13.14385 -23.90172 44.35515 13.14385 -23.90172 44.35515 1.043337 -14.83001 46.26711 1.043337 -14.83001 46.26711 1.043337 -14.83001 46.26711 1.043337 -14.83001 46.26711 1.043337 -14.83001 46.26711 13.13498 -15.03386 46.31642 13.13498 -15.03386 46.31642 13.13498 -15.03386 46.31642 13.13498 -15.03386 46.31642 13.13498 -15.03386 46.31642 13.13498 -15.03386 46.31642 13.13498 -15.03386 46.31642 25.26461 -24.06066 44.37934 25.26461 -24.06066 44.37934 25.26461 -24.06066 44.37934 25.26461 -24.06066 44.37934 25.01246 -5.714058 45.3296 25.01246 -5.714058 45.3296 25.01246 -5.714058 45.3296 25.01246 -5.714058 45.3296 25.01246 -5.714058 45.3296 25.01246 -5.714058 45.3296 25.13852 -15.13579 46.34107 25.13852 -15.13579 46.34107 25.13852 -15.13579 46.34107 25.13852 -15.13579 46.34107 25.13852 -15.13579 46.34107 -36.4611 -13.80525 46.44036 -36.4611 -13.80525 46.44036 -36.4611 -13.80525 46.44036 -5.912366 -21.11938 44.44332 -5.912366 -21.11938 44.44332 -5.912366 -21.11938 44.44332 -5.492612 -7.982713 45.12086 -5.492612 -7.982713 45.12086 -5.492612 -7.982713 45.12086 -17.84538 -23.25768 45.245 -17.84538 -23.25768 45.245 -17.84538 -23.25768 45.245 -17.84538 -23.25768 45.245 -17.84538 -23.25768 45.245 -17.73771 -4.884705 45.34593 -17.73771 -4.884705 45.34593 -17.73771 -4.884705 45.34593 -17.73771 -4.884705 45.34593 -17.73771 -4.884705 45.34593 -17.73771 -4.884705 45.34593 -17.73771 -4.884705 45.34593 -5.702492 -14.79948 46.2687 -5.702492 -14.79948 46.2687 -5.702492 -14.79948 46.2687 -5.702492 -14.79948 46.2687 -5.702492 -14.79948 46.2687 -17.79154 -14.24865 46.35733 -17.79154 -14.24865 46.35733 -17.79154 -14.24865 46.35733 -17.79154 -14.24865 46.35733 -17.79154 -14.24865 46.35733 -17.79154 -14.24865 46.35733 -17.79154 -14.24865 46.35733 -29.85615 -4.368821 45.40527 -29.85615 -4.368821 45.40527 -29.85615 -4.368821 45.40527 -29.85615 -4.368821 45.40527 -29.7302 -22.71929 44.44364 -29.7302 -22.71929 44.44364 -29.7302 -22.71929 44.44364 -29.7302 -22.71929 44.44364 -29.7302 -22.71929 44.44364 -29.7302 -22.71929 44.44364 -29.79315 -13.79247 46.41106 -29.79315 -13.79247 46.41106 -29.79315 -13.79247 46.41106 -29.79315 -13.79247 46.41106 -29.79315 -13.79247 46.41106 31.80571 52.65859 45.69049 31.80571 52.65859 45.69049 31.80571 52.65859 45.69049 1.208024 59.58049 44.43515 1.208024 59.58049 44.43515 1.208024 59.58049 44.43515 0.8786514 46.43476 43.74339 0.8786514 46.43476 43.74339 0.8786514 46.43476 43.74339 13.12613 61.92008 44.61324 13.12613 61.92008 44.61324 13.12613 61.92008 44.61324 13.12613 61.92008 44.61324 13.12613 61.92008 44.61324 13.14385 43.6875 43.66392 13.14385 43.6875 43.66392 13.14385 43.6875 43.66392 13.14385 43.6875 43.66392 13.14385 43.6875 43.66392 13.14385 43.6875 43.66392 13.14385 43.6875 43.66392 1.043337 52.7592 45.57587 1.043337 52.7592 45.57587 1.043337 52.7592 45.57587 1.043337 52.7592 45.57587 1.043337 52.7592 45.57587 13.13498 52.55537 45.62518 13.13498 52.55537 45.62518 13.13498 52.55537 45.62518 13.13498 52.55537 45.62518 13.13498 52.55537 45.62518 13.13498 52.55537 45.62518 13.13498 52.55537 45.62518 25.26461 43.52856 43.68811 25.26461 43.52856 43.68811 25.26461 43.52856 43.68811 25.26461 43.52856 43.68811 25.01246 61.87516 44.63837 25.01246 61.87516 44.63837 25.01246 61.87516 44.63837 25.01246 61.87516 44.63837 25.01246 61.87516 44.63837 25.01246 61.87516 44.63837 25.13852 52.45343 45.64984 25.13852 52.45343 45.64984 25.13852 52.45343 45.64984 25.13852 52.45343 45.64984 25.13852 52.45343 45.64984 -36.4611 53.78398 45.74913 -36.4611 53.78398 45.74913 -36.4611 53.78398 45.74913 -5.912366 46.46986 43.75209 -5.912366 46.46986 43.75209 -5.912366 46.46986 43.75209 -5.492612 59.60649 44.42963 -5.492612 59.60649 44.42963 -5.492612 59.60649 44.42963 -17.84538 44.33152 44.55377 -17.84538 44.33152 44.55377 -17.84538 44.33152 44.55377 -17.84538 44.33152 44.55377 -17.84538 44.33152 44.55377 -17.73771 62.7045 44.6547 -17.73771 62.7045 44.6547 -17.73771 62.7045 44.6547 -17.73771 62.7045 44.6547 -17.73771 62.7045 44.6547 -17.73771 62.7045 44.6547 -17.73771 62.7045 44.6547 -5.702492 52.78976 45.57747 -5.702492 52.78976 45.57747 -5.702492 52.78976 45.57747 -5.702492 52.78976 45.57747 -5.702492 52.78976 45.57747 -17.79154 53.34059 45.66609 -17.79154 53.34059 45.66609 -17.79154 53.34059 45.66609 -17.79154 53.34059 45.66609 -17.79154 53.34059 45.66609 -17.79154 53.34059 45.66609 -17.79154 53.34059 45.66609 -29.85615 63.07844 45.56353 -29.85615 63.07844 45.56353 -29.85615 63.07844 45.56353 -29.85615 63.07844 45.56353 -29.7302 44.86993 43.7524 -29.7302 44.86993 43.7524 -29.7302 44.86993 43.7524 -29.7302 44.86993 43.7524 -29.7302 44.86993 43.7524 -29.7302 44.86993 43.7524 -29.79315 53.79675 45.71982 -29.79315 53.79675 45.71982 -29.79315 53.79675 45.71982 -29.79315 53.79675 45.71982 -29.79315 53.79675 45.71982 1.208024 59.53508 44.70693 1.208024 59.53508 44.70693 1.208024 59.53508 44.70693 0.8786514 46.38934 44.01516 0.8786514 46.38934 44.01516 0.8786514 46.38934 44.01516 31.80571 52.61318 45.96227 31.80571 52.61318 45.96227 31.80571 52.61318 45.96227 13.12613 61.87465 44.88502 13.12613 61.87465 44.88502 13.12613 61.87465 44.88502 13.12613 61.87465 44.88502 13.12613 61.87465 44.88502 13.14385 43.64209 43.93569 13.14385 43.64209 43.93569 13.14385 43.64209 43.93569 13.14385 43.64209 43.93569 13.14385 43.64209 43.93569 13.14385 43.64209 43.93569 13.14385 43.64209 43.93569 1.043337 52.71379 45.84765 1.043337 52.71379 45.84765 1.043337 52.71379 45.84765 1.043337 52.71379 45.84765 1.043337 52.71379 45.84765 13.13498 52.50994 45.89696 13.13498 52.50994 45.89696 13.13498 52.50994 45.89696 13.13498 52.50994 45.89696 13.13498 52.50994 45.89696 13.13498 52.50994 45.89696 13.13498 52.50994 45.89696 25.26461 43.48315 43.95988 25.26461 43.48315 43.95988 25.26461 43.48315 43.95988 25.26461 43.48315 43.95988 25.01246 61.82975 44.91014 25.01246 61.82975 44.91014 25.01246 61.82975 44.91014 25.01246 61.82975 44.91014 25.01246 61.82975 44.91014 25.01246 61.82975 44.91014 25.13852 52.40802 45.92161 25.13852 52.40802 45.92161 25.13852 52.40802 45.92161 25.13852 52.40802 45.92161 25.13852 52.40802 45.92161 -36.4611 53.73855 46.0209 -36.4611 53.73855 46.0209 -36.4611 53.73855 46.0209 -5.912366 46.42442 44.02386 -5.912366 46.42442 44.02386 -5.912366 46.42442 44.02386 -5.492612 59.56109 44.7014 -5.492612 59.56109 44.7014 -5.492612 59.56109 44.7014 -17.84538 44.28612 44.82554 -17.84538 44.28612 44.82554 -17.84538 44.28612 44.82554 -17.84538 44.28612 44.82554 -17.84538 44.28612 44.82554 -17.73771 62.6591 44.92647 -17.73771 62.6591 44.92647 -17.73771 62.6591 44.92647 -17.73771 62.6591 44.92647 -17.73771 62.6591 44.92647 -17.73771 62.6591 44.92647 -17.73771 62.6591 44.92647 -5.702492 52.74433 45.84924 -5.702492 52.74433 45.84924 -5.702492 52.74433 45.84924 -5.702492 52.74433 45.84924 -5.702492 52.74433 45.84924 -17.79154 53.29515 45.93787 -17.79154 53.29515 45.93787 -17.79154 53.29515 45.93787 -17.79154 53.29515 45.93787 -17.79154 53.29515 45.93787 -17.79154 53.29515 45.93787 -17.79154 53.29515 45.93787 -29.85615 63.17498 44.98581 -29.85615 63.17498 44.98581 -29.85615 63.17498 44.98581 -29.85615 63.17498 44.98581 -29.7302 44.82452 44.02417 -29.7302 44.82452 44.02417 -29.7302 44.82452 44.02417 -29.7302 44.82452 44.02417 -29.7302 44.82452 44.02417 -29.7302 44.82452 44.02417 -29.79315 53.75133 45.9916 -29.79315 53.75133 45.9916 -29.79315 53.75133 45.9916 -29.79315 53.75133 45.9916 -29.79315 53.75133 45.9916 -18.51425 39.61167 24.54863 -18.51425 39.61167 24.54863 -18.51425 39.61167 24.54863 -18.59473 25.81172 24.54863 -18.59473 25.81172 24.54863 -18.59473 25.81172 24.54863 20.26634 24.979 24.54863 20.26634 24.979 24.54863 20.26634 24.979 24.54863 20.73765 38.63069 24.54863 20.73765 38.63069 24.54863 20.73765 38.63069 24.54863 -18.51425 39.61167 30.54999 -18.51425 39.61167 30.54999 -18.51425 39.61167 30.54999 -18.51425 39.61167 30.54999 -18.51425 39.61167 30.54999 -18.59473 25.81172 30.54999 -18.59473 25.81172 30.54999 -18.59473 25.81172 30.54999 -18.59473 25.81172 30.54999 20.26634 24.979 30.54999 20.26634 24.979 30.54999 20.26634 24.979 30.54999 20.26634 24.979 30.54999 20.26634 24.979 30.54999 20.73765 38.63069 30.54999 20.73765 38.63069 30.54999 20.73765 38.63069 30.54999 20.73765 38.63069 30.54999 11.43316 39.17144 12.31015 11.43316 39.17144 12.31015 11.43316 39.17144 12.31015 20.72429 39.31779 12.31015 20.72429 39.31779 12.31015 20.72429 39.31779 12.31015 20.72429 39.31779 12.31015 11.02152 -2.561745 12.31015 11.02152 -2.561745 12.31015 11.02152 -2.561745 12.31015 20.12175 -2.680077 12.31015 20.12175 -2.680077 12.31015 11.43316 39.17144 24.56505 11.43316 39.17144 24.56505 11.43316 39.17144 24.56505 11.43316 39.17144 24.56505 11.43316 39.17144 24.56505 20.72429 39.3178 24.56505 20.72429 39.3178 24.56505 20.72429 39.3178 24.56505 11.02152 -2.561743 24.56506 11.02152 -2.561743 24.56506 11.02152 -2.561743 24.56506 11.02152 -2.561743 24.56506 20.12175 -2.680075 24.56506 20.12175 -2.680075 24.56506 20.12175 -2.680075 24.56506 20.12175 -2.680075 24.56506 20.12175 -2.680075 24.56506 20.12175 -2.680075 24.56506 -12.22306 39.31779 12.50933 -12.22306 39.31779 12.50933 -12.22306 39.31779 12.50933 -18.53132 39.17144 12.50933 -18.53132 39.17144 12.50933 -18.53132 39.17144 12.50933 -18.94296 -2.561745 12.50933 -18.94296 -2.561745 12.50933 -18.94296 -2.561745 12.50933 -12.8256 -2.680077 12.50933 -12.8256 -2.680077 12.50933 -12.8256 -2.680077 12.50933 -12.22306 39.3178 24.76424 -12.22306 39.3178 24.76424 -12.22306 39.3178 24.76424 -12.22306 39.3178 24.76424 -18.53132 39.17144 24.76424 -18.53132 39.17144 24.76424 -18.53132 39.17144 24.76424 -18.53132 39.17144 24.76424 -18.53132 39.17144 24.76424 -18.94296 -2.561743 24.76424 -18.94296 -2.561743 24.76424 -18.94296 -2.561743 24.76424 -18.94296 -2.561743 24.76424 -12.8256 -2.680075 24.76424 -12.8256 -2.680075 24.76424 -12.8256 -2.680075 24.76424 -12.8256 -2.680075 24.76424 -12.8256 -2.680075 24.76424 1.737715 18.9254 12.85902 1.737715 18.9254 12.85902 1.737715 18.9254 12.85902 -6.718083 13.437 12.85902 -6.718083 13.437 12.85902 -6.718083 13.437 12.85902 -4.483964 19.25295 12.85902 -4.483964 19.25295 12.85902 -4.483964 19.25295 12.85902 -4.483964 19.25295 12.85902 -1.877165 9.515016 12.85902 -1.877165 9.515016 12.85902 3.348786 12.90703 12.85902 3.348786 12.90703 12.85902 3.348786 12.90703 12.85902 -1.891775 9.537526 39.77367 -1.891775 9.537526 39.77367 -1.891775 9.537526 39.77367 -1.891775 9.537526 39.77367 -1.891775 9.537526 39.77367 -1.891775 9.537526 39.77367 -1.891775 9.537526 39.77367 -6.732693 13.45951 39.77367 -6.732693 13.45951 39.77367 -6.732693 13.45951 39.77367 -6.732693 13.45951 39.77367 -6.732693 13.45951 39.77367 3.334178 12.92954 39.77367 3.334178 12.92954 39.77367 3.334178 12.92954 39.77367 3.334178 12.92954 39.77367 3.334178 12.92954 39.77367 3.334178 12.92954 39.77367 3.334178 12.92954 39.77367 -4.498573 19.27546 39.77366 -4.498573 19.27546 39.77366 -4.498573 19.27546 39.77366 -4.498573 19.27546 39.77366 -4.498573 19.27546 39.77366 1.723106 18.94792 39.77367 1.723106 18.94792 39.77367 1.723106 18.94792 39.77367 1.723106 18.94792 39.77367 1.723106 18.94792 39.77367 1.723106 18.94792 39.77367 -1.888888 8.848 48.76499 -1.888888 8.848 48.76499 -1.888888 8.848 48.76499 -1.888888 8.848 48.76499 -1.888888 8.848 48.76499 -4.83618 19.85788 48.76499 -4.83618 19.85788 48.76499 -4.83618 19.85788 48.76499 -4.83618 19.85788 48.76499 -4.83618 19.85788 48.76499 -7.362115 13.28227 48.76499 -7.362115 13.28227 48.76499 -7.362115 13.28227 48.76499 -7.362115 13.28227 48.76499 -7.362115 13.28227 48.76499 -7.362115 13.28227 48.76499 4.019666 12.68307 48.76499 4.019666 12.68307 48.76499 4.019666 12.68307 48.76499 4.019666 12.68307 48.76499 2.198161 19.48755 48.76499 2.198161 19.48755 48.76499 2.198161 19.48755 48.76499 2.198161 19.48755 48.76499 2.198161 19.48755 48.76499 -1.42589 14.84529 48.83016 -1.42589 14.84529 48.83016 -1.42589 14.84529 48.83016 -1.42589 14.84529 48.83016 -1.42589 14.84529 48.83016 -23.40633 -22.25245 -13.88731 -23.40633 -22.25245 -13.88731 -23.40633 -22.25245 -13.88731 -23.40633 -22.25245 -13.88731 -23.40633 -22.25245 -13.88731 -23.40633 -22.25245 -13.88731 -19.73341 -23.64288 -9.168303 -19.73341 -23.64288 -9.168303 -19.73341 -23.64288 -9.168303 -19.73341 -23.64288 -9.168303 -19.73341 -23.64288 -9.168303 -23.1678 -22.31254 -4.545843 -23.1678 -22.31254 -4.545843 -23.1678 -22.31254 -4.545843 -23.1678 -22.31254 -4.545843 -23.1678 -22.31254 -4.545843 -23.1678 -22.31254 -4.545843 -26.99192 -23.70782 -9.208495 -26.99192 -23.70782 -9.208495 -26.99192 -23.70782 -9.208495 -26.99192 -23.70782 -9.208495 -26.99192 -23.70782 -9.208495 -22.91645 -38.8068 -2.039828 -22.91645 -38.8068 -2.039828 -22.91645 -38.8068 -2.039828 -22.91645 -38.8068 -2.039828 -22.91645 -38.8068 -2.039828 -22.91645 -38.8068 -2.039828 -23.28912 -38.71292 -16.63248 -23.28912 -38.71292 -16.63248 -23.28912 -38.71292 -16.63248 -23.28912 -38.71292 -16.63248 -23.28912 -38.71292 -16.63248 -23.28912 -38.71292 -16.63248 -23.28912 -38.71292 -16.63248 -23.28912 -38.71292 -16.63248 -15.79147 -38.69195 -8.905407 -15.79147 -38.69195 -8.905407 -30.68547 -38.8314 -9.661313 -30.68547 -38.8314 -9.661313 -30.68547 -38.8314 -9.661313 -30.68547 -38.8314 -9.661313 -22.80822 -59.75988 -4.903076 -22.80822 -59.75988 -4.903076 -22.80822 -59.75988 -4.903076 -22.80822 -59.75988 -4.903076 -22.80822 -59.75988 -4.903076 -22.85598 -58.31677 -12.90499 -22.85598 -58.31677 -12.90499 -22.85598 -58.31677 -12.90499 -22.85598 -58.31677 -12.90499 -19.47877 -58.30806 -9.424448 -19.47877 -58.30806 -9.424448 -19.47877 -58.30806 -9.424448 -19.47877 -58.30806 -9.424448 -26.51797 -58.3711 -9.453523 -26.51797 -58.3711 -9.453523 -26.51797 -58.3711 -9.453523 -26.51797 -58.3711 -9.453523 -26.51797 -58.3711 -9.453523 -23.3745 -23.69717 -5.65978 -23.3745 -23.69717 -5.65978 -23.3745 -23.69717 -5.65978 -23.3745 -23.69717 -5.65978 -18.60671 -22.23904 -8.940833 -18.60671 -22.23904 -8.940833 -18.60671 -22.23904 -8.940833 -18.60671 -22.23904 -8.940833 -18.60671 -22.23904 -8.940833 -23.22103 -23.65186 -12.76262 -23.22103 -23.65186 -12.76262 -23.22103 -23.65186 -12.76262 -23.22103 -23.65186 -12.76262 -28.14111 -22.3283 -9.424712 -28.14111 -22.3283 -9.424712 -28.14111 -22.3283 -9.424712 -28.14111 -22.3283 -9.424712 -28.14111 -22.3283 -9.424712 -28.14111 -22.3283 -9.424712 -23.01495 -58.3608 -6.01703 -23.01495 -58.3608 -6.01703 -23.01495 -58.3608 -6.01703 -23.01495 -58.3608 -6.01703 -23.01495 -58.3608 -6.01703 -18.35207 -59.68805 -9.196985 -18.35207 -59.68805 -9.196985 -18.35207 -59.68805 -9.196985 -18.35207 -59.68805 -9.196985 -18.35207 -59.68805 -9.196985 -18.35207 -59.68805 -9.196985 -23.04129 -59.70117 -14.02967 -23.04129 -59.70117 -14.02967 -23.04129 -59.70117 -14.02967 -23.04129 -59.70117 -14.02967 -23.04129 -59.70117 -14.02967 -23.04129 -59.70117 -14.02967 -27.66714 -59.77527 -9.669717 -27.66714 -59.77527 -9.669717 -27.66714 -59.77527 -9.669717 -27.66714 -59.77527 -9.669717 -27.66714 -59.77527 -9.669717 -27.66714 -59.77527 -9.669717 21.08896 111.7829 -12.79205 21.08896 111.7829 -12.79205 21.08896 111.7829 -12.79205 21.08896 111.7829 -12.79205 21.08896 111.7829 -12.79205 21.08896 111.7829 -12.79205 21.08896 111.7829 -12.79205 24.76187 110.3925 -8.073045 24.76187 110.3925 -8.073045 24.76187 110.3925 -8.073045 24.76187 110.3925 -8.073045 24.76187 110.3925 -8.073045 24.76187 110.3925 -8.073045 21.32748 111.7228 -3.450592 21.32748 111.7228 -3.450592 21.32748 111.7228 -3.450592 21.32748 111.7228 -3.450592 21.32748 111.7228 -3.450592 21.32748 111.7228 -3.450592 21.32748 111.7228 -3.450592 17.50336 110.3275 -8.113237 17.50336 110.3275 -8.113237 17.50336 110.3275 -8.113237 17.50336 110.3275 -8.113237 17.50336 110.3275 -8.113237 17.50336 110.3275 -8.113237 21.57883 95.22856 -0.9445778 21.57883 95.22856 -0.9445778 21.57883 95.22856 -0.9445778 21.57883 95.22856 -0.9445778 21.57883 95.22856 -0.9445778 21.57883 95.22856 -0.9445778 21.57883 95.22856 -0.9445778 21.20616 95.32244 -15.53722 21.20616 95.32244 -15.53722 21.20616 95.32244 -15.53722 21.20616 95.32244 -15.53722 21.20616 95.32244 -15.53722 21.20616 95.32244 -15.53722 21.20616 95.32244 -15.53722 21.20616 95.32244 -15.53722 21.20616 95.32244 -15.53722 28.70382 95.34341 -7.810149 28.70382 95.34341 -7.810149 28.70382 95.34341 -7.810149 28.70382 95.34341 -7.810149 28.70382 95.34341 -7.810149 13.80982 95.20396 -8.566054 13.80982 95.20396 -8.566054 13.80982 95.20396 -8.566054 21.68706 74.27548 -3.807826 21.68706 74.27548 -3.807826 21.68706 74.27548 -3.807826 21.68706 74.27548 -3.807826 21.68706 74.27548 -3.807826 21.68706 74.27548 -3.807826 21.6393 75.71859 -11.80973 21.6393 75.71859 -11.80973 21.6393 75.71859 -11.80973 21.6393 75.71859 -11.80973 21.6393 75.71859 -11.80973 25.01651 75.72729 -8.329197 25.01651 75.72729 -8.329197 25.01651 75.72729 -8.329197 25.01651 75.72729 -8.329197 25.01651 75.72729 -8.329197 17.97731 75.66426 -8.358273 17.97731 75.66426 -8.358273 17.97731 75.66426 -8.358273 17.97731 75.66426 -8.358273 17.97731 75.66426 -8.358273 17.97731 75.66426 -8.358273 21.12078 110.3382 -4.564529 21.12078 110.3382 -4.564529 21.12078 110.3382 -4.564529 21.12078 110.3382 -4.564529 21.12078 110.3382 -4.564529 25.88857 111.7963 -7.845582 25.88857 111.7963 -7.845582 25.88857 111.7963 -7.845582 25.88857 111.7963 -7.845582 25.88857 111.7963 -7.845582 25.88857 111.7963 -7.845582 25.88857 111.7963 -7.845582 21.27426 110.3835 -11.66737 21.27426 110.3835 -11.66737 21.27426 110.3835 -11.66737 21.27426 110.3835 -11.66737 21.27426 110.3835 -11.66737 16.35418 111.7071 -8.329454 16.35418 111.7071 -8.329454 16.35418 111.7071 -8.329454 16.35418 111.7071 -8.329454 16.35418 111.7071 -8.329454 16.35418 111.7071 -8.329454 21.48033 75.67456 -4.921779 21.48033 75.67456 -4.921779 21.48033 75.67456 -4.921779 21.48033 75.67456 -4.921779 21.48033 75.67456 -4.921779 21.48033 75.67456 -4.921779 26.14321 74.3473 -8.101734 26.14321 74.3473 -8.101734 26.14321 74.3473 -8.101734 26.14321 74.3473 -8.101734 26.14321 74.3473 -8.101734 26.14321 74.3473 -8.101734 26.14321 74.3473 -8.101734 26.14321 74.3473 -8.101734 21.45399 74.33419 -12.93441 21.45399 74.33419 -12.93441 21.45399 74.33419 -12.93441 21.45399 74.33419 -12.93441 21.45399 74.33419 -12.93441 21.45399 74.33419 -12.93441 21.45399 74.33419 -12.93441 16.82814 74.26008 -8.574459 16.82814 74.26008 -8.574459 16.82814 74.26008 -8.574459 16.82814 74.26008 -8.574459 16.82814 74.26008 -8.574459 16.82814 74.26008 -8.574459 -23.40633 111.7829 -13.5974 -23.40633 111.7829 -13.5974 -23.40633 111.7829 -13.5974 -23.40633 111.7829 -13.5974 -23.40633 111.7829 -13.5974 -23.40633 111.7829 -13.5974 -19.73341 110.3925 -8.878389 -19.73341 110.3925 -8.878389 -19.73341 110.3925 -8.878389 -19.73341 110.3925 -8.878389 -19.73341 110.3925 -8.878389 -23.1678 111.7228 -4.255928 -23.1678 111.7228 -4.255928 -23.1678 111.7228 -4.255928 -23.1678 111.7228 -4.255928 -23.1678 111.7228 -4.255928 -23.1678 111.7228 -4.255928 -26.99192 110.3275 -8.918588 -26.99192 110.3275 -8.918588 -26.99192 110.3275 -8.918588 -26.99192 110.3275 -8.918588 -26.99192 110.3275 -8.918588 -22.91645 95.22856 -1.749921 -22.91645 95.22856 -1.749921 -22.91645 95.22856 -1.749921 -22.91645 95.22856 -1.749921 -22.91645 95.22856 -1.749921 -22.91645 95.22856 -1.749921 -23.28912 95.32244 -16.34258 -23.28912 95.32244 -16.34258 -23.28912 95.32244 -16.34258 -23.28912 95.32244 -16.34258 -23.28912 95.32244 -16.34258 -23.28912 95.32244 -16.34258 -23.28912 95.32244 -16.34258 -23.28912 95.32244 -16.34258 -15.79146 95.34341 -8.615492 -15.79146 95.34341 -8.615492 -30.68546 95.20396 -9.371405 -30.68546 95.20396 -9.371405 -30.68546 95.20396 -9.371405 -30.68546 95.20396 -9.371405 -22.80821 74.27548 -4.61317 -22.80821 74.27548 -4.61317 -22.80821 74.27548 -4.61317 -22.80821 74.27548 -4.61317 -22.80821 74.27548 -4.61317 -22.85598 75.71859 -12.61508 -22.85598 75.71859 -12.61508 -22.85598 75.71859 -12.61508 -22.85598 75.71859 -12.61508 -19.47877 75.72729 -9.134541 -19.47877 75.72729 -9.134541 -19.47877 75.72729 -9.134541 -19.47877 75.72729 -9.134541 -26.51797 75.66426 -9.163609 -26.51797 75.66426 -9.163609 -26.51797 75.66426 -9.163609 -26.51797 75.66426 -9.163609 -26.51797 75.66426 -9.163609 -23.3745 110.3382 -5.369873 -23.3745 110.3382 -5.369873 -23.3745 110.3382 -5.369873 -23.3745 110.3382 -5.369873 -18.60671 111.7963 -8.650926 -18.60671 111.7963 -8.650926 -18.60671 111.7963 -8.650926 -18.60671 111.7963 -8.650926 -18.60671 111.7963 -8.650926 -23.22102 110.3835 -12.47271 -23.22102 110.3835 -12.47271 -23.22102 110.3835 -12.47271 -23.22102 110.3835 -12.47271 -28.14111 111.7071 -9.134805 -28.14111 111.7071 -9.134805 -28.14111 111.7071 -9.134805 -28.14111 111.7071 -9.134805 -28.14111 111.7071 -9.134805 -28.14111 111.7071 -9.134805 -23.01495 75.67456 -5.727122 -23.01495 75.67456 -5.727122 -23.01495 75.67456 -5.727122 -23.01495 75.67456 -5.727122 -23.01495 75.67456 -5.727122 -18.35207 74.3473 -8.907077 -18.35207 74.3473 -8.907077 -18.35207 74.3473 -8.907077 -18.35207 74.3473 -8.907077 -18.35207 74.3473 -8.907077 -18.35207 74.3473 -8.907077 -23.04129 74.33419 -13.73976 -23.04129 74.33419 -13.73976 -23.04129 74.33419 -13.73976 -23.04129 74.33419 -13.73976 -23.04129 74.33419 -13.73976 -23.04129 74.33419 -13.73976 -27.66714 74.26008 -9.379802 -27.66714 74.26008 -9.379802 -27.66714 74.26008 -9.379802 -27.66714 74.26008 -9.379802 -27.66714 74.26008 -9.379802 -27.66714 74.26008 -9.379802 21.08896 -22.25245 -13.08196 21.08896 -22.25245 -13.08196 21.08896 -22.25245 -13.08196 21.08896 -22.25245 -13.08196 21.08896 -22.25245 -13.08196 21.08896 -22.25245 -13.08196 21.08896 -22.25245 -13.08196 24.76187 -23.64287 -8.362952 24.76187 -23.64287 -8.362952 24.76187 -23.64287 -8.362952 24.76187 -23.64287 -8.362952 24.76187 -23.64287 -8.362952 24.76187 -23.64287 -8.362952 21.32748 -22.31254 -3.740491 21.32748 -22.31254 -3.740491 21.32748 -22.31254 -3.740491 21.32748 -22.31254 -3.740491 21.32748 -22.31254 -3.740491 21.32748 -22.31254 -3.740491 21.32748 -22.31254 -3.740491 17.50336 -23.70782 -8.403151 17.50336 -23.70782 -8.403151 17.50336 -23.70782 -8.403151 17.50336 -23.70782 -8.403151 17.50336 -23.70782 -8.403151 17.50336 -23.70782 -8.403151 21.57883 -38.8068 -1.234484 21.57883 -38.8068 -1.234484 21.57883 -38.8068 -1.234484 21.57883 -38.8068 -1.234484 21.57883 -38.8068 -1.234484 21.57883 -38.8068 -1.234484 21.57883 -38.8068 -1.234484 21.20616 -38.71292 -15.82713 21.20616 -38.71292 -15.82713 21.20616 -38.71292 -15.82713 21.20616 -38.71292 -15.82713 21.20616 -38.71292 -15.82713 21.20616 -38.71292 -15.82713 21.20616 -38.71292 -15.82713 21.20616 -38.71292 -15.82713 21.20616 -38.71292 -15.82713 28.70382 -38.69195 -8.100056 28.70382 -38.69195 -8.100056 28.70382 -38.69195 -8.100056 28.70382 -38.69195 -8.100056 28.70382 -38.69195 -8.100056 13.80982 -38.8314 -8.855969 13.80982 -38.8314 -8.855969 13.80982 -38.8314 -8.855969 21.68707 -59.75988 -4.097725 21.68707 -59.75988 -4.097725 21.68707 -59.75988 -4.097725 21.68707 -59.75988 -4.097725 21.68707 -59.75988 -4.097725 21.68707 -59.75988 -4.097725 21.6393 -58.31676 -12.09964 21.6393 -58.31676 -12.09964 21.6393 -58.31676 -12.09964 21.6393 -58.31676 -12.09964 21.6393 -58.31676 -12.09964 25.01651 -58.30806 -8.619104 25.01651 -58.30806 -8.619104 25.01651 -58.30806 -8.619104 25.01651 -58.30806 -8.619104 25.01651 -58.30806 -8.619104 17.97731 -58.3711 -8.648172 17.97731 -58.3711 -8.648172 17.97731 -58.3711 -8.648172 17.97731 -58.3711 -8.648172 17.97731 -58.3711 -8.648172 17.97731 -58.3711 -8.648172 21.12078 -23.69717 -4.854428 21.12078 -23.69717 -4.854428 21.12078 -23.69717 -4.854428 21.12078 -23.69717 -4.854428 21.12078 -23.69717 -4.854428 25.88857 -22.23904 -8.135481 25.88857 -22.23904 -8.135481 25.88857 -22.23904 -8.135481 25.88857 -22.23904 -8.135481 25.88857 -22.23904 -8.135481 25.88857 -22.23904 -8.135481 25.88857 -22.23904 -8.135481 21.27426 -23.65186 -11.95727 21.27426 -23.65186 -11.95727 21.27426 -23.65186 -11.95727 21.27426 -23.65186 -11.95727 21.27426 -23.65186 -11.95727 16.35417 -22.3283 -8.619368 16.35417 -22.3283 -8.619368 16.35417 -22.3283 -8.619368 16.35417 -22.3283 -8.619368 16.35417 -22.3283 -8.619368 16.35417 -22.3283 -8.619368 21.48034 -58.3608 -5.211678 21.48034 -58.3608 -5.211678 21.48034 -58.3608 -5.211678 21.48034 -58.3608 -5.211678 21.48034 -58.3608 -5.211678 21.48034 -58.3608 -5.211678 26.14322 -59.68805 -8.391633 26.14322 -59.68805 -8.391633 26.14322 -59.68805 -8.391633 26.14322 -59.68805 -8.391633 26.14322 -59.68805 -8.391633 26.14322 -59.68805 -8.391633 26.14322 -59.68805 -8.391633 26.14322 -59.68805 -8.391633 21.454 -59.70116 -13.22433 21.454 -59.70116 -13.22433 21.454 -59.70116 -13.22433 21.454 -59.70116 -13.22433 21.454 -59.70116 -13.22433 21.454 -59.70116 -13.22433 21.454 -59.70116 -13.22433 16.82814 -59.77527 -8.864366 16.82814 -59.77527 -8.864366 16.82814 -59.77527 -8.864366 16.82814 -59.77527 -8.864366 16.82814 -59.77527 -8.864366 16.82814 -59.77527 -8.864366 -0.4297623 -151.7497 17.81342 -0.788644 -155.435 2.890775 -0.788644 -155.435 2.890775 -0.4297623 -147.2176 17.80838 -0.4297623 -147.2176 17.80838 -0.788644 -151.0317 1.817456 -1.918482 -155.3575 2.838339 -2.277363 -147.13 17.77568 -1.918482 -150.9543 1.765027 -1.918482 -150.9543 1.765027 -2.277363 -151.6621 17.78073 -2.277363 -151.6621 17.78073 -0.7232117 -176.3262 16.26921 -0.968093 -178.0317 8.994914 -0.968093 -178.0317 8.994914 -0.7232117 -173.2337 16.26576 -0.7232117 -173.2337 16.26576 -0.968093 -175.0272 8.262537 -1.739032 -177.9789 8.959132 -1.983913 -173.174 16.24345 -1.739032 -174.9744 8.226756 -1.739032 -174.9744 8.226756 -1.983913 -176.2665 16.2469 -1.983913 -176.2665 16.2469 -16.93424 91.58336 -9.224753 -16.93424 91.58336 -9.224753 -16.93424 91.58336 -9.224753 -16.93424 91.58336 -9.224753 -16.93424 91.58336 -9.224753 -16.93424 91.58336 -9.224753 -14.02 112.1063 -9.224802 -14.02 112.1063 -9.224802 -14.02 112.1063 -9.224802 -14.02 112.1063 -9.224802 -14.02 112.1063 -9.224802 -14.02 112.1063 -9.224802 12.39523 112.1063 -9.224802 12.39523 112.1063 -9.224802 12.39523 112.1063 -9.224802 12.39523 112.1063 -9.224802 12.39523 112.1063 -9.224802 12.39523 112.1063 -9.224802 15.30948 91.58338 -9.224745 15.30948 91.58338 -9.224745 15.30948 91.58338 -9.224745 15.30948 91.58338 -9.224745 10.86858 127.1033 17.16903 10.86858 127.1033 17.16903 10.86858 127.1033 17.16903 10.86858 127.1033 17.16903 -9.382356 127.1033 17.16903 -9.382356 127.1033 17.16903 -9.382356 127.1033 17.16903 40.50234 107.4469 17.16913 40.50234 107.4469 17.16913 40.50234 107.4469 17.16913 40.50234 107.4469 17.16913 40.50234 107.4469 17.16913 40.50234 107.4469 17.16913 40.50234 107.4469 17.16913 40.50234 107.4469 17.16913 35.0811 -110.8676 17.16927 35.0811 -110.8676 17.16927 35.0811 -110.8676 17.16927 35.0811 -110.8676 17.16927 35.0811 -110.8676 17.16927 35.0811 -110.8676 17.16927 35.0811 -110.8676 17.16927 35.0811 -110.8676 17.16927 15.30951 -89.6521 -9.224675 15.30951 -89.6521 -9.224675 15.30951 -89.6521 -9.224675 15.30951 -89.6521 -9.224675 15.30951 -89.6521 -9.224675 15.30951 -89.6521 -9.224675 15.30951 -89.6521 -9.224675 -38.04209 107.4469 17.16913 -38.04209 107.4469 17.16913 -38.04209 107.4469 17.16913 -38.04209 107.4469 17.16913 -38.04209 107.4469 17.16913 -38.04209 107.4469 17.16913 -38.04209 107.4469 17.16913 -38.04209 107.4469 17.16913 -38.04209 107.4469 17.16913 -38.04209 107.4469 17.16913 -37.44075 -110.8677 17.16927 -37.44075 -110.8677 17.16927 -37.44075 -110.8677 17.16927 -37.44075 -110.8677 17.16927 -37.44075 -110.8677 17.16927 -37.44075 -110.8677 17.16927 -37.44075 -110.8677 17.16927 -37.44075 -110.8677 17.16927 -16.93422 -89.65215 -9.224675 -16.93422 -89.65215 -9.224675 -16.93422 -89.65215 -9.224675 -16.93422 -89.65215 -9.224675 -16.93422 -89.65215 -9.224675 -16.93422 -89.65215 -9.224675 7.904007 127.1033 -9.224849 7.904007 127.1033 -9.224849 7.904007 127.1033 -9.224849 -6.410699 127.1033 -9.224857 -6.410699 127.1033 -9.224857 0.7181659 -147.3944 16.20566 0.7181659 -147.3944 16.20566 0.7181659 -147.3944 16.20566 0.7181659 -147.3944 16.20566 0.7181659 -147.3944 16.20566 1.090445 -147.3944 16.20566 1.090445 -147.3944 16.20566 1.090445 -147.3944 16.20566 1.090445 -147.3944 16.20566 1.090445 -147.3944 16.95424 1.090445 -147.3944 16.95424 1.090445 -147.3944 16.95424 1.090445 -147.3944 16.95424 1.090445 -147.3944 16.95424 4.614869 -146.0349 17.16927 4.614869 -146.0349 17.16927 4.614869 -146.0349 17.16927 4.614869 -146.0349 17.16927 4.614869 -146.0349 17.16927 4.614869 -146.0349 17.16927 4.614869 -146.0349 17.16927 0.7181659 -147.3944 16.95424 0.7181659 -147.3944 16.95424 0.7181659 -147.3944 16.95424 -16.21061 99.94483 12.76114 -16.21061 99.94483 12.76114 -16.21061 99.94483 12.76114 -16.21061 99.94483 12.76114 -16.21059 -92.36353 12.7612 -16.21059 -92.36353 12.7612 -16.21059 -92.36353 12.7612 -16.21059 -92.36353 12.7612 -16.21059 -92.36353 12.7612 18.22507 -92.36347 12.7612 18.22507 -92.36347 12.7612 18.22507 -92.36347 12.7612 18.22507 -92.36347 12.7612 18.22507 -92.36347 12.7612 18.22505 99.9449 12.76114 18.22505 99.9449 12.76114 18.22505 99.9449 12.76114 18.22505 99.9449 12.76114 -2.806272 -146.0349 17.16927 -2.806272 -146.0349 17.16927 -2.806272 -146.0349 17.16927 -2.806272 -146.0349 17.16927 -2.806272 -146.0349 17.16927 -2.806272 -146.0349 17.16927 -2.806272 -146.0349 17.16927 14.45074 -33.1389 -8.377346 14.45074 -33.1389 -8.377346 14.4275 -91.07035 -8.241826 14.4275 -91.07035 -8.241826 14.4275 -91.07035 -8.241826 10.43778 91.61643 -8.727545 14.6283 91.61643 -8.361563 14.60966 91.61644 -8.366866 14.60966 91.61644 -8.366866 14.46556 -93.14321 -8.230366 14.46556 -93.14321 -8.230366 14.46556 -93.14321 -8.230366 14.53288 -33.1389 -8.37959 14.58014 -33.1389 -8.374325 14.58014 -33.1389 -8.374325 14.58014 -33.1389 -8.374325 -13.72794 -89.72147 -8.598179 -13.72794 -89.72147 -8.598179 -13.72794 -89.72147 -8.598179 14.46198 104.5607 -8.22329 14.48909 91.61644 -8.371916 14.48909 91.61644 -8.371916 14.48909 91.61644 -8.371916 14.48909 91.61644 -8.371916 14.48909 91.61644 -8.371916 14.48909 91.61628 -8.032423 14.48909 91.61628 -8.032423 -13.62301 -33.1389 -8.733838 -12.33717 -89.72147 -8.598179 -12.33717 -89.72147 -8.598179 12.2393 99.86698 -8.500152 12.2393 99.86698 -8.500152 12.2393 99.86698 -8.500152 11.51184 91.61643 -8.726622 0.570079 -126.1571 -8.746101 0.570079 -126.1571 -8.746101 0.570079 -126.1571 -8.746101 0.570079 -126.1571 -8.746101 0.570079 -126.1571 -8.746101 0.570079 -126.1571 -8.746101 0.570079 -126.1571 -8.746101 0.570079 -126.1571 -8.746101 0.570079 -126.1571 -8.746101 -14.6036 -93.14169 -8.596348 -14.6036 -93.14169 -8.596348 -14.6036 -93.14169 -8.596348 -14.6036 -93.14169 -8.596348 -14.77312 -33.1389 -8.726239 -14.77312 -33.1389 -8.726239 -14.6036 -93.1417 -8.582661 -14.6036 -93.1417 -8.582661 -14.6036 -93.1417 -8.582661 -14.6036 -93.1417 -8.582661 14.51474 -93.14347 -8.221913 14.51474 -93.14347 -8.221913 14.51474 -93.14347 -8.221913 14.62521 -33.1389 -8.361508 14.62521 -33.1389 -8.361508 14.62521 -33.1389 -8.361508 14.50922 -93.18775 -7.973499 14.50922 -93.18775 -7.973499 14.61832 -33.13906 -8.113095 -14.65553 -33.1389 -8.721554 -14.65553 -33.1389 -8.721554 -14.65553 -33.1389 -8.721554 14.48542 -33.1389 -8.371869 14.48542 -33.1389 -8.371869 12.93819 -93.14266 -8.588627 14.48542 -33.13899 -8.232068 14.48542 -33.13899 -8.232068 14.48542 -33.13899 -8.232068 0.570079 -125.6538 -8.074981 0.570079 -125.6538 -8.074981 -14.6036 -92.63835 -7.925228 0.7916264 -132.8661 -0.4539693 0.7916264 -132.8661 -0.4539693 0.7916264 -132.8661 -0.4539693 0.7872745 -139.6711 7.672276 0.7872745 -139.6711 7.672276 0.7872745 -139.6711 7.672276 0.7872745 -139.6711 7.672276 0.7872745 -139.6711 7.672276 18.27295 -121.2739 7.672281 18.27295 -121.2739 7.672281 18.27295 -121.2739 7.672281 18.27295 -121.2739 7.672281 18.27295 -121.2739 7.672281 11.60719 -121.2701 -0.4550771 11.60719 -121.2701 -0.4550771 11.60719 -121.2701 -0.4550771 11.60719 -121.2701 -0.4550771 11.60719 -121.2701 -0.4550771 11.60719 -121.2701 -0.4550771 -18.78076 -121.2739 7.672281 -18.78076 -121.2739 7.672281 -18.78076 -121.2739 7.672281 -18.78076 -121.2739 7.672281 -11.58745 -121.2696 -0.4542226 -11.58745 -121.2696 -0.4542226 -11.58745 -121.2696 -0.4542226 -11.58745 -121.2696 -0.4542226 -11.58745 -121.2696 -0.4542226 -11.58745 -121.2696 -0.4542226 -11.58745 -121.2696 -0.4542226 0.6127087 -82.68117 88.56747 0.6127087 -82.68117 88.56747 0.6127087 -82.68117 88.56747 0.6127087 -82.68117 88.56747 -0.6768494 -82.41989 10.54565 -0.6768494 -82.41989 10.54565 -0.6768494 -82.41989 10.54565 -0.6768494 -82.41989 10.54565 -3.070587 -85.36769 10.63651 -3.070587 -85.36769 10.63651 -3.070587 -85.36769 10.63651 -3.070587 -85.36769 10.63651 -3.287986 -82.96315 88.57122 -3.287986 -82.96315 88.57122 -3.287986 -82.96315 88.57122 -3.287986 -82.96315 88.57122 -0.8543183 -79.966 88.48184 -0.8543183 -79.966 88.48184 -0.8543183 -79.966 88.48184 -0.8543183 -79.966 88.48184 0.7659148 -85.09047 10.62803 0.7659148 -85.09047 10.62803 0.7659148 -85.09047 10.62803 0.7659148 -85.09047 10.62803 0.6127087 -15.23678 89.26328 0.6127087 -15.23678 89.26328 0.6127087 -15.23678 89.26328 0.6127087 -15.23678 89.26328 0.6127087 52.06542 89.81024 0.6127087 52.06542 89.81024 0.6127087 52.06542 89.81024 0.6127087 52.06542 89.81024 0.7659148 -17.64608 11.32384 0.7659148 -17.64608 11.32384 0.7659148 -17.64608 11.32384 0.7659148 -17.64608 11.32384 -0.6768494 -14.97549 11.24145 -0.6768494 -14.97549 11.24145 -0.6768494 -14.97549 11.24145 -0.6768494 -14.97549 11.24145 -0.8543183 -12.52161 89.17765 -0.8543183 -12.52161 89.17765 -0.8543183 -12.52161 89.17765 -0.8543183 -12.52161 89.17765 -3.287986 -15.51877 89.26703 -3.287986 -15.51877 89.26703 -3.287986 -15.51877 89.26703 -3.287986 -15.51877 89.26703 -3.070587 -17.9233 11.33232 -3.070587 -17.9233 11.33232 -3.070587 -17.9233 11.33232 -3.070587 -17.9233 11.33232 -0.8543183 54.78059 89.7246 -0.8543183 54.78059 89.7246 -0.8543183 54.78059 89.7246 -0.8543183 54.78059 89.7246 0.7659148 49.65612 11.87079 0.7659148 49.65612 11.87079 0.7659148 49.65612 11.87079 -3.287986 51.78344 89.81399 -3.287986 51.78344 89.81399 -3.287986 51.78344 89.81399 -3.287986 51.78344 89.81399 -3.070587 49.3789 11.87928 -3.070587 49.3789 11.87928 -3.070587 49.3789 11.87928 -0.6768494 52.32671 11.78841 -0.6768494 52.32671 11.78841 -0.6768494 52.32671 11.78841</float_array>
          <technique_common>
            <accessor source="#kebenit_Mesh_003-mesh-positions-array" count="2810" stride="3">
              <param name="X" type="float"/>
              <param name="Y" type="float"/>
              <param name="Z" type="float"/>
            </accessor>
          </technique_common>
        </source>
        <source id="kebenit_Mesh_003-mesh-normals">
          <float_array id="kebenit_Mesh_003-mesh-normals-array" count="8184">0.07697522 0.4863504 -0.8703668 -0.2845921 0.3096596 -0.9072587 -0.113353 0.6758394 -0.7282803 -0.03776353 -0.1356341 -0.9900391 0.06444352 -0.2522715 -0.9655083 -0.2716224 -0.3108046 -0.9108359 0.0656985 -0.09679728 -0.9931334 0.02803933 -0.3288968 -0.9439495 -0.04041457 -0.09517431 -0.99464 -0.004519879 0.5631839 -0.8263193 0.013718 0.2286951 -0.9734015 -0.1770872 0.3880791 -0.9044528 -0.08132112 -0.2422076 -0.9668104 0.2829018 -0.06742018 -0.9567764 0.1060374 -0.4647929 -0.879047 0.02107632 0.3030029 -0.9527565 -0.08219707 0.4180286 -0.9047076 0.2466039 0.4598155 -0.8530864 -0.05477696 0.2756662 -0.9596915 -0.01034349 0.5016584 -0.865004 0.05452817 0.2761139 -0.9595769 -0.01903939 -0.2599623 -0.9654311 -0.0349242 0.1162257 -0.9926087 0.1490694 -0.06642472 -0.9865932 0.270709 -0.3134311 0.9102075 -0.07494634 -0.484888 0.8713592 0.1179627 -0.6853732 0.7185739 0.03565812 0.1387731 0.989682 -0.06266045 0.2502759 0.9661448 -0.07150912 0.1419633 0.9872856 -0.02068912 0.3295456 0.9439131 -0.06590312 0.09700578 0.9930995 0.0401721 0.09494739 0.9946715 -0.01440829 -0.228793 0.9733685 0.004929721 -0.56306 0.8264014 0.1770632 -0.3887479 0.9041702 -0.2687642 0.0695914 0.9606887 0.07922303 0.2405899 0.9673885 -0.1099696 0.4768303 0.8720893 -0.01547551 -0.309561 0.9507537 0.07764828 -0.4131732 0.9073361 0.09159827 -0.3105273 0.946141 -7.73415e-4 -0.4923112 0.870419 0.05142664 -0.2787445 0.9589874 -0.05668127 -0.2735654 0.9601819 0.01182144 -0.03223824 0.9994104 -0.001651942 0.3290199 0.9443216 -0.1765106 0.1416754 0.9740494 0.07699424 0.4863424 -0.8703696 0.1968263 0.4385186 -0.8769043 -0.2846102 0.3096596 -0.9072531 -0.03779011 -0.1356458 -0.9900364 0.06940859 -0.1437165 -0.9871819 0.06442385 -0.2522686 -0.9655103 0.05649989 -0.06788396 -0.9960922 -0.007087647 -0.1261011 -0.9919921 0.01125651 -0.2994362 -0.95405 0.01777088 0.4959743 -0.8681553 0.2101395 0.3295687 -0.9204488 0.02617144 0.1506416 -0.988242 -0.08131325 -0.2422038 -0.9668121 -0.2004299 -0.192362 -0.9606377 0.2829234 -0.06740099 -0.9567714 0.02108526 0.3030036 -0.9527562 -0.08616894 0.3150952 -0.9451403 -0.08220285 0.4179977 -0.9047213 -0.03149145 0.201945 -0.9788905 0.03128683 0.2590595 -0.9653545 0.01557505 0.4319728 -0.9017521 -0.01859366 -0.2616223 -0.9649912 -0.2050659 -0.08109527 -0.9753828 -0.02826285 0.1136188 -0.9931224 0.2707189 -0.3134151 0.9102101 -0.2029738 -0.4410909 0.8742086 -0.07492071 -0.4848695 0.8713717 0.03554123 0.138326 0.9897488 0.2839047 0.3163185 0.9051745 -0.06268692 0.2502907 0.9661392 -0.01791554 0.2990273 0.9540764 0.007122635 0.1261286 0.9919884 -0.05568563 0.06702363 0.9961963 -0.03242313 -0.1507562 0.9880391 -0.2106509 -0.3212522 0.9232677 -0.01720553 -0.4958571 0.8682337 -0.2687666 0.06956833 0.9606897 0.2065876 0.1962878 0.9585368 0.07921081 0.2406057 0.9673855 -0.01547986 -0.3095614 0.9507535 -0.2787347 -0.4693259 0.8378785 0.07763791 -0.4131622 0.907342 -0.01340162 -0.4214595 0.9067482 -0.03160488 -0.2593708 0.9652606 0.03071522 -0.2058806 0.9780951 0.01656502 -0.06343561 0.9978485 0.1976087 0.1142991 0.9735947 0.006858587 0.2993786 0.9541098 -0.1609577 -0.2217198 0.9617344 -0.1301622 -0.34049 0.9311951 0.008725941 -0.0401929 0.9991539 0.08498054 -9.52065e-4 0.9963822 0.1116352 0.1238563 0.9860007 0.014382 -0.1597583 0.9870515 0.1502221 0.3073157 -0.9396757 0.03028029 0.05724298 -0.997901 0.1935364 0.08627039 -0.9772928 -0.03100514 -0.1163405 -0.9927253 0.01713925 0.08137947 -0.9965358 -0.1920141 0.1379945 -0.971642 0.08060234 0.280045 -0.9565972 -0.253367 0.05270904 -0.9659333 -0.1125112 0.4866309 -0.8663324 -0.01815676 -0.04456728 -0.9988414 0.06352347 -0.1778575 -0.9820038 -0.2697474 -0.2357161 -0.9336351 -0.1070311 0.1276422 -0.9860283 0.253749 0.08919739 -0.9631486 0.1868743 -0.04755413 -0.9812322 0.1110311 -0.01410013 -0.993717 0.07612532 -0.005441963 -0.9970834 0.07320034 0.06540375 -0.9951705 0.05061739 -0.04773247 -0.9975768 0.05398112 -0.2791388 -0.9587323 -0.04843562 -0.04824489 -0.9976605 -0.02267205 0.3881016 -0.9213378 0.05450147 0.03958588 -0.9977287 -0.1784795 0.2027518 -0.9628276 -0.08703184 -0.1666172 -0.9821732 0.2482063 0.05756723 -0.9669951 0.1021999 -0.385792 -0.9169077 -0.01165461 0.07329946 -0.9972419 -0.09520882 0.2151334 -0.9719327 0.2491091 0.2541529 -0.9345325 0.1476799 0.0181443 -0.9888688 -0.2129861 0.06200534 -0.9750859 -0.1356241 0.1884613 -0.9726707 -0.1095022 0.1236608 -0.9862643 -0.07503676 0.1153377 -0.9904882 -0.07132202 0.04481977 -0.9964459 -0.01466757 0.1350207 -0.9907343 -0.02007633 0.3702776 -0.9287043 0.09712481 0.1456871 -0.9845518 -0.01155263 -0.2169721 -0.9761095 -0.1010026 0.1459107 -0.9841284 0.1465218 -0.02153801 -0.988973 0.2250739 -0.04211932 0.973431 -0.07823294 -0.2683113 0.9601504 0.1199228 -0.4967721 0.8595557 0.01617735 0.07648867 0.9969393 -0.06604588 0.209471 0.9755819 -0.0825265 0.09199512 0.9923338 -0.05373287 0.01352828 0.9984637 -0.07734709 0.01853805 0.996832 -0.0598464 -0.0556184 0.9966569 -0.01090496 0.2866795 0.9579645 -0.03776973 0.03919523 0.9985175 0.04841023 0.04828679 0.9976597 -0.01317173 -0.03298616 0.9993691 0.05693894 -0.3797391 0.9233398 0.1786396 -0.203077 0.9627293 -0.2198825 -0.06926482 0.9730643 0.08424353 0.1536642 0.9845255 -0.1105782 0.3961983 0.911482 0.01944273 -0.1850284 0.9825408 0.1040847 -0.2887623 0.9517262 0.1273128 -0.1780552 0.9757499 0.05395519 -0.1228379 0.990959 0.07745152 -0.1280443 0.9887397 0.05858659 -0.0546509 0.9967853 -0.03772389 -0.3718203 0.927538 0.006626605 -0.1548032 0.9879232 -0.1009272 -0.1409574 0.9848577 0.01659053 -0.07710653 0.9968849 -0.04967808 0.2768991 0.959614 -0.1742238 0.1014235 0.9794689 0.0782265 0.3117964 -0.9469233 0.2137102 0.2503445 -0.9442752 -0.2647865 0.1098254 -0.9580326 -0.02377873 -0.08593815 -0.9960168 0.08141911 -0.09700465 -0.9919481 0.05809873 -0.2140792 -0.9750871 0.05008476 -0.04773002 -0.9976039 -0.005966961 -0.1131253 -0.9935629 0.02722841 -0.2854301 -0.9580128 -0.04680472 0.3835983 -0.9223133 0.1869079 0.2219607 -0.9569739 0.02873271 0.03497499 -0.9989751 -0.08183288 -0.2054055 -0.9752497 -0.2172271 -0.1426888 -0.9656357 0.263639 -0.009689748 -0.9645728 -0.003226757 0.161841 -0.9868116 -0.117969 0.1854553 -0.9755459 -0.08055901 0.2954799 -0.9519464 -0.008327186 0.08221536 -0.9965799 0.031762 0.1439618 -0.9890735 0.009078145 0.3240438 -0.9459986 0.01891762 -0.2694144 -0.9628385 -0.2296113 -0.1047201 -0.9676324 -0.07002812 0.09251999 -0.9932453 0.2235968 -0.05476188 0.9731422 -0.2231425 -0.2373763 0.9454417 -0.08122652 -0.3080478 0.9478971 0.02884215 0.05010676 0.9983274 0.2835949 0.2361791 0.929405 -0.06309902 0.166736 0.9839805 0.1344422 -0.1676148 0.9766425 -0.1250581 0.04411047 0.9911684 -0.2233459 -0.03190821 0.9742169 -0.06326913 0.2766408 0.9588884 0.006013154 0.1130752 0.9935683 -0.04471206 0.04362475 0.998047 -0.06262522 -0.0427832 0.9971197 -0.1869337 -0.2229923 0.9567289 0.00378412 -0.3904573 0.9206134 -0.2212058 -0.05141425 0.973871 0.2270192 0.1270822 0.9655632 0.08481597 0.201614 0.9757859 -0.02012956 -0.08030301 0.9965673 -0.2805711 -0.254042 0.9256039 0.08119535 -0.1964782 0.9771406 -0.1339086 0.06354832 0.9889541 0.1253641 -0.1535814 0.9801514 0.2208204 -0.0787428 0.9721307 0.008918404 -0.3122204 0.9499679 -0.03192234 -0.1441762 0.989037 0.02195411 -0.08830249 0.9958518 0.06455457 -0.06785953 0.9956043 0.1917558 0.1112189 0.9751206 0.002040922 0.2870493 0.9579137 -0.170182 -0.1589341 0.9725113 -0.08255439 -0.3041246 0.9490485 0.02402377 0.002240121 0.9997089 0.1080767 0.02264827 0.9938846 0.09126114 0.1685867 0.9814531 0.02183276 -0.1270985 0.9916498 0.1678193 0.2593445 -0.9510926 0.04217863 -0.02204614 -0.9988669 0.2003704 0.004393815 -0.9797104 -0.02768766 -0.2068555 -0.9779797 0.01021558 0.02181541 -0.9997099 -0.1972941 0.08311426 -0.9768148 0.225074 -0.04211872 0.9734309 -0.07823276 -0.2683107 0.9601506 0.1199229 -0.4967716 0.859556 0.01617795 0.07648843 0.9969393 -0.06604528 0.2094708 0.9755819 -0.0825259 0.09199488 0.9923339 -0.05373382 0.0135281 0.9984637 -0.07734805 0.01853799 0.9968319 -0.05984735 -0.05561858 0.9966569 -0.01090455 0.2866796 0.9579644 -0.03776931 0.03919535 0.9985176 0.04841059 0.04828691 0.9976597 -0.01317244 -0.03298622 0.999369 0.05693823 -0.3797391 0.9233398 0.1786389 -0.2030771 0.9627294 -0.2198826 -0.06926536 0.9730642 0.08424341 0.1536638 0.9845256 -0.1105784 0.3961979 0.9114822 0.01944202 -0.1850279 0.982541 0.1040839 -0.2887619 0.9517264 0.127312 -0.1780547 0.97575 0.05395513 -0.122838 0.9909591 0.07745146 -0.1280444 0.9887396 0.05858659 -0.05465096 0.9967853 -0.03772324 -0.3718204 0.9275379 0.006627261 -0.1548032 0.9879231 -0.1009266 -0.1409574 0.9848578 0.01659041 -0.07710659 0.9968849 -0.04967826 0.2768991 0.959614 -0.174224 0.1014235 0.979469 0.2235973 -0.054762 0.9731421 -0.223142 -0.2373765 0.9454418 -0.08122599 -0.3080479 0.9478971 0.02884274 0.05010658 0.9983274 0.2835953 0.2361788 0.9294048 -0.06309843 0.1667357 0.9839806 0.1344422 -0.1676142 0.9766426 -0.1250581 0.04411107 0.9911684 -0.2233459 -0.03190761 0.9742169 -0.06326967 0.2766407 0.9588884 0.006012618 0.1130751 0.9935683 -0.0447126 0.04362469 0.9980469 -0.06262463 -0.04278266 0.9971198 -0.1869332 -0.2229919 0.9567292 0.003784775 -0.3904569 0.9206135 -0.2212063 -0.05141443 0.9738709 0.2270187 0.1270821 0.9655635 0.08481544 0.201614 0.975786 -0.02012944 -0.08030295 0.9965673 -0.2805709 -0.254042 0.925604 0.08119547 -0.1964782 0.9771406 -0.1339086 0.06354743 0.9889541 0.125364 -0.1535822 0.9801513 0.2208204 -0.07874351 0.9721306 0.008918166 -0.3122193 0.9499682 -0.03192263 -0.1441751 0.9890372 0.02195388 -0.08830142 0.9958518 0.06455433 -0.0678597 0.9956043 0.1917556 0.1112186 0.9751207 0.002040684 0.287049 0.9579138 0.16782 0.2593444 -0.9510926 0.04217952 -0.0220462 -0.9988668 0.2003713 0.004393756 -0.9797102 -0.02768754 -0.2068557 -0.9779796 0.01021569 0.02181535 -0.9997099 -0.1972939 0.0831142 -0.9768148 0.08060234 0.2800448 -0.9565972 -0.2533668 0.05270892 -0.9659333 -0.1125112 0.4866307 -0.8663325 -0.01815623 -0.04456651 -0.9988415 0.06352406 -0.1778566 -0.982004 -0.2697468 -0.2357153 -0.9336354 -0.1070305 0.1276416 -0.9860284 0.2537495 0.08919668 -0.9631486 0.1868748 -0.04755479 -0.9812321 0.1110311 -0.01410043 -0.993717 0.07612532 -0.005442202 -0.9970835 0.07320028 0.06540346 -0.9951705 0.05061769 -0.04773259 -0.9975768 0.05398142 -0.2791389 -0.9587323 -0.04843538 -0.04824501 -0.9976605 -0.02267211 0.3881018 -0.9213376 0.05450147 0.03958612 -0.9977287 -0.1784795 0.2027521 -0.9628275 -0.08703184 -0.1666167 -0.9821733 0.2482063 0.05756765 -0.9669952 0.1021999 -0.3857916 -0.916908 -0.01165419 0.07330024 -0.9972418 -0.0952084 0.215134 -0.9719325 0.2491095 0.2541535 -0.9345322 0.1476799 0.01814413 -0.9888688 -0.2129861 0.06200516 -0.9750859 -0.1356241 0.1884611 -0.9726708 -0.1095033 0.1236606 -0.9862642 -0.07503777 0.1153376 -0.9904881 -0.07132297 0.04481977 -0.9964458 -0.01466745 0.1350198 -0.9907343 -0.02007615 0.3702767 -0.9287046 0.09712493 0.1456862 -0.9845519 -0.01155394 -0.2169713 -0.9761097 -0.1010038 0.1459115 -0.9841282 0.1465204 -0.02153718 -0.9889732 0.2250739 -0.04211902 0.973431 -0.07823288 -0.2683111 0.9601504 0.1199228 -0.4967719 0.8595559 0.01617795 0.07648807 0.9969393 -0.06604522 0.2094705 0.975582 -0.08252584 0.09199452 0.9923339 -0.05373382 0.01352751 0.9984638 -0.07734805 0.01853728 0.9968319 -0.05983334 -0.05557352 0.9966602 -0.01090496 0.2866794 0.9579645 -0.03776979 0.03919512 0.9985176 0.04841023 0.04828667 0.9976598 -0.01317191 -0.0329861 0.999369 0.0569387 -0.3797391 0.9233398 0.1786394 -0.203077 0.9627294 -0.2198823 -0.06926494 0.9730644 0.08424377 0.1536642 0.9845255 -0.110578 0.3961983 0.911482 0.01944255 -0.185028 0.982541 0.1040845 -0.2887619 0.9517264 0.1273126 -0.1780548 0.97575 0.05395513 -0.1228384 0.9909589 0.07745146 -0.1280448 0.9887396 0.05858659 -0.05465131 0.9967853 -0.03772407 -0.3718203 0.9275379 0.006626427 -0.1548032 0.9879231 -0.1009274 -0.1409575 0.9848577 0.01659089 -0.07710677 0.9968849 -0.04967778 0.2768989 0.9596141 -0.1742236 0.1014234 0.9794691 0.07822608 0.3117957 -0.9469235 0.2137098 0.2503439 -0.9442754 -0.264787 0.1098247 -0.9580326 -0.02377909 -0.08593815 -0.9960168 0.08141875 -0.09700459 -0.9919482 0.05809837 -0.2140792 -0.9750871 0.05008447 -0.0477302 -0.9976039 -0.005967259 -0.1131255 -0.9935629 0.02722805 -0.2854303 -0.9580127 -0.04680514 0.383598 -0.9223133 0.1869075 0.2219604 -0.956974 0.02873229 0.03497463 -0.9989752 -0.0818324 -0.2054051 -0.9752499 -0.2172266 -0.1426884 -0.9656359 0.2636396 -0.009689211 -0.9645726 -0.003227531 0.1618403 -0.9868117 -0.1179697 0.1854546 -0.9755459 -0.08055973 0.2954792 -0.9519466 -0.008327007 0.08221536 -0.9965799 0.03176218 0.1439617 -0.9890735 0.009078383 0.3240438 -0.9459986 0.01891803 -0.2694147 -0.9628385 -0.2296108 -0.1047203 -0.9676325 -0.0700277 0.09251976 -0.9932454 0.2235971 -0.054762 0.9731421 -0.223142 -0.2373766 0.9454417 -0.08122605 -0.3080481 0.9478971 0.0288425 0.05010652 0.9983274 0.2835951 0.2361787 0.9294049 -0.06309872 0.1667357 0.9839807 0.1344422 -0.1676142 0.9766426 -0.1250581 0.04411101 0.9911684 -0.2233461 -0.03190755 0.9742169 -0.06326913 0.2766402 0.9588886 0.006013154 0.1130746 0.9935683 -0.04471206 0.04362422 0.9980471 -0.06262516 -0.04278248 0.9971197 -0.1869337 -0.2229917 0.9567291 0.00378412 -0.3904566 0.9206137 -0.2212063 -0.0514146 0.9738708 0.2270187 0.1270819 0.9655634 0.08481544 0.2016137 0.9757859 -0.02012902 -0.08030301 0.9965673 -0.2805706 -0.2540422 0.9256041 0.08119583 -0.1964783 0.9771405 -0.1339086 0.06354779 0.9889541 0.125364 -0.1535819 0.9801514 0.2208204 -0.07874315 0.9721307 0.008918225 -0.3122195 0.9499682 -0.03192263 -0.1441753 0.9890372 0.02195382 -0.08830159 0.9958518 0.06455433 -0.06785959 0.9956043 0.1917556 0.1112188 0.9751207 0.002040684 0.2870492 0.9579137 -0.1701816 -0.1589339 0.9725114 -0.08255416 -0.3041245 0.9490485 0.02402406 0.00224024 0.9997089 0.1080765 0.02264839 0.9938846 0.09126091 0.1685868 0.9814531 0.02183246 -0.1270983 0.9916499 0.16782 0.2593445 -0.9510926 0.04217952 -0.02204608 -0.9988668 0.2003713 0.004393815 -0.9797102 -0.02768754 -0.2068556 -0.9779797 0.01021569 0.02181541 -0.9997099 -0.1972939 0.08311426 -0.9768148 0.2985064 -0.4627828 0.8347012 -0.5231329 -0.3979114 0.7536568 -0.7405915 0.264883 0.6175445 0.537292 -0.2381752 -0.8090674 0.375294 0.1794871 -0.9093618 -0.2539719 -0.03555351 -0.9665579 0.7776359 0.3353738 -0.5317958 0.3432278 -0.3779519 -0.859853 0.1008845 0.0103482 -0.9948443 0.3133339 -0.691689 0.6506829 0.5241999 -0.2441434 -0.8158484 -0.5483554 -0.6083899 -0.5737318 -0.757196 0.2193469 0.615257 -0.540767 -0.6711556 -0.5070713 -0.5487601 -0.4981945 0.6713156 -0.7393939 0.2083761 0.6402157 0.3733098 -0.03110873 -0.927185 -0.2561447 -0.2495616 -0.9338678 -0.04736667 -0.5276296 0.848153 -0.7408066 0.2622565 0.618407 0.9134787 0.2475651 -0.3229057 0.537298 -0.2381606 -0.8090677 -0.2539761 -0.03552848 -0.9665578 -0.5371881 -0.6043923 -0.5883358 0.9040875 0.2478954 -0.3481001 0.3310604 -0.577013 0.7466292 0.5284286 -0.2656009 -0.8063619 0.3146529 -0.691708 0.6500259 -0.5290529 -0.6086962 -0.5912631 -0.5281664 -0.6103069 0.5903946 -0.8446089 0.2491351 0.4738855 -0.06226587 -0.2340488 -0.9702289 -0.4384836 -0.7011303 -0.562271 -0.7387253 0.2088368 0.6408371 -0.009442627 -0.2182971 -0.9758368 0.9138768 0.273527 -0.3000204 -0.2472237 -0.3948048 -0.8848784 -0.07911753 -0.04834425 -0.9956924 -0.3401129 -0.3943601 -0.8536998 0.04404729 -0.05680519 -0.9974132 -0.4201509 -0.437937 -0.7947857 -0.2425568 -0.2185589 -0.9451975 -0.7283584 -0.6525454 -0.2089943 -0.4481003 -0.3412718 -0.8262806 -0.1199459 -0.3704643 -0.9210696 -0.2444465 -0.3955101 -0.8853349 -0.3550295 -0.2973461 -0.8863066 -0.07653415 -0.04846656 -0.9958883 -0.04468643 -0.002539813 -0.9989979 -0.1017057 -0.003577947 -0.9948082 -0.4491323 -0.3407398 -0.8259398 -0.4520028 -0.3407799 -0.8243559 -0.7298504 -0.6518449 -0.2059529 -0.9983618 -0.004618704 0.05703079 0.215397 0.1304056 -0.9677802 0.0586425 -0.1749493 -0.9828295 0.1192885 -0.09053146 -0.9887236 0.1192207 -0.09052163 -0.9887327 0.1761484 -0.00232017 -0.9843609 0.2153477 0.130487 -0.9677802 0.07922232 0.0869407 -0.9930586 0.2297497 0.0309664 -0.9727571 0.1826857 0.00781542 -0.9831403 0.01486426 -0.006713032 -0.999867 -0.002789676 1.3304e-4 -0.9999962 -0.007295608 1.77565e-4 -0.9999734 -0.006975591 1.74009e-4 -0.9999758 0.04592186 -0.04734134 -0.9978227 0.01519328 -0.006726443 -0.999862 -0.04343098 0.03550779 -0.9984253 -0.8285394 -0.1280816 -0.545085 -0.6680181 -0.09915578 -0.7375093 -0.09919559 -0.003576338 -0.9950615 -0.1133652 -0.002644062 -0.9935499 -0.1225025 -0.3702218 -0.9208306 -0.1215143 -0.3702187 -0.9209629 -0.4461683 -0.3406796 -0.8275695 -0.09809374 -0.00356847 -0.9951708 -0.6363381 -0.1499556 -0.7566949 -0.08188122 -0.04164284 -0.9957718 -0.7014707 0.2455443 -0.6690641 -0.6393859 -0.1500246 -0.7541076 -0.7041779 0.2455756 -0.6662027 -0.9531371 -0.2519338 -0.1675085 -0.08110326 0.09483098 -0.9921842 -0.3814165 -0.3118422 -0.8702161 -0.06989723 -0.4307188 -0.8997753 -0.06992775 -0.4306907 -0.8997864 -0.1313302 -0.3256828 -0.9363136 -0.08112406 0.09483999 -0.9921815 -0.4256013 0.08085137 -0.9012916 0.1827501 0.007823824 -0.9831283 0.2298017 0.0309695 -0.9727447 -0.4255791 0.0808773 -0.9012999 0.2298617 0.03096157 -0.9727307 -0.8951476 -0.1387301 -0.4236329 -0.9996508 2.82742e-5 -0.02642852 -0.4256968 0.08091658 -0.9012407 -0.8951516 -0.1388015 -0.4236012 -0.9996739 -8.57978e-6 -0.02553784 -0.9996624 3.0455e-5 -0.02598446 -0.895169 -0.1387518 -0.4235806 -0.02803939 -0.03527301 -0.9989843 -0.801053 -0.2502909 -0.5437541 -0.4434465 -0.274743 -0.8531538 -0.4424412 -0.2747641 -0.8536689 -0.05759203 0.0791344 -0.9951989 -0.02685403 -0.03526616 -0.9990172 -0.5950794 -0.5846735 -0.551396 -0.6496933 -0.0132634 0.7600808 -0.6469329 -0.03929716 0.7615337 -0.8840376 -0.02162462 -0.4669156 -0.663254 -0.0173527 -0.7481933 0.1603857 0.08938354 -0.982999 -0.0739693 0.08886575 -0.9932933 -0.113211 1.3574e-5 -0.9935711 0.8721747 -0.4890487 -0.01194471 0.07417213 -0.9966504 -0.03444689 0.04897701 -0.9981394 -0.03632098 -0.7893632 0.6139168 0.003489553 0.08416074 0.9954434 0.04482775 0.08755898 0.9958371 0.02533698 0.07716828 0.9969389 0.01256978 -0.7826543 0.6223403 0.01204037 -0.7786161 0.6272657 0.01716905 0.8304027 -0.5452206 0.1147428 0.09959757 0.9949803 0.009718656 0.08950948 0.995351 0.03555893 -0.001352429 -2.89241e-5 0.9999992 -0.001325845 -2.91961e-5 0.9999992 -0.001198887 -4.08012e-5 0.9999993 0.0818606 0.9954026 0.04972398 0.8698216 -0.493342 -0.004927694 0.830096 -0.5455634 0.1153315 0.0455048 -0.9982943 -0.03657758 0.8303073 -0.5452768 0.1151646 0.8723691 -0.4887018 -0.01194804 6.88136e-5 3.70874e-5 -1 2.66135e-5 4.30487e-5 -1 -4.33773e-5 3.72087e-5 -1 0.7019795 -0.0079934 0.7121524 0.7007825 0.002219021 0.7133715 0.9997683 -0.003393292 0.02125751 0.9997605 -0.004623532 0.02139282 0.9997352 -0.008022427 0.0215699 0.7018867 -0.006850957 0.7122557 -0.9998617 -0.003688335 0.01622015 -0.7104818 0.2054172 -0.6730672 -0.7153246 0.1632232 -0.6794622 -0.7151214 0.1598007 -0.6804889 -0.9998727 0 0.01596158 -0.9998674 -0.002537369 0.01609146 4.31675e-6 -0.99978 0.02097463 0 -0.99978 0.02097433 0 0 1 0.7029419 6.70254e-4 0.711247 0.702942 5.8524e-4 0.711247 0.7041172 -0.01096916 0.7099992 0 0.9997885 0.02056837 0 0.9997885 0.02056908 -0.932388 -0.005364298 0.3614196 -0.7576147 -0.5741484 0.3104408 -0.7295618 -0.5315452 0.4303479 -0.7295368 -0.531561 0.4303708 -0.8370604 -0.06270879 0.5435048 -0.9323763 -0.005385458 0.3614493 0.2203569 -0.6781922 0.7010693 0.7574689 -0.5436794 0.3614605 0.714039 -0.4412838 0.5435228 0.7140462 -0.4413146 0.5434883 0.2203601 -0.6781953 0.7010653 0.7574772 -0.5437049 0.3614047 0.7511508 0.5523876 0.3614423 0.6403509 0.5427272 0.5435053 0.64036 0.5427214 0.5435003 0.7140372 -0.441284 0.543525 0.7574523 -0.5437178 0.3614377 0.7511383 0.5524125 0.3614304 0.2754498 0.9098188 0.3104146 0.2777906 0.8588467 0.4303658 0.2777655 0.8588531 0.4303693 0.6403388 0.5427423 0.5435044 0.7511444 0.5523923 0.3614486 -0.5769162 0.4191535 0.7010549 -0.9323794 -0.005377173 0.3614411 -0.837062 -0.06268733 0.5435051 -0.8370801 -0.06266874 0.5434792 -0.5769172 0.419155 0.7010534 -0.8370622 -0.06267714 0.5435057 -0.7302566 -0.5305626 0.430382 -0.7989373 -0.4673296 -0.3785531 -0.7989251 -0.4673464 -0.378558 -0.837056 0.06266832 -0.5435164 -0.8370444 -0.06270229 0.5435304 0.3090175 -0.9510564 0 0.7140286 -0.4413084 0.5435164 0.6403282 -0.5427289 -0.5435305 0.6403587 -0.5427191 -0.5435041 0.3090172 -0.9510565 0 0.7140383 -0.4413087 0.5435035 0.6403567 0.542707 0.5435186 0.7140383 0.4412775 -0.5435286 0.7140383 0.441308 -0.543504 0.6403566 -0.5427093 -0.5435163 0.7140383 -0.4412755 0.5435304 0.6403566 0.5427188 0.5435069 0.2789326 0.8584673 0.4303842 0.3716642 0.8476822 -0.3785509 0.3716462 0.8476885 -0.3785544 0.7140287 0.4413107 -0.5435145 0.6403282 0.5427265 0.5435328 -0.8090175 0.5877846 0 -0.8370559 -0.06266951 0.5435164 -0.8370445 0.06270116 -0.5435304 -0.8370628 0.0626766 -0.5435049 -0.8090173 0.5877848 6.38315e-7 -0.8370861 0.06266456 -0.5434703 -0.7989525 -0.4673352 -0.378514 -0.707523 -0.6806212 -0.1901736 -0.7074964 -0.6806568 -0.1901454 -0.9239317 0.03437513 -0.3810099 -0.8370627 0.06268483 -0.5435041 0.2203646 -0.6782108 -0.7010489 0.6403401 -0.5427483 -0.5434969 0.7058811 -0.6138194 -0.3534935 0.7058567 -0.6138713 -0.3534522 0.2203644 -0.678208 -0.7010517 0.6403736 -0.5427238 -0.543482 0.714051 0.4412818 -0.5435087 0.738305 0.5540949 -0.3845578 0.738311 0.5540927 -0.3845495 0.7059083 -0.6138101 -0.3534553 0.6403545 -0.542729 -0.5434992 0.7140455 0.4413107 -0.5434923 0.3716691 0.8476821 -0.3785461 0.1083558 0.9879923 -0.1101383 0.108339 0.9879949 -0.1101319 0.7383454 0.5540368 -0.3845639 0.7140432 0.4412924 -0.5435103 -0.576914 0.4191536 -0.7010567 -0.8370595 0.06270641 -0.5435065 -0.9239344 0.03432565 -0.3810079 -0.9239354 0.03433459 -0.3810051 -0.5769068 0.419144 -0.7010684 -1.45451e-7 -1.68098e-7 -1 -0.5179857 -0.3761807 -0.7682311 -0.8139315 0.01408541 -0.5807902 0 -1.28415e-7 -1 -0.8139308 0.01411736 -0.5807903 -0.4902921 0.4151619 -0.7663252 0 -1.68098e-7 -1 -0.8139303 0.01414895 -0.5807904 0.108377 0.9879903 -0.1101348 0.8114455 0.5735236 0.1123694 0.7383239 0.5540553 -0.3845785 0.7383331 0.5540804 -0.3845247 0.6857112 -0.7278429 0.006705105 0.7058719 -0.6138466 -0.3534647 -0.7575991 -0.5741599 0.3104578 -0.9323778 -0.005387902 0.3614453 -0.8139075 0.01410758 -0.5808233 -0.8139112 0.01411873 -0.5808177 -0.5180566 -0.3760754 -0.7682348 -0.7575932 -0.5741718 0.3104504 -0.9323602 -0.005350172 0.3614913 -0.8090172 0.587785 0 -0.4903185 0.415138 -0.7663213 -0.4903048 0.415155 -0.7663208 -0.8139265 0.01415646 -0.5807954 -0.9323768 -0.005372047 0.3614481 0.275435 0.9098253 0.3104088 0.7511422 0.5523989 0.3614429 0.3090158 0.951057 -2.42554e-6 0.3090159 0.9510569 0 0.2754232 0.9098283 0.3104104 0.7511507 0.5524228 0.3613888 0.7574764 -0.5436791 0.3614451 1 0 0 0.7511506 0.5523838 0.3614484 0.7575029 -0.5436767 0.3613932 0.3090168 -0.9510566 5.84918e-6 0.3090174 -0.9510565 0 0.7574663 -0.5436908 0.3614487 0.3090051 -0.9510176 0.00903809 0.6856986 -0.727855 0.006671786 0.3090145 -0.9510465 0.004531979 -0.8090183 0.5877724 -0.003622293 -0.9675127 0.2403191 -0.07852381 -0.8090149 0.5877882 2.07871e-5 0.811481 0.5734688 0.1123933 0.3820574 0.92311 0.04359108 0.3090127 0.9510579 2.09361e-5 0.6857374 -0.7278189 0.006638586 0.8114762 0.5734798 0.1123716 1 -6.22869e-6 2.01464e-5 0.3089228 -0.9510763 0.00453186 0.6856709 -0.7278812 0.006668865 0.3090324 -0.9510516 2.55778e-5 -0.9675078 0.240341 -0.07851654 -0.8545857 -0.4916922 0.1670999 -0.8090128 -0.5877912 -2.76715e-5 0.7316004 0.3441513 -0.5884903 0.3645088 0.2852209 -0.8864437 -0.5581118 -0.6299787 -0.5400353 -0.5581319 -0.6299569 -0.54004 0.8211215 -0.2843097 -0.4949017 0.7315769 0.3441763 -0.5885048 -0.3761269 -0.8310659 0.4097049 -0.0584858 -0.591168 0.8044252 -0.2027642 0.3240029 0.9240719 -0.2027725 0.3241056 0.924034 -0.02239388 0.9946163 -0.1011775 -0.9959275 -0.08959645 0.01005268 0.4258167 0.8808287 0.2069322 0.5955297 0.0744912 0.7998722 0.9291096 -0.2570147 0.2658926 -0.05852037 -0.5912158 0.8043875 0.01147633 -0.294427 0.9556052 -0.2028174 0.324046 0.9240451 0.9291146 -0.2570291 0.2658611 0.6130759 -0.7316 0.2981601 0.6836804 0.5651325 0.4617427 0.6836754 0.5651535 0.4617246 0.4258299 0.8808281 0.2069078 0.9291208 -0.2569995 0.2658679 0.9614999 0.07426345 0.2645805 0.731576 0.3441991 -0.5884926 0.8211411 -0.2842944 -0.4948778 0.8211373 -0.2842643 -0.4949012 0.7940787 0.02644246 -0.6072394 0.5055642 0.03175926 -0.8622043 0.7315543 0.3441955 -0.5885217 0.6130841 -0.7315878 0.2981731 -0.376127 -0.8310973 0.409641 0.8211522 -0.2842573 -0.4948807 -0.02240204 0.9946221 -0.101119 0.6836702 0.5651655 0.4617175 -0.9239503 0.03438627 -0.3809641 -0.8545777 -0.4917088 0.1670914 -0.9675179 0.240288 -0.07855528 -0.8089953 0.5877698 -0.007311522 -0.9675207 0.2402992 -0.07848578 -0.8089966 0.5878027 -0.003572523 -0.757196 0.2193468 0.615257 -0.540767 -0.6711555 -0.5070713 -0.5487602 -0.4981946 0.6713155 -0.8089958 0.587769 -0.007312774 -0.9239291 0.03435945 -0.3810178 -0.9675164 0.2403037 -0.07852512 0.3090055 -0.9510173 0.009042143 0.7058792 -0.6138327 -0.3534743 0.6856992 -0.7278548 0.006635308 -0.9239513 0.03438454 -0.3809618 -0.8545772 -0.4917085 0.1670951 -0.9675179 0.2402884 -0.07855385 -0.967496 0.2403991 -0.07848393 -0.8545727 -0.4917124 0.1671059 -0.8090152 -0.5877877 -2.16439e-5 -0.8089961 0.5877686 -0.007319152 -0.9675207 0.2402973 -0.07849299 -0.808997 0.5878018 -0.003580152 0.3133329 -0.6916873 0.6506853 0.5242003 -0.2441459 -0.8158475 -0.5483562 -0.608392 -0.5737288 -0.9239196 0.03434371 -0.3810423 -0.7075192 -0.6806238 -0.1901786 -0.8545753 -0.4917119 0.1670942 0.7383331 0.5540711 -0.3845381 0.8114542 0.5735044 0.112405 0.6857113 -0.7278434 0.006648719 0.6856976 -0.7278562 0.006665945 0.8114328 0.5735429 0.1123629 1 3.96371e-6 9.26852e-6 0.3089507 -0.9510676 0.004498302 0.6856179 -0.727931 0.006677985 0.3090148 -0.9510573 -8.03173e-6 0.1083874 0.9879872 -0.1101526 0.3820929 0.9230946 0.0436058 0.8114417 0.5735245 0.1123933 0.3090174 -0.9510564 0 0.7574664 -0.5436905 0.361449 0.7575033 -0.5436791 0.3613888 0.3090168 -0.9510567 -3.13621e-7 0.2754349 0.9098246 0.3104112 0.7511423 0.5523975 0.3614448 0.3090159 0.951057 0 0.1083768 0.9879894 -0.1101438 0.811445 0.5735259 0.1123622 0.7383236 0.5540506 -0.3845859 -0.8139119 0.01411837 -0.5808169 -0.5180578 -0.3760761 -0.7682336 -0.7575928 -0.5741714 0.3104519 -0.4903059 0.4151555 -0.76632 -0.8139271 0.01415669 -0.5807946 -0.9323765 -0.005372881 0.3614488 0 -1.28415e-7 -1 -0.8139308 0.0141173 -0.5807904 -0.4902923 0.4151619 -0.7663252 0 -1.68097e-7 -1 -0.8139303 0.01414871 -0.5807903 -0.8089812 0.5878235 -0.003622293 -0.9675309 0.2402507 -0.07851028 -0.809024 0.5877758 2.09212e-5 0.3090158 0.9510569 0 0.2754232 0.9098283 0.3104104 0.1083396 0.9879955 -0.1101254 0.7383472 0.5540384 -0.3845581 0.7140436 0.4412961 -0.5435068 0.7140439 0.4413095 -0.5434954 0.3716678 0.8476812 -0.3785495 0.1083548 0.987992 -0.1101421 0.7058559 -0.613871 -0.3534542 0.2203634 -0.6782068 -0.7010532 -0.8370833 0.06266415 -0.5434746 -0.7989502 -0.4673355 -0.3785183 -0.7075212 -0.6806216 -0.1901789 -0.7074964 -0.680656 -0.1901483 -0.9239309 0.03437644 -0.3810119 -0.8370618 0.06268674 -0.5435054 0.2203625 -0.6782065 -0.7010539 0.640339 -0.5427447 -0.5435018 0.705879 -0.6138179 -0.3535003 -0.8090178 0.5877843 0 -0.8370558 -0.06266993 0.5435164 -0.8370442 0.06270092 -0.5435307 -0.8370631 0.06267684 -0.5435043 -0.8090173 0.587785 1.27663e-6 0.7383115 0.5540927 -0.3845484 0.7059086 -0.6138105 -0.353454 0.6403554 -0.5427287 -0.5434986 0.6403723 -0.5427237 -0.5434835 0.7140494 0.4412822 -0.5435104 0.738304 0.5540947 -0.3845599 0.3716459 0.8476881 -0.3785554 0.7140283 0.4413105 -0.5435152 0.6403283 0.5427269 0.5435321 0.6403566 0.5427188 0.543507 0.2789325 0.8584673 0.4303842 0.3716641 0.8476823 -0.3785508 -0.8370624 -0.06267696 0.5435055 -0.7302566 -0.5305626 0.430382 -0.7989373 -0.4673296 -0.378553 0.7574765 -0.5437049 0.3614062 0.75115 0.5523875 0.3614439 0.6403496 0.5427272 0.5435066 -0.5769122 0.419151 0.7010598 -0.9323772 -0.005377531 0.3614472 -0.8370589 -0.06269007 0.5435093 -0.8370802 -0.06266975 0.5434789 -0.5769175 0.4191541 0.7010536 0.2203578 -0.6781916 0.7010697 0.7574699 -0.5436784 0.36146 0.7140395 -0.4412827 0.5435229 0.7140441 -0.4413104 0.5434945 0.2203574 -0.6781894 0.7010719 0.7140383 -0.4412757 0.5435303 0.6403589 -0.5427189 -0.5435041 0.3090174 -0.9510565 0 0.5372908 -0.2381751 -0.8090682 0.3752924 0.1794869 -0.9093624 -0.2539734 -0.03555357 -0.9665576 0.7776373 0.335372 -0.5317952 0.3432286 -0.3779519 -0.8598527 0.1008853 0.0103482 -0.9948443 0.2985064 -0.462783 0.8347011 -0.5231329 -0.3979116 0.7536567 -0.7405917 0.2648826 0.6175446 -0.7295347 -0.5315624 0.4303727 -0.8370586 -0.06270998 0.5435075 -0.9323749 -0.005387425 0.3614528 0.7511385 0.552412 0.3614304 0.2754498 0.9098189 0.3104145 0.2777906 0.8588465 0.4303662 0.3090056 -0.9510172 0.009040653 0.6856991 -0.7278546 0.00667417 0.309015 -0.9510462 0.004582464 0.7511506 0.5524227 0.3613889 0.7574764 -0.5436794 0.3614448 0.8114889 0.5734535 0.1124145 0.3821088 0.9230884 0.04359859 0.3090144 0.9510574 2.66731e-5 0.7511506 0.5523835 0.3614488 0 -1.68098e-7 -1 -0.5179855 -0.3761808 -0.7682312 -0.8139314 0.01408523 -0.5807904 -0.5769144 0.4191523 -0.7010572 -0.8370595 0.06270492 -0.5435067 -0.9239345 0.03432399 -0.3810079 -0.9323602 -0.005350232 0.3614913 -0.8090173 0.5877849 0 -0.4903186 0.4151378 -0.7663213 -0.9239336 0.03433299 -0.3810092 -0.5769039 0.4191417 -0.7010722 -0.7575994 -0.5741602 0.3104567 -0.9323781 -0.005388677 0.3614448 -0.8139069 0.01410806 -0.580824 0.7383331 0.5540804 -0.3845247 0.6857112 -0.7278429 0.006706297 0.705872 -0.613847 -0.353464 0.6403588 0.5427214 0.5435018 0.7140358 -0.4412842 0.5435268 0.7574512 -0.5437176 0.36144 -0.8446083 0.2491346 0.473887 -0.06226712 -0.234049 -0.9702288 -0.4384843 -0.7011301 -0.5622706 0.9040876 0.2478954 -0.3481001 0.3310604 -0.5770131 0.7466291 0.5284286 -0.2656008 -0.8063619 0.537298 -0.2381606 -0.8090677 -0.2539761 -0.03552848 -0.9665579 -0.5371881 -0.6043923 -0.5883359 -0.04736721 -0.5276294 0.848153 -0.740807 0.2622565 0.6184064 0.913479 0.2475652 -0.3229047 0.314653 -0.6917086 0.6500253 -0.5290527 -0.6086961 -0.5912635 -0.5281665 -0.6103075 0.5903939 0.7140285 -0.4413086 0.5435164 0.6403284 -0.5427289 -0.5435303 -0.7393932 0.2083767 0.6402163 0.3733094 -0.03110867 -0.9271852 -0.256145 -0.2495617 -0.9338676 0.6994256 -0.009448528 0.714643 0.6992871 0.002640485 0.7148362 0.9996483 -0.004063725 0.0262075 0.9996363 -0.005669951 0.02636826 0.9995981 -0.009883344 0.02657318 0.6993206 -0.008888363 0.714753 -0.9998046 -0.004179596 0.01931947 -0.7118111 0.2054536 -0.6716501 -0.7165992 0.1631825 -0.6781277 -0.7163779 0.1597508 -0.6791778 -0.9998188 0 0.01903891 -0.9998116 -0.002968728 0.01918077 4.36502e-6 -0.9996778 0.02538406 0 -0.9996778 0.02538442 0.7019522 9.04828e-4 0.7122235 0.7019521 9.38547e-4 0.7122235 0.702083 -0.01235151 0.711988 0 0.9997006 0.02447092 0 0.9997006 0.02447062 0.8675524 -0.476033 0.1440331 0.07373088 -0.9542593 0.2897464 0.04270297 -0.956636 0.2881389 -0.7860909 0.5916602 -0.1788839 0.09707164 0.9646664 -0.2449405 0.09603726 0.9613978 -0.2578591 0.1046116 0.963241 -0.2474334 -0.7705731 0.6154013 -0.1658259 -0.78927 0.5866015 -0.1815258 0.8193784 -0.5006201 0.2792822 0.08544826 0.966083 -0.243685 0.1002016 0.9628334 -0.2508217 -0.001355707 0.1971792 0.9803665 -0.001324534 0.197179 0.9803667 -0.001199603 0.1972133 0.9803599 0.102064 0.9617741 -0.2541135 0.8672434 -0.478747 0.1367129 0.8192182 -0.5006921 0.279623 0.03922802 -0.9568445 0.287941 0.8197575 -0.5000397 0.2792096 0.8652102 -0.4799532 0.1451075 6.91414e-5 -0.1971436 -0.9803747 2.70903e-5 -0.1971408 -0.9803753 -4.24162e-5 -0.1971434 -0.9803747 -0.1094427 0.2770606 0.9545993 0.5955333 0.07445949 0.7998725 0.707804 -0.003648221 0.7063995 0.7077998 -0.003732919 0.7064033 0.01151418 -0.2944033 0.955612 -0.1094332 0.2770698 0.9545977 -0.2028187 0.3240302 0.9240503 0.7078023 -0.00371468 0.7064009 0.4258524 0.8808082 0.2069459 -0.05853515 -0.5911964 0.8044007 0.5955029 0.07452738 0.7998887 -0.1095013 0.277041 0.9545982 0.1083868 0.9879869 -0.1101564 0.3820928 0.9230948 0.04360193 0.8114416 0.5735251 0.1123902 0.7383331 0.5540716 -0.3845373 0.8114542 0.5735042 0.1124058 0.6857113 -0.7278434 0.006648719 0.3090053 -0.9510174 0.00903815 0.7058788 -0.6138313 -0.3534775 0.6856988 -0.7278552 0.00663191 0.425801 0.8808254 0.2069789 0.7077893 -0.003675937 0.7064141 0.5955519 0.0744999 0.7998548 -0.05852073 -0.5912221 0.8043829 -0.1094423 0.2770739 0.9545956 0.01151013 -0.2944022 0.9556124 0.6130795 -0.731594 0.2981674 0.9291089 -0.2569969 0.2659121 -0.05848574 -0.591189 0.8044098 0.6130766 -0.7315851 0.2981953 -0.05845403 -0.5911822 0.804417 -0.3761179 -0.8311012 0.4096418 -0.0224061 0.9946216 -0.1011226 -0.2027676 0.3240272 0.9240627 0.4258292 0.8808225 0.2069329 -0.02241671 0.9946204 -0.101133 0.4258142 0.8808209 0.2069708 0.6836693 0.5651747 0.4617075 -0.9239191 0.03434461 -0.3810434 -0.7075195 -0.6806231 -0.1901801 -0.8545758 -0.4917117 0.1670928 -0.8089956 0.5877692 -0.007314264 -0.9239283 0.03435903 -0.3810197 -0.9675161 0.2403044 -0.07852703 -0.7387253 0.2088367 0.6408372 -0.009442627 -0.2182969 -0.9758367 0.9138768 0.2735272 -0.3000205 -0.9323881 -0.005362331 0.3614192 -0.757615 -0.5741475 0.310442 -0.7295621 -0.531544 0.4303489 0.2777652 0.8588526 0.4303704 0.6403385 0.5427417 0.5435054 0.7511442 0.552392 0.3614495 0.7140383 -0.4413086 0.5435035 0.6403567 0.5427071 0.5435187 0.7140383 0.4412778 -0.5435286 -0.7989252 -0.4673463 -0.3785579 -0.8370559 0.06266868 -0.5435165 -0.8370444 -0.06270194 0.5435304 -0.2028063 0.3240541 0.9240447 0.01147478 -0.2944207 0.9556071 0.7078157 -0.003667533 0.7063876 -0.05841612 -0.5911758 0.8044246 0.9290907 -0.2570289 0.2659447 0.595536 0.07442986 0.7998732 -0.01253658 0.9842295 -0.1764517 -0.002112865 0.9842227 -0.1769219 -0.006337106 0.9842243 -0.1768119 -3.77802e-7 3.37237e-6 1 -0.9597805 0.1683282 -0.224693 -0.9886303 0.0494762 -0.1419944 -0.9838821 0.08157587 -0.1591272 0.8568381 -0.4518917 -0.2482387 0.9847082 0.07274937 -0.1582952 0.502488 -0.8638466 0.0357058 0.8568124 -0.451932 -0.248254 0.5025014 -0.8638395 0.03568851 -0.480273 -0.8660152 -0.1391243 0.9613851 0.159771 -0.2240807 0.9846982 0.07273024 -0.1583659 0.8568511 -0.4518774 -0.2482199 -0.9886323 0.04948222 -0.1419782 -0.994783 0.01838582 -0.100343 -0.9838835 0.08159029 -0.159111 0.08060199 0.2800457 -0.956597 -0.2533672 0.05270969 -0.9659331 -0.1125115 0.4866314 -0.8663319 -0.01815587 -0.04456704 -0.9988414 0.06352442 -0.1778572 -0.9820039 -0.2697464 -0.2357158 -0.9336353 -0.1070305 0.1276419 -0.9860284 0.2537494 0.08919697 -0.9631485 0.1868748 -0.04755449 -0.9812321 0.1110311 -0.01409995 -0.9937169 0.07612532 -0.005441725 -0.9970835 0.07320028 0.06540393 -0.9951704 0.05061882 -0.04773223 -0.9975768 0.05398243 -0.2791386 -0.9587323 -0.04843425 -0.04824471 -0.9976605 -0.02267098 0.3881021 -0.9213376 0.0545026 0.03958636 -0.9977287 -0.1784783 0.2027523 -0.9628277 -0.08703184 -0.1666167 -0.9821733 0.2482064 0.05756777 -0.9669952 0.1021999 -0.3857916 -0.9169079 -0.01165467 0.0733 -0.9972419 -0.09520888 0.2151338 -0.9719325 0.249109 0.2541533 -0.9345324 0.147682 0.01814454 -0.9888685 -0.2129839 0.06200546 -0.9750862 -0.1356222 0.1884616 -0.972671 -0.1095023 0.1236608 -0.9862643 -0.07503682 0.1153377 -0.9904882 -0.07132202 0.04481983 -0.996446 -0.01466745 0.1350204 -0.9907343 -0.02007615 0.3702772 -0.9287044 0.09712487 0.1456868 -0.9845518 -0.01155287 -0.2169718 -0.9761096 -0.1010028 0.1459109 -0.9841284 0.1465215 -0.02153772 -0.988973 0.2250739 -0.04211932 0.9734309 -0.07823282 -0.2683113 0.9601504 0.1199228 -0.4967721 0.8595557 0.01617735 0.07648843 0.9969393 -0.06604588 0.2094708 0.9755819 -0.0825265 0.09199488 0.9923338 -0.05373382 0.01352804 0.9984636 -0.07734805 0.01853781 0.9968318 -0.05984741 -0.0556187 0.9966569 -0.01090455 0.2866794 0.9579646 -0.03776931 0.03919512 0.9985176 0.04841065 0.04828667 0.9976597 -0.01317232 -0.03298658 0.999369 0.05693829 -0.3797395 0.9233397 0.178639 -0.2030774 0.9627293 -0.2198822 -0.06926512 0.9730644 0.08424383 0.153664 0.9845255 -0.1105779 0.3961981 0.9114821 0.01944226 -0.1850284 0.9825409 0.1040841 -0.2887624 0.9517263 0.1273123 -0.1780553 0.97575 0.05395615 -0.1228387 0.9909589 0.07745242 -0.1280451 0.9887395 0.05858761 -0.05465161 0.9967853 -0.03772318 -0.3718205 0.9275379 0.006627321 -0.1548033 0.9879231 -0.1009265 -0.1409575 0.9848578 0.01659011 -0.07710671 0.9968848 -0.04967856 0.276899 0.959614 -0.1742243 0.1014233 0.9794689 0.07822585 0.3117961 -0.9469234 0.2137095 0.2503443 -0.9442754 -0.2647872 0.1098251 -0.9580326 -0.02377957 -0.08593791 -0.9960168 0.08141827 -0.09700447 -0.9919483 0.05809795 -0.214079 -0.9750872 0.05008399 -0.04772979 -0.997604 -0.005967736 -0.1131251 -0.9935629 0.02722764 -0.28543 -0.9580128 -0.0468049 0.383598 -0.9223133 0.1869078 0.2219604 -0.9569739 0.02873259 0.03497463 -0.9989752 -0.081833 -0.2054053 -0.9752497 -0.2172272 -0.1426886 -0.9656357 0.2636389 -0.009689509 -0.9645729 -0.003227055 0.161841 -0.9868116 -0.1179693 0.1854553 -0.9755458 -0.08055931 0.29548 -0.9519464 -0.008327424 0.0822156 -0.9965798 0.03176176 0.143962 -0.9890734 0.009077847 0.3240439 -0.9459985 0.01891678 -0.2694143 -0.9628386 -0.2296122 -0.1047199 -0.9676322 -0.07002913 0.09252011 -0.9932453 0.2235972 -0.05476218 0.973142 -0.223142 -0.2373767 0.9454418 -0.08122599 -0.3080481 0.947897 0.02884209 0.05010646 0.9983274 0.2835948 0.2361788 0.929405 -0.06309908 0.1667357 0.9839805 0.1344423 -0.1676145 0.9766426 -0.1250581 0.04411071 0.9911684 -0.2233459 -0.03190785 0.9742169 -0.06326913 0.2766406 0.9588884 0.006013154 0.113075 0.9935683 -0.04471206 0.04362463 0.998047 -0.06262516 -0.04278296 0.9971197 -0.1869337 -0.2229921 0.9567291 0.003784239 -0.3904572 0.9206134 -0.2212062 -0.05141454 0.9738709 0.2270187 0.1270819 0.9655634 0.0848155 0.2016138 0.9757859 -0.02012956 -0.08030337 0.9965673 -0.2805711 -0.2540425 0.9256038 0.08119535 -0.1964786 0.9771405 -0.1339086 0.06354773 0.9889541 0.125364 -0.1535818 0.9801512 0.2208206 -0.07874304 0.9721305 0.00891757 -0.3122202 0.949968 -0.03192317 -0.144176 0.9890371 0.02195328 -0.08830225 0.9958518 0.06455487 -0.06785964 0.9956043 0.191756 0.1112188 0.9751206 0.002041161 0.2870492 0.9579137 -0.1701816 -0.1589342 0.9725112 -0.08255416 -0.3041247 0.9490484 0.02402406 0.002239942 0.9997089 0.1080775 0.02264821 0.9938846 0.09126192 0.1685865 0.981453 0.02183353 -0.1270986 0.9916498 0.1678199 0.2593446 -0.9510924 0.0421794 -0.02204591 -0.9988669 0.2003712 0.004394054 -0.9797102 -0.02768766 -0.2068555 -0.9779797 0.01021564 0.02181553 -0.9997099 -0.197294 0.08311438 -0.9768148 -0.08703178 -0.1666172 -0.9821733 0.2482064 0.05756735 -0.9669951 0.1021999 -0.385792 -0.9169077 -0.01165455 0.07329988 -0.9972419 -0.09520876 0.2151337 -0.9719325 0.2491092 0.2541533 -0.9345324 0.1476809 0.01814454 -0.9888687 -0.212985 0.06200551 -0.975086 -0.1356232 0.1884616 -0.9726709 -0.1095022 0.1236605 -0.9862644 -0.07503676 0.1153373 -0.9904882 -0.07132202 0.04481953 -0.9964459 -0.01466685 0.1350204 -0.9907343 -0.02007579 0.3702773 -0.9287043 0.09712547 0.1456868 -0.9845517 -0.01155239 -0.2169716 -0.9761096 -0.1010023 0.1459112 -0.9841283 0.1465221 -0.02153754 -0.988973 0.225074 -0.04211884 0.9734309 -0.0782327 -0.2683109 0.9601505 0.1199229 -0.4967718 0.8595559 0.01617741 0.07648867 0.9969393 -0.06604582 0.2094711 0.9755819 -0.08252644 0.09199512 0.9923338 -0.05373287 0.01352834 0.9984638 -0.07734709 0.01853811 0.9968319 -0.0598464 -0.05561834 0.996657 -0.01090413 0.2866798 0.9579645 -0.03776895 0.03919553 0.9985176 0.04841101 0.04828715 0.9976596 -0.01317256 -0.03298646 0.999369 0.05693817 -0.3797394 0.9233396 0.1786388 -0.2030774 0.9627294 -0.2198827 -0.06926488 0.9730643 0.08424341 0.1536642 0.9845255 -0.1105783 0.3961983 0.911482 0.01944148 -0.1850281 0.9825409 0.1040834 -0.2887622 0.9517264 0.1273115 -0.178055 0.9757502 0.05395615 -0.1228377 0.990959 0.07745242 -0.1280442 0.9887396 0.05858761 -0.05465066 0.9967853 -0.03772312 -0.3718206 0.9275379 0.00662738 -0.1548033 0.9879231 -0.1009265 -0.1409576 0.9848578 0.01659131 -0.07710641 0.9968848 -0.04967731 0.2768991 0.959614 -0.1742231 0.1014237 0.979469 -0.08183383 -0.2054055 -0.9752497 -0.2172281 -0.1426888 -0.9656355 0.263638 -0.009689748 -0.9645731 -0.003227055 0.161841 -0.9868116 -0.1179692 0.1854553 -0.9755459 -0.08055925 0.2954799 -0.9519464 -0.008326768 0.08221542 -0.9965798 0.03176242 0.1439617 -0.9890734 0.009078562 0.3240438 -0.9459986 0.01891821 -0.2694142 -0.9628387 -0.2296108 -0.1047199 -0.9676325 -0.07002764 0.09252023 -0.9932454 0.2235976 -0.05476206 0.9731419 -0.2231414 -0.2373766 0.9454419 -0.08122545 -0.3080481 0.947897 0.02884268 0.05010712 0.9983273 0.2835953 0.2361793 0.9294047 -0.06309849 0.1667363 0.9839805 0.1344413 -0.1676144 0.9766428 -0.1250591 0.04411095 0.9911682 -0.2233468 -0.03190779 0.9742168 -0.06326967 0.2766409 0.9588883 0.006012618 0.1130753 0.9935683 -0.0447126 0.04362487 0.9980469 -0.06262582 -0.0427826 0.9971197 -0.1869342 -0.2229918 0.956729 0.003783583 -0.3904567 0.9206135 -0.2212067 -0.05141413 0.9738708 0.2270182 0.1270823 0.9655635 0.08481496 0.2016142 0.9757859 -0.02012902 -0.08030313 0.9965673 -0.2805706 -0.2540423 0.9256041 0.08119583 -0.1964784 0.9771405 -0.1339113 0.06354731 0.9889538 0.1253612 -0.153582 0.9801516 0.2208179 -0.07874387 0.9721311 0.008918166 -0.3122193 0.9499683 -0.03192263 -0.144175 0.9890372 0.02195388 -0.0883013 0.9958519 0.06455433 -0.06785988 0.9956043 0.1917555 0.1112185 0.9751207 0.002040624 0.2870488 0.9579138 0.1080765 0.02264833 0.9938846 0.09126091 0.1685867 0.981453 0.02183246 -0.1270985 0.9916499 0.1678196 0.2593444 -0.9510926 0.04217892 -0.0220462 -0.9988668 0.2003708 0.004393756 -0.9797104 -0.02768754 -0.2068557 -0.9779797 0.01021569 0.02181529 -0.9997099 -0.1972939 0.0831142 -0.9768149 0.08060276 0.2800449 -0.9565972 -0.2533664 0.0527091 -0.9659334 -0.1125108 0.4866307 -0.8663325 -0.01815718 -0.04456651 -0.9988415 0.06352311 -0.1778566 -0.9820041 -0.2697477 -0.2357153 -0.9336351 -0.1070295 0.127642 -0.9860285 0.2537506 0.08919692 -0.9631483 0.1868757 -0.04755449 -0.9812319 0.1110301 -0.01410049 -0.993717 0.07612437 -0.005442202 -0.9970836 0.07319939 0.06540352 -0.9951705 0.05061769 -0.04773259 -0.9975768 0.05398142 -0.2791389 -0.9587323 -0.04843538 -0.04824501 -0.9976605 -0.02267211 0.3881019 -0.9213376 0.05450147 0.03958624 -0.9977287 -0.1784795 0.2027521 -0.9628274 -0.01165395 0.07330012 -0.9972419 -0.0952081 0.215134 -0.9719325 0.2491098 0.2541534 -0.9345322 0.1476809 0.01814413 -0.9888686 -0.212985 0.0620051 -0.9750861 -0.1356232 0.1884612 -0.9726709 -0.1095012 0.1236607 -0.9862645 -0.07503581 0.1153375 -0.9904882 -0.07132107 0.04481965 -0.996446 -0.01466804 0.13502 -0.9907343 -0.02007687 0.3702768 -0.9287045 0.09712433 0.1456864 -0.9845519 -0.0115534 -0.2169713 -0.9761096 -0.1010033 0.1459115 -0.9841282 0.146521 -0.02153718 -0.9889732 0.2250732 -0.04211968 0.9734311 -0.07823354 -0.2683117 0.9601503 0.1199221 -0.4967725 0.8595556 0.01617741 0.07648819 0.9969393 -0.06604582 0.2094706 0.975582 -0.08252644 0.09199464 0.9923339 -0.05373287 0.01352751 0.9984637 -0.07734709 0.01853722 0.996832 -0.05983233 -0.05557346 0.9966603 -0.01090508 0.2866795 0.9579645 -0.03776991 0.03919523 0.9985175 0.04841005 0.04828679 0.9976597 -0.01317149 -0.03298658 0.999369 0.0569393 -0.3797395 0.9233395 0.1786398 -0.2030774 0.9627292 -0.2198827 -0.06926488 0.9730643 0.08424335 0.1536642 0.9845255 -0.1105784 0.3961983 0.911482 0.01944255 -0.1850282 0.9825409 0.1040845 -0.2887622 0.9517263 0.1273126 -0.178055 0.97575 0.05395412 -0.1228386 0.990959 0.07745051 -0.1280449 0.9887396 0.05858558 -0.05465149 0.9967854 -0.03772431 -0.3718204 0.9275379 0.006626188 -0.1548033 0.9879231 -0.1009277 -0.1409575 0.9848577 0.01659095 -0.07710683 0.9968848 -0.04967767 0.2768988 0.9596141 -0.1742235 0.1014232 0.979469 0.07822632 0.3117959 -0.9469235 0.2137101 0.250344 -0.9442753 -0.2647867 0.109825 -0.9580327 -0.02377855 -0.08593809 -0.9960167 0.08141928 -0.09700459 -0.9919481 0.05809891 -0.2140791 -0.975087 0.05008447 -0.0477302 -0.9976039 -0.005967259 -0.1131255 -0.9935629 0.02722805 -0.2854303 -0.9580127 -0.04680502 0.3835985 -0.9223132 0.1869077 0.2219609 -0.9569739 0.02873241 0.03497511 -0.9989752 -0.08183228 -0.2054052 -0.9752499 -0.2172265 -0.1426885 -0.965636 0.2636397 -0.009689331 -0.9645726 -0.003227114 0.1618407 -0.9868117 -0.1179693 0.185455 -0.9755459 -0.08055931 0.2954796 -0.9519464 -0.008327245 0.0822156 -0.9965799 0.03176194 0.143962 -0.9890735 0.009078085 0.324044 -0.9459986 0.01891773 -0.2694147 -0.9628385 -0.2296112 -0.1047203 -0.9676324 -0.07002812 0.0925197 -0.9932453 0.2235967 -0.05476182 0.9731422 -0.2231424 -0.2373764 0.9454416 -0.08122646 -0.3080479 0.9478971 0.02884352 0.05010652 0.9983274 0.283596 0.2361786 0.9294046 -0.06309771 0.1667357 0.9839807 0.1344413 -0.1676144 0.9766428 -0.2233468 -0.03190773 0.9742166 -0.06326913 0.2766401 0.9588887 0.006013154 0.1130745 0.9935683 -0.04471206 0.0436241 0.9980471 -0.06262516 -0.04278254 0.9971197 -0.1869337 -0.2229917 0.9567291 0.00378412 -0.3904567 0.9206136 -0.2212059 -0.05141448 0.9738709 0.2270192 0.1270819 0.9655633 0.08481597 0.2016139 0.9757859 -0.02012896 -0.08030253 0.9965673 -0.2805706 -0.2540416 0.9256041 0.08119589 -0.1964778 0.9771406 -0.1339095 0.06354761 0.988954 0.1253631 -0.1535819 0.9801514 0.2208197 -0.07874345 0.9721307 0.008918762 -0.3122199 0.949968 -0.03192204 -0.1441757 0.9890371 0.02195435 -0.08830201 0.9958518 0.06455487 -0.06785953 0.9956043 0.1917561 0.1112188 0.9751206 0.00204122 0.2870492 0.9579137 -0.1701822 -0.1589341 0.9725112 -0.08255463 -0.3041245 0.9490485 0.02402347 0.002240121 0.999709 0.1080759 0.02264821 0.9938847 0.09126043 0.1685868 0.9814531 0.02183192 -0.1270985 0.9916498 0.1678196 0.2593446 -0.9510926 0.04217904 -0.02204602 -0.9988669 0.2003709 0.004394054 -0.9797103 -0.02768701 -0.2068555 -0.9779797 0.01021629 0.02181553 -0.9997099 -0.1972934 0.08311438 -0.9768149 -0.6395744 -0.3943408 -0.6598787 -0.585833 0.1996122 -0.7854648 0.5104899 0.471806 -0.7188875 -0.5140387 -0.3236336 -0.7943713 -0.2302448 0.7090103 -0.6665522 0.3760392 -0.8138601 -0.4429744 0.3368083 0.652813 -0.6785244 0.5688613 0.706863 0.4204065 -0.6606266 0.6741862 -0.3302206 -0.1750857 -0.7902436 0.5872479 0.322683 -0.4511774 0.8320545 -0.6164645 -0.7792127 -0.1131338 -0.4165531 0.7729405 -0.4785879 -0.6811792 -0.4121721 -0.6050695 -0.456622 -0.387656 -0.8007616 0.7155355 -0.5768281 0.3940538 0.7818552 -0.6211637 0.05346423 0.7159363 -0.5080987 -0.4788225 0.6561202 -0.3843082 -0.6494717 0.7141296 -0.4859139 -0.5038914 0.7141754 -0.4812735 0.5082612 0.7155257 -0.5785099 0.3915984 0.7847698 -0.1214236 -0.6077769 0.781944 -0.6059466 -0.1462622 0.1292595 -0.8871673 -0.4429744 -1.67453e-7 1.36277e-7 1 -0.6394767 0.2725255 -0.7188876 0.3411277 -0.6056674 -0.7188873 -0.3277212 -0.6695575 -0.666552 -0.8172916 -0.3685212 -0.4429746 0.656526 -0.3431627 -0.6717239 0.7143433 -0.4642596 0.5236189 0.6665033 0.6683769 -0.3302206 0.2857285 0.6539076 -0.7005456 0.4941376 0.7084642 -0.5038915 0.5537007 0.7071878 0.4396601 0.8470187 0.431998 -0.3097372 -0.1826552 0.6689835 -0.7204847 -0.3973864 0.4481791 -0.8007618 0.9998971 -0.0143454 0 -0.332459 -0.7242131 0.6041411 -0.5484584 -0.7942014 0.2616055 -0.4925291 -0.7267355 -0.4788222 -0.4210787 0.6418672 -0.6408584 -0.6894275 -0.6510922 0.3174411 -0.6822569 -0.4433934 -0.5813157 -0.1537984 -0.7907757 0.5924695 -0.8115984 -0.4228293 0.4031419 0.3829063 -0.4526824 0.805271 0.1489745 -0.8840703 -0.4429744 -0.6505171 0.2450067 -0.7188876 -0.3252857 -0.6707441 -0.666552 0.3818165 -0.5808763 -0.7188873 -0.8640746 -0.2390595 -0.4429737 -0.1356844 0.5920845 -0.7943713 0.656526 -0.3431627 -0.671724 0.7143433 -0.4642596 0.5236189 0.6665034 0.6683769 -0.3302207 -0.7931984 0.08745658 0.6026507 -0.4495146 -0.4526756 0.7700789 -0.7857282 0.6081382 -0.113134 0.8608748 0.4264049 -0.277621 -0.1347971 0.6692842 -0.7306768 -0.3945376 0.4506891 -0.8007618 -0.2772513 -0.7255126 0.6298915 -0.5192207 -0.7977222 0.3066745 -0.4871044 -0.7303826 -0.4788219 0.8930611 0.4313993 -0.127814 -0.6657685 0.6752656 0.3174408 -0.1113276 0.668056 -0.735736 0.9998971 -0.0143454 0 -0.3540797 -0.724554 0.5913113 -0.1044586 -0.7872079 -0.6077765 -0.4652094 -0.79289 0.3935805 -0.792919 0.1069229 0.5998725 -0.4314414 0.8070533 0.4031417 -0.4488244 -0.4045721 0.7967923 0.9043785 0.4255635 -0.03154891 -0.6614748 0.6794722 0.3174408 -0.0384351 0.6674202 -0.7436889 -0.3072588 -0.7262089 0.6149901 -0.09859448 -0.7879637 -0.6077767 -0.3876606 -0.7946698 0.4671394 0.1202713 -0.3263221 -0.9375759 -0.5145108 -0.8574687 -0.00510472 0.3415338 -0.2321963 -0.9107357 0.3899409 -0.2234573 -0.8933158 -0.5075771 -0.8524242 -0.1254539 0.3643465 -0.287388 -0.8858102 0.3523038 0.4710144 -0.8087197 0.4978163 -0.6567497 0.566444 0.4392487 -0.4363524 -0.7852753 0.2651028 0.4863405 -0.8325825 0.7929691 0.4278703 0.4337363 0.4284629 0.4460748 -0.7857715 -0.5022182 -0.02570855 -0.8643588 -0.6591564 -0.715116 0.2326415 -0.1158401 0.9817294 -0.1509587 -0.5609049 0.1770555 -0.8087255 0.2460892 -0.9537386 -0.1726927 -0.7434271 0.325483 0.5842749 0.2195584 0.9605064 -0.1709429 0.7701658 -0.1283098 0.6248051 0.5158011 0.8416295 -0.1600288 0.2863609 -0.1085147 -0.951957 0.2952263 0.8153941 0.4979698 0.5395468 -0.6823449 0.4932493 0.06264126 0.4097405 -0.9100489 -0.8383305 0.5431479 -0.0468229 0.8212457 0.4490578 0.3519977 -0.5949295 -0.3782033 -0.7092399 -0.6641238 -0.6744474 0.3225838 -0.1074286 0.9727538 -0.2054489 -0.6640286 -0.1618539 -0.729979 -0.5940945 0.1432821 0.7915314 -0.5478558 0.2278363 -0.8049502 0.7515767 -0.6090444 -0.2533718 -0.6489113 -0.7176871 0.2526648 0.6066657 -0.7630534 -0.222949 0.7243059 0.6726057 -0.1516001 -0.09307521 -0.8014562 0.5907666 0.8832088 -0.3909349 -0.2590603 0.02344739 -0.06652098 0.9975095 -0.0162397 -0.05695176 0.9982449 -0.1383496 -0.2547149 0.9570683 -0.02237868 -0.05597436 0.9981814 -0.1110301 -0.08293098 0.9903509 -0.3298886 -0.161867 0.9300391 -0.3298873 -0.1618528 0.930042 -0.2565096 -0.27471 0.9266808 -0.1503197 -0.2512661 0.9561744 -0.02233308 -0.05600744 0.9981806 -0.3298833 -0.1618412 0.9300454 -0.1503325 -0.2512573 0.9561747 0.04021984 -0.1977373 0.9794296 -0.007039725 -0.1384012 0.9903513 0.09445416 -0.04065328 0.9946989 -0.0140379 -0.1396959 0.990095 0.1887107 -0.169375 0.9673161 0.3319727 -0.08413553 0.9395294 0.3319532 -0.08415561 0.9395345 0.2609114 0.02915543 0.9649224 0.09128004 -0.04275965 0.9949069 -0.01402503 -0.1396862 0.9900966 0.3319968 -0.08415037 0.9395195 0.09129709 -0.04274243 0.9949061 0.1502355 0.3073211 -0.9396718 0.1390082 0.08291476 -0.986814 0.03029376 0.05724865 -0.9979003 0.02224379 0.0577327 -0.9980843 0.09996485 -0.01220476 -0.9949162 0.1861128 0.09496992 -0.9779278 0.1977995 0.04571884 -0.9791759 0.108559 -0.04531532 -0.9930567 0.2095837 0.1428116 -0.9673054 0.1935679 0.08628702 -0.977285 0.1939135 0.4379621 -0.8778307 0.1502329 0.3073249 -0.9396709 -0.03105211 -0.1163284 -0.9927253 -0.2409636 0.1149063 -0.9637081 0.01712191 0.0814197 -0.9965329 0.01279413 0.08059632 -0.9966647 -0.1133843 0.2373707 -0.9647794 -0.1989259 0.127909 -0.9716315 -0.1828793 0.1263858 -0.9749779 -0.09168487 0.2189026 -0.9714297 -0.1933483 0.02611708 -0.9807825 -0.1919629 0.1380046 -0.9716507 -0.1962818 -0.2233882 -0.9547624 -0.03101408 -0.1163156 -0.992728 0.02402347 0.002234935 0.999709 -0.03497534 0.02368056 0.9991076 -0.1701429 -0.1589344 0.972518 -0.03497922 0.02368664 0.9991074 -0.12853 -0.008003473 0.9916734 -0.3107575 -0.09636402 0.9455918 -0.3107495 -0.09642076 0.9455887 -0.2837818 -0.1966456 0.9385086 -0.1701658 -0.1589189 0.9725165 -0.03498369 0.02368885 0.9991071 -0.3107696 -0.09637057 0.9455872 -0.1701741 -0.1589577 0.9725088 0.06068843 -0.09961259 0.9931738 0.0240398 0.002253592 0.9997085 -0.08253389 -0.304129 0.9490489 0.02181369 -0.1271075 0.9916491 -0.00578612 -0.06487035 0.997877 0.1080846 0.02265876 0.9938834 -0.005797028 -0.06487154 0.9978768 0.2097005 -0.08475488 0.9740854 0.3134595 -2.46406e-4 0.9496015 0.3134639 -2.15805e-4 0.9496001 0.2897931 0.09947997 0.9519054 0.1080714 0.0226739 0.9938846 -0.005812287 -0.06484299 0.9978786 0.3134381 -2.38687e-4 0.9496086 0.1080667 0.02265119 0.9938856 -0.05779665 4.7753e-4 0.9983283 0.02184665 -0.1271057 0.9916486 0.0912528 0.1685495 0.9814601 0.166947 0.2605038 -0.9509292 0.1448664 0.0179466 -0.9892885 0.04217153 -0.02206897 -0.9988666 0.04217129 -0.02206057 -0.9988668 0.06359034 -0.1177405 -0.9910063 0.2003667 0.004394173 -0.9797111 0.06361299 -0.1177265 -0.9910066 0.2091884 0.0735979 -0.9751018 0.181318 0.1617159 -0.970037 0.200392 0.004392981 -0.9797061 0.06361562 -0.1177435 -0.9910043 0.1813356 0.161714 -0.9700341 0.2004074 0.004396259 -0.9797028 0.1959744 0.3512722 -0.9155337 0.1669479 0.2605018 -0.9509298 -0.02765136 -0.2068888 -0.9779736 -0.2398133 0.03015303 -0.9703506 0.01021993 0.02180385 -0.9997101 0.01020801 0.02181643 -0.9997099 -0.06211924 0.2052656 -0.976733 -0.1972742 0.08308029 -0.9768217 -0.1972743 0.08310103 -0.9768199 -0.06211721 0.2052429 -0.9767379 -0.1778184 -0.08121323 -0.9807065 0.09052705 0.2082396 -0.9738794 -0.1778167 -0.08118003 -0.9807095 -0.06209534 0.2052624 -0.9767351 -0.1972798 0.08307856 -0.9768208 -0.1968274 -0.268984 -0.9428185 -0.02768802 -0.2068712 -0.9779763 0.1669458 0.2605041 -0.9509294 0.1448651 0.01794677 -0.9892887 0.04217016 -0.02206891 -0.9988667 0.04217076 -0.02206063 -0.9988669 0.06358981 -0.1177405 -0.9910064 0.2003662 0.004394233 -0.9797113 0.06361311 -0.1177268 -0.9910065 0.2091884 0.07359766 -0.9751018 0.181318 0.1617156 -0.9700371 0.2003921 0.004392683 -0.9797059 0.06361585 -0.1177437 -0.9910042 0.1813358 0.1617137 -0.970034 0.2004062 0.004395604 -0.9797031 0.1959733 0.3512715 -0.9155342 0.1669468 0.260501 -0.9509301 -0.02765041 -0.2068902 -0.9779734 -0.2398124 0.03015136 -0.970351 0.01022088 0.02180236 -0.9997101 0.01020842 0.02181899 -0.9997099 -0.0621196 0.2052655 -0.976733 -0.1972745 0.08308017 -0.9768216 -0.1972751 0.08310091 -0.9768198 -0.06211805 0.2052428 -0.9767379 -0.1778191 -0.08121347 -0.9807063 0.09052747 0.2082396 -0.9738794 -0.1778162 -0.08118003 -0.9807096 -0.06209492 0.2052623 -0.9767352 -0.1972791 0.08307933 -0.9768208 -0.1968266 -0.2689834 -0.9428188 -0.02768731 -0.2068704 -0.9779765 0.024024 0.002234995 0.9997089 -0.03497481 0.02368062 0.9991076 -0.1701423 -0.1589344 0.9725182 -0.0349788 0.02368563 0.9991074 -0.1285296 -0.008004486 0.9916735 -0.3107572 -0.09636509 0.9455918 -0.3107492 -0.09642046 0.9455888 -0.2837815 -0.1966453 0.9385088 -0.1701655 -0.1589184 0.9725167 -0.0349844 0.02368903 0.9991071 -0.3107703 -0.09637039 0.9455869 -0.1701747 -0.1589574 0.9725087 0.0607354 -0.0996195 0.9931703 0.0240395 0.002253651 0.9997085 -0.08253407 -0.3041288 0.949049 0.0218138 -0.1271075 0.9916492 -0.005786061 -0.06487029 0.997877 0.1080847 0.02265876 0.9938835 -0.005796551 -0.06487113 0.9978769 0.209701 -0.08475446 0.9740854 0.31346 -2.45795e-4 0.9496014 0.3134648 -2.1569e-4 0.9495999 0.2897941 0.09948003 0.9519051 0.1080723 0.02267414 0.9938845 -0.005812466 -0.06484299 0.9978786 0.3134378 -2.38553e-4 0.9496088 0.1080665 0.02265119 0.9938856 -0.05779713 4.77798e-4 0.9983283 0.02184617 -0.1271055 0.9916486 0.09125238 0.1685497 0.9814602 0.166946 0.2605042 -0.9509294 0.1448653 0.01794689 -0.9892887 0.04217034 -0.02206879 -0.9988667 0.04217129 -0.02206051 -0.9988669 0.06359034 -0.1177404 -0.9910064 0.2003667 0.004394352 -0.9797112 0.06361299 -0.1177265 -0.9910065 0.2091883 0.07359802 -0.9751018 0.1813179 0.161716 -0.970037 0.2003917 0.004392981 -0.9797061 0.06361532 -0.1177434 -0.9910044 0.1813353 0.161714 -0.9700341 0.200407 0.004395902 -0.9797029 0.195974 0.3512718 -0.915534 0.1669475 0.2605013 -0.9509299 -0.0276513 -0.2068901 -0.9779734 -0.2398133 0.03015136 -0.9703508 0.01022005 0.02180218 -0.9997101 0.01020824 0.02181643 -0.99971 -0.062119 0.2052656 -0.976733 -0.1972739 0.08308029 -0.9768217 -0.1972746 0.08310103 -0.9768199 -0.06211751 0.2052429 -0.9767379 -0.1778187 -0.08121329 -0.9807064 0.09052735 0.2082397 -0.9738794 -0.1778163 -0.08117991 -0.9807096 -0.06209498 0.2052624 -0.9767352 -0.1972798 0.0830788 -0.9768207 -0.1968274 -0.2689839 -0.9428185 -0.02768802 -0.206871 -0.9779765 0.02402341 0.002234697 0.999709 -0.03497534 0.02368032 0.9991077 -0.1701428 -0.1589347 0.972518 -0.03497928 0.02368652 0.9991074 -0.12853 -0.008003592 0.9916734 -0.3107576 -0.09636414 0.9455918 -0.31075 -0.09642153 0.9455884 -0.2837824 -0.1966463 0.9385083 -0.1701663 -0.1589197 0.9725164 -0.03498375 0.02368867 0.9991072 -0.3107696 -0.09637069 0.9455871 -0.1701741 -0.1589578 0.9725087 0.06068801 -0.09961271 0.9931738 0.02403944 0.002253472 0.9997085 -0.08253419 -0.3041291 0.9490488 0.02181321 -0.1271076 0.9916491 -0.005786657 -0.06487041 0.997877 0.1080842 0.0226587 0.9938836 -0.00579667 -0.06487154 0.9978768 0.2097009 -0.08475482 0.9740853 0.3134599 -2.46324e-4 0.9496015 0.3134652 -2.16187e-4 0.9495997 0.2897944 0.09947955 0.951905 0.1080726 0.02267372 0.9938845 -0.005775332 -0.06487298 0.9978769 0.3134375 -2.38776e-4 0.9496088 0.1080662 0.02265107 0.9938856 -0.05779814 4.77493e-4 0.9983282 0.02184528 -0.1271059 0.9916486 0.09125155 0.1685494 0.9814603 0.1669467 0.260504 -0.9509293 0.1448661 0.0179466 -0.9892885 0.04217112 -0.02206897 -0.9988667 0.04217022 -0.02206039 -0.9988669 0.06358921 -0.1177402 -0.9910065 0.2003657 0.004394352 -0.9797114 0.06361401 -0.1177263 -0.9910065 0.2091893 0.07359808 -0.9751017 0.1813189 0.1617161 -0.9700368 0.2003917 0.004393041 -0.9797061 0.06361532 -0.1177433 -0.9910044 0.1813353 0.1617141 -0.9700341 0.2004073 0.004395663 -0.9797028 0.1959743 0.3512716 -0.9155339 0.1669477 0.2605012 -0.9509299 -0.02765089 -0.2068889 -0.9779736 -0.2398129 0.03015303 -0.9703508 0.0102204 0.02180397 -0.99971 0.01020771 0.02181655 -0.9997099 -0.06211954 0.2052658 -0.9767329 -0.1972745 0.08308041 -0.9768216 -0.1972741 0.08310115 -0.9768199 -0.06211698 0.205243 -0.9767378 -0.1778181 -0.08121317 -0.9807065 0.09052735 0.2082398 -0.9738793 -0.1778163 -0.08117991 -0.9807096 -0.06209492 0.2052625 -0.9767352 -0.1972801 0.08307886 -0.9768206 -0.1968277 -0.2689838 -0.9428185 -0.02768838 -0.206871 -0.9779764 0.0218138 -0.1271075 0.991649 -0.005786061 -0.06487041 0.997877 0.1080847 0.0226587 0.9938834 -0.00579679 -0.06487125 0.9978769 0.2097007 -0.08475446 0.9740854 0.3134598 -2.45944e-4 0.9496015 0.3134656 -2.15227e-4 0.9495996 0.289795 0.0994805 0.9519048 0.1080731 0.02267467 0.9938844 -0.005775332 -0.06487298 0.9978768 0.3134375 -2.38732e-4 0.9496089 0.1080662 0.02265107 0.9938857 -0.0577982 4.77701e-4 0.9983282 0.02184522 -0.1271057 0.9916487 0.09125143 0.1685496 0.9814603 0.1669457 0.2605036 -0.9509295 0.144865 0.01794618 -0.9892888 0.04216998 -0.02206957 -0.9988667 0.04217129 -0.02206063 -0.9988669 0.06359034 -0.1177405 -0.9910064 0.2003667 0.004394233 -0.9797112 0.06361407 -0.1177268 -0.9910064 0.2091893 0.07359766 -0.9751017 0.1813189 0.1617156 -0.9700369 0.2003917 0.004392683 -0.9797061 0.06361532 -0.1177437 -0.9910044 0.1813353 0.1617137 -0.9700342 0.2004067 0.004395604 -0.979703 0.1959736 0.3512715 -0.9155341 0.1669471 0.260501 -0.95093 -0.02765053 -0.2068901 -0.9779734 -0.2398126 0.03015148 -0.970351 0.01022094 0.02180242 -0.9997102 0.01020789 0.02181899 -0.9997099 -0.06212019 0.2052655 -0.9767329 -0.197275 0.08308017 -0.9768216 -0.1972746 0.08310103 -0.9768198 -0.06211751 0.2052428 -0.9767379 -0.1778185 -0.08121347 -0.9807064 0.0905196 0.208257 -0.9738765 -0.1778153 -0.08118009 -0.9807098 -0.06209391 0.2052623 -0.9767352 -0.1972787 0.08307868 -0.976821 -0.1968263 -0.2689839 -0.9428187 -0.02768695 -0.206871 -0.9779764 0.02402287 0.002234876 0.999709 -0.03497594 0.02368056 0.9991076 -0.1701434 -0.1589345 0.9725179 -0.03497844 0.02368575 0.9991074 -0.1285292 -0.008004367 0.9916734 -0.3107568 -0.09636485 0.9455919 -0.3107492 -0.0964207 0.9455888 -0.2837815 -0.1966456 0.9385088 -0.1701655 -0.1589187 0.9725167 -0.03498387 0.02368891 0.9991071 -0.3107697 -0.09637045 0.9455872 -0.1701743 -0.1589576 0.9725088 0.06073635 -0.09961962 0.9931702 0.02404028 0.002253651 0.9997085 -0.08253329 -0.3041289 0.949049 0.02181428 -0.1271075 0.9916491 -0.005785524 -0.06487041 0.997877 0.1080853 0.02265864 0.9938834 -0.005797624 -0.06487166 0.9978768 0.2097 -0.08475524 0.9740855 0.313459 -2.46674e-4 0.9496018 0.3134635 -2.15557e-4 0.9496002 0.2897928 0.09948015 0.9519054 0.1080711 0.02267402 0.9938846 -0.005811989 -0.06484305 0.9978786 0.3134384 -2.38702e-4 0.9496085 0.108067 0.02265107 0.9938856 -0.05779725 4.77791e-4 0.9983283 0.02184611 -0.1271056 0.9916487 0.09125232 0.1685497 0.9814602 0.1669461 0.260504 -0.9509294 0.1448653 0.01794666 -0.9892886 0.0421704 -0.02206903 -0.9988667 0.04217129 -0.02206039 -0.9988668 0.06359034 -0.1177403 -0.9910064 0.2003667 0.004394471 -0.9797112 0.06361299 -0.1177263 -0.9910066 0.2091884 0.07359808 -0.9751018 0.181318 0.1617161 -0.970037 0.2003917 0.0043931 -0.979706 0.06361532 -0.1177433 -0.9910044 0.1813353 0.1617141 -0.9700341 0.2004074 0.004396319 -0.9797028 0.1959744 0.3512722 -0.9155337 0.1669479 0.2605018 -0.9509297 -0.02765119 -0.2068905 -0.9779734 -0.2398132 0.03015077 -0.9703508 0.01022034 0.02180171 -0.9997102 -0.06211954 0.2052658 -0.9767329 -0.197274 0.08310121 -0.9768199 -0.06211698 0.205243 -0.9767378 -0.1778181 -0.08121317 -0.9807065 0.09052753 0.2082397 -0.9738793 -0.1778162 -0.08117991 -0.9807096 -0.0620948 0.2052625 -0.9767352 -0.1972795 0.0830788 -0.9768208 -0.1968271 -0.2689839 -0.9428186 -0.02768766 -0.206871 -0.9779765 0.03905212 -0.380073 -0.9241318 0.9719925 0.1398876 0.188844 -0.5124651 -0.8583744 0.02393841 0.3800134 -0.2299041 -0.8959543 0.9590688 0.1472961 0.2418487 -0.511707 -0.8550555 -0.08388197 0.3533331 0.4671708 -0.8104982 0.2413023 0.8842356 0.3998757 0.4954735 -0.6480122 0.5784342 0.2933498 0.4848608 -0.8239271 -0.8112828 0.5435057 -0.2154576 0.7838419 0.4283642 0.4495507 -0.4925926 -6.64258e-4 -0.8702598 -0.3963775 -0.0336281 -0.9174716 -0.6616653 -0.7217144 0.2032917 -0.559483 0.1759032 -0.809961 -0.5498175 -0.3091545 -0.7759667 0.2382799 -0.9474282 -0.2135475 0.2874274 -0.1123035 -0.9511958 0.2943713 0.4773091 -0.8279624 0.3189203 0.7483953 0.5815449 0.09434866 0.4081996 -0.9080041 0.2474611 0.4345431 -0.8659881 -0.8364233 0.5401524 -0.09290647 -0.5196952 -0.2019979 -0.8301289 -0.3411359 -0.03870379 -0.9392169 -0.6588824 -0.6523512 0.3745824 -0.8126932 -0.05284976 -0.5802904 0.2376751 -0.9256899 -0.2942939 -0.6855531 0.2249568 0.6923955 -0.9408124 0.2464984 -0.2326169 -0.9355979 0.106155 -0.336731 -0.3190658 -0.8615453 0.3948885 -0.9281654 -0.1358118 -0.3465027 -0.7605659 -0.6467236 -0.05734246 0.3907381 -0.8691526 0.303146 0.03297722 0.9845563 -0.1719346 0.04525035 0.997122 0.06082957 0.2952646 0.9510592 -0.09113305 0.03670412 0.9845865 -0.1710042 -0.007996857 0.9998491 0.01542735 0.04600942 0.9971372 0.06000465 -0.567906 0.00760591 -0.8230583 -0.6868913 -0.09131872 -0.7210001 -0.6769677 -0.09195518 -0.7302459 -0.7022266 0.09072321 0.7061495 -0.6456204 0.06968683 0.7604724 -0.669729 0.1680871 0.7233324 0.8530268 0.2737328 -0.4443147 0.6765628 -0.0545504 -0.7343617 0.5747997 0.1779931 -0.7987014 -0.6765023 0.1213105 -0.7263804 -0.5957732 -0.024827 -0.8027689 -0.6854174 0.1231814 -0.7176554 -0.1428887 -0.9838076 -0.1081914 0.308808 -0.9457147 0.1012981 -0.06797927 -0.9976462 -0.008998811 0.1099019 -0.9812284 -0.1584697 0.007190763 -0.9974666 0.07077199 0.01020199 -0.9998294 -0.01540684 -0.6744602 -0.03210616 0.7376129 -0.6909105 -0.1063677 0.7150725 -0.6433468 -0.1360069 0.753397 0.5810305 -0.03894865 -0.8129493 0.752595 -0.3638481 -0.5488309 0.6649195 -0.2539361 -0.7024233 -0.5981504 0.2808182 -0.7505713 -0.5402158 0.6228395 -0.5658957 -0.2961114 0.5994591 -0.7436175 -0.5257297 0.1972113 0.8274756 -0.650361 0.5608506 0.5123254 -0.7768026 0.3200733 0.5423383 0.5700474 0.5580657 0.6029998 0.6007027 0.6581327 0.4538916 0.5634996 0.5552459 0.6116946 0.6257441 0.4291023 -0.6513951 0.6829437 0.4329202 -0.5883606 0.6646059 0.3563169 -0.6567627 -0.5777352 -0.5006296 -0.6446643 -0.3034583 -0.7461457 -0.5926041 -0.630703 -0.5312739 -0.5656516 -0.6617244 -0.1217889 0.7397894 -0.7688624 -0.4072865 0.4929181 -0.3811815 -0.4443293 0.8107233 0.5645744 -0.5654407 0.6012758 0.6517006 -0.6164836 0.4418534 0.6851159 -0.4164126 0.5976762 0.6428732 -0.4161627 -0.6430573 0.6499478 -0.4746547 -0.5935241 0.637224 -0.4126597 -0.6508899 0.6352706 -0.117426 0.7633101 0.6996086 -0.167782 0.6945481 0.8468936 -0.2412588 0.4738835 -0.5679079 0.007606148 -0.823057 -0.5835708 -0.24514 -0.774178 -0.6868929 -0.09131807 -0.7209988 0.717555 0.4044854 0.5670154 0.6323233 0.1057029 0.7674595 0.7041537 0.04431551 0.7086634 -0.7022263 0.09072238 0.7061499 -0.6924113 0.09136122 0.7156955 -0.6456214 0.06968396 0.7604718 0.8530282 0.2737299 -0.4443139 0.8079864 -0.1618182 -0.5665446 0.6765678 -0.05455255 -0.7343569 -0.6765019 0.1213115 -0.7263807 -0.5605808 0.2320953 -0.7949094 -0.5957672 -0.02482092 -0.8027736 -0.6744612 -0.03210562 0.737612 -0.6997125 -0.1083416 0.7061619 -0.690911 -0.1063669 0.7150721 0.5810347 -0.03893029 -0.8129472 0.8891887 0.05223584 -0.4545494 0.7525987 -0.3638457 -0.5488274 -0.5981512 0.2808396 -0.7505628 -0.6328033 0.5580618 -0.5367747 -0.5402141 0.6228382 -0.5658987 -0.5257388 0.1971659 0.8274808 -0.401451 0.6209914 0.6732065 -0.6503864 0.5608046 0.5123434 0.5700293 0.5580774 0.603006 0.6952411 0.4420084 0.5668054 0.6007016 0.6581423 0.4538794 0.6257646 0.4290881 -0.6513848 0.6358267 0.4316143 -0.6398701 0.6829262 0.4329065 -0.5883909 -0.5777315 -0.5006311 -0.6446666 -0.4370976 -0.3673792 -0.8209617 -0.3034492 -0.746162 -0.5925883 -0.6617268 -0.1217554 0.7397928 -0.7004725 -0.2532666 0.6672289 -0.7688516 -0.4072954 0.4929276 0.5645877 -0.5654306 0.6012729 0.574842 -0.5663903 0.5905581 0.6516972 -0.6164622 0.4418882 0.6428619 -0.4161692 -0.6430645 0.6897482 -0.3723609 -0.6209629 0.6499528 -0.4746654 -0.59351 0.03297716 0.9845563 -0.1719346 0.04524999 0.997122 0.06082957 0.2952645 0.9510593 -0.0911327 0.03670424 0.9845867 -0.1710024 -0.007996618 0.9998491 0.01542907 0.04600965 0.9971371 0.06000643 0.6352716 -0.1174355 0.7633079 0.8469018 -0.2412403 0.4738782 0.7811784 0.1912541 0.5942913 -0.5679062 0.00760585 -0.8230582 -0.6868914 -0.09131884 -0.721 -0.6769679 -0.0919553 -0.7302458 0.7175321 0.4044978 0.5670354 0.7041568 0.0443145 0.7086603 0.874936 -0.00621283 0.4841989 -0.7022261 0.09072297 0.70615 -0.6456199 0.06968659 0.7604727 -0.6697285 0.1680869 0.7233329 0.8530268 0.2737329 -0.4443149 0.6765628 -0.05455046 -0.7343617 0.5747995 0.177993 -0.7987015 -0.6765022 0.1213104 -0.7263805 -0.5957731 -0.02482718 -0.802769 -0.6854174 0.1231813 -0.7176555 -0.1428907 -0.9838076 -0.1081902 0.3088061 -0.9457153 0.1012994 -0.06798154 -0.997646 -0.008997559 0.1099041 -0.9812279 -0.158471 0.00719285 -0.9974667 0.07077068 0.01020413 -0.9998292 -0.01540803 -0.6744598 -0.03210633 0.7376132 -0.6909101 -0.1063679 0.7150729 -0.6433464 -0.1360071 0.7533973 0.5810297 -0.03894901 -0.8129499 0.7525941 -0.3638486 -0.5488318 0.6649186 -0.2539365 -0.7024242 -0.5981503 0.2808132 -0.7505733 -0.5402165 0.6228357 -0.5658991 -0.2961118 0.5994547 -0.7436208 -0.525733 0.1972118 0.8274736 -0.6503633 0.5608505 0.5123226 -0.7768048 0.3200727 0.5423355 0.5700502 0.5580632 0.6029994 0.6007059 0.6581352 0.4538837 0.5634986 0.5552504 0.6116914 0.6257438 0.4291031 -0.6513949 0.6829433 0.432921 -0.5883604 0.6646056 0.3563177 -0.6567627 -0.5777288 -0.5006305 -0.6446694 -0.3034617 -0.7461443 -0.5926042 -0.6307057 -0.531263 -0.5656589 -0.6617236 -0.1217882 0.7397903 -0.7688623 -0.4072856 0.4929193 -0.3811806 -0.4443286 0.8107241 0.5645759 -0.565442 0.6012732 0.6517015 -0.6164849 0.4418502 0.6851174 -0.4164139 0.5976735 0.6428705 -0.4161649 -0.6430585 0.6499454 -0.4746596 -0.5935227 0.6372185 -0.4126656 -0.6508916 0.6352707 -0.117426 0.7633102 0.6996086 -0.167782 0.6945481 0.8468937 -0.2412588 0.4738835 -0.5679081 0.007606625 -0.8230568 -0.583571 -0.2451395 -0.774178 -0.6868931 -0.09131765 -0.7209986 0.7175545 0.4044851 0.5670163 0.6323227 0.1057026 0.7674602 0.704153 0.04431521 0.7086641 0.8530283 0.2737296 -0.4443141 0.8079863 -0.1618186 -0.5665447 0.6765677 -0.05455291 -0.7343569 -0.6765028 0.1213111 -0.7263798 -0.5605819 0.2320949 -0.7949089 -0.5957682 -0.0248214 -0.8027729 0.581035 -0.03893023 -0.8129469 0.8891888 0.05223572 -0.4545491 0.7525988 -0.3638457 -0.5488272 -0.5981518 0.2808439 -0.7505608 -0.6328032 0.5580647 -0.5367718 -0.5402139 0.6228412 -0.5658955 -0.5257382 0.1971698 0.8274801 -0.4014498 0.6209943 0.6732044 -0.6503851 0.5608077 0.5123416 0.5700306 0.5580808 0.6030015 0.6952424 0.4420119 0.5668011 0.6007024 0.6581453 0.4538741 0.6257632 0.4290863 -0.6513872 0.6358254 0.4316126 -0.6398724 0.682925 0.4329048 -0.5883935 -0.5777323 -0.5006322 -0.644665 -0.4370986 -0.3673808 -0.8209606 -0.3034502 -0.746163 -0.5925865 -0.6617295 -0.1217512 0.739791 -0.7004758 -0.2532618 0.6672273 -0.7688555 -0.4072903 0.4929258 0.564589 -0.5654277 0.6012744 0.5748432 -0.5663874 0.5905596 0.6516987 -0.6164594 0.44189 0.6428654 -0.4161683 -0.6430615 0.6897519 -0.3723613 -0.6209586 0.6499565 -0.4746659 -0.5935057 0.363388 0.003917515 -0.9316298 0.3588187 0.01487749 -0.9332888 0.3695953 0.01326876 -0.9290982 0.1603603 0.1908571 -0.9684308 0.3699432 0.01540076 -0.9289268 0.3685831 0.01506519 -0.9294727 0.5052773 -0.1428027 -0.8510596 0.3354477 -0.2740756 -0.9013088 0.2883391 -0.4143216 -0.8632486 0.3357687 2.49624e-4 -0.9419445 0.3202798 -0.02734881 -0.9469282 0.5286571 0.2185493 -0.8202182 0.7000779 0.1750436 -0.6922793 0.1798956 -0.2622983 -0.9480703 0.4292402 0.2140721 -0.8774543 0.3558486 0.06957226 -0.9319503 0.3732486 0.04178166 -0.9267901 0.3201097 0.4318162 -0.8432465 0.3976867 0.02407628 -0.9172055 0.5825242 0.2765685 -0.7643137 0.0329771 0.9845563 -0.1719346 0.04524999 0.997122 0.06082957 0.2952645 0.9510593 -0.09113264 0.0367043 0.9845867 -0.1710024 -0.007996618 0.9998491 0.01542907 0.04600965 0.9971371 0.06000649 -0.5679062 0.007605433 -0.8230583 -0.6868914 -0.0913192 -0.721 -0.6769678 -0.09195566 -0.7302457 -0.7022268 0.09072256 0.7061494 -0.6456206 0.06968617 0.7604722 -0.6697292 0.1680865 0.7233324 0.8530268 0.273733 -0.4443147 0.6765629 -0.05455017 -0.7343617 0.5747997 0.1779933 -0.7987014 -0.6765022 0.1213102 -0.7263805 -0.595773 -0.02482736 -0.8027692 -0.6854173 0.1231811 -0.7176556 -0.1428908 -0.9838075 -0.1081901 0.3088061 -0.9457153 0.1012994 -0.06798148 -0.9976461 -0.008997499 0.1099039 -0.9812279 -0.1584711 0.007192909 -0.9974667 0.07077068 0.01020407 -0.9998292 -0.01540803 -0.6744594 -0.03210639 0.7376136 -0.6909097 -0.106368 0.7150732 -0.643346 -0.1360072 0.7533977 0.5810299 -0.03894883 -0.8129497 0.7525944 -0.3638483 -0.5488316 0.6649188 -0.2539362 -0.702424 -0.5981509 0.2808127 -0.7505729 -0.5402172 0.6228353 -0.5658988 -0.2961127 0.5994545 -0.7436206 -0.5257331 0.1972138 0.827473 -0.6503627 0.5608523 0.5123214 -0.7768044 0.3200747 0.5423349 0.5700471 0.5580661 0.6029996 0.6007024 0.6581323 0.4538928 0.5634992 0.5552454 0.6116955 0.6257438 0.4291042 -0.6513941 0.6829434 0.432922 -0.5883595 0.6646056 0.3563189 -0.656762 -0.5777314 -0.5006315 -0.6446663 -0.303465 -0.7461451 -0.5926014 -0.630708 -0.5312638 -0.5656555 -0.6617239 -0.121792 0.7397893 -0.7688616 -0.4072889 0.4929176 -0.38118 -0.4443317 0.8107227 0.5645767 -0.5654416 0.6012729 0.6517025 -0.6164842 0.4418498 0.6851179 -0.4164133 0.5976733 0.6428698 -0.4161657 -0.6430588 0.6499441 -0.4746557 -0.5935273 0.6372236 -0.41266 -0.6508902 0.6352707 -0.117426 0.7633102 -0.5679081 0.007606506 -0.8230568 -0.583571 -0.2451397 -0.7741779 -0.6868931 -0.09131783 -0.7209985 0.7175554 0.404485 0.5670153 0.6323238 0.1057025 0.7674593 0.7041541 0.04431509 0.7086631 -0.7022261 0.09072232 0.7061501 -0.6924111 0.09136116 0.7156957 -0.6456212 0.0696839 0.760472 0.8530282 0.2737298 -0.444314 0.8079864 -0.1618183 -0.5665447 0.6765678 -0.05455273 -0.7343569 -0.6765017 0.1213119 -0.7263807 -0.5605807 0.2320957 -0.7949095 -0.5957671 -0.02482056 -0.8027737 -0.6744614 -0.03210526 0.7376118 -0.6997127 -0.1083412 0.7061617 -0.6909112 -0.1063665 0.715072 0.5810356 -0.03893023 -0.8129466 0.8891891 0.05223584 -0.4545485 0.7525993 -0.3638457 -0.5488267 -0.5981515 0.2808468 -0.7505597 -0.6328023 0.5580672 -0.5367703 -0.5402129 0.6228436 -0.5658939 -0.5257383 0.1971673 0.8274807 -0.4014509 0.6209924 0.6732056 -0.650386 0.5608056 0.5123428 0.5700302 0.5580797 0.6030032 0.6952421 0.4420119 0.5668016 0.6007019 0.6581453 0.4538744 0.6257625 0.4290896 -0.6513859 0.6358267 0.4316159 -0.6398688 0.6829242 0.43291 -0.5883907 -0.5777297 -0.5006319 -0.6446675 -0.4370955 -0.3673796 -0.8209628 -0.303447 -0.7461626 -0.5925887 -0.6617274 -0.1217527 0.7397926 -0.7004736 -0.2532638 0.6672288 -0.7688533 -0.4072927 0.4929276 0.5645869 -0.5654321 0.6012722 0.5748407 -0.5663881 0.5905614 0.6516962 -0.6164603 0.4418924 0.642863 -0.4161667 -0.6430648 0.6897493 -0.3723585 -0.620963 0.6499541 -0.4746631 -0.5935105 0.0329771 0.9845563 -0.1719346 0.04525005 0.997122 0.06082952 0.2952644 0.9510593 -0.09113281 0.03670388 0.9845865 -0.1710043 -0.007997155 0.9998491 0.01542735 0.04600906 0.9971372 0.06000471 0.6352717 -0.1174352 0.7633078 0.846902 -0.2412399 0.473878 0.7811785 0.1912544 0.5942912 -0.5679055 0.007605671 -0.8230587 -0.6868909 -0.09131902 -0.7210006 -0.6769672 -0.09195542 -0.7302463 0.7175324 0.4044978 0.5670351 0.7041572 0.04431444 0.7086599 0.8749364 -0.00621289 0.4841983 -0.7022271 0.09072256 0.7061492 -0.6456209 0.06968617 0.7604719 -0.6697295 0.1680865 0.7233321 0.8530271 0.2737327 -0.4443145 0.6765632 -0.05455058 -0.7343614 0.5748 0.1779929 -0.7987012 -0.676502 0.1213103 -0.7263807 -0.5957728 -0.0248273 -0.8027693 -0.6854171 0.1231812 -0.7176557 -0.1428882 -0.9838076 -0.1081928 0.3088088 -0.9457147 0.1012967 -0.06797868 -0.9976462 -0.009000062 0.1099023 -0.9812282 -0.1584697 0.0071913 -0.9974666 0.07077199 0.01020252 -0.9998293 -0.01540678 -0.6744599 -0.03210616 0.7376132 -0.6909101 -0.1063677 0.7150728 -0.6433465 -0.136007 0.7533973 0.5810306 -0.03894859 -0.8129493 0.7525951 -0.363848 -0.5488309 0.6649194 -0.253936 -0.7024234 -0.5981514 0.2808176 -0.7505708 -0.5402168 0.622839 -0.5658953 -0.2961127 0.5994587 -0.7436172 -0.5257307 0.19721 0.8274753 -0.6503622 0.5608494 0.5123252 -0.7768036 0.3200718 0.5423379 0.5700473 0.5580658 0.6029998 0.6007026 0.6581328 0.4538918 0.5634995 0.5552459 0.6116946 0.6257454 0.4291009 -0.6513948 0.6829448 0.4329188 -0.5883603 0.6646069 0.3563156 -0.6567624 -0.5777289 -0.5006337 -0.6446669 -0.3034614 -0.7461465 -0.5926016 -0.6307055 -0.531266 -0.5656563 -0.6617255 -0.1217873 0.7397887 -0.7688636 -0.4072848 0.4929179 -0.3811829 -0.4443274 0.8107237 0.5645748 -0.5654419 0.6012744 0.6517007 -0.6164857 0.4418504 0.6851164 -0.416415 0.5976738 0.6428705 -0.4161624 -0.6430603 0.6499451 -0.4746543 -0.5935273 0.6372212 -0.4126592 -0.6508928 0.6352709 -0.1174256 0.7633101 0.6996088 -0.1677817 0.694548 0.8468937 -0.2412583 0.4738832 -0.5679085 0.007606685 -0.8230566 -0.5835714 -0.2451395 -0.7741777 -0.6868934 -0.09131753 -0.7209984 0.7175551 0.404485 0.5670157 0.6323233 0.1057025 0.7674596 0.7041536 0.04431504 0.7086635 0.8530285 0.2737299 -0.4443136 0.8079867 -0.1618182 -0.5665442 0.6765681 -0.05455249 -0.7343567 -0.6765017 0.1213112 -0.7263809 -0.5605806 0.232095 -0.7949097 -0.5957669 -0.02482134 -0.8027737 0.5810349 -0.03893029 -0.8129472 0.8891887 0.0522359 -0.4545492 0.7525989 -0.3638456 -0.5488272 -0.5981504 0.2808418 -0.7505625 -0.6328021 0.5580639 -0.536774 -0.5402128 0.6228402 -0.5658978 -0.5257395 0.1971668 0.8274801 -0.4014512 0.620992 0.6732057 -0.6503865 0.5608054 0.5123424 0.5700278 0.5580772 0.6030076 0.6952399 0.4420107 0.5668051 0.6007 0.6581442 0.4538787 0.6257639 0.4290897 -0.6513844 0.635827 0.4316149 -0.6398692 0.6829255 0.4329081 -0.5883905 -0.5777304 -0.5006359 -0.6446638 -0.4370969 -0.3673847 -0.8209597 -0.3034473 -0.7461659 -0.5925844 -0.661726 -0.121753 0.7397939 -0.7004719 -0.2532646 0.6672303 -0.7688516 -0.4072934 0.4929294 0.5645879 -0.5654312 0.6012721 0.5748422 -0.566391 0.5905572 0.6516973 -0.6164628 0.4418874 0.6428621 -0.4161687 -0.6430645 0.6897484 -0.3723604 -0.6209629 0.6499531 -0.474665 -0.59351 0.3633905 0.003916978 -0.9316287 0.3588256 0.01487779 -0.9332861 0.3695952 0.01326811 -0.9290981 0.1603601 0.1908576 -0.9684308 0.3699401 0.0154007 -0.928928 0.3685823 0.01506561 -0.9294731 0.5052806 -0.1428025 -0.8510575 0.3354507 -0.2740756 -0.9013077 0.2883426 -0.4143223 -0.8632472 0.3357682 2.48015e-4 -0.9419446 0.3202791 -0.02734786 -0.9469285 0.5286587 0.2185503 -0.820217 0.700078 0.1750435 -0.6922793 0.1799011 -0.2622991 -0.948069 0.4292404 0.2140721 -0.8774543 0.355849 0.06957018 -0.9319504 0.3732479 0.04178035 -0.9267905 0.3200907 0.4318141 -0.8432548 0.3976866 0.02407634 -0.9172055 0.582529 0.2765678 -0.7643103 -0.9802168 -0.1331031 0.1464878 -0.9991577 0.03536075 -0.02081948 -0.9804957 -0.07731342 -0.180696 -0.03492069 0.0869475 0.9956007 0.1360633 -0.1756665 0.9750016 0.1787502 -0.3646668 0.9138197 0.3088936 0.1111617 -0.9445781 0.08805483 0.3405156 -0.9361066 0.2514858 -0.06156969 -0.9659007 -0.3523796 0.08812528 -0.9316987 -0.1581952 -0.1013315 -0.9821947 -0.3717957 0.2160992 -0.9028118 0.6801466 -0.1287762 -0.7216767 0.6886687 -0.2110274 -0.6936879 0.9997619 -0.005168735 -0.02120453 0.9997112 -2.67205e-5 -0.02403604 0.6784983 -0.02027916 -0.7343221 -0.7107853 0.09451085 0.6970309 -0.7190645 0.01245748 0.6948316 -0.999749 -2.48006e-5 -0.02240353 -0.9997284 -0.005520105 -0.02264583 -0.7112123 0.3042998 0.6337024 0.6742255 -0.1470934 -0.7237289 0.6828308 -0.2093465 -0.6999402 0.9995545 -0.007068932 -0.02900004 0.9994342 -3.74028e-5 -0.03363621 0.6714584 -0.0483511 -0.7394632 -0.716512 0.06953185 0.6941008 -0.724687 0.009348809 0.6890147 -0.999534 -3.40581e-5 -0.03052461 -0.9994655 -0.007742702 -0.03176426 -0.7179131 0.256852 0.6470146 -0.4422578 0.02937787 -0.8964068 -0.6417402 0.2181416 -0.735244 0.6413667 0.2198903 -0.735049 0.6400811 0.2236052 -0.735049 0.6996217 0.04276812 -0.7132323 -0.442227 0.02983415 -0.896407 -0.457897 0.5587159 0.6914961 0.7085788 0.1706718 0.6846804 -0.6409107 0.6566126 0.3976097 0.5498145 0.4784549 0.6846788 -0.5949577 0.4097041 0.691497 0.7018217 0.4894628 0.5175639 0.9310914 0.1769385 -0.3190006 0.9885286 -0.09447455 -0.1178382 -0.08715605 -0.1446195 -0.9856415 -0.04947179 0.3943731 -0.9176179 0.5371229 0.7905069 0.2942752 0.7406097 0.6697856 0.0537101 -0.00335592 0.1409727 -0.9900078 0.2535721 -0.01663786 -0.9671734 -0.9780297 0.1970703 0.06798076 -0.130851 0.1477246 -0.9803344 -0.03381872 -0.5954706 -0.8026651 -0.7621623 -0.6245604 -0.1703912 -0.442583 0.02398335 -0.8964068 0.6997529 0.04056775 -0.7132322 0.7153215 -0.06296712 -0.6959529 -0.9788744 0.1982201 0.05013835 0.2873496 0.06156265 -0.9558454 -0.04653328 -0.05546075 -0.997376 0.7553775 0.1301509 0.6422349 0.6327518 0.06017422 -0.7720131 0.3569923 0.1032224 -0.9283866 -0.6409265 0.2205184 -0.7352448 -0.5833628 0.3031409 -0.7535207 0.3757849 0.1898322 -0.9070555 -0.7007397 -0.1539594 -0.6966064 0.7137221 -0.07919043 -0.6959381 0.6278921 -0.4996567 -0.5967367 -0.07932198 -0.6811773 -0.7278088 -0.9939827 -0.1070853 -0.02304583 0.03306901 -0.1746311 -0.9840785 -0.5760492 -0.4400401 0.688863 -0.3849038 -0.6618644 0.643261 0.6591684 -0.3636529 0.6582201 -0.2693996 -0.9586464 -0.0917654 0.2589676 -0.9511809 -0.1679009 0.2094444 -0.8579173 0.46916 0.4673381 -0.6043207 0.6452842 -0.03357791 -0.8697434 0.4923607 0.01795512 -0.9885444 -0.1498585 -0.4374691 -0.6466978 0.6248221 -0.1751801 -0.9211415 0.3475781 0.2208096 -0.8443431 0.4881883 -0.3481617 0.120389 0.929672 -0.2534536 -0.1066567 0.9614498 0.2556577 -0.0352056 0.9661262 0.563407 0.5889591 0.5793961 0.1895141 0.4280712 0.8836513 -0.2629634 0.1929585 0.9453134 -0.5249429 -0.7734043 0.3553603 -0.2062404 -0.8686663 0.4504261 0.3807037 -0.6790814 0.6276251 0.9522085 0.1482884 -0.2670385 -0.0416404 -0.05408179 -0.997668 -0.06217586 0.079135 -0.9949231 -0.07901602 0.1384471 -0.9872127 0.9607467 0.1322545 -0.2438744 -0.02155679 -0.005631625 -0.9997518 -0.8739436 0.3340623 0.3530228 -0.5552154 0.280749 -0.7828894 -0.6183129 0.1750645 -0.7661865 -0.03379577 0.4082121 -0.9122614 -0.6358563 0.6867184 0.352285 -0.5408238 0.8408777 0.02084541 -0.6025432 -0.5934148 -0.5336673 -0.4425302 0.02494096 -0.8964067 0.715457 -0.061405 -0.6959531 -0.7146971 -0.06282585 -0.6966069 -0.9655645 0.2438541 -0.09066736 0.08640438 -0.1420985 -0.9860742 -0.9914873 -0.04342472 -0.1227487 -0.6213392 0.2708383 -0.7352444 0.3998765 0.1317174 -0.9070553 0.6679159 0.1165823 -0.7350489 -0.4496628 -0.6311377 0.6320353 -0.01835024 -0.9945853 -0.1022903 -0.06356883 -0.9319869 0.3568747 0.1572951 0.1511906 -0.9759097 0.8977218 -0.4361742 0.06203091 0.03145718 -0.3573383 -0.9334452 -0.6538054 -0.3130603 0.6888628 0.4991874 -0.5635229 0.6582204 0.6407493 -0.3427733 0.686984 -0.2654615 -0.9586464 -0.1026024 0.2016945 -0.8579173 0.4725435 -0.2776728 -0.8938851 0.3519478 -0.4824212 -0.6075185 0.6310239 0.1453307 -0.8621154 0.4854236 0.4928361 -0.5839452 0.6450742 -0.3517454 0.1094776 0.929672 0.2541419 -0.04485726 0.9661262 0.3454929 0.2717757 0.8982053 0.6424664 0.4653468 0.6088426 -0.2217925 0.3642326 0.9045124 -0.6175782 0.5178115 0.5920037 -0.6343262 -0.6399127 0.4337534 0.2696011 -0.7753954 0.5710317 0.7464087 -0.6173952 0.2483894 -0.7636268 0.4253097 -0.4857836 0.2488995 -0.3173382 -0.9150658 -0.4783387 -0.1114412 -0.8710758 -0.3275053 -0.4987404 -0.8024951 0.1917688 -0.05642956 -0.9798165 0.3264417 -0.6570671 -0.6794841 0.1863542 0.4644993 -0.8657439 -0.6438378 -0.2774388 -0.7130923 0.01609385 -0.005230724 -0.9998568 0.09135276 -0.129063 -0.9874197 0.0701341 0.03888863 -0.9967793 0.247858 -0.001608014 -0.9687951 -0.4411286 -0.8868988 0.137172 -0.3074069 0.946701 -0.09622001 -0.4783493 -0.1113961 -0.8710758 -0.9999978 -0.002094388 -9.76566e-7 -0.9982143 -0.05461591 -0.02419477 -0.9999597 -0.003493726 0.008270561 0.03121751 0.03822708 -0.9987813 -0.01189637 -0.002667665 -0.9999257 -0.007633626 -0.002492845 -0.9999678 -0.007611989 -0.00249195 -0.999968 -0.003349125 -0.002317607 -0.9999917 0.03118824 0.03819912 -0.9987834 -0.3073817 0.9467084 -0.09622794 -0.7636339 0.4252012 -0.4858675 -0.4783484 -0.1114039 -0.8710753 -0.5584062 -0.5550575 -0.6165175 0.1598451 -0.06101256 -0.9852549 -0.3948901 -0.4843201 -0.7807022 -0.7749801 -0.2070068 0.5971214 -0.9663804 -0.2571166 2.19995e-4 -0.6012325 -0.6314567 0.4896754 -0.8908908 -0.003668844 -0.4542029 -0.6929143 -0.001153647 -0.7210191 -0.999996 -0.002857148 -4.08978e-5 -0.2516699 -0.1182261 -0.9605649 0.08383113 -0.1290661 -0.9880863 0.2404388 -0.001610815 -0.970663 -0.2493675 -0.1181312 -0.9611769 0.2427482 -0.001618564 -0.9700881 -0.7384322 -0.3764664 -0.5594559 -0.9759374 0.06699675 -0.2075034 -0.2397627 -0.1181343 -0.9636173 -0.7328215 -0.3763123 -0.5668878 -0.9074769 -0.2989106 -0.2951917 -0.9758668 0.06703054 -0.2078244 -0.732658 -0.376347 -0.5670762 -0.009754061 0.03494787 -0.9993416 -0.692869 -0.003717124 -0.721054 -0.8909129 -0.003538191 -0.4541604 -0.8975161 -0.2931685 -0.3294196 -0.8775894 0.4794052 0.002727031 -0.9997033 -0.02436053 -2.74184e-4 -0.9982182 -0.05454462 -0.02419179 -0.9952893 -0.06867927 -0.06842803 -0.9998824 0.003638923 0.01490896 -0.9998824 0.003637969 0.0149092 -0.99996 -0.003417611 0.008275091 -0.9982182 -0.0545417 -0.02419853 0.07560628 -0.07955753 -0.993959 0.3297365 -0.6561131 -0.6788148 0.1967608 -0.0558359 -0.9788604 0.3876922 -0.1892839 0.9021454 0.296509 0.5605089 0.7732478 0.4496499 -0.4291847 0.7833362 -0.2463762 0.3675545 0.8967735 -0.2996345 -0.2369744 0.9241549 -0.4747573 -0.4245746 0.7709358 0.387703 -0.1892907 0.9021395 0.2303427 0.3662313 0.9015637 0.2964386 0.5605292 0.7732602 -0.2463789 0.3675616 0.8967698 -0.5163274 0.3001531 0.8020687 -0.2996227 -0.2369785 0.9241577 -0.8663623 -0.3995342 0.299648 4.27383e-5 -1 -1.25248e-4 4.27619e-5 -1 -1.25252e-4 4.2758e-5 -1 -1.25252e-4 3.68427e-5 6.11719e-5 1 0 -1 -5.24898e-5 0 -1 -5.24898e-5 0 -1 -5.24901e-5 -0.4261274 -0.6901595 -0.5848892 -0.4261283 -0.6901592 -0.5848889 -0.4261269 -0.6901598 -0.5848892 0.6423132 -0.5564514 -0.5270633 0.6423211 -0.5564507 -0.5270545 0.64232 -0.5564526 -0.5270537 0.6423228 -0.5564475 -0.5270557 0.6423144 -0.556443 -0.5270707 0.6423151 -0.5564427 -0.5270702 0.6423171 -0.5564417 -0.5270687 0.6423137 -0.5564511 -0.5270631 -0.6025288 -0.5934122 -0.5336862 -0.602526 -0.5934168 -0.5336845 -0.6025259 -0.5934168 -0.5336845 -0.6025431 -0.593415 -0.5336671 -0.6025427 -0.5934265 -0.5336548 -0.6025412 -0.593427 -0.5336558 -0.6025379 -0.5934284 -0.5336581 2.28407e-7 -0.7615009 -0.6481639 1.60865e-6 -0.7615008 -0.6481639 1.90121e-6 -0.761501 -0.6481639 0.425827 -0.6846216 -0.5915782 0.4258282 -0.6846211 -0.5915779 0.4258273 -0.6846215 -0.5915781 -0.8663603 -0.3995324 0.2996562 0.115761 -0.8612023 -0.4949042 0.01429957 -0.1636896 -0.9864084 0.9949928 -0.09765625 0.02127248 0.8712436 0.02008676 0.4904398 0.07249051 0.03076708 0.9968945 0.04757273 0.02901333 0.9984464 -0.7882122 -0.03547084 -0.6143807 0.08430969 -0.02014589 -0.9962359 0.08706408 -0.04041993 -0.9953824 0.08805119 -0.03920185 -0.9953444 -0.7770769 -0.02223533 -0.6290128 -0.7787253 -0.02419495 -0.6268984 0.8316113 0.1478043 0.5353286 0.08970999 -0.03733688 -0.9952679 0.08888041 -0.02866464 -0.9956298 -0.001352846 0.9995309 -0.03060013 -0.001324951 0.9995309 -0.03060126 -0.001198589 0.999531 -0.03060066 0.08118838 -0.01444208 -0.9965941 0.8735498 0.02009105 0.4863201 0.8301939 0.1504963 0.5367767 0.04409974 0.0287674 0.9986129 0.830039 0.1506486 0.5369732 0.8721576 0.02010899 0.4888117 6.84261e-5 -0.9995322 0.03058415 2.68221e-5 -0.9995322 0.03058451 -4.32357e-5 -0.9995322 0.03058439 0.0440995 0.02876722 0.9986129 0.8300391 0.1506485 0.5369732 0.8721583 0.02010875 0.4888105 -0.001352846 0.9995309 -0.03059774 -0.001324951 0.9995308 -0.03060317 -0.001198589 0.999531 -0.03060078 0.08805108 -0.03920191 -0.9953443 -0.7770771 -0.02223563 -0.6290127 -0.7787253 -0.02419501 -0.6268984 0.8316113 0.1478043 0.5353286 0.08971023 -0.0373373 -0.9952679 0.08888041 -0.02866458 -0.9956298 -0.7882122 -0.03547084 -0.6143807 0.08430975 -0.02014589 -0.9962359 0.08706337 -0.04042083 -0.9953824 0.08118832 -0.01444208 -0.9965941 0.8735498 0.02009117 0.4863201 0.8301938 0.1504963 0.5367766 6.84559e-5 -0.9995322 0.03058516 2.68817e-5 -0.9995322 0.03058457 -4.32283e-5 -0.9995322 0.03058409 0.8712435 0.02008688 0.4904398 0.07249051 0.0307672 0.9968945 0.04757273 0.02901333 0.9984464 0.8712436 0.02008676 0.4904398 0.07249051 0.03076726 0.9968945 0.04757273 0.02901327 0.9984464 0.08430969 -0.02014583 -0.9962359 0.08706408 -0.04041987 -0.9953824 0.08805119 -0.03920185 -0.9953442 -0.7770769 -0.02223533 -0.6290128 -0.7787253 -0.02419489 -0.6268985 0.08971023 -0.0373373 -0.9952679 -0.001352846 0.9995309 -0.03060007 -0.001324951 0.9995309 -0.03060126 -0.001198589 0.999531 -0.03060036 0.08118826 -0.01444208 -0.9965941 0.04409974 0.02876734 0.9986129 0.830039 0.1506484 0.5369732 0.8721583 0.02010858 0.4888104</float_array>
          <technique_common>
            <accessor source="#kebenit_Mesh_003-mesh-normals-array" count="2728" stride="3">
              <param name="X" type="float"/>
              <param name="Y" type="float"/>
              <param name="Z" type="float"/>
            </accessor>
          </technique_common>
        </source>
        <source id="kebenit_Mesh_003-mesh-map-0">
          <float_array id="kebenit_Mesh_003-mesh-map-0-array" count="5772">0.7784327 0.6388686 0.6728296 0.6123269 0.6741605 0.6393195 0.673941 0.6117663 0.7768825 0.6392098 0.6726103 0.6387588 0.8791819 0.6016087 0.7768825 0.6392098 0.7766823 0.6017823 0.881944 0.6388134 0.778633 0.6014413 0.7784327 0.6388686 0.7784327 0.6388686 0.6728296 0.6123269 0.6741605 0.6393195 0.673941 0.6117663 0.7768825 0.6392098 0.6726103 0.6387588 0.8791819 0.6016087 0.7768825 0.6392098 0.7766823 0.6017823 0.881944 0.6388134 0.778633 0.6014413 0.7784327 0.6388686 0.6728296 0.6123269 0.7784327 0.6388686 0.6741605 0.6393195 0.673941 0.6117663 0.7768825 0.6392098 0.7766823 0.6017823 0.7768825 0.6392098 0.8791819 0.6016087 0.7766823 0.6017823 0.778633 0.6014413 0.881944 0.6388134 0.7784327 0.6388686 0.6728296 0.6123269 0.7784327 0.6388686 0.6741605 0.6393195 0.673941 0.6117663 0.7768825 0.6392098 0.7766823 0.6017823 0.7768825 0.6392098 0.8791819 0.6016087 0.7766823 0.6017823 0.778633 0.6014413 0.881944 0.6388134 0.7784327 0.6388686 0.7784327 0.6388686 0.778633 0.6014413 0.6728296 0.6123269 0.673941 0.6117663 0.7766823 0.6017823 0.7768825 0.6392098 0.8791819 0.6016087 0.8803938 0.639265 0.7768825 0.6392098 0.881944 0.6388134 0.883156 0.601157 0.778633 0.6014413 0.7784327 0.6388686 0.778633 0.6014413 0.6728296 0.6123269 0.673941 0.6117663 0.7766823 0.6017823 0.7768825 0.6392098 0.8791819 0.6016087 0.8803938 0.639265 0.7768825 0.6392098 0.881944 0.6388134 0.883156 0.601157 0.778633 0.6014413 0.6728296 0.6123269 0.778633 0.6014413 0.7784327 0.6388686 0.673941 0.6117663 0.6726103 0.6387588 0.7768825 0.6392098 0.7768825 0.6392098 0.8803938 0.639265 0.8791819 0.6016087 0.778633 0.6014413 0.883156 0.601157 0.881944 0.6388134 0.6728296 0.6123269 0.778633 0.6014413 0.7784327 0.6388686 0.673941 0.6117663 0.6726103 0.6387588 0.7768825 0.6392098 0.7768825 0.6392098 0.8803938 0.639265 0.8791819 0.6016087 0.778633 0.6014413 0.883156 0.601157 0.881944 0.6388134 0.778633 0.6014413 0.883156 0.601157 0.8807321 0.6764697 0.778633 0.6014413 0.883156 0.601157 0.8807321 0.6764697 0.6741605 0.6393195 0.7782325 0.6762961 0.778633 0.6014413 0.6741605 0.6393195 0.7782325 0.6762961 0.778633 0.6014413 0.7784327 0.6388686 0.6728296 0.6123269 0.6741605 0.6393195 0.673941 0.6117663 0.7768825 0.6392098 0.6726103 0.6387588 0.881944 0.6388134 0.9403783 0.6237771 0.883156 0.601157 0.9369397 0.6221227 0.8803938 0.639265 0.8791819 0.6016087 0.8791819 0.6016087 0.7768825 0.6392098 0.7766823 0.6017823 0.881944 0.6388134 0.778633 0.6014413 0.7784327 0.6388686 0.7784327 0.6388686 0.6728296 0.6123269 0.6741605 0.6393195 0.673941 0.6117663 0.7768825 0.6392098 0.6726103 0.6387588 0.881944 0.6388134 0.9403783 0.6237771 0.883156 0.601157 0.9369397 0.6221227 0.8803938 0.639265 0.8791819 0.6016087 0.8791819 0.6016087 0.7768825 0.6392098 0.7766823 0.6017823 0.881944 0.6388134 0.778633 0.6014413 0.7784327 0.6388686 0.6728296 0.6123269 0.7784327 0.6388686 0.6741605 0.6393195 0.673941 0.6117663 0.7768825 0.6392098 0.7766823 0.6017823 0.8803938 0.639265 0.9369397 0.6221227 0.8791819 0.6016087 0.7768825 0.6392098 0.8791819 0.6016087 0.7766823 0.6017823 0.778633 0.6014413 0.881944 0.6388134 0.7784327 0.6388686 0.6728296 0.6123269 0.7784327 0.6388686 0.6741605 0.6393195 0.673941 0.6117663 0.7768825 0.6392098 0.7766823 0.6017823 0.8803938 0.639265 0.9369397 0.6221227 0.8791819 0.6016087 0.7768825 0.6392098 0.8791819 0.6016087 0.7766823 0.6017823 0.778633 0.6014413 0.881944 0.6388134 0.7784327 0.6388686 0.7784327 0.6388686 0.778633 0.6014413 0.6728296 0.6123269 0.673941 0.6117663 0.7766823 0.6017823 0.7768825 0.6392098 0.8791819 0.6016087 0.8803938 0.639265 0.7768825 0.6392098 0.881944 0.6388134 0.883156 0.601157 0.778633 0.6014413 0.7784327 0.6388686 0.778633 0.6014413 0.6728296 0.6123269 0.673941 0.6117663 0.7766823 0.6017823 0.7768825 0.6392098 0.8791819 0.6016087 0.8803938 0.639265 0.7768825 0.6392098 0.881944 0.6388134 0.883156 0.601157 0.778633 0.6014413 0.6728296 0.6123269 0.778633 0.6014413 0.7784327 0.6388686 0.673941 0.6117663 0.6726103 0.6387588 0.7768825 0.6392098 0.881944 0.6388134 0.883156 0.601157 0.9403783 0.6237771 0.7768825 0.6392098 0.8803938 0.639265 0.8791819 0.6016087 0.778633 0.6014413 0.883156 0.601157 0.881944 0.6388134 0.6728296 0.6123269 0.778633 0.6014413 0.7784327 0.6388686 0.673941 0.6117663 0.6726103 0.6387588 0.7768825 0.6392098 0.881944 0.6388134 0.883156 0.601157 0.9403783 0.6237771 0.7768825 0.6392098 0.8803938 0.639265 0.8791819 0.6016087 0.778633 0.6014413 0.883156 0.601157 0.881944 0.6388134 0.778633 0.6014413 0.883156 0.601157 0.8807321 0.6764697 0.778633 0.6014413 0.883156 0.601157 0.8807321 0.6764697 0.6741605 0.6393195 0.7782325 0.6762961 0.778633 0.6014413 0.6741605 0.6393195 0.7782325 0.6762961 0.778633 0.6014413 0.6728296 0.6123269 0.7784327 0.6388686 0.6741605 0.6393195 0.673941 0.6117663 0.7768825 0.6392098 0.7766823 0.6017823 0.8803938 0.639265 0.9369397 0.6221227 0.8791819 0.6016087 0.7768825 0.6392098 0.8791819 0.6016087 0.7766823 0.6017823 0.778633 0.6014413 0.881944 0.6388134 0.7784327 0.6388686 0.6728296 0.6123269 0.7784327 0.6388686 0.6741605 0.6393195 0.673941 0.6117663 0.7768825 0.6392098 0.7766823 0.6017823 0.8803938 0.639265 0.9369397 0.6221227 0.8791819 0.6016087 0.7768825 0.6392098 0.8791819 0.6016087 0.7766823 0.6017823 0.778633 0.6014413 0.881944 0.6388134 0.7784327 0.6388686 0.6728296 0.6123269 0.778633 0.6014413 0.7784327 0.6388686 0.673941 0.6117663 0.6726103 0.6387588 0.7768825 0.6392098 0.881944 0.6388134 0.883156 0.601157 0.9403783 0.6237771 0.7768825 0.6392098 0.8803938 0.639265 0.8791819 0.6016087 0.778633 0.6014413 0.883156 0.601157 0.881944 0.6388134 0.6728296 0.6123269 0.778633 0.6014413 0.7784327 0.6388686 0.673941 0.6117663 0.6726103 0.6387588 0.7768825 0.6392098 0.881944 0.6388134 0.883156 0.601157 0.9403783 0.6237771 0.7768825 0.6392098 0.8803938 0.639265 0.8791819 0.6016087 0.778633 0.6014413 0.883156 0.601157 0.881944 0.6388134 0.6741605 0.6393195 0.7782325 0.6762961 0.778633 0.6014413 0.6741605 0.6393195 0.7782325 0.6762961 0.778633 0.6014413 0.7784327 0.6388686 0.6728296 0.6123269 0.6741605 0.6393195 0.673941 0.6117663 0.7768825 0.6392098 0.6726103 0.6387588 0.881944 0.6388134 0.9403783 0.6237771 0.883156 0.601157 0.9369397 0.6221227 0.8803938 0.639265 0.8791819 0.6016087 0.8791819 0.6016087 0.7768825 0.6392098 0.7766823 0.6017823 0.881944 0.6388134 0.778633 0.6014413 0.7784327 0.6388686 0.7784327 0.6388686 0.6728296 0.6123269 0.6741605 0.6393195 0.673941 0.6117663 0.7768825 0.6392098 0.6726103 0.6387588 0.881944 0.6388134 0.9403783 0.6237771 0.883156 0.601157 0.9369397 0.6221227 0.8803938 0.639265 0.8791819 0.6016087 0.8791819 0.6016087 0.7768825 0.6392098 0.7766823 0.6017823 0.881944 0.6388134 0.778633 0.6014413 0.7784327 0.6388686 0.6728296 0.6123269 0.7784327 0.6388686 0.6741605 0.6393195 0.673941 0.6117663 0.7768825 0.6392098 0.7766823 0.6017823 0.8803938 0.639265 0.9369397 0.6221227 0.8791819 0.6016087 0.7768825 0.6392098 0.8791819 0.6016087 0.7766823 0.6017823 0.778633 0.6014413 0.881944 0.6388134 0.7784327 0.6388686 0.6728296 0.6123269 0.7784327 0.6388686 0.6741605 0.6393195 0.673941 0.6117663 0.7768825 0.6392098 0.7766823 0.6017823 0.8803938 0.639265 0.9369397 0.6221227 0.8791819 0.6016087 0.7768825 0.6392098 0.8791819 0.6016087 0.7766823 0.6017823 0.778633 0.6014413 0.881944 0.6388134 0.7784327 0.6388686 0.7784327 0.6388686 0.778633 0.6014413 0.6728296 0.6123269 0.673941 0.6117663 0.7766823 0.6017823 0.7768825 0.6392098 0.8791819 0.6016087 0.8803938 0.639265 0.7768825 0.6392098 0.881944 0.6388134 0.883156 0.601157 0.778633 0.6014413 0.7784327 0.6388686 0.778633 0.6014413 0.6728296 0.6123269 0.673941 0.6117663 0.7766823 0.6017823 0.7768825 0.6392098 0.8791819 0.6016087 0.8803938 0.639265 0.7768825 0.6392098 0.881944 0.6388134 0.883156 0.601157 0.778633 0.6014413 0.6728296 0.6123269 0.778633 0.6014413 0.7784327 0.6388686 0.673941 0.6117663 0.6726103 0.6387588 0.7768825 0.6392098 0.881944 0.6388134 0.883156 0.601157 0.9403783 0.6237771 0.7768825 0.6392098 0.8803938 0.639265 0.8791819 0.6016087 0.778633 0.6014413 0.883156 0.601157 0.881944 0.6388134 0.6728296 0.6123269 0.778633 0.6014413 0.7784327 0.6388686 0.673941 0.6117663 0.6726103 0.6387588 0.7768825 0.6392098 0.881944 0.6388134 0.883156 0.601157 0.9403783 0.6237771 0.7768825 0.6392098 0.8803938 0.639265 0.8791819 0.6016087 0.778633 0.6014413 0.883156 0.601157 0.881944 0.6388134 0.778633 0.6014413 0.883156 0.601157 0.8807321 0.6764697 0.778633 0.6014413 0.883156 0.601157 0.8807321 0.6764697 0.6741605 0.6393195 0.7782325 0.6762961 0.778633 0.6014413 0.6741605 0.6393195 0.7782325 0.6762961 0.778633 0.6014413 -2.488391 1.175112 -2.488391 1.175112 -2.435135 1.175414 0.784569 0.2492874 0.7875127 0.2635805 0.7875126 0.26358 0.1316832 0.3760922 0.05426764 0.2397432 0.05761712 0.2419757 0.03280609 0.2722427 0.1193462 0.3636445 0.1193462 0.3636445 0.07347452 0.6045191 0.1092166 0.5149098 0.07531172 0.5182394 0.1316807 0.3760904 0.05761712 0.2419757 0.05761671 0.2419755 -2.488391 1.175112 -2.435135 1.175414 -2.435134 1.175414 0.784569 0.2492874 0.7875126 0.26358 0.784569 0.2492874 0.07347458 0.604521 0.07531183 0.5182396 0.1092166 0.5149098 -2.503215 0.9528426 -2.463916 0.9768685 -2.432663 0.9528426 0.1316807 0.3760904 0.05761671 0.2419755 0.05426764 0.2397432 -2.432738 0.9528427 -2.471953 0.9768685 -2.503139 0.9528427 0.1885733 0.6044439 0.1870671 0.6166005 0.1871439 0.6166017 0.1871225 0.6166014 0.187058 0.6166003 0.1885733 0.6044439 0.1848977 0.8895214 0.1834982 0.8893592 0.1833893 0.889357 0.1885733 0.6044439 0.1870353 0.6165999 0.1870671 0.6166005 0.1841478 0.8007684 0.1841162 0.8007679 0.1834982 0.8893592 0.1834982 0.8893592 0.1848977 0.8895214 0.1855499 0.8007915 0.1854488 0.886332 0.1860719 0.8007998 0.1861233 0.8008006 0.1861233 0.8008006 0.185464 0.889393 0.1854488 0.886332 0.1890554 0.6166328 0.1891277 0.616634 0.1860891 0.8008 0.1871225 0.6166014 0.1870826 0.6166007 0.1840511 0.8007668 0.1840511 0.8007668 0.1841208 0.800768 0.1871225 0.6166014 0.1860592 0.8007995 0.1854094 0.889392 0.1860812 0.8007999 0.1841162 0.8007679 0.1840392 0.8007667 0.1833893 0.889357 0.1833893 0.889357 0.1834982 0.8893592 0.1841162 0.8007679 0.1871439 0.6166017 0.1841162 0.8007679 0.1841478 0.8007684 0.1871439 0.6166017 0.1841478 0.8007684 0.188546 0.6166247 0.1860719 0.8007998 0.1870831 0.6166008 0.1871125 0.6166012 0.1871125 0.6166012 0.1861233 0.8008006 0.1860719 0.8007998 0.1861618 0.8008012 0.1860891 0.8008 0.1891277 0.616634 0.1861618 0.8008012 0.1891277 0.616634 0.1891579 0.6166344 0.1875699 0.8008243 0.1861618 0.8008012 0.1891579 0.6166344 0.190566 0.6166575 0.1875699 0.8008243 0.1891579 0.6166344 0.1841208 0.800768 0.1840943 0.8007676 0.187058 0.6166003 0.187058 0.6166003 0.1871225 0.6166014 0.1841208 0.800768 0.1855499 0.8007915 0.186094 0.8008005 0.1886985 0.6166272 0.1860812 0.8007999 0.1870884 0.6166008 0.1890554 0.6166328 0.1870671 0.6166005 0.1870353 0.6165999 0.1840392 0.8007667 0.5482557 0.7183566 0.5476956 0.718326 0.5526741 0.3449776 0.5476956 0.718326 0.5536531 0.7184824 0.5585337 0.3451213 0.5585337 0.3451213 0.5526741 0.3449776 0.5476956 0.718326 0.5532251 0.3449913 0.5585337 0.3451213 0.5536531 0.7184824 0.5476956 0.718326 0.5482557 0.7183566 0.5536531 0.7184824 0.5536531 0.7184824 0.5482557 0.7183566 0.5532251 0.3449913 0.5526741 0.3449776 0.5532251 0.3449913 0.5482557 0.7183566 0.7677772 0.7319281 0.7677019 0.7400338 0.76777 0.7326902 0.5553341 0.6714425 0.5485691 0.6714425 0.5459968 0.3851349 0.5459968 0.3851349 0.5591592 0.3928111 0.5553341 0.6714425 0.5553341 0.6714425 0.5591592 0.3928111 0.5459967 0.3851349 0.5459967 0.3851349 0.5485691 0.6714425 0.5553341 0.6714425 0.5485691 0.6714425 0.5459967 0.3851349 0.5459968 0.3851349 0.5459968 0.3851349 0.5485691 0.6714425 0.5485691 0.6714425 0.5553341 0.6714425 0.5485691 0.6714425 0.5485691 0.6714425 0.5485691 0.6714425 0.5553341 0.6714425 0.5553341 0.6714425 0.5591592 0.3928111 0.5553341 0.6714425 0.5553341 0.6714425 0.5553341 0.6714425 0.5591592 0.3928111 0.5591592 0.3928111 0.2204942 0.4510635 0.2520025 0.4510635 0.2535768 0.4552558 0.2535768 0.4552558 0.2255887 0.4552559 0.2204942 0.4510635 0.2520025 0.4510635 0.3029838 0.4510635 0.2988624 0.4552558 0.2988624 0.4552558 0.2535768 0.4552558 0.2520025 0.4510635 0.3029838 0.4510635 0.3029838 0.4510635 0.2988624 0.4552558 0.2988624 0.4552558 0.2988624 0.4552558 0.3029838 0.4510635 0.3029838 0.4510635 0.2520025 0.4510635 0.2535768 0.4552558 0.2535768 0.4552558 0.2988624 0.4552558 0.3029838 0.4510635 0.2520025 0.4510635 0.2204942 0.4510635 0.2255887 0.4552559 0.2255887 0.4552559 0.2535768 0.4552558 0.2520025 0.4510635 0.3651069 0.8552713 0.2998579 0.855271 0.2998579 0.8995748 0.2998579 0.8995748 0.3651069 0.8995748 0.3651069 0.8552713 0.2998579 0.855271 0.3247808 0.855271 0.3247808 0.8995748 0.3247808 0.8995748 0.2998579 0.8995748 0.2998579 0.855271 0.3247808 0.855271 0.4054332 0.8552713 0.4054331 0.8995748 0.4054331 0.8995748 0.3247808 0.8995748 0.3247808 0.855271 0.4054332 0.8552713 0.4303562 0.8552713 0.4303562 0.8995748 0.4303562 0.8995748 0.4054331 0.8995748 0.4054332 0.8552713 0.4303562 0.8552713 0.3651069 0.8552713 0.3651069 0.8995748 0.3651069 0.8995748 0.4303562 0.8995748 0.4303562 0.8552713 0.7741921 0.2215219 0.7814216 0.2566258 0.7861513 0.2602543 0.7861513 0.2602543 0.7780123 0.2207351 0.7741921 0.2215219 0.7814216 0.2566258 0.77866 0.2432172 0.7830424 0.2451591 0.7830424 0.2451591 0.7861513 0.2602543 0.7814216 0.2566258 0.77866 0.2432172 0.7697238 0.1998265 0.7729823 0.1963109 0.7729823 0.1963109 0.7830424 0.2451591 0.77866 0.2432172 0.7697238 0.1998265 0.7669623 0.186418 0.7698732 0.181216 0.7698732 0.181216 0.7729823 0.1963109 0.7697238 0.1998265 0.7669623 0.186418 0.7741921 0.2215219 0.7780123 0.2207351 0.7780123 0.2207351 0.7698732 0.181216 0.7669623 0.186418 0.3029838 0.4388349 0.2520026 0.4388349 0.2204942 0.4388349 0.3029838 0.4388349 0.3029838 0.4388349 0.2204942 0.4388349 -1.994556 1.733305 -1.995038 1.704862 -1.995819 1.658841 0.7698732 0.181216 0.7835767 0.194034 0.7729823 0.1963109 0.7729823 0.1963109 0.7936369 0.2428821 0.7830424 0.2451591 0.2520025 0.4510635 0.2204942 0.4510635 0.2204942 0.4388349 0.2204942 0.4388349 0.2520026 0.4388349 0.2520025 0.4510635 0.2204942 0.4510635 0.2520025 0.4510635 0.2520025 0.4388349 0.2520025 0.4388349 0.2204942 0.4388349 0.2204942 0.4510635 0.2520025 0.4510635 0.3029838 0.4510635 0.3029838 0.4388349 0.3029838 0.4388349 0.2520025 0.4388349 0.2520025 0.4510635 0.3029838 0.4510635 0.3029838 0.4510635 0.3029838 0.4388349 0.3029838 0.4388349 0.3029838 0.4388349 0.3029838 0.4510635 0.3029838 0.4510635 0.2520025 0.4510635 0.2520026 0.4388349 0.2520026 0.4388349 0.3029838 0.4388349 0.3029838 0.4510635 0.7861513 0.2602543 0.7936369 0.2428821 0.7967456 0.2579773 0.4635568 0.4168415 0.4495859 0.3976122 0.4695726 0.3983111 0.4861624 0.4094966 0.4635568 0.4168415 0.4695761 0.398316 0.4861623 0.3857278 0.4861624 0.4094966 0.4695819 0.3983141 0.4635569 0.3783828 0.4861623 0.3857278 0.4695819 0.398308 0.4495859 0.3976122 0.4635569 0.3783828 0.4695761 0.3983063 0.06443727 0.6952145 0.06527191 0.7785509 0.1185855 0.7782194 0.1185855 0.7782194 0.1171075 0.6994474 0.06443727 0.6952145 0.06827658 0.6034561 0.06832307 0.6862535 0.1113526 0.6860543 0.1113526 0.6860543 0.111306 0.6032571 0.06827658 0.6034561 0.1174219 0.6069186 0.06622606 0.6791697 0.06718593 0.6056163 0.0657584 0.7769101 0.1183972 0.7104358 0.1197713 0.7772786 0.06927204 0.6850435 0.06981164 0.6014986 0.1128409 0.6012993 0.1128409 0.6012993 0.1123011 0.6848446 0.06927204 0.6850435 0.06707501 0.6060427 0.06443727 0.6952145 0.1171075 0.6994474 0.1171075 0.6994474 0.1173288 0.6067309 0.06707501 0.6060427 0.2818914 0.5691192 0.3496019 0.6118225 0.2128301 0.6100775 0.6497598 0.4619817 0.6817359 0.5021834 0.6818119 0.4207766 0.7780123 0.2207351 0.7967456 0.2579773 0.7886067 0.2184582 0.7698732 0.181216 0.7886067 0.2184582 0.7804679 0.1789389 0.07347452 0.6045191 0.1092166 0.5149098 0.07531172 0.5182394 0.7698732 0.181216 0.7780123 0.2207351 0.7886067 0.2184582 0.7861513 0.2602543 0.7830424 0.2451591 0.7936369 0.2428821 0.7780123 0.2207351 0.7967456 0.2579773 0.7886067 0.2184582 0.4495859 0.3976122 0.4635569 0.3783828 0.4695761 0.3983063 0.7698732 0.181216 0.7886067 0.2184582 0.7804679 0.1789389 0.03280609 0.2722427 0.1193462 0.3636445 0.1193462 0.3636445 0.7780123 0.2207351 0.7861513 0.2602543 0.7967456 0.2579773 0.7729823 0.1963109 0.7835767 0.194034 0.7936369 0.2428821 0.4861623 0.3857278 0.4861624 0.4094966 0.4695819 0.3983141 0.4635569 0.3783828 0.4861623 0.3857278 0.4695819 0.398308 0.7698732 0.181216 0.7804679 0.1789389 0.7835767 0.194034 0.2520026 0.4388349 0.3029838 0.4388349 0.3029838 0.4510635 0.3029838 0.4510635 0.2520025 0.4510635 0.2520026 0.4388349 0.2520025 0.4510635 0.3029838 0.4510635 0.3029838 0.4388349 0.7698732 0.181216 0.7835767 0.194034 0.7729823 0.1963109 0.2204942 0.4388349 0.2520026 0.4388349 0.2520025 0.4510635 0.2520025 0.4388349 0.2204942 0.4388349 0.2204942 0.4510635 0.3029838 0.4388349 0.3029838 0.4388349 0.2204942 0.4388349 -1.994556 1.733305 -1.995038 1.704862 -1.995819 1.658841 0.4635568 0.4168415 0.4495859 0.3976122 0.4695726 0.3983111 0.3029838 0.4388349 0.2520025 0.4388349 0.2520025 0.4510635 0.7698732 0.181216 0.7729823 0.1963109 0.7697238 0.1998265 0.7697238 0.1998265 0.7669623 0.186418 0.7698732 0.181216 0.7830424 0.2451591 0.7861513 0.2602543 0.7814216 0.2566258 0.7741921 0.2215219 0.7814216 0.2566258 0.7861513 0.2602543 0.7861513 0.2602543 0.7780123 0.2207351 0.7741921 0.2215219 0.7814216 0.2566258 0.77866 0.2432172 0.7830424 0.2451591 0.4303562 0.8552713 0.3651069 0.8552713 0.3651069 0.8995748 0.3651069 0.8995748 0.4303562 0.8995748 0.4303562 0.8552713 0.7729823 0.1963109 0.7830424 0.2451591 0.77866 0.2432172 0.77866 0.2432172 0.7697238 0.1998265 0.7729823 0.1963109 0.4303562 0.8995748 0.4054331 0.8995748 0.4054332 0.8552713 0.4054332 0.8552713 0.4303562 0.8552713 0.4303562 0.8995748 0.3651069 0.8552713 0.2998579 0.855271 0.2998579 0.8995748 0.3029838 0.4510635 0.3029838 0.4510635 0.2988624 0.4552558 0.2520025 0.4510635 0.2204942 0.4510635 0.2255887 0.4552559 0.2255887 0.4552559 0.2535768 0.4552558 0.2520025 0.4510635 0.2520025 0.4510635 0.3029838 0.4510635 0.2988624 0.4552558 0.2988624 0.4552558 0.2535768 0.4552558 0.2520025 0.4510635 0.4054331 0.8995748 0.3247808 0.8995748 0.3247808 0.855271 0.3247808 0.8995748 0.2998579 0.8995748 0.2998579 0.855271 0.784569 0.2492874 0.7875127 0.2635805 0.7875126 0.26358 0.1316832 0.3760922 0.05426764 0.2397432 0.05761712 0.2419757 -2.488391 1.175112 -2.488391 1.175112 -2.435135 1.175414 0.2535768 0.4552558 0.2255887 0.4552559 0.2204942 0.4510635 0.3029838 0.4510635 0.2520025 0.4510635 0.2535768 0.4552558 0.7861513 0.2602543 0.7936369 0.2428821 0.7967456 0.2579773 0.3029838 0.4510635 0.3029838 0.4510635 0.3029838 0.4388349 0.4861624 0.4094966 0.4635568 0.4168415 0.4695761 0.398316 0.3029838 0.4388349 0.3029838 0.4388349 0.3029838 0.4510635 0.3029838 0.4388349 0.2520026 0.4388349 0.2204942 0.4388349 0.7669623 0.186418 0.7741921 0.2215219 0.7780123 0.2207351 0.2204942 0.4510635 0.2520025 0.4510635 0.2520025 0.4388349 0.7780123 0.2207351 0.7698732 0.181216 0.7669623 0.186418 0.2520025 0.4510635 0.2204942 0.4510635 0.2204942 0.4388349 0.7729823 0.1963109 0.7936369 0.2428821 0.7830424 0.2451591 0.2988624 0.4552558 0.2988624 0.4552558 0.3029838 0.4510635 0.1316807 0.3760904 0.05761671 0.2419755 0.05426764 0.2397432 0.07347458 0.604521 0.07531183 0.5182396 0.1092166 0.5149098 0.784569 0.2492874 0.7875126 0.26358 0.784569 0.2492874 -2.488391 1.175112 -2.435135 1.175414 -2.435134 1.175414 -2.503215 0.9528426 -2.463916 0.9768685 -2.432663 0.9528426 0.2998579 0.855271 0.3247808 0.855271 0.3247808 0.8995748 0.1316807 0.3760904 0.05761712 0.2419757 0.05761671 0.2419755 0.5567486 0.6714425 0.5512652 0.6714425 0.5480028 0.3851349 0.5480028 0.3851349 0.5611652 0.3928111 0.5567486 0.6714425 0.5567486 0.6714425 0.5611652 0.3928111 0.5480028 0.3851349 0.5480028 0.3851349 0.5512652 0.6714425 0.5567486 0.6714425 0.5512652 0.6714425 0.5480028 0.3851349 0.5480028 0.3851349 0.5480028 0.3851349 0.5512652 0.6714425 0.5512652 0.6714425 0.5567486 0.6714425 0.5512652 0.6714425 0.5512652 0.6714425 0.5512652 0.6714425 0.5567486 0.6714425 0.5567486 0.6714425 0.5611652 0.3928111 0.5567486 0.6714425 0.5567486 0.6714425 0.5567486 0.6714425 0.5611652 0.3928111 0.5611652 0.3928111 0.545541 0.7250439 0.5452659 0.7251238 0.5458266 0.3466381 0.5452659 0.7251238 0.548182 0.7241918 0.554082 0.3439857 0.554082 0.3439857 0.5458266 0.3466381 0.5452659 0.7251238 0.546603 0.3463889 0.554082 0.3439857 0.548182 0.7241918 0.5452659 0.7251238 0.545541 0.7250439 0.548182 0.7241918 0.548182 0.7241918 0.545541 0.7250439 0.546603 0.3463889 0.5458266 0.3466381 0.546603 0.3463889 0.545541 0.7250439 -2.634847 1.38161 -2.625483 1.38161 -2.633966 1.38161 0.06582164 0.7102023 0.06622606 0.6791697 0.1188014 0.6794034 0.1188014 0.6794034 0.1183972 0.7104358 0.06582164 0.7102023 0.7477867 0.5020681 0.7753513 0.452482 0.7484441 0.4216739 0.2136244 0.6964674 0.2909844 0.7333489 0.264483 0.7338846 0.7698732 0.181216 0.7804679 0.1789389 0.7835767 0.194034 0.7729823 0.1963109 0.7835767 0.194034 0.7936369 0.2428821 0.7861513 0.2602543 0.7830424 0.2451591 0.7936369 0.2428821 0.1174219 0.6069186 0.1188014 0.6794034 0.06622606 0.6791697 0.0657584 0.7769101 0.06582164 0.7102023 0.1183972 0.7104358 0.3496019 0.6118225 0.3486788 0.6989516 0.2136244 0.6964674 0.3496019 0.6118225 0.2136244 0.6964674 0.2128301 0.6100775 0.6817359 0.5021834 0.7477867 0.5020681 0.7484441 0.4216739 0.6817359 0.5021834 0.7484441 0.4216739 0.6818119 0.4207766 0.7780123 0.2207351 0.7861513 0.2602543 0.7967456 0.2579773 0.7698732 0.181216 0.7780123 0.2207351 0.7886067 0.2184582 -2.432738 0.9528427 -2.471953 0.9768685 -2.503139 0.9528427 0.2204942 0.4510635 0.2520025 0.4510635 0.2535768 0.4552558 0.2535768 0.4552558 0.2988624 0.4552558 0.3029838 0.4510635 0.3247808 0.855271 0.4054332 0.8552713 0.4054331 0.8995748 0.2998579 0.8995748 0.3651069 0.8995748 0.3651069 0.8552713 0.7477867 0.5020681 0.7760051 0.4682447 0.7753513 0.452482 0.2136244 0.6964674 0.3486788 0.6989516 0.2909844 0.7333489 0.6636588 0.5015416 0.6636588 0.5015416 0.6634087 0.4249556 0.7155701 0.4259467 0.7155701 0.4259467 0.6632351 0.4249523 0.6637206 0.5018559 0.716064 0.5021808 0.6632409 0.4252837 0.716064 0.5021808 0.6632409 0.4252837 0.7146607 0.4256032 0.716064 0.5021808 0.7146607 0.4256032 0.7158904 0.5021797 0.6637206 0.5018559 0.6632409 0.4252837 0.716064 0.5021808 0.716064 0.5021808 0.7146607 0.4256032 0.6632409 0.4252837 0.7784327 0.6388686 0.6728296 0.6123269 0.6741605 0.6393195 0.673941 0.6117663 0.7768825 0.6392098 0.6726103 0.6387588 0.881944 0.6388134 0.9403783 0.6237771 0.883156 0.601157 0.9369397 0.6221227 0.8803938 0.639265 0.8791819 0.6016087 0.8791819 0.6016087 0.7768825 0.6392098 0.7766823 0.6017823 0.881944 0.6388134 0.778633 0.6014413 0.7784327 0.6388686 0.7784327 0.6388686 0.6728296 0.6123269 0.6741605 0.6393195 0.673941 0.6117663 0.7768825 0.6392098 0.6726103 0.6387588 0.881944 0.6388134 0.9403783 0.6237771 0.883156 0.601157 0.9369397 0.6221227 0.8803938 0.639265 0.8791819 0.6016087 0.8791819 0.6016087 0.7768825 0.6392098 0.7766823 0.6017823 0.881944 0.6388134 0.778633 0.6014413 0.7784327 0.6388686 0.6728296 0.6123269 0.7784327 0.6388686 0.6741605 0.6393195 0.673941 0.6117663 0.7768825 0.6392098 0.7766823 0.6017823 0.8803938 0.639265 0.9369397 0.6221227 0.8791819 0.6016087 0.7768825 0.6392098 0.8791819 0.6016087 0.7766823 0.6017823 0.778633 0.6014413 0.881944 0.6388134 0.7784327 0.6388686 0.6728296 0.6123269 0.7784327 0.6388686 0.6741605 0.6393195 0.673941 0.6117663 0.7768825 0.6392098 0.7766823 0.6017823 0.8803938 0.639265 0.9369397 0.6221227 0.8791819 0.6016087 0.7768825 0.6392098 0.8791819 0.6016087 0.7766823 0.6017823 0.778633 0.6014413 0.881944 0.6388134 0.7784327 0.6388686 0.7784327 0.6388686 0.778633 0.6014413 0.6728296 0.6123269 0.673941 0.6117663 0.7766823 0.6017823 0.7768825 0.6392098 0.8791819 0.6016087 0.8803938 0.639265 0.7768825 0.6392098 0.881944 0.6388134 0.883156 0.601157 0.778633 0.6014413 0.7784327 0.6388686 0.778633 0.6014413 0.6728296 0.6123269 0.673941 0.6117663 0.7766823 0.6017823 0.7768825 0.6392098 0.8791819 0.6016087 0.8803938 0.639265 0.7768825 0.6392098 0.881944 0.6388134 0.883156 0.601157 0.778633 0.6014413 0.6728296 0.6123269 0.778633 0.6014413 0.7784327 0.6388686 0.673941 0.6117663 0.6726103 0.6387588 0.7768825 0.6392098 0.881944 0.6388134 0.883156 0.601157 0.9403783 0.6237771 0.7768825 0.6392098 0.8803938 0.639265 0.8791819 0.6016087 0.778633 0.6014413 0.883156 0.601157 0.881944 0.6388134 0.6728296 0.6123269 0.778633 0.6014413 0.7784327 0.6388686 0.673941 0.6117663 0.6726103 0.6387588 0.7768825 0.6392098 0.881944 0.6388134 0.883156 0.601157 0.9403783 0.6237771 0.7768825 0.6392098 0.8803938 0.639265 0.8791819 0.6016087 0.778633 0.6014413 0.883156 0.601157 0.881944 0.6388134 0.778633 0.6014413 0.883156 0.601157 0.8807321 0.6764697 0.778633 0.6014413 0.883156 0.601157 0.8807321 0.6764697 0.6741605 0.6393195 0.7782325 0.6762961 0.778633 0.6014413 0.6741605 0.6393195 0.7782325 0.6762961 0.778633 0.6014413 0.7784327 0.6388686 0.6728296 0.6123269 0.6741605 0.6393195 0.673941 0.6117663 0.7768825 0.6392098 0.6726103 0.6387588 0.881944 0.6388134 0.9403783 0.6237771 0.883156 0.601157 0.9369397 0.6221227 0.8803938 0.639265 0.8791819 0.6016087 0.8791819 0.6016087 0.7768825 0.6392098 0.7766823 0.6017823 0.881944 0.6388134 0.778633 0.6014413 0.7784327 0.6388686 0.6728296 0.6123269 0.7784327 0.6388686 0.6741605 0.6393195 0.673941 0.6117663 0.7768825 0.6392098 0.7766823 0.6017823 0.8803938 0.639265 0.9369397 0.6221227 0.8791819 0.6016087 0.7768825 0.6392098 0.8791819 0.6016087 0.7766823 0.6017823 0.778633 0.6014413 0.881944 0.6388134 0.7784327 0.6388686 0.6728296 0.6123269 0.7784327 0.6388686 0.6741605 0.6393195 0.673941 0.6117663 0.7768825 0.6392098 0.7766823 0.6017823 0.8803938 0.639265 0.9369397 0.6221227 0.8791819 0.6016087 0.7768825 0.6392098 0.8791819 0.6016087 0.7766823 0.6017823 0.778633 0.6014413 0.881944 0.6388134 0.7784327 0.6388686 0.7784327 0.6388686 0.778633 0.6014413 0.6728296 0.6123269 0.673941 0.6117663 0.7766823 0.6017823 0.7768825 0.6392098 0.8791819 0.6016087 0.8803938 0.639265 0.7768825 0.6392098 0.881944 0.6388134 0.883156 0.601157 0.778633 0.6014413 0.6728296 0.6123269 0.778633 0.6014413 0.7784327 0.6388686 0.673941 0.6117663 0.6726103 0.6387588 0.7768825 0.6392098 0.881944 0.6388134 0.883156 0.601157 0.9403783 0.6237771 0.7768825 0.6392098 0.8803938 0.639265 0.8791819 0.6016087 0.778633 0.6014413 0.883156 0.601157 0.881944 0.6388134 0.6728296 0.6123269 0.778633 0.6014413 0.7784327 0.6388686 0.673941 0.6117663 0.6726103 0.6387588 0.7768825 0.6392098 0.881944 0.6388134 0.883156 0.601157 0.9403783 0.6237771 0.7768825 0.6392098 0.8803938 0.639265 0.8791819 0.6016087 0.778633 0.6014413 0.883156 0.601157 0.881944 0.6388134 0.778633 0.6014413 0.883156 0.601157 0.8807321 0.6764697 0.6741605 0.6393195 0.7782325 0.6762961 0.778633 0.6014413 0.6741605 0.6393195 0.7782325 0.6762961 0.778633 0.6014413 0.7784327 0.6388686 0.6728296 0.6123269 0.6741605 0.6393195 0.673941 0.6117663 0.7768825 0.6392098 0.6726103 0.6387588 0.881944 0.6388134 0.9403783 0.6237771 0.883156 0.601157 0.9369397 0.6221227 0.8803938 0.639265 0.8791819 0.6016087 0.8791819 0.6016087 0.7768825 0.6392098 0.7766823 0.6017823 0.881944 0.6388134 0.778633 0.6014413 0.7784327 0.6388686 0.7784327 0.6388686 0.6728296 0.6123269 0.6741605 0.6393195 0.673941 0.6117663 0.7768825 0.6392098 0.6726103 0.6387588 0.881944 0.6388134 0.9403783 0.6237771 0.883156 0.601157 0.9369397 0.6221227 0.8803938 0.639265 0.8791819 0.6016087 0.8791819 0.6016087 0.7768825 0.6392098 0.7766823 0.6017823 0.881944 0.6388134 0.778633 0.6014413 0.7784327 0.6388686 0.6728296 0.6123269 0.7784327 0.6388686 0.6741605 0.6393195 0.673941 0.6117663 0.7768825 0.6392098 0.7766823 0.6017823 0.8803938 0.639265 0.9369397 0.6221227 0.8791819 0.6016087 0.7768825 0.6392098 0.8791819 0.6016087 0.7766823 0.6017823 0.778633 0.6014413 0.881944 0.6388134 0.7784327 0.6388686 0.6728296 0.6123269 0.7784327 0.6388686 0.6741605 0.6393195 0.673941 0.6117663 0.7768825 0.6392098 0.7766823 0.6017823 0.8803938 0.639265 0.9369397 0.6221227 0.8791819 0.6016087 0.7768825 0.6392098 0.8791819 0.6016087 0.7766823 0.6017823 0.778633 0.6014413 0.881944 0.6388134 0.7784327 0.6388686 0.7784327 0.6388686 0.778633 0.6014413 0.6728296 0.6123269 0.673941 0.6117663 0.7766823 0.6017823 0.7768825 0.6392098 0.8791819 0.6016087 0.8803938 0.639265 0.7768825 0.6392098 0.881944 0.6388134 0.883156 0.601157 0.778633 0.6014413 0.7784327 0.6388686 0.778633 0.6014413 0.6728296 0.6123269 0.673941 0.6117663 0.7766823 0.6017823 0.7768825 0.6392098 0.8791819 0.6016087 0.8803938 0.639265 0.7768825 0.6392098 0.881944 0.6388134 0.883156 0.601157 0.778633 0.6014413 0.6728296 0.6123269 0.778633 0.6014413 0.7784327 0.6388686 0.673941 0.6117663 0.6726103 0.6387588 0.7768825 0.6392098 0.881944 0.6388134 0.883156 0.601157 0.9403783 0.6237771 0.7768825 0.6392098 0.8803938 0.639265 0.8791819 0.6016087 0.778633 0.6014413 0.883156 0.601157 0.881944 0.6388134 0.6728296 0.6123269 0.778633 0.6014413 0.7784327 0.6388686 0.673941 0.6117663 0.6726103 0.6387588 0.7768825 0.6392098 0.881944 0.6388134 0.883156 0.601157 0.9403783 0.6237771 0.7768825 0.6392098 0.8803938 0.639265 0.8791819 0.6016087 0.778633 0.6014413 0.883156 0.601157 0.881944 0.6388134 0.778633 0.6014413 0.883156 0.601157 0.8807321 0.6764697 0.778633 0.6014413 0.883156 0.601157 0.8807321 0.6764697 0.6741605 0.6393195 0.7782325 0.6762961 0.778633 0.6014413 0.6741605 0.6393195 0.7782325 0.6762961 0.778633 0.6014413 0.06634491 0.6049936 0.1162621 0.7328615 0.06421506 0.7323898 0.1162621 0.7328615 0.06634491 0.6049936 0.1178659 0.6046571 0.9272511 0.1416175 0.8430514 0.3230829 0.8434869 0.1415433 0.9268161 0.3229219 0.8434903 0.1401657 0.8430519 0.3228477 0.3467439 0.4666584 0.2646504 0.3619058 0.3467439 0.3619058 0.2696578 0.4666584 0.352643 0.3619058 0.2696578 0.3619058 0.1195244 0.8663539 0.1177443 0.5719797 0.06335401 0.5723085 0.2696578 0.4666584 0.352643 0.4666584 0.352643 0.3619058 0.1169267 0.6835373 0.1162072 0.7783246 0.0665493 0.7771491 0.06601625 0.7767279 0.06724262 0.6825467 0.1163936 0.6831161 0.1195244 0.8663539 0.06335401 0.5723085 0.0651341 0.8666827 0.9272511 0.1416175 0.9268155 0.3231572 0.8430514 0.3230829 0.1256847 0.3768081 0.0340864 0.3375276 0.1256847 0.3375276 0.9894032 0.2555277 0.7917137 0.3137845 0.79156 0.2560541 0.03618335 0.3768081 0.1287541 0.3375276 0.03618335 0.3375276 0.3467439 0.4666584 0.2646504 0.4666584 0.2646504 0.3619058 0.9268161 0.3229219 0.9272544 0.14024 0.8434903 0.1401657 0.1169267 0.6835373 0.0665493 0.7771491 0.06777572 0.6829679 0.06601625 0.7767279 0.1163936 0.6831161 0.115674 0.7779033 0.7922736 0.3147212 0.9887162 0.2564678 0.79212 0.2569909 0.1191429 0.5709387 0.06654405 0.8675089 0.06475269 0.5712676 0.1280823 0.3778228 0.03648412 0.3385424 0.1280823 0.3385424 0.03858107 0.3778228 0.1311517 0.3385423 0.03858107 0.3385423 0.1256847 0.3768081 0.0340864 0.3768081 0.0340864 0.3375276 0.9894032 0.2555277 0.9895567 0.313258 0.7917137 0.3137845 0.03618335 0.3768081 0.1287541 0.3768081 0.1287541 0.3375276 0.7922736 0.3147212 0.9888699 0.3141981 0.9887162 0.2564678 0.1191429 0.5709387 0.1209343 0.86718 0.06654405 0.8675089 0.1280823 0.3778228 0.03648412 0.3778228 0.03648412 0.3385424 0.03858107 0.3778228 0.1311517 0.3778228 0.1311517 0.3385423 0.124212 0.6977126 0.1292875 0.7107006 0.124632 0.710754 0.0446459 0.6984647 0.124632 0.710754 0.04506587 0.711506 0.04477536 0.7024851 0.124212 0.6977126 0.0446459 0.6984647 0.04527539 0.7180113 0.1243414 0.7017331 0.04477536 0.7024851 0.04527539 0.7180113 0.125021 0.7228345 0.1248415 0.7172592 0.04545491 0.7235865 0.124632 0.710754 0.125021 0.7228345 0.1295242 0.7180556 0.1541682 0.7002632 0.128959 0.7005015 0.124212 0.6977126 0.128959 0.7005015 0.1288127 0.6959559 0.1243414 0.7017331 0.1295242 0.7180556 0.128959 0.7005015 0.1248415 0.7172592 0.1297273 0.7243591 0.1295242 0.7180556 0.124632 0.710754 0.1297273 0.7243591 0.125021 0.7228345 0.1288127 0.6959559 0.1544966 0.7104624 0.1292875 0.7107006 0.128959 0.7005015 0.1540218 0.6957176 0.1288127 0.6959559 0.8807321 0.6764697 0.7782325 0.6762961 0.778633 0.6014413 0.7782325 0.6762961 0.6754912 0.6663121 0.6741605 0.6393195 0.6741605 0.6393195 0.6728296 0.6123269 0.778633 0.6014413 0.7782325 0.6762961 0.6741605 0.6393195 0.778633 0.6014413 0.8807321 0.6764697 0.7782325 0.6762961 0.778633 0.6014413 0.7782325 0.6762961 0.6754912 0.6663121 0.6741605 0.6393195 0.6741605 0.6393195 0.6728296 0.6123269 0.778633 0.6014413 0.7782325 0.6762961 0.6741605 0.6393195 0.778633 0.6014413 0.6741605 0.6393195 0.6754912 0.6663121 0.7782325 0.6762961 0.7782325 0.6762961 0.8807321 0.6764697 0.778633 0.6014413 0.778633 0.6014413 0.8807321 0.6764697 0.883156 0.601157 0.778633 0.6014413 0.6728296 0.6123269 0.6741605 0.6393195 0.6741605 0.6393195 0.6754912 0.6663121 0.7782325 0.6762961 0.7782325 0.6762961 0.8807321 0.6764697 0.778633 0.6014413 0.778633 0.6014413 0.8807321 0.6764697 0.883156 0.601157 0.778633 0.6014413 0.6728296 0.6123269 0.6741605 0.6393195 0.8807321 0.6764697 0.7782325 0.6762961 0.778633 0.6014413 0.7782325 0.6762961 0.6754912 0.6663121 0.6741605 0.6393195 0.6741605 0.6393195 0.6728296 0.6123269 0.778633 0.6014413 0.7782325 0.6762961 0.6741605 0.6393195 0.778633 0.6014413 0.9384899 0.6559557 0.8807321 0.6764697 0.883156 0.601157 0.8807321 0.6764697 0.7782325 0.6762961 0.778633 0.6014413 0.7782325 0.6762961 0.6754912 0.6663121 0.6741605 0.6393195 0.6741605 0.6393195 0.6728296 0.6123269 0.778633 0.6014413 0.7782325 0.6762961 0.6741605 0.6393195 0.778633 0.6014413 0.9384899 0.6559557 0.8807321 0.6764697 0.883156 0.601157 0.6741605 0.6393195 0.6754912 0.6663121 0.7782325 0.6762961 0.7782325 0.6762961 0.8807321 0.6764697 0.778633 0.6014413 0.8807321 0.6764697 0.9384899 0.6559557 0.883156 0.601157 0.778633 0.6014413 0.8807321 0.6764697 0.883156 0.601157 0.778633 0.6014413 0.6728296 0.6123269 0.6741605 0.6393195 0.6741605 0.6393195 0.6754912 0.6663121 0.7782325 0.6762961 0.7782325 0.6762961 0.8807321 0.6764697 0.778633 0.6014413 0.778633 0.6014413 0.8807321 0.6764697 0.883156 0.601157 0.9403783 0.6237771 0.883156 0.601157 0.8807321 0.6764697 0.778633 0.6014413 0.6728296 0.6123269 0.6741605 0.6393195 0.6741605 0.6393195 0.6754912 0.6663121 0.7782325 0.6762961 0.7782325 0.6762961 0.8807321 0.6764697 0.778633 0.6014413 0.8807321 0.6764697 0.9384899 0.6559557 0.883156 0.601157 0.778633 0.6014413 0.8807321 0.6764697 0.883156 0.601157 0.778633 0.6014413 0.6728296 0.6123269 0.6741605 0.6393195 0.6741605 0.6393195 0.6754912 0.6663121 0.7782325 0.6762961 0.7782325 0.6762961 0.8807321 0.6764697 0.778633 0.6014413 0.778633 0.6014413 0.8807321 0.6764697 0.883156 0.601157 0.9403783 0.6237771 0.883156 0.601157 0.8807321 0.6764697 0.778633 0.6014413 0.6728296 0.6123269 0.6741605 0.6393195 0.8807321 0.6764697 0.7782325 0.6762961 0.778633 0.6014413 0.7782325 0.6762961 0.6754912 0.6663121 0.6741605 0.6393195 0.6741605 0.6393195 0.6728296 0.6123269 0.778633 0.6014413 0.7782325 0.6762961 0.6741605 0.6393195 0.778633 0.6014413 0.9384899 0.6559557 0.8807321 0.6764697 0.883156 0.601157 0.8807321 0.6764697 0.7782325 0.6762961 0.778633 0.6014413 0.7782325 0.6762961 0.6754912 0.6663121 0.6741605 0.6393195 0.6741605 0.6393195 0.6728296 0.6123269 0.778633 0.6014413 0.7782325 0.6762961 0.6741605 0.6393195 0.778633 0.6014413 0.9384899 0.6559557 0.8807321 0.6764697 0.883156 0.601157 0.6741605 0.6393195 0.6754912 0.6663121 0.7782325 0.6762961 0.7782325 0.6762961 0.8807321 0.6764697 0.778633 0.6014413 0.8807321 0.6764697 0.9384899 0.6559557 0.883156 0.601157 0.778633 0.6014413 0.8807321 0.6764697 0.883156 0.601157 0.778633 0.6014413 0.6728296 0.6123269 0.6741605 0.6393195 0.6741605 0.6393195 0.6754912 0.6663121 0.7782325 0.6762961 0.7782325 0.6762961 0.8807321 0.6764697 0.778633 0.6014413 0.778633 0.6014413 0.8807321 0.6764697 0.883156 0.601157 0.9403783 0.6237771 0.883156 0.601157 0.8807321 0.6764697 0.778633 0.6014413 0.6728296 0.6123269 0.6741605 0.6393195 0.8807321 0.6764697 0.7782325 0.6762961 0.778633 0.6014413 0.7782325 0.6762961 0.6754912 0.6663121 0.6741605 0.6393195 0.6741605 0.6393195 0.6728296 0.6123269 0.778633 0.6014413 0.7782325 0.6762961 0.6741605 0.6393195 0.778633 0.6014413 0.9384899 0.6559557 0.8807321 0.6764697 0.883156 0.601157 0.8807321 0.6764697 0.7782325 0.6762961 0.778633 0.6014413 0.7782325 0.6762961 0.6754912 0.6663121 0.6741605 0.6393195 0.6741605 0.6393195 0.6728296 0.6123269 0.778633 0.6014413 0.7782325 0.6762961 0.6741605 0.6393195 0.778633 0.6014413 0.9384899 0.6559557 0.8807321 0.6764697 0.883156 0.601157 0.6741605 0.6393195 0.6754912 0.6663121 0.7782325 0.6762961 0.7782325 0.6762961 0.8807321 0.6764697 0.778633 0.6014413 0.8807321 0.6764697 0.9384899 0.6559557 0.883156 0.601157 0.778633 0.6014413 0.8807321 0.6764697 0.883156 0.601157 0.778633 0.6014413 0.6728296 0.6123269 0.6741605 0.6393195 0.6741605 0.6393195 0.6754912 0.6663121 0.7782325 0.6762961 0.7782325 0.6762961 0.8807321 0.6764697 0.778633 0.6014413 0.778633 0.6014413 0.8807321 0.6764697 0.883156 0.601157 0.9403783 0.6237771 0.883156 0.601157 0.8807321 0.6764697 0.778633 0.6014413 0.6728296 0.6123269 0.6741605 0.6393195 0.8807321 0.6764697 0.7782325 0.6762961 0.778633 0.6014413 0.7782325 0.6762961 0.6754912 0.6663121 0.6741605 0.6393195 0.6741605 0.6393195 0.6728296 0.6123269 0.778633 0.6014413 0.7782325 0.6762961 0.6741605 0.6393195 0.778633 0.6014413 0.9384899 0.6559557 0.8807321 0.6764697 0.883156 0.601157 0.6741605 0.6393195 0.6754912 0.6663121 0.7782325 0.6762961 0.7782325 0.6762961 0.8807321 0.6764697 0.778633 0.6014413 0.8807321 0.6764697 0.9384899 0.6559557 0.883156 0.601157 0.778633 0.6014413 0.8807321 0.6764697 0.883156 0.601157 0.778633 0.6014413 0.6728296 0.6123269 0.6741605 0.6393195 0.6741605 0.6393195 0.6754912 0.6663121 0.7782325 0.6762961 0.7782325 0.6762961 0.8807321 0.6764697 0.778633 0.6014413 0.778633 0.6014413 0.8807321 0.6764697 0.883156 0.601157 0.9403783 0.6237771 0.883156 0.601157 0.8807321 0.6764697 0.778633 0.6014413 0.6728296 0.6123269 0.6741605 0.6393195 0.8807321 0.6764697 0.7782325 0.6762961 0.778633 0.6014413 0.7782325 0.6762961 0.6754912 0.6663121 0.6741605 0.6393195 0.6741605 0.6393195 0.6728296 0.6123269 0.778633 0.6014413 0.7782325 0.6762961 0.6741605 0.6393195 0.778633 0.6014413 0.9384899 0.6559557 0.8807321 0.6764697 0.883156 0.601157 0.8807321 0.6764697 0.7782325 0.6762961 0.778633 0.6014413 0.7782325 0.6762961 0.6754912 0.6663121 0.6741605 0.6393195 0.6741605 0.6393195 0.6728296 0.6123269 0.778633 0.6014413 0.7782325 0.6762961 0.6741605 0.6393195 0.778633 0.6014413 0.9384899 0.6559557 0.8807321 0.6764697 0.883156 0.601157 0.6741605 0.6393195 0.6754912 0.6663121 0.7782325 0.6762961 0.7782325 0.6762961 0.8807321 0.6764697 0.778633 0.6014413 0.8807321 0.6764697 0.9384899 0.6559557 0.883156 0.601157 0.778633 0.6014413 0.8807321 0.6764697 0.883156 0.601157 0.778633 0.6014413 0.6728296 0.6123269 0.6741605 0.6393195 0.6741605 0.6393195 0.6754912 0.6663121 0.7782325 0.6762961 0.7782325 0.6762961 0.8807321 0.6764697 0.778633 0.6014413 0.778633 0.6014413 0.8807321 0.6764697 0.883156 0.601157 0.9403783 0.6237771 0.883156 0.601157 0.8807321 0.6764697 0.778633 0.6014413 0.6728296 0.6123269 0.6741605 0.6393195 0.124212 0.6977126 0.1288127 0.6959559 0.1292875 0.7107006 0.0446459 0.6984647 0.124212 0.6977126 0.124632 0.710754 0.04477536 0.7024851 0.1243414 0.7017331 0.124212 0.6977126 0.04527539 0.7180113 0.1248415 0.7172592 0.1243414 0.7017331 0.04527539 0.7180113 0.04545491 0.7235865 0.125021 0.7228345 0.04545491 0.7235865 0.04506587 0.711506 0.124632 0.710754 0.124212 0.6977126 0.1243414 0.7017331 0.128959 0.7005015 0.1243414 0.7017331 0.1248415 0.7172592 0.1295242 0.7180556 0.1248415 0.7172592 0.125021 0.7228345 0.1297273 0.7243591 0.124632 0.710754 0.1292875 0.7107006 0.1297273 0.7243591 0.1295242 0.7180556 0.1297273 0.7243591 0.1549364 0.7241208 0.1297273 0.7243591 0.1292875 0.7107006 0.1544966 0.7104624 0.8913037 0.2673596 0.891211 0.2819007 0.8913221 0.274718 0.8913037 0.2673596 0.8911892 0.2746356 0.891211 0.2819007 0.08125621 0.5942786 0.09004986 0.6803729 0.0887745 0.594312 0.08848172 0.5181316 0.09699201 0.5941823 0.09374219 0.5180485 0.08900225 0.5180287 0.08125621 0.5942786 0.08366888 0.5181102 0.08848172 0.5181316 0.08125621 0.5942786 0.0887745 0.594312 0.8814503 0.2676571 0.8814681 0.2747825 0.8813602 0.2817584 0.8814503 0.2676571 0.8813602 0.2817584 0.8813391 0.2747231 0.09699201 0.5941823 0.09004986 0.6803729 0.09518927 0.6802918 0.08125621 0.5942786 0.09055835 0.6802725 0.08534771 0.6803521 0.08877605 0.5195455 0.09374219 0.5180485 0.08900225 0.5180287 0.08877605 0.5195455 0.08366888 0.5181102 0.08490055 0.5196039 0.08873349 0.5196161 0.08366888 0.5181102 0.08848172 0.5181316 0.08873349 0.5196161 0.09374219 0.5180485 0.09255975 0.5195565 0.09396922 0.6787983 0.09055835 0.6802725 0.09518927 0.6802918 0.09029442 0.6787875 0.08534771 0.6803521 0.09055835 0.6802725 0.09026396 0.678856 0.08534771 0.6803521 0.08654165 0.678844 0.09026396 0.678856 0.09518927 0.6802918 0.09004986 0.6803729 0.09699201 0.5941823 0.09518927 0.6802918 0.09055835 0.6802725 0.08125621 0.5942786 0.08534771 0.6803521 0.09004986 0.6803729 0.08900225 0.5180287 0.09374219 0.5180485 0.09699201 0.5941823 0.08848172 0.5181316 0.0887745 0.594312 0.09699201 0.5941823 0.08900225 0.5180287 0.08958768 0.5941514 0.08125621 0.5942786 0.08848172 0.5181316 0.08366888 0.5181102 0.08125621 0.5942786 0.09699201 0.5941823 0.0887745 0.594312 0.09004986 0.6803729 0.08125621 0.5942786 0.08958768 0.5941514 0.09055835 0.6802725 0.08877605 0.5195455 0.09255975 0.5195565 0.09374219 0.5180485 0.08877605 0.5195455 0.08900225 0.5180287 0.08366888 0.5181102 0.08873349 0.5196161 0.08490055 0.5196039 0.08366888 0.5181102 0.08873349 0.5196161 0.08848172 0.5181316 0.09374219 0.5180485 0.09396922 0.6787983 0.09029442 0.6787875 0.09055835 0.6802725 0.09029442 0.6787875 0.08654165 0.678844 0.08534771 0.6803521 0.09026396 0.678856 0.09004986 0.6803729 0.08534771 0.6803521 0.09026396 0.678856 0.09396922 0.6787983 0.09518927 0.6802918 0.8913281 0.2691404 0.8912353 0.2836816 0.8913465 0.2764988 0.8913281 0.2691404 0.8912135 0.2764165 0.8912353 0.2836816 0.09792989 0.5941578 0.09149622 0.6802479 0.0905255 0.5941268 0.08219403 0.594254 0.09098762 0.6803483 0.08971232 0.5942874 0.08994007 0.5180041 0.09792989 0.5941578 0.0905255 0.5941268 0.08941954 0.5181069 0.09792989 0.5941578 0.09467995 0.518024 0.08994007 0.5180041 0.08219403 0.594254 0.08460664 0.5180855 0.08941954 0.5181069 0.08219403 0.594254 0.08971232 0.5942874 0.8814746 0.269438 0.8814924 0.2765634 0.8813844 0.2835392 0.8814746 0.269438 0.8813844 0.2835392 0.8813634 0.2765039 0.09792989 0.5941578 0.09098762 0.6803483 0.09612709 0.6802672 0.08219403 0.594254 0.09149622 0.6802479 0.08628547 0.6803274 0.08971381 0.5195209 0.09467995 0.518024 0.08994007 0.5180041 0.08971381 0.5195209 0.08460664 0.5180855 0.08583831 0.5195792 0.08967131 0.5195915 0.08460664 0.5180855 0.08941954 0.5181069 0.08967131 0.5195915 0.09467995 0.518024 0.09349763 0.519532 0.09490698 0.6787738 0.09149622 0.6802479 0.09612709 0.6802672 0.09123224 0.678763 0.08628547 0.6803274 0.09149622 0.6802479 0.09120178 0.6788313 0.08628547 0.6803274 0.08747947 0.6788194 0.09120178 0.6788313 0.09612709 0.6802672 0.09098762 0.6803483 0.09792989 0.5941578 0.09612709 0.6802672 0.09149622 0.6802479 0.08219403 0.594254 0.08628547 0.6803274 0.09098762 0.6803483 0.08994007 0.5180041 0.09467995 0.518024 0.09792989 0.5941578 0.08994007 0.5180041 0.0905255 0.5941268 0.08219403 0.594254 0.08941954 0.5181069 0.08460664 0.5180855 0.08219403 0.594254 0.08219403 0.594254 0.0905255 0.5941268 0.09149622 0.6802479 0.08971381 0.5195209 0.09349763 0.519532 0.09467995 0.518024 0.08971381 0.5195209 0.08994007 0.5180041 0.08460664 0.5180855 0.08967131 0.5195915 0.08583831 0.5195792 0.08460664 0.5180855 0.08967131 0.5195915 0.08941954 0.5181069 0.09467995 0.518024 0.09490698 0.6787738 0.09123224 0.678763 0.09149622 0.6802479 0.09123224 0.678763 0.08747947 0.6788194 0.08628547 0.6803274 0.09120178 0.6788313 0.09098762 0.6803483 0.08628547 0.6803274 0.09120178 0.6788313 0.09490698 0.6787738 0.09612709 0.6802672 0.09120178 0.6788313 0.09098762 0.6803483 0.08971232 0.5942874 0.08219403 0.594254 0.08941954 0.5181069 0.08967131 0.5195915 0.09120178 0.6788313 0.08971232 0.5942874 0.08219403 0.594254 0.08747947 0.6788194 0.08628547 0.6803274 0.09120178 0.6788313 0.09123224 0.678763 0.09612709 0.6802672 0.09490698 0.6787738 0.09490698 0.6787738 0.08747947 0.6788194 0.09120178 0.6788313 0.08219403 0.594254 0.08967131 0.5195915 0.08460664 0.5180855 0.09490698 0.6787738 0.09120178 0.6788313 0.08219403 0.594254 0.0905255 0.5941268 0.09149622 0.6802479 0.09123224 0.678763 0.09123224 0.678763 0.09490698 0.6787738 0.08219403 0.594254 0.08219403 0.594254 0.08460664 0.5180855 0.08583831 0.5195792 0.09349763 0.519532 0.09467995 0.518024 0.08971381 0.5195209 0.08219403 0.594254 0.08583831 0.5195792 0.09349763 0.519532 0.09792989 0.5941578 0.0905255 0.5941268 0.09123224 0.678763 0.08971381 0.5195209 0.08994007 0.5180041 0.09792989 0.5941578 0.08219403 0.594254 0.09349763 0.519532 0.08971381 0.5195209 0.09792989 0.5941578 0.09123224 0.678763 0.08219403 0.594254 0.08219403 0.594254 0.08971381 0.5195209 0.09792989 0.5941578 0.8913281 0.2674916 0.8912353 0.2820329 0.8913465 0.2748501 0.8913281 0.2674916 0.8912135 0.2747678 0.8912353 0.2820329 0.08132565 0.5942649 0.0901193 0.6803593 0.08884394 0.5942983 0.0885511 0.5181179 0.09706151 0.5941687 0.09381163 0.5180348 0.08907169 0.518015 0.08132565 0.5942649 0.08373832 0.5180965 0.0885511 0.5181179 0.08132565 0.5942649 0.08884394 0.5942983 0.8814746 0.2677893 0.8814924 0.2749147 0.8813844 0.2818905 0.8814746 0.2677893 0.8813844 0.2818905 0.8813634 0.2748552 0.09706151 0.5941687 0.0901193 0.6803593 0.09525871 0.6802781 0.08132565 0.5942649 0.09062784 0.6802588 0.08541715 0.6803383 0.08884543 0.5195319 0.09381163 0.5180348 0.08907169 0.518015 0.08884543 0.5195319 0.08373832 0.5180965 0.08496993 0.5195901 0.08880293 0.5196024 0.08373832 0.5180965 0.0885511 0.5181179 0.08880293 0.5196024 0.09381163 0.5180348 0.09262925 0.5195429 0.09403866 0.6787846 0.09062784 0.6802588 0.09525871 0.6802781 0.09036386 0.6787739 0.08541715 0.6803383 0.09062784 0.6802588 0.0903334 0.6788422 0.08541715 0.6803383 0.08661109 0.6788303 0.0903334 0.6788422 0.09525871 0.6802781 0.0901193 0.6803593 0.09706151 0.5941687 0.09525871 0.6802781 0.09062784 0.6802588 0.08132565 0.5942649 0.08541715 0.6803383 0.0901193 0.6803593 0.08907169 0.518015 0.09381163 0.5180348 0.09706151 0.5941687 0.0885511 0.5181179 0.08884394 0.5942983 0.09706151 0.5941687 0.08907169 0.518015 0.08965712 0.5941377 0.08132565 0.5942649 0.0885511 0.5181179 0.08373832 0.5180965 0.08132565 0.5942649 0.09706151 0.5941687 0.08884394 0.5942983 0.0901193 0.6803593 0.08132565 0.5942649 0.08965712 0.5941377 0.09062784 0.6802588 0.08884543 0.5195319 0.09262925 0.5195429 0.09381163 0.5180348 0.08884543 0.5195319 0.08907169 0.518015 0.08373832 0.5180965 0.08880293 0.5196024 0.08496993 0.5195901 0.08373832 0.5180965 0.08880293 0.5196024 0.0885511 0.5181179 0.09381163 0.5180348 0.09403866 0.6787846 0.09036386 0.6787739 0.09062784 0.6802588 0.09036386 0.6787739 0.08661109 0.6788303 0.08541715 0.6803383 0.0903334 0.6788422 0.0901193 0.6803593 0.08541715 0.6803383 0.0903334 0.6788422 0.09403866 0.6787846 0.09525871 0.6802781 0.8913037 0.2690083 0.891211 0.2835494 0.8913221 0.2763667 0.8913037 0.2690083 0.8911892 0.2762843 0.891211 0.2835494 0.09786039 0.5941714 0.09142678 0.6802615 0.090456 0.5941405 0.08212459 0.5942677 0.09091818 0.6803621 0.08964288 0.5943012 0.08987063 0.5180179 0.09786039 0.5941714 0.090456 0.5941405 0.08935004 0.5181206 0.09786039 0.5941714 0.09461051 0.5180376 0.08987063 0.5180179 0.08212459 0.5942677 0.08453726 0.5180992 0.08935004 0.5181206 0.08212459 0.5942677 0.08964288 0.5943012 0.8814503 0.2693058 0.8814681 0.2764313 0.8813602 0.2834071 0.8814503 0.2693058 0.8813602 0.2834071 0.8813391 0.2763718 0.09786039 0.5941714 0.09091818 0.6803621 0.09605765 0.6802809 0.08212459 0.5942677 0.09142678 0.6802615 0.08621609 0.6803411 0.08964437 0.5195347 0.09461051 0.5180376 0.08987063 0.5180179 0.08964437 0.5195347 0.08453726 0.5180992 0.08576887 0.519593 0.08960187 0.5196052 0.08453726 0.5180992 0.08935004 0.5181206 0.08960187 0.5196052 0.09461051 0.5180376 0.09342819 0.5195457 0.0948376 0.6787874 0.09142678 0.6802615 0.09605765 0.6802809 0.0911628 0.6787766 0.08621609 0.6803411 0.09142678 0.6802615 0.09113234 0.678845 0.08621609 0.6803411 0.08741003 0.6788331 0.09113234 0.678845 0.09605765 0.6802809 0.09091818 0.6803621 0.09786039 0.5941714 0.09605765 0.6802809 0.09142678 0.6802615 0.08212459 0.5942677 0.08621609 0.6803411 0.09091818 0.6803621 0.08987063 0.5180179 0.09461051 0.5180376 0.09786039 0.5941714 0.08987063 0.5180179 0.090456 0.5941405 0.08212459 0.5942677 0.08935004 0.5181206 0.08453726 0.5180992 0.08212459 0.5942677 0.08212459 0.5942677 0.090456 0.5941405 0.09142678 0.6802615 0.08964437 0.5195347 0.09342819 0.5195457 0.09461051 0.5180376 0.08964437 0.5195347 0.08987063 0.5180179 0.08453726 0.5180992 0.08960187 0.5196052 0.08576887 0.519593 0.08453726 0.5180992 0.08960187 0.5196052 0.08935004 0.5181206 0.09461051 0.5180376 0.0948376 0.6787874 0.0911628 0.6787766 0.09142678 0.6802615 0.0911628 0.6787766 0.08741003 0.6788331 0.08621609 0.6803411 0.09113234 0.678845 0.09091818 0.6803621 0.08621609 0.6803411 0.09113234 0.678845 0.0948376 0.6787874 0.09605765 0.6802809 0.09113234 0.678845 0.09091818 0.6803621 0.08964288 0.5943012 0.08212459 0.5942677 0.08935004 0.5181206 0.08960187 0.5196052 0.09113234 0.678845 0.08964288 0.5943012 0.08212459 0.5942677 0.08741003 0.6788331 0.08621609 0.6803411 0.09113234 0.678845 0.0911628 0.6787766 0.09605765 0.6802809 0.0948376 0.6787874 0.0948376 0.6787874 0.08741003 0.6788331 0.09113234 0.678845 0.08212459 0.5942677 0.08960187 0.5196052 0.08453726 0.5180992 0.0948376 0.6787874 0.09113234 0.678845 0.08212459 0.5942677 0.090456 0.5941405 0.09142678 0.6802615 0.0911628 0.6787766 0.0911628 0.6787766 0.0948376 0.6787874 0.08212459 0.5942677 0.08212459 0.5942677 0.08453726 0.5180992 0.08576887 0.519593 0.09342819 0.5195457 0.09461051 0.5180376 0.08964437 0.5195347 0.08212459 0.5942677 0.08576887 0.519593 0.09342819 0.5195457 0.09786039 0.5941714 0.090456 0.5941405 0.0911628 0.6787766 0.08964437 0.5195347 0.08987063 0.5180179 0.09786039 0.5941714 0.08212459 0.5942677 0.09342819 0.5195457 0.08964437 0.5195347 0.09786039 0.5941714 0.0911628 0.6787766 0.08212459 0.5942677 0.08212459 0.5942677 0.08964437 0.5195347 0.09786039 0.5941714 0.881944 0.6388134 0.8807321 0.6764697 0.883156 0.601157 0.881944 0.6388134 0.8807321 0.6764697 0.883156 0.601157 0.8807321 0.6764697 0.881944 0.6388134 0.883156 0.601157 0.8807321 0.6764697 0.881944 0.6388134 0.883156 0.601157 0.5889114 0.4925108 0.5864731 0.4304365 0.8388511 0.428211 0.8388511 0.428211 0.8265864 0.4891099 0.5889114 0.4925108 0.8263861 0.4878439 0.8386504 0.426945 0.5859795 0.4292541 0.5859795 0.4292541 0.5884178 0.4913274 0.8263861 0.4878439 0.5889114 0.4925108 0.5864731 0.4304365 0.8388511 0.428211 0.8388511 0.428211 0.8265864 0.4891099 0.5889114 0.4925108 0.8263861 0.4878439 0.8386504 0.426945 0.5859795 0.4292541 0.5859795 0.4292541 0.5884178 0.4913274 0.8263861 0.4878439 0.1605576 0.5637207 0.15802 0.5636754 0.15802 0.5636754 0.15802 0.5636754 0.1605576 0.5637207 0.1605576 0.5637207 0.7463194 0.3063339 0.7905361 0.2053948 0.7892346 0.2477106 0.7905361 0.2053948 0.7463194 0.3063339 0.7513669 0.1422097 0.1393418 0.955699 0.1408405 0.5756 0.1866484 0.6127188 0.1852633 0.9639924 0.139207 0.9899221 0.1393418 0.955699 0.1852633 0.9639924 0.1854041 0.9282609 0.1393418 0.955699 0.1866484 0.6127186 0.1869102 0.5463179 0.1721702 0.5556867 0.1605576 0.5637207 0.1605576 0.5637207 0.1829661 0.5641201 0.1393418 0.955699 0.1854041 0.9282609 0.1866484 0.6127186 0.139207 0.9899221 0.1852633 0.9639924 0.1851604 0.9901032 0.15802 0.5636754 0.1565257 0.5636488 0.1565257 0.5636488 0.1829661 0.5641201 0.1829661 0.5641201 0.1896891 0.5642396 0.1721702 0.5556867 0.1408405 0.5755999 0.1866484 0.6127186 0.783272 0.2242298 0.8734008 0.1327147 0.8927126 0.1327148 0.0785855 0.3532527 0.0785855 0.3532527 0.07965385 0.35325 0.07994925 0.3486015 0.07965385 0.35325 0.0785855 0.3532527 0.07994925 0.3486016 0.07965385 0.35325 0.07965385 0.35325 0.3847065 0.447703 0.3822597 0.6890816 0.2310803 0.6889562 0.10688 0.4119185 0.09023827 0.4301874 0.05624043 0.4301874 0.1371134 0.6362805 0.1272957 0.6178668 0.1340634 0.5955787 0.1393418 0.955699 0.1866484 0.6127188 0.1854041 0.9282609 0.1852633 0.9639924 0.1393418 0.955699 0.1854041 0.9282609 0.139207 0.9899221 0.1851604 0.9901032 0.1852633 0.9639924 0.1852633 0.9639924 0.1393418 0.955699 0.139207 0.9899221 0.1408405 0.5755999 0.1721693 0.5556717 0.1577563 0.5565064 0.1605576 0.5637207 0.1829661 0.5641201 0.1829661 0.5641201 0.1393418 0.955699 0.1866484 0.6127186 0.1408405 0.5755999 0.15802 0.5636754 0.1565257 0.5636488 0.15802 0.5636754 0.07994925 0.3486016 0.0785855 0.3532527 0.07965385 0.35325 0.1866484 0.6127188 0.1721732 0.5556848 0.1869102 0.546318 0.783272 0.2242298 0.8927126 0.1327148 0.9719943 0.2242299 0.0785855 0.3532527 0.07965385 0.35325 0.07965385 0.35325 0.07994925 0.3486016 0.07965385 0.35325 0.07994925 0.3486015 0.3847065 0.447703 0.2310803 0.6889562 0.2335271 0.4475777 0.10688 0.4119185 0.05624043 0.4301874 0.03528022 0.4119185 0.02853459 0.4650455 0.08408629 0.4576389 0.1060803 0.4650455 0.1854488 0.886332 0.1840302 0.9646478 0.1834611 0.8843079 0.1891579 0.6166344 0.1891277 0.616634 0.1885704 0.604442 0.1840302 0.9646478 0.1854488 0.886332 0.185464 0.889393 0.1854094 0.889392 0.1860592 0.8007995 0.1860891 0.8008 0.1870831 0.6166008 0.1860719 0.8007998 0.1834611 0.8843079 0.1902526 0.5975386 0.1890991 0.6166335 0.1910236 0.6166651 0.1841208 0.800768 0.1840511 0.8007668 0.1834611 0.8843079 0.1834611 0.8843079 0.1834669 0.8893583 0.1841208 0.800768 0.1860719 0.8007998 0.1854488 0.886332 0.1834611 0.8843079 0.1885704 0.604442 0.1890554 0.6166328 0.1870884 0.6166008 0.1833893 0.889357 0.1834669 0.8893583 0.1826912 0.9356299 0.1840943 0.8007676 0.1834669 0.8893583 0.1833893 0.889357 0.1855118 0.8893942 0.1854094 0.889392 0.1860891 0.8008 0.1855118 0.8893942 0.1860891 0.8008 0.1861618 0.8008012 0.1869191 0.8894824 0.1855118 0.8893942 0.1861618 0.8008012 0.1875699 0.8008243 0.1869191 0.8894824 0.1861618 0.8008012 0.1841208 0.800768 0.1834669 0.8893583 0.1840943 0.8007676 0.1861031 0.8008002 0.1834331 0.8893591 0.1868954 0.8008132 0.1890991 0.6166335 0.1861031 0.8008002 0.1868954 0.8008132 0.1868954 0.8008132 0.1910236 0.6166651 0.1890991 0.6166335 0.1890554 0.6166328 0.1885704 0.604442 0.1891277 0.616634 0.1143289 0.5267136 0.06605964 0.9684925 0.06738919 0.4858011 0.06564217 0.9697501 0.111096 0.5275639 0.07347697 0.4869735 0.1143289 0.5267136 0.1143289 0.9519055 0.06605964 0.9684925 0.06564217 0.9697501 0.1147527 0.9527403 0.111096 0.5275639 0.1833893 0.889357 0.1826912 0.9356299 0.1833893 0.889357 0.7497846 0.3310442 0.8504077 0.3310442 0.8793435 0.3663073 0.7974314 0.2939014 0.8960784 0.2114235 0.9675309 0.2939014 0.8793435 0.3663073 0.7185524 0.3663073 0.7497846 0.3310442 0.1578651 0.5237439 0.142769 0.5120112 0.141082 0.5143715 0.1408405 0.5756 0.1410819 0.5143716 0.1577562 0.5565064 0.1410819 0.5143716 0.1578763 0.5260787 0.1577562 0.5565064 0.1721693 0.5556717 0.1722465 0.5360961 0.1869102 0.546318 0.1408405 0.5756 0.1577562 0.5565064 0.1721693 0.5556717 0.1578763 0.5260787 0.141082 0.5143715 0.1577563 0.5565064 0.141082 0.5143715 0.1408405 0.5755999 0.1577563 0.5565064 0.1869102 0.5463179 0.1722465 0.536096 0.1721693 0.5556717 0.1817797 0.7102198 0.1886047 0.714597 0.1886047 0.714597 0.1899684 0.7099458 0.1886047 0.714597 0.1817797 0.7102196 0.1833893 0.889357 0.1826912 0.9356299 0.1826912 0.9356299 0.1721732 0.5556848 0.1866484 0.6127188 0.1408405 0.5756 0.5482557 0.7183566 0.5476956 0.718326 0.5526741 0.3449776 0.5476956 0.718326 0.5536531 0.7184824 0.5585337 0.3451213 0.5585337 0.3451213 0.5526741 0.3449776 0.5476956 0.718326 0.5532251 0.3449913 0.5585337 0.3451213 0.5536531 0.7184824 0.5476956 0.718326 0.5482557 0.7183566 0.5536531 0.7184824 0.5536531 0.7184824 0.5482557 0.7183566 0.5532251 0.3449913 0.5526741 0.3449776 0.5532251 0.3449913 0.5482557 0.7183566 0.7677772 0.7319281 0.7677019 0.7400338 0.76777 0.7326902 0.5526741 0.3449776 0.5532251 0.3449913 0.5482557 0.7183566 0.5476956 0.718326 0.5482557 0.7183566 0.5536531 0.7184824 0.5585337 0.3451213 0.5526741 0.3449776 0.5476956 0.718326 0.5532251 0.3449913 0.5585337 0.3451213 0.5536531 0.7184824 0.5476956 0.718326 0.5536531 0.7184824 0.5585337 0.3451213 0.5536531 0.7184824 0.5482557 0.7183566 0.5532251 0.3449913 0.7677772 0.7319281 0.7677019 0.7400338 0.76777 0.7326902 0.5482557 0.7183566 0.5476956 0.718326 0.5526741 0.3449776 0.5482557 0.7183566 0.5476956 0.718326 0.5526741 0.3449776 0.5476956 0.718326 0.5536531 0.7184824 0.5585337 0.3451213 0.5585337 0.3451213 0.5526741 0.3449776 0.5476956 0.718326 0.5532251 0.3449913 0.5585337 0.3451213 0.5536531 0.7184824 0.5476956 0.718326 0.5482557 0.7183566 0.5536531 0.7184824 0.5536531 0.7184824 0.5482557 0.7183566 0.5532251 0.3449913 0.5526741 0.3449776 0.5532251 0.3449913 0.5482557 0.7183566</float_array>
          <technique_common>
            <accessor source="#kebenit_Mesh_003-mesh-map-0-array" count="2886" stride="2">
              <param name="S" type="float"/>
              <param name="T" type="float"/>
            </accessor>
          </technique_common>
        </source>
        <vertices id="kebenit_Mesh_003-mesh-vertices">
          <input semantic="POSITION" source="#kebenit_Mesh_003-mesh-positions"/>
        </vertices>
        <triangles material="galleon2-material" count="962">
          <input semantic="VERTEX" source="#kebenit_Mesh_003-mesh-vertices" offset="0"/>
          <input semantic="NORMAL" source="#kebenit_Mesh_003-mesh-normals" offset="1"/>
          <input semantic="TEXCOORD" source="#kebenit_Mesh_003-mesh-map-0" offset="2" set="0"/>
          <p>28 0 0 4 1 1 22 2 2 2 3 3 27 4 4 21 5 5 37 6 6 25 7 7 6 8 8 40 9 9 15 10 10 23 11 11 67 12 12 46 13 13 60 14 14 42 15 15 66 16 16 61 17 17 75 18 18 69 19 19 52 20 20 81 21 21 54 22 22 71 23 23 88 24 24 107 25 25 102 26 26 85 27 27 110 28 28 90 29 29 111 30 30 117 31 31 94 32 32 97 33 33 123 34 34 113 35 35 130 36 36 155 37 37 145 38 38 128 39 39 153 40 40 136 41 41 151 42 42 163 43 43 132 44 44 141 45 45 166 46 46 149 47 47 29 48 48 17 49 49 3 50 50 1 51 51 10 52 52 26 53 53 36 54 54 39 55 55 24 56 56 41 57 57 32 58 58 16 59 59 68 60 60 53 61 61 47 62 62 43 63 63 48 64 64 65 65 65 76 66 66 83 67 67 70 68 68 82 69 69 72 70 70 55 71 71 89 72 72 95 73 73 108 74 74 84 75 75 106 76 76 109 77 77 112 78 78 124 79 79 118 80 80 96 81 81 114 82 82 122 83 83 129 84 84 143 85 85 154 86 86 127 87 87 144 88 88 152 89 89 150 90 90 165 91 91 162 92 92 142 93 93 158 94 94 167 95 95 11 96 96 31 97 97 34 98 98 56 99 99 73 100 100 77 101 101 103 102 102 92 103 103 99 104 104 148 105 105 135 106 106 138 107 107 200 108 108 176 109 109 193 110 110 173 111 111 198 112 112 192 113 113 211 114 114 170 115 115 203 116 116 169 117 117 215 118 118 210 119 119 209 120 120 196 121 121 177 122 122 213 123 123 187 124 124 194 125 125 243 126 126 222 127 127 237 128 128 219 129 129 242 130 130 238 131 131 263 132 132 216 133 133 250 134 134 217 135 135 259 136 136 253 137 137 254 138 138 246 139 139 229 140 140 260 141 141 231 142 142 248 143 143 269 144 144 291 145 145 285 146 146 264 147 147 292 148 148 273 149 149 307 150 150 271 151 151 301 152 152 295 153 153 303 154 154 277 155 155 280 156 156 310 157 157 296 158 158 319 159 159 342 160 160 334 161 161 317 162 162 344 163 163 325 164 164 359 165 165 312 166 166 354 167 167 339 168 168 352 169 169 321 170 170 330 171 171 356 172 172 338 173 173 199 174 174 188 175 175 175 176 176 172 177 177 181 178 178 197 179 179 208 180 180 214 181 181 195 182 182 212 183 183 204 184 184 186 185 185 244 186 186 230 187 187 223 188 188 220 189 189 225 190 190 245 191 191 255 192 192 262 193 193 247 194 194 261 195 195 249 196 196 232 197 197 268 198 198 278 199 199 290 200 200 265 201 201 289 202 202 294 203 203 311 204 204 298 205 205 270 206 206 293 207 207 309 208 208 302 209 209 279 210 210 297 211 211 308 212 212 318 213 213 332 214 214 343 215 215 316 216 216 333 217 217 341 218 218 355 219 219 347 220 220 314 221 221 340 222 222 357 223 223 353 224 224 331 225 225 348 226 226 358 227 227 182 228 228 201 229 229 206 230 230 235 231 231 252 232 232 257 233 233 288 234 234 276 235 235 282 236 236 336 237 237 323 238 238 326 239 239 365 240 240 387 241 241 381 242 242 360 243 243 388 244 244 369 245 245 403 246 246 367 247 247 397 248 248 391 249 249 399 250 250 373 251 251 376 252 252 406 253 253 392 254 254 415 255 255 438 256 256 430 257 257 413 258 258 440 259 259 421 260 260 455 261 261 408 262 262 450 263 263 435 264 264 448 265 265 417 266 266 426 267 267 452 268 268 434 269 269 364 270 270 374 271 271 386 272 272 361 273 273 385 274 274 390 275 275 407 276 276 394 277 277 366 278 278 389 279 279 405 280 280 398 281 281 375 282 282 393 283 283 404 284 284 414 285 285 428 286 286 439 287 287 412 288 288 429 289 289 437 290 290 451 291 291 443 292 292 410 293 293 436 294 294 453 295 295 449 296 296 427 297 297 444 298 298 454 299 299 384 300 300 372 301 301 378 302 302 432 303 303 419 304 304 422 305 305 488 306 306 464 307 307 481 308 308 461 309 309 486 310 310 480 311 311 499 312 312 458 313 313 491 314 314 457 315 315 503 316 316 498 317 317 497 318 318 484 319 319 465 320 320 501 321 321 475 322 322 482 323 323 531 324 324 510 325 325 525 326 326 507 327 327 530 328 328 526 329 329 551 330 330 504 331 331 538 332 332 505 333 333 547 334 334 541 335 335 542 336 336 534 337 337 517 338 338 548 339 339 519 340 340 536 341 341 557 342 342 579 343 343 573 344 344 552 345 345 580 346 346 561 347 347 595 348 348 559 349 349 589 350 350 583 351 351 591 352 352 565 353 353 568 354 354 598 355 355 584 356 356 607 357 357 630 358 358 622 359 359 605 360 360 632 361 361 613 362 362 647 363 363 600 364 364 642 365 365 627 366 366 640 367 367 609 368 368 618 369 369 644 370 370 626 371 371 487 372 372 476 373 373 463 374 374 460 375 375 469 376 376 485 377 377 496 378 378 502 379 379 483 380 380 500 381 381 492 382 382 474 383 383 532 384 384 518 385 385 511 386 386 508 387 387 513 388 388 533 389 389 543 390 390 550 391 391 535 392 392 549 393 393 537 394 394 520 395 395 556 396 396 566 397 397 578 398 398 553 399 399 577 400 400 582 401 401 599 402 402 586 403 403 558 404 404 581 405 405 597 406 406 590 407 407 567 408 408 585 409 409 596 410 410 606 411 411 620 412 412 631 413 413 604 414 414 621 415 415 629 416 416 643 417 417 635 418 418 602 419 419 628 420 420 645 421 421 641 422 422 619 423 423 636 424 424 646 425 425 470 426 426 489 427 427 494 428 428 523 429 429 540 430 430 545 431 431 576 432 432 564 433 433 570 434 434 624 435 435 611 436 436 614 437 437 676 438 438 650 439 439 663 440 440 654 441 441 659 442 442 668 443 443 680 444 444 651 445 445 657 446 446 677 447 447 652 448 448 670 449 449 661 450 450 671 451 451 648 452 452 664 453 453 658 454 454 666 455 455 675 456 456 662 457 457 682 458 458 655 459 459 667 460 460 672 461 461 681 462 462 679 463 463 653 464 464 678 465 465 673 466 466 649 467 467 660 468 468 669 469 469 674 470 470 665 471 471 656 472 472 683 473 473 762 474 474 759 475 475 687 476 476 719 477 477 699 478 478 764 479 479 689 480 480 692 481 481 696 482 482 763 483 483 700 484 484 760 485 485 706 486 486 734 487 487 691 488 488 690 489 489 688 490 490 755 491 491 708 492 492 741 493 493 730 494 494 729 495 495 703 496 496 707 497 497 709 498 498 711 499 499 714 500 500 717 501 501 684 502 502 720 503 503 721 504 504 754 505 505 718 506 506 722 507 507 702 508 508 727 509 509 735 510 510 732 511 511 694 512 512 695 513 513 693 514 514 736 515 515 686 516 516 737 517 517 705 518 518 685 519 519 704 520 520 738 521 521 740 522 522 742 523 523 725 524 524 724 525 525 728 526 526 739 527 527 744 528 528 715 529 529 712 530 530 745 531 531 713 532 532 748 533 533 750 534 534 743 535 535 747 536 536 751 537 537 749 538 538 746 539 539 752 540 540 731 541 541 697 542 542 698 543 543 716 544 544 753 545 545 756 546 546 757 547 547 758 548 548 726 549 549 723 550 550 710 551 551 761 552 552 701 553 553 733 553 554 767 554 555 772 555 556 784 556 557 769 557 558 775 558 559 787 559 560 786 560 561 781 561 562 770 562 563 780 563 564 788 564 565 776 565 566 771 566 567 765 567 568 773 568 569 774 569 570 766 570 571 778 571 572 783 572 573 779 573 574 768 574 575 782 575 576 785 576 577 777 577 578 811 578 579 801 579 580 792 580 581 791 581 582 814 582 583 810 583 584 794 584 585 815 585 586 797 586 587 798 587 588 804 588 589 793 589 590 807 590 591 799 590 592 790 590 593 789 591 594 800 591 595 805 591 596 796 592 597 806 592 598 802 593 599 803 594 600 812 595 601 796 592 602 816 596 603 795 596 604 808 596 605 809 597 606 813 597 607 817 597 608 818 598 609 824 599 610 843 600 611 844 601 612 868 602 613 822 603 614 827 604 615 832 605 616 840 606 617 841 607 618 845 608 619 828 608 620 834 609 621 852 610 622 855 611 623 858 612 624 837 613 625 830 614 626 847 615 627 864 616 628 887 617 629 886 618 630 854 619 631 849 620 632 861 621 633 819 622 634 867 623 635 865 624 636 885 625 637 860 625 638 866 626 639 842 627 640 896 628 641 897 629 642 875 630 643 870 631 644 846 632 645 836 633 646 907 634 647 911 635 648 900 636 649 846 636 650 838 637 651 857 638 652 879 639 653 878 640 654 910 641 655 839 642 656 856 643 657 888 644 658 893 645 659 892 646 660 877 647 661 853 648 662 883 649 663 869 650 664 876 651 665 872 652 666 889 653 667 884 653 668 871 654 669 895 655 670 956 656 671 958 657 672 904 658 673 873 659 674 899 660 675 908 661 676 916 662 677 913 663 678 959 664 679 898 664 680 912 665 681 882 666 682 918 667 683 919 668 684 917 669 685 909 670 686 881 671 687 894 672 688 1022 673 689 1021 674 690 923 675 691 880 676 692 890 677 693 874 678 694 902 679 695 903 680 696 1020 681 697 891 681 698 949 682 699 953 683 700 928 684 701 925 685 702 949 685 703 929 686 704 947 687 705 924 688 706 930 689 707 1023 690 708 935 691 709 920 692 710 922 693 711 942 694 712 914 695 713 825 696 714 820 697 715 933 698 716 932 699 717 952 700 718 826 701 719 823 702 720 859 703 721 945 704 722 946 705 723 931 706 724 821 707 725 863 708 726 848 709 727 926 710 728 926 711 729 948 711 730 862 712 731 850 713 732 833 714 733 951 715 734 951 715 735 927 715 736 851 716 737 835 717 738 829 718 739 954 718 740 955 719 741 950 719 742 831 720 743 961 721 744 941 722 745 975 723 746 962 724 747 1016 725 748 966 726 749 938 727 750 964 728 751 968 729 752 944 730 753 937 731 754 970 732 755 974 733 756 939 734 757 969 735 758 1017 736 759 971 737 760 967 738 761 979 739 762 984 740 763 993 741 764 992 742 765 1009 743 766 978 744 767 982 745 768 988 746 769 1273 747 770 1271 748 771 997 749 772 980 750 773 1276 751 774 1281 752 775 1286 753 776 987 754 777 1296 755 778 1269 756 779 1288 757 780 999 758 781 1007 759 782 1006 760 783 1278 761 784 1289 762 785 1003 763 786 977 764 787 1011 765 788 1010 766 789 1008 767 790 998 768 791 976 769 792 1002 770 793 981 771 794 1012 772 795 996 773 796 1005 774 797 901 775 798 972 776 799 1014 777 800 1019 778 801 1013 779 802 963 780 803 1051 781 804 1057 782 805 1157 783 806 1325 784 807 1126 785 808 1042 786 809 1048 787 810 1119 788 811 1339 789 812 1122 790 813 1331 791 814 1041 792 815 1043 793 816 1333 794 817 1031 795 818 1324 796 819 1040 797 820 1320 798 821 1292 799 822 1153 800 823 1056 801 824 1127 802 825 1045 803 826 1332 804 827 1102 805 828 1028 806 829 1341 807 830 1337 808 831 1025 809 832 1034 810 833 1334 811 834 1336 812 835 1033 813 836 1330 814 837 1322 815 838 1026 816 839 1064 817 840 1071 817 841 1179 818 842 1183 819 843 1189 820 844 1063 820 845 1081 821 846 1168 822 847 1085 823 848 1329 824 849 1027 825 850 1101 826 851 1091 827 852 1061 828 853 1186 829 854 1074 830 855 1090 831 856 1199 832 857 1083 833 858 1070 833 859 1088 834 860 1075 835 861 1084 836 862 1089 837 863 1321 838 864 1039 839 865 1030 840 866 1085 841 867 1076 841 868 1080 842 869 1327 843 870 1104 844 871 1109 845 872 1108 846 873 1098 847 874 1328 848 875 1117 849 876 1047 850 877 1114 850 878 1140 851 879 1111 852 880 1044 853 881 1046 854 882 1125 855 883 1142 856 884 1115 857 885 1135 858 886 1120 859 887 1128 860 888 1194 861 889 1145 862 890 1141 863 891 1093 864 892 1129 864 893 1100 865 894 1121 866 895 1136 867 896 1139 868 897 1110 869 898 1099 870 899 1096 871 900 1105 872 901 1160 873 902 1164 874 903 1133 875 904 1097 876 905 1191 877 906 1146 878 907 1112 879 908 1181 880 909 1169 881 910 1162 882 911 1079 883 912 1197 884 913 1192 885 914 1190 886 915 1130 887 916 1078 887 917 1187 888 918 1180 889 919 1176 890 920 1177 891 921 1149 892 922 1188 892 923 1107 640 924 1137 641 925 1174 893 926 1138 894 927 1116 895 928 1151 895 929 1155 896 930 1068 897 931 1037 898 932 1202 899 933 1152 900 934 1066 901 935 1291 902 936 1159 903 937 1053 904 938 1148 905 939 1193 906 940 1200 907 941 1166 908 942 1082 909 943 1132 910 944 1049 911 945 1338 912 946 1335 913 947 1171 914 948 1182 915 949 1072 715 950 1029 916 951 1323 917 952 1032 918 953 1072 715 954 1086 715 955 1170 919 956 1069 920 957 1062 921 958 1087 922 959 1094 923 960 1143 924 961 1123 925 962 1201 926 963 1077 927 964 1073 928 965 1124 929 966 1326 930 967 1095 930 968 1185 931 969 1198 932 970 1092 933 971 1103 934 972 1340 935 973 1118 936 974 1165 937 975 1173 938 976 1178 939 977 1050 940 978 1038 941 979 1060 942 980 1203 943 981 1294 944 982 1154 945 983 1156 946 984 1036 947 985 1058 948 986 1290 949 987 1052 950 988 1204 951 989 1293 952 990 1059 953 991 1158 954 992 1150 895 993 1172 955 994 1134 956 995 1054 957 996 1067 958 997 1035 959 998 1228 960 999 1207 961 1000 1217 962 1001 1216 963 1002 1231 964 1003 1227 965 1004 1211 966 1005 1222 967 1006 1232 968 1007 1233 969 1008 1218 970 1009 1210 971 1010 1221 972 1011 1234 972 1012 1215 972 1013 1214 973 1014 1206 973 1015 1219 973 1016 1213 592 1017 1220 592 1018 1209 974 1019 1208 975 1020 1229 976 1021 1213 592 1022 1224 977 1023 1212 977 1024 1226 977 1025 1225 978 1026 1230 978 1027 1223 978 1028 1238 979 1029 1242 980 1030 1250 981 1031 1240 982 1032 1244 983 1033 1253 984 1034 1254 985 1035 1247 986 1036 1239 987 1037 1257 988 1038 1252 989 1039 1245 990 1040 1241 991 1041 1235 992 1042 1243 993 1043 1246 994 1044 1237 995 1045 1256 996 1046 1249 997 1047 1258 998 1048 1236 999 1049 1248 1000 1050 1251 1001 1051 1255 1002 1052 1260 1003 1053 1282 1004 1054 1266 1005 1055 1264 1006 1056 1298 1007 1057 1262 1008 1058 1268 1009 1059 1265 1010 1060 1279 1011 1061 985 1012 1062 1280 1013 1063 1259 1014 1064 1024 1015 1065 965 1016 1066 934 1017 1067 921 1018 1068 936 1019 1069 943 1020 1070 960 1021 1071 915 1022 1072 940 1023 1073 1274 1024 1074 1263 1025 1075 1284 1026 1076 986 1027 1077 1261 1028 1078 1297 1029 1079 1001 1030 1080 1287 1031 1081 989 1032 1082 1000 1033 1083 990 1034 1084 983 1035 1085 995 1036 1086 1272 1037 1087 1277 1038 1088 994 1039 1089 1275 1040 1090 1004 1041 1091 906 1042 1092 957 1043 1093 973 1044 1094 1018 1045 1095 905 1046 1096 1015 1047 1097 1055 1048 1098 1065 1049 1099 1205 1050 1100 1196 1051 1101 1184 1052 1102 1147 1053 1103 1131 1054 1104 1161 1055 1105 1167 1056 1106 1175 1057 1107 1163 1058 1108 1106 1059 1109 1113 1060 1110 1144 1061 1111 1195 1062 1112 1270 1063 1113 1295 1064 1114 1267 1065 1115 991 1066 1116 1285 1067 1117 1283 1068 1118 1299 1069 1119 1303 1070 1120 1304 1071 1121 1308 1072 1122 1305 1072 1123 1315 1072 1124 1307 1073 1125 1310 1074 1126 1312 1075 1127 1317 1076 1128 1314 1077 1129 1300 1078 1130 1316 1079 1131 1301 1080 1132 1319 1081 1133 1306 1082 1134 1313 1083 1135 1318 1084 1136 1309 1085 1137 1302 1086 1138 1311 1087 1139 1374 1088 1140 1350 1089 1141 1367 1090 1142 1347 1091 1143 1372 1092 1144 1366 1093 1145 1385 1094 1146 1344 1095 1147 1377 1096 1148 1343 1097 1149 1389 1098 1150 1384 1099 1151 1383 1100 1152 1370 1101 1153 1351 1102 1154 1387 1103 1155 1361 1104 1156 1368 1105 1157 1417 1106 1158 1396 1107 1159 1411 1108 1160 1393 1109 1161 1416 1110 1162 1412 1111 1163 1437 1112 1164 1390 1113 1165 1424 1114 1166 1391 1115 1167 1433 1116 1168 1427 1117 1169 1428 1118 1170 1420 1119 1171 1403 1120 1172 1434 1121 1173 1405 1122 1174 1422 1123 1175 1443 1124 1176 1465 1125 1177 1459 1126 1178 1438 1127 1179 1466 1128 1180 1447 1129 1181 1481 1130 1182 1445 1131 1183 1475 1132 1184 1469 1133 1185 1477 1134 1186 1451 1135 1187 1454 1136 1188 1484 1137 1189 1470 1138 1190 1493 1139 1191 1516 1140 1192 1508 1141 1193 1491 1142 1194 1518 1143 1195 1499 1144 1196 1533 1145 1197 1486 1146 1198 1528 1147 1199 1513 1148 1200 1526 1149 1201 1495 1150 1202 1504 1151 1203 1530 1152 1204 1512 1153 1205 1373 1154 1206 1362 1155 1207 1349 1156 1208 1346 1157 1209 1355 1158 1210 1371 1159 1211 1382 1160 1212 1388 1161 1213 1369 1162 1214 1386 1163 1215 1378 1164 1216 1360 1165 1217 1418 1166 1218 1404 1167 1219 1397 1168 1220 1394 1169 1221 1399 1170 1222 1419 1171 1223 1429 1172 1224 1436 1173 1225 1421 1174 1226 1435 1175 1227 1423 1176 1228 1406 1177 1229 1442 1178 1230 1452 1179 1231 1464 1180 1232 1439 1181 1233 1463 1182 1234 1468 1183 1235 1485 1184 1236 1472 1185 1237 1444 1186 1238 1467 1187 1239 1483 1188 1240 1476 1189 1241 1453 1190 1242 1471 1191 1243 1482 1192 1244 1492 1193 1245 1506 1194 1246 1517 1195 1247 1490 1196 1248 1507 1197 1249 1515 1198 1250 1529 1199 1251 1521 1200 1252 1488 1201 1253 1514 1202 1254 1531 1203 1255 1527 1204 1256 1505 1205 1257 1522 1206 1258 1532 1207 1259 1356 1208 1260 1375 1209 1261 1380 1210 1262 1409 1211 1263 1426 1212 1264 1431 1213 1265 1462 1214 1266 1450 1215 1267 1456 1216 1268 1509 1217 1269 1497 1218 1270 1500 1219 1271 1561 1220 1272 1540 1221 1273 1555 1222 1274 1537 1223 1275 1560 1224 1276 1556 1225 1277 1581 1226 1278 1534 1227 1279 1568 1228 1280 1535 1229 1281 1577 1230 1282 1571 1231 1283 1572 1232 1284 1564 1233 1285 1547 1234 1286 1578 1235 1287 1549 1236 1288 1566 1237 1289 1587 1238 1290 1609 1239 1291 1603 1240 1292 1582 1241 1293 1610 1242 1294 1591 1243 1295 1625 1244 1296 1589 1245 1297 1619 1246 1298 1613 1247 1299 1621 1248 1300 1595 1249 1301 1598 1250 1302 1628 1251 1303 1614 1252 1304 1637 1253 1305 1660 1254 1306 1652 1255 1307 1635 1256 1308 1662 1257 1309 1643 1258 1310 1677 1259 1311 1630 1260 1312 1672 1261 1313 1657 1262 1314 1670 1263 1315 1639 1264 1316 1648 1265 1317 1674 1266 1318 1656 1267 1319 1562 1268 1320 1548 1269 1321 1541 1270 1322 1538 1271 1323 1543 1272 1324 1563 1273 1325 1573 1274 1326 1580 1275 1327 1565 1276 1328 1579 1277 1329 1567 1278 1330 1550 1279 1331 1586 1280 1332 1596 1281 1333 1608 1282 1334 1583 1283 1335 1607 1284 1336 1612 1285 1337 1629 1286 1338 1616 1287 1339 1588 1288 1340 1611 1289 1341 1627 1290 1342 1620 1291 1343 1597 1292 1344 1615 1293 1345 1626 1294 1346 1636 1295 1347 1650 1296 1348 1661 1297 1349 1634 1298 1350 1651 1299 1351 1659 1300 1352 1673 1301 1353 1665 1302 1354 1632 1303 1355 1658 1304 1356 1675 1305 1357 1671 1306 1358 1649 1307 1359 1666 1308 1360 1676 1309 1361 1553 1310 1362 1570 1311 1363 1575 1312 1364 1606 1313 1365 1594 1314 1366 1600 1315 1367 1654 1316 1368 1641 1317 1369 1644 1318 1370 1710 1319 1371 1686 1320 1372 1703 1321 1373 1683 1322 1374 1708 1323 1375 1702 1324 1376 1721 1325 1377 1680 1326 1378 1713 1327 1379 1679 1328 1380 1725 1329 1381 1720 1330 1382 1719 1331 1383 1706 1332 1384 1687 1333 1385 1723 1334 1386 1697 1335 1387 1704 1336 1388 1753 324 1389 1732 325 1390 1747 326 1391 1729 1337 1392 1752 1338 1393 1748 1339 1394 1773 1340 1395 1726 1341 1396 1760 1342 1397 1727 1343 1398 1769 1344 1399 1763 1345 1400 1764 1346 1401 1756 1347 1402 1739 1348 1403 1770 1349 1404 1741 1350 1405 1758 1351 1406 1779 1352 1407 1801 1353 1408 1795 1354 1409 1774 1355 1410 1802 1356 1411 1783 1357 1412 1817 1358 1413 1781 1359 1414 1811 1360 1415 1805 1361 1416 1813 1362 1417 1787 1363 1418 1790 1364 1419 1820 1365 1420 1806 1366 1421 1829 1367 1422 1852 1368 1423 1844 1369 1424 1827 1370 1425 1854 1371 1426 1835 1372 1427 1869 1373 1428 1822 1374 1429 1864 1375 1430 1849 1376 1431 1862 1377 1432 1831 1378 1433 1840 1379 1434 1866 1380 1435 1848 1381 1436 1709 1382 1437 1698 1383 1438 1685 1384 1439 1682 1385 1440 1691 1386 1441 1707 1387 1442 1718 1388 1443 1724 1389 1444 1705 1390 1445 1722 1391 1446 1714 1392 1447 1696 1393 1448 1754 1394 1449 1740 1395 1450 1733 1396 1451 1730 1397 1452 1735 1398 1453 1755 1399 1454 1765 1400 1455 1772 1401 1456 1757 1402 1457 1771 1403 1458 1759 1404 1459 1742 1405 1460 1778 1406 1461 1788 1407 1462 1800 1408 1463 1775 1409 1464 1799 1410 1465 1804 1411 1466 1821 1412 1467 1808 1287 1468 1780 1413 1469 1803 1414 1470 1819 1415 1471 1812 1416 1472 1789 1417 1473 1807 1418 1474 1818 1419 1475 1828 1420 1476 1842 1421 1477 1853 1422 1478 1826 1423 1479 1843 1424 1480 1851 1425 1481 1865 1426 1482 1857 1427 1483 1824 1428 1484 1850 1429 1485 1867 1430 1486 1863 1431 1487 1841 1432 1488 1858 1433 1489 1868 1434 1490 1692 1435 1491 1711 1436 1492 1715 1437 1493 1745 1438 1494 1762 1439 1495 1767 1440 1496 1798 1441 1497 1786 1442 1498 1792 1443 1499 1846 1444 1500 1833 1445 1501 1836 1446 1502 1892 1447 1503 1882 1448 1504 1888 1449 1505 1883 1450 1506 1893 1451 1507 1899 1452 1508 1895 1453 1509 1874 1454 1510 1878 1455 1511 1884 1456 1512 1880 1457 1513 1870 1458 1514 1898 1459 1515 1877 1460 1516 1879 1461 1517 1890 1462 1518 1871 1463 1519 1875 1464 1520 1922 1465 1521 1916 1466 1522 1901 1467 1523 1889 1468 1524 1886 1469 1525 1872 1470 1526 1924 1471 1527 1918 1472 1528 1913 1473 1529 1948 1474 1530 1952 1475 1531 1956 1476 1532 1923 1477 1533 1902 1478 1534 1909 1479 1535 1894 1480 1536 1887 1481 1537 1873 1482 1538 1926 1483 1539 1907 1484 1540 1910 1485 1541 1905 1486 1542 1928 1486 1543 1911 1486 1544 1915 1487 1545 1903 1488 1546 1900 1489 1547 1897 1490 1548 1891 1491 1549 1876 1492 1550 1885 1493 1551 1896 1494 1552 1881 1495 1553 1925 1496 1554 1912 1497 1555 1921 1498 1556 1949 1499 1557 1955 1500 1558 1944 1501 1559 1954 1502 1560 1935 1503 1561 1938 1504 1562 1942 1505 1563 1939 1506 1564 1930 1507 1565 1958 1508 1566 1936 1509 1567 1941 1510 1568 1947 1511 1569 1931 1512 1570 1933 1513 1571 1927 1514 1572 1920 1515 1573 1908 1516 1574 1906 1517 1575 1919 1517 1576 1929 1517 1577 1914 1518 1578 1917 1519 1579 1904 1520 1580 1953 1465 1581 1950 1466 1582 1934 1467 1583 1943 1521 1584 1957 1522 1585 1940 1523 1586 1959 1524 1587 1951 1525 1588 1937 1526 1589 1946 1527 1590 1945 1528 1591 1932 1529 1592 1988 1530 1593 2006 1531 1594 1981 1532 1595 1973 1533 1596 1978 1534 1597 1971 1535 1598 1960 1536 1599 1992 1537 1600 1974 1538 1601 1968 1539 1602 2004 1540 1603 1962 1541 1604 1966 1542 1605 1984 1543 1606 1997 1544 1607 1963 1545 1608 1980 1546 1609 1982 1547 1610 2014 1548 1611 2034 1549 1612 2027 1550 1613 1989 1551 1614 2025 1552 1615 2021 1553 1616 1999 1554 1617 2011 1555 1618 2029 1556 1619 1995 1557 1620 2018 1558 1621 2013 1559 1622 1976 1560 1623 2020 1561 1624 1985 1562 1625 2022 1563 1626 2030 1564 1627 2009 1565 1628 2028 1566 1629 2032 1567 1630 2023 1568 1631 35 1569 1632 9 1570 1633 14 1571 1634 7 1572 1635 0 1573 1636 18 1574 1637 19 1575 1638 5 1576 1639 13 1577 1640 8 1578 1641 20 1579 1642 12 1580 1643 78 1581 1644 51 1582 1645 59 1583 1646 49 1584 1647 44 1585 1648 63 1586 1649 62 1587 1650 45 1588 1651 57 1589 1652 50 1590 1653 64 1591 1654 58 1592 1655 105 1593 1656 86 1594 1657 93 1595 1658 91 1596 1659 119 1597 1660 98 1598 1661 101 1599 1662 120 1600 1663 115 1601 1664 100 1602 1665 87 1603 1666 104 1604 1667 146 1605 1668 126 1606 1669 134 1607 1670 133 1608 1671 160 1609 1672 137 1610 1673 140 1611 1674 161 1612 1675 157 1613 1676 139 1614 1677 131 1615 1678 147 1616 1679 205 1617 1680 180 1618 1681 185 1619 1682 179 1620 1683 171 1621 1684 190 1622 1685 191 1623 1686 174 1624 1687 184 1625 1688 178 1626 1689 189 1627 1690 183 1628 1691 168 1629 1692 207 1630 1693 202 1631 1694 256 1632 1695 228 1633 1696 236 1634 1697 227 1635 1698 221 1636 1699 240 1637 1700 241 1638 1701 224 1639 1702 234 1640 1703 226 1641 1704 239 1642 1705 233 1643 1706 218 1644 1707 258 1645 1708 251 1646 1709 286 1647 1710 266 1648 1711 274 1649 1712 275 1650 1713 304 1651 1714 281 1652 1715 305 1653 1716 272 1654 1717 299 1655 1718 283 1656 1719 306 1657 1720 300 1658 1721 284 1659 1722 267 1660 1723 287 1661 1724 337 1662 1725 315 1663 1726 324 1664 1727 322 1665 1728 349 1666 1729 328 1667 1730 329 1668 1731 350 1669 1732 345 1670 1733 313 1671 1734 346 1672 1735 351 1673 1736 327 1674 1737 320 1675 1738 335 1676 1739 382 1677 1740 362 1678 1741 370 1679 1742 371 1680 1743 400 1681 1744 377 1682 1745 401 1683 1746 368 1684 1747 395 1685 1748 379 1686 1749 402 1687 1750 396 1688 1751 380 1689 1752 363 1690 1753 383 1691 1754 433 1692 1755 411 1693 1756 420 1694 1757 418 1695 1758 445 1696 1759 425 1697 1760 424 1698 1761 446 1699 1762 441 1700 1763 409 1701 1764 442 1702 1765 447 1703 1766 423 1704 1767 416 1705 1768 431 1706 1769 493 1707 1770 468 1708 1771 473 1709 1772 467 1710 1773 459 1711 1774 478 1712 1775 479 1713 1776 462 1714 1777 472 1715 1778 466 1716 1779 477 1717 1780 471 1718 1781 456 1719 1782 495 1720 1783 490 1721 1784 544 1722 1785 516 1723 1786 524 1724 1787 515 1725 1788 509 1726 1789 528 1727 1790 529 1728 1791 512 1729 1792 522 1730 1793 514 1731 1794 527 1732 1795 521 1733 1796 506 1734 1797 546 1735 1798 539 1736 1799 574 1737 1800 554 1738 1801 562 1739 1802 563 1740 1803 592 1741 1804 569 1742 1805 593 1743 1806 560 1744 1807 587 1745 1808 571 1746 1809 594 1747 1810 588 1748 1811 572 1749 1812 555 1750 1813 575 1751 1814 625 1752 1815 603 1753 1816 612 1754 1817 610 1755 1818 637 1756 1819 616 1757 1820 617 1758 1821 638 1759 1822 633 1760 1823 601 1761 1824 634 1762 1825 639 1763 1826 615 1764 1827 608 1765 1828 623 1766 1829 1379 1767 1830 1354 1768 1831 1359 1769 1832 1353 1770 1833 1345 1771 1834 1364 1772 1835 1365 1773 1836 1348 1774 1837 1358 1775 1838 1352 1776 1839 1363 1777 1840 1357 1778 1841 1342 1779 1842 1381 1780 1843 1376 1781 1844 1430 1782 1845 1401 1783 1846 1410 1784 1847 1400 1785 1848 1395 1786 1849 1414 1787 1850 1415 1788 1851 1398 1789 1852 1408 1790 1853 1402 1791 1854 1413 1792 1855 1407 1793 1856 1392 1794 1857 1432 1795 1858 1425 1796 1859 1460 1797 1860 1440 1798 1861 1449 1799 1862 1448 1800 1863 1478 1801 1864 1455 1802 1865 1479 1803 1866 1446 1804 1867 1473 1805 1868 1457 1806 1869 1480 1807 1870 1474 1808 1871 1458 1809 1872 1441 1810 1873 1461 1811 1874 1511 1812 1875 1489 1813 1876 1498 1814 1877 1496 1815 1878 1523 1816 1879 1503 1817 1880 1502 1818 1881 1524 1819 1882 1519 1820 1883 1487 1821 1884 1520 1822 1885 1525 1823 1886 1501 1824 1887 1494 1825 1888 1510 1826 1889 1574 1827 1890 1545 1828 1891 1554 1829 1892 1544 1830 1893 1539 1831 1894 1558 1832 1895 1559 1833 1896 1542 1834 1897 1552 1835 1898 1546 1836 1899 1557 1837 1900 1551 1838 1901 1536 1839 1902 1576 1840 1903 1569 1841 1904 1605 1842 1905 1584 1843 1906 1593 1844 1907 1592 1845 1908 1622 1846 1909 1599 1847 1910 1623 1848 1911 1590 1849 1912 1617 1850 1913 1601 1851 1914 1624 1852 1915 1618 1853 1916 1602 1854 1917 1585 1855 1918 1604 1856 1919 1655 1857 1920 1633 1858 1921 1642 1859 1922 1640 1860 1923 1667 1861 1924 1647 1862 1925 1646 1863 1926 1668 1864 1927 1663 1865 1928 1631 1866 1929 1664 1867 1930 1669 1868 1931 1645 1869 1932 1638 1870 1933 1653 1871 1934 1716 1872 1935 1690 1873 1936 1695 1874 1937 1689 1875 1938 1681 1876 1939 1700 1877 1940 1701 1878 1941 1684 1879 1942 1694 1880 1943 1688 1881 1944 1699 1882 1945 1693 1883 1946 1678 1884 1947 1717 1885 1948 1712 1886 1949 1766 1887 1950 1738 1888 1951 1746 1889 1952 1737 1890 1953 1731 1891 1954 1750 1892 1955 1751 1893 1956 1734 1894 1957 1744 1895 1958 1736 1896 1959 1749 1897 1960 1743 1898 1961 1728 1899 1962 1768 1900 1963 1761 1901 1964 1796 1902 1965 1776 1903 1966 1785 1904 1967 1784 1905 1968 1814 1906 1969 1791 1907 1970 1816 1908 1971 1782 1909 1972 1809 1910 1973 1793 1911 1974 1815 1912 1975 1810 1913 1976 1794 1914 1977 1777 1915 1978 1797 1916 1979 1847 1917 1980 1825 1918 1981 1834 1919 1982 1832 1815 1983 1859 1920 1984 1838 1817 1985 1839 1921 1986 1860 1922 1987 1855 1923 1988 1823 1924 1989 1856 1925 1990 1861 1926 1991 1837 1927 1992 1830 1928 1993 1845 1929 1994 1987 1930 1995 2024 1931 1996 2007 1932 1997 1972 1933 1998 1993 1934 1999 1977 1935 2000 1961 1936 2001 2001 1937 2002 1991 1938 2003 1969 1939 2004 1994 1940 2005 2003 1941 2006 1967 1942 2007 1965 1943 2008 1983 1944 2009 1964 1945 2010 1970 1946 2011 1979 1947 2012 1990 1948 2013 2002 1949 2014 2026 1950 2015 2000 1951 2016 1998 1952 2017 2012 1953 2018 1996 1954 2019 1986 1955 2020 2019 1956 2021 1975 1957 2022 2008 1958 2023 2017 1959 2024 2010 1960 2025 2015 1961 2026 2031 1962 2027 2016 1963 2028 2005 1964 2029 2033 1965 2030 2105 1966 2031 2096 1967 2032 2045 1968 2033 2106 1969 2034 2052 1970 2035 2097 1971 2036 2066 1972 2037 2134 1973 2038 2076 1974 2039 2108 1975 2040 2060 1976 2041 2046 1977 2042 2102 1978 2043 2069 1979 2044 2038 1980 2045 2110 1981 2046 2063 1982 2047 2075 1983 2048 2083 1984 2049 2089 1985 2050 2116 1986 2051 2084 1987 2052 2117 1988 2053 2090 1989 2054 2058 1990 2055 2132 1991 2056 2077 1992 2057 2067 1993 2058 2122 1994 2059 2130 1995 2060 2041 1996 2061 2047 1997 2062 2100 1998 2063 2044 1999 2064 2036 2000 2065 2104 2001 2066 2054 2002 2067 2040 2003 2068 2112 2004 2069 2055 2005 2070 2051 2006 2071 2098 2007 2072 2115 2008 2073 2120 2009 2074 2078 2010 2075 2087 2011 2076 2125 2012 2077 2119 2013 2078 2091 2014 2079 2129 2015 2080 2085 2016 2081 2094 2017 2082 2079 2018 2083 2136 2019 2084 2061 2020 2085 2081 2021 2086 2124 2022 2087 2065 2023 2088 2127 2024 2089 2133 2025 2090 2101 2026 2091 2049 2027 2092 2062 2028 2093 2109 2029 2094 2074 2030 2095 2059 2031 2096 2103 2032 2097 2071 2033 2098 2070 2034 2099 2111 2035 2100 2037 2036 2101 2064 2037 2102 2057 2038 2103 2073 2039 2104 2131 2040 2105 2068 2041 2106 2072 2042 2107 2123 2043 2108 2042 2044 2109 2095 2045 2110 2048 2046 2111 2043 2047 2112 2099 2048 2113 2035 2049 2114 2053 2050 2115 2107 2051 2116 2039 2052 2117 2056 2053 2118 2113 2054 2119 2050 2055 2120 2114 2056 2121 2088 2057 2122 2121 2058 2123 2086 2059 2124 2082 2060 2125 2126 2061 2126 2092 2062 2127 2135 2063 2128 2128 2064 2129 2093 2065 2130 2118 2066 2131 2080 2067 2132 2222 2068 2133 2210 2069 2134 2148 2070 2135 2223 2071 2136 2157 2072 2137 2211 2073 2138 2167 2074 2139 2245 2075 2140 2180 2076 2141 2173 2077 2142 2255 2078 2143 2185 2079 2144 2217 2080 2145 2169 2081 2146 2182 2082 2147 2226 2083 2148 2164 2084 2149 2150 2085 2150 2219 2086 2151 2177 2087 2152 2141 2088 2153 2228 2089 2154 2170 2090 2155 2184 2091 2156 2194 2092 2157 2202 2093 2158 2234 2094 2159 2195 2095 2160 2235 2096 2161 2203 2097 2162 2163 2098 2163 2253 2099 2164 2187 2100 2165 2175 2101 2166 2242 2102 2167 2252 2103 2168 2144 2104 2169 2151 2105 2170 2215 2106 2171 2147 2107 2172 2138 2108 2173 2221 2109 2174 2160 2110 2175 2143 2111 2176 2230 2112 2177 2161 2113 2178 2156 2114 2179 2213 2115 2180 2233 2116 2181 2239 2117 2182 2188 2118 2183 2199 2119 2184 2246 2120 2185 2238 2121 2186 2205 2122 2187 2251 2123 2188 2197 2124 2189 2208 2125 2190 2190 2126 2191 2258 2127 2192 2166 2128 2193 2192 2129 2194 2244 2130 2195 2172 2131 2196 2248 2132 2197 2254 2133 2198 2218 2134 2199 2154 2135 2200 2168 2136 2201 2220 2137 2202 2181 2138 2203 2178 2139 2204 2227 2140 2205 2139 2141 2206 2171 2142 2207 2176 2143 2208 2183 2144 2209 2243 2145 2210 2145 2146 2211 2209 2147 2212 2152 2148 2213 2146 2149 2214 2214 2150 2215 2137 2151 2216 2159 2152 2217 2225 2153 2218 2142 2154 2219 2162 2155 2220 2231 2156 2221 2155 2157 2222 2232 2158 2223 2200 2159 2224 2240 2160 2225 2198 2161 2226 2193 2162 2227 2247 2163 2228 2206 2164 2229 2257 2165 2230 2250 2166 2231 2207 2167 2232 2237 2168 2233 2191 2169 2234 2204 2170 2235 2256 2171 2236 2186 2172 2237 2174 2173 2238 2229 2174 2239 2158 2175 2240 2204 2170 2241 2186 2172 2242 2174 2173 2243 2196 2176 2244 2249 2177 2245 2204 2170 2246 2201 2178 2247 2189 2179 2248 2236 2180 2249 2236 2180 2250 2196 2176 2251 2204 2170 2252 2174 2173 2253 2158 2175 2254 2140 2181 2255 2236 2180 2256 2204 2170 2257 2174 2173 2258 2179 2182 2259 2241 2183 2260 2201 2178 2261 2201 2178 2262 2236 2180 2263 2174 2173 2264 2174 2173 2265 2140 2181 2266 2224 2184 2267 2212 2185 2268 2153 2186 2269 2149 2187 2270 2174 2173 2271 2224 2184 2272 2212 2185 2273 2165 2188 2274 2179 2182 2275 2201 2178 2276 2149 2187 2277 2216 2189 2278 2165 2188 2279 2174 2173 2280 2212 2185 2281 2149 2187 2282 2165 2188 2283 2201 2178 2284 2174 2173 2285 2174 2173 2286 2149 2187 2287 2165 2188 2288 2329 2190 2289 2320 2191 2290 2269 2192 2291 2330 2193 2292 2276 2194 2293 2321 2195 2294 2290 2196 2295 2358 2197 2296 2300 2198 2297 2332 2199 2298 2284 2200 2299 2270 2201 2300 2326 2202 2301 2293 2203 2302 2262 2204 2303 2334 2205 2304 2287 2206 2305 2299 2207 2306 2307 2208 2307 2313 2209 2308 2340 2210 2309 2308 2211 2310 2341 2212 2311 2314 2213 2312 2282 2214 2313 2356 2215 2314 2301 2216 2315 2291 2217 2316 2346 2218 2317 2354 2219 2318 2265 2220 2319 2271 2221 2320 2324 2222 2321 2268 2223 2322 2260 2224 2323 2328 2225 2324 2278 2226 2325 2263 2227 2326 2336 2228 2327 2279 2229 2328 2275 2230 2329 2322 2231 2330 2338 2232 2331 2344 2233 2332 2302 2234 2333 2310 2235 2334 2349 2236 2335 2343 2237 2336 2315 2238 2337 2353 2239 2338 2309 2240 2339 2318 2241 2340 2303 2242 2341 2360 2243 2342 2285 2244 2343 2305 2129 2344 2348 2130 2345 2289 2245 2346 2351 2246 2347 2357 2247 2348 2325 2248 2349 2273 2249 2350 2286 2250 2351 2333 2251 2352 2298 2252 2353 2283 2253 2354 2327 2254 2355 2295 2255 2356 2294 2256 2357 2335 2257 2358 2261 2258 2359 2288 2259 2360 2281 2260 2361 2297 2261 2362 2355 2262 2363 2292 2263 2364 2296 2264 2365 2347 2265 2366 2266 2266 2367 2319 2267 2368 2272 2268 2369 2267 2269 2370 2323 2270 2371 2259 2271 2372 2277 2272 2373 2331 2273 2374 2264 2274 2375 2280 2275 2376 2337 2276 2377 2274 2277 2378 2339 2278 2379 2312 2279 2380 2345 2280 2381 2311 2281 2382 2306 2282 2383 2350 2283 2384 2316 2284 2385 2359 2285 2386 2352 2286 2387 2317 2287 2388 2342 2288 2389 2304 2289 2390 2446 2290 2391 2434 2291 2392 2372 2292 2393 2447 2293 2394 2381 2294 2395 2435 2295 2396 2391 2296 2397 2469 2297 2398 2404 2298 2399 2397 2299 2400 2479 2300 2401 2409 2301 2402 2441 2302 2403 2393 2303 2404 2406 2304 2405 2450 2305 2406 2388 2306 2407 2374 2307 2408 2443 2308 2409 2401 2309 2410 2365 2310 2411 2451 2311 2412 2394 2312 2413 2408 2313 2414 2418 2314 2415 2426 2315 2416 2458 2316 2417 2419 2317 2418 2459 2318 2419 2427 2319 2420 2387 2320 2421 2477 2321 2422 2411 2322 2423 2399 2323 2424 2466 2324 2425 2476 2325 2426 2369 2326 2427 2375 2327 2428 2439 2328 2429 2371 2329 2430 2362 2330 2431 2445 2331 2432 2384 2332 2433 2367 2333 2434 2454 2334 2435 2385 2335 2436 2380 2336 2437 2437 2337 2438 2456 2338 2439 2463 2339 2440 2412 2340 2441 2423 2341 2442 2470 2342 2443 2462 2343 2444 2429 2344 2445 2475 2345 2446 2421 2346 2447 2432 2347 2448 2414 2348 2449 2482 2349 2450 2390 2350 2451 2416 2351 2452 2468 2352 2453 2396 2353 2454 2472 2354 2455 2478 2355 2456 2442 2356 2457 2378 2357 2458 2392 2358 2459 2444 2359 2460 2405 2360 2461 2402 2361 2462 2452 2362 2463 2363 2363 2464 2395 2364 2465 2400 2365 2466 2407 2366 2467 2467 2367 2468 2368 2368 2469 2433 2369 2470 2376 2370 2471 2370 2371 2472 2438 2372 2473 2361 2373 2474 2383 2374 2475 2449 2375 2476 2366 2376 2477 2386 2377 2478 2455 2378 2479 2379 2379 2480 2457 2380 2481 2424 2381 2482 2464 2382 2483 2422 2383 2484 2417 2384 2485 2471 2385 2486 2430 2386 2487 2481 2387 2488 2474 2388 2489 2431 2389 2490 2461 2390 2491 2415 2391 2492 2428 2392 2493 2480 2393 2494 2410 2394 2495 2398 2395 2496 2453 2396 2497 2382 2397 2498 2428 2392 2499 2410 2394 2500 2398 2395 2501 2420 2398 2502 2473 2399 2503 2428 2392 2504 2425 2400 2505 2413 2401 2506 2460 2402 2507 2460 2402 2508 2420 2398 2509 2428 2392 2510 2398 2395 2511 2382 2397 2512 2364 2403 2513 2460 2402 2514 2428 2392 2515 2398 2395 2516 2403 2404 2517 2465 2405 2518 2425 2400 2519 2425 2400 2520 2460 2402 2521 2398 2395 2522 2398 2395 2523 2364 2403 2524 2448 2406 2525 2436 2407 2526 2377 2408 2527 2373 2409 2528 2398 2395 2529 2448 2406 2530 2436 2407 2531 2389 2410 2532 2403 2404 2533 2425 2400 2534 2373 2409 2535 2440 2411 2536 2389 2410 2537 2398 2395 2538 2436 2407 2539 2373 2409 2540 2389 2410 2541 2425 2400 2542 2398 2395 2543 2398 2395 2544 2373 2409 2545 2389 2410 2546 38 2412 2547 33 2413 2548 30 2414 2549 80 2415 2550 79 2416 2551 74 2417 2552 121 2418 2553 125 2419 2554 116 2420 2555 159 2421 2556 164 2422 2557 156 2423 2558 2485 2424 2559 2488 2425 2560 2487 2426 2561 2486 2427 2562 2483 2427 2563 2484 2428 2564 2494 2429 2565 2490 2430 2566 2491 2431 2567 2492 2432 2568 2489 2432 2569 2493 2433 2570 2497 2434 2571 2500 2435 2572 2499 2436 2573 2498 2437 2574 2495 2437 2575 2496 2438 2576 2506 2439 2577 2502 2440 2578 2503 2441 2579 2504 2442 2580 2501 2442 2581 2505 2443 2582 2509 2444 2583 2513 2445 2584 2523 2446 2585 2522 2447 2586 2527 2448 2587 2510 2449 2588 2566 2450 2589 2531 2451 2590 2534 2452 2591 2530 2453 2592 2564 2454 2593 2538 2455 2594 2541 2456 2595 2550 2457 2596 2552 2458 2597 2520 2459 2598 2529 2460 2599 2539 2461 2600 2518 2462 2601 2511 2463 2602 2560 2464 2603 2579 2465 2604 2674 2466 2605 2734 2467 2606 2507 2468 2607 2528 2469 2608 2557 2470 2609 2559 2471 2610 2512 2472 2611 2580 2473 2612 2532 2474 2613 2521 2475 2614 2583 2476 2615 2514 2477 2616 2586 2478 2617 2584 2479 2618 2578 2480 2619 2556 2481 2620 2678 2482 2621 2737 2483 2622 2569 2484 2623 2581 2485 2624 2575 2486 2625 2636 2487 2626 2608 2488 2627 2589 2489 2628 2595 2490 2629 2600 2491 2630 2603 2492 2631 2597 2493 2632 2594 2494 2633 2634 2495 2634 2610 2496 2635 2601 2497 2636 2613 2498 2637 2617 2499 2638 2625 2500 2639 2545 2501 2640 2623 2502 2641 2616 2503 2642 2565 2504 2643 2614 2505 2644 2629 2506 2645 2542 2507 2646 2553 2508 2647 2525 2509 2648 2519 2510 2649 2543 2511 2650 2526 2512 2651 2533 2513 2652 2587 2514 2653 2516 2515 2654 2517 2516 2655 2562 2517 2656 2535 2518 2657 2574 2519 2658 2735 2519 2659 2731 2519 2660 2508 2520 2661 2558 2521 2662 2577 2522 2663 2561 2523 2664 2582 2524 2665 2570 2525 2666 2515 2526 2667 2585 2527 2668 2524 2528 2669 2633 2529 2670 2591 2530 2671 2611 2531 2672 2555 2532 2673 2729 2533 2674 2675 2534 2675 2571 2535 2676 2605 2536 2677 2546 2537 2678 2590 2538 2679 2599 2539 2680 2609 2540 2681 2632 2541 2682 2598 2542 2683 2604 2543 2684 2612 2544 2685 2624 2545 2686 2628 2546 2687 2549 2547 2688 2618 2548 2689 2572 2549 2690 2563 2550 2691 2627 2551 2692 2540 2552 2693 2640 2553 2694 2677 2554 2695 2655 2555 2696 2643 2556 2697 2644 2557 2698 2668 2558 2699 2676 2559 2700 2641 2560 2701 2646 2561 2702 2648 2562 2703 2649 2563 2704 2652 2564 2705 2642 2565 2706 2637 2566 2707 2653 2567 2708 2656 2568 2709 2659 2569 2710 2663 2570 2711 2701 2571 2712 2664 2572 2713 2665 2573 2714 2666 2574 2715 2689 2575 2716 2700 2576 2717 2638 2577 2718 2639 2578 2719 2654 2579 2720 2667 2580 2721 2661 2581 2722 2670 2582 2723 2683 2583 2724 2686 2584 2725 2673 2585 2726 2685 2586 2727 2687 2587 2728 2680 2588 2729 2690 2589 2730 2647 2590 2731 2650 2591 2732 2691 2592 2733 2651 2593 2734 2693 2594 2735 2696 2595 2736 2692 2596 2737 2694 2597 2738 2698 2598 2739 2697 2599 2740 2695 2600 2741 2699 2601 2742 2688 2602 2743 2684 2603 2744 2703 2604 2745 2704 2605 2746 2707 2606 2747 2658 2607 2748 2702 2608 2749 2705 2609 2750 2706 2610 2751 2662 2611 2752 2657 2612 2753 2660 2613 2754 2669 2614 2755 2645 2615 2756 2619 2616 2757 2568 2617 2758 2576 2618 2759 2537 2619 2760 2621 2620 2761 2544 2621 2762 2620 2622 2763 2615 2623 2764 2567 2624 2765 2536 2625 2766 2626 2626 2767 2622 2627 2768 2681 2628 2769 2708 2628 2770 2710 2628 2771 2740 2629 2772 2725 2630 2773 2720 2631 2774 2739 2632 2775 2712 2632 2776 2724 2632 2777 2719 2633 2778 2733 2634 2779 2738 2635 2780 2715 2636 2781 2588 2637 2782 2635 2638 2783 2547 2639 2784 2606 2639 2785 2721 2639 2786 2607 2640 2787 2718 2641 2788 2723 2642 2789 2728 2643 2790 2713 2644 2791 2679 2645 2792 2548 2646 2793 2722 2646 2794 2727 2646 2795 2714 2647 2796 2631 2648 2797 2732 2649 2798 2630 2650 2799 2573 2650 2800 2730 2650 2801 2672 2651 2802 2711 2652 2803 2736 2653 2804 2716 2654 2805 2593 2655 2806 2592 2656 2807 2602 2657 2808 2596 2658 2809 2717 2659 2810 2682 2660 2811 2671 2660 2812 2709 2660 2813 2726 2661 2814 2554 2662 2815 2551 2663 2816 2742 2664 2817 2756 2665 2818 2752 2666 2819 2753 2667 2820 2759 2668 2821 2746 2669 2822 2747 2670 2823 2749 2671 2824 2754 2672 2825 2764 2673 2826 2748 2674 2827 2760 2675 2828 2755 2676 2829 2741 2677 2830 2757 2678 2831 2758 2679 2832 2744 2680 2833 2763 2681 2834 2751 2682 2835 2762 2683 2836 2743 2684 2837 2750 2685 2838 2745 2686 2839 2761 2687 2840 2791 2688 2841 2774 2689 2842 2767 2690 2843 2787 2691 2844 2765 2692 2845 2781 2693 2846 2779 2694 2847 2789 2695 2848 2786 2696 2849 2776 2697 2850 2780 2698 2851 2784 2699 2852 2785 2700 2853 2783 2701 2854 2778 2702 2855 2782 2703 2856 2768 2704 2857 2775 2705 2858 2790 2706 2859 2777 2707 2860 2773 2708 2861 2766 2709 2862 2788 2710 2863 2792 2711 2864 2770 2712 2865 2803 2713 2866 2806 2714 2867 2800 2667 2868 2795 2715 2869 2807 2716 2870 2808 2717 2871 2804 2718 2872 2801 2719 2873 2799 2697 2874 2809 2720 2875 2796 2699 2876 2802 2721 2877 2769 2722 2878 2793 2723 2879 2794 2724 2880 2772 2680 2881 2798 2705 2882 2805 2725 2883 2797 2726 2884 2771 2727 2885</p>
        </triangles>
      </mesh>
    </geometry>
    <geometry id="kebenit_Mesh_004-mesh" name="kebenit_Mesh.004">
      <mesh>
        <source id="kebenit_Mesh_004-mesh-positions">
          <float_array id="kebenit_Mesh_004-mesh-positions-array" count="240">-28.28013 -12.05956 4.336914 -0.3577315 -0.3310242 -0.1078109 28.11876 12.53249 -6.002243 0.8354223 0.1892318 -0.4095841 28.53464 -3.120857 -5.014942 28.53464 -3.120857 -5.014942 0.8908131 -0.2487792 -0.3807678 0.8908131 -0.2487792 -0.3807678 18.02045 -17.49182 -2.430153 18.02045 -17.49182 -2.430153 0.6971786 -0.6188507 -0.3053284 0.6971786 -0.6188507 -0.3053284 0.5922175 -25.09119 0.7648316 0.5922175 -25.09119 0.7648316 0.328471 -0.7796173 -0.2120742 0.328471 -0.7796173 -0.2120742 -17.09302 -23.01625 3.349617 -17.09302 -23.01625 3.349617 -0.07446539 -0.6696777 -0.1366271 -0.07446539 -0.6696777 -0.1366271 28.32551 12.45874 4.384865 0.8111863 0.2192535 1.320587 -28.02351 -12.24718 -5.954292 -0.3805108 -0.3043289 1.018822 -28.48777 3.397964 -4.966988 -28.48777 3.397964 -4.966988 -0.4369682 0.1335983 1.047638 -0.4369682 0.1335983 1.047638 -18.01299 17.78561 -2.382194 -18.01299 17.78561 -2.382194 -0.2442613 0.5042496 1.12307 -0.2442613 0.5042496 1.12307 -0.6001836 25.42017 0.8127747 -0.6001836 25.42017 0.8127747 0.1239922 0.6660462 1.216324 0.1239922 0.6660462 1.216324 17.09954 23.38548 3.397568 17.09954 23.38548 3.397568 0.5271371 0.55719 1.291771 0.5271371 0.55719 1.291771 -28.52294 -12.16544 4.690109 -0.6005483 -0.4369049 0.2453765 27.87595 12.42661 -5.649048 0.5926056 0.08335876 -0.05638885 28.29182 -3.226738 -4.661751 28.29182 -3.226738 -4.661751 0.6480024 -0.3546524 -0.02757263 0.6480024 -0.3546524 -0.02757263 17.77762 -17.5977 -2.076958 17.77762 -17.5977 -2.076958 0.4543619 -0.7247238 0.04786682 0.4543619 -0.7247238 0.04786682 0.3494005 -25.19707 1.118019 0.3494005 -25.19707 1.118019 0.08566021 -0.8854904 0.1411209 0.08566021 -0.8854904 0.1411209 -17.33584 -23.12213 3.702812 -17.33584 -23.12213 3.702812 -0.3172822 -0.7755585 0.2165603 -0.3172822 -0.7755585 0.2165603 28.08269 12.35287 4.73806 0.5683756 0.1133804 1.673782 -28.26633 -12.35306 -5.601101 -0.6233277 -0.410202 1.372009 -28.73058 3.292091 -4.6138 -28.73058 3.292091 -4.6138 -0.6797788 0.02772521 1.400825 -0.6797788 0.02772521 1.400825 -18.2558 17.67973 -2.029015 -18.2558 17.67973 -2.029015 -0.4870783 0.3983765 1.476265 -0.4870783 0.3983765 1.476265 -0.8429881 25.31429 1.16597 -0.8429881 25.31429 1.16597 -0.1188185 0.560173 1.569519 -0.1188185 0.560173 1.569519 16.85673 23.27961 3.750755 16.85673 23.27961 3.750755 0.2843201 0.4513092 1.644966 0.2843201 0.4513092 1.644966</float_array>
          <technique_common>
            <accessor source="#kebenit_Mesh_004-mesh-positions-array" count="80" stride="3">
              <param name="X" type="float"/>
              <param name="Y" type="float"/>
              <param name="Z" type="float"/>
            </accessor>
          </technique_common>
        </source>
        <source id="kebenit_Mesh_004-mesh-normals">
          <float_array id="kebenit_Mesh_004-mesh-normals-array" count="252">0.1715838 0.06677681 0.9829038 0.1714408 0.06708306 0.9829079 0.1714366 0.06709098 0.9829081 0.1714844 0.06699001 0.9829066 0.1712222 0.05319529 0.9837954 0.1712188 0.05315947 0.9837979 0.1712207 0.05315792 0.9837976 0.171223 0.05320572 0.9837946 0.1637235 0.04251253 0.9855899 0.1636099 0.04239016 0.9856141 0.1636289 0.04240655 0.9856102 0.1636431 0.04242497 0.985607 0.1501582 0.04056239 0.9878296 0.1501632 0.04056209 0.9878288 0.1501697 0.04056346 0.9878278 0.1501026 0.04056119 0.9878381 0.1367865 0.04987382 0.9893443 0.1367872 0.04987478 0.9893442 0.1367872 0.04987472 0.9893441 0.1364279 0.05014485 0.9893801 -0.2166007 -0.06815123 0.9738786 -0.2164327 -0.06853091 0.9738894 -0.216428 -0.06854367 0.9738895 -0.2164458 -0.06850183 0.9738885 -0.2129122 -0.02229565 0.976817 -0.2129014 -0.02217578 0.9768221 -0.2129021 -0.02220433 0.9768213 -0.212906 -0.02222895 0.9768198 -0.1858571 0.009624302 0.9825297 -0.1858895 0.00959146 0.9825239 -0.1858921 0.009584963 0.9825235 -0.1859533 0.009518742 0.9825125 -0.1438444 0.01254141 0.9895209 -0.1439102 0.01253789 0.9895114 -0.1439229 0.01253831 0.9895096 -0.1439761 0.01253509 0.9895018 -0.1036801 -0.01626104 0.9944778 -0.1036806 -0.01626163 0.9944778 -0.1036805 -0.01626151 0.9944778 -0.1034511 -0.01642501 0.994499 -0.1713407 -0.06729793 -0.9829107 -0.1714034 -0.06716352 -0.9829089 -0.1714445 -0.06707668 -0.9829077 -0.1714407 -0.06708532 -0.9829078 -0.1712148 -0.05309951 -0.9838019 -0.1712232 -0.05320572 -0.9837946 -0.1712199 -0.05318307 -0.9837964 -0.1712197 -0.05315774 -0.9837978 -0.1637228 -0.04251146 -0.9855901 -0.1636429 -0.04242455 -0.985607 -0.163633 -0.04241114 -0.9856092 -0.1636161 -0.0423904 -0.9856129 -0.1501581 -0.04056239 -0.9878296 -0.1502452 -0.04056423 -0.9878163 -0.1502007 -0.04056322 -0.9878231 -0.1501891 -0.04056113 -0.987825 -0.1366953 -0.04994392 -0.9893533 -0.1366953 -0.04994392 -0.9893534 -0.1366953 -0.04994392 -0.9893533 -0.1367489 -0.04990321 -0.9893481 -0.1367493 -0.04990386 -0.9893479 -0.1367492 -0.04990363 -0.989348 0.2164071 0.06858909 -0.9738909 0.2164458 0.06850153 -0.9738885 0.216439 0.0685144 -0.9738892 0.2164349 0.06852942 -0.9738889 0.2129124 0.02229428 -0.976817 0.2129107 0.0222761 -0.9768178 0.2129022 0.02218103 -0.9768218 0.2129054 0.02219671 -0.9768207 0.1859858 -0.009483933 -0.9825067 0.185954 -0.009518682 -0.9825124 0.1858924 -0.009586453 -0.9825235 0.1858833 -0.009592056 -0.9825251 0.1435124 -0.01255744 -0.9895689 0.1438336 -0.012542 -0.9895224 0.1439308 -0.01253598 -0.9895084 0.143912 -0.0125398 -0.9895111 0.1039187 0.01609206 -0.9944556 0.1039187 0.01609206 -0.9944556 0.1039187 0.01609206 -0.9944556 0.1036784 0.01626187 -0.994478 0.1036791 0.01626294 -0.9944779 0.1036791 0.01626294 -0.9944778</float_array>
          <technique_common>
            <accessor source="#kebenit_Mesh_004-mesh-normals-array" count="84" stride="3">
              <param name="X" type="float"/>
              <param name="Y" type="float"/>
              <param name="Z" type="float"/>
            </accessor>
          </technique_common>
        </source>
        <source id="kebenit_Mesh_004-mesh-map-0">
          <float_array id="kebenit_Mesh_004-mesh-map-0-array" count="240">0.6460232 0.6813884 0.6436408 0.573605 0.643918 0.5738513 0.6460232 0.6813884 0.643918 0.5738513 0.82665 0.6692191 0.82665 0.6692191 0.643918 0.5738513 0.6441408 0.5739528 0.82665 0.6692191 0.6441408 0.5739528 0.6461209 0.6817243 0.6461209 0.6817243 0.6441408 0.5739528 0.6442242 0.5738709 0.6461209 0.6817243 0.6442242 0.5738709 0.8261803 0.6694893 0.8261803 0.6694893 0.6442242 0.5738709 0.6441362 0.5736368 0.8261803 0.6694893 0.6441362 0.5736368 0.6460107 0.6816587 0.6460107 0.6816587 0.6441362 0.5736368 0.6439104 0.5733399 0.6460107 0.6816587 0.6439104 0.5733399 0.8269466 0.6699814 0.8271918 0.6705545 0.6437912 0.5732068 0.6440174 0.5735037 0.8271918 0.6705545 0.6440174 0.5735037 0.6460952 0.6818094 0.6460952 0.6818094 0.6440174 0.5735037 0.644106 0.5737383 0.6460952 0.6818094 0.644106 0.5737383 0.8265553 0.6700521 0.8265553 0.6700521 0.644106 0.5737383 0.6440234 0.573821 0.8265553 0.6700521 0.6440234 0.573821 0.6462382 0.6818942 0.6462382 0.6818942 0.6440234 0.573821 0.6438009 0.57372 0.6462382 0.6818942 0.6438009 0.57372 0.8270874 0.6699054 0.8270874 0.6699054 0.6438009 0.57372 0.6435237 0.5734742 0.8270874 0.6699054 0.6435237 0.5734742 0.6461355 0.6815943 0.6460931 0.681322 0.8269039 0.668978 0.6439729 0.5737974 0.6460931 0.681322 0.6439729 0.5737974 0.6436956 0.573551 0.8269039 0.668978 0.6461909 0.6816578 0.6441958 0.5738989 0.8269039 0.668978 0.6441958 0.5738989 0.6439729 0.5737974 0.6461909 0.6816578 0.8264343 0.6692484 0.644279 0.573817 0.6461909 0.6816578 0.644279 0.573817 0.6441958 0.5738989 0.8264343 0.6692484 0.6460808 0.6815922 0.644191 0.5735829 0.8264343 0.6692484 0.644191 0.5735829 0.644279 0.573817 0.6460808 0.6815922 0.8272004 0.6697404 0.6439653 0.5732858 0.6460808 0.6815922 0.6439653 0.5732858 0.644191 0.5735829 0.8274457 0.6703134 0.6461652 0.681743 0.6440722 0.5734498 0.8274457 0.6703134 0.6440722 0.5734498 0.6438461 0.5731528 0.6461652 0.681743 0.8268092 0.669811 0.6441609 0.5736845 0.6461652 0.681743 0.6441609 0.5736845 0.6440722 0.5734498 0.8268092 0.669811 0.6463081 0.6818277 0.6440783 0.573767 0.8268092 0.669811 0.6440783 0.573767 0.6441609 0.5736845 0.6463081 0.6818277 0.8273413 0.6696643 0.6438559 0.5736661 0.6463081 0.6818277 0.6438559 0.5736661 0.6440783 0.573767 0.8273413 0.6696643 0.6462055 0.6815278 0.6435786 0.5734202 0.8273413 0.6696643 0.6435786 0.5734202 0.6438559 0.5736661</float_array>
          <technique_common>
            <accessor source="#kebenit_Mesh_004-mesh-map-0-array" count="120" stride="2">
              <param name="S" type="float"/>
              <param name="T" type="float"/>
            </accessor>
          </technique_common>
        </source>
        <vertices id="kebenit_Mesh_004-mesh-vertices">
          <input semantic="POSITION" source="#kebenit_Mesh_004-mesh-positions"/>
        </vertices>
        <triangles material="galleon2-material" count="40">
          <input semantic="VERTEX" source="#kebenit_Mesh_004-mesh-vertices" offset="0"/>
          <input semantic="NORMAL" source="#kebenit_Mesh_004-mesh-normals" offset="1"/>
          <input semantic="TEXCOORD" source="#kebenit_Mesh_004-mesh-map-0" offset="2" set="0"/>
          <p>2 0 0 3 1 1 7 2 2 2 0 3 7 2 4 5 3 5 4 4 6 6 5 7 11 6 8 4 4 9 11 6 10 9 7 11 8 8 12 10 9 13 15 10 14 8 8 15 15 10 16 13 11 17 12 12 18 14 13 19 19 14 20 12 12 21 19 14 22 17 15 23 16 16 24 18 17 25 1 18 26 16 19 27 1 19 28 0 19 29 22 20 30 23 21 31 26 22 32 22 20 33 26 22 34 24 23 35 25 24 36 27 25 37 30 26 38 25 24 39 30 26 40 28 27 41 29 28 42 31 29 43 34 30 44 29 28 45 34 30 46 32 31 47 33 32 48 35 33 49 38 34 50 33 32 51 38 34 52 36 35 53 37 36 54 39 37 55 21 38 56 37 39 57 21 39 58 20 39 59 42 40 60 44 41 61 46 42 62 42 40 63 46 42 64 43 43 65 45 44 66 48 45 67 50 46 68 45 44 69 50 46 70 47 47 71 49 48 72 52 49 73 54 50 74 49 48 75 54 50 76 51 51 77 53 52 78 56 53 79 58 54 80 53 52 81 58 54 82 55 55 83 57 56 84 40 57 85 41 58 86 57 59 87 41 60 88 59 61 89 62 62 90 65 63 91 67 64 92 62 62 93 67 64 94 63 65 95 64 66 96 69 67 97 71 68 98 64 66 99 71 68 100 66 69 101 68 70 102 73 71 103 75 72 104 68 70 105 75 72 106 70 73 107 72 74 108 77 75 109 79 76 110 72 74 111 79 76 112 74 77 113 76 78 114 60 79 115 61 80 116 76 81 117 61 82 118 78 83 119</p>
        </triangles>
      </mesh>
    </geometry>
    <geometry id="kebenit_Mesh_001-mesh" name="kebenit_Mesh.001">
      <mesh>
        <source id="kebenit_Mesh_001-mesh-positions">
          <float_array id="kebenit_Mesh_001-mesh-positions-array" count="240">-28.28013 -12.05956 4.336914 -0.3577315 -0.3310242 -0.1078109 28.11876 12.53249 -6.002243 0.8354223 0.1892318 -0.4095841 28.53464 -3.120857 -5.014942 28.53464 -3.120857 -5.014942 0.8908131 -0.2487792 -0.3807678 0.8908131 -0.2487792 -0.3807678 18.02045 -17.49182 -2.430153 18.02045 -17.49182 -2.430153 0.6971786 -0.6188507 -0.3053284 0.6971786 -0.6188507 -0.3053284 0.5922175 -25.09119 0.7648316 0.5922175 -25.09119 0.7648316 0.328471 -0.7796173 -0.2120742 0.328471 -0.7796173 -0.2120742 -17.09302 -23.01625 3.349617 -17.09302 -23.01625 3.349617 -0.07446539 -0.6696777 -0.1366271 -0.07446539 -0.6696777 -0.1366271 28.32551 12.45874 4.384865 0.8111863 0.2192535 1.320587 -28.02351 -12.24718 -5.954292 -0.3805108 -0.3043289 1.018822 -28.48777 3.397964 -4.966988 -28.48777 3.397964 -4.966988 -0.4369682 0.1335983 1.047638 -0.4369682 0.1335983 1.047638 -18.01299 17.78561 -2.382194 -18.01299 17.78561 -2.382194 -0.2442613 0.5042496 1.12307 -0.2442613 0.5042496 1.12307 -0.6001836 25.42017 0.8127747 -0.6001836 25.42017 0.8127747 0.1239922 0.6660462 1.216324 0.1239922 0.6660462 1.216324 17.09954 23.38548 3.397568 17.09954 23.38548 3.397568 0.5271371 0.55719 1.291771 0.5271371 0.55719 1.291771 -28.52294 -12.16544 4.690109 -0.6005483 -0.4369049 0.2453765 27.87595 12.42661 -5.649048 0.5926056 0.08335876 -0.05638885 28.29182 -3.226738 -4.661751 28.29182 -3.226738 -4.661751 0.6480024 -0.3546524 -0.02757263 0.6480024 -0.3546524 -0.02757263 17.77762 -17.5977 -2.076958 17.77762 -17.5977 -2.076958 0.4543619 -0.7247238 0.04786682 0.4543619 -0.7247238 0.04786682 0.3494005 -25.19707 1.118019 0.3494005 -25.19707 1.118019 0.08566021 -0.8854904 0.1411209 0.08566021 -0.8854904 0.1411209 -17.33584 -23.12213 3.702812 -17.33584 -23.12213 3.702812 -0.3172822 -0.7755585 0.2165603 -0.3172822 -0.7755585 0.2165603 28.08269 12.35287 4.73806 0.5683756 0.1133804 1.673782 -28.26633 -12.35306 -5.601101 -0.6233277 -0.410202 1.372009 -28.73058 3.292091 -4.6138 -28.73058 3.292091 -4.6138 -0.6797788 0.02772521 1.400825 -0.6797788 0.02772521 1.400825 -18.2558 17.67973 -2.029015 -18.2558 17.67973 -2.029015 -0.4870783 0.3983765 1.476265 -0.4870783 0.3983765 1.476265 -0.8429881 25.31429 1.16597 -0.8429881 25.31429 1.16597 -0.1188185 0.560173 1.569519 -0.1188185 0.560173 1.569519 16.85673 23.27961 3.750755 16.85673 23.27961 3.750755 0.2843201 0.4513092 1.644966 0.2843201 0.4513092 1.644966</float_array>
          <technique_common>
            <accessor source="#kebenit_Mesh_001-mesh-positions-array" count="80" stride="3">
              <param name="X" type="float"/>
              <param name="Y" type="float"/>
              <param name="Z" type="float"/>
            </accessor>
          </technique_common>
        </source>
        <source id="kebenit_Mesh_001-mesh-normals">
          <float_array id="kebenit_Mesh_001-mesh-normals-array" count="252">0.1715838 0.06677681 0.9829038 0.1714408 0.06708306 0.9829079 0.1714366 0.06709098 0.9829081 0.1714844 0.06699001 0.9829066 0.1712222 0.05319529 0.9837954 0.1712188 0.05315947 0.9837979 0.1712207 0.05315792 0.9837976 0.171223 0.05320572 0.9837946 0.1637235 0.04251253 0.9855899 0.1636099 0.04239016 0.9856141 0.1636289 0.04240655 0.9856102 0.1636431 0.04242497 0.985607 0.1501582 0.04056239 0.9878296 0.1501632 0.04056209 0.9878288 0.1501697 0.04056346 0.9878278 0.1501026 0.04056119 0.9878381 0.1367865 0.04987382 0.9893443 0.1367872 0.04987478 0.9893442 0.1367872 0.04987472 0.9893441 0.1364279 0.05014485 0.9893801 -0.2166007 -0.06815123 0.9738786 -0.2164327 -0.06853091 0.9738894 -0.216428 -0.06854367 0.9738895 -0.2164458 -0.06850183 0.9738885 -0.2129122 -0.02229565 0.976817 -0.2129014 -0.02217578 0.9768221 -0.2129021 -0.02220433 0.9768213 -0.212906 -0.02222895 0.9768198 -0.1858571 0.009624302 0.9825297 -0.1858895 0.00959146 0.9825239 -0.1858921 0.009584963 0.9825235 -0.1859533 0.009518742 0.9825125 -0.1438444 0.01254141 0.9895209 -0.1439102 0.01253789 0.9895114 -0.1439229 0.01253831 0.9895096 -0.1439761 0.01253509 0.9895018 -0.1036801 -0.01626104 0.9944778 -0.1036806 -0.01626163 0.9944778 -0.1036805 -0.01626151 0.9944778 -0.1034511 -0.01642501 0.994499 -0.1713407 -0.06729793 -0.9829107 -0.1714034 -0.06716352 -0.9829089 -0.1714445 -0.06707668 -0.9829077 -0.1714407 -0.06708532 -0.9829078 -0.1712148 -0.05309951 -0.9838019 -0.1712232 -0.05320572 -0.9837946 -0.1712199 -0.05318307 -0.9837964 -0.1712197 -0.05315774 -0.9837978 -0.1637228 -0.04251146 -0.9855901 -0.1636429 -0.04242455 -0.985607 -0.163633 -0.04241114 -0.9856092 -0.1636161 -0.0423904 -0.9856129 -0.1501581 -0.04056239 -0.9878296 -0.1502452 -0.04056423 -0.9878163 -0.1502007 -0.04056322 -0.9878231 -0.1501891 -0.04056113 -0.987825 -0.1366953 -0.04994392 -0.9893533 -0.1366953 -0.04994392 -0.9893534 -0.1366953 -0.04994392 -0.9893533 -0.1367489 -0.04990321 -0.9893481 -0.1367493 -0.04990386 -0.9893479 -0.1367492 -0.04990363 -0.989348 0.2164071 0.06858909 -0.9738909 0.2164458 0.06850153 -0.9738885 0.216439 0.0685144 -0.9738892 0.2164349 0.06852942 -0.9738889 0.2129124 0.02229428 -0.976817 0.2129107 0.0222761 -0.9768178 0.2129022 0.02218103 -0.9768218 0.2129054 0.02219671 -0.9768207 0.1859858 -0.009483933 -0.9825067 0.185954 -0.009518682 -0.9825124 0.1858924 -0.009586453 -0.9825235 0.1858833 -0.009592056 -0.9825251 0.1435124 -0.01255744 -0.9895689 0.1438336 -0.012542 -0.9895224 0.1439308 -0.01253598 -0.9895084 0.143912 -0.0125398 -0.9895111 0.1039187 0.01609206 -0.9944556 0.1039187 0.01609206 -0.9944556 0.1039187 0.01609206 -0.9944556 0.1036784 0.01626187 -0.994478 0.1036791 0.01626294 -0.9944779 0.1036791 0.01626294 -0.9944778</float_array>
          <technique_common>
            <accessor source="#kebenit_Mesh_001-mesh-normals-array" count="84" stride="3">
              <param name="X" type="float"/>
              <param name="Y" type="float"/>
              <param name="Z" type="float"/>
            </accessor>
          </technique_common>
        </source>
        <source id="kebenit_Mesh_001-mesh-map-0">
          <float_array id="kebenit_Mesh_001-mesh-map-0-array" count="240">0.6460232 0.6813884 0.6436408 0.573605 0.643918 0.5738513 0.6460232 0.6813884 0.643918 0.5738513 0.82665 0.6692191 0.82665 0.6692191 0.643918 0.5738513 0.6441408 0.5739528 0.82665 0.6692191 0.6441408 0.5739528 0.6461209 0.6817243 0.6461209 0.6817243 0.6441408 0.5739528 0.6442242 0.5738709 0.6461209 0.6817243 0.6442242 0.5738709 0.8261803 0.6694893 0.8261803 0.6694893 0.6442242 0.5738709 0.6441362 0.5736368 0.8261803 0.6694893 0.6441362 0.5736368 0.6460107 0.6816587 0.6460107 0.6816587 0.6441362 0.5736368 0.6439104 0.5733399 0.6460107 0.6816587 0.6439104 0.5733399 0.8269466 0.6699814 0.8271918 0.6705545 0.6437912 0.5732068 0.6440174 0.5735037 0.8271918 0.6705545 0.6440174 0.5735037 0.6460952 0.6818094 0.6460952 0.6818094 0.6440174 0.5735037 0.644106 0.5737383 0.6460952 0.6818094 0.644106 0.5737383 0.8265553 0.6700521 0.8265553 0.6700521 0.644106 0.5737383 0.6440234 0.573821 0.8265553 0.6700521 0.6440234 0.573821 0.6462382 0.6818942 0.6462382 0.6818942 0.6440234 0.573821 0.6438009 0.57372 0.6462382 0.6818942 0.6438009 0.57372 0.8270874 0.6699054 0.8270874 0.6699054 0.6438009 0.57372 0.6435237 0.5734742 0.8270874 0.6699054 0.6435237 0.5734742 0.6461355 0.6815943 0.6460931 0.681322 0.8269039 0.668978 0.6439729 0.5737974 0.6460931 0.681322 0.6439729 0.5737974 0.6436956 0.573551 0.8269039 0.668978 0.6461909 0.6816578 0.6441958 0.5738989 0.8269039 0.668978 0.6441958 0.5738989 0.6439729 0.5737974 0.6461909 0.6816578 0.8264343 0.6692484 0.644279 0.573817 0.6461909 0.6816578 0.644279 0.573817 0.6441958 0.5738989 0.8264343 0.6692484 0.6460808 0.6815922 0.644191 0.5735829 0.8264343 0.6692484 0.644191 0.5735829 0.644279 0.573817 0.6460808 0.6815922 0.8272004 0.6697404 0.6439653 0.5732858 0.6460808 0.6815922 0.6439653 0.5732858 0.644191 0.5735829 0.8274457 0.6703134 0.6461652 0.681743 0.6440722 0.5734498 0.8274457 0.6703134 0.6440722 0.5734498 0.6438461 0.5731528 0.6461652 0.681743 0.8268092 0.669811 0.6441609 0.5736845 0.6461652 0.681743 0.6441609 0.5736845 0.6440722 0.5734498 0.8268092 0.669811 0.6463081 0.6818277 0.6440783 0.573767 0.8268092 0.669811 0.6440783 0.573767 0.6441609 0.5736845 0.6463081 0.6818277 0.8273413 0.6696643 0.6438559 0.5736661 0.6463081 0.6818277 0.6438559 0.5736661 0.6440783 0.573767 0.8273413 0.6696643 0.6462055 0.6815278 0.6435786 0.5734202 0.8273413 0.6696643 0.6435786 0.5734202 0.6438559 0.5736661</float_array>
          <technique_common>
            <accessor source="#kebenit_Mesh_001-mesh-map-0-array" count="120" stride="2">
              <param name="S" type="float"/>
              <param name="T" type="float"/>
            </accessor>
          </technique_common>
        </source>
        <vertices id="kebenit_Mesh_001-mesh-vertices">
          <input semantic="POSITION" source="#kebenit_Mesh_001-mesh-positions"/>
        </vertices>
        <triangles material="galleon2-material" count="40">
          <input semantic="VERTEX" source="#kebenit_Mesh_001-mesh-vertices" offset="0"/>
          <input semantic="NORMAL" source="#kebenit_Mesh_001-mesh-normals" offset="1"/>
          <input semantic="TEXCOORD" source="#kebenit_Mesh_001-mesh-map-0" offset="2" set="0"/>
          <p>2 0 0 3 1 1 7 2 2 2 0 3 7 2 4 5 3 5 4 4 6 6 5 7 11 6 8 4 4 9 11 6 10 9 7 11 8 8 12 10 9 13 15 10 14 8 8 15 15 10 16 13 11 17 12 12 18 14 13 19 19 14 20 12 12 21 19 14 22 17 15 23 16 16 24 18 17 25 1 18 26 16 19 27 1 19 28 0 19 29 22 20 30 23 21 31 26 22 32 22 20 33 26 22 34 24 23 35 25 24 36 27 25 37 30 26 38 25 24 39 30 26 40 28 27 41 29 28 42 31 29 43 34 30 44 29 28 45 34 30 46 32 31 47 33 32 48 35 33 49 38 34 50 33 32 51 38 34 52 36 35 53 37 36 54 39 37 55 21 38 56 37 39 57 21 39 58 20 39 59 42 40 60 44 41 61 46 42 62 42 40 63 46 42 64 43 43 65 45 44 66 48 45 67 50 46 68 45 44 69 50 46 70 47 47 71 49 48 72 52 49 73 54 50 74 49 48 75 54 50 76 51 51 77 53 52 78 56 53 79 58 54 80 53 52 81 58 54 82 55 55 83 57 56 84 40 57 85 41 58 86 57 59 87 41 60 88 59 61 89 62 62 90 65 63 91 67 64 92 62 62 93 67 64 94 63 65 95 64 66 96 69 67 97 71 68 98 64 66 99 71 68 100 66 69 101 68 70 102 73 71 103 75 72 104 68 70 105 75 72 106 70 73 107 72 74 108 77 75 109 79 76 110 72 74 111 79 76 112 74 77 113 76 78 114 60 79 115 61 80 116 76 81 117 61 82 118 78 83 119</p>
        </triangles>
      </mesh>
    </geometry>
    <geometry id="kebenit_Mesh_002-mesh" name="kebenit_Mesh.002">
      <mesh>
        <source id="kebenit_Mesh_002-mesh-positions">
          <float_array id="kebenit_Mesh_002-mesh-positions-array" count="240">-28.28013 -12.05956 4.336914 -0.3577315 -0.3310242 -0.1078109 28.11876 12.53249 -6.002243 0.8354223 0.1892318 -0.4095841 28.53464 -3.120857 -5.014942 28.53464 -3.120857 -5.014942 0.8908131 -0.2487792 -0.3807678 0.8908131 -0.2487792 -0.3807678 18.02045 -17.49182 -2.430153 18.02045 -17.49182 -2.430153 0.6971786 -0.6188507 -0.3053284 0.6971786 -0.6188507 -0.3053284 0.5922175 -25.09119 0.7648316 0.5922175 -25.09119 0.7648316 0.328471 -0.7796173 -0.2120742 0.328471 -0.7796173 -0.2120742 -17.09302 -23.01625 3.349617 -17.09302 -23.01625 3.349617 -0.07446539 -0.6696777 -0.1366271 -0.07446539 -0.6696777 -0.1366271 28.32551 12.45874 4.384865 0.8111863 0.2192535 1.320587 -28.02351 -12.24718 -5.954292 -0.3805108 -0.3043289 1.018822 -28.48777 3.397964 -4.966988 -28.48777 3.397964 -4.966988 -0.4369682 0.1335983 1.047638 -0.4369682 0.1335983 1.047638 -18.01299 17.78561 -2.382194 -18.01299 17.78561 -2.382194 -0.2442613 0.5042496 1.12307 -0.2442613 0.5042496 1.12307 -0.6001836 25.42017 0.8127747 -0.6001836 25.42017 0.8127747 0.1239922 0.6660462 1.216324 0.1239922 0.6660462 1.216324 17.09954 23.38548 3.397568 17.09954 23.38548 3.397568 0.5271371 0.55719 1.291771 0.5271371 0.55719 1.291771 -28.52294 -12.16544 4.690109 -0.6005483 -0.4369049 0.2453765 27.87595 12.42661 -5.649048 0.5926056 0.08335876 -0.05638885 28.29182 -3.226738 -4.661751 28.29182 -3.226738 -4.661751 0.6480024 -0.3546524 -0.02757263 0.6480024 -0.3546524 -0.02757263 17.77762 -17.5977 -2.076958 17.77762 -17.5977 -2.076958 0.4543619 -0.7247238 0.04786682 0.4543619 -0.7247238 0.04786682 0.3494005 -25.19707 1.118019 0.3494005 -25.19707 1.118019 0.08566021 -0.8854904 0.1411209 0.08566021 -0.8854904 0.1411209 -17.33584 -23.12213 3.702812 -17.33584 -23.12213 3.702812 -0.3172822 -0.7755585 0.2165603 -0.3172822 -0.7755585 0.2165603 28.08269 12.35287 4.73806 0.5683756 0.1133804 1.673782 -28.26633 -12.35306 -5.601101 -0.6233277 -0.410202 1.372009 -28.73058 3.292091 -4.6138 -28.73058 3.292091 -4.6138 -0.6797788 0.02772521 1.400825 -0.6797788 0.02772521 1.400825 -18.2558 17.67973 -2.029015 -18.2558 17.67973 -2.029015 -0.4870783 0.3983765 1.476265 -0.4870783 0.3983765 1.476265 -0.8429881 25.31429 1.16597 -0.8429881 25.31429 1.16597 -0.1188185 0.560173 1.569519 -0.1188185 0.560173 1.569519 16.85673 23.27961 3.750755 16.85673 23.27961 3.750755 0.2843201 0.4513092 1.644966 0.2843201 0.4513092 1.644966</float_array>
          <technique_common>
            <accessor source="#kebenit_Mesh_002-mesh-positions-array" count="80" stride="3">
              <param name="X" type="float"/>
              <param name="Y" type="float"/>
              <param name="Z" type="float"/>
            </accessor>
          </technique_common>
        </source>
        <source id="kebenit_Mesh_002-mesh-normals">
          <float_array id="kebenit_Mesh_002-mesh-normals-array" count="252">0.1715838 0.06677681 0.9829038 0.1714408 0.06708306 0.9829079 0.1714366 0.06709098 0.9829081 0.1714844 0.06699001 0.9829066 0.1712222 0.05319529 0.9837954 0.1712188 0.05315947 0.9837979 0.1712207 0.05315792 0.9837976 0.171223 0.05320572 0.9837946 0.1637235 0.04251253 0.9855899 0.1636099 0.04239016 0.9856141 0.1636289 0.04240655 0.9856102 0.1636431 0.04242497 0.985607 0.1501582 0.04056239 0.9878296 0.1501632 0.04056209 0.9878288 0.1501697 0.04056346 0.9878278 0.1501026 0.04056119 0.9878381 0.1367865 0.04987382 0.9893443 0.1367872 0.04987478 0.9893442 0.1367872 0.04987472 0.9893441 0.1364279 0.05014485 0.9893801 -0.2166007 -0.06815123 0.9738786 -0.2164327 -0.06853091 0.9738894 -0.216428 -0.06854367 0.9738895 -0.2164458 -0.06850183 0.9738885 -0.2129122 -0.02229565 0.976817 -0.2129014 -0.02217578 0.9768221 -0.2129021 -0.02220433 0.9768213 -0.212906 -0.02222895 0.9768198 -0.1858571 0.009624302 0.9825297 -0.1858895 0.00959146 0.9825239 -0.1858921 0.009584963 0.9825235 -0.1859533 0.009518742 0.9825125 -0.1438444 0.01254141 0.9895209 -0.1439102 0.01253789 0.9895114 -0.1439229 0.01253831 0.9895096 -0.1439761 0.01253509 0.9895018 -0.1036801 -0.01626104 0.9944778 -0.1036806 -0.01626163 0.9944778 -0.1036805 -0.01626151 0.9944778 -0.1034511 -0.01642501 0.994499 -0.1713407 -0.06729793 -0.9829107 -0.1714034 -0.06716352 -0.9829089 -0.1714445 -0.06707668 -0.9829077 -0.1714407 -0.06708532 -0.9829078 -0.1712148 -0.05309951 -0.9838019 -0.1712232 -0.05320572 -0.9837946 -0.1712199 -0.05318307 -0.9837964 -0.1712197 -0.05315774 -0.9837978 -0.1637228 -0.04251146 -0.9855901 -0.1636429 -0.04242455 -0.985607 -0.163633 -0.04241114 -0.9856092 -0.1636161 -0.0423904 -0.9856129 -0.1501581 -0.04056239 -0.9878296 -0.1502452 -0.04056423 -0.9878163 -0.1502007 -0.04056322 -0.9878231 -0.1501891 -0.04056113 -0.987825 -0.1366953 -0.04994392 -0.9893533 -0.1366953 -0.04994392 -0.9893534 -0.1366953 -0.04994392 -0.9893533 -0.1367489 -0.04990321 -0.9893481 -0.1367493 -0.04990386 -0.9893479 -0.1367492 -0.04990363 -0.989348 0.2164071 0.06858909 -0.9738909 0.2164458 0.06850153 -0.9738885 0.216439 0.0685144 -0.9738892 0.2164349 0.06852942 -0.9738889 0.2129124 0.02229428 -0.976817 0.2129107 0.0222761 -0.9768178 0.2129022 0.02218103 -0.9768218 0.2129054 0.02219671 -0.9768207 0.1859858 -0.009483933 -0.9825067 0.185954 -0.009518682 -0.9825124 0.1858924 -0.009586453 -0.9825235 0.1858833 -0.009592056 -0.9825251 0.1435124 -0.01255744 -0.9895689 0.1438336 -0.012542 -0.9895224 0.1439308 -0.01253598 -0.9895084 0.143912 -0.0125398 -0.9895111 0.1039187 0.01609206 -0.9944556 0.1039187 0.01609206 -0.9944556 0.1039187 0.01609206 -0.9944556 0.1036784 0.01626187 -0.994478 0.1036791 0.01626294 -0.9944779 0.1036791 0.01626294 -0.9944778</float_array>
          <technique_common>
            <accessor source="#kebenit_Mesh_002-mesh-normals-array" count="84" stride="3">
              <param name="X" type="float"/>
              <param name="Y" type="float"/>
              <param name="Z" type="float"/>
            </accessor>
          </technique_common>
        </source>
        <source id="kebenit_Mesh_002-mesh-map-0">
          <float_array id="kebenit_Mesh_002-mesh-map-0-array" count="240">0.6460232 0.6813884 0.6436408 0.573605 0.643918 0.5738513 0.6460232 0.6813884 0.643918 0.5738513 0.82665 0.6692191 0.82665 0.6692191 0.643918 0.5738513 0.6441408 0.5739528 0.82665 0.6692191 0.6441408 0.5739528 0.6461209 0.6817243 0.6461209 0.6817243 0.6441408 0.5739528 0.6442242 0.5738709 0.6461209 0.6817243 0.6442242 0.5738709 0.8261803 0.6694893 0.8261803 0.6694893 0.6442242 0.5738709 0.6441362 0.5736368 0.8261803 0.6694893 0.6441362 0.5736368 0.6460107 0.6816587 0.6460107 0.6816587 0.6441362 0.5736368 0.6439104 0.5733399 0.6460107 0.6816587 0.6439104 0.5733399 0.8269466 0.6699814 0.8271918 0.6705545 0.6437912 0.5732068 0.6440174 0.5735037 0.8271918 0.6705545 0.6440174 0.5735037 0.6460952 0.6818094 0.6460952 0.6818094 0.6440174 0.5735037 0.644106 0.5737383 0.6460952 0.6818094 0.644106 0.5737383 0.8265553 0.6700521 0.8265553 0.6700521 0.644106 0.5737383 0.6440234 0.573821 0.8265553 0.6700521 0.6440234 0.573821 0.6462382 0.6818942 0.6462382 0.6818942 0.6440234 0.573821 0.6438009 0.57372 0.6462382 0.6818942 0.6438009 0.57372 0.8270874 0.6699054 0.8270874 0.6699054 0.6438009 0.57372 0.6435237 0.5734742 0.8270874 0.6699054 0.6435237 0.5734742 0.6461355 0.6815943 0.6460931 0.681322 0.8269039 0.668978 0.6439729 0.5737974 0.6460931 0.681322 0.6439729 0.5737974 0.6436956 0.573551 0.8269039 0.668978 0.6461909 0.6816578 0.6441958 0.5738989 0.8269039 0.668978 0.6441958 0.5738989 0.6439729 0.5737974 0.6461909 0.6816578 0.8264343 0.6692484 0.644279 0.573817 0.6461909 0.6816578 0.644279 0.573817 0.6441958 0.5738989 0.8264343 0.6692484 0.6460808 0.6815922 0.644191 0.5735829 0.8264343 0.6692484 0.644191 0.5735829 0.644279 0.573817 0.6460808 0.6815922 0.8272004 0.6697404 0.6439653 0.5732858 0.6460808 0.6815922 0.6439653 0.5732858 0.644191 0.5735829 0.8274457 0.6703134 0.6461652 0.681743 0.6440722 0.5734498 0.8274457 0.6703134 0.6440722 0.5734498 0.6438461 0.5731528 0.6461652 0.681743 0.8268092 0.669811 0.6441609 0.5736845 0.6461652 0.681743 0.6441609 0.5736845 0.6440722 0.5734498 0.8268092 0.669811 0.6463081 0.6818277 0.6440783 0.573767 0.8268092 0.669811 0.6440783 0.573767 0.6441609 0.5736845 0.6463081 0.6818277 0.8273413 0.6696643 0.6438559 0.5736661 0.6463081 0.6818277 0.6438559 0.5736661 0.6440783 0.573767 0.8273413 0.6696643 0.6462055 0.6815278 0.6435786 0.5734202 0.8273413 0.6696643 0.6435786 0.5734202 0.6438559 0.5736661</float_array>
          <technique_common>
            <accessor source="#kebenit_Mesh_002-mesh-map-0-array" count="120" stride="2">
              <param name="S" type="float"/>
              <param name="T" type="float"/>
            </accessor>
          </technique_common>
        </source>
        <vertices id="kebenit_Mesh_002-mesh-vertices">
          <input semantic="POSITION" source="#kebenit_Mesh_002-mesh-positions"/>
        </vertices>
        <triangles material="galleon2-material" count="40">
          <input semantic="VERTEX" source="#kebenit_Mesh_002-mesh-vertices" offset="0"/>
          <input semantic="NORMAL" source="#kebenit_Mesh_002-mesh-normals" offset="1"/>
          <input semantic="TEXCOORD" source="#kebenit_Mesh_002-mesh-map-0" offset="2" set="0"/>
          <p>2 0 0 3 1 1 7 2 2 2 0 3 7 2 4 5 3 5 4 4 6 6 5 7 11 6 8 4 4 9 11 6 10 9 7 11 8 8 12 10 9 13 15 10 14 8 8 15 15 10 16 13 11 17 12 12 18 14 13 19 19 14 20 12 12 21 19 14 22 17 15 23 16 16 24 18 17 25 1 18 26 16 19 27 1 19 28 0 19 29 22 20 30 23 21 31 26 22 32 22 20 33 26 22 34 24 23 35 25 24 36 27 25 37 30 26 38 25 24 39 30 26 40 28 27 41 29 28 42 31 29 43 34 30 44 29 28 45 34 30 46 32 31 47 33 32 48 35 33 49 38 34 50 33 32 51 38 34 52 36 35 53 37 36 54 39 37 55 21 38 56 37 39 57 21 39 58 20 39 59 42 40 60 44 41 61 46 42 62 42 40 63 46 42 64 43 43 65 45 44 66 48 45 67 50 46 68 45 44 69 50 46 70 47 47 71 49 48 72 52 49 73 54 50 74 49 48 75 54 50 76 51 51 77 53 52 78 56 53 79 58 54 80 53 52 81 58 54 82 55 55 83 57 56 84 40 57 85 41 58 86 57 59 87 41 60 88 59 61 89 62 62 90 65 63 91 67 64 92 62 62 93 67 64 94 63 65 95 64 66 96 69 67 97 71 68 98 64 66 99 71 68 100 66 69 101 68 70 102 73 71 103 75 72 104 68 70 105 75 72 106 70 73 107 72 74 108 77 75 109 79 76 110 72 74 111 79 76 112 74 77 113 76 78 114 60 79 115 61 80 116 76 81 117 61 82 118 78 83 119</p>
        </triangles>
      </mesh>
    </geometry>
  </library_geometries>
  <library_controllers>
    <controller id="airship_UK_Skin_kebenit_Mesh_003-skin" name="airship_UK_Skin">
      <skin source="#kebenit_Mesh_003-mesh">
        <bind_shape_matrix>1 0 0 0 0 1 0 0 0 0 1 0 0 0 0 1</bind_shape_matrix>
        <source id="airship_UK_Skin_kebenit_Mesh_003-skin-joints">
          <Name_array id="airship_UK_Skin_kebenit_Mesh_003-skin-joints-array" count="13">root mast_top port_tackle port_tackle01 star_tackle star_tackle_001 ammo_node_0 ammo_node_1 sbr_axle smoke_node_3 pivot_node_2 pivot_node_1 smoke_node_0</Name_array>
          <technique_common>
            <accessor source="#airship_UK_Skin_kebenit_Mesh_003-skin-joints-array" count="13" stride="1">
              <param name="JOINT" type="name"/>
            </accessor>
          </technique_common>
        </source>
        <source id="airship_UK_Skin_kebenit_Mesh_003-skin-bind_poses">
          <float_array id="airship_UK_Skin_kebenit_Mesh_003-skin-bind_poses-array" count="208">0 -1 -2.38422e-7 -0.003927171 0 -2.38422e-7 1 0.004104554 -1 0 0 -0.001933872 0 0 0 1 1 0 0 0.3626338 0 -4.74585e-7 1 -92.81597 0 -1 -4.74585e-7 -7.25738 0 0 0 1 1 0 0 -29.30891 0 4.76533e-7 -1 98.84747 0 1 4.76533e-7 6.552985 0 0 0 1 1 -1.20659e-7 0 -29.30891 0 4.75387e-7 -1 37.66139 1.20659e-7 1 4.75387e-7 6.552999 0 0 0 1 1 0 0 30.0506 0 4.76533e-7 -1 98.84745 0 1 4.76533e-7 6.552996 0 0 0 1 1 -1.20659e-7 0 30.0506 0 4.75387e-7 -1 37.66137 1.20659e-7 1 4.75387e-7 6.553014 0 0 0 1 0 0 1 -3.292548 1 0 0 8.603116 0 1 0 125.0492 0 0 0 1 0 0 1 -3.724405 1 0 0 -8.308346 0 1 0 125.0494 0 0 0 1 1 0 0 17.69553 0 -1 -1.85027e-7 72.17001 0 1.85027e-7 -1 3.009622 0 0 0 1 1 0 -3.72727e-6 33.63361 0 -1 0 -82.00731 -3.72728e-6 0 -1 67.04591 0 0 0 1 1 0 0 -30.26941 0 -1 0 -14.40835 0 0 -1 67.41915 0 0 0 1 1 -4.85147e-7 3.89414e-7 -5.252089 -4.31752e-7 -1 0 52.60649 3.89411e-7 0 -1 67.77709 0 0 0 1 0 -1 0 13.6779 0 0 1 -47.01037 -1 0 0 -0.3626288 0 0 0 1</float_array>
          <technique_common>
            <accessor source="#airship_UK_Skin_kebenit_Mesh_003-skin-bind_poses-array" count="13" stride="16">
              <param name="TRANSFORM" type="float4x4"/>
            </accessor>
          </technique_common>
        </source>
        <source id="airship_UK_Skin_kebenit_Mesh_003-skin-weights">
          <float_array id="airship_UK_Skin_kebenit_Mesh_003-skin-weights-array" count="2810">1 1 1 1 1 1 1 1 1 1 1 1 1 1 1 1 1 1 1 1 1 1 1 1 1 1 1 1 1 1 1 1 1 1 1 1 1 1 1 1 1 1 1 1 1 1 1 1 1 1 1 1 1 1 1 1 1 1 1 1 1 1 1 1 1 1 1 1 1 1 1 1 1 1 1 1 1 1 1 1 1 1 1 1 1 1 1 1 1 1 1 1 1 1 1 1 1 1 1 1 1 1 1 1 1 1 1 1 1 1 1 1 1 1 1 1 1 1 1 1 1 1 1 1 1 1 1 1 1 1 1 1 1 1 1 1 1 1 1 1 1 1 1 1 1 1 1 1 1 1 1 1 1 1 1 1 1 1 1 1 1 1 1 1 1 1 1 1 1 1 1 1 1 1 1 1 1 1 1 1 1 1 1 1 1 1 1 1 1 1 1 1 1 1 1 1 1 1 1 1 1 1 1 1 1 1 1 1 1 1 1 1 1 1 1 1 1 1 1 1 1 1 1 1 1 1 1 1 1 1 1 1 1 1 1 1 1 1 1 1 1 1 1 1 1 1 1 1 1 1 1 1 1 1 1 1 1 1 1 1 1 1 1 1 1 1 1 1 1 1 1 1 1 1 1 1 1 1 1 1 1 1 1 1 1 1 1 1 1 1 1 1 1 1 1 1 1 1 1 1 1 1 1 1 1 1 1 1 1 1 1 1 1 1 1 1 1 1 1 1 1 1 1 1 1 1 1 1 1 1 1 1 1 1 1 1 1 1 1 1 1 1 1 1 1 1 1 1 1 1 1 1 1 1 1 1 1 1 1 1 1 1 1 1 1 1 1 1 1 1 1 1 1 1 1 1 1 1 1 1 1 1 1 1 1 1 1 1 1 1 1 1 1 1 1 1 1 1 1 1 1 1 1 1 1 1 1 1 1 1 1 1 1 1 1 1 1 1 1 1 1 1 1 1 1 1 1 1 1 1 1 1 1 1 1 1 1 1 1 1 1 1 1 1 1 1 1 1 1 1 1 1 1 1 1 1 1 1 1 1 1 1 1 1 1 1 1 1 1 1 1 1 1 1 1 1 1 1 1 1 1 1 1 1 1 1 1 1 1 1 1 1 1 1 1 1 1 1 1 1 1 1 1 1 1 1 1 1 1 1 1 1 1 1 1 1 1 1 1 1 1 1 1 1 1 1 1 1 1 1 1 1 1 1 1 1 1 1 1 1 1 1 1 1 1 1 1 1 1 1 1 1 1 1 1 1 1 1 1 1 1 1 1 1 1 1 1 1 1 1 1 1 1 1 1 1 1 1 1 1 1 1 1 1 1 1 1 1 1 1 1 1 1 1 1 1 1 1 1 1 1 1 1 1 1 1 1 1 1 1 1 1 1 1 1 1 1 1 1 1 1 1 1 1 1 1 1 1 1 1 1 1 1 1 1 1 1 1 1 1 1 1 1 1 1 1 1 1 1 1 1 1 1 1 1 1 1 1 1 1 1 1 1 1 1 1 1 1 1 1 1 1 1 1 1 1 1 1 1 1 1 1 1 1 1 1 1 1 1 1 1 1 1 1 1 1 1 1 1 1 1 1 1 1 1 1 1 1 1 1 1 1 1 1 1 1 1 1 1 1 1 1 1 1 1 1 1 1 1 1 1 1 1 1 1 1 1 1 1 1 1 1 1 1 1 1 1 1 1 1 1 1 1 1 1 1 1 1 1 1 1 1 1 1 1 1 1 1 1 1 1 1 1 1 1 1 1 1 1 1 1 1 1 1 1 1 1 1 1 1 1 1 1 1 1 1 1 1 1 1 1 1 1 1 1 1 1 1 1 1 1 1 1 1 1 1 1 1 1 1 1 1 1 1 1 1 1 1 1 1 1 1 1 1 1 1 1 1 1 1 1 1 1 1 1 1 1 1 1 1 1 1 1 1 1 1 1 1 1 1 1 1 1 1 1 1 1 1 1 1 1 1 1 1 1 1 1 1 1 1 1 1 1 1 1 1 1 1 1 1 1 1 1 1 1 1 1 1 1 1 1 1 1 1 1 1 1 1 1 1 1 1 1 1 1 1 1 1 1 1 1 1 1 1 1 1 1 1 1 1 1 1 1 1 1 1 1 1 1 1 1 1 1 1 1 1 1 1 1 1 1 1 1 1 1 1 1 1 1 1 1 1 1 1 1 1 1 1 1 1 1 1 1 1 1 1 1 1 1 1 1 1 1 1 1 1 1 1 1 1 1 1 1 1 1 1 1 1 1 1 1 1 1 1 1 1 1 1 1 1 1 1 1 1 1 1 1 1 1 1 1 1 1 1 1 1 1 1 1 1 1 1 1 1 1 1 1 1 1 1 1 1 1 1 1 1 1 1 1 1 1 1 1 1 1 1 1 1 1 1 1 1 1 1 1 1 1 1 1 1 1 1 1 1 1 1 1 1 1 1 1 1 1 1 1 1 1 1 1 1 1 1 1 1 1 1 1 1 1 1 1 1 1 1 1 1 1 1 1 1 1 1 1 1 1 1 1 1 1 1 1 1 1 1 1 1 1 1 1 1 1 1 1 1 1 1 1 1 1 1 1 1 1 1 1 1 1 1 1 1 1 1 1 1 1 1 1 1 1 1 1 1 1 1 1 1 1 1 1 1 1 1 1 1 1 1 1 1 1 1 1 1 1 1 1 1 1 1 1 1 1 1 1 1 1 1 1 1 1 1 1 1 1 1 1 1 1 1 1 1 1 1 1 1 1 1 1 1 1 1 1 1 1 1 1 1 1 1 1 1 1 1 1 1 1 1 1 1 1 1 1 1 1 1 1 1 1 1 1 1 1 1 1 1 1 1 1 1 1 1 1 1 1 1 1 1 1 1 1 1 1 1 1 1 1 1 1 1 1 1 1 1 1 1 1 1 1 1 1 1 1 1 1 1 1 1 1 1 1 1 1 1 1 1 1 1 1 1 1 1 1 1 1 1 1 1 1 1 1 1 1 1 1 1 1 1 1 1 1 1 1 1 1 1 1 1 1 1 1 1 1 1 1 1 1 1 1 1 1 1 1 1 1 1 1 1 1 1 1 1 1 1 1 1 1 1 1 1 1 1 1 1 1 1 1 1 1 1 1 1 1 1 1 1 1 1 1 1 1 1 1 1 1 1 1 1 1 1 1 1 1 1 1 1 1 1 1 1 1 1 1 1 1 1 1 1 1 1 1 1 1 1 1 1 1 1 1 1 1 1 1 1 1 1 1 1 1 1 1 1 1 1 1 1 1 1 1 1 1 1 1 1 1 1 1 1 1 1 1 1 1 1 1 1 1 1 1 1 1 1 1 1 1 1 1 1 1 1 1 1 1 1 1 1 1 1 1 1 1 1 1 1 1 1 1 1 1 1 1 1 1 1 1 1 1 1 1 1 1 1 1 1 1 1 1 1 1 1 1 1 1 1 1 1 1 1 1 1 1 1 1 1 1 1 1 1 1 1 1 1 1 1 1 1 1 1 1 1 1 1 1 1 1 1 1 1 1 1 1 1 1 1 1 1 1 1 1 1 1 1 1 1 1 1 1 1 1 1 1 1 1 1 1 1 1 1 1 1 1 1 1 1 1 1 1 1 1 1 1 1 1 1 1 1 1 1 1 1 1 1 1 1 1 1 1 1 1 1 1 1 1 1 1 1 1 1 1 1 1 1 1 1 1 1 1 1 1 1 1 1 1 1 1 1 1 1 1 1 1 1 1 1 1 1 1 1 1 1 1 1 1 1 1 1 1 1 1 1 1 1 1 1 1 1 1 1 1 1 1 1 1 1 1 1 1 1 1 1 1 1 1 1 1 1 1 1 1 1 1 1 1 1 1 1 1 1 1 1 1 1 1 1 1 1 1 1 1 1 1 1 1 1 1 1 1 1 1 1 1 1 1 1 1 1 1 1 1 1 1 1 1 1 1 1 1 1 1 1 1 1 1 1 1 1 1 1 1 1 1 1 1 1 1 1 1 1 1 1 1 1 1 1 1 1 1 1 1 1 1 1 1 1 1 1 1 1 1 1 1 1 1 1 1 1 1 1 1 1 1 1 1 1 1 1 1 1 1 1 1 1 1 1 1 1 1 1 1 1 1 1 1 1 1 1 1 1 1 1 1 1 1 1 1 1 1 1 1 1 1 1 1 1 1 1 1 1 1 1 1 1 1 1 1 1 1 1 1 1 1 1 1 1 1 1 1 1 1 1 1 1 1 1 1 1 1 1 1 1 1 1 1 1 1 1 1 1 1 1 1 1 1 1 1 1 1 1 1 1 1 1 1 1 1 1 1 1 1 1 1 1 1 1 1 1 1 1 1 1 1 1 1 1 1 1 1 1 1 1 1 1 1 1 1 1 1 1 1 1 1 1 1 1 1 1 1 1 1 1 1 1 1 1 1 1 1 1 1 1 1 1 1 1 1 1 1 1 1 1 1 1 1 1 1 1 1 1 1 1 1 1 1 1 1 1 1 1 1 1 1 1 1 1 1 1 1 1 1 1 1 1 1 1 1 1 1 1 1 1 1 1 1 1 1 1 1 1 1 1 1 1 1 1 1 1 1 1 1 1 1 1 1 1 1 1 1 1 1 1 1 1 1 1 1 1 1 1 1 1 1 1 1 1 1 1 1 1 1 1 1 1 1 1 1 1 1 1 1 1 1 1 1 1 1 1 1 1 1 1 1 1 1 1 1 1 1 1 1 1 1 1 1 1 1 1 1 1 1 1 1 1 1 1 1 1 1 1 1 1 1 1 1 1 1 1 1 1 1 1 1 1 1 1 1 1 1 1 1 1 1 1 1 1 1 1 1 1 1 1 1 1 1 1 1 1 1 1 1 1 1 1 1 1 1 1 1 1 1 1 1 1 1 1 1 1 1 1 1 1 1 1 1 1 1 1 1 1 1 1 1 1 1 1 1 1 1 1 1 1 1 1 1 1 1 1 1 1 1 1 1 1 1 1 1 1 1 1 1 1 1 1 1 1 1 1 1 1 1 1 1 1 1 1 1 1 1 1 1 1 1 1 1 1 1 1 1 1 1 1 1 1 1 1 1 1 1 1 1 1 1 1 1 1 1 1 1 1 1 1 1 1 1 1 1 1 1 1 1 1 1 1 1 1 1 1 1 1 1 1 1 1 1 1 1 1 1 1 1 1 1 1 1 1 1 1 1 1 1 1 1 1 1 1 1 1 1 1 1 1 1 1 1 1 1 1 1 1 1 1 1 1 1 1 1 1 1 1 1 1 1 1 1 1 1 1 1 1 1 1 1 1 1 1 1 1 1 1 1 1 1 1 1 1 1 1 1 1 1 1 1 1 1 1 1 1 1 1 1 1 1 1 1 1 1 1 1 1 1 1 1 1 1 1 1 1 1 1 1 1 1 1 1 1 1 1 1 1 1 1 1 1 1 1 1 1 1 1 1 1 1 1 1 1 1 1 1 1 1 1 1 1 1 1 1 1 1 1 1 1 1 1 1 1 1 1 1 1 1 1 1 1 1 1 1 1 1 1 1 1 1 1 1 1 1 1 1 1 1 1 1 1 1 1 1 1 1 1 1 1 1 1 1 1 1 1 1 1 1 1 1 1 1 1 1 1 1 1 1 1 1 1 1 1 1 1 1 1 1 1 1 1 1 1 1 1 1 1 1 1 1 1 1 1 1 1 1 1 1 1 1 1 1 1 1 1 1 1 1 1 1 1 1 1 1 1 1 1 1 1 1 1 1 1 1 1 1 1 1 1 1 1 1 1 1 1 1 1 1 1 1 1 1 1 1 1 1 1 1 1 1 1 1 1 1 1 1 1 1 1 1 1 1 1 1 1 1 1 1 1 1 1 1 1 1 1 1 1 1 1 1 1 1 1 1 1 1 1 1 1 1 1 1 1 1 1 1 1 1 1 1 1 1 1 1 1 1 1 1 1 1 1 1 1 1 1 1 1 1 1 1 1 1 1 1 1 1 1 1 1 1 1 1 1 1 1 1 1 1 1 1 1 1 1 1 1 1 1 1 1 1 1 1 1 1 1 1 1 1 1 1 1 1 1 1 1 1 1 1 1 1 1 1 1 1 1 1 1 1 1 1 1 1 1 1 1 1 1 1 1 1 1 1 1 1 1 1 1 1 1 1 1 1 1 1 1 1 1 1 1 1 1 1 1 1 1 1 1 1 1 1 1 1 1 1 1 1 1 1 1 1 1 1 1 1 1 1 1 1 1 1 1 1 1 1 1 1 1 1 1 1 1 1 1 1 1 1 1 1 1 1 1 1 1 1 1 1 1 1 1 1 1 1 1 1 1 1 1 1 1 1 1 1 1 1 1 1 1 1 1 1 1</float_array>
          <technique_common>
            <accessor source="#airship_UK_Skin_kebenit_Mesh_003-skin-weights-array" count="2810" stride="1">
              <param name="WEIGHT" type="float"/>
            </accessor>
          </technique_common>
        </source>
        <joints>
          <input semantic="JOINT" source="#airship_UK_Skin_kebenit_Mesh_003-skin-joints"/>
          <input semantic="INV_BIND_MATRIX" source="#airship_UK_Skin_kebenit_Mesh_003-skin-bind_poses"/>
        </joints>
        <vertex_weights count="2810">
          <input semantic="JOINT" source="#airship_UK_Skin_kebenit_Mesh_003-skin-joints" offset="0"/>
          <input semantic="WEIGHT" source="#airship_UK_Skin_kebenit_Mesh_003-skin-weights" offset="1"/>
          <vcount>1 1 1 1 1 1 1 1 1 1 1 1 1 1 1 1 1 1 1 1 1 1 1 1 1 1 1 1 1 1 1 1 1 1 1 1 1 1 1 1 1 1 1 1 1 1 1 1 1 1 1 1 1 1 1 1 1 1 1 1 1 1 1 1 1 1 1 1 1 1 1 1 1 1 1 1 1 1 1 1 1 1 1 1 1 1 1 1 1 1 1 1 1 1 1 1 1 1 1 1 1 1 1 1 1 1 1 1 1 1 1 1 1 1 1 1 1 1 1 1 1 1 1 1 1 1 1 1 1 1 1 1 1 1 1 1 1 1 1 1 1 1 1 1 1 1 1 1 1 1 1 1 1 1 1 1 1 1 1 1 1 1 1 1 1 1 1 1 1 1 1 1 1 1 1 1 1 1 1 1 1 1 1 1 1 1 1 1 1 1 1 1 1 1 1 1 1 1 1 1 1 1 1 1 1 1 1 1 1 1 1 1 1 1 1 1 1 1 1 1 1 1 1 1 1 1 1 1 1 1 1 1 1 1 1 1 1 1 1 1 1 1 1 1 1 1 1 1 1 1 1 1 1 1 1 1 1 1 1 1 1 1 1 1 1 1 1 1 1 1 1 1 1 1 1 1 1 1 1 1 1 1 1 1 1 1 1 1 1 1 1 1 1 1 1 1 1 1 1 1 1 1 1 1 1 1 1 1 1 1 1 1 1 1 1 1 1 1 1 1 1 1 1 1 1 1 1 1 1 1 1 1 1 1 1 1 1 1 1 1 1 1 1 1 1 1 1 1 1 1 1 1 1 1 1 1 1 1 1 1 1 1 1 1 1 1 1 1 1 1 1 1 1 1 1 1 1 1 1 1 1 1 1 1 1 1 1 1 1 1 1 1 1 1 1 1 1 1 1 1 1 1 1 1 1 1 1 1 1 1 1 1 1 1 1 1 1 1 1 1 1 1 1 1 1 1 1 1 1 1 1 1 1 1 1 1 1 1 1 1 1 1 1 1 1 1 1 1 1 1 1 1 1 1 1 1 1 1 1 1 1 1 1 1 1 1 1 1 1 1 1 1 1 1 1 1 1 1 1 1 1 1 1 1 1 1 1 1 1 1 1 1 1 1 1 1 1 1 1 1 1 1 1 1 1 1 1 1 1 1 1 1 1 1 1 1 1 1 1 1 1 1 1 1 1 1 1 1 1 1 1 1 1 1 1 1 1 1 1 1 1 1 1 1 1 1 1 1 1 1 1 1 1 1 1 1 1 1 1 1 1 1 1 1 1 1 1 1 1 1 1 1 1 1 1 1 1 1 1 1 1 1 1 1 1 1 1 1 1 1 1 1 1 1 1 1 1 1 1 1 1 1 1 1 1 1 1 1 1 1 1 1 1 1 1 1 1 1 1 1 1 1 1 1 1 1 1 1 1 1 1 1 1 1 1 1 1 1 1 1 1 1 1 1 1 1 1 1 1 1 1 1 1 1 1 1 1 1 1 1 1 1 1 1 1 1 1 1 1 1 1 1 1 1 1 1 1 1 1 1 1 1 1 1 1 1 1 1 1 1 1 1 1 1 1 1 1 1 1 1 1 1 1 1 1 1 1 1 1 1 1 1 1 1 1 1 1 1 1 1 1 1 1 1 1 1 1 1 1 1 1 1 1 1 1 1 1 1 1 1 1 1 1 1 1 1 1 1 1 1 1 1 1 1 1 1 1 1 1 1 1 1 1 1 1 1 1 1 1 1 1 1 1 1 1 1 1 1 1 1 1 1 1 1 1 1 1 1 1 1 1 1 1 1 1 1 1 1 1 1 1 1 1 1 1 1 1 1 1 1 1 1 1 1 1 1 1 1 1 1 1 1 1 1 1 1 1 1 1 1 1 1 1 1 1 1 1 1 1 1 1 1 1 1 1 1 1 1 1 1 1 1 1 1 1 1 1 1 1 1 1 1 1 1 1 1 1 1 1 1 1 1 1 1 1 1 1 1 1 1 1 1 1 1 1 1 1 1 1 1 1 1 1 1 1 1 1 1 1 1 1 1 1 1 1 1 1 1 1 1 1 1 1 1 1 1 1 1 1 1 1 1 1 1 1 1 1 1 1 1 1 1 1 1 1 1 1 1 1 1 1 1 1 1 1 1 1 1 1 1 1 1 1 1 1 1 1 1 1 1 1 1 1 1 1 1 1 1 1 1 1 1 1 1 1 1 1 1 1 1 1 1 1 1 1 1 1 1 1 1 1 1 1 1 1 1 1 1 1 1 1 1 1 1 1 1 1 1 1 1 1 1 1 1 1 1 1 1 1 1 1 1 1 1 1 1 1 1 1 1 1 1 1 1 1 1 1 1 1 1 1 1 1 1 1 1 1 1 1 1 1 1 1 1 1 1 1 1 1 1 1 1 1 1 1 1 1 1 1 1 1 1 1 1 1 1 1 1 1 1 1 1 1 1 1 1 1 1 1 1 1 1 1 1 1 1 1 1 1 1 1 1 1 1 1 1 1 1 1 1 1 1 1 1 1 1 1 1 1 1 1 1 1 1 1 1 1 1 1 1 1 1 1 1 1 1 1 1 1 1 1 1 1 1 1 1 1 1 1 1 1 1 1 1 1 1 1 1 1 1 1 1 1 1 1 1 1 1 1 1 1 1 1 1 1 1 1 1 1 1 1 1 1 1 1 1 1 1 1 1 1 1 1 1 1 1 1 1 1 1 1 1 1 1 1 1 1 1 1 1 1 1 1 1 1 1 1 1 1 1 1 1 1 1 1 1 1 1 1 1 1 1 1 1 1 1 1 1 1 1 1 1 1 1 1 1 1 1 1 1 1 1 1 1 1 1 1 1 1 1 1 1 1 1 1 1 1 1 1 1 1 1 1 1 1 1 1 1 1 1 1 1 1 1 1 1 1 1 1 1 1 1 1 1 1 1 1 1 1 1 1 1 1 1 1 1 1 1 1 1 1 1 1 1 1 1 1 1 1 1 1 1 1 1 1 1 1 1 1 1 1 1 1 1 1 1 1 1 1 1 1 1 1 1 1 1 1 1 1 1 1 1 1 1 1 1 1 1 1 1 1 1 1 1 1 1 1 1 1 1 1 1 1 1 1 1 1 1 1 1 1 1 1 1 1 1 1 1 1 1 1 1 1 1 1 1 1 1 1 1 1 1 1 1 1 1 1 1 1 1 1 1 1 1 1 1 1 1 1 1 1 1 1 1 1 1 1 1 1 1 1 1 1 1 1 1 1 1 1 1 1 1 1 1 1 1 1 1 1 1 1 1 1 1 1 1 1 1 1 1 1 1 1 1 1 1 1 1 1 1 1 1 1 1 1 1 1 1 1 1 1 1 1 1 1 1 1 1 1 1 1 1 1 1 1 1 1 1 1 1 1 1 1 1 1 1 1 1 1 1 1 1 1 1 1 1 1 1 1 1 1 1 1 1 1 1 1 1 1 1 1 1 1 1 1 1 1 1 1 1 1 1 1 1 1 1 1 1 1 1 1 1 1 1 1 1 1 1 1 1 1 1 1 1 1 1 1 1 1 1 1 1 1 1 1 1 1 1 1 1 1 1 1 1 1 1 1 1 1 1 1 1 1 1 1 1 1 1 1 1 1 1 1 1 1 1 1 1 1 1 1 1 1 1 1 1 1 1 1 1 1 1 1 1 1 1 1 1 1 1 1 1 1 1 1 1 1 1 1 1 1 1 1 1 1 1 1 1 1 1 1 1 1 1 1 1 1 1 1 1 1 1 1 1 1 1 1 1 1 1 1 1 1 1 1 1 1 1 1 1 1 1 1 1 1 1 1 1 1 1 1 1 1 1 1 1 1 1 1 1 1 1 1 1 1 1 1 1 1 1 1 1 1 1 1 1 1 1 1 1 1 1 1 1 1 1 1 1 1 1 1 1 1 1 1 1 1 1 1 1 1 1 1 1 1 1 1 1 1 1 1 1 1 1 1 1 1 1 1 1 1 1 1 1 1 1 1 1 1 1 1 1 1 1 1 1 1 1 1 1 1 1 1 1 1 1 1 1 1 1 1 1 1 1 1 1 1 1 1 1 1 1 1 1 1 1 1 1 1 1 1 1 1 1 1 1 1 1 1 1 1 1 1 1 1 1 1 1 1 1 1 1 1 1 1 1 1 1 1 1 1 1 1 1 1 1 1 1 1 1 1 1 1 1 1 1 1 1 1 1 1 1 1 1 1 1 1 1 1 1 1 1 1 1 1 1 1 1 1 1 1 1 1 1 1 1 1 1 1 1 1 1 1 1 1 1 1 1 1 1 1 1 1 1 1 1 1 1 1 1 1 1 1 1 1 1 1 1 1 1 1 1 1 1 1 1 1 1 1 1 1 1 1 1 1 1 1 1 1 1 1 1 1 1 1 1 1 1 1 1 1 1 1 1 1 1 1 1 1 1 1 1 1 1 1 1 1 1 1 1 1 1 1 1 1 1 1 1 1 1 1 1 1 1 1 1 1 1 1 1 1 1 1 1 1 1 1 1 1 1 1 1 1 1 1 1 1 1 1 1 1 1 1 1 1 1 1 1 1 1 1 1 1 1 1 1 1 1 1 1 1 1 1 1 1 1 1 1 1 1 1 1 1 1 1 1 1 1 1 1 1 1 1 1 1 1 1 1 1 1 1 1 1 1 1 1 1 1 1 1 1 1 1 1 1 1 1 1 1 1 1 1 1 1 1 1 1 1 1 1 1 1 1 1 1 1 1 1 1 1 1 1 1 1 1 1 1 1 1 1 1 1 1 1 1 1 1 1 1 1 1 1 1 1 1 1 1 1 1 1 1 1 1 1 1 1 1 1 1 1 1 1 1 1 1 1 1 1 1 1 1 1 1 1 1 1 1 1 1 1 1 1 1 1 1 1 1 1 1 1 1 1 1 1 1 1 1 1 1 1 1 1 1 1 1 1 1 1 1 1 1 1 1 1 1 1 1 1 1 1 1 1 1 1 1 1 1 1 1 1 1 1 1 1 1 1 1 1 1 1 1 1 1 1 1 1 1 1 1 1 1 1 1 1 1 1 1 1 1 1 1 1 1 1 1 1 1 1 1 1 1 1 1 1 1 1 1 1 1 1 1 1 1 1 1 1 1 1 1 1 1 1 1 1 1 1 1 1 1 1 1 1 1 1 1 1 1 1 1 1 1 1 1 1 1 1 1 1 1 1 1 1 1 1 1 1 1 1 1 1 1 1 1 1 1 1 1 1 1 1 1 1 1 1 1 1 1 1 1 1 1 1 1 1 1 1 1 1 1 1 1 1 1 1 1 1 1 1 1 1 1 1 1 1 1 1 1 1 1 1 1 1 1 1 1 1 1 1 1 1 1 1 1 1 1 1 1 1 1 1 1 1 1 1 1 1 1 1 1 1 1 1 1 1 1 1 1 1 1 1 1 1 1 1 1 1 1 1 1 1 1 1 1 1 1 1 1 1 1 1 1 1 1 1 1 1 1 1 1 1 1 1 1 1 1 1 1 1 1 1 1 1 1 1 1 1 1 1 1 1 1 1 1 1 1 1 1 1 1 1 1 1 1 1 1 1 1 1 1 1 1 1 1 1 1 1 1 1 1 1 1 1 1 1 1 1 1 1 1 1 1 1 1 1 1 1 1 1 1 1 1 1 1 1 1 1 1 1 1 1 1 1 1 1 1 1 1 1 1 1 1 1 1 1 1 1 1 1 1 1 1 1 1 1 1 1 1 1 1 1 1 1 1 1 1 1 1 1 1 1 1 1 1 1 1 1 1 1 1 1 1 1 1 1 1 1 1 1 1 1 1 1 1 1 1 1 1 1 1 1 1 1 1 1 1 1 1 1 1 1 1 1 1 1 1 1 1 1 1 1 1 1 1 1 1 1 1 1 1 1 1 1 1 1 1 1 1 1 1 1 1 1 1 1 1 1 1 1 1 1 1 1 1 1 1 1 1 1 1 1 1 1 1 1 1 1 1 1 1 1 1 1 1 1 1 1 1 1 1 1 1 1 1 1 1 1 1 1 1 1 1 1 1 1 1 1 1 1 1 1 1 1 1 1 1 1 1 1 1 1 1 1 1 1 1 1 1 1 1 1 1 1 1 1 1 1 1 1 1 1 1 1 1 1 1 1 1 1 1 1 1 1 1 1 1 1 1 1 1 1 1 1 1 1 1 1 1 1 1 1 1 1 1 1 1 1 1 1 1 1 1 1 1 1 1 1 1 1 1 1 1 1 1 1 1 1 1 1 1 1 1 1 1 1 1 1 1 1 1 1 1 1 1 1 1 1 1 1 1 1 1 1 1 1 1 1 1 1 1 1 1 1 1 1 1 1 1 1 1 1 </vcount>
          <v>0 0 0 1 0 2 0 3 0 4 0 5 0 6 0 7 0 8 0 9 0 10 0 11 0 12 0 13 0 14 0 15 0 16 0 17 0 18 0 19 0 20 0 21 0 22 0 23 0 24 0 25 0 26 0 27 0 28 0 29 0 30 0 31 0 32 0 33 0 34 0 35 0 36 0 37 0 38 0 39 0 40 0 41 0 42 0 43 0 44 0 45 0 46 0 47 0 48 0 49 0 50 0 51 0 52 0 53 0 54 0 55 0 56 0 57 0 58 0 59 0 60 0 61 0 62 0 63 0 64 0 65 0 66 0 67 0 68 0 69 0 70 0 71 0 72 0 73 0 74 0 75 0 76 0 77 0 78 0 79 0 80 0 81 0 82 0 83 0 84 0 85 0 86 0 87 0 88 0 89 0 90 0 91 0 92 0 93 0 94 0 95 0 96 0 97 0 98 0 99 0 100 0 101 0 102 0 103 0 104 0 105 0 106 0 107 0 108 0 109 0 110 0 111 0 112 0 113 0 114 0 115 0 116 0 117 0 118 0 119 0 120 0 121 0 122 0 123 0 124 0 125 0 126 0 127 0 128 0 129 0 130 0 131 0 132 0 133 0 134 0 135 0 136 0 137 0 138 0 139 0 140 0 141 0 142 0 143 0 144 0 145 0 146 0 147 0 148 0 149 0 150 0 151 0 152 0 153 0 154 0 155 0 156 0 157 0 158 0 159 0 160 0 161 0 162 0 163 0 164 0 165 0 166 0 167 0 168 0 169 0 170 0 171 0 172 0 173 0 174 0 175 0 176 0 177 0 178 0 179 0 180 0 181 0 182 0 183 0 184 0 185 0 186 0 187 0 188 0 189 0 190 0 191 0 192 0 193 0 194 0 195 0 196 0 197 0 198 0 199 0 200 0 201 0 202 0 203 0 204 0 205 0 206 0 207 0 208 0 209 0 210 0 211 0 212 0 213 0 214 0 215 0 216 0 217 0 218 0 219 0 220 0 221 0 222 0 223 0 224 0 225 0 226 0 227 0 228 0 229 0 230 0 231 0 232 0 233 0 234 0 235 0 236 0 237 0 238 0 239 0 240 0 241 0 242 0 243 0 244 0 245 0 246 0 247 0 248 0 249 0 250 0 251 0 252 0 253 0 254 0 255 0 256 0 257 0 258 0 259 0 260 0 261 0 262 0 263 0 264 0 265 0 266 0 267 0 268 0 269 0 270 0 271 0 272 0 273 0 274 0 275 0 276 0 277 0 278 0 279 0 280 0 281 0 282 0 283 0 284 0 285 0 286 0 287 0 288 0 289 0 290 0 291 0 292 0 293 0 294 0 295 0 296 0 297 0 298 0 299 0 300 0 301 0 302 0 303 0 304 0 305 0 306 0 307 0 308 0 309 0 310 0 311 0 312 0 313 0 314 0 315 0 316 0 317 0 318 0 319 0 320 0 321 0 322 0 323 0 324 0 325 0 326 0 327 0 328 0 329 0 330 0 331 0 332 0 333 0 334 0 335 0 336 0 337 0 338 0 339 0 340 0 341 0 342 0 343 0 344 0 345 0 346 0 347 0 348 0 349 0 350 0 351 0 352 0 353 0 354 0 355 0 356 0 357 0 358 0 359 0 360 0 361 0 362 0 363 0 364 0 365 0 366 0 367 0 368 0 369 0 370 0 371 0 372 0 373 0 374 0 375 0 376 0 377 0 378 0 379 0 380 0 381 0 382 0 383 0 384 0 385 0 386 0 387 0 388 0 389 0 390 0 391 0 392 0 393 0 394 0 395 0 396 0 397 0 398 0 399 0 400 0 401 0 402 0 403 0 404 0 405 0 406 0 407 0 408 0 409 0 410 0 411 0 412 0 413 0 414 0 415 0 416 0 417 0 418 0 419 0 420 0 421 0 422 0 423 0 424 0 425 0 426 0 427 0 428 0 429 0 430 0 431 0 432 0 433 0 434 0 435 0 436 0 437 0 438 0 439 0 440 0 441 0 442 0 443 0 444 0 445 0 446 0 447 0 448 0 449 0 450 0 451 0 452 0 453 0 454 0 455 0 456 0 457 0 458 0 459 0 460 0 461 0 462 0 463 0 464 0 465 0 466 0 467 0 468 0 469 0 470 0 471 0 472 0 473 0 474 0 475 0 476 0 477 0 478 0 479 0 480 0 481 0 482 0 483 0 484 0 485 0 486 0 487 0 488 0 489 0 490 0 491 0 492 0 493 0 494 0 495 0 496 0 497 0 498 0 499 0 500 0 501 0 502 0 503 0 504 0 505 0 506 0 507 0 508 0 509 0 510 0 511 0 512 0 513 0 514 0 515 0 516 0 517 0 518 0 519 0 520 0 521 0 522 0 523 0 524 0 525 0 526 0 527 0 528 0 529 0 530 0 531 0 532 0 533 0 534 0 535 0 536 0 537 0 538 0 539 0 540 0 541 0 542 0 543 0 544 0 545 0 546 0 547 0 548 0 549 0 550 0 551 0 552 0 553 0 554 0 555 0 556 0 557 0 558 0 559 0 560 0 561 0 562 0 563 0 564 0 565 0 566 0 567 0 568 0 569 0 570 0 571 0 572 0 573 0 574 0 575 0 576 0 577 0 578 0 579 0 580 0 581 0 582 0 583 0 584 0 585 0 586 0 587 0 588 0 589 0 590 0 591 0 592 0 593 0 594 0 595 0 596 0 597 0 598 0 599 0 600 0 601 0 602 0 603 0 604 0 605 0 606 0 607 0 608 0 609 0 610 0 611 0 612 0 613 0 614 0 615 0 616 0 617 0 618 0 619 0 620 0 621 0 622 0 623 0 624 0 625 0 626 0 627 0 628 0 629 0 630 0 631 0 632 0 633 0 634 0 635 0 636 0 637 0 638 0 639 0 640 0 641 0 642 0 643 0 644 0 645 0 646 0 647 0 648 0 649 0 650 0 651 0 652 0 653 0 654 0 655 0 656 0 657 0 658 0 659 0 660 0 661 0 662 0 663 0 664 0 665 0 666 0 667 0 668 0 669 0 670 0 671 0 672 0 673 0 674 0 675 0 676 0 677 0 678 0 679 0 680 0 681 0 682 0 683 0 684 0 685 0 686 0 687 0 688 0 689 0 690 0 691 0 692 0 693 0 694 0 695 0 696 0 697 0 698 0 699 0 700 0 701 0 702 0 703 0 704 0 705 0 706 0 707 0 708 0 709 0 710 0 711 0 712 0 713 0 714 0 715 0 716 0 717 0 718 0 719 0 720 0 721 0 722 0 723 0 724 0 725 0 726 0 727 0 728 0 729 0 730 0 731 0 732 0 733 0 734 0 735 0 736 0 737 0 738 0 739 0 740 0 741 0 742 0 743 0 744 0 745 0 746 0 747 0 748 0 749 0 750 0 751 0 752 0 753 0 754 0 755 0 756 0 757 0 758 0 759 0 760 0 761 0 762 0 763 0 764 0 765 0 766 0 767 0 768 0 769 0 770 0 771 0 772 0 773 0 774 0 775 0 776 0 777 0 778 0 779 0 780 0 781 0 782 0 783 0 784 0 785 0 786 0 787 0 788 0 789 0 790 0 791 0 792 0 793 0 794 0 795 0 796 0 797 0 798 0 799 0 800 0 801 0 802 0 803 0 804 0 805 0 806 0 807 0 808 0 809 0 810 0 811 0 812 0 813 0 814 0 815 0 816 0 817 0 818 0 819 0 820 0 821 0 822 0 823 0 824 0 825 0 826 0 827 0 828 0 829 0 830 0 831 0 832 0 833 0 834 0 835 0 836 0 837 0 838 0 839 0 840 0 841 0 842 0 843 0 844 0 845 0 846 0 847 0 848 0 849 0 850 0 851 0 852 0 853 0 854 0 855 0 856 0 857 0 858 0 859 0 860 0 861 0 862 0 863 0 864 0 865 0 866 0 867 0 868 0 869 0 870 0 871 0 872 0 873 0 874 0 875 0 876 0 877 0 878 0 879 0 880 0 881 0 882 0 883 0 884 0 885 0 886 0 887 0 888 0 889 0 890 0 891 0 892 0 893 0 894 0 895 0 896 0 897 0 898 0 899 0 900 0 901 0 902 0 903 0 904 0 905 0 906 0 907 0 908 0 909 0 910 0 911 0 912 0 913 0 914 0 915 0 916 0 917 0 918 0 919 0 920 0 921 0 922 0 923 0 924 0 925 0 926 0 927 0 928 0 929 0 930 0 931 0 932 0 933 0 934 0 935 0 936 0 937 0 938 0 939 0 940 0 941 0 942 0 943 0 944 0 945 0 946 0 947 0 948 0 949 0 950 0 951 0 952 0 953 0 954 0 955 0 956 0 957 0 958 0 959 0 960 0 961 0 962 0 963 0 964 0 965 0 966 0 967 0 968 0 969 0 970 0 971 0 972 0 973 0 974 0 975 0 976 0 977 0 978 0 979 0 980 0 981 0 982 0 983 0 984 0 985 0 986 0 987 0 988 0 989 0 990 0 991 0 992 0 993 0 994 0 995 0 996 0 997 0 998 0 999 0 1000 0 1001 0 1002 0 1003 0 1004 0 1005 0 1006 0 1007 0 1008 0 1009 0 1010 0 1011 0 1012 0 1013 0 1014 0 1015 0 1016 0 1017 0 1018 0 1019 0 1020 0 1021 0 1022 0 1023 0 1024 0 1025 0 1026 0 1027 0 1028 0 1029 0 1030 0 1031 0 1032 0 1033 0 1034 0 1035 0 1036 0 1037 0 1038 0 1039 0 1040 0 1041 0 1042 0 1043 0 1044 0 1045 0 1046 0 1047 0 1048 0 1049 0 1050 0 1051 0 1052 0 1053 0 1054 0 1055 0 1056 0 1057 0 1058 0 1059 0 1060 0 1061 0 1062 0 1063 0 1064 0 1065 0 1066 0 1067 0 1068 0 1069 0 1070 0 1071 0 1072 0 1073 0 1074 0 1075 0 1076 0 1077 0 1078 0 1079 0 1080 0 1081 0 1082 0 1083 0 1084 0 1085 0 1086 0 1087 0 1088 0 1089 0 1090 0 1091 0 1092 0 1093 0 1094 0 1095 0 1096 0 1097 0 1098 0 1099 0 1100 0 1101 0 1102 0 1103 0 1104 0 1105 0 1106 0 1107 0 1108 0 1109 0 1110 0 1111 0 1112 0 1113 0 1114 0 1115 0 1116 0 1117 0 1118 0 1119 0 1120 0 1121 0 1122 0 1123 0 1124 0 1125 0 1126 0 1127 0 1128 0 1129 0 1130 0 1131 0 1132 0 1133 0 1134 0 1135 0 1136 0 1137 0 1138 0 1139 0 1140 0 1141 0 1142 0 1143 0 1144 0 1145 0 1146 0 1147 0 1148 0 1149 0 1150 0 1151 0 1152 0 1153 0 1154 0 1155 0 1156 0 1157 0 1158 0 1159 0 1160 0 1161 0 1162 0 1163 0 1164 0 1165 0 1166 0 1167 0 1168 0 1169 0 1170 0 1171 0 1172 0 1173 0 1174 0 1175 0 1176 0 1177 0 1178 0 1179 0 1180 0 1181 0 1182 0 1183 0 1184 0 1185 0 1186 0 1187 0 1188 0 1189 0 1190 0 1191 0 1192 0 1193 0 1194 0 1195 0 1196 0 1197 0 1198 0 1199 0 1200 0 1201 0 1202 0 1203 0 1204 0 1205 0 1206 0 1207 0 1208 0 1209 0 1210 0 1211 0 1212 0 1213 0 1214 0 1215 0 1216 0 1217 0 1218 0 1219 0 1220 0 1221 0 1222 0 1223 0 1224 0 1225 0 1226 0 1227 0 1228 0 1229 0 1230 0 1231 0 1232 0 1233 0 1234 0 1235 0 1236 0 1237 0 1238 0 1239 0 1240 0 1241 0 1242 0 1243 0 1244 0 1245 0 1246 0 1247 0 1248 0 1249 0 1250 0 1251 0 1252 0 1253 0 1254 0 1255 0 1256 0 1257 0 1258 0 1259 0 1260 0 1261 0 1262 0 1263 0 1264 0 1265 0 1266 0 1267 0 1268 0 1269 0 1270 0 1271 0 1272 0 1273 0 1274 0 1275 0 1276 0 1277 0 1278 0 1279 0 1280 0 1281 0 1282 0 1283 0 1284 0 1285 0 1286 0 1287 0 1288 0 1289 0 1290 0 1291 0 1292 0 1293 0 1294 0 1295 0 1296 0 1297 0 1298 0 1299 0 1300 0 1301 0 1302 0 1303 0 1304 0 1305 0 1306 0 1307 0 1308 0 1309 0 1310 0 1311 0 1312 0 1313 0 1314 0 1315 0 1316 0 1317 0 1318 0 1319 0 1320 0 1321 0 1322 0 1323 0 1324 0 1325 0 1326 0 1327 0 1328 0 1329 0 1330 0 1331 0 1332 0 1333 0 1334 0 1335 0 1336 0 1337 0 1338 0 1339 0 1340 0 1341 0 1342 0 1343 0 1344 0 1345 0 1346 0 1347 0 1348 0 1349 0 1350 0 1351 0 1352 0 1353 0 1354 0 1355 0 1356 0 1357 0 1358 0 1359 0 1360 0 1361 0 1362 0 1363 0 1364 0 1365 0 1366 0 1367 0 1368 0 1369 0 1370 0 1371 0 1372 0 1373 0 1374 0 1375 0 1376 0 1377 0 1378 0 1379 0 1380 0 1381 0 1382 0 1383 0 1384 0 1385 0 1386 0 1387 0 1388 0 1389 0 1390 0 1391 0 1392 0 1393 0 1394 0 1395 0 1396 0 1397 0 1398 0 1399 0 1400 0 1401 0 1402 0 1403 0 1404 0 1405 0 1406 0 1407 0 1408 0 1409 0 1410 0 1411 0 1412 0 1413 0 1414 0 1415 0 1416 0 1417 0 1418 0 1419 0 1420 0 1421 0 1422 0 1423 0 1424 0 1425 0 1426 0 1427 0 1428 0 1429 0 1430 0 1431 0 1432 0 1433 0 1434 0 1435 0 1436 0 1437 0 1438 0 1439 0 1440 0 1441 0 1442 0 1443 0 1444 0 1445 0 1446 0 1447 0 1448 0 1449 0 1450 0 1451 0 1452 0 1453 0 1454 0 1455 0 1456 0 1457 0 1458 0 1459 0 1460 0 1461 0 1462 0 1463 0 1464 0 1465 0 1466 0 1467 0 1468 0 1469 0 1470 0 1471 0 1472 0 1473 0 1474 0 1475 0 1476 0 1477 0 1478 0 1479 0 1480 0 1481 0 1482 0 1483 0 1484 0 1485 0 1486 0 1487 0 1488 0 1489 0 1490 0 1491 0 1492 0 1493 0 1494 0 1495 0 1496 0 1497 0 1498 0 1499 0 1500 0 1501 0 1502 0 1503 0 1504 0 1505 0 1506 0 1507 0 1508 0 1509 0 1510 0 1511 0 1512 0 1513 0 1514 0 1515 0 1516 0 1517 0 1518 0 1519 0 1520 0 1521 0 1522 0 1523 0 1524 0 1525 0 1526 0 1527 0 1528 0 1529 0 1530 0 1531 0 1532 0 1533 0 1534 0 1535 0 1536 0 1537 0 1538 0 1539 0 1540 0 1541 0 1542 0 1543 0 1544 0 1545 0 1546 0 1547 0 1548 0 1549 0 1550 0 1551 0 1552 0 1553 0 1554 0 1555 0 1556 0 1557 0 1558 0 1559 0 1560 0 1561 0 1562 0 1563 0 1564 0 1565 0 1566 0 1567 0 1568 0 1569 0 1570 0 1571 0 1572 0 1573 0 1574 0 1575 0 1576 0 1577 0 1578 0 1579 0 1580 0 1581 0 1582 0 1583 0 1584 0 1585 0 1586 0 1587 0 1588 0 1589 0 1590 0 1591 0 1592 0 1593 0 1594 0 1595 0 1596 0 1597 0 1598 0 1599 0 1600 0 1601 0 1602 0 1603 0 1604 0 1605 0 1606 0 1607 0 1608 0 1609 0 1610 0 1611 0 1612 0 1613 0 1614 0 1615 0 1616 0 1617 0 1618 0 1619 0 1620 0 1621 0 1622 0 1623 0 1624 0 1625 0 1626 0 1627 0 1628 0 1629 0 1630 0 1631 0 1632 0 1633 0 1634 0 1635 0 1636 0 1637 0 1638 0 1639 0 1640 0 1641 0 1642 0 1643 0 1644 0 1645 0 1646 0 1647 0 1648 0 1649 0 1650 0 1651 0 1652 0 1653 0 1654 0 1655 0 1656 0 1657 0 1658 0 1659 0 1660 0 1661 0 1662 0 1663 0 1664 0 1665 0 1666 0 1667 0 1668 0 1669 0 1670 0 1671 0 1672 0 1673 0 1674 0 1675 0 1676 0 1677 0 1678 0 1679 0 1680 0 1681 0 1682 0 1683 0 1684 0 1685 0 1686 0 1687 0 1688 0 1689 0 1690 0 1691 0 1692 0 1693 0 1694 0 1695 0 1696 0 1697 0 1698 0 1699 0 1700 0 1701 0 1702 0 1703 0 1704 0 1705 0 1706 0 1707 0 1708 0 1709 0 1710 0 1711 0 1712 0 1713 0 1714 0 1715 0 1716 0 1717 0 1718 0 1719 0 1720 0 1721 0 1722 0 1723 0 1724 0 1725 0 1726 0 1727 0 1728 0 1729 0 1730 0 1731 0 1732 0 1733 0 1734 0 1735 0 1736 0 1737 0 1738 0 1739 0 1740 0 1741 0 1742 0 1743 0 1744 0 1745 0 1746 0 1747 0 1748 0 1749 0 1750 0 1751 0 1752 0 1753 0 1754 0 1755 0 1756 0 1757 0 1758 0 1759 0 1760 0 1761 0 1762 0 1763 0 1764 0 1765 0 1766 0 1767 0 1768 0 1769 0 1770 0 1771 0 1772 0 1773 0 1774 0 1775 0 1776 0 1777 0 1778 0 1779 0 1780 0 1781 0 1782 0 1783 0 1784 0 1785 0 1786 0 1787 0 1788 0 1789 0 1790 0 1791 0 1792 0 1793 0 1794 0 1795 0 1796 0 1797 0 1798 0 1799 0 1800 0 1801 0 1802 0 1803 0 1804 0 1805 0 1806 0 1807 0 1808 0 1809 0 1810 0 1811 0 1812 0 1813 0 1814 0 1815 0 1816 0 1817 0 1818 0 1819 0 1820 0 1821 0 1822 0 1823 0 1824 0 1825 0 1826 0 1827 0 1828 0 1829 0 1830 0 1831 0 1832 0 1833 0 1834 0 1835 0 1836 0 1837 0 1838 0 1839 0 1840 0 1841 0 1842 0 1843 0 1844 0 1845 0 1846 0 1847 0 1848 0 1849 0 1850 0 1851 0 1852 0 1853 0 1854 0 1855 0 1856 0 1857 0 1858 0 1859 0 1860 0 1861 0 1862 0 1863 0 1864 0 1865 0 1866 0 1867 0 1868 0 1869 0 1870 0 1871 0 1872 0 1873 0 1874 0 1875 0 1876 0 1877 0 1878 0 1879 0 1880 0 1881 0 1882 0 1883 0 1884 0 1885 0 1886 0 1887 0 1888 0 1889 0 1890 0 1891 0 1892 0 1893 0 1894 0 1895 0 1896 0 1897 0 1898 0 1899 0 1900 0 1901 0 1902 0 1903 0 1904 0 1905 0 1906 0 1907 0 1908 0 1909 0 1910 0 1911 0 1912 0 1913 0 1914 0 1915 0 1916 0 1917 0 1918 0 1919 0 1920 0 1921 0 1922 0 1923 0 1924 0 1925 0 1926 0 1927 0 1928 0 1929 0 1930 0 1931 0 1932 0 1933 0 1934 0 1935 0 1936 0 1937 0 1938 0 1939 0 1940 0 1941 0 1942 0 1943 0 1944 0 1945 0 1946 0 1947 0 1948 0 1949 0 1950 0 1951 0 1952 0 1953 0 1954 0 1955 0 1956 0 1957 0 1958 0 1959 0 1960 0 1961 0 1962 0 1963 0 1964 0 1965 0 1966 0 1967 0 1968 0 1969 0 1970 0 1971 0 1972 0 1973 0 1974 0 1975 0 1976 0 1977 0 1978 0 1979 0 1980 0 1981 0 1982 0 1983 0 1984 0 1985 0 1986 0 1987 0 1988 0 1989 0 1990 0 1991 0 1992 0 1993 0 1994 0 1995 0 1996 0 1997 0 1998 0 1999 0 2000 0 2001 0 2002 0 2003 0 2004 0 2005 0 2006 0 2007 0 2008 0 2009 0 2010 0 2011 0 2012 0 2013 0 2014 0 2015 0 2016 0 2017 0 2018 0 2019 0 2020 0 2021 0 2022 0 2023 0 2024 0 2025 0 2026 0 2027 0 2028 0 2029 0 2030 0 2031 0 2032 0 2033 0 2034 0 2035 0 2036 0 2037 0 2038 0 2039 0 2040 0 2041 0 2042 0 2043 0 2044 0 2045 0 2046 0 2047 0 2048 0 2049 0 2050 0 2051 0 2052 0 2053 0 2054 0 2055 0 2056 0 2057 0 2058 0 2059 0 2060 0 2061 0 2062 0 2063 0 2064 0 2065 0 2066 0 2067 0 2068 0 2069 0 2070 0 2071 0 2072 0 2073 0 2074 0 2075 0 2076 0 2077 0 2078 0 2079 0 2080 0 2081 0 2082 0 2083 0 2084 0 2085 0 2086 0 2087 0 2088 0 2089 0 2090 0 2091 0 2092 0 2093 0 2094 0 2095 0 2096 0 2097 0 2098 0 2099 0 2100 0 2101 0 2102 0 2103 0 2104 0 2105 0 2106 0 2107 0 2108 0 2109 0 2110 0 2111 0 2112 0 2113 0 2114 0 2115 0 2116 0 2117 0 2118 0 2119 0 2120 0 2121 0 2122 0 2123 0 2124 0 2125 0 2126 0 2127 0 2128 0 2129 0 2130 0 2131 0 2132 0 2133 0 2134 0 2135 0 2136 0 2137 0 2138 0 2139 0 2140 0 2141 0 2142 0 2143 0 2144 0 2145 0 2146 0 2147 0 2148 0 2149 0 2150 0 2151 0 2152 0 2153 0 2154 0 2155 0 2156 0 2157 0 2158 0 2159 0 2160 0 2161 0 2162 0 2163 0 2164 0 2165 0 2166 0 2167 0 2168 0 2169 0 2170 0 2171 0 2172 0 2173 0 2174 0 2175 0 2176 0 2177 0 2178 0 2179 0 2180 0 2181 0 2182 0 2183 0 2184 0 2185 0 2186 0 2187 0 2188 0 2189 0 2190 0 2191 0 2192 0 2193 0 2194 0 2195 0 2196 0 2197 0 2198 0 2199 0 2200 0 2201 0 2202 0 2203 0 2204 0 2205 0 2206 0 2207 0 2208 0 2209 0 2210 0 2211 0 2212 0 2213 0 2214 0 2215 0 2216 0 2217 0 2218 0 2219 0 2220 0 2221 0 2222 0 2223 0 2224 0 2225 0 2226 0 2227 0 2228 0 2229 0 2230 0 2231 0 2232 0 2233 0 2234 0 2235 0 2236 0 2237 0 2238 0 2239 0 2240 0 2241 0 2242 0 2243 0 2244 0 2245 0 2246 0 2247 0 2248 0 2249 0 2250 0 2251 0 2252 0 2253 0 2254 0 2255 0 2256 0 2257 0 2258 0 2259 0 2260 0 2261 0 2262 0 2263 0 2264 0 2265 0 2266 0 2267 0 2268 0 2269 0 2270 0 2271 0 2272 0 2273 0 2274 0 2275 0 2276 0 2277 0 2278 0 2279 0 2280 0 2281 0 2282 0 2283 0 2284 0 2285 0 2286 0 2287 0 2288 0 2289 0 2290 0 2291 0 2292 0 2293 0 2294 0 2295 0 2296 0 2297 0 2298 0 2299 0 2300 0 2301 0 2302 0 2303 0 2304 0 2305 0 2306 0 2307 0 2308 0 2309 0 2310 0 2311 0 2312 0 2313 0 2314 0 2315 0 2316 0 2317 0 2318 0 2319 0 2320 0 2321 0 2322 0 2323 0 2324 0 2325 0 2326 0 2327 0 2328 0 2329 0 2330 0 2331 0 2332 0 2333 0 2334 0 2335 0 2336 0 2337 0 2338 0 2339 0 2340 0 2341 0 2342 0 2343 0 2344 0 2345 0 2346 0 2347 0 2348 0 2349 0 2350 0 2351 0 2352 0 2353 0 2354 0 2355 0 2356 0 2357 0 2358 0 2359 0 2360 0 2361 0 2362 0 2363 0 2364 0 2365 0 2366 0 2367 0 2368 0 2369 0 2370 0 2371 0 2372 0 2373 0 2374 0 2375 0 2376 0 2377 0 2378 0 2379 0 2380 0 2381 0 2382 0 2383 0 2384 0 2385 0 2386 0 2387 0 2388 0 2389 0 2390 0 2391 0 2392 0 2393 0 2394 0 2395 0 2396 0 2397 0 2398 0 2399 0 2400 0 2401 0 2402 0 2403 0 2404 0 2405 0 2406 0 2407 0 2408 0 2409 0 2410 0 2411 0 2412 0 2413 0 2414 0 2415 0 2416 0 2417 0 2418 0 2419 0 2420 0 2421 0 2422 0 2423 0 2424 0 2425 0 2426 0 2427 0 2428 0 2429 0 2430 0 2431 0 2432 0 2433 0 2434 0 2435 0 2436 0 2437 0 2438 0 2439 0 2440 0 2441 0 2442 0 2443 0 2444 0 2445 0 2446 0 2447 0 2448 0 2449 0 2450 0 2451 0 2452 0 2453 0 2454 0 2455 0 2456 0 2457 0 2458 0 2459 0 2460 0 2461 0 2462 0 2463 0 2464 0 2465 0 2466 0 2467 0 2468 0 2469 0 2470 0 2471 0 2472 0 2473 0 2474 0 2475 0 2476 0 2477 0 2478 0 2479 0 2480 0 2481 0 2482 0 2483 0 2484 0 2485 0 2486 0 2487 0 2488 0 2489 0 2490 0 2491 0 2492 0 2493 0 2494 0 2495 0 2496 0 2497 0 2498 0 2499 0 2500 0 2501 0 2502 0 2503 0 2504 0 2505 0 2506 0 2507 0 2508 0 2509 0 2510 0 2511 0 2512 0 2513 0 2514 0 2515 0 2516 0 2517 0 2518 0 2519 0 2520 0 2521 0 2522 0 2523 0 2524 0 2525 0 2526 0 2527 0 2528 0 2529 0 2530 0 2531 0 2532 0 2533 0 2534 0 2535 0 2536 0 2537 0 2538 0 2539 0 2540 0 2541 0 2542 0 2543 0 2544 0 2545 0 2546 0 2547 0 2548 0 2549 0 2550 0 2551 0 2552 0 2553 0 2554 0 2555 0 2556 0 2557 0 2558 0 2559 0 2560 0 2561 0 2562 0 2563 0 2564 0 2565 0 2566 0 2567 0 2568 0 2569 0 2570 0 2571 0 2572 0 2573 0 2574 0 2575 0 2576 0 2577 0 2578 0 2579 0 2580 0 2581 0 2582 0 2583 0 2584 0 2585 0 2586 0 2587 0 2588 0 2589 0 2590 0 2591 0 2592 0 2593 0 2594 0 2595 0 2596 0 2597 0 2598 0 2599 0 2600 0 2601 0 2602 0 2603 0 2604 0 2605 0 2606 0 2607 0 2608 0 2609 0 2610 0 2611 0 2612 0 2613 0 2614 0 2615 0 2616 0 2617 0 2618 0 2619 0 2620 0 2621 0 2622 0 2623 0 2624 0 2625 0 2626 0 2627 0 2628 0 2629 0 2630 0 2631 0 2632 0 2633 0 2634 0 2635 0 2636 0 2637 0 2638 0 2639 0 2640 0 2641 0 2642 0 2643 0 2644 0 2645 0 2646 0 2647 0 2648 0 2649 0 2650 0 2651 0 2652 0 2653 0 2654 0 2655 0 2656 0 2657 0 2658 0 2659 0 2660 0 2661 0 2662 0 2663 0 2664 0 2665 0 2666 0 2667 0 2668 0 2669 0 2670 0 2671 0 2672 0 2673 0 2674 0 2675 0 2676 0 2677 0 2678 0 2679 0 2680 0 2681 0 2682 0 2683 0 2684 0 2685 0 2686 0 2687 0 2688 0 2689 0 2690 0 2691 0 2692 0 2693 0 2694 0 2695 0 2696 0 2697 0 2698 0 2699 0 2700 0 2701 0 2702 0 2703 0 2704 0 2705 0 2706 0 2707 0 2708 0 2709 0 2710 0 2711 0 2712 0 2713 0 2714 0 2715 0 2716 0 2717 0 2718 0 2719 0 2720 0 2721 0 2722 0 2723 0 2724 0 2725 0 2726 0 2727 0 2728 0 2729 0 2730 0 2731 0 2732 0 2733 0 2734 0 2735 0 2736 0 2737 0 2738 0 2739 0 2740 0 2741 0 2742 0 2743 0 2744 0 2745 0 2746 0 2747 0 2748 0 2749 0 2750 0 2751 0 2752 0 2753 0 2754 0 2755 0 2756 0 2757 0 2758 0 2759 0 2760 0 2761 0 2762 0 2763 0 2764 0 2765 0 2766 0 2767 0 2768 0 2769 0 2770 0 2771 0 2772 0 2773 0 2774 0 2775 0 2776 0 2777 0 2778 0 2779 0 2780 0 2781 0 2782 0 2783 0 2784 0 2785 0 2786 0 2787 0 2788 0 2789 0 2790 0 2791 0 2792 0 2793 0 2794 0 2795 0 2796 0 2797 0 2798 0 2799 0 2800 0 2801 0 2802 0 2803 0 2804 0 2805 0 2806 0 2807 0 2808 0 2809</v>
        </vertex_weights>
      </skin>
    </controller>
  </library_controllers>
  <library_visual_scenes>
    <visual_scene id="Scene" name="Scene">
      <node id="airship_UK_Skin" name="airship_UK_Skin" type="NODE">
        <matrix sid="transform">1 0 0 0 0 1 0 0 0 0 1 0 0 0 0 1</matrix>
        <node id="airship_UK_Skin_root" name="root" sid="root" type="JOINT">
          <matrix sid="transform">7.54979e-8 0 -1 -0.001933873 -1 -2.38422e-7 -7.54979e-8 -0.003927171 -2.38422e-7 1 3.21165e-12 -0.004104614 0 0 0 1</matrix>
          <node id="airship_UK_Skin_mast_top" name="mast top" sid="mast_top" type="JOINT">
            <matrix sid="transform">1.94707e-7 2.36163e-7 1 7.253475 -4.26326e-14 1 -2.36163e-7 92.82008 -1 0 1.94707e-7 0.3607013 0 0 0 1</matrix>
            <node id="airship_UK_Skin_port_tackle" name="port tackle" sid="port_tackle" type="JOINT">
              <matrix sid="transform">1 0 -8.74228e-8 29.67154 0 -0.9999998 1.94831e-9 6.031475 -8.74228e-8 -1.94831e-9 -1 -0.7043972 0 0 0 1</matrix>
              <node id="airship_UK_Skin_port_tackle01" name="port tackle01" sid="port_tackle01" type="JOINT">
                <matrix sid="transform">1 1.77191e-14 8.88729e-8 0 -1.7821e-14 1 1.14593e-9 61.18608 -8.88729e-8 -1.14593e-9 1 -1.57356e-5 0 0 0 1</matrix>
                <extra>
                  <technique profile="blender">
                    <layer sid="layer" type="string">0</layer>
                    <roll sid="roll" type="float">1.20659e-7</roll>
                    <tip_x sid="tip_x" type="float">0</tip_x>
                    <tip_y sid="tip_y" type="float">2.90871e-5</tip_y>
                    <tip_z sid="tip_z" type="float">-61.18606</tip_z>
                  </technique>
                </extra>
              </node>
              <extra>
                <technique profile="blender">
                  <layer sid="layer" type="string">0</layer>
                  <roll sid="roll" type="float">1.20659e-7</roll>
                  <tip_x sid="tip_x" type="float">0</tip_x>
                  <tip_y sid="tip_y" type="float">2.90871e-5</tip_y>
                  <tip_z sid="tip_z" type="float">-61.18606</tip_z>
                </technique>
              </extra>
            </node>
            <node id="airship_UK_Skin_star_tackle" name="star tackle" sid="star_tackle" type="JOINT">
              <matrix sid="transform">1 0 -8.74228e-8 -29.68796 0 -0.9999998 1.94831e-9 6.031459 -8.74228e-8 -1.94831e-9 -1 -0.7043815 0 0 0 1</matrix>
              <node id="airship_UK_Skin_star_tackle_001" name="star tackle.001" sid="star_tackle_001" type="JOINT">
                <matrix sid="transform">1 1.77191e-14 8.88729e-8 0 -1.7821e-14 1 1.14593e-9 61.18608 -8.88729e-8 -1.14593e-9 1 -1.57356e-5 0 0 0 1</matrix>
                <extra>
                  <technique profile="blender">
                    <layer sid="layer" type="string">0</layer>
                    <roll sid="roll" type="float">1.20659e-7</roll>
                    <tip_x sid="tip_x" type="float">0</tip_x>
                    <tip_y sid="tip_y" type="float">2.90871e-5</tip_y>
                    <tip_z sid="tip_z" type="float">-61.18606</tip_z>
                  </technique>
                </extra>
              </node>
              <extra>
                <technique profile="blender">
                  <layer sid="layer" type="string">0</layer>
                  <roll sid="roll" type="float">1.20659e-7</roll>
                  <tip_x sid="tip_x" type="float">0</tip_x>
                  <tip_y sid="tip_y" type="float">2.90871e-5</tip_y>
                  <tip_z sid="tip_z" type="float">-61.18606</tip_z>
                </technique>
              </extra>
            </node>
            <extra>
              <technique profile="blender">
                <layer sid="layer" type="string">0</layer>
                <roll sid="roll" type="float">0</roll>
                <tip_x sid="tip_x" type="float">0</tip_x>
                <tip_y sid="tip_y" type="float">-1.43051e-5</tip_y>
                <tip_z sid="tip_z" type="float">30.28654</tip_z>
              </technique>
            </extra>
          </node>
          <node id="airship_UK_Skin_ammo_node_0" name="ammo node 0" sid="ammo_node_0" type="JOINT">
            <matrix sid="transform">-1.62921e-7 0 -1 125.0453 1 0 -1.62921e-7 3.296673 0 -0.9999999 0 8.60118 0 0 0 1</matrix>
            <node id="airship_UK_Skin_ammo_node_1" name="ammo node 1" sid="ammo_node_1" type="JOINT">
              <matrix sid="transform">1 0 -3.23297e-12 0.4318561 0 1 7.54986e-8 16.91145 3.23297e-12 -7.54986e-8 1 -1.75476e-4 0 0 0 1</matrix>
              <extra>
                <technique profile="blender">
                  <layer sid="layer" type="string">0</layer>
                  <roll sid="roll" type="float">-1.570796</roll>
                  <tip_x sid="tip_x" type="float">16.91695</tip_x>
                  <tip_y sid="tip_y" type="float">0</tip_y>
                  <tip_z sid="tip_z" type="float">0</tip_z>
                </technique>
              </extra>
            </node>
            <extra>
              <technique profile="blender">
                <layer sid="layer" type="string">0</layer>
                <roll sid="roll" type="float">-1.570796</roll>
                <tip_x sid="tip_x" type="float">16.91695</tip_x>
                <tip_y sid="tip_y" type="float">0</tip_y>
                <tip_z sid="tip_z" type="float">0</tip_z>
              </technique>
            </extra>
          </node>
          <node id="airship_UK_Skin_sbr_axle" name="sbr axle" sid="sbr_axle" type="JOINT">
            <matrix sid="transform">2.66974e-8 1 5.33948e-8 -72.17393 -1.14615e-7 5.33948e-8 -1 3.013725 -1 8.00922e-8 1.14615e-7 17.69359 0 0 0 1</matrix>
            <node id="airship_UK_Skin_smoke_node_3" name="smoke node 3" sid="smoke_node_3" type="JOINT">
              <matrix sid="transform">1 1.33487e-8 -3.61266e-6 -15.93784 -1.33483e-8 1 1.0679e-7 154.1773 3.61266e-6 -1.0679e-7 1 -64.03642 0 0 0 1</matrix>
              <extra>
                <technique profile="blender">
                  <layer sid="layer" type="string">0</layer>
                  <roll sid="roll" type="float">3.141589</roll>
                  <tip_x sid="tip_x" type="float">0</tip_x>
                  <tip_y sid="tip_y" type="float">-71.44326</tip_y>
                  <tip_z sid="tip_z" type="float">0</tip_z>
                </technique>
              </extra>
            </node>
            <node id="airship_UK_Skin_pivot_node_2" name="pivot node 2" sid="pivot_node_2" type="JOINT">
              <matrix sid="transform">1 0 2.02038e-7 47.96493 -4.1044e-14 1 2.13579e-7 86.57834 -2.02038e-7 -2.13579e-7 1 -64.40953 0 0 0 1</matrix>
              <extra>
                <technique profile="blender">
                  <layer sid="layer" type="string">0</layer>
                  <roll sid="roll" type="float">3.141593</roll>
                  <tip_x sid="tip_x" type="float">0</tip_x>
                  <tip_y sid="tip_y" type="float">-71.44327</tip_y>
                  <tip_z sid="tip_z" type="float">0</tip_z>
                </technique>
              </extra>
            </node>
            <node id="airship_UK_Skin_pivot_node_1" name="pivot node 1" sid="pivot_node_1" type="JOINT">
              <matrix sid="transform">1 -4.80553e-7 5.04029e-7 22.94761 4.80553e-7 1 2.13579e-7 19.5635 -5.04029e-7 -2.13579e-7 1 -64.76746 0 0 0 1</matrix>
              <extra>
                <technique profile="blender">
                  <layer sid="layer" type="string">0</layer>
                  <roll sid="roll" type="float">-3.141592</roll>
                  <tip_x sid="tip_x" type="float">-3.38554e-5</tip_x>
                  <tip_y sid="tip_y" type="float">-71.44326</tip_y>
                  <tip_z sid="tip_z" type="float">0</tip_z>
                </technique>
              </extra>
            </node>
            <extra>
              <technique profile="blender">
                <layer sid="layer" type="string">0</layer>
                <roll sid="roll" type="float">3.141592</roll>
                <tip_x sid="tip_x" type="float">0</tip_x>
                <tip_y sid="tip_y" type="float">-71.44326</tip_y>
                <tip_z sid="tip_z" type="float">-1.69277e-5</tip_z>
              </technique>
            </extra>
          </node>
          <node id="airship_UK_Skin_smoke_node_0" name="smoke node 0" sid="smoke_node_0" type="JOINT">
            <matrix sid="transform">1 -2.33714e-7 0 -13.68183 2.33714e-7 1 0 47.01447 0 0 1 0.360695 0 0 0 1</matrix>
            <extra>
              <technique profile="blender">
                <layer sid="layer" type="string">0</layer>
                <roll sid="roll" type="float">-1.570796</roll>
                <tip_x sid="tip_x" type="float">0</tip_x>
                <tip_y sid="tip_y" type="float">0</tip_y>
                <tip_z sid="tip_z" type="float">48.96613</tip_z>
              </technique>
            </extra>
          </node>
          <extra>
            <technique profile="blender">
              <layer sid="layer" type="string">0</layer>
              <roll sid="roll" type="float">-1.570796</roll>
              <tip_x sid="tip_x" type="float">0</tip_x>
              <tip_y sid="tip_y" type="float">-1.16746e-5</tip_y>
              <tip_z sid="tip_z" type="float">48.96613</tip_z>
            </technique>
          </extra>
        </node>
        <node id="kebenit_Mesh_003" name="kebenit_Mesh.003" type="NODE">
          <matrix sid="transform">1 0 0 0 0 1 0 0 0 0 1 0 0 0 0 1</matrix>
          <instance_controller url="#airship_UK_Skin_kebenit_Mesh_003-skin">
            <skeleton>#airship_UK_Skin_root</skeleton>
            <bind_material>
              <technique_common>
                <instance_material symbol="galleon2-material" target="#galleon2-material">
                  <bind_vertex_input semantic="UVMap" input_semantic="TEXCOORD" input_set="0"/>
                </instance_material>
              </technique_common>
            </bind_material>
          </instance_controller>
          <node id="rotorscrews_3_001" name="rotorscrews_3.001" type="NODE">
            <matrix sid="transform">1 0 0 -1.022036 0 1 0 -81.33342 0 0 1 67.68498 0 0 0 1</matrix>
            <instance_geometry url="#kebenit_Mesh_002-mesh" name="rotorscrews_3.001">
              <bind_material>
                <technique_common>
                  <instance_material symbol="galleon2-material" target="#galleon2-material">
                    <bind_vertex_input semantic="UVMap" input_semantic="TEXCOORD" input_set="0"/>
                  </instance_material>
                </technique_common>
              </bind_material>
            </instance_geometry>
          </node>
          <node id="rotorscrews_3_002" name="rotorscrews_3.002" type="NODE">
            <matrix sid="transform">1 0 0 -1.022036 0 1 0 -14.40929 0 0 1 69.13461 0 0 0 1</matrix>
            <instance_geometry url="#kebenit_Mesh_001-mesh" name="rotorscrews_3.002">
              <bind_material>
                <technique_common>
                  <instance_material symbol="galleon2-material" target="#galleon2-material">
                    <bind_vertex_input semantic="UVMap" input_semantic="TEXCOORD" input_set="0"/>
                  </instance_material>
                </technique_common>
              </bind_material>
            </instance_geometry>
          </node>
          <node id="rotorscrews_3_003" name="rotorscrews_3.003" type="NODE">
            <matrix sid="transform">1 0 0 -1.022036 0 1 0 53.40183 0 0 1 69.69387 0 0 0 1</matrix>
            <instance_geometry url="#kebenit_Mesh_004-mesh" name="rotorscrews_3.003">
              <bind_material>
                <technique_common>
                  <instance_material symbol="galleon2-material" target="#galleon2-material">
                    <bind_vertex_input semantic="UVMap" input_semantic="TEXCOORD" input_set="0"/>
                  </instance_material>
                </technique_common>
              </bind_material>
            </instance_geometry>
          </node>
        </node>
      </node>
    </visual_scene>
  </library_visual_scenes>
  <scene>
    <instance_visual_scene url="#Scene"/>
  </scene>
</COLLADA>