<?xml version="1.0" encoding="utf-8"?>
<COLLADA xmlns="http://www.collada.org/2005/11/COLLADASchema" version="1.4.1" xmlns:xsi="http://www.w3.org/2001/XMLSchema-instance">
  <asset>
    <contributor>
      <author>Blender User</author>
      <authoring_tool>Blender 3.0.1 commit date:2022-01-25, commit time:17:19, hash:dc2d18018171</authoring_tool>
    </contributor>
    <created>2025-07-24T08:08:01</created>
    <modified>2025-07-24T08:08:01</modified>
    <unit name="meter" meter="1"/>
    <up_axis>Z_UP</up_axis>
  </asset>
  <library_effects>
    <effect id="guichuan_Mat_001-effect">
      <profile_COMMON>
        <newparam sid="keles2_akatio_2_tga-surface">
          <surface type="2D">
            <init_from>keles2_akatio_2_tga</init_from>
          </surface>
        </newparam>
        <newparam sid="keles2_akatio_2_tga-sampler">
          <sampler2D>
            <source>keles2_akatio_2_tga-surface</source>
          </sampler2D>
        </newparam>
        <technique sid="common">
          <lambert>
            <emission>
              <color sid="emission">0 0 0 1</color>
            </emission>
            <diffuse>
              <texture texture="keles2_akatio_2_tga-sampler" texcoord="UVMap"/>
            </diffuse>
            <index_of_refraction>
              <float sid="ior">1.45</float>
            </index_of_refraction>
          </lambert>
        </technique>
      </profile_COMMON>
    </effect>
  </library_effects>
  <library_images>
    <image id="keles2_akatio_2_tga" name="keles2_akatio_2_tga">
      <init_from>keles2_akatio_2.png</init_from>
    </image>
  </library_images>
  <library_materials>
    <material id="guichuan_Mat_001-material" name="guichuan_Mat.001">
      <instance_effect url="#guichuan_Mat_001-effect"/>
    </material>
  </library_materials>
  <library_geometries>
    <geometry id="keles2_Akation_Mesh_002-mesh" name="keles2_Akation_Mesh.002">
      <mesh>
        <source id="keles2_Akation_Mesh_002-mesh-positions">
          <float_array id="keles2_Akation_Mesh_002-mesh-positions-array" count="5427">-1.191324 156.818 -14.10987 -1.191324 156.818 -14.10987 -1.191324 156.818 -14.10987 -1.191324 156.818 -14.10987 -1.191324 156.818 -14.10987 -1.191324 156.818 -14.10987 -1.191324 156.818 -14.10987 -1.130308 -124.5545 -12.49042 -1.130308 -124.5545 -12.49042 -1.130308 -124.5545 -12.49042 -1.130308 -124.5545 -12.49042 -1.130308 -124.5545 -12.49042 -26.37853 -112.9401 1.281033 -26.37853 -112.9401 1.281033 -26.37853 -112.9401 1.281033 -26.37853 -112.9401 1.281033 -26.37853 -112.9401 1.281033 -26.37853 -112.9401 1.281033 -26.37853 -112.9401 1.281033 -31.82822 143.9945 1.268145 -31.82822 143.9945 1.268145 -31.82822 143.9945 1.268145 -31.82822 143.9945 1.268145 -31.82822 143.9945 1.268145 -31.82822 143.9945 1.268145 -1.246856 -188.2651 -0.9161575 -1.246856 -188.2651 -0.9161575 -1.246856 -188.2651 -0.9161575 -1.246856 -188.2651 -0.9161575 -1.246856 -188.2651 -0.9161575 30.7079 -124.415 14.23016 30.7079 -124.415 14.23016 30.7079 -124.415 14.23016 30.7079 -124.415 14.23016 30.7079 -124.415 14.23016 30.7079 -124.415 14.23016 29.23786 -112.9401 1.168495 29.23786 -112.9401 1.168495 29.23786 -112.9401 1.168495 29.23786 -112.9401 1.168495 29.23786 -112.9401 1.168495 29.23786 -112.9401 1.168495 34.67115 144.4253 1.133552 34.67115 144.4253 1.133552 34.67115 144.4253 1.133552 34.67115 144.4253 1.133552 34.67115 144.4253 1.133552 34.67115 144.4253 1.133552 45.66164 144.4239 16.42606 45.66164 144.4239 16.42606 45.66164 144.4239 16.42606 45.66164 144.4239 16.42606 45.66164 144.4239 16.42606 46.18523 -104.3316 16.44814 46.18523 -104.3316 16.44814 46.18523 -104.3316 16.44814 46.18523 -104.3316 16.44814 46.18523 -104.3316 16.44814 18.97685 177.9243 4.12951 18.97685 177.9243 4.12951 18.97685 177.9243 4.12951 18.97685 177.9243 4.12951 27.87541 181.1381 20.614 27.87541 181.1381 20.614 27.87541 181.1381 20.614 27.87541 181.1381 20.614 27.87541 181.1381 20.614 27.87541 181.1381 20.614 -1.335564 213.4356 5.384119 -1.335564 213.4356 5.384119 -1.335564 213.4356 5.384119 -1.335564 213.4356 5.384119 -1.335564 213.4356 5.384119 -1.335564 213.4356 5.384119 -1.335564 213.4356 5.384119 -1.335564 213.4356 5.384119 -19.88871 177.9243 4.212667 -19.88871 177.9243 4.212667 -19.88871 177.9243 4.212667 -19.88871 177.9243 4.212667 -23.98094 181.1381 20.72674 -23.98094 181.1381 20.72674 -23.98094 181.1381 20.72674 -23.98094 181.1381 20.72674 -23.98094 181.1381 20.72674 -23.98094 181.1381 20.72674 -42.42798 143.9931 16.60435 -42.42798 143.9931 16.60435 -42.42798 143.9931 16.60435 -42.42798 143.9931 16.60435 -27.48375 -124.4151 14.34792 -27.48375 -124.4151 14.34792 -27.48375 -124.4151 14.34792 -27.48375 -124.4151 14.34792 -27.48375 -124.4151 14.34792 -42.96968 -104.3317 16.62854 -42.96968 -104.3317 16.62854 -42.96968 -104.3317 16.62854 -42.96968 -104.3317 16.62854 -42.96968 -104.3317 16.62854 -42.96968 -104.3317 16.62854 -42.96968 -104.3317 16.62854 -1.233853 -169.8668 14.29918 -1.233853 -169.8668 14.29918 -1.233853 -169.8668 14.29918 -1.233853 -169.8668 14.29918 -1.233853 -169.8668 14.29918 -1.233853 -169.8668 14.29918 34.42854 -128.3627 31.78901 34.42854 -128.3627 31.78901 34.42854 -128.3627 31.78901 34.42854 -128.3627 31.78901 34.42854 -128.3627 31.78901 34.42854 -128.3627 31.78901 34.42854 -128.3627 31.78901 -1.376236 -156.6632 31.86418 -1.376236 -156.6632 31.86418 -1.376236 -156.6632 31.86418 -1.376236 -156.6632 31.86418 -1.376236 -156.6632 31.86418 -1.376236 -156.6632 31.86418 51.56397 -104.3333 33.83881 51.56397 -104.3333 33.83881 51.56397 -104.3333 33.83881 51.56397 -104.3333 33.83881 51.56397 -104.3333 33.83881 51.56397 -104.3333 33.83881 -30.83509 182.785 35.73538 -30.83509 182.785 35.73538 -30.83509 182.785 35.73538 -30.83509 182.785 35.73538 -30.83509 182.785 35.73538 -29.99895 -128.3627 31.91937 -29.99895 -128.3627 31.91937 -29.99895 -128.3627 31.91937 -29.99895 -128.3627 31.91937 -29.99895 -128.3627 31.91937 -29.99895 -128.3627 31.91937 51.56431 -104.3343 44.75697 51.56431 -104.3343 44.75697 51.56431 -104.3343 44.75697 51.56431 -104.3343 44.75697 51.56431 -104.3343 44.75697 51.56431 -104.3343 44.75697 51.56431 -104.3343 44.75697 50.99008 149.4299 50.5903 50.99008 149.4299 50.5903 50.99008 149.4299 50.5903 50.99008 149.4299 50.5903 50.99008 149.4299 50.5903 50.99008 149.4299 50.5903 50.99008 149.4299 50.5903 50.99008 149.4299 50.5903 50.99008 149.4299 50.5903 50.99002 144.4224 31.73004 50.99002 144.4224 31.73004 50.99002 144.4224 31.73004 50.99002 144.4224 31.73004 50.99002 144.4224 31.73004 50.99002 144.4224 31.73004 50.99002 144.4224 31.73004 29.02902 182.7849 35.60604 29.02902 182.7849 35.60604 29.02902 182.7849 35.60604 29.02902 182.7849 35.60604 29.02902 182.7849 35.60604 -1.963244 236.402 38.31032 -1.963244 236.402 38.31032 -1.963244 236.402 38.31032 -1.963244 236.402 38.31032 -1.963244 236.402 38.31032 -1.963244 236.402 38.31032 -47.14291 -104.3347 33.79506 -29.99755 -132.5845 46.53393 -29.99755 -132.5845 46.53393 -29.99755 -132.5845 46.53393 -29.99755 -132.5845 46.53393 -29.99755 -132.5845 46.53393 -29.99755 -132.5845 46.53393 -2.293882 -149.0017 48.78927 -2.293882 -149.0017 48.78927 -2.293882 -149.0017 48.78927 -2.293882 -149.0017 48.78927 -2.293882 -149.0017 48.78927 -2.293882 -149.0017 48.78927 -2.293882 -149.0017 48.78927 -2.292165 -156.1275 50.47774 -2.292165 -156.1275 50.47774 -2.292165 -156.1275 50.47774 -2.292165 -156.1275 50.47774 -2.292165 -156.1275 50.47774 34.42985 -132.5843 46.40356 34.42985 -132.5843 46.40356 34.42985 -132.5843 46.40356 34.42985 -132.5843 46.40356 51.55883 -104.3397 47.40449 51.55883 -104.3397 47.40449 51.55883 -104.3397 47.40449 51.55883 -104.3397 47.40449 50.15165 -104.3419 66.00288 50.15165 -104.3419 66.00288 50.15165 -104.3419 66.00288 50.15165 -104.3419 66.00288 -47.48361 -104.3419 66.20044 -47.48361 -104.3419 66.20044 -47.48361 -104.3419 66.20044 -47.48361 -104.3419 66.20044 -47.86212 -104.3396 47.60565 -47.86212 -104.3396 47.60565 -47.86212 -104.3396 47.60565 -47.86212 -104.3396 47.60565 -47.86212 -104.3396 47.60565 -47.86212 -104.3396 47.60565 -47.86212 -104.3396 47.60565 -47.86212 -104.3396 47.60565 -47.86212 -104.3396 47.60565 -29.66804 -136.8878 65.73986 -29.66804 -136.8878 65.73986 -29.66804 -136.8878 65.73986 -29.66804 -136.8878 65.73986 -29.66804 -136.8878 65.73986 -29.66804 -136.8878 65.73986 -29.66804 -136.8878 65.73986 -29.66804 -136.8878 65.73986 -2.293047 -153.141 46.47986 -2.293047 -153.141 46.47986 -2.293047 -153.141 46.47986 -2.293047 -153.141 46.47986 -2.293047 -153.141 46.47986 -2.293047 -153.141 46.47986 -2.293047 -153.141 46.47986 -2.293047 -153.141 46.47986 -28.08095 -131.3983 48.83975 -28.08095 -131.3983 48.83975 -28.08095 -131.3983 48.83975 -9.884201 -168.0551 88.32385 -9.884201 -168.0551 88.32385 -9.884201 -168.0551 88.32385 -9.884201 -168.0551 88.32385 -9.884201 -168.0551 88.32385 9.512094 -168.0551 88.28982 9.512094 -168.0551 88.28982 9.512094 -168.0551 88.28982 9.512094 -168.0551 88.28982 9.512094 -168.0551 88.28982 9.512094 -168.0551 88.28982 9.512094 -168.0551 88.28982 -1.421831 -168.4403 83.35266 -1.421831 -168.4403 83.35266 -1.421831 -168.4403 83.35266 -1.421831 -168.4403 83.35266 32.51288 -131.3983 48.71714 32.51288 -131.3983 48.71714 32.51288 -131.3983 48.71714 32.51288 -131.3983 48.71714 32.51288 -131.3983 48.71714 32.51288 -131.3983 48.71714 34.10336 -136.8877 65.61083 34.10336 -136.8877 65.61083 34.10336 -136.8877 65.61083 34.10336 -136.8877 65.61083 34.10336 -136.8877 65.61083 34.10336 -136.8877 65.61083 -1.46238 243.6691 51.75184 -1.46238 243.6691 51.75184 -1.46238 243.6691 51.75184 -1.46238 243.6691 51.75184 -1.46238 243.6691 51.75184 -1.46238 243.6691 51.75184 -1.46238 243.6691 51.75184 -1.46238 243.6691 51.75184 -1.46238 243.6691 51.75184 -1.46238 243.6691 51.75184 2.892767 224.152 53.52531 2.892767 224.152 53.52531 2.892767 224.152 53.52531 2.892767 224.152 53.52531 2.892767 224.152 53.52531 2.892767 224.152 53.52531 -46.53984 149.412 50.79551 -46.53984 149.412 50.79551 -46.53984 149.412 50.79551 -46.53984 149.412 50.79551 -46.53984 149.412 50.79551 -46.53984 149.412 50.79551 -46.53984 149.412 50.79551 -46.53984 149.412 50.79551 -46.53984 149.412 50.79551 -23.13221 242.3404 75.46842 -23.13221 242.3404 75.46842 -23.13221 242.3404 75.46842 -23.13221 242.3404 75.46842 -23.13221 242.3404 75.46842 -23.13221 242.3404 75.46842 -23.13221 242.3404 75.46842 30.20588 184.6309 70.26801 30.20588 184.6309 70.26801 30.20588 184.6309 70.26801 30.20588 184.6309 70.26801 19.95408 219.3944 79.76399 19.95408 219.3944 79.76399 19.95408 219.3944 79.76399 19.95408 219.3944 79.76399 19.95408 219.3944 79.76399 19.95408 219.3944 79.76399 19.95408 219.3944 79.76399 -31.72185 184.1762 70.48152 -31.72185 184.1762 70.48152 -31.72185 184.1762 70.48152 -31.72185 184.1762 70.48152 -12.15366 244.3812 75.46411 -12.15366 244.3812 75.46411 -12.15366 244.3812 75.46411 -12.15366 244.3812 75.46411 -12.15366 244.3812 75.46411 -7.790698 243.9348 90.77174 -7.790698 243.9348 90.77174 -7.790698 243.9348 90.77174 -7.790698 243.9348 90.77174 -7.790698 243.9348 90.77174 -7.790698 243.9348 90.77174 -7.790698 243.9348 90.77174 -17.08427 243.1352 75.15039 -17.08427 243.1352 75.15039 -17.08427 243.1352 75.15039 -17.08427 243.1352 75.15039 -17.08427 243.1352 75.15039 -17.08427 243.1352 75.15039 -14.24162 239.5831 93.70823 -14.24162 239.5831 93.70823 -14.24162 239.5831 93.70823 -14.24162 239.5831 93.70823 -14.24162 239.5831 93.70823 -14.24162 239.5831 93.70823 -0.6080043 220.5334 88.91746 -0.6080043 220.5334 88.91746 -0.6080043 220.5334 88.91746 -0.6080043 220.5334 88.91746 -0.6080043 220.5334 88.91746 -0.6080043 220.5334 88.91746 -5.969986 224.1519 53.54298 -5.969986 224.1519 53.54298 -5.969986 224.1519 53.54298 -5.969986 224.1519 53.54298 -5.969986 224.1519 53.54298 -1.537401 222.7135 79.56815 -1.537401 222.7135 79.56815 -1.537401 222.7135 79.56815 -1.537401 222.7135 79.56815 -1.537401 222.7135 79.56815 14.3939 239.6444 91.49967 14.3939 239.6444 91.49967 14.3939 239.6444 91.49967 14.3939 239.6444 91.49967 14.3939 239.6444 91.49967 14.3939 239.6444 91.49967 13.5557 243.1885 75.092 13.5557 243.1885 75.092 13.5557 243.1885 75.092 13.5557 243.1885 75.092 13.5557 243.1885 75.092 13.5557 243.1885 75.092 13.5557 243.1885 75.092 10.24064 242.7598 90.1031 10.24064 242.7598 90.1031 10.24064 242.7598 90.1031 10.24064 242.7598 90.1031 10.24064 242.7598 90.1031 10.24064 242.7598 90.1031 6.871504 244.6685 89.89084 6.871504 244.6685 89.89084 6.871504 244.6685 89.89084 6.871504 244.6685 89.89084 6.871504 244.6685 89.89084 8.600075 244.4365 75.42427 8.600075 244.4365 75.42427 8.600075 244.4365 75.42427 8.600075 244.4365 75.42427 86.69213 31.04812 208.2289 86.69213 31.04812 208.2289 86.69213 31.04812 208.2289 86.69213 31.04812 208.2289 86.70824 33.62303 211.0527 86.70824 33.62303 211.0527 86.70824 33.62303 211.0527 86.70824 33.62303 211.0527 86.71448 30.74757 211.9882 86.71448 30.74757 211.9882 86.71448 30.74757 211.9882 86.71448 30.74757 211.9882 -2.646852 28.46813 208.7392 -2.646852 28.46813 208.7392 -2.646852 28.46813 208.7392 -2.646852 28.46813 208.7392 -2.646852 28.46813 208.7392 -2.646852 28.46813 208.7392 -2.624507 28.10161 212.5081 -2.624507 28.10161 212.5081 -2.624507 28.10161 212.5081 -2.624507 28.10161 212.5081 -2.624507 28.10161 212.5081 -2.624507 28.10161 212.5081 -2.63076 30.97714 211.5727 -2.63076 30.97714 211.5727 -2.63076 30.97714 211.5727 -2.63076 30.97714 211.5727 -2.63076 30.97714 211.5727 -2.63076 30.97714 211.5727 -91.98723 31.19716 209.2465 -91.9648 30.7475 213.0277 -91.97107 33.62365 212.0921 -91.98719 31.19714 209.2464 -91.98719 31.19714 209.2464 -91.98719 31.19714 209.2464 -91.97109 33.62339 212.0921 -91.97109 33.62339 212.0921 -91.97109 33.62339 212.0921 -91.9648 30.74748 213.0276 -91.9648 30.74748 213.0276 -91.9648 30.74748 213.0276 -20.56713 73.94981 46.73758 -20.56713 73.94981 46.73758 17.66325 73.91291 46.49407 4.399956 36.92159 212.9283 4.399956 36.92159 212.9283 -7.012059 36.61403 212.7443 -2.631053 36.11276 236.3537 -2.631053 36.11276 236.3537 -2.631053 36.11276 236.3537 -2.631053 36.11276 236.3537 -0.2338833 32.81448 236.3386 -0.2338833 32.81448 236.3386 -0.2338833 32.81448 236.3386 -0.2338833 32.81448 236.3386 -0.2338833 32.81448 236.3386 1.864282 35.31983 46.55862 1.864282 35.31983 46.55862 1.864282 35.31983 46.55862 -6.507607 32.83723 236.3801 -6.507607 32.83723 236.3801 -6.507607 32.83723 236.3801 -6.507607 32.83723 236.3801 -6.507607 32.83723 236.3801 -1.897905 41.2836 46.58612 -1.897905 41.2836 46.58612 -1.897905 41.2836 46.58612 -7.981817 35.28559 46.63399 -7.981817 35.28559 46.63399 -7.981817 35.28559 46.63399 -2.629391 29.5162 236.3551 -2.629391 29.5162 236.3551 -2.629391 29.5162 236.3551 -1.895289 29.35599 46.58864 -1.895289 29.35599 46.58864 -1.895289 29.35599 46.58864 -2.629382 29.51629 236.3551 -90.12918 30.06417 206.845 -90.12918 30.06417 206.845 82.14417 30.06408 206.5423 82.14417 30.06408 206.5423 82.14417 30.06408 206.5423 -90.12918 30.06414 206.8448 -90.12918 30.06414 206.8448 10.76032 -112.9114 40.92356 10.76032 -112.9114 40.92356 10.76032 -112.9114 40.92356 6.482974 -110.1672 43.32543 6.482974 -110.1672 43.32543 6.482974 -110.1672 43.32543 -0.04170697 -118.6922 37.32667 -0.04170697 -118.6922 37.32667 -0.04170697 -118.6922 37.32667 -2.266015 -174.8124 185.4389 -2.266015 -174.8124 185.4389 -2.266015 -174.8124 185.4389 8.284117 -116.832 38.49601 8.284117 -116.832 38.49601 8.284117 -116.832 38.49601 -4.582645 -172.6789 186.3403 -4.582645 -172.6789 186.3403 -4.582645 -172.6789 186.3403 -4.582645 -172.6789 186.3403 -4.582645 -172.6789 186.3403 -2.266012 -174.8122 185.4389 0.6039921 -173.7324 186.5785 0.6039921 -173.7324 186.5785 0.6039921 -173.7324 186.5785 0.6039921 -173.7324 186.5785 0.6039921 -173.7324 186.5785 -1.221044 -170.6712 188.1254 -1.221044 -170.6712 188.1254 -1.221044 -170.6712 188.1254 -1.221044 -170.6712 188.1254 57.83567 -168.1898 163.3217 57.83567 -168.1898 163.3217 57.83567 -168.1898 163.3217 57.83567 -168.1898 163.3217 57.84432 -162.4607 165.4548 57.84858 -165.8622 168.9952 3.467867 -171.6958 165.9627 3.467867 -171.6958 165.9627 3.467867 -171.6958 165.9627 3.467867 -171.6958 165.9627 3.467867 -171.6958 165.9627 3.467867 -171.6958 165.9627 57.84851 -165.8619 168.9952 57.84851 -165.8619 168.9952 57.84851 -165.8619 168.9952 3.45804 -169.3682 171.6362 3.45804 -169.3682 171.6362 3.45804 -169.3682 171.6362 3.45804 -169.3682 171.6362 3.45804 -169.3682 171.6362 3.45804 -169.3682 171.6362 57.84427 -162.4609 165.4549 57.84427 -162.4609 165.4549 57.84427 -162.4609 165.4549 3.454903 -165.967 168.0958 3.454903 -165.967 168.0958 3.454903 -165.967 168.0958 3.454903 -165.967 168.0958 3.454903 -165.967 168.0958 3.454903 -165.967 168.0958 -49.07166 -167.641 164.5476 -49.05895 -165.3133 170.2212 -49.06312 -161.9118 166.6808 -49.06312 -161.9118 166.6808 -49.06312 -161.9118 166.6808 -49.06312 -161.9118 166.6808 -49.07175 -167.6409 164.5477 -49.07175 -167.6409 164.5477 -49.07175 -167.6409 164.5477 -49.05885 -165.3133 170.2212 -49.05885 -165.3133 170.2212 -49.05885 -165.3133 170.2212 -42.48261 -159.9518 77.65454 -42.48261 -159.9518 77.65454 -22.89332 -171.8231 160.1612 -22.89332 -171.8231 160.1612 -22.89332 -171.8231 160.1612 -14.98129 -171.2917 95.46522 -14.98129 -171.2917 95.46522 -14.98129 -171.2917 95.46522 24.50382 -171.8231 160.0779 24.50382 -171.8231 160.0779 24.50382 -171.8231 160.0779 24.50382 -171.8231 160.0779 37.70869 -159.9517 77.5136 37.70869 -159.9517 77.5136 52.08832 -163.7959 163.711 52.08832 -163.7959 163.711 -42.48277 -159.9517 77.6544 -42.48277 -159.9517 77.6544 -14.98136 -171.2913 95.46517 -22.89343 -171.8231 160.1612 -22.89343 -171.8231 160.1612 -22.89343 -171.8231 160.1612 -56.64099 -163.7958 163.9019 -56.64099 -163.7958 163.9019 -14.98139 -171.2916 95.46517 -14.98139 -171.2916 95.46517 7.098409 -171.2916 95.42639 7.098409 -171.2916 95.42639 7.098409 -171.2916 95.42639 7.098409 -171.2916 95.42639 24.50372 -171.8231 160.0779 24.50372 -171.8231 160.0779 24.50372 -171.8231 160.0779 24.50372 -171.8231 160.0779 37.70861 -159.9518 77.5135 37.70861 -159.9518 77.5135 -1.824521 175.2278 113.4188 -1.824521 175.2278 113.4188 5.923988 178.9256 101.1445 -7.207048 178.6696 101.1291 -0.4869293 202.4207 109.3089 -0.4869293 202.4207 109.3089 -47.14108 -104.3362 33.79487 -46.53917 143.9915 33.77054 -46.53917 143.9915 33.77054 -46.53917 143.9915 33.77054 -46.53917 143.9915 33.77054 -46.53917 143.9915 33.77054 -46.53917 143.9915 33.77054 -47.86867 -104.3344 44.95816 -47.86867 -104.3344 44.95816 -47.86867 -104.3344 44.95816 -47.86867 -104.3344 44.95816 -47.86867 -104.3344 44.95816 -47.14466 -104.3334 33.79524 -47.14466 -104.3334 33.79524 50.99106 144.4209 47.38251 50.99106 144.4209 47.38251 50.99106 144.4209 47.38251 50.99106 144.4209 47.38251 50.99106 144.4209 47.38251 -46.53876 143.9901 47.57989 -46.53876 143.9901 47.57989 -46.53876 143.9901 47.57989 -46.53876 143.9901 47.57989 -30.34673 143.9915 33.73778 -30.34673 143.9915 33.73778 -30.72137 -104.3362 33.76165 -1.301889 -175.4314 86.85085 -1.301889 -175.4314 86.85085 -1.301889 -175.4314 86.85085 -1.301889 -175.4314 86.85085 46.14665 145.4491 67.42834 46.14665 145.4491 67.42834 46.14665 145.4491 67.42834 46.14665 145.4491 67.42834 46.14665 145.4491 67.42834 48.90014 145.4491 67.44019 48.90014 145.4491 67.44019 48.90014 145.4491 67.44019 48.90014 145.4491 67.44019 46.24666 145.4512 41.15256 46.24666 145.4512 41.15256 46.24666 145.4512 41.15256 45.68074 -106.4295 41.17714 45.68074 -106.4295 41.17714 45.68074 -106.4295 41.17714 45.68074 -106.4295 41.17714 45.58075 -106.4316 67.45293 45.58075 -106.4316 67.45293 45.58075 -106.4316 67.45293 45.58075 -106.4316 67.45293 45.58075 -106.4316 67.45293 45.58075 -106.4316 67.45293 32.95336 -108.3932 67.44375 32.95336 -108.3932 67.44375 32.95336 -108.3932 67.44375 32.95336 -108.3932 67.44375 32.95336 -108.3932 67.44375 32.87528 -105.7238 67.42621 32.87528 -105.7238 67.42621 32.87528 -105.7238 67.42621 32.87528 -105.7238 67.42621 62.56121 -109.0988 41.16067 62.56121 -109.0988 41.16067 62.56121 -109.0988 41.16067 62.56121 -109.0988 41.16067 62.56121 -109.0988 41.16067 63.31116 145.4512 41.13545 63.31116 145.4512 41.13545 63.31116 145.4512 41.13545 32.9551 -108.3911 31.51733 32.9551 -108.3911 31.51733 32.9551 -108.3911 31.51733 32.9551 -108.3911 31.51733 32.87702 -105.7217 31.49981 32.87702 -105.7217 31.49981 32.87702 -105.7217 31.49981 32.87702 -105.7217 31.49981 32.87702 -105.7217 31.49981 48.33477 -109.101 67.46505 48.33477 -109.101 67.46505 48.33477 -109.101 67.46505 48.33477 -109.101 67.46505 48.33477 -109.101 67.46505 48.33477 -109.101 67.46505 -47.18265 145.4491 67.63462 -47.18265 145.4491 67.63462 -47.18265 145.4491 67.63462 -47.18265 145.4491 67.63462 -43.75373 -106.4315 67.6337 -43.75373 -106.4315 67.6337 -43.75373 -106.4315 67.6337 -43.75373 -106.4315 67.6337 -43.75373 -106.4315 67.6337 -43.75373 -106.4315 67.6337 -44.42916 145.4492 67.61161 -44.42916 145.4492 67.61161 -44.42916 145.4492 67.61161 -44.42916 145.4492 67.61161 -44.42916 145.4492 67.61161 -31.05251 -105.7216 31.62916 -31.05251 -105.7216 31.62916 -31.05251 -105.7216 31.62916 -31.05251 -105.7216 31.62916 -31.05251 -105.7216 31.62916 -60.73471 -109.0987 41.41016 -60.73471 -109.0987 41.41016 -60.73471 -109.0987 41.41016 -60.73471 -109.0987 41.41016 -60.73471 -109.0987 41.41016 -46.50662 -109.1009 67.65696 -46.50662 -109.1009 67.65696 -46.50662 -109.1009 67.65696 -46.50662 -109.1009 67.65696 -46.50662 -109.1009 67.65696 -46.50662 -109.1009 67.65696 -61.59513 145.4513 41.3882 -61.59513 145.4513 41.3882 -61.59513 145.4513 41.3882 -44.53073 145.4514 41.33624 -44.53073 145.4514 41.33624 -44.53073 145.4514 41.33624 -31.12949 -108.3909 31.64701 -31.12949 -108.3909 31.64701 -31.12949 -108.3909 31.64701 -31.12949 -108.3909 31.64701 -31.12553 -108.3932 67.57341 -31.12553 -108.3932 67.57341 -31.12553 -108.3932 67.57341 -31.12553 -108.3932 67.57341 -31.12553 -108.3932 67.57341 -31.04862 -105.7237 67.55557 -31.04862 -105.7237 67.55557 -31.04862 -105.7237 67.55557 -31.04862 -105.7237 67.55557 -43.85533 -106.4293 41.35832 -43.85533 -106.4293 41.35832 -43.85533 -106.4293 41.35832 -43.85533 -106.4293 41.35832 47.89651 144.4209 47.12919 47.89651 144.4209 47.12919 47.89651 144.4209 47.12919 -45.38763 -104.3395 47.34111 -45.38763 -104.3395 47.34111 -45.38763 -104.3395 47.34111 47.89631 144.4215 41.20753 47.89631 144.4215 41.20753 -44.82113 143.9907 41.39518 -44.82096 143.9902 47.31686 -44.82096 143.9902 47.31686 -44.82096 143.9902 47.31686 -45.38785 -104.339 41.41942 -45.38785 -104.339 41.41942 48.43887 -104.3392 41.22957 48.43906 -104.3397 47.15126 48.43906 -104.3397 47.15126 48.43906 -104.3397 47.15126 3.598436 -183.6773 1.303542 3.598436 -183.6773 1.303542 3.598436 -183.6773 1.303542 3.598436 -183.6773 1.303542 3.598436 -183.6773 1.303542 3.024782 -183.6424 -1.647742 3.024782 -183.6424 -1.647742 3.024782 -183.6424 -1.647742 3.024782 -183.6424 -1.647742 9.628902 -165.2182 -1.863632 9.628902 -165.2182 -1.863632 9.290239 -167.5028 2.001101 9.290239 -167.5028 2.001101 9.290239 -167.5028 2.001101 -0.2016455 -172.3364 5.182276 -0.2016455 -172.3364 5.182276 -0.2016455 -172.3364 5.182276 -0.1803833 -183.7098 1.773298 -0.1803833 -183.7098 1.773298 -0.1803833 -183.7098 1.773298 -0.1803833 -183.7098 1.773298 -0.1803833 -183.7098 1.773298 -10.56591 -167.4891 2.032636 -10.56591 -167.4891 2.032636 -10.56591 -167.4891 2.032636 -10.67156 -165.1703 -1.851609 -2.708832 -183.6416 -1.645733 -2.708832 -183.6416 -1.645733 -2.708832 -183.6416 -1.645733 -2.708832 -183.6416 -1.645733 -0.1747801 -207.8093 -2.261968 -0.1747801 -207.8093 -2.261968 -0.1747801 -207.8093 -2.261968 -0.1747801 -207.8093 -2.261968 -3.281996 -183.6771 1.321543 -3.281996 -183.6771 1.321543 -3.281996 -183.6771 1.321543 -3.281996 -183.6771 1.321543 -3.281996 -183.6771 1.321543 -3.281996 -183.6771 1.321543 -0.1731097 -207.8471 2.019598 -0.1731097 -207.8471 2.019598 -0.1731097 -207.8471 2.019598 -0.1731097 -207.8471 2.019598 -0.1731097 -207.8471 2.019598 -26.35287 174.8323 46.76643 -26.35287 174.8323 46.76643 -25.52269 149.1259 69.88296 -25.52269 149.1259 69.88296 -25.52269 149.1259 69.88296 -25.52269 149.1259 69.88296 -25.52269 149.1259 69.88296 -22.7762 174.7683 71.16996 -22.7762 174.7683 71.16996 -22.7762 174.7683 71.16996 -22.7762 174.7683 71.16996 -22.7762 174.7683 71.16996 -22.7762 174.7683 71.16996 -22.7762 174.7683 71.16996 -22.7762 174.7683 71.16996 0.09012478 210.4999 76.0014 0.09012478 210.4999 76.0014 0.09012478 210.4999 76.0014 -29.91069 149.0477 41.85127 -29.91069 149.0477 41.85127 -29.91069 149.0477 41.85127 -11.01025 210.5098 66.63528 -11.01025 210.5098 66.63528 -11.01025 210.5098 66.63528 -11.01025 210.5098 66.63528 -11.01025 210.5098 66.63528 0.04533112 210.5012 71.81915 0.04533112 210.5012 71.81915 0.04533112 210.5012 71.81915 0.04533112 210.5012 71.81915 -12.42685 210.2949 46.73682 -12.42685 210.2949 46.73682 -12.42685 210.2949 46.73682 -23.8863 149.1254 67.25034 -23.8863 149.1254 67.25034 -23.8863 149.1254 67.25034 -23.8863 149.1254 67.25034 -9.865664 210.5129 64.23684 -9.865664 210.5129 64.23684 -9.865664 210.5129 64.23684 22.73509 174.7683 70.89369 22.73509 174.7683 70.89369 22.73509 174.7683 70.89369 22.73509 174.7683 70.89369 22.73509 174.7683 70.89369 22.73509 174.7683 70.89369 22.73509 174.7683 70.89369 22.73509 174.7683 70.89369 -0.122565 174.7621 81.64498 -0.122565 174.7621 81.64498 -0.122565 174.7621 81.64498 -0.122565 174.7621 81.64498 -0.1031388 149.1196 82.20395 -0.1031388 149.1196 82.20395 -0.1031388 149.1196 82.20395 -0.1031388 149.1196 82.20395 -0.1031388 149.1196 82.20395 -0.1031388 149.1196 82.20395 25.51497 149.1258 69.57312 25.51497 149.1258 69.57312 25.51497 149.1258 69.57312 25.51497 149.1258 69.57312 25.51497 149.1258 69.57312 29.89763 149.0477 41.48822 29.89763 149.0477 41.48822 29.89763 149.0477 41.48822 26.30697 174.8322 46.44678 26.30697 174.8322 46.44678 -0.1501889 210.4998 76.00271 -0.1501889 210.4998 76.00271 -0.1501889 210.4998 76.00271 23.87808 149.1254 66.96041 23.87808 149.1254 66.96041 23.87808 149.1254 66.96041 23.87808 149.1254 66.96041 10.92145 210.5098 66.50216 10.92145 210.5098 66.50216 10.92145 210.5098 66.50216 10.92145 210.5098 66.50216 10.92145 210.5098 66.50216 12.33441 210.2949 46.58651 12.33441 210.2949 46.58651 12.33441 210.2949 46.58651 -0.1036161 149.1204 77.79681 -0.1036161 149.1204 77.79681 -0.1036161 149.1204 77.79681 -0.1036161 149.1204 77.79681 -0.1036161 149.1204 77.79681 -0.1036161 149.1204 77.79681 -0.1729126 210.5013 71.82048 -0.1729126 210.5013 71.82048 -0.1729126 210.5013 71.82048 -0.1729126 210.5013 71.82048 9.776443 210.5128 64.11763 9.776443 210.5128 64.11763 9.776443 210.5128 64.11763 8.840256 208.241 137.1696 8.840256 208.241 137.1696 8.840256 208.241 137.1696 8.840256 208.241 137.1696 -8.111935 208.1727 137.2586 -8.111935 208.1727 137.2586 -8.111935 208.1727 137.2586 -8.111935 208.1727 137.2586 -8.114727 208.1749 136.0458 -8.114727 208.1749 136.0458 -8.114727 208.1749 136.0458 -8.114727 208.1749 136.0458 -8.114727 208.1749 136.0458 8.837232 208.2431 135.9567 8.837232 208.2431 135.9567 8.837232 208.2431 135.9567 8.837232 208.2431 135.9567 8.837232 208.2431 135.9567 8.84028 209.2409 137.1739 8.84028 209.2409 137.1739 8.84028 209.2409 137.1739 8.84028 209.2409 137.1739 8.84028 209.2409 137.1739 8.84028 209.2409 137.1739 8.837537 209.243 135.961 8.837537 209.243 135.961 8.837537 209.243 135.961 -8.114519 209.1748 136.0501 -8.114519 209.1748 136.0501 -8.114519 209.1748 136.0501 -8.114519 209.1748 136.0501 -8.114519 209.1748 136.0501 -8.111786 209.1726 137.263 -8.111786 209.1726 137.263 -8.111786 209.1726 137.263 -8.111786 209.1726 137.263 0.7984195 208.6569 137.842 0.7984195 208.6569 137.842 0.7984195 208.6569 137.842 0.7984195 208.6569 137.842 0.7984195 208.6569 137.842 0.7984195 208.6569 137.842 0.7978362 208.8011 73.21009 0.7978362 208.8011 73.21009 0.7978362 208.8011 73.21009 0.7978362 208.8011 73.21009 0.7978362 208.8011 73.21009 0.7978362 208.8011 73.21009 -0.1426745 209.6305 137.8603 -0.1426745 209.6305 137.8603 -0.1426745 209.6305 137.8603 -0.1426745 209.6305 137.8603 -0.1426745 209.6305 137.8603 -0.1499422 209.7748 73.22851 -0.1499422 209.7748 73.22851 -0.1499422 209.7748 73.22851 -0.1499422 209.7748 73.22851 -0.1499422 209.7748 73.22851 -0.1499422 209.7748 73.22851 -0.1499422 209.7748 73.22851 0.77153 209.8007 73.22413 0.77153 209.8007 73.22413 0.77153 209.8007 73.22413 0.77153 209.8007 73.22413 0.77153 209.8007 73.22413 0.77153 209.8007 73.22413 -0.149195 208.7753 73.2146 -0.149195 208.7753 73.2146 -0.149195 208.7753 73.2146 -0.149195 208.7753 73.2146 -0.149195 208.7753 73.2146 0.4971254 209.3025 142.4115 0.4971254 209.3025 142.4115 0.4971254 209.3025 142.4115 0.4971254 209.3025 142.4115 0.4971254 209.3025 142.4115 0.4971254 209.3025 142.4115 -0.1419388 208.631 137.8464 -0.1419388 208.631 137.8464 -0.1419388 208.631 137.8464 -0.1419388 208.631 137.8464 -0.1419388 208.631 137.8464 -0.1419388 208.631 137.8464 -0.1419388 208.631 137.8464 -0.1416089 208.8575 142.4087 -0.1416089 208.8575 142.4087 -0.1416089 208.8575 142.4087 -0.1416089 208.8575 142.4087 -0.1416089 208.8575 142.4087 -0.1416089 208.8575 142.4087 -0.1419297 209.2913 142.4148 -0.1419297 209.2913 142.4148 -0.1419297 209.2913 142.4148 -0.1419297 209.2913 142.4148 -0.1419297 209.2913 142.4148 -0.1419297 209.2913 142.4148 0.770965 209.6564 137.856 0.770965 209.6564 137.856 0.770965 209.6564 137.856 0.770965 209.6564 137.856 0.770965 209.6564 137.856 0.770965 209.6564 137.856 0.505458 208.8686 142.4055 0.505458 208.8686 142.4055 0.505458 208.8686 142.4055 0.505458 208.8686 142.4055 0.505458 208.8686 142.4055 0.505458 208.8686 142.4055 0.7716798 209.5804 143.2943 0.7716798 209.5804 143.2943 0.7716798 209.5804 143.2943 0.7716798 209.5804 143.2943 0.7716798 209.5804 143.2943 0.7975406 208.5808 143.2803 0.7975406 208.5808 143.2803 0.7975406 208.5808 143.2803 0.7975406 208.5808 143.2803 0.7975406 208.5808 143.2803 -0.1420269 209.5545 143.2987 -0.1420269 209.5545 143.2987 -0.1420269 209.5545 143.2987 -0.1420269 209.5545 143.2987 -0.1420269 209.5545 143.2987 -0.1412619 208.555 143.2848 -0.1412619 208.555 143.2848 -0.1412619 208.555 143.2848 -0.1412619 208.555 143.2848 -0.1412619 208.555 143.2848 0.2897267 208.9947 148.508 0.2897267 208.9947 148.508 0.2897267 208.9947 148.508 0.2897267 208.9947 148.508 1.428554 207.9249 110.4782 1.428554 207.9249 110.4782 1.428554 207.9249 110.4782 3.555984 207.9388 110.5159 3.555984 207.9388 110.5159 -0.7051541 207.927 110.5293 -0.7051541 207.927 110.5293 -0.7051541 207.927 110.5293 -2.844459 207.9409 110.5694 3.121502 208.4259 136.976 3.121502 208.4259 136.976 3.121502 208.4259 136.976 3.121502 208.4259 136.976 3.121502 208.4259 136.976 -2.149937 208.4273 136.9708 -2.149937 208.4273 136.9708 -2.149937 208.4273 136.9708 -2.149937 208.4273 136.9708 -2.149937 208.4273 136.9708 8.107372 208.4222 136.9705 8.107372 208.4222 136.9705 8.107372 208.4222 136.9705 -7.212272 208.4187 136.9682 -7.212272 208.4187 136.9682 -7.212272 208.4187 136.9682 -7.212272 208.4187 136.9682 -10.91794 241.8063 91.34558 -10.91794 241.8063 91.34558 -10.91794 241.8063 91.34558 -10.91794 241.8063 91.34558 -10.91794 241.8063 91.34558 -10.91794 241.8063 91.34558 -1.996999 220.2531 107.9825 -1.996999 220.2531 107.9825 -1.996999 220.2531 107.9825 -1.996999 220.2531 107.9825 -1.996999 220.2531 107.9825 -1.996999 220.2531 107.9825 0.3494815 215.7964 99.07874 0.3494815 215.7964 99.07874 0.3494815 215.7964 99.07874 0.3494815 215.7964 99.07874 0.3494815 215.7964 99.07874 0.3494815 215.7964 99.07874 -2.678521 217.6825 109.4001 -2.678521 217.6825 109.4001 -2.678521 217.6825 109.4001 -2.678521 217.6825 109.4001 -2.678521 217.6825 109.4001 -2.678521 217.6825 109.4001 2.100511 223.3229 107.0848 2.100511 223.3229 107.0848 2.100511 223.3229 107.0848 2.100511 223.3229 107.0848 2.100511 223.3229 107.0848 2.100511 223.3229 107.0848 -1.303664 222.5508 107.5586 -1.303664 222.5508 107.5586 -1.303664 222.5508 107.5586 -1.303664 222.5508 107.5586 -1.303664 222.5508 107.5586 -1.303664 222.5508 107.5586 3.736702 217.7926 108.3044 3.736702 217.7926 108.3044 3.736702 217.7926 108.3044 3.736702 217.7926 108.3044 3.736702 217.7926 108.3044 3.736702 217.7926 108.3044 -0.7957949 197.8854 110.8723 -0.7957949 197.8854 110.8723 -1.26327 197.3517 111.4174 -1.26327 197.3517 111.4174 -1.26327 197.3517 111.4174 -0.3567983 198.4375 110.8689 -0.3567983 198.4375 110.8689 -0.3567983 198.4375 110.8689 1.654246 198.5826 110.6848 1.654246 198.5826 110.6848 1.654246 198.5826 110.6848 1.654246 198.5826 110.6848 2.119665 198.0693 110.6094 2.119665 198.0693 110.6094 0.6256231 197.0119 107.3687 0.6256231 197.0119 107.3687 0.6256231 197.0119 107.3687 0.6256231 197.0119 107.3687 2.699608 197.26 110.7985 2.699608 197.26 110.7985 2.699608 197.26 110.7985 2.858619 221.2299 107.3307 2.858619 221.2299 107.3307 2.858619 221.2299 107.3307 2.858619 221.2299 107.3307 2.858619 221.2299 107.3307 2.858619 221.2299 107.3307 1.390898 201.9242 112.4108 1.390898 201.9242 112.4108 1.390898 201.9242 112.4108 1.390898 201.9242 112.4108 1.390898 201.9242 112.4108 -1.442133 201.9283 112.4257 -1.442133 201.9283 112.4257 -1.442133 201.9283 112.4257 -1.442133 201.9283 112.4257 -1.446537 196.1123 112.4434 -1.446537 196.1123 112.4434 -1.446537 196.1123 112.4434 -1.446537 196.1123 112.4434 -1.446537 196.1123 112.4434 -1.487393 196.0702 105.0677 -1.487393 196.0702 105.0677 -1.487393 196.0702 105.0677 1.349837 196.0475 105.0463 1.349837 196.0475 105.0463 1.349837 196.0475 105.0463 -3.643797 195.8974 108.9254 -3.643797 195.8974 108.9254 -3.643797 195.8974 108.9254 -3.643797 195.8974 108.9254 -3.643797 195.8974 108.9254 -3.643797 195.8974 108.9254 1.350033 201.8821 105.0351 1.350033 201.8821 105.0351 1.350033 201.8821 105.0351 3.539606 201.7094 108.8851 3.539606 201.7094 108.8851 3.539606 201.7094 108.8851 3.539606 201.7094 108.8851 3.539606 201.7094 108.8851 3.539606 201.7094 108.8851 3.536893 195.8748 108.8963 3.536893 195.8748 108.8963 3.536893 195.8748 108.8963 3.536893 195.8748 108.8963 3.536893 195.8748 108.8963 3.536893 195.8748 108.8963 -1.483005 201.8862 105.05 -1.483005 201.8862 105.05 -1.483005 201.8862 105.05 -3.630441 201.7135 108.9076 -3.630441 201.7135 108.9076 -3.630441 201.7135 108.9076 -3.630441 201.7135 108.9076 -3.630441 201.7135 108.9076 -3.630441 201.7135 108.9076 1.390709 196.0896 112.422 1.390709 196.0896 112.422 1.390709 196.0896 112.422 1.390709 196.0896 112.422 59.1077 -0.9113328 97.54979 59.1077 -0.9113328 97.54979 59.1077 -0.9113328 97.54979 83.38991 15.74607 148.0718 83.38991 15.74607 148.0718 83.38991 15.74607 148.0718 15.3159 25.72719 211.2784 15.3159 25.72719 211.2784 15.3159 25.72719 211.2784 15.3159 25.72719 211.2784 43.79781 27.04942 210.1652 43.79781 27.04942 210.1652 43.79781 27.04942 210.1652 18.86172 -6.057418 107.3902 18.86172 -6.057418 107.3902 18.86172 -6.057418 107.3902 18.86172 -6.057418 107.3902 18.86172 -6.057418 107.3902 17.47614 3.527992 155.2236 17.47614 3.527992 155.2236 17.47614 3.527992 155.2236 17.47614 3.527992 155.2236 17.47614 3.527992 155.2236 17.47614 3.527992 155.2236 59.10763 -0.9113328 97.54988 59.10763 -0.9113328 97.54988 59.10763 -0.9113328 97.54988 53.5282 8.757075 152.4452 53.5282 8.757075 152.4452 53.5282 8.757075 152.4452 53.5282 8.757075 152.4452 53.5282 8.757075 152.4452 53.5282 8.757075 152.4452 53.5282 8.757075 152.4452 53.5282 8.757075 152.4452 53.5282 8.757075 152.4452 53.5282 8.757075 152.4452 53.5282 8.757075 152.4452 53.5282 8.757075 152.4452 82.93331 9.867195 82.67396 82.93331 9.867195 82.67396 83.38983 15.74608 148.0717 83.38983 15.74608 148.0717 83.38983 15.74608 148.0717 15.31585 25.72719 211.2783 15.31585 25.72719 211.2783 15.31585 25.72719 211.2783 15.31585 25.72719 211.2783 -26.85165 -6.057245 107.3903 -26.85165 -6.057245 107.3903 -61.52365 8.757077 152.4454 -61.52365 8.757077 152.4454 -61.52365 8.757077 152.4454 -61.52365 8.757077 152.4454 -61.52365 8.757077 152.4454 -61.52365 8.757077 152.4454 -61.52365 8.757077 152.4454 -90.92882 9.867197 82.67408 -91.38535 15.74607 148.0719 -91.38535 15.74607 148.0719 -91.38535 15.74607 148.0719 -51.79324 27.04942 210.1654 -51.79324 27.04942 210.1654 -23.31121 25.72719 211.2784 -23.31121 25.72719 211.2784 -25.46697 3.527983 155.2235 -25.46697 3.527983 155.2235 -25.46697 3.527983 155.2235 -25.46697 3.527983 155.2235 -25.46697 3.527983 155.2235 -25.46697 3.527983 155.2235 -25.46697 3.527983 155.2235 -25.46697 3.527983 155.2235 -25.46697 3.527983 155.2235 -25.46697 3.527983 155.2235 -61.52367 8.757163 152.4452 -61.52367 8.757163 152.4452 -61.52367 8.757163 152.4452 -61.52367 8.757163 152.4452 -61.52367 8.757163 152.4452 -61.52367 8.757163 152.4452 -61.52367 8.757163 152.4452 -67.10308 -0.9113309 97.54984 -67.10308 -0.9113309 97.54984 -67.10308 -0.9113309 97.54984 -67.10308 -0.9113309 97.54984 -67.10308 -0.9113309 97.54984 -67.10308 -0.9113309 97.54984 -91.38535 15.74607 148.0718 -91.38535 15.74607 148.0718 -91.38535 15.74607 148.0718 -90.92882 9.867197 82.67396 -23.31127 25.7272 211.2783 -23.31127 25.7272 211.2783 -23.31127 25.7272 211.2783 -23.31127 25.7272 211.2783 -51.79326 27.04942 210.1652 -51.79326 27.04942 210.1652 -26.85172 -6.05743 107.3902 -26.85172 -6.05743 107.3902 -26.85172 -6.05743 107.3902 128.6987 126.0351 25.49946 128.6987 126.0351 25.49946 128.6987 126.0351 25.49946 128.6987 126.0351 25.49946 46.28899 130.6849 26.40958 46.28897 132.6711 27.04713 46.28897 132.6711 27.04713 109.8509 -26.27076 27.8263 109.8509 -26.27076 27.8263 128.6987 -33.97501 25.4995 128.6987 -33.97501 25.4995 128.6987 -33.97501 25.4995 128.6987 -33.97501 25.4995 46.28899 -29.32514 26.40962 128.6988 -61.07108 28.15617 109.8508 -67.97288 25.79524 46.28899 -64.6988 26.40964 46.28897 -62.71268 27.04718 46.28897 -62.71268 27.04718 109.8509 -63.2075 27.32463 109.8509 -63.2075 27.32463 109.8509 -63.2075 27.32463 109.8509 40.28702 27.8263 109.8509 40.28702 27.8263 128.6988 40.86036 28.15615 46.28897 39.21878 27.04717 46.28897 39.21878 27.04717 109.8508 38.72389 27.32461 109.8508 38.72389 27.32461 109.8508 38.72389 27.32461 128.6988 5.486756 28.15615 128.6987 -2.790833 25.4995 128.6987 -2.790833 25.4995 128.6987 -2.790833 25.4995 128.6987 -2.790833 25.4995 46.28899 1.858994 26.40962 46.28897 3.845154 27.04716 46.28897 3.845154 27.04716 109.8509 3.350281 27.32461 109.8509 3.350281 27.32461 109.8509 3.350281 27.32461 128.6987 93.6688 25.49948 128.6987 93.6688 25.49948 128.6987 93.6688 25.49948 128.6987 93.6688 25.49948 109.8508 96.46643 26.25153 109.8508 96.46643 26.25153 109.8508 96.46643 26.25153 109.8508 96.46643 26.25153 128.6988 71.15023 28.15613 109.8508 64.24839 25.7952 109.8508 128.8327 26.2515 109.8508 128.8327 26.2515 109.8508 128.8327 26.2515 109.8508 128.8327 26.2515 109.8509 132.1762 27.32457 109.8509 132.1762 27.32457 109.8509 132.1762 27.32457 109.8508 127.4109 25.79518 109.8509 133.7393 27.82627 109.8509 133.7393 27.82627 128.6988 134.3127 28.15611 46.28897 -27.33902 27.04717 46.28897 -27.33902 27.04717 109.8508 -31.17742 26.25154 109.8508 -31.17742 26.25154 109.8508 -31.17742 26.25154 109.8508 -31.17742 26.25154 109.8509 -27.8339 27.32461 109.8509 -27.8339 27.32461 109.8509 -27.8339 27.32461 109.8508 -32.59926 25.79523 128.6988 -25.69742 28.15614 109.8508 -66.55099 26.25156 109.8508 -66.55099 26.25156 109.8508 -66.55099 26.25156 109.8508 -66.55099 26.25156 128.6987 -69.34864 25.49952 128.6987 -69.34864 25.49952 128.6987 -69.34864 25.49952 128.6987 -69.34864 25.49952 109.8509 -61.64434 27.82633 109.8509 -61.64434 27.82633 46.28899 37.23262 26.40962 109.8508 35.38034 26.25154 109.8508 35.38034 26.25154 109.8508 35.38034 26.25154 109.8508 35.38034 26.25154 109.8508 33.95859 25.79523 128.6987 32.58275 25.4995 128.6987 32.58275 25.4995 128.6987 32.58275 25.4995 128.6987 32.58275 25.4995 109.8508 0.006759524 26.25153 109.8508 0.006759524 26.25153 109.8508 0.006759524 26.25153 109.8508 0.006759524 26.25153 109.8508 -1.415146 25.79522 109.8509 4.913407 27.82631 109.8509 4.913407 27.82631 46.28897 100.3048 27.04715 46.28897 100.3048 27.04715 46.28899 98.31865 26.4096 109.8509 99.80992 27.3246 109.8509 99.80992 27.3246 109.8509 99.80992 27.3246 109.8508 95.04459 25.79521 109.8509 101.3731 27.82629 109.8509 101.3731 27.82629 128.6988 101.9464 28.15613 46.28897 69.50862 27.04714 46.28897 69.50862 27.04714 46.28899 67.52246 26.4096 109.8508 65.67024 26.25152 109.8508 65.67024 26.25152 109.8508 65.67024 26.25152 109.8508 65.67024 26.25152 109.8508 69.01375 27.32459 109.8508 69.01375 27.32459 109.8508 69.01375 27.32459 128.6987 62.87263 25.49948 128.6987 62.87263 25.49948 128.6987 62.87263 25.49948 128.6987 62.87263 25.49948 109.8509 70.57688 27.82629 109.8509 70.57688 27.82629 43.40054 -84.0246 13.11724 43.40054 -84.0246 13.11724 43.40054 -86.92866 13.7048 94.49767 -86.77432 13.97218 94.49767 -86.77432 13.97218 94.49767 -86.77432 13.97218 94.49767 -86.77432 13.97218 94.49767 -88.85285 14.39273 94.49768 -79.60111 12.52086 94.49768 -79.60111 12.52086 94.49767 -22.29551 13.97219 94.49767 -22.29551 13.97219 94.49767 -22.29551 13.97219 94.49767 -22.29551 13.97219 94.49765 -17.40769 12.98326 94.49765 -17.40769 12.98326 94.49765 -17.40769 12.98326 94.49767 -24.3741 14.39274 113.3456 -25.23574 14.66671 113.3456 -25.23574 14.66671 113.3456 -25.23574 14.66671 113.3456 -25.23574 14.66671 94.49767 -15.12229 12.52087 94.49767 -15.12229 12.52087 113.3456 -13.52194 12.29673 43.40054 -54.91947 13.11727 43.40054 -54.91947 13.11727 94.49768 -52.78132 12.98327 94.49768 -52.78132 12.98327 94.49768 -52.78132 12.98327 94.49768 -59.7477 14.39275 113.3456 -60.60936 14.66673 113.3456 -60.60936 14.66673 113.3456 -60.60936 14.66673 113.3456 -60.60936 14.66673 113.3456 -48.89558 12.29675 43.40054 47.01197 13.11724 43.40054 47.01197 13.11724 43.40054 44.1079 13.7048 94.49767 49.15012 12.98326 94.49767 49.15012 12.98326 94.49767 49.15012 12.98326 94.49767 42.18365 14.39274 113.3456 53.03582 12.29672 43.40054 11.63828 13.11725 43.40054 11.63828 13.11725 43.40054 8.734209 13.70481 94.49767 8.888658 13.97219 94.49767 8.888658 13.97219 94.49767 8.888658 13.97219 94.49767 8.888658 13.97219 94.49767 13.77648 12.98326 94.49767 13.77648 12.98326 94.49767 13.77648 12.98326 94.49767 6.81009 14.39274 113.3456 5.948472 14.66671 113.3456 5.948472 14.66671 113.3456 5.948472 14.66671 113.3456 5.948472 14.66671 94.49767 16.06188 12.52087 94.49767 16.06188 12.52087 113.3456 17.66222 12.29673 43.40054 105.1939 13.70479 94.49767 103.2697 14.39272 113.3455 114.1218 12.29671 43.40054 74.39773 13.7048 94.49767 79.43994 12.98325 94.49767 79.43994 12.98325 94.49767 79.43994 12.98325 113.3455 71.6118 14.6667 113.3455 71.6118 14.6667 113.3455 71.6118 14.6667 113.3455 71.6118 14.6667 94.49767 81.72534 12.52086 94.49767 81.72534 12.52086 113.3456 83.32559 12.29671 113.3456 -78.00076 12.29672 113.3456 -89.71447 14.66671 113.3456 -89.71447 14.66671 113.3456 -89.71447 14.66671 113.3456 -89.71447 14.66671 94.49768 -81.88649 12.98326 94.49768 -81.88649 12.98326 94.49768 -81.88649 12.98326 43.40055 -22.44991 13.70481 43.40054 -19.54586 13.11725 43.40054 -19.54586 13.11725 94.49768 -50.49592 12.52088 94.49768 -50.49592 12.52088 94.49768 -57.6691 13.97221 94.49768 -57.6691 13.97221 94.49768 -57.6691 13.97221 94.49768 -57.6691 13.97221 43.40054 -57.82348 13.70482 94.49767 51.43551 12.52086 94.49767 51.43551 12.52086 113.3456 41.32201 14.6667 113.3456 41.32201 14.6667 113.3456 41.32201 14.6667 113.3456 41.32201 14.6667 94.49767 44.26229 13.97218 94.49767 44.26229 13.97218 94.49767 44.26229 13.97218 94.49767 44.26229 13.97218 94.49767 112.5214 12.52085 94.49767 112.5214 12.52085 113.3455 102.4081 14.6667 113.3455 102.4081 14.6667 113.3455 102.4081 14.6667 113.3455 102.4081 14.6667 94.49767 105.3482 13.97218 94.49767 105.3482 13.97218 94.49767 105.3482 13.97218 94.49767 105.3482 13.97218 43.40054 108.0979 13.11723 43.40054 108.0979 13.11723 94.49767 110.236 12.98325 94.49767 110.236 12.98325 94.49767 110.236 12.98325 94.49767 72.47344 14.39273 94.49767 74.55209 13.97218 94.49767 74.55209 13.97218 94.49767 74.55209 13.97218 94.49767 74.55209 13.97218 43.40054 77.30175 13.11724 43.40054 77.30175 13.11724 -44.46054 130.6853 26.40972 -110.1435 128.8327 26.25151 -110.1435 128.8327 26.25151 -110.1435 128.8327 26.25151 -110.1435 128.8327 26.25151 -110.1435 132.1762 27.32457 -110.1435 132.1762 27.32457 -110.1435 132.1762 27.32457 -110.1435 127.4109 25.79518 -110.1435 133.7393 27.82627 -110.1435 133.7393 27.82627 -128.9914 134.3126 28.15612 -44.46052 -27.33909 27.04716 -44.46052 -27.33909 27.04716 -44.46054 -29.32525 26.40962 -110.1435 -27.83376 27.3246 -110.1435 -27.83376 27.3246 -110.1435 -27.83376 27.3246 -128.9914 -33.97498 25.49949 -128.9914 -33.97498 25.49949 -128.9914 -33.97498 25.49949 -128.9914 -33.97498 25.49949 -110.1435 -26.27068 27.8263 -110.1435 -26.27068 27.8263 -44.46055 -64.69885 26.40963 -110.1435 -63.20745 27.32463 -110.1435 -63.20745 27.32463 -110.1435 -63.20745 27.32463 -110.1435 -67.97286 25.79524 -110.1435 -61.64428 27.82632 -110.1435 -61.64428 27.82632 -128.9914 -61.07113 28.15615 -44.46054 37.23256 26.40961 -110.1435 35.3804 26.25154 -110.1435 35.3804 26.25154 -110.1435 35.3804 26.25154 -110.1435 35.3804 26.25154 -128.9914 32.58288 25.4995 -128.9914 32.58288 25.4995 -128.9914 32.58288 25.4995 -128.9914 32.58288 25.4995 -110.1435 -1.415024 25.7952 -128.9914 -2.790772 25.49947 -128.9914 -2.790772 25.49947 -128.9914 -2.790772 25.49947 -128.9914 -2.790772 25.49947 -44.46052 100.3048 27.04714 -44.46052 100.3048 27.04714 -110.1435 99.80998 27.32459 -110.1435 99.80998 27.32459 -110.1435 99.80998 27.32459 -128.9914 93.66883 25.49948 -128.9914 93.66883 25.49948 -128.9914 93.66883 25.49948 -128.9914 93.66883 25.49948 -44.46052 69.50857 27.04714 -44.46052 69.50857 27.04714 -44.46054 67.52243 26.40959 -110.1435 65.67025 26.25151 -110.1435 65.67025 26.25151 -110.1435 65.67025 26.25151 -110.1435 65.67025 26.25151 -128.9915 71.15024 28.15611 -128.9914 126.0351 25.49945 -128.9914 126.0351 25.49945 -128.9914 126.0351 25.49945 -128.9914 126.0351 25.49945 -44.46052 132.671 27.04713 -44.46052 132.671 27.04713 -128.9914 -25.69747 28.15616 -110.1435 -32.59917 25.79522 -110.1435 -31.17737 26.25154 -110.1435 -31.17737 26.25154 -110.1435 -31.17737 26.25154 -110.1435 -31.17737 26.25154 -128.9914 -69.34857 25.4995 -128.9914 -69.34857 25.4995 -128.9914 -69.34857 25.4995 -128.9914 -69.34857 25.4995 -110.1435 -66.55105 26.25155 -110.1435 -66.55105 26.25155 -110.1435 -66.55105 26.25155 -110.1435 -66.55105 26.25155 -44.46052 -62.71271 27.04717 -44.46052 -62.71271 27.04717 -110.1435 40.28704 27.8263 -110.1435 40.28704 27.8263 -128.9914 40.86037 28.15615 -110.1435 33.95864 25.79522 -44.46052 39.21872 27.04716 -44.46052 39.21872 27.04716 -110.1435 38.72397 27.3246 -110.1435 38.72397 27.3246 -110.1435 38.72397 27.3246 -110.1435 4.913437 27.82629 -110.1435 4.913437 27.82629 -128.9914 5.486725 28.15612 -110.1435 0.006790041 26.25152 -110.1435 0.006790041 26.25152 -110.1435 0.006790041 26.25152 -110.1435 0.006790041 26.25152 -44.46054 1.858917 26.4096 -44.46052 3.845078 27.04715 -44.46052 3.845078 27.04715 -110.1434 3.350403 27.32459 -110.1434 3.350403 27.32459 -110.1434 3.350403 27.32459 -110.1435 101.3731 27.82629 -110.1435 101.3731 27.82629 -128.9914 101.9463 28.15613 -110.1435 95.04465 25.79521 -110.1435 96.46646 26.25153 -110.1435 96.46646 26.25153 -110.1435 96.46646 26.25153 -110.1435 96.46646 26.25153 -44.46054 98.31861 26.4096 -110.1435 70.5769 27.82628 -110.1435 70.5769 27.82628 -128.9914 62.87265 25.49948 -128.9914 62.87265 25.49948 -128.9914 62.87265 25.49948 -128.9914 62.87265 25.49948 -110.1435 64.2484 25.79519 -110.1435 69.01379 27.32459 -110.1435 69.01379 27.32459 -110.1435 69.01379 27.32459 -94.37417 -79.60103 12.5209 -94.37417 -79.60103 12.5209 -113.2221 -78.00065 12.29675 -113.2221 -89.71442 14.66674 -113.2221 -89.71442 14.66674 -113.2221 -89.71442 14.66674 -113.2221 -89.71442 14.66674 -94.37419 -88.8528 14.39276 -94.37419 -15.1222 12.5209 -94.37419 -15.1222 12.5209 -94.37419 -24.374 14.39278 -94.37419 -22.29544 13.97222 -94.37419 -22.29544 13.97222 -94.37419 -22.29544 13.97222 -94.37419 -22.29544 13.97222 -43.06867 -22.44981 13.70484 -43.06868 -19.54576 13.11728 -43.06868 -19.54576 13.11728 -94.37417 -50.49584 12.52091 -94.37417 -50.49584 12.52091 -94.37417 -57.66909 13.97225 -94.37417 -57.66909 13.97225 -94.37417 -57.66909 13.97225 -94.37417 -57.66909 13.97225 -113.2221 53.03593 12.29674 -94.37418 42.18375 14.39276 -94.37418 44.2623 13.97221 -94.37418 44.2623 13.97221 -94.37418 44.2623 13.97221 -94.37418 44.2623 13.97221 -113.2221 17.66226 12.29677 -94.37419 6.810136 14.39277 -94.37419 8.888689 13.97222 -94.37419 8.888689 13.97222 -94.37419 8.888689 13.97222 -94.37419 8.888689 13.97222 -43.06868 8.734346 13.70484 -43.06868 11.63837 13.11729 -43.06868 11.63837 13.11729 -94.37418 112.5216 12.52088 -94.37418 112.5216 12.52088 -94.37418 103.2698 14.39274 -94.37418 105.3484 13.97219 -94.37418 105.3484 13.97219 -94.37418 105.3484 13.97219 -94.37418 105.3484 13.97219 -43.06868 108.098 13.11726 -43.06868 108.098 13.11726 -94.37418 110.2362 12.98327 -94.37418 110.2362 12.98327 -94.37418 110.2362 12.98327 -94.37418 81.72544 12.5209 -94.37418 81.72544 12.5209 -94.37418 72.47361 14.39277 -43.06868 77.3018 13.11728 -43.06868 77.3018 13.11728 -94.37418 79.4401 12.98328 -94.37418 79.4401 12.98328 -94.37418 79.4401 12.98328 -43.06868 -84.02454 13.11727 -43.06868 -84.02454 13.11727 -43.06868 -86.92861 13.70483 -94.37418 -86.77426 13.97222 -94.37418 -86.77426 13.97222 -94.37418 -86.77426 13.97222 -94.37418 -86.77426 13.97222 -94.37418 -81.88643 12.98329 -94.37418 -81.88643 12.98329 -94.37418 -81.88643 12.98329 -94.37419 -17.40764 12.98329 -94.37419 -17.40764 12.98329 -94.37419 -17.40764 12.98329 -113.2221 -25.23565 14.66674 -113.2221 -25.23565 14.66674 -113.2221 -25.23565 14.66674 -113.2221 -25.23565 14.66674 -113.2221 -13.52185 12.29675 -43.06868 -54.91939 13.1173 -43.06868 -54.91939 13.1173 -43.06868 -57.8234 13.70486 -94.37417 -52.78129 12.98331 -94.37417 -52.78129 12.98331 -94.37417 -52.78129 12.98331 -94.37417 -59.74764 14.39279 -113.2221 -60.60923 14.66677 -113.2221 -60.60923 14.66677 -113.2221 -60.60923 14.66677 -113.2221 -60.60923 14.66677 -113.2221 -48.89545 12.29678 -43.06868 47.01203 13.11727 -43.06868 47.01203 13.11727 -43.06868 44.10797 13.70483 -94.37418 49.15009 12.98328 -94.37418 49.15009 12.98328 -94.37418 49.15009 12.98328 -113.2221 41.32218 14.66673 -113.2221 41.32218 14.66673 -113.2221 41.32218 14.66673 -113.2221 41.32218 14.66673 -94.37418 51.43558 12.52088 -94.37418 51.43558 12.52088 -94.37418 13.77652 12.98329 -94.37418 13.77652 12.98329 -94.37418 13.77652 12.98329 -113.2221 5.948563 14.66676 -113.2221 5.948563 14.66676 -113.2221 5.948563 14.66676 -113.2221 5.948563 14.66676 -94.37418 16.062 12.5209 -94.37418 16.062 12.5209 -43.06868 105.194 13.70482 -113.2222 102.4082 14.66672 -113.2222 102.4082 14.66672 -113.2222 102.4082 14.66672 -113.2222 102.4082 14.66672 -113.2222 114.122 12.29673 -43.06868 74.39775 13.70483 -94.37418 74.55213 13.97222 -94.37418 74.55213 13.97222 -94.37418 74.55213 13.97222 -94.37418 74.55213 13.97222 -113.2222 71.6119 14.66673 -113.2222 71.6119 14.66673 -113.2222 71.6119 14.66673 -113.2222 71.6119 14.66673 -113.2222 83.32569 12.29676 8.224902 207.933 120.6187 8.224902 207.933 120.6187 8.224902 207.933 120.6187 -7.559139 207.9539 120.6117 -7.559139 207.9539 120.6117 -7.559139 207.9539 120.6117 8.469829 208.0046 131.4996 8.469829 208.0046 131.4996 8.469829 208.0046 131.4996 8.469829 208.0046 131.4996 8.469829 208.0046 131.4996 8.169257 208.1858 134.924 8.169257 208.1858 134.924 8.169257 208.1858 134.924 -7.078114 208.1862 134.8965 -7.078114 208.1862 134.8965 -7.078114 208.1862 134.8965 -7.078114 208.1862 134.8965 3.189839 207.9926 131.4993 3.189839 207.9926 131.4993 3.189839 207.9926 131.4993 3.189839 207.9926 131.4993 3.189839 207.9926 131.4993 3.189839 207.9926 131.4993 -2.081185 208.0043 131.4642 -2.081185 208.0043 131.4642 -2.081185 208.0043 131.4642 -2.081185 208.0043 131.4642 -2.081185 208.0043 131.4642 -2.081185 208.0043 131.4642 -2.081185 208.0043 131.4642 -2.081185 208.0043 131.4642 2.954531 207.9591 120.6061 2.954531 207.9591 120.6061 2.954531 207.9591 120.6061 2.954531 207.9591 120.6061 2.954531 207.9591 120.6061 2.954531 207.9591 120.6061 -2.307226 207.9569 120.5866 -2.307226 207.9569 120.5866 -2.307226 207.9569 120.5866 -2.307226 207.9569 120.5866 -2.307226 207.9569 120.5866 -2.307226 207.9569 120.5866 -7.344352 208.0064 131.4777 -7.344352 208.0064 131.4777 -7.344352 208.0064 131.4777 -7.344352 208.0064 131.4777 -7.344352 208.0064 131.4777</float_array>
          <technique_common>
            <accessor source="#keles2_Akation_Mesh_002-mesh-positions-array" count="1809" stride="3">
              <param name="X" type="float"/>
              <param name="Y" type="float"/>
              <param name="Z" type="float"/>
            </accessor>
          </technique_common>
        </source>
        <source id="keles2_Akation_Mesh_002-mesh-normals">
          <float_array id="keles2_Akation_Mesh_002-mesh-normals-array" count="4329">0.4551507 -0.1599619 -0.8759282 0.4384421 -0.09913259 -0.8932757 0.4384509 -0.09912151 -0.8932725 0.4251024 0.1279726 -0.896053 0.4174668 0.09241598 -0.9039805 0.4174772 0.09242153 -0.9039751 0.4129906 -0.008842349 -0.9106925 0.4384398 -0.09913039 -0.893277 0.4574261 0.2895011 -0.8408036 0.4174758 0.0924226 -0.9039757 0.4251074 0.127971 -0.8960508 -0.4875107 0.1547386 -0.8592959 -0.4993404 0.2717857 -0.8226735 -0.4892297 0.2828181 -0.8250263 -0.4875161 0.1547319 -0.8592941 -0.5098551 -0.09451109 -0.855053 -0.4784012 -0.005400657 -0.8781249 -0.4783823 -0.005402863 -0.8781352 -0.4734168 0.07900065 -0.8772888 -0.4875225 0.1547352 -0.8592897 -0.5260097 -0.1510861 -0.8369509 -0.5098487 -0.09447932 -0.8550603 0.7907131 -0.4844346 0.3742939 0.7782957 -0.4257031 -0.4615548 0.8102371 -0.4838673 -0.3307392 0.8102485 -0.4838432 -0.3307465 0.6749545 -0.549597 0.4923208 0.790688 -0.4844779 0.3742907 0.7673235 -0.5560756 -0.3193662 0.8102301 -0.4838826 -0.3307337 0.7783222 -0.4256785 -0.4615328 0.6788347 1.75001e-4 -0.7342911 0.7970607 0.2149239 -0.5643598 0.8670777 0.2155185 -0.4491415 0.8670719 0.2154874 -0.4491676 0.8266718 6.28524e-4 -0.5626841 0.6788361 1.83622e-4 -0.7342899 0.7970594 0.2149006 -0.5643705 0.7591004 0.4254531 -0.4927031 0.8029884 0.5157113 -0.2987498 0.8029831 0.515712 -0.298763 0.8670778 0.2154805 -0.4491596 0.7970729 0.2149083 -0.5643486 -0.8276142 0.4470748 -0.3393801 -0.8725696 0.3913275 -0.2923786 -0.8419062 0.3931807 -0.3695983 -0.819192 0.216723 -0.5309951 -0.6830374 -0.0145241 -0.730239 -0.8500687 -0.006906986 -0.5266266 -0.8500682 -0.006894469 -0.5266277 -0.8915244 0.2247972 -0.3932561 -0.819191 0.2167129 -0.5310006 -0.7714188 -0.5441587 -0.3298552 -0.7812564 -0.5502405 -0.2947435 -0.7817647 -0.4757049 -0.4031735 -0.7817617 -0.4757373 -0.403141 -0.8786656 -0.3039017 0.3682262 -0.8736069 -0.3723141 0.3133582 -0.8736355 -0.372251 0.3133531 -0.7714303 -0.5441387 -0.3298613 -0.7817789 -0.475708 -0.4031423 0.6749816 -0.5495591 0.4923258 0.8102313 -0.4838703 -0.3307489 0.752178 -0.636361 -0.171094 0.7521933 -0.6363499 -0.1710678 0.5712185 -0.7216422 0.3910779 0.6749712 -0.5495802 0.4923166 0.810232 -0.4838862 -0.3307242 0.7673221 -0.5560609 -0.3193953 0.8083885 -0.5766662 -0.1181708 0.8083932 -0.5766549 -0.1181928 0.7521768 -0.6363626 -0.1710934 0.8102202 -0.4839006 -0.3307319 0.8029856 0.5157034 -0.2987711 0.8224195 0.5429809 -0.1696991 0.9673455 0.15437 -0.2010291 0.9673509 0.1543616 -0.2010096 0.8670697 0.215484 -0.4491735 0.8029734 0.5157303 -0.2987576 -0.8276213 0.447081 -0.3393547 -0.8419043 0.3931795 -0.3696039 -0.8300597 0.3876503 -0.4009093 -0.8300647 0.3876634 -0.4008863 -0.8224928 0.4590274 -0.3358563 -0.8276171 0.4470759 -0.3393716 -0.7812595 -0.5502328 -0.2947497 -0.7714272 -0.5441436 -0.3298602 -0.7545863 -0.6241993 -0.2024225 -0.7714165 -0.5441809 -0.3298237 -0.8736003 -0.3723121 0.3133792 -0.7500954 -0.6397936 0.1673949 -0.7500903 -0.6398031 0.1673814 -0.7546092 -0.6241679 -0.2024343 -0.7714385 -0.5441364 -0.329846 0.7521763 -0.6363639 -0.1710907 0.6514967 -0.7288451 -0.2105634 0.590339 -0.7961571 0.1327926 0.5903338 -0.7961647 0.1327695 0.5712159 -0.7216479 0.3910714 0.7521604 -0.6363793 -0.171103 0.6514809 -0.7288533 -0.2105841 0.7521854 -0.6363521 -0.1710941 0.824349 -0.5644108 -0.04346626 0.9999974 0.002288579 6.32014e-5 0.9999953 0.0022825 0.002076566 0.9999966 0.002287089 0.001309573 0.9192572 0.3849238 -0.08246105 1 2.38199e-4 -6.62664e-5 0.8978646 0.4255244 -0.1129965 0.8978691 0.4255181 -0.112985 0.8545005 0.5010936 -0.1368726 0.9192563 0.3849284 -0.08244985 -0.8865719 0.4297147 -0.1712766 -0.8858985 0.455797 0.08621561 -0.9475097 0.3119002 -0.07031124 -0.9475153 0.3118891 -0.0702849 -0.85738 0.3293207 -0.3955345 -0.8865764 0.4297066 -0.1712732 0.02987307 0.999552 0.001911461 -0.8054131 -0.5593934 -0.1959308 -0.781254 -0.5502302 -0.2947694 -0.7545799 -0.624201 -0.2024409 -0.7501043 -0.6397841 0.1673915 -0.5885448 -0.7935985 0.1543256 -0.7474696 -0.6495026 -0.1394119 -0.747462 -0.6495055 -0.1394391 -0.7546007 -0.6241756 -0.2024421 -0.7500814 -0.6398037 0.1674198 0.008649647 0.04170024 0.9990928 0.06562644 0.09328722 0.9934741 -0.001222729 0.02522748 0.999681 0.00864005 0.04169589 0.999093 -0.001226007 0.02523368 0.9996808 -7.88726e-4 0.03861713 0.9992538 0.008656501 0.04167389 0.9990938 -7.85216e-4 0.03863018 0.9992533 0.002021253 0.04703521 0.9988912 0.5524166 -0.7271605 -0.4075213 0.7247477 -0.5591266 -0.4026392 0.5777525 -0.7317229 -0.3616403 0.6707491 -0.712617 -0.2056034 0.5524154 -0.7271432 -0.4075537 0.5777607 -0.7317055 -0.3616624 0.4798226 -0.8578447 -0.1840451 0.6707411 -0.7126326 -0.2055755 0.577746 -0.7317211 -0.3616543 0.6707586 -0.7126107 -0.205594 0.8478966 -0.5202286 -0.1021453 0.8835646 -0.4682256 0.008862853 0.8835623 -0.4682296 0.008884847 0.8950244 -0.4420506 0.05935233 0.6707593 -0.7126237 -0.2055464 -0.5046819 -0.8624579 -0.03824543 -0.8473262 0.5304748 0.0251978 -0.02610087 -0.9996572 -0.002088069 0.1035256 -0.9946243 -0.002223491 0.8775638 0.4791309 -0.01776248 0.5736557 -0.8185403 0.03018033 -0.856419 -0.5158694 -0.02062284 -0.845382 -0.5339479 0.01513397 -0.7603317 -0.6404303 -0.1083736 -0.7603223 -0.6404442 -0.1083579 -0.7340499 -0.647932 -0.203359 -0.8564252 -0.5158587 -0.02063161 -0.6641635 -0.6333331 -0.3972104 -0.6510734 -0.6766574 -0.3438578 -0.7340244 -0.6479498 -0.2033948 -0.6532976 -0.6593121 -0.3721693 -0.6641651 -0.6333261 -0.3972187 -0.7340354 -0.647938 -0.2033921 -0.6532961 -0.6592982 -0.3721963 -0.734019 -0.6479598 -0.203382 -0.7603089 -0.6404592 -0.1083627 0.540479 0.7361689 0.407355 0.6759982 0.6798501 0.2843068 0.6664695 0.6801636 0.3052801 0.6664636 0.680166 0.3052878 0.4610745 0.6806377 0.5693353 0.5404627 0.7361783 0.4073594 -0.3727278 0.7309041 0.5717109 -0.3722191 0.7875499 0.4911397 -0.3186709 0.6880084 0.6519917 -0.847358 0.5304213 0.02525246 -0.5047029 -0.8624429 -0.03830683 -0.728175 0.6279803 0.2745943 -0.7281563 0.6279902 0.2746214 -0.7379552 0.6183199 0.2703753 -0.8473648 0.5304105 0.02525377 0.666463 0.6801691 0.3052823 0.6759981 0.6798458 0.2843175 0.5736766 -0.8185281 0.03011649 0.5736392 -0.8185529 0.03015697 0.8774615 0.4793166 -0.01780396 0.6664859 0.6801511 0.3052725 0.4563132 0.2907225 -0.8409868 -0.4734088 0.07900559 -0.8772926 -0.499354 0.2717677 -0.8226713 -0.4875158 0.1547352 -0.8592936 0.8029811 0.5157214 -0.2987518 0.759116 0.4254227 -0.4927051 0.7990869 0.5001835 -0.3335815 -0.8191888 0.2167083 -0.5310058 -0.891523 0.2247792 -0.39327 -0.8419142 0.3931896 -0.3695706 -0.8419107 0.3931805 -0.3695883 -0.8725666 0.3913359 -0.2923763 -0.8191996 0.2167007 -0.5309922 0.7990817 0.5001911 -0.3335828 0.8121127 0.4857326 -0.3233218 0.8224384 0.5429625 -0.1696673 0.8224297 0.5429676 -0.1696929 0.8029859 0.5157101 -0.2987591 0.7990825 0.5001846 -0.3335906 -0.8419096 0.3931658 -0.3696066 -0.8915123 0.2248006 -0.3932819 -0.8631011 0.4326288 -0.2605546 -0.8631052 0.4326204 -0.2605553 -0.83006 0.3876753 -0.4008844 -0.8419066 0.3931694 -0.3696096 0.8383648 0.4719214 -0.2728272 0.8575885 0.4462247 -0.2557845 0.9192418 0.3849608 -0.08246201 0.9192411 0.3849598 -0.08247298 0.8545157 0.5009946 -0.1371397 0.8383637 0.4719173 -0.2728376 -0.1926214 -1.39277e-4 0.9812731 -1 -2.1642e-4 2.9812e-5 -0.9475141 0.3118928 -0.0702849 -0.6051037 0.2490077 0.7562043 -0.9475054 0.3119165 -0.07029736 -0.8859035 0.4557839 0.08623242 0.001991033 -0.03781515 0.9992828 0.002015888 -0.3280392 0.944662 0.002035439 -0.328022 0.9446679 0.003370702 -0.3554992 0.9346705 0.002109527 -0.03789281 0.9992796 -0.1310443 0.9858312 -0.1047108 -0.002519965 0.247923 -0.9687765 0.04269498 0.9802863 -0.1929144 -0.1310127 0.9858337 -0.1047264 0.04267597 0.980286 -0.1929203 -0.01112681 0.999416 -0.0323112 -0.1310098 0.9858346 -0.1047222 -0.01112395 0.9994155 -0.03232562 -0.1665057 0.9820386 -0.0887475 -0.898201 0.3981384 -0.1863353 -0.7327287 0.1648184 -0.6602603 -0.8573737 0.3293097 -0.3955575 -0.8573798 0.3293075 -0.3955457 -0.9475082 0.3119089 -0.07029396 -0.8981899 0.3981661 -0.1863297 0.8360289 0.1196725 -0.5354757 -0.8429523 -0.5100521 0.1711093 -0.8095095 -0.3644573 0.4602885 -0.4518792 -0.878596 0.1545137 -0.451917 -0.8785812 0.1544867 -0.8362373 -0.5416359 0.08566117 -0.8429375 -0.5100756 0.1711119 0.8840706 0.466751 -0.02372461 0.919241 0.3849636 -0.082457 0.857596 0.4462222 -0.2557631 0.8575844 0.4462355 -0.2557793 0.8653879 0.352493 -0.3561637 0.8840776 0.4667387 -0.02370488 -0.1334512 0.9888201 -0.06652635 -0.1665128 0.9820373 -0.08874887 -0.01115983 0.9994156 -0.03231054 0.7602021 -0.2326757 0.6065929 0.7065283 -0.1633762 0.6885681 0.8546218 -0.4227793 0.3014622 0.8546236 -0.4227717 0.3014675 0.8600379 -0.4738003 0.1893364 0.7602349 -0.2326724 0.606553 -0.02607864 0.9996486 0.004778921 -0.1505789 0.985997 0.07166552 -0.249745 0.9106056 0.3292797 -0.2497306 0.9105929 0.3293255 -0.05128806 0.9984386 -0.02213507 -0.0261029 0.999648 0.004755139 -0.2497338 0.9106017 0.329299 -0.1505638 0.9860001 0.07165539 -0.211856 0.9608629 0.1784924 -0.2118518 0.9608708 0.1784548 -0.410399 0.7879289 0.4590651 -0.2497496 0.9105921 0.3293134 -0.2118777 0.960861 0.1784769 -0.9459418 -0.08174276 0.3138664 -0.9603778 -0.09564882 0.2617745 -0.9603983 -0.09561783 0.2617106 -0.410405 0.7879237 0.4590686 -0.2118489 0.9608675 0.178476 -0.5346706 -0.8401661 0.09082049 -0.9603881 -0.09563356 0.2617424 -0.9459374 -0.08177149 0.3138723 -0.442782 -0.8919255 -0.09172326 -0.5346696 -0.8401688 0.09080064 -0.9459523 -0.08173662 0.3138366 -0.4427853 -0.8919255 -0.09170681 -0.9459292 -0.08176958 0.3138975 -0.6784585 -0.7307837 0.07516312 -1.01292e-4 -0.9984771 -0.05516868 -0.4518954 -0.878592 0.1544888 -0.4428033 -0.8919148 -0.09172445 -0.151421 -0.9852123 -0.08017784 0.09104132 -0.9178283 0.3863974 -0.534659 -0.8401745 0.09081178 -0.4428148 -0.8919105 -0.09170931 0.09108304 -0.9178359 0.3863691 -0.5346526 -0.8401793 0.0908041 0.09108006 -0.91784 0.3863604 0.3555642 -0.3936523 0.84771 0.7468269 0.5206116 0.4137793 0.9653221 0.2609665 0.007055401 0.679829 0.7322175 0.04110985 0.679819 0.7322265 0.04111653 0.4241204 0.7678198 0.4801818 0.7468453 0.5206002 0.4137604 0.2724182 0.7670255 0.5809133 0.4241276 0.76782 0.4801754 0.6798251 0.7322207 0.04111766 0.679814 0.7322301 0.0411337 0.2450475 0.9694138 0.01373779 0.2723649 0.7670574 0.5808963 0.5461013 -0.2574157 -0.7971892 0.5488685 0.8097534 0.2074682 0.5923591 0.2504157 0.7657694 -0.004585027 -0.3242274 -0.9459682 0.5460618 -0.2574099 -0.7972182 0.0283187 -0.9964062 -0.07982981 0.02832132 -0.9963712 -0.08026552 -5.2825e-4 -0.9953064 -0.0967732 -0.004573523 -0.3242442 -0.9459624 0.005527853 0.3093764 0.9509236 0.5923707 0.2504472 0.7657501 0.5488975 0.8097447 0.2074249 0.5488822 0.8097525 0.207435 0.002150833 0.963765 0.2667442 0.005528807 0.3093755 0.9509239 0.002180159 0.9637621 0.2667543 0.5489084 0.809745 0.2073948 0.546101 -0.2574148 -0.7971897 0.5461012 -0.2573821 -0.7972002 -0.004679381 -0.3242561 -0.9459578 0.002153515 0.9637665 0.2667389 -0.9999827 -2.62714e-4 0.005901038 -0.004651904 -0.3242592 -0.9459568 -5.47804e-4 -0.9953066 -0.09677094 -0.03094631 -0.9926224 -0.1172314 -0.03094816 -0.9926162 -0.1172831 -0.01481223 -0.2731716 -0.9618514 -0.004569828 -0.3242422 -0.9459631 0.005535542 0.3093752 0.9509239 0.002119481 0.9637698 0.2667271 0.03008729 0.9631444 0.267297 0.03005659 0.9631392 0.267319 0.0146895 0.3093352 0.9508397 0.005533754 0.3093742 0.9509243 0.002175927 0.963762 0.2667551 -0.004685521 -0.3242314 -0.9459663 -0.01477676 -0.2731677 -0.9618529 -0.01474225 -0.2732023 -0.9618437 0.03004819 0.9631438 0.2673034 0.002213716 0.9637665 0.2667384 -8.52275e-4 -0.9760974 -0.217332 -0.002325236 -0.9761379 -0.2171395 0.02546995 -0.974936 -0.221023 0.02548414 -0.9749353 -0.2210245 0.02984255 -0.9746707 -0.2216453 -8.85421e-4 -0.9760985 -0.2173268 0.8096603 0.5866606 0.01672244 0.9999145 -0.004085183 0.012425 0.9999165 0.005077779 0.01188826 0.9999162 0.005115032 0.01189225 0.8456736 0.5334035 0.01780152 0.8097314 0.5865624 0.01672059 -0.9999393 -0.004165709 0.01021337 -0.6452296 0.7637692 0.01831859 -0.7009901 0.71302 0.01467275 -0.7010056 0.7130047 0.01467895 -0.9999568 0.002430617 0.008976399 -0.9999395 -0.004150748 0.01019304 0.1112344 -0.9937939 -8.13389e-4 -0.9999393 -0.004159212 0.01020151 -0.9999569 0.002426922 0.008960127 -0.9999572 0.002393245 0.00895524 0.1228247 -0.9924284 2.12367e-4 0.1112583 -0.9937913 -7.23567e-4 0.9999146 -0.004068374 0.01242232 0.1112333 -0.993794 -7.81937e-4 0.122845 -0.9924259 1.77114e-4 0.1228465 -0.9924257 2.3229e-4 0.9999161 0.00511527 0.0119099 0.9999139 -0.004098236 0.01246744 0.00662446 2.28275e-4 0.9999781 0.006631016 2.1e-4 0.9999781 0.164408 0.9675999 -0.1916261 0.3164939 0.9384375 -0.138444 0.1864951 0.950358 -0.2490769 0.1865055 0.9503492 -0.2491027 0.1591199 0.9442662 -0.2881705 0.1643853 0.9676002 -0.1916438 0.3165181 0.9384312 -0.1384317 0.4503762 0.889528 -0.07681924 0.2832353 0.9389838 -0.19516 0.2831976 0.9389931 -0.1951694 0.1864904 0.9503519 -0.2491038 0.316517 0.9384303 -0.1384396 0.1864793 0.9503546 -0.2491015 0.0759657 0.9467594 -0.3128512 0.09295523 0.9389614 -0.3312263 0.09295523 0.9389632 -0.3312213 0.1591271 0.9442648 -0.2881711 0.1865015 0.9503548 -0.2490847 0.1864774 0.9503548 -0.2491027 0.2832271 0.9389863 -0.1951596 0.1472406 0.9448168 -0.2926456 0.1472173 0.9448185 -0.2926518 0.07595914 0.9467607 -0.3128489 0.1864838 0.9503546 -0.2490983 -0.0889998 0.9766157 -0.1957058 -3.28426e-7 0.9805067 -0.1964856 -2.42144e-7 0.9594941 -0.2817288 -5.95659e-6 0.9594941 -0.2817287 -0.07964092 0.9549564 -0.2858595 -0.08899146 0.9768511 -0.1945318 -0.1867106 0.9502423 -0.2493566 -0.3165171 0.9384307 -0.1384365 -0.08899641 0.9768512 -0.1945292 -0.3165168 0.9384303 -0.1384404 -0.1867211 0.9502375 -0.2493668 -0.2832644 0.9388653 -0.1956874 -0.2832733 0.9388632 -0.195684 -0.450378 0.8895272 -0.07681858 -0.3165203 0.9384305 -0.1384316 -5.35813e-6 0.9594899 -0.2817431 1.2479e-6 0.9297451 -0.3682041 -0.04519206 0.9353998 -0.350692 -0.0451945 0.9353991 -0.3506937 -0.0796501 0.9549486 -0.2858833 -2.30968e-7 0.9594901 -0.2817425 -0.1867145 0.9502409 -0.2493594 -0.07965916 0.9549495 -0.2858778 -0.0452224 0.9354001 -0.3506873 -0.04519462 0.9353939 -0.3507075 -0.07696014 0.9466394 -0.3129711 -0.1867135 0.9502384 -0.2493698 -0.1867051 0.9502361 -0.2493847 -0.076967 0.946639 -0.3129707 -0.1489818 0.9443845 -0.2931597 -0.148969 0.9443883 -0.2931537 -0.2832788 0.9388604 -0.1956892 -0.1867185 0.9502364 -0.2493733 -0.1643855 -0.9676004 0.1916431 -0.1591262 -0.9442641 0.2881736 -0.1865034 -0.9503479 0.2491095 -0.1864913 -0.9503575 0.2490817 -0.3164958 -0.9384378 0.1384372 -0.1644096 -0.9675999 0.1916246 -0.3165085 -0.9384341 0.1384334 -0.1864834 -0.9503541 0.2491005 -0.2832412 -0.9389797 0.1951711 -0.2832399 -0.9389809 0.1951671 -0.4503765 -0.8895279 0.07681924 -0.3165183 -0.9384312 0.1384313 -0.1864979 -0.9503556 0.249084 -0.1591264 -0.9442648 0.2881719 -0.09296011 -0.9389633 0.3312194 -0.09295576 -0.9389623 0.3312237 -0.0759654 -0.9467597 0.3128507 -0.1864855 -0.9503504 0.2491133 -0.1864854 -0.9503541 0.249099 -0.07595878 -0.9467611 0.3128482 -0.1472181 -0.9448184 0.2926521 -0.1472361 -0.9448187 0.2926419 -0.2832267 -0.9389861 0.1951612 -0.1865213 -0.9503486 0.2490928 0.08899641 -0.9768508 0.194531 0.3165166 -0.9384311 0.1384354 0.186712 -0.9502421 0.2493562 0.1867104 -0.9502391 0.2493692 0.07964181 -0.9549489 0.2858843 0.08899831 -0.9768512 0.1945283 0.3165196 -0.9384306 0.1384315 0.4503778 -0.8895272 0.07681936 0.2832772 -0.9388604 0.1956917 0.2832652 -0.9388646 0.195689 0.1867191 -0.9502388 0.2493636 0.3165117 -0.9384332 0.1384323 4.5989e-6 -0.95949 0.281743 0.07965153 -0.9549477 0.2858855 0.0451942 -0.9353986 0.3506948 0.04519206 -0.9354007 0.3506897 -2.09666e-7 -0.929745 0.3682042 -5.84871e-7 -0.9594899 0.2817431 0.1867079 -0.9502417 0.2493613 0.07695841 -0.9466392 0.3129726 0.04519432 -0.9353938 0.3507078 0.04522073 -0.935396 0.3506985 0.07966077 -0.9549494 0.2858774 0.1867082 -0.9502422 0.2493589 0.1867197 -0.9502371 0.2493698 0.2832809 -0.9388599 0.1956887 0.1489726 -0.9443868 0.2931567 0.8783757 0.4163001 0.2348416 0.9703962 -0.240712 -0.01972389 0.9946721 0.05560874 0.08680647 0.9946686 0.05557191 0.08686995 0.6334807 0.7013728 0.3267697 0.8783754 0.416293 0.2348551 -0.597843 0.7504602 0.2817685 -0.8327746 0.528019 0.1663808 -0.8327905 0.5280022 0.1663545 -0.7140733 -0.6411821 -0.2810426 -0.7408505 -0.6239344 -0.2486895 -0.1344109 -0.9283607 -0.3465262 -0.7408427 -0.6239641 -0.2486383 -0.7140648 -0.6411944 -0.2810361 -0.7140722 -0.6411937 -0.2810189 0.5960439 -0.7586393 -0.2630556 -0.1344032 -0.9283719 -0.3464991 0.9703919 -0.2407264 -0.0197575 -0.1344252 -0.9283682 -0.3465003 0.5960382 -0.7586525 -0.2630302 0.5960541 -0.7586361 -0.2630419 0.994669 0.05558502 0.08685684 0.9703919 -0.2407315 -0.01969331 -0.1430656 -0.5129973 0.8463842 -0.143065 -0.5129896 0.8463889 0.9999978 -7.83468e-4 -0.001954734 -0.01154869 -0.7481568 -0.6634215 0.008842527 -0.6855903 -0.727934 0.07785898 -0.9224073 0.3782895 0.07783639 -0.9223119 0.3785264 -0.002477169 -0.9251719 0.3795405 -0.01154261 -0.7481339 -0.6634475 0.01212775 0.7211043 0.6927204 -0.01284742 0.7210797 0.692733 -0.07394498 0.9687088 -0.2369295 -0.07398521 0.9687069 -0.236925 0.004320144 0.9774657 -0.2110503 0.01212757 0.7211049 0.6927197 0.004300475 0.9774604 -0.2110756 -0.07390141 0.9687188 -0.2369019 0.008910834 -0.6855687 -0.7279535 0.008940815 -0.6855741 -0.7279481 -0.01159071 -0.7481524 -0.6634258 0.00431478 0.9774577 -0.211088 -0.9999979 7.74589e-4 0.001921951 -0.01159077 -0.7481687 -0.6634073 -0.002477288 -0.9251748 0.3795334 -0.08138978 -0.9221426 0.3781915 -0.08135408 -0.9220367 0.3784572 -0.03337377 -0.6868161 -0.7260646 -0.01164186 -0.7481296 -0.6634506 0.01212227 0.721104 0.6927208 0.004312276 0.9774602 -0.2110763 0.08098149 0.9704224 -0.2274256 0.08100932 0.9704136 -0.2274534 0.03698939 0.7206496 0.6923121 0.0121175 0.7211064 0.6927185 0.004362523 0.9774653 -0.211051 -0.01162207 -0.7481588 -0.6634179 -0.03346323 -0.6868144 -0.7260622 -0.03346955 -0.6868126 -0.7260636 0.08104461 0.9704194 -0.227416 0.004247725 0.9774544 -0.2111037 0.3137305 0.9474965 0.06183612 0.2392561 0.9674542 0.08239561 0.2633271 0.9617211 0.0758382 0.2633101 0.961725 0.07584708 0.35243 0.9344596 0.05077719 0.3137556 0.947489 0.06182259 1.41087e-5 0.9999663 0.00821644 -0.1763679 0.9826207 0.0578894 -0.1763661 0.9826204 0.05789768 -0.1516967 0.987214 0.04895502 1.37596e-5 0.9999663 0.008217155 -0.2970487 0.9506893 0.08917427 -0.1516907 0.9872151 0.04895198 -0.176344 0.9826244 0.05789864 -0.1763765 0.9826185 0.05789798 -0.2892614 0.9529385 0.09075415 -0.2970365 0.950693 0.08917629 -0.3137441 -0.9474926 -0.06182569 -0.3524188 -0.9344636 -0.05078136 -0.263342 -0.9617174 -0.07583248 -0.263328 -0.9617208 -0.07583868 -0.2392569 -0.967454 -0.08239567 -0.313732 -0.9474957 -0.06183922 -1.44338e-5 -0.9999663 -0.008217096 0.1516977 -0.9872142 -0.04894888 0.1763703 -0.9826207 -0.05788016 0.1763642 -0.9826205 -0.0579015 -1.44284e-5 -0.9999663 -0.00821644 0.2970363 -0.9506928 -0.08917665 0.2892609 -0.9529387 -0.09075295 0.1763749 -0.9826187 -0.05790096 0.1763892 -0.9826158 -0.0579065 0.1516879 -0.9872153 -0.04895699 0.2970473 -0.9506897 -0.0891745 0.8393304 0.04064583 0.5421001 -0.8991044 0.1083261 0.4241189 0.9673459 0.154371 -0.2010263 0.9888975 9.96319e-4 -0.1485961 0.8266856 6.37816e-4 -0.562664 0.8266621 6.28579e-4 -0.5626984 0.8670866 0.2154898 -0.4491381 0.9673452 0.1543554 -0.2010415 -0.8500708 -0.006897687 -0.5266234 -0.9717197 0.00233215 -0.2361261 -0.04435604 1.27949e-4 0.9990159 -0.8500687 -0.006875097 -0.526627 -0.766862 0.00149405 0.6418104 -0.8915219 0.2247889 -0.3932667 -0.7545961 -0.6241842 -0.2024322 -0.7474696 -0.649495 -0.1394478 -0.8206238 -0.5654602 -0.08265173 -0.8206298 -0.5654499 -0.08266443 -0.8148314 -0.5772793 -0.05290096 -0.754599 -0.6241877 -0.2024115 0.9999974 0.002304732 -3.08768e-5 0.9999973 0.00229597 5.44317e-4 0.9888955 9.99985e-4 -0.1486091 0.9888975 0.001009106 -0.1485965 0.9673489 0.1543661 -0.2010157 0.9999974 0.002306699 -6.60621e-5 0.8084009 -0.5766503 -0.1181633 0.8243479 -0.5644125 -0.04346626 0.7521823 -0.6363546 -0.1710985 0.003370165 -0.3554663 0.934683 0.002013862 -0.3280265 0.9446664 0.001981317 -0.511223 0.8594458 0.0019809 -0.5112528 0.8594281 0.004086375 -0.5392954 0.8421068 0.003364205 -0.3554735 0.9346803 -0.629502 0.001003444 -0.7769983 -0.6497918 0.003383874 -0.7601048 -0.6486669 0.003243386 -0.7610656 -0.6486052 0.003234684 -0.7611183 -0.6283249 8.73162e-4 -0.7779506 -0.6294759 0.001002371 -0.7770195 0.5524199 -0.7271482 -0.4075388 0.5517663 -0.7303658 -0.4026411 0.7247477 -0.5591301 -0.4026342 -0.6641672 -0.633321 -0.3972234 -0.8942365 -0.3235624 0.3092712 -0.6510774 -0.6766542 -0.3438565 0.461058 0.6806499 0.5693342 0.3937051 0.68101 0.6174317 0.5404598 0.7361766 0.4073664 -0.3727604 0.7308779 0.5717231 -0.737942 0.6183372 0.2703717 -0.7281612 0.6279876 0.2746143 -0.7281448 0.6280025 0.2746235 -0.372219 0.7875511 0.491138 -0.372728 0.7308832 0.5717375 0.4610562 0.6806471 0.5693389 0.4777631 0.399654 0.7823167 0.3936886 0.6810214 0.6174294 -0.3186575 0.6880226 0.6519835 -0.8942369 -0.3235555 0.309277 -0.372731 0.7308993 0.5717148 -0.004304409 1.07279e-4 0.9999908 -0.003143846 0.001251637 0.9999943 -0.003156423 0.00158286 0.9999939 -0.003128647 0.00161916 0.9999939 -0.004307985 1.07236e-4 0.9999908 -0.9999903 0.002246379 -0.003805041 -0.9999903 0.00224632 -0.003805935 -0.9995726 -0.02923756 -5.00324e-5 -0.6890555 -0.01541513 0.7245447 -0.6890571 -0.01536679 0.7245442 -0.7280654 -0.01705813 0.6852955 -0.9995726 -0.029235 -5.01312e-5 0.9001176 0.1946716 0.3897324 0.7257623 0.5613947 0.3976244 0.5315332 0.7955083 0.290928 0.5315411 0.795506 0.2909199 0.8795951 -0.001907169 0.4757193 0.9001191 0.1946715 0.3897289 0.7257265 0.5613986 0.3976843 0 1 7.98065e-5 -3.45845e-7 1 8.07073e-5 0.5315252 0.7954821 0.2910141 0.7257773 0.5613989 0.3975911 0.1802725 0.8902435 -0.4182922 0.9001036 0.1946795 0.3897607 0.5699116 0.21231 -0.7938044 0.5698606 0.212311 -0.7938407 0.6033602 0.01241105 -0.7973724 0.1803028 0.8902531 -0.4182587 -0.02943289 -0.999547 -0.006300389 -0.04591494 -0.9986346 -0.02491474 -0.03406655 -0.999353 -0.01154232 -0.03405475 -0.9993534 -0.01153266 -0.02387785 -0.9997149 -6.01195e-5 -0.02942258 -0.9995473 -0.006289422 -0.003151416 0.001626849 0.9999938 -0.003104507 0.001288652 0.9999943 -0.7280714 -0.01704591 0.6852894 -0.7280526 -0.01700633 0.6853104 -0.6890425 -0.01534122 0.7245586 -0.003070712 0.001706123 0.9999939 0.05497688 0.9984877 2.91172e-4 0.05562263 0.9984519 6.19471e-5 0.008348286 1.09971e-4 0.9999653 0.007071256 0.001728057 0.9999736 0.007072031 0.001727938 0.9999736 0.007126331 0.001327633 0.9999737 0.008349299 1.10058e-4 0.9999651 0.9999889 0.002681195 -0.00386548 0.9999889 0.002681076 -0.003866493 0.9995852 -0.02880126 -1.09897e-4 0.7293292 -0.01673501 0.6839582 0.6906684 -0.01506876 0.7230147 0.6906713 -0.01504707 0.7230124 0.9995846 -0.02882313 -1.12008e-4 -0.8998821 0.1940122 0.3906041 -0.8791344 -0.002292931 0.4765686 -0.531902 0.7949231 0.2918519 -0.5319098 0.794926 0.2918299 -0.7248249 0.5623452 0.3979912 -0.899873 0.1940123 0.3906252 -0.7247976 0.562345 0.3980408 -0.5318832 0.794927 0.2918759 -4.83465e-6 1 8.23883e-5 -4.2145e-6 1 8.27635e-5 -0.724832 0.5623461 0.3979768 -0.1817961 0.8900453 -0.4180546 -0.6054236 0.01213914 -0.7958109 -0.5721092 0.2114444 -0.7924535 -0.5721698 0.2114475 -0.7924089 -0.8998721 0.1940232 0.3906214 -0.1817911 0.8900678 -0.4180091 0.02939176 -0.999548 -0.006320178 0.02387702 -0.999715 -6.43283e-5 0.03404021 -0.9993538 -0.01154899 0.03404092 -0.9993537 -0.01154935 0.04581618 -0.998639 -0.02492254 0.02939224 -0.999548 -0.006320714 0.007104218 0.001695513 0.9999734 0.6906974 -0.01501512 0.722988 0.7293213 -0.01674699 0.6839665 0.7293088 -0.01672565 0.6839802 0.0071913 0.001259207 0.9999734 0.007153749 0.001645684 0.9999731 -0.05561918 0.9984521 6.55493e-5 -0.05497223 0.9984879 2.94328e-4 -0.05541336 0.9984636 1.08244e-4 0.002023637 9.30654e-5 0.999998 0.002023339 9.31402e-5 0.999998 -0.004646122 0.9999892 8.98274e-5 -0.004645586 0.9999892 9.72406e-5 -2.0501e-6 -1 -9.1498e-5 -1.89267e-6 -1 -9.15619e-5 0.7735642 -0.2113323 0.5974421 0.8147603 -0.1973337 -0.5451836 0.9372345 -0.3269805 -0.1211416 0.9372361 -0.3269758 -0.1211423 0.9125782 -0.3494434 0.212345 0.7735714 -0.2113204 0.597437 0.9125764 -0.3494375 0.2123621 0.4230706 -0.2594254 0.8681647 0.1810265 -0.07162123 0.9808669 0.1810016 -0.07162785 0.980871 0.7735536 -0.2113401 0.5974531 0.9125782 -0.3494275 0.2123714 -0.3419719 -0.2182676 0.9140101 -0.371838 -0.2070618 0.9049099 -0.1939026 -0.1479016 0.9698076 -0.1938874 -0.1479057 0.9698101 -0.1441432 -0.13955 0.9796676 -0.3419446 -0.2182734 0.9140189 -0.8976555 -0.3898136 -0.2055723 -0.8973938 -0.389172 -0.2079169 -0.8998345 -0.3960874 -0.1827917 -0.899836 -0.3960886 -0.1827817 -0.9001815 -0.3971977 -0.1786266 -0.8976557 -0.3898181 -0.2055631 0.8147473 -0.1973217 -0.5452074 0.7735332 -0.2113877 0.5974627 0.9879718 -0.1303231 0.0832327 0.9879705 -0.1303493 0.08320659 0.9803846 -0.125916 -0.1516292 0.8147394 -0.1973369 -0.5452138 0.7735563 -0.2113217 0.5974561 0.1810084 -0.07163059 0.9808696 0.987981 -0.1302685 0.08320915 -0.1441426 -0.1395757 0.979664 -0.1938851 -0.1479169 0.9698088 -0.1440197 0.01005381 0.9895238 -0.9803584 -0.1010779 -0.1693537 -0.9769458 -0.0975942 -0.1898747 -0.9919849 -0.125375 -0.01572042 -0.9919854 -0.1253709 -0.015724 -0.9918261 -0.1275956 -7.40764e-4 -0.9803563 -0.1010881 -0.1693595 -3.46818e-4 0.02545368 -0.9996759 0.814756 -0.1973488 -0.5451844 0.9803884 -0.1258549 -0.1516551 0.00736612 0.3055836 -0.9521368 0.007367372 0.3055874 -0.9521355 0.006872594 0.3056037 -0.9521341 0.006538331 0.3056325 -0.9521272 0.007014513 0.305587 -0.9521383 0.006535232 0.3055778 -0.9521447 0.007014513 0.305587 -0.9521383 0.007365107 0.3055788 -0.9521383 0.007373154 0.3055944 -0.9521334 0.006893932 0.3055848 -0.95214 0.007366657 0.3055817 -0.9521374 0.007364869 0.3055713 -0.9521408 0.006538629 0.3056362 -0.952126 0.007366538 0.3055789 -0.9521384 0.007370173 0.3055903 -0.9521346 0.007367789 0.3055841 -0.9521366 0.007365107 0.3055635 -0.9521433 0.006538033 0.3056317 -0.9521273 0.006535053 0.3055837 -0.9521428 0.00736773 0.3055819 -0.9521373 0.007032334 0.3055917 -0.9521367 0.007370054 0.3055875 -0.9521355 0.007367014 0.3055816 -0.9521374 0.007112026 0.305586 -0.952138 0.00653851 0.3056291 -0.9521282 0.007014632 0.3055873 -0.9521383 0.006535351 0.3055787 -0.9521444 0.00720632 0.3055906 -0.9521358 0.007365584 0.3055777 -0.9521387 0.007030248 0.3055903 -0.9521372 0.007371127 0.3055894 -0.9521349 0.007366478 0.3055832 -0.9521369 0.007363736 0.3055618 -0.9521438 0.006538212 0.305629 -0.9521284 0.006870508 0.3055693 -0.952145 0.006535232 0.3055831 -0.952143 0.007110416 0.3055887 -0.9521372 0.007366955 0.3055814 -0.9521375 0.007371187 0.3055949 -0.9521332 0.007366478 0.3055831 -0.952137 0.007366776 0.305577 -0.952139 0.007013499 0.3055697 -0.9521439 0.006538271 0.3056305 -0.9521278 0.007014334 0.3055636 -0.9521459 0.006535351 0.3055837 -0.9521428 0.007206439 0.3055896 -0.9521361 0.007366836 0.305583 -0.952137 0.007370173 0.3055894 -0.9521349 0.007366836 0.3055835 -0.9521369 0.007365822 0.3055739 -0.9521399 -0.006326913 0.3056313 -0.952129 -0.006803214 0.3055858 -0.9521403 -0.006323873 0.3055798 -0.9521455 -0.007365107 0.3055782 -0.9521386 -0.007365405 0.3055782 -0.9521385 -0.007375478 0.3056091 -0.9521286 -0.006897032 0.3055815 -0.952141 -0.007366478 0.3055859 -0.952136 -0.006326735 0.3056298 -0.9521294 -0.006658613 0.3055799 -0.9521433 -0.006323158 0.3055717 -0.9521481 -0.006658673 0.3055664 -0.9521475 -0.00703305 0.3055619 -0.9521463 -0.007367491 0.3055875 -0.9521356 -0.006885826 0.3055959 -0.9521364 -0.007364511 0.3055696 -0.9521413 -0.007375299 0.305603 -0.9521304 -0.007040083 0.3055894 -0.9521375 -0.007369697 0.3055871 -0.9521357 -0.006327033 0.3056337 -0.9521282 -0.006802916 0.3055655 -0.9521468 -0.006323635 0.3055764 -0.9521466 -0.006802916 0.3055658 -0.9521467 -0.007028996 0.3055601 -0.952147 -0.007364153 0.3055744 -0.9521397 -0.007363796 0.3055742 -0.9521399 -0.006884872 0.3055554 -0.9521495 -0.007368028 0.3055861 -0.952136 -0.007368981 0.3055874 -0.9521356 -0.006326913 0.3056298 -0.9521294 -0.006660759 0.3055965 -0.9521378 -0.006898641 0.3055863 -0.9521394 -0.006323516 0.3055749 -0.9521471 -0.007367372 0.3055941 -0.9521334 -0.007029175 0.3055878 -0.952138 -0.007364332 0.305572 -0.9521405 -0.007374405 0.3056054 -0.9521298 -0.007039248 0.3055901 -0.9521372 -0.007367312 0.305586 -0.952136 -0.007365524 0.3055765 -0.9521391 -0.006790101 0.3055992 -0.9521361 -0.00736469 0.3055724 -0.9521405 -0.007378399 0.3056117 -0.9521278 -0.007367134 0.3055859 -0.952136 -0.006327152 0.3056371 -0.9521271 -0.006898641 0.3055734 -0.9521436 -0.006659269 0.3055841 -0.9521419 -0.006323754 0.3055799 -0.9521455 -0.006659209 0.3055707 -0.9521461 -0.00736767 0.3055832 -0.9521369 -0.007366061 0.3055767 -0.952139 -0.0073722 0.3055953 -0.952133 -0.006797075 0.3055844 -0.9521408 -0.007368624 0.3055861 -0.9521359 -0.006326913 0.3056313 -0.952129 -0.007185101 0.3055439 -0.9521509 -0.007090747 0.3055893 -0.9521371 -0.006323754 0.3055826 -0.9521447 -0.007090449 0.3055588 -0.9521468 -0.007366657 0.3055765 -0.9521391 -0.007366955 0.305579 -0.9521383 -0.007365942 0.305581 -0.9521376 -0.005727827 0.1983047 0.9801238 -0.005057454 0.1982706 0.9801343 -0.005727767 0.1983025 0.9801241 -0.005153238 0.1982753 0.9801329 -0.00518167 0.1983073 0.9801262 -0.005515336 0.1982629 0.9801334 -0.005515336 0.1982628 0.9801334 -0.005182325 0.1983038 0.9801269 -0.00518161 0.1983072 0.9801263 -0.005181968 0.198305 0.9801267 -0.005727946 0.1983025 0.9801242 -0.005249202 0.19828 0.9801315 -0.005727946 0.1983035 0.980124 -0.005249202 0.19828 0.9801315 -0.005181789 0.1983032 0.9801271 -0.00518161 0.1983042 0.9801269 -0.005180835 0.1983045 0.9801268 -0.005182147 0.1983034 0.980127 -0.005727946 0.1983038 0.9801239 -0.005392849 0.198287 0.9801291 -0.005727827 0.1983054 0.9801236 -0.00518155 0.1983011 0.9801275 -0.005180895 0.1983064 0.9801264 -0.005181849 0.1983026 0.9801272 -0.005181908 0.1983036 0.980127 -0.005727946 0.1983024 0.9801242 -0.005249142 0.1982803 0.9801314 -0.005153357 0.1982756 0.9801328 -0.005727887 0.198303 0.9801241 -0.005249083 0.1982802 0.9801313 -0.00518161 0.1982995 0.9801279 -0.005180835 0.198304 0.9801269 -0.00518018 0.1983056 0.9801266 -0.005181491 0.1983032 0.980127 -0.005728304 0.1983005 0.9801246 -0.005728006 0.1983044 0.9801238 -0.005153596 0.1982749 0.980133 -0.005182266 0.1983022 0.9801272 -0.005181491 0.1983052 0.9801266 -0.005182564 0.1983025 0.9801272 -0.005181908 0.1983039 0.9801269 -0.005727589 0.1983043 0.9801238 -0.005181133 0.1983129 0.9801251 -0.005182445 0.1983044 0.9801268 -0.005727946 0.1983036 0.9801239 -0.005392789 0.198287 0.9801291 -0.005727887 0.1983038 0.9801239 -0.005182027 0.1982954 0.9801287 -0.005656301 0.1982461 0.980136 -0.005180537 0.1983044 0.9801268 -0.005180537 0.1983031 0.9801272 -0.005180835 0.1983035 0.980127 0.005181908 0.1983039 0.9801269 0.005181789 0.1983051 0.9801267 0.005181491 0.1983051 0.9801267 0.005183279 0.198303 0.980127 0.005181372 0.1983036 0.9801269 0.005180716 0.1983086 0.980126 0.005704581 0.1983044 0.9801239 0.005704641 0.1983054 0.9801238 0.005180716 0.1983059 0.9801266 0.00551325 0.1982614 0.9801337 0.005184233 0.1982995 0.9801278 0.005182981 0.1983039 0.980127 0.005182683 0.198303 0.980127 0.005704581 0.1983026 0.9801243 0.005225896 0.1982778 0.9801319 0.005704343 0.198306 0.9801236 0.005182027 0.1983063 0.9801264 0.005514442 0.1982609 0.9801338 0.005183517 0.198302 0.9801273 0.005181908 0.1983042 0.9801269 0.005181729 0.1983088 0.9801259 0.005704343 0.1983032 0.9801242 0.005704283 0.1983037 0.9801241 0.005182683 0.1983045 0.9801267 0.005753397 0.1982333 0.9801381 0.005515575 0.1982629 0.9801334 0.00518167 0.1983053 0.9801266 0.005183279 0.1983035 0.980127 0.005704522 0.1983035 0.9801241 0.005704402 0.1983042 0.980124 0.00518316 0.1983048 0.9801267 0.005182445 0.1983041 0.9801269 0.005182445 0.1983074 0.9801262 0.005369365 0.1982849 0.9801298 0.005704522 0.1983008 0.9801247 0.005704402 0.1983022 0.9801244 0.005183279 0.1983028 0.9801271 0.005182623 0.1983034 0.980127 0.005181074 0.1983026 0.9801272 0.005179822 0.1983126 0.9801252 0.00570476 0.1983023 0.9801243 0.005704939 0.1982989 0.9801251 0.005181849 0.1982994 0.9801278 0.005178213 0.1983067 0.9801265 0.005727767 -0.1983015 -0.9801244 0.0051831 -0.1983025 -0.9801272 0.005180895 -0.1983072 -0.9801263 -0.005704581 -0.1983042 -0.9801239 -0.005704581 -0.1983043 -0.980124 -0.005225956 -0.1982783 -0.9801319 -0.005184471 -0.1982996 -0.9801278 -0.005186915 -0.1982949 -0.9801287 -0.7458096 0.1867235 0.6394548 -0.436168 0.001552522 0.899864 -0.4280578 0.01034557 0.9036923 -0.4280565 0.01034712 0.9036927 -0.4183242 0.08059531 0.9047151 -0.7457914 0.1867495 0.6394684 -0.7458012 0.18676 0.639454 -0.9634166 0.2274312 0.1417864 -0.9835819 0.1081829 0.1444413 -0.9832929 0.09760612 0.1536496 -0.5478638 0.2423238 0.8007025 -0.8371974 0.3308725 0.4354584 -0.7458088 0.1867423 0.6394503 -0.7458033 0.1867236 0.6394621 -0.4183284 0.08058488 0.9047141 -0.5478446 0.2423055 0.8007212 -0.9377468 0.3353464 0.0904082 -0.9634187 0.2274146 0.141799 -0.7457914 0.1867573 0.6394662 -0.7458099 0.1867228 0.6394548 -0.8372075 0.3308335 0.4354685 -0.937751 0.3353394 0.09039163 0.001050889 -0.9999991 7.94037e-4 0.001769542 -0.9999976 0.001272559 -2.2038e-4 -1 2.44541e-5 -1.52143e-4 -1 -1.91788e-4 8.38193e-4 -0.9999995 6.41601e-4 9.38337e-4 -0.9999993 7.26365e-4 0.003373146 -0.9999918 0.002257585 0.001820325 -0.9999976 0.001305103 -0.004663944 0.9999886 -0.001067698 6.20677e-4 0.9999998 3.24338e-4 5.70417e-4 0.9999999 3.47618e-4 -0.01431816 0.9998822 -0.005526185 -0.004698634 0.9999884 -0.001083254 -0.004683017 0.9999885 -0.001072585 -0.01434302 0.9998818 -0.005538046 -0.02203768 0.9997146 -0.009222626 0.431572 -0.1015282 -0.8963468 0.5981122 -0.174998 -0.7820726 0.5532966 -0.1548174 -0.8184709 0.5533025 -0.1548197 -0.8184664 0.403732 -0.08964753 -0.9104745 0.4315313 -0.1015331 -0.8963659 0.7979834 0.1769167 0.5761276 0.424243 0.07954871 0.9020476 0.4339717 0.01081204 0.9008617 0.4339872 0.01079422 0.9008545 0.8220868 0.05995047 0.5661974 0.7979878 0.1769346 0.576116 0.983412 0.1037747 0.1487675 0.9633402 0.2280316 0.1413406 0.7979829 0.1769027 0.5761325 0.7979907 0.1768928 0.5761249 0.8220953 0.05995166 0.5661848 0.9834131 0.1038109 0.1487351 0.7980033 0.1769294 0.5760961 0.8389379 0.3304233 0.4324393 0.5534788 0.2404894 0.7973871 0.5535001 0.2405002 0.7973691 0.4242382 0.0795859 0.9020466 0.7979989 0.176946 0.5760971 0.9375041 0.3361079 0.09009772 0.8389357 0.3304126 0.4324518 0.7979769 0.1769286 0.5761329 0.7979908 0.1768993 0.5761227 0.963351 0.2279927 0.14133 0.9375097 0.3360969 0.09008014 -7.54748e-4 -0.9999996 5.91818e-4 1.48007e-4 -1 -1.96432e-4 2.21873e-4 -1 2.96083e-5 -0.001729547 -0.9999978 0.001248896 -7.97557e-4 -0.9999995 6.59739e-4 -9.82229e-4 -0.9999993 7.72512e-4 -0.001954197 -0.9999972 0.001388013 -0.003331422 -0.999992 0.002259731 0.004704177 0.9999883 -0.001116275 0.01423269 0.9998834 -0.005528092 -5.10916e-4 0.9999998 5.09697e-4 -6.02855e-4 0.9999998 3.25381e-4 0.00462681 0.9999887 -0.001087009 0.00468409 0.9999885 -0.001105725 0.02189105 0.9997178 -0.009232044 0.01425379 0.9998831 -0.005538642 -0.4379187 -0.100866 -0.8933383 -0.4101309 -0.08884 -0.9076895 -0.557857 -0.1540263 -0.8155192 -0.5578669 -0.1540279 -0.8155121 -0.6026595 -0.1744999 -0.7786858 -0.4379288 -0.1008697 -0.893333 0.5806953 -0.5779098 0.5734225 -0.5743396 -0.5801362 0.5775605 -0.5783258 -0.5770184 -0.5767054 -0.5783491 -0.5770164 -0.5766841 0.5760719 -0.5742949 -0.5816584 0.5806893 -0.5779067 0.5734317 0.5783161 0.5770433 0.5766903 0.5744552 0.5800684 -0.5775137 -0.5805265 0.5780023 -0.5735002 -0.5805914 0.5779978 -0.5734391 -0.5761494 0.5742441 0.5816319 0.5783099 0.5770583 0.5766814 0.5782674 0.5771128 0.5766695 -0.5760843 0.5742944 0.5816468 -0.5743876 -0.5800926 0.5775566 -0.5743674 -0.5801164 0.5775527 0.580696 -0.5779033 0.5734284 0.5783154 0.5770615 0.5766726 -0.5805703 0.5780199 -0.5734381 0.5744456 0.5800637 -0.5775279 0.5760575 -0.5742881 -0.5816794 0.5760186 -0.5743372 -0.5816696 -0.5782874 -0.5770341 -0.5767283 -0.5805795 0.5780006 -0.5734483 0.5782888 0.5770694 0.5766915 0.5806917 -0.5779379 0.5733977 0.576052 -0.5743269 -0.5816466 0.5760627 -0.574302 -0.5816606 0.5744158 0.5800453 -0.5775759 0.5783186 0.5770598 0.5766713 -0.5782905 -0.5770169 -0.5767422 -0.5743795 -0.5801154 0.5775416 -0.5761294 0.5742078 0.5816875 -0.5761229 0.5742186 0.5816833 -0.5805625 0.5779964 -0.5734696 -0.5782976 -0.5770284 -0.5767237 0.9985479 0.05376982 -0.003336131 -0.98803 -0.1539657 -0.009562313 -0.9985691 -0.05347698 -6.77817e-5 -0.9985705 -0.05345171 -6.52517e-5 0.9882481 0.1517864 -0.01807528 0.9985457 0.05380958 -0.003332257 0.9996539 0.026308 4.96702e-5 0.9996231 0.0274561 7.00046e-5 -0.9999998 -7.3761e-4 1.10805e-4 -0.715794 0.6983096 0.001615464 -0.7469068 0.664927 0.001567244 -0.9999998 -7.49084e-4 1.10593e-4 -0.0280295 0.9996047 0.002230167 -0.7469323 0.6648985 0.001533329 -0.7157873 0.6983166 0.001603662 -0.02833622 0.9995959 0.00223428 -0.9880168 -0.1540467 -0.009615123 0.9985494 0.05373823 -0.003384053 0.988256 0.1517399 -0.01803541 0.9882415 0.1518404 -0.01798051 -0.9985691 -0.05347812 -1.90909e-5 -0.988027 -0.1539813 -0.009614586 0.02751553 -0.999619 -0.002230048 0.02724099 -0.9996265 -0.00223428 0.9977211 0.02653568 0.06203669 0.6561723 0.7311188 -0.1868239 0.7257191 -0.6559792 -0.2074203 0.9978329 0.01827895 0.06320977 -0.9999998 -7.3758e-4 1.08923e-4 -0.724033 -0.6830583 -0.09595578 -0.7765316 0.6256089 -0.07491528 -0.9999998 -7.40879e-4 1.08363e-4 -0.02791488 0.9968497 0.07424008 -0.7765207 0.6256299 -0.07485175 0.6561737 0.7311209 -0.186811 -0.01703667 0.9969292 0.07643389 0.02772152 -0.9984576 0.04810434 0.7256933 -0.6560131 -0.2074034 -0.7240513 -0.683037 -0.09596991 0.0174629 -0.9986184 0.04956442 0.6817358 0.7214645 -0.1213485 0.7186724 -0.6806003 -0.1424546 0.7257025 -0.6559894 -0.207446 0.7257161 -0.6559872 -0.2074059 0.6561886 0.7311215 -0.1867564 0.6817641 0.7214418 -0.121325 -0.6856771 0.7267206 -0.0415228 0.6817445 0.7214438 -0.1214224 0.6561774 0.7310951 -0.1868984 0.6561642 0.7311155 -0.1868655 -0.7765172 0.6256251 -0.07492917 -0.6856227 0.7267784 -0.04140889 -0.6640571 -0.7447053 -0.06665104 -0.6856281 0.7267742 -0.04139381 -0.7765186 0.6256315 -0.07486248 -0.7765343 0.6256037 -0.0749309 -0.7240358 -0.6830601 -0.09592235 -0.6640776 -0.7446863 -0.06665879 0.7186751 -0.6806027 -0.1424289 -0.6640763 -0.7446824 -0.06671404 -0.7240387 -0.6830456 -0.0960043 -0.7240186 -0.6830807 -0.0959047 0.7257027 -0.6560109 -0.2073773 0.7186459 -0.6806527 -0.1423377 0.7186632 -0.6806034 -0.1424858 0.6817277 0.7214718 -0.1213506 0.9952029 0.02441537 0.09473687 0.6817256 0.7214654 -0.1213997 -0.6856443 0.7267538 -0.0414837 -0.02760672 0.99365 0.1090769 -0.6856418 0.7267605 -0.04140734 -0.664074 -0.7446943 -0.06660509 -0.9965981 -0.001912355 0.08239418 -0.6640443 -0.7447161 -0.06665879 0.7186779 -0.6806046 -0.1424062 0.02783793 -0.9962785 0.08157384 -0.002171039 -0.9999931 0.003022432 0.002610981 -0.9999931 0.00268644 0.003661572 -0.9999909 0.002225875 0.003704488 -0.9999907 0.0022282 -0.003763616 -0.9999882 0.003101587 -0.002131521 -0.9999932 0.003038108 2.77618e-4 -0.999993 0.003747165 -0.002303242 -0.9999962 0.001534879 0.002604246 -0.999993 0.002686738 0.002634167 -0.999993 0.002683162 -0.002149105 -0.9999932 0.003023624 4.22651e-4 -0.9999944 0.003318667 1.50173e-4 -0.9999929 0.003782272 -0.006523668 -0.9999772 -0.001762688 -0.002398312 -0.9999961 0.00144422 -0.002417147 -0.9999961 0.001431286 3.97931e-4 -0.9999932 0.003700137 9.5456e-5 -0.9999925 0.003882944 -3.0247e-4 -0.9991415 0.04142916 -0.002137422 -0.9999932 0.00301975 -0.003573179 -0.9999889 0.003102481 -0.003741323 -0.9999881 0.003120124 0.004454076 -0.9996943 0.02431911 -3.07592e-4 -0.999142 0.04141587 0.001314759 -0.9992812 0.03788691 4.18793e-4 -0.9999905 0.004351139 -0.00213921 -0.9999932 0.003035962 -0.002232432 -0.9999927 0.003121316 -3.08058e-4 -0.9991421 0.04141193 0.001310467 -0.9992815 0.03787928 -0.007295668 -0.9995597 0.0287649 1.58784e-4 -0.9999929 0.0037992 3.80348e-4 -0.9999925 0.003879666 1.55662e-4 -0.9999922 0.003970086 0.001311182 -0.9992818 0.03787124 -0.007300138 -0.9995597 0.02876055 -0.003214418 -0.9968221 0.07959586 -3.04624e-4 -0.9991425 0.0414049 0.004455089 -0.9996947 0.02430528 0.004443883 -0.999694 0.02433836 0.3826353 -0.9190222 0.09480839 -0.003179192 -0.9968197 0.07962745 0.00621742 -0.9969882 0.07730382 0.001315951 -0.9992824 0.03785592 -3.08728e-4 -0.9991419 0.04141753 -3.02575e-4 -0.9991427 0.04139786 -0.00316745 -0.9968231 0.07958525 0.006240844 -0.9969884 0.07730054 -0.1840608 -0.9794912 0.08196634 -0.007308185 -0.9995613 0.02870607 0.001316606 -0.9992832 0.03783464 0.001310765 -0.9992814 0.03788387 0.006208598 -0.9969881 0.07730621 -0.1840596 -0.979492 0.08196043 6.57663e-4 0.9971027 -0.07606458 0.5138222 0.08144402 0.854022 0.004462838 -0.9996954 0.02427726 2.04026e-4 0.9971916 -0.07489359 -0.001646816 0.9970604 -0.07660269 -0.007305264 -0.9995592 0.02877891 -0.1840597 -0.9794911 0.08197069 -0.02149677 -0.9936864 0.1101144 0.001622498 -0.993748 0.1116355 -0.02148085 -0.9936871 0.1101122 -0.1840792 -0.9794881 0.08196347 -0.003207921 -0.9968219 0.07959741 0.3826317 -0.9190269 0.09477716 0.513837 0.08139622 0.8540177 0.004477202 -0.9996945 0.02430927 0.5137399 0.0813722 0.8540785 0.3826526 -0.9190192 0.09476715 -0.007110297 -0.3055889 0.9521371 -0.006535112 -0.3055803 0.952144 -0.006870508 -0.3055683 0.9521455 -0.007368266 -0.3055902 0.9521346 -0.006538093 -0.3056262 0.9521291 -0.006535232 -0.3055823 0.9521433 -0.007030844 -0.30559 0.9521373 -0.007366299 -0.3055813 0.9521375 -0.007371068 -0.3055898 0.9521347 -0.007035553 -0.305588 0.9521379 0.006803452 -0.3055823 0.9521414 0.006326496 -0.3056293 0.9521297 0.006994068 -0.3055613 0.9521467 0.006323039 -0.3055745 0.9521472 0.007185697 -0.3055919 0.9521355 0.007373154 -0.3055962 0.9521327 0.1142835 0.6199864 0.776245 0.1320327 0.6224503 0.7714422 0.6733682 0.2214506 0.7053616 0.6733611 0.2214658 0.7053636 0.01168638 0.3285416 0.9444173 0.1142625 0.619988 0.7762468 -0.8934921 -0.403371 -0.1973927 -0.9179882 -0.3282701 -0.2225682 -0.9603772 -0.09564125 0.2617792 -0.9603734 -0.09567147 0.2617824 -0.5346898 -0.8401519 0.09083855 -0.8934981 -0.4033583 -0.1973916 0.01167762 0.6239965 0.78134 0.05228042 0.3528939 0.9342017 0.2947863 0.40298 0.8664342 0.2947717 0.4029835 0.8664376 0.2724385 0.7670313 0.5808961 0.01165598 0.6239898 0.7813457 -0.5844414 0.3317255 0.7405312 -0.2497789 0.9105851 0.3293103 -0.410403 0.7879338 0.4590533 -0.4103838 0.7879154 0.459102 -0.6017541 0.3168474 0.7331438 -0.5844591 0.3317106 0.7405239 0.2947717 0.4029903 0.8664345 0.3951396 0.2686524 0.8784592 0.4241459 0.7678211 0.4801573 0.4241338 0.7678018 0.4801989 0.2724199 0.7670401 0.5808932 0.294797 0.4029628 0.8664386 0.7468388 0.5206297 0.4137349 0.9755035 -0.2076255 -0.0726962 0.870559 -0.4069946 -0.2765549 0.8705539 -0.4070035 -0.2765578 0.7635594 -0.5547221 -0.3305461 0.74684 0.5206145 0.4137519 0.975497 -0.2076345 -0.07275712 0.7468319 0.5205878 0.4138002 0.4241339 0.7677903 0.4802171 0.424104 0.767819 0.4801979 0.3951084 0.2686365 0.8784783 0.9755069 -0.2076055 -0.07270705 0.01170384 0.3285009 0.9444312 0.6733524 0.2214199 0.7053864 0.6949414 0.1283571 0.7075175 0.6948895 0.1283693 0.7075663 0.5217934 0.1367777 0.8420354 0.01174139 0.328522 0.9444233 -0.9223052 -0.1110342 -0.3701686 -0.9046269 -0.1039839 -0.4133252 -0.9179809 -0.3282881 -0.2225714 -0.9179827 -0.3282779 -0.2225788 -0.8934846 -0.4033864 -0.1973952 -0.9222971 -0.1110185 -0.3701932 0.05230259 0.3529088 0.9341948 -0.05415713 0.1276603 0.9903383 0.2036896 0.1316371 0.9701455 0.2036979 0.1316335 0.9701443 0.2947957 0.4029821 0.8664301 0.05226927 0.3528766 0.9342088 -0.05419355 0.1277156 0.9903292 0.05229955 0.3528932 0.9342008 0.01172 0.3285377 0.9444182 0.01172739 0.3285372 0.9444183 0.5217459 0.1368064 0.8420601 -0.05415064 0.1277253 0.9903303 0.203709 0.1316271 0.9701429 0.2913373 0.124965 0.9484232 0.3951208 0.2685961 0.878485 0.3951484 0.2686459 0.8784573 0.2948239 0.402974 0.8664243 0.203651 0.1316326 0.9701542 0.9755045 -0.2076213 -0.07269442 0.8543308 -0.1049814 -0.5090165 0.8801873 -0.11097 -0.4614716 0.8801838 -0.1109628 -0.4614799 0.8705452 -0.4070217 -0.2765583 0.9754993 -0.207643 -0.07270103 -0.1466113 0.1425893 0.9788634 -0.4635373 0.1298808 0.8765068 -0.4373894 0.1315956 0.8895916 -0.4373483 0.1316159 0.8896088 -0.1208658 0.1429168 0.9823271 -0.1466136 0.1425839 0.9788638 0.3910971 0.633969 0.667178 0.003996193 0.827265 0.5617978 0.006763219 0.002294063 0.9999745 0.006965458 0.002195715 0.9999734 0.5020592 0.001631498 0.8648318 0.3910513 0.6340004 0.6671751 -0.5307424 -0.780918 -0.3293625 -0.008294045 -0.9991602 -0.04012501 -0.004086434 -0.9999705 0.006509602 -0.004088759 -0.9999702 0.006553053 -0.7862976 -0.6174535 0.02207642 -0.5307181 -0.7809216 -0.329393 0.8694278 -0.001262307 -0.4940586 0.5210927 0.8131046 -0.2594679 0.8020589 0.5971743 0.009197473 0.8020673 0.5971627 0.009216487 0.9999116 -3.32661e-4 0.01329755 0.8694732 -0.001347959 -0.4939785 0.5211042 0.8130939 -0.259478 0.001670897 0.998957 0.04563033 6.99682e-4 0.9999744 -0.007124245 7.04303e-4 0.9999747 -0.00709635 0.8020586 0.5971744 0.009207069 0.5211132 0.8131211 -0.2593746 -0.8733696 -6.22067e-5 -0.4870581 -0.5307179 -0.780931 -0.3293712 -0.7863044 -0.6174425 0.0221467 -0.786309 -0.6174356 0.02217024 -0.9996628 0.001893103 0.02590358 -0.8734146 6.70785e-6 -0.4869775 -0.7863028 -0.6174458 0.02210915 -0.004086196 -0.9999704 0.006513893 -0.004239797 -0.9981295 0.06098812 -0.004217922 -0.9981317 0.06095522 -0.5119454 -0.7768272 0.3666764 -0.786288 -0.6174617 0.0221861 0.999912 -2.76356e-4 0.01326841 0.8020439 0.5971941 0.00921595 0.3910182 0.6339674 0.6672257 0.3910146 0.6339628 0.6672322 0.5020822 0.001588821 0.8648185 0.9999122 -3.13923e-4 0.01325398 0.8020578 0.597175 0.009239554 7.05309e-4 0.9999749 -0.007059097 0.003733515 0.8272596 0.5618076 0.003723144 0.8272798 0.5617777 0.3910366 0.6339988 0.6671852 0.8020427 0.5971954 0.009233236 -0.9996619 0.001860797 0.02593433 -0.7863019 -0.6174466 0.02211523 -0.511923 -0.7768363 0.3666882 -0.5119397 -0.7768207 0.3666982 -0.8491946 0.002250075 0.5280754 -0.9996629 0.001886725 0.02589267</float_array>
          <technique_common>
            <accessor source="#keles2_Akation_Mesh_002-mesh-normals-array" count="1443" stride="3">
              <param name="X" type="float"/>
              <param name="Y" type="float"/>
              <param name="Z" type="float"/>
            </accessor>
          </technique_common>
        </source>
        <source id="keles2_Akation_Mesh_002-mesh-map-0">
          <float_array id="keles2_Akation_Mesh_002-mesh-map-0-array" count="3618">0.122636 0.995407 0.198787 0.938068 0.1229439 0.926657 0.198787 0.938068 0.193839 0.688192 0.123682 0.699512 0.123682 0.699512 0.12297 0.918789 0.198787 0.938068 0.124604 0.668927 0.123682 0.699512 0.193839 0.688192 0.196764 0.688286 0.124352 0.668915 0.122881 0.636459 0.196764 0.688286 0.195314 0.938165 0.123192 0.918806 0.123192 0.918806 0.123486 0.699912 0.196764 0.688286 0.123005 0.995429 0.123181 0.926674 0.195314 0.938165 0.121263 0.468576 0.123661 0.302034 0.151614 0.327743 0.151614 0.327743 0.150566 0.42816 0.121263 0.468576 0.1569409 0.2833361 0.151614 0.327743 0.123661 0.302034 0.005031943 0.995786 0.007867991 0.645921 0.02478998 0.646159 0.02478998 0.646159 0.02195399 0.996025 0.005031943 0.995786 0.007867991 0.645921 0.01154297 0.597122 0.02981597 0.59269 0.02981597 0.59269 0.02478998 0.646159 0.007867991 0.645921 0.01205199 0.545329 0.01053899 0.597103 0.02879297 0.59252 0.007088959 0.646559 0.005917966 0.995813 0.02284097 0.995912 0.02284097 0.995912 0.02401095 0.646658 0.007088959 0.646559 0.15362 0.327605 0.158675 0.283165 0.12551 0.302076 0.12551 0.302076 0.124132 0.46863 0.153186 0.428026 0.153186 0.428026 0.15362 0.327605 0.12551 0.302076 0.150566 0.42816 0.151614 0.327743 0.189467 0.336893 0.189467 0.336893 0.188813 0.399544 0.150566 0.42816 0.151614 0.327743 0.1569409 0.2833361 0.19453 0.283747 0.19453 0.283747 0.189467 0.336893 0.151614 0.327743 0.02981597 0.59269 0.04640299 0.590521 0.04171198 0.646397 0.04171198 0.646397 0.02478998 0.646159 0.02981597 0.59269 0.01205199 0.545329 0.02879297 0.59252 0.04537099 0.590214 0.04537099 0.590214 0.04854798 0.512048 0.01205199 0.545329 0.158675 0.283165 0.15362 0.327605 0.191528 0.336512 0.15362 0.327605 0.153186 0.428026 0.191258 0.399165 0.191258 0.399165 0.191528 0.336512 0.15362 0.327605 0.189467 0.336893 0.220937 0.346581 0.220462 0.392089 0.220462 0.392089 0.188813 0.399544 0.189467 0.336893 0.220937 0.346581 0.189467 0.336893 0.218114 0.284005 0.05900698 0.646641 0.056171 0.996514 0.05324494 0.996465 0.234372 0.947706 0.22065 0.954954 0.218767 0.997035 0.218767 0.997035 0.319856 0.997046 0.234372 0.947706 0.459769 0.997039 0.318983 0.997032 0.2342039 0.948121 0.2342039 0.948121 0.464032 0.949885 0.459769 0.997039 0.1940039 0.283745 0.218114 0.284005 0.223833 0.284079 0.19574 0.283332 0.158675 0.283165 0.191528 0.336512 0.191258 0.399165 0.222861 0.391508 0.223057 0.345998 0.223057 0.345998 0.191528 0.336512 0.191258 0.399165 0.259179 0.386178 0.280021 0.347331 0.307195 0.322058 0.259179 0.386178 0.307195 0.322058 0.343884 0.347331 0.259179 0.386178 0.343884 0.347331 0.363964 0.386178 0.557175 0.82804 0.411162 0.780242 0.396922 0.768608 0.470682 0.709226 0.557175 0.82804 0.396922 0.768608 0.399029 0.691428 0.470682 0.709226 0.396922 0.768608 0.470682 0.709226 0.401241 0.691048 0.398282 0.584814 0.398282 0.584814 0.475575 0.587077 0.470682 0.709226 0.410859 0.584146 0.478529 0.585674 0.401225 0.58391 0.398282 0.584814 0.475575 0.587078 0.407915 0.585113 0.478529 0.585674 0.401225 0.58391 0.40483 0.690123 0.40483 0.690123 0.47438 0.707852 0.478529 0.585674 0.417501 0.778856 0.554225 0.826736 0.47438 0.707852 0.403192 0.767315 0.417501 0.778856 0.47438 0.707852 0.403192 0.767315 0.47438 0.707852 0.40483 0.690123 0.407962 0.75293 0.409767 0.686838 0.470682 0.709227 0.470682 0.709227 0.549803 0.828625 0.407962 0.75293 0.554225 0.826736 0.411927 0.75196 0.536158 0.827778 0.478529 0.585674 0.410859 0.584146 0.41333 0.685858 0.41333 0.685858 0.47438 0.707852 0.478529 0.585674 0.470682 0.709227 0.409767 0.686838 0.407915 0.585113 0.407915 0.585113 0.475575 0.587078 0.470682 0.709227 0.201433 0.690458 0.124484 0.638745 0.124041 0.671186 0.123486 0.699912 0.124352 0.668915 0.196764 0.688286 0.02981597 0.59269 0.01154297 0.597122 0.01330697 0.545362 0.007088959 0.646559 0.02401095 0.646658 0.02879297 0.59252 0.02879297 0.59252 0.01053899 0.597103 0.007088959 0.646559 0.01330697 0.545362 0.04996097 0.512383 0.04640299 0.590521 0.04640299 0.590521 0.02981597 0.59269 0.01330697 0.545362 0.02879297 0.59252 0.02401095 0.646658 0.04297095 0.646768 0.04297095 0.646768 0.04537099 0.590214 0.02879297 0.59252 0.460598 0.997028 0.466125 0.953129 0.234372 0.947706 0.234372 0.947706 0.319856 0.997046 0.460598 0.997028 0.21711 0.997026 0.219758 0.956775 0.2342039 0.948121 0.21711 0.997026 0.2342039 0.948121 0.318983 0.997032 0.312747 0.845142 0.303406 0.845141 0.26063 0.737839 0.26063 0.737839 0.363422 0.737864 0.312747 0.845142 0.495363 0.924433 0.495525 0.924447 0.49184 0.925359 0.495363 0.924433 0.49184 0.925359 0.491753 0.997211 0.495363 0.924433 0.491753 0.997211 0.491683 0.925341 0.348654 0.929345 0.446891 0.90895 0.464032 0.949885 0.464032 0.949885 0.2342039 0.948121 0.348654 0.929345 0.490589 0.921266 0.483857 0.920214 0.490932 0.993118 0.319589 0.936167 0.485114 0.924262 0.434559 0.990432 0.434559 0.990432 0.214969 0.994173 0.319589 0.936167 0.350546 0.928512 0.234372 0.947706 0.466125 0.953129 0.466125 0.953129 0.447522 0.911909 0.350546 0.928512 0.489369 0.924343 0.491683 0.925341 0.491753 0.997211 0.433698 0.986715 0.488113 0.920267 0.317075 0.932913 0.317075 0.932913 0.214083 0.991872 0.433698 0.986715 0.475956 0.936362 0.475789 0.936295 0.493951 0.89384 0.493951 0.89384 0.493923 0.89592 0.475956 0.936362 0.493951 0.89384 0.475789 0.936295 0.471546 0.935872 0.471546 0.935872 0.49148 0.890134 0.493951 0.89384 0.471546 0.935872 0.469451 0.934222 0.49125 0.884118 0.49125 0.884118 0.49148 0.890134 0.471546 0.935872 0.451646 0.911216 0.49125 0.884118 0.469451 0.934222 0.447905 0.927752 0.451646 0.911216 0.469451 0.934222 0.447905 0.927752 0.469451 0.934222 0.386997 0.974242 0.434558 0.990433 0.434559 0.990432 0.469195 0.924619 0.447905 0.927752 0.386997 0.974241 0.437905 0.923687 0.451646 0.911216 0.447905 0.927752 0.437905 0.923687 0.451646 0.911216 0.437905 0.923687 0.488465 0.886831 0.487916 0.886128 0.436529 0.92291 0.470281 0.935261 0.470281 0.935261 0.490748 0.892254 0.487916 0.886128 0.493343 0.895229 0.490748 0.892254 0.470281 0.935261 0.470281 0.935261 0.474531 0.935696 0.493343 0.895229 0.657532 0.465303 0.657532 0.465303 0.657645 0.472979 0.807949 0.464254 0.657532 0.465303 0.657388 0.455499 0.657388 0.455499 0.807809 0.45472 0.807949 0.464254 0.808066 0.4722 0.657645 0.472979 0.657532 0.465303 0.657532 0.465303 0.807949 0.464254 0.808066 0.4722 0.807949 0.464254 0.657532 0.465303 0.657532 0.465303 0.657532 0.465303 0.807949 0.464254 0.807949 0.464254 0.95989 0.461964 0.959772 0.453934 0.95989 0.461964 0.807949 0.464254 0.807809 0.45472 0.959772 0.453934 0.959772 0.453934 0.95989 0.461964 0.807949 0.464254 0.808066 0.4722 0.807949 0.464254 0.95989 0.461964 0.95989 0.461964 0.960029 0.471413 0.808066 0.4722 0.807949 0.464254 0.807949 0.464254 0.95989 0.461964 0.95989 0.461964 0.95989 0.461964 0.807949 0.464254 0.560421 0.997618 0.61237 0.999113 0.602006 0.607013 0.602006 0.607013 0.574026 0.608291 0.560421 0.997618 0.943312 0.472168 0.943312 0.472168 0.606269 0.47233 0.606269 0.47233 0.606269 0.47233 0.943312 0.472168 0.945663 0.45139 0.945663 0.45139 0.604658 0.453148 0.604658 0.453148 0.604658 0.453148 0.945663 0.45139 0.943312 0.472168 0.945663 0.45139 0.604658 0.453148 0.604658 0.453148 0.606269 0.47233 0.943312 0.472168 0.943312 0.472168 0.943312 0.472168 0.606269 0.47233 0.606269 0.47233 0.606269 0.47233 0.943312 0.472168 0.606146 0.465837 0.597174 0.458463 0.582556 0.465793 0.582556 0.465793 0.597097 0.473177 0.606146 0.465837 0.760778 0.759442 0.673581 0.758655 0.68724 0.88241 0.68724 0.88241 0.76444 0.883145 0.760778 0.759442 0.673581 0.758655 0.621966 0.757466 0.623303 0.881252 0.623303 0.881252 0.68724 0.88241 0.673581 0.758655 0.68724 0.88241 0.705651 0.998149 0.767145 0.9982 0.767145 0.9982 0.76444 0.883145 0.68724 0.88241 0.68724 0.88241 0.623303 0.881252 0.622882 0.997991 0.622882 0.997991 0.705651 0.998149 0.68724 0.88241 0.859809 0.759442 0.760778 0.759442 0.76444 0.883145 0.76444 0.883145 0.856385 0.883145 0.859809 0.759442 0.933576 0.882409 0.946994 0.758655 0.859809 0.759442 0.946994 0.758655 0.933576 0.882409 0.997512 0.881252 0.997512 0.881252 0.998608 0.757466 0.946994 0.758655 0.76444 0.883145 0.767145 0.9982 0.850543 0.9982 0.850543 0.9982 0.856385 0.883145 0.76444 0.883145 0.933576 0.882409 0.856385 0.883145 0.850543 0.9982 0.850543 0.9982 0.912037 0.998149 0.933576 0.882409 0.933576 0.882409 0.912037 0.998149 0.994827 0.997991 0.994827 0.997991 0.997512 0.881252 0.933576 0.882409 0.758778 0.759399 0.762463 0.883002 0.685262 0.882267 0.685262 0.882267 0.67158 0.758612 0.758778 0.759399 0.67158 0.758612 0.685262 0.882267 0.621326 0.881109 0.621326 0.881109 0.619966 0.757423 0.67158 0.758612 0.685262 0.882267 0.762463 0.883002 0.765152 0.998175 0.765152 0.998175 0.703658 0.998125 0.685262 0.882267 0.685262 0.882267 0.703658 0.998125 0.620888 0.997966 0.620888 0.997966 0.621326 0.881109 0.685262 0.882267 0.857808 0.759399 0.944994 0.758612 0.931598 0.882267 0.931598 0.882267 0.854408 0.883002 0.857808 0.759399 0.944994 0.758612 0.996608 0.757423 0.995535 0.881109 0.995535 0.881109 0.931598 0.882267 0.944994 0.758612 0.762463 0.883002 0.854408 0.883002 0.848549 0.998175 0.848549 0.998175 0.765151 0.998175 0.762463 0.883002 0.931598 0.882267 0.910043 0.998125 0.848549 0.998175 0.848549 0.998175 0.854408 0.883002 0.931598 0.882267 0.931598 0.882267 0.995535 0.881109 0.992834 0.997966 0.58442 0.477671 0.58442 0.477671 0.99515 0.477527 0.99515 0.477527 0.99515 0.477527 0.58442 0.477671 0.585951 0.454337 0.585951 0.454337 0.993733 0.4449 0.993733 0.4449 0.993733 0.4449 0.585775 0.442349 0.58442 0.477671 0.585775 0.442349 0.993733 0.4449 0.993733 0.4449 0.99515 0.477527 0.58442 0.477671 0.58442 0.477671 0.58442 0.477671 0.99515 0.477527 0.99515 0.477527 0.99515 0.477527 0.58442 0.477671 0.672496 0.475551 0.682814 0.480451 0.689092 0.468015 0.672496 0.475551 0.689092 0.468015 0.682654 0.455429 0.646264 0.467673 0.646264 0.467673 0.646432 0.479107 0.819432 0.466374 0.646264 0.467673 0.646049 0.453069 0.646049 0.453069 0.819223 0.452173 0.819432 0.466374 0.819606 0.47821 0.646432 0.479107 0.646264 0.467673 0.646264 0.467673 0.819432 0.466374 0.819606 0.47821 0.819432 0.466374 0.646264 0.467673 0.646264 0.467673 0.646264 0.467673 0.819432 0.466374 0.819432 0.466374 0.994348 0.463229 0.994172 0.451267 0.994348 0.463229 0.819432 0.466374 0.819223 0.452173 0.994172 0.451267 0.994172 0.451267 0.994348 0.463229 0.819432 0.466374 0.819606 0.47821 0.819432 0.466374 0.994348 0.463229 0.994348 0.463229 0.994555 0.477305 0.819606 0.47821 0.819432 0.466374 0.819432 0.466374 0.994348 0.463229 0.994348 0.463229 0.994348 0.463229 0.819432 0.466374 0.995049 0.518438 0.994655 0.746547 0.878725 0.746691 0.878725 0.746691 0.898801 0.516741 0.995049 0.518438 0.898801 0.516741 0.878725 0.746691 0.715898 0.746691 0.715898 0.746691 0.726464 0.517332 0.898801 0.516741 0.619309 0.519028 0.726464 0.517332 0.715898 0.746691 0.715898 0.746691 0.621128 0.746547 0.619309 0.519028 0.996098 0.518479 0.89985 0.516782 0.879756 0.746708 0.879756 0.746708 0.995685 0.746564 0.996098 0.518479 0.89985 0.516782 0.727513 0.517372 0.716928 0.746708 0.716928 0.746708 0.879756 0.746708 0.89985 0.516782 0.620359 0.519069 0.622158 0.746564 0.716928 0.746708 0.716928 0.746708 0.727513 0.517372 0.620359 0.519069 0.53129 0.560485 0.401075 0.559957 0.475419 0.326628 0.401488 0.560319 0.531099 0.560329 0.475339 0.325794 0.04171198 0.646397 0.04118096 0.996296 0.02195399 0.996025 0.02195399 0.996025 0.02478998 0.646159 0.04171198 0.646397 0.02284097 0.995912 0.04179996 0.996027 0.04297095 0.646768 0.02284097 0.995912 0.04297095 0.646768 0.02401095 0.646658 0.191528 0.336512 0.223057 0.345998 0.219851 0.283441 0.219851 0.283441 0.19574 0.283332 0.191528 0.336512 0.05900698 0.646641 0.05324494 0.996465 0.04118096 0.996296 0.04118096 0.996296 0.04171198 0.646397 0.05900698 0.646641 0.19453 0.283747 0.218114 0.284005 0.189467 0.336893 0.363422 0.737864 0.26063 0.737839 0.26063 0.730054 0.26063 0.730054 0.363422 0.730673 0.363422 0.737864 0.05264794 0.99657 0.05892598 0.646668 0.04165995 0.646283 0.04165995 0.646283 0.04019296 0.996239 0.05264794 0.99657 0.557175 0.82804 0.54856 0.862011 0.411162 0.780242 0.417501 0.778856 0.548329 0.854316 0.554225 0.826736 0.549803 0.828625 0.53173 0.829549 0.407962 0.75293 0.554225 0.826736 0.47438 0.707852 0.41333 0.685858 0.41333 0.685858 0.411927 0.75196 0.554225 0.826736 0.549803 0.828625 0.54374 0.856166 0.53173 0.829549 0.536158 0.827778 0.548329 0.854316 0.554225 0.826736 0.115118 0.512069 0.115233 0.959632 0.115192 0.964744 0.115192 0.964744 0.115152 0.512069 0.115118 0.512069 0.269425 0.06658798 0.998839 0.06644898 0.998816 0.00307697 0.998816 0.00307697 0.269424 0.003219008 0.269425 0.06658798 0.06390595 0.959288 0.06397098 0.964147 0.11517 0.964464 0.11517 0.964464 0.115207 0.959294 0.06390595 0.959288 0.06411099 0.964377 0.06426697 0.511609 0.115564 0.511608 0.115564 0.511608 0.11528 0.964645 0.06411099 0.964377 0.06426697 0.511609 0.064233 0.511609 0.11553 0.511608 0.11553 0.511608 0.115564 0.511608 0.06426697 0.511609 0.06404596 0.95952 0.06411099 0.964377 0.06408298 0.964022 0.06408298 0.964022 0.06401801 0.959162 0.06404596 0.95952 0.06398397 0.964332 0.115032 0.964655 0.114965 0.997123 0.114965 0.997123 0.06400495 0.997056 0.06398397 0.964332 0.115192 0.964744 0.115233 0.959632 0.115207 0.959294 0.115207 0.959294 0.11517 0.964464 0.115192 0.964744 0.998622 0.002945005 0.998633 0.06630998 0.99805 0.06634402 0.99805 0.06634402 0.998071 0.002978026 0.998622 0.002945005 0.11553 0.511608 0.115564 0.511608 0.11528 0.964645 0.11528 0.964645 0.11534 0.959513 0.11553 0.511608 0.268673 0.06607902 0.268672 0.002710998 0.998622 0.002945005 0.998622 0.002945005 0.998633 0.06630998 0.268673 0.06607902 0.06401801 0.959162 0.115313 0.959175 0.115258 0.964365 0.115258 0.964365 0.06408298 0.964022 0.06401801 0.959162 0.06399899 0.964502 0.115192 0.964744 0.115152 0.512069 0.115152 0.512069 0.06385499 0.51207 0.06399899 0.964502 0.06385499 0.51207 0.115152 0.512069 0.115118 0.512069 0.115118 0.512069 0.06382095 0.51207 0.06385499 0.51207 0.06393396 0.959646 0.06390595 0.959288 0.06397098 0.964147 0.06397098 0.964147 0.06399899 0.964502 0.06393396 0.959646 0.06421995 0.964355 0.06425899 0.99708 0.115102 0.997136 0.115102 0.997136 0.115218 0.964673 0.06421995 0.964355 0.11528 0.964645 0.115258 0.964365 0.115313 0.959175 0.115313 0.959175 0.11534 0.959513 0.11528 0.964645 0.998816 0.00307697 0.998266 0.003109991 0.998256 0.06648302 0.998256 0.06648302 0.998839 0.06644898 0.998816 0.00307697 0.386796 0.730673 0.23729 0.730054 0.236289 0.386178 0.236289 0.386178 0.387583 0.386178 0.386796 0.730673 0.386405 0.730935 0.237477 0.730015 0.237477 0.730015 0.237477 0.730015 0.386405 0.730935 0.386405 0.730935 0.23559 0.386141 0.387575 0.386141 0.387575 0.386141 0.387575 0.386141 0.23559 0.386141 0.23559 0.386141 0.369293 0.868865 0.369724 0.896598 0.41781 0.89671 0.41781 0.89671 0.411572 0.868168 0.369293 0.868865 0.411572 0.868168 0.398981 0.864919 0.369214 0.868388 0.369214 0.868388 0.369293 0.868865 0.411572 0.868168 0.386939 0.869128 0.394936 0.867 0.36823 0.868495 0.36823 0.868495 0.368176 0.869132 0.386939 0.869128 0.410299 0.868666 0.416767 0.896949 0.368551 0.896868 0.368551 0.896868 0.368011 0.869424 0.410299 0.868666 0.369724 0.896598 0.369293 0.868865 0.306138 0.868106 0.306138 0.868106 0.30664 0.896879 0.369724 0.896598 0.369293 0.868865 0.369214 0.868388 0.306138 0.868106 0.368176 0.869132 0.36823 0.868495 0.328356 0.869132 0.368835 0.868546 0.368893 0.868663 0.329023 0.869182 0.329023 0.869182 0.32896 0.869183 0.368835 0.868546 0.369726 0.896599 0.369724 0.896598 0.30664 0.896879 0.5373 0.484415 0.535882 0.318651 0.570581 0.318651 0.570581 0.318651 0.571999 0.484415 0.564204 0.484415 0.564204 0.484415 0.558483 0.602476 0.548512 0.602476 0.564204 0.484415 0.548512 0.602476 0.545871 0.484415 0.570581 0.318651 0.564204 0.484415 0.545871 0.484415 0.5373 0.484415 0.570581 0.318651 0.545871 0.484415 0.5373 0.484415 0.535882 0.318651 0.570581 0.318651 0.570581 0.318651 0.571999 0.484415 0.564204 0.484415 0.564204 0.484415 0.558483 0.602476 0.548512 0.602476 0.570581 0.318651 0.564204 0.484415 0.545871 0.484415 0.5373 0.484415 0.570581 0.318651 0.545871 0.484415 0.5373 0.484415 0.535882 0.318651 0.570581 0.318651 0.570581 0.318651 0.571999 0.484415 0.564204 0.484415 0.564204 0.484415 0.558483 0.602476 0.548512 0.602476 0.564204 0.484415 0.548512 0.602476 0.545871 0.484415 0.570581 0.318651 0.564204 0.484415 0.545871 0.484415 0.5373 0.484415 0.570581 0.318651 0.545871 0.484415 0.5373 0.484415 0.535882 0.318651 0.570581 0.318651 0.564204 0.484415 0.558483 0.602476 0.548512 0.602476 0.564204 0.484415 0.548512 0.602476 0.545871 0.484415 0.570581 0.318651 0.564204 0.484415 0.545871 0.484415 0.5373 0.484415 0.570581 0.318651 0.545871 0.484415 0.5373 0.484415 0.535882 0.318651 0.570581 0.318651 0.570581 0.318651 0.571999 0.484415 0.564204 0.484415 0.564204 0.484415 0.558483 0.602476 0.548512 0.602476 0.564204 0.484415 0.548512 0.602476 0.545871 0.484415 0.570581 0.318651 0.564204 0.484415 0.545871 0.484415 0.5373 0.484415 0.570581 0.318651 0.545871 0.484415 0.5373 0.484415 0.535882 0.318651 0.570581 0.318651 0.570581 0.318651 0.571999 0.484415 0.564204 0.484415 0.564204 0.484415 0.558483 0.602476 0.548512 0.602476 0.564204 0.484415 0.548512 0.602476 0.545871 0.484415 0.570581 0.318651 0.564204 0.484415 0.545871 0.484415 0.5373 0.484415 0.570581 0.318651 0.545871 0.484415 0.5373 0.484415 0.535882 0.318651 0.570581 0.318651 0.570581 0.318651 0.571999 0.484415 0.564204 0.484415 0.54865 0.602559 0.558663 0.602563 0.562447 0.484509 0.546526 0.484232 0.54865 0.602559 0.562447 0.484509 0.562447 0.484509 0.571955 0.48451 0.570508 0.319473 0.546526 0.484232 0.562447 0.484509 0.570508 0.319473 0.536849 0.484141 0.546526 0.484232 0.570508 0.319473 0.536849 0.484141 0.570508 0.319473 0.536108 0.317716 0.548512 0.602476 0.558483 0.602476 0.564204 0.484415 0.545871 0.484415 0.548512 0.602476 0.564204 0.484415 0.564204 0.484415 0.571999 0.484415 0.570581 0.318651 0.545871 0.484415 0.564204 0.484415 0.570581 0.318651 0.5373 0.484415 0.545871 0.484415 0.570581 0.318651 0.5373 0.484415 0.570581 0.318651 0.535882 0.318651 0.548512 0.602476 0.558483 0.602476 0.564204 0.484415 0.545871 0.484415 0.548512 0.602476 0.564204 0.484415 0.564204 0.484415 0.571999 0.484415 0.570581 0.318651 0.545871 0.484415 0.564204 0.484415 0.570581 0.318651 0.5373 0.484415 0.545871 0.484415 0.570581 0.318651 0.5373 0.484415 0.570581 0.318651 0.535882 0.318651 0.548512 0.602476 0.558483 0.602476 0.564204 0.484415 0.545871 0.484415 0.548512 0.602476 0.564204 0.484415 0.564204 0.484415 0.571999 0.484415 0.570581 0.318651 0.545871 0.484415 0.564204 0.484415 0.570581 0.318651 0.5373 0.484415 0.545871 0.484415 0.570581 0.318651 0.5373 0.484415 0.570581 0.318651 0.535882 0.318651 0.564204 0.484415 0.571999 0.484415 0.570581 0.318651 0.545871 0.484415 0.564204 0.484415 0.570581 0.318651 0.5373 0.484415 0.545871 0.484415 0.570581 0.318651 0.5373 0.484415 0.570581 0.318651 0.535882 0.318651 0.548512 0.602476 0.558483 0.602476 0.564204 0.484415 0.545871 0.484415 0.548512 0.602476 0.564204 0.484415 0.564204 0.484415 0.571999 0.484415 0.570581 0.318651 0.545871 0.484415 0.564204 0.484415 0.570581 0.318651 0.5373 0.484415 0.545871 0.484415 0.570581 0.318651 0.5373 0.484415 0.570581 0.318651 0.535882 0.318651 0.548512 0.602476 0.558483 0.602476 0.564204 0.484415 0.545871 0.484415 0.548512 0.602476 0.564204 0.484415 0.564204 0.484415 0.571999 0.484415 0.570581 0.318651 0.545871 0.484415 0.564204 0.484415 0.570581 0.318651 0.5373 0.484415 0.570581 0.318651 0.535882 0.318651 0.548512 0.602476 0.558483 0.602476 0.564204 0.484415 0.545871 0.484415 0.548512 0.602476 0.564204 0.484415 0.564204 0.484415 0.571999 0.484415 0.570581 0.318651 0.545871 0.484415 0.564204 0.484415 0.570581 0.318651 0.5373 0.484415 0.545871 0.484415 0.570581 0.318651 0.5373 0.484415 0.570581 0.318651 0.535882 0.318651 0.548512 0.602476 0.558483 0.602476 0.564204 0.484415 0.545871 0.484415 0.548512 0.602476 0.564204 0.484415 0.564204 0.484415 0.571999 0.484415 0.570581 0.318651 0.545871 0.484415 0.564204 0.484415 0.570581 0.318651 0.5373 0.484415 0.545871 0.484415 0.570581 0.318651 0.5373 0.484415 0.570581 0.318651 0.535882 0.318651 0.548512 0.602476 0.558483 0.602476 0.564204 0.484415 0.545871 0.484415 0.548512 0.602476 0.564204 0.484415 0.564204 0.484415 0.571999 0.484415 0.570581 0.318651 0.545871 0.484415 0.564204 0.484415 0.570581 0.318651 0.5373 0.484415 0.545871 0.484415 0.570581 0.318651 0.5373 0.484415 0.570581 0.318651 0.535882 0.318651 0.548512 0.602476 0.558483 0.602476 0.564204 0.484415 0.545871 0.484415 0.548512 0.602476 0.564204 0.484415 0.564204 0.484415 0.571999 0.484415 0.570581 0.318651 0.545871 0.484415 0.564204 0.484415 0.570581 0.318651 0.5373 0.484415 0.545871 0.484415 0.570581 0.318651 0.5373 0.484415 0.570581 0.318651 0.535882 0.318651 0.548512 0.602476 0.558483 0.602476 0.564204 0.484415 0.545871 0.484415 0.548512 0.602476 0.564204 0.484415 0.564204 0.484415 0.571999 0.484415 0.570581 0.318651 0.545871 0.484415 0.564204 0.484415 0.570581 0.318651 0.5373 0.484415 0.545871 0.484415 0.570581 0.318651 0.5373 0.484415 0.570581 0.318651 0.535882 0.318651 0.548512 0.602476 0.558483 0.602476 0.564204 0.484415 0.564204 0.484415 0.571999 0.484415 0.570581 0.318651 0.5373 0.484415 0.570581 0.318651 0.535882 0.318651 0.548512 0.602476 0.558483 0.602476 0.564204 0.484415 0.545871 0.484415 0.548512 0.602476 0.564204 0.484415 0.564204 0.484415 0.571999 0.484415 0.570581 0.318651 0.545871 0.484415 0.564204 0.484415 0.570581 0.318651 0.5373 0.484415 0.545871 0.484415 0.570581 0.318651 0.5373 0.484415 0.570581 0.318651 0.535882 0.318651 0.5373 0.484415 0.535882 0.318651 0.570581 0.318651 0.570581 0.318651 0.571999 0.484415 0.564204 0.484415 0.570581 0.318651 0.564204 0.484415 0.545871 0.484415 0.5373 0.484415 0.570581 0.318651 0.545871 0.484415 0.5373 0.484415 0.535882 0.318651 0.570581 0.318651 0.570581 0.318651 0.571999 0.484415 0.564204 0.484415 0.564204 0.484415 0.558483 0.602476 0.548512 0.602476 0.564204 0.484415 0.548512 0.602476 0.545871 0.484415 0.570581 0.318651 0.564204 0.484415 0.545871 0.484415 0.5373 0.484415 0.570581 0.318651 0.545871 0.484415 0.5373 0.484415 0.535882 0.318651 0.570581 0.318651 0.570581 0.318651 0.571999 0.484415 0.564204 0.484415 0.564204 0.484415 0.558483 0.602476 0.548512 0.602476 0.564204 0.484415 0.548512 0.602476 0.545871 0.484415 0.570581 0.318651 0.564204 0.484415 0.545871 0.484415 0.5373 0.484415 0.570581 0.318651 0.545871 0.484415 0.5373 0.484415 0.535882 0.318651 0.570581 0.318651 0.570581 0.318651 0.571999 0.484415 0.564204 0.484415 0.564204 0.484415 0.558483 0.602476 0.548512 0.602476 0.564204 0.484415 0.548512 0.602476 0.545871 0.484415 0.570581 0.318651 0.564204 0.484415 0.545871 0.484415 0.5373 0.484415 0.535882 0.318651 0.570581 0.318651 0.570581 0.318651 0.571999 0.484415 0.564204 0.484415 0.564204 0.484415 0.558483 0.602476 0.548512 0.602476 0.564204 0.484415 0.548512 0.602476 0.545871 0.484415 0.570581 0.318651 0.564204 0.484415 0.545871 0.484415 0.5373 0.484415 0.535882 0.318651 0.570581 0.318651 0.570581 0.318651 0.571999 0.484415 0.564204 0.484415 0.564204 0.484415 0.558483 0.602476 0.548512 0.602476 0.564204 0.484415 0.548512 0.602476 0.545871 0.484415 0.570581 0.318651 0.564204 0.484415 0.545871 0.484415 0.5373 0.484415 0.570581 0.318651 0.545871 0.484415 0.5373 0.484415 0.535882 0.318651 0.570581 0.318651 0.570581 0.318651 0.571999 0.484415 0.564204 0.484415 0.564204 0.484415 0.558483 0.602476 0.548512 0.602476 0.564204 0.484415 0.548512 0.602476 0.545871 0.484415 0.570581 0.318651 0.564204 0.484415 0.545871 0.484415 0.5373 0.484415 0.570581 0.318651 0.545871 0.484415 0.564204 0.484415 0.548512 0.602476 0.545871 0.484415 0.570581 0.318651 0.564204 0.484415 0.545871 0.484415 0.5373 0.484415 0.570581 0.318651 0.545871 0.484415 0.548512 0.602476 0.558483 0.602476 0.564204 0.484415 0.545871 0.484415 0.548512 0.602476 0.564204 0.484415 0.5373 0.484415 0.545871 0.484415 0.570581 0.318651 0.5373 0.484415 0.545871 0.484415 0.570581 0.318651 0.091883 0.121649 0.104721 0.02126997 0.007564961 0.02288299 0.007564961 0.02288299 0.007631957 0.1232619 0.091883 0.121649 0.091883 0.121649 0.222946 0.123537 0.222479 0.02096402 0.09293097 0.1217079 0.2228389 0.1236 0.226709 0.02187901 0.006583988 0.263161 0.09181696 0.263199 0.091883 0.121649 0.091883 0.121649 0.007631957 0.1232619 0.006583988 0.263161 0.223767 0.262358 0.222946 0.123537 0.091883 0.121649 0.091883 0.121649 0.09181696 0.263199 0.223767 0.262358 0.104721 0.02126997 0.107727 0.02126801 0.007648944 0.02288597 0.007648944 0.02288597 0.007564961 0.02288299 0.104721 0.02126997 0.104721 0.02126997 0.222479 0.02096402 0.107727 0.02126801 0.02595895 0.05941498 0.02279198 0.016173 0.01363897 0.02097499 0.01363897 0.02097499 0.02595895 0.05941498 0.02595895 0.05941498 0.02595895 0.05941498 0.02595895 0.05941498 0.02325797 0.01627099 0.107727 0.02126801 0.09173995 0.263211 0.006468951 0.263166 0.006468951 0.263166 0.007648944 0.02288597 0.107727 0.02126801 0.09175199 0.122092 0.005606949 0.1237059 0.005674958 0.02332597 0.005674958 0.02332597 0.10475 0.02171301 0.09175199 0.122092 0.22292 0.021407 0.223366 0.1239809 0.09175199 0.122092 0.09175199 0.122092 0.10475 0.02171301 0.22292 0.021407 0.09175199 0.122092 0.09116595 0.263643 0.005386948 0.263604 0.005386948 0.263604 0.005606949 0.1237059 0.09175199 0.122092 0.224025 0.262802 0.09116595 0.263643 0.09175199 0.122092 0.09175199 0.122092 0.223366 0.1239809 0.224025 0.262802 0.10475 0.02171301 0.005674958 0.02332597 0.005590975 0.02332997 0.005590975 0.02332997 0.107776 0.02171099 0.10475 0.02171301 0.10475 0.02171301 0.107776 0.02171099 0.22292 0.021407 0.02595895 0.05941498 0.02595895 0.05941498 0.01363897 0.02097499 0.01363897 0.02097499 0.02279198 0.016173 0.02595895 0.05941498 0.02595895 0.05941498 0.02325797 0.01627099 0.02595895 0.05941498 0.107776 0.02171099 0.005590975 0.02332997 0.005246996 0.263609 0.005246996 0.263609 0.09104996 0.263655 0.107776 0.02171099 0.953915 0.43918 0.594876 0.442065 0.594698 0.442065 0.594698 0.442065 0.953737 0.43918 0.953915 0.43918 0.953913 0.498378 0.953735 0.498378 0.594696 0.501263 0.594696 0.501263 0.594874 0.501263 0.953913 0.498378 0.953913 0.498378 0.594874 0.501263 0.594876 0.442065 0.594876 0.442065 0.953915 0.43918 0.953913 0.498378 0.594696 0.501263 0.953735 0.498378 0.953737 0.43918 0.953737 0.43918 0.594698 0.442065 0.594696 0.501263 0.953913 0.498378 0.953915 0.43918 0.953737 0.43918 0.953737 0.43918 0.953735 0.498378 0.953913 0.498378 0.594698 0.442065 0.594876 0.442065 0.594874 0.501263 0.594874 0.501263 0.594696 0.501263 0.594698 0.442065 0.209051 0.02776497 0.20901 0.02776497 0.20901 0.02446699 0.20901 0.02446699 0.209052 0.02446699 0.209051 0.02776497 0.594698 0.442065 0.953737 0.43918 0.953915 0.43918 0.953915 0.43918 0.594876 0.442065 0.594698 0.442065 0.594696 0.501263 0.594874 0.501263 0.953913 0.498378 0.953913 0.498378 0.953735 0.498378 0.594696 0.501263 0.594876 0.442065 0.953915 0.43918 0.953913 0.498378 0.953913 0.498378 0.594874 0.501263 0.594876 0.442065 0.20901 0.02776497 0.209051 0.02776497 0.209052 0.02446699 0.209052 0.02446699 0.20901 0.02446699 0.20901 0.02776497 0.953737 0.43918 0.594698 0.442065 0.594696 0.501263 0.594696 0.501263 0.953735 0.498378 0.953737 0.43918 0.786091 0.502227 0.786089 0.477333 0.786089 0.477333 0.786089 0.477333 0.786091 0.502227 0.786091 0.502227 0.657155 0.477333 0.657158 0.502227 0.657158 0.502227 0.657158 0.502227 0.657155 0.477333 0.657155 0.477333 0.786089 0.477333 0.657155 0.477333 0.657155 0.477333 0.657155 0.477333 0.786089 0.477333 0.786089 0.477333 0.657158 0.502227 0.786091 0.502227 0.786091 0.502227 0.786091 0.502227 0.657158 0.502227 0.657158 0.502227 0.786089 0.477333 0.786091 0.502227 0.786091 0.502227 0.786091 0.502227 0.786089 0.477333 0.786089 0.477333 0.657155 0.477333 0.786089 0.477333 0.786089 0.477333 0.786089 0.477333 0.657155 0.477333 0.657155 0.477333 0.657158 0.502227 0.657155 0.477333 0.657155 0.477333 0.657155 0.477333 0.657158 0.502227 0.657158 0.502227 0.786091 0.502227 0.657158 0.502227 0.657158 0.502227 0.657158 0.502227 0.786091 0.502227 0.786091 0.502227 0.786091 0.502227 0.786089 0.477333 0.786089 0.477333 0.786089 0.477333 0.657155 0.477333 0.657155 0.477333 0.657155 0.477333 0.657158 0.502227 0.657158 0.502227 0.657158 0.502227 0.786091 0.502227 0.786091 0.502227 0.453067 0.344496 0.397353 0.344497 0.397742 0.360258 0.397742 0.360258 0.453456 0.360257 0.453067 0.344496 0.453067 0.330652 0.397353 0.330653 0.397353 0.344497 0.397353 0.344497 0.453067 0.344496 0.453067 0.330652 0.452289 0.316808 0.396575 0.316808 0.397353 0.330653 0.397353 0.330653 0.453067 0.330652 0.452289 0.316808 0.494581 0.344676 0.453067 0.344496 0.453456 0.360257 0.453456 0.360257 0.49497 0.360437 0.494581 0.344676 0.494581 0.330831 0.453067 0.330652 0.453067 0.344496 0.453067 0.344496 0.494581 0.344676 0.494581 0.330831 0.493803 0.316987 0.452289 0.316808 0.453067 0.330652 0.453067 0.330652 0.494581 0.330831 0.493803 0.316987 0.529762 0.344507 0.494581 0.344676 0.49497 0.360437 0.49497 0.360437 0.525742 0.360479 0.529762 0.344507 0.529762 0.330663 0.494581 0.330831 0.494581 0.344676 0.494581 0.344676 0.529762 0.344507 0.529762 0.330663 0.524132 0.316797 0.493803 0.316987 0.494581 0.330831 0.494581 0.330831 0.529762 0.330663 0.524132 0.316797 0.532132 0.344507 0.53247 0.359995 0.49497 0.360437 0.494581 0.330831 0.493803 0.316987 0.53178 0.316957 0.53178 0.316957 0.532131 0.330663 0.494581 0.330831 0.493803 0.316987 0.524132 0.316797 0.53178 0.316957 0.532131 0.330663 0.53178 0.316957 0.524132 0.316797 0.529762 0.344507 0.525742 0.360479 0.53247 0.359995 0.49497 0.360437 0.53247 0.359995 0.525742 0.360479 0.545871 0.484415 0.548512 0.602476 0.564204 0.484415 0.564204 0.484415 0.571999 0.484415 0.570581 0.318651 0.548512 0.602476 0.558483 0.602476 0.564204 0.484415 0.545871 0.484415 0.548512 0.602476 0.564204 0.484415 0.545871 0.484415 0.564204 0.484415 0.570581 0.318651 0.5373 0.484415 0.545871 0.484415 0.570581 0.318651 0.564204 0.484415 0.558483 0.602476 0.548512 0.602476 0.564204 0.484415 0.548512 0.602476 0.545871 0.484415 0.5373 0.484415 0.570581 0.318651 0.545871 0.484415 0.49092 0.889439 0.490712 0.883424 0.43769 0.816514 0.43769 0.816514 0.439052 0.817929 0.49092 0.889439 0.418646 0.847383 0.437901 0.816686 0.49125 0.884118 0.49125 0.884118 0.451646 0.911216 0.418646 0.847383 0.493378 0.893151 0.44049 0.8187 0.440888 0.819149 0.440888 0.819149 0.493343 0.895229 0.493378 0.893151 0.440709 0.818864 0.493951 0.89384 0.49148 0.890134 0.49148 0.890134 0.439268 0.818097 0.440709 0.818864 0.440888 0.819149 0.439542 0.818528 0.490748 0.892254 0.490748 0.892254 0.493343 0.895229 0.440888 0.819149 0.487916 0.886128 0.43748 0.817174 0.417565 0.846574 0.417565 0.846574 0.450318 0.91048 0.487916 0.886128 0.43748 0.817174 0.487916 0.886128 0.490748 0.892254 0.490748 0.892254 0.439542 0.818528 0.43748 0.817174 0.439052 0.817929 0.43769 0.816514 0.37559 0.78796 0.37559 0.78796 0.376586 0.789979 0.439052 0.817929 0.370576 0.799446 0.376455 0.788924 0.437901 0.816686 0.437901 0.816686 0.418646 0.847383 0.370576 0.799446 0.44049 0.8187 0.37829 0.790562 0.378521 0.791199 0.378521 0.791199 0.440888 0.819149 0.44049 0.8187 0.37829 0.790562 0.44049 0.8187 0.439052 0.817929 0.439052 0.817929 0.376586 0.789979 0.37829 0.790562 0.378521 0.791199 0.376844 0.790863 0.439542 0.818528 0.439542 0.818528 0.440888 0.819149 0.378521 0.791199 0.43748 0.817174 0.37457 0.789507 0.36967 0.798465 0.36967 0.798465 0.417565 0.846574 0.43748 0.817174 0.375441 0.790473 0.437693 0.817347 0.43976 0.818695 0.43976 0.818695 0.37772 0.791823 0.375441 0.790473 0.429511 0.507603 0.429395 0.507593 0.430083 0.516585 0.430083 0.516585 0.430278 0.516643 0.429511 0.507603 0.500843 0.521942 0.501037 0.522 0.467895 0.521028 0.467895 0.521028 0.4677 0.52097 0.500843 0.521942 0.501037 0.522138 0.501425 0.511688 0.468283 0.510716 0.468283 0.510716 0.467895 0.521166 0.501037 0.522138 0.501425 0.511688 0.501308 0.511677 0.468166 0.510705 0.468166 0.510705 0.468283 0.510716 0.501425 0.511688 0.501308 0.511539 0.500843 0.521942 0.4677 0.52097 0.4677 0.52097 0.468166 0.510567 0.501308 0.511539 0.4677 0.52097 0.467895 0.521028 0.430278 0.516505 0.430278 0.516505 0.430083 0.516447 0.4677 0.52097 0.467895 0.521166 0.468283 0.510716 0.429511 0.507603 0.429511 0.507603 0.430278 0.516643 0.467895 0.521166 0.468283 0.510716 0.468166 0.510705 0.429395 0.507593 0.429395 0.507593 0.429511 0.507603 0.468283 0.510716 0.468166 0.510567 0.4677 0.52097 0.430083 0.516447 0.430083 0.516447 0.429395 0.507455 0.468166 0.510567</float_array>
          <technique_common>
            <accessor source="#keles2_Akation_Mesh_002-mesh-map-0-array" count="1809" stride="2">
              <param name="S" type="float"/>
              <param name="T" type="float"/>
            </accessor>
          </technique_common>
        </source>
        <vertices id="keles2_Akation_Mesh_002-mesh-vertices">
          <input semantic="POSITION" source="#keles2_Akation_Mesh_002-mesh-positions"/>
        </vertices>
        <triangles material="guichuan_Mat_001-material" count="603">
          <input semantic="VERTEX" source="#keles2_Akation_Mesh_002-mesh-vertices" offset="0"/>
          <input semantic="NORMAL" source="#keles2_Akation_Mesh_002-mesh-normals" offset="1"/>
          <input semantic="TEXCOORD" source="#keles2_Akation_Mesh_002-mesh-map-0" offset="2" set="0"/>
          <p>27 0 0 10 1 1 37 0 2 11 2 3 4 3 4 42 4 5 44 5 6 36 6 7 9 7 8 59 8 9 43 9 10 5 10 11 3 11 12 79 12 13 71 13 14 1 14 15 7 15 16 17 16 17 18 17 18 23 18 19 0 19 20 26 20 21 16 20 22 8 21 23 29 22 24 40 23 25 34 24 26 35 25 27 105 26 28 28 27 29 54 28 30 31 29 31 41 30 32 38 31 33 46 32 34 50 33 35 49 34 36 56 35 37 39 36 38 45 37 39 60 38 40 67 39 41 64 40 42 51 41 43 47 42 44 70 43 45 76 44 46 83 45 47 20 46 48 15 47 49 97 48 50 98 49 51 86 50 52 21 51 53 93 52 54 100 53 55 13 54 56 14 55 57 25 56 58 103 57 59 102 58 60 91 59 61 12 60 62 107 61 63 32 62 64 111 63 65 114 64 66 120 65 67 106 66 68 33 67 69 53 68 70 121 69 71 122 70 72 110 71 73 30 72 74 65 73 75 161 74 76 157 75 77 160 76 78 48 77 79 62 78 80 68 79 81 85 80 82 130 81 83 129 82 84 168 83 85 69 84 86 99 85 87 92 86 88 136 87 89 94 88 90 104 89 91 116 90 92 117 91 93 132 92 94 90 93 95 109 94 96 193 95 97 231 96 98 230 97 99 119 98 100 108 99 101 192 100 102 113 101 103 140 102 104 594 103 105 198 104 106 143 105 107 153 106 108 595 107 109 154 108 110 155 109 111 164 110 112 152 111 113 167 112 114 128 113 115 281 114 116 279 115 117 263 116 118 166 117 119 172 118 120 587 118 121 212 118 122 590 119 123 101 120 124 137 121 125 115 122 126 226 123 127 176 124 128 178 125 129 133 126 130 118 127 131 210 128 132 232 129 133 182 130 134 209 131 135 181 132 136 255 133 137 211 134 138 256 135 139 197 136 140 245 137 141 190 138 142 228 139 143 260 140 144 244 141 145 229 142 146 191 143 147 259 144 148 227 145 149 261 146 150 194 147 151 142 148 152 141 149 153 202 150 154 262 151 155 196 152 156 201 153 157 138 154 158 588 155 159 206 156 160 214 157 161 204 158 162 584 159 163 173 160 164 174 161 165 216 162 166 203 163 167 188 164 168 236 165 169 218 166 170 224 167 171 187 168 172 217 169 173 225 170 174 219 171 175 175 172 176 185 173 177 233 174 178 222 175 179 221 176 180 239 177 181 184 178 182 242 179 183 179 180 184 247 181 185 200 182 186 195 183 187 251 184 188 253 185 189 257 186 190 199 187 191 220 188 192 234 189 193 215 190 194 213 191 195 205 192 196 223 193 197 6 194 198 72 194 199 58 194 200 24 195 201 78 196 202 2 197 203 63 198 204 61 199 205 75 200 206 22 201 207 87 202 208 80 203 209 81 204 210 77 205 211 19 206 212 73 207 213 169 208 214 163 209 215 162 210 216 66 211 217 74 212 218 82 213 219 89 214 220 579 215 221 578 216 222 131 217 223 84 218 224 171 219 225 271 220 226 151 221 227 150 222 228 165 223 229 170 224 230 582 225 231 596 226 232 280 227 233 581 228 234 283 229 235 127 230 236 277 231 237 342 231 238 285 232 239 286 233 240 148 234 241 278 235 242 312 236 243 376 237 244 357 238 245 313 239 246 356 240 247 267 241 248 314 242 249 268 243 250 327 244 251 306 245 252 292 246 253 265 247 254 264 248 255 282 249 256 307 250 257 362 251 258 303 251 259 269 251 260 295 252 261 299 253 262 275 254 263 273 255 264 145 256 265 296 257 266 297 258 267 149 259 268 272 260 269 270 261 270 304 262 271 298 263 272 293 264 273 326 265 274 266 266 275 343 267 276 294 268 277 308 269 278 309 270 279 287 271 280 344 272 281 375 273 282 310 274 283 317 275 284 319 276 285 369 277 286 374 278 287 318 279 288 311 280 289 323 281 290 324 282 291 1034 283 292 316 284 293 322 285 294 289 286 295 330 287 296 328 288 297 1032 289 298 325 290 299 335 291 300 329 292 301 290 293 302 348 294 303 336 295 304 288 296 305 347 297 306 291 298 307 340 299 308 341 300 309 274 301 310 349 300 311 346 302 312 276 303 313 300 304 314 337 305 315 345 306 316 302 307 317 338 308 318 301 309 319 350 310 320 351 311 321 305 312 322 361 313 323 359 314 324 364 315 325 355 316 326 372 317 327 365 318 328 360 319 329 358 320 330 377 321 331 370 322 332 381 323 333 382 324 334 388 325 335 393 326 336 378 327 337 386 328 338 387 329 339 397 330 340 394 331 341 398 332 342 389 333 343 384 334 344 383 335 345 403 336 346 399 337 347 406 338 348 385 339 349 379 340 350 380 341 351 391 342 352 404 343 353 408 344 354 409 344 355 410 344 356 392 345 357 396 346 358 418 347 359 417 348 360 411 349 361 395 350 362 401 351 363 402 352 364 416 353 365 415 354 366 419 355 367 400 356 368 405 357 369 390 358 370 412 359 371 413 360 372 414 361 373 407 362 374 421 363 375 422 364 376 423 365 377 424 366 378 425 367 379 420 368 380 428 369 381 433 370 382 437 371 383 436 372 384 445 373 385 429 374 386 440 375 387 426 376 388 443 377 389 444 378 390 448 379 391 438 380 392 450 381 393 439 382 394 447 383 395 446 384 396 452 385 397 451 386 398 434 387 399 449 388 400 453 389 401 454 390 402 435 391 403 432 392 404 430 393 405 427 393 406 441 393 407 442 394 408 455 394 409 431 394 410 1204 395 411 1240 396 412 1209 397 413 1211 398 414 1228 399 415 1203 400 416 1242 401 417 1212 402 418 1215 403 419 1213 404 420 1208 405 421 1241 406 422 1206 407 423 1217 408 424 1218 409 425 1219 410 426 1229 411 427 1210 412 428 1205 413 429 1214 414 430 457 415 431 456 416 432 1216 417 433 1207 418 434 1168 419 435 1255 420 436 1225 421 437 1222 422 438 1175 423 439 1170 424 440 1186 425 441 1156 426 442 1169 427 443 1157 428 444 1182 429 445 1160 430 446 1159 431 447 1194 432 448 1155 433 449 1223 434 450 1250 435 451 1164 436 452 1163 437 453 1174 438 454 1226 439 455 1184 440 456 1173 441 457 1161 442 458 1162 443 459 1166 444 460 1185 445 461 1187 446 462 1165 447 463 458 448 464 459 449 465 1158 450 466 1183 451 467 1254 452 468 1221 453 469 1231 454 470 1233 455 471 1239 456 472 1253 457 473 1238 458 474 1236 459 475 1243 460 476 1244 461 477 1246 462 478 1237 463 479 1232 464 480 1220 465 481 1247 466 482 1248 467 483 1251 468 484 1234 469 485 1235 470 486 1252 471 487 462 472 488 461 473 489 1245 474 490 1230 475 491 1171 476 492 1180 477 493 1191 478 494 1190 479 495 1176 480 496 1172 481 497 1181 482 498 1195 483 499 1197 484 500 1196 485 501 1192 486 502 1179 487 503 1227 488 504 1177 489 505 1200 490 506 1199 491 507 1249 492 508 1224 493 509 1189 494 510 1167 495 511 1201 496 512 1202 497 513 1178 498 514 1188 499 515 1193 500 516 1198 501 517 460 502 518 491 503 519 488 504 520 465 505 521 463 506 522 468 507 523 492 508 524 480 509 525 489 509 526 467 510 527 466 511 528 469 512 529 478 513 530 473 514 531 479 515 532 471 516 533 470 517 534 476 518 535 474 519 536 487 520 537 472 521 538 475 522 539 477 523 540 464 524 541 486 525 542 482 526 543 483 526 544 485 526 545 481 527 546 484 527 547 490 527 548 496 528 549 497 528 550 498 528 551 503 529 552 493 530 553 507 531 554 506 532 555 508 533 556 504 534 557 512 535 558 505 536 559 515 537 560 514 538 561 521 539 562 513 540 563 518 541 564 516 542 565 494 543 566 495 544 567 502 545 568 520 546 569 523 547 570 524 547 571 525 547 572 501 548 573 509 549 574 532 550 575 533 551 576 531 552 577 499 553 578 511 554 579 519 555 580 526 556 581 527 557 582 534 558 583 510 559 584 522 560 585 500 561 586 530 562 587 529 563 588 528 564 589 517 565 590 535 566 591 558 567 592 539 568 593 538 569 594 542 570 595 536 571 596 541 572 597 537 572 598 544 573 599 545 574 600 561 575 601 540 576 602 547 577 603 562 578 604 546 579 605 543 580 606 549 581 607 548 582 608 551 583 609 553 584 610 554 585 611 555 586 612 557 587 613 552 588 614 560 589 615 564 590 616 566 591 617 565 592 618 556 593 619 559 593 620 569 594 621 550 595 622 567 596 623 568 597 624 563 598 625 570 599 626 572 600 627 573 600 628 576 600 629 574 601 630 571 601 631 575 601 632 158 602 633 126 603 634 57 604 635 55 605 636 52 606 637 156 607 638 95 608 639 577 609 640 583 610 641 96 611 642 580 612 643 88 613 644 135 614 645 177 615 646 586 616 647 585 617 648 589 618 649 134 619 650 593 620 651 144 621 652 124 622 653 125 623 654 159 624 655 592 625 656 123 626 657 139 627 658 112 628 659 147 629 660 284 630 661 599 631 662 598 632 663 591 633 664 146 634 665 207 635 666 597 636 667 600 637 668 601 638 669 602 639 670 208 640 671 246 641 672 606 642 673 189 643 674 186 644 675 604 645 676 235 646 677 238 647 678 250 648 679 183 649 680 240 650 681 258 651 682 252 652 683 254 653 684 180 654 685 243 655 686 237 656 687 605 657 688 249 658 689 248 659 690 603 660 691 241 661 692 609 662 693 625 663 694 657 664 695 656 665 696 612 666 697 608 666 698 617 667 699 619 667 700 624 667 701 623 668 702 607 668 703 616 668 704 651 669 705 646 669 706 630 670 707 629 671 708 635 672 709 650 673 710 641 674 711 644 675 712 614 676 713 615 677 714 660 678 715 642 679 716 643 680 717 618 681 718 611 681 719 610 682 720 613 683 721 645 684 722 621 685 723 640 686 724 649 687 725 648 688 726 654 689 727 622 690 728 638 691 729 655 692 730 632 693 731 633 694 732 647 695 733 639 696 734 658 697 735 626 698 736 634 699 737 636 700 738 631 701 739 659 702 740 627 703 741 620 703 742 652 703 743 653 704 744 637 704 745 628 704 746 674 705 747 664 705 748 688 706 749 687 707 750 667 708 751 673 709 752 697 710 753 675 710 754 670 710 755 669 711 756 714 711 757 696 711 758 680 712 759 710 713 760 704 714 761 705 715 762 701 716 763 679 716 764 681 717 765 686 718 766 662 719 767 661 720 768 693 721 769 682 722 770 694 723 771 663 724 772 671 725 773 672 726 774 695 726 775 692 727 776 711 728 777 676 729 778 699 730 779 698 731 780 683 732 781 712 733 782 684 734 783 700 735 784 702 736 785 703 737 786 691 738 787 685 739 788 689 740 789 706 741 790 709 742 791 708 743 792 668 744 793 690 745 794 665 746 795 707 746 796 677 746 797 678 747 798 713 747 799 666 748 800 717 749 801 726 749 802 720 749 803 719 750 804 732 750 805 716 750 806 721 751 807 723 751 808 724 751 809 725 752 810 715 752 811 722 752 812 727 753 813 729 753 814 730 753 815 731 754 816 718 754 817 728 754 818 736 755 819 741 756 820 742 757 821 743 758 822 746 759 823 737 760 824 744 761 825 749 762 826 754 763 827 752 764 828 734 765 829 745 766 830 747 767 831 757 768 832 770 769 833 771 770 834 750 771 835 748 772 836 755 773 837 758 774 838 761 775 839 760 776 840 769 777 841 756 778 842 739 779 843 733 780 844 776 781 845 775 782 846 765 783 847 738 784 848 735 785 849 753 786 850 777 787 851 751 788 852 772 789 853 774 790 854 767 791 855 759 792 856 764 793 857 763 794 858 773 795 859 768 796 860 762 797 861 740 798 862 766 799 863 1315 800 864 1317 800 865 1257 800 866 1258 801 867 1314 801 868 1308 801 869 1307 802 870 1260 803 871 1262 803 872 1309 804 873 1261 805 874 1312 806 875 1256 807 876 1310 807 877 1313 807 878 1316 808 879 1259 808 880 1311 809 881 1263 810 882 1328 810 883 1267 810 884 1265 811 885 1327 811 886 1322 811 887 1321 812 888 1269 812 889 1319 812 890 1266 813 891 1323 813 892 1326 813 893 1264 814 894 1268 814 895 1325 814 896 1337 815 897 1270 815 898 1335 815 899 1333 816 900 1271 816 901 1331 816 902 1330 817 903 1272 817 904 1274 817 905 1329 818 906 1273 818 907 1275 818 908 1334 819 909 1332 819 910 1276 820 911 1338 821 912 1336 821 913 1277 821 914 1278 822 915 1280 822 916 1347 822 917 1343 823 918 1339 824 919 1282 824 920 1342 825 921 1281 826 922 1284 827 923 1346 828 924 1341 829 925 1283 828 926 1279 830 927 1348 830 928 1285 830 929 1354 831 930 1286 831 931 1288 831 932 1287 832 933 1353 832 934 1351 832 935 1349 833 936 1291 833 937 1293 833 938 1350 834 939 1292 835 940 1294 836 941 1289 837 942 1352 837 943 1295 837 944 1355 838 945 1290 838 946 1296 838 947 1363 839 948 1365 839 949 1298 839 950 1297 840 951 1362 840 952 1303 840 953 1301 841 954 1358 842 955 1357 842 956 1302 843 957 1356 844 958 1361 845 959 1299 846 960 1304 846 961 1359 846 962 1364 847 963 1300 847 964 1360 847 965 1381 848 966 1305 848 967 1379 848 968 1378 849 969 1306 849 970 1372 849 971 1575 850 972 1508 850 973 1512 850 974 1514 851 975 1576 852 976 1511 852 977 1510 853 978 1516 853 979 1574 853 980 1513 854 981 1509 854 982 1573 854 983 1517 855 984 1515 856 985 1571 855 986 1518 857 987 1572 857 988 1519 857 989 1520 858 990 1522 858 991 1581 858 992 1525 859 993 1521 860 994 1582 861 995 1580 862 996 1578 863 997 1528 863 998 1524 864 999 1579 865 1000 1529 865 1001 1530 866 1002 1523 867 1003 1526 866 1004 1531 868 1005 1527 868 1006 1577 868 1007 1591 869 1008 1532 869 1009 1590 869 1010 1535 870 1011 1592 871 1012 1589 872 1013 1587 873 1014 1536 874 1015 1585 874 1016 1534 875 1017 1588 876 1018 1586 875 1019 1538 877 1020 1533 877 1021 1584 877 1022 1537 878 1023 1583 878 1024 1539 878 1025 1597 879 1026 1540 879 1027 1543 880 1028 1599 881 1029 1598 882 1030 1544 882 1031 1541 883 1032 1596 883 1033 1546 883 1034 1601 884 1035 1542 885 1036 1548 885 1037 1593 886 1038 1600 887 1039 1545 886 1040 1594 888 1041 1547 888 1042 1595 888 1043 1605 889 1044 1549 889 1045 1552 889 1046 1613 890 1047 1606 891 1048 1553 891 1049 1602 892 1050 1612 892 1051 1550 892 1052 1603 893 1053 1551 893 1054 1604 893 1055 1554 894 1056 1623 894 1057 1621 895 1058 1558 896 1059 1555 897 1060 1622 898 1061 1619 899 1062 1618 899 1063 1561 899 1064 1557 900 1065 1620 900 1066 1562 900 1067 1615 901 1068 1556 902 1069 1559 901 1070 1616 903 1071 1560 903 1072 1617 903 1073 1563 904 1074 1565 904 1075 1569 905 1076 1632 906 1077 1564 907 1078 1568 908 1079 1567 909 1080 1630 909 1081 1628 909 1082 1631 910 1083 1566 910 1084 1626 910 1085 1624 911 1086 1627 911 1087 1570 911 1088 1383 912 1089 1384 912 1090 1385 912 1091 1465 913 1092 1382 914 1093 1388 915 1094 1387 916 1095 1389 916 1096 1460 916 1097 1463 917 1098 1386 918 1099 1459 919 1100 1391 920 1101 1464 920 1102 1462 920 1103 1390 921 1104 1461 921 1105 1458 921 1106 1467 922 1107 1466 922 1108 1392 922 1109 1398 923 1110 1468 924 1111 1395 925 1112 1394 926 1113 1399 926 1114 1402 926 1115 1396 927 1116 1393 927 1117 1401 927 1118 1405 928 1119 1397 928 1120 1403 928 1121 1404 929 1122 1400 929 1123 1406 929 1124 1407 930 1125 1475 930 1126 1472 931 1127 1409 932 1128 1408 932 1129 1471 932 1130 1473 933 1131 1412 933 1132 1415 933 1133 1410 934 1134 1474 934 1135 1416 934 1136 1469 935 1137 1411 935 1138 1413 935 1139 1470 936 1140 1414 936 1141 1417 936 1142 1418 937 1143 1420 937 1144 1482 938 1145 1421 939 1146 1419 940 1147 1483 941 1148 1484 942 1149 1424 942 1150 1478 942 1151 1422 943 1152 1485 943 1153 1480 943 1154 1477 944 1155 1423 944 1156 1481 944 1157 1476 945 1158 1479 945 1159 1425 945 1160 1426 946 1161 1428 946 1162 1429 946 1163 1433 947 1164 1427 947 1165 1432 948 1166 1430 949 1167 1436 949 1168 1438 949 1169 1435 950 1170 1431 950 1171 1440 950 1172 1441 951 1173 1434 951 1174 1437 951 1175 1442 952 1176 1439 952 1177 1443 952 1178 1496 953 1179 1444 953 1180 1492 953 1181 1493 954 1182 1445 954 1183 1489 954 1184 1486 955 1185 1488 955 1186 1446 955 1187 1506 956 1188 1447 956 1189 1502 957 1190 1449 958 1191 1507 958 1192 1503 958 1193 1504 959 1194 1501 959 1195 1451 959 1196 1448 960 1197 1505 961 1198 1454 961 1199 1455 962 1200 1450 962 1201 1452 962 1202 1456 963 1203 1453 963 1204 1457 963 1205 1634 964 1206 1636 964 1207 1639 964 1208 1637 965 1209 1641 965 1210 1698 965 1211 1638 966 1212 1699 966 1213 1701 966 1214 1635 967 1215 1640 967 1216 1702 967 1217 1642 968 1218 1710 968 1219 1708 968 1220 1706 969 1221 1644 969 1222 1645 969 1223 1648 970 1224 1649 970 1225 1651 970 1226 1647 971 1227 1650 971 1228 1703 971 1229 1707 972 1230 1646 972 1231 1704 973 1232 1643 974 1233 1709 974 1234 1705 974 1235 1652 975 1236 1722 975 1237 1720 975 1238 1719 976 1239 1717 976 1240 1654 976 1241 1656 977 1242 1713 977 1243 1712 977 1244 1655 978 1245 1711 979 1246 1716 979 1247 1718 980 1248 1657 980 1249 1715 981 1250 1653 982 1251 1721 982 1252 1714 982 1253 1734 983 1254 1658 983 1255 1731 983 1256 1730 984 1257 1659 984 1258 1660 984 1259 1662 985 1260 1725 985 1261 1724 985 1262 1661 986 1263 1723 986 1264 1728 986 1265 1732 987 1266 1663 988 1267 1727 989 1268 1743 990 1269 1664 990 1270 1739 990 1271 1741 991 1272 1665 991 1273 1667 991 1274 1669 992 1275 1670 992 1276 1672 992 1277 1668 993 1278 1671 993 1279 1737 993 1280 1740 994 1281 1666 994 1282 1736 994 1283 1674 995 1284 1749 995 1285 1747 995 1286 1746 996 1287 1675 996 1288 1677 996 1289 1676 997 1290 1744 998 1291 1680 998 1292 1679 999 1293 1681 999 1294 1684 999 1295 1748 1000 1296 1678 1000 1297 1683 1000 1298 1673 1001 1299 1745 1001 1300 1682 1001 1301 1686 1002 1302 1759 1002 1303 1757 1002 1304 1756 1003 1305 1687 1003 1306 1751 1003 1307 1753 1004 1308 1750 1004 1309 1688 1004 1310 1754 1005 1311 1689 1005 1312 1692 1005 1313 1758 1006 1314 1752 1006 1315 1691 1006 1316 1685 1007 1317 1755 1007 1318 1690 1007 1319 1495 1008 1320 1497 1008 1321 1500 1008 1322 1491 1009 1323 1494 1009 1324 1499 1009 1325 1487 1010 1326 1490 1010 1327 1498 1010 1328 1694 1011 1329 1695 1011 1330 1696 1011 1331 1700 1012 1332 1693 1012 1333 1697 1013 1334 1733 1014 1335 1726 1014 1336 1729 1014 1337 1742 1015 1338 1735 1015 1339 1738 1015 1340 786 1016 1341 781 1017 1342 830 1018 1343 831 1019 1344 827 1020 1345 792 1021 1346 790 1022 1347 779 1023 1348 796 1024 1349 797 1025 1350 780 1025 1351 785 1025 1352 793 1026 1353 800 1027 1354 788 1028 1355 789 1029 1356 826 1030 1357 794 1031 1358 809 1032 1359 778 1033 1360 791 1034 1361 787 1035 1362 799 1036 1363 808 1037 1364 784 1038 1365 811 1039 1366 862 1040 1367 863 1041 1368 832 1041 1369 782 1042 1370 783 1043 1371 798 1044 1372 812 1045 1373 803 1046 1374 795 1047 1375 805 1047 1376 804 1048 1377 816 1049 1378 801 1050 1379 802 1051 1380 815 1052 1381 810 1053 1382 814 1054 1383 817 1055 1384 806 1056 1385 807 1057 1386 866 1058 1387 813 1059 1388 820 1060 1389 829 1061 1390 834 1062 1391 835 1063 1392 839 1064 1393 821 1065 1394 842 1066 1395 844 1067 1396 819 1068 1397 822 1069 1398 840 1070 1399 843 1071 1400 825 1072 1401 857 1073 1402 847 1074 1403 848 1075 1404 828 1076 1405 824 1077 1406 859 1078 1407 856 1079 1408 818 1080 1409 823 1081 1410 845 1082 1411 860 1083 1412 838 1084 1413 833 1085 1414 864 1085 1415 865 1086 1416 852 1087 1417 837 1088 1418 836 1089 1419 851 1090 1420 841 1091 1421 855 1092 1422 872 1093 1423 870 1094 1424 869 1095 1425 846 1095 1426 853 1096 1427 854 1097 1428 858 1098 1429 873 1099 1430 850 1100 1431 861 1101 1432 868 1102 1433 867 1103 1434 871 1104 1435 849 1105 1436 876 1106 1437 881 1107 1438 883 1108 1439 882 1109 1440 891 1110 1441 874 1111 1442 896 1112 1443 900 1113 1444 905 1114 1445 901 1115 1446 906 1116 1447 894 1117 1448 892 1118 1449 909 1119 1450 878 1120 1451 880 1121 1452 877 1122 1453 895 1123 1454 903 1124 1455 899 1125 1456 889 1126 1457 887 1127 1458 886 1128 1459 902 1129 1460 893 1130 1461 875 1131 1462 888 1132 1463 890 1133 1464 898 1134 1465 897 1135 1466 885 1136 1467 879 1137 1468 907 1138 1469 908 1139 1470 904 1140 1471 884 1141 1472 932 1142 1473 941 1143 1474 917 1144 1475 916 1145 1476 936 1146 1477 931 1147 1478 915 1148 1479 921 1148 1480 939 1148 1481 938 1149 1482 975 1149 1483 914 1149 1484 953 1150 1485 924 1151 1486 929 1152 1487 927 1153 1488 940 1153 1489 952 1153 1490 971 1154 1491 934 1154 1492 930 1154 1493 928 1155 1494 925 1156 1495 970 1157 1496 943 1158 1497 933 1159 1498 937 1160 1499 935 1161 1500 918 1162 1501 942 1163 1502 920 1164 1503 910 1164 1504 956 1164 1505 955 1165 1506 944 1165 1507 919 1165 1508 912 1166 1509 974 1166 1510 950 1166 1511 948 1167 1512 981 1168 1513 913 1169 1514 923 1170 1515 951 1170 1516 958 1170 1517 961 1171 1518 965 1172 1519 922 1173 1520 972 1174 1521 926 1174 1522 969 1174 1523 967 1175 1524 947 1176 1525 973 1177 1526 957 1178 1527 911 1178 1528 976 1178 1529 978 1179 1530 959 1180 1531 954 1181 1532 984 1182 1533 989 1183 1534 979 1184 1535 977 1185 1536 946 1186 1537 986 1187 1538 992 1188 1539 985 1189 1540 949 1190 1541 945 1191 1542 966 1192 1543 995 1193 1544 1000 1194 1545 996 1195 1546 968 1196 1547 964 1197 1548 960 1198 1549 997 1199 1550 990 1200 1551 999 1201 1552 962 1202 1553 963 1203 1554 980 1204 1555 987 1205 1556 988 1206 1557 983 1207 1558 1005 1208 1559 982 1209 1560 993 1210 1561 1003 1211 1562 994 1212 1563 998 1213 1564 1002 1214 1565 1001 1215 1566 991 1216 1567 1004 1217 1568 1793 1218 1569 1006 1219 1570 1009 1220 1571 1010 1221 1572 1760 1222 1573 1797 1223 1574 1799 1224 1575 1013 1225 1576 1008 1226 1577 1007 1227 1578 1794 1228 1579 1801 1229 1580 1764 1230 1581 1014 1231 1582 1012 1232 1583 1011 1233 1584 1803 1234 1585 1763 1235 1586 1783 1236 1587 1795 1237 1588 1762 1238 1589 1761 1239 1590 1766 1240 1591 1780 1241 1592 1789 1242 1593 1802 1243 1594 1796 1244 1595 1792 1245 1596 1779 1246 1597 1786 1247 1598 1807 1248 1599 1765 1249 1600 1800 1250 1601 1798 1251 1602 1787 1252 1603 1806 1253 1604 1016 1254 1605 1781 1255 1606 1767 1256 1607 1768 1257 1608 1772 1258 1609 1018 1259 1610 1023 1260 1611 1790 1261 1612 1778 1262 1613 1782 1263 1614 1015 1264 1615 1024 1265 1616 1777 1266 1617 1805 1267 1618 1788 1268 1619 1791 1269 1620 1022 1270 1621 1776 1271 1622 1019 1272 1623 1026 1273 1624 1769 1274 1625 1785 1275 1626 1808 1275 1627 1031 1275 1628 1030 1276 1629 1020 1276 1630 1784 1276 1631 1804 1277 1632 1775 1278 1633 1028 1279 1634 1021 1280 1635 1029 1281 1636 1774 1282 1637 1017 1283 1638 1771 1284 1639 1027 1285 1640 1770 1286 1641 1025 1287 1642 1773 1288 1643 1324 1289 1644 1318 1290 1645 1320 1291 1646 1340 1292 1647 1344 1292 1648 1345 1292 1649 1366 1293 1650 1368 1293 1651 1370 1293 1652 1375 1294 1653 1367 1294 1654 1371 1294 1655 1374 1295 1656 1369 1296 1657 1377 1296 1658 1380 1297 1659 1373 1298 1660 1376 1297 1661 1607 1299 1662 1609 1300 1663 1611 1300 1664 1608 1301 1665 1610 1302 1666 1614 1303 1667 1625 1304 1668 1629 1304 1669 1633 1304 1670 1037 1305 1671 333 1306 1672 1054 1307 1673 1055 1308 1674 1040 1309 1675 1036 1310 1676 1045 1311 1677 1050 1312 1678 331 1313 1679 332 1314 1680 334 1315 1681 1044 1316 1682 321 1317 1683 1065 1318 1684 1058 1319 1685 1056 1320 1686 373 1321 1687 320 1322 1688 1063 1323 1689 315 1324 1690 1033 1325 1691 1035 1326 1692 1038 1327 1693 1062 1328 1694 1057 1329 1695 1100 1330 1696 368 1331 1697 366 1332 1698 371 1333 1699 1059 1334 1700 353 1335 1701 1071 1336 1702 1049 1337 1703 1048 1338 1704 339 1339 1705 354 1340 1706 1069 1341 1707 352 1342 1708 367 1343 1709 363 1344 1710 1097 1345 1711 1073 1346 1712 1039 1347 1713 1053 1348 1714 1078 1349 1715 1077 1350 1716 1075 1351 1717 1041 1352 1718 1088 1353 1719 1076 1354 1720 1052 1355 1721 1051 1356 1722 1046 1357 1723 1089 1358 1724 1066 1359 1725 1080 1360 1726 1083 1361 1727 1085 1362 1728 1060 1363 1729 1064 1364 1730 1079 1365 1731 1067 1366 1732 1042 1367 1733 1043 1368 1734 1074 1369 1735 1081 1370 1736 1084 1371 1737 1087 1372 1738 1099 1373 1739 1098 1374 1740 1061 1375 1741 1082 1376 1742 1072 1377 1743 1094 1378 1744 1091 1379 1745 1090 1380 1746 1047 1381 1747 1070 1382 1748 1093 1383 1749 1068 1384 1750 1095 1385 1751 1096 1386 1752 1086 1387 1753 1092 1388 1754 1105 1389 1755 1109 1390 1756 1113 1391 1757 1114 1392 1758 1153 1393 1759 1104 1394 1760 1115 1395 1761 1118 1396 1762 1138 1397 1763 1136 1398 1764 1125 1399 1765 1117 1400 1766 1119 1401 1767 1127 1402 1768 1133 1403 1769 1135 1404 1770 1139 1405 1771 1120 1406 1772 1128 1407 1773 1144 1408 1774 1148 1409 1775 1149 1410 1776 1134 1411 1777 1129 1412 1778 1143 1413 1779 1116 1414 1780 1122 1415 1781 1121 1416 1782 1146 1417 1783 1142 1418 1784 1123 1419 1785 1137 1420 1786 1151 1421 1787 1152 1422 1788 1110 1423 1789 1126 1424 1790 1140 1425 1791 1130 1426 1792 1102 1427 1793 1101 1428 1794 1154 1429 1795 1141 1430 1796 1132 1431 1797 1150 1432 1798 1108 1433 1799 1107 1434 1800 1103 1435 1801 1131 1436 1802 1147 1437 1803 1124 1438 1804 1112 1439 1805 1111 1440 1806 1106 1441 1807 1145 1442 1808</p>
        </triangles>
      </mesh>
    </geometry>
  </library_geometries>
  <library_controllers>
    <controller id="keles2_Akation_Skin_keles2_Akation-skin" name="keles2_Akation_Skin">
      <skin source="#keles2_Akation_Mesh_002-mesh">
        <bind_shape_matrix>1 0 0 0 0 1 0 0 0 0 1 0 0 0 0 1</bind_shape_matrix>
        <source id="keles2_Akation_Skin_keles2_Akation-skin-joints">
          <Name_array id="keles2_Akation_Skin_keles2_Akation-skin-joints-array" count="20">root mast_top port_tackle port_block star_tackle star_block pivot_node_0 ammo_node_0 port_axle thranite_port port_axle_thal thalamite_port sbr_axle thranite_starboard sbr_axle_thal thalamite_starboard sbr_flag_pivot_fore l_flag_foc03 sbr_flag_pivot_fore01 l_flag_foc04</Name_array>
          <technique_common>
            <accessor source="#keles2_Akation_Skin_keles2_Akation-skin-joints-array" count="20" stride="1">
              <param name="JOINT" type="name"/>
            </accessor>
          </technique_common>
        </source>
        <source id="keles2_Akation_Skin_keles2_Akation-skin-bind_poses">
          <float_array id="keles2_Akation_Skin_keles2_Akation-skin-bind_poses-array" count="320">1 0 0 -0.3606987 0 -1.19209e-7 1 0 0 -1 -1.19501e-7 0.5490875 0 0 0 1 1 0 0 -1.63242e-5 0 -1 -1.19501e-7 30.63003 0 1.19209e-7 -1 205.3747 0 0 0 1 1 0 0 -55.50001 0 0 -1 208.2236 0 1 0 -19.25479 0 0 0 1 1 0 0 -55.50001 0 0 -1 89.02334 0 1 0 -19.25484 0 0 0 1 1 0 0 55.50001 0 0 -1 208.2236 0 1 0 -19.25479 0 0 0 1 1 0 0 55.50001 0 0 -1 89.02336 0 1 0 -19.25484 0 0 0 1 -1 -1.51287e-7 0 -1.08911e-5 0 -1.19209e-7 1 -33.26921 -1.51287e-7 1 1.19501e-7 71.98956 0 0 0 1 -1 0 0 -0.5515828 0 0 1 -39.30067 0 1 0 71.98974 0 0 0 1 1 0 0 -53.34326 0 -1 0 140.3633 0 0 -1 27.00002 0 0 0 1 1 0 -3.72727e-6 -53.34317 0 -1 0 -136.0699 -3.72727e-6 0 -1 27.00015 0 0 0 1 1 0 0 -50.09312 0 1 0 130.0852 0 0 1 -13.19998 0 0 0 1 1 0 -3.8147e-6 -50.09305 0 1 0 -150.1728 3.8147e-6 0 1 -13.20019 0 0 0 1 1 0 0 51.16849 0 -1 0 140.3629 0 0 -1 27.00003 0 0 0 1 1 0 0 51.16848 0 -1 0 -136.0704 0 0 -1 26.99957 0 0 0 1 1 0 0 50.07302 0 1 0 130.0856 0 0 1 -13.19998 0 0 0 1 1 0 0 50.07303 0 1 0 -150.1724 0 0 1 -13.19963 0 0 0 1 1 0 0 -1.35802e-5 0 1.19209e-7 -1 136.2728 0 1 1.19501e-7 -208.1669 0 0 0 1 1 0 0 -1.9649e-6 0 0 -1 110.0189 0 1 0 -208.5347 0 0 0 1 1 0 0 2.054e-6 0 0.7056405 -0.70857 245.6192 0 0.70857 0.7056405 114.5876 0 0 0 1 1 0 0 -4.5549e-6 0 0.7056405 -0.7085701 192.8071 0 0.7085701 0.7056405 121.9909 0 0 0 1</float_array>
          <technique_common>
            <accessor source="#keles2_Akation_Skin_keles2_Akation-skin-bind_poses-array" count="20" stride="16">
              <param name="TRANSFORM" type="float4x4"/>
            </accessor>
          </technique_common>
        </source>
        <source id="keles2_Akation_Skin_keles2_Akation-skin-weights">
          <float_array id="keles2_Akation_Skin_keles2_Akation-skin-weights-array" count="1809">1 1 1 1 1 1 1 1 1 1 1 1 1 1 1 1 1 1 1 1 1 1 1 1 1 1 1 1 1 1 1 1 1 1 1 1 1 1 1 1 1 1 1 1 1 1 1 1 1 1 1 1 1 1 1 1 1 1 1 1 1 1 1 1 1 1 1 1 1 1 1 1 1 1 1 1 1 1 1 1 1 1 1 1 1 1 1 1 1 1 1 1 1 1 1 1 1 1 1 1 1 1 1 1 1 1 1 1 1 1 1 1 1 1 1 1 1 1 1 1 1 1 1 1 1 1 1 1 1 1 1 1 1 1 1 1 1 1 1 1 1 1 1 1 1 1 1 1 1 1 1 1 1 1 1 1 1 1 1 1 1 1 1 1 1 1 1 1 1 1 1 1 1 1 1 1 1 1 1 1 1 1 1 1 1 1 1 1 1 1 1 1 1 1 1 1 1 1 1 1 1 1 1 1 1 1 1 1 1 1 1 1 1 1 1 1 1 1 1 1 1 1 1 1 1 1 1 1 1 1 1 1 1 1 1 1 1 1 1 1 1 1 1 1 1 1 1 1 1 1 1 1 1 1 1 1 1 1 1 1 1 1 1 1 1 1 1 1 1 1 1 1 1 1 1 1 1 1 1 1 1 1 1 1 1 1 1 1 1 1 1 1 1 1 1 1 1 1 1 1 1 1 1 1 1 1 1 1 1 1 1 1 1 1 1 1 1 1 1 1 1 1 1 1 1 1 1 1 1 1 1 1 1 1 1 1 1 1 1 1 1 1 1 1 1 1 1 1 1 1 1 1 1 1 1 1 1 1 1 1 1 1 1 1 1 1 1 1 1 1 1 1 1 1 1 1 1 1 1 1 1 1 1 1 1 1 1 1 1 1 1 1 1 1 1 1 1 1 1 1 1 1 1 1 1 1 1 1 1 1 1 1 1 1 1 1 1 1 1 1 1 1 1 1 1 1 1 1 1 1 1 1 1 1 1 1 1 1 1 1 1 1 1 1 1 1 1 1 1 1 1 1 1 1 1 1 1 1 1 1 1 1 1 1 1 1 1 1 1 1 1 1 1 1 1 1 1 1 1 1 1 1 1 1 1 1 1 1 1 1 1 1 1 1 1 1 1 1 1 1 1 1 1 1 1 1 1 1 1 1 1 1 1 1 1 1 1 1 1 1 1 1 1 1 1 1 1 1 1 1 1 1 1 1 1 1 1 1 1 1 1 1 1 1 1 1 1 1 1 1 1 1 1 1 1 1 1 1 1 1 1 1 1 1 1 1 1 1 1 1 1 1 1 1 1 1 1 1 1 1 1 1 1 1 1 1 1 1 1 1 1 1 1 1 1 1 1 1 1 1 1 1 1 1 1 1 1 1 1 1 1 1 1 1 1 1 1 1 1 1 1 1 1 1 1 1 1 1 1 1 1 1 1 1 1 1 1 1 1 1 1 1 1 1 1 1 1 1 1 1 1 1 1 1 1 1 1 1 1 1 1 1 1 1 1 1 1 1 1 1 1 1 1 1 1 1 1 1 1 1 1 1 1 1 1 1 1 1 1 1 1 1 1 1 1 1 1 1 1 1 1 1 1 1 1 1 1 1 1 1 1 1 1 1 1 1 1 1 1 1 1 1 1 1 1 1 1 1 1 1 1 1 1 1 1 1 1 1 1 1 1 1 1 1 1 1 1 1 1 1 1 1 1 1 1 1 1 1 1 1 1 1 1 1 1 1 1 1 1 1 1 1 1 1 1 1 1 1 1 1 1 1 1 1 1 1 1 1 1 1 1 1 1 1 1 1 1 1 1 1 1 1 1 1 1 1 1 1 1 1 1 1 1 1 1 1 1 1 1 1 1 1 1 1 1 1 1 1 1 1 1 1 1 1 1 1 1 1 1 1 1 1 1 1 1 1 1 1 1 1 1 1 1 1 1 1 1 1 1 1 1 1 1 1 1 1 1 1 1 1 1 1 1 1 1 1 1 1 1 1 1 1 1 1 1 1 1 1 1 1 1 1 1 1 1 1 1 1 1 1 1 1 1 1 1 1 1 1 1 1 1 1 1 1 1 1 1 1 1 1 1 1 1 1 1 1 1 1 1 1 1 1 1 1 1 1 1 1 1 1 1 1 1 1 1 1 1 1 1 1 1 1 1 1 1 1 1 1 1 1 1 1 1 1 1 1 1 1 1 1 1 1 1 1 1 1 1 1 1 1 1 1 1 1 1 1 1 1 1 1 1 1 1 1 1 1 1 1 1 1 1 1 1 1 1 1 1 1 1 1 1 1 1 1 1 1 1 1 1 1 1 1 1 1 1 1 1 1 1 1 1 1 1 1 1 1 1 1 1 1 1 1 1 1 1 1 1 1 1 1 1 1 1 1 1 1 1 1 1 1 1 1 1 1 1 1 1 1 1 1 1 1 1 1 1 1 1 1 1 1 1 1 1 1 1 1 1 1 1 1 1 1 1 1 1 1 1 1 1 1 1 1 1 1 1 1 1 1 1 1 1 1 1 1 1 1 1 1 1 1 1 1 1 1 1 1 1 1 1 1 1 1 1 1 1 1 1 1 1 1 1 1 1 1 1 1 1 1 1 1 1 1 1 1 1 1 1 1 1 1 1 1 1 1 1 1 1 1 1 1 1 1 1 1 1 1 1 1 1 1 1 1 1 1 1 1 1 1 1 1 1 1 1 1 1 1 1 1 1 1 1 1 1 1 1 1 1 1 1 1 1 1 1 1 1 1 1 1 1 1 1 1 1 1 1 1 1 1 1 1 1 1 1 1 1 1 1 1 1 1 1 1 1 1 1 1 1 1 1 1 1 1 1 1 1 1 1 1 1 1 1 1 1 1 1 1 1 1 1 1 1 1 1 1 1 1 1 1 1 1 1 1 1 1 1 1 1 1 1 1 1 1 1 1 1 1 1 1 1 1 1 1 1 1 1 1 1 1 1 1 1 1 1 1 1 1 1 1 1 1 1 1 1 1 1 1 1 1 1 1 1 1 1 1 1 1 1 1 1 1 1 1 1 1 1 1 1 1 1 1 1 1 1 1 1 1 1 1 1 1 1 1 1 1 1 1 1 1 1 1 1 1 1 1 1 1 1 1 1 1 1 1 1 1 1 1 1 1 1 1 1 1 1 1 1 1 1 1 1 1 1 1 1 1 1 1 1 1 1 1 1 1 1 1 1 1 1 1 1 1 1 1 1 1 1 1 1 1 1 1 1 1 1 1 1 1 1 1 1 1 1 1 1 1 1 1 1 1 1 1 1 1 1 1 1 1 1 1 1 1 1 1 1 1 1 1 1 1 1 1 1 1 1 1 1 1 1 1 1 1 1 1 1 1 1 1 1 1 1 1 1 1 1 1 1 1 1 1 1 1 1 1 1 1 1 1 1 1 1 1 1 1 1 1 1 1 1 1 1 1 1 1 1 1 1 1 1 1 1 1 1 1 1 1 1 1 1 1 1 1 1 1 1 1 1 1 1 1 1 1 1 1 1 1 1 1 1 1 1 1 1 1 1 1 1 1 1 1 1 1 1 1 1 1 1 1 1 1 1 1 1 1 1 1 1 1 1 1 1 1 1 1 1 1 1 1 1 1 1 1 1 1 1 1 1 1 1 1 1 1 1 1 1 1 1 1 1 1 1 1 1 1 1 1 1 1 1 1 1 1 1 1 1 1 1 1 1 1 1 1 1 1 1 1 1 1 1 1 1 1 1 1 1 1 1 1 1 1 1 1 1 1 1 1 1 1 1 1 1 1 1 1 1 1 1 1 1 1 1 1 1 1 1 1 1 1 1 1 1 1 1 1 1 1 1 1 1 1 1 1 1 1 1 1 1 1 1 1 1 1 1 1 1 1 1 1 1 1 1 1 1 1 1 1 1 1 1 1 1 1 1 1 1 1 1 1 1 1 1 1 1 1 1 1 1 1 1 1 1 1 1 1 1 1 1 1 1 1 1 1 1 1 1 1 1 1 1 1 1 1 1 1 1 1 1 1 1 1 1 1 1 1 1 1 1 1 1 1 1 1 1 1 1 1 1 1 1 1 1 1 1 1 1 1 1 1 1 1 1</float_array>
          <technique_common>
            <accessor source="#keles2_Akation_Skin_keles2_Akation-skin-weights-array" count="1809" stride="1">
              <param name="WEIGHT" type="float"/>
            </accessor>
          </technique_common>
        </source>
        <joints>
          <input semantic="JOINT" source="#keles2_Akation_Skin_keles2_Akation-skin-joints"/>
          <input semantic="INV_BIND_MATRIX" source="#keles2_Akation_Skin_keles2_Akation-skin-bind_poses"/>
        </joints>
        <vertex_weights count="1809">
          <input semantic="JOINT" source="#keles2_Akation_Skin_keles2_Akation-skin-joints" offset="0"/>
          <input semantic="WEIGHT" source="#keles2_Akation_Skin_keles2_Akation-skin-weights" offset="1"/>
          <vcount>1 1 1 1 1 1 1 1 1 1 1 1 1 1 1 1 1 1 1 1 1 1 1 1 1 1 1 1 1 1 1 1 1 1 1 1 1 1 1 1 1 1 1 1 1 1 1 1 1 1 1 1 1 1 1 1 1 1 1 1 1 1 1 1 1 1 1 1 1 1 1 1 1 1 1 1 1 1 1 1 1 1 1 1 1 1 1 1 1 1 1 1 1 1 1 1 1 1 1 1 1 1 1 1 1 1 1 1 1 1 1 1 1 1 1 1 1 1 1 1 1 1 1 1 1 1 1 1 1 1 1 1 1 1 1 1 1 1 1 1 1 1 1 1 1 1 1 1 1 1 1 1 1 1 1 1 1 1 1 1 1 1 1 1 1 1 1 1 1 1 1 1 1 1 1 1 1 1 1 1 1 1 1 1 1 1 1 1 1 1 1 1 1 1 1 1 1 1 1 1 1 1 1 1 1 1 1 1 1 1 1 1 1 1 1 1 1 1 1 1 1 1 1 1 1 1 1 1 1 1 1 1 1 1 1 1 1 1 1 1 1 1 1 1 1 1 1 1 1 1 1 1 1 1 1 1 1 1 1 1 1 1 1 1 1 1 1 1 1 1 1 1 1 1 1 1 1 1 1 1 1 1 1 1 1 1 1 1 1 1 1 1 1 1 1 1 1 1 1 1 1 1 1 1 1 1 1 1 1 1 1 1 1 1 1 1 1 1 1 1 1 1 1 1 1 1 1 1 1 1 1 1 1 1 1 1 1 1 1 1 1 1 1 1 1 1 1 1 1 1 1 1 1 1 1 1 1 1 1 1 1 1 1 1 1 1 1 1 1 1 1 1 1 1 1 1 1 1 1 1 1 1 1 1 1 1 1 1 1 1 1 1 1 1 1 1 1 1 1 1 1 1 1 1 1 1 1 1 1 1 1 1 1 1 1 1 1 1 1 1 1 1 1 1 1 1 1 1 1 1 1 1 1 1 1 1 1 1 1 1 1 1 1 1 1 1 1 1 1 1 1 1 1 1 1 1 1 1 1 1 1 1 1 1 1 1 1 1 1 1 1 1 1 1 1 1 1 1 1 1 1 1 1 1 1 1 1 1 1 1 1 1 1 1 1 1 1 1 1 1 1 1 1 1 1 1 1 1 1 1 1 1 1 1 1 1 1 1 1 1 1 1 1 1 1 1 1 1 1 1 1 1 1 1 1 1 1 1 1 1 1 1 1 1 1 1 1 1 1 1 1 1 1 1 1 1 1 1 1 1 1 1 1 1 1 1 1 1 1 1 1 1 1 1 1 1 1 1 1 1 1 1 1 1 1 1 1 1 1 1 1 1 1 1 1 1 1 1 1 1 1 1 1 1 1 1 1 1 1 1 1 1 1 1 1 1 1 1 1 1 1 1 1 1 1 1 1 1 1 1 1 1 1 1 1 1 1 1 1 1 1 1 1 1 1 1 1 1 1 1 1 1 1 1 1 1 1 1 1 1 1 1 1 1 1 1 1 1 1 1 1 1 1 1 1 1 1 1 1 1 1 1 1 1 1 1 1 1 1 1 1 1 1 1 1 1 1 1 1 1 1 1 1 1 1 1 1 1 1 1 1 1 1 1 1 1 1 1 1 1 1 1 1 1 1 1 1 1 1 1 1 1 1 1 1 1 1 1 1 1 1 1 1 1 1 1 1 1 1 1 1 1 1 1 1 1 1 1 1 1 1 1 1 1 1 1 1 1 1 1 1 1 1 1 1 1 1 1 1 1 1 1 1 1 1 1 1 1 1 1 1 1 1 1 1 1 1 1 1 1 1 1 1 1 1 1 1 1 1 1 1 1 1 1 1 1 1 1 1 1 1 1 1 1 1 1 1 1 1 1 1 1 1 1 1 1 1 1 1 1 1 1 1 1 1 1 1 1 1 1 1 1 1 1 1 1 1 1 1 1 1 1 1 1 1 1 1 1 1 1 1 1 1 1 1 1 1 1 1 1 1 1 1 1 1 1 1 1 1 1 1 1 1 1 1 1 1 1 1 1 1 1 1 1 1 1 1 1 1 1 1 1 1 1 1 1 1 1 1 1 1 1 1 1 1 1 1 1 1 1 1 1 1 1 1 1 1 1 1 1 1 1 1 1 1 1 1 1 1 1 1 1 1 1 1 1 1 1 1 1 1 1 1 1 1 1 1 1 1 1 1 1 1 1 1 1 1 1 1 1 1 1 1 1 1 1 1 1 1 1 1 1 1 1 1 1 1 1 1 1 1 1 1 1 1 1 1 1 1 1 1 1 1 1 1 1 1 1 1 1 1 1 1 1 1 1 1 1 1 1 1 1 1 1 1 1 1 1 1 1 1 1 1 1 1 1 1 1 1 1 1 1 1 1 1 1 1 1 1 1 1 1 1 1 1 1 1 1 1 1 1 1 1 1 1 1 1 1 1 1 1 1 1 1 1 1 1 1 1 1 1 1 1 1 1 1 1 1 1 1 1 1 1 1 1 1 1 1 1 1 1 1 1 1 1 1 1 1 1 1 1 1 1 1 1 1 1 1 1 1 1 1 1 1 1 1 1 1 1 1 1 1 1 1 1 1 1 1 1 1 1 1 1 1 1 1 1 1 1 1 1 1 1 1 1 1 1 1 1 1 1 1 1 1 1 1 1 1 1 1 1 1 1 1 1 1 1 1 1 1 1 1 1 1 1 1 1 1 1 1 1 1 1 1 1 1 1 1 1 1 1 1 1 1 1 1 1 1 1 1 1 1 1 1 1 1 1 1 1 1 1 1 1 1 1 1 1 1 1 1 1 1 1 1 1 1 1 1 1 1 1 1 1 1 1 1 1 1 1 1 1 1 1 1 1 1 1 1 1 1 1 1 1 1 1 1 1 1 1 1 1 1 1 1 1 1 1 1 1 1 1 1 1 1 1 1 1 1 1 1 1 1 1 1 1 1 1 1 1 1 1 1 1 1 1 1 1 1 1 1 1 1 1 1 1 1 1 1 1 1 1 1 1 1 1 1 1 1 1 1 1 1 1 1 1 1 1 1 1 1 1 1 1 1 1 1 1 1 1 1 1 1 1 1 1 1 1 1 1 1 1 1 1 1 1 1 1 1 1 1 1 1 1 1 1 1 1 1 1 1 1 1 1 1 1 1 1 1 1 1 1 1 1 1 1 1 1 1 1 1 1 1 1 1 1 1 1 1 1 1 1 1 1 1 1 1 1 1 1 1 1 1 1 1 1 1 1 1 1 1 1 1 1 1 1 1 1 1 1 1 1 1 1 1 1 1 1 1 1 1 1 1 1 1 1 1 1 1 1 1 1 1 1 1 1 1 1 1 1 1 1 1 1 1 1 1 1 1 1 1 1 1 1 1 1 1 1 1 1 1 1 1 1 1 1 1 1 1 1 1 1 1 1 1 1 1 1 1 1 1 1 1 1 1 1 1 1 1 1 1 1 1 1 1 1 1 1 1 1 1 1 1 1 1 1 1 1 1 1 1 1 1 1 1 1 1 1 1 1 1 1 1 1 1 1 1 1 1 1 1 1 1 1 1 1 1 1 1 1 1 1 1 1 1 1 1 1 1 1 1 1 1 1 1 1 1 1 1 1 1 1 1 1 1 1 1 1 1 1 1 1 1 1 1 1 1 1 1 1 1 1 1 1 1 1 1 1 1 1 1 1 1 1 1 1 1 1 1 1 1 1 1 1 1 1 1 1 1 1 1 1 1 1 1 1 1 1 1 1 1 1 1 1 1 1 1 1 1 1 1 1 1 1 1 1 1 1 1 1 1 1 1 1 1 1 1 1 1 1 1 1 1 1 1 1 1 1 1 1 1 1 1 1 1 1 1 1 1 1 1 1 1 1 1 1 1 1 1 1 1 1 1 1 1 1 1 1 1 1 1 1 1 1 1 1 1 1 1 1 1 1 1 1 1 1 1 1 1 1 1 1 1 1 1 1 1 1 1 1 1 1 1 1 1 1 1 1 1 1 1 1 1 1 1 1 1 1 1 1 1 1 1 1 1 1 1 1 1 1 1 1 1 1 1 1 1 1 1 1 1 1 1 1 1 1 1 1 1 1 </vcount>
          <v>0 0 0 1 0 2 0 3 0 4 0 5 0 6 0 7 0 8 0 9 0 10 0 11 0 12 0 13 0 14 0 15 0 16 0 17 0 18 0 19 0 20 0 21 0 22 0 23 0 24 0 25 0 26 0 27 0 28 0 29 0 30 0 31 0 32 0 33 0 34 0 35 0 36 0 37 0 38 0 39 0 40 0 41 0 42 0 43 0 44 0 45 0 46 0 47 0 48 0 49 0 50 0 51 0 52 0 53 0 54 0 55 0 56 0 57 0 58 0 59 0 60 0 61 0 62 0 63 0 64 0 65 0 66 0 67 0 68 0 69 0 70 0 71 0 72 0 73 0 74 0 75 0 76 0 77 0 78 0 79 0 80 0 81 0 82 0 83 0 84 0 85 0 86 0 87 0 88 0 89 0 90 0 91 0 92 0 93 0 94 0 95 0 96 0 97 0 98 0 99 0 100 0 101 0 102 0 103 0 104 0 105 0 106 0 107 0 108 0 109 0 110 0 111 0 112 0 113 0 114 0 115 0 116 0 117 0 118 0 119 0 120 0 121 0 122 0 123 0 124 0 125 0 126 0 127 0 128 0 129 0 130 0 131 0 132 0 133 0 134 0 135 0 136 0 137 0 138 0 139 0 140 0 141 0 142 0 143 0 144 0 145 0 146 0 147 0 148 0 149 0 150 0 151 0 152 0 153 0 154 0 155 0 156 0 157 0 158 0 159 0 160 0 161 0 162 0 163 0 164 0 165 0 166 0 167 0 168 0 169 0 170 0 171 0 172 0 173 0 174 0 175 0 176 0 177 0 178 0 179 0 180 0 181 0 182 0 183 0 184 0 185 0 186 0 187 0 188 0 189 0 190 0 191 0 192 0 193 0 194 0 195 0 196 0 197 0 198 0 199 0 200 0 201 0 202 0 203 0 204 0 205 0 206 0 207 0 208 0 209 0 210 0 211 0 212 0 213 0 214 0 215 0 216 0 217 0 218 0 219 0 220 0 221 0 222 0 223 0 224 0 225 0 226 0 227 0 228 0 229 0 230 0 231 0 232 0 233 0 234 0 235 0 236 0 237 0 238 0 239 0 240 0 241 0 242 0 243 0 244 0 245 0 246 0 247 0 248 0 249 0 250 0 251 0 252 0 253 0 254 0 255 0 256 0 257 0 258 0 259 0 260 0 261 0 262 0 263 0 264 0 265 0 266 0 267 0 268 0 269 0 270 0 271 0 272 0 273 0 274 0 275 0 276 0 277 0 278 0 279 0 280 0 281 0 282 0 283 0 284 0 285 0 286 0 287 0 288 0 289 0 290 0 291 0 292 0 293 0 294 0 295 0 296 0 297 0 298 0 299 0 300 0 301 0 302 0 303 0 304 0 305 0 306 0 307 0 308 0 309 0 310 0 311 0 312 0 313 0 314 0 315 0 316 0 317 0 318 0 319 0 320 0 321 0 322 0 323 0 324 0 325 0 326 0 327 0 328 0 329 0 330 0 331 0 332 0 333 0 334 0 335 0 336 0 337 0 338 0 339 0 340 0 341 0 342 0 343 0 344 0 345 0 346 0 347 0 348 0 349 0 350 0 351 0 352 0 353 0 354 0 355 0 356 0 357 0 358 0 359 0 360 0 361 0 362 0 363 0 364 0 365 0 366 0 367 0 368 0 369 0 370 0 371 0 372 0 373 0 374 0 375 0 376 0 377 0 378 0 379 0 380 0 381 0 382 0 383 0 384 0 385 0 386 0 387 0 388 0 389 0 390 0 391 0 392 0 393 0 394 0 395 0 396 0 397 0 398 0 399 0 400 0 401 0 402 0 403 0 404 0 405 0 406 0 407 0 408 0 409 0 410 0 411 0 412 0 413 0 414 0 415 0 416 0 417 0 418 0 419 0 420 0 421 0 422 0 423 0 424 0 425 0 426 0 427 0 428 0 429 0 430 0 431 0 432 0 433 0 434 0 435 0 436 0 437 0 438 0 439 0 440 0 441 0 442 0 443 0 444 0 445 0 446 0 447 0 448 0 449 0 450 0 451 0 452 0 453 0 454 0 455 0 456 0 457 0 458 0 459 0 460 0 461 0 462 0 463 0 464 0 465 0 466 0 467 0 468 0 469 0 470 0 471 0 472 0 473 0 474 0 475 0 476 0 477 0 478 0 479 0 480 0 481 0 482 0 483 0 484 0 485 0 486 0 487 0 488 0 489 0 490 0 491 0 492 0 493 0 494 0 495 0 496 0 497 0 498 0 499 0 500 0 501 0 502 0 503 0 504 0 505 0 506 0 507 0 508 0 509 0 510 0 511 0 512 0 513 0 514 0 515 0 516 0 517 0 518 0 519 0 520 0 521 0 522 0 523 0 524 0 525 0 526 0 527 0 528 0 529 0 530 0 531 0 532 0 533 0 534 0 535 0 536 0 537 0 538 0 539 0 540 0 541 0 542 0 543 0 544 0 545 0 546 0 547 0 548 0 549 0 550 0 551 0 552 0 553 0 554 0 555 0 556 0 557 0 558 0 559 0 560 0 561 0 562 0 563 0 564 0 565 0 566 0 567 0 568 0 569 0 570 0 571 0 572 0 573 0 574 0 575 0 576 0 577 0 578 0 579 0 580 0 581 0 582 0 583 0 584 0 585 0 586 0 587 0 588 0 589 0 590 0 591 0 592 0 593 0 594 0 595 0 596 0 597 0 598 0 599 0 600 0 601 0 602 0 603 0 604 0 605 0 606 0 607 0 608 0 609 0 610 0 611 0 612 0 613 0 614 0 615 0 616 0 617 0 618 0 619 0 620 0 621 0 622 0 623 0 624 0 625 0 626 0 627 0 628 0 629 0 630 0 631 0 632 0 633 0 634 0 635 0 636 0 637 0 638 0 639 0 640 0 641 0 642 0 643 0 644 0 645 0 646 0 647 0 648 0 649 0 650 0 651 0 652 0 653 0 654 0 655 0 656 0 657 0 658 0 659 0 660 0 661 0 662 0 663 0 664 0 665 0 666 0 667 0 668 0 669 0 670 0 671 0 672 0 673 0 674 0 675 0 676 0 677 0 678 0 679 0 680 0 681 0 682 0 683 0 684 0 685 0 686 0 687 0 688 0 689 0 690 0 691 0 692 0 693 0 694 0 695 0 696 0 697 0 698 0 699 0 700 0 701 0 702 0 703 0 704 0 705 0 706 0 707 0 708 0 709 0 710 0 711 0 712 0 713 0 714 0 715 0 716 0 717 0 718 0 719 0 720 0 721 0 722 0 723 0 724 0 725 0 726 0 727 0 728 0 729 0 730 0 731 0 732 0 733 0 734 0 735 0 736 0 737 0 738 0 739 0 740 0 741 0 742 0 743 0 744 0 745 0 746 0 747 0 748 0 749 0 750 0 751 0 752 0 753 0 754 0 755 0 756 0 757 0 758 0 759 0 760 0 761 0 762 0 763 0 764 0 765 0 766 0 767 0 768 0 769 0 770 0 771 0 772 0 773 0 774 0 775 0 776 0 777 0 778 0 779 0 780 0 781 0 782 0 783 0 784 0 785 0 786 0 787 0 788 0 789 0 790 0 791 0 792 0 793 0 794 0 795 0 796 0 797 0 798 0 799 0 800 0 801 0 802 0 803 0 804 0 805 0 806 0 807 0 808 0 809 0 810 0 811 0 812 0 813 0 814 0 815 0 816 0 817 0 818 0 819 0 820 0 821 0 822 0 823 0 824 0 825 0 826 0 827 0 828 0 829 0 830 0 831 0 832 0 833 0 834 0 835 0 836 0 837 0 838 0 839 0 840 0 841 0 842 0 843 0 844 0 845 0 846 0 847 0 848 0 849 0 850 0 851 0 852 0 853 0 854 0 855 0 856 0 857 0 858 0 859 0 860 0 861 0 862 0 863 0 864 0 865 0 866 0 867 0 868 0 869 0 870 0 871 0 872 0 873 0 874 0 875 0 876 0 877 0 878 0 879 0 880 0 881 0 882 0 883 0 884 0 885 0 886 0 887 0 888 0 889 0 890 0 891 0 892 0 893 0 894 0 895 0 896 0 897 0 898 0 899 0 900 0 901 0 902 0 903 0 904 0 905 0 906 0 907 0 908 0 909 0 910 0 911 0 912 0 913 0 914 0 915 0 916 0 917 0 918 0 919 0 920 0 921 0 922 0 923 0 924 0 925 0 926 0 927 0 928 0 929 0 930 0 931 0 932 0 933 0 934 0 935 0 936 0 937 0 938 0 939 0 940 0 941 0 942 0 943 0 944 0 945 0 946 0 947 0 948 0 949 0 950 0 951 0 952 0 953 0 954 0 955 0 956 0 957 0 958 0 959 0 960 0 961 0 962 0 963 0 964 0 965 0 966 0 967 0 968 0 969 0 970 0 971 0 972 0 973 0 974 0 975 0 976 0 977 0 978 0 979 0 980 0 981 0 982 0 983 0 984 0 985 0 986 0 987 0 988 0 989 0 990 0 991 0 992 0 993 0 994 0 995 0 996 0 997 0 998 0 999 0 1000 0 1001 0 1002 0 1003 0 1004 0 1005 0 1006 0 1007 0 1008 0 1009 0 1010 0 1011 0 1012 0 1013 0 1014 0 1015 0 1016 0 1017 0 1018 0 1019 0 1020 0 1021 0 1022 0 1023 0 1024 0 1025 0 1026 0 1027 0 1028 0 1029 0 1030 0 1031 0 1032 0 1033 0 1034 0 1035 0 1036 0 1037 0 1038 0 1039 0 1040 0 1041 0 1042 0 1043 0 1044 0 1045 0 1046 0 1047 0 1048 0 1049 0 1050 0 1051 0 1052 0 1053 0 1054 0 1055 0 1056 0 1057 0 1058 0 1059 0 1060 0 1061 0 1062 0 1063 0 1064 0 1065 0 1066 0 1067 0 1068 0 1069 0 1070 0 1071 0 1072 0 1073 0 1074 0 1075 0 1076 0 1077 0 1078 0 1079 0 1080 0 1081 0 1082 0 1083 0 1084 0 1085 0 1086 0 1087 0 1088 0 1089 0 1090 0 1091 0 1092 0 1093 0 1094 0 1095 0 1096 0 1097 0 1098 0 1099 0 1100 0 1101 0 1102 0 1103 0 1104 0 1105 0 1106 0 1107 0 1108 0 1109 0 1110 0 1111 0 1112 0 1113 0 1114 0 1115 0 1116 0 1117 0 1118 0 1119 0 1120 0 1121 0 1122 0 1123 0 1124 0 1125 0 1126 0 1127 0 1128 0 1129 0 1130 0 1131 0 1132 0 1133 0 1134 0 1135 0 1136 0 1137 0 1138 0 1139 0 1140 0 1141 0 1142 0 1143 0 1144 0 1145 0 1146 0 1147 0 1148 0 1149 0 1150 0 1151 0 1152 0 1153 0 1154 2 1155 2 1156 2 1157 2 1158 2 1159 2 1160 2 1161 2 1162 2 1163 2 1164 2 1165 2 1166 2 1167 2 1168 2 1169 2 1170 2 1171 2 1172 2 1173 2 1174 2 1175 2 1176 2 1177 2 1178 2 1179 2 1180 2 1181 2 1182 2 1183 2 1184 2 1185 2 1186 2 1187 2 1188 2 1189 2 1190 2 1191 2 1192 2 1193 2 1194 2 1195 2 1196 2 1197 2 1198 2 1199 2 1200 2 1201 2 1202 4 1203 4 1204 4 1205 4 1206 4 1207 4 1208 4 1209 4 1210 4 1211 4 1212 4 1213 4 1214 4 1215 4 1216 4 1217 4 1218 4 1219 4 1220 4 1221 4 1222 4 1223 4 1224 4 1225 4 1226 4 1227 4 1228 4 1229 4 1230 4 1231 4 1232 4 1233 4 1234 4 1235 4 1236 4 1237 4 1238 4 1239 4 1240 4 1241 4 1242 4 1243 4 1244 4 1245 4 1246 4 1247 4 1248 4 1249 4 1250 4 1251 4 1252 4 1253 4 1254 4 1255 8 1256 8 1257 8 1258 8 1259 8 1260 8 1261 8 1262 8 1263 8 1264 8 1265 8 1266 8 1267 8 1268 8 1269 8 1270 8 1271 8 1272 8 1273 8 1274 8 1275 8 1276 8 1277 8 1278 8 1279 8 1280 8 1281 8 1282 8 1283 8 1284 8 1285 8 1286 8 1287 8 1288 8 1289 8 1290 8 1291 8 1292 8 1293 8 1294 8 1295 8 1296 8 1297 8 1298 8 1299 8 1300 8 1301 8 1302 8 1303 8 1304 8 1305 8 1306 8 1307 8 1308 8 1309 8 1310 8 1311 8 1312 8 1313 8 1314 8 1315 8 1316 8 1317 8 1318 8 1319 8 1320 8 1321 8 1322 8 1323 8 1324 8 1325 8 1326 8 1327 8 1328 8 1329 8 1330 8 1331 8 1332 8 1333 8 1334 8 1335 8 1336 8 1337 8 1338 8 1339 8 1340 8 1341 8 1342 8 1343 8 1344 8 1345 8 1346 8 1347 8 1348 8 1349 8 1350 8 1351 8 1352 8 1353 8 1354 8 1355 8 1356 8 1357 8 1358 8 1359 8 1360 8 1361 8 1362 8 1363 8 1364 8 1365 8 1366 8 1367 8 1368 8 1369 8 1370 8 1371 8 1372 8 1373 8 1374 8 1375 8 1376 8 1377 8 1378 8 1379 8 1380 8 1381 10 1382 10 1383 10 1384 10 1385 10 1386 10 1387 10 1388 10 1389 10 1390 10 1391 10 1392 10 1393 10 1394 10 1395 10 1396 10 1397 10 1398 10 1399 10 1400 10 1401 10 1402 10 1403 10 1404 10 1405 10 1406 10 1407 10 1408 10 1409 10 1410 10 1411 10 1412 10 1413 10 1414 10 1415 10 1416 10 1417 10 1418 10 1419 10 1420 10 1421 10 1422 10 1423 10 1424 10 1425 10 1426 10 1427 10 1428 10 1429 10 1430 10 1431 10 1432 10 1433 10 1434 10 1435 10 1436 10 1437 10 1438 10 1439 10 1440 10 1441 10 1442 10 1443 10 1444 10 1445 10 1446 10 1447 10 1448 10 1449 10 1450 10 1451 10 1452 10 1453 10 1454 10 1455 10 1456 10 1457 10 1458 10 1459 10 1460 10 1461 10 1462 10 1463 10 1464 10 1465 10 1466 10 1467 10 1468 10 1469 10 1470 10 1471 10 1472 10 1473 10 1474 10 1475 10 1476 10 1477 10 1478 10 1479 10 1480 10 1481 10 1482 10 1483 10 1484 10 1485 10 1486 10 1487 10 1488 10 1489 10 1490 10 1491 10 1492 10 1493 10 1494 10 1495 10 1496 10 1497 10 1498 10 1499 10 1500 10 1501 10 1502 10 1503 10 1504 10 1505 10 1506 10 1507 12 1508 12 1509 12 1510 12 1511 12 1512 12 1513 12 1514 12 1515 12 1516 12 1517 12 1518 12 1519 12 1520 12 1521 12 1522 12 1523 12 1524 12 1525 12 1526 12 1527 12 1528 12 1529 12 1530 12 1531 12 1532 12 1533 12 1534 12 1535 12 1536 12 1537 12 1538 12 1539 12 1540 12 1541 12 1542 12 1543 12 1544 12 1545 12 1546 12 1547 12 1548 12 1549 12 1550 12 1551 12 1552 12 1553 12 1554 12 1555 12 1556 12 1557 12 1558 12 1559 12 1560 12 1561 12 1562 12 1563 12 1564 12 1565 12 1566 12 1567 12 1568 12 1569 12 1570 12 1571 12 1572 12 1573 12 1574 12 1575 12 1576 12 1577 12 1578 12 1579 12 1580 12 1581 12 1582 12 1583 12 1584 12 1585 12 1586 12 1587 12 1588 12 1589 12 1590 12 1591 12 1592 12 1593 12 1594 12 1595 12 1596 12 1597 12 1598 12 1599 12 1600 12 1601 12 1602 12 1603 12 1604 12 1605 12 1606 12 1607 12 1608 12 1609 12 1610 12 1611 12 1612 12 1613 12 1614 12 1615 12 1616 12 1617 12 1618 12 1619 12 1620 12 1621 12 1622 12 1623 12 1624 12 1625 12 1626 12 1627 12 1628 12 1629 12 1630 12 1631 12 1632 12 1633 14 1634 14 1635 14 1636 14 1637 14 1638 14 1639 14 1640 14 1641 14 1642 14 1643 14 1644 14 1645 14 1646 14 1647 14 1648 14 1649 14 1650 14 1651 14 1652 14 1653 14 1654 14 1655 14 1656 14 1657 14 1658 14 1659 14 1660 14 1661 14 1662 14 1663 14 1664 14 1665 14 1666 14 1667 14 1668 14 1669 14 1670 14 1671 14 1672 14 1673 14 1674 14 1675 14 1676 14 1677 14 1678 14 1679 14 1680 14 1681 14 1682 14 1683 14 1684 14 1685 14 1686 14 1687 14 1688 14 1689 14 1690 14 1691 14 1692 14 1693 14 1694 14 1695 14 1696 14 1697 14 1698 14 1699 14 1700 14 1701 14 1702 14 1703 14 1704 14 1705 14 1706 14 1707 14 1708 14 1709 14 1710 14 1711 14 1712 14 1713 14 1714 14 1715 14 1716 14 1717 14 1718 14 1719 14 1720 14 1721 14 1722 14 1723 14 1724 14 1725 14 1726 14 1727 14 1728 14 1729 14 1730 14 1731 14 1732 14 1733 14 1734 14 1735 14 1736 14 1737 14 1738 14 1739 14 1740 14 1741 14 1742 14 1743 14 1744 14 1745 14 1746 14 1747 14 1748 14 1749 14 1750 14 1751 14 1752 14 1753 14 1754 14 1755 14 1756 14 1757 14 1758 14 1759 16 1760 16 1761 16 1762 16 1763 16 1764 16 1765 16 1766 16 1767 16 1768 16 1769 16 1770 16 1771 16 1772 16 1773 16 1774 16 1775 16 1776 16 1777 16 1778 16 1779 16 1780 16 1781 16 1782 16 1783 16 1784 16 1785 16 1786 16 1787 16 1788 16 1789 16 1790 16 1791 16 1792 16 1793 16 1794 16 1795 16 1796 16 1797 16 1798 16 1799 16 1800 16 1801 16 1802 16 1803 16 1804 16 1805 16 1806 16 1807 16 1808</v>
        </vertex_weights>
      </skin>
    </controller>
  </library_controllers>
  <library_visual_scenes>
    <visual_scene id="Scene" name="Scene">
      <node id="keles2_Akation_Skin" name="keles2_Akation_Skin" type="NODE">
        <matrix sid="transform">1 0 0 0 0 1 0 0 0 0 1 0 0 0 0 1</matrix>
        <node id="keles2_Akation_Skin_root" name="root" sid="root" type="JOINT">
          <matrix sid="transform">1 0 2.91422e-10 0.3606987 2.91422e-10 -1.19501e-7 -1 0.5490875 0 1 -1.19209e-7 0 0 0 0 1</matrix>
          <node id="keles2_Akation_Skin_mast_top" name="mast top" sid="mast_top" type="JOINT">
            <matrix sid="transform">1 0 8.74228e-8 -0.3607003 8.74228e-8 0 -1 205.3747 0 1 0 -30.08094 0 0 0 1</matrix>
            <node id="keles2_Akation_Skin_port_tackle" name="port tackle" sid="port_tackle" type="JOINT">
              <matrix sid="transform">1 -9.60073e-8 2.91415e-10 55.50001 2.91429e-10 1.2801e-7 -1 11.37521 9.60073e-8 1 1.19209e-7 -2.84887 0 0 0 1</matrix>
              <node id="keles2_Akation_Skin_port_block" name="port block" sid="port_block" type="JOINT">
                <matrix sid="transform">1 8.58454e-9 -3.38923e-15 0 -8.58454e-9 1 -8.50904e-9 119.2002 3.31618e-15 8.50904e-9 1 4.95911e-5 0 0 0 1</matrix>
                <extra>
                  <technique profile="blender">
                    <layer sid="layer" type="string">0</layer>
                    <tip_x sid="tip_x" type="float">0</tip_x>
                    <tip_y sid="tip_y" type="float">0</tip_y>
                    <tip_z sid="tip_z" type="float">-119.2002</tip_z>
                  </technique>
                </extra>
              </node>
              <extra>
                <technique profile="blender">
                  <layer sid="layer" type="string">0</layer>
                  <tip_x sid="tip_x" type="float">0</tip_x>
                  <tip_y sid="tip_y" type="float">0</tip_y>
                  <tip_z sid="tip_z" type="float">-119.2002</tip_z>
                </technique>
              </extra>
            </node>
            <node id="keles2_Akation_Skin_star_tackle" name="star tackle" sid="star_tackle" type="JOINT">
              <matrix sid="transform">1 -9.60073e-8 2.91415e-10 -55.50001 2.91429e-10 1.2801e-7 -1 11.37521 9.60073e-8 1 1.19209e-7 -2.848895 0 0 0 1</matrix>
              <node id="keles2_Akation_Skin_star_block" name="star block" sid="star_block" type="JOINT">
                <matrix sid="transform">1 8.58454e-9 -3.38923e-15 0 -8.58454e-9 1 -8.50904e-9 119.2002 3.31618e-15 8.50904e-9 1 4.95911e-5 0 0 0 1</matrix>
                <extra>
                  <technique profile="blender">
                    <layer sid="layer" type="string">0</layer>
                    <tip_x sid="tip_x" type="float">0</tip_x>
                    <tip_y sid="tip_y" type="float">0</tip_y>
                    <tip_z sid="tip_z" type="float">-119.2002</tip_z>
                  </technique>
                </extra>
              </node>
              <extra>
                <technique profile="blender">
                  <layer sid="layer" type="string">0</layer>
                  <tip_x sid="tip_x" type="float">0</tip_x>
                  <tip_y sid="tip_y" type="float">0</tip_y>
                  <tip_z sid="tip_z" type="float">-119.2002</tip_z>
                </technique>
              </extra>
            </node>
            <extra>
              <technique profile="blender">
                <layer sid="layer" type="string">0</layer>
                <roll sid="roll" type="float">3.141593</roll>
                <tip_x sid="tip_x" type="float">0</tip_x>
                <tip_y sid="tip_y" type="float">-56.72532</tip_y>
                <tip_z sid="tip_z" type="float">0</tip_z>
              </technique>
            </extra>
          </node>
          <node id="keles2_Akation_Skin_pivot_node_0" name="pivot node 0" sid="pivot_node_0" type="JOINT">
            <matrix sid="transform">-1 0 -1.50996e-7 -0.3606987 0 1 0 33.26921 1.50996e-7 0 -1 72.53864 0 0 0 1</matrix>
            <node id="keles2_Akation_Skin_ammo_node_0" name="ammo node 0" sid="ammo_node_0" type="JOINT">
              <matrix sid="transform">1 0 -6.38644e-8 0.5515765 -7.63196e-15 1 -1.19502e-7 6.031468 6.38644e-8 1.19502e-7 1 -1.75476e-4 0 0 0 1</matrix>
              <extra>
                <technique profile="blender">
                  <layer sid="layer" type="string">0</layer>
                  <roll sid="roll" type="float">3.141593</roll>
                  <tip_x sid="tip_x" type="float">0</tip_x>
                  <tip_y sid="tip_y" type="float">0</tip_y>
                  <tip_z sid="tip_z" type="float">6.056637</tip_z>
                </technique>
              </extra>
            </node>
            <extra>
              <technique profile="blender">
                <layer sid="layer" type="string">0</layer>
                <roll sid="roll" type="float">3.141593</roll>
                <tip_x sid="tip_x" type="float">0</tip_x>
                <tip_y sid="tip_y" type="float">0</tip_y>
                <tip_z sid="tip_z" type="float">6.056637</tip_z>
              </technique>
            </extra>
          </node>
          <node id="keles2_Akation_Skin_port_axle" name="port axle" sid="port_axle" type="JOINT">
            <matrix sid="transform">1 0 8.74228e-8 52.98256 8.74228e-8 1.10398e-7 -1 27.00001 -9.66993e-15 1 1.19209e-7 -139.8142 0 0 0 1</matrix>
            <node id="keles2_Akation_Skin_thranite_port" name="thranite port" sid="thranite_port" type="JOINT">
              <matrix sid="transform">1 -2.91421e-10 -3.8147e-6 7.62939e-6 2.91455e-10 1 8.81159e-9 276.4332 3.8147e-6 -8.81159e-9 1 7.40363e-5 0 0 0 1</matrix>
              <extra>
                <technique profile="blender">
                  <layer sid="layer" type="string">0</layer>
                  <roll sid="roll" type="float">3.141589</roll>
                  <tip_x sid="tip_x" type="float">0</tip_x>
                  <tip_y sid="tip_y" type="float">-276.4331</tip_y>
                  <tip_z sid="tip_z" type="float">0</tip_z>
                </technique>
              </extra>
            </node>
            <extra>
              <technique profile="blender">
                <layer sid="layer" type="string">0</layer>
                <roll sid="roll" type="float">3.141593</roll>
                <tip_x sid="tip_x" type="float">0</tip_x>
                <tip_y sid="tip_y" type="float">-276.4331</tip_y>
                <tip_z sid="tip_z" type="float">0</tip_z>
              </technique>
            </extra>
          </node>
          <node id="keles2_Akation_Skin_port_axle_thal" name="port axle thal" sid="port_axle_thal" type="JOINT">
            <matrix sid="transform">1 0 0 49.73242 0 -1.08891e-7 1 13.2 0 -1 -1.19209e-7 130.6343 0 0 0 1</matrix>
            <node id="keles2_Akation_Skin_thalamite_port" name="thalamite port" sid="thalamite_port" type="JOINT">
              <matrix sid="transform">1 2.91423e-10 3.8147e-6 -1.14441e-5 -2.91462e-10 1 1.03182e-8 280.258 -3.8147e-6 -1.03182e-8 1 1.56166e-5 0 0 0 1</matrix>
              <extra>
                <technique profile="blender">
                  <layer sid="layer" type="string">0</layer>
                  <roll sid="roll" type="float">3.8147e-6</roll>
                  <tip_x sid="tip_x" type="float">0</tip_x>
                  <tip_y sid="tip_y" type="float">280.2579</tip_y>
                  <tip_z sid="tip_z" type="float">0</tip_z>
                </technique>
              </extra>
            </node>
            <extra>
              <technique profile="blender">
                <layer sid="layer" type="string">0</layer>
                <tip_x sid="tip_x" type="float">0</tip_x>
                <tip_y sid="tip_y" type="float">280.2579</tip_y>
                <tip_z sid="tip_z" type="float">0</tip_z>
              </technique>
            </extra>
          </node>
          <node id="keles2_Akation_Skin_sbr_axle" name="sbr axle" sid="sbr_axle" type="JOINT">
            <matrix sid="transform">1 0 8.74228e-8 -51.52919 8.74228e-8 1.10398e-7 -1 27.00001 -9.66993e-15 1 1.19209e-7 -139.8138 0 0 0 1</matrix>
            <node id="keles2_Akation_Skin_thranite_starboard" name="thranite starboard" sid="thranite_starboard" type="JOINT">
              <matrix sid="transform">1 -2.91421e-10 0 7.62939e-6 2.91421e-10 1 8.81159e-9 276.4332 0 -8.81159e-9 1 4.55906e-4 0 0 0 1</matrix>
              <extra>
                <technique profile="blender">
                  <layer sid="layer" type="string">0</layer>
                  <roll sid="roll" type="float">3.141593</roll>
                  <tip_x sid="tip_x" type="float">0</tip_x>
                  <tip_y sid="tip_y" type="float">-276.4331</tip_y>
                  <tip_z sid="tip_z" type="float">0</tip_z>
                </technique>
              </extra>
            </node>
            <extra>
              <technique profile="blender">
                <layer sid="layer" type="string">0</layer>
                <roll sid="roll" type="float">3.141593</roll>
                <tip_x sid="tip_x" type="float">0</tip_x>
                <tip_y sid="tip_y" type="float">-276.4331</tip_y>
                <tip_z sid="tip_z" type="float">0</tip_z>
              </technique>
            </extra>
          </node>
          <node id="keles2_Akation_Skin_sbr_axle_thal" name="sbr axle thal" sid="sbr_axle_thal" type="JOINT">
            <matrix sid="transform">1 0 0 -50.43372 0 -1.08891e-7 1 13.2 0 -1 -1.19209e-7 130.6347 0 0 0 1</matrix>
            <node id="keles2_Akation_Skin_thalamite_starboard" name="thalamite starboard" sid="thalamite_starboard" type="JOINT">
              <matrix sid="transform">1 2.91423e-10 0 -1.14441e-5 -2.91423e-10 1 1.03182e-8 280.258 0 -1.03182e-8 1 -3.50594e-4 0 0 0 1</matrix>
              <extra>
                <technique profile="blender">
                  <layer sid="layer" type="string">0</layer>
                  <tip_x sid="tip_x" type="float">0</tip_x>
                  <tip_y sid="tip_y" type="float">280.2579</tip_y>
                  <tip_z sid="tip_z" type="float">0</tip_z>
                </technique>
              </extra>
            </node>
            <extra>
              <technique profile="blender">
                <layer sid="layer" type="string">0</layer>
                <tip_x sid="tip_x" type="float">0</tip_x>
                <tip_y sid="tip_y" type="float">280.2579</tip_y>
                <tip_z sid="tip_z" type="float">0</tip_z>
              </technique>
            </extra>
          </node>
          <node id="keles2_Akation_Skin_sbr_flag_pivot_fore" name="sbr flag pivot fore" sid="sbr_flag_pivot_fore" type="JOINT">
            <matrix sid="transform">1 0 -8.74228e-8 -0.3607033 0 -0.9999998 0 136.2728 -8.74228e-8 0 -1 -207.6178 0 0 0 1</matrix>
            <node id="keles2_Akation_Skin_l_flag_foc03" name="l flag foc03" sid="l_flag_foc03" type="JOINT">
              <matrix sid="transform">1 -1.73194e-14 8.77142e-8 6.67613e-6 6.86565e-15 1 1.1918e-7 26.25395 -8.77142e-8 -1.1918e-7 1 0.3678131 0 0 0 1</matrix>
              <extra>
                <technique profile="blender">
                  <layer sid="layer" type="string">0</layer>
                  <tip_x sid="tip_x" type="float">0</tip_x>
                  <tip_y sid="tip_y" type="float">0</tip_y>
                  <tip_z sid="tip_z" type="float">-26.25653</tip_z>
                </technique>
              </extra>
            </node>
            <extra>
              <technique profile="blender">
                <layer sid="layer" type="string">0</layer>
                <tip_x sid="tip_x" type="float">0</tip_x>
                <tip_y sid="tip_y" type="float">0</tip_y>
                <tip_z sid="tip_z" type="float">-26.25653</tip_z>
              </technique>
            </extra>
          </node>
          <node id="keles2_Akation_Skin_sbr_flag_pivot_fore01" name="sbr flag pivot fore01" sid="sbr_flag_pivot_fore01" type="JOINT">
            <matrix sid="transform">1 -5.97963e-8 6.33006e-8 -0.3606933 -8.70373e-8 -0.7085701 0.7056405 93.18076 2.65818e-9 -0.7056405 -0.7085701 255.0613 0 0 0 1</matrix>
            <node id="keles2_Akation_Skin_l_flag_foc04" name="l flag foc04" sid="l_flag_foc04" type="JOINT">
              <matrix sid="transform">1 3.97513e-10 -4.26326e-14 6.53226e-6 -3.97513e-10 1 8.9407e-8 52.81213 4.9738e-14 -8.9407e-8 1 -7.403259 0 0 0 1</matrix>
              <extra>
                <technique profile="blender">
                  <layer sid="layer" type="string">0</layer>
                  <roll sid="roll" type="float">0</roll>
                  <tip_x sid="tip_x" type="float">-3.17862e-6</tip_x>
                  <tip_y sid="tip_y" type="float">37.63075</tip_y>
                  <tip_z sid="tip_z" type="float">-37.78698</tip_z>
                </technique>
              </extra>
            </node>
            <extra>
              <technique profile="blender">
                <layer sid="layer" type="string">0</layer>
                <roll sid="roll" type="float">0</roll>
                <tip_x sid="tip_x" type="float">-3.17862e-6</tip_x>
                <tip_y sid="tip_y" type="float">37.63075</tip_y>
                <tip_z sid="tip_z" type="float">-37.78698</tip_z>
              </technique>
            </extra>
          </node>
          <extra>
            <technique profile="blender">
              <layer sid="layer" type="string">0</layer>
              <roll sid="roll" type="float">0</roll>
              <tip_x sid="tip_x" type="float">0</tip_x>
              <tip_y sid="tip_y" type="float">-9.53674e-6</tip_y>
              <tip_z sid="tip_z" type="float">79.80491</tip_z>
            </technique>
          </extra>
        </node>
        <node id="keles2_Akation" name="keles2_Akation" type="NODE">
          <matrix sid="transform">1 0 0 0 0 1 0 0 0 0 1 0 0 0 0 1</matrix>
          <instance_controller url="#keles2_Akation_Skin_keles2_Akation-skin">
            <skeleton>#keles2_Akation_Skin_root</skeleton>
            <bind_material>
              <technique_common>
                <instance_material symbol="guichuan_Mat_001-material" target="#guichuan_Mat_001-material">
                  <bind_vertex_input semantic="UVMap" input_semantic="TEXCOORD" input_set="0"/>
                </instance_material>
              </technique_common>
            </bind_material>
          </instance_controller>
        </node>
      </node>
    </visual_scene>
  </library_visual_scenes>
  <scene>
    <instance_visual_scene url="#Scene"/>
  </scene>
</COLLADA>