<?xml version="1.0" encoding="utf-8"?>
<COLLADA xmlns="http://www.collada.org/2005/11/COLLADASchema" version="1.4.1" xmlns:xsi="http://www.w3.org/2001/XMLSchema-instance">
  <asset>
    <contributor>
      <author>Blender User</author>
      <authoring_tool>Blender 3.0.1 commit date:2022-01-25, commit time:17:19, hash:dc2d18018171</authoring_tool>
    </contributor>
    <created>2025-07-24T17:46:27</created>
    <modified>2025-07-24T17:46:27</modified>
    <unit name="meter" meter="1"/>
    <up_axis>Z_UP</up_axis>
  </asset>
  <library_effects>
    <effect id="barge-effect">
      <profile_COMMON>
        <newparam sid="barge_png-surface">
          <surface type="2D">
            <init_from>barge_png</init_from>
          </surface>
        </newparam>
        <newparam sid="barge_png-sampler">
          <sampler2D>
            <source>barge_png-surface</source>
          </sampler2D>
        </newparam>
        <technique sid="common">
          <lambert>
            <emission>
              <color sid="emission">0 0 0 1</color>
            </emission>
            <diffuse>
              <texture texture="barge_png-sampler" texcoord="UVMap"/>
            </diffuse>
            <reflectivity>
              <float sid="specular">1</float>
            </reflectivity>
            <index_of_refraction>
              <float sid="ior">1.45</float>
            </index_of_refraction>
          </lambert>
        </technique>
      </profile_COMMON>
    </effect>
  </library_effects>
  <library_images>
    <image id="barge_png" name="barge_png">
      <init_from>barge.png</init_from>
    </image>
  </library_images>
  <library_materials>
    <material id="barge-material" name="barge">
      <instance_effect url="#barge-effect"/>
    </material>
  </library_materials>
  <library_geometries>
    <geometry id="Cylinder-mesh" name="Cylinder">
      <mesh>
        <source id="Cylinder-mesh-positions">
          <float_array id="Cylinder-mesh-positions-array" count="5328">1.441943 -79.72775 -2.272755 1.441943 -79.72775 -2.272755 1.441943 -79.72775 -2.272755 1.441943 -79.72775 -2.272755 3.432077 -72.34603 -5.715124 3.432077 -72.34603 -5.715124 3.432077 -72.34603 -5.715124 3.432077 -72.34603 -5.715124 3.432077 -72.34603 -5.715124 3.432077 -72.34603 -5.715124 3.432077 -72.34603 -5.715124 3.284006 -79.73054 0.9220879 3.284006 -79.73054 0.9220879 3.284006 -79.73054 0.9220879 3.284006 -79.73054 0.9220879 3.284006 -79.73054 0.9220879 7.265823 -70.62728 4.189541 7.265823 -70.62728 4.189541 7.265823 -70.62728 4.189541 7.265823 -70.62728 4.189541 7.265823 -70.62728 4.189541 7.265823 -70.62728 4.189541 1.438215 -79.73612 4.114783 1.438215 -79.73612 4.114783 1.438215 -79.73612 4.114783 1.438215 -79.73612 4.114783 1.438215 -79.73612 4.114783 3.424315 -69.30228 10.70083 3.424315 -69.30228 10.70083 3.424315 -69.30228 10.70083 3.424315 -69.30228 10.70083 -2.249632 -79.7389 4.112622 -2.249632 -79.7389 4.112622 -2.249632 -79.7389 4.112622 -2.249632 -79.7389 4.112622 -2.249632 -79.7389 4.112622 -2.249632 -79.7389 4.112622 -2.249632 -79.7389 4.112622 -4.250936 -69.30886 10.69759 -4.250936 -69.30886 10.69759 -4.250936 -69.30886 10.69759 -4.250936 -69.30886 10.69759 -4.250936 -69.30886 10.69759 -4.250936 -69.30886 10.69759 -4.091694 -79.73612 0.9177792 -4.091694 -79.73612 0.9177792 -4.091694 -79.73612 0.9177792 -4.091694 -79.73612 0.9177792 -8.084684 -70.64046 4.183083 -8.084684 -70.64046 4.183083 -8.084684 -70.64046 4.183083 -8.084684 -70.64046 4.183083 -8.084684 -70.64046 4.183083 -8.084684 -70.64046 4.183083 -2.245904 -79.73054 -2.274916 -2.245904 -79.73054 -2.274916 -2.245904 -79.73054 -2.274916 -2.245904 -79.73054 -2.274916 -2.245904 -79.73054 -2.274916 -4.243178 -72.35182 -5.71961 -4.243178 -72.35182 -5.71961 -4.243178 -72.35182 -5.71961 -4.243178 -72.35182 -5.71961 -4.243178 -72.35182 -5.71961 -4.243178 -72.35182 -5.71961 -4.243178 -72.35182 -5.71961 11.79889 -56.39937 0.9576305 11.79889 -56.39937 0.9576305 11.79889 -56.39937 0.9576305 11.79889 -56.39937 0.9576305 11.79889 -56.39937 0.9576305 11.79889 -56.39937 0.9576305 5.694865 -56.39013 -9.629107 5.694865 -56.39013 -9.629107 5.694865 -56.39013 -9.629107 5.694865 -56.39013 -9.629107 5.694865 -56.39013 -9.629107 5.694865 -56.39013 -9.629107 5.694865 -56.39013 -9.629107 5.682513 -56.41785 13.53078 5.682513 -56.41785 13.53078 5.682513 -56.41785 13.53078 5.682513 -56.41785 13.53078 5.682513 -56.41785 13.53078 5.682513 -56.41785 13.53078 -6.537885 -56.4271 13.52364 -6.537885 -56.4271 13.52364 -6.537885 -56.4271 13.52364 -6.537885 -56.4271 13.52364 -6.537885 -56.4271 13.52364 -6.537885 -56.4271 13.52364 -12.6419 -56.41785 0.9433411 -12.6419 -56.41785 0.9433411 -12.6419 -56.41785 0.9433411 -12.6419 -56.41785 0.9433411 -12.6419 -56.41785 0.9433411 -12.6419 -56.41785 0.9433411 -12.6419 -56.41785 0.9433411 -6.525529 -56.39937 -9.636257 -6.525529 -56.39937 -9.636257 -6.525529 -56.39937 -9.636257 -6.525529 -56.39937 -9.636257 17.3447 -25.31258 1.001604 17.3447 -25.31258 1.001604 17.3447 -25.31258 1.001604 17.3447 -25.31258 1.001604 17.3447 -25.31258 1.001604 8.45882 -25.29913 -14.40996 8.45882 -25.29913 -14.40996 8.45882 -25.29913 -14.40996 8.45882 -25.29913 -14.40996 8.45882 -25.29913 -14.40996 8.45882 -25.29913 -14.40996 8.440835 -25.3395 16.40277 8.440835 -25.3395 16.40277 8.440835 -25.3395 16.40277 8.440835 -25.3395 16.40277 8.440835 -25.3395 16.40277 8.440835 -25.3395 16.40277 8.440835 -25.3395 16.40277 8.440835 -25.3395 16.40277 -9.348913 -25.35296 16.39237 -9.348913 -25.35296 16.39237 -9.348913 -25.35296 16.39237 -9.348913 -25.35296 16.39237 -9.348913 -25.35296 16.39237 -9.348913 -25.35296 16.39237 -9.348913 -25.35296 16.39237 -18.2348 -25.3395 0.9808045 -18.2348 -25.3395 0.9808045 -18.2348 -25.3395 0.9808045 -18.2348 -25.3395 0.9808045 -18.2348 -25.3395 0.9808045 -18.2348 -25.3395 0.9808045 -9.330931 -25.31258 -14.42036 -9.330931 -25.31258 -14.42036 -9.330931 -25.31258 -14.42036 -9.330931 -25.31258 -14.42036 -9.330931 -25.31258 -14.42036 -9.330931 -25.31258 -14.42036 16.7653 18.20262 1.058287 16.7653 18.20262 1.058287 16.7653 18.20262 1.058287 16.7653 18.20262 1.058287 16.7653 18.20262 1.058287 16.7653 18.20262 1.058287 16.7653 18.20262 1.058287 8.152363 18.21567 -13.87989 8.152363 18.21567 -13.87989 8.152363 18.21567 -13.87989 8.152363 18.21567 -13.87989 8.134931 18.17653 15.98637 8.134931 18.17653 15.98637 8.134931 18.17653 15.98637 8.134931 18.17653 15.98637 8.134931 18.17653 15.98637 8.134931 18.17653 15.98637 8.134931 18.17653 15.98637 8.134931 18.17653 15.98637 -9.10837 18.16349 15.97629 -9.10837 18.16349 15.97629 -9.10837 18.16349 15.97629 -9.10837 18.16349 15.97629 -9.10837 18.16349 15.97629 -9.10837 18.16349 15.97629 -9.10837 18.16349 15.97629 -9.10837 18.16349 15.97629 -9.10837 18.16349 15.97629 -17.7213 18.17654 1.038124 -17.7213 18.17654 1.038124 -17.7213 18.17654 1.038124 -17.7213 18.17654 1.038124 -9.09094 18.20262 -13.88996 -9.09094 18.20262 -13.88996 -9.09094 18.20262 -13.88996 -9.09094 18.20262 -13.88996 -9.09094 18.20262 -13.88996 -9.09094 18.20262 -13.88996 -9.09094 18.20262 -13.88996 -9.09094 18.20262 -13.88996 5.916894 68.42391 1.117756 5.916894 68.42391 1.117756 5.916894 68.42391 1.117756 5.916894 68.42391 1.117756 5.916894 68.42391 1.117756 5.916894 68.42391 1.117756 5.916894 68.42391 1.117756 2.703677 68.42877 -4.455208 2.703677 68.42877 -4.455208 2.703677 68.42877 -4.455208 2.703677 68.42877 -4.455208 2.703677 68.42877 -4.455208 2.703677 68.42877 -4.455208 2.703677 68.42877 -4.455208 2.697172 68.41416 8.68052 2.697172 68.41416 8.68052 2.697172 68.41416 8.68052 2.697172 68.41416 8.68052 -3.735766 68.4093 8.676757 -3.735766 68.4093 8.676757 -3.735766 68.4093 8.676757 -3.735766 68.4093 8.676757 -3.735766 68.4093 8.676757 -3.735766 68.4093 8.676757 -6.948985 68.41416 1.110239 -6.948985 68.41416 1.110239 -6.948985 68.41416 1.110239 -6.948985 68.41416 1.110239 -6.948985 68.41416 1.110239 -6.948985 68.41416 1.110239 -6.948985 68.41416 1.110239 -3.729265 68.42391 -4.458964 -3.729265 68.42391 -4.458964 -3.729265 68.42391 -4.458964 -3.729265 68.42391 -4.458964 -3.729265 68.42391 -4.458964 2.623011 73.39462 1.122351 2.623011 73.39462 1.122351 2.623011 73.39462 1.122351 1.05319 73.397 -1.600325 1.05319 73.397 -1.600325 1.05319 73.397 -1.600325 1.05319 73.397 -1.600325 1.05319 73.397 -1.600325 1.05319 73.397 -1.600325 1.050011 73.38986 3.843194 1.050011 73.38986 3.843194 1.050011 73.38986 3.843194 1.050011 73.38986 3.843194 1.050011 73.38986 3.843194 1.050011 73.38986 3.843194 1.050011 73.38986 3.843194 -2.092806 73.38749 3.841356 -2.092806 73.38749 3.841356 -2.092806 73.38749 3.841356 -2.092806 73.38749 3.841356 -3.662625 73.38986 1.11868 -3.662625 73.38986 1.11868 -3.662625 73.38986 1.11868 -3.662625 73.38986 1.11868 -3.662625 73.38986 1.11868 -3.662625 73.38986 1.11868 -2.089627 73.39462 -1.602163 -2.089627 73.39462 -1.602163 -2.089627 73.39462 -1.602163 -2.089627 73.39462 -1.602163 -8.128071 -22.46718 4.847826 -8.128071 -22.46718 4.847826 -8.128071 -22.46718 4.847826 -8.128071 -22.46718 4.847826 -8.128071 -22.46718 4.847826 7.227023 -22.45557 4.856806 7.227023 -22.45557 4.856806 7.227023 -22.45557 4.856806 7.227023 -22.45557 4.856806 7.227023 -22.45557 4.856806 -7.920449 15.09373 4.488692 -7.920449 15.09373 4.488692 -7.920449 15.09373 4.488692 6.962983 15.10499 4.497396 6.962983 15.10499 4.497396 6.962983 15.10499 4.497396 6.962983 15.10499 4.497396 6.962983 15.10499 4.497396 1.383991 95.81622 1.435762 1.383991 95.81622 1.435762 1.383991 95.81622 1.435762 1.383991 95.81622 1.435762 1.383991 95.81622 1.435762 1.383991 95.81622 1.435762 -0.490347 86.39616 2.956313 -0.490347 86.39616 2.956313 -0.490347 86.39616 2.956313 -0.490347 86.39616 2.956313 -0.490347 86.39616 2.956313 -2.383595 95.40921 1.60809 -2.383595 95.40921 1.60809 -2.383595 95.40921 1.60809 -2.383595 95.40921 1.60809 -2.383595 95.40921 1.60809 -2.383595 95.40921 1.60809 -0.5332247 85.95606 0.02697652 -0.5332247 85.95606 0.02697652 -0.5332247 85.95606 0.02697652 -0.5332247 85.95606 0.02697652 -0.5332247 85.95606 0.02697652 -3.392782 3.975595 1.729923 -3.392782 3.975595 1.729923 -3.392782 3.975595 1.729923 -3.392782 3.975595 1.729923 -3.392782 3.975595 1.729923 -3.392782 3.975595 1.729923 -3.392782 3.975595 1.729923 -3.392782 3.975595 1.729923 2.492695 4.759873 1.460729 2.492695 4.759873 1.460729 2.492695 4.759873 1.460729 2.492695 4.759873 1.460729 2.492695 4.759873 1.460729 2.492695 4.759873 1.460729 2.492695 4.759873 1.460729 2.492695 4.759873 1.460729 -0.5643338 4.935054 4.549145 -0.5643338 4.935054 4.549145 -0.5643338 4.935054 4.549145 -0.5643338 4.935054 4.549145 -0.3805784 3.769746 -1.467134 -0.3805784 3.769746 -1.467134 -0.3805784 3.769746 -1.467134 -0.3805784 3.769746 -1.467134 -2.236509 -100.6473 1.750295 -2.236509 -100.6473 1.750295 -2.236509 -100.6473 1.750295 -2.236509 -100.6473 1.750295 -2.236509 -100.6473 1.750295 0.992083 -90.87007 1.665873 0.992083 -90.87007 1.665873 0.992083 -90.87007 1.665873 0.992083 -90.87007 1.665873 -0.3849114 -90.81132 3.057005 -0.3849114 -90.81132 3.057005 -0.3849114 -90.81132 3.057005 -0.3849114 -90.81132 3.057005 -0.4304916 -91.23837 0.2162601 -0.4304916 -91.23837 0.2162601 -0.4304916 -91.23837 0.2162601 -0.4304916 -91.23837 0.2162601 -0.4304916 -91.23837 0.2162601 -1.935772 86.02816 1.515599 -1.935772 86.02816 1.515599 -1.935772 86.02816 1.515599 -1.935772 86.02816 1.515599 -0.5729647 95.90697 3.412823 -0.5729647 95.90697 3.412823 -0.5729647 95.90697 3.412823 -0.5729647 95.90697 3.412823 -0.5729647 95.90697 3.412823 -0.5729647 95.90697 3.412823 0.9316618 86.33509 1.519701 0.9316618 86.33509 1.519701 0.9316618 86.33509 1.519701 0.9316618 86.33509 1.519701 -0.4553317 95.30229 -0.4385046 -0.4553317 95.30229 -0.4385046 -0.4553317 95.30229 -0.4385046 -0.4553317 95.30229 -0.4385046 -0.4553317 95.30229 -0.4385046 -0.4553317 95.30229 -0.4385046 -1.788681 -91.16859 1.657802 -1.788681 -91.16859 1.657802 -1.788681 -91.16859 1.657802 -1.788681 -91.16859 1.657802 -1.788681 -91.16859 1.657802 -0.4675266 -100.1607 3.513517 -0.4675266 -100.1607 3.513517 -0.4675266 -100.1607 3.513517 -0.4675266 -100.1607 3.513517 -0.4675266 -100.1607 3.513517 -0.4675266 -100.1607 3.513517 -0.4675266 -100.1607 3.513517 1.444415 -100.2494 1.581938 1.444415 -100.2494 1.581938 1.444415 -100.2494 1.581938 1.444415 -100.2494 1.581938 1.444415 -100.2494 1.581938 1.444415 -100.2494 1.581938 -0.3526033 -100.7515 -0.2492187 -0.3526033 -100.7515 -0.2492187 -0.3526033 -100.7515 -0.2492187 -0.3526033 -100.7515 -0.2492187 -0.3526033 -100.7515 -0.2492187 -0.3526033 -100.7515 -0.2492187 -4.124228 -34.09035 -1.079992 -4.124228 -34.09035 -1.079992 -4.151193 -34.21954 -0.6773205 -4.323954 -35.15761 -0.9442982 -4.323954 -35.15761 -0.9442982 -4.296997 -35.02841 -1.346969 14.83168 27.99792 28.46455 14.83168 27.99792 28.46455 -15.15477 27.5403 25.74206 -15.5278 -37.81967 26.98425 -15.5278 -37.81967 26.98425 15.0704 -37.36908 25.67568 -0.555742 -5.776962 20.80176 -0.555742 -5.776962 20.80176 -0.555742 -5.776962 20.80176 -0.555742 -5.776962 20.80176 -0.555742 -5.776962 20.80176 -0.555742 -5.776962 20.80176 -0.555742 -5.776962 20.80176 -0.555742 -5.776962 20.80176 -13.78736 -3.02831 25.6541 -13.78736 -3.02831 25.6541 -13.78736 -3.02831 25.6541 -13.78736 -3.02831 25.6541 -0.4766712 26.81614 23.26877 -0.4766712 26.81614 23.26877 -0.4766712 26.81614 23.26877 -0.4766712 26.81614 23.26877 14.60944 -5.926856 25.92342 14.60944 -5.926856 25.92342 14.60944 -5.926856 25.92342 14.60944 -5.926856 25.92342 -0.555517 -38.72688 21.81607 -0.555517 -38.72688 21.81607 -0.555517 -38.72688 21.81607 -0.555517 -38.72688 21.81607 -4.911394 5.833545 26.28178 -4.911394 5.833545 26.28178 -4.911394 5.833545 26.28178 3.979913 -15.04535 24.93328 3.979913 -15.04535 24.93328 3.979913 -15.04535 24.93328 14.83168 27.99792 28.46455 14.83168 27.99792 28.46455 -15.15477 27.5403 25.74206 -15.5278 -37.81967 26.98425 -15.5278 -37.81967 26.98425 15.0704 -37.36908 25.67568 -0.555742 -5.776962 20.80176 -0.555742 -5.776962 20.80176 -0.555742 -5.776962 20.80176 -0.555742 -5.776962 20.80176 -0.555742 -5.776962 20.80176 -0.555742 -5.776962 20.80176 -0.555742 -5.776962 20.80176 -0.555742 -5.776962 20.80176 -13.78736 -3.02831 25.6541 -13.78736 -3.02831 25.6541 -13.78736 -3.02831 25.6541 -13.78736 -3.02831 25.6541 -0.4766712 26.81614 23.26877 -0.4766712 26.81614 23.26877 -0.4766712 26.81614 23.26877 -0.4766712 26.81614 23.26877 14.60944 -5.926856 25.92342 14.60944 -5.926856 25.92342 14.60944 -5.926856 25.92342 14.60944 -5.926856 25.92342 -0.555517 -38.72688 21.81607 -0.555517 -38.72688 21.81607 -0.555517 -38.72688 21.81607 -0.555517 -38.72688 21.81607 -4.911394 5.833545 26.28178 -4.911394 5.833545 26.28178 -4.911394 5.833545 26.28178 3.979913 -15.04535 24.93328 3.979913 -15.04535 24.93328 3.979913 -15.04535 24.93328 1.142176 61.04646 -28.60037 -3.025493 60.86936 -28.66928 -3.025493 60.86936 -28.66928 -3.390762 53.93175 -28.42759 1.536187 53.9349 -28.33875 1.536187 53.9349 -28.33875 11.31718 -31.03991 8.846499 11.31718 -31.03991 8.846499 11.31718 -31.03991 8.846499 11.31718 -31.03991 8.846499 11.31718 -31.03991 8.846499 10.35406 -31.0645 8.810108 10.35406 -31.0645 8.810108 10.35406 -31.0645 8.810108 10.35406 -31.0645 8.810108 10.35406 -31.0645 8.810108 10.26965 -32.41445 7.943431 10.26965 -32.41445 7.943431 10.26965 -32.41445 7.943431 11.40823 -32.42553 7.960726 11.40823 -32.42553 7.960726 11.40823 -32.42553 7.960726 11.40823 -32.42553 7.960726 11.40823 -32.42553 7.960726 12.95991 -35.0143 26.25448 12.95991 -35.0143 26.25448 12.95991 -35.0143 26.25448 12.69977 -35.02093 26.24465 12.69977 -35.02093 26.24465 12.69977 -35.02093 26.24465 12.69977 -35.02093 26.24465 12.69977 -35.02093 26.24465 12.9845 -35.38858 26.01524 12.9845 -35.38858 26.01524 12.9845 -35.38858 26.01524 12.9845 -35.38858 26.01524 12.9845 -35.38858 26.01524 12.67697 -35.38558 26.01057 12.67697 -35.38558 26.01057 12.67697 -35.38558 26.01057 12.67697 -35.38558 26.01057 12.67697 -35.38558 26.01057 -10.34637 -31.01885 9.435213 -10.34637 -31.01885 9.435213 -10.34637 -31.01885 9.435213 -10.34637 -31.01885 9.435213 -11.30949 -31.04343 9.398822 -11.30949 -31.04343 9.398822 -11.30949 -31.04343 9.398822 -11.30949 -31.04343 9.398822 -11.30949 -31.04343 9.398822 -11.30949 -31.04343 9.398822 -11.3939 -32.39339 8.532148 -11.3939 -32.39339 8.532148 -11.3939 -32.39339 8.532148 -11.3939 -32.39339 8.532148 -10.25531 -32.40447 8.549442 -10.25531 -32.40447 8.549442 -10.25531 -32.40447 8.549442 -10.25531 -32.40447 8.549442 -13.47443 -35.03032 25.80672 -13.47443 -35.03032 25.80672 -13.47443 -35.03032 25.80672 -13.47443 -35.03032 25.80672 -13.73457 -35.03696 25.7969 -13.73457 -35.03696 25.7969 -13.73457 -35.03696 25.7969 -13.73457 -35.03696 25.7969 -13.44984 -35.40459 25.56748 -13.44984 -35.40459 25.56748 -13.44984 -35.40459 25.56748 -13.44984 -35.40459 25.56748 -13.44984 -35.40459 25.56748 -13.44984 -35.40459 25.56748 -13.75737 -35.40159 25.56281 -13.75737 -35.40159 25.56281 -13.75737 -35.40159 25.56281 -13.75737 -35.40159 25.56281 11.31718 18.12634 9.778289 11.31718 18.12634 9.778289 11.31718 18.12634 9.778289 11.31718 18.12634 9.778289 11.31718 18.12634 9.778289 10.35406 18.08879 9.755533 10.35406 18.08879 9.755533 10.35406 18.08879 9.755533 10.35406 18.08879 9.755533 10.35406 18.08879 9.755533 10.26965 16.50003 9.533383 10.26965 16.50003 9.533383 10.26965 16.50003 9.533383 11.40823 16.4972 9.553729 11.40823 16.4972 9.553729 11.40823 16.4972 9.553729 11.40823 16.4972 9.553729 11.40823 16.4972 9.553729 12.95991 24.94395 26.44399 12.95991 24.94395 26.44399 12.95991 24.94395 26.44399 12.69977 24.9338 26.43783 12.69977 24.9338 26.43783 12.69977 24.9338 26.43783 12.69977 24.9338 26.43783 12.69977 24.9338 26.43783 12.9845 24.50392 26.38334 12.9845 24.50392 26.38334 12.9845 24.50392 26.38334 12.9845 24.50392 26.38334 12.9845 24.50392 26.38334 12.67697 24.50467 26.37784 12.67697 24.50467 26.37784 12.67697 24.50467 26.37784 12.67697 24.50467 26.37784 12.67697 24.50467 26.37784 -10.34637 17.96148 10.41481 -10.34637 17.96148 10.41481 -10.34637 17.96148 10.41481 -10.34637 17.96148 10.41481 -11.30949 17.92393 10.39205 -11.30949 17.92393 10.39205 -11.30949 17.92393 10.39205 -11.30949 17.92393 10.39205 -11.30949 17.92393 10.39205 -11.30949 17.92393 10.39205 -11.3939 16.33516 10.16989 -11.3939 16.33516 10.16989 -11.3939 16.33516 10.16989 -11.3939 16.33516 10.16989 -10.25531 16.33234 10.19024 -10.25531 16.33234 10.19024 -10.25531 16.33234 10.19024 -10.25531 16.33234 10.19024 -13.47443 24.74201 26.04404 -13.47443 24.74201 26.04404 -13.47443 24.74201 26.04404 -13.47443 24.74201 26.04404 -13.73457 24.73187 26.03789 -13.73457 24.73187 26.03789 -13.73457 24.73187 26.03789 -13.73457 24.73187 26.03789 -13.44984 24.30198 25.98338 -13.44984 24.30198 25.98338 -13.44984 24.30198 25.98338 -13.44984 24.30198 25.98338 -13.44984 24.30198 25.98338 -13.44984 24.30198 25.98338 -13.75737 24.30275 25.97789 -13.75737 24.30275 25.97789 -13.75737 24.30275 25.97789 -13.75737 24.30275 25.97789 22.1219 -37.43712 -7.236373 121.7837 -12.2468 -98.8978 102.7791 -8.457307 -71.85805 22.1219 -37.43712 -7.236373 121.7837 -12.2468 -98.8978 102.7791 -8.457307 -71.85805 23.36149 -35.74556 -6.906649 23.36149 -35.74556 -6.906649 104.0543 -7.982968 -73.04076 104.0543 -7.982968 -73.04076 22.68547 -37.65278 -7.354799 113.0856 7.095564 -67.74253 23.36149 -35.74556 -6.906649 23.36149 -35.74556 -6.906649 104.0543 -7.982968 -73.04076 104.0543 -7.982968 -73.04076 22.68547 -37.65278 -7.354799 113.0856 7.095564 -67.74253 24.74304 -34.10634 -6.805051 24.74304 -34.10634 -6.805051 109.8275 5.049905 -66.10669 109.8275 5.049905 -66.10669 24.78432 -35.64356 -7.720173 118.6321 20.28753 -59.89353 24.74304 -34.10634 -6.805051 24.74304 -34.10634 -6.805051 109.8275 5.049905 -66.10669 109.8275 5.049905 -66.10669 24.78432 -35.64356 -7.720173 118.6321 20.28753 -59.89353 25.13419 -32.926 -6.002433 25.13419 -32.926 -6.002433 113.0834 14.94611 -59.11384 113.0834 14.94611 -59.11384 25.84869 -34.04764 -7.282068 108.5509 30.00472 -37.21316 25.13419 -32.926 -6.002433 25.13419 -32.926 -6.002433 113.0834 14.94611 -59.11384 113.0834 14.94611 -59.11384 25.84869 -34.04764 -7.282068 108.5509 30.00472 -37.21316 117.894 -15.6256 -97.55538 117.894 -15.6256 -97.55538 117.894 -15.6256 -97.55538 117.894 -15.6256 -97.55538 117.894 -15.6256 -97.55538 117.894 -15.6256 -97.55538 109.175 30.54113 -37.42806 109.175 30.54113 -37.42806 109.175 30.54113 -37.42806 109.175 30.54113 -37.42806 109.175 30.54113 -37.42806 109.175 30.54113 -37.42806 108.6878 30.96649 -37.82504 108.6878 30.96649 -37.82504 108.6878 30.96649 -37.82504 108.6878 30.96649 -37.82504 108.6878 30.96649 -37.82504 108.6878 30.96649 -37.82504 108.6832 31.00154 -36.44861 108.6832 31.00154 -36.44861 108.6832 31.00154 -36.44861 108.6832 31.00154 -36.44861 108.6832 31.00154 -36.44861 108.6832 31.00154 -36.44861 108.6832 31.00154 -36.44861 108.2596 31.37211 -36.75905 108.2596 31.37211 -36.75905 108.2596 31.37211 -36.75905 108.2596 31.37211 -36.75905 108.2596 31.37211 -36.75905 19.81069 -36.16841 -5.438368 19.81069 -36.16841 -5.438368 19.81069 -36.16841 -5.438368 19.81069 -36.16841 -5.438368 21.61539 -37.74595 -3.972595 21.61539 -37.74595 -3.972595 21.61539 -37.74595 -3.972595 21.61539 -37.74595 -3.972595 21.84214 -34.72829 -1.39506 21.84214 -34.72829 -1.39506 21.84214 -34.72829 -1.39506 21.84214 -34.72829 -1.39506 21.84214 -34.72829 -1.39506 20.32464 -33.32091 -2.567414 20.32464 -33.32091 -2.567414 20.32464 -33.32091 -2.567414 20.32464 -33.32091 -2.567414 20.32464 -33.32091 -2.567414 117.408 -15.19701 -97.95043 117.408 -15.19701 -97.95043 117.408 -15.19701 -97.95043 117.408 -15.19701 -97.95043 117.408 -15.19701 -97.95043 117.408 -15.19701 -97.95043 118.9651 -14.36186 -97.59037 118.9651 -14.36186 -97.59037 118.9651 -14.36186 -97.59037 118.9651 -14.36186 -97.59037 118.9651 -14.36186 -97.59037 118.9651 -14.36186 -97.59037 118.9651 -14.36186 -97.59037 118.5818 -13.96834 -97.92466 118.5818 -13.96834 -97.92466 118.5818 -13.96834 -97.92466 118.5818 -13.96834 -97.92466 118.5818 -13.96834 -97.92466 10.70545 -45.30659 -4.323134 10.70545 -45.30659 -4.323134 10.70545 -45.30659 -4.323134 10.70545 -45.30659 -4.323134 12.4947 -46.90238 -2.858428 12.4947 -46.90238 -2.858428 12.4947 -46.90238 -2.858428 12.4947 -46.90238 -2.858428 18.42391 -42.09967 -5.214416 18.42391 -42.09967 -5.214416 18.42391 -42.09967 -5.214416 18.42391 -42.09967 -5.214416 18.42391 -42.09967 -5.214416 17.06281 -40.63201 -6.509919 17.06281 -40.63201 -6.509919 17.06281 -40.63201 -6.509919 17.06281 -40.63201 -6.509919 17.06281 -40.63201 -6.509919 121.7389 40.76659 -42.05333 121.7389 40.76659 -42.05333 121.7389 40.76659 -42.05333 121.7389 40.76659 -42.05333 121.8637 40.84108 -42.74715 121.8637 40.84108 -42.74715 121.8637 40.84108 -42.74715 121.8637 40.84108 -42.74715 121.8637 40.84108 -42.74715 121.8637 40.84108 -42.74715 122.0916 40.64213 -42.56106 122.0916 40.64213 -42.56106 122.0916 40.64213 -42.56106 122.0916 40.64213 -42.56106 121.5377 40.93764 -42.1976 121.5377 40.93764 -42.1976 121.5377 40.93764 -42.1976 121.5377 40.93764 -42.1976 126.9869 -11.95919 -105.6573 126.9869 -11.95919 -105.6573 126.9869 -11.95919 -105.6573 126.9869 -11.95919 -105.6573 127.1959 -12.17375 -105.475 127.1959 -12.17375 -105.475 127.1959 -12.17375 -105.475 127.1959 -12.17375 -105.475 126.3469 -12.62909 -105.6713 126.3469 -12.62909 -105.6713 126.3469 -12.62909 -105.6713 126.3469 -12.62909 -105.6713 126.3469 -12.62909 -105.6713 126.3469 -12.62909 -105.6713 126.6119 -12.86274 -105.4559 126.6119 -12.86274 -105.4559 126.6119 -12.86274 -105.4559 126.6119 -12.86274 -105.4559 22.44149 -37.27566 -7.55182 121.8121 -11.82487 -99.45544 102.772 -8.003587 -72.44526 22.44149 -37.27566 -7.55182 121.8121 -11.82487 -99.45544 102.772 -8.003587 -72.44526 23.68096 -35.58403 -7.222172 23.68096 -35.58403 -7.222172 104.0929 -7.570074 -73.59002 104.0929 -7.570074 -73.59002 22.7797 -37.28969 -7.857744 113.0785 7.365742 -68.09125 23.68096 -35.58403 -7.222172 23.68096 -35.58403 -7.222172 104.0929 -7.570074 -73.59002 104.0929 -7.570074 -73.59002 22.7797 -37.28969 -7.857744 113.0785 7.365742 -68.09125 25.06278 -33.94504 -7.120352 25.06278 -33.94504 -7.120352 109.8432 5.299729 -66.4365 109.8432 5.299729 -66.4365 24.87962 -35.28142 -8.222231 118.5955 20.76774 -60.50536 25.06278 -33.94504 -7.120352 25.06278 -33.94504 -7.120352 109.8432 5.299729 -66.4365 109.8432 5.299729 -66.4365 24.87962 -35.28142 -8.222231 118.5955 20.76774 -60.50536 25.45298 -32.76385 -6.318528 25.45298 -32.76385 -6.318528 113.088 15.38949 -59.69141 113.088 15.38949 -59.69141 25.94371 -33.68526 -7.784355 108.4816 30.51415 -37.85218 25.45298 -32.76385 -6.318528 25.45298 -32.76385 -6.318528 113.088 15.38949 -59.69141 113.088 15.38949 -59.69141 25.94371 -33.68526 -7.784355 108.4816 30.51415 -37.85218 -21.48656 -36.75366 -7.871897 -111.0357 -3.454495 -107.0734 -93.74285 -1.037546 -78.75742 -21.48656 -36.75366 -7.871897 -111.0357 -3.454495 -107.0734 -93.74285 -1.037546 -78.75742 -22.60878 -34.968 -7.629682 -22.60878 -34.968 -7.629682 -95.00624 -0.5536652 -79.94899 -95.00624 -0.5536652 -79.94899 -21.46059 -36.49657 -8.429913 -103.2272 15.1746 -75.25492 -22.60878 -34.968 -7.629682 -22.60878 -34.968 -7.629682 -95.00624 -0.5536652 -79.94899 -95.00624 -0.5536652 -79.94899 -21.46059 -36.49657 -8.429913 -103.2272 15.1746 -75.25492 -23.86039 -33.22456 -7.624989 -23.86039 -33.22456 -7.624989 -100.3311 12.83863 -73.34915 -100.3311 12.83863 -73.34915 -23.36359 -34.33034 -8.941294 -108.0272 28.96521 -67.9626 -23.86039 -33.22456 -7.624989 -23.86039 -33.22456 -7.624989 -100.3311 12.83863 -73.34915 -100.3311 12.83863 -73.34915 -23.36359 -34.33034 -8.941294 -108.0272 28.96521 -67.9626 -24.21231 -32.01276 -6.851627 -24.21231 -32.01276 -6.851627 -103.1009 23.12475 -66.71884 -103.1009 23.12475 -66.71884 -24.32671 -32.65321 -8.578701 -98.82105 37.98069 -44.62973 -24.21231 -32.01276 -6.851627 -24.21231 -32.01276 -6.851627 -103.1009 23.12475 -66.71884 -103.1009 23.12475 -66.71884 -24.32671 -32.65321 -8.578701 -98.82105 37.98069 -44.62973 -107.3093 -6.964176 -105.6093 -107.3093 -6.964176 -105.6093 -107.3093 -6.964176 -105.6093 -107.3093 -6.964176 -105.6093 -107.3093 -6.964176 -105.6093 -107.3093 -6.964176 -105.6093 -99.41448 38.54173 -44.86753 -99.41448 38.54173 -44.86753 -99.41448 38.54173 -44.86753 -99.41448 38.54173 -44.86753 -99.41448 38.54173 -44.86753 -99.41448 38.54173 -44.86753 -99.94984 38.14713 -44.50204 -99.94984 38.14713 -44.50204 -99.94984 38.14713 -44.50204 -99.94984 38.14713 -44.50204 -99.94984 38.14713 -44.50204 -99.94984 38.14713 -44.50204 -99.04153 38.9068 -43.79942 -99.04153 38.9068 -43.79942 -99.04153 38.9068 -43.79942 -99.04153 38.9068 -43.79942 -99.04153 38.9068 -43.79942 -99.04153 38.9068 -43.79942 -99.04153 38.9068 -43.79942 -99.48401 38.58291 -43.46409 -99.48401 38.58291 -43.46409 -99.48401 38.58291 -43.46409 -99.48401 38.58291 -43.46409 -99.48401 38.58291 -43.46409 -20.98344 -36.93478 -4.725756 -20.98344 -36.93478 -4.725756 -20.98344 -36.93478 -4.725756 -20.98344 -36.93478 -4.725756 -19.00216 -35.47648 -6.082893 -19.00216 -35.47648 -6.082893 -19.00216 -35.47648 -6.082893 -19.00216 -35.47648 -6.082893 -19.4755 -32.65656 -3.321489 -19.4755 -32.65656 -3.321489 -19.4755 -32.65656 -3.321489 -19.4755 -32.65656 -3.321489 -19.4755 -32.65656 -3.321489 -21.1597 -33.81647 -2.106601 -21.1597 -33.81647 -2.106601 -21.1597 -33.81647 -2.106601 -21.1597 -33.81647 -2.106601 -21.1597 -33.81647 -2.106601 -107.8458 -7.355477 -105.242 -107.8458 -7.355477 -105.242 -107.8458 -7.355477 -105.242 -107.8458 -7.355477 -105.242 -107.8458 -7.355477 -105.242 -107.8458 -7.355477 -105.242 -108.3516 -5.677317 -105.6658 -108.3516 -5.677317 -105.6658 -108.3516 -5.677317 -105.6658 -108.3516 -5.677317 -105.6658 -108.3516 -5.677317 -105.6658 -108.3516 -5.677317 -105.6658 -108.3516 -5.677317 -105.6658 -108.8306 -5.975223 -105.3572 -108.8306 -5.975223 -105.3572 -108.8306 -5.975223 -105.3572 -108.8306 -5.975223 -105.3572 -108.8306 -5.975223 -105.3572 -12.7388 -46.76303 -2.968842 -12.7388 -46.76303 -2.968842 -12.7388 -46.76303 -2.968842 -12.7388 -46.76303 -2.968842 -10.7435 -45.32415 -4.325963 -10.7435 -45.32415 -4.325963 -10.7435 -45.32415 -4.325963 -10.7435 -45.32415 -4.325963 -16.38035 -40.287 -6.899952 -16.38035 -40.287 -6.899952 -16.38035 -40.287 -6.899952 -16.38035 -40.287 -6.899952 -16.38035 -40.287 -6.899952 -18.20616 -41.37479 -5.819236 -18.20616 -41.37479 -5.819236 -18.20616 -41.37479 -5.819236 -18.20616 -41.37479 -5.819236 -18.20616 -41.37479 -5.819236 -111.1453 49.43511 -50.11389 -111.1453 49.43511 -50.11389 -111.1453 49.43511 -50.11389 -111.1453 49.43511 -50.11389 -111.6815 49.17982 -50.50103 -111.6815 49.17982 -50.50103 -111.6815 49.17982 -50.50103 -111.6815 49.17982 -50.50103 -111.6815 49.17982 -50.50103 -111.6815 49.17982 -50.50103 -111.4308 49.36455 -50.67175 -111.4308 49.36455 -50.67175 -111.4308 49.36455 -50.67175 -111.4308 49.36455 -50.67175 -111.3497 49.28097 -49.95577 -111.3497 49.28097 -49.95577 -111.3497 49.28097 -49.95577 -111.3497 49.28097 -49.95577 -116.3003 -3.21599 -113.7872 -116.3003 -3.21599 -113.7872 -116.3003 -3.21599 -113.7872 -116.3003 -3.21599 -113.7872 -116.0391 -3.053556 -113.9555 -116.0391 -3.053556 -113.9555 -116.0391 -3.053556 -113.9555 -116.0391 -3.053556 -113.9555 -115.7633 -3.968514 -113.7244 -115.7633 -3.968514 -113.7244 -115.7633 -3.968514 -113.7244 -115.7633 -3.968514 -113.7244 -115.7633 -3.968514 -113.7244 -115.7633 -3.968514 -113.7244 -115.4708 -3.755159 -113.9247 -115.4708 -3.755159 -113.9247 -115.4708 -3.755159 -113.9247 -115.4708 -3.755159 -113.9247 -21.84718 -36.62509 -8.156766 -111.7242 -3.561797 -107.139 -94.47134 -1.173627 -78.79618 -21.84718 -36.62509 -8.156766 -111.7242 -3.561797 -107.139 -94.47134 -1.173627 -78.79618 -22.96949 -34.8395 -7.914485 -22.96949 -34.8395 -7.914485 -95.68334 -0.6527386 -80.0222 -95.68334 -0.6527386 -80.0222 -22.07501 -36.55062 -8.544981 -103.6601 15.09201 -75.27563 -22.96949 -34.8395 -7.914485 -22.96949 -34.8395 -7.914485 -95.68334 -0.6527386 -80.0222 -95.68334 -0.6527386 -80.0222 -22.07501 -36.55062 -8.544981 -103.6601 15.09201 -75.27563 -24.22078 -33.09587 -7.909972 -24.22078 -33.09587 -7.909972 -100.7384 12.77447 -73.38699 -100.7384 12.77447 -73.38699 -23.97681 -34.38349 -9.057196 -108.789 28.80519 -67.97911 -24.22078 -33.09587 -7.909972 -24.22078 -33.09587 -7.909972 -100.7384 12.77447 -73.38699 -100.7384 12.77447 -73.38699 -23.97681 -34.38349 -9.057196 -108.789 28.80519 -67.97911 -24.57377 -31.88485 -7.135891 -24.57377 -31.88485 -7.135891 -103.8163 22.99804 -66.76632 -103.8163 22.99804 -66.76632 -24.94024 -32.7066 -8.694382 -99.61968 37.79419 -44.62163 -24.57377 -31.88485 -7.135891 -24.57377 -31.88485 -7.135891 -103.8163 22.99804 -66.76632 -103.8163 22.99804 -66.76632 -24.94024 -32.7066 -8.694382 -99.61968 37.79419 -44.62163 15.99438 -40.1809 -3.061914 15.99438 -40.1809 -3.061914 92.82341 31.20195 13.51065 92.82341 31.20195 13.51065 14.90383 -40.35199 -4.74808 78.17279 10.49084 17.26475 15.99438 -40.1809 -3.061914 15.99438 -40.1809 -3.061914 92.82341 31.20195 13.51065 92.82341 31.20195 13.51065 14.90383 -40.35199 -4.74808 78.17279 10.49084 17.26475 16.94996 -40.38264 -1.748774 16.94996 -40.38264 -1.748774 79.15589 11.41651 17.59358 79.15589 11.41651 17.59358 16.42884 -40.09634 -3.231696 86.11804 7.801097 29.37191 16.94996 -40.38264 -1.748774 16.94996 -40.38264 -1.748774 79.15589 11.41651 17.59358 79.15589 11.41651 17.59358 16.42884 -40.09634 -3.231696 86.11804 7.801097 29.37191 18.01501 -40.41027 -0.4829758 18.01501 -40.41027 -0.4829758 83.60643 6.477867 27.84671 83.60643 6.477867 27.84671 18.04684 -39.75285 -1.695324 90.39389 2.162631 39.77581 18.01501 -40.41027 -0.4829758 18.01501 -40.41027 -0.4829758 83.60643 6.477867 27.84671 83.60643 6.477867 27.84671 18.04684 -39.75285 -1.695324 90.39389 2.162631 39.77581 18.31655 -40.99205 0.4510061 18.31655 -40.99205 0.4510061 86.1164 1.397081 35.68553 86.1164 1.397081 35.68553 18.86735 -40.04103 -0.4524949 82.62231 -15.00746 47.96124 18.31655 -40.99205 0.4510061 18.31655 -40.99205 0.4510061 86.1164 1.397081 35.68553 86.1164 1.397081 35.68553 18.86735 -40.04103 -0.4524949 82.62231 -15.00746 47.96124 89.82485 30.06357 10.94948 89.82485 30.06357 10.94948 89.82485 30.06357 10.94948 89.82485 30.06357 10.94948 89.82485 30.06357 10.94948 89.82485 30.06357 10.94948 83.10342 -14.82535 48.3678 83.10342 -14.82535 48.3678 83.10342 -14.82535 48.3678 83.10342 -14.82535 48.3678 83.10342 -14.82535 48.3678 83.10342 -14.82535 48.3678 82.72784 -14.50643 48.68318 82.72784 -14.50643 48.68318 82.72784 -14.50643 48.68318 82.72784 -14.50643 48.68318 82.72784 -14.50643 48.68318 82.72784 -14.50643 48.68318 82.72428 -15.56558 48.75269 82.72428 -15.56558 48.75269 82.72428 -15.56558 48.75269 82.72428 -15.56558 48.75269 82.72428 -15.56558 48.75269 82.72428 -15.56558 48.75269 82.72428 -15.56558 48.75269 82.39772 -15.31502 49.02855 82.39772 -15.31502 49.02855 82.39772 -15.31502 49.02855 82.39772 -15.31502 49.02855 82.39772 -15.31502 49.02855 14.21267 -41.52667 -2.029128 14.21267 -41.52667 -2.029128 14.21267 -41.52667 -2.029128 14.21267 -41.52667 -2.029128 15.60391 -42.70446 -3.199002 15.60391 -42.70446 -3.199002 15.60391 -42.70446 -3.199002 15.60391 -42.70446 -3.199002 15.77871 -44.59668 -0.7949605 15.77871 -44.59668 -0.7949605 15.77871 -44.59668 -0.7949605 15.77871 -44.59668 -0.7949605 15.77871 -44.59668 -0.7949605 14.60888 -43.65017 0.2529109 14.60888 -43.65017 0.2529109 14.60888 -43.65017 0.2529109 14.60888 -43.65017 0.2529109 14.60888 -43.65017 0.2529109 89.45021 30.38109 11.26741 89.45021 30.38109 11.26741 89.45021 30.38109 11.26741 89.45021 30.38109 11.26741 89.45021 30.38109 11.26741 89.45021 30.38109 11.26741 90.65058 30.12953 11.92184 90.65058 30.12953 11.92184 90.65058 30.12953 11.92184 90.65058 30.12953 11.92184 90.65058 30.12953 11.92184 90.65058 30.12953 11.92184 90.65058 30.12953 11.92184 90.35513 30.39919 12.21464 90.35513 30.39919 12.21464 90.35513 30.39919 12.21464 90.35513 30.39919 12.21464 90.35513 30.39919 12.21464 7.193471 -42.66796 -9.033633 7.193471 -42.66796 -9.033633 7.193471 -42.66796 -9.033633 7.193471 -42.66796 -9.033633 8.57279 -43.84548 -10.21759 8.57279 -43.84548 -10.21759 8.57279 -43.84548 -10.21759 8.57279 -43.84548 -10.21759 13.14361 -41.88238 -6.590939 13.14361 -41.88238 -6.590939 13.14361 -41.88238 -6.590939 13.14361 -41.88238 -6.590939 13.14361 -41.88238 -6.590939 12.09434 -40.83916 -5.500444 12.09434 -40.83916 -5.500444 12.09434 -40.83916 -5.500444 12.09434 -40.83916 -5.500444 12.09434 -40.83916 -5.500444 92.78887 -10.94679 56.10137 92.78887 -10.94679 56.10137 92.78887 -10.94679 56.10137 92.78887 -10.94679 56.10137 92.88513 -10.41005 56.13736 92.88513 -10.41005 56.13736 92.88513 -10.41005 56.13736 92.88513 -10.41005 56.13736 92.88513 -10.41005 56.13736 92.88513 -10.41005 56.13736 93.06076 -10.55954 55.98983 93.06076 -10.55954 55.98983 93.06076 -10.55954 55.98983 93.06076 -10.55954 55.98983 92.63378 -10.83038 56.22868 92.63378 -10.83038 56.22868 92.63378 -10.83038 56.22868 92.63378 -10.83038 56.22868 96.83458 36.4175 13.52341 96.83458 36.4175 13.52341 96.83458 36.4175 13.52341 96.83458 36.4175 13.52341 96.99568 36.27047 13.36378 96.99568 36.27047 13.36378 96.99568 36.27047 13.36378 96.99568 36.27047 13.36378 96.34122 36.40763 13.00697 96.34122 36.40763 13.00697 96.34122 36.40763 13.00697 96.34122 36.40763 13.00697 96.34122 36.40763 13.00697 96.34122 36.40763 13.00697 96.54546 36.23449 12.83366 96.54546 36.23449 12.83366 96.54546 36.23449 12.83366 96.54546 36.23449 12.83366 16.24074 -39.93294 -2.947298 92.84533 31.6445 13.81843 78.16733 10.95717 17.59611 16.24074 -39.93294 -2.947298 92.84533 31.6445 13.81843 78.16733 10.95717 17.59611 17.19627 -40.13462 -1.63409 17.19627 -40.13462 -1.63409 79.18567 11.85235 17.89467 79.18567 11.85235 17.89467 16.50148 -39.69772 -2.967556 86.11264 8.078074 29.56925 17.19627 -40.13462 -1.63409 17.19627 -40.13462 -1.63409 79.18567 11.85235 17.89467 79.18567 11.85235 17.89467 16.50148 -39.69772 -2.967556 86.11264 8.078074 29.56925 18.2615 -40.16242 -0.3684686 18.2615 -40.16242 -0.3684686 83.61851 6.739631 28.02896 83.61851 6.739631 28.02896 18.1203 -39.35493 -1.431888 90.36567 2.648736 40.12681 18.2615 -40.16242 -0.3684686 18.2615 -40.16242 -0.3684686 83.61851 6.739631 28.02896 83.61851 6.739631 28.02896 18.1203 -39.35493 -1.431888 90.36567 2.648736 40.12681 18.5623 -40.74357 0.5661465 18.5623 -40.74357 0.5661465 86.11991 1.855657 36.0092 86.11991 1.855657 36.0092 18.9406 -39.64292 -0.1888717 82.5689 -14.4995 48.33391 18.5623 -40.74357 0.5661465 18.5623 -40.74357 0.5661465 86.11991 1.855657 36.0092 86.11991 1.855657 36.0092 18.9406 -39.64292 -0.1888717 82.5689 -14.4995 48.33391 -17.62329 -39.67026 -2.555091 -86.65654 37.77103 20.03067 -73.32547 16.03444 22.76695 -17.62329 -39.67026 -2.555091 -86.65654 37.77103 20.03067 -73.32547 16.03444 22.76695 -18.4884 -39.80168 -1.172151 -18.4884 -39.80168 -1.172151 -74.29944 16.96723 23.10287 -74.29944 16.96723 23.10287 -17.60326 -39.23249 -2.374306 -80.63694 13.83727 35.36301 -18.4884 -39.80168 -1.172151 -18.4884 -39.80168 -1.172151 -74.29944 16.96723 23.10287 -74.29944 16.96723 23.10287 -17.60326 -39.23249 -2.374306 -80.63694 13.83727 35.36301 -19.45326 -39.75146 0.1709236 -19.45326 -39.75146 0.1709236 -78.40439 12.29715 33.6225 -78.40439 12.29715 33.6225 -19.07028 -38.77169 -0.7214924 -84.33724 8.64606 46.21083 -19.45326 -39.75146 0.1709236 -19.45326 -39.75146 0.1709236 -78.40439 12.29715 33.6225 -78.40439 12.29715 33.6225 -19.07028 -38.77169 -0.7214924 -84.33724 8.64606 46.21083 -19.72455 -40.30973 1.128239 -19.72455 -40.30973 1.128239 -80.53955 7.507643 41.75046 -80.53955 7.507643 41.75046 -19.81275 -38.99919 0.5815638 -77.24024 -9.048277 53.8759 -19.72455 -40.30973 1.128239 -19.72455 -40.30973 1.128239 -80.53955 7.507643 41.75046 -80.53955 7.507643 41.75046 -19.81275 -38.99919 0.5815638 -77.24024 -9.048277 53.8759 -83.78379 36.53486 17.37245 -83.78379 36.53486 17.37245 -83.78379 36.53486 17.37245 -83.78379 36.53486 17.37245 -83.78379 36.53486 17.37245 -83.78379 36.53486 17.37245 -77.69772 -8.847794 54.30071 -77.69772 -8.847794 54.30071 -77.69772 -8.847794 54.30071 -77.69772 -8.847794 54.30071 -77.69772 -8.847794 54.30071 -77.69772 -8.847794 54.30071 -78.11042 -9.141495 54.00804 -78.11042 -9.141495 54.00804 -78.11042 -9.141495 54.00804 -78.11042 -9.141495 54.00804 -78.11042 -9.141495 54.00804 -78.11042 -9.141495 54.00804 -77.41023 -9.659251 54.61491 -77.41023 -9.659251 54.61491 -77.41023 -9.659251 54.61491 -77.41023 -9.659251 54.61491 -77.41023 -9.659251 54.61491 -77.41023 -9.659251 54.61491 -77.41023 -9.659251 54.61491 -77.75133 -9.927552 54.37578 -77.75133 -9.927552 54.37578 -77.75133 -9.927552 54.37578 -77.75133 -9.927552 54.37578 -77.75133 -9.927552 54.37578 -17.23543 -42.09926 -2.597437 -17.23543 -42.09926 -2.597437 -17.23543 -42.09926 -2.597437 -17.23543 -42.09926 -2.597437 -15.70805 -41.00885 -1.516061 -15.70805 -41.00885 -1.516061 -15.70805 -41.00885 -1.516061 -15.70805 -41.00885 -1.516061 -16.07297 -43.04881 0.7413549 -16.07297 -43.04881 0.7413549 -16.07297 -43.04881 0.7413549 -16.07297 -43.04881 0.7413549 -16.07297 -43.04881 0.7413549 -17.3713 -44.02043 -0.1145834 -17.3713 -44.02043 -0.1145834 -17.3713 -44.02043 -0.1145834 -17.3713 -44.02043 -0.1145834 -17.3713 -44.02043 -0.1145834 -84.19743 36.23982 17.0824 -84.19743 36.23982 17.0824 -84.19743 36.23982 17.0824 -84.19743 36.23982 17.0824 -84.19743 36.23982 17.0824 -84.19743 36.23982 17.0824 -84.58733 36.6181 18.36196 -84.58733 36.6181 18.36196 -84.58733 36.6181 18.36196 -84.58733 36.6181 18.36196 -84.58733 36.6181 18.36196 -84.58733 36.6181 18.36196 -84.58733 36.6181 18.36196 -84.95662 36.37116 18.14201 -84.95662 36.37116 18.14201 -84.95662 36.37116 18.14201 -84.95662 36.37116 18.14201 -84.95662 36.37116 18.14201 -10.87965 -43.75613 -10.11368 -10.87965 -43.75613 -10.11368 -10.87965 -43.75613 -10.11368 -10.87965 -43.75613 -10.11368 -9.341482 -42.66632 -9.04725 -9.341482 -42.66632 -9.04725 -9.341482 -42.66632 -9.04725 -9.341482 -42.66632 -9.04725 -13.68692 -40.52806 -5.246731 -13.68692 -40.52806 -5.246731 -13.68692 -40.52806 -5.246731 -13.68692 -40.52806 -5.246731 -13.68692 -40.52806 -5.246731 -15.09443 -41.39411 -6.051264 -15.09443 -41.39411 -6.051264 -15.09443 -41.39411 -6.051264 -15.09443 -41.39411 -6.051264 -15.09443 -41.39411 -6.051264 -86.74102 -4.470184 62.52962 -86.74102 -4.470184 62.52962 -86.74102 -4.470184 62.52962 -86.74102 -4.470184 62.52962 -87.15433 -4.179861 62.32101 -87.15433 -4.179861 62.32101 -87.15433 -4.179861 62.32101 -87.15433 -4.179861 62.32101 -87.15433 -4.179861 62.32101 -87.15433 -4.179861 62.32101 -86.96109 -4.042657 62.45803 -86.96109 -4.042657 62.45803 -86.96109 -4.042657 62.45803 -86.96109 -4.042657 62.45803 -86.89859 -4.596747 62.41576 -86.89859 -4.596747 62.41576 -86.89859 -4.596747 62.41576 -86.89859 -4.596747 62.41576 -90.71493 42.94987 20.00703 -90.71493 42.94987 20.00703 -90.71493 42.94987 20.00703 -90.71493 42.94987 20.00703 -90.51357 43.08453 20.12695 -90.51357 43.08453 20.12695 -90.51357 43.08453 20.12695 -90.51357 43.08453 20.12695 -90.30099 42.87826 19.42931 -90.30099 42.87826 19.42931 -90.30099 42.87826 19.42931 -90.30099 42.87826 19.42931 -90.30099 42.87826 19.42931 -90.30099 42.87826 19.42931 -90.07551 43.03913 19.58747 -90.07551 43.03913 19.58747 -90.07551 43.03913 19.58747 -90.07551 43.03913 19.58747 -17.90128 -39.44687 -2.464856 -87.18727 37.81818 19.94599 -73.88707 16.0601 22.66093 -17.90128 -39.44687 -2.464856 -87.18727 37.81818 19.94599 -73.88707 16.0601 22.66093 -18.76646 -39.57833 -1.081973 -18.76646 -39.57833 -1.081973 -74.82141 17.02057 23.02429 -74.82141 17.02057 23.02429 -18.07692 -39.14553 -2.419483 -80.97066 13.85067 35.29873 -18.76646 -39.57833 -1.081973 -18.76646 -39.57833 -1.081973 -74.82141 17.02057 23.02429 -74.82141 17.02057 23.02429 -18.07692 -39.14553 -2.419483 -80.97066 13.85067 35.29873 -19.73109 -39.52797 0.2612511 -19.73109 -39.52797 0.2612511 -78.71836 12.32432 33.57193 -78.71836 12.32432 33.57193 -19.54301 -38.68405 -0.766009 -84.92451 8.653862 46.08707 -19.73109 -39.52797 0.2612511 -19.73109 -39.52797 0.2612511 -78.71836 12.32432 33.57193 -78.71836 12.32432 33.57193 -19.54301 -38.68405 -0.766009 -84.92451 8.653862 46.08707 -20.00321 -40.08681 1.217988 -20.00321 -40.08681 1.217988 -81.09111 7.540312 41.65139 -81.09111 7.540312 41.65139 -20.28573 -38.91173 0.5368704 -77.85591 -9.060286 53.73249 -20.00321 -40.08681 1.217988 -20.00321 -40.08681 1.217988 -81.09111 7.540312 41.65139 -81.09111 7.540312 41.65139 -20.28573 -38.91173 0.5368704 -77.85591 -9.060286 53.73249 -36.16469 75.1533 77.24748 -36.16469 75.1533 77.24748 -10.07294 42.85848 12.6841 -10.07294 42.85848 12.6841 -14.58045 43.63248 24.688 -16.65955 87.57468 30.50834 -35.46938 75.1533 77.50514 -35.46938 75.1533 77.50514 -9.377616 42.85848 12.94177 -9.377616 42.85848 12.94177 -13.88513 43.63248 24.94567 -15.96423 87.57468 30.76601 -7.024191 34.04013 9.493687 -7.024191 34.04013 9.493687 -7.024191 34.04013 9.493687 -7.024191 34.04013 9.493687 -10.28567 33.89349 8.217679 -10.28567 33.89349 8.217679 -10.28567 33.89349 8.217679 -10.57156 28.06104 8.105961 -10.57156 28.06104 8.105961 -10.57156 28.06104 8.105961 -6.715892 28.06103 9.614433 -6.715892 28.06103 9.614433 -36.9695 75.49369 80.36018 -36.9695 75.49369 80.36018 -36.9695 75.49369 80.36018 -37.85449 75.45091 80.02648 -37.85449 75.45091 80.02648 -37.85449 75.45091 80.02648 -37.85449 75.45091 80.02648 -37.85449 75.45091 80.02648 -37.04224 73.94288 80.81379 -37.04224 73.94288 80.81379 -37.04224 73.94288 80.81379 -37.04224 73.94288 80.81379 -37.04224 73.94288 80.81379 -37.04224 73.94288 80.81379 -38.08394 73.93727 80.40709 -38.08394 73.93727 80.40709 -38.08394 73.93727 80.40709 -38.08394 73.93727 80.40709 -36.49733 75.19519 77.27845 -36.49733 75.19519 77.27845 -10.40765 42.85848 12.72066 -10.40765 42.85848 12.72066 -14.91516 43.63248 24.72456 -16.99425 87.57468 30.54488 -36.49733 75.19519 77.27845 -36.49733 75.19519 77.27845 -10.40765 42.85848 12.72066 -10.40765 42.85848 12.72066 -14.91516 43.63248 24.72456 -16.99425 87.57468 30.54488 4.355555 80.20011 -35.82343 4.355555 80.20011 -35.82343 3.893295 40.47131 -11.25521 3.893295 40.47131 -11.25521 2.53148 20.32558 -10.70523 2.689699 64.72678 -7.623976 4.660113 62.70873 -4.695453 4.660113 62.70873 -4.695453 4.660113 62.70873 -4.695453 2.560569 62.75585 -4.612109 2.560569 62.75585 -4.612109 2.560569 62.75585 -4.612109 2.560569 62.75585 -4.612109 2.376558 65.53929 -2.494989 2.376558 65.53929 -2.494989 2.376558 65.53929 -2.494989 4.858603 65.56636 -2.530646 4.858603 65.56636 -2.530646 2.588972 82.02211 -37.09492 2.588972 82.02211 -37.09492 2.588972 82.02211 -37.09492 2.588972 82.02211 -37.09492 2.021872 82.03482 -37.07241 2.021872 82.03482 -37.07241 2.021872 82.03482 -37.07241 2.021872 82.03482 -37.07241 2.64258 82.794 -36.51022 2.64258 82.794 -36.51022 2.64258 82.794 -36.51022 2.64258 82.794 -36.51022 2.64258 82.794 -36.51022 2.64258 82.794 -36.51022 1.972175 82.78665 -36.50057 1.972175 82.78665 -36.50057 1.972175 82.78665 -36.50057 1.972175 82.78665 -36.50057 3.918761 80.0304 -35.68597 3.918761 80.0304 -35.68597 3.456495 40.30159 -11.11773 3.456495 40.30159 -11.11773 2.094681 20.1559 -10.56774 2.252894 64.55707 -7.486559 -85.68253 33.32246 -8.562325 -85.68253 33.32246 -8.562325 -85.68253 33.32246 -8.562325 -85.68253 33.32246 -8.562325 -85.68253 33.32246 -8.562325 -85.68496 33.26573 -6.814517 -85.68496 33.26573 -6.814517 -85.68496 33.26573 -6.814517 -85.68496 33.26573 -6.814517 -85.68496 33.26573 -6.814517 -85.78817 31.48609 -6.66133 -85.78817 31.48609 -6.66133 -85.78817 31.48609 -6.66133 -85.78836 31.50028 -8.727565 -85.78836 31.50028 -8.727565 -85.78836 31.50028 -8.727565 -85.78836 31.50028 -8.727565 -85.78836 31.50028 -8.727565 -0.6624358 33.07083 -13.31973 -0.6624358 33.07083 -13.31973 -0.6624358 33.07083 -13.31973 -0.6624358 33.07083 -13.31973 -0.6624358 33.07083 -13.31973 -0.6654055 33.00207 -11.20084 -0.6654055 33.00207 -11.20084 -0.6654055 33.00207 -11.20084 -0.6654055 33.00207 -11.20084 -0.6654055 33.00207 -11.20084 -0.6654055 33.00207 -11.20084 -0.6654055 33.00207 -11.20084 -0.7904945 30.84455 -11.01513 -0.7904945 30.84455 -11.01513 -0.7904945 30.84455 -11.01513 -0.7904945 30.84455 -11.01513 -0.7904945 30.84455 -11.01513 -0.7904945 30.84455 -11.01513 -0.7904945 30.84455 -11.01513 -0.7907338 30.86177 -13.52004 -0.7907338 30.86177 -13.52004 -0.7907338 30.86177 -13.52004 -0.7907338 30.86177 -13.52004 -0.7907338 30.86177 -13.52004 84.25685 33.77062 -6.821849 84.25685 33.77062 -6.821849 84.25685 33.77062 -6.821849 84.25685 33.77062 -6.821849 84.25428 33.71091 -4.981619 84.25428 33.71091 -4.981619 84.25428 33.71091 -4.981619 84.25428 33.71091 -4.981619 84.14543 31.8521 -6.995836 84.14543 31.8521 -6.995836 84.14543 31.8521 -6.995836 84.14543 31.8521 -6.995836 84.14543 31.8521 -6.995836 84.14543 31.8521 -6.995836 84.14564 31.83715 -4.82036 84.14564 31.83715 -4.82036 84.14564 31.83715 -4.82036 84.14564 31.83715 -4.82036 -78.0667 23.79121 -8.442358 -78.0667 23.79121 -8.442358 -77.93286 42.44869 -6.743331 -10.70108 50.80314 -10.51295 -10.70108 50.80314 -10.51295 -10.86368 15.96839 -9.378256 -43.70696 34.5215 -2.867759 -43.70696 34.5215 -2.867759 -43.70696 34.5215 -2.867759 -43.70696 34.5215 -2.867759 -43.70696 34.5215 -2.867759 -43.70696 34.5215 -2.867759 -43.70696 34.5215 -2.867759 -43.70696 34.5215 -2.867759 -46.097 55.50677 -9.942474 -46.097 55.50677 -9.942474 -46.097 55.50677 -9.942474 -46.097 55.50677 -9.942474 -88.2376 33.33419 -5.019127 -88.2376 33.33419 -5.019127 -88.2376 33.33419 -5.019127 -88.2376 33.33419 -5.019127 -43.40549 10.44162 -10.12838 -43.40549 10.44162 -10.12838 -43.40549 10.44162 -10.12838 -43.40549 10.44162 -10.12838 -14.92621 33.76528 -3.19378 -14.92621 33.76528 -3.19378 -14.92621 33.76528 -3.19378 -14.92621 33.76528 -3.19378 -53.77329 41.32288 -3.393723 -53.77329 41.32288 -3.393723 -53.77329 41.32288 -3.393723 -35.52098 27.41265 -1.862065 -35.52098 27.41265 -1.862065 -35.52098 27.41265 -1.862065 -78.0667 23.79121 -8.442358 -78.0667 23.79121 -8.442358 -77.93286 42.44869 -6.743331 -10.70108 50.80314 -10.51295 -10.70108 50.80314 -10.51295 -10.86368 15.96839 -9.378256 -43.70696 34.5215 -2.867759 -43.70696 34.5215 -2.867759 -43.70696 34.5215 -2.867759 -43.70696 34.5215 -2.867759 -43.70696 34.5215 -2.867759 -43.70696 34.5215 -2.867759 -43.70696 34.5215 -2.867759 -43.70696 34.5215 -2.867759 -46.097 55.50677 -9.942474 -46.097 55.50677 -9.942474 -46.097 55.50677 -9.942474 -46.097 55.50677 -9.942474 -88.2376 33.33419 -5.019127 -88.2376 33.33419 -5.019127 -88.2376 33.33419 -5.019127 -88.2376 33.33419 -5.019127 -43.40549 10.44162 -10.12838 -43.40549 10.44162 -10.12838 -43.40549 10.44162 -10.12838 -43.40549 10.44162 -10.12838 -14.92621 33.76528 -3.19378 -14.92621 33.76528 -3.19378 -14.92621 33.76528 -3.19378 -14.92621 33.76528 -3.19378 -53.77329 41.32288 -3.393723 -53.77329 41.32288 -3.393723 -53.77329 41.32288 -3.393723 -35.52098 27.41265 -1.862065 -35.52098 27.41265 -1.862065 -35.52098 27.41265 -1.862065 76.21848 41.78537 -7.600101 76.21848 41.78537 -7.600101 76.36697 23.12802 -5.901091 8.803475 12.83791 -10.51294 8.803475 12.83791 -10.51294 8.699653 47.67353 -9.378261 41.67462 30.52397 -2.867759 41.67462 30.52397 -2.867759 41.67462 30.52397 -2.867759 41.67462 30.52397 -2.867759 41.67462 30.52397 -2.867759 41.67462 30.52397 -2.867759 41.67462 30.52397 -2.867759 41.67462 30.52397 -2.867759 44.23896 9.606893 -9.942467 44.23896 9.606893 -9.942467 44.23896 9.606893 -9.942467 44.23896 9.606893 -9.942467 86.5326 32.3974 -4.17689 86.5326 32.3974 -4.17689 86.5326 32.3974 -4.17689 86.5326 32.3974 -4.17689 41.17285 54.5928 -10.12838 41.17285 54.5928 -10.12838 41.17285 54.5928 -10.12838 41.17285 54.5928 -10.12838 12.8999 29.85828 -3.19378 12.8999 29.85828 -3.19378 12.8999 29.85828 -3.19378 12.8999 29.85828 -3.19378 51.79638 24.00042 -2.009965 51.79638 24.00042 -2.009965 51.79638 24.00042 -2.009965 33.43043 37.40673 -9.109196 33.43043 37.40673 -9.109196 33.43043 37.40673 -9.109196 76.21848 41.78537 -7.600101 76.21848 41.78537 -7.600101 76.36697 23.12802 -5.901091 8.803475 12.83791 -10.51294 8.803475 12.83791 -10.51294 8.699653 47.67353 -9.378261 41.67462 30.52397 -2.867759 41.67462 30.52397 -2.867759 41.67462 30.52397 -2.867759 41.67462 30.52397 -2.867759 41.67462 30.52397 -2.867759 41.67462 30.52397 -2.867759 41.67462 30.52397 -2.867759 41.67462 30.52397 -2.867759 44.23896 9.606893 -9.942467 44.23896 9.606893 -9.942467 44.23896 9.606893 -9.942467 44.23896 9.606893 -9.942467 86.5326 32.3974 -4.17689 86.5326 32.3974 -4.17689 86.5326 32.3974 -4.17689 86.5326 32.3974 -4.17689 41.17285 54.5928 -10.12838 41.17285 54.5928 -10.12838 41.17285 54.5928 -10.12838 41.17285 54.5928 -10.12838 12.8999 29.85828 -3.19378 12.8999 29.85828 -3.19378 12.8999 29.85828 -3.19378 12.8999 29.85828 -3.19378 51.79638 24.00042 -2.009965 51.79638 24.00042 -2.009965 51.79638 24.00042 -2.009965 33.43043 37.40673 -9.109196 33.43043 37.40673 -9.109196 33.43043 37.40673 -9.109196 33.30604 75.15329 74.28138 33.30604 75.15329 74.28138 8.972805 42.85848 9.0349 8.972805 42.85848 9.0349 13.75043 43.63248 20.93387 16.14551 87.57467 26.63147 33.99297 75.15329 74.00212 33.99297 75.15329 74.00212 9.659736 42.85848 8.75563 9.659736 42.85848 8.75563 14.43736 43.63248 20.65461 16.83244 87.57467 26.3522 9.068429 34.04013 4.623046 9.068429 34.04013 4.623046 9.068429 34.04013 4.623046 9.068429 34.04013 4.623046 5.800823 33.89349 5.883281 5.800823 33.89349 5.883281 5.800823 33.89349 5.883281 5.514485 28.06104 5.993845 5.514485 28.06104 5.993845 5.514485 28.06104 5.993845 9.377393 28.06102 4.504014 9.377393 28.06102 4.504014 34.81349 75.49369 77.12115 34.81349 75.49369 77.12115 34.81349 75.49369 77.12115 33.93529 75.45091 77.47235 33.93529 75.45091 77.47235 33.93529 75.45091 77.47235 33.93529 75.45091 77.47235 33.93529 75.45091 77.47235 35.06603 73.94288 77.50491 35.06603 73.94288 77.50491 35.06603 73.94288 77.50491 35.06603 73.94288 77.50491 35.06603 73.94288 77.50491 35.06603 73.94288 77.50491 34.02294 73.93727 77.90805 34.02294 73.93727 77.90805 34.02294 73.93727 77.90805 34.02294 73.93727 77.90805 33.08154 75.19517 74.52877 33.08154 75.19517 74.52877 8.750543 42.85848 9.287817 8.750543 42.85848 9.287817 13.52817 43.63248 21.18679 15.92323 87.57467 26.88437 33.08154 75.19517 74.52877 33.08154 75.19517 74.52877 8.750543 42.85848 9.287817 8.750543 42.85848 9.287817 13.52817 43.63248 21.18679 15.92323 87.57467 26.88437</float_array>
          <technique_common>
            <accessor source="#Cylinder-mesh-positions-array" count="1776" stride="3">
              <param name="X" type="float"/>
              <param name="Y" type="float"/>
              <param name="Z" type="float"/>
            </accessor>
          </technique_common>
        </source>
        <source id="Cylinder-mesh-normals">
          <float_array id="Cylinder-mesh-normals-array" count="1776">0.7849044 -0.422828 -0.4529258 0.7562902 -0.4874371 0.436383 -9.25672e-5 -0.5338659 0.8455693 -0.7561824 -0.4883313 0.4355694 -0.8841097 -0.1856029 0.4288374 -0.7837355 -0.424014 -0.4538402 8.51113e-4 -0.422829 -0.9062091 7.57939e-4 -0.9999989 -0.001305878 -0.8553789 -0.1533383 -0.4947872 0.8082557 -0.2579238 0.5293375 -0.8403323 -0.2396095 -0.4862397 0.8926959 -0.3491425 -0.2849449 -4.0848e-4 -0.2143566 0.9767554 7.47655e-4 -0.238337 -0.9711822 5.7534e-4 0.01218461 -0.9999257 -5.12701e-4 -0.09197402 0.9957613 0.8561876 -0.1520434 -0.4937872 6.92964e-4 -0.1520435 -0.9883736 -0.8559553 -0.1546334 0.4933854 0.8928827 -0.1193698 0.4341793 -0.8512154 0.1832296 -0.4917919 -0.8662739 0.009564161 0.4994779 0.8656738 0.0108745 0.5004903 -0.8656904 0.01087433 -0.5004619 5.79599e-4 -0.9660857 0.2582212 0.8662574 0.01218479 -0.4994495 -0.7520632 0.4959879 0.4340473 -6.87436e-4 0.1438392 0.9896009 0.8515114 0.1845179 -0.4907969 4.34778e-4 0.1845179 -0.9828291 -0.8517889 0.1819416 0.4912768 0.908941 0.1546885 0.3871662 -7.57356e-4 0.9999989 0.001312851 0.7584496 0.5657041 0.323625 -0.7515538 0.4971252 -0.4336282 -9.45734e-4 0.696905 0.7171628 0.7513095 0.4982616 -0.4327465 1.29784e-4 0.4982618 -0.8670268 -5.92021e-4 0.00956422 0.9999542 -0.9946564 -0.006005883 0.1030668 -8.75683e-4 0.9701709 0.2424205 0.9945619 -0.004502654 0.1040498 -0.1050855 0.9837127 -0.14583 -0.1050717 0.9835942 -0.1466372 -0.7046287 -0.007640898 0.7095351 0.7150499 -0.007953882 -0.6990282 -0.7074128 0.00876075 0.7067463 -0.7276309 0.007117152 -0.685932 0.7108865 0.008848547 0.7032512 0.7122703 0.008468985 -0.7018542 0.1051833 -0.9837283 0.1456546 0.1051638 -0.9835754 0.1466969 -0.7280233 -0.008179426 -0.6855037 0.7105519 -0.006281077 0.7036167 0.6997976 0.04031199 -0.7132028 -0.7098502 0.02763485 -0.7038103 -0.7186792 0.04056155 0.6941577 0.7282282 0.02801209 0.6847621 0.7109336 -0.04043966 -0.7020956 -0.7110747 -0.02802121 -0.7025579 -0.7079895 -0.04045331 0.7050635 0.7268369 -0.0276274 0.6862543 -0.7048754 -0.007652044 0.7092899 0.7147939 -0.007942736 -0.6992901 -0.7071307 0.008746922 0.7070288 -0.7275882 0.007114648 -0.6859773 0.7109321 0.00885111 0.7032049 0.7125394 0.008483469 -0.7015809 -0.7280738 -0.008181929 -0.68545 0.7105168 -0.006279349 0.7036523 0.7001889 0.04045277 -0.7128107 -0.7098067 0.02761852 -0.7038549 -0.7182579 0.0404163 0.6946021 0.7282792 0.02803158 0.6847071 0.7105342 -0.04057991 -0.7024916 -0.7110211 -0.02800232 -0.7026129 -0.7076006 -0.04031163 0.7054618 0.7268902 -0.02764648 0.686197 0.9830744 -0.1830696 0.007098138 0.983074 -0.1830727 0.007077753 -0.3476189 -0.01845127 -0.9374544 -0.2641916 0.3288317 -0.9066821 -0.1663792 -0.004605174 -0.9860512 0.2570822 -0.1903848 -0.9474505 0.3156839 0.07085406 -0.9462153 -0.7229512 0.05388933 -0.6887944 0.2388658 0.01115238 -0.9709886 -0.02343249 0.1348789 -0.990585 -0.3277267 -0.02907168 -0.9443252 0.646587 -0.02346724 -0.7624792 0.319823 0.06868869 -0.9449842 0.3068279 -0.258201 -0.9160726 0.2641918 -0.3288317 0.9066821 0.3476189 0.01845127 0.9374544 -0.257082 0.1903848 0.9474505 0.1663792 0.004605174 0.9860512 0.7229512 -0.05388933 0.6887943 -0.3156839 -0.07085406 0.9462153 0.02343261 -0.1348789 0.990585 -0.2388659 -0.01115238 0.9709885 -0.646587 0.02346724 0.7624793 0.3277269 0.02907168 0.9443252 -0.3068279 0.258201 0.9160726 -0.319823 -0.06868869 0.9449842 0.01803886 -0.03575998 -0.9991977 0.01804137 -0.03575891 -0.9991976 0.01803851 0.5393612 -0.8418814 0.01804053 0.5393648 -0.8418791 -0.01804614 -0.5393353 0.8418977 -0.01807934 -0.5393224 0.8419052 -0.007154285 -0.9868735 -0.1613375 -0.0333333 0.9736852 0.2254468 -0.9914676 -0.02063655 0.1287095 0.9916592 0.1090666 -0.06867796 0.01803529 0.5393615 -0.8418812 0.01804238 0.5393641 -0.8418794 -0.01804608 -0.5393576 0.8418835 -0.0180357 -0.5393415 0.841894 -0.006927847 -0.9845672 -0.1748701 -0.03357088 0.972185 0.2317965 -0.9845144 0.1340663 -0.1129496 0.9832021 -0.04796588 0.1761047 0.01803958 0.1375164 -0.9903352 0.01803481 0.1375159 -0.9903354 -0.01803195 -0.1374921 0.9903388 -0.01807242 -0.1375136 0.9903351 -0.009929656 -0.9026088 0.4303474 -0.02721536 0.9261443 -0.3761865 -0.9915351 0.03521066 0.1249741 0.9891871 0.07283025 -0.1272977 0.01804155 0.1375188 -0.9903349 0.01804178 0.1375198 -0.9903348 -0.01800405 -0.1375085 0.990337 -0.01805114 -0.1375247 0.9903339 -0.01024883 -0.8935551 0.4488369 -0.02617102 0.9151498 -0.4022639 -0.9794922 0.07801723 -0.1857646 0.9825165 0.0295763 0.1838118 -0.007156014 -0.9868733 -0.161338 -0.03337454 0.9736831 0.2254493 -0.9914672 -0.02063763 0.1287127 0.9916598 0.109059 -0.0686801 -0.006923377 -0.9845675 -0.1748689 -0.03356015 0.972184 0.2318023 -0.9845138 0.1340728 -0.1129469 0.9832013 -0.0479815 0.1761049 -0.00990796 -0.9026092 0.430347 -0.02722299 0.9261448 -0.3761847 -0.9915351 0.03520494 0.1249746 0.9891871 0.07283467 -0.1272953 -0.01024013 -0.8935531 0.4488406 -0.02617913 0.9151489 -0.4022651 -0.9794919 0.07801508 -0.1857668 0.9825165 0.02956485 0.1838136 0.6260215 -0.5799752 0.5212734 -0.6260215 0.5799753 -0.5212734 0.6606017 -0.3855187 0.64419 0.6306045 -0.5647526 0.5323464 -0.6606013 0.3855198 -0.6441898 -0.6306046 0.5647524 -0.5323465 0.6402097 -0.380194 0.6675208 0.6289424 -0.5762271 0.5219137 -0.6402099 0.380193 -0.6675212 -0.6289424 0.5762271 -0.5219137 0.6213697 -0.3836033 0.6831898 0.6290535 -0.5736448 0.5246175 -0.6213697 0.3836042 -0.6831893 -0.6290535 0.5736446 -0.5246176 -0.6151798 0.5984981 -0.5131801 0.6530448 -0.5387954 0.5321955 0.6473112 -0.5335857 0.5443111 0.6304556 -0.5310025 0.566182 -0.2563634 -0.7960442 -0.5482622 0.6350108 -0.5223655 0.5691184 0.146328 -0.5801745 -0.8012401 0.3024203 0.7708268 0.5606854 -0.6165527 0.6000766 -0.5096774 -0.1460036 0.5751143 0.8049389 -0.1460049 0.5751169 0.8049367 -0.1008715 0.5685986 0.8164072 -0.6326921 0.603484 -0.4852916 -0.6333307 0.6037374 -0.4841419 -0.7611138 -0.3872483 0.5203312 -0.7611218 -0.3872371 0.5203279 0.5550399 0.8105569 0.1868916 0.5551505 0.8104745 0.1869204 -0.08612889 0.5800807 0.8099929 0.1406839 -0.5855748 -0.7983171 0.3852395 -0.3501737 -0.8537968 0.3852078 -0.350111 -0.8538368 -0.2501941 -0.7941653 -0.5538091 0.3180735 0.774393 0.5469414 -0.6322693 0.5686785 -0.5261562 0.6322692 -0.5686786 0.5261562 -0.6393234 0.5413094 -0.5461225 -0.6312899 0.5724337 -0.5232521 0.6393235 -0.5413086 0.5461232 0.6312901 -0.5724334 0.5232521 -0.6356777 0.5410904 -0.550577 -0.6327775 0.5622142 -0.5324547 0.6356775 -0.5410911 0.5505767 0.6327773 -0.5622144 0.5324546 -0.6338829 0.5412803 -0.5524564 -0.6327055 0.5677452 -0.5266396 0.6338835 -0.5412793 0.5524568 0.6327054 -0.5677453 0.5266396 -0.6151931 0.5984746 -0.5131916 0.6530497 -0.538784 0.5322011 0.6477269 -0.5322294 0.5451438 0.6304523 -0.5309891 0.5661983 -0.2583228 -0.7943195 -0.5498417 0.6355633 -0.5251007 0.5659758 0.1452098 -0.5792013 -0.8021471 0.3007068 0.7725359 0.5592529 -0.6166517 0.5998247 -0.5098539 -0.1018761 0.5695595 0.8156123 -0.6328119 0.6042804 -0.484143 -0.6334588 0.6051785 -0.4821711 -0.08678853 0.580678 0.8094942 0.1400644 -0.5850575 -0.7988052 -0.2501931 -0.7941704 -0.553802 0.3180682 0.7744008 0.5469333 0.719865 0.4992359 -0.4822426 -0.719865 -0.4992359 0.4822426 0.6582728 0.6720349 -0.3391844 0.7158585 0.5149176 -0.4716001 -0.6582725 -0.6720352 0.3391844 -0.7158585 -0.5149176 0.4716001 0.672056 0.6720617 -0.3109242 0.7173022 0.5032681 -0.4818701 -0.6720559 -0.672062 0.3109241 -0.7173023 -0.5032682 0.4818701 0.6868739 0.6654249 -0.2922568 0.7172425 0.5058926 -0.4792035 -0.6868744 -0.6654244 0.2922568 -0.7172424 -0.5058926 0.4792035 -0.7288615 -0.4792465 0.4889621 0.6947897 0.5419942 -0.4727681 0.6997256 0.5465605 -0.4600605 0.7142034 0.5472254 -0.4364149 0.2319497 -0.8156237 -0.530054 0.7094761 0.5557488 -0.4333438 -0.1334915 -0.5698799 -0.8108125 -0.2093015 0.8454984 0.4912487 -0.7275193 -0.4776741 0.4924868 0.1396482 0.5700192 0.8096768 0.1396469 0.5700185 0.8096776 0.1480922 0.606468 0.7811948 -0.7120063 -0.4747714 0.5173386 -0.7113518 -0.4745062 0.5184811 0.7041535 -0.4329243 0.5628005 0.7041419 -0.4329248 0.5628147 -0.514537 0.8430318 0.1566815 -0.5145234 0.8430396 0.1566843 0.1340388 0.6184839 0.7742813 -0.1270817 -0.5746809 -0.8084504 -0.3585206 -0.3287329 -0.8737263 -0.3585918 -0.3287356 -0.8736961 0.2262684 -0.813351 -0.5359691 -0.2226365 0.8509212 0.4757797 -0.7143732 -0.5111362 0.4779233 0.7143732 0.5111362 -0.4779233 -0.7073194 -0.5384891 0.4579615 -0.715231 -0.5072842 0.4807365 0.7073196 0.538489 -0.4579613 0.7152311 0.5072839 -0.4807366 -0.7105018 -0.5383672 0.4531535 -0.7138844 -0.5176149 0.4716396 0.710502 0.538367 -0.4531533 0.7138844 0.5176149 -0.4716396 -0.7120791 -0.5379931 0.4511172 -0.713981 -0.5121042 0.4774729 0.7120785 0.537994 -0.4511174 0.713981 0.5121043 -0.4774729 -0.7288588 -0.4792574 0.4889551 0.6947841 0.5420051 -0.4727639 0.6992686 0.5478679 -0.4591997 0.7142054 0.5472316 -0.4364038 0.2297938 -0.8171952 -0.5285707 0.7092975 0.5532808 -0.4367809 -0.1347044 -0.570778 -0.8099799 -0.2113533 0.8441815 0.492633 -0.7274463 -0.4779509 0.4923259 0.1469476 0.6057002 0.7820063 -0.7117955 -0.4739052 0.5184219 -0.7110632 -0.4729079 0.5203338 0.1333461 0.617999 0.7747879 -0.1277136 -0.5751511 -0.8080164 0.2262604 -0.8133609 -0.5359576 -0.2226273 0.8509192 0.4757874 0.6737868 -0.6390746 -0.3709381 0.6260219 -0.5440917 -0.558624 -0.6737868 0.6390747 0.370938 -0.6260219 0.5440917 0.5586241 0.6606016 -0.659119 -0.3593993 0.6306047 -0.5545461 -0.5429701 -0.6606016 0.6591191 0.359399 -0.6306046 0.5545461 0.5429701 0.6402111 -0.6822186 -0.3531396 0.6289425 -0.5445805 -0.5548545 -0.6402112 0.6822184 0.3531399 -0.6289424 0.5445807 0.5548544 0.6213697 -0.6980104 -0.3559232 0.6290536 -0.5471782 -0.5521664 -0.6213698 0.69801 0.3559238 -0.6290536 0.5471783 0.5521664 -0.6151852 0.536746 0.5774521 0.6530426 -0.5533432 -0.5170558 0.6473115 -0.5652481 -0.5113534 0.6304568 -0.5869973 -0.5078961 -0.2563667 0.5159271 -0.817371 0.6350155 -0.5895994 -0.4991272 0.1463328 0.7773522 -0.6118092 0.3024208 -0.5293508 0.7926725 -0.6165536 0.5333113 0.5791725 -0.1460044 -0.7812492 0.6069039 -0.1460022 -0.7812529 0.6068999 -0.1008592 -0.7929816 0.6008392 -0.632692 0.5090779 0.5835586 -0.6333242 0.5079516 0.5838543 -0.7611149 -0.5354256 -0.3660925 -0.7611226 -0.535424 -0.3660787 0.5550882 -0.1543475 0.8173457 0.5551943 -0.1543577 0.8172717 -0.0861169 -0.7861177 0.6120481 0.1406613 0.7742258 -0.6170809 0.3852509 0.8390644 -0.3841259 0.3852513 0.8390874 -0.3840752 -0.2501565 0.5215048 -0.815754 0.318067 -0.5154782 0.7956857 -0.6322695 0.5485183 0.5471407 0.6322695 -0.5485184 -0.5471407 -0.6393218 0.5673666 0.5190017 -0.6312902 0.5457671 0.5510091 0.6393219 -0.5673667 -0.5190016 0.6312902 -0.5457671 -0.5510092 -0.6356792 0.571811 0.5185983 -0.6327773 0.5545508 0.5404316 0.6356791 -0.5718103 -0.5185993 0.6327773 -0.5545507 -0.5404317 -0.6338845 0.5736972 0.5187119 -0.6327053 0.5489631 0.54619 0.6338846 -0.5736972 -0.5187118 0.6327053 -0.5489631 -0.54619 -0.6151897 0.5367572 0.577437 0.653051 -0.5533545 -0.5170331 0.6477252 -0.5660279 -0.5099652 0.6304521 -0.587014 -0.5078826 -0.2583225 0.517578 -0.8157099 0.6355605 -0.5865565 -0.5020105 0.1452085 0.7782985 -0.6108731 0.3007097 -0.527858 0.7943172 -0.6166509 0.5334783 0.5789151 -0.1018764 -0.7921362 0.601782 -0.6328132 0.5079689 0.584393 -0.6334614 0.5059904 0.5854063 -0.08677864 -0.785602 0.6126165 0.1400691 0.7747147 -0.6166018 -0.2502011 0.5215451 -0.8157145 0.3180487 -0.5154564 0.7957071 0.7198652 0.5018569 0.4795142 -0.7198652 -0.5018569 -0.4795142 0.6582751 0.3658407 0.6579016 0.7158588 0.4918522 0.4956085 -0.6582747 -0.3658415 -0.6579016 -0.7158587 -0.4918523 -0.4956084 0.6720554 0.3376054 0.6590632 0.7173022 0.501646 0.4835587 -0.6720549 -0.3376061 -0.6590633 -0.7173023 -0.501646 -0.4835586 0.6868764 0.3186932 0.6531735 0.7172426 0.4990871 0.4862871 -0.6868767 -0.3186916 -0.6531739 -0.7172426 -0.4990872 -0.486287 -0.7288627 -0.5077659 -0.4592745 0.694799 0.4941224 0.5225874 0.6997221 0.4815809 0.5277016 0.7142044 0.4579803 0.5293073 0.2319347 0.4969398 -0.836216 0.7094881 0.4552536 0.537932 -0.1334743 0.7873427 -0.6018938 -0.2093006 -0.4569817 0.8645005 -0.727519 -0.5112285 -0.4575605 0.1396484 -0.7861899 0.6019999 0.139648 -0.7861889 0.6020014 0.1481049 -0.7562706 0.6372752 -0.712005 -0.5359472 -0.4536624 -0.7113596 -0.5370608 -0.4533576 0.7041501 -0.5796979 -0.4100282 0.7041447 -0.5797051 -0.4100273 -0.5145537 -0.1228154 0.8486171 -0.5145613 -0.1227503 0.8486219 0.1340501 -0.7488558 0.6490345 -0.1270813 0.7847806 -0.6066052 -0.3585202 0.859849 -0.3634876 -0.3585374 0.8598416 -0.363488 0.2262825 0.5029514 -0.834168 -0.2226352 -0.4413098 0.8692982 -0.7143734 -0.4980178 -0.491578 0.7143734 0.4980179 0.491578 -0.7073191 -0.4791728 -0.5197048 -0.715231 -0.5006742 -0.4876167 0.7073186 0.4791734 0.519705 0.715231 0.5006742 0.4876167 -0.7105033 -0.4743592 -0.5197773 -0.7138844 -0.491999 -0.4983033 0.7105033 0.4743588 0.5197776 0.7138845 0.4919988 0.4983033 -0.7120773 -0.4723153 -0.5194845 -0.713981 -0.4976069 -0.4925633 0.7120767 0.4723159 0.5194848 0.713981 0.4976069 0.4925631 -0.7288543 -0.5077567 -0.4592979 0.6947823 0.4940915 0.5226387 0.6992685 0.4807812 0.5290303 0.714206 0.4579721 0.5293122 0.2297945 0.4954066 -0.8377154 0.7092943 0.4585974 0.5353412 -0.1347051 0.7864616 -0.6027709 -0.2113567 -0.4584179 0.8632389 -0.7274439 -0.5110759 -0.4578503 0.1469452 -0.7571102 0.6365463 -0.7117983 -0.5369839 -0.4527601 -0.7110531 -0.5388702 -0.4516886 0.1333345 -0.7494127 0.6485388 -0.127684 0.7843313 -0.6070595 0.2262371 0.5029228 -0.8341975 -0.2226175 -0.4412859 0.8693149 0.9357019 0.0614652 0.3473963 0.9242427 -0.01591944 0.3814737 0.9357022 0.0614652 0.3473955 0.9242426 -0.01591932 0.3814739 -0.350646 0.2780281 0.8942863 -0.3506407 0.2780243 0.8942894 -0.1814815 -0.8601275 0.4767025 0.1305552 0.8788384 -0.4589101 -0.9237774 0.04439258 -0.3803482 0.930964 0.05529099 0.3609004 -0.9357052 -0.06137263 -0.3474036 -0.9242366 0.01592576 -0.3814883 0.9357052 0.06137263 0.3474036 0.9242366 -0.01592576 0.3814883 -0.1858699 -0.8600865 0.4750829 0.1387197 0.8793019 -0.4556151 -0.9217939 0.05254173 -0.3841032 0.9317196 0.06101518 0.3580164 0.9931269 -0.06970041 -0.09402519 0.9961325 0.03753656 0.07944226 -0.01810514 0.6045415 -0.7963678 -0.01805382 0.6045017 -0.7963992 -0.003272414 0.8918264 0.4523659 -0.03952306 -0.859405 -0.5097656 -0.9984116 -0.05414116 -0.01558685 0.9972736 -0.01444989 -0.0723648 -0.993127 0.06970053 0.09402513 -0.9961325 -0.03753685 -0.07944297 -0.003227174 0.8918264 0.4523664 -0.03949445 -0.859406 -0.5097664 -0.9984114 -0.05414652 -0.01558989 0.9972738 -0.01444721 -0.07236349 -0.9983198 0.05794346 4.90444e-4 -0.9983202 0.05793601 4.90028e-4 -0.07349097 0.08974134 0.99325 0.07531195 0.08571118 -0.9934695 -0.007898986 -0.9999453 -0.006866753 -0.05534911 0.09336167 -0.9940927 0.05160272 0.08267581 0.9952396 0.004773318 0.9994624 0.0324403 0.9983205 -0.05793124 -4.81001e-4 0.9983212 -0.05791831 -4.92289e-4 -0.01071643 0.9994167 0.03242486 0.01218634 -0.9999022 -0.006869614 -0.07349121 0.0897575 0.9932485 0.07531177 0.08572101 -0.9934688 -0.007899165 -0.9999452 -0.006873309 -0.05534958 0.09335637 -0.9940931 0.05160272 0.08267527 0.9952397 0.004773497 0.999462 0.03244978 -0.01071619 0.9994173 0.03240954 0.01218652 -0.9999021 -0.006875216 0.05838596 0.3248816 0.9439508 0.1761936 0.3324246 0.9265257 0.04224044 0.1393972 0.9893353 -0.1522164 0.4810128 0.8633984 -0.03497427 -0.3702618 0.9282689 -0.04840397 0.005600154 0.9988122 0.03276854 -0.3213899 0.9463798 0.2099758 -0.5052574 0.8370335 0.02068161 0.3902854 0.9204616 0.01531928 0.1573325 0.9874269 -0.06477504 -0.2888216 0.9551892 -0.3485486 -0.2745786 0.89617 -0.1761936 -0.3324245 -0.9265257 -0.05838596 -0.3248816 -0.9439508 0.1522164 -0.4810128 -0.8633984 -0.04224044 -0.1393972 -0.9893353 0.04840397 -0.005600094 -0.9988122 0.03497427 0.3702617 -0.9282689 -0.2099758 0.5052576 -0.8370335 -0.03276854 0.3213899 -0.9463798 -0.01531928 -0.1573325 -0.9874269 -0.02068161 -0.3902854 -0.9204616 0.3485486 0.2745785 -0.8961699 0.06477504 0.2888216 -0.9551892 -0.0448417 -0.3250028 0.9446495 -0.2938504 -0.3383825 0.8939515 -0.08754181 -0.08855682 0.9922168 0.183088 -0.5465027 0.8171986 0.01247477 0.3546163 0.9349287 0.02194476 0.1637341 0.9862604 -0.04586863 0.3179334 0.947003 0.3030992 -0.08023506 0.9495753 -0.001276493 -0.3947866 0.918772 -0.02372127 0.6558219 0.754543 0.03672301 0.2893131 0.9565299 -0.4426915 0.2504931 0.8609747 0.2938504 0.3383826 -0.8939515 0.0448417 0.3250028 -0.9446493 -0.183088 0.5465028 -0.8171985 0.08754181 0.08855676 -0.9922168 -0.02194476 -0.1637341 -0.9862605 -0.01247477 -0.3546162 -0.9349288 -0.3030991 0.08023506 -0.9495753 0.04586863 -0.3179334 -0.947003 0.02372127 -0.6558219 -0.754543 0.001276493 0.3947866 -0.918772 0.4426915 -0.2504932 -0.8609747 -0.03672301 -0.2893131 -0.9565299 0.9248476 0.06146383 -0.3753389 0.9393967 -0.0159192 -0.3424622 0.9248476 0.06146442 -0.3753386 0.9393968 -0.01591932 -0.3424621 0.344982 0.2780308 0.8964856 0.3449862 0.2780209 0.896487 0.1879111 -0.8601251 0.4742093 -0.2134637 0.8788381 -0.4267045 -0.9382935 0.04439252 0.342979 0.930468 0.05529147 -0.3621771 -0.9248546 -0.06137394 0.3753362 -0.939402 0.01592588 0.3424475 0.9248546 0.06137394 -0.3753362 0.939402 -0.01592588 -0.3424475 0.1835691 -0.8600871 0.4759755 -0.2052157 0.8793015 -0.4297853 -0.9393654 0.05254113 0.338869 0.9290772 0.06101942 -0.3648182 0.9085552 -0.2891941 -0.3014866 0.7184585 -0.4639055 0.5182752 1.01592e-4 -0.5337899 0.8456171 -0.7183412 -0.464699 0.5177266 -0.8082067 -0.2594632 0.5286595 -0.9080376 -0.2901741 -0.3021039 8.49126e-4 -0.4228268 -0.9062103 7.57945e-4 -0.9999989 -0.001308441 7.55873e-4 -0.9999989 -0.001311004 7.55876e-4 -0.9999989 -0.001311004 -0.8553787 -0.1533384 -0.4947876 0.8839924 -0.1840224 0.4297595 -0.8919126 -0.3507919 -0.2853717 0.8412621 -0.2383372 -0.4852562 -2.27904e-4 -0.2144892 0.9767263 7.4844e-4 -0.2383377 -0.9711821 5.75206e-4 0.01218467 -0.9999257 -5.12279e-4 -0.09197419 0.9957613 0.8561877 -0.1520435 -0.4937869 6.93257e-4 -0.1520432 -0.9883736 -0.8931354 -0.1207933 0.4332646 0.855611 -0.1533384 0.4943858 -0.8512152 0.1832298 -0.4917922 -0.8662738 0.009564161 0.499478 0.8656739 0.0108745 0.5004904 -0.8656903 0.01087439 -0.5004619 5.79444e-4 -0.9660858 0.2582207 0.8662576 0.01218467 -0.4994492 -0.7596799 0.5644253 0.3229717 -6.87336e-4 0.1438392 0.9896009 0.8515117 0.1845179 -0.4907965 4.34483e-4 0.184518 -0.982829 -0.9095164 0.1533768 0.3863362 0.8509377 0.1832299 0.4922721 -7.55735e-4 0.9999989 0.001309275 -7.58165e-4 0.9999989 0.001302182 -7.55737e-4 0.9999989 0.001305699 0.7508021 0.4971234 0.4349308 -0.7515557 0.4971244 -0.4336259 -9.45918e-4 0.6969052 0.7171627 0.7513087 0.498261 -0.4327487 1.29739e-4 0.4982621 -0.8670266 -5.92124e-4 0.00956422 0.9999542 -0.9946563 -0.006005823 0.1030668 -8.75696e-4 0.970171 0.2424201 0.994562 -0.004502654 0.1040499</float_array>
          <technique_common>
            <accessor source="#Cylinder-mesh-normals-array" count="592" stride="3">
              <param name="X" type="float"/>
              <param name="Y" type="float"/>
              <param name="Z" type="float"/>
            </accessor>
          </technique_common>
        </source>
        <source id="Cylinder-mesh-map-0">
          <float_array id="Cylinder-mesh-map-0-array" count="3552">0.9186806 0.57367 0.9182794 0.553658 0.9132874 0.5536655 0.2259696 0.1114229 0.1917487 0.111142 0.1917697 0.09914755 0.9548439 0.2929134 0.9059308 0.2667012 0.9547274 0.2756846 0.1917383 0.1111338 0.22592 0.1113986 0.1917487 0.09913122 0.22592 0.1113986 0.2793179 0.1464899 0.2793526 0.09922742 0.8982912 0.5536429 0.8978807 0.5736543 0.9032933 0.553658 0.9032933 0.553658 0.9186806 0.57367 0.9132874 0.5536655 0.7632806 0.11121 0.7631624 0.1202908 0.7630349 0.1293653 0.8751201 0.6168354 0.8840929 0.7011308 0.8916955 0.6168854 0.2259696 0.1114229 0.2793526 0.1465167 0.2309474 0.135885 0.8978807 0.5736543 0.8751201 0.6168354 0.8916955 0.6168854 0.9186806 0.57367 0.9413547 0.6168854 0.9290701 0.5783278 0.620655 0.1065964 0.5828732 0.1361652 0.5826297 0.1001399 0.8978807 0.5736543 0.9248127 0.6169105 0.9186806 0.57367 0.9323031 0.7011672 0.8847433 0.8190572 0.9314726 0.8190925 0.819414 0.2657082 0.7320709 0.308604 0.7317317 0.2584401 0.9248127 0.6169105 0.9563839 0.7011308 0.9413547 0.6168854 0.9248127 0.6169105 0.8840929 0.7011308 0.9323031 0.7011672 0.2793526 0.09922742 0.3960595 0.1572674 0.3961101 0.09936815 0.279422 0.09928107 0.3961101 0.1573065 0.2793526 0.1465167 0.8847433 0.8190572 0.890548 0.9551305 0.8992734 0.955157 0.3961101 0.09936815 0.5595455 0.1557043 0.5595945 0.09958344 0.3961101 0.1573065 0.5596925 0.0996592 0.5595945 0.1557422 0.8599634 0.7010579 0.8847433 0.8190572 0.8840929 0.7011308 0.435022 0.0751664 0.4448987 0.1078655 0.4349785 0.07513737 0.9323031 0.7011672 0.9548137 0.8190572 0.9563839 0.7011308 0.2658222 0.1162278 0.2492196 0.1083469 0.249119 0.1160856 0.8623226 0.4846215 0.6881136 0.4448334 0.8619191 0.4249267 0.9548137 0.8190572 0.9167066 0.9551702 0.9254145 0.9551569 0.8847433 0.8190572 0.9167066 0.9551702 0.9314726 0.8190925 0.5595455 0.1557043 0.748331 0.09985446 0.5595945 0.09958344 0.5595945 0.1557422 0.7483676 0.09988272 0.748331 0.128295 0.2490024 0.1238138 0.249119 0.1160856 0.2492116 0.1083417 0.7483676 0.09988272 0.767024 0.1101219 0.748331 0.128295 0.8992734 0.955157 0.8994539 0.9686147 0.9037168 0.9686276 0.2874364 0.1131194 0.2728601 0.1273379 0.2727974 0.118073 0.2657898 0.1162062 0.2490024 0.1238138 0.2491031 0.116075 0.9167066 0.9551702 0.9037168 0.9686276 0.9122338 0.968634 0.571042 0.1077612 0.4448987 0.1078655 0.4449362 0.1078905 0.4349785 0.07513737 0.5710033 0.1077354 0.5810778 0.07498657 0.5811226 0.07501655 0.5710033 0.1077354 0.571042 0.1077612 0.435022 0.0751664 0.571042 0.1077612 0.4449362 0.1078905 0.9156522 0.8936738 0.8933544 0.9156788 0.9156506 0.9157578 0.9156522 0.8936738 0.892805 0.8933405 0.8933544 0.9156788 0.08285093 0.9339695 0.12283 0.9865197 0.08146995 0.9849504 0.08150947 0.9849559 0.1238352 0.9323222 0.08292889 0.9325926 0.04760563 0.9872853 0.08285093 0.9339695 0.08146995 0.9849504 0.04813671 0.9884421 0.08319896 0.9313331 0.0508933 0.9298875 0.05075937 0.929768 0.08175998 0.9857578 0.04805874 0.9881497 0.0501511 0.9297704 0.08150947 0.9849559 0.08292889 0.9325926 0.9172444 0.8943443 0.917243 0.9157292 0.8955891 0.9156525 0.9172444 0.8943443 0.8955891 0.9156525 0.8950573 0.8940206 0.08319896 0.9313331 0.122546 0.9856343 0.1239522 0.9331815 0.08175998 0.9857578 0.1240007 0.9332248 0.1223422 0.9848694 0.2219288 0.9775452 0.1713886 0.9873218 0.2279893 0.9858424 0.2219288 0.9775452 0.2261655 0.9242583 0.2206035 0.9327955 0.1742878 0.9334944 0.2261655 0.9242583 0.168011 0.9251358 0.1742878 0.9334944 0.1713886 0.9873218 0.1767445 0.9787262 0.1812716 0.9785383 0.2312144 0.9856886 0.1759156 0.987134 0.2251538 0.9773914 0.2294324 0.9255212 0.2312144 0.9856886 0.1788925 0.9347372 0.2294324 0.9255212 0.2238705 0.9340584 0.1788925 0.9347372 0.1759156 0.987134 0.1726157 0.9263786 0.08285093 0.9339695 0.1238532 0.9320032 0.12283 0.9865197 0.08150947 0.9849559 0.1228699 0.9865253 0.1238352 0.9323222 0.04760563 0.9872853 0.05010116 0.9306517 0.08285093 0.9339695 0.04813671 0.9884421 0.0819627 0.9865189 0.08319896 0.9313331 0.05075937 0.929768 0.08298963 0.9311465 0.08175998 0.9857578 0.0501511 0.9297704 0.04762083 0.9872873 0.08150947 0.9849559 0.08319896 0.9313331 0.0819627 0.9865189 0.122546 0.9856343 0.08175998 0.9857578 0.08298963 0.9311465 0.1240007 0.9332248 0.2219288 0.9775452 0.1767445 0.9787262 0.1713886 0.9873218 0.2219288 0.9775452 0.2279893 0.9858424 0.2261655 0.9242583 0.1742878 0.9334944 0.2206035 0.9327955 0.2261655 0.9242583 0.1742878 0.9334944 0.168011 0.9251358 0.1713886 0.9873218 0.1812716 0.9785383 0.2251538 0.9773914 0.2312144 0.9856886 0.2251538 0.9773914 0.2238705 0.9340584 0.2294324 0.9255212 0.1788925 0.9347372 0.1726157 0.9263786 0.2294324 0.9255212 0.1788925 0.9347372 0.1812716 0.9785383 0.1759156 0.987134 0.8718312 0.866788 0.8718312 0.866788 0.8774572 0.866757 0.8774572 0.866757 0.8774572 0.866757 0.8718312 0.866788 0.2710893 0.4696143 0.2800782 0.3856542 0.2972474 0.4695076 0.2972474 0.4695076 0.2821721 0.4431552 0.2710893 0.4696143 0.2972474 0.4695076 0.2806662 0.3859419 0.2690657 0.3864254 0.2690657 0.3864254 0.2821721 0.4431552 0.2972474 0.4695076 0.2690657 0.3864254 0.2569787 0.3853995 0.2710893 0.4696143 0.2710893 0.4696143 0.2821721 0.4431552 0.2690657 0.3864254 0.241108 0.4687222 0.2565469 0.385128 0.2685573 0.386264 0.2685573 0.386264 0.2619154 0.4414581 0.241108 0.4687222 0.2685573 0.386264 0.2800782 0.3856542 0.2710893 0.4696143 0.2710893 0.4696143 0.2619154 0.4414581 0.2685573 0.386264 0.2710893 0.4696143 0.2569787 0.3853995 0.241108 0.4687222 0.241108 0.4687222 0.2619154 0.4414581 0.2710893 0.4696143 0.2710893 0.4696143 0.2821721 0.4431552 0.2972474 0.4695076 0.2972474 0.4695076 0.2800782 0.3856542 0.2710893 0.4696143 0.2972474 0.4695076 0.2821721 0.4431552 0.2690657 0.3864254 0.2690657 0.3864254 0.2806662 0.3859419 0.2972474 0.4695076 0.2690657 0.3864254 0.2821721 0.4431552 0.2710893 0.4696143 0.2710893 0.4696143 0.2569787 0.3853995 0.2690657 0.3864254 0.241108 0.4687222 0.2619154 0.4414581 0.2685573 0.386264 0.2685573 0.386264 0.2565469 0.385128 0.241108 0.4687222 0.2685573 0.386264 0.2619154 0.4414581 0.2710893 0.4696143 0.2710893 0.4696143 0.2800782 0.3856542 0.2685573 0.386264 0.2710893 0.4696143 0.2619154 0.4414581 0.241108 0.4687222 0.241108 0.4687222 0.2569787 0.3853995 0.2710893 0.4696143 0.1025623 0.9810965 0.102222 0.980924 0.1157278 0.9543603 0.1025623 0.9810965 0.1157278 0.9543603 0.1163547 0.9538382 0.5356992 0.9359105 0.5360232 0.9360414 0.5257814 0.9613148 0.5356992 0.9359105 0.5257814 0.9613148 0.5252506 0.9618397 0.2247702 0.9430819 0.2220914 0.9499436 0.2248578 0.9431172 0.2247702 0.9430819 0.2219481 0.9500855 0.2220914 0.9499436 0.5356992 0.9359105 0.2248578 0.9431172 0.5360232 0.9360414 0.5252506 0.9618397 0.2220914 0.9499436 0.2219481 0.9500855 0.5257814 0.9613148 0.2248578 0.9431172 0.2220914 0.9499436 0.5252506 0.9618397 0.2247702 0.9430819 0.5356992 0.9359105 0.5259299 0.9381103 0.5262538 0.9382411 0.5160121 0.9635148 0.5259299 0.9381103 0.5160121 0.9635148 0.5154813 0.9640396 0.2322003 0.9414086 0.2295216 0.9482704 0.232288 0.941444 0.2322003 0.9414086 0.2293781 0.9484124 0.2295216 0.9482704 0.5262538 0.9382411 0.2322003 0.9414086 0.232288 0.941444 0.5160121 0.9635148 0.2293781 0.9484124 0.5154813 0.9640396 0.5160121 0.9635148 0.232288 0.941444 0.2295216 0.9482704 0.5154813 0.9640396 0.2322003 0.9414086 0.5259299 0.9381103 0.5355557 0.9455319 0.5358431 0.9457305 0.5203316 0.9681585 0.5355557 0.9455319 0.5203316 0.9681585 0.5196991 0.9685552 0.2188225 0.9385365 0.2147104 0.9446484 0.2189006 0.9385906 0.2188225 0.9385365 0.2145398 0.9447556 0.2147104 0.9446484 0.5355557 0.9455319 0.2189006 0.9385906 0.5358431 0.9457305 0.5196991 0.9685552 0.2147104 0.9446484 0.2145398 0.9447556 0.5203316 0.9681585 0.2189006 0.9385906 0.2147104 0.9446484 0.5196991 0.9685552 0.2188225 0.9385365 0.5355557 0.9455319 0.5271498 0.9381656 0.527437 0.9383639 0.5119253 0.9607919 0.5271498 0.9381656 0.5119253 0.9607919 0.5112931 0.9611883 0.2264388 0.9385259 0.2223266 0.9446375 0.2265163 0.9385794 0.2264388 0.9385259 0.2221561 0.9447442 0.2223266 0.9446375 0.527437 0.9383639 0.2264388 0.9385259 0.2265163 0.9385794 0.5119253 0.9607919 0.2221561 0.9447442 0.5112931 0.9611883 0.5119253 0.9607919 0.2265163 0.9385794 0.2223266 0.9446375 0.5112931 0.9611883 0.2264388 0.9385259 0.5271498 0.9381656 0.5356992 0.9359105 0.2247702 0.9430819 0.2248578 0.9431172 0.5252506 0.9618397 0.5257814 0.9613148 0.2220914 0.9499436 0.5257814 0.9613148 0.5360232 0.9360414 0.2248578 0.9431172 0.5252506 0.9618397 0.2219481 0.9500855 0.2247702 0.9430819 0.5262538 0.9382411 0.5259299 0.9381103 0.2322003 0.9414086 0.5160121 0.9635148 0.2295216 0.9482704 0.2293781 0.9484124 0.5160121 0.9635148 0.5262538 0.9382411 0.232288 0.941444 0.5154813 0.9640396 0.2293781 0.9484124 0.2322003 0.9414086 0.5355557 0.9455319 0.2188225 0.9385365 0.2189006 0.9385906 0.5196991 0.9685552 0.5203316 0.9681585 0.2147104 0.9446484 0.5203316 0.9681585 0.5358431 0.9457305 0.2189006 0.9385906 0.5196991 0.9685552 0.2145398 0.9447556 0.2188225 0.9385365 0.527437 0.9383639 0.5271498 0.9381656 0.2264388 0.9385259 0.5119253 0.9607919 0.2223266 0.9446375 0.2221561 0.9447442 0.5119253 0.9607919 0.527437 0.9383639 0.2265163 0.9385794 0.5112931 0.9611883 0.2221561 0.9447442 0.2264388 0.9385259 0.8022901 0.9185459 0.5002959 0.5424509 0.4915629 0.9144517 0.4915629 0.9144517 0.5002959 0.5424509 0.8022901 0.9185459 0.8023973 0.9195162 0.4983652 0.5424368 0.5004401 0.5427349 0.05347472 0.4250304 0.2842043 0.4214723 0.05361086 0.3386126 0.5004401 0.5427349 0.4983652 0.5424368 0.8023973 0.9195162 0.05361086 0.3386126 0.2842043 0.4214723 0.05347472 0.4250304 0.05426687 0.4083216 0.2842066 0.4214661 0.2842082 0.4214705 0.05425184 0.4948619 0.2842066 0.4214661 0.05426687 0.4083216 0.2842082 0.4214705 0.2842066 0.4214661 0.05426687 0.4083216 0.05426687 0.4083216 0.2842066 0.4214661 0.05425184 0.4948619 0.05519413 0.4584887 0.2842065 0.4214623 0.2842097 0.4214649 0.4925994 0.9136007 0.4949735 0.5421184 0.8032637 0.9195298 0.2842097 0.4214649 0.2842065 0.4214623 0.05519413 0.4584887 0.8032637 0.9195298 0.4949735 0.5421184 0.4925994 0.9136007 0.5792841 0.9495823 0.5830658 0.9849487 0.5851407 0.9497067 0.5794275 0.9496041 0.5830655 0.9849607 0.5799507 0.9848927 0.1526739 0.9669857 0.5643571 0.966915 0.5643181 0.9710406 0.1488833 0.9716393 0.5717369 0.9640022 0.5726202 0.9699036 0.1428282 0.9534157 0.5643353 0.9669147 0.5643571 0.966915 0.580031 0.9498189 0.5811902 0.997021 0.5782061 0.9968188 0.1365545 0.9515073 0.5717055 0.9640043 0.5717369 0.9640022 0.1528615 0.9673497 0.5643181 0.9710406 0.5642986 0.971144 0.1528615 0.9673497 0.5643353 0.9669147 0.1427571 0.9534428 0.5865985 0.93218 0.5866229 0.932163 0.5910121 0.9384889 0.5865985 0.93218 0.5910121 0.9384889 0.5911018 0.9386622 0.1491041 0.9721739 0.5726202 0.9699036 0.5726161 0.9700537 0.1491041 0.9721739 0.5717055 0.9640043 0.1364487 0.9515412 0.5798887 0.9497906 0.581191 0.9970096 0.5857334 0.9501833 0.5889246 0.940916 0.5889413 0.9409406 0.5825613 0.9452509 0.5889246 0.940916 0.5825613 0.9452509 0.5823869 0.9453384 0.581191 0.9970096 0.5781316 0.9968041 0.5782061 0.9968188 0.581191 0.9970096 0.5782061 0.9968188 0.5811902 0.997021 0.580031 0.9498189 0.5781316 0.9968041 0.5798887 0.9497906 0.5857318 0.9502053 0.581191 0.9970096 0.5811902 0.997021 0.5830658 0.9849487 0.5799507 0.9848927 0.5830655 0.9849607 0.5830658 0.9849487 0.5798727 0.9848808 0.5799507 0.9848927 0.5851402 0.9497287 0.5830658 0.9849487 0.5830655 0.9849607 0.5794275 0.9496041 0.5798727 0.9848808 0.5792841 0.9495823 0.8022901 0.9185459 0.4915629 0.9144517 0.5002959 0.5424509 0.4915629 0.9144517 0.8022901 0.9185459 0.5002959 0.5424509 0.8023973 0.9195162 0.5004401 0.5427349 0.4983652 0.5424368 0.05353659 0.4261646 0.05368655 0.3404672 0.284205 0.4214715 0.5004401 0.5427349 0.8023973 0.9195162 0.4983652 0.5424368 0.05368655 0.3404672 0.05353659 0.4261646 0.284205 0.4214715 0.05431562 0.4094249 0.2842081 0.4214694 0.2842074 0.4214654 0.05437088 0.4968193 0.05431562 0.4094249 0.2842074 0.4214654 0.2842081 0.4214694 0.05431562 0.4094249 0.2842074 0.4214654 0.05431562 0.4094249 0.05437088 0.4968193 0.2842074 0.4214654 0.05528956 0.4603889 0.2842096 0.4214637 0.2842073 0.4214616 0.4925994 0.9136007 0.8032637 0.9195298 0.4949735 0.5421184 0.2842096 0.4214637 0.05528956 0.4603889 0.2842073 0.4214616 0.8032637 0.9195298 0.4925994 0.9136007 0.4949735 0.5421184 0.5792841 0.9495823 0.5798727 0.9848808 0.5830658 0.9849487 0.5794275 0.9496041 0.5851402 0.9497287 0.5830655 0.9849607 0.1526739 0.9669857 0.1428282 0.9534157 0.5643571 0.966915 0.1488833 0.9716393 0.1365545 0.9515073 0.5717369 0.9640022 0.1428282 0.9534157 0.1427571 0.9534428 0.5643353 0.9669147 0.580031 0.9498189 0.5857318 0.9502053 0.5811902 0.997021 0.1365545 0.9515073 0.1364487 0.9515412 0.5717055 0.9640043 0.1528615 0.9673497 0.1526739 0.9669857 0.5643181 0.9710406 0.1528615 0.9673497 0.5642986 0.971144 0.5643353 0.9669147 0.1491041 0.9721739 0.1488833 0.9716393 0.5726202 0.9699036 0.1491041 0.9721739 0.5726161 0.9700537 0.5717055 0.9640043 0.5798887 0.9497906 0.5781316 0.9968041 0.581191 0.9970096 0.580031 0.9498189 0.5782061 0.9968188 0.5781316 0.9968041 0.5857318 0.9502053 0.5857334 0.9501833 0.581191 0.9970096 0.5851402 0.9497287 0.5851407 0.9497067 0.5830658 0.9849487 0.5794275 0.9496041 0.5799507 0.9848927 0.5798727 0.9848808 0.8022901 0.9185459 0.5002959 0.5424509 0.4915629 0.9144517 0.4915629 0.9144517 0.5002959 0.5424509 0.8022901 0.9185459 0.05282855 0.3441764 0.2842037 0.4214716 0.2842 0.4214783 0.05306547 0.4269811 0.2842037 0.4214716 0.05282855 0.3441764 0.2842 0.4214783 0.2842037 0.4214716 0.05282855 0.3441764 0.05282855 0.3441764 0.2842037 0.4214716 0.05306547 0.4269811 0.05379968 0.4046369 0.2842076 0.421464 0.2842063 0.4214686 0.05427914 0.4885919 0.2842076 0.421464 0.05379968 0.4046369 0.2842063 0.4214686 0.2842076 0.421464 0.05379968 0.4046369 0.05379968 0.4046369 0.2842076 0.421464 0.05427914 0.4885919 0.0542913 0.4877567 0.2842083 0.4214591 0.2842091 0.4214615 0.4925994 0.9136007 0.4949735 0.5421184 0.8032637 0.9195298 0.2842091 0.4214615 0.2842083 0.4214591 0.0542913 0.4877567 0.8032637 0.9195298 0.4949735 0.5421184 0.4925994 0.9136007 0.5792841 0.9495823 0.5830658 0.9849487 0.5851407 0.9497067 0.5794275 0.9496041 0.5830655 0.9849607 0.5799507 0.9848927 0.1526739 0.9669857 0.5643571 0.966915 0.5643181 0.9710406 0.1488833 0.9716393 0.5717369 0.9640022 0.5726202 0.9699036 0.1428282 0.9534157 0.5643353 0.9669147 0.5643571 0.966915 0.580031 0.9498189 0.5811902 0.997021 0.5782061 0.9968188 0.1365545 0.9515073 0.5717055 0.9640043 0.5717369 0.9640022 0.1528615 0.9673497 0.5643181 0.9710406 0.5642986 0.971144 0.1528615 0.9673497 0.5643353 0.9669147 0.1427571 0.9534428 0.5865985 0.93218 0.5866229 0.932163 0.5910121 0.9384889 0.5865985 0.93218 0.5910121 0.9384889 0.5911018 0.9386622 0.1491041 0.9721739 0.5726202 0.9699036 0.5726161 0.9700537 0.1491041 0.9721739 0.5717055 0.9640043 0.1364487 0.9515412 0.5798887 0.9497906 0.581191 0.9970096 0.5857334 0.9501833 0.5889246 0.940916 0.5889413 0.9409406 0.5825613 0.9452509 0.5889246 0.940916 0.5825613 0.9452509 0.5823869 0.9453384 0.581191 0.9970096 0.5781316 0.9968041 0.5782061 0.9968188 0.581191 0.9970096 0.5782061 0.9968188 0.5811902 0.997021 0.580031 0.9498189 0.5781316 0.9968041 0.5798887 0.9497906 0.5857318 0.9502053 0.581191 0.9970096 0.5811902 0.997021 0.5830658 0.9849487 0.5799507 0.9848927 0.5830655 0.9849607 0.5830658 0.9849487 0.5798727 0.9848808 0.5799507 0.9848927 0.5851402 0.9497287 0.5830658 0.9849487 0.5830655 0.9849607 0.5794275 0.9496041 0.5798727 0.9848808 0.5792841 0.9495823 0.8022901 0.9185459 0.4915629 0.9144517 0.5002959 0.5424509 0.4915629 0.9144517 0.8022901 0.9185459 0.5002959 0.5424509 0.05282092 0.3442113 0.2842024 0.421478 0.284205 0.4214709 0.05282902 0.4279501 0.05282092 0.3442113 0.284205 0.4214709 0.2842024 0.421478 0.05282092 0.3442113 0.284205 0.4214709 0.05282092 0.3442113 0.05282902 0.4279501 0.284205 0.4214709 0.05358123 0.4056228 0.2842087 0.4214685 0.2842089 0.4214633 0.05427193 0.4886199 0.05358123 0.4056228 0.2842089 0.4214633 0.2842087 0.4214685 0.05358123 0.4056228 0.2842089 0.4214633 0.05358123 0.4056228 0.05427193 0.4886199 0.2842089 0.4214633 0.05428463 0.4877855 0.2842115 0.4214614 0.2842096 0.4214583 0.4925994 0.9136007 0.8032637 0.9195298 0.4949735 0.5421184 0.2842115 0.4214614 0.05428463 0.4877855 0.2842096 0.4214583 0.8032637 0.9195298 0.4925994 0.9136007 0.4949735 0.5421184 0.5792841 0.9495823 0.5798727 0.9848808 0.5830658 0.9849487 0.5794275 0.9496041 0.5851402 0.9497287 0.5830655 0.9849607 0.1526739 0.9669857 0.1428282 0.9534157 0.5643571 0.966915 0.1488833 0.9716393 0.1365545 0.9515073 0.5717369 0.9640022 0.1428282 0.9534157 0.1427571 0.9534428 0.5643353 0.9669147 0.580031 0.9498189 0.5857318 0.9502053 0.5811902 0.997021 0.1365545 0.9515073 0.1364487 0.9515412 0.5717055 0.9640043 0.1528615 0.9673497 0.1526739 0.9669857 0.5643181 0.9710406 0.1528615 0.9673497 0.5642986 0.971144 0.5643353 0.9669147 0.1491041 0.9721739 0.1488833 0.9716393 0.5726202 0.9699036 0.1491041 0.9721739 0.5726161 0.9700537 0.5717055 0.9640043 0.5798887 0.9497906 0.5781316 0.9968041 0.581191 0.9970096 0.580031 0.9498189 0.5782061 0.9968188 0.5781316 0.9968041 0.5857318 0.9502053 0.5857334 0.9501833 0.581191 0.9970096 0.5851402 0.9497287 0.5851407 0.9497067 0.5830658 0.9849487 0.5794275 0.9496041 0.5799507 0.9848927 0.5798727 0.9848808 0.5605847 0.9703491 0.1588006 0.971113 0.1633493 0.9653857 0.7108108 0.7316557 0.6911236 0.9066249 0.785327 0.769921 0.1633493 0.9653857 0.1588006 0.971113 0.5605847 0.9703491 0.785327 0.769921 0.6911236 0.9066249 0.7108108 0.7316557 0.8023973 0.9195162 0.4983652 0.5424368 0.5004401 0.5427349 0.05351531 0.4079802 0.2841903 0.421492 0.05466932 0.4940474 0.5004401 0.5427349 0.4983652 0.5424368 0.8023973 0.9195162 0.05466932 0.4940474 0.2841903 0.421492 0.05351531 0.4079802 0.4919091 0.9188592 0.4966012 0.542603 0.4985183 0.543345 0.05404132 0.3433645 0.2841934 0.421491 0.05488073 0.4299929 0.4985183 0.543345 0.4966012 0.542603 0.4919091 0.9188592 0.05488073 0.4299929 0.2841934 0.421491 0.05404132 0.3433645 0.8032637 0.9195298 0.4949735 0.5421184 0.4966349 0.5432262 0.4925994 0.9136007 0.4949735 0.5421184 0.8032637 0.9195298 0.4966349 0.5432262 0.4949735 0.5421184 0.8032637 0.9195298 0.8032637 0.9195298 0.4949735 0.5421184 0.4925994 0.9136007 0.5792841 0.9495823 0.5830658 0.9849487 0.5851407 0.9497067 0.5794275 0.9496041 0.5830655 0.9849607 0.5799507 0.9848927 0.1526739 0.9669857 0.5643571 0.966915 0.5643181 0.9710406 0.1488833 0.9716393 0.5717369 0.9640022 0.5726202 0.9699036 0.1428282 0.9534157 0.5643353 0.9669147 0.5643571 0.966915 0.580031 0.9498189 0.5811902 0.997021 0.5782061 0.9968188 0.1365545 0.9515073 0.5717055 0.9640043 0.5717369 0.9640022 0.1528615 0.9673497 0.5643181 0.9710406 0.5642986 0.971144 0.1528615 0.9673497 0.5643353 0.9669147 0.1427571 0.9534428 0.5865985 0.93218 0.5866229 0.932163 0.5910121 0.9384889 0.5865985 0.93218 0.5910121 0.9384889 0.5911018 0.9386622 0.1491041 0.9721739 0.5726202 0.9699036 0.5726161 0.9700537 0.1491041 0.9721739 0.5717055 0.9640043 0.1364487 0.9515412 0.5798887 0.9497906 0.581191 0.9970096 0.5857334 0.9501833 0.5889246 0.940916 0.5889413 0.9409406 0.5825613 0.9452509 0.5889246 0.940916 0.5825613 0.9452509 0.5823869 0.9453384 0.581191 0.9970096 0.5781316 0.9968041 0.5782061 0.9968188 0.581191 0.9970096 0.5782061 0.9968188 0.5811902 0.997021 0.580031 0.9498189 0.5781316 0.9968041 0.5798887 0.9497906 0.5857318 0.9502053 0.581191 0.9970096 0.5811902 0.997021 0.5830658 0.9849487 0.5799507 0.9848927 0.5830655 0.9849607 0.5830658 0.9849487 0.5798727 0.9848808 0.5799507 0.9848927 0.5851402 0.9497287 0.5830658 0.9849487 0.5830655 0.9849607 0.5794275 0.9496041 0.5798727 0.9848808 0.5792841 0.9495823 0.8022901 0.9185459 0.4915629 0.9144517 0.5002959 0.5424509 0.4915629 0.9144517 0.8022901 0.9185459 0.5002959 0.5424509 0.8023973 0.9195162 0.5004401 0.5427349 0.4983652 0.5424368 0.0534172 0.4089896 0.05450135 0.4952338 0.2841907 0.421491 0.5004401 0.5427349 0.8023973 0.9195162 0.4983652 0.5424368 0.05450135 0.4952338 0.0534172 0.4089896 0.2841907 0.421491 0.4919091 0.9188592 0.4985183 0.543345 0.4966012 0.542603 0.05387568 0.3453343 0.05478191 0.4307649 0.2841938 0.4214901 0.4985183 0.543345 0.4919091 0.9188592 0.4966012 0.542603 0.05478191 0.4307649 0.05387568 0.3453343 0.2841938 0.4214901 0.8032637 0.9195298 0.4966349 0.5432262 0.4949735 0.5421184 0.4925994 0.9136007 0.8032637 0.9195298 0.4949735 0.5421184 0.4966349 0.5432262 0.8032637 0.9195298 0.4949735 0.5421184 0.8032637 0.9195298 0.4925994 0.9136007 0.4949735 0.5421184 0.5792841 0.9495823 0.5798727 0.9848808 0.5830658 0.9849487 0.5794275 0.9496041 0.5851402 0.9497287 0.5830655 0.9849607 0.1526739 0.9669857 0.1428282 0.9534157 0.5643571 0.966915 0.1488833 0.9716393 0.1365545 0.9515073 0.5717369 0.9640022 0.1428282 0.9534157 0.1427571 0.9534428 0.5643353 0.9669147 0.580031 0.9498189 0.5857318 0.9502053 0.5811902 0.997021 0.1365545 0.9515073 0.1364487 0.9515412 0.5717055 0.9640043 0.1528615 0.9673497 0.1526739 0.9669857 0.5643181 0.9710406 0.1528615 0.9673497 0.5642986 0.971144 0.5643353 0.9669147 0.1491041 0.9721739 0.1488833 0.9716393 0.5726202 0.9699036 0.1491041 0.9721739 0.5726161 0.9700537 0.5717055 0.9640043 0.5798887 0.9497906 0.5781316 0.9968041 0.581191 0.9970096 0.580031 0.9498189 0.5782061 0.9968188 0.5781316 0.9968041 0.5857318 0.9502053 0.5857334 0.9501833 0.581191 0.9970096 0.5851402 0.9497287 0.5851407 0.9497067 0.5830658 0.9849487 0.5794275 0.9496041 0.5799507 0.9848927 0.5798727 0.9848808 0.8022901 0.9185459 0.5002959 0.5424509 0.4915629 0.9144517 0.4915629 0.9144517 0.5002959 0.5424509 0.8022901 0.9185459 0.8023973 0.9195162 0.4983652 0.5424368 0.5004401 0.5427349 0.05268454 0.4174152 0.2841902 0.4214929 0.05426543 0.4875852 0.5004401 0.5427349 0.4983652 0.5424368 0.8023973 0.9195162 0.05426543 0.4875852 0.2841902 0.4214929 0.05268454 0.4174152 0.4919091 0.9188592 0.4966012 0.542603 0.4985183 0.543345 0.05284583 0.3455155 0.2841939 0.4214922 0.05420774 0.4206083 0.4985183 0.543345 0.4966012 0.542603 0.4919091 0.9188592 0.05420774 0.4206083 0.2841939 0.4214922 0.05284583 0.3455155 0.8032637 0.9195298 0.4949735 0.5421184 0.4966349 0.5432262 0.4925994 0.9136007 0.4949735 0.5421184 0.8032637 0.9195298 0.4966349 0.5432262 0.4949735 0.5421184 0.8032637 0.9195298 0.8032637 0.9195298 0.4949735 0.5421184 0.4925994 0.9136007 0.5792841 0.9495823 0.5830658 0.9849487 0.5851407 0.9497067 0.5794275 0.9496041 0.5830655 0.9849607 0.5799507 0.9848927 0.1526739 0.9669857 0.5643571 0.966915 0.5643181 0.9710406 0.1488833 0.9716393 0.5717369 0.9640022 0.5726202 0.9699036 0.1428282 0.9534157 0.5643353 0.9669147 0.5643571 0.966915 0.580031 0.9498189 0.5811902 0.997021 0.5782061 0.9968188 0.1365545 0.9515073 0.5717055 0.9640043 0.5717369 0.9640022 0.1528615 0.9673497 0.5643181 0.9710406 0.5642986 0.971144 0.1528615 0.9673497 0.5643353 0.9669147 0.1427571 0.9534428 0.5865985 0.93218 0.5866229 0.932163 0.5910121 0.9384889 0.5865985 0.93218 0.5910121 0.9384889 0.5911018 0.9386622 0.1491041 0.9721739 0.5726202 0.9699036 0.5726161 0.9700537 0.1491041 0.9721739 0.5717055 0.9640043 0.1364487 0.9515412 0.5798887 0.9497906 0.581191 0.9970096 0.5857334 0.9501833 0.5889246 0.940916 0.5889413 0.9409406 0.5825613 0.9452509 0.5889246 0.940916 0.5825613 0.9452509 0.5823869 0.9453384 0.581191 0.9970096 0.5781316 0.9968041 0.5782061 0.9968188 0.581191 0.9970096 0.5782061 0.9968188 0.5811902 0.997021 0.580031 0.9498189 0.5781316 0.9968041 0.5798887 0.9497906 0.5857318 0.9502053 0.581191 0.9970096 0.5811902 0.997021 0.5830658 0.9849487 0.5799507 0.9848927 0.5830655 0.9849607 0.5830658 0.9849487 0.5798727 0.9848808 0.5799507 0.9848927 0.5851402 0.9497287 0.5830658 0.9849487 0.5830655 0.9849607 0.5794275 0.9496041 0.5798727 0.9848808 0.5792841 0.9495823 0.8022901 0.9185459 0.4915629 0.9144517 0.5002959 0.5424509 0.4915629 0.9144517 0.8022901 0.9185459 0.5002959 0.5424509 0.8023973 0.9195162 0.5004401 0.5427349 0.4983652 0.5424368 0.05254477 0.4159602 0.0542615 0.4875485 0.2841911 0.4214919 0.5004401 0.5427349 0.8023973 0.9195162 0.4983652 0.5424368 0.0542615 0.4875485 0.05254477 0.4159602 0.2841911 0.4214919 0.4919091 0.9188592 0.4985183 0.543345 0.4966012 0.542603 0.05284076 0.3454601 0.05407035 0.4193045 0.2841949 0.4214912 0.4985183 0.543345 0.4919091 0.9188592 0.4966012 0.542603 0.05407035 0.4193045 0.05284076 0.3454601 0.2841949 0.4214912 0.8032637 0.9195298 0.4966349 0.5432262 0.4949735 0.5421184 0.4925994 0.9136007 0.8032637 0.9195298 0.4949735 0.5421184 0.4966349 0.5432262 0.8032637 0.9195298 0.4949735 0.5421184 0.8032637 0.9195298 0.4925994 0.9136007 0.4949735 0.5421184 0.5792841 0.9495823 0.5798727 0.9848808 0.5830658 0.9849487 0.5794275 0.9496041 0.5851402 0.9497287 0.5830655 0.9849607 0.1526739 0.9669857 0.1428282 0.9534157 0.5643571 0.966915 0.1488833 0.9716393 0.1365545 0.9515073 0.5717369 0.9640022 0.1428282 0.9534157 0.1427571 0.9534428 0.5643353 0.9669147 0.580031 0.9498189 0.5857318 0.9502053 0.5811902 0.997021 0.1365545 0.9515073 0.1364487 0.9515412 0.5717055 0.9640043 0.1528615 0.9673497 0.1526739 0.9669857 0.5643181 0.9710406 0.1528615 0.9673497 0.5642986 0.971144 0.5643353 0.9669147 0.1491041 0.9721739 0.1488833 0.9716393 0.5726202 0.9699036 0.1491041 0.9721739 0.5726161 0.9700537 0.5717055 0.9640043 0.5798887 0.9497906 0.5781316 0.9968041 0.581191 0.9970096 0.580031 0.9498189 0.5782061 0.9968188 0.5781316 0.9968041 0.5857318 0.9502053 0.5857334 0.9501833 0.581191 0.9970096 0.5851402 0.9497287 0.5851407 0.9497067 0.5830658 0.9849487 0.5794275 0.9496041 0.5799507 0.9848927 0.5798727 0.9848808 0.2030177 0.3859828 0.03968983 0.4981332 0.2002855 0.4491925 0.0406087 0.3396335 0.03968983 0.4981332 0.2030177 0.3859828 0.2002855 0.4493252 0.2030177 0.3860139 0.03968983 0.4982694 0.2030177 0.3860139 0.0406087 0.3396664 0.03968983 0.4982694 0.6233323 0.9871164 0.6224738 0.9701129 0.6232401 0.9870699 0.6233323 0.9871164 0.6226432 0.969972 0.6224738 0.9701129 0.102222 0.980924 0.6233323 0.9871164 0.6232401 0.9870699 0.1163547 0.9538382 0.6224738 0.9701129 0.6226432 0.969972 0.1157278 0.9543603 0.6232401 0.9870699 0.6224738 0.9701129 0.1163547 0.9538382 0.6233323 0.9871164 0.1025623 0.9810965 0.2030177 0.3859872 0.2002855 0.4492114 0.03971201 0.4981495 0.0406087 0.3396381 0.2030177 0.3859872 0.03971201 0.4981495 0.2002855 0.4492114 0.2030177 0.3859872 0.03971201 0.4981495 0.2030177 0.3859872 0.0406087 0.3396381 0.03971201 0.4981495 0.102222 0.980924 0.1025623 0.9810965 0.6233323 0.9871164 0.1163547 0.9538382 0.1157278 0.9543603 0.6224738 0.9701129 0.1157278 0.9543603 0.102222 0.980924 0.6232401 0.9870699 0.1163547 0.9538382 0.6226432 0.969972 0.6233323 0.9871164 0.5198665 0.6820974 0.5062539 0.8870666 0.588598 0.743961 0.588598 0.743961 0.5062539 0.8870666 0.7480775 0.8409022 0.6237751 0.9870068 0.622718 0.9701145 0.6236845 0.9869626 0.6237751 0.9870068 0.6228815 0.9699742 0.622718 0.9701145 0.1218907 0.982387 0.6237751 0.9870068 0.6236845 0.9869626 0.1346574 0.9562252 0.6228815 0.9699742 0.1352614 0.9557054 0.1346574 0.9562252 0.6236845 0.9869626 0.622718 0.9701145 0.1352614 0.9557054 0.6237751 0.9870068 0.1222258 0.9825502 0.5198665 0.6820974 0.588598 0.743961 0.5062539 0.8870666 0.588598 0.743961 0.7480775 0.8409022 0.5062539 0.8870666 0.1218907 0.982387 0.1222258 0.9825502 0.6237751 0.9870068 0.1346574 0.9562252 0.622718 0.9701145 0.6228815 0.9699742 0.1346574 0.9562252 0.1218907 0.982387 0.6236845 0.9869626 0.1352614 0.9557054 0.6228815 0.9699742 0.6237751 0.9870068 0.6259589 0.9754219 0.6260212 0.9512298 0.6254528 0.9745619 0.6259589 0.9754219 0.6262596 0.9509033 0.6260212 0.9512298 0.1895729 0.962388 0.6263331 0.9515091 0.6260823 0.9518528 0.1891516 0.9731534 0.6261089 0.9773845 0.1897651 0.9741958 0.6259589 0.9754219 0.1902442 0.9614683 0.6262596 0.9509033 0.6254528 0.9745619 0.1897651 0.9741958 0.6259589 0.9754219 0.6260212 0.9512298 0.1902442 0.9614683 0.1895729 0.962388 0.6254528 0.9745619 0.1895729 0.962388 0.1891516 0.9731534 0.6261089 0.9773845 0.6255763 0.9764792 0.6260823 0.9518528 0.6261089 0.9773845 0.6260823 0.9518528 0.6263331 0.9515091 0.1895729 0.962388 0.6255763 0.9764792 0.1891516 0.9731534 0.1902442 0.9614683 0.6261089 0.9773845 0.6263331 0.9515091 0.1895729 0.962388 0.1902442 0.9614683 0.6263331 0.9515091 0.1891516 0.9731534 0.6255763 0.9764792 0.6261089 0.9773845 0.6259589 0.9754219 0.1897651 0.9741958 0.1902442 0.9614683 0.6254528 0.9745619 0.1891516 0.9731534 0.1897651 0.9741958 0.6260212 0.9512298 0.6262596 0.9509033 0.1902442 0.9614683 0.6254528 0.9745619 0.6260212 0.9512298 0.1895729 0.962388 0.1895729 0.962388 0.6260823 0.9518528 0.6255763 0.9764792 0.1902442 0.9614683 0.1897651 0.9741958 0.6261089 0.9773845 0.6184769 0.7471129 0.6175696 0.9186073 0.5107831 0.7804376 0.5107831 0.7804376 0.5615441 0.7190944 0.6184769 0.7471129 0.5107831 0.7804376 0.4987919 0.6204841 0.5186748 0.5586222 0.5186748 0.5586222 0.5615441 0.7190944 0.5107831 0.7804376 0.5186748 0.5586222 0.589185 0.5814194 0.6184769 0.7471129 0.6184769 0.7471129 0.5615441 0.7190944 0.5186748 0.5586222 0.7362651 0.6986759 0.7865461 0.8460354 0.6903884 0.8657926 0.6903884 0.8657926 0.672447 0.766641 0.7362651 0.6986759 0.6903884 0.8657926 0.6175696 0.9186073 0.6184769 0.7471129 0.6184769 0.7471129 0.672447 0.766641 0.6903884 0.8657926 0.6184769 0.7471129 0.589185 0.5814194 0.7362651 0.6986759 0.7362651 0.6986759 0.672447 0.766641 0.6184769 0.7471129 0.6184769 0.7471129 0.5615441 0.7190944 0.5107831 0.7804376 0.5107831 0.7804376 0.6175696 0.9186073 0.6184769 0.7471129 0.5107831 0.7804376 0.5615441 0.7190944 0.5186748 0.5586222 0.5186748 0.5586222 0.4987919 0.6204841 0.5107831 0.7804376 0.5186748 0.5586222 0.5615441 0.7190944 0.6184769 0.7471129 0.6184769 0.7471129 0.589185 0.5814194 0.5186748 0.5586222 0.7362651 0.6986759 0.672447 0.766641 0.6903884 0.8657926 0.6903884 0.8657926 0.7865461 0.8460354 0.7362651 0.6986759 0.6903884 0.8657926 0.672447 0.766641 0.6184769 0.7471129 0.6184769 0.7471129 0.6175696 0.9186073 0.6903884 0.8657926 0.6184769 0.7471129 0.672447 0.766641 0.7362651 0.6986759 0.7362651 0.6986759 0.589185 0.5814194 0.6184769 0.7471129 0.6293782 0.7400174 0.7907583 0.8438318 0.7262901 0.6878899 0.7262901 0.6878899 0.6384689 0.6844149 0.6293782 0.7400174 0.7262901 0.6878899 0.5870495 0.5789878 0.5184801 0.5543859 0.5184801 0.5543859 0.6384689 0.6844149 0.7262901 0.6878899 0.5184801 0.5543859 0.495758 0.6164565 0.6293782 0.7400174 0.6293782 0.7400174 0.6384689 0.6844149 0.5184801 0.5543859 0.5123113 0.7896632 0.6199124 0.9130588 0.6978827 0.8601515 0.6978827 0.8601515 0.6142666 0.7884047 0.5123113 0.7896632 0.6978827 0.8601515 0.7907583 0.8438318 0.6293782 0.7400174 0.6293782 0.7400174 0.6142666 0.7884047 0.6978827 0.8601515 0.6293782 0.7400174 0.495758 0.6164565 0.5123113 0.7896632 0.5123113 0.7896632 0.6142666 0.7884047 0.6293782 0.7400174 0.6293782 0.7400174 0.6384689 0.6844149 0.7262901 0.6878899 0.7262901 0.6878899 0.7907583 0.8438318 0.6293782 0.7400174 0.7262901 0.6878899 0.6384689 0.6844149 0.5184801 0.5543859 0.5184801 0.5543859 0.5870495 0.5789878 0.7262901 0.6878899 0.5184801 0.5543859 0.6384689 0.6844149 0.6293782 0.7400174 0.6293782 0.7400174 0.495758 0.6164565 0.5184801 0.5543859 0.5123113 0.7896632 0.6142666 0.7884047 0.6978827 0.8601515 0.6978827 0.8601515 0.6199124 0.9130588 0.5123113 0.7896632 0.6978827 0.8601515 0.6142666 0.7884047 0.6293782 0.7400174 0.6293782 0.7400174 0.7907583 0.8438318 0.6978827 0.8601515 0.6293782 0.7400174 0.6142666 0.7884047 0.5123113 0.7896632 0.5123113 0.7896632 0.495758 0.6164565 0.6293782 0.7400174 0.2030177 0.3855429 0.03968983 0.4965638 0.2002855 0.44726 0.0406087 0.3391376 0.03968983 0.4965638 0.2030177 0.3855429 0.2002855 0.4471163 0.2030177 0.3855091 0.03968983 0.4964161 0.2030177 0.3855091 0.0406087 0.3391018 0.03968983 0.4964161 0.6233323 0.9871164 0.6224738 0.9701129 0.6232401 0.9870699 0.6233323 0.9871164 0.6226432 0.969972 0.6224738 0.9701129 0.102222 0.980924 0.6233323 0.9871164 0.6232401 0.9870699 0.1163547 0.9538382 0.6224738 0.9701129 0.6226432 0.969972 0.1157278 0.9543603 0.6232401 0.9870699 0.6224738 0.9701129 0.1163547 0.9538382 0.6233323 0.9871164 0.1025623 0.9810965 0.2030177 0.3855733 0.2002855 0.4473902 0.03971201 0.4966947 0.0406087 0.3391699 0.2030177 0.3855733 0.03971201 0.4966947 0.2002855 0.4473902 0.2030177 0.3855733 0.03971201 0.4966947 0.2030177 0.3855733 0.0406087 0.3391699 0.03971201 0.4966947 0.102222 0.980924 0.1025623 0.9810965 0.6233323 0.9871164 0.1163547 0.9538382 0.1157278 0.9543603 0.6224738 0.9701129 0.1157278 0.9543603 0.102222 0.980924 0.6232401 0.9870699 0.1163547 0.9538382 0.6226432 0.969972 0.6233323 0.9871164 0.9186806 0.57367 0.9290701 0.5783278 0.9182794 0.553658 0.2259696 0.1114229 0.2309474 0.135885 0.1917487 0.111142 0.9548439 0.2929134 0.9061696 0.3025581 0.9059308 0.2667012 0.1917383 0.1111338 0.2309226 0.1358729 0.22592 0.1113986 0.22592 0.1113986 0.2309226 0.1358729 0.2793179 0.1464899 0.8982912 0.5536429 0.8874702 0.5782921 0.8978807 0.5736543 0.9032933 0.553658 0.8978807 0.5736543 0.9186806 0.57367 0.7630349 0.1293653 0.7630257 0.1293591 0.7632806 0.11121 0.7630257 0.1293591 0.7631437 0.1202784 0.7632806 0.11121 0.7631437 0.1202784 0.7632713 0.1112039 0.7632806 0.11121 0.8751201 0.6168354 0.8599634 0.7010579 0.8840929 0.7011308 0.2259696 0.1114229 0.279422 0.09928107 0.2793526 0.1465167 0.8978807 0.5736543 0.8874702 0.5782921 0.8751201 0.6168354 0.9186806 0.57367 0.9248127 0.6169105 0.9413547 0.6168854 0.620655 0.1065964 0.6208056 0.1292226 0.5828732 0.1361652 0.8978807 0.5736543 0.8916955 0.6168854 0.9248127 0.6169105 0.9323031 0.7011672 0.8840929 0.7011308 0.8847433 0.8190572 0.819414 0.2657082 0.8196468 0.3001675 0.7320709 0.308604 0.9248127 0.6169105 0.9323031 0.7011672 0.9563839 0.7011308 0.9248127 0.6169105 0.8916955 0.6168854 0.8840929 0.7011308 0.2793526 0.09922742 0.2793179 0.1464899 0.3960595 0.1572674 0.279422 0.09928107 0.3962112 0.09944623 0.3961101 0.1573065 0.8847433 0.8190572 0.8613549 0.8189864 0.890548 0.9551305 0.3961101 0.09936815 0.3960595 0.1572674 0.5595455 0.1557043 0.3961101 0.1573065 0.3962112 0.09944623 0.5596925 0.0996592 0.8599634 0.7010579 0.8613549 0.8189864 0.8847433 0.8190572 0.435022 0.0751664 0.4449362 0.1078905 0.4448987 0.1078655 0.9323031 0.7011672 0.9314726 0.8190925 0.9548137 0.8190572 0.748331 0.09985446 0.7483127 0.1282809 0.7670151 0.1101149 0.8623226 0.4846215 0.6882641 0.4671036 0.6881136 0.4448334 0.9548137 0.8190572 0.9314726 0.8190925 0.9167066 0.9551702 0.8847433 0.8190572 0.8992734 0.955157 0.9167066 0.9551702 0.5595455 0.1557043 0.7483127 0.1282809 0.748331 0.09985446 0.5595945 0.1557422 0.5596925 0.0996592 0.7483676 0.09988272 0.2492116 0.1083417 0.2491031 0.116075 0.2490024 0.1238138 0.2490024 0.1238138 0.2490103 0.123819 0.249119 0.1160856 0.249119 0.1160856 0.2492196 0.1083469 0.2492116 0.1083417 0.2657898 0.1162062 0.2491031 0.116075 0.2492116 0.1083417 0.8992734 0.955157 0.890548 0.9551305 0.8994539 0.9686147 0.2874364 0.1131194 0.2875646 0.1320834 0.2728601 0.1273379 0.9254145 0.9551569 0.9167066 0.9551702 0.9122338 0.968634 0.9167066 0.9551702 0.8992734 0.955157 0.9037168 0.9686276 0.571042 0.1077612 0.5710033 0.1077354 0.4448987 0.1078655 0.4349785 0.07513737 0.4448987 0.1078655 0.5710033 0.1077354 0.5811226 0.07501655 0.5810778 0.07498657 0.5710033 0.1077354 0.435022 0.0751664 0.5811226 0.07501655 0.571042 0.1077612</float_array>
          <technique_common>
            <accessor source="#Cylinder-mesh-map-0-array" count="1776" stride="2">
              <param name="S" type="float"/>
              <param name="T" type="float"/>
            </accessor>
          </technique_common>
        </source>
        <vertices id="Cylinder-mesh-vertices">
          <input semantic="POSITION" source="#Cylinder-mesh-positions"/>
        </vertices>
        <triangles material="barge-material" count="592">
          <input semantic="VERTEX" source="#Cylinder-mesh-vertices" offset="0"/>
          <input semantic="NORMAL" source="#Cylinder-mesh-normals" offset="1"/>
          <input semantic="TEXCOORD" source="#Cylinder-mesh-map-0" offset="2" set="0"/>
          <p>7 0 0 14 0 1 3 0 2 17 1 3 26 1 4 13 1 5 22 2 6 42 2 7 33 2 8 31 3 9 52 3 10 46 3 11 50 4 12 86 4 13 93 4 14 45 5 15 62 5 16 54 5 17 58 6 18 6 6 19 2 6 20 36 7 21 47 7 22 55 7 23 95 8 24 135 8 25 98 8 26 18 9 27 82 9 28 30 9 29 61 10 30 97 10 31 99 10 32 9 11 33 70 11 34 20 11 35 40 12 36 80 12 37 90 12 38 63 13 39 74 13 40 4 13 41 107 14 42 178 14 43 148 14 44 88 15 45 115 15 46 126 15 47 78 16 48 104 16 49 68 16 50 72 17 51 138 17 52 109 17 53 94 18 54 123 18 55 132 18 56 71 19 57 120 19 58 84 19 59 174 20 60 206 20 61 211 20 62 128 21 63 160 21 64 168 21 65 119 22 66 144 22 67 157 22 68 131 23 69 173 23 70 134 23 71 165 24 72 263 24 73 155 24 74 111 25 75 145 25 76 106 25 77 209 26 78 233 26 79 236 26 80 153 27 81 202 27 82 163 27 83 141 28 84 192 28 85 185 28 86 177 29 87 190 29 88 147 29 89 162 30 90 205 30 91 170 30 92 158 31 93 186 31 94 197 31 95 220 32 96 240 32 97 227 32 98 183 33 99 231 33 100 196 33 101 213 34 102 238 34 103 242 34 104 201 35 105 226 35 106 234 35 107 182 36 108 224 36 109 218 36 110 187 37 111 244 37 112 222 37 113 247 38 114 260 38 115 256 38 116 151 39 117 251 39 118 113 39 119 125 40 120 254 40 121 246 40 122 166 41 123 249 41 124 258 41 125 340 42 126 328 42 127 272 42 128 341 43 129 283 43 130 329 43 131 293 44 132 355 44 133 303 44 134 301 45 135 370 45 136 309 45 137 333 46 138 290 46 139 302 46 140 342 47 141 288 47 142 275 47 143 336 48 144 296 48 145 268 48 146 345 49 147 298 49 148 308 49 149 318 50 150 321 50 151 349 50 152 317 51 153 348 51 154 325 51 155 287 52 156 367 52 157 310 52 158 295 53 159 358 53 160 364 53 161 273 54 162 277 54 163 335 54 164 270 55 165 266 55 166 339 55 167 281 56 168 264 56 169 344 56 170 284 57 171 279 57 172 331 57 173 351 58 174 359 58 175 312 58 176 319 59 177 360 59 178 353 59 179 323 60 180 362 60 181 316 60 182 326 61 183 313 61 184 371 61 185 292 62 186 311 62 187 354 62 188 300 63 189 365 63 190 369 63 191 334 64 192 276 64 193 291 64 194 343 65 195 307 65 196 289 65 197 337 66 198 305 66 199 297 66 200 346 67 201 269 67 202 299 67 203 286 68 204 306 68 205 366 68 206 294 69 207 304 69 208 356 69 209 274 70 210 330 70 211 278 70 212 271 71 213 332 71 214 267 71 215 282 72 216 338 72 217 265 72 218 285 73 219 347 73 220 280 73 221 350 74 222 322 74 223 357 74 224 320 75 225 315 75 226 361 75 227 324 76 228 368 76 229 363 76 230 327 77 231 352 77 232 314 77 233 373 78 234 374 78 235 376 78 236 375 79 237 377 79 238 372 79 239 385 80 240 381 80 241 392 80 242 393 81 243 409 81 244 387 81 245 394 82 246 380 82 247 397 82 248 398 83 249 410 83 250 395 83 251 399 84 252 378 84 253 389 84 254 384 85 255 408 85 256 396 85 257 401 86 258 383 86 259 406 86 260 405 87 261 411 87 262 400 87 263 404 88 264 382 88 265 386 88 266 391 89 267 413 89 268 407 89 269 390 90 270 379 90 271 403 90 272 402 91 273 412 91 274 388 91 275 424 92 276 445 92 277 430 92 278 431 93 279 418 93 280 426 93 281 428 94 282 444 94 283 433 94 284 434 95 285 416 95 286 429 95 287 435 96 288 446 96 289 427 96 290 422 97 291 415 97 292 432 97 293 439 98 294 449 98 295 442 98 296 441 99 297 419 99 298 438 99 299 440 100 300 447 100 301 420 100 302 425 101 303 417 101 304 443 101 305 423 102 306 448 102 307 437 102 308 436 103 309 414 103 310 421 103 311 454 104 312 453 104 313 451 104 314 455 105 315 452 105 316 450 105 317 471 106 318 468 106 319 464 106 320 472 107 321 465 107 322 458 107 323 483 108 324 481 108 325 489 108 326 482 109 327 475 109 328 480 109 329 470 110 330 491 110 331 467 110 332 457 111 333 479 111 334 474 111 335 461 112 336 487 112 337 477 112 338 459 113 339 485 113 340 473 113 341 507 114 342 505 114 343 500 114 344 508 115 345 501 115 346 493 115 347 518 116 348 516 116 349 526 116 350 519 117 351 512 117 352 517 117 353 503 118 354 520 118 355 527 118 356 498 119 357 510 119 358 492 119 359 496 120 360 524 120 361 514 120 362 495 121 363 523 121 364 509 121 365 544 122 366 540 122 367 537 122 368 543 123 369 536 123 370 530 123 371 555 124 372 553 124 373 561 124 374 554 125 375 547 125 376 552 125 377 541 126 378 562 126 379 539 126 380 529 127 381 551 127 382 546 127 383 534 128 384 560 128 385 549 128 386 531 129 387 557 129 388 545 129 389 579 130 390 577 130 391 572 130 392 580 131 393 573 131 394 565 131 395 591 132 396 589 132 397 598 132 398 590 133 399 584 133 400 588 133 401 575 134 402 592 134 403 599 134 404 571 135 405 583 135 406 564 135 407 568 136 408 596 136 409 586 136 410 567 137 411 595 137 412 581 137 413 469 138 414 484 138 415 490 138 416 456 139 417 463 139 418 478 139 419 462 140 420 466 140 421 488 140 422 460 141 423 476 141 424 486 141 425 504 142 426 506 142 427 521 142 428 499 143 429 515 143 430 511 143 431 497 144 432 502 144 433 525 144 434 494 145 435 513 145 436 522 145 437 542 146 438 556 146 439 563 146 440 528 147 441 535 147 442 550 147 443 533 148 444 538 148 445 559 148 446 532 149 447 548 149 448 558 149 449 576 150 450 578 150 451 593 150 452 570 151 453 587 151 454 582 151 455 569 152 456 574 152 457 597 152 458 566 153 459 585 153 460 594 153 461 602 154 462 600 154 463 601 154 464 604 155 465 603 155 466 605 155 467 609 156 468 607 156 469 610 156 470 611 157 471 606 157 472 608 157 473 616 158 474 612 158 475 614 158 476 615 159 477 613 159 478 617 159 479 621 160 480 619 160 481 622 160 482 623 161 483 618 161 484 620 161 485 628 162 486 624 162 487 626 162 488 627 163 489 625 163 490 629 163 491 632 164 492 630 164 493 634 164 494 635 165 495 631 165 496 633 165 497 640 166 498 637 166 499 639 166 500 638 167 501 636 167 502 641 167 503 705 168 504 753 168 505 692 168 506 701 169 507 760 169 508 751 169 509 719 170 510 645 170 511 700 170 512 684 171 513 652 171 514 664 171 515 713 172 516 694 172 517 642 172 518 665 173 519 738 173 520 729 173 521 678 174 522 659 174 523 650 174 524 725 175 525 697 175 526 706 175 527 722 176 528 691 176 529 708 176 530 711 177 531 714 177 532 717 177 533 710 178 534 716 178 535 723 178 536 689 179 537 661 179 538 670 179 539 687 180 540 656 180 541 674 180 542 668 181 543 731 181 544 654 181 545 673 182 546 676 182 547 681 182 548 672 183 549 680 183 550 685 183 551 734 184 552 743 184 553 727 184 554 735 185 555 728 185 556 737 185 557 663 186 558 742 186 559 671 186 560 649 187 561 733 187 562 736 187 563 757 188 564 750 188 565 759 188 566 756 189 567 747 189 568 749 189 569 644 190 570 755 190 571 758 190 572 699 191 573 746 191 574 707 191 575 764 192 576 763 192 577 762 192 578 766 193 579 767 193 580 765 193 581 770 194 582 772 194 583 768 194 584 773 195 585 771 195 586 769 195 587 778 196 588 777 196 589 775 196 590 776 197 591 779 197 592 774 197 593 782 198 594 784 198 595 780 198 596 785 199 597 783 199 598 781 199 599 790 200 600 789 200 601 787 200 602 788 201 603 791 201 604 786 201 605 794 202 606 796 202 607 792 202 608 797 203 609 795 203 610 793 203 611 802 204 612 801 204 613 799 204 614 800 205 615 803 205 616 798 205 617 704 206 618 744 206 619 752 206 620 702 207 621 647 207 622 761 207 623 720 208 624 715 208 625 646 208 626 683 209 627 679 209 628 651 209 629 712 210 630 709 210 631 693 210 632 666 211 633 653 211 634 739 211 635 677 212 636 675 212 637 658 212 638 724 213 639 718 213 640 696 213 641 721 214 642 703 214 643 690 214 644 688 215 645 682 215 646 660 215 647 686 216 648 669 216 649 655 216 650 667 217 651 740 217 652 730 217 653 662 218 654 726 218 655 741 218 656 648 219 657 657 219 658 732 219 659 643 220 660 695 220 661 754 220 662 698 221 663 748 221 664 745 221 665 806 222 666 804 222 667 805 222 668 808 223 669 807 223 670 809 223 671 812 224 672 810 224 673 814 224 674 815 225 675 811 225 676 813 225 677 820 226 678 817 226 679 819 226 680 818 227 681 816 227 682 821 227 683 824 228 684 822 228 685 826 228 686 827 229 687 823 229 688 825 229 689 832 230 690 829 230 691 831 230 692 830 231 693 828 231 694 833 231 695 836 232 696 834 232 697 838 232 698 839 233 699 835 233 700 837 233 701 844 234 702 841 234 703 843 234 704 842 235 705 840 235 706 845 235 707 907 236 708 956 236 709 894 236 710 904 237 711 964 237 712 955 237 713 924 238 714 851 238 715 906 238 716 887 239 717 856 239 718 870 239 719 918 240 720 899 240 721 848 240 722 869 241 723 943 241 724 933 241 725 881 242 726 862 242 727 852 242 728 928 243 729 903 243 730 911 243 731 925 244 732 895 244 733 912 244 734 914 245 735 916 245 736 922 245 737 913 246 738 921 246 739 929 246 740 892 247 741 867 247 742 875 247 743 889 248 744 858 248 745 876 248 746 872 249 747 934 249 748 860 249 749 879 250 750 882 250 751 886 250 752 878 251 753 885 251 754 893 251 755 936 252 756 945 252 757 930 252 758 937 253 759 931 253 760 940 253 761 865 254 762 947 254 763 874 254 764 854 255 765 939 255 766 941 255 767 959 256 768 953 256 769 962 256 770 958 257 771 949 257 772 952 257 773 846 258 774 960 258 775 963 258 776 900 259 777 950 259 778 910 259 779 968 260 780 967 260 781 966 260 782 970 261 783 971 261 784 969 261 785 975 262 786 976 262 787 973 262 788 977 263 789 974 263 790 972 263 791 982 264 792 980 264 793 978 264 794 981 265 795 983 265 796 979 265 797 987 266 798 988 266 799 985 266 800 989 267 801 986 267 802 984 267 803 994 268 804 992 268 805 990 268 806 993 269 807 995 269 808 991 269 809 999 270 810 1000 270 811 997 270 812 1001 271 813 998 271 814 996 271 815 1006 272 816 1004 272 817 1002 272 818 1005 273 819 1007 273 820 1003 273 821 908 274 822 948 274 823 957 274 824 905 275 825 849 275 826 965 275 827 923 276 828 919 276 829 850 276 830 888 277 831 883 277 832 857 277 833 917 278 834 915 278 835 898 278 836 868 279 837 855 279 838 942 279 839 880 280 840 877 280 841 861 280 842 927 281 843 920 281 844 902 281 845 926 282 846 909 282 847 896 282 848 891 283 849 884 283 850 866 283 851 890 284 852 871 284 853 859 284 854 873 285 855 944 285 856 935 285 857 864 286 858 932 286 859 946 286 860 853 287 861 863 287 862 938 287 863 847 288 864 897 288 865 961 288 866 901 289 867 954 289 868 951 289 869 1011 290 870 1009 290 871 1012 290 872 1013 291 873 1008 291 874 1010 291 875 1018 292 876 1014 292 877 1016 292 878 1017 293 879 1015 293 880 1019 293 881 1023 294 882 1021 294 883 1024 294 884 1025 295 885 1020 295 886 1022 295 887 1030 296 888 1026 296 889 1028 296 890 1029 297 891 1027 297 892 1031 297 893 1035 298 894 1033 298 895 1036 298 896 1037 299 897 1032 299 898 1034 299 899 1042 300 900 1038 300 901 1040 300 902 1041 301 903 1039 301 904 1043 301 905 1046 302 906 1044 302 907 1048 302 908 1049 303 909 1045 303 910 1047 303 911 1054 304 912 1051 304 913 1053 304 914 1052 305 915 1050 305 916 1055 305 917 1118 306 918 1166 306 919 1106 306 920 1115 307 921 1174 307 922 1165 307 923 1133 308 924 1059 308 925 1114 308 926 1098 309 927 1066 309 928 1078 309 929 1127 310 930 1108 310 931 1056 310 932 1079 311 933 1152 311 934 1143 311 935 1092 312 936 1073 312 937 1064 312 938 1139 313 939 1111 313 940 1120 313 941 1136 314 942 1105 314 943 1122 314 944 1124 315 945 1128 315 946 1130 315 947 1125 316 948 1131 316 949 1137 316 950 1103 317 951 1075 317 952 1084 317 953 1101 318 954 1070 318 955 1088 318 956 1082 319 957 1145 319 958 1068 319 959 1087 320 960 1090 320 961 1095 320 962 1086 321 963 1094 321 964 1099 321 965 1148 322 966 1157 322 967 1141 322 968 1149 323 969 1142 323 970 1151 323 971 1077 324 972 1156 324 973 1085 324 974 1063 325 975 1147 325 976 1150 325 977 1170 326 978 1163 326 979 1173 326 980 1171 327 981 1161 327 982 1164 327 983 1058 328 984 1169 328 985 1172 328 986 1113 329 987 1160 329 988 1121 329 989 1178 330 990 1177 330 991 1176 330 992 1180 331 993 1181 331 994 1179 331 995 1184 332 996 1186 332 997 1182 332 998 1187 333 999 1185 333 1000 1183 333 1001 1192 334 1002 1191 334 1003 1189 334 1004 1190 335 1005 1193 335 1006 1188 335 1007 1196 336 1008 1198 336 1009 1194 336 1010 1199 337 1011 1197 337 1012 1195 337 1013 1204 338 1014 1203 338 1015 1201 338 1016 1202 339 1017 1205 339 1018 1200 339 1019 1208 340 1020 1210 340 1021 1206 340 1022 1211 341 1023 1209 341 1024 1207 341 1025 1216 342 1026 1215 342 1027 1213 342 1028 1214 343 1029 1217 343 1030 1212 343 1031 1119 344 1032 1158 344 1033 1167 344 1034 1116 345 1035 1061 345 1036 1175 345 1037 1134 346 1038 1129 346 1039 1060 346 1040 1097 347 1041 1093 347 1042 1065 347 1043 1126 348 1044 1123 348 1045 1107 348 1046 1080 349 1047 1067 349 1048 1153 349 1049 1091 350 1050 1089 350 1051 1072 350 1052 1138 351 1053 1132 351 1054 1110 351 1055 1135 352 1056 1117 352 1057 1104 352 1058 1102 353 1059 1096 353 1060 1074 353 1061 1100 354 1062 1083 354 1063 1069 354 1064 1081 355 1065 1154 355 1066 1144 355 1067 1076 356 1068 1140 356 1069 1155 356 1070 1062 357 1071 1071 357 1072 1146 357 1073 1057 358 1074 1109 358 1075 1168 358 1076 1112 359 1077 1162 359 1078 1159 359 1079 1220 360 1080 1218 360 1081 1219 360 1082 1222 361 1083 1221 361 1084 1223 361 1085 1226 362 1086 1224 362 1087 1228 362 1088 1229 363 1089 1225 363 1090 1227 363 1091 1234 364 1092 1231 364 1093 1233 364 1094 1232 365 1095 1230 365 1096 1235 365 1097 1238 366 1098 1236 366 1099 1240 366 1100 1241 367 1101 1237 367 1102 1239 367 1103 1246 368 1104 1243 368 1105 1245 368 1106 1244 369 1107 1242 369 1108 1247 369 1109 1250 370 1110 1248 370 1111 1252 370 1112 1253 371 1113 1249 371 1114 1251 371 1115 1258 372 1116 1255 372 1117 1257 372 1118 1256 373 1119 1254 373 1120 1259 373 1121 1321 374 1122 1370 374 1123 1308 374 1124 1319 375 1125 1379 375 1126 1369 375 1127 1338 376 1128 1265 376 1129 1320 376 1130 1302 377 1131 1271 377 1132 1284 377 1133 1332 378 1134 1313 378 1135 1262 378 1136 1283 379 1137 1357 379 1138 1347 379 1139 1295 380 1140 1276 380 1141 1266 380 1142 1342 381 1143 1317 381 1144 1325 381 1145 1339 382 1146 1309 382 1147 1326 382 1148 1328 383 1149 1330 383 1150 1336 383 1151 1327 384 1152 1335 384 1153 1343 384 1154 1306 385 1155 1281 385 1156 1289 385 1157 1303 386 1158 1272 386 1159 1290 386 1160 1286 387 1161 1348 387 1162 1274 387 1163 1293 388 1164 1296 388 1165 1300 388 1166 1292 389 1167 1299 389 1168 1307 389 1169 1350 390 1170 1359 390 1171 1344 390 1172 1351 391 1173 1345 391 1174 1354 391 1175 1279 392 1176 1361 392 1177 1288 392 1178 1268 393 1179 1353 393 1180 1355 393 1181 1373 394 1182 1367 394 1183 1376 394 1184 1372 395 1185 1363 395 1186 1366 395 1187 1261 396 1188 1375 396 1189 1377 396 1190 1314 397 1191 1364 397 1192 1324 397 1193 1382 398 1194 1381 398 1195 1380 398 1196 1384 399 1197 1385 399 1198 1383 399 1199 1389 400 1200 1390 400 1201 1387 400 1202 1391 401 1203 1388 401 1204 1386 401 1205 1396 402 1206 1394 402 1207 1392 402 1208 1395 403 1209 1397 403 1210 1393 403 1211 1401 404 1212 1402 404 1213 1399 404 1214 1403 405 1215 1400 405 1216 1398 405 1217 1408 406 1218 1406 406 1219 1404 406 1220 1407 407 1221 1409 407 1222 1405 407 1223 1413 408 1224 1414 408 1225 1411 408 1226 1415 409 1227 1412 409 1228 1410 409 1229 1420 410 1230 1418 410 1231 1416 410 1232 1419 411 1233 1421 411 1234 1417 411 1235 1322 412 1236 1362 412 1237 1371 412 1238 1318 413 1239 1263 413 1240 1378 413 1241 1337 414 1242 1333 414 1243 1264 414 1244 1301 415 1245 1297 415 1246 1270 415 1247 1331 416 1248 1329 416 1249 1312 416 1250 1282 417 1251 1269 417 1252 1356 417 1253 1294 418 1254 1291 418 1255 1275 418 1256 1341 419 1257 1334 419 1258 1316 419 1259 1340 420 1260 1323 420 1261 1310 420 1262 1305 421 1263 1298 421 1264 1280 421 1265 1304 422 1266 1285 422 1267 1273 422 1268 1287 423 1269 1358 423 1270 1349 423 1271 1278 424 1272 1346 424 1273 1360 424 1274 1267 425 1275 1277 425 1276 1352 425 1277 1260 426 1278 1311 426 1279 1374 426 1280 1315 427 1281 1368 427 1282 1365 427 1283 1425 428 1284 1423 428 1285 1426 428 1286 1427 429 1287 1422 429 1288 1424 429 1289 1432 430 1290 1431 430 1291 1429 430 1292 1430 431 1293 1433 431 1294 1428 431 1295 1454 432 1296 1450 432 1297 1462 432 1298 1455 433 1299 1446 433 1300 1451 433 1301 1443 434 1302 1457 434 1303 1463 434 1304 1434 435 1305 1452 435 1306 1447 435 1307 1438 436 1308 1460 436 1309 1449 436 1310 1436 437 1311 1458 437 1312 1445 437 1313 1466 438 1314 1468 438 1315 1464 438 1316 1469 439 1317 1467 439 1318 1465 439 1319 1474 440 1320 1473 440 1321 1471 440 1322 1472 441 1323 1475 441 1324 1470 441 1325 1442 442 1326 1444 442 1327 1456 442 1328 1435 443 1329 1440 443 1330 1453 443 1331 1439 444 1332 1441 444 1333 1461 444 1334 1437 445 1335 1448 445 1336 1459 445 1337 1480 446 1338 1476 446 1339 1478 446 1340 1479 447 1341 1477 447 1342 1481 447 1343 1502 448 1344 1500 448 1345 1510 448 1346 1503 449 1347 1496 449 1348 1501 449 1349 1490 450 1350 1504 450 1351 1511 450 1352 1487 451 1353 1494 451 1354 1482 451 1355 1485 452 1356 1508 452 1357 1498 452 1358 1483 453 1359 1506 453 1360 1493 453 1361 1516 454 1362 1515 454 1363 1513 454 1364 1514 455 1365 1517 455 1366 1512 455 1367 1491 456 1368 1492 456 1369 1505 456 1370 1488 457 1371 1499 457 1372 1495 457 1373 1486 458 1374 1489 458 1375 1509 458 1376 1484 459 1377 1497 459 1378 1507 459 1379 1531 460 1380 1523 460 1381 1518 460 1382 1532 461 1383 1528 461 1384 1524 461 1385 1541 462 1386 1574 462 1387 1564 462 1388 1539 463 1389 1570 463 1390 1559 463 1391 1535 464 1392 1550 464 1393 1529 464 1394 1519 465 1395 1555 465 1396 1533 465 1397 1526 466 1398 1553 466 1399 1547 466 1400 1521 467 1401 1545 467 1402 1538 467 1403 1572 468 1404 1563 468 1405 1566 468 1406 1573 469 1407 1567 469 1408 1577 469 1409 1543 470 1410 1560 470 1411 1537 470 1412 1551 471 1413 1568 471 1414 1576 471 1415 1542 472 1416 1548 472 1417 1575 472 1418 1540 473 1419 1562 473 1420 1571 473 1421 1534 474 1422 1557 474 1423 1549 474 1424 1520 475 1425 1536 475 1426 1556 475 1427 1527 476 1428 1530 476 1429 1554 476 1430 1522 477 1431 1525 477 1432 1546 477 1433 1544 478 1434 1565 478 1435 1561 478 1436 1552 479 1437 1558 479 1438 1569 479 1439 1590 480 1440 1582 480 1441 1594 480 1442 1595 481 1443 1610 481 1444 1591 481 1445 1593 482 1446 1580 482 1447 1599 482 1448 1596 483 1449 1608 483 1450 1592 483 1451 1598 484 1452 1579 484 1453 1587 484 1454 1586 485 1455 1609 485 1456 1597 485 1457 1602 486 1458 1583 486 1459 1606 486 1460 1607 487 1461 1613 487 1462 1603 487 1463 1605 488 1464 1581 488 1465 1589 488 1466 1588 489 1467 1612 489 1468 1604 489 1469 1585 490 1470 1578 490 1471 1601 490 1472 1600 491 1473 1611 491 1474 1584 491 1475 1620 492 1476 1644 492 1477 1628 492 1478 1629 493 1479 1617 493 1480 1621 493 1481 1631 494 1482 1646 494 1483 1635 494 1484 1632 495 1485 1616 495 1486 1630 495 1487 1634 496 1488 1645 496 1489 1625 496 1490 1624 497 1491 1614 497 1492 1633 497 1493 1636 498 1494 1647 498 1495 1640 498 1496 1641 499 1497 1619 499 1498 1637 499 1499 1643 500 1500 1648 500 1501 1623 500 1502 1622 501 1503 1618 501 1504 1642 501 1505 1627 502 1506 1649 502 1507 1639 502 1508 1638 503 1509 1615 503 1510 1626 503 1511 1658 504 1512 1653 504 1513 1666 504 1514 1664 505 1515 1680 505 1516 1657 505 1517 1665 506 1518 1652 506 1519 1668 506 1520 1671 507 1521 1682 507 1522 1667 507 1523 1669 508 1524 1650 508 1525 1661 508 1526 1662 509 1527 1681 509 1528 1670 509 1529 1673 510 1530 1655 510 1531 1676 510 1532 1679 511 1533 1685 511 1534 1675 511 1535 1678 512 1536 1654 512 1537 1660 512 1538 1659 513 1539 1684 513 1540 1677 513 1541 1663 514 1542 1651 514 1543 1674 514 1544 1672 515 1545 1683 515 1546 1656 515 1547 1698 516 1548 1718 516 1549 1703 516 1550 1701 517 1551 1690 517 1552 1697 517 1553 1700 518 1554 1716 518 1555 1704 518 1556 1707 519 1557 1688 519 1558 1702 519 1559 1705 520 1560 1717 520 1561 1693 520 1562 1694 521 1563 1687 521 1564 1706 521 1565 1708 522 1566 1719 522 1567 1712 522 1568 1715 523 1569 1691 523 1570 1710 523 1571 1714 524 1572 1720 524 1573 1696 524 1574 1695 525 1575 1689 525 1576 1713 525 1577 1699 526 1578 1721 526 1579 1711 526 1580 1709 527 1581 1686 527 1582 1692 527 1583 1724 528 1584 1722 528 1585 1726 528 1586 1727 529 1587 1723 529 1588 1725 529 1589 1732 530 1590 1730 530 1591 1728 530 1592 1731 531 1593 1733 531 1594 1729 531 1595 1756 532 1596 1752 532 1597 1763 532 1598 1757 533 1599 1747 533 1600 1753 533 1601 1743 534 1602 1755 534 1603 1762 534 1604 1734 535 1605 1750 535 1606 1746 535 1607 1739 536 1608 1761 536 1609 1749 536 1610 1737 537 1611 1759 537 1612 1745 537 1613 1767 538 1614 1768 538 1615 1765 538 1616 1769 539 1617 1766 539 1618 1764 539 1619 1774 540 1620 1772 540 1621 1770 540 1622 1773 541 1623 1775 541 1624 1771 541 1625 1742 542 1626 1744 542 1627 1754 542 1628 1735 543 1629 1740 543 1630 1751 543 1631 1738 544 1632 1741 544 1633 1760 544 1634 1736 545 1635 1748 545 1636 1758 545 1637 10 546 1638 21 546 1639 15 546 1640 16 547 1641 29 547 1642 25 547 1643 23 548 1644 28 548 1645 43 548 1646 32 549 1647 39 549 1648 53 549 1649 51 550 1650 38 550 1651 87 550 1652 44 551 1653 48 551 1654 59 551 1655 57 552 1656 65 552 1657 5 552 1658 56 553 1659 1 553 1660 37 553 1661 0 554 1662 11 554 1663 34 554 1664 12 555 1665 24 555 1666 35 555 1667 96 556 1668 133 556 1669 136 556 1670 19 557 1671 69 557 1672 83 557 1673 60 558 1674 49 558 1675 92 558 1676 8 559 1677 76 559 1678 66 559 1679 41 560 1680 27 560 1681 81 560 1682 64 561 1683 101 561 1684 75 561 1685 108 562 1686 137 562 1687 179 562 1688 89 563 1689 79 563 1690 116 563 1691 77 564 1692 110 564 1693 103 564 1694 73 565 1695 100 565 1696 139 565 1697 91 566 1698 85 566 1699 121 566 1700 67 567 1701 102 567 1702 117 567 1703 175 568 1704 171 568 1705 207 568 1706 129 569 1707 122 569 1708 161 569 1709 118 570 1710 105 570 1711 143 570 1712 130 571 1713 169 571 1714 172 571 1715 164 572 1716 257 572 1717 262 572 1718 112 573 1719 150 573 1720 146 573 1721 208 574 1722 199 574 1723 232 574 1724 154 575 1725 195 575 1726 203 575 1727 142 576 1728 149 576 1729 193 576 1730 176 577 1731 215 577 1732 189 577 1733 159 578 1734 198 578 1735 204 578 1736 156 579 1737 140 579 1738 184 579 1739 229 580 1740 216 580 1741 221 580 1742 219 581 1743 243 581 1744 239 581 1745 241 582 1746 235 582 1747 228 582 1748 180 583 1749 217 583 1750 230 583 1751 212 584 1752 210 584 1753 237 584 1754 200 585 1755 194 585 1756 225 585 1757 181 586 1758 191 586 1759 223 586 1760 188 587 1761 214 587 1762 245 587 1763 248 588 1764 255 588 1765 261 588 1766 152 589 1767 259 589 1768 252 589 1769 124 590 1770 114 590 1771 253 590 1772 167 591 1773 127 591 1774 250 591 1775</p>
        </triangles>
      </mesh>
    </geometry>
  </library_geometries>
  <library_controllers>
    <controller id="nyai_UK_jacht2_Skin_Cylinder-skin" name="nyai_UK_jacht2_Skin">
      <skin source="#Cylinder-mesh">
        <bind_shape_matrix>1 0 0 0 0 1 0 0 0 0 1 0 0 0 0 1</bind_shape_matrix>
        <source id="nyai_UK_jacht2_Skin_Cylinder-skin-joints">
          <Name_array id="nyai_UK_jacht2_Skin_Cylinder-skin-joints-array" count="12">root mast_top port_tackle port_tackle01 star_tackle star_tackle_001 port_axle thranite_port sbr_axle ammo_node_0 sbr_flag_pivot_fore l_flag_foc03</Name_array>
          <technique_common>
            <accessor source="#nyai_UK_jacht2_Skin_Cylinder-skin-joints-array" count="12" stride="1">
              <param name="JOINT" type="name"/>
            </accessor>
          </technique_common>
        </source>
        <source id="nyai_UK_jacht2_Skin_Cylinder-skin-bind_poses">
          <float_array id="nyai_UK_jacht2_Skin_Cylinder-skin-bind_poses-array" count="192">1 0 0 -0.3606987 0 1 0 -0.5490875 0 0 1 -8.456266 0 0 0 1 1 0 0 8.29028e-7 0 1.19209e-7 1 -101.2763 1.19209e-7 -1 0 -6.704392 0 0 0 1 1 0 0 -29.67153 0 -1.19209e-7 -1 107.3078 0 1 0 6.000004 0 0 0 1 1 0 0 -29.67153 0 -1.19209e-7 -1 46.1217 0 1 0 5.999998 0 0 0 1 1 0 0 29.68795 0 -1.19209e-7 -1 107.3078 0 1 0 6.000006 0 0 0 1 1 0 0 29.68795 0 -1.19209e-7 -1 46.1217 0 1 0 5.999998 0 0 0 1 1 0 1.50996e-7 -19.38565 0 -1 0 72.72347 1.50996e-7 0 -1 11.40704 0 0 0 1 1 0 -3.72727e-6 -19.38561 0 -1 0 -75.49074 -3.72727e-6 0 -1 11.40712 0 0 0 1 1 0 1.50996e-7 17.33291 0 -1 0 72.72303 1.50996e-7 0 -1 11.47002 0 0 0 1 1 0 0 0.5548928 0 -1 0 -74.67559 0 0 -1 7.567625 0 0 0 1 1 0 0 4.17232e-7 0 0 -1 91.34947 0 1 0 -109.1991 0 0 0 1 1 0 0 -6.22663e-6 0 0 -1 65.09552 0 1 0 -109.5669 0 0 0 1</float_array>
          <technique_common>
            <accessor source="#nyai_UK_jacht2_Skin_Cylinder-skin-bind_poses-array" count="12" stride="16">
              <param name="TRANSFORM" type="float4x4"/>
            </accessor>
          </technique_common>
        </source>
        <source id="nyai_UK_jacht2_Skin_Cylinder-skin-weights">
          <float_array id="nyai_UK_jacht2_Skin_Cylinder-skin-weights-array" count="1776">1 1 1 1 1 1 1 1 1 1 1 1 1 1 1 1 1 1 1 1 1 1 1 1 1 1 1 1 1 1 1 1 1 1 1 1 1 1 1 1 1 1 1 1 1 1 1 1 1 1 1 1 1 1 1 1 1 1 1 1 1 1 1 1 1 1 1 1 1 1 1 1 1 1 1 1 1 1 1 1 1 1 1 1 1 1 1 1 1 1 1 1 1 1 1 1 1 1 1 1 1 1 1 1 1 1 1 1 1 1 1 1 1 1 1 1 1 1 1 1 1 1 1 1 1 1 1 1 1 1 1 1 1 1 1 1 1 1 1 1 1 1 1 1 1 1 1 1 1 1 1 1 1 1 1 1 1 1 1 1 1 1 1 1 1 1 1 1 1 1 1 1 1 1 1 1 1 1 1 1 1 1 1 1 1 1 1 1 1 1 1 1 1 1 1 1 1 1 1 1 1 1 1 1 1 1 1 1 1 1 1 1 1 1 1 1 1 1 1 1 1 1 1 1 1 1 1 1 1 1 1 1 1 1 1 1 1 1 1 1 1 1 1 1 1 1 1 1 1 1 1 1 1 1 1 1 1 1 1 1 1 1 1 1 1 1 1 1 1 1 1 1 1 1 1 1 1 1 1 1 1 1 1 1 1 1 1 1 1 1 1 1 1 1 1 1 1 1 1 1 1 1 1 1 1 1 1 1 1 1 1 1 1 1 1 1 1 1 1 1 1 1 1 1 1 1 1 1 1 1 1 1 1 1 1 1 1 1 1 1 1 1 1 1 1 1 1 1 1 1 1 1 1 1 1 1 1 1 1 1 1 1 1 1 1 1 1 1 1 1 1 1 1 1 1 1 1 1 1 1 1 1 1 1 1 1 1 1 1 1 1 1 1 1 1 1 1 1 1 1 1 1 1 1 1 1 1 1 1 1 1 1 1 1 1 1 1 1 1 1 1 1 1 1 1 1 1 1 1 1 1 1 1 1 1 1 1 1 1 1 1 1 1 1 1 1 1 1 1 1 1 1 1 1 1 1 1 1 1 1 1 1 1 1 1 1 1 1 1 1 1 1 1 1 1 1 1 1 1 1 1 1 1 1 1 1 1 1 1 1 1 1 1 1 1 1 1 1 1 1 1 1 1 1 1 1 1 1 1 1 1 1 1 1 1 1 1 1 1 1 1 1 1 1 1 1 1 1 1 1 1 1 1 1 1 1 1 1 1 1 1 1 1 1 1 1 1 1 1 1 1 1 1 1 1 1 1 1 1 1 1 1 1 1 1 1 1 1 1 1 1 1 1 1 1 1 1 1 1 1 1 1 1 1 1 1 1 1 1 1 1 1 1 1 1 1 1 1 1 1 1 1 1 1 1 1 1 1 1 1 1 1 1 1 1 1 1 1 1 1 1 1 1 1 1 1 1 1 1 1 1 1 1 1 1 1 1 1 1 1 1 1 1 1 1 1 1 1 1 1 1 1 1 1 1 1 1 1 1 1 1 1 1 1 1 1 1 1 1 1 1 1 1 1 1 1 1 1 1 1 1 1 1 1 1 1 1 1 1 1 1 1 1 1 1 1 1 1 1 1 1 1 1 1 1 1 1 1 1 1 1 1 1 1 1 1 1 1 1 1 1 1 1 1 1 1 1 1 1 1 1 1 1 1 1 1 1 1 1 1 1 1 1 1 1 1 1 1 1 1 1 1 1 1 1 1 1 1 1 1 1 1 1 1 1 1 1 1 1 1 1 1 1 1 1 1 1 1 1 1 1 1 1 1 1 1 1 1 1 1 1 1 1 1 1 1 1 1 1 1 1 1 1 1 1 1 1 1 1 1 1 1 1 1 1 1 1 1 1 1 1 1 1 1 1 1 1 1 1 1 1 1 1 1 1 1 1 1 1 1 1 1 1 1 1 1 1 1 1 1 1 1 1 1 1 1 1 1 1 1 1 1 1 1 1 1 1 1 1 1 1 1 1 1 1 1 1 1 1 1 1 1 1 1 1 1 1 1 1 1 1 1 1 1 1 1 1 1 1 1 1 1 1 1 1 1 1 1 1 1 1 1 1 1 1 1 1 1 1 1 1 1 1 1 1 1 1 1 1 1 1 1 1 1 1 1 1 1 1 1 1 1 1 1 1 1 1 1 1 1 1 1 1 1 1 1 1 1 1 1 1 1 1 1 1 1 1 1 1 1 1 1 1 1 1 1 1 1 1 1 1 1 1 1 1 1 1 1 1 1 1 1 1 1 1 1 1 1 1 1 1 1 1 1 1 1 1 1 1 1 1 1 1 1 1 1 1 1 1 1 1 1 1 1 1 1 1 1 1 1 1 1 1 1 1 1 1 1 1 1 1 1 1 1 1 1 1 1 1 1 1 1 1 1 1 1 1 1 1 1 1 1 1 1 1 1 1 1 1 1 1 1 1 1 1 1 1 1 1 1 1 1 1 1 1 1 1 1 1 1 1 1 1 1 1 1 1 1 1 1 1 1 1 1 1 1 1 1 1 1 1 1 1 1 1 1 1 1 1 1 1 1 1 1 1 1 1 1 1 1 1 1 1 1 1 1 1 1 1 1 1 1 1 1 1 1 1 1 1 1 1 1 1 1 1 1 1 1 1 1 1 1 1 1 1 1 1 1 1 1 1 1 1 1 1 1 1 1 1 1 1 1 1 1 1 1 1 1 1 1 1 1 1 1 1 1 1 1 1 1 1 1 1 1 1 1 1 1 1 1 1 1 1 1 1 1 1 1 1 1 1 1 1 1 1 1 1 1 1 1 1 1 1 1 1 1 1 1 1 1 1 1 1 1 1 1 1 1 1 1 1 1 1 1 1 1 1 1 1 1 1 1 1 1 1 1 1 1 1 1 1 1 1 1 1 1 1 1 1 1 1 1 1 1 1 1 1 1 1 1 1 1 1 1 1 1 1 1 1 1 1 1 1 1 1 1 1 1 1 1 1 1 1 1 1 1 1 1 1 1 1 1 1 1 1 1 1 1 1 1 1 1 1 1 1 1 1 1 1 1 1 1 1 1 1 1 1 1 1 1 1 1 1 1 1 1 1 1 1 1 1 1 1 1 1 1 1 1 1 1 1 1 1 1 1 1 1 1 1 1 1 1 1 1 1 1 1 1 1 1 1 1 1 1 1 1 1 1 1 1 1 1 1 1 1 1 1 1 1 1 1 1 1 1 1 1 1 1 1 1 1 1 1 1 1 1 1 1 1 1 1 1 1 1 1 1 1 1 1 1 1 1 1 1 1 1 1 1 1 1 1 1 1 1 1 1 1 1 1 1 1 1 1 1 1 1 1 1 1 1 1 1 1 1 1 1 1 1 1 1 1 1 1 1 1 1 1 1 1 1 1 1 1 1 1 1 1 1 1 1 1 1 1 1 1 1 1 1 1 1 1 1 1 1 1 1 1 1 1 1 1 1 1 1 1 1 1 1 1 1 1 1 1 1 1 1 1 1 1 1 1 1 1 1 1 1 1 1 1 1 1 1 1 1 1 1 1 1 1 1 1 1 1 1 1 1 1 1 1 1 1 1 1 1 1 1 1 1 1 1 1 1 1 1 1 1 1 1 1 1 1 1 1 1 1 1 1 1 1 1 1 1 1 1 1 1 1 1 1 1 1 1 1 1 1 1 1 1 1 1 1 1 1 1 1 1 1 1 1 1 1 1 1 1 1 1 1 1 1 1 1 1 1 1 1 1 1 1 1 1 1 1 1 1 1 1 1 1 1 1 1 1 1 1 1 1 1 1 1 1 1 1 1 1 1 1 1 1 1 1 1 1 1 1 1 1 1 1 1 1 1 1 1 1 1 1 1 1 1 1 1 1 1 1 1 1 1 1 1 1 1 1 1 1 1 1 1 1 1 1 1 1 1 1 1 1 1 1 1 1 1 1 1 1 1 1 1 1 1 1 1 1 1 1 1 1 1 1 1 1 1 1 1 1 1 1 1 1 1 1 1 1 1 1 1 1 1 1 1 1 1 1 1 1 1 1</float_array>
          <technique_common>
            <accessor source="#nyai_UK_jacht2_Skin_Cylinder-skin-weights-array" count="1776" stride="1">
              <param name="WEIGHT" type="float"/>
            </accessor>
          </technique_common>
        </source>
        <joints>
          <input semantic="JOINT" source="#nyai_UK_jacht2_Skin_Cylinder-skin-joints"/>
          <input semantic="INV_BIND_MATRIX" source="#nyai_UK_jacht2_Skin_Cylinder-skin-bind_poses"/>
        </joints>
        <vertex_weights count="1776">
          <input semantic="JOINT" source="#nyai_UK_jacht2_Skin_Cylinder-skin-joints" offset="0"/>
          <input semantic="WEIGHT" source="#nyai_UK_jacht2_Skin_Cylinder-skin-weights" offset="1"/>
          <vcount>1 1 1 1 1 1 1 1 1 1 1 1 1 1 1 1 1 1 1 1 1 1 1 1 1 1 1 1 1 1 1 1 1 1 1 1 1 1 1 1 1 1 1 1 1 1 1 1 1 1 1 1 1 1 1 1 1 1 1 1 1 1 1 1 1 1 1 1 1 1 1 1 1 1 1 1 1 1 1 1 1 1 1 1 1 1 1 1 1 1 1 1 1 1 1 1 1 1 1 1 1 1 1 1 1 1 1 1 1 1 1 1 1 1 1 1 1 1 1 1 1 1 1 1 1 1 1 1 1 1 1 1 1 1 1 1 1 1 1 1 1 1 1 1 1 1 1 1 1 1 1 1 1 1 1 1 1 1 1 1 1 1 1 1 1 1 1 1 1 1 1 1 1 1 1 1 1 1 1 1 1 1 1 1 1 1 1 1 1 1 1 1 1 1 1 1 1 1 1 1 1 1 1 1 1 1 1 1 1 1 1 1 1 1 1 1 1 1 1 1 1 1 1 1 1 1 1 1 1 1 1 1 1 1 1 1 1 1 1 1 1 1 1 1 1 1 1 1 1 1 1 1 1 1 1 1 1 1 1 1 1 1 1 1 1 1 1 1 1 1 1 1 1 1 1 1 1 1 1 1 1 1 1 1 1 1 1 1 1 1 1 1 1 1 1 1 1 1 1 1 1 1 1 1 1 1 1 1 1 1 1 1 1 1 1 1 1 1 1 1 1 1 1 1 1 1 1 1 1 1 1 1 1 1 1 1 1 1 1 1 1 1 1 1 1 1 1 1 1 1 1 1 1 1 1 1 1 1 1 1 1 1 1 1 1 1 1 1 1 1 1 1 1 1 1 1 1 1 1 1 1 1 1 1 1 1 1 1 1 1 1 1 1 1 1 1 1 1 1 1 1 1 1 1 1 1 1 1 1 1 1 1 1 1 1 1 1 1 1 1 1 1 1 1 1 1 1 1 1 1 1 1 1 1 1 1 1 1 1 1 1 1 1 1 1 1 1 1 1 1 1 1 1 1 1 1 1 1 1 1 1 1 1 1 1 1 1 1 1 1 1 1 1 1 1 1 1 1 1 1 1 1 1 1 1 1 1 1 1 1 1 1 1 1 1 1 1 1 1 1 1 1 1 1 1 1 1 1 1 1 1 1 1 1 1 1 1 1 1 1 1 1 1 1 1 1 1 1 1 1 1 1 1 1 1 1 1 1 1 1 1 1 1 1 1 1 1 1 1 1 1 1 1 1 1 1 1 1 1 1 1 1 1 1 1 1 1 1 1 1 1 1 1 1 1 1 1 1 1 1 1 1 1 1 1 1 1 1 1 1 1 1 1 1 1 1 1 1 1 1 1 1 1 1 1 1 1 1 1 1 1 1 1 1 1 1 1 1 1 1 1 1 1 1 1 1 1 1 1 1 1 1 1 1 1 1 1 1 1 1 1 1 1 1 1 1 1 1 1 1 1 1 1 1 1 1 1 1 1 1 1 1 1 1 1 1 1 1 1 1 1 1 1 1 1 1 1 1 1 1 1 1 1 1 1 1 1 1 1 1 1 1 1 1 1 1 1 1 1 1 1 1 1 1 1 1 1 1 1 1 1 1 1 1 1 1 1 1 1 1 1 1 1 1 1 1 1 1 1 1 1 1 1 1 1 1 1 1 1 1 1 1 1 1 1 1 1 1 1 1 1 1 1 1 1 1 1 1 1 1 1 1 1 1 1 1 1 1 1 1 1 1 1 1 1 1 1 1 1 1 1 1 1 1 1 1 1 1 1 1 1 1 1 1 1 1 1 1 1 1 1 1 1 1 1 1 1 1 1 1 1 1 1 1 1 1 1 1 1 1 1 1 1 1 1 1 1 1 1 1 1 1 1 1 1 1 1 1 1 1 1 1 1 1 1 1 1 1 1 1 1 1 1 1 1 1 1 1 1 1 1 1 1 1 1 1 1 1 1 1 1 1 1 1 1 1 1 1 1 1 1 1 1 1 1 1 1 1 1 1 1 1 1 1 1 1 1 1 1 1 1 1 1 1 1 1 1 1 1 1 1 1 1 1 1 1 1 1 1 1 1 1 1 1 1 1 1 1 1 1 1 1 1 1 1 1 1 1 1 1 1 1 1 1 1 1 1 1 1 1 1 1 1 1 1 1 1 1 1 1 1 1 1 1 1 1 1 1 1 1 1 1 1 1 1 1 1 1 1 1 1 1 1 1 1 1 1 1 1 1 1 1 1 1 1 1 1 1 1 1 1 1 1 1 1 1 1 1 1 1 1 1 1 1 1 1 1 1 1 1 1 1 1 1 1 1 1 1 1 1 1 1 1 1 1 1 1 1 1 1 1 1 1 1 1 1 1 1 1 1 1 1 1 1 1 1 1 1 1 1 1 1 1 1 1 1 1 1 1 1 1 1 1 1 1 1 1 1 1 1 1 1 1 1 1 1 1 1 1 1 1 1 1 1 1 1 1 1 1 1 1 1 1 1 1 1 1 1 1 1 1 1 1 1 1 1 1 1 1 1 1 1 1 1 1 1 1 1 1 1 1 1 1 1 1 1 1 1 1 1 1 1 1 1 1 1 1 1 1 1 1 1 1 1 1 1 1 1 1 1 1 1 1 1 1 1 1 1 1 1 1 1 1 1 1 1 1 1 1 1 1 1 1 1 1 1 1 1 1 1 1 1 1 1 1 1 1 1 1 1 1 1 1 1 1 1 1 1 1 1 1 1 1 1 1 1 1 1 1 1 1 1 1 1 1 1 1 1 1 1 1 1 1 1 1 1 1 1 1 1 1 1 1 1 1 1 1 1 1 1 1 1 1 1 1 1 1 1 1 1 1 1 1 1 1 1 1 1 1 1 1 1 1 1 1 1 1 1 1 1 1 1 1 1 1 1 1 1 1 1 1 1 1 1 1 1 1 1 1 1 1 1 1 1 1 1 1 1 1 1 1 1 1 1 1 1 1 1 1 1 1 1 1 1 1 1 1 1 1 1 1 1 1 1 1 1 1 1 1 1 1 1 1 1 1 1 1 1 1 1 1 1 1 1 1 1 1 1 1 1 1 1 1 1 1 1 1 1 1 1 1 1 1 1 1 1 1 1 1 1 1 1 1 1 1 1 1 1 1 1 1 1 1 1 1 1 1 1 1 1 1 1 1 1 1 1 1 1 1 1 1 1 1 1 1 1 1 1 1 1 1 1 1 1 1 1 1 1 1 1 1 1 1 1 1 1 1 1 1 1 1 1 1 1 1 1 1 1 1 1 1 1 1 1 1 1 1 1 1 1 1 1 1 1 1 1 1 1 1 1 1 1 1 1 1 1 1 1 1 1 1 1 1 1 1 1 1 1 1 1 1 1 1 1 1 1 1 1 1 1 1 1 1 1 1 1 1 1 1 1 1 1 1 1 1 1 1 1 1 1 1 1 1 1 1 1 1 1 1 1 1 1 1 1 1 1 1 1 1 1 1 1 1 1 1 1 1 1 1 1 1 1 1 1 1 1 1 1 1 1 1 1 1 1 1 1 1 1 1 1 1 1 1 1 1 1 1 1 1 1 1 1 1 1 1 1 1 1 1 1 1 1 1 1 1 1 1 1 1 1 1 1 1 1 1 1 1 1 1 1 1 1 1 1 1 1 1 1 1 1 1 1 1 1 1 1 1 1 1 1 1 1 1 1 1 1 1 1 1 1 1 1 1 1 1 1 1 1 1 1 1 1 1 1 1 1 1 1 1 1 1 1 1 1 1 1 1 1 1 1 1 1 1 1 1 1 1 1 1 1 1 1 1 1 1 1 1 1 1 1 1 1 1 1 1 1 1 1 1 1 1 1 1 1 1 1 1 1 1 1 1 1 1 1 1 1 1 1 1 1 1 1 1 1 1 1 1 1 1 1 1 1 1 1 1 1 1 1 1 1 1 1 1 1 1 1 1 1 1 1 1 1 1 1 1 1 1 1 1 1 1 1 1 1 1 1 1 1 1 1 1 1 1 1 1 1 </vcount>
          <v>0 0 0 1 0 2 0 3 0 4 0 5 0 6 0 7 0 8 0 9 0 10 0 11 0 12 0 13 0 14 0 15 0 16 0 17 0 18 0 19 0 20 0 21 0 22 0 23 0 24 0 25 0 26 0 27 0 28 0 29 0 30 0 31 0 32 0 33 0 34 0 35 0 36 0 37 0 38 0 39 0 40 0 41 0 42 0 43 0 44 0 45 0 46 0 47 0 48 0 49 0 50 0 51 0 52 0 53 0 54 0 55 0 56 0 57 0 58 0 59 0 60 0 61 0 62 0 63 0 64 0 65 0 66 0 67 0 68 0 69 0 70 0 71 0 72 0 73 0 74 0 75 0 76 0 77 0 78 0 79 0 80 0 81 0 82 0 83 0 84 0 85 0 86 0 87 0 88 0 89 0 90 0 91 0 92 0 93 0 94 0 95 0 96 0 97 0 98 0 99 0 100 0 101 0 102 0 103 0 104 0 105 0 106 0 107 0 108 0 109 0 110 0 111 0 112 0 113 0 114 0 115 0 116 0 117 0 118 0 119 0 120 0 121 0 122 0 123 0 124 0 125 0 126 0 127 0 128 0 129 0 130 0 131 0 132 0 133 0 134 0 135 0 136 0 137 0 138 0 139 0 140 0 141 0 142 0 143 0 144 0 145 0 146 0 147 0 148 0 149 0 150 0 151 0 152 0 153 0 154 0 155 0 156 0 157 0 158 0 159 0 160 0 161 0 162 0 163 0 164 0 165 0 166 0 167 0 168 0 169 0 170 0 171 0 172 0 173 0 174 0 175 0 176 0 177 0 178 0 179 0 180 0 181 0 182 0 183 0 184 0 185 0 186 0 187 0 188 0 189 0 190 0 191 0 192 0 193 0 194 0 195 0 196 0 197 0 198 0 199 0 200 0 201 0 202 0 203 0 204 0 205 0 206 0 207 0 208 0 209 0 210 0 211 0 212 0 213 0 214 0 215 0 216 0 217 0 218 0 219 0 220 0 221 0 222 0 223 0 224 0 225 0 226 0 227 0 228 0 229 0 230 0 231 0 232 0 233 0 234 0 235 0 236 0 237 0 238 0 239 0 240 0 241 0 242 0 243 0 244 0 245 0 246 0 247 0 248 0 249 0 250 0 251 0 252 0 253 0 254 0 255 0 256 0 257 0 258 0 259 0 260 0 261 0 262 0 263 0 264 0 265 0 266 0 267 0 268 0 269 0 270 0 271 0 272 0 273 0 274 0 275 0 276 0 277 0 278 0 279 0 280 0 281 0 282 0 283 0 284 0 285 0 286 0 287 0 288 0 289 0 290 0 291 0 292 0 293 0 294 0 295 0 296 0 297 0 298 0 299 0 300 0 301 0 302 0 303 0 304 0 305 0 306 0 307 0 308 0 309 0 310 0 311 0 312 0 313 0 314 0 315 0 316 0 317 0 318 0 319 0 320 0 321 0 322 0 323 0 324 0 325 0 326 0 327 0 328 0 329 0 330 0 331 0 332 0 333 0 334 0 335 0 336 0 337 0 338 0 339 0 340 0 341 0 342 0 343 0 344 0 345 0 346 0 347 0 348 0 349 0 350 0 351 0 352 0 353 0 354 0 355 0 356 0 357 0 358 0 359 0 360 0 361 0 362 0 363 0 364 0 365 0 366 0 367 0 368 0 369 0 370 0 371 8 372 8 373 8 374 8 375 8 376 8 377 0 378 0 379 0 380 0 381 0 382 0 383 0 384 0 385 0 386 0 387 0 388 0 389 0 390 0 391 0 392 0 393 0 394 0 395 0 396 0 397 0 398 0 399 0 400 0 401 0 402 0 403 0 404 0 405 0 406 0 407 0 408 0 409 0 410 0 411 0 412 0 413 0 414 0 415 0 416 0 417 0 418 0 419 0 420 0 421 0 422 0 423 0 424 0 425 0 426 0 427 0 428 0 429 0 430 0 431 0 432 0 433 0 434 0 435 0 436 0 437 0 438 0 439 0 440 0 441 0 442 0 443 0 444 0 445 0 446 0 447 0 448 0 449 0 450 0 451 0 452 0 453 0 454 0 455 0 456 0 457 0 458 0 459 0 460 0 461 0 462 0 463 0 464 0 465 0 466 0 467 0 468 0 469 0 470 0 471 0 472 0 473 0 474 0 475 0 476 0 477 0 478 0 479 0 480 0 481 0 482 0 483 0 484 0 485 0 486 0 487 0 488 0 489 0 490 0 491 0 492 0 493 0 494 0 495 0 496 0 497 0 498 0 499 0 500 0 501 0 502 0 503 0 504 0 505 0 506 0 507 0 508 0 509 0 510 0 511 0 512 0 513 0 514 0 515 0 516 0 517 0 518 0 519 0 520 0 521 0 522 0 523 0 524 0 525 0 526 0 527 0 528 0 529 0 530 0 531 0 532 0 533 0 534 0 535 0 536 0 537 0 538 0 539 0 540 0 541 0 542 0 543 0 544 0 545 0 546 0 547 0 548 0 549 0 550 0 551 0 552 0 553 0 554 0 555 0 556 0 557 0 558 0 559 0 560 0 561 0 562 0 563 0 564 0 565 0 566 0 567 0 568 0 569 0 570 0 571 0 572 0 573 0 574 0 575 0 576 0 577 0 578 0 579 0 580 0 581 0 582 0 583 0 584 0 585 0 586 0 587 0 588 0 589 0 590 0 591 0 592 0 593 0 594 0 595 0 596 0 597 0 598 0 599 0 600 0 601 0 602 0 603 0 604 0 605 0 606 0 607 0 608 0 609 0 610 0 611 0 612 0 613 0 614 0 615 0 616 0 617 0 618 0 619 0 620 0 621 0 622 0 623 0 624 0 625 0 626 0 627 0 628 0 629 0 630 0 631 0 632 0 633 0 634 0 635 0 636 0 637 0 638 0 639 0 640 0 641 0 642 0 643 0 644 0 645 0 646 0 647 0 648 0 649 0 650 0 651 0 652 0 653 0 654 0 655 0 656 0 657 0 658 0 659 0 660 0 661 0 662 0 663 0 664 0 665 0 666 0 667 0 668 0 669 0 670 0 671 0 672 0 673 0 674 0 675 0 676 0 677 0 678 0 679 0 680 0 681 0 682 0 683 0 684 0 685 0 686 0 687 0 688 0 689 0 690 0 691 0 692 0 693 0 694 0 695 0 696 0 697 0 698 0 699 0 700 0 701 0 702 0 703 0 704 0 705 0 706 0 707 0 708 0 709 0 710 0 711 0 712 0 713 0 714 0 715 0 716 0 717 0 718 0 719 0 720 0 721 0 722 0 723 0 724 0 725 0 726 0 727 0 728 0 729 0 730 0 731 0 732 0 733 0 734 0 735 0 736 0 737 0 738 0 739 0 740 0 741 0 742 0 743 0 744 0 745 0 746 0 747 0 748 0 749 0 750 0 751 0 752 0 753 0 754 0 755 0 756 0 757 0 758 0 759 0 760 0 761 0 762 0 763 0 764 0 765 0 766 0 767 0 768 0 769 0 770 0 771 0 772 0 773 0 774 0 775 0 776 0 777 0 778 0 779 0 780 0 781 0 782 0 783 0 784 0 785 0 786 0 787 0 788 0 789 0 790 0 791 0 792 0 793 0 794 0 795 0 796 0 797 0 798 0 799 0 800 0 801 0 802 0 803 0 804 0 805 0 806 0 807 0 808 0 809 0 810 0 811 0 812 0 813 0 814 0 815 0 816 0 817 0 818 0 819 0 820 0 821 0 822 0 823 0 824 0 825 0 826 0 827 0 828 0 829 0 830 0 831 0 832 0 833 0 834 0 835 0 836 0 837 0 838 0 839 0 840 0 841 0 842 0 843 0 844 0 845 0 846 0 847 0 848 0 849 0 850 0 851 0 852 0 853 0 854 0 855 0 856 0 857 0 858 0 859 0 860 0 861 0 862 0 863 0 864 0 865 0 866 0 867 0 868 0 869 0 870 0 871 0 872 0 873 0 874 0 875 0 876 0 877 0 878 0 879 0 880 0 881 0 882 0 883 0 884 0 885 0 886 0 887 0 888 0 889 0 890 0 891 0 892 0 893 0 894 0 895 0 896 0 897 0 898 0 899 0 900 0 901 0 902 0 903 0 904 0 905 0 906 0 907 0 908 0 909 0 910 0 911 0 912 0 913 0 914 0 915 0 916 0 917 0 918 0 919 0 920 0 921 0 922 0 923 0 924 0 925 0 926 0 927 0 928 0 929 0 930 0 931 0 932 0 933 0 934 0 935 0 936 0 937 0 938 0 939 0 940 0 941 0 942 0 943 0 944 0 945 0 946 0 947 0 948 0 949 0 950 0 951 0 952 0 953 0 954 0 955 0 956 0 957 0 958 0 959 0 960 0 961 0 962 0 963 0 964 0 965 0 966 0 967 0 968 0 969 0 970 0 971 0 972 0 973 0 974 0 975 0 976 0 977 0 978 0 979 0 980 0 981 0 982 0 983 0 984 0 985 0 986 0 987 0 988 0 989 0 990 0 991 0 992 0 993 0 994 0 995 0 996 0 997 0 998 0 999 0 1000 0 1001 0 1002 0 1003 0 1004 0 1005 0 1006 0 1007 0 1008 0 1009 0 1010 0 1011 0 1012 0 1013 0 1014 0 1015 0 1016 0 1017 0 1018 0 1019 0 1020 0 1021 0 1022 0 1023 0 1024 0 1025 0 1026 0 1027 0 1028 0 1029 0 1030 0 1031 0 1032 0 1033 0 1034 0 1035 0 1036 0 1037 0 1038 0 1039 0 1040 0 1041 0 1042 0 1043 0 1044 0 1045 0 1046 0 1047 0 1048 0 1049 0 1050 0 1051 0 1052 0 1053 0 1054 0 1055 0 1056 0 1057 0 1058 0 1059 0 1060 0 1061 0 1062 0 1063 0 1064 0 1065 0 1066 0 1067 0 1068 0 1069 0 1070 0 1071 0 1072 0 1073 0 1074 0 1075 0 1076 0 1077 0 1078 0 1079 0 1080 0 1081 0 1082 0 1083 0 1084 0 1085 0 1086 0 1087 0 1088 0 1089 0 1090 0 1091 0 1092 0 1093 0 1094 0 1095 0 1096 0 1097 0 1098 0 1099 0 1100 0 1101 0 1102 0 1103 0 1104 0 1105 0 1106 0 1107 0 1108 0 1109 0 1110 0 1111 0 1112 0 1113 0 1114 0 1115 0 1116 0 1117 0 1118 0 1119 0 1120 0 1121 0 1122 0 1123 0 1124 0 1125 0 1126 0 1127 0 1128 0 1129 0 1130 0 1131 0 1132 0 1133 0 1134 0 1135 0 1136 0 1137 0 1138 0 1139 0 1140 0 1141 0 1142 0 1143 0 1144 0 1145 0 1146 0 1147 0 1148 0 1149 0 1150 0 1151 0 1152 0 1153 0 1154 0 1155 0 1156 0 1157 0 1158 0 1159 0 1160 0 1161 0 1162 0 1163 0 1164 0 1165 0 1166 0 1167 0 1168 0 1169 0 1170 0 1171 0 1172 0 1173 0 1174 0 1175 0 1176 0 1177 0 1178 0 1179 0 1180 0 1181 0 1182 0 1183 0 1184 0 1185 0 1186 0 1187 0 1188 0 1189 0 1190 0 1191 0 1192 0 1193 0 1194 0 1195 0 1196 0 1197 0 1198 0 1199 0 1200 0 1201 0 1202 0 1203 0 1204 0 1205 0 1206 0 1207 0 1208 0 1209 0 1210 0 1211 0 1212 0 1213 0 1214 0 1215 0 1216 0 1217 0 1218 0 1219 0 1220 0 1221 0 1222 0 1223 0 1224 0 1225 0 1226 0 1227 0 1228 0 1229 0 1230 0 1231 0 1232 0 1233 0 1234 0 1235 0 1236 0 1237 0 1238 0 1239 0 1240 0 1241 0 1242 0 1243 0 1244 0 1245 0 1246 0 1247 0 1248 0 1249 0 1250 0 1251 0 1252 0 1253 0 1254 0 1255 0 1256 0 1257 0 1258 0 1259 0 1260 0 1261 0 1262 0 1263 0 1264 0 1265 0 1266 0 1267 0 1268 0 1269 0 1270 0 1271 0 1272 0 1273 0 1274 0 1275 0 1276 0 1277 0 1278 0 1279 0 1280 0 1281 0 1282 0 1283 0 1284 0 1285 0 1286 0 1287 0 1288 0 1289 0 1290 0 1291 0 1292 0 1293 0 1294 0 1295 0 1296 0 1297 0 1298 0 1299 0 1300 0 1301 0 1302 0 1303 0 1304 0 1305 0 1306 0 1307 0 1308 0 1309 0 1310 0 1311 0 1312 0 1313 0 1314 0 1315 0 1316 0 1317 0 1318 0 1319 0 1320 0 1321 0 1322 0 1323 0 1324 0 1325 0 1326 0 1327 0 1328 0 1329 0 1330 0 1331 0 1332 0 1333 0 1334 0 1335 0 1336 0 1337 0 1338 0 1339 0 1340 0 1341 0 1342 0 1343 0 1344 0 1345 0 1346 0 1347 0 1348 0 1349 0 1350 0 1351 0 1352 0 1353 0 1354 0 1355 0 1356 0 1357 0 1358 0 1359 0 1360 0 1361 0 1362 0 1363 0 1364 0 1365 0 1366 0 1367 0 1368 0 1369 0 1370 0 1371 0 1372 0 1373 0 1374 0 1375 0 1376 0 1377 0 1378 0 1379 0 1380 0 1381 0 1382 0 1383 0 1384 0 1385 0 1386 0 1387 0 1388 0 1389 0 1390 0 1391 0 1392 0 1393 0 1394 0 1395 0 1396 0 1397 0 1398 0 1399 0 1400 0 1401 0 1402 0 1403 0 1404 0 1405 0 1406 0 1407 0 1408 0 1409 0 1410 0 1411 0 1412 0 1413 0 1414 0 1415 0 1416 0 1417 0 1418 0 1419 0 1420 0 1421 0 1422 0 1423 0 1424 0 1425 0 1426 0 1427 0 1428 0 1429 0 1430 0 1431 0 1432 0 1433 0 1434 0 1435 0 1436 0 1437 0 1438 0 1439 0 1440 0 1441 0 1442 0 1443 0 1444 0 1445 0 1446 0 1447 0 1448 0 1449 0 1450 0 1451 0 1452 0 1453 0 1454 0 1455 0 1456 0 1457 0 1458 0 1459 0 1460 0 1461 0 1462 0 1463 0 1464 0 1465 0 1466 0 1467 0 1468 0 1469 0 1470 0 1471 0 1472 0 1473 0 1474 0 1475 0 1476 0 1477 0 1478 0 1479 0 1480 0 1481 0 1482 0 1483 0 1484 0 1485 0 1486 0 1487 0 1488 0 1489 0 1490 0 1491 0 1492 0 1493 0 1494 0 1495 0 1496 0 1497 0 1498 0 1499 0 1500 0 1501 0 1502 0 1503 0 1504 0 1505 0 1506 0 1507 0 1508 0 1509 0 1510 0 1511 0 1512 0 1513 0 1514 0 1515 0 1516 0 1517 0 1518 0 1519 0 1520 0 1521 0 1522 0 1523 0 1524 0 1525 0 1526 0 1527 0 1528 0 1529 0 1530 0 1531 0 1532 0 1533 0 1534 0 1535 0 1536 0 1537 0 1538 0 1539 0 1540 0 1541 0 1542 0 1543 0 1544 0 1545 0 1546 0 1547 0 1548 0 1549 0 1550 0 1551 0 1552 0 1553 0 1554 0 1555 0 1556 0 1557 0 1558 0 1559 0 1560 0 1561 0 1562 0 1563 0 1564 0 1565 0 1566 0 1567 0 1568 0 1569 0 1570 0 1571 0 1572 0 1573 0 1574 0 1575 0 1576 0 1577 0 1578 0 1579 0 1580 0 1581 0 1582 0 1583 0 1584 0 1585 0 1586 0 1587 0 1588 0 1589 0 1590 0 1591 0 1592 0 1593 0 1594 0 1595 0 1596 0 1597 0 1598 0 1599 0 1600 0 1601 0 1602 0 1603 0 1604 0 1605 0 1606 0 1607 0 1608 0 1609 0 1610 0 1611 0 1612 0 1613 0 1614 0 1615 0 1616 0 1617 0 1618 0 1619 0 1620 0 1621 0 1622 0 1623 0 1624 0 1625 0 1626 0 1627 0 1628 0 1629 0 1630 0 1631 0 1632 0 1633 0 1634 0 1635 0 1636 0 1637 0 1638 0 1639 0 1640 0 1641 0 1642 0 1643 0 1644 0 1645 0 1646 0 1647 0 1648 0 1649 0 1650 0 1651 0 1652 0 1653 0 1654 0 1655 0 1656 0 1657 0 1658 0 1659 0 1660 0 1661 0 1662 0 1663 0 1664 0 1665 0 1666 0 1667 0 1668 0 1669 0 1670 0 1671 0 1672 0 1673 0 1674 0 1675 0 1676 0 1677 0 1678 0 1679 0 1680 0 1681 0 1682 0 1683 0 1684 0 1685 0 1686 0 1687 0 1688 0 1689 0 1690 0 1691 0 1692 0 1693 0 1694 0 1695 0 1696 0 1697 0 1698 0 1699 0 1700 0 1701 0 1702 0 1703 0 1704 0 1705 0 1706 0 1707 0 1708 0 1709 0 1710 0 1711 0 1712 0 1713 0 1714 0 1715 0 1716 0 1717 0 1718 0 1719 0 1720 0 1721 0 1722 0 1723 0 1724 0 1725 0 1726 0 1727 0 1728 0 1729 0 1730 0 1731 0 1732 0 1733 0 1734 0 1735 0 1736 0 1737 0 1738 0 1739 0 1740 0 1741 0 1742 0 1743 0 1744 0 1745 0 1746 0 1747 0 1748 0 1749 0 1750 0 1751 0 1752 0 1753 0 1754 0 1755 0 1756 0 1757 0 1758 0 1759 0 1760 0 1761 0 1762 0 1763 0 1764 0 1765 0 1766 0 1767 0 1768 0 1769 0 1770 0 1771 0 1772 0 1773 0 1774 0 1775</v>
        </vertex_weights>
      </skin>
    </controller>
  </library_controllers>
  <library_visual_scenes>
    <visual_scene id="Scene" name="Scene">
      <node id="nyai_UK_jacht2_Skin" name="nyai_UK_jacht2_Skin" type="NODE">
        <matrix sid="transform">1 0 0 0 0 1 0 0 0 0 1 0 0 0 0 1</matrix>
        <node id="nyai_UK_jacht2_Skin_root" name="root" sid="root" type="JOINT">
          <matrix sid="transform">1 0 0 0.3606987 0 1 0 0.5490875 0 0 1 8.456265 0 0 0 1</matrix>
          <node id="nyai_UK_jacht2_Skin_mast_top" name="mast top" sid="mast_top" type="JOINT">
            <matrix sid="transform">1 0 1.19209e-7 -0.3606987 1.19209e-7 0 -0.9999999 -7.253479 0 0.9999999 1.19209e-7 92.82004 0 0 0 1</matrix>
            <node id="nyai_UK_jacht2_Skin_port_tackle" name="port tackle" sid="port_tackle" type="JOINT">
              <matrix sid="transform">1 0 1.50996e-7 29.67153 0 -0.9999999 0 6.031463 1.50996e-7 0 -0.9999999 -0.7043843 0 0 0 1</matrix>
              <node id="nyai_UK_jacht2_Skin_port_tackle01" name="port tackle01" sid="port_tackle01" type="JOINT">
                <matrix sid="transform">1 0 -3.17865e-8 0 0 0.9999999 0 61.18608 3.17865e-8 0 0.9999999 7.15256e-6 0 0 0 1</matrix>
                <extra>
                  <technique profile="blender">
                    <layer sid="layer" type="string">0</layer>
                    <tip_x sid="tip_x" type="float">0</tip_x>
                    <tip_y sid="tip_y" type="float">0</tip_y>
                    <tip_z sid="tip_z" type="float">-61.18607</tip_z>
                  </technique>
                </extra>
              </node>
              <extra>
                <technique profile="blender">
                  <layer sid="layer" type="string">0</layer>
                  <tip_x sid="tip_x" type="float">0</tip_x>
                  <tip_y sid="tip_y" type="float">0</tip_y>
                  <tip_z sid="tip_z" type="float">-61.18607</tip_z>
                </technique>
              </extra>
            </node>
            <node id="nyai_UK_jacht2_Skin_star_tackle" name="star tackle" sid="star_tackle" type="JOINT">
              <matrix sid="transform">1 0 1.50996e-7 -29.68795 0 -0.9999999 0 6.031463 1.50996e-7 0 -0.9999999 -0.704391 0 0 0 1</matrix>
              <node id="nyai_UK_jacht2_Skin_star_tackle_001" name="star tackle.001" sid="star_tackle_001" type="JOINT">
                <matrix sid="transform">1 0 -3.17865e-8 0 0 0.9999999 0 61.18608 3.17865e-8 0 0.9999999 7.15256e-6 0 0 0 1</matrix>
                <extra>
                  <technique profile="blender">
                    <layer sid="layer" type="string">0</layer>
                    <tip_x sid="tip_x" type="float">0</tip_x>
                    <tip_y sid="tip_y" type="float">0</tip_y>
                    <tip_z sid="tip_z" type="float">-61.18607</tip_z>
                  </technique>
                </extra>
              </node>
              <extra>
                <technique profile="blender">
                  <layer sid="layer" type="string">0</layer>
                  <tip_x sid="tip_x" type="float">0</tip_x>
                  <tip_y sid="tip_y" type="float">0</tip_y>
                  <tip_z sid="tip_z" type="float">-61.18607</tip_z>
                </technique>
              </extra>
            </node>
            <extra>
              <technique profile="blender">
                <layer sid="layer" type="string">0</layer>
                <roll sid="roll" type="float">1.19209e-7</roll>
                <tip_x sid="tip_x" type="float">0</tip_x>
                <tip_y sid="tip_y" type="float">0</tip_y>
                <tip_z sid="tip_z" type="float">30.28653</tip_z>
              </technique>
            </extra>
          </node>
          <node id="nyai_UK_jacht2_Skin_port_axle" name="port axle" sid="port_axle" type="JOINT">
            <matrix sid="transform">1 0 1.50996e-7 19.02494 0 -1 0 72.17438 1.50996e-7 0 -1 2.950779 0 0 0 1</matrix>
            <node id="nyai_UK_jacht2_Skin_thranite_port" name="thranite port" sid="thranite_port" type="JOINT">
              <matrix sid="transform">1 0 -3.87827e-6 5.72205e-6 0 1 0 148.2142 3.87827e-6 0 1 6.61287e-8 0 0 0 1</matrix>
              <extra>
                <technique profile="blender">
                  <layer sid="layer" type="string">0</layer>
                  <roll sid="roll" type="float">3.141589</roll>
                  <tip_x sid="tip_x" type="float">0</tip_x>
                  <tip_y sid="tip_y" type="float">-148.2141</tip_y>
                  <tip_z sid="tip_z" type="float">0</tip_z>
                </technique>
              </extra>
            </node>
            <extra>
              <technique profile="blender">
                <layer sid="layer" type="string">0</layer>
                <roll sid="roll" type="float">3.141593</roll>
                <tip_x sid="tip_x" type="float">0</tip_x>
                <tip_y sid="tip_y" type="float">-148.2141</tip_y>
                <tip_z sid="tip_z" type="float">0</tip_z>
              </technique>
            </extra>
          </node>
          <node id="nyai_UK_jacht2_Skin_sbr_axle" name="sbr axle" sid="sbr_axle" type="JOINT">
            <matrix sid="transform">1 0 1.50996e-7 -17.69361 0 -0.9999998 0 72.17392 1.50996e-7 0 -1 3.013752 0 0 0 1</matrix>
            <node id="nyai_UK_jacht2_Skin_ammo_node_0" name="ammo node 0" sid="ammo_node_0" type="JOINT">
              <matrix sid="transform">1 0 -6.3573e-8 16.77802 0 1 0 147.3986 6.3573e-8 0 1 3.902395 0 0 0 1</matrix>
              <extra>
                <technique profile="blender">
                  <layer sid="layer" type="string">0</layer>
                  <roll sid="roll" type="float">3.141593</roll>
                  <tip_x sid="tip_x" type="float">0</tip_x>
                  <tip_y sid="tip_y" type="float">-148.4017</tip_y>
                  <tip_z sid="tip_z" type="float">0</tip_z>
                </technique>
              </extra>
            </node>
            <extra>
              <technique profile="blender">
                <layer sid="layer" type="string">0</layer>
                <roll sid="roll" type="float">3.141593</roll>
                <tip_x sid="tip_x" type="float">0</tip_x>
                <tip_y sid="tip_y" type="float">-148.4017</tip_y>
                <tip_z sid="tip_z" type="float">0</tip_z>
              </technique>
            </extra>
          </node>
          <node id="nyai_UK_jacht2_Skin_sbr_flag_pivot_fore" name="sbr flag pivot fore" sid="sbr_flag_pivot_fore" type="JOINT">
            <matrix sid="transform">1 0 0 -0.3606991 0 0 1 108.65 0 -1 0 82.8932 0 0 0 1</matrix>
            <node id="nyai_UK_jacht2_Skin_l_flag_foc03" name="l flag foc03" sid="l_flag_foc03" type="JOINT">
              <matrix sid="transform">1 0 0 6.64386e-6 0 1 0 26.25395 0 0 1 0.3678131 0 0 0 1</matrix>
              <extra>
                <technique profile="blender">
                  <layer sid="layer" type="string">0</layer>
                  <tip_x sid="tip_x" type="float">0</tip_x>
                  <tip_y sid="tip_y" type="float">0</tip_y>
                  <tip_z sid="tip_z" type="float">-26.25653</tip_z>
                </technique>
              </extra>
            </node>
            <extra>
              <technique profile="blender">
                <layer sid="layer" type="string">0</layer>
                <tip_x sid="tip_x" type="float">0</tip_x>
                <tip_y sid="tip_y" type="float">0</tip_y>
                <tip_z sid="tip_z" type="float">-26.25653</tip_z>
              </technique>
            </extra>
          </node>
          <extra>
            <technique profile="blender">
              <layer sid="layer" type="string">0</layer>
              <tip_x sid="tip_x" type="float">0</tip_x>
              <tip_y sid="tip_y" type="float">74.37218</tip_y>
              <tip_z sid="tip_z" type="float">0</tip_z>
            </technique>
          </extra>
        </node>
        <node id="Cylinder" name="Cylinder" type="NODE">
          <matrix sid="transform">1 0 0 0 0 1 0 0 0 0 1 0 0 0 0 1</matrix>
          <instance_controller url="#nyai_UK_jacht2_Skin_Cylinder-skin">
            <skeleton>#nyai_UK_jacht2_Skin_root</skeleton>
            <bind_material>
              <technique_common>
                <instance_material symbol="barge-material" target="#barge-material">
                  <bind_vertex_input semantic="UVMap" input_semantic="TEXCOORD" input_set="0"/>
                </instance_material>
              </technique_common>
            </bind_material>
          </instance_controller>
        </node>
      </node>
    </visual_scene>
  </library_visual_scenes>
  <scene>
    <instance_visual_scene url="#Scene"/>
  </scene>
</COLLADA>