<?xml version="1.0" encoding="utf-8"?>
<COLLADA xmlns="http://www.collada.org/2005/11/COLLADASchema" version="1.4.1" xmlns:xsi="http://www.w3.org/2001/XMLSchema-instance">
  <asset>
    <contributor>
      <author>Blender User</author>
      <authoring_tool>Blender 3.0.1 commit date:2022-01-25, commit time:17:19, hash:dc2d18018171</authoring_tool>
    </contributor>
    <created>2025-07-24T08:03:52</created>
    <modified>2025-07-24T08:03:52</modified>
    <unit name="meter" meter="1"/>
    <up_axis>Z_UP</up_axis>
  </asset>
  <library_effects>
    <effect id="guichuan_Mat-effect">
      <profile_COMMON>
        <newparam sid="guichuan_tga-surface">
          <surface type="2D">
            <init_from>guichuan_tga</init_from>
          </surface>
        </newparam>
        <newparam sid="guichuan_tga-sampler">
          <sampler2D>
            <source>guichuan_tga-surface</source>
          </sampler2D>
        </newparam>
        <technique sid="common">
          <lambert>
            <emission>
              <color sid="emission">0 0 0 1</color>
            </emission>
            <diffuse>
              <texture texture="guichuan_tga-sampler" texcoord="UVMap"/>
            </diffuse>
            <index_of_refraction>
              <float sid="ior">1.45</float>
            </index_of_refraction>
          </lambert>
        </technique>
      </profile_COMMON>
    </effect>
  </library_effects>
  <library_images>
    <image id="guichuan_tga" name="guichuan_tga">
      <init_from>guichuan.png</init_from>
    </image>
  </library_images>
  <library_materials>
    <material id="guichuan_Mat-material" name="guichuan_Mat">
      <instance_effect url="#guichuan_Mat-effect"/>
    </material>
  </library_materials>
  <library_geometries>
    <geometry id="feiting_Mesh_003-mesh" name="feiting_Mesh.003">
      <mesh>
        <source id="feiting_Mesh_003-mesh-positions">
          <float_array id="feiting_Mesh_003-mesh-positions-array" count="3780">-8.85129e-6 98.27527 42.67839 -8.85129e-6 98.27527 42.67839 -8.85129e-6 98.27527 42.67839 -8.85129e-6 98.27527 42.67839 -8.85129e-6 98.27527 42.67839 -8.85129e-6 98.27527 42.67839 -8.85129e-6 98.27527 42.67839 -8.85129e-6 98.27527 42.67839 -13.7875 88.54296 42.67839 -13.7875 88.54296 42.67839 -13.7875 88.54296 42.67839 -13.7875 88.54296 42.67839 -13.7875 88.54296 42.67839 -12.42211 88.54296 47.51861 -12.42211 88.54296 47.51861 -12.42211 88.54296 47.51861 -12.42211 88.54296 47.51861 -12.42211 88.54296 47.51861 -8.596375 88.54296 51.40167 -8.596375 88.54296 51.40167 -8.596375 88.54296 51.40167 -8.596375 88.54296 51.40167 -8.596375 88.54296 51.40167 -3.068025 88.54295 53.55765 -3.068025 88.54295 53.55765 -3.068025 88.54295 53.55765 3.067992 88.54295 53.55765 8.596337 88.54296 51.40168 8.596337 88.54296 51.40168 8.596337 88.54296 51.40168 8.596337 88.54296 51.40168 8.596337 88.54296 51.40168 12.42207 88.54295 47.51861 12.42207 88.54295 47.51861 12.42207 88.54295 47.51861 12.42207 88.54295 47.51861 12.42207 88.54295 47.51861 13.78746 88.54296 42.67839 13.78746 88.54296 42.67839 13.78746 88.54296 42.67839 13.78746 88.54296 42.67839 13.78746 88.54296 42.67839 12.42207 88.54295 37.83816 12.42207 88.54295 37.83816 12.42207 88.54295 37.83816 12.42207 88.54295 37.83816 12.42207 88.54295 37.83816 8.596332 88.54296 33.9551 8.596332 88.54296 33.9551 8.596332 88.54296 33.9551 8.596332 88.54296 33.9551 8.596332 88.54296 33.9551 3.067982 88.54295 31.79913 3.067982 88.54295 31.79913 3.067982 88.54295 31.79913 -3.06802 88.54295 31.79913 -3.06802 88.54295 31.79913 -3.06802 88.54295 31.79913 -3.06802 88.54295 31.79913 -8.596376 88.54296 33.9551 -8.596376 88.54296 33.9551 -8.596376 88.54296 33.9551 -8.596376 88.54296 33.9551 -8.596376 88.54296 33.9551 -12.4221 88.54294 37.83816 -12.4221 88.54294 37.83816 -12.4221 88.54294 37.83816 -12.4221 88.54294 37.83816 -12.4221 88.54294 37.83816 -24.84418 61.27362 42.67839 -24.84418 61.27362 42.67839 -24.84418 61.27362 42.67839 -24.84418 61.27362 42.67839 -24.84418 61.27362 42.67839 -24.84418 61.27362 42.67839 -22.38383 61.27361 51.8288 -22.38383 61.27361 51.8288 -22.38383 61.27361 51.8288 -22.38383 61.27361 51.8288 -22.38383 61.27361 51.8288 -22.38383 61.27361 51.8288 -15.4901 61.27362 59.18657 -15.4901 61.27362 59.18657 -15.4901 61.27362 59.18657 -15.4901 61.27362 59.18657 -15.4901 61.27362 59.18657 -15.4901 61.27362 59.18657 -5.52836 61.27363 63.28348 -5.52836 61.27363 63.28348 -5.52836 61.27363 63.28348 5.528346 61.27363 63.28348 5.528346 61.27363 63.28348 5.528346 61.27363 63.28348 15.49008 61.27362 59.18658 15.49008 61.27362 59.18658 15.49008 61.27362 59.18658 15.49008 61.27362 59.18658 15.49008 61.27362 59.18658 15.49008 61.27362 59.18658 22.38382 61.27362 51.82879 22.38382 61.27362 51.82879 22.38382 61.27362 51.82879 22.38382 61.27362 51.82879 22.38382 61.27362 51.82879 22.38382 61.27362 51.82879 24.84416 61.27363 42.67839 24.84416 61.27363 42.67839 24.84416 61.27363 42.67839 24.84416 61.27363 42.67839 24.84416 61.27363 42.67839 24.84416 61.27363 42.67839 22.38381 61.27361 33.52798 22.38381 61.27361 33.52798 22.38381 61.27361 33.52798 22.38381 61.27361 33.52798 22.38381 61.27361 33.52798 22.38381 61.27361 33.52798 15.49007 61.2736 26.17021 15.49007 61.2736 26.17021 15.49007 61.2736 26.17021 15.49007 61.2736 26.17021 15.49007 61.2736 26.17021 15.49007 61.2736 26.17021 5.528334 61.27363 22.07329 5.528334 61.27363 22.07329 5.528334 61.27363 22.07329 -5.528371 61.27362 22.07329 -5.528371 61.27362 22.07329 -5.528371 61.27362 22.07329 -5.528371 61.27362 22.07329 -5.528371 61.27362 22.07329 -15.4901 61.27362 26.1702 -15.4901 61.27362 26.1702 -15.4901 61.27362 26.1702 -15.4901 61.27362 26.1702 -15.4901 61.27362 26.1702 -15.4901 61.27362 26.1702 -22.38384 61.2736 33.52799 -22.38384 61.2736 33.52799 -22.38384 61.2736 33.52799 -22.38384 61.2736 33.52799 -22.38384 61.2736 33.52799 -22.38384 61.2736 33.52799 -30.98018 21.86831 42.67841 -30.98018 21.86831 42.67841 -30.98018 21.86831 42.67841 -30.98018 21.86831 42.67841 -30.98018 21.86831 42.67841 -30.98018 21.86831 42.67841 -27.91219 21.86831 54.91217 -27.91219 21.86831 54.91217 -27.91219 21.86831 54.91217 -27.91219 21.86831 54.91217 -27.91219 21.86831 54.91217 -27.91219 21.86831 54.91217 -19.31582 21.86831 64.74414 -19.31582 21.86831 64.74414 -19.31582 21.86831 64.74414 -19.31582 21.86831 64.74414 -19.31582 21.86831 64.74414 -19.31582 21.86831 64.74414 -6.89375 21.86832 70.21516 -6.89375 21.86832 70.21516 -6.89375 21.86832 70.21516 6.893743 21.86832 70.21514 6.893743 21.86832 70.21514 6.893743 21.86832 70.21514 19.31582 21.86832 64.74414 19.31582 21.86832 64.74414 19.31582 21.86832 64.74414 19.31582 21.86832 64.74414 19.31582 21.86832 64.74414 19.31582 21.86832 64.74414 27.91217 21.86832 54.91217 27.91217 21.86832 54.91217 27.91217 21.86832 54.91217 27.91217 21.86832 54.91217 27.91217 21.86832 54.91217 27.91217 21.86832 54.91217 30.98017 21.86832 42.67839 30.98017 21.86832 42.67839 30.98017 21.86832 42.67839 30.98017 21.86832 42.67839 30.98017 21.86832 42.67839 30.98017 21.86832 42.67839 27.91216 21.86831 30.44463 27.91216 21.86831 30.44463 27.91216 21.86831 30.44463 27.91216 21.86831 30.44463 27.91216 21.86831 30.44463 27.91216 21.86831 30.44463 19.31581 21.86831 20.61267 19.31581 21.86831 20.61267 19.31581 21.86831 20.61267 19.31581 21.86831 20.61267 19.31581 21.86831 20.61267 19.31581 21.86831 20.61267 6.893731 21.86831 13.15735 6.893731 21.86831 13.15735 6.893731 21.86831 13.15735 -6.893745 21.86831 13.15735 -6.893745 21.86831 13.15735 -6.893745 21.86831 13.15735 -6.893745 21.86831 13.15735 -6.893745 21.86831 13.15735 -19.31584 21.86832 20.61266 -19.31584 21.86832 20.61266 -19.31584 21.86832 20.61266 -19.31584 21.86832 20.61266 -19.31584 21.86832 20.61266 -19.31584 21.86832 20.61266 -27.91219 21.86832 30.44463 -27.91219 21.86832 30.44463 -27.91219 21.86832 30.44463 -27.91219 21.86832 30.44463 -27.91219 21.86832 30.44463 -27.91219 21.86832 30.44463 -30.98018 -21.86828 42.67841 -30.98018 -21.86828 42.67841 -30.98018 -21.86828 42.67841 -30.98018 -21.86828 42.67841 -30.98018 -21.86828 42.67841 -30.98018 -21.86828 42.67841 -27.91218 -21.86828 55.84592 -27.91218 -21.86828 55.84592 -27.91218 -21.86828 55.84592 -27.91218 -21.86828 55.84592 -27.91218 -21.86828 55.84592 -27.91218 -21.86828 55.84592 -19.31583 -21.86828 66.38423 -19.31583 -21.86828 66.38423 -19.31583 -21.86828 66.38423 -19.31583 -21.86828 66.38423 -19.31583 -21.86828 66.38423 -19.31583 -21.86828 66.38423 -6.893748 -21.86828 72.21784 -6.893748 -21.86828 72.21784 -6.893748 -21.86828 72.21784 6.893746 -21.86828 72.21784 6.893746 -21.86828 72.21784 6.893746 -21.86828 72.21784 19.31583 -21.86828 66.38421 19.31583 -21.86828 66.38421 19.31583 -21.86828 66.38421 19.31583 -21.86828 66.38421 19.31583 -21.86828 66.38421 19.31583 -21.86828 66.38421 27.91217 -21.86828 55.84592 27.91217 -21.86828 55.84592 27.91217 -21.86828 55.84592 27.91217 -21.86828 55.84592 27.91217 -21.86828 55.84592 27.91217 -21.86828 55.84592 30.98017 -21.86827 42.6784 30.98017 -21.86827 42.6784 30.98017 -21.86827 42.6784 30.98017 -21.86827 42.6784 30.98017 -21.86827 42.6784 30.98017 -21.86827 42.6784 27.91217 -21.86828 29.51088 27.91217 -21.86828 29.51088 27.91217 -21.86828 29.51088 27.91217 -21.86828 29.51088 27.91217 -21.86828 29.51088 27.91217 -21.86828 29.51088 19.31582 -21.86828 18.97259 19.31582 -21.86828 18.97259 19.31582 -21.86828 18.97259 19.31582 -21.86828 18.97259 19.31582 -21.86828 18.97259 19.31582 -21.86828 18.97259 6.893734 -21.86829 13.13897 6.893734 -21.86829 13.13897 6.893734 -21.86829 13.13897 -6.893754 -21.86828 13.13897 -6.893754 -21.86828 13.13897 -6.893754 -21.86828 13.13897 -6.893754 -21.86828 13.13897 -19.31582 -21.86829 18.97259 -19.31582 -21.86829 18.97259 -19.31582 -21.86829 18.97259 -19.31582 -21.86829 18.97259 -19.31582 -21.86829 18.97259 -19.31582 -21.86829 18.97259 -27.91218 -21.86828 29.51089 -27.91218 -21.86828 29.51089 -27.91218 -21.86828 29.51089 -27.91218 -21.86828 29.51089 -27.91218 -21.86828 29.51089 -27.91218 -21.86828 29.51089 -24.84417 -61.27359 42.67841 -24.84417 -61.27359 42.67841 -24.84417 -61.27359 42.67841 -24.84417 -61.27359 42.67841 -24.84417 -61.27359 42.67841 -24.84417 -61.27359 42.67841 -22.38383 -61.27359 53.89826 -22.38383 -61.27359 53.89826 -22.38383 -61.27359 53.89826 -22.38383 -61.27359 53.89826 -22.38383 -61.27359 53.89826 -22.38383 -61.27359 53.89826 -15.49009 -61.27359 62.87615 -15.49009 -61.27359 62.87615 -15.49009 -61.27359 62.87615 -15.49009 -61.27359 62.87615 -15.49009 -61.27359 62.87615 -15.49009 -61.27359 62.87615 -5.528356 -61.27359 67.84486 -5.528356 -61.27359 67.84486 -5.528356 -61.27359 67.84486 5.528363 -61.27359 67.84486 5.528363 -61.27359 67.84486 5.528363 -61.27359 67.84486 15.49009 -61.27359 62.87615 15.49009 -61.27359 62.87615 15.49009 -61.27359 62.87615 15.49009 -61.27359 62.87615 15.49009 -61.27359 62.87615 15.49009 -61.27359 62.87615 22.38383 -61.27359 53.89826 22.38383 -61.27359 53.89826 22.38383 -61.27359 53.89826 22.38383 -61.27359 53.89826 22.38383 -61.27359 53.89826 22.38383 -61.27359 53.89826 24.84417 -61.27359 42.6784 24.84417 -61.27359 42.6784 24.84417 -61.27359 42.6784 24.84417 -61.27359 42.6784 24.84417 -61.27359 42.6784 24.84417 -61.27359 42.6784 22.38383 -61.2736 31.45855 22.38383 -61.2736 31.45855 22.38383 -61.2736 31.45855 22.38383 -61.2736 31.45855 22.38383 -61.2736 31.45855 22.38383 -61.2736 31.45855 15.49009 -61.2736 22.48066 15.49009 -61.2736 22.48066 15.49009 -61.2736 22.48066 15.49009 -61.2736 22.48066 15.49009 -61.2736 22.48066 15.49009 -61.2736 22.48066 5.528349 -61.27359 17.51195 5.528349 -61.27359 17.51195 5.528349 -61.27359 17.51195 -5.528353 -61.27359 17.51196 -5.528353 -61.27359 17.51196 -5.528353 -61.27359 17.51196 -5.528353 -61.27359 17.51196 -5.528353 -61.27359 17.51196 -5.528353 -61.27359 17.51196 -15.49009 -61.27359 22.48066 -15.49009 -61.27359 22.48066 -15.49009 -61.27359 22.48066 -15.49009 -61.27359 22.48066 -15.49009 -61.27359 22.48066 -15.49009 -61.27359 22.48066 -22.38382 -61.27359 31.45855 -22.38382 -61.27359 31.45855 -22.38382 -61.27359 31.45855 -22.38382 -61.27359 31.45855 -22.38382 -61.27359 31.45855 -22.38382 -61.27359 31.45855 -13.78747 -88.54291 42.6784 -13.78747 -88.54291 42.6784 -13.78747 -88.54291 42.6784 -13.78747 -88.54291 42.6784 -13.78747 -88.54291 42.6784 -12.42208 -88.54292 49.14282 -12.42208 -88.54292 49.14282 -12.42208 -88.54292 49.14282 -12.42208 -88.54292 49.14282 -12.42208 -88.54292 49.14282 -8.596349 -88.54291 54.32538 -8.596349 -88.54291 54.32538 -8.596349 -88.54291 54.32538 -8.596349 -88.54291 54.32538 -8.596349 -88.54291 54.32538 -3.067997 -88.54291 57.20044 -3.067997 -88.54291 57.20044 -3.067997 -88.54291 57.20044 3.068011 -88.54291 57.20044 3.068011 -88.54291 57.20044 8.596358 -88.54291 54.32538 8.596358 -88.54291 54.32538 8.596358 -88.54291 54.32538 8.596358 -88.54291 54.32538 8.596358 -88.54291 54.32538 12.42209 -88.54291 49.14282 12.42209 -88.54291 49.14282 12.42209 -88.54291 49.14282 12.42209 -88.54291 49.14282 12.42209 -88.54291 49.14282 13.78748 -88.5429 42.6784 13.78748 -88.5429 42.6784 13.78748 -88.5429 42.6784 13.78748 -88.5429 42.6784 13.78748 -88.5429 42.6784 12.42209 -88.54291 36.214 12.42209 -88.54291 36.214 12.42209 -88.54291 36.214 12.42209 -88.54291 36.214 12.42209 -88.54291 36.214 8.596354 -88.54291 31.03144 8.596354 -88.54291 31.03144 8.596354 -88.54291 31.03144 8.596354 -88.54291 31.03144 8.596354 -88.54291 31.03144 3.068007 -88.54292 28.15638 3.068007 -88.54292 28.15638 3.068007 -88.54292 28.15638 3.068007 -88.54292 28.15638 -3.068002 -88.54292 28.15638 -3.068002 -88.54292 28.15638 -3.068002 -88.54292 28.15638 -3.068002 -88.54292 28.15638 -8.596354 -88.5429 31.03145 -8.596354 -88.5429 31.03145 -8.596354 -88.5429 31.03145 -8.596354 -88.5429 31.03145 -8.596354 -88.5429 31.03145 -12.42208 -88.54291 36.21401 -12.42208 -88.54291 36.21401 -12.42208 -88.54291 36.21401 -12.42208 -88.54291 36.21401 -12.42208 -88.54291 36.21401 2.38717e-6 -93.80609 42.67841 2.38717e-6 -93.80609 42.67841 2.38717e-6 -93.80609 42.67841 2.38717e-6 -93.80609 42.67841 2.38717e-6 -93.80609 42.67841 2.38717e-6 -93.80609 42.67841 0.5477955 70.21088 43.17469 0.5477955 70.21088 43.17469 21.0625 70.21087 43.17469 21.0625 70.21087 42.18204 0.5477937 70.21088 42.18204 0.5477992 70.21087 21.66733 -0.4450743 70.21087 21.66734 -0.4448851 70.21088 42.18204 -20.95956 70.21086 42.18204 -20.95956 70.21086 43.17469 -0.4449042 70.21088 43.17468 -0.4459241 70.21087 63.68939 0.547852 70.21088 63.68939 0.5478019 113.4109 43.17468 21.0625 113.4109 43.17468 21.0625 113.4109 43.17468 21.0625 113.4109 42.18204 21.0625 113.4109 42.18204 0.5478013 113.4109 42.18204 0.5478143 113.4109 21.66733 0.5478143 113.4109 21.66733 -0.4447677 113.4109 21.66733 -0.4447677 113.4109 21.66733 -0.4448344 113.4109 42.18204 -0.4448344 113.4109 42.18204 -20.95955 113.4109 42.18204 -20.95955 113.4109 42.18204 -20.95955 113.4109 43.17469 -20.95955 113.4109 43.17469 -0.444834 113.4109 43.17468 -0.444834 113.4109 43.17468 -0.4447476 113.4109 63.68939 -0.4447476 113.4109 63.68939 0.5478327 113.4109 63.68939 0.5478327 113.4109 63.68939 3.067992 88.54295 53.55765 3.067992 88.54295 53.55765 3.067992 88.54295 53.55765 -8.85129e-6 98.27527 42.67839 -8.85129e-6 98.27527 42.67839 -8.85129e-6 98.27527 42.67839 -8.85129e-6 98.27527 42.67839 -8.85129e-6 98.27527 42.67839 -8.85129e-6 98.27527 42.67839 3.067982 88.54295 31.79913 3.067982 88.54295 31.79913 -5.52836 61.27363 63.28348 -5.52836 61.27363 63.28348 -5.52836 61.27363 63.28348 -3.068025 88.54295 53.55765 -3.068025 88.54295 53.55765 3.067992 88.54295 53.55765 5.528346 61.27363 63.28348 5.528346 61.27363 63.28348 5.528346 61.27363 63.28348 5.528334 61.27363 22.07329 5.528334 61.27363 22.07329 5.528334 61.27363 22.07329 -3.06802 88.54295 31.79913 -5.528371 61.27362 22.07329 -6.89375 21.86832 70.21516 -6.89375 21.86832 70.21516 -6.89375 21.86832 70.21516 6.893743 21.86832 70.21514 6.893743 21.86832 70.21514 6.893743 21.86832 70.21514 6.893731 21.86831 13.15735 -6.893748 -21.86828 72.21784 -6.893748 -21.86828 72.21784 -6.893748 -21.86828 72.21784 6.893746 -21.86828 72.21784 6.893746 -21.86828 72.21784 6.893746 -21.86828 72.21784 -5.528356 -61.27359 67.84486 -5.528356 -61.27359 67.84486 -5.528356 -61.27359 67.84486 5.528363 -61.27359 67.84486 5.528363 -61.27359 67.84486 5.528363 -61.27359 67.84486 5.528349 -61.27359 17.51195 5.528349 -61.27359 17.51195 5.528349 -61.27359 17.51195 6.893734 -21.86829 13.13897 6.893734 -21.86829 13.13897 -3.067997 -88.54291 57.20044 3.068011 -88.54291 57.20044 3.068011 -88.54291 57.20044 3.068007 -88.54292 28.15638 -3.067997 -88.54291 57.20044 3.068011 -88.54291 57.20044 2.38717e-6 -93.80609 42.67841 2.38717e-6 -93.80609 42.67841 2.38717e-6 -93.80609 42.67841 2.38717e-6 -93.80609 42.67841 2.38717e-6 -93.80609 42.67841 2.38717e-6 -93.80609 42.67841 2.38717e-6 -93.80609 42.67841 2.38717e-6 -93.80609 42.67841 -3.068002 -88.54292 28.15638 21.0625 70.21087 43.17469 21.0625 70.21087 43.17469 21.0625 113.4109 43.17468 21.0625 70.21087 42.18204 21.0625 113.4109 42.18204 0.5477937 70.21088 42.18204 0.5477937 70.21088 42.18204 0.5478013 113.4109 42.18204 0.5477992 70.21087 21.66733 0.5477992 70.21087 21.66733 0.5478143 113.4109 21.66733 -0.4450743 70.21087 21.66734 -0.4450743 70.21087 21.66734 -0.4447677 113.4109 21.66733 -0.4448851 70.21088 42.18204 -0.4448851 70.21088 42.18204 -0.4448344 113.4109 42.18204 -20.95956 70.21086 42.18204 -20.95956 70.21086 42.18204 -20.95955 113.4109 42.18204 -20.95956 70.21086 43.17469 -20.95956 70.21086 43.17469 -20.95955 113.4109 43.17469 -0.4449042 70.21088 43.17468 -0.4449042 70.21088 43.17468 -0.444834 113.4109 43.17468 -0.4459241 70.21087 63.68939 -0.4459241 70.21087 63.68939 -0.4447476 113.4109 63.68939 0.5478019 113.4109 43.17468 0.5478019 113.4109 43.17468 0.5477955 70.21088 43.17469 0.547852 70.21088 63.68939 0.547852 70.21088 63.68939 0.5478327 113.4109 63.68939 -20.95956 70.21086 43.17469 -0.4449042 70.21088 43.17468 -0.4449042 70.21088 43.17468 -0.4449042 70.21088 43.17468 -0.4449042 70.21088 43.17468 -0.4449042 70.21088 43.17468 -20.95956 70.21086 42.18204 -20.95956 70.21086 42.18204 -0.4448851 70.21088 42.18204 -0.4448851 70.21088 42.18204 -0.4448851 70.21088 42.18204 21.0625 70.21087 42.18204 0.5477937 70.21088 42.18204 0.5477937 70.21088 42.18204 0.5477937 70.21088 42.18204 0.5477937 70.21088 42.18204 0.5477937 70.21088 42.18204 21.0625 70.21087 43.17469 21.0625 70.21087 43.17469 0.5477955 70.21088 43.17469 0.5477955 70.21088 43.17469 0.5477955 70.21088 43.17469 0.5477955 70.21088 43.17469 0.547852 70.21088 63.68939 -0.4459241 70.21087 63.68939 -0.4459241 70.21087 63.68939 0.5477992 70.21087 21.66733 0.5477992 70.21087 21.66733 -0.4450743 70.21087 21.66734 -0.444834 113.4109 43.17468 -0.444834 113.4109 43.17468 -0.444834 113.4109 43.17468 -0.444834 113.4109 43.17468 -0.444834 113.4109 43.17468 -20.95955 113.4109 43.17469 -20.95955 113.4109 42.18204 -20.95955 113.4109 42.18204 -0.4448344 113.4109 42.18204 -0.4448344 113.4109 42.18204 -0.4448344 113.4109 42.18204 -0.4448344 113.4109 42.18204 0.5478013 113.4109 42.18204 0.5478013 113.4109 42.18204 0.5478013 113.4109 42.18204 0.5478013 113.4109 42.18204 0.5478013 113.4109 42.18204 21.0625 113.4109 42.18204 21.0625 113.4109 43.17468 21.0625 113.4109 43.17468 0.5478019 113.4109 43.17468 0.5478019 113.4109 43.17468 0.5478019 113.4109 43.17468 0.5478019 113.4109 43.17468 0.5478327 113.4109 63.68939 -0.4447476 113.4109 63.68939 -0.4447476 113.4109 63.68939 0.5478143 113.4109 21.66733 0.5478143 113.4109 21.66733 -0.4447677 113.4109 21.66733 0.9499199 52.47367 5.077705 0.9499199 52.47367 5.077705 0.9499199 52.47367 5.077705 0.2963513 51.22711 5.033878 0.2963513 51.22711 5.033878 0.2963513 51.22711 5.033878 1.416807 52.84077 -4.609713 1.416807 52.84077 -4.609713 1.416807 52.84077 -4.609713 1.416807 52.84077 -4.609713 0.7633911 51.59424 -4.653532 0.7633911 51.59424 -4.653532 0.7633911 51.59424 -4.653532 0.7633911 51.59424 -4.653532 -0.3729776 52.08057 4.984284 -0.3729776 52.08057 4.984284 0.0965467 52.44768 -4.703134 0.0965467 52.44768 -4.703134 -0.006768822 50.07291 -8.365787 -0.006768822 50.07291 -8.365787 0.2172876 59.16197 -8.605399 0.096542 52.98022 -0.9575216 0.06884336 58.34865 -1.166605 0.06884336 58.34865 -1.166605 -0.006872117 50.07291 -8.365805 -0.006872117 50.07291 -8.365805 0.2172788 59.16197 -8.605416 0.09654301 52.98022 -0.9575474 0.06876796 58.34865 -1.166634 0.06876796 58.34865 -1.166634 -11.50498 -45.8235 -4.026038 -11.50498 -45.8235 -4.026038 -11.50498 -45.8235 -4.026038 -11.50498 -45.8235 -4.026038 -9.8664 -45.82347 -4.026036 -9.8664 -45.82347 -4.026036 -9.8664 -45.82347 -4.026036 -9.8664 -45.82347 -4.026036 -9.8664 -45.82347 -4.026036 -9.8664 -45.82347 -4.026036 -1.789612 -49.14572 -4.026035 -1.789612 -49.14572 -4.026035 -1.789612 -49.14572 -4.026035 -1.789612 -49.14572 -4.026035 -1.789612 -49.14572 -4.026035 -1.789612 -49.14572 -4.026035 3.068085 -49.14573 -4.026035 3.068085 -49.14573 -4.026035 3.068085 -49.14573 -4.026035 3.068085 -49.14573 -4.026035 3.068085 -49.14573 -4.026035 3.068085 -49.14573 -4.026035 11.14486 -45.8235 -4.026033 11.14486 -45.8235 -4.026033 11.14486 -45.8235 -4.026033 11.14486 -45.8235 -4.026033 11.14486 -45.8235 -4.026033 11.14486 -45.8235 -4.026033 12.78346 -45.8235 -4.026036 12.78346 -45.8235 -4.026036 -11.59337 -38.8781 -7.891712 -6.700012 -38.8781 -7.891714 -6.700012 -38.8781 -7.891714 -6.700012 -38.8781 -7.891714 -1.806668 -38.80646 -7.89171 -1.806668 -38.80646 -7.89171 -1.806668 -38.80646 -7.89171 3.086728 -38.80646 -7.891712 3.086728 -38.80646 -7.891712 3.086728 -38.80646 -7.891712 7.980103 -38.80646 -7.891705 7.980103 -38.80646 -7.891705 7.980103 -38.80646 -7.891705 12.87346 -38.73368 -7.891708 12.87346 -38.73368 -7.891708 -16.4377 1.425096 -9.583691 -16.4377 1.425096 -9.583691 -16.4377 1.425096 -9.583691 -16.4377 1.425096 -9.583691 -16.4377 1.425096 -9.583691 -16.4377 1.425096 -9.583691 -10.71998 1.425031 -12.02106 -10.71998 1.425031 -12.02106 -10.71998 1.425031 -12.02106 -4.477452 1.42503 -12.02106 -4.477452 1.42503 -12.02106 -4.477452 1.42503 -12.02106 -4.477452 1.42503 -12.02106 -4.477452 1.42503 -12.02106 -4.477452 1.42503 -12.02106 5.757577 1.425033 -12.02106 5.757577 1.425033 -12.02106 5.757577 1.425033 -12.02106 5.757577 1.425033 -12.02106 5.757577 1.425033 -12.02106 5.757577 1.425033 -12.02106 12.0001 1.425049 -12.02106 12.0001 1.425049 -12.02106 12.0001 1.425049 -12.02106 17.7178 1.425099 -9.583694 17.7178 1.425099 -9.583694 17.7178 1.425099 -9.583694 17.7178 1.425099 -9.583694 17.7178 1.425099 -9.583694 17.7178 1.425099 -9.583694 -16.43772 44.40199 -5.452186 -16.43772 44.40199 -5.452186 -16.43772 44.40199 -5.452186 -16.43772 44.40199 -5.452186 -16.43772 44.40199 -5.452186 -16.43772 44.40199 -5.452186 -14.71251 44.40193 -7.889556 -14.71251 44.40193 -7.889556 -14.71251 44.40193 -7.889556 -4.477475 44.40193 -7.889552 -4.477475 44.40193 -7.889552 -4.477475 44.40193 -7.889552 -4.477475 44.40193 -7.889552 -4.477475 44.40193 -7.889552 -4.477475 44.40193 -7.889552 5.757563 44.40194 -7.88955 5.757563 44.40194 -7.88955 5.757563 44.40194 -7.88955 5.757563 44.40194 -7.88955 5.757563 44.40194 -7.88955 5.757563 44.40194 -7.88955 15.99259 44.40193 -7.889549 15.99259 44.40193 -7.889549 15.99259 44.40193 -7.889549 17.71778 44.402 -5.452184 17.71778 44.402 -5.452184 17.71778 44.402 -5.452184 17.71778 44.402 -5.452184 17.71778 44.402 -5.452184 -11.49358 51.35354 4.168139 -11.49358 51.35354 4.168139 -11.49358 51.35354 4.168139 -6.640126 51.35344 -0.7508655 -6.640126 51.35344 -0.7508655 -1.7867 51.35345 -0.7508655 -1.7867 51.35345 -0.7508655 -1.7867 51.35345 -0.7508655 3.066719 51.35345 -0.7508655 3.066719 51.35345 -0.7508655 3.066719 51.35345 -0.7508655 7.920137 51.35345 -0.7508655 7.920137 51.35345 -0.7508655 12.77352 51.35354 4.168135 12.77352 51.35354 4.168135 12.77352 51.35354 4.168135 12.77352 51.35354 4.168135 -11.50504 -49.60744 9.574285 -11.50504 -49.60744 9.574285 -9.866441 -51.0267 9.175576 -1.789666 -52.76454 3.657673 -1.789666 -52.76454 3.657673 -1.789666 -52.76454 3.657673 -1.789666 -52.76454 3.657673 -1.789666 -52.76454 3.657673 -1.789666 -52.76454 3.657673 3.068031 -52.76454 3.65767 3.068031 -52.76454 3.65767 3.068031 -52.76454 3.65767 3.068031 -52.76454 3.65767 3.068031 -52.76454 3.65767 3.068031 -52.76454 3.65767 11.1448 -51.0267 9.175576 11.1448 -51.0267 9.175576 11.1448 -51.0267 9.175576 11.1448 -51.0267 9.175576 12.78339 -49.60744 9.574289 -14.89575 -31.75746 9.205696 -14.89575 -31.75746 9.205696 -11.23785 -40.62739 4.931158 -11.23785 -40.62739 4.931158 -11.23785 -40.62739 4.931158 -1.509368 -43.94964 4.931158 -1.509368 -43.94964 4.931158 -1.509368 -43.94964 4.931158 2.776634 -43.94961 4.931159 2.776634 -43.94961 4.931159 2.776634 -43.94961 4.931159 2.776634 -43.94961 4.931159 12.50345 -40.62738 4.931158 16.19245 -31.67084 9.289339 16.19245 -31.67084 9.289339 -14.91256 1.425653 9.290167 -14.91256 1.425653 9.290167 -14.91256 1.425653 9.290167 -11.75011 1.434515 14.54525 -11.75011 1.434515 14.54525 -11.75011 1.434515 14.54525 -5.32462 1.434522 14.54525 -5.32462 1.434522 14.54525 -5.32462 1.434522 14.54525 6.687829 1.434523 14.54525 6.687829 1.434523 14.54525 6.687829 1.434523 14.54525 13.01603 1.43453 14.54525 13.01603 1.43453 14.54525 13.01603 1.43453 14.54525 16.19246 1.425651 9.29017 16.19246 1.425651 9.29017 16.19246 1.425651 9.29017 16.19246 1.425651 9.29017 -14.91256 34.52215 9.291001 -10.16598 39.44104 5.352958 -10.16598 39.44104 5.352958 -5.704456 37.60441 5.35296 -5.704456 37.60441 5.35296 6.855208 37.60441 5.352962 11.32986 39.44105 5.352965 11.32986 39.44105 5.352965 16.19246 34.52215 9.290999 16.19246 34.52215 9.290999 -8.842285 64.89308 9.968307 -6.463481 65.92736 9.043976 -6.463481 65.92736 9.043976 -1.78682 65.40875 5.045718 -1.78682 65.40875 5.045718 -1.78682 65.40875 5.045718 3.066666 65.40876 5.045729 3.066666 65.40876 5.045729 3.066666 65.40876 5.045729 7.743289 65.92736 9.043958 7.743289 65.92736 9.043958 10.12209 64.89309 9.968302 10.12209 64.89309 9.968302 10.12209 64.89309 9.968302 -11.11852 39.44148 14.54525 -11.11852 39.44148 14.54525 -5.324551 37.60466 14.52255 -5.324551 37.60466 14.52255 6.687907 37.60466 14.52255 6.687907 37.60466 14.52255 12.38445 39.44148 14.54525 12.38445 39.44148 14.54525 -14.8953 -31.75813 9.202534 -14.8953 -31.75813 9.202534 -14.8953 -31.75813 9.202534 -14.8953 -31.75813 9.202534 -16.43771 -17.21914 -8.536178 -16.43771 -17.21914 -8.536178 -16.43771 -17.21914 -8.536178 -16.43771 -17.21914 -8.536178 -16.43771 -17.21914 -8.536178 -10.71999 -17.17734 -10.97757 -10.71999 -17.17734 -10.97757 -10.71999 -17.17734 -10.97757 -10.79767 -40.51748 14.54525 -5.32463 -40.4942 14.54526 -5.32463 -40.4942 14.54526 6.687814 -40.47695 14.54525 6.687814 -40.47695 14.54525 6.687814 -40.47695 14.54525 12.05992 -40.45367 14.54526 12.05992 -40.45367 14.54526 16.1876 -31.74022 9.289339 16.1876 -31.74022 9.289339 16.1876 -31.74022 9.289339 -4.477457 -17.12697 -10.98241 -4.477457 -17.12697 -10.98241 -4.477457 -17.12697 -10.98241 -4.477457 -17.12697 -10.98241 -4.477457 -17.12697 -10.98241 -4.477457 -17.12697 -10.98241 5.757577 -17.0766 -10.98725 5.757577 -17.0766 -10.98725 5.757577 -17.0766 -10.98725 5.757577 -17.0766 -10.98725 5.757577 -17.0766 -10.98725 5.757577 -17.0766 -10.98725 12.0001 -17.02622 -10.99209 12.0001 -17.02622 -10.99209 12.0001 -17.02622 -10.99209 17.71781 -16.97577 -8.559565 17.71781 -16.97577 -8.559565 17.71781 -16.97577 -8.559565 17.71781 -16.97577 -8.559565 17.71781 -16.97577 -8.559565 -9.952318 51.94404 5.36292 -9.952318 51.94404 5.36292 -2.280926 51.95848 5.354053 -2.280926 51.95848 5.354053 -2.280926 51.95848 5.354053 3.565852 51.95366 5.352966 3.565852 51.95366 5.352966 3.565852 51.95366 5.352966 11.26414 51.92998 5.357765 11.26414 51.92998 5.357765 -4.314825 -44.37071 5.352602 5.492416 -44.37072 5.352603 5.492416 -44.37072 5.352603 -4.018178 -44.37047 14.52219 -4.018178 -44.37047 14.52219 -4.018178 -44.37047 14.52219 5.361779 -44.37047 14.52219 5.361779 -44.37047 14.52219 5.361779 -44.37047 14.52219 -1.729882 -51.03557 9.173082 -1.729882 -51.03557 9.173082 -1.729882 -51.03557 9.173082 -1.729882 -51.03557 9.173082 -1.729882 -51.03557 9.173082 -1.729882 -51.03557 9.173082 3.005882 -51.03557 9.173084 3.005882 -51.03557 9.173084 3.005882 -51.03557 9.173084 3.005882 -51.03557 9.173084 3.005882 -51.03557 9.173084 -9.866443 -51.3295 8.866995 -9.866443 -51.3295 8.866995 -1.789662 -55.94114 7.526356 -1.789662 -55.94114 7.526356 -1.789662 -55.94114 7.526356 -1.789662 -55.94114 7.526356 -1.789662 -55.94114 7.526356 -1.789662 -55.94114 7.526356 3.068032 -55.94114 7.526356 3.068032 -55.94114 7.526356 3.068032 -55.94114 7.526356 11.1448 -51.3295 8.867 11.1448 -51.3295 8.867 11.1448 -51.3295 8.867 3.005881 -55.81801 9.210545 3.005881 -55.81801 9.210545 -1.729884 -55.81801 9.210546 -1.729884 -55.81801 9.210546 -10.09343 36.20862 14.25005 -11.08843 37.19115 14.24465 -12.21734 36.45547 14.24869 13.92909 37.19116 14.24465 12.9341 36.20862 14.25005 15.05801 36.45547 14.2487 -0.3729776 52.08057 4.984284 0.9499199 52.47367 5.077705 0.2963513 51.22711 5.033878 -0.3729776 52.08057 4.984284 0.0965467 52.44768 -4.703134 0.0965467 52.44768 -4.703134 -11.59337 -38.8781 -7.891712 -11.59337 -38.8781 -7.891712 -11.59337 -38.8781 -7.891712 -11.59337 -38.8781 -7.891712 -11.59337 -38.8781 -7.891712 -6.700012 -38.8781 -7.891714 -10.71999 -17.17734 -10.97757 -10.71999 -17.17734 -10.97757 -10.71999 -17.17734 -10.97757 -10.71998 1.425031 -12.02106 -10.71998 1.425031 -12.02106 -10.71998 1.425031 -12.02106 -6.700012 -38.8781 -7.891714 -6.700012 -38.8781 -7.891714 -1.806668 -38.80646 -7.89171 -1.806668 -38.80646 -7.89171 -1.806668 -38.80646 -7.89171 3.086728 -38.80646 -7.891712 3.086728 -38.80646 -7.891712 3.086728 -38.80646 -7.891712 7.980103 -38.80646 -7.891705 7.980103 -38.80646 -7.891705 7.980103 -38.80646 -7.891705 12.87346 -38.73368 -7.891708 12.87346 -38.73368 -7.891708 12.87346 -38.73368 -7.891708 12.87346 -38.73368 -7.891708 12.0001 -17.02622 -10.99209 12.0001 -17.02622 -10.99209 12.0001 -17.02622 -10.99209 -14.71251 44.40193 -7.889556 -14.71251 44.40193 -7.889556 -14.71251 44.40193 -7.889556 12.0001 1.425049 -12.02106 12.0001 1.425049 -12.02106 12.0001 1.425049 -12.02106 15.99259 44.40193 -7.889549 15.99259 44.40193 -7.889549 15.99259 44.40193 -7.889549 -6.640126 51.35344 -0.7508655 7.920137 51.35345 -0.7508655 -9.866441 -51.0267 9.175576 -9.866441 -51.0267 9.175576 -9.866441 -51.0267 9.175576 -11.23785 -40.62739 4.931158 11.1448 -51.0267 9.175576 11.1448 -51.0267 9.175576 11.1448 -51.0267 9.175576 12.50345 -40.62738 4.931158 12.50345 -40.62738 4.931158 -14.89575 -31.75746 9.205696 -14.89575 -31.75746 9.205696 -11.23785 -40.62739 4.931158 -11.23785 -40.62739 4.931158 -10.79767 -40.51748 14.54525 -1.509368 -43.94964 4.931158 -5.32463 -40.4942 14.54526 -10.79767 -40.51748 14.54525 -10.79767 -40.51748 14.54525 -11.75011 1.434515 14.54525 -11.75011 1.434515 14.54525 -11.75011 1.434515 14.54525 -1.509368 -43.94964 4.931158 -1.509368 -43.94964 4.931158 -5.32463 -40.4942 14.54526 -5.32463 -40.4942 14.54526 -5.32463 -40.4942 14.54526 2.776634 -43.94961 4.931159 -5.32462 1.434522 14.54525 -5.32462 1.434522 14.54525 -5.32462 1.434522 14.54525 2.776634 -43.94961 4.931159 2.776634 -43.94961 4.931159 6.687814 -40.47695 14.54525 12.50345 -40.62738 4.931158 12.05992 -40.45367 14.54526 6.687814 -40.47695 14.54525 6.687814 -40.47695 14.54525 6.687829 1.434523 14.54525 6.687829 1.434523 14.54525 6.687829 1.434523 14.54525 12.05992 -40.45367 14.54526 12.05992 -40.45367 14.54526 13.01603 1.43453 14.54525 13.01603 1.43453 14.54525 13.01603 1.43453 14.54525 16.1876 -31.74022 9.289339 16.1876 -31.74022 9.289339 16.19245 -31.67084 9.289339 -11.11852 39.44148 14.54525 -14.91256 34.52215 9.291001 -14.91256 34.52215 9.291001 -14.91256 34.52215 9.291001 -14.91256 34.52215 9.291001 -11.11852 39.44148 14.54525 -5.324551 37.60466 14.52255 -11.11852 39.44148 14.54525 -11.11852 39.44148 14.54525 -10.16598 39.44104 5.352958 -5.324551 37.60466 14.52255 6.687907 37.60466 14.52255 12.38445 39.44148 14.54525 6.687907 37.60466 14.52255 6.687907 37.60466 14.52255 12.38445 39.44148 14.54525 12.38445 39.44148 14.54525 11.32986 39.44105 5.352965 11.32986 39.44105 5.352965 11.32986 39.44105 5.352965 16.19246 34.52215 9.290999 16.19246 34.52215 9.290999 -10.16598 39.44104 5.352958 -10.16598 39.44104 5.352958 -9.952318 51.94404 5.36292 -5.704456 37.60441 5.35296 -5.704456 37.60441 5.35296 -5.704456 37.60441 5.35296 -2.280926 51.95848 5.354053 -2.280926 51.95848 5.354053 -2.280926 51.95848 5.354053 -9.952318 51.94404 5.36292 -9.952318 51.94404 5.36292 -6.463481 65.92736 9.043976 6.855208 37.60441 5.352962 6.855208 37.60441 5.352962 6.855208 37.60441 5.352962 3.565852 51.95366 5.352966 3.565852 51.95366 5.352966 3.565852 51.95366 5.352966 11.32986 39.44105 5.352965 11.26414 51.92998 5.357765 11.26414 51.92998 5.357765 11.26414 51.92998 5.357765 7.743289 65.92736 9.043958 -11.50504 -49.60744 9.574285 -9.866441 -51.0267 9.175576 -9.866441 -51.0267 9.175576 -9.866441 -51.0267 9.175576 -9.866441 -51.0267 9.175576 -9.866441 -51.0267 9.175576 11.1448 -51.0267 9.175576 11.1448 -51.0267 9.175576 11.1448 -51.0267 9.175576 11.1448 -51.0267 9.175576 12.78339 -49.60744 9.574289 12.78339 -49.60744 9.574289 12.78346 -45.8235 -4.026036 12.78346 -45.8235 -4.026036 12.78339 -49.60744 9.574289 16.19245 -31.67084 9.289339 16.19245 -31.67084 9.289339 16.19245 -31.67084 9.289339 16.19246 1.425651 9.29017 16.19246 1.425651 9.29017 16.19246 1.425651 9.29017 16.19246 1.425651 9.29017 16.19246 34.52215 9.290999 16.19246 34.52215 9.290999 16.19246 34.52215 9.290999 16.19246 34.52215 9.290999 10.12209 64.89309 9.968302 12.77352 51.35354 4.168135 12.77352 51.35354 4.168135 10.12209 64.89309 9.968302 7.743289 65.92736 9.043958 7.743289 65.92736 9.043958 7.743289 65.92736 9.043958 7.920137 51.35345 -0.7508655 7.920137 51.35345 -0.7508655 7.920137 51.35345 -0.7508655 3.066666 65.40876 5.045729 3.066666 65.40876 5.045729 3.066666 65.40876 5.045729 3.066719 51.35345 -0.7508655 3.066719 51.35345 -0.7508655 3.066719 51.35345 -0.7508655 -1.78682 65.40875 5.045718 -1.78682 65.40875 5.045718 -1.78682 65.40875 5.045718 -1.7867 51.35345 -0.7508655 -1.7867 51.35345 -0.7508655 -1.7867 51.35345 -0.7508655 -6.463481 65.92736 9.043976 -6.463481 65.92736 9.043976 -6.463481 65.92736 9.043976 -6.640126 51.35344 -0.7508655 -6.640126 51.35344 -0.7508655 -6.640126 51.35344 -0.7508655 -8.842285 64.89308 9.968307 -8.842285 64.89308 9.968307 -11.49358 51.35354 4.168139 -8.842285 64.89308 9.968307 -14.91256 34.52215 9.291001 -14.91256 34.52215 9.291001 -14.91256 34.52215 9.291001 -14.91256 1.425653 9.290167 -14.91256 1.425653 9.290167 -14.91256 1.425653 9.290167 -11.50504 -49.60744 9.574285 -11.50504 -49.60744 9.574285 -11.50498 -45.8235 -4.026038 -10.79767 -40.51748 14.54525 12.05992 -40.45367 14.54526 6.855208 37.60441 5.352962 6.855208 37.60441 5.352962 5.492416 -44.37072 5.352603 -4.314825 -44.37071 5.352602 -4.314825 -44.37071 5.352602 -5.704456 37.60441 5.35296 -5.704456 37.60441 5.35296 -5.704456 37.60441 5.35296 -4.314825 -44.37071 5.352602 -4.018178 -44.37047 14.52219 -4.018178 -44.37047 14.52219 -5.324551 37.60466 14.52255 6.687907 37.60466 14.52255 6.687907 37.60466 14.52255 5.361779 -44.37047 14.52219 5.492416 -44.37072 5.352603 5.492416 -44.37072 5.352603 6.855208 37.60441 5.352962 -5.324551 37.60466 14.52255 -5.324551 37.60466 14.52255 6.687907 37.60466 14.52255 3.068032 -55.94114 7.526356 3.068032 -55.94114 7.526356 3.005881 -55.81801 9.210545 3.005881 -55.81801 9.210545 3.005881 -55.81801 9.210545 3.005881 -55.81801 9.210545 11.1448 -51.3295 8.867 -1.729884 -55.81801 9.210546 -1.729884 -55.81801 9.210546 -1.729884 -55.81801 9.210546 -9.866443 -51.3295 8.866995 -9.866443 -51.3295 8.866995 -0.9652317 -31.08319 5.231419 -0.5954599 -26.39246 5.242269 1.792843 -26.95031 5.239548 -6.360554 -0.4109001 -1.588462 -6.360554 -0.4109001 -1.588462 -6.383125 10.64041 -1.588463 -6.383125 10.64041 -1.588463 -6.383125 10.64041 -1.588463 6.413993 -0.346139 -1.583776 6.413993 -0.346139 -1.583776 6.413993 -0.346139 -1.583776 6.391419 10.70517 -1.583778 6.391419 10.70517 -1.583778 6.391419 10.70517 -1.583778 6.391419 10.70517 -1.583778 3.130908 4.918931 -14.3914 3.130908 4.918931 -14.3914 3.130908 4.918931 -14.3914 3.130908 4.918931 -14.3914 3.115573 7.943948 -14.3914 3.115573 7.943948 -14.3914 3.115573 7.943948 -14.3914 3.115573 7.943948 -14.3914 -2.481246 4.89048 -14.39458 -2.481246 4.89048 -14.39458 -2.481246 4.89048 -14.39458 -2.481246 4.89048 -14.39458 -2.481246 4.89048 -14.39458 -2.481246 4.89048 -14.39458 -2.49658 7.915495 -14.39458 -2.49658 7.915495 -14.39458 -2.49658 7.915495 -14.39458 -2.49658 7.915495 -14.39458 2.293932 -5.63671 -14.43619 2.293932 -5.63671 -14.43619 2.278475 -5.678578 -13.4104 2.221495 4.835601 -14.19386 2.206038 4.793732 -13.16807 2.206038 4.793732 -13.16807 2.022717 -5.63671 -14.43619 2.022717 -5.63671 -14.43619 2.00726 -5.678578 -13.4104 1.95028 4.835601 -14.19386 1.934823 4.793732 -13.16807 1.934823 4.793732 -13.16807 -0.9606545 -5.63671 -14.43619 -0.9606545 -5.63671 -14.43619 -0.9761117 -5.678578 -13.4104 -1.033092 4.835601 -14.19386 -1.048549 4.793732 -13.16807 -1.048549 4.793732 -13.16807 -1.23187 -5.63671 -14.43619 -1.23187 -5.63671 -14.43619 -1.247327 -5.678578 -13.4104 -1.304307 4.835601 -14.19386 -1.319764 4.793732 -13.16807 -1.319764 4.793732 -13.16807</float_array>
          <technique_common>
            <accessor source="#feiting_Mesh_003-mesh-positions-array" count="1260" stride="3">
              <param name="X" type="float"/>
              <param name="Y" type="float"/>
              <param name="Z" type="float"/>
            </accessor>
          </technique_common>
        </source>
        <source id="feiting_Mesh_003-mesh-normals">
          <float_array id="feiting_Mesh_003-mesh-normals-array" count="3558">-6.44848e-5 -4.50462e-5 1 9.49457e-4 0.4578456 0.8890313 -0.1893525 0.4096786 0.8923615 -5.43892e-5 -5.71609e-5 1 -0.1892993 0.4097101 0.8923584 -0.3379494 0.2797453 0.8986283 -4.91738e-6 -1.16229e-6 1 -0.3379395 0.2797232 0.8986389 -0.4181238 0.09824824 0.9030614 4.29153e-6 3.73274e-6 1 -0.4180998 0.09825414 0.9030719 -0.4191015 -0.1003521 0.9023765 4.02331e-6 -5.4948e-7 1 -0.4191589 -0.1003341 0.9023519 -0.340056 -0.2821183 0.8970904 5.44786e-5 -5.51501e-5 1 -0.3400267 -0.2821542 0.8970902 -0.1913211 -0.4113515 0.8911713 6.21974e-5 -4.71845e-5 1 -0.1913934 -0.4113861 0.8911398 -9.06534e-4 -0.4578472 0.8890305 8.60542e-6 5.77569e-5 1 -8.94599e-4 -0.4578124 0.8890485 0.1892476 -0.4096982 0.8923748 -1.14143e-5 3.09497e-5 1 0.189282 -0.4097084 0.8923628 0.3379648 -0.2796829 0.8986419 2.39611e-5 -5.88074e-5 1 0.3379254 -0.2797735 0.8986286 0.4181433 -0.09824132 0.9030531 -6.62655e-5 -5.30072e-5 1 0.4181703 -0.09823358 0.9030415 0.4191692 0.1003769 0.9023424 -2.40803e-5 -5.67883e-5 1 0.4191436 0.1003546 0.9023568 0.3401218 0.2821275 0.8970627 1.38283e-5 2.90014e-5 1 0.3400653 0.282051 0.8971081 0.1913263 0.4114009 0.8911474 -9.80496e-6 5.86808e-5 1 0.1913617 0.4113536 0.8911616 9.45777e-4 0.4578293 0.8890396 9.70304e-4 0.4578412 0.8890334 0.002363622 0.7915576 0.6110901 -0.3138079 0.7122132 0.6279149 9.45687e-4 0.4578897 0.8890085 -0.3138528 0.7121667 0.6279452 -0.1893299 0.4096813 0.8923651 -0.1892802 0.4097505 0.892344 -0.3138172 0.7122166 0.6279063 -0.5655552 0.4906972 0.6628451 -0.1893145 0.4096937 0.8923627 -0.5655379 0.4907099 0.6628504 -0.3379286 0.279742 0.8986372 -0.3379424 0.2797018 0.8986445 -0.5655563 0.4907128 0.6628327 -0.7036669 0.1732062 0.6890954 -0.3379532 0.2797428 0.8986276 -0.703673 0.1731866 0.6890942 -0.4181183 0.09826213 0.9030625 -0.4181368 0.0982517 0.903055 -0.7036742 0.1731791 0.6890948 -0.7044138 -0.1778255 0.687153 -0.4181282 0.0982353 0.9030608 -0.7043878 -0.1778694 0.6871684 -0.419156 -0.1003735 0.9023489 -0.4191142 -0.1004036 0.902365 -0.7043932 -0.1778471 0.6871686 -0.5672201 -0.4941939 0.6588125 -0.4191305 -0.1003921 0.9023586 -0.5672217 -0.4941843 0.6588183 -0.3400564 -0.2821111 0.8970926 -0.3400406 -0.2821812 0.8970766 -0.5672707 -0.4941827 0.6587773 -0.3171337 -0.7132455 0.6250656 -0.3400247 -0.2821333 0.8970975 -0.3171575 -0.7132534 0.6250447 -0.1913716 -0.4113463 0.8911628 -0.1913496 -0.41136 0.8911612 -0.3171331 -0.7132923 0.6250126 -0.002304136 -0.7915217 0.6111368 -0.1913116 -0.4112727 0.8912097 -0.002342522 -0.7916217 0.6110072 -9.71899e-4 -0.4578431 0.8890326 -9.39235e-4 -0.4578863 0.8890103 -0.002335846 -0.7915538 0.611095 0.3137664 -0.7122676 0.6278739 -8.9702e-4 -0.4578102 0.8890495 0.3137578 -0.7121872 0.6279693 0.1893635 -0.4096901 0.8923538 0.1893358 -0.4097497 0.8923324 0.3138426 -0.7122135 0.6278972 0.547747 -0.4977552 0.6724678 0.1893144 -0.4097245 0.8923485 0.5478261 -0.4976156 0.6725068 0.3380128 -0.279685 0.8986232 0.3379312 -0.2796742 0.8986573 0.5478134 -0.4977005 0.6724544 0.6590188 -0.1644909 0.733919 0.3379054 -0.2796933 0.8986611 0.6590167 -0.1644167 0.7339374 0.4181099 -0.09822958 0.9030699 0.4180842 -0.09824723 0.9030799 0.6590586 -0.1643894 0.733906 0.6676074 0.1905387 0.719719 0.4180951 -0.09827023 0.9030722 0.6676167 0.1905239 0.7197144 0.4191551 0.100374 0.9023493 0.4191461 0.1003637 0.9023545 0.6675596 0.19049 0.7197763 0.5672004 0.4941945 0.658829 0.4191627 0.1003585 0.9023475 0.5672071 0.4942002 0.6588189 0.3400475 0.2820923 0.8971018 0.3400266 0.2821334 0.8970968 0.5672201 0.4942025 0.658806 0.3171921 0.7132763 0.6250008 0.3400204 0.2820985 0.8971101 0.3171392 0.713244 0.6250645 0.1913319 0.4113087 0.8911888 0.1913087 0.4113479 0.8911756 0.3171011 0.7132982 0.6250222 0.002315521 0.7915551 0.6110935 0.1912832 0.4113676 0.8911719 0.002309978 0.791542 0.6111105 9.36046e-4 0.4579208 0.8889925 0.002358317 0.7915704 0.6110735 0.003269195 0.9755361 0.219815 -0.3763398 0.892557 0.2484163 0.002325057 0.79161 0.6110222 -0.3763481 0.8925589 0.2483965 -0.3138457 0.7121941 0.6279177 -0.3138009 0.7122054 0.6279271 -0.3763224 0.8925701 0.2483953 -0.7038383 0.6378639 0.3126363 -0.3138297 0.7121983 0.6279209 -0.7038589 0.6378496 0.312619 -0.5655485 0.4907237 0.6628313 -0.5655534 0.4907233 0.6628274 -0.703821 0.6378752 0.3126521 -0.9021922 0.2317721 0.3637733 -0.5655544 0.4906935 0.6628486 -0.9022051 0.2317102 0.3637807 -0.7036724 0.1731839 0.6890954 -0.7036725 0.1731361 0.6891074 -0.9022063 0.2317405 0.3637586 -0.9012894 -0.2376047 0.3622453 -0.7036666 0.17323 0.6890898 -0.9012942 -0.2375912 0.3622418 -0.7044008 -0.1778135 0.6871696 -0.7043971 -0.1778717 0.6871583 -0.901284 -0.2376784 0.3622102 -0.703301 -0.6396281 0.310232 -0.7044095 -0.177811 0.6871613 -0.7033561 -0.6395079 0.3103547 -0.5672051 -0.4942103 0.6588129 -0.5672506 -0.4942392 0.6587522 -0.7033097 -0.6395562 0.3103601 -0.380141 -0.8912084 0.2474687 -0.5671783 -0.4941807 0.6588584 -0.3801062 -0.891221 0.2474761 -0.3171324 -0.7133055 0.6249979 -0.3171131 -0.7133414 0.6249668 -0.3800708 -0.8912416 0.2474564 -0.003216624 -0.9755434 0.219783 -0.3171573 -0.7133125 0.6249772 -0.003296196 -0.9755339 0.2198247 -0.00235337 -0.7915635 0.6110826 -0.002406954 -0.7915422 0.6111097 -0.003227651 -0.9755176 0.2198978 0.376371 -0.8925681 0.2483288 -0.002396464 -0.7915683 0.611076 0.3763855 -0.8925392 0.2484105 0.3138244 -0.7122097 0.6279105 0.3138265 -0.7121626 0.627963 0.376345 -0.8925767 0.2483367 0.6753022 -0.6763221 0.2942032 0.3137782 -0.7122268 0.6279143 0.6753137 -0.6763038 0.2942188 0.5477898 -0.4977058 0.6724695 0.5477709 -0.4977018 0.672488 0.6753093 -0.6763371 0.2941523 0.8178904 -0.3813287 0.4308643 0.5477697 -0.4976652 0.672516 0.8179538 -0.3812149 0.4308446 0.659088 -0.1644466 0.7338668 0.6590481 -0.1644402 0.733904 0.8179021 -0.3813166 0.4308525 0.8079662 0.3682158 0.4600084 0.6590487 -0.1644796 0.7338947 0.8079884 0.3681783 0.4599995 0.6675504 0.1905196 0.7197769 0.6676181 0.1905689 0.7197011 0.8079915 0.3682162 0.4599636 0.6636419 0.6757922 0.3207558 0.6675508 0.1904988 0.719782 0.6636419 0.6757678 0.3208072 0.5672156 0.4941958 0.6588149 0.5672423 0.4941873 0.6587982 0.6635785 0.675861 0.3207424 0.380043 0.8912609 0.2474299 0.5672094 0.4942057 0.6588128 0.3801638 0.891201 0.2474602 0.3171586 0.7133093 0.6249803 0.3171038 0.7133353 0.6249784 0.3801681 0.8912053 0.2474377 0.003249883 0.9755392 0.219802 0.317106 0.7133458 0.6249653 0.003259181 0.9755386 0.2198041 0.002333223 0.7916071 0.6110261 0.003266274 0.9755126 0.2199196 0.003058254 0.976764 -0.2142965 -0.3688833 0.9072555 -0.2020213 0.003242135 0.9755379 0.2198075 -0.3677658 0.9087663 -0.1972112 -0.3763926 0.8925587 0.2483299 -0.3763462 0.8925612 0.2483907 -0.3677469 0.908764 -0.1972566 -0.7203092 0.6759862 -0.1555553 -0.3763732 0.8925608 0.2483518 -0.720294 0.676004 -0.1555481 -0.7038521 0.6378446 0.3126445 -0.7038196 0.6378855 0.3126343 -0.7202646 0.6760277 -0.1555816 -0.9596577 0.2537863 -0.1210353 -0.7038304 0.637867 0.3126477 -0.9596683 0.2537533 -0.1210206 -0.9022088 0.2317527 0.3637447 -0.9022087 0.2316973 0.3637802 -0.959651 0.2537801 -0.121102 -0.9581984 -0.2594403 -0.12061 -0.9021782 0.231827 0.3637732 -0.9582 -0.2594338 -0.1206107 -0.9012586 -0.2376613 0.3622845 -0.9012675 -0.2375978 0.362304 -0.9581912 -0.2594524 -0.1206413 -0.7202251 -0.6764724 -0.1538215 -0.9012411 -0.2377035 0.3623003 -0.7201511 -0.6765418 -0.1538626 -0.7032992 -0.6395928 0.3103086 -0.7033268 -0.6395733 0.310286 -0.7202156 -0.6764877 -0.1537985 -0.3720263 -0.9074767 -0.1951475 -0.70328 -0.6396064 0.3103238 -0.3719671 -0.9075015 -0.1951448 -0.3800785 -0.8912415 0.2474449 -0.380132 -0.8912134 0.2474638 -0.3720056 -0.9074755 -0.1951923 -0.003085613 -0.9767824 -0.2142118 -0.3801603 -0.891197 0.2474793 -0.003010809 -0.976759 -0.2143194 -0.003256261 -0.9755336 0.2198267 -0.00325036 -0.9755393 0.2198014 -0.003035187 -0.9767666 -0.2142846 0.3677604 -0.9087581 -0.1972589 -0.003213524 -0.9755317 0.2198357 0.3677277 -0.9087693 -0.1972689 0.376368 -0.8925527 0.2483887 0.3763899 -0.8925459 0.2483796 0.3677612 -0.9087618 -0.1972401 0.7203382 -0.6759558 -0.1555524 0.3763744 -0.8925462 0.2484024 0.7203446 -0.6759549 -0.1555272 0.6753014 -0.6763183 0.2942134 0.6753757 -0.676253 0.2941932 0.7203045 -0.6759813 -0.1555981 0.8962944 -0.3666331 -0.2494726 0.6753101 -0.6763146 0.294202 0.8962963 -0.3666237 -0.2494793 0.8179286 -0.3812913 0.4308248 0.8079937 0.368249 0.4599336 0.8973799 0.3475263 -0.2719099 0.7038264 0.6886664 -0.1742615 0.8079865 0.3682078 0.4599794 0.7038577 0.6886301 -0.1742788 0.6636279 0.6757909 0.3207877 0.6635926 0.6758311 0.3207762 0.7038598 0.6886378 -0.1742397 0.3720012 0.9074741 -0.1952077 0.6636652 0.675784 0.3207252 0.3719992 0.9074641 -0.1952575 0.3801953 0.8911964 0.2474277 0.3800575 0.8912526 0.2474376 0.371989 0.9074898 -0.1951575 0.003029525 0.976763 -0.2143014 0.3801106 0.8912477 0.2473735 0.00304383 0.9767729 -0.2142561 0.003265619 0.9755401 0.2197972 0.003058016 0.9767886 -0.2141838 0.001827955 0.7920095 -0.6105061 -0.281822 0.7366827 -0.6147154 0.003062188 0.9767604 -0.2143124 -0.281831 0.7366679 -0.6147291 -0.367735 0.9087807 -0.1972023 -0.3677484 0.908767 -0.19724 -0.2817857 0.7367176 -0.6146902 -0.5553837 0.5514354 -0.6224693 -0.3677614 0.9087626 -0.1972362 -0.5553392 0.551434 -0.6225103 -0.7203033 0.6759912 -0.1555607 -0.720338 0.6759477 -0.1555892 -0.5553362 0.5514072 -0.6225365 -0.7497784 0.2097504 -0.6275645 -0.7203471 0.6759393 -0.1555838 -0.7498006 0.2097509 -0.6275378 -0.959668 0.2537389 -0.1210529 -0.9596681 0.2537395 -0.1210513 -0.7498189 0.2097871 -0.6275039 -0.7501585 -0.2145928 -0.6254697 -0.9596699 0.2537335 -0.1210501 -0.750193 -0.2145027 -0.625459 -0.9581999 -0.2594628 -0.1205487 -0.9581906 -0.2594746 -0.1205981 -0.7502373 -0.2145944 -0.6253745 -0.5572966 -0.5539737 -0.618493 -0.9582107 -0.2594369 -0.1205193 -0.5573065 -0.5539739 -0.6184839 -0.7202088 -0.6764832 -0.1538497 -0.7202596 -0.6764448 -0.1537812 -0.5572946 -0.5539973 -0.6184738 -0.2851195 -0.7375462 -0.6121541 -0.7201879 -0.6765043 -0.1538557 -0.2851089 -0.737545 -0.6121604 -0.3719994 -0.9074776 -0.1951946 -0.3720375 -0.9074642 -0.1951843 -0.2850567 -0.7376002 -0.6121181 -0.001874148 -0.7919578 -0.6105731 -0.372051 -0.9074548 -0.1952021 -0.00181514 -0.7919542 -0.6105779 -0.003002643 -0.9767696 -0.2142717 -0.003043651 -0.9767736 -0.2142522 -0.001830279 -0.7919773 -0.6105479 0.2818568 -0.7366781 -0.614705 -0.003038406 -0.9767652 -0.2142911 0.2818523 -0.7367151 -0.6146627 0.3677351 -0.9087731 -0.197237 0.3677869 -0.9087586 -0.1972069 0.2818675 -0.7366898 -0.6146861 0.5553749 -0.5514621 -0.6224534 0.3677785 -0.9087569 -0.1972306 0.5553623 -0.5514678 -0.6224596 0.7203112 -0.6759786 -0.1555787 0.7202926 -0.6760021 -0.1555631 0.5553508 -0.5514708 -0.6224673 0.7497892 -0.2097592 -0.6275485 0.7203086 -0.6759824 -0.1555746 0.7497991 -0.20973 -0.6275464 0.896304 -0.3666166 -0.2494624 0.8962916 -0.3666571 -0.2494474 0.7497911 -0.2097684 -0.6275433 0.7501882 0.2145984 -0.625432 0.8962984 -0.36664 -0.2494481 0.7502107 0.2145401 -0.625425 0.897392 0.347542 -0.2718496 0.8974146 0.347497 -0.2718325 0.7501815 0.2146215 -0.6254321 0.557305 0.55399 -0.618471 0.8973988 0.3474902 -0.2718932 0.5573081 0.5539434 -0.61851 0.7038654 0.6886313 -0.1742429 0.7038362 0.6886605 -0.1742455 0.5573091 0.5540228 -0.6184379 0.285117 0.7375676 -0.6121296 0.7037773 0.6887095 -0.1742896 0.2851092 0.7376023 -0.6120913 0.3720161 0.9074633 -0.1952293 0.3720512 0.9074642 -0.195158 0.2850635 0.7376148 -0.6120974 0.001837432 0.7919777 -0.6105474 0.3719596 0.9074941 -0.1951939 0.001874029 0.7919415 -0.6105942 0.003067135 0.9767887 -0.2141832 0.001823008 0.7919973 -0.610522 5.79573e-4 0.4120356 -0.9111677 -0.133264 0.3814982 -0.914713 0.001802206 0.7919684 -0.6105595 -0.13323 0.3814989 -0.9147177 -0.2818922 0.7367128 -0.614647 -0.2818785 0.736715 -0.6146509 -0.1332821 0.3815307 -0.9146969 -0.2595815 0.2841438 -0.9229733 -0.2818207 0.7366984 -0.6146972 -0.2595191 0.2841383 -0.9229927 -0.5553452 0.5514528 -0.6224883 -0.5553663 0.5515111 -0.6224178 -0.2594898 0.2841638 -0.922993 -0.3495965 0.1087837 -0.9305635 -0.5553179 0.5514958 -0.6224746 -0.3496662 0.1088097 -0.9305343 -0.749814 0.2097467 -0.6275231 -0.7498031 0.2097723 -0.6275276 -0.3496404 0.1087979 -0.9305453 -0.3505823 -0.110898 -0.9299429 -0.7497997 0.2097333 -0.6275446 -0.350555 -0.1109179 -0.9299508 -0.7501713 -0.2145636 -0.6254644 -0.7502095 -0.2145341 -0.6254287 -0.3505961 -0.1109297 -0.9299339 -0.2609905 -0.2865491 -0.9218317 -0.7502178 -0.2146269 -0.6253868 -0.2609595 -0.286428 -0.9218782 -0.5572951 -0.5539746 -0.6184937 -0.5572995 -0.5539737 -0.6184905 -0.260969 -0.2864677 -0.9218631 -0.1344988 -0.3827291 -0.9140178 -0.557308 -0.5539768 -0.61848 -0.1345601 -0.3826703 -0.9140334 -0.2851239 -0.7375831 -0.6121076 -0.2850711 -0.7375569 -0.6121636 -0.1345139 -0.3827388 -0.9140115 -7.14168e-4 -0.4120153 -0.9111767 -0.2851014 -0.7375777 -0.6121245 -6.68719e-4 -0.4120352 -0.9111677 -0.00187397 -0.7920289 -0.6104808 -0.001831173 -0.7919875 -0.6105347 -6.48089e-4 -0.4119776 -0.9111938 0.1332601 -0.3815371 -0.9146974 -0.00185424 -0.7919962 -0.6105232 0.1332787 -0.3814253 -0.9147413 0.2818628 -0.7366575 -0.614727 0.2818166 -0.7366632 -0.6147413 0.1332838 -0.3814967 -0.9147107 0.2595139 -0.2841929 -0.9229772 0.2818261 -0.736697 -0.6146964 0.2595015 -0.284221 -0.922972 0.5553641 -0.551436 -0.6224861 0.5553373 -0.5514588 -0.6224899 0.2595226 -0.2841847 -0.9229774 0.3496491 -0.1087963 -0.9305423 0.5553449 -0.5514628 -0.6224795 0.3496454 -0.1087829 -0.9305452 0.749774 -0.2097337 -0.6275754 0.7497997 -0.209732 -0.6275451 0.3496325 -0.1087896 -0.9305494 0.3505873 0.1108939 -0.9299415 0.7498018 -0.2097818 -0.627526 0.3505664 0.1109089 -0.9299476 0.7502145 0.2145522 -0.6254163 0.7501853 0.2146226 -0.6254273 0.350575 0.1108703 -0.9299489 0.2609878 0.2864676 -0.9218578 0.7502076 0.2145838 -0.6254138 0.2609542 0.2864851 -0.9218618 0.5573236 0.5539542 -0.6184861 0.5572775 0.5540202 -0.6184687 0.261006 0.2864405 -0.921861 0.1345025 0.3827316 -0.9140162 0.5573189 0.5539863 -0.6184617 0.1345089 0.3827349 -0.914014 0.285124 0.7375923 -0.6120963 0.2851179 0.7375257 -0.6121795 0.1345652 0.3827691 -0.9139913 6.64175e-4 0.4119936 -0.9111866 0.2851254 0.7375624 -0.6121317 6.0153e-4 0.4120281 -0.911171 0.001853823 0.7919797 -0.6105446 1.41263e-5 2.51457e-5 -1 -0.1332065 0.3815091 -0.9147169 5.97872e-4 0.412014 -0.9111773 -6.24359e-5 7.08066e-5 -1 -0.2594915 0.2842108 -0.922978 -0.1332339 0.381424 -0.9147483 7.26432e-5 2.8139e-5 -1 -0.3496477 0.1088266 -0.9305393 -0.2594879 0.2842279 -0.9229738 8.39531e-5 3.91323e-5 -1 -0.350567 -0.1108574 -0.9299535 -0.3496178 0.1087926 -0.9305545 -7.35819e-5 3.06386e-5 -1 -0.2609764 -0.2865292 -0.9218419 -0.3505442 -0.1109274 -0.9299538 6.1512e-5 7.06464e-5 -1 -0.1345279 -0.3827115 -0.9140209 -0.2609639 -0.2864956 -0.9218558 -1.64006e-5 2.87443e-5 -1 -5.759e-4 -0.4119699 -0.9111973 -0.1345341 -0.3827316 -0.9140115 7.06315e-6 1.96919e-5 -1 0.1333096 -0.3814713 -0.9147176 -6.29405e-4 -0.41198 -0.9111928 -4.81009e-5 -1.60858e-5 -1 0.2595333 -0.2841623 -0.9229812 0.1333014 -0.3814861 -0.9147126 8.00639e-5 1.85911e-5 -1 0.3496407 -0.1087821 -0.9305472 0.259534 -0.284174 -0.9229775 -5.73695e-6 4.89876e-6 -1 0.3506251 0.1108958 -0.929927 0.3495995 -0.1087924 -0.9305613 -8.03769e-5 1.88183e-5 -1 0.2610231 0.2864293 -0.9218597 0.3505316 0.1109172 -0.9299598 4.75049e-5 -1.57841e-5 -1 0.1345158 0.3827889 -0.9139902 0.2609239 0.2865 -0.9218658 -6.63288e-6 2.32533e-5 -1 7.17819e-4 0.4120157 -0.9111764 0.1345124 0.3827714 -0.9139981 -3.46746e-5 -3.41976e-5 -1 -3.43359e-5 -3.38619e-5 -1 -3.43289e-5 -3.38689e-5 -1 -3.38062e-5 -3.39289e-5 -1 -3.38002e-5 -3.3935e-5 -1 -3.37979e-5 -3.39373e-5 -1 -0.9999999 -4.40446e-4 -4.4056e-4 -0.9999999 -4.40393e-4 -4.40612e-4 -0.9999999 -4.40418e-4 -4.40588e-4 -0.9999999 -3.38714e-4 -3.38953e-4 -0.9999999 -3.38727e-4 -3.3894e-4 -0.9999999 -3.38753e-4 -3.38914e-4 0 -1.76606e-7 -1 0 -1.76606e-7 -1 -0.9999999 -4.40261e-4 -4.40817e-4 -0.9999999 -4.40262e-4 -4.40816e-4 -0.9999999 -4.40216e-4 -4.40862e-4 -1 -3.36079e-5 -3.44119e-5 -1 -3.36084e-5 -3.44115e-5 -1 -3.36079e-5 -3.44119e-5 -2.84598e-6 0 -1 -4.0562e-4 -4.06779e-4 -0.9999998 -4.05606e-4 -4.06792e-4 -0.9999998 -4.05577e-4 -4.06821e-4 -0.9999998 -0.9999902 -0.003151118 -0.00314337 -0.9999902 -0.003151178 -0.00314331 -0.9999902 -0.003151357 -0.003143072 -0.9999965 -0.001891314 -0.001901328 -0.9999965 -0.001891136 -0.001901507 -0.9999965 -0.001891195 -0.001901447 -5.50962e-7 0 -1 -2.7548e-7 0 -1 -1 3.55833e-7 -1.9215e-6 -0.9999998 -4.74413e-4 -4.7454e-4 -0.9999998 -4.74395e-4 -4.74558e-4 -0.9999998 -4.74399e-4 -4.74554e-4 -7.46039e-4 -7.45772e-4 -0.9999995 -7.46017e-4 -7.45794e-4 -0.9999995 -7.4597e-4 -7.45841e-4 -0.9999995 -3.40577e-5 -3.37764e-5 -1 -3.40583e-5 -3.37758e-5 -1 -3.40588e-5 -3.37752e-5 -1 -1 2.72321e-5 -4.97182e-5 -0.9999943 -0.002404868 -0.002402663 -0.9999943 -0.002405047 -0.002402484 -0.9999943 -0.002405107 -0.002402424 -4.40584e-4 -4.40666e-4 -0.9999998 -4.40588e-4 -4.40661e-4 -0.9999998 -4.4062e-4 -4.4063e-4 -0.9999998 -0.001966297 -0.001966238 -0.9999961 -0.001966357 -0.001966178 -0.9999961 -0.001966297 -0.001966178 -0.9999961 -0.9999973 -0.001660943 -0.001658082 -0.9999973 -0.001660704 -0.00165832 -0.9999973 -0.001660764 -0.00165826 -0.999999 -0.001051127 -0.00104916 -0.999999 -0.001051127 -0.001049101 -0.999999 -0.001051068 -0.00104922 -8.18933e-4 -0.9999994 -8.07359e-4 -8.18742e-4 -0.9999994 -8.07552e-4 -8.18838e-4 -0.9999994 -8.07455e-4 -0.003219544 -0.9999896 -0.00322014 -0.003219485 -0.9999896 -0.0032202 -0.003219544 -0.9999896 -0.00322014 -3.719e-7 -1 0 -3.71899e-7 -1 0 -0.002602458 -0.9999932 -0.002609968 -0.002602219 -0.9999932 -0.002610266 -0.002602577 -0.9999932 -0.002609908 -8.13693e-4 -0.9999994 -8.13389e-4 -8.13612e-4 -0.9999994 -8.13469e-4 -8.13557e-4 -0.9999994 -8.13526e-4 -0.001864314 -0.9999966 -0.001864433 -0.001864314 -0.9999966 -0.001864433 -0.001864433 -0.9999966 -0.001864254 0 -1 0 -8.814e-4 -0.9999992 -8.80924e-4 -8.81304e-4 -0.9999992 -8.8102e-4 -8.8144e-4 -0.9999992 -8.80884e-4 0 -1 7.49136e-7 -3.38485e-5 -1 -3.371e-5 -3.38464e-5 -1 -3.3712e-5 -3.38406e-5 -1 -3.37179e-5 -3.38481e-5 -1 -3.37104e-5 -3.38441e-5 -1 -3.37144e-5 -3.3847e-5 -1 -3.37114e-5 -3.3847e-5 -1 -3.37114e-5 -3.3848e-5 -1 -3.37104e-5 -3.38441e-5 -1 -3.37144e-5 -3.38464e-5 -1 -3.3712e-5 -3.3847e-5 -1 -3.37115e-5 -3.38485e-5 -1 -3.371e-5 -4.95564e-5 -1 -3.33551e-5 -4.95555e-5 -1 -3.33559e-5 -4.90527e-5 -1 -3.28472e-5 -3.41827e-5 -1 -3.40502e-5 -3.36834e-5 -1 -3.35378e-5 -3.41843e-5 -1 -3.40486e-5 -0.001562654 -0.9999976 -0.001543223 -0.001563966 -0.9999976 -0.001544296 -0.001551687 -0.9999977 -0.001532316 -2.41272e-4 -1 -2.55823e-4 -2.31438e-4 -1 -2.45762e-4 -2.40404e-4 -1 -2.55004e-4 -0.001152575 -0.9999988 -0.001152634 -0.001152753 -0.9999988 -0.001152455 -0.001152813 -0.9999988 -0.001152753 -4.86751e-5 -1 -3.31669e-5 -4.95192e-5 -1 -3.40088e-5 -4.86779e-5 -1 -3.31642e-5 1.03591e-6 -0.005500912 -0.9999849 1.03591e-6 -0.00550127 -0.9999849 -0.7181728 -0.43872 -0.5401413 -0.718172 -0.4387186 -0.5401434 -0.7181818 -0.4387357 -0.5401167 -0.3450456 -0.8169183 -0.4621558 -0.34507 -0.8169269 -0.4621223 -0.3450599 -0.8169239 -0.4621353 -0.7182458 -0.4386999 -0.5400608 -0.718225 -0.4386634 -0.5401179 -0.7182213 -0.4386569 -0.5401281 -0.7847754 -0.6167505 -0.06120824 -0.7836538 -0.6181554 -0.06140732 -0.2046347 -0.2553914 -0.9449339 -0.2046224 -0.2554046 -0.9449329 -0.2046228 -0.2554042 -0.944933 -0.2046202 -0.255585 -0.9448846 -0.2046322 -0.2555719 -0.9448856 -0.2046234 -0.2555814 -0.9448848 -0.3453745 -0.8166126 -0.4624505 -0.3453574 -0.8166073 -0.4624724 -0.3454047 -0.816623 -0.4624097 0.9999293 -0.01156163 0.002790629 0.9998661 0.004546284 -0.01572763 0.9999077 -0.01288419 0.00430864 0.9999291 -0.01157075 0.00280112 0.9999076 -0.01289325 0.004319131 0.9995578 -0.02418416 0.01730239 -0.9998657 -0.004559755 0.01574701 -0.999929 0.01157933 -0.002807736 -0.9999075 0.01290088 -0.004326581 -0.9999074 0.0129041 -0.004326403 -0.9999291 0.01158088 -0.002808988 -0.9995575 0.02419435 -0.01731026 0.002789139 -0.3205103 -0.947241 7.52354e-6 -0.4863318 -0.8737743 -3.92298e-7 -0.4863273 -0.8737768 0.002767503 -0.3205051 -0.9472428 -0.01695996 -0.2645401 -0.9642256 -0.1426625 -0.3468302 -0.9270147 0.007156968 -0.4888061 -0.8723632 0.002781271 -0.3205106 -0.947241 -0.01693511 -0.2645415 -0.9642256 2.7917e-5 -0.2470574 -0.9690009 -5.6173e-7 -0.3502062 -0.9366726 -2.82493e-7 -0.3502062 -0.9366726 -0.01694828 -0.2645322 -0.964228 1.02557e-5 -0.2470573 -0.9690009 0.039963 -0.2667216 -0.9629448 0.1707939 -0.4152221 -0.8935436 1.27122e-6 -0.3502061 -0.9366727 2.06758e-5 -0.2470572 -0.9690009 0.03997069 -0.2667136 -0.9629467 -1.15317e-6 -0.4787091 -0.8779737 0.007139563 -0.480038 -0.8772186 0.03997093 -0.2667354 -0.9629406 -0.1927157 0.01090174 -0.9811941 -0.1959611 -0.09240865 -0.9762479 -0.391848 -0.05152708 -0.9185859 -0.3916181 -0.05161505 -0.9186791 -0.1926999 0.01092207 -0.981197 -0.1959866 -0.09241902 -0.9762418 0.002788305 -0.3205153 -0.9472393 -5.6905e-7 -0.1407842 -0.9900404 -0.3894083 -0.1142914 -0.9139468 -0.1959778 -0.09242725 -0.9762428 -1.60505e-5 0.01990926 -0.9998018 9.51207e-5 -0.09843069 -0.9951439 -0.1959479 -0.0924223 -0.9762492 -0.1959878 -0.09241247 -0.9762421 -0.1927041 0.010917 -0.9811962 -1.2612e-5 0.0199455 -0.999801 0.002769887 -0.320502 -0.9472438 -0.1959776 -0.09241509 -0.976244 9.45935e-5 -0.09845775 -0.9951413 9.88981e-5 -0.09843391 -0.9951437 -0.01693904 -0.2645203 -0.9642314 0.002781748 -0.3205419 -0.9472303 2.80845e-5 -0.09853422 -0.9951338 8.64579e-6 -0.247067 -0.9689985 -0.01694875 -0.2645232 -0.9642304 -0.01694041 -0.2645234 -0.9642305 9.62269e-5 -0.09842139 -0.9951449 2.95416e-5 -0.09856474 -0.9951307 0.2084217 -0.1149298 -0.9712629 0.0399596 -0.2667343 -0.9629414 9.39891e-6 -0.2470585 -0.9690006 1.6029e-5 -0.2470638 -0.9689992 3.13223e-5 -0.09853285 -0.9951339 0.2083872 -0.114904 -0.9712733 4.56917e-4 -0.03078216 -0.999526 0.03997403 -0.2667362 -0.9629403 0.03993928 -0.266714 -0.9629479 0.2083885 -0.1149064 -0.9712728 -0.2895572 -0.5224292 -0.8020128 -0.3916104 0.05193352 -0.9186643 -0.1927133 0.01090878 -0.9811945 -0.8149682 0.05545371 -0.5768464 -0.2949096 -0.2341998 -0.9263795 -1.4447e-5 0.01995086 -0.999801 -0.1927034 0.01089501 -0.9811966 -0.192708 0.0109061 -0.9811956 -0.2948935 -0.2342144 -0.9263809 -0.2949135 -0.2341961 -0.9263792 -0.294902 -0.2342069 -0.92638 -1.48261e-5 0.0199989 -0.9998001 -2.05226e-5 0.01995098 -0.999801 3.2897e-6 0.0199508 -0.999801 -0.2948876 -0.2342199 -0.9263814 -0.2949041 -0.2342047 -0.9263799 -0.2949246 -0.2341858 -0.9263783 0.1981433 0.01862823 -0.979996 -1.96639e-5 0.01999884 -0.9998 -5.27e-5 0.0199989 -0.9998 -0.2948877 -0.2342196 -0.9263814 -0.2949044 -0.2342044 -0.92638 -0.4573019 -0.5186656 -0.7223995 -0.4573308 -0.5186279 -0.7224083 0.1981344 0.01863855 -0.9799976 0.1981208 0.01858156 -0.9800016 -0.6448473 -0.566086 -0.5135355 -0.6448626 -0.5660478 -0.5135585 -0.1966793 0.7541764 -0.6265264 -0.5610142 -0.6046457 -0.5653908 -0.561016 -0.6046442 -0.5653907 -0.5710014 -0.5897081 -0.5711409 -0.5710823 -0.5897096 -0.5710585 -0.1966788 0.7541689 -0.6265356 -0.02413767 0.689504 -0.7238796 -0.577304 -0.5829989 -0.5716927 -0.5773472 -0.5829775 -0.5716708 -0.5772829 -0.5830063 -0.5717064 -0.1966972 0.7541787 -0.626518 -0.02414029 0.6895077 -0.7238761 7.02217e-7 0.6646766 -0.7471312 -0.577319 -0.5829916 -0.5716849 -0.5772278 -0.5830366 -0.5717312 -0.5772601 -0.5830188 -0.5717167 -0.02413922 0.689506 -0.7238777 -4.32506e-6 0.6646779 -0.74713 0.2173237 0.7319753 -0.6457419 -0.5772535 -0.5830233 -0.5717188 -0.5773155 -0.5829927 -0.5716873 -0.5773293 -0.5829857 -0.5716806 -1.97821e-6 0.6646775 -0.7471305 0.2173227 0.7319777 -0.6457396 -0.5726945 -0.8189752 0.03606414 -0.5726945 -0.8189753 0.03606486 -0.572719 -0.8189578 0.03607219 -0.5646303 -0.8124284 -0.1454399 0.217337 0.7319926 -0.6457179 -0.5646183 -0.8124361 -0.1454439 -0.5166569 -0.3810866 -0.7667065 -0.5168485 -0.3811972 -0.7665223 -0.5168534 -0.3811892 -0.766523 0.985033 0.04574626 0.166185 -0.899626 -0.1791396 -0.3982237 -0.8996263 -0.1791424 -0.3982218 0.0274825 0.5761988 0.8168475 -0.1330624 -0.3895192 -0.9113558 -0.1330631 -0.3895158 -0.9113571 -0.00129491 -0.5135462 -0.858061 8.23023e-4 0.5136185 0.8580183 0.09486913 0.5740469 0.8133082 -0.06428384 0.5954912 0.8007857 0.0846703 0.5837411 0.8075131 -4.0953e-6 0.5136379 0.8580071 4.79189e-4 0.5136358 0.8580083 -6.71267e-4 0.5136277 0.8580129 -0.05523127 0.600026 0.7980716 0.1324101 -0.3895961 -0.9114179 0.1326629 -0.3894406 -0.9114476 -0.01203697 0.5860837 0.8101612 -0.08094698 0.5844621 0.8073733 -8.2261e-4 0.5136166 0.8580195 7.74839e-4 -0.5136166 -0.8580195 -0.03505933 -0.2104588 -0.976974 -0.03162616 -0.2185346 -0.9753167 -0.03730398 -0.2048538 -0.9780815 0.03077954 -0.002153396 -0.9995239 -0.4152966 0.01779848 -0.9095121 -0.7314628 -0.3026867 -0.6110181 -0.9973387 0.06696414 0.02883374 -0.7353792 -0.3722515 -0.5662564 -0.572508 0.03588879 0.8191134 0.8075541 0.01803618 -0.5895178 0.8074725 0.01829218 -0.5896217 0.856827 0.001707434 -0.5156012 0.8568274 0.00170803 -0.5156006 0.8568256 0.001705765 -0.5156036 -0.004502594 0.9999293 -0.01101374 -0.004287183 0.9999281 -0.0112046 -0.004289746 0.999928 -0.01120638 0.3161141 0.9258056 -0.2072586 -0.4891864 -0.8661463 -0.1024087 0.3157712 0.9259687 -0.2070526 -6.4362e-4 -6.43779e-4 -0.9999997 -6.43689e-4 -6.4371e-4 -0.9999997 2.80943e-7 3.35704e-4 1 4.52847e-7 0 1 -3.42318e-5 -3.38318e-5 -1 -3.42309e-5 -3.38327e-5 -1 -0.001397609 0.9408951 -0.3386952 -0.001395881 0.9408971 -0.33869 0.09725087 -0.9616206 0.2565702 0.08795297 -0.9635924 0.252496 -0.06468403 -0.9641699 0.2572793 -3.4256e-4 0.9405276 -0.3397172 -2.38935e-4 -2.35605e-4 -1 -2.38959e-4 -2.35581e-4 -1 0 0 1 -2.42363e-7 1.36471e-7 1 -4.4023e-4 -4.40826e-4 -0.9999998 -0.004403054 0.9410724 -0.3381766 -0.00412476 0.9410481 -0.3382478 -0.03976875 -0.9687882 0.2446797 0.4711209 -0.6914013 -0.5477312 -0.7703289 0.4735585 0.4270079 -0.8548528 0.4395704 0.2756893 -6.44274e-4 -6.44339e-4 -0.9999996 -6.43852e-4 -6.44086e-4 -0.9999996 -6.43927e-4 -6.44012e-4 -0.9999996 -3.40108e-5 -3.40293e-5 -1 4.60253e-7 0 1 -3.40103e-5 -3.40298e-5 -1 0.197492 -0.5342442 0.8219369 0.1861 -0.5066547 0.8418241 0.1939995 -0.5260624 0.8280233 0.004758238 -0.5672601 0.823525 0.02868473 -0.6084951 0.7930391 0.4450935 0.03272455 0.894886 -7.39782e-4 -1.35164e-5 -0.9999998 -0.9959563 0.08716958 -0.02174198 -7.42752e-4 -9.042e-6 -0.9999998 0.8108355 -2.60857e-4 -0.5852743 0.8107382 -2.59386e-5 -0.5854092 0.8107382 -2.58012e-5 -0.585409 0.856752 -0.01427727 -0.515531 0.8567516 -0.01427781 -0.5155317 0.8567517 -0.01427763 -0.5155314 -0.4917189 -0.1738845 0.8532156 -0.4846854 -0.1652373 0.8589393 -0.618672 -0.3345587 0.7108554 -0.003930687 3.08343e-5 -0.9999924 -0.00393033 3.11681e-5 -0.9999924 -0.00393033 3.11677e-5 -0.9999924 -3.40453e-5 -6.61529e-4 -0.9999998 5.25235e-7 6.27492e-4 0.9999999 -3.40485e-5 -6.61526e-4 -0.9999998 0.3021311 0.9531838 -0.01254457 0.3803718 0.9239953 0.03937155 -3.4209e-5 -6.61122e-4 -0.9999998 -3.42098e-5 -6.61122e-4 -0.9999998 2.80949e-7 6.27492e-4 0.9999998 0 6.27677e-4 0.9999999 -3.36499e-5 -6.61585e-4 -0.9999999 0 1 -2.5724e-5 7.77932e-7 1 -2.70847e-5 -0.05562776 -0.0601387 -0.9966388 -0.0556271 -0.06014007 -0.9966388 -8.89041e-5 1.70725e-4 1 5.07536e-7 0 1 -3.40421e-5 -3.41051e-5 -1 -3.40415e-5 -3.41056e-5 -1 -0.7147181 0.3620973 0.5983842 -0.7781115 0.3443476 0.525326 -0.6391612 0.3839585 0.6663699 -0.7257863 0.3088484 0.6146926 -0.8197863 0.2694435 0.5053225 -0.7723756 0.2893553 0.5654286 0.09799593 -0.4866083 0.8681067 0.08950537 -0.4671744 0.8796232 0.1114392 -0.5151581 0.8498197 0.232977 -0.5143257 0.8253429 0.2192743 -0.4824849 0.8480136 0.2448565 -0.5393612 0.805689 0.7418213 0.6651713 -0.085137 -0.6455924 0.01159328 -0.7635942 -0.6455924 0.01159328 -0.7635942 -0.8790339 -0.2974382 -0.3725991 -0.8769701 -0.2921502 -0.3815388 -0.9067972 -0.3598085 -0.2196746 -0.6453068 -0.3753486 -0.6653515 -0.6676607 -0.356529 -0.6535414 -0.6480825 -0.373133 -0.6638982 -0.001191139 7.82749e-4 -0.9999991 -0.001191139 7.8275e-4 -0.9999991 -0.001191139 7.82752e-4 -0.999999 -0.009869039 -0.009828269 -0.9999031 -0.009868681 -0.009828627 -0.999903 -0.009867906 -0.009829401 -0.9999031 -0.5880964 -0.6730841 -0.4484422 -0.5323766 -0.7185764 -0.4474632 -0.6512031 -0.6112498 -0.4497869 -0.7860721 -0.4086885 -0.4637504 -0.723784 -0.4424881 -0.5294724 -0.7516859 -0.4290968 -0.5008437 -2.19733e-4 8.67127e-5 -1 -2.19735e-4 8.6715e-5 -1 -2.19733e-4 8.67136e-5 -1 -7.45591e-4 -7.45378e-4 -0.9999995 -7.45548e-4 -7.45421e-4 -0.9999995 -7.45494e-4 -7.45475e-4 -0.9999995 -0.5751372 -0.6852539 -0.4468159 -0.5293022 -0.7217554 -0.4459915 -0.6194571 -0.644834 -0.4477301 -0.5983247 -0.664658 -0.447479 -0.5399656 -0.7135843 -0.4463571 -0.5775769 -0.6830406 -0.4470574 -0.02707105 -0.02753704 -0.9992542 -0.02707171 -0.02753639 -0.9992542 -0.02707046 -0.0275377 -0.9992542 -0.01523685 -0.01470315 -0.9997758 -0.01523679 -0.01470321 -0.9997759 -0.01523506 -0.01470494 -0.9997758 -0.6015642 -0.6912066 -0.4004421 -0.5567308 -0.7231417 -0.4087993 -0.6307079 -0.6682983 -0.3944427 -0.6695406 -0.72529 -0.1602184 -0.6245825 -0.7713339 -0.1222332 -0.6707343 -0.7239626 -0.1612257 -0.540751 -0.7698792 -0.3389311 -0.5179617 -0.78779 -0.3333207 -0.5447711 -0.7666195 -0.339881 -0.9738669 -0.005038022 -0.2270635 -0.7003111 -0.6884602 -0.188645 -0.7517401 -0.6193928 -0.2263611 -0.7672597 -0.5958886 -0.237128 -0.6688286 -0.716212 -0.1992706 1.34531e-5 -0.930346 -0.3666831 -0.1675829 -0.864809 -0.473309 -0.4108873 -0.8481835 -0.3342999 -0.3487606 -0.8478799 -0.3993315 -0.2773786 -0.8822147 -0.3804714 0.2994191 -0.8420272 -0.4487075 -0.2656291 -0.8882086 -0.374869 -2.08036e-7 -0.9046847 -0.426082 -1.41869e-6 -0.9046846 -0.426082 0.3024748 -0.8537672 -0.4237813 -0.3883994 -0.6553568 -0.6478067 0.1885425 -0.8812435 -0.4334302 -0.4340451 -0.7496547 -0.4996227 -0.0961855 -0.8788376 -0.4673253 -0.08237797 -0.8565697 -0.5094138 -0.1025084 -0.8925302 -0.4391834 -0.3650512 -0.6533066 -0.6632708 -0.3831066 -0.6900945 -0.6140025 -0.3983052 -0.7255154 -0.5612311 -4.94732e-7 -0.9634069 -0.2680435 -0.8438578 -0.3441568 -0.4116553 -0.8444758 -0.3488556 -0.4063994 -0.8470584 -0.369033 -0.3825005 -0.8440833 -0.3907825 -0.3671683 -0.8440833 -0.3907842 -0.3671666 -0.8440831 -0.3907868 -0.3671641 -0.9967374 -0.004519641 -0.08058661 -0.9967207 -0.004730939 -0.08078056 -0.9967207 -0.004730939 -0.08078056 -0.9371181 0.1998234 -0.2861474 -0.9371181 0.1998234 -0.2861474 -0.9371181 0.1998234 -0.2861474 -0.8658388 -0.3962386 -0.3054803 -0.865838 -0.3962435 -0.3054761 -0.8658381 -0.3962435 -0.3054761 -0.9967477 -3.3328e-5 -0.0805872 -0.9967477 -3.33263e-5 -0.0805872 -0.9967476 -3.33238e-5 -0.0805872 -0.9952638 0.009263753 -0.0967698 -0.9952637 0.009263753 -0.0967698 -0.9952638 0.009263753 -0.09676986 -0.9215524 -0.2716491 -0.2773951 -0.9215524 -0.2716491 -0.2773951 -0.9215524 -0.2716491 -0.2773951 -0.9805098 -0.1962291 0.009734272 -0.9805085 -0.1962355 0.009741604 -0.9805099 -0.1962288 0.009734034 -0.5127142 -0.7877007 -0.3415436 -0.5293713 -0.775058 -0.3450381 -0.5377359 -0.7685323 -0.346696 -0.737984 -0.6348788 -0.228711 0.303367 0.5758368 -0.7591972 -0.6783723 -0.702655 -0.2146787 -0.5649071 -0.8246006 -0.03023374 -0.5920932 -0.804971 -0.03804409 0.09023392 0.5494055 -0.8306693 0.1981979 0.5565694 -0.8068137 -2.47997e-7 0.4464389 -0.8948141 -0.5607081 -0.6766328 -0.4772573 -0.4851066 -0.7205976 -0.4953895 -0.5707626 -0.6700915 -0.4745604 -2.78465e-6 0.4464381 -0.8948144 -0.008494257 0.4459705 -0.8950074 -0.02413243 0.4764669 -0.8788613 -0.5607046 -0.6766353 -0.4772579 -0.6572095 -0.334942 -0.6751959 -0.7110832 -0.3206802 -0.6257197 0.04194825 0.4884558 -0.8715797 -0.0232194 0.5173941 -0.8554322 -0.196501 0.6022347 -0.7737576 -0.5726571 -0.697998 -0.4299567 -0.6179376 -0.6149283 -0.4899145 -0.6976885 -0.5843104 -0.4145026 -0.307925 0.5887828 -0.74734 -0.2883931 0.608812 -0.7390382 -0.6553692 -0.5077589 -0.5591711 -0.7278805 -0.4930983 -0.4764914 -0.9035345 -0.2837641 -0.3210973 -0.9150674 -0.3364758 -0.222342 -0.902267 -0.2778593 -0.3297097 -0.7036272 -0.5029234 -0.501973 -0.7036272 -0.5029474 -0.5019489 -0.7036273 -0.5029613 -0.5019348 -0.9214699 -0.3047252 -0.2409063 -0.921471 -0.304714 -0.2409165 -0.9214732 -0.3046912 -0.2409371 -0.9415555 -0.2664339 -0.2061217 -0.941558 -0.2664055 -0.2061479 -0.9415568 -0.2664192 -0.2061352 -0.9207048 -0.3009924 -0.2484077 -0.9204968 -0.3036131 -0.2459776 -0.982699 -0.1621552 -0.08948975 -0.9367412 -0.2726086 -0.2195466 -0.9367548 -0.2724267 -0.2197141 -0.9367179 -0.2729162 -0.219263 -0.9760113 -0.1876798 -0.1103553 -0.9832313 -0.1635429 -0.08068507 -0.9998779 -0.01505994 -0.004194438 -0.9707797 -0.219982 -0.09589052 -0.9835364 -0.1588948 -0.08607399 -0.8162934 -0.5633158 -0.1278301 0.9153832 0.3998968 -0.04643523 0.9153834 0.3998963 -0.04643523 0.1316694 -0.8857919 0.4450123 0.7784599 -0.6234107 -0.07320803 0.1409614 -0.8589207 0.4923263 -1.38989e-5 0.01997029 -0.9998006 3.43913e-5 -0.09856259 -0.9951308 9.34713e-5 -0.09841912 -0.9951451 9.96956e-5 -0.0984326 -0.9951437 -1.85541e-5 0.01990991 -0.9998018 -1.26399e-5 0.02000576 -0.9997999 0.198148 0.01863288 -0.979995 0.2084249 -0.1149182 -0.9712637 3.30042e-5 -0.09854811 -0.9951323 2.44203e-5 -0.09856319 -0.9951308 -1.73774e-5 0.01997053 -0.9998006 0.1981245 0.01863938 -0.9799997 -0.3862577 -0.5144378 -0.7656101 -0.3862618 -0.5144314 -0.7656123 0.2084114 -0.1149289 -0.9712652 0.2084173 -0.1148969 -0.9712677 0.1981084 0.01863914 -0.9800029 -0.3863904 -0.5145218 -0.7654866 -0.002169489 -0.002164959 -0.9999953 -0.002169251 -0.002165198 -0.9999953 -0.00216943 -0.002165019 -0.9999953 -0.002169251 -0.002165019 -0.9999953 -0.002169251 -0.002165079 -0.9999953 -0.00216943 -0.00216484 -0.9999953 0.9993337 0.01694071 -0.03233003 0.9990163 0.01592069 -0.04139059 0.953233 -0.2153434 0.2120714 0.9532358 -0.2138975 0.2135172 0.9532335 -0.215052 0.2123644 0.944359 -0.2382627 0.2267532 0.9443429 -0.2303961 0.234807 0.9443544 -0.2364771 0.2286339 -0.002101898 -0.002097487 -0.9999956 -0.002101898 -0.002097487 -0.9999956 -0.002102255 -0.002097129 -0.9999956 -0.002101778 -0.002097249 -0.9999956 -0.002101838 -0.002097189 -0.9999956 -0.002102017 -0.00209701 -0.9999956 -0.04263502 -0.03981626 -0.998297 -0.04263871 -0.03981256 -0.998297 -0.04263591 -0.03981536 -0.998297 -0.4840595 -0.8712894 0.08087718 -0.2404466 -0.9674226 0.07924044 -0.2445826 -0.9663788 0.079319 -0.2404176 -0.9674274 0.07926893 0.2405924 -0.9673581 0.07958477 0.2443094 -0.9664195 0.0796647 0.2443101 -0.9664196 0.07966047 -0.2445545 -0.966385 0.07933032 -0.2404175 -0.9674274 0.0792697 0.2442852 -0.9664237 0.07968652 0.2406144 -0.9673508 0.07960677 0.4839466 -0.8712889 0.08155548 -0.5143881 -0.6627615 -0.5441986 -0.1923714 -0.9805239 -0.03957593 0.09748256 -0.962239 0.2541522 0.05382144 -0.5156887 -0.8550839 -0.3282327 -0.3237305 -0.8873905 0.2796582 0.6852791 -0.6724463 -0.04544919 -0.9986342 0.02577137 0.303114 -0.9513572 -0.05515056 0.413015 -0.8188603 0.3986057 0.3701531 -0.8315734 0.4140924 -0.2404446 -0.860598 0.4489516 -0.2481799 -0.9686545 -0.0107389 0.7656868 0.03842967 -0.6420646 -0.4998128 -0.001219809 -0.8661326 0.8513149 -0.2609251 -0.4551715 0.5412275 -0.7117063 0.4478248 0.1935417 -0.8771659 0.439456 0.3860558 -0.9219556 -0.03096389 -1.35299e-4 -0.007997632 -0.9999681 -4.86997e-4 0.6151113 0.7884402 -0.07051497 -0.9910992 -0.1129162 -0.1840341 -0.5849415 -0.7899208 0.2621677 -0.40691 -0.8750385 -0.3897746 0.6573055 -0.6450002 0.0902695 0.6083838 0.7884927 2.90102e-5 0.6151118 0.7884399 -0.4583904 -0.8814043 -0.1140383 -0.4067661 -0.9064112 -0.1138427 0.2442577 -0.9630906 -0.1131133 0.1508056 0.5961421 0.7885888 0.1418216 -0.2063403 0.968148 5.27436e-4 0.7137336 -0.7004172 -0.7850627 -0.3158618 -0.5328301 -0.6970794 -0.6999542 -0.1553848 -0.2319381 -0.9626689 -0.1395468 0.2161896 0.56598 0.7955683 0.04698121 -0.9988941 -0.001845836 0.005022823 -0.9999856 -0.001869678 0.005070567 -0.9999855 -0.001869618 0.1037879 -0.9945978 -0.00181359 0.1306559 -0.9914262 -0.001797854 0.005070149 -0.9999854 -0.001869618 0.7431857 -0.1348698 -0.6553513 0.9999762 0.006897985 1.75405e-4 -0.5984792 -0.1688953 -0.7831329 0.05470985 -0.3821576 0.9224763 -0.9971267 -0.0349453 0.06721085 0.2525564 -0.3694871 0.8942565 0.003714501 -0.999993 -4.27037e-4 -0.2405052 0.2459782 -0.9389633 -0.05720645 -0.9682725 -0.243261 0.07140535 -0.9691814 -0.2357728 0.2868741 0.07165724 -0.9552846 -0.2856736 0.1995121 0.9373289 -0.01200699 -0.1828377 0.9830698 0.01023417 -0.9926416 -0.1206565 -0.005223393 0.999377 0.03490453 0.0124107 -0.961052 -0.2760891 -0.005045592 0.999719 0.02316182 -0.01074063 -0.3043608 0.9524964 0.01200652 0.1828928 -0.9830595 0.005222558 -0.999379 -0.03484755 -0.01023346 0.9926479 0.1206046 -0.01241075 0.9610506 0.2760938 0.01074129 0.3043053 -0.9525141 0.005046427 -0.9997177 -0.02321785 -0.01200699 -0.1828377 0.9830698 0.01023423 -0.9926416 -0.1206565 -0.005223453 0.999377 0.03490453 0.0124107 -0.961052 -0.2760891 -0.005045592 0.999719 0.02316182 -0.01074069 -0.3043608 0.9524964 0.01200646 0.1828928 -0.9830595 0.005222558 -0.999379 -0.03484755 -0.01023346 0.9926479 0.1206046 -0.01241075 0.9610506 0.2760938 0.01074129 0.3043053 -0.9525141 0.005046427 -0.9997177 -0.02321785 0.7438151 -0.1346707 -0.6546778 0.2845627 -0.1976894 -0.9380527 0.9783431 0.04970717 0.2009328 -0.07802635 -0.3820757 0.9208312 0.9879119 0.06171303 -0.1422027 -0.9936845 0.03661155 -0.10607 -0.05742156 -0.9693163 -0.2390163 0.2450681 0.2044682 0.9476996 -0.240071 0.2438488 -0.9396296 1.16176e-4 -0.9999998 -5.8504e-4 0.008801758 -0.9996555 -0.02472746 0.2866239 0.04978048 -0.9567491</float_array>
          <technique_common>
            <accessor source="#feiting_Mesh_003-mesh-normals-array" count="1186" stride="3">
              <param name="X" type="float"/>
              <param name="Y" type="float"/>
              <param name="Z" type="float"/>
            </accessor>
          </technique_common>
        </source>
        <source id="feiting_Mesh_003-mesh-map-0">
          <float_array id="feiting_Mesh_003-mesh-map-0-array" count="2526">0.7292377 0.8715931 0.7053622 0.8715874 0.7053358 0.8907656 0.7292377 0.8715931 0.7053358 0.8907656 0.7053147 0.9061514 0.7292377 0.8715931 0.7053147 0.9061514 0.705303 0.913451 0.7292377 0.8715931 0.705303 0.913451 0.705303 0.913451 0.7292375 0.8719103 0.7051404 0.9137526 0.7051842 0.906453 0.7292375 0.8719103 0.7051842 0.906453 0.7052634 0.8910673 0.7292375 0.8719103 0.7052634 0.8910673 0.705362 0.8718892 0.7292375 0.8719103 0.705362 0.8718892 0.7054606 0.852711 0.7292375 0.8719103 0.7054606 0.852711 0.7055396 0.8373253 0.7292375 0.8719103 0.7055396 0.8373253 0.7055835 0.8287828 0.7292377 0.8715931 0.7054212 0.828481 0.7054212 0.828481 0.7292377 0.8715931 0.7054212 0.828481 0.7054095 0.8370236 0.7292377 0.8715931 0.7054095 0.8370236 0.7053884 0.8524092 0.7292377 0.8715931 0.7053884 0.8524092 0.7053622 0.8715874 0.7053622 0.8715874 0.638464 0.8715716 0.6384143 0.9078278 0.7053622 0.8715874 0.6384143 0.9078278 0.7053358 0.8907656 0.7053358 0.8907656 0.6384143 0.9078278 0.6383743 0.9369812 0.7053358 0.8907656 0.6383743 0.9369812 0.7053147 0.9061514 0.7053147 0.9061514 0.6383743 0.9369812 0.638352 0.9519713 0.7053147 0.9061514 0.638352 0.9519713 0.705303 0.913451 0.7052667 0.9118323 0.6381824 0.9467704 0.6381281 0.9409493 0.7052667 0.9118323 0.6381281 0.9409493 0.7052116 0.909698 0.7051404 0.9137526 0.6380443 0.9522293 0.6381278 0.9372393 0.7051404 0.9137526 0.6381278 0.9372393 0.7051842 0.906453 0.7051842 0.906453 0.6381278 0.9372393 0.6382776 0.9080859 0.7051842 0.906453 0.6382776 0.9080859 0.7052634 0.8910673 0.7052634 0.8910673 0.6382776 0.9080859 0.638464 0.8718297 0.7052634 0.8910673 0.638464 0.8718297 0.705362 0.8718892 0.705362 0.8718892 0.638464 0.8718297 0.6386503 0.8355736 0.705362 0.8718892 0.6386503 0.8355736 0.7054606 0.852711 0.7054606 0.852711 0.6386503 0.8355736 0.6388002 0.8064202 0.7054606 0.852711 0.6388002 0.8064202 0.7055396 0.8373253 0.7055396 0.8373253 0.6388002 0.8064202 0.6388837 0.7901872 0.7055396 0.8373253 0.6388837 0.7901872 0.7055835 0.8287828 0.7054212 0.828481 0.6385759 0.7899289 0.6385759 0.7899289 0.7055835 0.8287828 0.6388836 0.7901872 0.7055835 0.8287828 0.7054212 0.828481 0.6385759 0.7899289 0.6385537 0.8061619 0.7054212 0.828481 0.6385537 0.8061619 0.7054095 0.8370236 0.7054095 0.8370236 0.6385537 0.8061619 0.6385137 0.8353154 0.7054095 0.8370236 0.6385137 0.8353154 0.7053884 0.8524092 0.7053884 0.8524092 0.6385137 0.8353154 0.638464 0.8715716 0.7053884 0.8524092 0.638464 0.8715716 0.7053622 0.8715874 0.638464 0.8715716 0.5417935 0.8715488 0.541727 0.920022 0.638464 0.8715716 0.541727 0.920022 0.6384143 0.9078278 0.6384143 0.9078278 0.541727 0.920022 0.5416736 0.9589788 0.6384143 0.9078278 0.5416736 0.9589788 0.6383743 0.9369812 0.6383743 0.9369812 0.5416736 0.9589788 0.5416439 0.9794134 0.6383743 0.9369812 0.5416439 0.9794134 0.638352 0.9519713 0.6381824 0.9467704 0.5414752 0.9756214 0.5414499 0.9621214 0.6381824 0.9467704 0.5414499 0.9621214 0.6381281 0.9409493 0.6380443 0.9522293 0.5412327 0.9796084 0.5413442 0.9591738 0.6380443 0.9522293 0.5413442 0.9591738 0.6381278 0.9372393 0.6381278 0.9372393 0.5413442 0.9591738 0.5415444 0.9202172 0.6381278 0.9372393 0.5415444 0.9202172 0.6382776 0.9080859 0.6382776 0.9080859 0.5415444 0.9202172 0.5417936 0.8717439 0.6382776 0.9080859 0.5417936 0.8717439 0.638464 0.8718297 0.638464 0.8718297 0.5417936 0.8717439 0.5420427 0.8232707 0.638464 0.8718297 0.5420427 0.8232707 0.6386503 0.8355736 0.6386503 0.8355736 0.5420427 0.8232707 0.5422431 0.784314 0.6386503 0.8355736 0.5422431 0.784314 0.6388002 0.8064202 0.6388002 0.8064202 0.5422431 0.784314 0.542395 0.7547742 0.6388002 0.8064202 0.542395 0.7547742 0.6388837 0.7901872 0.6385759 0.7899289 0.5419539 0.7545788 0.5419539 0.7545788 0.6385759 0.7899289 0.5419539 0.7545788 0.6385759 0.7899289 0.6385759 0.7899289 0.5419539 0.7545788 0.5419133 0.7841186 0.6385759 0.7899289 0.5419133 0.7841186 0.6385537 0.8061619 0.6385537 0.8061619 0.5419133 0.7841186 0.54186 0.8230753 0.6385537 0.8061619 0.54186 0.8230753 0.6385137 0.8353154 0.6385137 0.8353154 0.54186 0.8230753 0.5417935 0.8715488 0.6385137 0.8353154 0.5417935 0.8715488 0.638464 0.8715716 0.5417935 0.8715488 0.4344973 0.8715233 0.4344257 0.9236963 0.5417935 0.8715488 0.4344257 0.9236963 0.541727 0.920022 0.541727 0.920022 0.4344257 0.9236963 0.4343685 0.9654518 0.541727 0.920022 0.4343685 0.9654518 0.5416736 0.9589788 0.5416736 0.9589788 0.4343685 0.9654518 0.4343368 0.9873232 0.5416736 0.9589788 0.4343368 0.9873232 0.5416439 0.9794134 0.5414752 0.9756214 0.4339999 0.9822685 0.4339618 0.9691931 0.5414752 0.9756214 0.4339618 0.9691931 0.5414499 0.9621214 0.5412327 0.9796084 0.433896 0.9874483 0.4340149 0.9655769 0.5412327 0.9796084 0.4340149 0.9655769 0.5413442 0.9591738 0.5413442 0.9591738 0.4340149 0.9655769 0.4342295 0.9238216 0.5413442 0.9591738 0.4342295 0.9238216 0.5415444 0.9202172 0.5415444 0.9202172 0.4342295 0.9238216 0.4344977 0.8716486 0.5415444 0.9202172 0.4344977 0.8716486 0.5417936 0.8717439 0.5417936 0.8717439 0.4344977 0.8716486 0.4347659 0.8194757 0.5417936 0.8717439 0.4347659 0.8194757 0.5420427 0.8232707 0.5420427 0.8232707 0.4347659 0.8194757 0.4349805 0.7777203 0.5420427 0.8232707 0.4349805 0.7777203 0.5422431 0.784314 0.5422431 0.784314 0.4349805 0.7777203 0.4350993 0.7546061 0.5422431 0.784314 0.4350993 0.7546061 0.542395 0.7547742 0.5419539 0.7545788 0.4346578 0.7544806 0.4346261 0.7775948 0.5419539 0.7545788 0.4346261 0.7775948 0.5419133 0.7841186 0.5419133 0.7841186 0.4346261 0.7775948 0.4345688 0.8193502 0.5419133 0.7841186 0.4345688 0.8193502 0.54186 0.8230753 0.54186 0.8230753 0.4345688 0.8193502 0.4344973 0.8715233 0.54186 0.8230753 0.4344973 0.8715233 0.5417935 0.8715488 0.4344973 0.8715233 0.3378267 0.8715003 0.3377658 0.9159563 0.4344973 0.8715233 0.3377658 0.9159563 0.4344257 0.9236963 0.4344257 0.9236963 0.3377658 0.9159563 0.3377171 0.951529 0.4344257 0.9236963 0.3377171 0.951529 0.4343685 0.9654518 0.4343685 0.9654518 0.3377171 0.951529 0.33769 0.9699733 0.4343685 0.9654518 0.33769 0.9699733 0.4343368 0.9873232 0.4339999 0.9822685 0.3375234 0.9648402 0.3372844 0.9542792 0.4339999 0.9822685 0.3372844 0.9542792 0.4339618 0.9691931 0.433896 0.9874483 0.3373148 0.9700356 0.337416 0.9515913 0.433896 0.9874483 0.337416 0.9515913 0.4340149 0.9655769 0.4340149 0.9655769 0.337416 0.9515913 0.3375989 0.9160186 0.4340149 0.9655769 0.3375989 0.9160186 0.4342295 0.9238216 0.4342295 0.9238216 0.3375989 0.9160186 0.3378273 0.8715628 0.4342295 0.9238216 0.3378273 0.8715628 0.4344977 0.8716486 0.4344977 0.8716486 0.3378273 0.8715628 0.3380559 0.8271069 0.4344977 0.8716486 0.3380559 0.8271069 0.4347659 0.8194757 0.4347659 0.8194757 0.3380559 0.8271069 0.3382387 0.7915343 0.4347659 0.8194757 0.3382387 0.7915343 0.4349805 0.7777203 0.4349805 0.7777203 0.3382387 0.7915343 0.3383399 0.7718471 0.4349805 0.7777203 0.3383399 0.7718471 0.4350993 0.7546061 0.4346578 0.7544806 0.3379634 0.7717844 0.3379634 0.7717845 0.4346578 0.7544806 0.3379634 0.7717845 0.4346578 0.7544806 0.4346578 0.7544806 0.3379634 0.7717845 0.3379364 0.7914717 0.4346578 0.7544806 0.3379364 0.7914717 0.4346261 0.7775948 0.4346261 0.7775948 0.3379364 0.7914717 0.3378876 0.8270444 0.4346261 0.7775948 0.3378876 0.8270444 0.4345688 0.8193502 0.4345688 0.8193502 0.3378876 0.8270444 0.3378267 0.8715003 0.4345688 0.8193502 0.3378267 0.8715003 0.4344973 0.8715233 0.3378267 0.8715003 0.2709287 0.8714845 0.2708936 0.8970982 0.3378267 0.8715003 0.2708936 0.8970982 0.3377658 0.9159563 0.3377658 0.9159563 0.2708936 0.8970982 0.2708653 0.9176328 0.3377658 0.9159563 0.2708653 0.9176328 0.3377171 0.951529 0.3377171 0.951529 0.2708653 0.9176328 0.2708498 0.9277816 0.3377171 0.951529 0.2708498 0.9277816 0.33769 0.9699733 0.3375234 0.9648402 0.2707715 0.9243373 0.2707715 0.9188604 0.3375234 0.9648402 0.2707715 0.9188604 0.3372844 0.9542792 0.3373148 0.9700356 0.2706336 0.9278003 0.2706922 0.9176515 0.3373148 0.9700356 0.2706922 0.9176515 0.337416 0.9515913 0.337416 0.9515913 0.2706922 0.9176515 0.2707978 0.897117 0.337416 0.9515913 0.2707978 0.897117 0.3375989 0.9160186 0.3375989 0.9160186 0.2707978 0.897117 0.2709295 0.8715034 0.3375989 0.9160186 0.2709295 0.8715034 0.3378273 0.8715628 0.3378273 0.8715628 0.2709295 0.8715034 0.2710611 0.8458898 0.3378273 0.8715628 0.2710611 0.8458898 0.3380559 0.8271069 0.3380559 0.8271069 0.2710611 0.8458898 0.2711666 0.8253552 0.3380559 0.8271069 0.2711666 0.8253552 0.3382387 0.7915343 0.3382387 0.7915343 0.2711666 0.8253552 0.2712252 0.8139635 0.3382387 0.7915343 0.2712252 0.8139635 0.3383399 0.7718471 0.3379634 0.7717844 0.2710075 0.8139445 0.2710075 0.8139445 0.3379634 0.7717844 0.2710075 0.8139445 0.3379634 0.7717845 0.3379634 0.7717845 0.2710075 0.8139445 0.2709919 0.8253363 0.3379634 0.7717845 0.2709919 0.8253363 0.3379364 0.7914717 0.3379364 0.7914717 0.2709919 0.8253363 0.2709637 0.8458709 0.3379364 0.7914717 0.2709637 0.8458709 0.3378876 0.8270444 0.3378876 0.8270444 0.2709637 0.8458709 0.2709287 0.8714845 0.3378876 0.8270444 0.2709287 0.8714845 0.3378267 0.8715003 0.2580168 0.8714815 0.2708936 0.8970982 0.2709287 0.8714845 0.2580168 0.8714815 0.2708653 0.9176328 0.2708936 0.8970982 0.2580168 0.8714815 0.2708498 0.9277816 0.2708653 0.9176328 0.2646746 0.8717235 0.266241 0.9275966 0.2689456 0.9276189 0.2580176 0.8714919 0.2706922 0.9176515 0.2706336 0.9278003 0.2580176 0.8714919 0.2707978 0.897117 0.2706922 0.9176515 0.2580176 0.8714919 0.2709295 0.8715034 0.2707978 0.897117 0.2580176 0.8714919 0.2710611 0.8458898 0.2709295 0.8715034 0.2580176 0.8714919 0.2711666 0.8253552 0.2710611 0.8458898 0.2580176 0.8714919 0.2712252 0.8139635 0.2711666 0.8253552 0.2580176 0.8714919 0.2712252 0.8139635 0.2712252 0.8139635 0.2580168 0.8714815 0.2709919 0.8253363 0.2710075 0.8139445 0.2580168 0.8714815 0.2709637 0.8458709 0.2709919 0.8253363 0.2580168 0.8714815 0.2709287 0.8714845 0.2709637 0.8458709 0.9164307 0.8787441 0.9164307 0.9353412 0.7972481 0.9353412 0.9164307 0.8787441 0.7972481 0.9353412 0.7972481 0.8787441 0.9164035 0.9440978 0.9164035 0.9468363 0.7972209 0.9468363 0.9164035 0.9440978 0.7972209 0.9468363 0.7972209 0.9440978 0.9164311 0.8787462 0.9164311 0.9353433 0.7972484 0.9353433 0.9164311 0.8787462 0.7972484 0.9353433 0.7972484 0.8787462 0.9164313 0.8787463 0.9164313 0.9353434 0.7972486 0.9353434 0.9164313 0.8787463 0.7972486 0.9353434 0.7972486 0.8787463 0.9164037 0.9440978 0.9164037 0.9468363 0.797221 0.9468363 0.9164037 0.9440978 0.797221 0.9468363 0.797221 0.9440978 0.9164306 0.878744 0.9164306 0.9353411 0.7972479 0.9353411 0.9164306 0.878744 0.7972479 0.9353411 0.7972479 0.878744 0.9164313 0.8787463 0.9164313 0.9353434 0.7972486 0.9353434 0.9164313 0.8787463 0.7972486 0.9353434 0.7972486 0.8787463 0.9164031 0.9440955 0.9164031 0.946834 0.7972204 0.946834 0.9164031 0.9440955 0.7972204 0.946834 0.7972204 0.9440955 0.9164305 0.878744 0.9164305 0.9353412 0.7972478 0.9353412 0.9164305 0.878744 0.7972478 0.9353412 0.7972478 0.878744 0.9164308 0.8787441 0.9164308 0.9353412 0.7972481 0.9353412 0.9164308 0.8787441 0.7972481 0.9353412 0.7972481 0.8787441 0.9164031 0.9440955 0.9164031 0.9468341 0.7972204 0.9468341 0.9164031 0.9440955 0.7972204 0.9468341 0.7972204 0.9440955 0.9164311 0.8787462 0.9164311 0.9353433 0.7972484 0.9353433 0.9164311 0.8787462 0.7972484 0.9353433 0.7972484 0.8787462 0.9019098 0.8783097 0.845315 0.8755225 0.9019122 0.8755712 0.8453127 0.878261 0.845315 0.8755225 0.9019098 0.8783097 0.7859793 0.8754714 0.8425741 0.8782587 0.785977 0.87821 0.8425765 0.8755201 0.8425741 0.8782587 0.7859793 0.8754714 0.8453637 0.8189254 0.8425765 0.8755201 0.8426252 0.818923 0.845315 0.8755225 0.8425765 0.8755201 0.8453637 0.8189254 0.845315 0.8755225 0.8425741 0.8782587 0.8425765 0.8755201 0.8453127 0.878261 0.8425741 0.8782587 0.845315 0.8755225 0.8453127 0.878261 0.8425254 0.9348559 0.8425741 0.8782587 0.845264 0.9348582 0.8425254 0.9348559 0.8453127 0.878261 0.78597 0.8782126 0.7859724 0.875474 0.8425695 0.8755227 0.8425672 0.8782613 0.78597 0.8782126 0.8425695 0.8755227 0.9019052 0.8755738 0.9019028 0.8783124 0.8453058 0.8782637 0.8453081 0.8755251 0.9019052 0.8755738 0.8453058 0.8782637 0.8426182 0.8189256 0.8453568 0.818928 0.8453081 0.8755251 0.8425695 0.8755227 0.8426182 0.8189256 0.8453081 0.8755251 0.8425695 0.8755227 0.8453081 0.8755251 0.8453058 0.8782637 0.8425672 0.8782613 0.8425695 0.8755227 0.8453058 0.8782637 0.8425672 0.8782613 0.8453058 0.8782637 0.845257 0.9348608 0.8425185 0.9348585 0.8425672 0.8782613 0.845257 0.9348608 0.5923472 0.1535941 0.5954934 0.1488322 0.5913585 0.1445915 0.5930792 0.03806704 0.5919765 0.04705643 0.596165 0.04286843 0.656817 0.09901946 0.6605469 0.09825295 0.6552494 0.1009877 0.6621144 0.0962854 0.6588464 0.1038456 0.6605469 0.09825295 0.6605469 0.09825295 0.656817 0.09901946 0.6621144 0.0962854 0.6552494 0.1009877 0.660414 0.1018668 0.656817 0.09901946 0.660414 0.1018668 0.6552494 0.1009877 0.6588464 0.1038456 0.6588464 0.1038456 0.6552494 0.1009877 0.6605469 0.09825295 0.660414 0.1018668 0.6621144 0.0962854 0.656817 0.09901946 0.6588464 0.1038456 0.6621144 0.0962854 0.660414 0.1018668 0.9120059 0.9412078 0.8194963 0.9448105 0.7693971 0.8171508 0.9120059 0.9412078 0.7693971 0.8171508 0.9260209 0.8130219 0.8194963 0.9448105 0.9120059 0.9412071 0.7693971 0.8171508 0.7693971 0.8171508 0.9120059 0.9412071 0.9260209 0.8130215 0.2734133 0.1282032 0.2439106 0.1414282 0.2438666 0.1483685 0.2438666 0.1483685 0.273282 0.1489293 0.2734133 0.1282032 0.2738481 0.1074789 0.2300558 0.107129 0.2439106 0.1414282 0.2439106 0.1414282 0.2734133 0.1282032 0.2738481 0.1074789 0.2739794 0.08675247 0.2301861 0.08655393 0.2300558 0.107129 0.2300558 0.107129 0.2738481 0.1074789 0.2739794 0.08675247 0.2741107 0.06602615 0.2444745 0.05243325 0.2301861 0.08655393 0.2301861 0.08655393 0.2739794 0.08675247 0.2741107 0.06602615 0.2745504 0.04530191 0.2445185 0.04549288 0.2444745 0.05243325 0.2444745 0.05243325 0.2741107 0.06602615 0.2745504 0.04530191 0.4440128 0.1463116 0.3652208 0.1458125 0.3648903 0.1700292 0.3648903 0.1700292 0.4438596 0.1705296 0.4440128 0.1463116 0.3652208 0.1458125 0.2734133 0.1282032 0.273282 0.1489293 0.273282 0.1489293 0.3648903 0.1700292 0.3652208 0.1458125 0.4441804 0.1198709 0.3656018 0.119373 0.3652208 0.1458125 0.3652208 0.1458125 0.4440128 0.1463116 0.4441804 0.1198709 0.2734133 0.1282032 0.3652208 0.1458125 0.3656018 0.119373 0.3656018 0.119373 0.2738481 0.1074789 0.2734133 0.1282032 0.3660898 0.07602316 0.2739794 0.08675247 0.2738481 0.1074789 0.2738481 0.1074789 0.3656018 0.119373 0.3660898 0.07602316 0.3664708 0.04958367 0.2741107 0.06602615 0.2739794 0.08675247 0.2739794 0.08675247 0.3660898 0.07602316 0.3664708 0.04958367 0.3668379 0.02536731 0.2745504 0.04530191 0.2741107 0.06602615 0.2741107 0.06602615 0.3664708 0.04958367 0.3668379 0.02536731 0.6259381 0.1643759 0.4440128 0.1463116 0.4438596 0.1705296 0.4438596 0.1705296 0.6258921 0.1716831 0.6259381 0.1643759 0.6262128 0.1210245 0.4441804 0.1198709 0.4440128 0.1463116 0.4440128 0.1463116 0.6259381 0.1643759 0.6262128 0.1210245 0.6264874 0.07767331 0.4444551 0.07651972 0.4441804 0.1198709 0.4441804 0.1198709 0.6262128 0.1210245 0.6264874 0.07767331 0.626762 0.03432178 0.4446227 0.05007886 0.4444551 0.07651972 0.4444551 0.07651972 0.6264874 0.07767331 0.626762 0.03432178 0.6268089 0.02701461 0.4447764 0.02586114 0.4446227 0.05007886 0.4446227 0.05007886 0.626762 0.03432178 0.6268089 0.02701461 0.6555984 0.1303712 0.6259381 0.1643759 0.6258921 0.1716831 0.3662304 0.2131131 0.3381786 0.2519344 0.338179 0.2320845 0.6557287 0.1098141 0.6262128 0.1210245 0.6259381 0.1643759 0.6259381 0.1643759 0.6555984 0.1303712 0.6557287 0.1098141 0.6558589 0.08925712 0.6264874 0.07767331 0.6262128 0.1210245 0.6262128 0.1210245 0.6557287 0.1098141 0.6558589 0.08925712 0.6559892 0.06870001 0.626762 0.03432178 0.6264874 0.07767331 0.6264874 0.07767331 0.6558589 0.08925712 0.6559892 0.06870001 0.3381786 0.2519344 0.3662304 0.2131131 0.3662306 0.2032776 0.626762 0.03432178 0.6559892 0.06870001 0.6561198 0.04814302 0.2278393 0.1482672 0.221872 0.1412887 0.2658823 0.1473765 0.3031368 0.1631369 0.2278393 0.1482672 0.2658823 0.1473765 0.2520717 0.1060816 0.2658823 0.1473765 0.221872 0.1412887 0.221872 0.1412887 0.2220526 0.1068254 0.2520717 0.1060816 0.2521869 0.08792787 0.2520717 0.1060816 0.2220526 0.1068254 0.2220526 0.1068254 0.2221797 0.08676671 0.2521869 0.08792787 0.2224359 0.05229377 0.2665195 0.04681825 0.2521869 0.08792787 0.2521869 0.08792787 0.2221797 0.08676671 0.2224359 0.05229377 0.2224359 0.05229377 0.2284912 0.04539155 0.3045547 0.03143358 0.2224359 0.05229377 0.3045547 0.03143358 0.3042607 0.03145217 0.2224359 0.05229377 0.3042607 0.03145217 0.2665195 0.04681825 0.2415353 0.6884892 0.1719071 0.7305104 0.5073146 0.7305104 0.2426363 0.688489 0.5073146 0.7305104 0.5072438 0.6884958 0.2684941 0.3557644 0.2374307 0.3557644 0.2349323 0.3011976 0.2349323 0.3011976 0.2901484 0.3011976 0.2684941 0.3557644 0.2663596 0.145515 0.2666052 0.1223341 0.4441978 0.1234595 0.4441978 0.1234595 0.4440253 0.1506752 0.2663596 0.145515 0.3366733 0.3557644 0.2684941 0.3557644 0.2901484 0.3011976 0.2901484 0.3011976 0.3144745 0.3011976 0.3366733 0.3557644 0.2666052 0.1223341 0.2670006 0.071455 0.4445202 0.07257974 0.4445202 0.07257974 0.4441978 0.1234595 0.2666052 0.1223341 0.3671638 0.3557644 0.3366733 0.3557644 0.3144745 0.3011976 0.3144745 0.3011976 0.3696811 0.3011976 0.3671638 0.3557644 0.2670006 0.071455 0.2672433 0.04870158 0.4446901 0.04577606 0.4446901 0.04577606 0.4445202 0.07257974 0.2670006 0.071455 0.5072438 0.6884958 0.5073147 0.7305104 0.1724172 0.7305104 0.5072438 0.6884958 0.1724172 0.7305104 0.2420816 0.6884892 0.4447377 0.03232187 0.3042607 0.03145217 0.3045547 0.03143358 0.8111813 0.7305104 0.7718513 0.6885025 0.5072438 0.6884958 0.5072438 0.6884958 0.5073146 0.7305104 0.8111813 0.7305104 0.8111779 0.6570179 0.7718513 0.6885025 0.8111813 0.7305104 0.5973996 0.12443 0.605024 0.1490201 0.4440253 0.1506752 0.4440253 0.1506752 0.4441978 0.1234595 0.5973996 0.12443 0.2356097 0.3557644 0.2684945 0.3556355 0.2663384 0.3035916 0.2663384 0.3035916 0.241016 0.3035916 0.2356097 0.3557644 0.597722 0.07355022 0.5973996 0.12443 0.4441978 0.1234595 0.4441978 0.1234595 0.4445202 0.07257974 0.597722 0.07355022 0.808886 0.7264674 0.8997445 0.7264674 0.9010097 0.6679382 0.9010097 0.6679382 0.8060125 0.6679382 0.808886 0.7264674 0.6056549 0.04947137 0.597722 0.07355022 0.4445202 0.07257974 0.4445202 0.07257974 0.4446901 0.04577606 0.6056549 0.04947137 0.3366737 0.3556355 0.3690057 0.3557644 0.3630202 0.3035916 0.3630202 0.3035916 0.3376233 0.3035916 0.3366737 0.3556355 0.7718513 0.6885025 0.8111813 0.7305104 0.5073147 0.7305104 0.5073147 0.7305104 0.5072438 0.6884958 0.7718513 0.6885025 0.7718513 0.6885025 0.811178 0.6570179 0.8111813 0.7305104 0.5840861 0.1649581 0.6050478 0.1449855 0.6580111 0.144416 0.5840861 0.1649581 0.6580111 0.144416 0.7173321 0.1300142 0.5840861 0.1649581 0.7173321 0.1300142 0.7128875 0.1400619 0.6582782 0.1119236 0.6580111 0.144416 0.6050478 0.1449855 0.6050478 0.1449855 0.5973883 0.1260391 0.6582782 0.1119236 0.6580111 0.144416 0.6582782 0.1119236 0.7152612 0.1101918 0.7152612 0.1101918 0.7173321 0.1300142 0.6580111 0.144416 0.6584146 0.08715903 0.6582782 0.1119236 0.5973883 0.1260391 0.5973883 0.1260391 0.5977255 0.07284164 0.6584146 0.08715903 0.6582782 0.1119236 0.6584146 0.08715903 0.7153913 0.08963447 0.7153913 0.08963447 0.7152612 0.1101918 0.6582782 0.1119236 0.6585209 0.05455178 0.6584146 0.08715903 0.5977255 0.07284164 0.5977255 0.07284164 0.6056247 0.05393809 0.6585209 0.05455178 0.6584146 0.08715903 0.6585209 0.05455178 0.7177135 0.06984019 0.7177135 0.06984019 0.7153913 0.08963447 0.6584146 0.08715903 0.7133967 0.05973678 0.7177135 0.06984019 0.6585209 0.05455178 0.7133967 0.05973678 0.6585209 0.05455178 0.6056247 0.05393809 0.7133967 0.05973678 0.6056247 0.05393809 0.584921 0.03321021 0.7513161 0.2721409 0.745589 0.2737498 0.7303194 0.2188681 0.2438666 0.1483685 0.2439106 0.1414282 0.221872 0.1412887 0.2147279 0.1070321 0.221872 0.1412887 0.2439106 0.1414282 0.2439106 0.1414282 0.2300558 0.107129 0.2147279 0.1070321 0.2148584 0.08645695 0.2147279 0.1070321 0.2300558 0.107129 0.2300558 0.107129 0.2301861 0.08655393 0.2148584 0.08645695 0.2224359 0.05229377 0.2148584 0.08645695 0.2301861 0.08655393 0.2301861 0.08655393 0.2444745 0.05243325 0.2224359 0.05229377 0.2284912 0.04539155 0.2224359 0.05229377 0.2444745 0.05243325 0.2444745 0.05243325 0.2445185 0.04549288 0.2284912 0.04539155 0.6732089 0.2726 0.745589 0.2737498 0.7303194 0.2188681 0.7303194 0.2188681 0.7017097 0.2032688 0.6732089 0.2726 0.6139095 0.2005739 0.5396561 0.1964412 0.5396538 0.2726034 0.7017097 0.2032688 0.6139095 0.2005739 0.5396538 0.2726034 0.7017097 0.2032688 0.5396538 0.2726034 0.6732089 0.2726 0.4060987 0.2726067 0.5396538 0.2726034 0.5396561 0.1964412 0.5396561 0.1964412 0.3662304 0.2131131 0.4060987 0.2726067 0.4060987 0.2726067 0.3662304 0.2131131 0.3381786 0.2519344 0.3381786 0.2519344 0.283542 0.2753399 0.4060987 0.2726067 0.2793685 0.2716099 0.283542 0.2753399 0.3381786 0.2519344 0.6561198 0.04814302 0.6559892 0.06870001 0.7177135 0.06984019 0.7153913 0.08963447 0.7177135 0.06984019 0.6559892 0.06870001 0.6559892 0.06870001 0.6558589 0.08925712 0.7153913 0.08963447 0.7152612 0.1101918 0.7153913 0.08963447 0.6558589 0.08925712 0.6558589 0.08925712 0.6557287 0.1098141 0.7152612 0.1101918 0.7173321 0.1300142 0.7152612 0.1101918 0.6557287 0.1098141 0.6557287 0.1098141 0.6555984 0.1303712 0.7173321 0.1300142 0.7128875 0.1400619 0.7173321 0.1300142 0.6555984 0.1303712 0.338179 0.2320845 0.3381786 0.2519344 0.2835421 0.2753399 0.4060987 0.2726067 0.2835421 0.2753399 0.3381786 0.2519344 0.3381786 0.2519344 0.3662304 0.2131131 0.4060987 0.2726067 0.5396538 0.2726034 0.4060987 0.2726067 0.3662304 0.2131131 0.3662304 0.2131131 0.5396561 0.1964412 0.5396538 0.2726034 0.5396561 0.1964412 0.6148916 0.2006682 0.6742 0.2705494 0.5396561 0.1964412 0.6732089 0.2726 0.5396538 0.2726034 0.745589 0.2737498 0.6742 0.2705494 0.7022925 0.2032688 0.745589 0.2737498 0.7022925 0.2032688 0.7303194 0.2188681 0.6148916 0.2006682 0.7022925 0.2032688 0.6742 0.2705494 0.2415353 0.6884892 0.1710284 0.6536455 0.1719071 0.7305104 0.1710285 0.6536455 0.2420816 0.6884892 0.1724172 0.7305104 0.4444551 0.07651972 0.3660898 0.07602316 0.3656018 0.119373 0.3656018 0.119373 0.4441804 0.1198709 0.4444551 0.07651972 0.4446227 0.05007886 0.3664708 0.04958367 0.3660898 0.07602316 0.3660898 0.07602316 0.4444551 0.07651972 0.4446227 0.05007886 0.4447764 0.02586114 0.3668379 0.02536731 0.3664708 0.04958367 0.3664708 0.04958367 0.4446227 0.05007886 0.4447764 0.02586114 0.250213 0.117953 0.2504761 0.07641363 0.5977255 0.07284164 0.5977255 0.07284164 0.5973883 0.1260391 0.250213 0.117953 0.2502219 0.1166965 0.250213 0.117953 0.5973883 0.1260391 0.5973883 0.1260391 0.5973996 0.12443 0.2502219 0.1166965 0.2504761 0.07641363 0.2504737 0.076967 0.597722 0.07355022 0.597722 0.07355022 0.5977255 0.07284164 0.2504761 0.07641363 0.2504737 0.076967 0.2502219 0.1166965 0.5973996 0.12443 0.5973996 0.12443 0.597722 0.07355022 0.2504737 0.076967 0.3241624 0.09255099 0.3065833 0.1041222 0.3264612 0.1026818 0.2205893 0.1412806 0.2012732 0.1069468 0.2017963 0.106697 0.2012732 0.1069468 0.2014036 0.08637183 0.2019234 0.08663839 0.2019234 0.08663839 0.2017963 0.106697 0.2012732 0.1069468 0.2019234 0.08663839 0.2014036 0.08637183 0.2211533 0.05228579 0.221872 0.1412887 0.2147279 0.1070321 0.2012732 0.1069468 0.2012732 0.1069468 0.2205893 0.1412806 0.221872 0.1412887 0.2147279 0.1070321 0.2148584 0.08645695 0.2014036 0.08637183 0.2014036 0.08637183 0.2012732 0.1069468 0.2147279 0.1070321 0.2148584 0.08645695 0.2224359 0.05229377 0.2211533 0.05228579 0.2211533 0.05228579 0.2014036 0.08637183 0.2148584 0.08645695 0.2224359 0.05229377 0.2221797 0.08676671 0.2019234 0.08663839 0.2019234 0.08663839 0.2211533 0.05228579 0.2224359 0.05229377 0.2221797 0.08676671 0.2220526 0.1068254 0.2017963 0.106697 0.2017963 0.106697 0.2019234 0.08663839 0.2221797 0.08676671 0.2220526 0.1068254 0.221872 0.1412887 0.2205893 0.1412806 0.2205893 0.1412806 0.2017963 0.106697 0.2220526 0.1068254 0.4873429 0.809309 0.4877023 0.8093491 0.5259182 0.8093491 0.4873429 0.809309 0.5259182 0.8093491 0.5255587 0.809309 0.5652043 0.9254409 0.4789384 0.8011007 0.5334094 0.8011316 0.5654234 0.9254409 0.4790873 0.8011007 0.4414352 0.9253954 0.5673736 0.8990988 0.4877023 0.8093491 0.4277592 0.8990988 0.5665554 0.8990396 0.4873429 0.809309 0.5255587 0.809309 0.5350914 0.7008402 0.5578383 0.7120856 0.5405035 0.6962561 0.5350914 0.7008402 0.5524262 0.7166698 0.5578383 0.7120856 0.5350914 0.7008402 0.5405035 0.6962561 0.5578383 0.7120856 0.5350914 0.7008402 0.5578383 0.7120856 0.5524262 0.7166698 0.5350914 0.7008402 0.5578383 0.7120856 0.5405035 0.6962561 0.5350914 0.7008402 0.5524262 0.7166698 0.5578383 0.7120856 0.5350914 0.7008402 0.5405035 0.6962561 0.5578383 0.7120856 0.5350914 0.7008402 0.5578383 0.7120856 0.5524262 0.7166698 0.5652043 0.9254409 0.4412161 0.9253954 0.4789384 0.8011007 0.5654234 0.9254409 0.5335582 0.8011316 0.4790873 0.8011007 0.5673736 0.8990988 0.5259182 0.8093491 0.4877023 0.8093491 0.5665554 0.8990396 0.4269411 0.8990396 0.4873429 0.809309</float_array>
          <technique_common>
            <accessor source="#feiting_Mesh_003-mesh-map-0-array" count="1263" stride="2">
              <param name="S" type="float"/>
              <param name="T" type="float"/>
            </accessor>
          </technique_common>
        </source>
        <vertices id="feiting_Mesh_003-mesh-vertices">
          <input semantic="POSITION" source="#feiting_Mesh_003-mesh-positions"/>
        </vertices>
        <triangles material="guichuan_Mat-material" count="421">
          <input semantic="VERTEX" source="#feiting_Mesh_003-mesh-vertices" offset="0"/>
          <input semantic="NORMAL" source="#feiting_Mesh_003-mesh-normals" offset="1"/>
          <input semantic="TEXCOORD" source="#feiting_Mesh_003-mesh-map-0" offset="2" set="0"/>
          <p>1 0 0 10 1 1 13 2 2 2 3 3 16 4 4 19 5 5 5 6 6 21 7 7 23 8 8 6 9 9 25 10 10 26 11 11 473 12 12 469 13 13 28 14 14 476 15 15 30 16 16 35 17 17 477 18 18 32 19 19 39 20 20 474 21 21 40 22 22 42 23 23 472 24 24 43 25 25 50 26 26 475 27 27 48 28 28 54 29 29 0 30 30 479 31 31 58 32 32 3 33 33 55 34 34 63 35 35 7 36 36 62 37 37 66 38 38 4 39 39 68 40 40 11 41 41 12 42 42 74 43 43 79 44 44 9 45 45 75 46 46 14 47 47 17 48 48 78 49 49 82 50 50 15 51 51 86 52 52 22 53 53 20 54 54 81 55 55 89 56 56 18 57 57 88 58 58 24 59 59 483 60 60 480 61 61 90 62 62 484 63 63 92 64 64 485 65 65 471 66 66 488 67 67 96 68 68 470 69 69 95 70 70 27 71 71 29 72 72 93 73 73 101 74 74 31 75 75 99 76 76 33 77 77 34 78 78 102 79 79 110 80 80 36 81 81 108 82 82 37 83 83 38 84 84 109 85 85 112 86 86 41 87 87 111 88 88 46 89 89 45 90 90 116 91 91 117 92 92 44 93 93 122 94 94 51 95 95 49 96 96 121 97 97 124 98 98 47 99 99 123 100 100 53 101 101 478 102 102 491 103 103 129 104 104 52 105 105 493 106 106 492 107 107 56 108 108 128 109 109 131 110 110 57 111 111 132 112 112 61 113 113 60 114 114 135 115 115 142 116 116 59 117 117 140 118 118 67 119 119 65 120 120 137 121 121 70 122 122 64 123 123 69 124 124 8 125 125 73 126 126 148 127 127 153 128 128 71 129 129 151 130 130 76 131 131 80 132 132 154 133 133 157 134 134 77 135 135 155 136 136 85 137 137 84 138 138 159 139 139 163 140 140 83 141 141 162 142 142 87 143 143 481 144 144 495 145 145 165 146 146 482 147 147 164 148 148 91 149 149 487 150 150 497 151 151 170 152 152 486 153 153 167 154 154 97 155 155 94 156 156 169 157 157 174 158 158 98 159 159 176 160 160 103 161 161 104 162 162 178 163 163 183 164 164 100 165 165 179 166 166 107 167 167 105 168 168 182 169 169 187 170 170 106 171 171 189 172 172 114 173 173 115 174 174 185 175 175 192 176 176 113 177 177 195 178 178 120 179 179 119 180 180 193 181 181 197 182 182 118 183 183 199 184 184 125 185 185 489 186 186 500 187 187 200 188 188 490 189 189 202 190 190 127 191 191 130 192 192 203 193 193 208 194 194 126 195 195 209 196 196 134 197 197 136 198 198 205 199 199 211 200 200 133 201 201 214 202 202 141 203 203 138 204 204 215 205 205 144 206 206 139 207 207 145 208 208 72 209 209 147 210 210 220 211 211 223 212 212 143 213 213 224 214 214 149 215 215 152 216 216 227 217 217 231 218 218 150 219 219 233 220 220 156 221 221 160 222 222 234 223 223 237 224 224 158 225 225 235 226 226 161 227 227 494 228 228 503 229 229 240 230 230 496 231 231 238 232 232 166 233 233 498 234 234 505 235 235 242 236 236 499 237 237 246 238 238 171 239 239 168 240 240 243 241 241 249 242 242 172 243 243 252 244 244 177 245 245 175 246 246 250 247 247 253 248 248 173 249 249 257 250 250 180 251 251 181 252 252 256 253 253 261 254 254 184 255 255 259 256 256 186 257 257 190 258 258 262 259 259 269 260 260 188 261 261 270 262 262 191 263 263 196 264 264 266 265 265 271 266 266 194 267 267 272 268 268 198 269 269 204 270 270 274 271 271 279 272 272 201 273 273 281 274 274 207 275 275 206 276 276 282 277 277 287 278 278 210 279 279 286 280 280 216 281 281 212 282 282 285 283 283 217 284 284 213 285 285 218 286 286 146 287 287 219 288 288 292 289 289 299 290 290 221 291 291 298 292 292 228 293 293 226 294 294 301 295 295 302 296 296 225 297 297 305 298 298 232 299 299 230 300 300 306 301 301 310 302 302 229 303 303 309 304 304 236 305 305 502 306 306 507 307 307 313 308 308 501 309 309 311 310 310 239 311 311 506 312 312 510 313 313 317 314 314 504 315 315 315 316 316 244 317 317 241 318 318 319 319 319 321 320 320 245 321 321 322 322 322 251 323 323 248 324 324 325 325 325 326 326 326 247 327 327 331 328 328 258 329 329 254 330 330 330 331 331 335 332 332 255 333 333 334 334 334 260 335 335 264 336 336 337 337 337 343 338 338 263 339 339 341 340 340 268 341 341 265 342 342 340 343 343 345 344 344 267 345 345 346 346 346 273 347 347 516 348 348 513 349 349 349 350 350 517 351 351 351 352 352 275 353 353 277 354 354 347 355 355 354 356 356 276 357 357 355 358 358 283 359 359 280 360 360 356 361 361 361 362 362 278 363 363 360 364 364 288 365 365 289 366 366 359 367 367 293 368 368 284 369 369 295 370 370 222 371 371 291 372 372 365 373 373 371 374 374 290 375 375 373 376 376 296 377 377 297 378 378 370 379 379 375 380 380 300 381 381 376 382 382 304 383 383 303 384 384 378 385 385 382 386 386 307 387 387 380 388 388 308 389 389 508 390 390 518 391 391 383 392 392 509 393 393 384 394 394 312 395 395 512 396 396 519 397 397 385 398 398 511 399 399 389 400 400 318 401 401 316 402 402 387 403 403 394 404 404 314 405 405 390 406 406 320 407 407 324 408 408 393 409 409 395 410 410 323 411 411 396 412 412 327 413 413 329 414 414 397 415 415 400 416 416 328 417 417 401 418 418 336 419 419 332 420 420 402 421 421 406 422 422 333 423 423 405 424 424 342 425 425 338 426 426 407 427 427 413 428 428 339 429 429 412 430 430 344 431 431 514 432 432 521 433 433 417 434 434 515 435 435 415 436 436 352 437 437 348 438 438 416 439 439 420 440 440 350 441 441 419 442 442 358 443 443 353 444 444 421 445 445 423 446 446 357 447 447 424 448 448 363 449 449 362 450 450 427 451 451 368 452 452 364 453 453 367 454 454 294 455 455 431 456 456 374 457 457 366 458 458 429 459 459 377 460 460 372 461 461 433 462 462 381 463 463 379 464 464 524 465 465 523 466 466 522 467 467 525 468 468 386 469 469 520 470 470 530 471 471 392 472 472 388 473 473 527 474 474 399 475 475 391 476 476 529 477 477 404 478 478 398 479 479 526 480 480 408 481 481 403 482 482 531 483 483 411 484 484 409 485 485 528 486 486 532 487 487 410 488 488 428 489 489 422 490 490 414 491 491 432 492 492 426 493 493 418 494 494 430 495 495 369 496 496 425 497 497 434 498 498 436 499 499 448 500 500 435 501 501 449 502 502 447 503 503 534 504 504 437 505 505 451 506 506 533 507 507 450 508 508 535 509 509 536 510 510 438 510 511 452 510 512 536 511 513 452 511 514 537 511 515 539 512 516 439 513 517 454 514 518 538 515 519 453 516 520 540 517 521 542 518 522 440 518 523 456 518 524 541 519 525 455 520 526 543 521 527 545 522 528 441 523 529 458 524 530 544 525 531 457 526 532 546 527 533 548 528 534 442 528 535 460 528 536 547 529 537 459 529 538 549 529 539 550 530 540 443 530 541 461 530 542 551 531 543 462 532 544 552 533 545 553 534 546 444 535 547 463 536 548 554 537 549 464 538 550 555 539 551 556 540 552 445 540 553 465 540 554 557 541 555 466 542 556 558 543 557 560 544 558 446 545 559 468 546 560 559 547 561 467 548 562 561 549 563 566 550 564 564 551 565 563 552 566 565 553 567 562 554 568 567 555 569 575 556 570 572 557 571 568 558 572 576 559 573 569 560 574 574 561 575 586 562 576 583 562 577 579 562 578 590 563 579 582 563 580 585 563 581 592 564 582 587 565 583 591 566 584 571 567 585 589 568 586 593 569 587 570 570 588 580 571 589 588 572 590 578 573 591 584 573 592 573 573 593 577 574 594 594 575 595 581 576 596 596 577 597 595 577 598 578 577 599 604 578 600 602 579 601 600 580 602 608 581 603 603 582 604 599 583 605 616 584 606 614 585 607 612 586 608 620 587 609 615 588 610 613 589 611 622 590 612 621 591 613 618 592 614 598 593 615 623 594 616 619 595 617 597 596 618 617 597 619 609 598 620 607 599 621 601 600 622 611 601 623 605 602 624 610 603 625 624 604 626 626 605 627 606 606 628 625 607 629 957 608 630 956 608 631 955 608 632 960 609 633 959 609 634 958 609 635 639 610 636 628 611 637 632 612 638 635 613 639 642 614 640 629 615 641 627 616 642 638 617 643 633 618 644 630 619 645 643 619 646 637 619 647 644 620 648 631 620 649 961 620 650 964 621 651 963 622 652 962 623 653 965 624 654 636 625 655 640 626 656 641 627 657 634 628 658 966 629 659 650 630 660 648 631 661 646 632 662 649 633 663 645 634 664 647 635 665 654 636 666 656 637 667 651 638 668 652 639 669 655 640 670 653 641 671 690 642 672 664 643 673 659 643 674 658 644 675 687 644 676 688 645 677 691 646 678 668 647 679 663 647 680 666 648 681 689 649 682 693 650 683 696 651 684 676 652 685 670 652 686 671 653 687 692 654 688 694 655 689 697 656 690 684 657 691 678 657 692 677 658 693 695 659 694 698 660 695 700 661 696 685 661 697 681 661 698 683 662 699 699 663 700 701 662 701 708 664 702 875 665 703 870 666 704 871 667 705 706 667 706 710 668 707 873 669 708 972 670 709 971 671 710 970 672 711 872 672 712 874 673 713 714 674 714 889 675 715 975 676 716 973 677 717 977 678 718 716 679 719 979 680 720 974 681 721 888 682 722 891 683 723 983 684 724 980 685 725 894 686 726 984 687 727 981 688 728 982 689 729 890 690 730 895 691 731 900 692 732 987 693 733 985 694 734 986 695 735 896 696 736 899 697 737 906 698 738 993 698 739 989 699 740 988 700 741 994 701 742 905 702 743 740 703 744 709 704 745 707 703 746 705 705 747 734 705 748 738 705 749 745 706 750 715 707 751 978 708 752 976 709 753 999 710 754 744 711 755 751 712 756 720 713 757 712 714 758 711 715 759 746 716 760 750 717 761 754 718 762 724 719 763 718 720 764 717 721 765 752 722 766 755 723 767 760 724 768 729 725 769 1002 726 770 1001 727 771 1003 728 772 758 729 773 764 730 774 739 731 775 737 732 776 736 733 777 763 734 778 765 735 779 768 736 780 741 737 781 997 738 782 998 739 783 1006 740 784 766 741 785 771 742 786 748 743 787 743 744 788 742 745 789 767 746 790 769 747 791 773 748 792 753 749 793 749 750 794 747 751 795 770 752 796 772 753 797 776 754 798 759 755 799 1004 756 800 1005 757 801 1007 758 802 777 759 803 779 760 804 780 761 805 801 762 806 799 763 807 778 764 808 800 765 809 803 766 810 1011 767 811 1008 768 812 1009 769 813 929 770 814 805 771 815 807 772 816 804 773 817 926 774 818 928 775 819 934 776 820 808 777 821 796 778 822 810 779 823 809 780 824 806 781 825 932 782 826 795 783 827 1013 784 828 797 785 829 811 786 830 1014 787 831 812 787 832 885 788 833 1012 789 834 884 790 835 1015 791 836 1017 792 837 876 793 838 816 794 839 1018 795 840 818 796 841 815 797 842 877 798 843 1021 799 844 1019 800 845 1020 801 846 1022 802 847 878 803 848 1024 804 849 1023 805 850 820 806 851 821 807 852 1027 808 853 1025 809 854 879 810 855 1031 811 856 1030 812 857 1029 813 858 1034 814 859 880 815 860 1033 816 861 881 817 862 824 818 863 822 819 864 1036 819 865 1032 820 866 883 821 867 1040 822 868 1038 823 869 1039 824 870 1041 825 871 882 826 872 1043 827 873 1042 828 874 825 829 875 826 830 876 1047 831 877 1044 832 878 830 833 879 1051 834 880 1049 835 881 829 836 882 1048 837 883 1054 838 884 828 839 885 1053 840 886 1055 841 887 856 842 888 832 843 889 813 844 890 814 845 891 817 846 892 857 847 893 834 848 894 1060 849 895 1056 850 896 858 851 897 1061 852 898 1026 853 899 1028 854 900 819 855 901 859 856 902 1063 857 903 1062 857 904 835 857 905 836 858 906 1065 858 907 1064 858 908 860 859 909 1066 860 910 1037 861 911 1035 862 912 823 862 913 861 863 914 921 864 915 925 864 916 918 864 917 919 865 918 917 865 919 922 865 920 862 866 921 1067 867 922 1046 868 923 1045 869 924 827 870 925 863 871 926 1070 872 927 1068 873 928 839 874 929 838 875 930 837 876 931 1069 877 932 840 878 933 1071 879 934 1050 880 935 1052 881 936 831 882 937 841 883 938 1077 884 939 1075 884 940 1072 884 941 1058 885 942 833 886 943 908 886 944 1057 887 945 907 888 946 843 889 947 1059 890 948 844 891 949 842 892 950 910 893 951 1080 894 952 1079 895 953 1078 896 954 1081 897 955 909 898 956 1088 899 957 1086 900 958 846 901 959 845 902 960 1089 903 961 1087 904 962 914 905 963 911 906 964 1083 907 965 1082 908 966 1092 909 967 913 910 968 1085 911 969 1095 912 970 849 913 971 850 914 972 847 915 973 1084 916 974 915 917 975 912 918 976 1090 919 977 1091 920 978 1096 921 979 916 922 980 1094 923 981 1097 924 982 852 925 983 851 926 984 848 927 985 1093 928 986 855 929 987 1100 930 988 1099 931 989 853 932 990 1098 932 991 1073 932 992 854 933 993 1074 934 994 1076 935 995 1102 936 996 1101 936 997 657 936 998 660 937 999 665 937 1000 1105 937 1001 785 938 1002 1104 939 1003 661 939 1004 662 940 1005 667 940 1006 781 941 1007 788 942 1008 782 943 1009 672 944 1010 669 945 1011 675 945 1012 789 946 1013 1108 947 1014 787 948 1015 673 949 1016 674 950 1017 680 951 1018 1110 952 1019 1111 953 1020 1109 954 1021 679 955 1022 682 956 1023 686 956 1024 1112 956 1025 1118 957 1026 1115 958 1027 1113 959 1028 1114 960 1029 992 961 1030 1117 962 1031 902 963 1032 727 964 1033 1120 965 1034 990 966 1035 903 967 1036 1121 968 1037 991 969 1038 1122 970 1039 1116 971 1040 1123 972 1041 1119 973 1042 726 974 1043 728 975 1044 756 976 1045 1124 977 1046 1126 978 1047 757 979 1048 775 980 1049 774 981 1050 1127 982 1051 1125 983 1052 1133 984 1053 1130 985 1054 1129 986 1055 1128 987 1056 1136 988 1057 1131 989 1058 1138 990 1059 1132 991 1060 1134 992 1061 1135 993 1062 1142 994 1063 1139 995 1064 1145 996 1065 1137 997 1066 1141 998 1067 1140 999 1068 1146 1000 1069 1144 1001 1070 1150 1002 1071 1143 1003 1072 1148 1004 1073 1147 1005 1074 1154 1006 1075 1151 1007 1076 1156 1008 1077 1149 1009 1078 1152 1010 1079 1153 1011 1080 1157 1012 1081 1155 1013 1082 1160 1014 1083 1158 1015 1084 761 1016 1085 762 1017 1086 735 1018 1087 1161 1019 1088 1164 1020 1089 1159 1021 1090 733 1022 1091 732 1023 1092 702 1024 1093 1162 1025 1094 704 1026 1095 869 1027 1096 866 1028 1097 703 1029 1098 867 1030 1099 1163 1031 1100 1166 1032 1101 865 1033 1102 968 1032 1103 1165 1034 1104 967 1034 1105 1167 1034 1106 868 1035 1107 969 1035 1108 864 1036 1109 798 1037 1110 802 1038 1111 1168 1039 1112 1016 1040 1113 886 1041 1114 1169 1042 1115 721 1043 1116 898 1044 1117 887 1045 1118 892 1046 1119 713 1047 1120 722 1048 1121 725 1049 1122 901 1050 1123 897 1051 1124 893 1052 1125 719 1053 1126 723 1054 1127 731 1055 1128 904 1056 1129 995 1057 1130 996 1058 1131 1000 1059 1132 730 1060 1133 1174 1061 1134 1172 1062 1135 1171 1063 1136 1170 1064 1137 1175 1065 1138 1173 1066 1139 1180 1067 1140 1178 1067 1141 1177 1067 1142 1176 1068 1143 1181 1068 1144 1179 1068 1145 1186 1069 1146 1184 1070 1147 1183 1071 1148 1182 1072 1149 1187 1073 1150 1185 1074 1151 924 1075 1152 920 1076 1153 1188 1077 1154 1189 1078 1155 1190 1079 1156 923 1080 1157 1205 1081 1158 1203 1082 1159 1204 1083 1160 937 1084 1161 939 1085 1162 953 1086 1163 941 1087 1164 945 1088 1165 951 1089 1166 952 1090 1167 954 1091 1168 942 1092 1169 1193 1093 1170 1192 1094 1171 948 1095 1172 1103 1096 1173 784 1097 1174 944 1098 1175 943 1099 1176 938 1100 1177 1106 1101 1178 786 1102 1179 790 1103 1180 947 1104 1181 946 1105 1182 940 1106 1183 783 1107 1184 792 1108 1185 1107 1109 1186 950 1110 1187 949 1111 1188 1191 1112 1189 791 1113 1190 794 1114 1191 933 1115 1192 1195 1116 1193 1194 1117 1194 1197 1118 1195 793 1119 1196 935 1120 1197 927 1121 1198 1198 1122 1199 1199 1123 1200 1196 1124 1201 936 1125 1202 930 1126 1203 1010 1127 1204 1201 1128 1205 1202 1129 1206 1200 1130 1207 931 1131 1208 1228 1132 1209 1220 1133 1210 1223 1134 1211 1229 1135 1212 1224 1136 1213 1233 1137 1214 1216 1138 1215 1235 1139 1216 1222 1140 1217 1213 1141 1218 1226 1142 1219 1207 1143 1220 1215 1144 1221 1218 1145 1222 1212 1146 1223 1209 1147 1224 1231 1148 1225 1232 1149 1226 1236 1150 1227 1241 1151 1228 1239 1152 1229 1237 1153 1230 1238 1154 1231 1240 1155 1232 1243 1156 1233 1245 1157 1234 1246 1158 1235 1242 1159 1236 1247 1160 1237 1244 1161 1238 1248 1162 1239 1253 1163 1240 1251 1164 1241 1249 1165 1242 1250 1166 1243 1252 1167 1244 1255 1168 1245 1257 1169 1246 1258 1170 1247 1254 1171 1248 1259 1172 1249 1256 1173 1250 1217 1174 1251 1210 1175 1252 1234 1176 1253 1211 1177 1254 1221 1178 1255 1227 1179 1256 1214 1180 1257 1225 1181 1258 1219 1182 1259 1208 1183 1260 1206 1184 1261 1230 1185 1262</p>
        </triangles>
      </mesh>
    </geometry>
  </library_geometries>
  <library_controllers>
    <controller id="balloon_dread_Skin_feiting_guichuan-skin" name="balloon_dread_Skin">
      <skin source="#feiting_Mesh_003-mesh">
        <bind_shape_matrix>1 0 0 0 0 1 0 0 0 0 1 0 0 0 0 1</bind_shape_matrix>
        <source id="balloon_dread_Skin_feiting_guichuan-skin-joints">
          <Name_array id="balloon_dread_Skin_feiting_guichuan-skin-joints-array" count="4">Root Dummy02 ammo_node_0 pivot_node_0</Name_array>
          <technique_common>
            <accessor source="#balloon_dread_Skin_feiting_guichuan-skin-joints-array" count="4" stride="1">
              <param name="JOINT" type="name"/>
            </accessor>
          </technique_common>
        </source>
        <source id="balloon_dread_Skin_feiting_guichuan-skin-bind_poses">
          <float_array id="balloon_dread_Skin_feiting_guichuan-skin-bind_poses-array" count="64">1 0 0 -0.6400311 0 1 0 -0.008515894 0 0 1 0.001969337 0 0 0 1 1 0 0 -0.6400311 0 1 0 13.21571 0 0 1 0.001969337 0 0 0 1 1 0 0 -0.6400311 0 1 0 6.338275 0 0 1 13.89321 0 0 0 1 1 0 0 -0.01608479 0 1 0 -73.15826 0 0 1 -6.684391 0 0 0 1</float_array>
          <technique_common>
            <accessor source="#balloon_dread_Skin_feiting_guichuan-skin-bind_poses-array" count="4" stride="16">
              <param name="TRANSFORM" type="float4x4"/>
            </accessor>
          </technique_common>
        </source>
        <source id="balloon_dread_Skin_feiting_guichuan-skin-weights">
          <float_array id="balloon_dread_Skin_feiting_guichuan-skin-weights-array" count="1260">1 1 1 1 1 1 1 1 1 1 1 1 1 1 1 1 1 1 1 1 1 1 1 1 1 1 1 1 1 1 1 1 1 1 1 1 1 1 1 1 1 1 1 1 1 1 1 1 1 1 1 1 1 1 1 1 1 1 1 1 1 1 1 1 1 1 1 1 1 1 1 1 1 1 1 1 1 1 1 1 1 1 1 1 1 1 1 1 1 1 1 1 1 1 1 1 1 1 1 1 1 1 1 1 1 1 1 1 1 1 1 1 1 1 1 1 1 1 1 1 1 1 1 1 1 1 1 1 1 1 1 1 1 1 1 1 1 1 1 1 1 1 1 1 1 1 1 1 1 1 1 1 1 1 1 1 1 1 1 1 1 1 1 1 1 1 1 1 1 1 1 1 1 1 1 1 1 1 1 1 1 1 1 1 1 1 1 1 1 1 1 1 1 1 1 1 1 1 1 1 1 1 1 1 1 1 1 1 1 1 1 1 1 1 1 1 1 1 1 1 1 1 1 1 1 1 1 1 1 1 1 1 1 1 1 1 1 1 1 1 1 1 1 1 1 1 1 1 1 1 1 1 1 1 1 1 1 1 1 1 1 1 1 1 1 1 1 1 1 1 1 1 1 1 1 1 1 1 1 1 1 1 1 1 1 1 1 1 1 1 1 1 1 1 1 1 1 1 1 1 1 1 1 1 1 1 1 1 1 1 1 1 1 1 1 1 1 1 1 1 1 1 1 1 1 1 1 1 1 1 1 1 1 1 1 1 1 1 1 1 1 1 1 1 1 1 1 1 1 1 1 1 1 1 1 1 1 1 1 1 1 1 1 1 1 1 1 1 1 1 1 1 1 1 1 1 1 1 1 1 1 1 1 1 1 1 1 1 1 1 1 1 1 1 1 1 1 1 1 1 1 1 1 1 1 1 1 1 1 1 1 1 1 1 1 1 1 1 1 1 1 1 1 1 1 1 1 1 1 1 1 1 1 1 1 1 1 1 1 1 1 1 1 1 1 1 1 1 1 1 1 1 1 1 1 1 1 1 1 1 1 1 1 1 1 1 1 1 1 1 1 1 1 1 1 1 1 1 1 1 1 1 1 1 1 1 1 1 1 1 1 1 1 1 1 1 1 1 1 1 1 1 1 1 1 1 1 1 1 1 1 1 1 1 1 1 1 1 1 1 1 1 1 1 1 1 1 1 1 1 1 1 1 1 1 1 1 1 1 1 1 1 1 1 1 1 1 1 1 1 1 1 1 1 1 1 1 1 1 1 1 1 1 1 1 1 1 1 1 1 1 1 1 1 1 1 1 1 1 1 1 1 1 1 1 1 1 1 1 1 1 1 1 1 1 1 1 1 1 1 1 1 1 1 1 1 1 1 1 1 1 1 1 1 1 1 1 1 1 1 1 1 1 1 1 1 1 1 1 1 1 1 1 1 1 1 1 1 1 1 1 1 1 1 1 1 1 1 1 1 1 1 1 1 1 1 1 1 1 1 1 1 1 1 1 1 1 1 1 1 1 1 1 1 1 1 1 1 1 1 1 1 1 1 1 1 1 1 1 1 1 1 1 1 1 1 1 1 1 1 1 1 1 1 1 1 1 1 1 1 1 1 1 1 1 1 1 1 1 1 1 1 1 1 1 1 1 1 1 1 1 1 1 1 1 1 1 1 1 1 1 1 1 1 1 1 1 1 1 1 1 1 1 1 1 1 1 1 1 1 1 1 1 1 1 1 1 1 1 1 1 1 1 1 1 1 1 1 1 1 1 1 1 1 1 1 1 1 1 1 1 1 1 1 1 1 1 1 1 1 1 1 1 1 1 1 1 1 1 1 1 1 1 1 1 1 1 1 1 1 1 1 1 1 1 1 1 1 1 1 1 1 1 1 1 1 1 1 1 1 1 1 1 1 1 1 1 1 1 1 1 1 1 1 1 1 1 1 1 1 1 1 1 1 1 1 1 1 1 1 1 1 1 1 1 1 1 1 1 1 1 1 1 1 1 1 1 1 1 1 1 1 1 1 1 1 1 1 1 1 1 1 1 1 1 1 1 1 1 1 1 1 1 1 1 1 1 1 1 1 1 1 1 1 1 1 1 1 1 1 1 1 1 1 1 1 1 1 1 1 1 1 1 1 1 1 1 1 1 1 1 1 1 1 1 1 1 1 1 1 1 1 1 1 1 1 1 1 1 1 1 1 1 1 1 1 1 1 1 1 1 1 1 1 1 1 1 1 1 1 1 1 1 1 1 1 1 1 1 1 1 1 1 1 1 1 1 1 1 1 1 1 1 1 1 1 1 1 1 1 1 1 1 1 1 1 1 1 1 1 1 1 1 1 1 1 1 1 1 1 1 1 1 1 1 1 1 1 1 1 1 1 1 1 1 1 1 1 1 1 1 1 1 1 1 1 1 1 1 1 1 1 1 1 1 1 1 1 1 1 1 1 1 1 1 1 1 1 1 1 1 1 1 1 1 1 1 1 1 1 1 1 1 1 1 1 1 1 1 1 1 1 1 1 1 1 1 1 1 1 1 1 1 1 1 1 1 1 1 1 1 1 1 1 1 1 1 1 1 1 1 1 1 1 1 1 1 1 1 1 1 1 1 1 1 1 1 1 1 1 1 1 1 1 1 1 1 1 1 1 1 1 1 1 1 1 1 1 1 1 1 1 1 1 1 1 1 1 1 1 1 1 1 1 1 1 1 1 1 1 1 1 1 1 1 1 1 1 1 1 1 1 1 1 1 1 1 1 1 1 1 1 1 1 1 1 1 1 1 1 1 1 1 1 1 1 1 1 1 1 1 1 1 1 1 1 1 1 1 1 1 1 1 1 1 1 1 1 1 1</float_array>
          <technique_common>
            <accessor source="#balloon_dread_Skin_feiting_guichuan-skin-weights-array" count="1260" stride="1">
              <param name="WEIGHT" type="float"/>
            </accessor>
          </technique_common>
        </source>
        <joints>
          <input semantic="JOINT" source="#balloon_dread_Skin_feiting_guichuan-skin-joints"/>
          <input semantic="INV_BIND_MATRIX" source="#balloon_dread_Skin_feiting_guichuan-skin-bind_poses"/>
        </joints>
        <vertex_weights count="1260">
          <input semantic="JOINT" source="#balloon_dread_Skin_feiting_guichuan-skin-joints" offset="0"/>
          <input semantic="WEIGHT" source="#balloon_dread_Skin_feiting_guichuan-skin-weights" offset="1"/>
          <vcount>1 1 1 1 1 1 1 1 1 1 1 1 1 1 1 1 1 1 1 1 1 1 1 1 1 1 1 1 1 1 1 1 1 1 1 1 1 1 1 1 1 1 1 1 1 1 1 1 1 1 1 1 1 1 1 1 1 1 1 1 1 1 1 1 1 1 1 1 1 1 1 1 1 1 1 1 1 1 1 1 1 1 1 1 1 1 1 1 1 1 1 1 1 1 1 1 1 1 1 1 1 1 1 1 1 1 1 1 1 1 1 1 1 1 1 1 1 1 1 1 1 1 1 1 1 1 1 1 1 1 1 1 1 1 1 1 1 1 1 1 1 1 1 1 1 1 1 1 1 1 1 1 1 1 1 1 1 1 1 1 1 1 1 1 1 1 1 1 1 1 1 1 1 1 1 1 1 1 1 1 1 1 1 1 1 1 1 1 1 1 1 1 1 1 1 1 1 1 1 1 1 1 1 1 1 1 1 1 1 1 1 1 1 1 1 1 1 1 1 1 1 1 1 1 1 1 1 1 1 1 1 1 1 1 1 1 1 1 1 1 1 1 1 1 1 1 1 1 1 1 1 1 1 1 1 1 1 1 1 1 1 1 1 1 1 1 1 1 1 1 1 1 1 1 1 1 1 1 1 1 1 1 1 1 1 1 1 1 1 1 1 1 1 1 1 1 1 1 1 1 1 1 1 1 1 1 1 1 1 1 1 1 1 1 1 1 1 1 1 1 1 1 1 1 1 1 1 1 1 1 1 1 1 1 1 1 1 1 1 1 1 1 1 1 1 1 1 1 1 1 1 1 1 1 1 1 1 1 1 1 1 1 1 1 1 1 1 1 1 1 1 1 1 1 1 1 1 1 1 1 1 1 1 1 1 1 1 1 1 1 1 1 1 1 1 1 1 1 1 1 1 1 1 1 1 1 1 1 1 1 1 1 1 1 1 1 1 1 1 1 1 1 1 1 1 1 1 1 1 1 1 1 1 1 1 1 1 1 1 1 1 1 1 1 1 1 1 1 1 1 1 1 1 1 1 1 1 1 1 1 1 1 1 1 1 1 1 1 1 1 1 1 1 1 1 1 1 1 1 1 1 1 1 1 1 1 1 1 1 1 1 1 1 1 1 1 1 1 1 1 1 1 1 1 1 1 1 1 1 1 1 1 1 1 1 1 1 1 1 1 1 1 1 1 1 1 1 1 1 1 1 1 1 1 1 1 1 1 1 1 1 1 1 1 1 1 1 1 1 1 1 1 1 1 1 1 1 1 1 1 1 1 1 1 1 1 1 1 1 1 1 1 1 1 1 1 1 1 1 1 1 1 1 1 1 1 1 1 1 1 1 1 1 1 1 1 1 1 1 1 1 1 1 1 1 1 1 1 1 1 1 1 1 1 1 1 1 1 1 1 1 1 1 1 1 1 1 1 1 1 1 1 1 1 1 1 1 1 1 1 1 1 1 1 1 1 1 1 1 1 1 1 1 1 1 1 1 1 1 1 1 1 1 1 1 1 1 1 1 1 1 1 1 1 1 1 1 1 1 1 1 1 1 1 1 1 1 1 1 1 1 1 1 1 1 1 1 1 1 1 1 1 1 1 1 1 1 1 1 1 1 1 1 1 1 1 1 1 1 1 1 1 1 1 1 1 1 1 1 1 1 1 1 1 1 1 1 1 1 1 1 1 1 1 1 1 1 1 1 1 1 1 1 1 1 1 1 1 1 1 1 1 1 1 1 1 1 1 1 1 1 1 1 1 1 1 1 1 1 1 1 1 1 1 1 1 1 1 1 1 1 1 1 1 1 1 1 1 1 1 1 1 1 1 1 1 1 1 1 1 1 1 1 1 1 1 1 1 1 1 1 1 1 1 1 1 1 1 1 1 1 1 1 1 1 1 1 1 1 1 1 1 1 1 1 1 1 1 1 1 1 1 1 1 1 1 1 1 1 1 1 1 1 1 1 1 1 1 1 1 1 1 1 1 1 1 1 1 1 1 1 1 1 1 1 1 1 1 1 1 1 1 1 1 1 1 1 1 1 1 1 1 1 1 1 1 1 1 1 1 1 1 1 1 1 1 1 1 1 1 1 1 1 1 1 1 1 1 1 1 1 1 1 1 1 1 1 1 1 1 1 1 1 1 1 1 1 1 1 1 1 1 1 1 1 1 1 1 1 1 1 1 1 1 1 1 1 1 1 1 1 1 1 1 1 1 1 1 1 1 1 1 1 1 1 1 1 1 1 1 1 1 1 1 1 1 1 1 1 1 1 1 1 1 1 1 1 1 1 1 1 1 1 1 1 1 1 1 1 1 1 1 1 1 1 1 1 1 1 1 1 1 1 1 1 1 1 1 1 1 1 1 1 1 1 1 1 1 1 1 1 1 1 1 1 1 1 1 1 1 1 1 1 1 1 1 1 1 1 1 1 1 1 1 1 1 1 1 1 1 1 1 1 1 1 1 1 1 1 1 1 1 1 1 1 1 1 1 1 1 1 1 1 1 1 1 1 1 1 1 1 1 1 1 1 1 1 1 1 1 1 1 1 1 1 1 1 1 1 1 1 1 1 1 1 1 1 1 1 1 1 1 1 1 1 1 1 1 1 1 1 1 1 1 1 1 1 1 1 1 1 1 1 1 1 1 1 1 1 1 1 1 1 1 1 1 1 1 1 1 1 1 1 1 1 1 1 1 1 1 1 1 1 1 1 1 1 1 1 1 1 1 1 1 1 1 1 1 1 1 1 1 1 1 1 1 1 1 1 1 1 1 1 1 1 1 1 1 1 1 1 1 1 1 1 1 1 1 1 1 1 1 1 1 1 1 1 1 1 1 1 1 1 1 1 1 1 1 1 1 </vcount>
          <v>0 0 0 1 0 2 0 3 0 4 0 5 0 6 0 7 0 8 0 9 0 10 0 11 0 12 0 13 0 14 0 15 0 16 0 17 0 18 0 19 0 20 0 21 0 22 0 23 0 24 0 25 0 26 0 27 0 28 0 29 0 30 0 31 0 32 0 33 0 34 0 35 0 36 0 37 0 38 0 39 0 40 0 41 0 42 0 43 0 44 0 45 0 46 0 47 0 48 0 49 0 50 0 51 0 52 0 53 0 54 0 55 0 56 0 57 0 58 0 59 0 60 0 61 0 62 0 63 0 64 0 65 0 66 0 67 0 68 0 69 0 70 0 71 0 72 0 73 0 74 0 75 0 76 0 77 0 78 0 79 0 80 0 81 0 82 0 83 0 84 0 85 0 86 0 87 0 88 0 89 0 90 0 91 0 92 0 93 0 94 0 95 0 96 0 97 0 98 0 99 0 100 0 101 0 102 0 103 0 104 0 105 0 106 0 107 0 108 0 109 0 110 0 111 0 112 0 113 0 114 0 115 0 116 0 117 0 118 0 119 0 120 0 121 0 122 0 123 0 124 0 125 0 126 0 127 0 128 0 129 0 130 0 131 0 132 0 133 0 134 0 135 0 136 0 137 0 138 0 139 0 140 0 141 0 142 0 143 0 144 0 145 0 146 0 147 0 148 0 149 0 150 0 151 0 152 0 153 0 154 0 155 0 156 0 157 0 158 0 159 0 160 0 161 0 162 0 163 0 164 0 165 0 166 0 167 0 168 0 169 0 170 0 171 0 172 0 173 0 174 0 175 0 176 0 177 0 178 0 179 0 180 0 181 0 182 0 183 0 184 0 185 0 186 0 187 0 188 0 189 0 190 0 191 0 192 0 193 0 194 0 195 0 196 0 197 0 198 0 199 0 200 0 201 0 202 0 203 0 204 0 205 0 206 0 207 0 208 0 209 0 210 0 211 0 212 0 213 0 214 0 215 0 216 0 217 0 218 0 219 0 220 0 221 0 222 0 223 0 224 0 225 0 226 0 227 0 228 0 229 0 230 0 231 0 232 0 233 0 234 0 235 0 236 0 237 0 238 0 239 0 240 0 241 0 242 0 243 0 244 0 245 0 246 0 247 0 248 0 249 0 250 0 251 0 252 0 253 0 254 0 255 0 256 0 257 0 258 0 259 0 260 0 261 0 262 0 263 0 264 0 265 0 266 0 267 0 268 0 269 0 270 0 271 0 272 0 273 0 274 0 275 0 276 0 277 0 278 0 279 0 280 0 281 0 282 0 283 0 284 0 285 0 286 0 287 0 288 0 289 0 290 0 291 0 292 0 293 0 294 0 295 0 296 0 297 0 298 0 299 0 300 0 301 0 302 0 303 0 304 0 305 0 306 0 307 0 308 0 309 0 310 0 311 0 312 0 313 0 314 0 315 0 316 0 317 0 318 0 319 0 320 0 321 0 322 0 323 0 324 0 325 0 326 0 327 0 328 0 329 0 330 0 331 0 332 0 333 0 334 0 335 0 336 0 337 0 338 0 339 0 340 0 341 0 342 0 343 0 344 0 345 0 346 0 347 0 348 0 349 0 350 0 351 0 352 0 353 0 354 0 355 0 356 0 357 0 358 0 359 0 360 0 361 0 362 0 363 0 364 0 365 0 366 0 367 0 368 0 369 0 370 0 371 0 372 0 373 0 374 0 375 0 376 0 377 0 378 0 379 0 380 0 381 0 382 0 383 0 384 0 385 0 386 0 387 0 388 0 389 0 390 0 391 0 392 0 393 0 394 0 395 0 396 0 397 0 398 0 399 0 400 0 401 0 402 0 403 0 404 0 405 0 406 0 407 0 408 0 409 0 410 0 411 0 412 0 413 0 414 0 415 0 416 0 417 0 418 0 419 0 420 0 421 0 422 0 423 0 424 0 425 0 426 0 427 0 428 0 429 0 430 0 431 0 432 0 433 0 434 0 435 0 436 0 437 0 438 0 439 0 440 0 441 0 442 0 443 0 444 0 445 0 446 0 447 0 448 0 449 0 450 0 451 0 452 0 453 0 454 0 455 0 456 0 457 0 458 0 459 0 460 0 461 0 462 0 463 0 464 0 465 0 466 0 467 0 468 0 469 0 470 0 471 0 472 0 473 0 474 0 475 0 476 0 477 0 478 0 479 0 480 0 481 0 482 0 483 0 484 0 485 0 486 0 487 0 488 0 489 0 490 0 491 0 492 0 493 0 494 0 495 0 496 0 497 0 498 0 499 0 500 0 501 0 502 0 503 0 504 0 505 0 506 0 507 0 508 0 509 0 510 0 511 0 512 0 513 0 514 0 515 0 516 0 517 0 518 0 519 0 520 0 521 0 522 0 523 0 524 0 525 0 526 0 527 0 528 0 529 0 530 0 531 0 532 0 533 0 534 0 535 0 536 0 537 0 538 0 539 0 540 0 541 0 542 0 543 0 544 0 545 0 546 0 547 0 548 0 549 0 550 0 551 0 552 0 553 0 554 0 555 0 556 0 557 0 558 0 559 0 560 0 561 0 562 0 563 0 564 0 565 0 566 0 567 0 568 0 569 0 570 0 571 0 572 0 573 0 574 0 575 0 576 0 577 0 578 0 579 0 580 0 581 0 582 0 583 0 584 0 585 0 586 0 587 0 588 0 589 0 590 0 591 0 592 0 593 0 594 0 595 0 596 0 597 0 598 0 599 0 600 0 601 0 602 0 603 0 604 0 605 0 606 0 607 0 608 0 609 0 610 0 611 0 612 0 613 0 614 0 615 0 616 0 617 0 618 0 619 0 620 0 621 0 622 0 623 0 624 0 625 0 626 0 627 0 628 0 629 0 630 0 631 0 632 0 633 0 634 0 635 0 636 0 637 0 638 0 639 0 640 0 641 0 642 0 643 0 644 0 645 0 646 0 647 0 648 0 649 0 650 0 651 0 652 0 653 0 654 0 655 0 656 0 657 0 658 0 659 0 660 0 661 0 662 0 663 0 664 0 665 0 666 0 667 0 668 0 669 0 670 0 671 0 672 0 673 0 674 0 675 0 676 0 677 0 678 0 679 0 680 0 681 0 682 0 683 0 684 0 685 0 686 0 687 0 688 0 689 0 690 0 691 0 692 0 693 0 694 0 695 0 696 0 697 0 698 0 699 0 700 0 701 0 702 0 703 0 704 0 705 0 706 0 707 0 708 0 709 0 710 0 711 0 712 0 713 0 714 0 715 0 716 0 717 0 718 0 719 0 720 0 721 0 722 0 723 0 724 0 725 0 726 0 727 0 728 0 729 0 730 0 731 0 732 0 733 0 734 0 735 0 736 0 737 0 738 0 739 0 740 0 741 0 742 0 743 0 744 0 745 0 746 0 747 0 748 0 749 0 750 0 751 0 752 0 753 0 754 0 755 0 756 0 757 0 758 0 759 0 760 0 761 0 762 0 763 0 764 0 765 0 766 0 767 0 768 0 769 0 770 0 771 0 772 0 773 0 774 0 775 0 776 0 777 0 778 0 779 0 780 0 781 0 782 0 783 0 784 0 785 0 786 0 787 0 788 0 789 0 790 0 791 0 792 0 793 0 794 0 795 0 796 0 797 0 798 0 799 0 800 0 801 0 802 0 803 0 804 0 805 0 806 0 807 0 808 0 809 0 810 0 811 0 812 0 813 0 814 0 815 0 816 0 817 0 818 0 819 0 820 0 821 0 822 0 823 0 824 0 825 0 826 0 827 0 828 0 829 0 830 0 831 0 832 0 833 0 834 0 835 0 836 0 837 0 838 0 839 0 840 0 841 0 842 0 843 0 844 0 845 0 846 0 847 0 848 0 849 0 850 0 851 0 852 0 853 0 854 0 855 0 856 0 857 0 858 0 859 0 860 0 861 0 862 0 863 0 864 0 865 0 866 0 867 0 868 0 869 0 870 0 871 0 872 0 873 0 874 0 875 0 876 0 877 0 878 0 879 0 880 0 881 0 882 0 883 0 884 0 885 0 886 0 887 0 888 0 889 0 890 0 891 0 892 0 893 0 894 0 895 0 896 0 897 0 898 0 899 0 900 0 901 0 902 0 903 0 904 0 905 0 906 0 907 0 908 0 909 0 910 0 911 0 912 0 913 0 914 0 915 0 916 0 917 0 918 0 919 0 920 0 921 0 922 0 923 0 924 0 925 0 926 0 927 0 928 0 929 0 930 0 931 0 932 0 933 0 934 0 935 0 936 0 937 0 938 0 939 0 940 0 941 0 942 0 943 0 944 0 945 0 946 0 947 0 948 0 949 0 950 0 951 0 952 0 953 0 954 0 955 0 956 0 957 0 958 0 959 0 960 0 961 0 962 0 963 0 964 0 965 0 966 0 967 0 968 0 969 0 970 0 971 0 972 0 973 0 974 0 975 0 976 0 977 0 978 0 979 0 980 0 981 0 982 0 983 0 984 0 985 0 986 0 987 0 988 0 989 0 990 0 991 0 992 0 993 0 994 0 995 0 996 0 997 0 998 0 999 0 1000 0 1001 0 1002 0 1003 0 1004 0 1005 0 1006 0 1007 0 1008 0 1009 0 1010 0 1011 0 1012 0 1013 0 1014 0 1015 0 1016 0 1017 0 1018 0 1019 0 1020 0 1021 0 1022 0 1023 0 1024 0 1025 0 1026 0 1027 0 1028 0 1029 0 1030 0 1031 0 1032 0 1033 0 1034 0 1035 0 1036 0 1037 0 1038 0 1039 0 1040 0 1041 0 1042 0 1043 0 1044 0 1045 0 1046 0 1047 0 1048 0 1049 0 1050 0 1051 0 1052 0 1053 0 1054 0 1055 0 1056 0 1057 0 1058 0 1059 0 1060 0 1061 0 1062 0 1063 0 1064 0 1065 0 1066 0 1067 0 1068 0 1069 0 1070 0 1071 0 1072 0 1073 0 1074 0 1075 0 1076 0 1077 0 1078 0 1079 0 1080 0 1081 0 1082 0 1083 0 1084 0 1085 0 1086 0 1087 0 1088 0 1089 0 1090 0 1091 0 1092 0 1093 0 1094 0 1095 0 1096 0 1097 0 1098 0 1099 0 1100 0 1101 0 1102 0 1103 0 1104 0 1105 0 1106 0 1107 0 1108 0 1109 0 1110 0 1111 0 1112 0 1113 0 1114 0 1115 0 1116 0 1117 0 1118 0 1119 0 1120 0 1121 0 1122 0 1123 0 1124 0 1125 0 1126 0 1127 0 1128 0 1129 0 1130 0 1131 0 1132 0 1133 0 1134 0 1135 0 1136 0 1137 0 1138 0 1139 0 1140 0 1141 0 1142 0 1143 0 1144 0 1145 0 1146 0 1147 0 1148 0 1149 0 1150 0 1151 0 1152 0 1153 0 1154 0 1155 0 1156 0 1157 0 1158 0 1159 0 1160 0 1161 0 1162 0 1163 0 1164 0 1165 0 1166 0 1167 0 1168 0 1169 0 1170 0 1171 0 1172 0 1173 0 1174 0 1175 0 1176 0 1177 0 1178 0 1179 0 1180 0 1181 0 1182 0 1183 0 1184 0 1185 0 1186 0 1187 0 1188 0 1189 0 1190 0 1191 0 1192 0 1193 0 1194 0 1195 0 1196 0 1197 0 1198 0 1199 0 1200 0 1201 0 1202 0 1203 0 1204 0 1205 0 1206 0 1207 0 1208 0 1209 0 1210 0 1211 0 1212 0 1213 0 1214 0 1215 0 1216 0 1217 0 1218 0 1219 0 1220 0 1221 0 1222 0 1223 0 1224 0 1225 0 1226 0 1227 0 1228 0 1229 0 1230 0 1231 0 1232 0 1233 0 1234 0 1235 0 1236 0 1237 0 1238 0 1239 0 1240 0 1241 0 1242 0 1243 0 1244 0 1245 0 1246 0 1247 0 1248 0 1249 0 1250 0 1251 0 1252 0 1253 0 1254 0 1255 0 1256 0 1257 0 1258 0 1259</v>
        </vertex_weights>
      </skin>
    </controller>
  </library_controllers>
  <library_visual_scenes>
    <visual_scene id="Scene" name="Scene">
      <node id="balloon_dread_Skin" name="balloon_dread_Skin" type="NODE">
        <matrix sid="transform">1 0 0 0 0 1 0 0 0 0 1 0 0 0 0 1</matrix>
        <node id="balloon_dread_Skin_Root" name="Root" sid="Root" type="JOINT">
          <matrix sid="transform">1 0 0 0.6400311 0 0.9999999 0 0.008515932 0 0 1 -0.001969337 0 0 0 1</matrix>
          <node id="balloon_dread_Skin_Dummy02" name="Dummy02" sid="Dummy02" type="JOINT">
            <matrix sid="transform">1 0 0 0 0 1 0 -13.22423 0 0 1 0 0 0 0 1</matrix>
            <extra>
              <technique profile="blender">
                <layer sid="layer" type="string">0</layer>
                <tip_x sid="tip_x" type="float">0</tip_x>
                <tip_y sid="tip_y" type="float">13.22422</tip_y>
                <tip_z sid="tip_z" type="float">0</tip_z>
              </technique>
            </extra>
          </node>
          <node id="balloon_dread_Skin_ammo_node_0" name="ammo node 0" sid="ammo_node_0" type="JOINT">
            <matrix sid="transform">1 0 0 0 0 1 0 -6.346791 0 0 1 -13.89124 0 0 0 1</matrix>
            <extra>
              <technique profile="blender">
                <layer sid="layer" type="string">0</layer>
                <tip_x sid="tip_x" type="float">0</tip_x>
                <tip_y sid="tip_y" type="float">13.22422</tip_y>
                <tip_z sid="tip_z" type="float">0</tip_z>
              </technique>
            </extra>
          </node>
          <node id="balloon_dread_Skin_pivot_node_0" name="pivot node 0" sid="pivot_node_0" type="JOINT">
            <matrix sid="transform">1 0 0 -0.6239463 0 1 0 73.14974 0 0 1 6.686359 0 0 0 1</matrix>
            <extra>
              <technique profile="blender">
                <layer sid="layer" type="string">0</layer>
                <tip_x sid="tip_x" type="float">0</tip_x>
                <tip_y sid="tip_y" type="float">13.22422</tip_y>
                <tip_z sid="tip_z" type="float">0</tip_z>
              </technique>
            </extra>
          </node>
          <extra>
            <technique profile="blender">
              <layer sid="layer" type="string">0</layer>
              <tip_x sid="tip_x" type="float">0</tip_x>
              <tip_y sid="tip_y" type="float">13.22422</tip_y>
              <tip_z sid="tip_z" type="float">0</tip_z>
            </technique>
          </extra>
        </node>
        <node id="feiting_guichuan" name="feiting.guichuan" type="NODE">
          <matrix sid="transform">1 0 0 0 0 1 0 0 0 0 1 0 0 0 0 1</matrix>
          <instance_controller url="#balloon_dread_Skin_feiting_guichuan-skin">
            <skeleton>#balloon_dread_Skin_Root</skeleton>
            <bind_material>
              <technique_common>
                <instance_material symbol="guichuan_Mat-material" target="#guichuan_Mat-material">
                  <bind_vertex_input semantic="UVMap" input_semantic="TEXCOORD" input_set="0"/>
                </instance_material>
              </technique_common>
            </bind_material>
          </instance_controller>
        </node>
      </node>
    </visual_scene>
  </library_visual_scenes>
  <scene>
    <instance_visual_scene url="#Scene"/>
  </scene>
</COLLADA>